country,iso2,year,value
Afghanistan,AFG,2000,0.00035678808
Afghanistan,AFG,2001,0.0010206599
Afghanistan,AFG,2002,0.00048929587
Afghanistan,AFG,2003,0.0
Afghanistan,AFG,2004,0.0
Afghanistan,AFG,2005,0.080602825
Afghanistan,AFG,2006,0.0
Afghanistan,AFG,2007,0.0
Afghanistan,AFG,2008,0.0
Afghanistan,AFG,2009,0.1610805
Afghanistan,AFG,2010,0.0
Afghanistan,AFG,2011,0.7975244
Afghanistan,AFG,2012,0.0
Afghanistan,AFG,2013,0.0
Afghanistan,AFG,2014,0.014636196
Afghanistan,AFG,2015,0.0
Afghanistan,AFG,2016,0.0
Afghanistan,AFG,2017,0.0
Afghanistan,AFG,2018,0.0
Afghanistan,AFG,2019,0.0
Afghanistan,AFG,2020,0.0
Afghanistan,AFG,2021,0.0
Afghanistan,AFG,2022,0.0
Afghanistan,AFG,2023,0.0
Afghanistan,AFG,2024,0.0
Albania,ALB,1985,0.0
Albania,ALB,1989,0.0
Albania,ALB,1990,0.0
Albania,ALB,1991,0.0
Albania,ALB,1992,1.0733316
Albania,ALB,1995,0.0
Albania,ALB,1997,0.0
Albania,ALB,2002,0.38759664
Albania,ALB,2004,0.0023357403
Albania,ALB,2005,0.0
Albania,ALB,2007,0.0
Albania,ALB,2009,0.0
Albania,ALB,2010,0.0
Albania,ALB,2012,0.0
Albania,ALB,2013,0.0
Albania,ALB,2015,0.0
Albania,ALB,2016,0.0
Albania,ALB,2017,0.06712792
Albania,ALB,2018,0.0
Albania,ALB,2021,0.0
Albania,ALB,2022,0.0
Albania,ALB,2023,0.0
Albania,ALB,2025,0.0
Algeria,DZA,1963,0.0
Algeria,DZA,1966,0.3289626
Algeria,DZA,1967,0.08899779
Algeria,DZA,1969,0.23489323
Algeria,DZA,1973,0.114838794
Algeria,DZA,1974,0.22710289
Algeria,DZA,1979,0.0
Algeria,DZA,1981,0.0
Algeria,DZA,1982,0.0
Algeria,DZA,1984,0.0
Algeria,DZA,1985,0.0
Algeria,DZA,1988,0.0
Algeria,DZA,1992,0.0018748776
Algeria,DZA,1993,0.0
Algeria,DZA,1994,0.0
Algeria,DZA,1996,0.0
Algeria,DZA,1997,0.0
Algeria,DZA,1999,0.0
Algeria,DZA,2000,0.0
Algeria,DZA,2001,0.5049366
Algeria,DZA,2002,0.002438386
Algeria,DZA,2003,0.0
Algeria,DZA,2004,0.0
Algeria,DZA,2005,0.006778355
Algeria,DZA,2006,0.0009749419
Algeria,DZA,2007,0.030221906
Algeria,DZA,2008,0.19292194
Algeria,DZA,2009,0.0
Algeria,DZA,2011,0.35679615
Algeria,DZA,2012,0.0
Algeria,DZA,2015,0.0
Algeria,DZA,2017,0.0
Algeria,DZA,2018,0.0
Algeria,DZA,2019,0.0
Algeria,DZA,2021,0.0
Algeria,DZA,2022,0.0
Algeria,DZA,2023,0.0
Algeria,DZA,2024,0.0
Algeria,DZA,2025,0.0
Angola,AGO,1981,0.0
Angola,AGO,1985,0.0
Angola,AGO,1989,0.0
Angola,AGO,1990,0.0
Angola,AGO,1991,0.0
Angola,AGO,1992,0.0
Angola,AGO,1997,0.0
Angola,AGO,1998,0.0
Angola,AGO,2000,0.10953388
Angola,AGO,2001,0.0
Angola,AGO,2003,0.0
Angola,AGO,2004,0.0
Angola,AGO,2005,0.0
Angola,AGO,2006,0.0
Angola,AGO,2007,0.0
Angola,AGO,2008,0.0
Angola,AGO,2009,0.0
Angola,AGO,2010,0.0
Angola,AGO,2011,0.0
Angola,AGO,2012,0.0
Angola,AGO,2013,0.0
Angola,AGO,2015,0.0
Angola,AGO,2016,0.0
Angola,AGO,2017,0.002335641
Angola,AGO,2018,0.0
Angola,AGO,2019,0.0
Angola,AGO,2020,0.0
Angola,AGO,2021,0.0
Angola,AGO,2022,0.0
Angola,AGO,2023,0.0
Angola,AGO,2024,0.0
Angola,AGO,2025,0.0
Antigua and Barbuda,ATG,1983,0.0
Antigua and Barbuda,ATG,1989,17.575693
Antigua and Barbuda,ATG,1990,0.0
Antigua and Barbuda,ATG,1995,56.8134
Antigua and Barbuda,ATG,1998,12.661612
Antigua and Barbuda,ATG,1999,0.0
Antigua and Barbuda,ATG,2008,0.0
Antigua and Barbuda,ATG,2010,0.9704639
Antigua and Barbuda,ATG,2017,16.288177
Argentina,ARG,1966,0.10478345
Argentina,ARG,1967,0.012367734
Argentina,ARG,1970,0.07915348
Argentina,ARG,1972,0.0
Argentina,ARG,1973,0.000114190014
Argentina,ARG,1974,0.0
Argentina,ARG,1975,0.0
Argentina,ARG,1977,0.0
Argentina,ARG,1978,0.0
Argentina,ARG,1979,0.0
Argentina,ARG,1980,0.0
Argentina,ARG,1982,0.0
Argentina,ARG,1983,1.731117
Argentina,ARG,1985,1.7356603
Argentina,ARG,1986,0.0
Argentina,ARG,1987,0.101092827
Argentina,ARG,1988,0.38616052
Argentina,ARG,1990,0.0
Argentina,ARG,1992,0.22292264
Argentina,ARG,1993,0.482382264
Argentina,ARG,1994,0.0
Argentina,ARG,1995,0.0
Argentina,ARG,1997,0.0
Argentina,ARG,1998,0.36795667
Argentina,ARG,1999,0.0
Argentina,ARG,2000,0.105558075
Argentina,ARG,2001,0.2847075616
Argentina,ARG,2002,0.0
Argentina,ARG,2003,0.89994299
Argentina,ARG,2004,0.0
Argentina,ARG,2005,0.0
Argentina,ARG,2006,0.0
Argentina,ARG,2007,0.013911568
Argentina,ARG,2008,0.0
Argentina,ARG,2009,0.0
Argentina,ARG,2010,0.0
Argentina,ARG,2012,0.002197873
Argentina,ARG,2013,0.23585882235
Argentina,ARG,2014,0.011779913
Argentina,ARG,2015,0.002891975
Argentina,ARG,2016,0.17972052
Argentina,ARG,2017,0.0
Argentina,ARG,2018,0.6478413
Argentina,ARG,2019,0.0
Argentina,ARG,2020,0.0025924162
Argentina,ARG,2021,0.0
Argentina,ARG,2022,0.1214523
Argentina,ARG,2023,0.019246709
Argentina,ARG,2024,0.03916252
Argentina,ARG,2025,0.054896962
Armenia,ARM,1997,0.4879559
Armenia,ARM,1998,0.0063367123
Armenia,ARM,2000,5.2313194
Armenia,ARM,2004,0.0
Armenia,ARM,2013,0.5394973
Armenia,ARM,2014,0.0
Armenia,ARM,2018,0.01462521
Armenia,ARM,2019,0.0
Armenia,ARM,2020,0.0
Armenia,ARM,2023,0.0
Armenia,ARM,2024,0.19263907
Armenia,ARM,2025,0.0
Australia,AUS,1967,0.88008956
Australia,AUS,1968,0.6129330894999999
Australia,AUS,1969,0.54538524
Australia,AUS,1970,0.17508066
Australia,AUS,1971,0.307436327
Australia,AUS,1973,0.055535458
Australia,AUS,1974,1.2776263540000001
Australia,AUS,1975,0.0
Australia,AUS,1976,0.036141273
Australia,AUS,1977,0.0019619074
Australia,AUS,1978,0.860191308
Australia,AUS,1979,0.023158738
Australia,AUS,1981,1.6998280494
Australia,AUS,1982,1.559817457
Australia,AUS,1983,0.22532201
Australia,AUS,1984,0.0015483877
Australia,AUS,1985,0.085794563
Australia,AUS,1986,0.138612602
Australia,AUS,1988,0.0086344015
Australia,AUS,1989,0.03593867
Australia,AUS,1990,0.120397326
Australia,AUS,1991,0.16243429814000002
Australia,AUS,1992,0.12862531900000002
Australia,AUS,1993,0.1570324257
Australia,AUS,1994,0.220817163
Australia,AUS,1995,0.193893623
Australia,AUS,1996,0.232815984
Australia,AUS,1997,0.0015355635
Australia,AUS,1998,0.09591331
Australia,AUS,1999,0.5626521
Australia,AUS,2000,0.09954379
Australia,AUS,2001,0.0680910586
Australia,AUS,2002,0.5328990250000001
Australia,AUS,2003,0.10031649000000001
Australia,AUS,2004,0.018273576
Australia,AUS,2005,0.0200915165
Australia,AUS,2006,0.17104705
Australia,AUS,2007,0.163436151
Australia,AUS,2008,0.23761199
Australia,AUS,2009,0.162058612
Australia,AUS,2010,0.3510137
Australia,AUS,2011,0.6156595603
Australia,AUS,2012,0.037868824
Australia,AUS,2013,0.14939344999999998
Australia,AUS,2014,0.07628789200000001
Australia,AUS,2015,0.201355267
Australia,AUS,2016,0.0524105501
Australia,AUS,2017,0.2411918831
Australia,AUS,2018,0.0845273874
Australia,AUS,2019,0.23890017
Australia,AUS,2020,0.34194974499999997
Australia,AUS,2021,0.213697467
Australia,AUS,2022,0.49810466
Australia,AUS,2023,0.0
Australia,AUS,2024,0.030589452
Australia,AUS,2025,0.2114259787
Austria,AUT,1980,0.0
Austria,AUT,1983,0.0
Austria,AUT,1984,0.0
Austria,AUT,1985,0.0
Austria,AUT,1990,0.15077373
Austria,AUT,1991,0.063542145
Austria,AUT,1993,0.0005273315
Austria,AUT,1994,0.0009864948
Austria,AUT,1996,0.00211907
Austria,AUT,1997,0.08265446
Austria,AUT,1999,0.014785941
Austria,AUT,2000,0.010194636
Austria,AUT,2002,1.1299714132
Austria,AUT,2003,0.107370265
Austria,AUT,2005,0.2229638
Austria,AUT,2006,0.0
Austria,AUT,2007,0.10342327
Austria,AUT,2008,0.11648647
Austria,AUT,2009,0.175311134
Austria,AUT,2012,0.0
Austria,AUT,2013,0.23442234
Austria,AUT,2016,0.0
Austria,AUT,2017,0.028438797
Austria,AUT,2019,0.0
Austria,AUT,2020,0.0
Austria,AUT,2021,0.0
Austria,AUT,2022,0.0
Austria,AUT,2023,0.0
Austria,AUT,2024,0.0
Azerbaijan,AZE,1995,0.67016053
Azerbaijan,AZE,1997,0.63093674
Azerbaijan,AZE,2000,1.8965919
Azerbaijan,AZE,2003,0.75586694
Azerbaijan,AZE,2009,0.0
Azerbaijan,AZE,2010,0.0
Azerbaijan,AZE,2012,0.0
Bahamas,BHS,1963,0.6311802
Bahamas,BHS,1965,0.23312193
Bahamas,BHS,1966,4.4694347
Bahamas,BHS,1988,0.0
Bahamas,BHS,1990,0.0
Bahamas,BHS,1992,8.041171
Bahamas,BHS,1995,0.011665208
Bahamas,BHS,1999,5.856424
Bahamas,BHS,2001,3.60671
Bahamas,BHS,2004,17.117065
Bahamas,BHS,2005,0.0
Bahamas,BHS,2007,0.0
Bahamas,BHS,2008,0.0
Bahamas,BHS,2011,0.39720172
Bahamas,BHS,2012,0.0
Bahamas,BHS,2013,0.42958197
Bahamas,BHS,2015,0.76028925
Bahamas,BHS,2016,5.0501223
Bahamas,BHS,2017,0.016068257
Bahamas,BHS,2019,25.608194
Bangladesh,BGD,1960,0.0
Bangladesh,BGD,1961,0.24701196
Bangladesh,BGD,1963,0.9399453
Bangladesh,BGD,1964,0.0974739463
Bangladesh,BGD,1965,0.97686726
Bangladesh,BGD,1966,0.36337166299999996
Bangladesh,BGD,1967,0.0
Bangladesh,BGD,1968,2.6845062
Bangladesh,BGD,1969,0.09832362
Bangladesh,BGD,1970,1.2387795000000001
Bangladesh,BGD,1971,0.0
Bangladesh,BGD,1972,0.0
Bangladesh,BGD,1973,0.0
Bangladesh,BGD,1974,4.6289854
Bangladesh,BGD,1976,0.0019867327
Bangladesh,BGD,1977,0.518073
Bangladesh,BGD,1978,0.0
Bangladesh,BGD,1979,0.0
Bangladesh,BGD,1980,0.82699084
Bangladesh,BGD,1981,0.0
Bangladesh,BGD,1982,0.0
Bangladesh,BGD,1983,0.0
Bangladesh,BGD,1984,0.0
Bangladesh,BGD,1985,0.22443241
Bangladesh,BGD,1986,0.0
Bangladesh,BGD,1987,4.3522043
Bangladesh,BGD,1988,8.04018
Bangladesh,BGD,1989,0.056285735
Bangladesh,BGD,1990,0.01898834
Bangladesh,BGD,1991,6.2343565199999995
Bangladesh,BGD,1992,0.0
Bangladesh,BGD,1993,0.0
Bangladesh,BGD,1994,0.37756902
Bangladesh,BGD,1995,3.0978065999999997
Bangladesh,BGD,1996,0.021533864
Bangladesh,BGD,1997,0.47466737
Bangladesh,BGD,1998,8.602656
Bangladesh,BGD,1999,0.0
Bangladesh,BGD,2000,0.93685967
Bangladesh,BGD,2001,0.0
Bangladesh,BGD,2002,0.0
Bangladesh,BGD,2003,0.0
Bangladesh,BGD,2004,3.3789728
Bangladesh,BGD,2005,0.0
Bangladesh,BGD,2006,0.0
Bangladesh,BGD,2007,3.03221964
Bangladesh,BGD,2008,0.0
Bangladesh,BGD,2009,0.2634785
Bangladesh,BGD,2010,0.0
Bangladesh,BGD,2011,0.0
Bangladesh,BGD,2012,0.0
Bangladesh,BGD,2013,0.013333426
Bangladesh,BGD,2014,0.09254621
Bangladesh,BGD,2015,0.043044559999999996
Bangladesh,BGD,2016,0.282779276
Bangladesh,BGD,2017,0.21380001
Bangladesh,BGD,2018,0.0
Bangladesh,BGD,2019,0.0230004911
Bangladesh,BGD,2020,0.53478876
Bangladesh,BGD,2021,0.0
Bangladesh,BGD,2022,0.1005147
Bangladesh,BGD,2023,0.057382535
Bangladesh,BGD,2024,0.062272362
Bangladesh,BGD,2025,0.010957241
Barbados,BRB,1970,0.3008239
Barbados,BRB,1980,0.14818026
Barbados,BRB,1984,0.0
Barbados,BRB,1987,5.8672695
Barbados,BRB,1995,0.0
Barbados,BRB,2002,0.0064381137
Barbados,BRB,2004,0.14515895
Barbados,BRB,2010,0.0
Barbados,BRB,2017,0.0
Barbados,BRB,2021,0.0
Barbados,BRB,2023,0.0
Barbados,BRB,2024,0.0
Belarus,BLR,1993,0.61443657
Belarus,BLR,1996,0.0
Belarus,BLR,1997,0.23357196
Belarus,BLR,1999,0.036083575
Belarus,BLR,2000,0.23789228
Belarus,BLR,2006,0.0
Belarus,BLR,2007,0.022086898
Belarus,BLR,2012,0.0
Belarus,BLR,2013,0.0
Belarus,BLR,2014,0.0
Belarus,BLR,2017,0.0
Belarus,BLR,2018,0.0
Belarus,BLR,2023,0.0
Belgium,BEL,1963,0.0
Belgium,BEL,1967,0.0
Belgium,BEL,1971,0.0
Belgium,BEL,1976,0.0
Belgium,BEL,1984,0.0
Belgium,BEL,1985,0.0
Belgium,BEL,1990,0.4772764
Belgium,BEL,1993,0.006982993
Belgium,BEL,1994,0.0005340048
Belgium,BEL,1995,0.03471914
Belgium,BEL,1998,0.00406145019
Belgium,BEL,1999,0.019549597
Belgium,BEL,2002,0.0019351073
Belgium,BEL,2003,0.0
Belgium,BEL,2005,0.0
Belgium,BEL,2006,0.0
Belgium,BEL,2007,0.0955572
Belgium,BEL,2008,0.0
Belgium,BEL,2009,0.0
Belgium,BEL,2010,0.082678977
Belgium,BEL,2011,0.018778572
Belgium,BEL,2012,0.0
Belgium,BEL,2013,0.0
Belgium,BEL,2014,0.0
Belgium,BEL,2015,0.0
Belgium,BEL,2016,0.0
Belgium,BEL,2018,0.0
Belgium,BEL,2019,0.0
Belgium,BEL,2020,0.0
Belgium,BEL,2021,0.33415624
Belgium,BEL,2022,0.0
Belgium,BEL,2023,0.0
Belgium,BEL,2024,0.0
Belize,BLZ,1961,200.23361
Belize,BLZ,1974,4.652946
Belize,BLZ,1978,4.4020543
Belize,BLZ,1979,0.0
Belize,BLZ,1990,0.81389894
Belize,BLZ,1995,0.06108062
Belize,BLZ,1998,0.005381859
Belize,BLZ,2000,24.378412
Belize,BLZ,2001,21.330236
Belize,BLZ,2005,0.0
Belize,BLZ,2007,0.87018424
Belize,BLZ,2008,0.5577946
Belize,BLZ,2010,0.0
Belize,BLZ,2015,0.0
Belize,BLZ,2016,0.0
Belize,BLZ,2020,0.0
Belize,BLZ,2022,3.5129576
Belize,BLZ,2024,0.0
Benin,BEN,1970,0.05994706
Benin,BEN,1972,0.0
Benin,BEN,1973,0.0
Benin,BEN,1974,0.0
Benin,BEN,1975,0.0
Benin,BEN,1978,0.0
Benin,BEN,1982,0.0
Benin,BEN,1983,0.019792976
Benin,BEN,1984,0.020625534
Benin,BEN,1985,0.47980630599999996
Benin,BEN,1988,0.0
Benin,BEN,1991,0.0
Benin,BEN,1994,0.0
Benin,BEN,1995,0.14288169
Benin,BEN,1996,0.0
Benin,BEN,1997,0.0
Benin,BEN,1998,0.0
Benin,BEN,1999,0.0058465316
Benin,BEN,2007,0.0
Benin,BEN,2008,0.0
Benin,BEN,2009,0.0
Benin,BEN,2010,0.0
Benin,BEN,2011,0.0
Benin,BEN,2012,0.0
Benin,BEN,2013,0.0
Benin,BEN,2020,0.0
Benin,BEN,2021,0.0
Benin,BEN,2022,0.0
Benin,BEN,2024,0.0
Benin,BEN,2025,0.0
Bhutan,BTN,1994,0.0
Bhutan,BTN,1999,0.87650937
Bhutan,BTN,2000,0.0
Bhutan,BTN,2004,0.0
Bhutan,BTN,2009,0.0
Bhutan,BTN,2021,0.0
Bolivia,BOL,1965,0.01654596
Bolivia,BOL,1966,0.09235019
Bolivia,BOL,1968,0.34968603
Bolivia,BOL,1974,0.4999405
Bolivia,BOL,1977,0.30984345
Bolivia,BOL,1978,0.0
Bolivia,BOL,1980,0.0
Bolivia,BOL,1982,7.150357
Bolivia,BOL,1983,17.806770399999998
Bolivia,BOL,1984,0.0
Bolivia,BOL,1985,0.0
Bolivia,BOL,1986,1.2628231
Bolivia,BOL,1987,0.0
Bolivia,BOL,1988,1.0527203
Bolivia,BOL,1990,0.0
Bolivia,BOL,1992,3.5436685
Bolivia,BOL,1994,0.0
Bolivia,BOL,1997,0.8831986
Bolivia,BOL,1999,0.0
Bolivia,BOL,2000,0.0
Bolivia,BOL,2001,1.4862095
Bolivia,BOL,2002,1.2649446
Bolivia,BOL,2003,0.003866426
Bolivia,BOL,2004,0.007836141
Bolivia,BOL,2005,0.0
Bolivia,BOL,2006,0.3056276
Bolivia,BOL,2007,1.638706
Bolivia,BOL,2008,2.2489731
Bolivia,BOL,2009,0.0
Bolivia,BOL,2010,0.508913
Bolivia,BOL,2011,0.08346143
Bolivia,BOL,2012,0.0
Bolivia,BOL,2013,0.008154122
Bolivia,BOL,2014,0.0
Bolivia,BOL,2015,0.0
Bolivia,BOL,2016,1.3258252
Bolivia,BOL,2018,0.0
Bolivia,BOL,2019,0.0
Bolivia,BOL,2020,0.02363296
Bolivia,BOL,2021,0.0
Bolivia,BOL,2022,0.0
Bolivia,BOL,2023,0.0
Bolivia,BOL,2024,0.18221134
Bolivia,BOL,2025,0.05558219
Bosnia Herzegovina,BIH,1999,0.0
Bosnia Herzegovina,BIH,2000,2.8377595
Bosnia Herzegovina,BIH,2001,0.0
Bosnia Herzegovina,BIH,2003,1.6472731
Bosnia Herzegovina,BIH,2004,0.0
Bosnia Herzegovina,BIH,2005,0.0
Bosnia Herzegovina,BIH,2007,0.0
Bosnia Herzegovina,BIH,2009,0.0
Bosnia Herzegovina,BIH,2010,0.5065114
Bosnia Herzegovina,BIH,2012,0.0
Bosnia Herzegovina,BIH,2014,2.3524234
Bosnia Herzegovina,BIH,2015,0.0
Bosnia Herzegovina,BIH,2019,0.0
Bosnia Herzegovina,BIH,2020,0.0
Bosnia Herzegovina,BIH,2021,0.0
Bosnia Herzegovina,BIH,2022,0.0
Bosnia Herzegovina,BIH,2023,0.0
Bosnia Herzegovina,BIH,2024,0.03362773
Bosnia Herzegovina,BIH,2025,0.0
Botswana,BWA,1965,0.0
Botswana,BWA,1968,1.5094695
Botswana,BWA,1970,2.0780683
Botswana,BWA,1972,0.03040236
Botswana,BWA,1982,0.0
Botswana,BWA,1983,0.0
Botswana,BWA,1984,0.0
Botswana,BWA,1985,0.0
Botswana,BWA,1986,0.0
Botswana,BWA,1987,0.0
Botswana,BWA,1988,0.0
Botswana,BWA,1992,0.0
Botswana,BWA,1995,0.0
Botswana,BWA,2000,0.086380705
Botswana,BWA,2004,0.0
Botswana,BWA,2009,0.0
Botswana,BWA,2011,0.0
Botswana,BWA,2013,0.0
Botswana,BWA,2015,0.32518524
Botswana,BWA,2017,0.0
Botswana,BWA,2018,0.0
Botswana,BWA,2019,0.0
Botswana,BWA,2023,0.0
Botswana,BWA,2024,0.0
Botswana,BWA,2025,0.0
Brazil,BRA,1964,0.0023850712
Brazil,BRA,1965,0.07567151
Brazil,BRA,1966,0.21537073
Brazil,BRA,1967,0.049217682
Brazil,BRA,1968,0.0
Brazil,BRA,1969,0.015522586
Brazil,BRA,1970,0.1089122221
Brazil,BRA,1971,0.010640511
Brazil,BRA,1973,0.019140525
Brazil,BRA,1974,0.11020587
Brazil,BRA,1975,0.6616691
Brazil,BRA,1977,0.0
Brazil,BRA,1978,1.1484001
Brazil,BRA,1979,0.0
Brazil,BRA,1980,0.0
Brazil,BRA,1981,0.0
Brazil,BRA,1982,0.0
Brazil,BRA,1983,0.18454416
Brazil,BRA,1984,1.0619094
Brazil,BRA,1985,0.403547335
Brazil,BRA,1986,0.0
Brazil,BRA,1987,0.021903727
Brazil,BRA,1988,0.33454382
Brazil,BRA,1989,0.0
Brazil,BRA,1990,0.0
Brazil,BRA,1991,0.0005838835
Brazil,BRA,1992,0.007861254
Brazil,BRA,1994,0.103736522
Brazil,BRA,1995,0.00038994814
Brazil,BRA,1996,0.0
Brazil,BRA,1997,0.0
Brazil,BRA,1998,0.01035322
Brazil,BRA,1999,0.011603277
Brazil,BRA,2000,0.0
Brazil,BRA,2001,0.008035949
Brazil,BRA,2002,0.0
Brazil,BRA,2003,0.020773191
Brazil,BRA,2004,0.14345576799999998
Brazil,BRA,2005,0.13764313
Brazil,BRA,2006,0.0
Brazil,BRA,2007,0.008947012
Brazil,BRA,2008,0.06545371
Brazil,BRA,2009,0.03599288
Brazil,BRA,2010,0.036308687
Brazil,BRA,2011,0.03826224
Brazil,BRA,2012,0.043617988600000004
Brazil,BRA,2013,0.043615513
Brazil,BRA,2014,0.0805698315
Brazil,BRA,2015,0.09261650945
Brazil,BRA,2016,0.104121778
Brazil,BRA,2017,0.0048461
Brazil,BRA,2018,0.002764832
Brazil,BRA,2019,0.0
Brazil,BRA,2020,0.2438847214
Brazil,BRA,2021,0.20573432400000002
Brazil,BRA,2022,0.26880682
Brazil,BRA,2023,0.175763047
Brazil,BRA,2024,0.6226491700000001
Brazil,BRA,2025,0.2114986461
Brunei,BRN,1998,0.036030542
Bulgaria,BGR,1981,0.0
Bulgaria,BGR,1993,0.0
Bulgaria,BGR,1997,0.0
Bulgaria,BGR,1998,0.0
Bulgaria,BGR,1999,0.0
Bulgaria,BGR,2000,0.13324103337
Bulgaria,BGR,2001,0.0
Bulgaria,BGR,2002,0.0060961186
Bulgaria,BGR,2005,1.5299538
Bulgaria,BGR,2006,0.0
Bulgaria,BGR,2007,0.0055228574
Bulgaria,BGR,2008,0.0
Bulgaria,BGR,2010,0.0
Bulgaria,BGR,2012,0.008103156
Bulgaria,BGR,2014,1.63268684
Bulgaria,BGR,2015,0.011424405
Bulgaria,BGR,2017,0.0
Bulgaria,BGR,2018,0.0
Bulgaria,BGR,2021,0.0
Bulgaria,BGR,2022,0.051927514
Bulgaria,BGR,2023,0.0
Bulgaria,BGR,2024,0.0
Bulgaria,BGR,2025,0.0
Burkina Faso,BFA,1966,0.0
Burkina Faso,BFA,1969,0.0
Burkina Faso,BFA,1970,0.0
Burkina Faso,BFA,1971,0.0
Burkina Faso,BFA,1972,0.0
Burkina Faso,BFA,1973,0.0
Burkina Faso,BFA,1974,0.0
Burkina Faso,BFA,1975,0.0
Burkina Faso,BFA,1977,0.0
Burkina Faso,BFA,1978,0.0
Burkina Faso,BFA,1980,0.0
Burkina Faso,BFA,1981,0.0
Burkina Faso,BFA,1982,0.0
Burkina Faso,BFA,1983,0.0
Burkina Faso,BFA,1984,0.0
Burkina Faso,BFA,1985,0.0
Burkina Faso,BFA,1988,0.0
Burkina Faso,BFA,1990,0.0
Burkina Faso,BFA,1994,0.0
Burkina Faso,BFA,1995,0.0
Burkina Faso,BFA,1996,0.0
Burkina Faso,BFA,1998,0.0
Burkina Faso,BFA,1999,0.0
Burkina Faso,BFA,2001,0.0
Burkina Faso,BFA,2003,0.0
Burkina Faso,BFA,2006,0.0
Burkina Faso,BFA,2007,0.0
Burkina Faso,BFA,2008,0.0
Burkina Faso,BFA,2009,1.5871845
Burkina Faso,BFA,2010,0.0017409162
Burkina Faso,BFA,2011,0.0
Burkina Faso,BFA,2012,0.0
Burkina Faso,BFA,2013,0.0
Burkina Faso,BFA,2014,0.0
Burkina Faso,BFA,2015,0.26199782
Burkina Faso,BFA,2016,0.0
Burkina Faso,BFA,2017,0.0
Burkina Faso,BFA,2020,0.0
Burkina Faso,BFA,2022,0.0
Burkina Faso,BFA,2024,0.0
Burundi,BDI,1989,0.0
Burundi,BDI,1999,0.0
Burundi,BDI,2000,0.0
Burundi,BDI,2001,0.0
Burundi,BDI,2002,0.0
Burundi,BDI,2003,0.0
Burundi,BDI,2004,0.0
Burundi,BDI,2005,0.0
Burundi,BDI,2006,0.0
Burundi,BDI,2007,0.0
Burundi,BDI,2008,0.0
Burundi,BDI,2009,0.0
Burundi,BDI,2010,0.0
Burundi,BDI,2011,0.0
Burundi,BDI,2014,0.073914565
Burundi,BDI,2015,0.30339018
Burundi,BDI,2016,0.17085408
Burundi,BDI,2018,0.0
Burundi,BDI,2019,0.0
Burundi,BDI,2020,0.0
Burundi,BDI,2021,0.0
Burundi,BDI,2023,0.0
Burundi,BDI,2024,0.0
Cambodia,KHM,1987,0.0
Cambodia,KHM,1991,7.299362
Cambodia,KHM,1994,0.8112494
Cambodia,KHM,1995,1.1224071
Cambodia,KHM,1996,1.14723841
Cambodia,KHM,1997,0.00029040952
Cambodia,KHM,1999,0.014215682
Cambodia,KHM,2000,4.33115
Cambodia,KHM,2001,0.36182365
Cambodia,KHM,2002,0.8464357562
Cambodia,KHM,2004,0.0
Cambodia,KHM,2005,0.0
Cambodia,KHM,2006,0.0
Cambodia,KHM,2007,0.009873699
Cambodia,KHM,2009,0.0
Cambodia,KHM,2010,0.5069278
Cambodia,KHM,2011,3.2496245
Cambodia,KHM,2012,0.0
Cambodia,KHM,2013,2.5243428
Cambodia,KHM,2014,0.009073808
Cambodia,KHM,2015,0.0
Cambodia,KHM,2016,0.0
Cambodia,KHM,2018,0.0
Cambodia,KHM,2019,0.0
Cambodia,KHM,2020,0.28720716
Cambodia,KHM,2021,0.0
Cambodia,KHM,2022,0.0
Cambodia,KHM,2023,0.0
Cambodia,KHM,2024,0.0
Cambodia,KHM,2025,0.0
Cameroon,CMR,1971,0.121266864
Cameroon,CMR,1988,0.0
Cameroon,CMR,1990,0.0
Cameroon,CMR,1991,0.0
Cameroon,CMR,1994,0.0
Cameroon,CMR,1999,0.0
Cameroon,CMR,2000,0.0
Cameroon,CMR,2001,0.0
Cameroon,CMR,2005,0.0
Cameroon,CMR,2007,0.0
Cameroon,CMR,2008,0.0
Cameroon,CMR,2010,0.0
Cameroon,CMR,2012,0.006632386
Cameroon,CMR,2013,0.0
Cameroon,CMR,2014,0.0
Cameroon,CMR,2015,0.0
Cameroon,CMR,2017,0.0
Cameroon,CMR,2020,0.0
Cameroon,CMR,2022,0.033824
Cameroon,CMR,2023,0.0
Cameroon,CMR,2024,0.0
Canada,CAN,1961,0.0
Canada,CAN,1962,0.0
Canada,CAN,1966,0.0
Canada,CAN,1970,0.0
Canada,CAN,1971,0.001003951
Canada,CAN,1972,0.0
Canada,CAN,1974,0.009009055
Canada,CAN,1975,0.0014333238
Canada,CAN,1977,0.35299
Canada,CAN,1978,0.34165484
Canada,CAN,1979,0.3150941615
Canada,CAN,1980,0.2735095
Canada,CAN,1981,0.025712242
Canada,CAN,1982,0.0
Canada,CAN,1983,0.016965698
Canada,CAN,1984,0.22500426
Canada,CAN,1985,0.085849378
Canada,CAN,1986,0.007915424
Canada,CAN,1987,0.103893887
Canada,CAN,1988,0.1619615863
Canada,CAN,1989,0.7404639
Canada,CAN,1990,0.0014259936
Canada,CAN,1991,0.08162896
Canada,CAN,1992,0.089267715
Canada,CAN,1993,0.27448305
Canada,CAN,1994,0.000517291
Canada,CAN,1995,0.043369121
Canada,CAN,1996,0.115713727711
Canada,CAN,1997,0.0198476992
Canada,CAN,1998,0.2365933
Canada,CAN,1999,1.4740257e-05
Canada,CAN,2000,0.0017454973
Canada,CAN,2001,0.0
Canada,CAN,2002,0.0
Canada,CAN,2003,0.0770483045
Canada,CAN,2004,0.0292200855
Canada,CAN,2005,0.030431708
Canada,CAN,2006,0.0
Canada,CAN,2007,0.0
Canada,CAN,2008,0.0
Canada,CAN,2009,0.036373485
Canada,CAN,2011,0.128252616
Canada,CAN,2012,0.0592881205
Canada,CAN,2013,0.39586614600000003
Canada,CAN,2014,0.0071438393
Canada,CAN,2015,0.0
Canada,CAN,2016,0.26178074
Canada,CAN,2017,0.012126581
Canada,CAN,2018,0.018836968
Canada,CAN,2019,0.06164949
Canada,CAN,2020,0.15099473000000002
Canada,CAN,2021,0.1041304893
Canada,CAN,2022,0.009770228200000002
Canada,CAN,2023,0.0166166357
Canada,CAN,2024,0.39425990600000005
Canada,CAN,2025,0.0
Cape Verde,CPV,1982,2.1332471
Cape Verde,CPV,1983,0.0
Cape Verde,CPV,1984,0.0
Cape Verde,CPV,1985,0.0
Cape Verde,CPV,1992,0.0
Cape Verde,CPV,1998,0.0
Cape Verde,CPV,2002,0.0
Cape Verde,CPV,2009,0.0
Cape Verde,CPV,2015,0.062862255
Cape Verde,CPV,2017,0.0
Cape Verde,CPV,2020,0.0
Cape Verde,CPV,2022,0.0
Cape Verde,CPV,2025,0.0
Central African Republic,CAF,1973,0.0
Central African Republic,CAF,1981,0.017990695
Central African Republic,CAF,1983,0.0
Central African Republic,CAF,1984,0.0
Central African Republic,CAF,1995,0.0
Central African Republic,CAF,1996,0.0
Central African Republic,CAF,1998,0.0
Central African Republic,CAF,1999,0.0
Central African Republic,CAF,2001,0.0
Central African Republic,CAF,2002,0.0
Central African Republic,CAF,2003,0.0
Central African Republic,CAF,2004,0.0
Central African Republic,CAF,2005,0.0
Central African Republic,CAF,2007,0.0
Central African Republic,CAF,2008,0.0
Central African Republic,CAF,2009,0.0
Central African Republic,CAF,2010,0.0
Central African Republic,CAF,2011,0.0
Central African Republic,CAF,2012,0.0
Central African Republic,CAF,2013,0.0
Central African Republic,CAF,2015,0.0
Central African Republic,CAF,2017,0.0
Central African Republic,CAF,2019,0.0
Central African Republic,CAF,2021,0.0
Central African Republic,CAF,2022,0.0
Central African Republic,CAF,2023,0.0
Central African Republic,CAF,2024,5.2698636
Central African Republic,CAF,2025,0.0
Chad,TCD,1966,0.0
Chad,TCD,1969,0.47914955
Chad,TCD,1970,1.9105701
Chad,TCD,1971,1.7864643
Chad,TCD,1972,1.5314739
Chad,TCD,1973,1.3853024
Chad,TCD,1974,1.3739799
Chad,TCD,1975,1.0369706
Chad,TCD,1976,1.035243
Chad,TCD,1977,0.95852566
Chad,TCD,1978,0.80928606
Chad,TCD,1981,0.0
Chad,TCD,1982,0.0
Chad,TCD,1983,0.0
Chad,TCD,1984,0.0
Chad,TCD,1985,0.0
Chad,TCD,1988,0.010589524
Chad,TCD,1991,0.0
Chad,TCD,1993,0.0
Chad,TCD,1995,0.0
Chad,TCD,1997,0.0
Chad,TCD,1998,0.0
Chad,TCD,1999,0.0
Chad,TCD,2001,0.058450703
Chad,TCD,2006,0.0
Chad,TCD,2007,0.0
Chad,TCD,2008,0.0
Chad,TCD,2009,0.0
Chad,TCD,2010,0.0
Chad,TCD,2012,0.055890188
Chad,TCD,2013,0.0
Chad,TCD,2017,0.0
Chad,TCD,2019,0.0
Chad,TCD,2020,0.0
Chad,TCD,2021,0.0
Chad,TCD,2022,0.0
Chad,TCD,2024,1.9089044
Chad,TCD,2025,0.0
Chile,CHL,1965,0.16170792
Chile,CHL,1968,0.071550466
Chile,CHL,1969,0.1470823
Chile,CHL,1970,0.1343055
Chile,CHL,1971,0.135802755
Chile,CHL,1972,0.103438675
Chile,CHL,1974,0.06029795
Chile,CHL,1977,0.047643363
Chile,CHL,1978,0.0
Chile,CHL,1982,0.0
Chile,CHL,1984,0.0
Chile,CHL,1986,0.089593515
Chile,CHL,1987,0.7829957
Chile,CHL,1989,0.0
Chile,CHL,1990,0.0
Chile,CHL,1991,0.5231175
Chile,CHL,1992,0.25784883
Chile,CHL,1993,0.06808859
Chile,CHL,1995,0.013546386
Chile,CHL,1997,0.21273267
Chile,CHL,1999,0.37047482
Chile,CHL,2000,0.051059648
Chile,CHL,2001,0.012434554
Chile,CHL,2002,0.39849684
Chile,CHL,2003,0.0
Chile,CHL,2004,0.0
Chile,CHL,2005,0.0
Chile,CHL,2006,0.0
Chile,CHL,2007,0.0
Chile,CHL,2008,0.012785264
Chile,CHL,2010,0.0
Chile,CHL,2011,0.026520003
Chile,CHL,2012,0.125993301
Chile,CHL,2013,0.36049673
Chile,CHL,2014,0.013099042
Chile,CHL,2015,0.61868334
Chile,CHL,2016,0.040105097
Chile,CHL,2017,0.19988828290000002
Chile,CHL,2019,0.0
Chile,CHL,2021,0.055466194
Chile,CHL,2022,0.0
Chile,CHL,2023,0.8234001
Chile,CHL,2024,0.6317184
Chile,CHL,2025,0.0
China,CHN,1960,0.0
China,CHN,1961,0.0
China,CHN,1964,0.0
China,CHN,1965,0.038429275
China,CHN,1969,0.0
China,CHN,1970,0.0
China,CHN,1975,0.0
China,CHN,1977,0.0
China,CHN,1978,0.0
China,CHN,1979,0.0
China,CHN,1980,0.08355637
China,CHN,1981,1.1721641
China,CHN,1982,0.0
China,CHN,1983,0.0
China,CHN,1984,0.0
China,CHN,1985,0.1137666
China,CHN,1986,0.97189226
China,CHN,1987,0.084108855
China,CHN,1988,0.9287946
China,CHN,1989,1.05459385
China,CHN,1990,0.7971936199999999
China,CHN,1991,2.2807729
China,CHN,1992,0.41537694999999997
China,CHN,1993,1.6697767799999998
China,CHN,1994,4.13478176
China,CHN,1995,0.9667336748
China,CHN,1996,2.4066694999999996
China,CHN,1997,0.6615733777
China,CHN,1998,3.08674866
China,CHN,1999,0.91354456
China,CHN,2000,0.111689193
China,CHN,2001,0.317187008
China,CHN,2002,0.413257494
China,CHN,2003,0.942309335
China,CHN,2004,0.211847965
China,CHN,2005,0.5101408000000001
China,CHN,2006,0.446229893
China,CHN,2007,0.21189177999999997
China,CHN,2008,0.5490475172
China,CHN,2009,0.124335078
China,CHN,2010,0.35014173600000004
China,CHN,2011,0.1781604023
China,CHN,2012,0.20990589387
China,CHN,2013,0.28107616
China,CHN,2014,0.219372344
China,CHN,2015,0.163460624
China,CHN,2016,0.384227207
China,CHN,2017,0.12721455815
China,CHN,2018,0.10775674899999999
China,CHN,2019,0.11774589999999999
China,CHN,2020,0.153870113
China,CHN,2021,0.13512200400000002
China,CHN,2022,0.071317175
China,CHN,2023,0.1559082849
China,CHN,2024,0.1006008173
China,CHN,2025,0.02974658
Colombia,COL,1962,0.0
Colombia,COL,1968,0.0008388962
Colombia,COL,1969,0.0077517275
Colombia,COL,1970,1.9289114
Colombia,COL,1971,0.0
Colombia,COL,1973,0.0
Colombia,COL,1976,0.0
Colombia,COL,1979,0.0
Colombia,COL,1980,0.0
Colombia,COL,1981,0.013740655
Colombia,COL,1982,0.0
Colombia,COL,1983,0.0
Colombia,COL,1984,1.0456663
Colombia,COL,1986,0.0071546133
Colombia,COL,1987,0.0
Colombia,COL,1988,0.1275102
Colombia,COL,1989,0.0
Colombia,COL,1990,0.0
Colombia,COL,1991,0.0
Colombia,COL,1993,0.0
Colombia,COL,1994,0.0
Colombia,COL,1995,0.0
Colombia,COL,1996,0.0
Colombia,COL,1997,0.0028126887
Colombia,COL,1998,0.0
Colombia,COL,1999,0.0005836204374
Colombia,COL,2000,0.0
Colombia,COL,2001,0.0
Colombia,COL,2002,0.0
Colombia,COL,2003,0.0
Colombia,COL,2004,0.0
Colombia,COL,2005,0.006868107
Colombia,COL,2006,0.0
Colombia,COL,2007,0.0
Colombia,COL,2008,0.0
Colombia,COL,2009,0.0
Colombia,COL,2010,0.28048012
Colombia,COL,2011,0.75124866
Colombia,COL,2012,0.02751617
Colombia,COL,2013,0.0005234318
Colombia,COL,2014,0.0020984109
Colombia,COL,2015,0.0
Colombia,COL,2016,0.0
Colombia,COL,2017,0.0006412993
Colombia,COL,2018,0.0
Colombia,COL,2019,0.0
Colombia,COL,2020,0.059182905
Colombia,COL,2021,0.0
Colombia,COL,2022,0.0031825711
Colombia,COL,2023,0.0
Colombia,COL,2024,0.035671476
Colombia,COL,2025,0.0
Comoros,COM,1983,11.723127
Comoros,COM,1985,2.9008327
Comoros,COM,1987,2.8727164
Comoros,COM,1989,1.5931112
Comoros,COM,2003,0.0
Comoros,COM,2009,0.0
Comoros,COM,2012,0.4922021
Comoros,COM,2014,0.0
Comoros,COM,2019,0.0
Comoros,COM,2024,0.0
Republic of the Congo,COG,1983,0.0
Republic of the Congo,COG,1994,0.0
Republic of the Congo,COG,1998,0.0030264459
Republic of the Congo,COG,1999,0.0
Republic of the Congo,COG,2002,0.0
Republic of the Congo,COG,2003,0.0
Republic of the Congo,COG,2005,0.0
Republic of the Congo,COG,2006,0.0
Republic of the Congo,COG,2007,0.0
Republic of the Congo,COG,2012,0.0
Republic of the Congo,COG,2019,0.0
Republic of the Congo,COG,2020,0.0
Republic of the Congo,COG,2021,0.0
Republic of the Congo,COG,2022,0.0
Republic of the Congo,COG,2023,0.0
Republic of the Congo,COG,2024,0.0
Republic of the Congo,COG,2025,0.0
Costa Rica,CRI,1969,0.46858698
Costa Rica,CRI,1970,3.0462105
Costa Rica,CRI,1973,0.0
Costa Rica,CRI,1976,0.0
Costa Rica,CRI,1980,0.0
Costa Rica,CRI,1988,1.4952445
Costa Rica,CRI,1991,0.0
Costa Rica,CRI,1992,0.0
Costa Rica,CRI,1993,0.0
Costa Rica,CRI,1994,0.038131903
Costa Rica,CRI,1995,0.05441075
Costa Rica,CRI,1996,3.8532593
Costa Rica,CRI,1998,0.8337318699999999
Costa Rica,CRI,1999,0.007015148
Costa Rica,CRI,2001,0.0
Costa Rica,CRI,2002,0.006031792
Costa Rica,CRI,2003,0.0
Costa Rica,CRI,2004,0.0
Costa Rica,CRI,2005,0.2245437
Costa Rica,CRI,2007,0.297567
Costa Rica,CRI,2008,0.07142452
Costa Rica,CRI,2010,0.0
Costa Rica,CRI,2011,0.0
Costa Rica,CRI,2012,0.0
Costa Rica,CRI,2015,0.0
Costa Rica,CRI,2016,0.0
Costa Rica,CRI,2017,0.30570406
Costa Rica,CRI,2018,0.0
Costa Rica,CRI,2019,0.0
Costa Rica,CRI,2020,0.0
Costa Rica,CRI,2021,0.0
Costa Rica,CRI,2022,0.0
Costa Rica,CRI,2024,0.0010132797
Costa Rica,CRI,2025,0.0
Ivory Coast,CIV,1983,0.0
Ivory Coast,CIV,1989,0.0
Ivory Coast,CIV,1996,0.0
Ivory Coast,CIV,2007,0.0
Ivory Coast,CIV,2008,0.0
Ivory Coast,CIV,2010,0.0
Ivory Coast,CIV,2014,0.0
Ivory Coast,CIV,2015,0.0
Ivory Coast,CIV,2016,0.0
Ivory Coast,CIV,2017,0.0
Ivory Coast,CIV,2018,0.0
Ivory Coast,CIV,2019,0.0
Ivory Coast,CIV,2020,0.0
Ivory Coast,CIV,2022,0.0
Ivory Coast,CIV,2024,0.0
Croatia,HRV,1997,0.0
Croatia,HRV,2000,1.1644943200000002
Croatia,HRV,2001,0.0
Croatia,HRV,2003,0.993054365
Croatia,HRV,2005,0.0
Croatia,HRV,2006,0.0
Croatia,HRV,2007,0.0
Croatia,HRV,2010,0.13565041
Croatia,HRV,2012,0.0
Croatia,HRV,2014,0.0
Croatia,HRV,2015,0.0
Croatia,HRV,2017,0.2865675
Croatia,HRV,2018,0.0
Croatia,HRV,2019,0.0
Croatia,HRV,2022,0.0
Croatia,HRV,2023,0.0
Croatia,HRV,2024,0.0
Croatia,HRV,2025,0.0
Cuba,CUB,1970,0.0
Cuba,CUB,1972,0.0
Cuba,CUB,1977,0.0
Cuba,CUB,1978,0.0
Cuba,CUB,1980,0.0
Cuba,CUB,1982,0.40565994
Cuba,CUB,1983,0.27021015
Cuba,CUB,1985,0.0
Cuba,CUB,1986,0.0
Cuba,CUB,1987,0.0
Cuba,CUB,1988,0.0
Cuba,CUB,1990,0.0
Cuba,CUB,1992,0.0117269615
Cuba,CUB,1993,5.0967364
Cuba,CUB,1994,0.35843232
Cuba,CUB,1995,0.0065725036
Cuba,CUB,1996,0.0519639
Cuba,CUB,1997,0.0
Cuba,CUB,1998,8.47051567
Cuba,CUB,1999,0.0
Cuba,CUB,2000,0.0
Cuba,CUB,2001,0.31563264
Cuba,CUB,2002,0.13694347
Cuba,CUB,2003,0.0
Cuba,CUB,2004,3.1493311325
Cuba,CUB,2005,4.92451
Cuba,CUB,2006,0.0
Cuba,CUB,2007,0.92144036
Cuba,CUB,2008,6.3443427
Cuba,CUB,2012,0.0
Cuba,CUB,2013,0.0
Cuba,CUB,2015,0.0
Cuba,CUB,2016,2.8455603
Cuba,CUB,2017,0.5575595
Cuba,CUB,2018,0.0
Cuba,CUB,2019,0.0
Cuba,CUB,2020,0.0
Cyprus,CYP,1983,0.0
Cyprus,CYP,1998,0.0
Cyprus,CYP,2000,0.0
Cyprus,CYP,2003,0.068741135
Cyprus,CYP,2004,0.0
Cyprus,CYP,2007,0.0
Cyprus,CYP,2021,0.15474455
Cyprus,CYP,2022,0.0
Cyprus,CYP,2023,0.0
Cyprus,CYP,2024,0.0
Cyprus,CYP,2025,0.0
Czechia,CZE,1996,0.05309413
Czechia,CZE,1997,2.958118
Czechia,CZE,1998,0.07739568
Czechia,CZE,2000,0.12866776
Czechia,CZE,2002,2.9295030680000003
Czechia,CZE,2003,0.0
Czechia,CZE,2005,0.0
Czechia,CZE,2006,0.0
Czechia,CZE,2007,0.07893046
Czechia,CZE,2008,0.02114109
Czechia,CZE,2009,0.072473615
Czechia,CZE,2010,0.16458881
Czechia,CZE,2012,0.0
Czechia,CZE,2013,0.38894707
Czechia,CZE,2017,0.0013088793
Czechia,CZE,2018,0.0
Czechia,CZE,2020,0.012743437
Czechia,CZE,2021,0.24091606
Czechia,CZE,2022,0.0
Czechia,CZE,2023,0.0
Czechia,CZE,2024,0.86434764
Democratic Republic of the Congo,COD,1978,0.0
Democratic Republic of the Congo,COD,1979,0.0
Democratic Republic of the Congo,COD,1984,0.0
Democratic Republic of the Congo,COD,1990,0.0
Democratic Republic of the Congo,COD,1994,0.0
Democratic Republic of the Congo,COD,1997,0.0
Democratic Republic of the Congo,COD,1999,0.0
Democratic Republic of the Congo,COD,2001,0.0
Democratic Republic of the Congo,COD,2002,0.0
Democratic Republic of the Congo,COD,2003,0.0
Democratic Republic of the Congo,COD,2005,0.0
Democratic Republic of the Congo,COD,2006,0.0
Democratic Republic of the Congo,COD,2007,0.0
Democratic Republic of the Congo,COD,2008,0.0
Democratic Republic of the Congo,COD,2009,0.0
Democratic Republic of the Congo,COD,2010,0.0
Democratic Republic of the Congo,COD,2011,0.0
Democratic Republic of the Congo,COD,2012,0.0
Democratic Republic of the Congo,COD,2014,0.03911039
Democratic Republic of the Congo,COD,2015,0.0
Democratic Republic of the Congo,COD,2016,0.0
Democratic Republic of the Congo,COD,2017,0.0
Democratic Republic of the Congo,COD,2018,0.0
Democratic Republic of the Congo,COD,2019,0.0
Democratic Republic of the Congo,COD,2020,0.0
Democratic Republic of the Congo,COD,2022,0.0
Democratic Republic of the Congo,COD,2023,0.014317693
Democratic Republic of the Congo,COD,2024,0.0
Democratic Republic of the Congo,COD,2025,0.0
Denmark,DNK,1976,0.0
Denmark,DNK,1980,0.0
Denmark,DNK,1981,0.406769
Denmark,DNK,1983,0.0
Denmark,DNK,1985,0.0
Denmark,DNK,1990,0.13746427
Denmark,DNK,1992,0.49141482
Denmark,DNK,1999,1.4643726
Denmark,DNK,2002,0.0
Denmark,DNK,2005,0.49028835
Denmark,DNK,2007,0.031229198
Denmark,DNK,2010,0.0
Denmark,DNK,2013,0.0
Denmark,DNK,2022,0.0
Denmark,DNK,2023,0.0
Denmark,DNK,2024,0.0
Djibouti,DJI,1988,0.0
Djibouti,DJI,1989,0.268804
Djibouti,DJI,1993,0.0
Djibouti,DJI,1994,0.43096328
Djibouti,DJI,1995,0.0
Djibouti,DJI,1996,0.0
Djibouti,DJI,2001,0.0
Djibouti,DJI,2004,0.0
Djibouti,DJI,2005,0.0
Djibouti,DJI,2006,0.0
Djibouti,DJI,2007,0.0
Djibouti,DJI,2008,0.0
Djibouti,DJI,2009,0.0
Djibouti,DJI,2010,0.0
Djibouti,DJI,2011,0.0
Djibouti,DJI,2018,0.0
Djibouti,DJI,2019,0.0
Djibouti,DJI,2020,0.0
Djibouti,DJI,2022,0.0
Dominica,DMA,1979,81.15562
Dominica,DMA,1980,0.0
Dominica,DMA,1984,1.8322221
Dominica,DMA,1989,10.802796
Dominica,DMA,1995,71.0325
Dominica,DMA,1999,0.0
Dominica,DMA,2007,4.497564
Dominica,DMA,2011,0.0
Dominica,DMA,2015,82.789505
Dominica,DMA,2017,258.45135
Dominican Republic,DOM,1963,6.3775516
Dominican Republic,DOM,1964,0.09750391
Dominican Republic,DOM,1965,0.11259993
Dominican Republic,DOM,1966,0.50818175
Dominican Republic,DOM,1968,0.46334907
Dominican Republic,DOM,1975,0.0
Dominican Republic,DOM,1979,2.7278678
Dominican Republic,DOM,1980,0.6951326
Dominican Republic,DOM,1981,0.0
Dominican Republic,DOM,1983,0.0
Dominican Republic,DOM,1985,0.0
Dominican Republic,DOM,1986,0.0
Dominican Republic,DOM,1987,0.40672377
Dominican Republic,DOM,1988,0.0
Dominican Republic,DOM,1989,0.0
Dominican Republic,DOM,1991,0.0
Dominican Republic,DOM,1993,0.0
Dominican Republic,DOM,1995,0.0
Dominican Republic,DOM,1996,0.0
Dominican Republic,DOM,1998,9.1430435
Dominican Republic,DOM,2001,3.9059716e-05
Dominican Republic,DOM,2002,0.0018424729
Dominican Republic,DOM,2003,0.20894103
Dominican Republic,DOM,2004,1.3305029
Dominican Republic,DOM,2005,0.0
Dominican Republic,DOM,2007,0.37006325
Dominican Republic,DOM,2008,0.0
Dominican Republic,DOM,2009,0.1086663
Dominican Republic,DOM,2010,0.0
Dominican Republic,DOM,2011,0.05177032
Dominican Republic,DOM,2012,0.04953631
Dominican Republic,DOM,2013,0.00016305542
Dominican Republic,DOM,2014,0.0
Dominican Republic,DOM,2015,0.0
Dominican Republic,DOM,2016,0.0
Dominican Republic,DOM,2017,0.07967596
Dominican Republic,DOM,2018,0.0
Dominican Republic,DOM,2020,0.21006618
Dominican Republic,DOM,2021,0.0
Dominican Republic,DOM,2022,0.0
Dominican Republic,DOM,2023,0.014528098
Dominican Republic,DOM,2024,0.0
Dominican Republic,DOM,2025,0.0
Timor-Leste,TLS,2001,0.0
Timor-Leste,TLS,2003,0.0
Timor-Leste,TLS,2004,0.0
Timor-Leste,TLS,2006,0.0
Timor-Leste,TLS,2007,0.0
Timor-Leste,TLS,2016,0.0
Timor-Leste,TLS,2020,0.9248045
Timor-Leste,TLS,2021,0.0
Ecuador,ECU,1964,0.0
Ecuador,ECU,1965,0.16757104
Ecuador,ECU,1967,0.0039160475
Ecuador,ECU,1970,0.018165918
Ecuador,ECU,1971,0.0018153965
Ecuador,ECU,1973,0.0
Ecuador,ECU,1982,0.26021862
Ecuador,ECU,1983,1.0508035
Ecuador,ECU,1985,0.0
Ecuador,ECU,1987,0.0
Ecuador,ECU,1989,0.10798496
Ecuador,ECU,1992,0.110532425
Ecuador,ECU,1994,0.0
Ecuador,ECU,1997,0.48643118
Ecuador,ECU,1998,0.4789203
Ecuador,ECU,2000,0.0
Ecuador,ECU,2001,0.0
Ecuador,ECU,2002,0.059140548
Ecuador,ECU,2003,0.0
Ecuador,ECU,2006,0.0061281533
Ecuador,ECU,2008,1.6356055
Ecuador,ECU,2009,0.00040507046
Ecuador,ECU,2010,0.0021372628
Ecuador,ECU,2011,0.0
Ecuador,ECU,2012,0.0
Ecuador,ECU,2013,0.0
Ecuador,ECU,2015,0.0
Ecuador,ECU,2016,0.010238408
Ecuador,ECU,2019,0.0
Ecuador,ECU,2020,0.0
Ecuador,ECU,2021,0.0
Ecuador,ECU,2022,0.045637283
Ecuador,ECU,2023,0.1697121
Ecuador,ECU,2024,0.0807739
Ecuador,ECU,2025,0.0
Egypt,EGY,1975,0.0
Egypt,EGY,1979,0.07768899
Egypt,EGY,1987,0.0
Egypt,EGY,1991,0.0
Egypt,EGY,1994,0.26976
Egypt,EGY,1995,0.0
Egypt,EGY,1996,0.0
Egypt,EGY,1997,0.0025498308
Egypt,EGY,2000,0.0
Egypt,EGY,2002,0.0
Egypt,EGY,2004,0.0
Egypt,EGY,2010,0.0
Egypt,EGY,2015,0.0
Egypt,EGY,2016,0.007520115
Egypt,EGY,2020,0.01980106
Egypt,EGY,2021,0.0
Egypt,EGY,2025,0.0
El Salvador,SLV,1969,0.15246807
El Salvador,SLV,1974,0.0
El Salvador,SLV,1982,8.237259
El Salvador,SLV,1988,0.0
El Salvador,SLV,1989,0.0
El Salvador,SLV,1992,0.0
El Salvador,SLV,1994,0.013021878
El Salvador,SLV,1995,0.0
El Salvador,SLV,1996,0.00010431523
El Salvador,SLV,1997,0.0
El Salvador,SLV,1998,5.1030157
El Salvador,SLV,1999,0.013292926
El Salvador,SLV,2000,0.0
El Salvador,SLV,2001,0.1823728
El Salvador,SLV,2002,0.0
El Salvador,SLV,2005,2.420057
El Salvador,SLV,2006,0.0
El Salvador,SLV,2007,0.0
El Salvador,SLV,2008,0.0
El Salvador,SLV,2009,5.48813127
El Salvador,SLV,2010,0.10841331
El Salvador,SLV,2011,4.9300475
El Salvador,SLV,2015,0.18304154
El Salvador,SLV,2016,0.23602691
El Salvador,SLV,2017,0.0
El Salvador,SLV,2018,0.10009685
El Salvador,SLV,2019,0.040749565
El Salvador,SLV,2020,0.8827829
El Salvador,SLV,2021,0.0
El Salvador,SLV,2022,0.053341515
El Salvador,SLV,2023,0.0
El Salvador,SLV,2024,0.0
Equatorial Guinea,GNQ,2025,0.0
Eritrea,ERI,1993,1.1039327
Eritrea,ERI,1999,0.0
Eritrea,ERI,2000,0.0
Eritrea,ERI,2001,0.0
Eritrea,ERI,2002,0.0
Eritrea,ERI,2003,0.0
Eritrea,ERI,2004,0.0
Eritrea,ERI,2008,0.0
Estonia,EST,2005,0.9213656
Estonia,EST,2006,0.0
Estonia,EST,2011,0.0
Estonia,EST,2012,0.0
Estonia,EST,2013,0.0
Estonia,EST,2018,0.0
Estonia,EST,2022,0.0
Estonia,EST,2023,0.0
Estonia,EST,2024,0.0
Eswatini,SWZ,1983,0.0
Eswatini,SWZ,1984,10.951227
Eswatini,SWZ,1990,0.005043088
Eswatini,SWZ,1991,0.029094508
Eswatini,SWZ,1992,0.026181702
Eswatini,SWZ,1993,0.024784453
Eswatini,SWZ,1994,0.023699949
Eswatini,SWZ,1995,0.0198528
Eswatini,SWZ,2000,0.0029460955
Eswatini,SWZ,2001,0.0
Eswatini,SWZ,2002,0.0
Eswatini,SWZ,2003,0.0
Eswatini,SWZ,2004,0.0
Eswatini,SWZ,2005,0.0
Eswatini,SWZ,2006,0.0
Eswatini,SWZ,2007,0.0
Eswatini,SWZ,2008,0.0
Eswatini,SWZ,2014,0.0
Eswatini,SWZ,2016,0.0
Eswatini,SWZ,2017,0.0
Eswatini,SWZ,2019,0.0
Eswatini,SWZ,2021,0.0
Eswatini,SWZ,2022,0.0
Ethiopia,ETH,1965,0.0
Ethiopia,ETH,1968,0.03511519
Ethiopia,ETH,1969,0.036114287
Ethiopia,ETH,1973,0.031167915
Ethiopia,ETH,1974,0.32635757
Ethiopia,ETH,1975,0.32636914
Ethiopia,ETH,1976,0.3021573
Ethiopia,ETH,1977,0.26430455
Ethiopia,ETH,1978,0.24902903
Ethiopia,ETH,1981,0.0
Ethiopia,ETH,1983,0.0
Ethiopia,ETH,1984,0.0
Ethiopia,ETH,1985,0.0
Ethiopia,ETH,1987,0.0
Ethiopia,ETH,1988,0.0
Ethiopia,ETH,1989,0.0
Ethiopia,ETH,1990,0.0
Ethiopia,ETH,1991,0.0
Ethiopia,ETH,1992,0.0
Ethiopia,ETH,1993,0.0
Ethiopia,ETH,1994,0.049290173
Ethiopia,ETH,1995,0.006365206
Ethiopia,ETH,1996,0.0
Ethiopia,ETH,1997,0.0
Ethiopia,ETH,1998,0.19467698
Ethiopia,ETH,1999,0.034207642
Ethiopia,ETH,2000,0.0
Ethiopia,ETH,2001,0.0
Ethiopia,ETH,2002,0.0
Ethiopia,ETH,2003,0.0
Ethiopia,ETH,2004,0.0
Ethiopia,ETH,2005,0.049995407
Ethiopia,ETH,2006,0.020941228
Ethiopia,ETH,2007,0.0
Ethiopia,ETH,2008,0.0
Ethiopia,ETH,2009,0.0
Ethiopia,ETH,2010,0.0
Ethiopia,ETH,2011,0.0
Ethiopia,ETH,2012,0.0
Ethiopia,ETH,2013,0.004617166
Ethiopia,ETH,2015,0.45234394
Ethiopia,ETH,2016,1.2273821
Ethiopia,ETH,2017,0.36484578
Ethiopia,ETH,2019,0.0
Ethiopia,ETH,2020,0.0
Ethiopia,ETH,2021,0.0
Ethiopia,ETH,2022,0.4474111
Ethiopia,ETH,2023,0.06554347
Ethiopia,ETH,2024,0.0
Ethiopia,ETH,2025,0.0
Fiji,FJI,1964,0.78553057
Fiji,FJI,1965,0.0
Fiji,FJI,1972,7.105488
Fiji,FJI,1973,0.0
Fiji,FJI,1975,0.14613849
Fiji,FJI,1978,0.0
Fiji,FJI,1979,0.0
Fiji,FJI,1980,0.18759061
Fiji,FJI,1981,0.0
Fiji,FJI,1983,7.1990085
Fiji,FJI,1985,6.6598377
Fiji,FJI,1986,2.7436175
Fiji,FJI,1987,2.1223347
Fiji,FJI,1989,0.0
Fiji,FJI,1990,0.7479333
Fiji,FJI,1992,0.104410626
Fiji,FJI,1993,6.112091
Fiji,FJI,1997,1.2917293
Fiji,FJI,1998,0.0
Fiji,FJI,1999,0.18074217
Fiji,FJI,2003,1.3040686
Fiji,FJI,2004,0.14770621
Fiji,FJI,2006,0.016253263
Fiji,FJI,2007,1.1145202650000001
Fiji,FJI,2008,0.85150206
Fiji,FJI,2009,1.96985
Fiji,FJI,2010,1.2555703
Fiji,FJI,2012,2.45214786
Fiji,FJI,2015,0.0
Fiji,FJI,2016,12.169858
Fiji,FJI,2018,1.0749942
Fiji,FJI,2019,0.0
Fiji,FJI,2020,0.33398616
Fiji,FJI,2021,0.24044974
Fiji,FJI,2022,0.5022237
Fiji,FJI,2023,0.0
Finland,FIN,1990,0.00706983
Finland,FIN,2005,0.0
Finland,FIN,2022,0.0
Finland,FIN,2023,0.0
Finland,FIN,2024,0.0
France,FRA,1967,0.01693643
France,FRA,1969,0.0
France,FRA,1977,0.0
France,FRA,1978,0.0
France,FRA,1979,0.0
France,FRA,1980,0.0
France,FRA,1981,0.0
France,FRA,1982,0.06053768
France,FRA,1983,0.11014603
France,FRA,1984,0.0
France,FRA,1985,0.0
France,FRA,1986,0.0
France,FRA,1987,0.18352172
France,FRA,1988,0.049464416
France,FRA,1989,0.15736535
France,FRA,1990,0.15187062
France,FRA,1991,0.06132037
France,FRA,1992,0.028783955
France,FRA,1993,0.087493503
France,FRA,1994,0.0072159297
France,FRA,1995,0.043881115
France,FRA,1996,0.0003758859342
France,FRA,1997,0.00068994437
France,FRA,1998,0.010020667
France,FRA,1999,0.84066625
France,FRA,2000,0.0
France,FRA,2001,0.009657929
France,FRA,2002,0.07980285492
France,FRA,2003,0.321511794653
France,FRA,2004,0.0
France,FRA,2005,0.0004561739
France,FRA,2006,0.0
France,FRA,2007,0.009413299
France,FRA,2008,0.002733358
France,FRA,2009,0.118515186
France,FRA,2010,0.21653446599999998
France,FRA,2011,0.0
France,FRA,2012,0.0
France,FRA,2013,0.023259303
France,FRA,2014,0.016950716
France,FRA,2015,0.03783035
France,FRA,2016,0.09714996
France,FRA,2017,0.021244803
France,FRA,2018,0.0327871644
France,FRA,2019,0.015241699
France,FRA,2020,0.0385207136
France,FRA,2021,0.18989132690000002
France,FRA,2022,0.0
France,FRA,2023,0.0552965132
France,FRA,2024,0.0
France,FRA,2025,0.00029706064
Gabon,GAB,1988,0.0
Gabon,GAB,2009,0.0
Gabon,GAB,2010,0.0
Gabon,GAB,2011,0.0
Gabon,GAB,2012,0.0
Gabon,GAB,2023,0.0
Gabon,GAB,2024,0.0
Gambia,GMB,1968,1.2147697
Gambia,GMB,1971,0.07173687
Gambia,GMB,1972,0.06757542
Gambia,GMB,1973,0.053170897
Gambia,GMB,1974,0.041732423
Gambia,GMB,1975,0.03480474
Gambia,GMB,1977,0.0
Gambia,GMB,1978,0.0
Gambia,GMB,1980,0.0
Gambia,GMB,1981,0.0
Gambia,GMB,1982,0.0
Gambia,GMB,1983,0.0
Gambia,GMB,1984,0.0
Gambia,GMB,1985,0.0
Gambia,GMB,1996,0.0
Gambia,GMB,1999,0.0
Gambia,GMB,2001,0.0
Gambia,GMB,2002,0.0
Gambia,GMB,2003,0.0
Gambia,GMB,2004,0.0
Gambia,GMB,2007,0.0
Gambia,GMB,2008,0.0
Gambia,GMB,2009,0.0
Gambia,GMB,2010,0.0
Gambia,GMB,2012,0.0
Gambia,GMB,2013,0.0
Gambia,GMB,2015,0.0
Gambia,GMB,2017,0.0
Gambia,GMB,2019,0.0
Gambia,GMB,2021,0.0
Gambia,GMB,2022,0.0
Gambia,GMB,2025,0.0
Georgia,GEO,1995,0.08167106
Georgia,GEO,1997,0.8403313
Georgia,GEO,2000,1.932096
Georgia,GEO,2001,4.3773346
Georgia,GEO,2004,0.042065296
Georgia,GEO,2005,0.0
Georgia,GEO,2006,0.0
Georgia,GEO,2011,0.0
Georgia,GEO,2012,0.556397631
Georgia,GEO,2013,0.0
Georgia,GEO,2014,0.0
Georgia,GEO,2015,0.15107927
Georgia,GEO,2018,0.0
Georgia,GEO,2019,0.0
Georgia,GEO,2020,0.0
Georgia,GEO,2021,0.0
Georgia,GEO,2022,0.0
Georgia,GEO,2023,0.0
Georgia,GEO,2025,0.0
Germany,DEU,1990,0.249696
Germany,DEU,1991,0.00325195878
Germany,DEU,1993,0.046362067
Germany,DEU,1994,0.067027738
Germany,DEU,1995,0.020423802
Germany,DEU,1996,1.9947525e-05
Germany,DEU,1997,0.016225053
Germany,DEU,1998,0.006673309
Germany,DEU,1999,0.09846993999999999
Germany,DEU,2002,0.64927319
Germany,DEU,2003,0.076931713
Germany,DEU,2004,0.004557697
Germany,DEU,2005,0.027303582899999998
Germany,DEU,2006,0.0
Germany,DEU,2007,0.15786195
Germany,DEU,2008,0.07089968
Germany,DEU,2009,0.0020123353
Germany,DEU,2010,0.0288426
Germany,DEU,2012,0.0
Germany,DEU,2013,0.46493012
Germany,DEU,2014,0.010088601
Germany,DEU,2016,0.056548487
Germany,DEU,2017,0.023875592
Germany,DEU,2018,0.014510781
Germany,DEU,2019,0.0
Germany,DEU,2020,0.027908873
Germany,DEU,2021,0.91843134
Germany,DEU,2022,0.024354933
Germany,DEU,2023,0.0
Germany,DEU,2024,0.09603908
Ghana,GHA,1968,4.481347
Ghana,GHA,1971,0.0041371747
Ghana,GHA,1977,0.0
Ghana,GHA,1983,0.0
Ghana,GHA,1984,0.0
Ghana,GHA,1985,0.0
Ghana,GHA,1989,0.0
Ghana,GHA,1991,0.0
Ghana,GHA,1995,0.19336726
Ghana,GHA,1999,0.27208734
Ghana,GHA,2001,0.0
Ghana,GHA,2002,0.0
Ghana,GHA,2007,0.0
Ghana,GHA,2008,0.0
Ghana,GHA,2009,0.0
Ghana,GHA,2010,0.0
Ghana,GHA,2011,0.0
Ghana,GHA,2013,0.0
Ghana,GHA,2015,0.024273412
Ghana,GHA,2016,0.0
Ghana,GHA,2017,0.0
Ghana,GHA,2018,0.0
Ghana,GHA,2019,0.0
Ghana,GHA,2020,0.0
Ghana,GHA,2021,0.0
Ghana,GHA,2022,0.0
Ghana,GHA,2023,0.0
Greece,GRC,1961,0.0
Greece,GRC,1977,0.078490555
Greece,GRC,1979,0.0
Greece,GRC,1983,0.0
Greece,GRC,1984,0.0
Greece,GRC,1985,0.0
Greece,GRC,1987,0.5406271
Greece,GRC,1988,0.0
Greece,GRC,1990,1.0359519
Greece,GRC,1991,0.0
Greece,GRC,1994,0.3806747
Greece,GRC,1995,0.0
Greece,GRC,1997,0.11530197
Greece,GRC,1998,0.48347998
Greece,GRC,2000,0.0023854931
Greece,GRC,2001,0.0
Greece,GRC,2002,0.0
Greece,GRC,2003,0.304676
Greece,GRC,2004,0.1446934
Greece,GRC,2006,0.0021031434
Greece,GRC,2007,0.55692226
Greece,GRC,2009,0.0
Greece,GRC,2010,0.0
Greece,GRC,2012,0.0
Greece,GRC,2014,0.0
Greece,GRC,2015,0.0
Greece,GRC,2016,0.029000932
Greece,GRC,2017,0.0
Greece,GRC,2018,0.0
Greece,GRC,2019,0.0
Greece,GRC,2020,0.141093113
Greece,GRC,2021,0.26568478
Greece,GRC,2022,0.0
Greece,GRC,2023,0.082322754
Greece,GRC,2024,0.023415696
Greece,GRC,2025,0.0
Grenada,GRD,1980,4.7790604
Grenada,GRD,1990,0.0
Grenada,GRD,1999,2.0746484
Grenada,GRD,2002,0.0
Grenada,GRD,2004,148.38464
Grenada,GRD,2005,6.4552717
Grenada,GRD,2010,0.0
Grenada,GRD,2024,16.132967
Guatemala,GTM,1961,0.0
Guatemala,GTM,1969,0.87443167
Guatemala,GTM,1973,0.09730655
Guatemala,GTM,1974,0.0
Guatemala,GTM,1982,1.1471837
Guatemala,GTM,1987,0.0
Guatemala,GTM,1988,0.0
Guatemala,GTM,1989,0.0
Guatemala,GTM,1994,0.07702242
Guatemala,GTM,1995,0.0
Guatemala,GTM,1996,0.0031898262
Guatemala,GTM,1998,3.8565662
Guatemala,GTM,1999,0.0054589882
Guatemala,GTM,2000,0.0
Guatemala,GTM,2001,0.07660870410000001
Guatemala,GTM,2002,0.00048913615
Guatemala,GTM,2003,0.0
Guatemala,GTM,2005,3.6899736
Guatemala,GTM,2006,0.0
Guatemala,GTM,2007,0.0
Guatemala,GTM,2008,0.0
Guatemala,GTM,2009,0.0
Guatemala,GTM,2010,1.5979712
Guatemala,GTM,2011,0.13207823
Guatemala,GTM,2012,0.0
Guatemala,GTM,2014,0.017351922
Guatemala,GTM,2015,0.038510174
Guatemala,GTM,2016,0.036354788
Guatemala,GTM,2017,0.0
Guatemala,GTM,2018,0.042881943
Guatemala,GTM,2019,0.01713616
Guatemala,GTM,2020,0.49665806
Guatemala,GTM,2021,0.0
Guatemala,GTM,2022,0.21336742
Guatemala,GTM,2023,0.0
Guatemala,GTM,2024,0.0
Guatemala,GTM,2025,0.0
Guinea,GIN,1981,0.0
Guinea,GIN,1982,0.0
Guinea,GIN,1983,0.0
Guinea,GIN,1993,0.0
Guinea,GIN,1998,0.0
Guinea,GIN,2001,0.0
Guinea,GIN,2004,0.0
Guinea,GIN,2006,0.0
Guinea,GIN,2007,0.0
Guinea,GIN,2008,0.0
Guinea,GIN,2009,0.0
Guinea,GIN,2010,0.0
Guinea,GIN,2011,0.0
Guinea,GIN,2013,0.0
Guinea,GIN,2015,0.0
Guinea,GIN,2017,0.0
Guinea,GIN,2020,0.0
Guinea,GIN,2021,0.0
Guinea,GIN,2022,0.0
Guinea,GIN,2023,0.0
Guinea,GIN,2024,0.0
Guinea,GIN,2025,0.0
Guinea-Bissau,GNB,1972,0.0
Guinea-Bissau,GNB,1973,0.0
Guinea-Bissau,GNB,1974,0.0
Guinea-Bissau,GNB,1975,0.0
Guinea-Bissau,GNB,1982,0.0
Guinea-Bissau,GNB,1983,0.0
Guinea-Bissau,GNB,1984,0.0
Guinea-Bissau,GNB,1985,0.0
Guinea-Bissau,GNB,1987,0.0
Guinea-Bissau,GNB,1993,0.0
Guinea-Bissau,GNB,1998,0.0
Guinea-Bissau,GNB,2002,0.0
Guinea-Bissau,GNB,2003,0.0
Guinea-Bissau,GNB,2004,0.0
Guinea-Bissau,GNB,2006,0.0
Guinea-Bissau,GNB,2008,0.0
Guinea-Bissau,GNB,2010,0.0
Guinea-Bissau,GNB,2018,0.0
Guinea-Bissau,GNB,2025,0.0
Guyana,GUY,1971,0.07090941
Guyana,GUY,1989,0.0
Guyana,GUY,1996,0.0
Guyana,GUY,1997,1.297423
Guyana,GUY,1998,2.6870644
Guyana,GUY,2005,56.383923
Guyana,GUY,2006,7.101383
Guyana,GUY,2008,0.0
Guyana,GUY,2010,0.4282078
Guyana,GUY,2015,0.0
Guyana,GUY,2017,0.0
Guyana,GUY,2021,0.0
Guyana,GUY,2022,0.0
Haiti,HTI,1962,0.0
Haiti,HTI,1963,61.041077
Haiti,HTI,1964,3.074263
Haiti,HTI,1966,5.4208093
Haiti,HTI,1968,0.27176216
Haiti,HTI,1972,0.2577964
Haiti,HTI,1974,0.0
Haiti,HTI,1975,0.0
Haiti,HTI,1977,0.0
Haiti,HTI,1979,0.0
Haiti,HTI,1980,28.90591
Haiti,HTI,1981,0.0
Haiti,HTI,1982,0.0
Haiti,HTI,1983,0.0
Haiti,HTI,1986,0.0
Haiti,HTI,1987,0.0
Haiti,HTI,1988,3.4922936
Haiti,HTI,1989,0.0
Haiti,HTI,1990,0.0
Haiti,HTI,1992,0.0
Haiti,HTI,1993,0.0
Haiti,HTI,1994,2.3067317
Haiti,HTI,1996,0.00343936
Haiti,HTI,1998,4.833637
Haiti,HTI,1999,0.0
Haiti,HTI,2000,0.0
Haiti,HTI,2001,0.00031585744
Haiti,HTI,2002,0.016113834
Haiti,HTI,2003,0.0
Haiti,HTI,2004,0.8378015
Haiti,HTI,2005,0.7183346
Haiti,HTI,2006,0.0
Haiti,HTI,2007,0.0
Haiti,HTI,2008,0.0
Haiti,HTI,2009,0.0
Haiti,HTI,2010,0.0
Haiti,HTI,2011,0.0
Haiti,HTI,2012,1.8528075
Haiti,HTI,2013,0.0
Haiti,HTI,2014,0.008352635
Haiti,HTI,2015,0.004948514
Haiti,HTI,2016,14.743747971
Haiti,HTI,2017,0.07726032
Haiti,HTI,2019,0.0
Haiti,HTI,2020,0.0
Haiti,HTI,2021,0.0
Haiti,HTI,2022,0.0
Haiti,HTI,2023,2.1458912
Haiti,HTI,2024,0.0
Haiti,HTI,2025,0.0
Honduras,HND,1961,0.0
Honduras,HND,1965,0.07679902
Honduras,HND,1969,2.2501185
Honduras,HND,1971,0.0
Honduras,HND,1972,0.34005752
Honduras,HND,1973,0.30977708
Honduras,HND,1974,43.443283
Honduras,HND,1976,0.0
Honduras,HND,1978,0.0417772
Honduras,HND,1979,0.46781102
Honduras,HND,1981,0.0
Honduras,HND,1982,2.7904406
Honduras,HND,1984,0.0
Honduras,HND,1986,0.0
Honduras,HND,1988,0.0
Honduras,HND,1990,2.6777632
Honduras,HND,1993,2.72742
Honduras,HND,1994,0.2435646
Honduras,HND,1995,0.08561009
Honduras,HND,1996,0.67724779
Honduras,HND,1997,0.0
Honduras,HND,1998,61.54737
Honduras,HND,1999,0.02345916
Honduras,HND,2000,0.0
Honduras,HND,2001,0.06534955
Honduras,HND,2002,1.2725471
Honduras,HND,2003,0.2430018
Honduras,HND,2004,0.0
Honduras,HND,2005,1.183764
Honduras,HND,2006,0.073277004
Honduras,HND,2007,0.05322274
Honduras,HND,2008,0.0
Honduras,HND,2009,0.0
Honduras,HND,2010,0.56820536
Honduras,HND,2011,0.0
Honduras,HND,2012,0.0
Honduras,HND,2014,0.007086263
Honduras,HND,2015,0.0
Honduras,HND,2016,0.0
Honduras,HND,2017,0.0
Honduras,HND,2018,0.0
Honduras,HND,2019,0.0
Honduras,HND,2020,0.0
Honduras,HND,2021,0.0
Honduras,HND,2022,0.0
Honduras,HND,2023,0.0
Honduras,HND,2024,0.0
Honduras,HND,2025,0.0
Hungary,HUN,1970,1.4703518
Hungary,HUN,1984,0.0
Hungary,HUN,1986,2.0179057
Hungary,HUN,1992,0.9882303
Hungary,HUN,1996,0.0
Hungary,HUN,1997,0.021097686
Hungary,HUN,1999,0.5968242
Hungary,HUN,2000,0.11633821
Hungary,HUN,2001,0.009293669
Hungary,HUN,2002,0.04435477
Hungary,HUN,2003,0.117384024
Hungary,HUN,2004,0.0
Hungary,HUN,2005,0.04244098
Hungary,HUN,2006,0.008650212
Hungary,HUN,2007,0.0
Hungary,HUN,2008,0.0
Hungary,HUN,2010,0.33358926
Hungary,HUN,2012,0.0
Hungary,HUN,2013,0.0
Hungary,HUN,2014,0.0
Hungary,HUN,2016,0.0
Hungary,HUN,2017,0.0
Hungary,HUN,2018,0.0
Hungary,HUN,2019,0.0
Hungary,HUN,2022,0.0
Hungary,HUN,2023,0.0
Hungary,HUN,2024,0.0
Iceland,ISL,1988,0.0
Iceland,ISL,2023,0.0
India,IND,1960,0.0
India,IND,1961,0.0
India,IND,1962,0.0
India,IND,1963,0.0
India,IND,1964,0.0008852646
India,IND,1965,0.055969633
India,IND,1966,0.08541526869999999
India,IND,1967,0.06648723
India,IND,1968,0.17744973
India,IND,1969,0.014251986
India,IND,1970,0.16212107
India,IND,1971,0.831460003
India,IND,1972,0.07006032
India,IND,1973,0.058387466
India,IND,1974,0.0
India,IND,1975,0.92842838
India,IND,1976,0.25970134
India,IND,1977,0.410362
India,IND,1978,0.120901085
India,IND,1979,0.20445053800000001
India,IND,1980,0.17173962
India,IND,1981,0.12920474
India,IND,1982,0.72013326
India,IND,1983,0.27077532
India,IND,1984,0.05986114725
India,IND,1985,0.40944202700000004
India,IND,1986,0.26067450000000003
India,IND,1987,0.19531699
India,IND,1988,0.3237469303
India,IND,1989,0.0
India,IND,1990,0.9012427
India,IND,1991,0.09551829
India,IND,1992,0.10719686
India,IND,1993,2.721130954
India,IND,1994,0.0593079533
India,IND,1995,0.08564182899999999
India,IND,1996,0.569279164
India,IND,1997,0.054055672
India,IND,1998,0.23913536
India,IND,1999,0.65219323977
India,IND,2000,0.24768731
India,IND,2001,0.143636194
India,IND,2002,0.186800712245
India,IND,2003,0.1008720297
India,IND,2004,0.39145306
India,IND,2005,0.75452495
India,IND,2006,0.36053863
India,IND,2007,0.030914748
India,IND,2008,0.0141797224
India,IND,2009,0.20374277999999998
India,IND,2010,0.12825137
India,IND,2011,0.111495736
India,IND,2012,0.013350568
India,IND,2013,0.12158371000000001
India,IND,2014,1.15073785
India,IND,2015,0.258936025
India,IND,2016,0.174353208
India,IND,2017,0.079842374
India,IND,2018,0.201702782
India,IND,2019,0.439662443
India,IND,2020,0.98809221
India,IND,2021,0.24658454600000002
India,IND,2022,0.12923321
India,IND,2023,0.0036561964
India,IND,2024,0.0019490464
India,IND,2025,0.016306598784000002
Indonesia,IDN,1967,0.0
Indonesia,IDN,1968,0.110662594
Indonesia,IDN,1970,0.0
Indonesia,IDN,1972,0.3186869
Indonesia,IDN,1973,0.21478263
Indonesia,IDN,1974,0.0
Indonesia,IDN,1976,0.0
Indonesia,IDN,1977,0.0
Indonesia,IDN,1978,0.0023321023
Indonesia,IDN,1979,0.0062256586
Indonesia,IDN,1980,0.004690798
Indonesia,IDN,1981,0.002572551
Indonesia,IDN,1982,0.0
Indonesia,IDN,1983,0.008645037
Indonesia,IDN,1984,0.0017677485
Indonesia,IDN,1985,0.0
Indonesia,IDN,1986,0.0
Indonesia,IDN,1987,0.0865275
Indonesia,IDN,1988,0.005456691
Indonesia,IDN,1989,0.0
Indonesia,IDN,1990,0.004522298
Indonesia,IDN,1991,0.024009192
Indonesia,IDN,1992,0.0
Indonesia,IDN,1993,0.012215305
Indonesia,IDN,1994,0.013140776
Indonesia,IDN,1995,0.016688762
Indonesia,IDN,1996,0.2546939
Indonesia,IDN,1997,3.74880074
Indonesia,IDN,1998,1.3620331
Indonesia,IDN,1999,0.0012857019
Indonesia,IDN,2000,0.068476126
Indonesia,IDN,2001,0.00623259
Indonesia,IDN,2002,0.17969891
Indonesia,IDN,2003,0.00042594434
Indonesia,IDN,2004,0.023361132
Indonesia,IDN,2005,0.0
Indonesia,IDN,2006,0.033272028
Indonesia,IDN,2007,0.2246558
Indonesia,IDN,2008,0.00033965165
Indonesia,IDN,2009,0.0
Indonesia,IDN,2010,0.010329838
Indonesia,IDN,2011,0.0
Indonesia,IDN,2012,0.0001089479
Indonesia,IDN,2013,0.32941595
Indonesia,IDN,2014,0.10417429
Indonesia,IDN,2015,0.143462151
Indonesia,IDN,2016,0.011589508
Indonesia,IDN,2017,0.0020677052
Indonesia,IDN,2018,0.0
Indonesia,IDN,2019,0.037351448
Indonesia,IDN,2020,0.08774805
Indonesia,IDN,2021,0.0716386905
Indonesia,IDN,2022,0.0056098807
Indonesia,IDN,2023,0.0
Indonesia,IDN,2024,0.0
Indonesia,IDN,2025,0.27669355
Iran,IRN,1964,0.0
Iran,IRN,1966,0.0
Iran,IRN,1968,0.0
Iran,IRN,1969,0.0
Iran,IRN,1972,0.0
Iran,IRN,1975,0.0
Iran,IRN,1980,0.0
Iran,IRN,1981,0.0
Iran,IRN,1986,0.7608997
Iran,IRN,1987,0.0
Iran,IRN,1988,0.121893875
Iran,IRN,1989,0.0016598011
Iran,IRN,1990,0.06201264
Iran,IRN,1991,0.32923707
Iran,IRN,1992,2.8967505
Iran,IRN,1993,1.947331965
Iran,IRN,1994,0.19765745
Iran,IRN,1995,0.09946149
Iran,IRN,1996,0.041717908
Iran,IRN,1997,0.021945385
Iran,IRN,1998,0.134661
Iran,IRN,1999,0.830127668
Iran,IRN,2000,1.097999267
Iran,IRN,2001,1.02806529
Iran,IRN,2002,0.04902551
Iran,IRN,2003,0.00055163796
Iran,IRN,2004,0.00012782645
Iran,IRN,2005,0.0
Iran,IRN,2006,0.006024047
Iran,IRN,2007,0.0062904484
Iran,IRN,2008,0.0
Iran,IRN,2012,0.0
Iran,IRN,2014,0.010599527
Iran,IRN,2015,0.15542838
Iran,IRN,2016,0.0
Iran,IRN,2017,0.07604266
Iran,IRN,2018,0.04030072
Iran,IRN,2019,0.741404
Iran,IRN,2020,0.83934206
Iran,IRN,2021,0.0
Iran,IRN,2022,0.0475557
Iran,IRN,2023,0.0
Iran,IRN,2024,0.0
Iran,IRN,2025,0.0
Iraq,IRQ,1967,0.19596142
Iraq,IRQ,1968,0.103569746
Iraq,IRQ,1969,0.022164876
Iraq,IRQ,1970,0.020317014
Iraq,IRQ,1971,0.017247302
Iraq,IRQ,1998,0.0
Iraq,IRQ,1999,0.0
Iraq,IRQ,2000,0.0
Iraq,IRQ,2001,0.0
Iraq,IRQ,2006,0.0019954855
Iraq,IRQ,2008,0.0
Iraq,IRQ,2009,0.0
Iraq,IRQ,2011,0.0
Iraq,IRQ,2012,0.0
Iraq,IRQ,2013,0.0
Iraq,IRQ,2015,0.0
Iraq,IRQ,2018,0.0
Iraq,IRQ,2019,0.0
Iraq,IRQ,2020,0.055279527
Iraq,IRQ,2021,0.0066764606
Iraq,IRQ,2022,0.0
Iraq,IRQ,2023,0.0
Iraq,IRQ,2024,0.0
Iraq,IRQ,2025,0.0
Ireland,IRL,1976,0.0
Ireland,IRL,1983,0.0
Ireland,IRL,1986,0.0
Ireland,IRL,1987,0.0
Ireland,IRL,1990,0.22309825
Ireland,IRL,1991,0.0080341445
Ireland,IRL,1993,0.0724949
Ireland,IRL,1996,0.0013194216
Ireland,IRL,1998,5.5432734e-05
Ireland,IRL,1999,0.10111841
Ireland,IRL,2000,0.09979282
Ireland,IRL,2002,0.0
Ireland,IRL,2004,0.0
Ireland,IRL,2005,0.0
Ireland,IRL,2007,0.0
Ireland,IRL,2009,0.0
Ireland,IRL,2011,0.13486828
Ireland,IRL,2014,0.0
Ireland,IRL,2015,0.0
Ireland,IRL,2017,0.0
Ireland,IRL,2018,0.0
Ireland,IRL,2020,0.0
Ireland,IRL,2022,0.0
Ireland,IRL,2023,0.0
Ireland,IRL,2024,0.0
Israel,ISR,1983,0.0
Israel,ISR,1991,0.0
Israel,ISR,1992,0.69261974
Israel,ISR,1995,0.04268141
Israel,ISR,1997,0.033503838
Israel,ISR,1998,0.0
Israel,ISR,1999,0.061815273
Israel,ISR,2000,0.0020159828
Israel,ISR,2010,0.11279474
Israel,ISR,2013,0.0
Israel,ISR,2015,0.0
Israel,ISR,2016,0.16195141
Israel,ISR,2018,0.0
Israel,ISR,2020,0.1411505
Israel,ISR,2025,0.0
Italy,ITA,1965,0.0
Italy,ITA,1966,2.6102011
Italy,ITA,1968,0.0
Italy,ITA,1970,0.2388773069
Italy,ITA,1973,0.2728877
Italy,ITA,1977,0.07513846
Italy,ITA,1978,0.00031667168
Italy,ITA,1983,0.0
Italy,ITA,1985,0.0033093607
Italy,ITA,1986,0.0031159332
Italy,ITA,1987,0.15772004750000002
Italy,ITA,1990,0.1355637175
Italy,ITA,1992,0.05269783
Italy,ITA,1993,0.058552805
Italy,ITA,1994,0.8441115
Italy,ITA,1996,0.0024338737
Italy,ITA,1997,0.06425764
Italy,ITA,1998,0.0
Italy,ITA,1999,0.0
Italy,ITA,2000,0.70020616
Italy,ITA,2002,0.046499062
Italy,ITA,2003,0.32882061
Italy,ITA,2004,0.0
Italy,ITA,2005,0.0
Italy,ITA,2006,0.0
Italy,ITA,2007,0.0
Italy,ITA,2008,0.011499443
Italy,ITA,2009,0.0061100231
Italy,ITA,2010,0.040653888
Italy,ITA,2011,0.02362402
Italy,ITA,2012,0.06375814866
Italy,ITA,2013,0.036224723
Italy,ITA,2014,0.05001712900000001
Italy,ITA,2015,0.061936849999999995
Italy,ITA,2016,0.005299105
Italy,ITA,2017,0.1341894727
Italy,ITA,2018,0.052395042
Italy,ITA,2019,0.0
Italy,ITA,2020,0.006815270700000001
Italy,ITA,2021,0.002707406
Italy,ITA,2022,0.0
Italy,ITA,2023,0.425140285
Italy,ITA,2024,0.0
Italy,ITA,2025,0.0
Jamaica,JAM,1963,1.3940858
Jamaica,JAM,1968,0.046132307
Jamaica,JAM,1973,0.089195885
Jamaica,JAM,1974,4.2103093e-05
Jamaica,JAM,1979,1.1133726
Jamaica,JAM,1980,2.3886127
Jamaica,JAM,1985,0.24759087
Jamaica,JAM,1986,2.7590718
Jamaica,JAM,1987,0.9431071
Jamaica,JAM,1988,26.132455223999997
Jamaica,JAM,1991,0.73060113
Jamaica,JAM,1993,0.20220307
Jamaica,JAM,1994,0.018340012
Jamaica,JAM,1996,0.040574033
Jamaica,JAM,2000,0.06662917
Jamaica,JAM,2001,0.6034654
Jamaica,JAM,2002,0.216380088
Jamaica,JAM,2004,8.796358
Jamaica,JAM,2005,0.30683398
Jamaica,JAM,2006,0.0
Jamaica,JAM,2007,2.3438232
Jamaica,JAM,2008,0.48286572
Jamaica,JAM,2010,1.1345973
Jamaica,JAM,2012,0.11171678
Jamaica,JAM,2014,0.071946494
Jamaica,JAM,2016,0.0
Jamaica,JAM,2017,0.0
Jamaica,JAM,2024,0.10856516
Jamaica,JAM,2025,44.04335
Japan,JPN,1960,0.0
Japan,JPN,1961,0.0
Japan,JPN,1962,0.0
Japan,JPN,1963,0.0
Japan,JPN,1964,0.0
Japan,JPN,1965,0.090554304
Japan,JPN,1966,0.0068441317
Japan,JPN,1967,0.014785756
Japan,JPN,1968,0.0
Japan,JPN,1969,0.0
Japan,JPN,1971,0.0
Japan,JPN,1972,0.030743599
Japan,JPN,1973,0.0
Japan,JPN,1974,0.079943225
Japan,JPN,1975,0.113769494
Japan,JPN,1976,0.1373681715
Japan,JPN,1977,0.004650602199999999
Japan,JPN,1978,0.0
Japan,JPN,1979,0.0
Japan,JPN,1980,0.0
Japan,JPN,1981,0.0
Japan,JPN,1982,0.0206232209
Japan,JPN,1983,0.0
Japan,JPN,1984,0.0
Japan,JPN,1985,0.0068287714
Japan,JPN,1986,0.10162935
Japan,JPN,1987,0.0
Japan,JPN,1988,0.0
Japan,JPN,1989,0.0
Japan,JPN,1990,0.175622816
Japan,JPN,1991,0.2707867
Japan,JPN,1992,0.0
Japan,JPN,1993,0.03777674
Japan,JPN,1994,0.0001175534
Japan,JPN,1995,0.00148768094
Japan,JPN,1996,0.0
Japan,JPN,1997,0.0021835107
Japan,JPN,1998,0.08036654
Japan,JPN,1999,0.1089148645
Japan,JPN,2000,0.18820471
Japan,JPN,2001,0.029287243
Japan,JPN,2002,0.00060057273
Japan,JPN,2003,0.00244893686
Japan,JPN,2004,0.34591826999999997
Japan,JPN,2005,0.021066062
Japan,JPN,2006,0.053912673
Japan,JPN,2007,0.022920553
Japan,JPN,2008,0.0
Japan,JPN,2009,0.01873794
Japan,JPN,2010,0.0
Japan,JPN,2011,0.040131077
Japan,JPN,2012,0.026878002
Japan,JPN,2013,0.004214481930000001
Japan,JPN,2014,0.13319926
Japan,JPN,2015,0.035951529600000004
Japan,JPN,2016,0.0019568102
Japan,JPN,2017,0.043705811
Japan,JPN,2018,0.51413446
Japan,JPN,2019,0.49964210330000003
Japan,JPN,2020,0.1156248104
Japan,JPN,2021,0.040184208699999995
Japan,JPN,2022,0.065040817
Japan,JPN,2023,0.0
Japan,JPN,2024,0.031026193
Japan,JPN,2025,0.0038330047
Jordan,JOR,1965,0.16673343
Jordan,JOR,1966,0.21276604
Jordan,JOR,1987,0.0
Jordan,JOR,1991,0.0
Jordan,JOR,1992,7.531775
Jordan,JOR,1997,0.013801024
Jordan,JOR,1999,0.0
Jordan,JOR,2000,0.0
Jordan,JOR,2018,0.0
Jordan,JOR,2023,0.0
Kazakhstan,KAZ,1993,0.1560579
Kazakhstan,KAZ,1995,0.014724431
Kazakhstan,KAZ,1997,0.0
Kazakhstan,KAZ,2000,0.00820031
Kazakhstan,KAZ,2001,0.0
Kazakhstan,KAZ,2005,0.013413004
Kazakhstan,KAZ,2008,0.09742086
Kazakhstan,KAZ,2010,0.02335469
Kazakhstan,KAZ,2011,0.034782343
Kazakhstan,KAZ,2012,0.0
Kazakhstan,KAZ,2013,0.0
Kazakhstan,KAZ,2014,0.0
Kazakhstan,KAZ,2015,0.0028743674
Kazakhstan,KAZ,2017,0.0
Kazakhstan,KAZ,2018,0.0
Kazakhstan,KAZ,2020,0.0
Kazakhstan,KAZ,2021,0.0
Kazakhstan,KAZ,2023,0.0
Kazakhstan,KAZ,2024,0.0
Kenya,KEN,1964,0.0
Kenya,KEN,1965,0.0
Kenya,KEN,1968,0.0036946847
Kenya,KEN,1971,0.08434589
Kenya,KEN,1975,0.0
Kenya,KEN,1977,0.22250016
Kenya,KEN,1979,0.0
Kenya,KEN,1980,0.0
Kenya,KEN,1982,0.0
Kenya,KEN,1984,0.0
Kenya,KEN,1988,0.0
Kenya,KEN,1990,0.0
Kenya,KEN,1991,0.0
Kenya,KEN,1992,0.0
Kenya,KEN,1994,0.0
Kenya,KEN,1995,0.0
Kenya,KEN,1996,0.0
Kenya,KEN,1997,0.08996807
Kenya,KEN,1998,0.0
Kenya,KEN,1999,0.0
Kenya,KEN,2000,0.0
Kenya,KEN,2001,0.0
Kenya,KEN,2002,0.0
Kenya,KEN,2003,0.0
Kenya,KEN,2004,0.0
Kenya,KEN,2005,0.0026683894
Kenya,KEN,2006,0.0
Kenya,KEN,2007,0.0
Kenya,KEN,2008,0.0
Kenya,KEN,2009,0.0
Kenya,KEN,2010,0.0
Kenya,KEN,2011,0.0
Kenya,KEN,2012,0.17731532
Kenya,KEN,2013,0.05837386
Kenya,KEN,2014,0.0
Kenya,KEN,2015,0.0
Kenya,KEN,2016,0.0
Kenya,KEN,2017,0.0
Kenya,KEN,2018,0.37959728
Kenya,KEN,2019,0.0
Kenya,KEN,2020,0.020052123999999998
Kenya,KEN,2021,0.109301746
Kenya,KEN,2022,0.10476985
Kenya,KEN,2023,0.0
Kenya,KEN,2024,0.0
Kenya,KEN,2025,0.0
Kiribati,KIR,1972,0.0
Kiribati,KIR,1999,0.0
Kiribati,KIR,2008,0.0
Kiribati,KIR,2014,0.0
Kiribati,KIR,2015,0.0
Kuwait,KWT,1997,0.0
Kuwait,KWT,2018,0.0
Kyrgyzstan,KGZ,1998,0.14581123
Kyrgyzstan,KGZ,2000,0.0
Kyrgyzstan,KGZ,2005,0.108119234
Kyrgyzstan,KGZ,2006,0.0
Kyrgyzstan,KGZ,2007,0.0052596
Kyrgyzstan,KGZ,2009,0.0
Kyrgyzstan,KGZ,2012,0.0
Kyrgyzstan,KGZ,2014,0.0
Kyrgyzstan,KGZ,2022,0.0
Kyrgyzstan,KGZ,2024,0.0
Laos,LAO,1984,0.0
Laos,LAO,1987,0.0
Laos,LAO,1988,0.0
Laos,LAO,1991,0.014590191
Laos,LAO,1992,2.25907465
Laos,LAO,1993,22.756641
Laos,LAO,1994,0.0
Laos,LAO,1995,0.0
Laos,LAO,1996,0.0
Laos,LAO,1999,0.0
Laos,LAO,2000,0.05776347
Laos,LAO,2001,0.0
Laos,LAO,2002,0.0
Laos,LAO,2008,0.0
Laos,LAO,2009,1.7134621
Laos,LAO,2011,0.0
Laos,LAO,2013,1.0097425
Laos,LAO,2014,0.0
Laos,LAO,2015,0.06931746
Laos,LAO,2016,0.00031421834
Laos,LAO,2017,0.0
Laos,LAO,2018,1.2402406
Laos,LAO,2019,0.0
Laos,LAO,2020,0.0
Laos,LAO,2021,0.0
Laos,LAO,2022,0.0
Laos,LAO,2023,0.048721354
Laos,LAO,2024,1.861856895
Laos,LAO,2025,0.07135454
Latvia,LVA,1999,0.006826691
Latvia,LVA,2001,0.0
Latvia,LVA,2003,0.0
Latvia,LVA,2005,1.993017
Latvia,LVA,2006,0.0
Latvia,LVA,2012,0.0
Latvia,LVA,2013,0.0
Latvia,LVA,2018,0.0
Latvia,LVA,2022,0.0
Latvia,LVA,2023,0.0
Latvia,LVA,2024,0.0
Lebanon,LBN,1992,2.652484
Lebanon,LBN,2002,0.0
Lebanon,LBN,2003,0.0
Lebanon,LBN,2007,0.0
Lebanon,LBN,2015,0.0
Lebanon,LBN,2018,0.0
Lebanon,LBN,2019,0.0
Lebanon,LBN,2020,0.0
Lebanon,LBN,2023,0.0
Lebanon,LBN,2024,0.0
Lesotho,LSO,1968,1.6274459
Lesotho,LSO,1983,0.0
Lesotho,LSO,1984,0.0
Lesotho,LSO,1985,0.0
Lesotho,LSO,1987,0.0
Lesotho,LSO,1989,0.0
Lesotho,LSO,1990,0.0
Lesotho,LSO,1992,0.0
Lesotho,LSO,1993,0.0
Lesotho,LSO,1994,0.0
Lesotho,LSO,1996,0.0
Lesotho,LSO,2001,0.0
Lesotho,LSO,2002,0.0
Lesotho,LSO,2003,0.0
Lesotho,LSO,2007,0.0
Lesotho,LSO,2008,0.0
Lesotho,LSO,2011,0.0
Lesotho,LSO,2012,0.0
Lesotho,LSO,2014,0.0
Lesotho,LSO,2016,0.0
Lesotho,LSO,2017,0.0
Lesotho,LSO,2019,0.0
Lesotho,LSO,2020,0.0
Lesotho,LSO,2021,0.0
Lesotho,LSO,2022,0.0
Lesotho,LSO,2023,0.0
Lesotho,LSO,2024,0.0
Lesotho,LSO,2025,0.0
Liberia,LBR,1983,0.0
Liberia,LBR,1990,12.226847
Liberia,LBR,1995,0.0
Liberia,LBR,1998,0.0
Liberia,LBR,2007,0.0
Liberia,LBR,2008,0.0
Liberia,LBR,2009,0.0
Liberia,LBR,2010,0.0
Liberia,LBR,2016,0.0
Liberia,LBR,2023,0.0
Liberia,LBR,2024,0.0
Libya,LBY,1995,0.1652221
Libya,LBY,2013,0.0
Libya,LBY,2019,0.010252042
Libya,LBY,2023,14.082055
Libya,LBY,2024,0.0
Liechtenstein,LIE,2023,0.0
Lithuania,LTU,1999,0.0045363423
Lithuania,LTU,2001,0.0
Lithuania,LTU,2005,0.1149196
Lithuania,LTU,2006,0.749009
Lithuania,LTU,2010,0.0
Lithuania,LTU,2012,0.0
Lithuania,LTU,2018,0.0
Lithuania,LTU,2022,0.0
Lithuania,LTU,2023,0.0
Lithuania,LTU,2024,0.0
Luxembourg,LUX,1983,0.0
Luxembourg,LUX,1990,2.8954222
Luxembourg,LUX,1993,0.062792294
Luxembourg,LUX,1995,0.047954515
Luxembourg,LUX,2003,0.0
Luxembourg,LUX,2010,0.05514642
Luxembourg,LUX,2019,0.0
Luxembourg,LUX,2021,0.0
Luxembourg,LUX,2022,0.0
Luxembourg,LUX,2023,0.0
Luxembourg,LUX,2024,0.0
Madagascar,MDG,1968,0.3004838
Madagascar,MDG,1969,0.47330958
Madagascar,MDG,1970,1.0253093
Madagascar,MDG,1972,0.9257667
Madagascar,MDG,1975,0.0
Madagascar,MDG,1976,0.7791574
Madagascar,MDG,1977,14.837233
Madagascar,MDG,1978,1.086242
Madagascar,MDG,1981,5.2528358
Madagascar,MDG,1982,5.224685
Madagascar,MDG,1983,0.53345203
Madagascar,MDG,1984,6.4005103
Madagascar,MDG,1986,3.44987
Madagascar,MDG,1988,0.0
Madagascar,MDG,1989,0.0
Madagascar,MDG,1990,0.0
Madagascar,MDG,1991,0.0
Madagascar,MDG,1992,0.0
Madagascar,MDG,1994,0.2895895
Madagascar,MDG,1996,0.0
Madagascar,MDG,1997,1.1728925
Madagascar,MDG,1998,0.0
Madagascar,MDG,2000,0.19441606
Madagascar,MDG,2002,0.003382102
Madagascar,MDG,2003,2.3538647
Madagascar,MDG,2004,4.9360948
Madagascar,MDG,2005,0.0
Madagascar,MDG,2006,0.0
Madagascar,MDG,2007,2.8153744
Madagascar,MDG,2008,0.5594334
Madagascar,MDG,2009,0.051991917
Madagascar,MDG,2010,0.0
Madagascar,MDG,2011,0.0
Madagascar,MDG,2012,0.8636343
Madagascar,MDG,2013,0.20123065
Madagascar,MDG,2014,0.0
Madagascar,MDG,2015,0.40625203
Madagascar,MDG,2016,0.0
Madagascar,MDG,2017,0.15178752
Madagascar,MDG,2018,0.0
Madagascar,MDG,2019,0.17724633
Madagascar,MDG,2020,0.0
Madagascar,MDG,2021,0.0
Madagascar,MDG,2022,0.10428767
Madagascar,MDG,2023,0.124713875
Madagascar,MDG,2024,0.28420666
Madagascar,MDG,2025,0.050967485
Malawi,MWI,1982,0.0
Malawi,MWI,1987,0.0
Malawi,MWI,1988,0.0
Malawi,MWI,1989,0.0
Malawi,MWI,1990,0.0
Malawi,MWI,1991,0.7484134
Malawi,MWI,1992,0.0
Malawi,MWI,1993,0.0
Malawi,MWI,1994,0.0
Malawi,MWI,1995,0.0
Malawi,MWI,1997,0.0
Malawi,MWI,1998,0.0034934708
Malawi,MWI,1999,0.0
Malawi,MWI,2000,0.039411854
Malawi,MWI,2001,0.26821363
Malawi,MWI,2002,0.0
Malawi,MWI,2003,0.0
Malawi,MWI,2005,0.0
Malawi,MWI,2006,0.0
Malawi,MWI,2007,0.0
Malawi,MWI,2008,0.0
Malawi,MWI,2009,0.0
Malawi,MWI,2010,0.0
Malawi,MWI,2011,0.0
Malawi,MWI,2012,0.0
Malawi,MWI,2013,0.0
Malawi,MWI,2015,4.230176
Malawi,MWI,2016,0.0
Malawi,MWI,2017,0.0
Malawi,MWI,2018,0.0
Malawi,MWI,2019,0.0
Malawi,MWI,2020,0.0
Malawi,MWI,2021,0.0
Malawi,MWI,2022,0.0
Malawi,MWI,2023,3.791698
Malawi,MWI,2024,1.519408
Malawi,MWI,2025,1.5291646
Malaysia,MYS,1965,0.033825636
Malaysia,MYS,1967,0.8027784
Malaysia,MYS,1968,0.0
Malaysia,MYS,1970,0.95752084
Malaysia,MYS,1978,0.0
Malaysia,MYS,1983,0.0
Malaysia,MYS,1986,0.04146518
Malaysia,MYS,1987,0.0
Malaysia,MYS,1988,0.0
Malaysia,MYS,1993,0.0
Malaysia,MYS,1995,0.0
Malaysia,MYS,1996,0.051558968
Malaysia,MYS,1997,0.3009839867
Malaysia,MYS,1998,0.0027713305
Malaysia,MYS,1999,0.0
Malaysia,MYS,2000,0.0010662148
Malaysia,MYS,2001,0.0
Malaysia,MYS,2002,0.0
Malaysia,MYS,2003,0.0
Malaysia,MYS,2004,0.008016066
Malaysia,MYS,2005,0.0
Malaysia,MYS,2006,0.013522463
Malaysia,MYS,2007,0.5001303
Malaysia,MYS,2008,0.0
Malaysia,MYS,2009,0.0
Malaysia,MYS,2011,0.0
Malaysia,MYS,2013,0.00061866594
Malaysia,MYS,2014,0.08400724
Malaysia,MYS,2015,0.0
Malaysia,MYS,2016,0.009065493
Malaysia,MYS,2017,0.032806855
Malaysia,MYS,2018,0.0
Malaysia,MYS,2019,0.0
Malaysia,MYS,2020,0.0020150766
Malaysia,MYS,2021,0.32549945
Malaysia,MYS,2022,0.059724156
Malaysia,MYS,2023,0.0
Malaysia,MYS,2025,0.0
Maldives,MDV,1987,4.248599
Maldives,MDV,1991,12.275122
Maldives,MDV,2007,0.0
Maldives,MDV,2019,0.0
Maldives,MDV,2021,0.0
Mali,MLI,1978,0.0
Mali,MLI,1980,0.0
Mali,MLI,1981,0.0
Mali,MLI,1982,0.0
Mali,MLI,1983,0.0
Mali,MLI,1984,0.0
Mali,MLI,1985,0.0
Mali,MLI,1988,0.0
Mali,MLI,1989,0.0
Mali,MLI,1991,0.0
Mali,MLI,1998,0.0
Mali,MLI,1999,0.0
Mali,MLI,2000,0.0
Mali,MLI,2001,0.0
Mali,MLI,2002,0.0
Mali,MLI,2003,0.0
Mali,MLI,2005,0.0
Mali,MLI,2006,0.0
Mali,MLI,2007,0.0
Mali,MLI,2008,0.0
Mali,MLI,2009,0.0
Mali,MLI,2010,0.0
Mali,MLI,2011,0.0
Mali,MLI,2012,0.0
Mali,MLI,2013,0.0
Mali,MLI,2015,0.0
Mali,MLI,2016,0.0
Mali,MLI,2018,0.0
Mali,MLI,2019,0.0
Mali,MLI,2020,0.0
Mali,MLI,2022,0.0
Mali,MLI,2024,0.6165624
Malta,MLT,2022,0.0
Malta,MLT,2023,0.0
Marshall Islands,MHL,1991,0.0
Marshall Islands,MHL,2008,0.0
Marshall Islands,MHL,2013,0.0
Marshall Islands,MHL,2014,0.0
Marshall Islands,MHL,2015,1.8831687
Marshall Islands,MHL,2016,0.71388453
Marshall Islands,MHL,2019,0.0
Marshall Islands,MHL,2022,0.0
Marshall Islands,MHL,2024,0.0
Mauritania,MRT,1965,0.0
Mauritania,MRT,1969,1.6454972
Mauritania,MRT,1970,1.5692174
Mauritania,MRT,1971,1.4468689
Mauritania,MRT,1972,1.2396275
Mauritania,MRT,1973,0.9843612
Mauritania,MRT,1974,0.79203236
Mauritania,MRT,1975,0.6921668
Mauritania,MRT,1976,0.0
Mauritania,MRT,1977,0.0
Mauritania,MRT,1978,2.3850372
Mauritania,MRT,1979,0.66280836
Mauritania,MRT,1980,0.0
Mauritania,MRT,1981,0.0
Mauritania,MRT,1982,0.0
Mauritania,MRT,1983,0.0
Mauritania,MRT,1984,0.0
Mauritania,MRT,1985,0.0
Mauritania,MRT,1991,0.0
Mauritania,MRT,1993,0.0
Mauritania,MRT,1995,0.0
Mauritania,MRT,1997,0.0
Mauritania,MRT,1998,0.0
Mauritania,MRT,1999,0.0
Mauritania,MRT,2001,0.0
Mauritania,MRT,2002,0.0
Mauritania,MRT,2003,0.0
Mauritania,MRT,2005,0.0
Mauritania,MRT,2006,0.0
Mauritania,MRT,2007,0.0
Mauritania,MRT,2009,0.0
Mauritania,MRT,2010,0.0
Mauritania,MRT,2011,0.0
Mauritania,MRT,2012,0.0
Mauritania,MRT,2013,0.027660046
Mauritania,MRT,2017,0.0
Mauritania,MRT,2018,0.0
Mauritania,MRT,2019,0.0
Mauritania,MRT,2020,0.0
Mauritania,MRT,2021,0.0
Mauritania,MRT,2022,0.0
Mauritania,MRT,2023,0.0
Mauritius,MUS,1960,0.0
Mauritius,MUS,1967,2.0969698
Mauritius,MUS,1972,0.0
Mauritius,MUS,1975,29.703943
Mauritius,MUS,1979,14.257239
Mauritius,MUS,1982,0.08902726
Mauritius,MUS,1983,0.0
Mauritius,MUS,1989,2.7133203
Mauritius,MUS,1991,0.0
Mauritius,MUS,1994,3.7548
Mauritius,MUS,1996,0.0
Mauritius,MUS,1999,3.9752913
Mauritius,MUS,2002,1.0190575
Mauritius,MUS,2007,0.0
Mauritius,MUS,2013,0.016084157
Mauritius,MUS,2018,0.0
Mauritius,MUS,2022,0.0
Mauritius,MUS,2023,0.0
Mauritius,MUS,2024,0.0
Mexico,MEX,1961,0.0
Mexico,MEX,1962,0.0
Mexico,MEX,1965,0.03663004
Mexico,MEX,1966,0.098684214
Mexico,MEX,1967,0.6946536301999999
Mexico,MEX,1968,0.0
Mexico,MEX,1969,0.0
Mexico,MEX,1970,0.0
Mexico,MEX,1971,0.10204082
Mexico,MEX,1972,0.0
Mexico,MEX,1973,0.18089725
Mexico,MEX,1974,0.0055555557
Mexico,MEX,1975,0.022727273
Mexico,MEX,1976,0.11251641
Mexico,MEX,1977,0.0
Mexico,MEX,1978,0.023673004
Mexico,MEX,1979,0.0
Mexico,MEX,1980,0.042319898
Mexico,MEX,1981,0.015163127
Mexico,MEX,1982,0.106715716
Mexico,MEX,1983,0.0
Mexico,MEX,1984,0.0
Mexico,MEX,1986,0.0
Mexico,MEX,1987,0.0
Mexico,MEX,1988,0.17983477618000002
Mexico,MEX,1989,0.037578516
Mexico,MEX,1990,0.05155908099999999
Mexico,MEX,1991,0.00063869264
Mexico,MEX,1992,0.0223043511
Mexico,MEX,1993,0.333464882
Mexico,MEX,1995,0.66411953
Mexico,MEX,1996,0.2776785639687
Mexico,MEX,1997,0.0863120515
Mexico,MEX,1998,0.10972963242
Mexico,MEX,1999,0.07784533639999999
Mexico,MEX,2000,0.00820711176
Mexico,MEX,2001,0.050372798
Mexico,MEX,2002,0.129523112
Mexico,MEX,2003,0.013062505
Mexico,MEX,2004,0.0004393141
Mexico,MEX,2005,0.8620578
Mexico,MEX,2006,0.0002646371
Mexico,MEX,2007,0.3265734
Mexico,MEX,2008,0.00645687
Mexico,MEX,2009,0.004239815
Mexico,MEX,2010,0.5351791681
Mexico,MEX,2011,0.048632491
Mexico,MEX,2012,0.06812149
Mexico,MEX,2013,0.4295498
Mexico,MEX,2014,0.18625765
Mexico,MEX,2015,0.06799668
Mexico,MEX,2016,0.0067431886
Mexico,MEX,2017,0.0001679654
Mexico,MEX,2018,0.04328623
Mexico,MEX,2019,0.029368773
Mexico,MEX,2020,0.029882306
Mexico,MEX,2021,0.0660808285
Mexico,MEX,2022,0.0034766374
Mexico,MEX,2023,0.6687434
Mexico,MEX,2024,0.14149222
Mexico,MEX,2025,0.011622569
Micronesia,FSM,1987,5.141388
Micronesia,FSM,1998,0.0
Micronesia,FSM,2002,0.21038963
Micronesia,FSM,2003,0.0
Micronesia,FSM,2004,0.0
Micronesia,FSM,2008,0.0
Micronesia,FSM,2015,3.525641
Micronesia,FSM,2016,0.0
Micronesia,FSM,2019,0.0
Micronesia,FSM,2023,0.0
Micronesia,FSM,2024,0.0
Moldova,MDA,1994,17.623068
Moldova,MDA,1997,2.5905647
Moldova,MDA,1999,0.3416517
Moldova,MDA,2000,2.4525986
Moldova,MDA,2002,0.050065644
Moldova,MDA,2005,0.25940797
Moldova,MDA,2006,0.0
Moldova,MDA,2007,9.224813
Moldova,MDA,2008,0.0
Moldova,MDA,2010,0.0
Moldova,MDA,2012,0.0
Moldova,MDA,2019,0.0
Moldova,MDA,2023,0.0
Mongolia,MNG,1982,0.0
Mongolia,MNG,1986,0.0
Mongolia,MNG,1990,4.2955565
Mongolia,MNG,1991,0.0
Mongolia,MNG,1993,1.3014028
Mongolia,MNG,1994,0.0
Mongolia,MNG,1996,127.27764
Mongolia,MNG,2000,7.0367026
Mongolia,MNG,2001,0.0
Mongolia,MNG,2002,0.0
Mongolia,MNG,2003,0.016924744
Mongolia,MNG,2008,0.0
Mongolia,MNG,2009,0.2324342678
Mongolia,MNG,2010,0.71548355
Mongolia,MNG,2015,0.0
Mongolia,MNG,2016,0.0
Mongolia,MNG,2017,0.0
Mongolia,MNG,2018,0.0
Mongolia,MNG,2019,0.0
Mongolia,MNG,2020,0.012769491
Mongolia,MNG,2021,0.0
Mongolia,MNG,2022,0.0
Mongolia,MNG,2023,0.0
Mongolia,MNG,2024,0.0
Montenegro,MNE,2007,0.0
Montenegro,MNE,2009,0.0
Montenegro,MNE,2010,0.0
Montenegro,MNE,2012,0.0
Montenegro,MNE,2017,0.0
Montenegro,MNE,2022,0.0
Montenegro,MNE,2023,0.0
Montenegro,MNE,2024,0.0
Morocco,MAR,1963,0.0
Morocco,MAR,1964,0.0
Morocco,MAR,1965,0.16958746
Morocco,MAR,1966,0.0
Morocco,MAR,1970,0.7582773
Morocco,MAR,1971,0.0022953316
Morocco,MAR,1975,0.0
Morocco,MAR,1977,0.0
Morocco,MAR,1979,0.0
Morocco,MAR,1995,0.023059016
Morocco,MAR,1996,0.12742817
Morocco,MAR,1997,0.0
Morocco,MAR,1999,0.44051278
Morocco,MAR,2000,0.8099689918999999
Morocco,MAR,2001,0.800272854
Morocco,MAR,2002,0.42483416
Morocco,MAR,2003,0.0
Morocco,MAR,2005,7.261884e-05
Morocco,MAR,2006,0.0
Morocco,MAR,2008,0.0
Morocco,MAR,2009,0.0
Morocco,MAR,2010,0.028751208
Morocco,MAR,2012,0.0
Morocco,MAR,2014,0.25182396
Morocco,MAR,2016,0.0
Morocco,MAR,2017,0.0
Morocco,MAR,2018,0.0
Morocco,MAR,2019,0.0
Morocco,MAR,2021,0.0
Morocco,MAR,2024,0.0
Morocco,MAR,2025,0.0
Mozambique,MOZ,1991,0.999753
Mozambique,MOZ,1992,0.40951058
Mozambique,MOZ,1994,0.0
Mozambique,MOZ,1996,0.35978845
Mozambique,MOZ,1997,0.0010259222
Mozambique,MOZ,1998,0.0
Mozambique,MOZ,1999,0.19728824
Mozambique,MOZ,2000,7.085184457
Mozambique,MOZ,2001,0.63715076
Mozambique,MOZ,2002,0.0
Mozambique,MOZ,2003,0.0
Mozambique,MOZ,2005,0.0
Mozambique,MOZ,2006,0.0
Mozambique,MOZ,2007,1.4660375
Mozambique,MOZ,2008,0.251541356
Mozambique,MOZ,2009,0.02446205
Mozambique,MOZ,2010,0.0
Mozambique,MOZ,2011,0.0
Mozambique,MOZ,2012,0.0
Mozambique,MOZ,2013,0.17443815
Mozambique,MOZ,2014,0.0
Mozambique,MOZ,2015,0.0
Mozambique,MOZ,2016,0.012428483
Mozambique,MOZ,2017,0.12816028
Mozambique,MOZ,2018,0.0339607
Mozambique,MOZ,2019,14.375263
Mozambique,MOZ,2020,0.0
Mozambique,MOZ,2021,0.0
Mozambique,MOZ,2022,0.0
Mozambique,MOZ,2023,0.0
Mozambique,MOZ,2024,0.0
Mozambique,MOZ,2025,0.12172537
Myanmar,MMR,1963,0.0
Myanmar,MMR,1965,0.27244014
Myanmar,MMR,1967,1.9507134
Myanmar,MMR,1968,0.44646356
Myanmar,MMR,1970,0.0
Myanmar,MMR,1974,0.0
Myanmar,MMR,1975,0.0
Myanmar,MMR,1976,0.0
Myanmar,MMR,1977,0.0
Myanmar,MMR,1978,0.0
Myanmar,MMR,1979,1.1551406
Myanmar,MMR,1981,0.0
Myanmar,MMR,1982,0.0
Myanmar,MMR,1991,3.8573165
Myanmar,MMR,1992,2.2854574
Myanmar,MMR,1994,0.22561868
Myanmar,MMR,1995,0.0
Myanmar,MMR,1997,0.0
Myanmar,MMR,1999,0.0
Myanmar,MMR,2001,0.0
Myanmar,MMR,2002,0.0
Myanmar,MMR,2004,0.0065106177
Myanmar,MMR,2006,0.0
Myanmar,MMR,2007,0.0
Myanmar,MMR,2008,12.553922
Myanmar,MMR,2010,0.11505665
Myanmar,MMR,2011,0.0028344044
Myanmar,MMR,2012,0.0
Myanmar,MMR,2013,0.0
Myanmar,MMR,2014,0.0
Myanmar,MMR,2015,0.19964
Myanmar,MMR,2016,0.01042681
Myanmar,MMR,2017,0.0
Myanmar,MMR,2018,0.0
Myanmar,MMR,2019,0.0
Myanmar,MMR,2020,0.0
Myanmar,MMR,2021,0.0
Myanmar,MMR,2023,3.3554223
Myanmar,MMR,2024,0.29972315
Myanmar,MMR,2025,0.0
Namibia,NAM,1982,0.0
Namibia,NAM,1983,0.0
Namibia,NAM,1984,0.0
Namibia,NAM,1991,1.3354579
Namibia,NAM,1992,0.29094642
Namibia,NAM,1995,0.0
Namibia,NAM,1996,0.0
Namibia,NAM,1998,0.0020211665
Namibia,NAM,1999,0.02382592
Namibia,NAM,2000,0.0
Namibia,NAM,2001,0.0
Namibia,NAM,2002,0.0
Namibia,NAM,2003,0.0
Namibia,NAM,2004,0.0
Namibia,NAM,2006,0.1061014
Namibia,NAM,2007,0.0
Namibia,NAM,2008,0.0
Namibia,NAM,2009,0.0
Namibia,NAM,2010,0.0
Namibia,NAM,2011,0.09582093
Namibia,NAM,2012,0.0
Namibia,NAM,2013,0.48981476
Namibia,NAM,2014,0.04028893
Namibia,NAM,2015,0.42369327
Namibia,NAM,2016,0.111673795
Namibia,NAM,2017,0.0
Namibia,NAM,2018,0.0
Namibia,NAM,2019,0.0
Namibia,NAM,2020,0.0
Namibia,NAM,2021,0.0
Namibia,NAM,2023,0.0
Namibia,NAM,2024,0.0
Namibia,NAM,2025,0.0
Nepal,NPL,1964,0.0
Nepal,NPL,1967,0.0
Nepal,NPL,1968,0.03884846
Nepal,NPL,1970,0.0
Nepal,NPL,1972,0.48890215
Nepal,NPL,1973,0.51364595
Nepal,NPL,1978,0.031979304
Nepal,NPL,1979,0.0
Nepal,NPL,1980,0.0
Nepal,NPL,1981,0.0
Nepal,NPL,1982,0.0
Nepal,NPL,1983,0.40863448
Nepal,NPL,1984,0.0
Nepal,NPL,1985,0.0
Nepal,NPL,1986,0.0
Nepal,NPL,1987,3.2290075
Nepal,NPL,1988,0.0
Nepal,NPL,1990,0.0
Nepal,NPL,1991,0.0
Nepal,NPL,1992,0.18228798
Nepal,NPL,1993,5.464419
Nepal,NPL,1995,0.027265884
Nepal,NPL,1996,0.0
Nepal,NPL,1998,0.55598396
Nepal,NPL,1999,0.03973266
Nepal,NPL,2000,0.114665285
Nepal,NPL,2002,0.0
Nepal,NPL,2003,0.0
Nepal,NPL,2004,0.0
Nepal,NPL,2005,0.0
Nepal,NPL,2006,0.0
Nepal,NPL,2007,0.02324316
Nepal,NPL,2008,0.00023115972
Nepal,NPL,2009,0.466745
Nepal,NPL,2010,0.0
Nepal,NPL,2011,0.0005701341
Nepal,NPL,2012,0.0046076365
Nepal,NPL,2013,0.0
Nepal,NPL,2014,0.0
Nepal,NPL,2016,0.0611643
Nepal,NPL,2017,2.0537362
Nepal,NPL,2018,0.0
Nepal,NPL,2019,0.5967324
Nepal,NPL,2020,0.29909977
Nepal,NPL,2021,0.0
Nepal,NPL,2022,0.0
Nepal,NPL,2023,0.0
Nepal,NPL,2024,0.7807194
Nepal,NPL,2025,0.0
Netherlands,NLD,1976,0.0
Netherlands,NLD,1984,0.0
Netherlands,NLD,1985,0.0
Netherlands,NLD,1986,0.0
Netherlands,NLD,1990,0.54893523
Netherlands,NLD,1992,0.007592909
Netherlands,NLD,1993,0.014968771
Netherlands,NLD,1994,0.00052674796
Netherlands,NLD,1995,0.26050442
Netherlands,NLD,1997,0.0
Netherlands,NLD,1998,0.120858379166
Netherlands,NLD,2002,0.06308751
Netherlands,NLD,2003,0.0
Netherlands,NLD,2005,0.014532059
Netherlands,NLD,2006,0.0
Netherlands,NLD,2007,0.06444058
Netherlands,NLD,2008,0.0
Netherlands,NLD,2010,0.0032845924
Netherlands,NLD,2012,0.0
Netherlands,NLD,2013,0.0011312837
Netherlands,NLD,2016,0.105875336
Netherlands,NLD,2018,0.01183253
Netherlands,NLD,2019,0.0
Netherlands,NLD,2020,0.0
Netherlands,NLD,2021,0.0
Netherlands,NLD,2022,0.054314174
Netherlands,NLD,2023,0.0
Netherlands,NLD,2024,0.0041188323
New Zealand,NZL,1968,0.0
New Zealand,NZL,1976,0.18008307
New Zealand,NZL,1977,0.0
New Zealand,NZL,1978,0.0
New Zealand,NZL,1980,0.0
New Zealand,NZL,1981,0.0
New Zealand,NZL,1983,0.0
New Zealand,NZL,1984,0.09231064
New Zealand,NZL,1985,0.0
New Zealand,NZL,1986,0.064696014
New Zealand,NZL,1987,0.0
New Zealand,NZL,1988,0.0
New Zealand,NZL,1989,0.0
New Zealand,NZL,1991,0.0
New Zealand,NZL,1992,0.12364996
New Zealand,NZL,1994,0.18078366
New Zealand,NZL,1996,0.0
New Zealand,NZL,1997,0.0
New Zealand,NZL,1998,0.13338748
New Zealand,NZL,1999,0.0
New Zealand,NZL,2000,0.0019002996
New Zealand,NZL,2001,0.37124744
New Zealand,NZL,2002,0.0007504383
New Zealand,NZL,2003,0.0033993993
New Zealand,NZL,2004,0.23579183
New Zealand,NZL,2005,0.07147829600000001
New Zealand,NZL,2006,0.0026896468
New Zealand,NZL,2007,0.0
New Zealand,NZL,2012,0.005155572
New Zealand,NZL,2013,0.441491904
New Zealand,NZL,2015,0.15212117
New Zealand,NZL,2016,0.013228889
New Zealand,NZL,2017,0.044054580999999995
New Zealand,NZL,2018,0.011807704
New Zealand,NZL,2020,0.051566174
New Zealand,NZL,2021,0.109170095
New Zealand,NZL,2022,0.0
New Zealand,NZL,2023,1.8332724
New Zealand,NZL,2024,0.0
Nicaragua,NIC,1960,0.0
Nicaragua,NIC,1961,0.12287818
Nicaragua,NIC,1968,0.21649396
Nicaragua,NIC,1971,0.04586215
Nicaragua,NIC,1976,0.0
Nicaragua,NIC,1979,0.0
Nicaragua,NIC,1980,0.0
Nicaragua,NIC,1982,14.503973
Nicaragua,NIC,1988,15.203922
Nicaragua,NIC,1990,0.0
Nicaragua,NIC,1991,5.3734403
Nicaragua,NIC,1993,0.0
Nicaragua,NIC,1994,0.41416603
Nicaragua,NIC,1995,0.0
Nicaragua,NIC,1996,0.23442839
Nicaragua,NIC,1997,0.045558363
Nicaragua,NIC,1998,21.308004
Nicaragua,NIC,1999,0.010296484
Nicaragua,NIC,2000,0.019571053
Nicaragua,NIC,2001,0.01868547
Nicaragua,NIC,2002,0.020100590970000002
Nicaragua,NIC,2004,0.0
Nicaragua,NIC,2005,0.0
Nicaragua,NIC,2007,0.0
Nicaragua,NIC,2008,0.0
Nicaragua,NIC,2009,0.0
Nicaragua,NIC,2010,0.0
Nicaragua,NIC,2011,0.0
Nicaragua,NIC,2012,0.0
Nicaragua,NIC,2013,0.0
Nicaragua,NIC,2014,0.0
Nicaragua,NIC,2015,0.0
Nicaragua,NIC,2016,0.0
Nicaragua,NIC,2017,0.0
Nicaragua,NIC,2018,0.0
Nicaragua,NIC,2019,0.0
Nicaragua,NIC,2020,7.2211967
Nicaragua,NIC,2022,1.1512946
Nicaragua,NIC,2024,0.0
Niger,NER,1966,0.0
Niger,NER,1967,0.0
Niger,NER,1974,0.097452864
Niger,NER,1980,0.0
Niger,NER,1981,0.0
Niger,NER,1982,0.0
Niger,NER,1983,0.0
Niger,NER,1984,0.0
Niger,NER,1985,0.0
Niger,NER,1988,0.44729856
Niger,NER,1990,0.0
Niger,NER,1991,0.0
Niger,NER,1994,0.0
Niger,NER,1997,0.0
Niger,NER,1998,0.0
Niger,NER,1999,0.0
Niger,NER,2000,0.0
Niger,NER,2001,0.0
Niger,NER,2002,0.0
Niger,NER,2003,0.0
Niger,NER,2005,0.0
Niger,NER,2006,0.0
Niger,NER,2007,0.0
Niger,NER,2008,0.0
Niger,NER,2009,0.0
Niger,NER,2010,0.0
Niger,NER,2011,0.0
Niger,NER,2012,1.9530785
Niger,NER,2013,0.6330039
Niger,NER,2014,0.018411215
Niger,NER,2015,0.0
Niger,NER,2016,0.0
Niger,NER,2017,0.0880338
Niger,NER,2018,0.0
Niger,NER,2019,0.0
Niger,NER,2020,0.073269024
Niger,NER,2021,0.0
Niger,NER,2022,0.0
Niger,NER,2023,0.0
Niger,NER,2024,1.1404077
Niger,NER,2025,0.0
Nigeria,NGA,1978,0.0
Nigeria,NGA,1983,0.016583392
Nigeria,NGA,1984,0.037372664
Nigeria,NGA,1985,0.048190262
Nigeria,NGA,1988,0.0
Nigeria,NGA,1992,0.0
Nigeria,NGA,1994,0.08271184
Nigeria,NGA,1998,0.0
Nigeria,NGA,1999,0.0
Nigeria,NGA,2000,0.009693305
Nigeria,NGA,2001,0.004078423
Nigeria,NGA,2002,0.0
Nigeria,NGA,2003,0.0024537193
Nigeria,NGA,2004,0.0
Nigeria,NGA,2005,8.3679355e-05
Nigeria,NGA,2006,0.0
Nigeria,NGA,2007,0.0
Nigeria,NGA,2009,0.0
Nigeria,NGA,2010,0.0081746
Nigeria,NGA,2011,0.0010857326
Nigeria,NGA,2012,0.10798088469999999
Nigeria,NGA,2013,0.0
Nigeria,NGA,2014,0.0
Nigeria,NGA,2015,0.0050707194
Nigeria,NGA,2016,0.0
Nigeria,NGA,2017,0.0
Nigeria,NGA,2018,0.06520617
Nigeria,NGA,2019,0.0
Nigeria,NGA,2020,0.016706014
Nigeria,NGA,2021,0.0
Nigeria,NGA,2022,0.64919984
Nigeria,NGA,2023,0.0
Nigeria,NGA,2024,0.089193024
Nigeria,NGA,2025,0.010316568
North Macedonia,MKD,1993,0.0
North Macedonia,MKD,1995,5.204968
North Macedonia,MKD,2000,0.35948864
North Macedonia,MKD,2001,0.0
North Macedonia,MKD,2002,0.0
North Macedonia,MKD,2003,0.0
North Macedonia,MKD,2004,0.063349225
North Macedonia,MKD,2005,0.0
North Macedonia,MKD,2006,0.0
North Macedonia,MKD,2007,0.0
North Macedonia,MKD,2012,0.0
North Macedonia,MKD,2013,0.0
North Macedonia,MKD,2014,0.0
North Macedonia,MKD,2015,0.86442274
North Macedonia,MKD,2016,0.46849525
North Macedonia,MKD,2017,0.0
North Macedonia,MKD,2021,0.0
Norway,NOR,1990,0.108928464
Norway,NOR,1992,0.0
Norway,NOR,1993,0.0025033022
Norway,NOR,1995,0.19856553
Norway,NOR,2000,0.0
Norway,NOR,2001,0.0
Norway,NOR,2005,0.04174463
Norway,NOR,2006,0.0
Norway,NOR,2008,0.0
Norway,NOR,2011,0.0
Norway,NOR,2013,0.0
Norway,NOR,2022,0.0
Norway,NOR,2023,0.0
Norway,NOR,2024,0.0
Oman,OMN,1977,0.0
Oman,OMN,1981,0.0
Oman,OMN,2003,0.00404307
Oman,OMN,2007,8.074469
Oman,OMN,2010,1.5386155
Oman,OMN,2011,0.0
Oman,OMN,2015,0.2807747
Oman,OMN,2016,0.0
Oman,OMN,2017,0.0
Oman,OMN,2018,0.0
Oman,OMN,2019,0.0
Oman,OMN,2020,0.0
Oman,OMN,2021,0.091613054
Oman,OMN,2024,0.0
Pakistan,PAK,1964,0.08837730899999999
Pakistan,PAK,1965,0.0
Pakistan,PAK,1967,0.03751083
Pakistan,PAK,1973,10.362768
Pakistan,PAK,1975,0.0
Pakistan,PAK,1976,3.835031
Pakistan,PAK,1977,0.0
Pakistan,PAK,1978,0.0
Pakistan,PAK,1979,0.0
Pakistan,PAK,1980,0.0
Pakistan,PAK,1981,0.0
Pakistan,PAK,1982,0.0
Pakistan,PAK,1983,0.0
Pakistan,PAK,1984,0.0
Pakistan,PAK,1986,0.0
Pakistan,PAK,1988,0.0
Pakistan,PAK,1989,0.0
Pakistan,PAK,1990,0.0
Pakistan,PAK,1991,0.0
Pakistan,PAK,1992,2.0461016
Pakistan,PAK,1993,0.0
Pakistan,PAK,1994,0.17593019
Pakistan,PAK,1995,0.0
Pakistan,PAK,1996,0.0
Pakistan,PAK,1997,0.0
Pakistan,PAK,1998,0.0
Pakistan,PAK,1999,0.033085909999999996
Pakistan,PAK,2000,0.059541315
Pakistan,PAK,2001,0.31420312
Pakistan,PAK,2002,0.06052140622
Pakistan,PAK,2003,0.05285738
Pakistan,PAK,2004,0.0
Pakistan,PAK,2005,0.020659938
Pakistan,PAK,2006,0.0
Pakistan,PAK,2007,1.05740672
Pakistan,PAK,2008,0.050938718
Pakistan,PAK,2009,0.0
Pakistan,PAK,2010,4.870122584
Pakistan,PAK,2011,1.0841914
Pakistan,PAK,2012,0.99957234
Pakistan,PAK,2013,0.5799181
Pakistan,PAK,2014,0.7435780796
Pakistan,PAK,2015,0.00033337378
Pakistan,PAK,2016,0.0006376941
Pakistan,PAK,2017,0.032428715
Pakistan,PAK,2018,0.0
Pakistan,PAK,2019,0.0
Pakistan,PAK,2020,0.49929166
Pakistan,PAK,2021,0.0028693033
Pakistan,PAK,2022,4.0011706
Pakistan,PAK,2023,0.0
Pakistan,PAK,2024,0.0
Pakistan,PAK,2025,0.7365448
Palau,PLW,2012,0.0
Palau,PLW,2013,0.0
Palau,PLW,2015,0.0
Palau,PLW,2016,0.0
Palau,PLW,2021,0.0
Palestine,PSE,2010,0.0
Palestine,PSE,2012,0.0
Palestine,PSE,2013,0.0
Palestine,PSE,2015,0.0
Palestine,PSE,2020,0.0
Palestine,PSE,2022,0.0
Palestine,PSE,2025,0.0
Panama,PAN,1964,0.038652945
Panama,PAN,1966,0.10766198
Panama,PAN,1970,1.1102834
Panama,PAN,1972,0.002987908
Panama,PAN,1973,0.0
Panama,PAN,1978,0.0
Panama,PAN,1983,0.0
Panama,PAN,1984,0.0
Panama,PAN,1986,0.0051486986
Panama,PAN,1988,1.0164696
Panama,PAN,1991,0.0
Panama,PAN,1992,0.12434196
Panama,PAN,1995,0.07311611
Panama,PAN,1998,0.00045373873
Panama,PAN,1999,0.0
Panama,PAN,2000,0.010863664
Panama,PAN,2001,0.0
Panama,PAN,2002,0.0039059902
Panama,PAN,2003,0.0
Panama,PAN,2004,0.0
Panama,PAN,2005,0.042108033
Panama,PAN,2006,0.0
Panama,PAN,2007,0.0
Panama,PAN,2008,0.03887824
Panama,PAN,2009,0.0
Panama,PAN,2010,0.0
Panama,PAN,2011,0.0
Panama,PAN,2012,0.0048082196
Panama,PAN,2013,0.42598966
Panama,PAN,2014,0.0
Panama,PAN,2015,0.0
Panama,PAN,2016,0.0
Panama,PAN,2017,0.0
Panama,PAN,2018,0.07529243
Panama,PAN,2019,0.030547576
Panama,PAN,2020,0.019278005
Panama,PAN,2021,0.0
Panama,PAN,2022,0.0
Panama,PAN,2024,0.12713242
Panama,PAN,2025,0.0
Papua New Guinea,PNG,1972,0.0
Papua New Guinea,PNG,1980,0.0
Papua New Guinea,PNG,1981,0.0
Papua New Guinea,PNG,1983,0.46441716
Papua New Guinea,PNG,1992,0.0
Papua New Guinea,PNG,1993,0.080409278
Papua New Guinea,PNG,1997,0.0
Papua New Guinea,PNG,1998,0.0
Papua New Guinea,PNG,1999,1.243242
Papua New Guinea,PNG,2004,0.0
Papua New Guinea,PNG,2005,0.0
Papua New Guinea,PNG,2006,0.0
Papua New Guinea,PNG,2007,0.0
Papua New Guinea,PNG,2008,0.0
Papua New Guinea,PNG,2011,0.0
Papua New Guinea,PNG,2012,0.12678932
Papua New Guinea,PNG,2013,0.0
Papua New Guinea,PNG,2014,0.0
Papua New Guinea,PNG,2015,0.2761994
Papua New Guinea,PNG,2016,0.0
Papua New Guinea,PNG,2019,0.0
Papua New Guinea,PNG,2020,0.0
Paraguay,PRY,1963,0.0
Paraguay,PRY,1964,0.0
Paraguay,PRY,1965,0.45086953
Paraguay,PRY,1966,0.21464345
Paraguay,PRY,1971,0.0075236456
Paraguay,PRY,1979,0.0
Paraguay,PRY,1982,0.0
Paraguay,PRY,1983,1.44538
Paraguay,PRY,1988,0.0
Paraguay,PRY,1990,0.0
Paraguay,PRY,1992,0.0
Paraguay,PRY,1995,0.0
Paraguay,PRY,1997,0.016928868
Paraguay,PRY,1998,0.05399287
Paraguay,PRY,1999,0.0
Paraguay,PRY,2000,0.0
Paraguay,PRY,2001,0.0
Paraguay,PRY,2002,0.0
Paraguay,PRY,2004,0.0
Paraguay,PRY,2005,0.0
Paraguay,PRY,2007,0.16800705
Paraguay,PRY,2008,0.0
Paraguay,PRY,2009,0.0036680584
Paraguay,PRY,2010,0.0
Paraguay,PRY,2011,0.0
Paraguay,PRY,2012,0.0180332234
Paraguay,PRY,2013,0.06493317
Paraguay,PRY,2014,0.0
Paraguay,PRY,2015,0.0
Paraguay,PRY,2016,0.0
Paraguay,PRY,2018,0.0
Paraguay,PRY,2019,0.0
Paraguay,PRY,2021,0.0
Paraguay,PRY,2023,0.0
Paraguay,PRY,2025,0.0
Peru,PER,1962,0.0
Peru,PER,1965,0.0
Peru,PER,1966,0.0
Peru,PER,1967,0.24215655
Peru,PER,1969,0.15574117
Peru,PER,1970,0.06996561
Peru,PER,1971,0.0072379997
Peru,PER,1977,0.0068752556
Peru,PER,1978,0.016010404
Peru,PER,1980,0.0
Peru,PER,1981,0.02771591
Peru,PER,1982,0.0
Peru,PER,1983,0.875167
Peru,PER,1986,0.005489617
Peru,PER,1987,0.0
Peru,PER,1988,0.0
Peru,PER,1989,0.0
Peru,PER,1990,0.13631001
Peru,PER,1991,0.0
Peru,PER,1992,0.69509506
Peru,PER,1993,0.0
Peru,PER,1994,0.11140304
Peru,PER,1997,0.0016846651
Peru,PER,1998,0.019856067
Peru,PER,1999,0.0
Peru,PER,2000,0.0
Peru,PER,2001,0.0
Peru,PER,2002,0.0
Peru,PER,2003,0.0
Peru,PER,2004,0.0
Peru,PER,2006,0.0
Peru,PER,2007,0.0
Peru,PER,2008,0.0
Peru,PER,2009,0.0
Peru,PER,2010,0.0
Peru,PER,2011,0.0
Peru,PER,2012,0.0
Peru,PER,2013,0.0
Peru,PER,2014,0.0
Peru,PER,2015,0.04952504
Peru,PER,2016,0.0010422198
Peru,PER,2017,1.5165303
Peru,PER,2019,0.0
Peru,PER,2020,0.0049650045
Peru,PER,2021,0.011042107
Peru,PER,2022,0.0
Peru,PER,2023,0.3768305
Peru,PER,2024,0.06512391
Peru,PER,2025,0.0
Philippines,PHL,1960,0.45237467
Philippines,PHL,1962,0.0
Philippines,PHL,1963,0.0
Philippines,PHL,1964,0.7222331
Philippines,PHL,1965,0.0
Philippines,PHL,1966,0.013910105
Philippines,PHL,1967,0.34304768
Philippines,PHL,1968,0.11120444
Philippines,PHL,1969,0.0
Philippines,PHL,1970,3.4183762
Philippines,PHL,1971,0.015402846
Philippines,PHL,1972,2.9555078999999997
Philippines,PHL,1973,0.065656369
Philippines,PHL,1974,0.468353095
Philippines,PHL,1975,0.012805743
Philippines,PHL,1976,0.9286336789999999
Philippines,PHL,1977,0.028443068
Philippines,PHL,1978,0.73784
Philippines,PHL,1979,0.10709424299999999
Philippines,PHL,1980,0.32129487
Philippines,PHL,1981,0.289841416
Philippines,PHL,1982,0.28115662984
Philippines,PHL,1983,0.011448871087
Philippines,PHL,1984,0.94175273
Philippines,PHL,1985,0.23749848
Philippines,PHL,1986,0.25455458787
Philippines,PHL,1987,0.5125493
Philippines,PHL,1988,0.9339423
Philippines,PHL,1989,0.36502005200000004
Philippines,PHL,1990,0.7757158631500001
Philippines,PHL,1991,0.6076337709999999
Philippines,PHL,1992,0.159848592
Philippines,PHL,1993,0.543296036
Philippines,PHL,1994,0.19813602500000002
Philippines,PHL,1995,1.20319458
Philippines,PHL,1996,0.04453339
Philippines,PHL,1997,0.008050468724
Philippines,PHL,1998,0.316055
Philippines,PHL,1999,0.093982762
Philippines,PHL,2000,0.10463036199999999
Philippines,PHL,2001,0.135655499
Philippines,PHL,2002,0.01877535075
Philippines,PHL,2003,0.040558785
Philippines,PHL,2004,0.14617272
Philippines,PHL,2005,0.0023412777399999998
Philippines,PHL,2006,0.270325187
Philippines,PHL,2007,0.010613512299999999
Philippines,PHL,2008,0.264943147
Philippines,PHL,2009,0.5466789710000001
Philippines,PHL,2010,0.14353945399999998
Philippines,PHL,2011,0.327022945
Philippines,PHL,2012,0.37930091
Philippines,PHL,2013,4.35760044
Philippines,PHL,2014,0.35756263705
Philippines,PHL,2015,0.62937537238
Philippines,PHL,2016,0.0682130172
Philippines,PHL,2017,0.042887116
Philippines,PHL,2018,0.16322942
Philippines,PHL,2019,0.14964914299999998
Philippines,PHL,2020,0.28886542
Philippines,PHL,2021,0.2664980212
Philippines,PHL,2022,0.0428019198
Philippines,PHL,2023,0.0823810455
Philippines,PHL,2024,0.17285030199999998
Philippines,PHL,2025,0.11332698
Poland,POL,1990,0.075783126
Poland,POL,1992,0.0
Poland,POL,1994,0.00090249744
Poland,POL,1997,2.1889508
Poland,POL,1998,0.0
Poland,POL,1999,0.005858078
Poland,POL,2000,0.0
Poland,POL,2001,0.36491936
Poland,POL,2002,7.511475e-05
Poland,POL,2003,0.0
Poland,POL,2004,0.0
Poland,POL,2005,0.0
Poland,POL,2006,0.0
Poland,POL,2007,0.023271231
Poland,POL,2008,0.009335116
Poland,POL,2009,0.022681318
Poland,POL,2010,0.64420104
Poland,POL,2011,0.0
Poland,POL,2012,0.0011843854
Poland,POL,2013,0.0
Poland,POL,2014,0.0
Poland,POL,2015,0.0
Poland,POL,2016,0.0
Poland,POL,2017,0.05204817
Poland,POL,2018,0.0
Poland,POL,2019,0.0
Poland,POL,2020,0.0
Poland,POL,2021,0.0
Poland,POL,2022,0.0
Poland,POL,2023,0.0
Poland,POL,2024,0.017080804
Portugal,PRT,1966,0.0
Portugal,PRT,1967,0.049978286
Portugal,PRT,1973,0.0
Portugal,PRT,1979,0.12057325
Portugal,PRT,1981,0.0
Portugal,PRT,1983,0.6975126
Portugal,PRT,1985,0.35034913
Portugal,PRT,1986,0.0
Portugal,PRT,1991,0.0
Portugal,PRT,1996,0.064421385
Portugal,PRT,1997,0.029910304
Portugal,PRT,2000,0.0
Portugal,PRT,2001,0.0
Portugal,PRT,2002,0.0
Portugal,PRT,2003,1.0470496
Portugal,PRT,2004,0.17700769
Portugal,PRT,2005,1.34492415
Portugal,PRT,2006,0.0
Portugal,PRT,2008,0.0
Portugal,PRT,2009,0.0
Portugal,PRT,2010,0.6794051999999999
Portugal,PRT,2013,0.0
Portugal,PRT,2014,0.0
Portugal,PRT,2016,0.07610076
Portugal,PRT,2017,0.3314272
Portugal,PRT,2018,0.04770896
Portugal,PRT,2019,0.0
Portugal,PRT,2022,0.0
Portugal,PRT,2023,0.0
Portugal,PRT,2024,0.16578625
Portugal,PRT,2025,0.0
Qatar,QAT,2018,0.0054544974
Romania,ROU,1991,0.1733064
Romania,ROU,1993,0.0
Romania,ROU,1994,0.00997579
Romania,ROU,1995,0.018033585
Romania,ROU,1996,0.014213362
Romania,ROU,1997,0.30920404
Romania,ROU,1998,0.35974595
Romania,ROU,1999,0.16688381
Romania,ROU,2000,1.61191868
Romania,ROU,2001,0.3341988
Romania,ROU,2002,0.0006295383
Romania,ROU,2003,0.0
Romania,ROU,2004,0.0
Romania,ROU,2005,1.3336126
Romania,ROU,2006,0.0
Romania,ROU,2007,0.0
Romania,ROU,2008,0.0
Romania,ROU,2009,0.0
Romania,ROU,2010,0.6535338
Romania,ROU,2012,0.0
Romania,ROU,2013,0.005795617
Romania,ROU,2014,0.0
Romania,ROU,2015,0.0
Romania,ROU,2016,0.0
Romania,ROU,2017,0.0034737524
Romania,ROU,2018,0.0
Romania,ROU,2019,0.0
Romania,ROU,2020,0.03391527
Romania,ROU,2021,0.0
Romania,ROU,2022,0.0
Romania,ROU,2023,0.0
Romania,ROU,2024,0.0
Romania,ROU,2025,0.0
Russia,RUS,1992,0.010449921
Russia,RUS,1993,0.007814588
Russia,RUS,1994,0.08778028800000001
Russia,RUS,1995,0.011124112
Russia,RUS,1996,0.07617591
Russia,RUS,1997,0.042995196
Russia,RUS,1998,0.164787215
Russia,RUS,1999,0.057851903
Russia,RUS,2000,0.016920786232999998
Russia,RUS,2001,0.10055379296400001
Russia,RUS,2002,0.15919448094
Russia,RUS,2003,0.0
Russia,RUS,2004,0.0106188202
Russia,RUS,2005,0.003097841
Russia,RUS,2006,0.114392803
Russia,RUS,2007,0.001981375
Russia,RUS,2010,0.24040657
Russia,RUS,2011,0.001173798
Russia,RUS,2012,0.079563696
Russia,RUS,2013,0.04362107
Russia,RUS,2014,0.00038849254
Russia,RUS,2015,0.010034601
Russia,RUS,2016,0.00093985966
Russia,RUS,2017,0.00012704871
Russia,RUS,2018,0.00060338055
Russia,RUS,2019,0.034965138800000004
Russia,RUS,2021,0.010933821
Russia,RUS,2022,0.0
Russia,RUS,2023,0.0024434526
Russia,RUS,2024,0.010382068
Rwanda,RWA,1974,0.0
Rwanda,RWA,1976,0.0
Rwanda,RWA,1977,0.0
Rwanda,RWA,1984,0.0
Rwanda,RWA,1988,0.0
Rwanda,RWA,1989,0.0
Rwanda,RWA,1996,0.0
Rwanda,RWA,1997,0.0
Rwanda,RWA,1999,0.0
Rwanda,RWA,2000,0.0
Rwanda,RWA,2001,0.0
Rwanda,RWA,2002,0.0
Rwanda,RWA,2003,0.0
Rwanda,RWA,2004,0.0
Rwanda,RWA,2005,0.0
Rwanda,RWA,2006,0.0
Rwanda,RWA,2007,0.0002239933
Rwanda,RWA,2008,0.0
Rwanda,RWA,2011,0.0
Rwanda,RWA,2012,0.0
Rwanda,RWA,2015,0.0
Rwanda,RWA,2016,0.0
Rwanda,RWA,2017,0.0
Rwanda,RWA,2018,0.45595095
Rwanda,RWA,2019,0.0
Rwanda,RWA,2020,0.0
Rwanda,RWA,2021,0.0
Rwanda,RWA,2022,0.0
Rwanda,RWA,2023,0.0
Rwanda,RWA,2024,0.0
Saint Kitts and Nevis,KNA,1984,0.0
Saint Kitts and Nevis,KNA,1987,0.33841372
Saint Kitts and Nevis,KNA,1989,23.893805
Saint Kitts and Nevis,KNA,1990,0.0
Saint Kitts and Nevis,KNA,1995,62.841885
Saint Kitts and Nevis,KNA,1998,104.36852
Saint Kitts and Nevis,KNA,1999,10.18211
Saint Kitts and Nevis,KNA,2008,0.0
Saint Kitts and Nevis,KNA,2017,1.8921874
Saint Lucia,LCA,1980,51.646305
Saint Lucia,LCA,1983,0.65469927
Saint Lucia,LCA,1986,0.0
Saint Lucia,LCA,1987,0.0
Saint Lucia,LCA,1988,0.58189654
Saint Lucia,LCA,1994,0.0
Saint Lucia,LCA,1999,0.0
Saint Lucia,LCA,2004,0.046875
Saint Lucia,LCA,2007,2.993813
Saint Lucia,LCA,2010,0.033729427
Saint Lucia,LCA,2013,0.0
Saint Lucia,LCA,2016,0.0
Saint Lucia,LCA,2021,1.8171022
Saint Lucia,LCA,2022,0.0
Saint Vincent-Grenadines,VCT,1967,28.417871
Saint Vincent-Grenadines,VCT,1977,0.0
Saint Vincent-Grenadines,VCT,1980,19.795887
Saint Vincent-Grenadines,VCT,1986,5.719733
Saint Vincent-Grenadines,VCT,1987,5.8662501
Saint Vincent-Grenadines,VCT,1992,0.0
Saint Vincent-Grenadines,VCT,1999,0.0
Saint Vincent-Grenadines,VCT,2002,2.2551897
Saint Vincent-Grenadines,VCT,2004,7.2740474
Saint Vincent-Grenadines,VCT,2005,0.0
Saint Vincent-Grenadines,VCT,2010,6.6625223
Saint Vincent-Grenadines,VCT,2011,4.356985
Saint Vincent-Grenadines,VCT,2013,14.121685
Saint Vincent-Grenadines,VCT,2016,3.6472878
Saint Vincent-Grenadines,VCT,2021,0.0
Saint Vincent-Grenadines,VCT,2023,0.0
Saint Vincent-Grenadines,VCT,2024,19.927284
Samoa,WSM,1983,56.542467
Samoa,WSM,1989,12.613049
Samoa,WSM,1990,159.02515
Samoa,WSM,1991,221.3425
Samoa,WSM,2001,0.5632754
Samoa,WSM,2004,0.0
Samoa,WSM,2005,0.0
Samoa,WSM,2012,17.20254
Samoa,WSM,2015,0.0
Samoa,WSM,2018,0.0
São Tomé and Príncipe,STP,1983,0.0
São Tomé and Príncipe,STP,1984,0.0
São Tomé and Príncipe,STP,1985,0.0
São Tomé and Príncipe,STP,2021,0.0
Saudi Arabia,SAU,1964,0.0
Saudi Arabia,SAU,1982,0.0
Saudi Arabia,SAU,1985,0.43311775
Saudi Arabia,SAU,2002,0.0
Saudi Arabia,SAU,2003,0.0
Saudi Arabia,SAU,2004,0.0
Saudi Arabia,SAU,2005,0.0
Saudi Arabia,SAU,2009,0.20974237
Saudi Arabia,SAU,2010,0.0
Saudi Arabia,SAU,2011,0.04407482
Saudi Arabia,SAU,2012,0.0
Saudi Arabia,SAU,2013,0.0
Saudi Arabia,SAU,2015,0.0002884278
Saudi Arabia,SAU,2016,0.007253952
Saudi Arabia,SAU,2017,0.0
Saudi Arabia,SAU,2019,0.0
Saudi Arabia,SAU,2020,0.0
Saudi Arabia,SAU,2024,0.0
Senegal,SEN,1966,0.0040099183
Senegal,SEN,1967,0.0
Senegal,SEN,1969,0.8577926
Senegal,SEN,1970,0.82329816
Senegal,SEN,1971,0.7973977
Senegal,SEN,1972,0.6590052
Senegal,SEN,1973,0.57322854
Senegal,SEN,1974,0.5088079
Senegal,SEN,1975,0.37842163
Senegal,SEN,1977,5.105433
Senegal,SEN,1978,4.633644714
Senegal,SEN,1979,0.0
Senegal,SEN,1980,0.0
Senegal,SEN,1982,0.0
Senegal,SEN,1983,0.03939086
Senegal,SEN,1984,0.0
Senegal,SEN,1985,0.0
Senegal,SEN,1988,0.0
Senegal,SEN,1993,0.0
Senegal,SEN,1994,0.0
Senegal,SEN,1998,0.0
Senegal,SEN,1999,0.0
Senegal,SEN,2002,0.58487934
Senegal,SEN,2003,0.0
Senegal,SEN,2004,0.0
Senegal,SEN,2005,0.0
Senegal,SEN,2007,0.0
Senegal,SEN,2008,0.0
Senegal,SEN,2009,0.0
Senegal,SEN,2010,0.0
Senegal,SEN,2011,0.0
Senegal,SEN,2012,0.056622352
Senegal,SEN,2013,0.0
Senegal,SEN,2014,0.0
Senegal,SEN,2015,0.0
Senegal,SEN,2016,0.0
Senegal,SEN,2018,0.0
Senegal,SEN,2019,0.0
Senegal,SEN,2020,0.073378004
Senegal,SEN,2021,0.0
Senegal,SEN,2022,0.0
Senegal,SEN,2024,0.0
Serbia,SRB,2007,0.0
Serbia,SRB,2009,0.0
Serbia,SRB,2010,0.0
Serbia,SRB,2011,0.0
Serbia,SRB,2012,0.0
Serbia,SRB,2013,0.0
Serbia,SRB,2014,4.170397
Serbia,SRB,2016,0.23682374
Serbia,SRB,2017,0.0
Serbia,SRB,2018,0.0
Serbia,SRB,2019,0.0
Serbia,SRB,2020,0.05011274
Serbia,SRB,2021,0.0
Serbia,SRB,2022,0.0
Serbia,SRB,2023,0.0
Serbia,SRB,2024,0.0
Seychelles,SYC,1997,0.283822
Seychelles,SYC,2002,0.0
Seychelles,SYC,2013,0.6975905
Seychelles,SYC,2014,0.0
Sierra Leone,SLE,1975,0.529929
Sierra Leone,SLE,1984,0.0
Sierra Leone,SLE,1996,0.0
Sierra Leone,SLE,1999,0.0
Sierra Leone,SLE,2004,0.0
Sierra Leone,SLE,2005,0.0
Sierra Leone,SLE,2007,0.0
Sierra Leone,SLE,2009,0.0
Sierra Leone,SLE,2010,0.0
Sierra Leone,SLE,2011,0.0
Sierra Leone,SLE,2013,0.0
Sierra Leone,SLE,2015,0.0
Sierra Leone,SLE,2019,0.0
Sierra Leone,SLE,2022,0.0
Sierra Leone,SLE,2023,0.0
Sierra Leone,SLE,2024,0.0
Sierra Leone,SLE,2025,0.0
Slovakia,SVK,1997,0.27239633
Slovakia,SVK,1998,0.19640613
Slovakia,SVK,1999,0.5443603
Slovakia,SVK,2000,0.0
Slovakia,SVK,2001,0.028066766
Slovakia,SVK,2002,0.012112333
Slovakia,SVK,2003,0.4442901
Slovakia,SVK,2004,0.8922101
Slovakia,SVK,2005,0.0
Slovakia,SVK,2006,0.0
Slovakia,SVK,2007,0.0
Slovakia,SVK,2010,0.027438708
Slovakia,SVK,2011,0.0
Slovakia,SVK,2012,0.0
Slovakia,SVK,2013,0.0
Slovakia,SVK,2017,0.0
Slovakia,SVK,2019,0.0
Slovakia,SVK,2020,0.0
Slovakia,SVK,2021,0.0
Slovakia,SVK,2022,0.0
Slovakia,SVK,2023,0.0
Slovakia,SVK,2024,0.011849511
Slovenia,SVN,2003,0.27247423
Slovenia,SVN,2005,0.013909004
Slovenia,SVN,2007,0.8187089
Slovenia,SVN,2010,0.041824013
Slovenia,SVN,2012,0.5740024
Slovenia,SVN,2014,0.0
Slovenia,SVN,2020,0.0
Slovenia,SVN,2021,0.0
Slovenia,SVN,2022,0.0
Slovenia,SVN,2023,4.7030115
Slovenia,SVN,2024,0.0
Slovenia,SVN,2025,0.0
Solomon Islands,SLB,1967,0.0
Solomon Islands,SLB,1968,0.0
Solomon Islands,SLB,1979,0.0
Solomon Islands,SLB,1982,0.0
Solomon Islands,SLB,1985,0.0
Solomon Islands,SLB,1986,13.548295
Solomon Islands,SLB,1992,0.0
Solomon Islands,SLB,1993,0.0
Solomon Islands,SLB,1997,0.0
Solomon Islands,SLB,1998,0.0
Solomon Islands,SLB,2002,0.0
Solomon Islands,SLB,2003,0.0
Solomon Islands,SLB,2009,0.0
Solomon Islands,SLB,2010,0.0
Solomon Islands,SLB,2011,0.0
Solomon Islands,SLB,2012,0.0
Solomon Islands,SLB,2013,0.15553237
Solomon Islands,SLB,2014,1.7969764
Solomon Islands,SLB,2015,0.15291587
Solomon Islands,SLB,2018,0.0
Solomon Islands,SLB,2020,0.0
Solomon Islands,SLB,2023,0.0
Somalia,SOM,1961,0.0
Somalia,SOM,1964,0.0
Somalia,SOM,1969,0.0
Somalia,SOM,1974,0.0
Somalia,SOM,1975,0.0
Somalia,SOM,1976,0.0
Somalia,SOM,1977,0.0
Somalia,SOM,1980,0.0
Somalia,SOM,1981,0.0
Somalia,SOM,1983,0.0
Somalia,SOM,1987,0.0
Somalia,SOM,1988,0.0
Somalia,SOM,1989,0.0
Somalia,SOM,1994,0.0
Somalia,SOM,1995,0.0
Somalia,SOM,1996,0.0
Somalia,SOM,1997,0.0
Somalia,SOM,2000,0.0
Somalia,SOM,2001,0.0
Somalia,SOM,2003,0.0
Somalia,SOM,2004,0.0
Somalia,SOM,2005,0.00042705418
Somalia,SOM,2006,0.0
Somalia,SOM,2007,0.0
Somalia,SOM,2008,0.0
Somalia,SOM,2009,0.0
Somalia,SOM,2010,0.0
Somalia,SOM,2011,0.0
Somalia,SOM,2012,0.0
Somalia,SOM,2013,0.039503194
Somalia,SOM,2014,0.0
Somalia,SOM,2015,0.0
Somalia,SOM,2016,0.0
Somalia,SOM,2017,0.0
Somalia,SOM,2018,1.016131
Somalia,SOM,2019,0.0
Somalia,SOM,2020,0.0
Somalia,SOM,2021,4.775319
Somalia,SOM,2022,5.2940946
Somalia,SOM,2023,0.0
Somalia,SOM,2024,0.0
Somalia,SOM,2025,0.0
South Africa,ZAF,1964,0.0
South Africa,ZAF,1968,0.1751846
South Africa,ZAF,1974,0.0
South Africa,ZAF,1977,0.0
South Africa,ZAF,1978,0.0
South Africa,ZAF,1981,0.0010736356
South Africa,ZAF,1982,0.0
South Africa,ZAF,1983,0.0
South Africa,ZAF,1984,0.1673144
South Africa,ZAF,1986,0.0
South Africa,ZAF,1987,0.79276836
South Africa,ZAF,1988,0.0
South Africa,ZAF,1990,0.31178564
South Africa,ZAF,1991,0.5920242
South Africa,ZAF,1992,0.13579656
South Africa,ZAF,1993,0.0
South Africa,ZAF,1994,0.0
South Africa,ZAF,1995,0.0045289164
South Africa,ZAF,1996,0.005563897
South Africa,ZAF,1997,0.0
South Africa,ZAF,1998,0.10785513
South Africa,ZAF,1999,0.029435648000000002
South Africa,ZAF,2000,0.112024322
South Africa,ZAF,2001,0.0
South Africa,ZAF,2002,0.010877114
South Africa,ZAF,2003,0.0
South Africa,ZAF,2004,0.0
South Africa,ZAF,2006,0.07108568
South Africa,ZAF,2007,0.0
South Africa,ZAF,2008,0.13641928392
South Africa,ZAF,2009,0.0
South Africa,ZAF,2010,0.0
South Africa,ZAF,2011,0.048232265499999996
South Africa,ZAF,2012,0.046040457
South Africa,ZAF,2013,0.0
South Africa,ZAF,2014,0.022298072
South Africa,ZAF,2015,0.029839955
South Africa,ZAF,2016,0.118502847
South Africa,ZAF,2017,0.46040901
South Africa,ZAF,2018,0.12581016
South Africa,ZAF,2019,0.047517525000000005
South Africa,ZAF,2020,0.0
South Africa,ZAF,2021,0.017857727
South Africa,ZAF,2022,0.90162796
South Africa,ZAF,2023,0.0
South Africa,ZAF,2024,0.014957185
South Africa,ZAF,2025,0.0
South Korea,KOR,1961,0.0
South Korea,KOR,1962,0.0
South Korea,KOR,1964,0.028762165
South Korea,KOR,1965,1.1620016
South Korea,KOR,1966,0.04801539
South Korea,KOR,1967,0.0
South Korea,KOR,1968,0.048645157
South Korea,KOR,1969,0.28925842
South Korea,KOR,1970,0.056136478
South Korea,KOR,1971,0.0
South Korea,KOR,1972,0.6681594
South Korea,KOR,1974,0.0
South Korea,KOR,1977,0.084475756
South Korea,KOR,1978,0.0367251772
South Korea,KOR,1979,0.058751054
South Korea,KOR,1980,0.010849317
South Korea,KOR,1981,0.1803806
South Korea,KOR,1982,0.037536927
South Korea,KOR,1984,0.16541412
South Korea,KOR,1985,0.013492119
South Korea,KOR,1986,0.00908591
South Korea,KOR,1987,0.3593001795
South Korea,KOR,1989,0.069423616
South Korea,KOR,1990,0.015065179800000002
South Korea,KOR,1991,0.121753743
South Korea,KOR,1992,0.0
South Korea,KOR,1993,0.007244914
South Korea,KOR,1994,2.2955796e-06
South Korea,KOR,1995,0.096369274
South Korea,KOR,1996,0.019011501
South Korea,KOR,1997,0.00028003953
South Korea,KOR,1998,0.3797544827
South Korea,KOR,1999,0.06515452915
South Korea,KOR,2000,0.022142734
South Korea,KOR,2001,0.064486027
South Korea,KOR,2002,0.70075371
South Korea,KOR,2003,0.6176936
South Korea,KOR,2004,0.10052765213
South Korea,KOR,2005,0.017031299
South Korea,KOR,2006,0.0
South Korea,KOR,2007,0.005733419
South Korea,KOR,2008,0.0
South Korea,KOR,2010,0.0
South Korea,KOR,2011,0.0039782617
South Korea,KOR,2012,0.05983479
South Korea,KOR,2014,0.0008353400599999999
South Korea,KOR,2016,0.016021271
South Korea,KOR,2018,0.0
South Korea,KOR,2019,0.031581126
South Korea,KOR,2020,0.09288616899999999
South Korea,KOR,2021,0.0006693049
South Korea,KOR,2022,0.023508318
South Korea,KOR,2023,0.0
South Korea,KOR,2024,0.013330573
South Korea,KOR,2025,0.083316643
South Sudan,SSD,2008,0.0
South Sudan,SSD,2009,0.0
South Sudan,SSD,2010,0.0
South Sudan,SSD,2012,0.0
South Sudan,SSD,2013,0.0
Spain,ESP,1962,0.60206026
Spain,ESP,1971,0.33271714
Spain,ESP,1972,0.033846572
Spain,ESP,1973,0.50901365
Spain,ESP,1978,0.015577783
Spain,ESP,1979,0.0
Spain,ESP,1980,0.16155164
Spain,ESP,1981,0.90531725
Spain,ESP,1982,0.69170111
Spain,ESP,1983,2.5023512099999996
Spain,ESP,1984,0.5820445
Spain,ESP,1985,0.0
Spain,ESP,1987,0.4053117542
Spain,ESP,1989,0.090479
Spain,ESP,1990,0.05256257
Spain,ESP,1991,0.14619276
Spain,ESP,1992,0.13373812
Spain,ESP,1993,0.16069594
Spain,ESP,1994,0.15903404
Spain,ESP,1995,0.27187628
Spain,ESP,1996,0.089777924
Spain,ESP,1997,0.0008478316
Spain,ESP,1998,0.00696715799
Spain,ESP,1999,0.585597376
Spain,ESP,2000,0.012539649
Spain,ESP,2001,0.011468644
Spain,ESP,2002,0.01127362
Spain,ESP,2003,0.09692023
Spain,ESP,2004,0.00161567815
Spain,ESP,2005,0.21001714999999999
Spain,ESP,2006,0.052225046
Spain,ESP,2007,0.027086576
Spain,ESP,2009,0.12695548
Spain,ESP,2010,0.023809707
Spain,ESP,2011,0.0
Spain,ESP,2012,0.02967705
Spain,ESP,2013,0.0
Spain,ESP,2014,0.0
Spain,ESP,2015,0.00016581482
Spain,ESP,2016,0.0040224753
Spain,ESP,2017,0.0
Spain,ESP,2018,0.010477474
Spain,ESP,2019,0.17812657
Spain,ESP,2020,0.024422698
Spain,ESP,2021,0.139675427
Spain,ESP,2022,0.0
Spain,ESP,2023,0.15012062199999998
Spain,ESP,2024,0.666339028
Spain,ESP,2025,0.0052453424
Sri Lanka,LKA,1964,2.8478763
Sri Lanka,LKA,1966,0.2854744
Sri Lanka,LKA,1967,0.16133672
Sri Lanka,LKA,1969,0.43244976
Sri Lanka,LKA,1977,0.0
Sri Lanka,LKA,1978,3.6587367
Sri Lanka,LKA,1980,0.0
Sri Lanka,LKA,1981,0.0
Sri Lanka,LKA,1982,0.02096979
Sri Lanka,LKA,1983,0.0
Sri Lanka,LKA,1984,0.033093546
Sri Lanka,LKA,1985,0.0
Sri Lanka,LKA,1986,0.014581878
Sri Lanka,LKA,1987,0.0
Sri Lanka,LKA,1988,0.0
Sri Lanka,LKA,1989,0.5009111
Sri Lanka,LKA,1990,0.0
Sri Lanka,LKA,1991,0.3333199
Sri Lanka,LKA,1992,2.6048613
Sri Lanka,LKA,1993,0.0029984487
Sri Lanka,LKA,1994,0.0
Sri Lanka,LKA,1995,0.00306991
Sri Lanka,LKA,1996,0.0
Sri Lanka,LKA,1997,0.0027829472
Sri Lanka,LKA,1998,0.0
Sri Lanka,LKA,1999,0.0
Sri Lanka,LKA,2000,0.018076772
Sri Lanka,LKA,2001,0.0
Sri Lanka,LKA,2002,0.0
Sri Lanka,LKA,2003,0.15358733
Sri Lanka,LKA,2004,0.0
Sri Lanka,LKA,2005,0.0
Sri Lanka,LKA,2006,0.010612928
Sri Lanka,LKA,2007,0.00015455837
Sri Lanka,LKA,2008,0.0
Sri Lanka,LKA,2009,0.0
Sri Lanka,LKA,2010,0.17907073
Sri Lanka,LKA,2011,0.7379716
Sri Lanka,LKA,2012,0.08261504700000001
Sri Lanka,LKA,2013,0.0025982056
Sri Lanka,LKA,2014,0.03271493
Sri Lanka,LKA,2015,0.0
Sri Lanka,LKA,2016,1.372237543
Sri Lanka,LKA,2017,0.792024083
Sri Lanka,LKA,2018,0.0
Sri Lanka,LKA,2019,0.0
Sri Lanka,LKA,2020,0.0
Sri Lanka,LKA,2021,0.0
Sri Lanka,LKA,2022,0.0
Sri Lanka,LKA,2023,0.0
Sri Lanka,LKA,2024,0.0
Sri Lanka,LKA,2025,3.7675087
Sudan,SDN,1975,0.0
Sudan,SDN,1978,0.30755153
Sudan,SDN,1980,0.0
Sudan,SDN,1983,0.0
Sudan,SDN,1984,0.0
Sudan,SDN,1985,0.0
Sudan,SDN,1987,0.0
Sudan,SDN,1988,0.0
Sudan,SDN,1990,0.0
Sudan,SDN,1991,0.0
Sudan,SDN,1992,0.0
Sudan,SDN,1993,0.0022519974
Sudan,SDN,1994,0.0
Sudan,SDN,1996,0.0
Sudan,SDN,1997,0.0
Sudan,SDN,1998,0.35554856
Sudan,SDN,1999,0.0
Sudan,SDN,2000,0.0
Sudan,SDN,2001,0.012725592
Sudan,SDN,2002,0.0
Sudan,SDN,2003,0.86161286
Sudan,SDN,2005,0.0
Sudan,SDN,2006,0.0
Sudan,SDN,2007,0.5047094
Sudan,SDN,2009,0.0
Sudan,SDN,2010,0.0
Sudan,SDN,2011,0.0
Sudan,SDN,2012,0.0
Sudan,SDN,2013,0.016269982
Sudan,SDN,2014,0.0
Sudan,SDN,2015,0.0
Sudan,SDN,2016,0.0
Sudan,SDN,2017,0.0
Sudan,SDN,2018,0.0
Sudan,SDN,2019,0.0
Sudan,SDN,2020,0.9247411
Sudan,SDN,2021,0.0
Sudan,SDN,2022,0.01935476
Sudan,SDN,2024,0.0
Sudan,SDN,2025,0.0
Suriname,SUR,1969,0.019256692
Suriname,SUR,2006,0.0
Suriname,SUR,2008,0.0
Suriname,SUR,2021,0.0
Suriname,SUR,2022,0.5538554
Sweden,SWE,1976,0.0
Sweden,SWE,1977,0.18021497
Sweden,SWE,1985,0.005089591
Sweden,SWE,1990,0.0038245807
Sweden,SWE,1999,0.058326393
Sweden,SWE,2002,0.0
Sweden,SWE,2005,0.7148538
Sweden,SWE,2013,0.0
Sweden,SWE,2018,0.018557286
Sweden,SWE,2020,0.0
Sweden,SWE,2021,0.011081327
Sweden,SWE,2022,0.0
Sweden,SWE,2023,0.0
Sweden,SWE,2024,0.0
Switzerland,CHE,1977,0.0
Switzerland,CHE,1982,0.00085633376
Switzerland,CHE,1983,0.0
Switzerland,CHE,1984,0.0086405035
Switzerland,CHE,1985,0.0017753692
Switzerland,CHE,1986,0.06502064
Switzerland,CHE,1987,0.06868126
Switzerland,CHE,1990,0.103792794
Switzerland,CHE,1993,0.16058494
Switzerland,CHE,1994,0.0016344339
Switzerland,CHE,1995,0.0
Switzerland,CHE,1997,0.022919798
Switzerland,CHE,1998,0.00032583083
Switzerland,CHE,1999,0.60613837
Switzerland,CHE,2002,0.0
Switzerland,CHE,2003,0.0777490544
Switzerland,CHE,2005,0.49468678
Switzerland,CHE,2006,0.0
Switzerland,CHE,2007,0.090181472
Switzerland,CHE,2009,0.17741205
Switzerland,CHE,2010,0.0022950836
Switzerland,CHE,2012,0.0
Switzerland,CHE,2013,0.034782685
Switzerland,CHE,2014,0.0
Switzerland,CHE,2018,0.0
Switzerland,CHE,2019,0.0
Switzerland,CHE,2020,0.0
Switzerland,CHE,2021,0.0
Switzerland,CHE,2022,0.0
Switzerland,CHE,2023,0.0
Switzerland,CHE,2024,0.0
Switzerland,CHE,2025,0.047914296
Syria,SYR,1967,0.31640968
Syria,SYR,1974,0.7558788
Syria,SYR,1999,0.0
Syria,SYR,2000,0.0
Syria,SYR,2001,0.0
Syria,SYR,2004,0.0
Syria,SYR,2006,0.0
Syria,SYR,2008,0.0
Syria,SYR,2009,0.0
Syria,SYR,2010,0.0
Syria,SYR,2015,0.0
Syria,SYR,2019,0.0
Syria,SYR,2020,0.0
Syria,SYR,2021,0.0
Syria,SYR,2022,0.0
Tajikistan,TJK,1992,15.718701
Tajikistan,TJK,1994,0.0
Tajikistan,TJK,1996,0.0
Tajikistan,TJK,1998,4.999244
Tajikistan,TJK,1999,0.584753189
Tajikistan,TJK,2000,2.660352
Tajikistan,TJK,2001,3.177408379
Tajikistan,TJK,2002,0.23224843
Tajikistan,TJK,2003,1.2859105
Tajikistan,TJK,2004,0.57798547
Tajikistan,TJK,2005,2.1623006
Tajikistan,TJK,2007,0.0
Tajikistan,TJK,2008,16.274971
Tajikistan,TJK,2009,0.02008245
Tajikistan,TJK,2010,3.6155975
Tajikistan,TJK,2011,0.0
Tajikistan,TJK,2012,0.009956718
Tajikistan,TJK,2013,0.0
Tajikistan,TJK,2014,0.02194762
Tajikistan,TJK,2015,0.0
Tajikistan,TJK,2016,0.0
Tajikistan,TJK,2017,0.0
Tajikistan,TJK,2018,0.0
Tajikistan,TJK,2019,0.0
Tajikistan,TJK,2020,0.0
Tajikistan,TJK,2021,0.10069586
Tajikistan,TJK,2023,0.0
Tajikistan,TJK,2024,0.0
Tanzania,TZA,1964,0.0
Tanzania,TZA,1967,0.0
Tanzania,TZA,1968,0.020427959
Tanzania,TZA,1974,0.06027318
Tanzania,TZA,1977,0.0
Tanzania,TZA,1978,0.0
Tanzania,TZA,1979,0.0
Tanzania,TZA,1982,0.0
Tanzania,TZA,1984,0.0
Tanzania,TZA,1986,0.0
Tanzania,TZA,1988,0.0
Tanzania,TZA,1989,0.0
Tanzania,TZA,1990,0.0045275325
Tanzania,TZA,1991,0.0
Tanzania,TZA,1992,0.0
Tanzania,TZA,1993,0.05676973
Tanzania,TZA,1994,0.0
Tanzania,TZA,1995,0.0
Tanzania,TZA,1996,0.0
Tanzania,TZA,1997,0.0
Tanzania,TZA,1998,0.0
Tanzania,TZA,1999,0.0
Tanzania,TZA,2000,0.0
Tanzania,TZA,2001,0.0
Tanzania,TZA,2002,0.0
Tanzania,TZA,2003,0.0
Tanzania,TZA,2004,0.0
Tanzania,TZA,2005,0.0
Tanzania,TZA,2006,0.0
Tanzania,TZA,2008,0.0
Tanzania,TZA,2009,0.0
Tanzania,TZA,2010,0.0
Tanzania,TZA,2011,0.0
Tanzania,TZA,2012,0.0
Tanzania,TZA,2014,0.0040010624
Tanzania,TZA,2015,0.0
Tanzania,TZA,2016,0.0
Tanzania,TZA,2017,0.0
Tanzania,TZA,2018,0.0
Tanzania,TZA,2019,0.0
Tanzania,TZA,2020,0.0
Tanzania,TZA,2021,0.0
Tanzania,TZA,2022,0.0
Tanzania,TZA,2023,0.0
Tanzania,TZA,2024,0.23348057
Tanzania,TZA,2025,0.0
Thailand,THA,1962,0.5742067
Thailand,THA,1966,0.018942153
Thailand,THA,1975,0.30236307
Thailand,THA,1978,1.6662108
Thailand,THA,1980,0.184524
Thailand,THA,1981,0.037306964
Thailand,THA,1983,0.0
Thailand,THA,1984,0.9641691
Thailand,THA,1985,0.00925433
Thailand,THA,1986,0.0046407185
Thailand,THA,1987,0.014247425
Thailand,THA,1988,0.2742882
Thailand,THA,1989,0.6255991
Thailand,THA,1990,0.05858698
Thailand,THA,1991,0.009977124799999999
Thailand,THA,1992,0.0
Thailand,THA,1993,1.6393297199999999
Thailand,THA,1994,0.196340723
Thailand,THA,1995,0.08299911
Thailand,THA,1996,0.08222460143
Thailand,THA,1997,0.029631019
Thailand,THA,1999,0.010473737
Thailand,THA,2000,0.08628379
Thailand,THA,2001,0.023691468
Thailand,THA,2002,0.029878429499999998
Thailand,THA,2003,0.017336415
Thailand,THA,2004,0.1012171
Thailand,THA,2005,0.335636913
Thailand,THA,2006,0.026047967
Thailand,THA,2007,0.0005704667
Thailand,THA,2008,0.00945385
Thailand,THA,2009,0.000105459636
Thailand,THA,2010,0.0973308
Thailand,THA,2011,10.590416
Thailand,THA,2012,0.2633454225
Thailand,THA,2013,0.13774772
Thailand,THA,2014,0.0024549575
Thailand,THA,2015,0.34044855698
Thailand,THA,2016,0.36544974399999997
Thailand,THA,2017,0.411324544
Thailand,THA,2019,0.0
Thailand,THA,2020,0.011993404999999999
Thailand,THA,2021,0.11678693
Thailand,THA,2022,0.0026225972
Thailand,THA,2023,0.0
Thailand,THA,2024,0.210432645
Thailand,THA,2025,2.7035928
Togo,TGO,1966,0.065524876
Togo,TGO,1971,0.12356407
Togo,TGO,1983,0.0
Togo,TGO,1989,0.0
Togo,TGO,1994,0.0
Togo,TGO,1995,0.0
Togo,TGO,1998,0.0
Togo,TGO,1999,0.0
Togo,TGO,2006,0.0
Togo,TGO,2007,0.0
Togo,TGO,2008,0.0
Togo,TGO,2009,0.0
Togo,TGO,2010,0.0
Togo,TGO,2017,0.0
Togo,TGO,2020,0.0
Togo,TGO,2022,0.0
Togo,TGO,2024,0.0
Tonga,TON,1977,3.2220848
Tonga,TON,1982,35.92824
Tonga,TON,1990,2.2014053
Tonga,TON,1997,0.0
Tonga,TON,1998,0.0
Tonga,TON,2001,28.324196
Tonga,TON,2004,0.0
Tonga,TON,2011,0.72438604
Tonga,TON,2014,7.029515
Tonga,TON,2015,0.0
Tonga,TON,2016,0.0
Tonga,TON,2018,0.0
Tonga,TON,2020,21.91201
Trinidad and Tobago,TTO,1963,4.4232173
Trinidad and Tobago,TTO,1974,0.24485785
Trinidad and Tobago,TTO,1990,0.0
Trinidad and Tobago,TTO,1993,0.0014990927
Trinidad and Tobago,TTO,1996,0.0
Trinidad and Tobago,TTO,2004,0.007529955
Trinidad and Tobago,TTO,2005,0.0
Trinidad and Tobago,TTO,2010,0.0
Trinidad and Tobago,TTO,2018,0.015492153
Trinidad and Tobago,TTO,2022,0.0
Tunisia,TUN,1962,0.0
Tunisia,TUN,1964,0.29243562
Tunisia,TUN,1969,7.7525105
Tunisia,TUN,1973,0.18309563
Tunisia,TUN,1977,0.0
Tunisia,TUN,1979,0.0
Tunisia,TUN,1982,1.1065238
Tunisia,TUN,1986,0.0
Tunisia,TUN,1988,0.0
Tunisia,TUN,1990,1.9754986
Tunisia,TUN,2003,0.0
Tunisia,TUN,2007,0.0
Tunisia,TUN,2009,0.0
Tunisia,TUN,2017,0.0
Tunisia,TUN,2018,0.08433579
Tunisia,TUN,2020,0.0
Tunisia,TUN,2021,0.0
Tunisia,TUN,2022,0.0
Turkey,TUR,1964,0.019681908
Turkey,TUR,1968,0.0
Turkey,TUR,1972,0.0
Turkey,TUR,1974,0.0
Turkey,TUR,1980,0.021794822
Turkey,TUR,1981,0.0
Turkey,TUR,1984,0.0
Turkey,TUR,1985,0.0
Turkey,TUR,1987,0.0
Turkey,TUR,1988,0.0
Turkey,TUR,1990,0.0995649
Turkey,TUR,1991,0.016552484
Turkey,TUR,1994,0.0
Turkey,TUR,1995,0.031316623
Turkey,TUR,1996,0.0
Turkey,TUR,1998,0.3622724
Turkey,TUR,2000,0.01492274027
Turkey,TUR,2001,0.012364297
Turkey,TUR,2002,0.0
Turkey,TUR,2004,0.0
Turkey,TUR,2005,0.0
Turkey,TUR,2006,0.05664071
Turkey,TUR,2007,0.0
Turkey,TUR,2008,0.0
Turkey,TUR,2009,0.08411144
Turkey,TUR,2012,0.0
Turkey,TUR,2015,0.0
Turkey,TUR,2017,0.06945453
Turkey,TUR,2019,0.0
Turkey,TUR,2020,0.038848013
Turkey,TUR,2021,0.06488569
Turkey,TUR,2022,0.0
Turkey,TUR,2023,0.002190594
Turkey,TUR,2024,0.0
Turkey,TUR,2025,0.12521182
Turkmenistan,TKM,1993,3.1413307
Tuvalu,TUV,1972,0.0
Tuvalu,TUV,1984,0.0
Tuvalu,TUV,1987,0.0
Tuvalu,TUV,1990,0.0
Tuvalu,TUV,1993,0.0
Tuvalu,TUV,2011,0.0
Tuvalu,TUV,2015,0.0
Tuvalu,TUV,2020,0.0
Tuvalu,TUV,2021,0.0
Uganda,UGA,1967,0.020677377
Uganda,UGA,1979,0.0
Uganda,UGA,1980,0.0
Uganda,UGA,1987,0.0
Uganda,UGA,1988,0.0
Uganda,UGA,1997,0.01595066
Uganda,UGA,1998,0.012149163
Uganda,UGA,1999,0.013336527
Uganda,UGA,2000,0.0
Uganda,UGA,2001,0.0
Uganda,UGA,2002,0.0
Uganda,UGA,2003,0.0
Uganda,UGA,2004,0.0
Uganda,UGA,2005,0.0
Uganda,UGA,2006,0.0
Uganda,UGA,2007,0.00059651013
Uganda,UGA,2008,0.0
Uganda,UGA,2009,0.0
Uganda,UGA,2011,0.0
Uganda,UGA,2012,0.0
Uganda,UGA,2013,0.010720788
Uganda,UGA,2016,0.009245313
Uganda,UGA,2017,0.0
Uganda,UGA,2019,0.0
Uganda,UGA,2020,0.0
Uganda,UGA,2021,0.0
Uganda,UGA,2022,0.0
Uganda,UGA,2023,0.0
Uganda,UGA,2024,0.0
Uganda,UGA,2025,0.0
Ukraine,UKR,1992,0.0021637438
Ukraine,UKR,1993,0.36405978
Ukraine,UKR,1995,0.0
Ukraine,UKR,1996,0.0
Ukraine,UKR,1997,0.10169181
Ukraine,UKR,1998,0.003006027
Ukraine,UKR,2000,0.633203
Ukraine,UKR,2001,0.038158637
Ukraine,UKR,2003,0.0
Ukraine,UKR,2005,0.0
Ukraine,UKR,2006,0.021321047
Ukraine,UKR,2007,0.06723419
Ukraine,UKR,2008,0.53160274
Ukraine,UKR,2009,0.0
Ukraine,UKR,2010,0.0013455217
Ukraine,UKR,2012,0.9255621
Ukraine,UKR,2013,0.011023691
Ukraine,UKR,2016,0.0
Ukraine,UKR,2017,0.0
Ukraine,UKR,2018,0.0
Ukraine,UKR,2020,0.20167641
Ukraine,UKR,2021,0.08509962
Ukraine,UKR,2023,0.0
Ukraine,UKR,2025,0.0
United Arab Emirates,ARE,2017,0.0
United Arab Emirates,ARE,2024,0.0
United Kingdom,GBR,1968,0.0023199723
United Kingdom,GBR,1976,0.07308227
United Kingdom,GBR,1977,0.00038013209
United Kingdom,GBR,1981,0.0
United Kingdom,GBR,1983,0.0
United Kingdom,GBR,1984,0.0176603
United Kingdom,GBR,1986,0.0
United Kingdom,GBR,1987,0.21002127
United Kingdom,GBR,1989,0.0
United Kingdom,GBR,1990,0.43817547
United Kingdom,GBR,1991,0.078754134
United Kingdom,GBR,1993,0.017618427
United Kingdom,GBR,1994,0.020692864
United Kingdom,GBR,1995,0.048180476
United Kingdom,GBR,1996,0.021048391
United Kingdom,GBR,1997,0.015828539
United Kingdom,GBR,1998,0.112317913
United Kingdom,GBR,1999,0.0078882338
United Kingdom,GBR,2000,0.443776
United Kingdom,GBR,2001,0.0
United Kingdom,GBR,2002,0.022342464
United Kingdom,GBR,2003,0.0
United Kingdom,GBR,2004,0.0039509833
United Kingdom,GBR,2005,0.027436329
United Kingdom,GBR,2007,0.31075468
United Kingdom,GBR,2008,0.0016976477
United Kingdom,GBR,2009,0.019922959
United Kingdom,GBR,2010,2.002611e-05
United Kingdom,GBR,2011,0.0
United Kingdom,GBR,2012,0.121740654
United Kingdom,GBR,2013,0.0070981737
United Kingdom,GBR,2014,0.0656477406
United Kingdom,GBR,2015,0.081478014
United Kingdom,GBR,2016,0.0059110224
United Kingdom,GBR,2017,0.0
United Kingdom,GBR,2018,0.00034518132
United Kingdom,GBR,2019,0.0
United Kingdom,GBR,2020,0.0
United Kingdom,GBR,2021,0.0
United Kingdom,GBR,2022,0.015444962
United Kingdom,GBR,2023,0.0
United Kingdom,GBR,2024,0.0
United Kingdom,GBR,2025,0.0
United States,USA,1960,0.07140372
United States,USA,1961,0.07260557
United States,USA,1962,0.057981636
United States,USA,1963,0.0
United States,USA,1964,0.15639967999999999
United States,USA,1965,0.21700896
United States,USA,1966,0.012299627
United States,USA,1967,0.023266094
United States,USA,1968,0.00085086015
United States,USA,1969,0.17888063599999998
United States,USA,1970,0.065312404
United States,USA,1971,0.002146199
United States,USA,1972,0.173558183
United States,USA,1973,0.0385863083
United States,USA,1974,0.06471474
United States,USA,1975,0.035135534
United States,USA,1976,0.0021885203
United States,USA,1977,0.144104261
United States,USA,1978,0.022112614
United States,USA,1979,0.098312624
United States,USA,1980,0.1140934465
United States,USA,1981,0.026847178
United States,USA,1982,0.0641757
United States,USA,1983,0.13910145999999998
United States,USA,1984,0.0646570121
United States,USA,1985,0.11740319621999999
United States,USA,1986,0.0402870899
United States,USA,1987,0.004201668
United States,USA,1988,0.0
United States,USA,1989,0.13967718
United States,USA,1990,0.01207416756
United States,USA,1991,0.11189816600000001
United States,USA,1992,0.5372301862000001
United States,USA,1993,0.268496632
United States,USA,1994,0.021297512249
United States,USA,1995,0.21944439
United States,USA,1996,0.068839542
United States,USA,1997,0.118355446845
United States,USA,1998,0.1982452076
United States,USA,1999,0.1535929354857
United States,USA,2000,0.0477122933
United States,USA,2001,0.0641387564
United States,USA,2002,0.103589583
United States,USA,2003,0.163820387
United States,USA,2004,0.4561625106
United States,USA,2005,1.2177420429599999
United States,USA,2006,0.0484880719
United States,USA,2007,0.0666991886
United States,USA,2008,0.3929309746
United States,USA,2009,0.08524236042
United States,USA,2010,0.06239629
United States,USA,2011,0.380987307
United States,USA,2012,0.6061349922
United States,USA,2013,0.10537132969999999
United States,USA,2014,0.0911964672
United States,USA,2015,0.138931141
United States,USA,2016,0.238536179
United States,USA,2017,0.966716018
United States,USA,2018,0.3208027248
United States,USA,2019,0.1065460505
United States,USA,2020,0.364205723
United States,USA,2021,0.59604282
United States,USA,2022,0.565550235
United States,USA,2023,0.2484368816
United States,USA,2024,0.6141542603
United States,USA,2025,0.309216541
Uruguay,URY,1967,2.4409883
Uruguay,URY,1986,0.0
Uruguay,URY,1991,0.0
Uruguay,URY,1992,0.0
Uruguay,URY,1993,0.0
Uruguay,URY,1997,0.0
Uruguay,URY,1998,0.019695982
Uruguay,URY,1999,0.38459635
Uruguay,URY,2000,0.69121826
Uruguay,URY,2001,0.0
Uruguay,URY,2002,0.1837355
Uruguay,URY,2003,0.0
Uruguay,URY,2004,0.0
Uruguay,URY,2005,0.0
Uruguay,URY,2007,0.18909332
Uruguay,URY,2009,0.0
Uruguay,URY,2010,0.0
Uruguay,URY,2015,0.0
Uruguay,URY,2016,0.005219135
Uruguay,URY,2017,0.0
Uruguay,URY,2018,0.15039778
Uruguay,URY,2019,0.15794457
Uruguay,URY,2020,0.18349136
Uruguay,URY,2021,0.16180162
Uruguay,URY,2022,0.1379504
Uruguay,URY,2023,0.010877652
Uruguay,URY,2024,0.0
Uruguay,URY,2025,0.0
Uzbekistan,UZB,2000,0.14038852
Uzbekistan,UZB,2001,0.26910523
Uzbekistan,UZB,2005,0.0
Uzbekistan,UZB,2020,0.0
Uzbekistan,UZB,2022,0.0
Vanuatu,VUT,1979,0.0
Vanuatu,VUT,1981,0.8788752
Vanuatu,VUT,1985,131.20332
Vanuatu,VUT,1987,17.92575
Vanuatu,VUT,1988,0.0
Vanuatu,VUT,1992,0.0
Vanuatu,VUT,1993,2.9926403
Vanuatu,VUT,1998,0.0
Vanuatu,VUT,1999,0.0
Vanuatu,VUT,2001,0.0
Vanuatu,VUT,2002,0.0
Vanuatu,VUT,2004,0.0
Vanuatu,VUT,2009,0.0
Vanuatu,VUT,2011,0.0
Vanuatu,VUT,2014,0.22748329
Vanuatu,VUT,2015,52.53927
Vanuatu,VUT,2017,0.0
Vanuatu,VUT,2020,0.0
Vanuatu,VUT,2023,0.0
Venezuela,VEN,1967,0.044605404
Venezuela,VEN,1985,0.0
Venezuela,VEN,1987,0.0
Venezuela,VEN,1988,0.0
Venezuela,VEN,1993,0.0074953204
Venezuela,VEN,1994,0.0
Venezuela,VEN,1996,0.0
Venezuela,VEN,1997,0.0
Venezuela,VEN,1999,3.2253835
Venezuela,VEN,2000,0.0
Venezuela,VEN,2002,0.0032295017
Venezuela,VEN,2003,0.0
Venezuela,VEN,2004,0.0
Venezuela,VEN,2005,0.0350483
Venezuela,VEN,2006,0.0
Venezuela,VEN,2008,0.0
Venezuela,VEN,2009,0.0
Venezuela,VEN,2010,0.043235835
Venezuela,VEN,2011,0.0050555766
Venezuela,VEN,2012,0.025010312
Venezuela,VEN,2015,0.0
Venezuela,VEN,2016,0.0
Venezuela,VEN,2018,0.0
Venezuela,VEN,2019,0.0
Venezuela,VEN,2020,0.07003134
Venezuela,VEN,2021,0.0
Venezuela,VEN,2022,0.0
Venezuela,VEN,2023,0.0
Venezuela,VEN,2024,0.0
Venezuela,VEN,2025,0.0
Vietnam,VNM,1985,0.0
Vietnam,VNM,1986,0.0
Vietnam,VNM,1987,0.0
Vietnam,VNM,1988,0.0
Vietnam,VNM,1989,0.33368793
Vietnam,VNM,1990,0.01120255
Vietnam,VNM,1991,0.59500471
Vietnam,VNM,1992,0.66991047
Vietnam,VNM,1993,0.56900282
Vietnam,VNM,1994,1.5411601
Vietnam,VNM,1995,0.516971205
Vietnam,VNM,1996,3.0474334
Vietnam,VNM,1997,2.00983521
Vietnam,VNM,1998,1.7250742030000001
Vietnam,VNM,1999,1.0790116
Vietnam,VNM,2000,0.9336268799999999
Vietnam,VNM,2001,0.5259261399999999
Vietnam,VNM,2002,0.8105154519300001
Vietnam,VNM,2003,0.26546985
Vietnam,VNM,2004,0.083649121
Vietnam,VNM,2005,0.600989805
Vietnam,VNM,2006,1.6558271039999999
Vietnam,VNM,2007,1.26720564
Vietnam,VNM,2008,0.6794087799999999
Vietnam,VNM,2009,1.0047667
Vietnam,VNM,2010,0.47873259799999995
Vietnam,VNM,2011,0.12688777
Vietnam,VNM,2012,0.190602145
Vietnam,VNM,2013,0.726563423
Vietnam,VNM,2014,0.0045833937
Vietnam,VNM,2015,0.2771479549
Vietnam,VNM,2016,2.4307643299999997
Vietnam,VNM,2017,1.4397586599999999
Vietnam,VNM,2018,0.09261334900000001
Vietnam,VNM,2019,0.0185425945
Vietnam,VNM,2020,0.4189053863
Vietnam,VNM,2021,0.0072310576
Vietnam,VNM,2022,0.016084355
Vietnam,VNM,2023,0.0
Vietnam,VNM,2024,0.42840535879999997
Vietnam,VNM,2025,0.335003
World,OWID_WRL,1960,0.033343695
World,OWID_WRL,1961,0.033256814
World,OWID_WRL,1962,0.10694801670000001
World,OWID_WRL,1963,0.052585274
World,OWID_WRL,1964,0.070496216
World,OWID_WRL,1965,0.112779755272
World,OWID_WRL,1966,0.1175727993
World,OWID_WRL,1967,0.046906919400000004
World,OWID_WRL,1968,0.027930935594000002
World,OWID_WRL,1969,0.086222523
World,OWID_WRL,1970,0.0858881034
World,OWID_WRL,1971,0.029435330599999997
World,OWID_WRL,1972,0.0851129326
World,OWID_WRL,1973,0.0508482998
World,OWID_WRL,1974,0.0742873425
World,OWID_WRL,1975,0.0565697822
World,OWID_WRL,1976,0.055157406640000003
World,OWID_WRL,1977,0.075724262357
World,OWID_WRL,1978,0.070659406
World,OWID_WRL,1979,0.044741691456
World,OWID_WRL,1980,0.052852607
World,OWID_WRL,1981,0.077387309
World,OWID_WRL,1982,0.099488203
World,OWID_WRL,1983,0.127273104
World,OWID_WRL,1984,0.075963456725
World,OWID_WRL,1985,0.07953743290000001
World,OWID_WRL,1986,0.0720991865
World,OWID_WRL,1987,0.0696675451
World,OWID_WRL,1988,0.060793191586500005
World,OWID_WRL,1989,0.098363092
World,OWID_WRL,1990,0.15092631925
World,OWID_WRL,1991,0.1537505908
World,OWID_WRL,1992,0.1959394181
World,OWID_WRL,1993,0.1961308825
World,OWID_WRL,1994,0.14903282995
World,OWID_WRL,1995,0.1751058962
World,OWID_WRL,1996,0.13164008900000002
World,OWID_WRL,1997,0.11055146885
World,OWID_WRL,1998,0.2666005922
World,OWID_WRL,1999,0.2019958775
World,OWID_WRL,2000,0.1347308415
World,OWID_WRL,2001,0.06388345282
World,OWID_WRL,2002,0.1420444947
World,OWID_WRL,2003,0.15628657640000002
World,OWID_WRL,2004,0.215966807479
World,OWID_WRL,2005,0.4368414441
World,OWID_WRL,2006,0.0595366597
World,OWID_WRL,2007,0.1007706234
World,OWID_WRL,2008,0.16390360144
World,OWID_WRL,2009,0.062801838
World,OWID_WRL,2010,0.11646434337
World,OWID_WRL,2011,0.18930891290000001
World,OWID_WRL,2012,0.18302942069
World,OWID_WRL,2013,0.1410154651
World,OWID_WRL,2014,0.1104014544
World,OWID_WRL,2015,0.09433122220000001
World,OWID_WRL,2016,0.163019911
World,OWID_WRL,2017,0.38653037
World,OWID_WRL,2018,0.143177908
World,OWID_WRL,2019,0.1098616825
World,OWID_WRL,2020,0.18823262699999999
World,OWID_WRL,2021,0.24594133170000002
World,OWID_WRL,2022,0.207487799
World,OWID_WRL,2023,0.1440839974
World,OWID_WRL,2024,0.23194146799999998
World,OWID_WRL,2025,0.1316437554
Yemen,YEM,1991,0.0
Yemen,YEM,1993,0.006900739
Yemen,YEM,1996,18.626379
Yemen,YEM,1998,0.0
Yemen,YEM,1999,0.0
Yemen,YEM,2001,0.0
Yemen,YEM,2002,0.0
Yemen,YEM,2003,0.0
Yemen,YEM,2005,0.0
Yemen,YEM,2006,0.0
Yemen,YEM,2007,0.0
Yemen,YEM,2008,1.486389
Yemen,YEM,2010,0.0
Yemen,YEM,2013,0.0
Yemen,YEM,2015,0.47120368
Yemen,YEM,2016,0.0
Yemen,YEM,2017,0.0
Yemen,YEM,2018,0.0
Zambia,ZMB,1978,0.0071148234
Zambia,ZMB,1982,0.0
Zambia,ZMB,1989,0.0
Zambia,ZMB,1991,0.0
Zambia,ZMB,1992,0.0
Zambia,ZMB,1995,0.0
Zambia,ZMB,1998,0.585119
Zambia,ZMB,2000,0.0
Zambia,ZMB,2001,0.0
Zambia,ZMB,2003,0.0
Zambia,ZMB,2004,0.0
Zambia,ZMB,2005,0.0
Zambia,ZMB,2007,0.0
Zambia,ZMB,2008,0.0
Zambia,ZMB,2009,0.0
Zambia,ZMB,2010,0.0
Zambia,ZMB,2011,0.0
Zambia,ZMB,2013,0.0
Zambia,ZMB,2014,0.0
Zambia,ZMB,2019,0.0
Zambia,ZMB,2020,0.0
Zambia,ZMB,2021,0.0
Zambia,ZMB,2022,0.0
Zambia,ZMB,2023,0.0
Zambia,ZMB,2024,0.0075975535
Zambia,ZMB,2025,0.0011723659
Zimbabwe,ZWE,1975,0.0
Zimbabwe,ZWE,1982,0.0013083474
Zimbabwe,ZWE,1983,0.0057092845
Zimbabwe,ZWE,1984,0.0069974693
Zimbabwe,ZWE,1991,0.091608904
Zimbabwe,ZWE,1992,0.15562801
Zimbabwe,ZWE,1993,0.16007723
Zimbabwe,ZWE,1994,0.15248464
Zimbabwe,ZWE,1995,0.1481585
Zimbabwe,ZWE,1998,0.0
Zimbabwe,ZWE,2000,1.089157
Zimbabwe,ZWE,2001,0.053091474
Zimbabwe,ZWE,2002,0.0
Zimbabwe,ZWE,2003,3.4900968
Zimbabwe,ZWE,2007,0.02266396
Zimbabwe,ZWE,2008,0.0
Zimbabwe,ZWE,2009,0.0
Zimbabwe,ZWE,2010,0.0
Zimbabwe,ZWE,2011,0.0
Zimbabwe,ZWE,2012,0.0
Zimbabwe,ZWE,2013,0.64038867
Zimbabwe,ZWE,2014,0.72963538
Zimbabwe,ZWE,2015,0.6124143
Zimbabwe,ZWE,2016,0.59495866
Zimbabwe,ZWE,2017,0.391341812
Zimbabwe,ZWE,2018,0.0
Zimbabwe,ZWE,2019,0.0
Zimbabwe,ZWE,2020,0.0
Zimbabwe,ZWE,2021,0.0
Zimbabwe,ZWE,2022,0.0
Zimbabwe,ZWE,2023,0.0
Zimbabwe,ZWE,2024,1.2041817
