country,iso2,year,value
Afghanistan,,2023,0.0800873028793967
Afghanistan,,2022,0.0796301678593983
Afghanistan,,2021,0.066424315829547
Afghanistan,,2020,0.0680079200431626
Afghanistan,,2019,0.0519942336405782
Afghanistan,,2018,0.043542941562346
Afghanistan,,2017,0.0257278621511121
Afghanistan,,2016,0.0253626650734575
Afghanistan,,2015,0.0208886536333134
Afghanistan,,2014,0.00457421345713473
Afghanistan,,2013,0.00474342738053014
Afghanistan,,2012,0.00490837150246626
Afghanistan,,2010,0.00530333503051839
Afghanistan,,2009,0.00364085168113232
Afghanistan,,2008,0.00188803057340772
Afghanistan,,2007,0.00192976787362583
Afghanistan,,2006,0.00196663841787243
Afghanistan,,2005,0.00090147061408629
Afghanistan,,2004,0.000848872870846454
Albania,,2024,24.8815713356962
Albania,,2023,22.5048592377088
Albania,,2022,20.6989441252111
Albania,,2021,19.6303737145283
Albania,,2020,17.720931463387
Albania,,2019,15.1192543526712
Albania,,2018,12.5058089696365
Albania,,2017,10.4757297699778
Albania,,2016,9.19224381243169
Albania,,2015,8.37878005900715
Albania,,2014,7.16191378800303
Albania,,2013,6.27863857588442
Albania,,2012,5.50129828000236
Albania,,2011,4.40356599200963
Albania,,2010,3.60358545467955
Albania,,2009,3.10655587968039
Albania,,2008,2.13837276514987
Albania,,2007,0.330809586994155
Albania,,2005,0.0088421957382567
Algeria,,2024,13.3173088877016
Algeria,,2023,12.0086836084024
Algeria,,2022,10.3517244580598
Algeria,,2021,9.33184191925225
Algeria,,2020,8.6064465013707
Algeria,,2019,8.27526635803041
Algeria,,2018,7.21566750856693
Algeria,,2017,7.70045809597326
Algeria,,2016,7.00004046440209
Algeria,,2015,5.67060147059702
Algeria,,2014,4.08032326259352
Algeria,,2013,3.33210366559778
Algeria,,2012,3.06737211964693
Algeria,,2011,2.65762135149911
Algeria,,2010,2.48699605031867
Algeria,,2009,2.30484571269816
Algeria,,2008,1.39299923390786
Algeria,,2007,0.839555141860276
Algeria,,2006,0.505598672547711
Algeria,,2005,0.407741051450608
Algeria,,2004,0.110333714740639
Algeria,,2003,0.0559426336884427
Andorra,,2024,52.3554394786302
Andorra,,2023,51.7401306025527
Andorra,,2022,51.2050686907973
Andorra,,2021,50.2769128681537
Andorra,,2020,48.6559834582579
Andorra,,2019,47.5429557758192
Andorra,,2018,47.4481786008887
Andorra,,2017,46.4785868253731
Andorra,,2016,45.011845222427
Andorra,,2015,42.5277800870119
Andorra,,2014,39.0170470727043
Andorra,,2013,36.8832619623906
Andorra,,2012,35.0170497436031
Andorra,,2011,33.1216332617667
Andorra,,2010,30.3595767353109
Andorra,,2009,27.3471771886325
Andorra,,2008,24.7583687645967
Andorra,,2007,22.6266228611209
Andorra,,2006,18.3652698372809
Andorra,,2005,13.3568411671252
Andorra,,2004,8.45206861755802
Andorra,,2003,5.18233888840918
Andorra,,2002,1.72616004571016
Angola,,2024,0.362845240712436
Angola,,2023,0.373668982990052
Angola,,2022,0.386698155907211
Angola,,2021,0.39092529517689
Angola,,2020,0.363264238710965
Angola,,2019,0.367770426844486
Angola,,2018,0.350066962955579
Angola,,2017,0.32055404693903
Angola,,2016,0.290319010302891
Angola,,2015,0.545394210158053
Angola,,2014,0.323076272251349
Angola,,2013,0.0851575464292457
Angola,,2012,0.081469909077961
Angola,,2011,0.0653099765004654
Angola,,2010,0.0643919840565448
Angola,,2009,0.0669201512770172
Angola,,2008,0.0738785619400282
Angola,,2007,0.0563080378857804
Angola,,2006,0.0372615340510617
Antigua and Barbuda,,2022,10.6818181818182
Antigua and Barbuda,,2021,8.66279006811119
Antigua and Barbuda,,2020,8.71023234544781
Antigua and Barbuda,,2019,8.75618405498884
Antigua and Barbuda,,2017,9.94826900119379
Antigua and Barbuda,,2016,10.2935455545799
Antigua and Barbuda,,2015,11.1845563645718
Antigua and Barbuda,,2014,12.1151354700614
Antigua and Barbuda,,2013,17.7677598110465
Antigua and Barbuda,,2012,14.9782259912904
Antigua and Barbuda,,2011,6.94991428439049
Antigua and Barbuda,,2010,8.34388185654008
Antigua and Barbuda,,2009,19.0251030615518
Antigua and Barbuda,,2008,6.01360478579699
Antigua and Barbuda,,2007,2.77342602565358
Antigua and Barbuda,,2006,1.91181579077961
Antigua and Barbuda,,2005,7.28668148873899
Antigua and Barbuda,,2004,2.11130730827373
Argentina,,2024,26.0976420359532
Argentina,,2023,25.3580730689248
Argentina,,2022,24.6831785056628
Argentina,,2021,23.1500020932515
Argentina,,2020,21.1797871590669
Argentina,,2019,19.551931344405
Argentina,,2018,18.9758759187853
Argentina,,2017,17.7082272589602
Argentina,,2016,16.5184995378051
Argentina,,2015,15.768878045253
Argentina,,2014,15.1530476974157
Argentina,,2013,14.6798018103935
Argentina,,2012,12.211510531081
Argentina,,2011,10.956028493199
Argentina,,2010,9.75627371502717
Argentina,,2009,8.59390655660771
Argentina,,2008,7.70514940723055
Argentina,,2007,6.49727715357687
Argentina,,2006,3.99704306546988
Argentina,,2005,2.36307465152234
Argentina,,2004,1.3985989664652
Argentina,,2003,0.673659952839197
Argentina,,2002,0.389173109431876
Argentina,,2001,0.249835049066673
Armenia,,2024,20.3090953111129
Armenia,,2023,18.5458075085454
Armenia,,2022,17.7300708049016
Armenia,,2021,16.2565945813558
Armenia,,2020,14.8883804721864
Armenia,,2019,13.2819462446608
Armenia,,2018,11.9399374219278
Armenia,,2017,10.8172556564183
Armenia,,2016,10.2497847569184
Armenia,,2015,9.80149439763493
Armenia,,2014,9.3376315946157
Armenia,,2013,8.31673235203342
Armenia,,2012,7.25580730107633
Armenia,,2011,5.49292214098522
Armenia,,2010,3.19288671267022
Armenia,,2009,1.35419350830431
Armenia,,2008,0.466184007378403
Armenia,,2007,0.131100413167994
Armenia,,2005,0.0661932023240134
Armenia,,2004,0.0330847455832692
Armenia,,2003,0.000329059075317674
Armenia,,2002,0.000261811803130615
Armenia,,2001,0.000194530515191374
Australia,,2024,36.4788276060473
Australia,,2023,36.627426494239
Australia,,2022,36.3933201898066
Australia,,2021,35.8359861455454
Australia,,2020,35.346849265518
Australia,,2019,34.5434163723691
Australia,,2018,33.5486251312018
Australia,,2017,32.0326223266488
Australia,,2016,30.3083074972206
Australia,,2015,28.5117731324726
Australia,,2014,27.7000785019208
Australia,,2013,25.7399315811014
Australia,,2012,25.0955644344698
Australia,,2011,24.697756094089
Australia,,2010,24.8853051640712
Australia,,2009,23.9682200041124
Australia,,2008,24.8706294431099
Australia,,2006,18.9407193850347
Australia,,2005,9.93373078111349
Australia,,2004,5.04821821591678
Australia,,2003,2.60753903715006
Australia,,2002,1.31714888553946
Australia,,2001,0.634119567582093
Austria,,2024,30.12779672163
Austria,,2023,29.3725409835617
Austria,,2022,29.2342573265435
Austria,,2021,29.2537339731419
Austria,,2020,29.2106456326106
Austria,,2019,28.3631930003301
Austria,,2018,28.5150396136468
Austria,,2017,28.5425998928488
Austria,,2016,28.8775983744406
Austria,,2015,28.4068593397138
Austria,,2014,27.597689562142
Austria,,2013,26.3222866586035
Austria,,2012,25.2644782408466
Austria,,2011,24.9926429150975
Austria,,2010,24.5113861270145
Austria,,2009,22.510594883252
Austria,,2008,20.7731280065619
Austria,,2007,19.5493477604788
Austria,,2006,17.3158121176343
Austria,,2005,14.266264392036
Austria,,2004,10.6441666113048
Austria,,2003,7.39910683793198
Austria,,2002,5.58055324441734
Austria,,2001,3.98645500571794
Austria,,2000,2.37740810849667
Austria,,1999,0.636936618
Azerbaijan,,2024,21.7534102440295
Azerbaijan,,2023,20.8825041017301
Azerbaijan,,2022,20.3655958095069
Azerbaijan,,2021,20.0856994533421
Azerbaijan,,2020,19.5985750948022
Azerbaijan,,2019,19.2178211211639
Azerbaijan,,2018,18.8342000186458
Azerbaijan,,2017,18.1091657629876
Azerbaijan,,2016,18.2770953995915
Azerbaijan,,2015,19.4759070425568
Azerbaijan,,2014,19.7076399486748
Azerbaijan,,2013,18.0145551396199
Azerbaijan,,2012,14.6071625537092
Azerbaijan,,2011,10.5213182586713
Azerbaijan,,2010,5.1962691859745
Azerbaijan,,2009,1.10541991807512
Azerbaijan,,2008,0.670942958889759
Azerbaijan,,2007,0.165377046640065
Azerbaijan,,2006,0.0454003843248716
Azerbaijan,,2005,0.0254034779501534
Azerbaijan,,2002,0.0120103774465289
Bahamas,,2024,25.2679530406222
Bahamas,,2023,23.816342880032
Bahamas,,2022,21.135589553703
Bahamas,,2021,20.7423310871326
Bahamas,,2020,20.9668496424268
Bahamas,,2019,20.8513333755622
Bahamas,,2018,20.678503859013
Bahamas,,2017,22.2461810312816
Bahamas,,2016,21.9370965455928
Bahamas,,2015,21.0247414012342
Bahamas,,2014,20.1853004724063
Bahamas,,2013,19.1290212770449
Bahamas,,2012,20.7553752773198
Bahamas,,2011,4.16862822109655
Bahamas,,2010,6.72203506060227
Bahamas,,2009,8.706761114633
Bahamas,,2008,7.12051826203507
Bahamas,,2007,5.80187584551727
Bahamas,,2006,4.76239684248296
Bahamas,,2005,3.89131534717093
Bahamas,,2004,3.76800419092242
Bahamas,,2003,3.25995625979536
Bahamas,,2002,2.27372788844862
Bahamas,,2001,1.26252150465477
Bahrain,,2024,16.9915789748788
Bahrain,,2023,17.1582362107608
Bahrain,,2022,18.0025680504011
Bahrain,,2021,16.5057891919103
Bahrain,,2020,10.1824112975928
Bahrain,,2019,9.49012903269232
Bahrain,,2018,8.43441553498671
Bahrain,,2017,13.1014612060095
Bahrain,,2016,16.2552007409045
Bahrain,,2015,18.4748658416384
Bahrain,,2014,21.9044398132914
Bahrain,,2013,23.8669490925491
Bahrain,,2012,24.285642640033
Bahrain,,2011,24.1579709760609
Bahrain,,2010,12.7684126193907
Bahrain,,2009,11.7871249276575
Bahrain,,2008,8.353424691759
Bahrain,,2007,6.45476425778202
Bahrain,,2006,3.88370208461942
Bahrain,,2005,2.29808150082993
Bahrain,,2004,1.7162358481689
Bahrain,,2003,1.20020806729153
Bahrain,,2002,0.662060603804588
Bahrain,,2001,0.168010560663813
Bangladesh,,2024,8.08931134401926
Bangladesh,,2023,7.89245848428319
Bangladesh,,2022,7.17020479104462
Bangladesh,,2021,6.64246518111116
Bangladesh,,2020,6.04506220711318
Bangladesh,,2019,4.90288655437254
Bangladesh,,2018,4.92461851093909
Bangladesh,,2017,4.5013092271068
Bangladesh,,2016,4.09944456111627
Bangladesh,,2015,3.06992245398744
Bangladesh,,2014,1.95813780918421
Bangladesh,,2013,0.974448436120221
Bangladesh,,2012,0.387219068103915
Bangladesh,,2011,0.30503074280175
Bangladesh,,2010,0.272380817434958
Bangladesh,,2009,0.209909991345477
Bangladesh,,2008,0.0334505744748139
Bangladesh,,2007,0.0295359235417042
Barbados,,2022,37.4843261853654
Barbados,,2021,36.3512637029634
Barbados,,2020,45.43873225937
Barbados,,2019,37.98020675161
Barbados,,2018,31.8263267203636
Barbados,,2017,31.8876686023893
Barbados,,2016,31.0756872366755
Barbados,,2015,28.0544105523495
Barbados,,2014,27.9254745857703
Barbados,,2013,24.4171933805125
Barbados,,2012,24.1512540713084
Barbados,,2011,22.6820550519847
Barbados,,2010,20.4146881119593
Barbados,,2009,20.9048492829861
Barbados,,2008,18.0467449415872
Barbados,,2007,17.3737872666686
Barbados,,2006,14.3702639239709
Barbados,,2005,11.8873415554547
Barbados,,2004,11.0850062477085
Barbados,,2003,10.2789567154295
Belarus,,2024,36.2627055164488
Belarus,,2023,35.0931910729644
Belarus,,2022,34.0671782490739
Belarus,,2021,35.0097634241001
Belarus,,2020,34.8152229336418
Belarus,,2019,34.0723501521236
Belarus,,2018,33.7711870351479
Belarus,,2017,33.3125100702522
Belarus,,2016,32.2929606538076
Belarus,,2015,30.6040616643757
Belarus,,2014,28.3376939308168
Belarus,,2013,29.4347914242904
Belarus,,2012,26.7549579016379
Belarus,,2011,22.1484924892336
Belarus,,2010,17.5605789720351
Belarus,,2009,11.4889164021429
Belarus,,2008,5.01586780557515
Belarus,,2007,1.77563147976714
Belarus,,2006,0.118848430626197
Belarus,,2005,0.0161773500962676
Belarus,,2004,0.00770408823091638
Belarus,,2003,0.00125469541707708
Belarus,,2002,0.000202563440337471
Belgium,,2024,44.2321563183446
Belgium,,2023,43.7026445985633
Belgium,,2022,43.5657139519422
Belgium,,2021,43.0218054966431
Belgium,,2020,41.0239697084264
Belgium,,2019,39.9517850127817
Belgium,,2018,39.4006967604533
Belgium,,2017,38.4911160919085
Belgium,,2016,37.6812994536783
Belgium,,2015,36.5492377831789
Belgium,,2014,35.7819662752911
Belgium,,2013,34.3084525866565
Belgium,,2012,33.2388297727719
Belgium,,2011,32.1032472233196
Belgium,,2010,30.842629161864
Belgium,,2009,29.1619435426182
Belgium,,2008,27.8485650589166
Belgium,,2007,25.6893868359802
Belgium,,2006,23.2412047200904
Belgium,,2005,19.1870013663666
Belgium,,2004,15.5445601178817
Belgium,,2003,11.978574168342
Belgium,,2002,7.89141711683559
Belgium,,2001,4.47176845658853
Belgium,,2000,1.40673996365682
Belgium,,1999,0.224956036
Belgium,,1998,0.107218523
Belize,,2022,9.75385677359442
Belize,,2021,9.10594770150703
Belize,,2020,9.21159022752628
Belize,,2019,7.67179242617844
Belize,,2018,6.48509044620831
Belize,,2017,5.09268439075889
Belize,,2016,5.03804444688173
Belize,,2015,4.87717949221655
Belize,,2014,2.83730221280913
Belize,,2013,2.89789741443153
Belize,,2012,2.98223160513615
Belize,,2011,2.96304896455218
Belize,,2010,2.78380614841762
Belize,,2009,2.66782677679183
Belize,,2008,2.6438998426211
Belize,,2007,2.52617359000338
Belize,,2006,2.51669109831248
Belize,,2005,1.79529619527332
Belize,,2004,1.04053178646094
Belize,,2003,0.356357570702858
Benin,,2024,0.277382047807868
Benin,,2023,0.170880461346773
Benin,,2022,0.153072411564925
Benin,,2021,0.154166533404575
Benin,,2020,0.229384945213792
Benin,,2019,0.199854558369357
Benin,,2018,0.218309314921079
Benin,,2017,0.237670455772448
Benin,,2016,0.190616354708843
Benin,,2015,0.644882115781616
Benin,,2014,0.411776822565069
Benin,,2013,0.396653828045145
Benin,,2012,0.401638561456682
Benin,,2011,0.371868455954814
Benin,,2010,0.275927983143427
Benin,,2009,0.200443286622122
Benin,,2008,0.0912827765741349
Benin,,2007,0.00792944447317162
Benin,,2006,0.0172317761313903
Benin,,2005,0.00232609364378297
Benin,,2004,0.000992757284080806
Benin,,2003,0.000265383725911688
Benin,,2002,0.000273600449017423
Bhutan,,2024,2.92069476099272
Bhutan,,2023,1.31881966212479
Bhutan,,2022,0.631823734751842
Bhutan,,2021,0.364566273170656
Bhutan,,2020,0.414152616992595
Bhutan,,2019,1.14719203372279
Bhutan,,2018,1.42176663915794
Bhutan,,2017,2.21479846487303
Bhutan,,2016,2.20480674345404
Bhutan,,2015,3.76361363077862
Bhutan,,2014,3.40713016222026
Bhutan,,2013,2.82390217200971
Bhutan,,2012,2.33744470422249
Bhutan,,2011,1.86543967453131
Bhutan,,2010,1.23640312870565
Bhutan,,2009,0.486751932310069
Bhutan,,2008,0.300137976050155
Bolivia,,2024,12.0711429622144
Bolivia,,2023,11.1529423948186
Bolivia,,2022,10.9975247479663
Bolivia,,2021,9.44574009663778
Bolivia,,2020,7.88671647526861
Bolivia,,2019,6.39917144373428
Bolivia,,2018,4.38026486466196
Bolivia,,2017,3.34957984808085
Bolivia,,2016,2.57234781333128
Bolivia,,2015,1.64281294868996
Bolivia,,2014,1.59263327264509
Bolivia,,2013,1.44251291444936
Bolivia,,2012,1.10983398611253
Bolivia,,2011,0.710624258800113
Bolivia,,2010,0.942297673080219
Bolivia,,2009,0.959777961367874
Bolivia,,2008,0.805148140395486
Bolivia,,2007,0.350786086252679
Bolivia,,2006,0.184725630085167
Bolivia,,2005,0.138589263215335
Bolivia,,2004,0.0947710561393837
Bolivia,,2003,0.063420508910913
Bolivia,,2002,0.0374142379714068
Bosnia Herzegovina,,2024,29.3909178564419
Bosnia Herzegovina,,2023,28.440133083292
Bosnia Herzegovina,,2022,27.3190356221695
Bosnia Herzegovina,,2021,24.5890868366952
Bosnia Herzegovina,,2020,23.3507882918721
Bosnia Herzegovina,,2019,22.2950124838105
Bosnia Herzegovina,,2018,21.1504576321228
Bosnia Herzegovina,,2017,20.4261287573476
Bosnia Herzegovina,,2016,19.0747891666088
Bosnia Herzegovina,,2015,18.0468836372803
Bosnia Herzegovina,,2014,15.2154563374569
Bosnia Herzegovina,,2013,14.2931086481084
Bosnia Herzegovina,,2012,12.7897151940553
Bosnia Herzegovina,,2011,11.4984026395866
Bosnia Herzegovina,,2010,10.2559326160601
Bosnia Herzegovina,,2009,7.52908530710651
Bosnia Herzegovina,,2008,4.77410764769183
Bosnia Herzegovina,,2007,2.11019319164883
Bosnia Herzegovina,,2006,0.984428312945823
Bosnia Herzegovina,,2005,0.334481225770433
Bosnia Herzegovina,,2004,0.160275798982223
Bosnia Herzegovina,,2003,0.0358978519443354
Bosnia Herzegovina,,2002,0.00508595745656282
Bosnia Herzegovina,,2001,0.00162701300988315
Bosnia Herzegovina,,2000,0.000649074191824502
Botswana,,2024,7.4409622000215
Botswana,,2023,6.16495796381324
Botswana,,2022,4.53192190474005
Botswana,,2021,5.5483769953124
Botswana,,2020,3.58604400704343
Botswana,,2019,2.10301262862428
Botswana,,2018,1.74169396309317
Botswana,,2017,1.43086105330679
Botswana,,2016,2.64263621946898
Botswana,,2015,1.67228482353299
Botswana,,2014,1.53265771779946
Botswana,,2013,1.00855708601278
Botswana,,2012,1.05453005453337
Botswana,,2011,0.92233793979846
Botswana,,2010,0.589146386990184
Botswana,,2009,0.502342675065166
Botswana,,2008,0.456417278214537
Botswana,,2007,0.185223846157469
Botswana,,2006,0.0960247871984021
Botswana,,2005,0.0869623349821754
Brazil,,2024,24.079199344422
Brazil,,2023,22.4192301618889
Brazil,,2022,20.9534469027015
Brazil,,2021,19.8363162401481
Brazil,,2020,17.418059685583
Brazil,,2019,15.8621991239093
Brazil,,2018,15.1537620986579
Brazil,,2017,14.1218273097456
Brazil,,2016,13.217709027651
Brazil,,2015,12.6353840484725
Brazil,,2014,11.9790772854396
Brazil,,2013,10.7622017659472
Brazil,,2012,9.71151141846763
Brazil,,2011,9.13182030910824
Brazil,,2010,7.27968486054674
Brazil,,2009,6.10682944207956
Brazil,,2008,5.26188788450655
Brazil,,2007,4.03572440795213
Brazil,,2006,2.55393928456781
Brazil,,2005,1.75095200096296
Brazil,,2004,1.7284595748202
Brazil,,2003,0.534956051589709
Brazil,,2002,0.409515816509217
Brazil,,2001,0.187746875442478
Brazil,,2000,0.0574652265559086
Brazil,,1999,0.004034901
Brazil,,1998,0.000584659
Brunei,,2024,21.1771240120937
Brunei,,2023,20.2120497048692
Brunei,,2022,19.8049937413532
Brunei,,2021,17.580984722871
Brunei,,2020,15.886760064729
Brunei,,2019,12.2424776362158
Brunei,,2018,11.2953107512391
Brunei,,2017,9.49044762600168
Brunei,,2016,8.44785809843673
Brunei,,2015,8.15348687389274
Brunei,,2014,7.26070785842831
Brunei,,2013,6.70157246316895
Brunei,,2012,4.8942565410041
Brunei,,2011,5.80511731670126
Brunei,,2010,5.53077495590469
Brunei,,2009,5.20298634634968
Brunei,,2008,4.47096690515706
Brunei,,2007,3.13233910260386
Brunei,,2006,2.45815999978062
Brunei,,2005,2.26403949670675
Brunei,,2004,1.77438504325453
Brunei,,2003,1.10721013625204
Brunei,,2002,0.810646311809208
Brunei,,2001,0.568780092696756
Bulgaria,,2023,37.0235717545079
Bulgaria,,2022,34.9667968772891
Bulgaria,,2021,32.7688420838347
Bulgaria,,2020,30.5042854761098
Bulgaria,,2019,28.8836779290396
Bulgaria,,2018,27.103417988838
Bulgaria,,2017,25.3925159519229
Bulgaria,,2016,23.8176881048635
Bulgaria,,2015,22.4944225140811
Bulgaria,,2014,20.5011345688189
Bulgaria,,2013,19.5682074718498
Bulgaria,,2012,18.2006758494654
Bulgaria,,2011,17.0296984088807
Bulgaria,,2010,15.1221247609612
Bulgaria,,2009,13.3284392878162
Bulgaria,,2008,11.1942366306456
Bulgaria,,2007,8.29162101773481
Bulgaria,,2006,5.034780075217
Bulgaria,,2005,2.15033040720983
Bulgaria,,2004,0.0858256671781021
Burkina Faso,,2024,0.851360416490348
Burkina Faso,,2023,0.459463342299517
Burkina Faso,,2022,0.214398323020291
Burkina Faso,,2021,0.0740660150924452
Burkina Faso,,2020,0.0650831126106853
Burkina Faso,,2019,0.0573181352576325
Burkina Faso,,2018,0.0676084024258783
Burkina Faso,,2017,0.062133040708376
Burkina Faso,,2016,0.0640501279140636
Burkina Faso,,2015,0.049814972578599
Burkina Faso,,2014,0.0296662638571705
Burkina Faso,,2013,0.0732506380609795
Burkina Faso,,2012,0.0834367606364837
Burkina Faso,,2011,0.0844020984871601
Burkina Faso,,2010,0.0847216746170896
Burkina Faso,,2009,0.0760467842719439
Burkina Faso,,2008,0.0672823268281298
Burkina Faso,,2007,0.045436423529831
Burkina Faso,,2006,0.0119315079958149
Burkina Faso,,2005,0.00275622028315426
Burkina Faso,,2004,0.00114069570438441
Burkina Faso,,2003,0.00110834813933572
Burkina Faso,,2002,0.000394293873690481
Burundi,,2023,0.0203441336211462
Burundi,,2022,0.0300650914860841
Burundi,,2021,0.0304886490520483
Burundi,,2020,0.0335260991567275
Burundi,,2019,0.0317494355111928
Burundi,,2018,0.0331803020141076
Burundi,,2017,0.0340147819169285
Burundi,,2016,0.0288715169450892
Burundi,,2015,0.0250824162395746
Burundi,,2014,0.0157410541043178
Burundi,,2013,0.0146944141397431
Burundi,,2012,0.00697049000360241
Burundi,,2011,0.00511423261094026
Burundi,,2010,0.00375408843693835
Burundi,,2009,0.00178817981846846
Burundi,,2008,0.00188110543631241
Cape Verde,,2024,8.30537440200276
Cape Verde,,2023,7.23008973237277
Cape Verde,,2022,6.56769429388869
Cape Verde,,2021,5.90962142576488
Cape Verde,,2020,4.82611491823059
Cape Verde,,2019,3.93928076809362
Cape Verde,,2018,3.04957977464624
Cape Verde,,2017,2.9232218025982
Cape Verde,,2016,3.0320707671777
Cape Verde,,2015,3.23344925974933
Cape Verde,,2014,3.72341048473043
Cape Verde,,2013,4.13919664210064
Cape Verde,,2012,3.87787989178736
Cape Verde,,2011,4.17091115990513
Cape Verde,,2010,3.15251165199379
Cape Verde,,2009,2.16777538274908
Cape Verde,,2008,1.47201085059489
Cape Verde,,2007,0.772486345956186
Cape Verde,,2006,0.36965488009651
Cape Verde,,2005,0.1931500778166
Cape Verde,,2004,0.0590358178442539
Cambodia,,2024,4.14566160137529
Cambodia,,2023,3.64181801068419
Cambodia,,2022,2.9638308346303
Cambodia,,2021,1.98089406311481
Cambodia,,2020,1.39770029835926
Cambodia,,2019,1.11871609188205
Cambodia,,2018,1.02122815035674
Cambodia,,2017,0.831393686402579
Cambodia,,2016,0.615922622642822
Cambodia,,2015,0.534485428160887
Cambodia,,2014,0.429382210764698
Cambodia,,2013,0.215211287808315
Cambodia,,2012,0.198955041072031
Cambodia,,2011,0.149430290226227
Cambodia,,2010,0.245960098825397
Cambodia,,2009,0.210130974636491
Cambodia,,2008,0.118077523722062
Cambodia,,2007,0.061047105969829
Cambodia,,2006,0.0212625122552722
Cambodia,,2005,0.00744091799498214
Cambodia,,2004,0.00588913432820946
Cambodia,,2003,0.00321048982726798
Cambodia,,2002,0.000388946422708061
Cameroon,,2022,2.12862474053
Cameroon,,2021,2.23385126289217
Cameroon,,2020,2.75682417749367
Cameroon,,2019,1.57189487453881
Cameroon,,2018,1.59560948486525
Cameroon,,2017,1.58466709279995
Cameroon,,2016,1.55529332300567
Cameroon,,2015,0.0898239605008282
Cameroon,,2014,0.0762968342593502
Cameroon,,2013,0.0789631954882019
Cameroon,,2012,0.0665368255091213
Cameroon,,2011,0.0529499754452088
Cameroon,,2010,0.0302724223113752
Cameroon,,2009,0.00470859696680554
Cameroon,,2008,0.00463011417646205
Cameroon,,2007,0.00354572680086356
Cameroon,,2006,0.00239880476845922
Cameroon,,2005,0.00118304423519528
Canada,,2024,42.5238215177079
Canada,,2023,42.5241770773151
Canada,,2022,42.1792116530791
Canada,,2021,41.6930962576979
Canada,,2020,40.7949805592606
Canada,,2019,40.076756874499
Canada,,2018,38.7333531661948
Canada,,2017,37.8276923396247
Canada,,2016,36.8232874759276
Canada,,2015,36.4698589080979
Canada,,2014,35.2694249557112
Canada,,2013,34.2683042479886
Canada,,2012,33.4738596726536
Canada,,2011,32.6506480077297
Canada,,2010,31.6318242774001
Canada,,2009,30.4200539401656
Canada,,2008,29.4247301533061
Canada,,2007,27.4243778082737
Canada,,2006,24.5549559236404
Canada,,2005,21.5905137127351
Canada,,2004,16.8551155306757
Canada,,2003,14.1755612319225
Canada,,2002,11.1461413881852
Canada,,2001,9.08578981511795
Canada,,2000,4.56733457739582
Canada,,1999,1.914487665
Canada,,1998,0.464424857
Central African Republic,,2022,0.0160846160651184
Central African Republic,,2021,0.00976115490698539
Central African Republic,,2019,0.0100916071197805
Central African Republic,,2018,0.0124624461199055
Central African Republic,,2017,0.0129132904879117
Central African Republic,,2016,0.0156141837038414
Central African Republic,,2015,0.0401354842611874
Central African Republic,,2012,0.0131212306282922
Central African Republic,,2011,0.0177436204565105
Chad,,2024,0.0
Chad,,2023,0.0
Chad,,2022,0.0
Chad,,2021,0.0
Chad,,2020,0.0
Chad,,2019,0.00040754624616045
Chad,,2018,0.00206727545659399
Chad,,2017,0.00211870387298428
Chad,,2016,0.0339141052177506
Chad,,2015,0.0773982341569324
Chad,,2014,0.071402000947516
Chad,,2013,0.107288841149774
Chad,,2012,0.147256096776337
Chad,,2011,0.123865180054531
Chad,,2010,0.00268830849761321
Chad,,2009,0.00249710898678416
Chile,,2024,23.731405742065
Chile,,2023,22.9954165646133
Chile,,2022,22.7901897178525
Chile,,2021,22.0140443723879
Chile,,2020,19.4305872645094
Chile,,2019,17.8649532986793
Chile,,2018,17.2066645597348
Chile,,2017,16.5009633130641
Chile,,2016,15.9005028734256
Chile,,2015,15.0681266925704
Chile,,2014,13.9369112350151
Chile,,2013,12.9765829219485
Chile,,2012,12.3655190651996
Chile,,2011,11.5909712274496
Chile,,2010,10.4144501306757
Chile,,2009,9.72781991672884
Chile,,2008,8.47543807264427
Chile,,2007,7.81155668439604
Chile,,2006,6.12777303799489
Chile,,2005,4.33404869770695
Chile,,2004,2.95838310994246
Chile,,2003,2.1980620979345
Chile,,2002,1.18839003211328
Chile,,2001,0.425424906858004
Chile,,2000,0.0495367699252466
China,,2024,47.1933952081567
China,,2023,44.728886496649
China,,2022,41.3736197056022
China,,2021,37.5611751315805
China,,2020,33.9069794578039
China,,2019,31.5611222411202
China,,2018,28.7089097131815
China,,2017,27.9101271418763
China,,2016,22.9761329915729
China,,2015,19.8437947555032
China,,2014,14.4445199866037
China,,2013,13.6989049026864
China,,2012,12.791553937217
China,,2011,11.504276685286
China,,2010,9.34748427588032
China,,2009,7.74497137074886
China,,2008,6.21365228211399
China,,2007,5.00930152637401
China,,2006,3.85818779891054
China,,2005,2.85108597933654
China,,2004,1.91533860283619
China,,2003,0.866655839568114
China,,2002,0.256319449692495
China,,2001,0.0262980690478576
China,,2000,0.00178484057941392
Colombia,,2024,17.2244156778185
Colombia,,2023,17.0369815251774
Colombia,,2022,17.007465545983
Colombia,,2021,16.4767904492313
Colombia,,2020,15.3363074463544
Colombia,,2019,13.9253307862459
Colombia,,2018,13.622877883522
Colombia,,2017,13.1537299039926
Colombia,,2016,12.4647515240681
Colombia,,2015,11.7644668057911
Colombia,,2014,10.7989878070274
Colombia,,2013,9.83199406546913
Colombia,,2012,8.61552491359116
Colombia,,2011,7.39763710755465
Colombia,,2010,5.90261556302645
Colombia,,2009,4.77684298362237
Colombia,,2008,4.0496715541246
Colombia,,2007,2.79190368516299
Colombia,,2006,1.47121352083728
Colombia,,2005,0.756446091724468
Colombia,,2004,0.305978087228825
Colombia,,2003,0.157401189019467
Colombia,,2002,0.0865177355406168
Colombia,,2001,0.0348281466424634
Colombia,,2000,0.0226963800962161
Comoros,,2023,0.387941019794517
Comoros,,2022,0.219375008990779
Comoros,,2021,0.150456993255713
Comoros,,2020,0.148099575772006
Comoros,,2019,0.162475940084772
Comoros,,2018,0.198421441439106
Comoros,,2017,0.217268052477371
Comoros,,2016,0.220292527984836
Comoros,,2015,0.220178840263004
Comoros,,2014,0.222486763934938
Comoros,,2013,0.186730097444383
Comoros,,2012,0.180889925619471
Comoros,,2011,0.0598752200414337
Comoros,,2010,0.0502415872065677
Comoros,,2009,0.0102812225931424
Comoros,,2008,0.0174795449597732
Comoros,,2007,0.0132916860503755
Comoros,,2005,0.000674903868380248
Comoros,,2004,0.000172204772138646
Democratic Republic of the Congo,,2024,0.0320289131404702
Democratic Republic of the Congo,,2023,0.0219936280960956
Democratic Republic of the Congo,,2022,0.0322275167366284
Democratic Republic of the Congo,,2021,0.0312660957356555
Democratic Republic of the Congo,,2020,0.0322950314052512
Democratic Republic of the Congo,,2019,0.012802934372309
Democratic Republic of the Congo,,2018,0.0051306172985492
Democratic Republic of the Congo,,2017,0.00114832450612458
Democratic Republic of the Congo,,2016,0.0011910942123958
Democratic Republic of the Congo,,2015,0.00123402659013859
Democratic Republic of the Congo,,2014,0.000637728730656316
Democratic Republic of the Congo,,2013,0.000593750616428591
Democratic Republic of the Congo,,2010,0.0
Republic of the Congo,,2023,1.26798412068153
Republic of the Congo,,2022,0.435883126454822
Republic of the Congo,,2021,0.256899692355108
Republic of the Congo,,2014,0.0100484738377935
Republic of the Congo,,2013,0.00901772848360719
Republic of the Congo,,2012,0.0293643008575135
Republic of the Congo,,2011,0.0284398805655176
Republic of the Congo,,2010,0.00560250454363118
Republic of the Congo,,2009,0.0029197291705937
Costa Rica,,2024,23.287699004466
Costa Rica,,2023,22.5231293549635
Costa Rica,,2022,21.7575979999075
Costa Rica,,2021,20.9242986347003
Costa Rica,,2020,19.7191477697087
Costa Rica,,2019,18.0962978090241
Costa Rica,,2018,16.8377298238862
Costa Rica,,2017,15.1437857826005
Costa Rica,,2016,13.131030668186
Costa Rica,,2015,11.5950932724067
Costa Rica,,2014,10.8312169257784
Costa Rica,,2013,10.2813377106354
Costa Rica,,2012,9.61836080870784
Costa Rica,,2011,9.10623009553708
Costa Rica,,2010,8.69765814552448
Costa Rica,,2009,4.05916630350165
Costa Rica,,2008,2.47607237386195
Costa Rica,,2007,2.1688269705277
Costa Rica,,2006,1.92826762069173
Costa Rica,,2005,1.05401244708113
Costa Rica,,2004,0.665011459310994
Costa Rica,,2003,0.359477566357655
Costa Rica,,2002,0.220550800413671
Ivory Coast,,2024,1.60153227430253
Ivory Coast,,2023,1.36336622359986
Ivory Coast,,2022,1.25179133069312
Ivory Coast,,2021,1.13037781443128
Ivory Coast,,2020,0.903911262107671
Ivory Coast,,2019,0.768711846259475
Ivory Coast,,2018,0.640536308885034
Ivory Coast,,2017,0.534257331996876
Ivory Coast,,2016,0.524752298099937
Ivory Coast,,2015,0.434546121572781
Ivory Coast,,2014,0.517205353442549
Ivory Coast,,2013,0.235094105938757
Ivory Coast,,2012,0.196730926619837
Ivory Coast,,2009,0.0454588020514648
Ivory Coast,,2008,0.0464804125266757
Ivory Coast,,2007,0.0475498557860424
Ivory Coast,,2006,0.0486693744359828
Ivory Coast,,2005,0.00617386746904022
Ivory Coast,,2004,0.00421536106149528
Ivory Coast,,2003,0.00215941592661792
Croatia,,2024,29.5997367962687
Croatia,,2023,28.4709561519529
Croatia,,2022,27.6606739600213
Croatia,,2021,26.7157501000099
Croatia,,2020,26.0744550144438
Croatia,,2019,28.9682951804841
Croatia,,2018,28.0156020023514
Croatia,,2017,26.865096097274
Croatia,,2016,25.2341141328155
Croatia,,2015,23.5726310188829
Croatia,,2014,23.3319089868678
Croatia,,2013,22.5042534905966
Croatia,,2012,21.581851768721
Croatia,,2011,20.8566154553422
Croatia,,2010,19.4799756808943
Croatia,,2009,16.6418978640678
Croatia,,2008,12.2371762498346
Croatia,,2007,8.96788983385829
Croatia,,2006,5.83437601371704
Croatia,,2005,2.69358958132531
Croatia,,2004,0.607880732872148
Croatia,,2003,0.0789470140149526
Cuba,,2024,3.08297531927544
Cuba,,2023,2.97118012807884
Cuba,,2022,2.89200005063374
Cuba,,2021,2.67322881654008
Cuba,,2020,2.07271530590388
Cuba,,2019,1.6311212347291
Cuba,,2018,0.880350593981465
Cuba,,2017,0.298155315127924
Cuba,,2016,0.128071160270743
Cuba,,2015,0.0723454809351432
Cuba,,2014,0.069051527254442
Cuba,,2013,0.0474413238890875
Cuba,,2012,0.0443503705817171
Cuba,,2011,0.0391184553014798
Cuba,,2010,0.032803981868763
Cuba,,2009,0.0255252034158619
Cuba,,2008,0.0198906069752444
Cuba,,2007,0.017240658327362
Cyprus,,2024,37.5627069536424
Cyprus,,2023,36.9005587748344
Cyprus,,2022,36.7656727425982
Cyprus,,2021,36.6502473650247
Cyprus,,2020,36.3127392017496
Cyprus,,2019,36.1884973404255
Cyprus,,2018,35.2355650415637
Cyprus,,2017,33.6542226269064
Cyprus,,2016,32.0132199103345
Cyprus,,2015,30.1736513081732
Cyprus,,2014,28.3005343866171
Cyprus,,2013,26.6505813953488
Cyprus,,2012,25.5626376173369
Cyprus,,2011,24.611252900232
Cyprus,,2010,23.1549178375804
Cyprus,,2009,21.4899279697229
Cyprus,,2008,18.4811143179822
Cyprus,,2007,12.5725141679547
Cyprus,,2006,8.3235255310727
Cyprus,,2005,4.28172043010753
Cyprus,,2004,2.32878581173261
Cyprus,,2003,1.38788214137502
Cyprus,,2002,0.823735463079725
Cyprus,,2001,0.354358610914245
Czechia,,2024,38.8656371139002
Czechia,,2023,37.9099783935119
Czechia,,2022,37.7136856539825
Czechia,,2021,37.4984794433561
Czechia,,2020,36.4490898642092
Czechia,,2019,35.4302064212035
Czechia,,2018,30.5512773467128
Czechia,,2017,29.8452606888193
Czechia,,2016,29.14911847267
Czechia,,2015,27.9980000790543
Czechia,,2014,28.475360327904
Czechia,,2013,27.1727115258321
Czechia,,2012,25.2869067180213
Czechia,,2011,23.9064110361087
Czechia,,2010,21.6090542510609
Czechia,,2009,19.5385560961848
Czechia,,2008,16.9544853816023
Czechia,,2007,14.4784887472778
Czechia,,2006,10.7961618649867
Czechia,,2005,6.8973973441835
Czechia,,2004,2.2998309205814
Czechia,,2003,0.338474952268104
Czechia,,2002,0.149421825430774
Czechia,,2001,0.0605945932421782
Czechia,,2000,0.0244216847367596
Denmark,,2024,43.3933280824544
Denmark,,2023,44.0352069959396
Denmark,,2022,44.8863644064006
Denmark,,2021,44.9598379722906
Denmark,,2020,44.4185659681079
Denmark,,2019,43.6229516711158
Denmark,,2018,43.7690892923223
Denmark,,2017,43.5697797531659
Denmark,,2016,42.9699132415221
Denmark,,2015,42.3133095847231
Denmark,,2014,41.4926377539648
Denmark,,2013,40.467787039522
Denmark,,2012,38.9767051263458
Denmark,,2011,38.4725380278661
Denmark,,2010,38.076030356193
Denmark,,2009,36.6222278389614
Denmark,,2008,36.5083210709452
Denmark,,2007,34.853130223394
Denmark,,2006,31.9143454064612
Denmark,,2005,24.7964085612195
Denmark,,2004,18.8283013833776
Denmark,,2003,13.3249793159228
Denmark,,2002,8.39472548060727
Denmark,,2001,4.44126962089472
Denmark,,2000,1.25476200910246
Djibouti,,2023,1.47205761945073
Djibouti,,2022,1.41245769926198
Djibouti,,2021,1.39112845686235
Djibouti,,2020,2.26685414608193
Djibouti,,2019,2.24265621024535
Djibouti,,2018,2.3797395608845
Djibouti,,2017,2.31210201347881
Djibouti,,2016,2.33941404303751
Djibouti,,2015,2.36839087613311
Djibouti,,2014,2.0047530858657
Djibouti,,2013,1.79778315719357
Djibouti,,2012,1.54197530481088
Djibouti,,2011,1.1914927711326
Djibouti,,2010,0.866217827231575
Djibouti,,2009,0.579796319801827
Djibouti,,2008,0.274549865917507
Djibouti,,2007,0.124867357020015
Djibouti,,2006,0.0177619063199667
Djibouti,,2005,0.0050049632552281
Djibouti,,2002,0.000754172459130138
Djibouti,,2001,0.000648245264892463
Djibouti,,2000,0.000535247377956907
Dominica,,2022,20.86014425523
Dominica,,2021,20.9562215410256
Dominica,,2020,27.0611042872153
Dominica,,2019,22.3998232174425
Dominica,,2018,16.8891366209992
Dominica,,2017,22.5166433076384
Dominica,,2016,22.2495187196506
Dominica,,2015,21.5296122709842
Dominica,,2014,15.3254799425916
Dominica,,2013,15.3008678189773
Dominica,,2012,12.2978095431002
Dominica,,2011,12.0298900844279
Dominica,,2010,12.0695914840471
Dominica,,2009,10.6006040892193
Dominica,,2008,10.1664391320766
Dominica,,2007,7.26248057286447
Dominica,,2006,6.24945498939046
Dominica,,2005,4.94660575552128
Dominica,,2004,4.73859779457822
Dominica,,2003,3.86832236506107
Dominica,,2002,3.27350914915091
Dominica,,2001,0.256267572633552
Dominica,,2000,0.116769569850097
Dominican Republic,,2024,11.2045645451604
Dominican Republic,,2023,11.1345555858062
Dominican Republic,,2022,10.6744492390257
Dominican Republic,,2021,10.3195260186654
Dominican Republic,,2020,9.37345457518418
Dominican Republic,,2019,8.53570157562257
Dominican Republic,,2018,7.98202346065262
Dominican Republic,,2017,7.69279157853922
Dominican Republic,,2016,7.21470928585035
Dominican Republic,,2015,6.57516285125516
Dominican Republic,,2014,5.81643518392854
Dominican Republic,,2013,5.1668984571358
Dominican Republic,,2012,4.80243557090172
Dominican Republic,,2011,4.2623683327567
Dominican Republic,,2010,3.97655846255286
Dominican Republic,,2009,3.25512505331211
Dominican Republic,,2008,2.49780374861722
Dominican Republic,,2007,1.83754530885106
Dominican Republic,,2006,1.10135943166941
Dominican Republic,,2005,0.657710313046001
Dominican Republic,,2004,0.409197604979828
Dominican Republic,,2003,0.167026330030666
Ecuador,,2024,17.246394056997
Ecuador,,2023,16.0678902316524
Ecuador,,2022,15.1128846850944
Ecuador,,2021,14.0284374555704
Ecuador,,2020,13.5146940353863
Ecuador,,2019,12.0672172196331
Ecuador,,2018,11.4584100093686
Ecuador,,2017,10.6125181754918
Ecuador,,2016,9.75202935279733
Ecuador,,2015,9.14528109625927
Ecuador,,2014,8.22960271464069
Ecuador,,2013,6.69604876989672
Ecuador,,2012,5.41801624099982
Ecuador,,2011,4.29931645929556
Ecuador,,2010,1.46796098216486
Ecuador,,2009,1.62709934214014
Ecuador,,2008,1.07029734476407
Ecuador,,2007,0.69789646329103
Ecuador,,2006,0.326562347034825
Ecuador,,2005,0.193454316549646
Ecuador,,2004,0.0853865479151904
Ecuador,,2003,0.051718828450381
Ecuador,,2002,0.0494654172874898
Ecuador,,2001,0.0203164187335505
Egypt,,2024,11.6871225241757
Egypt,,2023,10.8642477216638
Egypt,,2022,10.6832498285136
Egypt,,2021,9.76582299335252
Egypt,,2020,8.5396308016812
Egypt,,2019,7.04130696004296
Egypt,,2018,6.26825297386708
Egypt,,2017,5.04732016956055
Egypt,,2016,4.39685382563749
Egypt,,2015,3.84187963570353
Egypt,,2014,3.14561708192958
Egypt,,2013,2.80726241263661
Egypt,,2012,2.45679305227732
Egypt,,2011,2.02567464552925
Egypt,,2010,1.62745731673027
Egypt,,2009,1.23139297646961
Egypt,,2008,0.896460596904279
Egypt,,2007,0.566508525981082
Egypt,,2006,0.312605489963574
Egypt,,2005,0.17385604745411
Egypt,,2004,0.0996723057635359
Egypt,,2003,0.0704527942644309
Egypt,,2002,0.0668121413808763
El Salvador,,2024,12.4640729621203
El Salvador,,2023,11.6271746145254
El Salvador,,2022,9.73832698625659
El Salvador,,2021,9.07178351163771
El Salvador,,2020,8.53679094316574
El Salvador,,2019,8.43878438871173
El Salvador,,2018,7.91447387354624
El Salvador,,2017,7.26258313909333
El Salvador,,2016,6.37509676170817
El Salvador,,2015,5.7085946935124
El Salvador,,2014,5.17470921011106
El Salvador,,2013,4.6332539426429
El Salvador,,2012,3.95978066642405
El Salvador,,2011,3.38252387840188
El Salvador,,2010,2.88837850918774
El Salvador,,2009,2.47022334783167
El Salvador,,2008,2.04781751504363
El Salvador,,2007,1.49357119276704
El Salvador,,2006,1.02433742691783
El Salvador,,2005,0.704578310364132
El Salvador,,2004,0.488303189300463
El Salvador,,2003,0.326759631707337
Equatorial Guinea,,2022,0.10069058437688
Equatorial Guinea,,2021,0.0976810140631094
Equatorial Guinea,,2020,0.107371649223871
Equatorial Guinea,,2019,0.0598738936052885
Equatorial Guinea,,2018,0.100221353087251
Equatorial Guinea,,2017,0.121416081454382
Equatorial Guinea,,2016,0.224242898422343
Equatorial Guinea,,2015,0.261293067101903
Equatorial Guinea,,2014,0.27724834765414
Equatorial Guinea,,2013,0.261324688869113
Equatorial Guinea,,2012,0.114419748848651
Equatorial Guinea,,2011,0.108387990352986
Equatorial Guinea,,2010,0.0997405568146936
Equatorial Guinea,,2009,0.015849632772814
Equatorial Guinea,,2008,0.0165970512572266
Equatorial Guinea,,2007,0.0173737794919907
Equatorial Guinea,,2006,0.0181755210063584
Equatorial Guinea,,2005,0.0190000285000428
Eritrea,,2022,0.165393390775689
Eritrea,,2021,0.149245578525113
Eritrea,,2020,0.151916994984612
Eritrea,,2019,0.0925870488001644
Eritrea,,2017,0.031742535028681
Eritrea,,2016,0.0192018556673317
Eritrea,,2015,0.016100228430041
Eritrea,,2014,0.00646167435552068
Eritrea,,2013,0.00474895588024825
Eritrea,,2012,0.00609156177107055
Eritrea,,2011,0.00470237469922311
Eritrea,,2010,0.0040065381269638
Eritrea,,2009,0.00242391923501109
Eritrea,,2008,0.00156231858019328
Estonia,,2024,35.3527186879385
Estonia,,2023,35.2539796781149
Estonia,,2022,39.7219150412824
Estonia,,2021,37.357189680638
Estonia,,2020,34.2700326171401
Estonia,,2019,33.8508104327483
Estonia,,2018,33.3725174267095
Estonia,,2017,32.5220031500844
Estonia,,2016,31.4989029896287
Estonia,,2015,29.6882797190881
Estonia,,2014,28.2253745287009
Estonia,,2013,27.3877226142123
Estonia,,2012,26.4254326274595
Estonia,,2011,26.2887630917959
Estonia,,2010,26.1281702327091
Estonia,,2009,23.5008182668329
Estonia,,2008,22.0376733075357
Estonia,,2007,19.7619163052275
Estonia,,2006,18.3238298883345
Estonia,,2005,13.2265759701457
Estonia,,2004,10.1768138574393
Estonia,,2003,6.58715395557501
Estonia,,2002,3.37094535081392
Estonia,,2001,1.25877863750215
Eswatini,,2024,2.5065536335855
Eswatini,,2023,2.76365982774566
Eswatini,,2022,2.18530055779024
Eswatini,,2021,2.55280778191155
Eswatini,,2020,2.29004241533492
Eswatini,,2019,2.04369280109571
Eswatini,,2018,1.8710289504324
Eswatini,,2017,1.34191565323629
Eswatini,,2016,0.608956709267538
Eswatini,,2015,0.525020278908273
Eswatini,,2014,0.448825529196101
Eswatini,,2013,0.371684705174382
Eswatini,,2012,0.305108362852056
Eswatini,,2011,0.717817419954501
Eswatini,,2010,0.329060405703234
Eswatini,,2009,0.136089754088348
Eswatini,,2008,0.0703038272784314
Ethiopia,,2024,0.593917449513598
Ethiopia,,2023,0.534823180349513
Ethiopia,,2022,0.45157652011053
Ethiopia,,2021,0.399382380284272
Ethiopia,,2020,0.178274598062049
Ethiopia,,2019,0.137379985514274
Ethiopia,,2017,0.0574013129864174
Ethiopia,,2016,0.523809621083991
Ethiopia,,2015,0.460203316477344
Ethiopia,,2014,0.466085305720848
Ethiopia,,2013,0.241842767793752
Ethiopia,,2012,0.00890930047147684
Ethiopia,,2011,0.00682018469785873
Ethiopia,,2010,0.00453619108438206
Ethiopia,,2009,0.00397465510833628
Ethiopia,,2008,0.00174881441838571
Ethiopia,,2007,0.00124664247353986
Ethiopia,,2006,0.000323406088138196
Ethiopia,,2005,7.78384194360236e-05
Ethiopia,,2004,4.6005895642382e-05
Ethiopia,,2003,7.72016038484214e-05
Fiji,,2024,1.80009560888215
Fiji,,2023,1.82947481185312
Fiji,,2022,2.53376577893503
Fiji,,2021,2.51573287546457
Fiji,,2020,2.52053908190823
Fiji,,2019,2.34495829594305
Fiji,,2018,2.08214309077826
Fiji,,2017,1.32080338804844
Fiji,,2016,1.34165101842322
Fiji,,2015,1.38627313086096
Fiji,,2014,1.35431594893116
Fiji,,2013,1.19244569772315
Fiji,,2012,1.47729086103891
Fiji,,2011,2.54658051739944
Fiji,,2010,2.5537691985778
Fiji,,2009,1.41418082776424
Fiji,,2008,1.44244126902952
Fiji,,2007,1.28086323499274
Fiji,,2006,0.954664659998989
Fiji,,2005,0.793309904247495
Finland,,2024,36.4765341417867
Finland,,2023,35.3318092510781
Finland,,2022,34.2951599474189
Finland,,2021,33.6396818306917
Finland,,2020,33.3838974597133
Finland,,2019,32.5439773811208
Finland,,2018,31.491717515124
Finland,,2017,31.0435197469463
Finland,,2016,31.152937083259
Finland,,2015,31.5690938053918
Finland,,2014,32.1970293411336
Finland,,2013,31.6268291557372
Finland,,2012,30.4323757921866
Finland,,2011,29.8056452931485
Finland,,2010,29.0751116373162
Finland,,2009,29.3246343411397
Finland,,2008,30.4514435922766
Finland,,2007,30.5745635514142
Finland,,2006,27.1350736112454
Finland,,2005,22.3824179644924
Finland,,2004,15.3017856418755
Finland,,2003,9.42076039405673
Finland,,2002,5.25906318298117
Finland,,2001,2.58289801542838
Finland,,2000,0.67617144771398
France,,2024,48.9251978969333
France,,2023,48.6688340139444
France,,2022,48.250226559098
France,,2021,47.6442336298287
France,,2020,46.471240838575
France,,2019,45.2765022757908
France,,2018,44.4142292018123
France,,2017,43.6242593525939
France,,2016,42.5277884451476
France,,2015,41.387117104083
France,,2014,40.142215573606
France,,2013,38.7340855946258
France,,2012,37.4345529509644
France,,2011,35.6937891818337
France,,2010,33.64535986777
France,,2009,31.457950669807
France,,2008,28.4006786217117
France,,2007,25.227270073495
France,,2006,20.4851461497772
France,,2005,15.368754696955
France,,2004,10.7249832599777
France,,2003,5.87638266699238
France,,2002,2.74337062416638
France,,2001,1.00408766341339
France,,2000,0.33051229801258
France,,1999,0.094255217
France,,1998,0.023181681
Gabon,,2024,4.6941021334787
Gabon,,2023,3.97293291301595
Gabon,,2022,3.3054859267542
Gabon,,2021,2.65142494578668
Gabon,,2020,1.9206136043356
Gabon,,2019,1.07496298020996
Gabon,,2018,0.953117951397584
Gabon,,2017,0.683712735870926
Gabon,,2016,0.715038665794413
Gabon,,2015,0.542972059134077
Gabon,,2014,0.545895949199327
Gabon,,2013,0.465223498072982
Gabon,,2012,0.270725528171969
Gabon,,2011,0.252527378176584
Gabon,,2010,0.237342278148637
Gabon,,2009,0.222502280994441
Gabon,,2008,0.136886151165866
Gabon,,2007,0.127422751161937
Gabon,,2006,0.116883693763396
Gabon,,2005,0.104544258777789
Gabon,,2004,0.0457228394023955
Gabon,,2003,0.012297898506167
Gambia,,2024,0.518552979215852
Gambia,,2023,0.502141524068284
Gambia,,2022,0.215818879031432
Gambia,,2021,0.194098625393535
Gambia,,2020,0.198749231337348
Gambia,,2019,0.203513124968455
Gambia,,2018,0.184736659621142
Gambia,,2017,0.17078041097452
Gambia,,2016,0.164202246374305
Gambia,,2015,0.160618270204614
Gambia,,2014,0.126725087409357
Gambia,,2013,0.0208192716106891
Gambia,,2012,0.0244726870129323
Gambia,,2011,0.0220286079532852
Gambia,,2010,0.0181664356934128
Gambia,,2009,0.0160305906417687
Gambia,,2008,0.0165029936430468
Gambia,,2007,0.0152341126327605
Gambia,,2005,0.00425905363828157
Gambia,,2004,0.00222042395294675
Georgia,,2024,30.4157660721649
Georgia,,2023,29.3086367614167
Georgia,,2022,28.3337075311796
Georgia,,2021,26.6463786914494
Georgia,,2020,25.5120429077493
Georgia,,2019,24.6806060596483
Georgia,,2018,22.5911406351247
Georgia,,2017,20.4644306577176
Georgia,,2016,17.9595929069632
Georgia,,2015,16.7646515047976
Georgia,,2014,15.8407410024372
Georgia,,2013,13.5708594493486
Georgia,,2012,12.0611334421058
Georgia,,2011,6.42340988915208
Georgia,,2010,4.68263634438548
Georgia,,2009,3.82756464054958
Georgia,,2008,2.84510154914943
Georgia,,2007,1.17791908942204
Georgia,,2006,0.675575759440984
Georgia,,2005,0.0593622015776437
Georgia,,2004,0.0468433383718686
Georgia,,2003,0.0345124432043898
Georgia,,2002,0.0222876531731077
Georgia,,2001,0.0102146598898337
Germany,,2024,45.6069242965787
Germany,,2023,45.380522509099
Germany,,2022,44.6186317766404
Germany,,2021,44.0643361489671
Germany,,2020,43.3048696627
Germany,,2019,42.1155574684512
Germany,,2018,40.9651498488548
Germany,,2017,39.9888046312857
Germany,,2016,38.4991067314054
Germany,,2015,37.412701768023
Germany,,2014,36.3409222955935
Germany,,2013,35.3423024244517
Germany,,2012,34.5501078335304
Germany,,2011,33.7098845809377
Germany,,2010,32.3662636839336
Germany,,2009,30.8451383310787
Germany,,2008,27.9989131407285
Germany,,2007,24.2949006391775
Germany,,2006,18.331503899704
Germany,,2005,13.1471417185409
Germany,,2004,8.52694492670409
Germany,,2003,5.44380962425352
Germany,,2002,3.90528253250834
Germany,,2001,2.5630421406235
Germany,,2000,0.323971739981797
Ghana,,2024,0.664728986034211
Ghana,,2023,0.555476730525596
Ghana,,2022,0.62494509663475
Ghana,,2021,0.352237707175248
Ghana,,2020,0.245771040587956
Ghana,,2019,0.187204014722826
Ghana,,2018,0.199976597372149
Ghana,,2017,0.189313949042323
Ghana,,2016,0.294978237026438
Ghana,,2015,0.254850246382187
Ghana,,2014,0.250235435990938
Ghana,,2013,0.251203224924326
Ghana,,2012,0.254848945181518
Ghana,,2011,0.249660012642992
Ghana,,2010,0.204455388509399
Ghana,,2009,0.114231524023331
Ghana,,2008,0.0947630976167947
Ghana,,2007,0.068508623893661
Ghana,,2006,0.055332515476308
Ghana,,2005,0.00848128135768922
Ghana,,2004,0.00411554662370158
Greece,,2024,44.6759828527928
Greece,,2023,43.8539621755853
Greece,,2022,42.923040428409
Greece,,2021,41.9213046741732
Greece,,2020,39.7876360746134
Greece,,2019,38.3565690069278
Greece,,2018,36.9203391643751
Greece,,2017,35.1351318678243
Greece,,2016,33.5485838991847
Greece,,2015,31.7813956931321
Greece,,2014,28.9729450556431
Greece,,2013,26.5619364050644
Greece,,2012,24.3424643325153
Greece,,2011,22.183064232426
Greece,,2010,20.2491669415812
Greece,,2009,17.2543940805553
Greece,,2008,13.6049238449266
Greece,,2007,9.2114722630097
Greece,,2006,4.43151266831837
Greece,,2005,1.45804690031284
Greece,,2004,0.470021781497191
Greece,,2003,0.095947500341394
Greenland,,2022,31.9842829076621
Greenland,,2021,29.9441480344748
Greenland,,2020,27.9190442225392
Greenland,,2019,26.1001355110192
Greenland,,2018,24.0610621678496
Greenland,,2017,21.7278093845303
Greenland,,2015,17.8504489387908
Greenland,,2014,18.5142328164777
Greenland,,2013,19.1106471077451
Greenland,,2012,20.0429743914897
Greenland,,2011,20.9223352218742
Greenland,,2010,21.885046101671
Greenland,,2009,22.1860514489933
Greenland,,2008,21.2015319178977
Greenland,,2007,18.5745482723398
Greenland,,2006,16.2016771267338
Greenland,,2005,12.5162423178227
Greenland,,2004,5.83408016588469
Greenland,,2003,0.209650992759113
Grenada,,2022,29.767433903843
Grenada,,2021,26.1175099410394
Grenada,,2020,27.4640926242683
Grenada,,2019,27.4070752968159
Grenada,,2018,23.3267929225264
Grenada,,2017,19.2614217155529
Grenada,,2016,18.0847737340398
Grenada,,2015,17.2285395374795
Grenada,,2014,16.4817930116006
Grenada,,2013,15.8608474979513
Grenada,,2012,14.1875415650632
Grenada,,2011,13.0925507900677
Grenada,,2010,12.9380029752836
Grenada,,2009,11.1196001941503
Grenada,,2008,8.07423171259559
Grenada,,2007,6.87645898554134
Grenada,,2006,5.03382212738911
Grenada,,2005,2.93619115315217
Grenada,,2004,0.557064844543234
Grenada,,2002,0.519353529390059
Guatemala,,2024,5.33792153027114
Guatemala,,2023,5.08082886037381
Guatemala,,2022,5.02439029583182
Guatemala,,2021,3.4775394703571
Guatemala,,2020,3.52588892585695
Guatemala,,2019,3.42029196664625
Guatemala,,2017,3.20509783183884
Guatemala,,2016,3.11025548351565
Guatemala,,2015,2.87912847082501
Guatemala,,2014,2.76585643479911
Guatemala,,2013,2.29296336331621
Guatemala,,2012,1.85757824553484
Guatemala,,2010,1.78619309974985
Guatemala,,2009,1.09738512118825
Guatemala,,2008,0.67814007919815
Guatemala,,2007,0.417520018986174
Guatemala,,2006,0.291753279362966
Guatemala,,2005,0.207111616626663
Guinea,,2022,0.00627528568380372
Guinea,,2021,0.00729367311055392
Guinea,,2020,0.00747876982911684
Guinea,,2019,0.00959004770933655
Guinea,,2018,0.00954759210986358
Guinea,,2017,0.00909923323417833
Guinea,,2016,0.00911121731661397
Guinea,,2015,0.00849829226816871
Guinea,,2014,0.00784455645308903
Guinea,,2013,0.00714804394224273
Guinea,,2012,0.00640932846627242
Guinea,,2011,0.00563020265914472
Guinea,,2010,0.00480950234540191
Guinea-Bissau,,2024,0.386080917545218
Guinea-Bissau,,2023,0.310448099439986
Guinea-Bissau,,2022,0.219184822436547
Guinea-Bissau,,2021,0.160430067207715
Guinea-Bissau,,2020,0.118365532433795
Guinea-Bissau,,2019,0.0623571933875965
Guinea-Bissau,,2018,0.062637605037645
Guinea-Bissau,,2017,0.0454431156609869
Guinea-Bissau,,2016,0.0483652702423122
Guinea-Bissau,,2015,0.0588315307897139
Guinea-Bissau,,2014,0.0801207497234542
Guinea-Bissau,,2013,0.0856145705149787
Guinea-Bissau,,2012,0.0728465311910922
Guinea-Bissau,,2011,0.0621861155816019
Guinea-Bissau,,2010,0.0510742511078324
Guyana,,2022,12.9356394612219
Guyana,,2021,11.6495520440672
Guyana,,2020,11.7649827054754
Guyana,,2019,10.276537921044
Guyana,,2017,8.44382214738464
Guyana,,2016,7.49173594849309
Guyana,,2015,7.075427560785
Guyana,,2014,5.99618948621705
Guyana,,2013,4.91986224385717
Guyana,,2012,4.01734987029136
Guyana,,2011,2.75278662687143
Guyana,,2010,1.49388193087543
Guyana,,2009,0.907200429733517
Guyana,,2008,0.673729071860017
Guyana,,2007,0.312078439766351
Guyana,,2005,0.262841792896438
Haiti,,2022,0.306790757611135
Haiti,,2021,0.272537391690564
Haiti,,2020,0.275706324027148
Haiti,,2019,0.280049919123204
Haiti,,2018,0.283697984065843
Haiti,,2017,0.276397485097184
Haiti,,2016,0.0126318271253869
Haiti,,2015,0.0128097405723445
Haiti,,2014,0.0
Haiti,,2013,0.0
Haiti,,2012,0.0
Honduras,,2024,4.57914834722512
Honduras,,2023,4.36212775547539
Honduras,,2022,4.40980164894983
Honduras,,2021,4.0958409901304
Honduras,,2020,3.92223438778455
Honduras,,2019,3.92589911554459
Honduras,,2018,3.63393106753465
Honduras,,2017,2.48526903610159
Honduras,,2016,2.34144817782537
Honduras,,2015,2.13675958518204
Honduras,,2014,1.74169563203497
Honduras,,2013,0.776114775575699
Honduras,,2012,0.703114924069509
Honduras,,2011,0.670797298029889
Honduras,,2010,0.0119533179900544
Hungary,,2024,37.542262483936
Hungary,,2023,36.7901885342462
Hungary,,2022,36.5338104764554
Hungary,,2021,34.8391868436369
Hungary,,2020,33.4922037196533
Hungary,,2019,32.6466329851573
Hungary,,2018,31.5062908247816
Hungary,,2017,30.2136178819417
Hungary,,2016,28.6887907811727
Hungary,,2015,27.6322359587573
Hungary,,2014,26.164233392363
Hungary,,2013,26.2621916555453
Hungary,,2012,24.1618038721448
Hungary,,2011,23.2549245597223
Hungary,,2010,21.639373536508
Hungary,,2009,19.7645064510111
Hungary,,2008,17.6762965927654
Hungary,,2007,14.4957057357115
Hungary,,2006,11.9323064817383
Hungary,,2005,6.4743496382668
Hungary,,2004,4.07614038403136
Hungary,,2003,2.61462031268687
Hungary,,2002,1.09935763457707
Hungary,,2001,0.308694373488323
Hungary,,2000,0.0333640806233195
Iceland,,2024,37.5242757933482
Iceland,,2023,37.4245919320463
Iceland,,2022,37.4212579793667
Iceland,,2021,38.4077027940877
Iceland,,2020,38.6826471438625
Iceland,,2019,38.6029941779872
Iceland,,2018,39.1065426493677
Iceland,,2017,39.1883119718453
Iceland,,2016,38.150452657238
Iceland,,2015,37.5994101863714
Iceland,,2014,36.5320965338675
Iceland,,2013,36.2681198573568
Iceland,,2012,35.3508435642577
Iceland,,2011,34.9642943312747
Iceland,,2010,34.3263410003835
Iceland,,2009,33.6057650057123
Iceland,,2008,33.3897088002419
Iceland,,2007,32.0955171008596
Iceland,,2006,28.8731513719502
Iceland,,2005,26.2830403525203
Iceland,,2004,19.0862791270776
Iceland,,2003,14.3543792406899
Iceland,,2002,8.43859850420887
Iceland,,2001,3.65686381129123
Iceland,,2000,0.838310580204778
Iceland,,1999,0.029175942
India,,2024,3.15046250037677
India,,2023,2.74534696441771
India,,2022,2.35231555917724
India,,2021,1.9487996093033
India,,2020,1.63622632751685
India,,2019,1.37913181839908
India,,2018,1.3217822859385
India,,2017,1.31327377028949
India,,2016,1.38795276378032
India,,2015,1.27578595315943
India,,2014,1.20020374567342
India,,2013,1.15197793176359
India,,2012,1.17169600055105
India,,2011,1.05858887089543
India,,2010,0.883808841093522
India,,2009,0.632032113675308
India,,2008,0.437111073178848
India,,2007,0.262875874276131
India,,2006,0.196098678184923
India,,2005,0.116742672757431
India,,2004,0.0206867742681806
India,,2003,0.0125681968302295
India,,2002,0.00750810600120237
India,,2001,0.00463865535771768
Indonesia,,2024,4.92196685438436
Indonesia,,2023,4.81663955789733
Indonesia,,2022,4.82151507878823
Indonesia,,2021,4.4874632789818
Indonesia,,2020,3.92993769121646
Indonesia,,2019,3.77422560918071
Indonesia,,2018,3.28729591276809
Indonesia,,2017,2.32504234259027
Indonesia,,2016,1.9753784545485
Indonesia,,2015,1.52139473860752
Indonesia,,2014,1.31336301010966
Indonesia,,2013,1.27096683417948
Indonesia,,2012,1.18045801810675
Indonesia,,2011,1.09687683849738
Indonesia,,2010,0.925808659546544
Indonesia,,2009,0.766310659252124
Indonesia,,2008,0.408715260975609
Indonesia,,2007,0.328508530648629
Indonesia,,2006,0.0830799861161057
Indonesia,,2005,0.0468658668138769
Indonesia,,2004,0.0372488256079262
Indonesia,,2003,0.0273719374578957
Indonesia,,2002,0.0172453777941086
Indonesia,,2001,0.00684625451137364
Indonesia,,2000,0.00185118516808229
Iran,,2024,12.0603874696566
Iran,,2023,12.0205942239083
Iran,,2022,12.2102486068411
Iran,,2021,12.068102546673
Iran,,2020,10.9026671467968
Iran,,2019,9.90926903532027
Iran,,2018,11.3875742908004
Iran,,2017,10.1144035205672
Iran,,2016,9.07810254131414
Iran,,2015,7.99892645019457
Iran,,2014,7.53995804645147
Iran,,2013,6.41817590383926
Iran,,2012,4.79231977390111
Iran,,2011,2.70427494282669
Iran,,2010,1.27555962256262
Iran,,2009,0.52316424120095
Iran,,2008,0.397276252822582
Iran,,2007,0.268086998734951
Iran,,2006,0.136253245841854
Iran,,2003,0.0271923505445886
Iran,,2002,0.0237769252431915
Iran,,2001,0.000979956044301426
Iran,,2000,0.00026498577756591
Iraq,,2024,17.6333290365333
Iraq,,2023,17.2312565041583
Iraq,,2022,14.4912960130678
Iraq,,2021,14.8275236561145
Iraq,,2020,14.8494851377503
Iraq,,2019,11.0677657654898
Iraq,,2018,11.1567326014866
Iraq,,2017,10.910523135606
Iraq,,2010,0.010040145766038
Iraq,,2009,0.000402552301358238
Iraq,,2008,0.000186393058225464
Iraq,,2007,0.000345172430711654
Iraq,,2006,9.08566259727993e-05
Ireland,,2024,32.3023693358176
Ireland,,2023,31.8907830651788
Ireland,,2022,31.5362809040128
Ireland,,2021,31.3616427884193
Ireland,,2020,30.4353384554187
Ireland,,2019,29.6453160652366
Ireland,,2018,29.3513301848147
Ireland,,2017,29.0794615926246
Ireland,,2016,28.6147710435862
Ireland,,2015,27.8462651784045
Ireland,,2014,27.0221858517779
Ireland,,2013,25.7144376937159
Ireland,,2012,24.1750019347271
Ireland,,2011,23.3814204815178
Ireland,,2010,22.3721452573765
Ireland,,2009,21.5358272794807
Ireland,,2008,19.8672135236767
Ireland,,2007,17.2691420282585
Ireland,,2006,13.1583324314359
Ireland,,2005,7.76120236306351
Ireland,,2004,3.74071829661314
Ireland,,2003,1.04684899704102
Ireland,,2002,0.269827002708198
Israel,,2024,29.1837101461688
Israel,,2023,29.4357235504327
Israel,,2022,29.1676695245416
Israel,,2021,29.7078785417387
Israel,,2020,29.5678161933081
Israel,,2019,28.6567652412239
Israel,,2018,28.6131707306182
Israel,,2017,28.00833361537
Israel,,2016,27.5030283172787
Israel,,2015,26.9840410445519
Israel,,2014,26.9843193373229
Israel,,2013,25.8472324040417
Israel,,2012,25.460778308521
Israel,,2011,25.1508929901568
Israel,,2010,24.0161325167121
Israel,,2009,23.9103114918258
Israel,,2008,23.7765120816873
Israel,,2007,21.9534632539815
Israel,,2006,20.7626147861378
Israel,,2005,18.2756889429366
Israel,,2004,14.8146199740079
Israel,,2003,9.73577617095352
Israel,,2002,3.62669309237099
Israel,,2001,0.700720864692582
Italy,,2024,31.7807732477772
Italy,,2023,31.8410876819321
Italy,,2022,31.19136706407
Italy,,2021,31.2852927413407
Italy,,2020,30.2586365187027
Italy,,2019,29.0544644701951
Italy,,2018,28.4648521996575
Italy,,2017,27.4652917045411
Italy,,2016,25.7337403103573
Italy,,2015,24.5977602494059
Italy,,2014,23.7083714537202
Italy,,2013,23.1031860985354
Italy,,2012,22.7375144996784
Italy,,2011,22.393878996579
Italy,,2010,21.7704634480966
Italy,,2009,20.1731687077376
Italy,,2008,18.9320738480128
Italy,,2007,17.1245900774031
Italy,,2006,14.4626057407447
Italy,,2005,11.6579729835562
Italy,,2004,8.12094346025382
Italy,,2003,3.89679897707815
Italy,,2002,1.48030425581552
Italy,,2001,0.680559859951251
Italy,,2000,0.20079551341108
Jamaica,,2024,15.981614377416
Jamaica,,2023,15.7852035329423
Jamaica,,2022,14.9601781381994
Jamaica,,2021,14.5717525783368
Jamaica,,2020,13.6219905826712
Jamaica,,2019,11.2602367962551
Jamaica,,2018,10.0973831751177
Jamaica,,2017,8.49218897606476
Jamaica,,2016,10.1806638279094
Jamaica,,2015,8.1672514945403
Jamaica,,2014,5.42475361959861
Jamaica,,2013,5.05861470775989
Jamaica,,2012,4.43820042345524
Jamaica,,2011,4.28434186055105
Jamaica,,2010,4.24530155339071
Jamaica,,2009,4.09942290723951
Jamaica,,2008,3.57065417783379
Jamaica,,2007,3.41838013118137
Jamaica,,2006,2.52661268108323
Jamaica,,2005,1.6746890474592
Jamaica,,2004,1.01039396008944
Jamaica,,2003,0.338775957296161
Jamaica,,2002,0.340835243273048
Jamaica,,2001,0.123266129477828
Japan,,2023,38.6312383711286
Japan,,2022,36.8414210393741
Japan,,2021,35.9391724358064
Japan,,2020,34.8370612448992
Japan,,2019,33.545921250597
Japan,,2018,32.6965336498031
Japan,,2017,31.8990791226107
Japan,,2016,31.3035556297124
Japan,,2015,30.5419859940146
Japan,,2014,29.6414897863191
Japan,,2013,28.9051021054089
Japan,,2012,28.2442659182057
Japan,,2011,27.8666731326287
Japan,,2010,26.6035065260031
Japan,,2009,25.6358294679867
Japan,,2008,23.5007969584566
Japan,,2007,22.0965845880481
Japan,,2006,20.6558091050193
Japan,,2005,18.2163227241445
Japan,,2004,15.3010425771079
Japan,,2003,11.6840438886277
Japan,,2002,7.37142066369461
Japan,,2001,3.01351213264344
Japan,,2000,0.672809474783506
Japan,,1999,0.170676696
Japan,,1998,0.025334817
Jordan,,2024,7.01801006087142
Jordan,,2023,7.03749462484875
Jordan,,2022,7.0736531298176
Jordan,,2021,6.45876564968631
Jordan,,2020,5.80332966781737
Jordan,,2019,4.28692534434619
Jordan,,2018,3.81938742759006
Jordan,,2017,3.24328385947311
Jordan,,2016,2.97134814263758
Jordan,,2015,3.24499522197016
Jordan,,2014,4.00130350068417
Jordan,,2013,4.10898208403129
Jordan,,2012,3.95794086483593
Jordan,,2011,3.96517630551423
Jordan,,2010,4.0191074658598
Jordan,,2009,3.33245913153255
Jordan,,2008,2.08642054082296
Jordan,,2007,1.30093814077077
Jordan,,2006,0.756483482904597
Jordan,,2005,0.390590599322972
Jordan,,2004,0.177216795269549
Jordan,,2003,0.0870106175245932
Jordan,,2002,0.056569848003923
Jordan,,2001,0.00743785932225644
Kazakhstan,,2024,15.3162031103353
Kazakhstan,,2023,14.3457210056574
Kazakhstan,,2022,14.4739535470844
Kazakhstan,,2021,13.946795830528
Kazakhstan,,2020,13.4502836627046
Kazakhstan,,2019,13.0799490149564
Kazakhstan,,2018,13.0002402717791
Kazakhstan,,2017,13.8114386119057
Kazakhstan,,2016,12.7965104881396
Kazakhstan,,2015,12.7238359694604
Kazakhstan,,2014,12.0563854922617
Kazakhstan,,2013,11.1572510287072
Kazakhstan,,2012,9.46082267148947
Kazakhstan,,2011,6.99285046374658
Kazakhstan,,2010,5.16487386862476
Kazakhstan,,2009,3.4738228019682
Kazakhstan,,2008,2.0533862152829
Kazakhstan,,2007,1.66307708073474
Kazakhstan,,2006,0.189397279485058
Kazakhstan,,2005,0.0187623875751912
Kazakhstan,,2004,0.0125992426952941
Kazakhstan,,2003,0.00633756218494759
Kenya,,2024,3.04382666975517
Kenya,,2023,2.38882511128724
Kenya,,2022,1.47646942688922
Kenya,,2021,1.48254108303764
Kenya,,2020,1.29112489733773
Kenya,,2019,0.959288829892146
Kenya,,2018,0.739931101786048
Kenya,,2017,0.586008315906052
Kenya,,2016,0.275660288360412
Kenya,,2015,0.286921276745847
Kenya,,2014,0.221085377569084
Kenya,,2013,0.164812822501609
Kenya,,2012,0.123832539161972
Kenya,,2011,0.126627569687319
Kenya,,2010,0.016505376254908
Kenya,,2009,0.0450395928955338
Kenya,,2008,0.00837109273443989
Kenya,,2007,0.0466317101044582
Kenya,,2006,0.0480245939682215
Kenya,,2005,0.0150824868721744
Kiribati,,2024,0.0349395619917037
Kiribati,,2023,0.039990945446314
Kiribati,,2022,0.0689819037472503
Kiribati,,2021,0.0864640862459786
Kiribati,,2020,0.146710124584652
Kiribati,,2019,0.0847314014573801
Kiribati,,2018,0.0712624094885489
Kiribati,,2017,0.0922885055082104
Kiribati,,2016,0.0928442411249346
Kiribati,,2015,0.100158370072337
Kiribati,,2014,0.433553578551237
Kiribati,,2013,0.614908905637836
Kiribati,,2012,0.712479070927292
Kiribati,,2011,0.768208808191817
Kiribati,,2010,0.778260229614366
Kiribati,,2009,0.718532503029108
Kiribati,,2008,0.657250868338738
Kiribati,,2007,0.493788454755653
Kiribati,,2006,0.401931671615825
Kiribati,,2005,0.328454123527312
South Korea,,2024,47.8014965507867
South Korea,,2023,46.5676352036327
South Korea,,2022,45.4542124182774
South Korea,,2021,44.2526082339633
South Korea,,2020,43.0540600860627
South Korea,,2019,42.0373507524342
South Korea,,2018,41.2189959375994
South Korea,,2017,41.1680978249153
South Korea,,2016,40.0712454963259
South Korea,,2015,39.2759563055891
South Korea,,2014,37.9883114555998
South Korea,,2013,37.4217663483917
South Korea,,2012,36.8000321131758
South Korea,,2011,36.353305205381
South Korea,,2010,35.2563205089625
South Korea,,2009,33.675976694352
South Korea,,2008,32.0017644786606
South Korea,,2007,30.5325293113359
South Korea,,2006,29.2516487032032
South Korea,,2005,25.4760546993955
South Korea,,2004,24.994067246262
South Korea,,2003,23.5266686815046
South Korea,,2002,21.9993226089619
South Korea,,2001,16.6187152698861
South Korea,,2000,8.27512573540369
South Korea,,1999,0.59758673
South Korea,,1998,0.030270101
Kuwait,,2023,1.01366418243269
Kuwait,,2022,1.36328249349441
Kuwait,,2021,1.61587179429556
Kuwait,,2020,1.68058136279176
Kuwait,,2019,1.90435176851799
Kuwait,,2018,2.40138113937059
Kuwait,,2017,2.83340373578262
Kuwait,,2016,2.5322361225893
Kuwait,,2015,1.43436327571018
Kuwait,,2014,1.3094125484278
Kuwait,,2013,1.33989177095491
Kuwait,,2012,1.40844015253107
Kuwait,,2011,1.50024865823506
Kuwait,,2010,1.56283337614138
Kuwait,,2009,1.60973913640715
Kuwait,,2008,1.50862499768992
Kuwait,,2007,1.39559717004793
Kuwait,,2006,1.26864216805872
Kuwait,,2005,1.11767409338748
Kuwait,,2004,0.927076187121058
Kuwait,,2003,0.616148493682819
Kuwait,,2002,0.509715171162355
Kuwait,,2001,0.248988980245712
Kyrgyzstan,,2024,7.79695655822307
Kyrgyzstan,,2023,6.44652532064676
Kyrgyzstan,,2022,5.60484304582026
Kyrgyzstan,,2021,4.43257724274204
Kyrgyzstan,,2020,4.33664358791982
Kyrgyzstan,,2019,4.14366414717506
Kyrgyzstan,,2018,3.95179108798669
Kyrgyzstan,,2017,4.14801893845004
Kyrgyzstan,,2016,3.94326755245428
Kyrgyzstan,,2015,3.52424456195573
Kyrgyzstan,,2014,2.89414662041846
Kyrgyzstan,,2013,2.34937399187793
Kyrgyzstan,,2012,0.958725846433585
Kyrgyzstan,,2011,0.697823858461874
Kyrgyzstan,,2010,0.419774276411519
Kyrgyzstan,,2009,0.32150754898984
Kyrgyzstan,,2008,0.356236382830574
Kyrgyzstan,,2007,0.0586257153654706
Kyrgyzstan,,2006,0.0522863147102303
Kyrgyzstan,,2005,0.0436876659731027
Kyrgyzstan,,2004,0.0366516427604549
Kyrgyzstan,,2003,0.00269410023060723
Kyrgyzstan,,2002,0.00070363981147144
Laos,,2023,2.72021122524182
Laos,,2022,2.38186047453058
Laos,,2021,2.0226898696049
Laos,,2020,1.67210846259045
Laos,,2019,1.0539352904733
Laos,,2018,0.636626171692238
Laos,,2017,0.387808918792952
Laos,,2016,0.353548994456637
Laos,,2015,0.213918838751508
Laos,,2014,0.240468243989562
Laos,,2013,0.136506949754098
Laos,,2012,0.116245215124211
Laos,,2011,0.10185806158476
Laos,,2010,0.0929084268653597
Laos,,2009,0.0691644922922526
Laos,,2008,0.0470973263973196
Laos,,2007,0.0187410133951187
Laos,,2006,0.0124262141132278
Laos,,2005,0.00534966810761283
Laos,,2004,0.000864808619582104
Laos,,2003,0.000438754673834163
Latvia,,2024,25.7542854181725
Latvia,,2023,25.9948491178264
Latvia,,2022,25.989241189689
Latvia,,2021,25.9761549056076
Latvia,,2020,25.804169430384
Latvia,,2019,26.5858975490829
Latvia,,2018,27.2877295355647
Latvia,,2017,27.0886247975645
Latvia,,2016,26.4893005276389
Latvia,,2015,25.4568684345307
Latvia,,2014,25.3240856124593
Latvia,,2013,24.6397186303098
Latvia,,2012,23.4018125136081
Latvia,,2011,22.2055874415821
Latvia,,2010,20.7297918659797
Latvia,,2009,21.2280519111895
Latvia,,2008,18.9239067993871
Latvia,,2007,15.3836192324889
Latvia,,2006,4.94242534582647
Latvia,,2005,2.71320805934858
Latvia,,2004,2.17063706234592
Latvia,,2003,0.853348035635024
Latvia,,2002,0.43264739972423
Latvia,,2001,0.138348313583238
Latvia,,2000,0.0119916581972062
Lebanon,,2022,7.29166684799988
Lebanon,,2021,7.55615217723581
Lebanon,,2020,7.57698778654173
Lebanon,,2019,7.24813507210341
Lebanon,,2014,17.8374158459364
Lebanon,,2013,8.35736656593718
Lebanon,,2012,9.09489046633696
Lebanon,,2011,7.89496509040388
Lebanon,,2010,6.56754781714514
Lebanon,,2009,3.94608723416743
Lebanon,,2008,2.03031091775332
Lebanon,,2007,1.03217964549997
Lebanon,,2006,0.0
Lebanon,,2005,0.0
Lebanon,,2004,0.0
Lebanon,,2003,0.0
Lebanon,,2002,0.0
Lesotho,,2024,0.379434958926989
Lesotho,,2023,0.383738154734299
Lesotho,,2022,0.39753117741491
Lesotho,,2021,0.353652507890634
Lesotho,,2020,0.226324591508713
Lesotho,,2019,0.209015549435255
Lesotho,,2018,0.263921601133539
Lesotho,,2017,0.223493470430344
Lesotho,,2016,0.10467409743234
Lesotho,,2015,0.0979753503141436
Lesotho,,2014,0.0722084487731054
Lesotho,,2013,0.110624632872098
Lesotho,,2012,0.0804186488683877
Lesotho,,2011,0.0664843106460795
Lesotho,,2010,0.0200375604069829
Lesotho,,2009,0.0201930149332394
Lesotho,,2008,0.00711909896615428
Lesotho,,2007,0.00563158767767659
Lesotho,,2005,0.00230405780420219
Lesotho,,2004,0.00111611162942659
Liberia,,2022,0.274673226516174
Liberia,,2021,0.247180102838331
Liberia,,2020,0.252453508259017
Liberia,,2019,0.21809295161251
Liberia,,2017,0.185608150260109
Liberia,,2016,0.168222443902021
Liberia,,2015,0.150232936167528
Liberia,,2014,0.131455189226459
Liberia,,2013,0.113640456360387
Liberia,,2012,0.0119825028018247
Liberia,,2011,0.00149247437563637
Liberia,,2010,0.00458253364836199
Liberia,,2009,0.0038041829781579
Liberia,,2008,0.00287882527179382
Libya,,2022,4.51840823499527
Libya,,2021,4.65300430613124
Libya,,2020,4.71229521564357
Libya,,2019,4.5748595928116
Libya,,2017,4.71896206577758
Libya,,2016,2.54699624223062
Libya,,2015,0.933889931732646
Libya,,2014,0.977089431066341
Libya,,2013,1.02623025498094
Libya,,2012,1.08911519181374
Libya,,2011,1.10354343066113
Libya,,2010,1.1203724807586
Libya,,2009,0.989525790968802
Libya,,2008,0.741600819831191
Liechtenstein,,2024,50.0050163029847
Liechtenstein,,2023,49.4065356836204
Liechtenstein,,2022,48.9304880840349
Liechtenstein,,2021,47.5207458252228
Liechtenstein,,2020,46.5602187427451
Liechtenstein,,2019,44.6748178980229
Liechtenstein,,2018,43.8301555246663
Liechtenstein,,2017,42.9405548216645
Liechtenstein,,2016,42.3634188488635
Liechtenstein,,2015,41.9679144385027
Liechtenstein,,2014,42.0041439065737
Liechtenstein,,2013,40.6827418043891
Liechtenstein,,2012,39.3922833096513
Liechtenstein,,2011,37.4827681279294
Liechtenstein,,2010,42.3622878413289
Liechtenstein,,2009,44.7489990760702
Liechtenstein,,2008,43.8720234736486
Liechtenstein,,2007,40.311133821609
Liechtenstein,,2006,28.5918513223731
Liechtenstein,,2005,24.8392954945087
Liechtenstein,,2004,13.786385181308
Liechtenstein,,2003,4.40399295361127
Liechtenstein,,2002,4.25878726809318
Lithuania,,2024,27.8460080234758
Lithuania,,2023,27.9638162516437
Lithuania,,2022,28.4400438919259
Lithuania,,2021,28.712701575387
Lithuania,,2020,28.4988545174577
Lithuania,,2019,28.2791627222047
Lithuania,,2018,28.1444849879285
Lithuania,,2017,28.2319064734089
Lithuania,,2016,29.8964138705034
Lithuania,,2015,28.6774149586821
Lithuania,,2014,27.337779493026
Lithuania,,2013,28.2656607039035
Lithuania,,2012,25.7287935833036
Lithuania,,2011,24.0272372898481
Lithuania,,2010,21.9297095928618
Lithuania,,2009,20.0356658048958
Lithuania,,2008,18.4494764858694
Lithuania,,2007,17.3002567947876
Lithuania,,2006,11.2763501710192
Lithuania,,2005,7.04582990569982
Lithuania,,2004,3.82180940616857
Lithuania,,2003,1.95562411024813
Lithuania,,2002,0.580711662141955
Lithuania,,2001,0.0698818659581158
Luxembourg,,2024,40.3174570156723
Luxembourg,,2023,38.3793065082138
Luxembourg,,2022,38.3269581349215
Luxembourg,,2021,38.0399641403524
Luxembourg,,2020,37.2960860898482
Luxembourg,,2019,37.3611453762962
Luxembourg,,2018,36.8853200372964
Luxembourg,,2017,35.9768313229784
Luxembourg,,2016,34.8068400324932
Luxembourg,,2015,34.2910720305652
Luxembourg,,2014,33.580271770101
Luxembourg,,2013,32.4834270107517
Luxembourg,,2012,31.9617588949556
Luxembourg,,2011,32.7339447418355
Luxembourg,,2010,33.1818450562661
Luxembourg,,2009,31.3376302472766
Luxembourg,,2008,29.2848524509704
Luxembourg,,2007,26.7932621233889
Luxembourg,,2006,20.9213603853946
Luxembourg,,2005,15.0635095613532
Luxembourg,,2004,7.96428509085831
Luxembourg,,2003,3.39745661055511
Luxembourg,,2002,1.30536370743903
Luxembourg,,2001,0.275041199587099
Madagascar,,2023,0.124487385085979
Madagascar,,2022,0.10748996107107
Madagascar,,2021,0.104182794544746
Madagascar,,2020,0.110521830202826
Madagascar,,2019,0.106309263427764
Madagascar,,2018,0.0989673512851062
Madagascar,,2017,0.0935555068196559
Madagascar,,2016,0.101092139939568
Madagascar,,2015,0.0931855023903611
Madagascar,,2014,0.100285297234557
Madagascar,,2013,0.157565817989663
Madagascar,,2012,0.13245426583546
Madagascar,,2011,0.030023266717202
Madagascar,,2010,0.0243020212465751
Madagascar,,2009,0.0212370192432641
Madagascar,,2008,0.0166699802713078
Madagascar,,2007,0.0115854535722299
Madagascar,,2006,0.00689780688766037
Malawi,,2024,0.0863853749149284
Malawi,,2023,0.079556560544817
Malawi,,2022,0.0724060330808983
Malawi,,2021,0.0670814931398598
Malawi,,2020,0.0627371263723842
Malawi,,2019,0.0596980345376099
Malawi,,2018,0.0613015454757565
Malawi,,2017,0.0599566013099431
Malawi,,2016,0.0495052352697577
Malawi,,2015,0.034268649944541
Malawi,,2014,0.05150546237057
Malawi,,2013,0.0543070159937472
Malawi,,2012,0.00788054318712719
Malawi,,2011,0.0113330986355604
Malawi,,2010,0.00731799620718711
Malawi,,2009,0.00718265648257671
Malawi,,2008,0.00705474085382541
Malawi,,2007,0.00687961404628625
Malawi,,2005,0.00314640984901049
Malawi,,2004,0.00110393491199759
Malawi,,2003,0.000566429264395554
Malaysia,,2024,13.5464432669708
Malaysia,,2023,13.0287000355119
Malaysia,,2022,12.1753566089982
Malaysia,,2021,10.8921782282506
Malaysia,,2020,9.91101742902637
Malaysia,,2019,8.86497357882019
Malaysia,,2018,8.19179819298533
Malaysia,,2017,8.30705146836206
Malaysia,,2016,8.55245970508987
Malaysia,,2015,9.80955980953099
Malaysia,,2014,9.97193881432051
Malaysia,,2013,9.73942530166021
Malaysia,,2012,9.84700347717991
Malaysia,,2011,8.59576382844835
Malaysia,,2010,7.32068815724969
Malaysia,,2009,5.52395471352698
Malaysia,,2008,4.82153483966066
Malaysia,,2007,3.83430285414437
Malaysia,,2006,2.84276851737206
Malaysia,,2005,1.86986635854964
Malaysia,,2004,0.999731873891089
Malaysia,,2003,0.447341087591283
Malaysia,,2002,0.0800830553639777
Malaysia,,2001,0.0170020765486193
Maldives,,2024,19.6489572735075
Maldives,,2023,18.6292999539919
Maldives,,2022,17.3997244832152
Maldives,,2021,14.8246453577808
Maldives,,2020,12.6832736528067
Maldives,,2019,10.9012960012794
Maldives,,2018,10.0179877784565
Maldives,,2017,7.97186042807237
Maldives,,2016,6.61143042760338
Maldives,,2015,5.41277203996693
Maldives,,2014,4.79719160479381
Maldives,,2013,5.08685979953508
Maldives,,2012,4.66860383953177
Maldives,,2011,4.72015714232192
Maldives,,2010,4.31079403090978
Maldives,,2009,4.41605053477855
Maldives,,2008,4.56881934735402
Maldives,,2007,3.20667901466659
Maldives,,2006,1.99903775995616
Maldives,,2005,1.06386797594222
Maldives,,2004,0.237879587144549
Maldives,,2003,0.169651018074748
Maldives,,2002,0.0651541753538901
Mali,,2022,0.774220028570636
Mali,,2021,0.648338018002888
Mali,,2020,1.12281404354348
Mali,,2019,0.676472661314418
Mali,,2018,0.591594866067607
Mali,,2017,0.0777267019132024
Mali,,2016,0.111738195386459
Mali,,2015,0.018818888075322
Mali,,2013,0.0166613066782973
Mali,,2012,0.02547615493819
Mali,,2011,0.0515026702513302
Mali,,2010,0.0502910029715529
Mali,,2009,0.0534092136335505
Mali,,2008,0.0352859709752809
Mali,,2007,0.022133419561447
Mali,,2006,0.0220512462385113
Malta,,2024,44.5068355303026
Malta,,2023,44.282454836797
Malta,,2022,43.4449972737186
Malta,,2021,42.1830899964911
Malta,,2020,41.1094408219109
Malta,,2019,40.1799549616579
Malta,,2018,39.5892751744889
Malta,,2017,38.7512769768028
Malta,,2016,37.6179796999137
Malta,,2015,36.6768468766082
Malta,,2014,34.8819867199098
Malta,,2013,33.3783014199957
Malta,,2012,31.8224330830663
Malta,,2011,30.3037011219232
Malta,,2010,29.7855677615811
Malta,,2009,27.0098266376739
Malta,,2008,23.440636419401
Malta,,2007,20.1300584615901
Malta,,2006,12.7446119185277
Malta,,2005,12.4380625181457
Malta,,2004,9.16314100847619
Malta,,2003,5.56946397338729
Malta,,2002,4.35910396607202
Malta,,2001,2.27342694843887
Malta,,2000,0.414108703534678
Marshall Islands,,2022,2.35047533498016
Marshall Islands,,2021,2.27717746029444
Marshall Islands,,2020,2.34159134547839
Marshall Islands,,2019,2.27236575999273
Marshall Islands,,2018,2.2082367229767
Marshall Islands,,2017,2.14919727481786
Marshall Islands,,2016,2.09604057934562
Marshall Islands,,2015,2.04918032786885
Marshall Islands,,2014,2.75524138485019
Marshall Islands,,2013,2.53349381424992
Mauritania,,2024,0.946513083252489
Mauritania,,2023,0.59041012129361
Mauritania,,2022,0.415227794850191
Mauritania,,2021,0.405903092669414
Mauritania,,2020,0.401227704167555
Mauritania,,2019,0.242070430744355
Mauritania,,2018,0.304863077886015
Mauritania,,2017,0.300123497838788
Mauritania,,2016,0.272618915656489
Mauritania,,2015,0.243018145169932
Mauritania,,2014,0.20787244115521
Mauritania,,2013,0.201696802468349
Mauritania,,2012,0.185049380580564
Mauritania,,2011,0.174716820290903
Mauritania,,2010,0.171308167439062
Mauritania,,2009,0.206275148822572
Mauritania,,2008,0.184590117894529
Mauritania,,2007,0.129321813777235
Mauritania,,2006,0.0322863229428668
Mauritania,,2005,0.00558001727763886
Mauritius,,2024,27.9742504733832
Mauritius,,2023,26.9082309192612
Mauritius,,2022,26.1963906498554
Mauritius,,2021,25.7028828022003
Mauritius,,2020,25.1865809761826
Mauritius,,2019,23.8830105654334
Mauritius,,2018,21.3138552473439
Mauritius,,2017,19.0600896444054
Mauritius,,2016,16.4576177636993
Mauritius,,2015,15.2753864309067
Mauritius,,2014,14.0866327916688
Mauritius,,2013,12.5795517217874
Mauritius,,2012,10.9217558584205
Mauritius,,2011,9.1921039721924
Mauritius,,2010,7.32215958568935
Mauritius,,2009,5.69793552947211
Mauritius,,2008,4.11968916591809
Mauritius,,2007,2.76734949799845
Mauritius,,2006,2.2072653410678
Mauritius,,2005,0.429361724128331
Mauritius,,2004,0.205152824451912
Mauritius,,2003,0.0953225145499674
Mauritius,,2002,0.0230940332310983
Mexico,,2024,21.7367225364543
Mexico,,2023,20.752917384408
Mexico,,2022,20.6070256426489
Mexico,,2021,19.2796725887476
Mexico,,2020,17.7520559419946
Mexico,,2019,15.3885155172291
Mexico,,2018,14.7373951154108
Mexico,,2017,13.7767213511093
Mexico,,2016,13.0255992017626
Mexico,,2015,12.1891508368561
Mexico,,2014,10.8799928230972
Mexico,,2013,10.7719183026526
Mexico,,2012,11.1945528217656
Mexico,,2011,10.0362003918243
Mexico,,2010,9.31394316309963
Mexico,,2009,8.60820715794462
Mexico,,2008,6.82462658332165
Mexico,,2007,4.14106964177955
Mexico,,2006,2.81575456824012
Mexico,,2005,1.81677032017237
Mexico,,2004,1.01277915709648
Mexico,,2003,0.41598094515152
Mexico,,2002,0.227955821439786
Mexico,,2001,0.0499504995544465
Mexico,,2000,0.0152090403509224
Micronesia,,2022,5.81818506163369
Micronesia,,2021,5.37518813158461
Micronesia,,2020,5.40949908038516
Micronesia,,2019,4.533831450282
Micronesia,,2017,3.44900028315415
Micronesia,,2016,2.90534036213614
Micronesia,,2015,3.0142757275838
Micronesia,,2014,2.8525037824274
Micronesia,,2013,1.90804746533976
Micronesia,,2010,0.92802678073275
Micronesia,,2007,0.105569712413542
Micronesia,,2006,0.0857950491741098
Micronesia,,2005,0.0412881915772089
Micronesia,,2004,0.0232298414116596
Micronesia,,2003,0.00534354544240103
Moldova,,2024,29.6324400873685
Moldova,,2023,27.3086365814931
Moldova,,2022,26.317794331222
Moldova,,2021,25.2112754309344
Moldova,,2020,23.4268592640718
Moldova,,2019,21.54270340639
Moldova,,2018,19.7583973228257
Moldova,,2017,18.2974964435539
Moldova,,2016,17.2155177259579
Moldova,,2015,16.2569619282762
Moldova,,2014,15.2330041292856
Moldova,,2013,13.7695240878002
Moldova,,2012,12.0173397889983
Moldova,,2011,10.0167937961344
Moldova,,2010,7.4547521029782
Moldova,,2009,5.06352851025711
Moldova,,2008,3.04873337877139
Moldova,,2007,1.37108726290415
Moldova,,2006,0.555731800242572
Moldova,,2005,0.260613252190142
Moldova,,2004,0.0600246770862653
Moldova,,2003,0.0145772630346248
Moldova,,2002,0.0100894777367708
Moldova,,2001,0.00570437040696745
Monaco,,2024,55.6780823690818
Monaco,,2023,55.8835609405483
Monaco,,2022,55.2284811589736
Monaco,,2021,54.9173307031433
Monaco,,2020,54.8672798948752
Monaco,,2019,53.7300900049857
Monaco,,2018,51.5909210043508
Monaco,,2017,51.1120547799777
Monaco,,2016,49.9356154093787
Monaco,,2015,49.9333460293277
Monaco,,2014,49.2692648361382
Monaco,,2013,47.6655288176715
Monaco,,2012,46.8381780991616
Monaco,,2011,46.8980144936075
Monaco,,2010,41.6126405934324
Monaco,,2009,41.4040291682116
Monaco,,2008,40.8342756627717
Monaco,,2007,38.6342934321701
Monaco,,2006,34.3138784040927
Monaco,,2005,29.4939459795095
Monaco,,2004,23.5428854427833
Monaco,,2003,20.1859516896275
Monaco,,2002,15.1255320461415
Monaco,,2001,8.19182050728881
Monaco,,2000,2.46495147126791
Mongolia,,2024,15.7837343261767
Mongolia,,2023,14.5529107220073
Mongolia,,2022,12.9008288504333
Mongolia,,2021,11.3929982387502
Mongolia,,2020,9.3475568899214
Mongolia,,2019,9.83638257697054
Mongolia,,2018,9.66655365112798
Mongolia,,2017,9.18362021979381
Mongolia,,2016,7.43705957487671
Mongolia,,2015,6.98959122144406
Mongolia,,2014,6.77117608106174
Mongolia,,2013,4.89953823458973
Mongolia,,2012,3.94085550888065
Mongolia,,2011,3.42607770710846
Mongolia,,2010,2.84091834423251
Mongolia,,2009,1.50364345674788
Mongolia,,2008,1.23381809458159
Mongolia,,2007,0.283554418866818
Mongolia,,2006,0.135409299755954
Mongolia,,2005,0.070217569137974
Mongolia,,2004,0.035394151234489
Mongolia,,2003,0.0198270683101985
Mongolia,,2002,0.0035998920032399
Mongolia,,2001,0.00197764055373936
Montenegro,,2024,32.305369479654
Montenegro,,2023,32.0155251660479
Montenegro,,2022,31.8922375082974
Montenegro,,2021,31.180870777725
Montenegro,,2020,30.2953440746132
Montenegro,,2019,29.2284854340679
Montenegro,,2018,25.8249904594873
Montenegro,,2017,22.1614090312426
Montenegro,,2016,18.3977867805956
Montenegro,,2015,17.8930024118635
Montenegro,,2014,16.450287071867
Montenegro,,2013,15.1169768888917
Montenegro,,2012,13.8535846197557
Montenegro,,2011,10.2281061123334
Montenegro,,2010,10.2303793142727
Montenegro,,2009,9.38099861172162
Montenegro,,2008,6.281000876992
Montenegro,,2007,2.81853361099752
Montenegro,,2005,1.20889519753963
Morocco,,2024,7.30282126551091
Morocco,,2023,7.02184328513844
Morocco,,2022,6.47150166958379
Morocco,,2021,6.14617858388986
Morocco,,2020,5.74683480916137
Morocco,,2019,4.83650253578356
Morocco,,2018,4.33205746913484
Morocco,,2017,3.89000663311516
Morocco,,2016,3.58453478764246
Morocco,,2015,3.31584217888863
Morocco,,2014,2.90442154576056
Morocco,,2013,2.49778239459711
Morocco,,2012,2.06726433186317
Morocco,,2011,1.80844788018493
Morocco,,2010,1.55388163790599
Morocco,,2009,1.49700703492122
Morocco,,2008,1.56051392412264
Morocco,,2007,1.53066387639665
Morocco,,2006,1.27345465942188
Morocco,,2005,0.820662817858694
Morocco,,2004,0.215871402340826
Morocco,,2003,0.00917101870167525
Morocco,,2002,0.00684975091908245
Mozambique,,2024,0.141999688956087
Mozambique,,2023,0.149001818335337
Mozambique,,2022,0.197784521833894
Mozambique,,2021,0.206558007808804
Mozambique,,2020,0.227393157051228
Mozambique,,2019,0.234152423439938
Mozambique,,2018,0.241713568697421
Mozambique,,2017,0.218845913283962
Mozambique,,2016,0.170460624854022
Mozambique,,2015,0.160353647407002
Mozambique,,2014,0.143416778231361
Mozambique,,2013,0.115170237953958
Mozambique,,2012,0.120955650717816
Mozambique,,2011,0.119979505298291
Mozambique,,2010,0.0753198965096013
Mozambique,,2009,0.0613976266700072
Mozambique,,2008,0.0510334187083242
Mozambique,,2007,0.0299093816668691
Mozambique,,2006,0.0105883041717197
Myanmar,,2024,2.86965759378273
Myanmar,,2023,2.79829802446154
Myanmar,,2022,2.09694638185872
Myanmar,,2021,1.67276170937317
Myanmar,,2020,1.29924592186564
Myanmar,,2019,0.92296052297012
Myanmar,,2018,0.246880529164931
Myanmar,,2017,0.214986286331048
Myanmar,,2016,0.174162128034933
Myanmar,,2015,0.0644384582091319
Myanmar,,2011,0.0443101573417305
Myanmar,,2010,0.0468134407079318
Myanmar,,2009,0.0477595166128622
Myanmar,,2008,0.020654755544097
Myanmar,,2007,0.0134358321508409
Myanmar,,2006,0.00828918867760863
Myanmar,,2005,0.000512243623910731
Namibia,,2024,2.83462992194067
Namibia,,2023,3.52006938690795
Namibia,,2022,3.29190749644768
Namibia,,2021,3.1781346555903
Namibia,,2020,2.88695019939445
Namibia,,2019,2.60177914003955
Namibia,,2018,2.43865058644091
Namibia,,2017,2.623967181163
Namibia,,2016,2.63785901436242
Namibia,,2015,2.96542138735627
Namibia,,2014,1.78241879056579
Namibia,,2013,1.58667582978618
Namibia,,2012,1.09598141666067
Namibia,,2011,0.820472202485644
Namibia,,2010,0.447196455037916
Namibia,,2009,0.0229614603681343
Namibia,,2008,0.0156322054697087
Namibia,,2007,0.0126820568710988
Namibia,,2006,0.00994031792952214
Namibia,,2005,0.00681385266416554
Nauru,,2022,9.95678332344717
Nauru,,2010,9.45932490291746
Nepal,,2024,10.0656152054494
Nepal,,2023,10.6751345547041
Nepal,,2022,8.51809813593178
Nepal,,2021,4.30873475530627
Nepal,,2020,4.38436385331589
Nepal,,2019,3.62848482357188
Nepal,,2018,2.82040516901736
Nepal,,2017,1.79644198771794
Nepal,,2016,0.801932731428298
Nepal,,2015,1.0879421947439
Nepal,,2014,0.905603676157843
Nepal,,2013,1.12887656815898
Nepal,,2012,0.837547528292715
Nepal,,2011,0.34464862159849
Nepal,,2010,0.220090357850091
Nepal,,2009,0.062849070779175
Nepal,,2008,0.0444608504982783
Nepal,,2007,0.0409018917526227
Nepal,,2006,0.00362501258684926
Netherlands,,2024,42.9782483069868
Netherlands,,2023,43.2644444744139
Netherlands,,2022,43.5643185557355
Netherlands,,2021,42.9460563127039
Netherlands,,2020,42.6667277513049
Netherlands,,2019,42.5292659897442
Netherlands,,2018,42.5152457224727
Netherlands,,2017,42.0988982620643
Netherlands,,2016,41.9813942626003
Netherlands,,2015,41.0879703576802
Netherlands,,2014,40.2287973950107
Netherlands,,2013,40.030499091092
Netherlands,,2012,39.3374146344405
Netherlands,,2011,38.5614208058284
Netherlands,,2010,37.7372328275169
Netherlands,,2009,36.7354644977419
Netherlands,,2008,34.9756568223498
Netherlands,,2007,33.3124497886048
Netherlands,,2006,31.4796082807097
Netherlands,,2005,24.9002320580163
Netherlands,,2004,19.5183532792721
Netherlands,,2003,12.1464574380311
Netherlands,,2002,7.18911059401766
Netherlands,,2001,2.88085335548043
Netherlands,,2000,1.61905402409651
Netherlands,,1998,0.480200659
New Zealand,,2024,38.048298946057
New Zealand,,2023,37.8530848455277
New Zealand,,2022,36.3044927893768
New Zealand,,2021,35.262820014578
New Zealand,,2020,34.8130286721914
New Zealand,,2019,34.0227878966682
New Zealand,,2018,33.6193927294608
New Zealand,,2017,32.8917841600814
New Zealand,,2016,32.4618168012438
New Zealand,,2015,31.4454027055313
New Zealand,,2014,31.1741167278321
New Zealand,,2013,29.5474635321209
New Zealand,,2012,28.8325797270697
New Zealand,,2011,26.8784082871289
New Zealand,,2010,25.1163240005796
New Zealand,,2009,23.7514590047543
New Zealand,,2008,21.468765486327
New Zealand,,2007,20.1981120772407
New Zealand,,2006,11.2435855129438
New Zealand,,2005,7.7629856491174
New Zealand,,2004,4.6939085337336
New Zealand,,2003,2.06334929818778
New Zealand,,2002,1.10095393229108
New Zealand,,2001,0.443680780068257
New Zealand,,2000,0.120749465856002
Nicaragua,,2024,5.77624223916809
Nicaragua,,2023,5.43030503048751
Nicaragua,,2022,5.00781944815467
Nicaragua,,2021,4.51379519532816
Nicaragua,,2020,4.42253148272568
Nicaragua,,2019,3.35640827391085
Nicaragua,,2018,3.00641554480569
Nicaragua,,2017,3.32673076712995
Nicaragua,,2016,2.84026129428402
Nicaragua,,2015,1.89136628724316
Nicaragua,,2014,1.83646496195825
Nicaragua,,2013,2.20070874162015
Nicaragua,,2012,1.71677805197409
Nicaragua,,2011,1.46230029604484
Nicaragua,,2010,1.27720503010919
Nicaragua,,2009,1.3909059521787
Nicaragua,,2008,0.774881724379025
Nicaragua,,2007,0.501160308903936
Nicaragua,,2006,0.351402648714535
Nicaragua,,2005,0.197188187053605
Nicaragua,,2004,0.0948432289406688
Nicaragua,,2003,0.0844949388433577
Nicaragua,,2002,0.0450299218879402
Nicaragua,,2001,0.0315262415668778
Nicaragua,,2000,0.0139369131688499
Niger,,2024,0.111273829357144
Niger,,2023,0.107619048674827
Niger,,2020,0.0505953107507067
Niger,,2019,0.0479349681103909
Niger,,2017,0.0403537206550309
Niger,,2016,0.0372575269558715
Niger,,2015,0.136352479886906
Niger,,2014,0.155881254433501
Niger,,2013,0.0345574257482412
Niger,,2012,0.0205698689039478
Niger,,2011,0.012307668661491
Niger,,2010,0.00906408215442356
Niger,,2009,0.00627207968050026
Niger,,2008,0.0040164263374716
Niger,,2007,0.00325596256588765
Niger,,2006,0.00243191667062058
Niger,,2005,0.00154112417157306
Niger,,2004,0.00058043835307477
Nigeria,,2024,0.0787379280608494
Nigeria,,2023,0.051283785190682
Nigeria,,2022,0.0433814077089791
Nigeria,,2021,0.0301639204550369
Nigeria,,2020,0.0305206381229766
Nigeria,,2019,0.0397927035008571
Nigeria,,2018,0.0360912702919465
Nigeria,,2017,0.0553465496536786
Nigeria,,2016,0.0552235758942345
Nigeria,,2015,0.00822774714580616
Nigeria,,2014,0.00846705820803965
Nigeria,,2013,0.008309884720275
Nigeria,,2012,0.00810383050570905
Nigeria,,2010,0.0594732858863234
Nigeria,,2009,0.0505759155118218
Nigeria,,2008,0.0430064367391725
Nigeria,,2007,0.0349676764955042
Nigeria,,2005,0.000344786561361771
North Macedonia,,2024,29.8921727758887
North Macedonia,,2023,29.1771708951077
North Macedonia,,2022,28.0035734605346
North Macedonia,,2021,26.9448892231031
North Macedonia,,2020,25.4041233643961
North Macedonia,,2019,23.9402500262168
North Macedonia,,2018,22.2929498345599
North Macedonia,,2017,20.4183259234605
North Macedonia,,2016,19.4533715332855
North Macedonia,,2015,18.4016994838328
North Macedonia,,2014,17.7239038498213
North Macedonia,,2013,16.8126639116268
North Macedonia,,2012,15.4034279276413
North Macedonia,,2011,13.7991890008361
North Macedonia,,2010,12.6122529557569
North Macedonia,,2009,11.2968607671847
North Macedonia,,2008,8.74101931878654
North Macedonia,,2007,4.82749047537623
North Macedonia,,2006,1.7463346596574
North Macedonia,,2005,0.59507887570479
Norway,,2024,45.1633056345554
Norway,,2023,45.4377082628592
Norway,,2022,45.6644653158508
Norway,,2021,44.9392216218255
Norway,,2020,44.3863056613216
Norway,,2019,42.2722351352817
Norway,,2018,41.5279365452303
Norway,,2017,41.0328263217001
Norway,,2016,40.2402948978253
Norway,,2015,39.5096431037131
Norway,,2014,38.4850493294753
Norway,,2013,37.6116803448105
Norway,,2012,37.0178249972402
Norway,,2011,36.0526456056247
Norway,,2010,35.2484740738801
Norway,,2009,34.5487937244221
Norway,,2008,33.0829820928709
Norway,,2007,30.9463135563526
Norway,,2006,26.703950267933
Norway,,2005,21.4432708272588
Norway,,2004,14.6276914888311
Norway,,2003,8.73574841899818
Norway,,2002,4.52415968747562
Norway,,2001,1.96162446548331
Norway,,2000,0.518763971411311
Oman,,2024,11.0647690464367
Oman,,2023,10.8793321668994
Oman,,2022,10.8833264083829
Oman,,2021,11.5852955507366
Oman,,2020,11.3829602598706
Oman,,2019,10.2442069785858
Oman,,2018,9.171272567174
Oman,,2017,7.47816940167101
Oman,,2016,6.3548355193171
Oman,,2015,5.46554909512887
Oman,,2014,4.39661208861608
Oman,,2013,4.0982191379848
Oman,,2012,3.23965295885197
Oman,,2011,2.40585671100437
Oman,,2010,1.92527603755334
Oman,,2009,1.43005355008334
Oman,,2008,1.1794778773833
Oman,,2007,0.759345134914823
Oman,,2006,0.77748475447911
Oman,,2005,0.527227266410247
Oman,,2004,0.0273152875240696
Oman,,2003,0.00569951964783674
Oman,,2002,0.00415442823503613
Pakistan,,2024,1.46559368502535
Pakistan,,2023,1.35622425766449
Pakistan,,2022,1.28371909626329
Pakistan,,2021,1.23144065449307
Pakistan,,2020,1.03954036154268
Pakistan,,2019,0.881514330669917
Pakistan,,2018,0.952870734503035
Pakistan,,2017,1.03818686573522
Pakistan,,2016,1.13034740811719
Pakistan,,2015,0.825252755772547
Pakistan,,2014,0.93747803388209
Pakistan,,2013,0.77134330599483
Pakistan,,2012,0.730404005930164
Pakistan,,2011,0.572428723960877
Pakistan,,2010,0.396251142478111
Pakistan,,2009,0.201479567487298
Pakistan,,2008,0.0886980405021738
Pakistan,,2007,0.0244740686448274
Pakistan,,2006,0.0148099964442874
Pakistan,,2005,0.00832130676524748
Palau,,2023,7.33344615558188
Palau,,2022,6.993637029112
Palau,,2015,6.88801350590884
Palau,,2014,6.26587637595258
Palau,,2013,10.2277878513146
Palau,,2012,5.05488319729806
Palau,,2011,2.86536121252351
Palau,,2010,1.29919547727767
Palau,,2009,0.758992998022342
Palau,,2008,0.583933926035036
Palau,,2007,0.523261838151487
Palau,,2006,0.495074771602103
Palau,,2005,0.504566325243453
Palau,,2004,0.373360242179617
Panama,,2023,18.1341265585334
Panama,,2022,16.3861439797054
Panama,,2021,14.8381106018887
Panama,,2020,13.8346818420776
Panama,,2019,12.648617375493
Panama,,2018,12.9615678069801
Panama,,2017,10.76346760088
Panama,,2016,10.6706831276374
Panama,,2015,7.98396983865042
Panama,,2014,7.96651988219216
Panama,,2013,8.03240714720224
Panama,,2012,7.84035458080003
Panama,,2011,7.65784803323672
Panama,,2010,7.11835492836641
Panama,,2009,6.57564384952114
Panama,,2008,5.60439095847397
Panama,,2007,4.37188180911072
Panama,,2006,3.34036143150389
Panama,,2005,0.530240330139275
Panama,,2004,0.515078487491368
Panama,,2003,0.471470530975699
Panama,,2002,0.390976511371073
Panama,,2001,0.253165216773735
Papua New Guinea,,2024,0.232591077844073
Papua New Guinea,,2023,0.228111959659795
Papua New Guinea,,2022,0.214639196900492
Papua New Guinea,,2021,0.209729532794508
Papua New Guinea,,2020,0.213941966305974
Papua New Guinea,,2019,0.208137987159968
Papua New Guinea,,2017,0.196105903288849
Papua New Guinea,,2016,0.189695770386883
Papua New Guinea,,2015,0.171560996911216
Papua New Guinea,,2014,0.154867030815371
Papua New Guinea,,2013,0.136100337504748
Papua New Guinea,,2012,0.113841801967236
Papua New Guinea,,2011,0.0954277875029296
Papua New Guinea,,2010,0.0799106782019259
Papua New Guinea,,2009,0.0601233683452153
Papua New Guinea,,2008,0.0415842846765183
Paraguay,,2023,12.8835504093571
Paraguay,,2022,11.1527995711537
Paraguay,,2021,10.8118689766377
Paraguay,,2020,8.5159180276507
Paraguay,,2019,6.32666662368931
Paraguay,,2018,4.989589851669
Paraguay,,2017,4.57926438711021
Paraguay,,2016,3.94711196413706
Paraguay,,2015,3.49295993263954
Paraguay,,2014,3.04993022023256
Paraguay,,2013,2.61725765970268
Paraguay,,2012,2.30883186863576
Paraguay,,2011,2.06549827968299
Paraguay,,2010,1.55966281460816
Paraguay,,2009,1.36539900649523
Paraguay,,2008,0.22801872746311
Paraguay,,2007,0.154693342034534
Paraguay,,2006,0.108988895484735
Paraguay,,2005,0.102788184571604
Paraguay,,2004,0.0566054369058169
Paraguay,,2003,0.00938713991869986
Paraguay,,2002,0.00950330410877254
Paraguay,,2001,0.00578292183667911
Paraguay,,2000,0.00294067597906866
Peru,,2024,11.6788671222106
Peru,,2023,10.4364266723222
Peru,,2022,9.45023631953673
Peru,,2021,9.05771410333768
Peru,,2020,8.41186520281526
Peru,,2019,7.38778580236377
Peru,,2018,8.09510839441633
Peru,,2017,7.37507987722252
Peru,,2016,6.87075765715407
Peru,,2015,6.56472932864047
Peru,,2014,5.86753622497354
Peru,,2013,5.40886840560537
Peru,,2012,4.88245729342236
Peru,,2011,4.13514688702456
Peru,,2010,3.20601798410432
Peru,,2009,2.86420186642741
Peru,,2008,2.52641792600247
Peru,,2007,1.99861209148784
Peru,,2006,1.71194250233835
Peru,,2005,1.25482986835428
Peru,,2004,0.817206833645756
Peru,,2003,0.340487061687446
Peru,,2002,0.13705915633843
Peru,,2000,0.00405288587468138
Peru,,1999,0.00028569
Philippines,,2024,7.13893301204977
Philippines,,2023,6.5393085505183
Philippines,,2022,7.63946525096298
Philippines,,2021,8.50897715713263
Philippines,,2020,7.08108894988907
Philippines,,2019,5.69730703529922
Philippines,,2018,3.46090446005956
Philippines,,2017,3.14400726239576
Philippines,,2016,2.79705053563184
Philippines,,2015,2.75369633406674
Philippines,,2014,2.79471929116667
Philippines,,2013,2.52046664370868
Philippines,,2012,2.14283906030847
Philippines,,2011,1.82292647914606
Philippines,,2009,1.82488815665749
Philippines,,2008,1.12807573795623
Philippines,,2007,0.544770790690909
Philippines,,2006,0.29609317661134
Philippines,,2005,0.139747379003822
Philippines,,2004,0.103015812209536
Philippines,,2003,0.064910667873533
Philippines,,2002,0.0252802225391506
Philippines,,2001,0.0122847877178855
Poland,,2024,25.3612522999634
Poland,,2023,24.526154479274
Poland,,2022,23.8373449056172
Poland,,2021,22.8165643900514
Poland,,2020,21.9255858346119
Poland,,2019,20.5043205670712
Poland,,2018,20.5313862679212
Poland,,2017,19.9531726069815
Poland,,2016,19.1513139299534
Poland,,2015,18.9867934497166
Poland,,2014,18.904567196757
Poland,,2013,18.3773931656078
Poland,,2012,18.0079998184474
Poland,,2011,18.2475205937044
Poland,,2010,15.378511671936
Poland,,2009,14.7254806997129
Poland,,2008,11.7451771509464
Poland,,2007,10.9783187303476
Poland,,2006,7.64660563202594
Poland,,2005,2.47914595540035
Poland,,2004,2.29478836117739
Poland,,2003,0.512392521695119
Poland,,2002,0.31829946202672
Poland,,2001,0.0313747169510301
Portugal,,2024,45.2439221846256
Portugal,,2023,44.1107426914567
Portugal,,2022,42.937003513367
Portugal,,2021,41.5145728650954
Portugal,,2020,40.1215406866329
Portugal,,2019,38.3605751907072
Portugal,,2018,36.6542819407724
Portugal,,2017,34.6016066063915
Portugal,,2016,32.6259001706105
Portugal,,2015,30.2999720257926
Portugal,,2014,27.4622463014594
Portugal,,2013,24.5102597000009
Portugal,,2012,22.7408340982484
Portugal,,2011,21.2468026111835
Portugal,,2010,20.1035764454099
Portugal,,2009,18.0765765463372
Portugal,,2008,15.4810153386745
Portugal,,2007,14.4787649363671
Portugal,,2006,13.5278484091782
Portugal,,2005,11.0962645508509
Portugal,,2004,7.99866925932756
Portugal,,2003,4.80216409697687
Portugal,,2002,2.50254392471596
Portugal,,2001,0.959174064943876
Portugal,,2000,0.244612476811702
Portugal,,1999,0.00290227
Qatar,,2024,11.8175200751339
Qatar,,2023,11.641102863231
Qatar,,2022,12.6414412670206
Qatar,,2021,11.0795735105944
Qatar,,2020,10.5631961475008
Qatar,,2019,10.1746618292654
Qatar,,2018,9.7027244524186
Qatar,,2017,9.47866948386398
Qatar,,2016,9.7607422100415
Qatar,,2015,9.79569741415571
Qatar,,2014,10.163849886313
Qatar,,2013,10.6013309777772
Qatar,,2012,9.70716531812154
Qatar,,2011,9.08920732212375
Qatar,,2010,8.52940126805712
Qatar,,2009,9.12707669997793
Qatar,,2008,7.4408979226848
Qatar,,2007,7.25412565830572
Qatar,,2006,4.80792655661672
Qatar,,2005,3.10258684190122
Qatar,,2004,1.41142484728422
Qatar,,2003,0.40164795174316
Qatar,,2002,0.0320582673068946
Romania,,2024,35.7995871488999
Romania,,2023,34.6706189336505
Romania,,2022,33.2115600895132
Romania,,2021,31.6949603653045
Romania,,2020,29.314080636148
Romania,,2019,27.060557570268
Romania,,2018,25.9702175828069
Romania,,2017,24.148941859633
Romania,,2016,22.4982986593906
Romania,,2015,21.4489855804576
Romania,,2014,20.1139523323465
Romania,,2013,18.8919150905294
Romania,,2012,17.567519569459
Romania,,2011,16.1874973837653
Romania,,2010,14.6853744418104
Romania,,2009,13.6687076743772
Romania,,2008,12.1503515995324
Romania,,2007,9.3537758838748
Romania,,2006,5.18165947350917
Romania,,2005,1.77760384149859
Romania,,2004,0.487146394862043
Romania,,2003,0.90817354336616
Romania,,2002,0.072576884069498
Romania,,2001,0.0273723664190882
Russia,,2024,27.1333512124875
Russia,,2023,25.8238695549039
Russia,,2022,24.6345568628262
Russia,,2021,23.7409106485411
Russia,,2020,23.1557041794102
Russia,,2019,22.4233442134941
Russia,,2018,21.8962972283043
Russia,,2017,21.2763636749444
Russia,,2016,18.8797858276626
Russia,,2015,18.4996930924804
Russia,,2014,17.2161049931
Russia,,2013,16.4209357330938
Russia,,2012,14.5007601269515
Russia,,2011,12.2426736632818
Russia,,2010,10.907741936582
Russia,,2009,8.96648212209969
Russia,,2008,6.45287620268262
Russia,,2007,3.40609484108427
Russia,,2006,2.01245015473243
Russia,,2005,1.09890958017062
Russia,,2004,0.464939763747368
Russia,,2003,0.235263084384499
Russia,,2002,0.00753736993754261
Rwanda,,2024,0.595648307197658
Rwanda,,2023,0.445556123195211
Rwanda,,2022,0.349951615372613
Rwanda,,2021,0.238872174708692
Rwanda,,2020,0.135352981978881
Rwanda,,2019,0.0695438976971303
Rwanda,,2018,0.0600656822760033
Rwanda,,2017,0.178494450936973
Rwanda,,2016,0.182235644842436
Rwanda,,2015,0.181485911280924
Rwanda,,2014,0.0256670688163416
Rwanda,,2013,0.0250690955113609
Rwanda,,2012,0.0507668537320886
Rwanda,,2011,0.0817592046252728
Rwanda,,2010,0.038206733709049
Rwanda,,2009,0.0220070072537641
Rwanda,,2008,0.0114235951706343
Rwanda,,2007,0.0266284590687704
Rwanda,,2006,0.0183240662737603
Rwanda,,2005,0.0130321536362801
Rwanda,,2004,0.0130205320634005
Samoa,,2022,0.87753935919651
Samoa,,2021,0.791471566430753
Samoa,,2020,0.798324085607519
Samoa,,2019,0.806559252550291
Samoa,,2018,0.815099575107668
Samoa,,2017,0.823698366721028
Samoa,,2016,1.06585290345407
Samoa,,2015,1.03279777185279
Samoa,,2014,1.01031309207797
Samoa,,2013,0.624407367805193
Samoa,,2012,0.551659558875917
Samoa,,2010,0.103614595151873
Samoa,,2009,0.104431552949408
Samoa,,2008,0.0841631291851431
Samoa,,2007,0.0688730775139998
Samoa,,2006,0.0522084716236302
Samoa,,2005,0.0347634481061943
Samoa,,2004,0.0171813003022835
San Marino,,2022,35.7876210032268
San Marino,,2021,34.7101700798334
San Marino,,2020,31.6373781241911
San Marino,,2019,31.9770294058234
San Marino,,2018,31.4460308725998
San Marino,,2017,30.5427889929606
San Marino,,2016,35.127777289892
San Marino,,2015,34.3382201115011
San Marino,,2014,34.6923647146034
San Marino,,2013,30.4312908982748
San Marino,,2012,29.5873547076224
San Marino,,2011,20.3239143274581
San Marino,,2010,19.5663531870428
San Marino,,2009,18.0990362246594
San Marino,,2008,16.4977610181475
San Marino,,2007,5.45435939418747
San Marino,,2006,5.1136756271163
San Marino,,2005,4.26991460170797
San Marino,,2004,3.81519696486189
San Marino,,2003,2.15494020040944
São Tomé and Príncipe,,2024,2.9940221452347
São Tomé and Príncipe,,2023,2.50139688397417
São Tomé and Príncipe,,2022,2.02470117761428
São Tomé and Príncipe,,2021,1.54216281238596
São Tomé and Príncipe,,2020,1.15528778715478
São Tomé and Príncipe,,2019,0.769475894129115
São Tomé and Príncipe,,2018,0.740768934329906
São Tomé and Príncipe,,2017,0.714596318307001
São Tomé and Príncipe,,2016,0.69959595265331
São Tomé and Príncipe,,2015,0.656045453864627
São Tomé and Príncipe,,2014,0.559036830362815
São Tomé and Príncipe,,2013,0.506347464120778
São Tomé and Príncipe,,2012,0.410686289517998
São Tomé and Príncipe,,2011,0.396985709591756
São Tomé and Príncipe,,2010,0.321778638298809
São Tomé and Príncipe,,2009,0.249082107133419
São Tomé and Príncipe,,2008,0.197936625755928
São Tomé and Príncipe,,2007,0.181496758986447
São Tomé and Príncipe,,2006,0.07546577476183
Saudi Arabia,,2024,44.0705800179885
Saudi Arabia,,2023,43.5732045642216
Saudi Arabia,,2022,41.8230078726101
Saudi Arabia,,2021,33.7973610185654
Saudi Arabia,,2020,25.4596763527151
Saudi Arabia,,2019,22.3213703520821
Saudi Arabia,,2018,22.4661479201746
Saudi Arabia,,2017,21.6139435772426
Saudi Arabia,,2016,20.82681485606
Saudi Arabia,,2015,21.1361804985218
Saudi Arabia,,2012,9.38625903064258
Saudi Arabia,,2011,7.47522997420673
Saudi Arabia,,2010,6.80363036670959
Saudi Arabia,,2009,5.93665265842843
Saudi Arabia,,2008,4.50061635073047
Saudi Arabia,,2007,2.78570851543431
Saudi Arabia,,2006,1.01670411457232
Saudi Arabia,,2005,0.329758573611046
Saudi Arabia,,2004,0.349272070232665
Saudi Arabia,,2003,0.244757386941564
Saudi Arabia,,2002,0.194194488163918
Saudi Arabia,,2001,0.0821528892261591
Senegal,,2024,4.03828584004829
Senegal,,2023,1.97393200956788
Senegal,,2022,1.40365165848276
Senegal,,2021,1.20966034985347
Senegal,,2020,1.05641006886622
Senegal,,2019,0.929784903272944
Senegal,,2018,0.815734181499159
Senegal,,2017,0.722423169961464
Senegal,,2016,0.654181134204409
Senegal,,2015,0.689431357378244
Senegal,,2014,0.730365001608948
Senegal,,2013,0.77845653467557
Senegal,,2012,0.717937236744388
Senegal,,2011,0.715438976017789
Senegal,,2010,0.62243315671597
Senegal,,2009,0.475951597213965
Senegal,,2008,0.393046403427881
Senegal,,2007,0.323966742178478
Senegal,,2006,0.251528378811512
Senegal,,2005,0.160456098328579
Senegal,,2004,0.069836067007638
Senegal,,2003,0.0222270392725574
Senegal,,2002,0.0114654640159278
Serbia,,2024,33.3746847922718
Serbia,,2023,31.2695286708104
Serbia,,2022,29.3457941392192
Serbia,,2021,26.4794202826056
Serbia,,2020,25.1834994361532
Serbia,,2019,23.4424592934158
Serbia,,2018,22.2890953800272
Serbia,,2017,21.1492657800305
Serbia,,2016,20.6094025912635
Serbia,,2015,18.6568767159217
Serbia,,2014,16.7418077691238
Serbia,,2013,16.4163582396862
Serbia,,2012,14.8105248871613
Serbia,,2011,13.442273512
Serbia,,2010,11.7956770547049
Serbia,,2009,8.06268345735953
Serbia,,2008,6.21192878485846
Serbia,,2007,4.40450123718982
Serbia,,2006,1.6375541739356
Serbia,,2005,0.447963595700481
Seychelles,,2024,31.5968654633563
Seychelles,,2023,30.7719361318005
Seychelles,,2022,29.8314239734867
Seychelles,,2021,33.5645230796751
Seychelles,,2020,29.067843812089
Seychelles,,2019,22.9273268168296
Seychelles,,2018,17.114916550765
Seychelles,,2017,13.5385628007507
Seychelles,,2016,12.7798872711048
Seychelles,,2015,12.5151543411359
Seychelles,,2014,11.3010491715558
Seychelles,,2013,12.1565631336135
Seychelles,,2012,10.6255588037331
Seychelles,,2011,9.7006926121372
Seychelles,,2010,7.15270977456276
Seychelles,,2009,4.86392959371128
Seychelles,,2008,3.69217802846121
Seychelles,,2007,3.81882188306293
Seychelles,,2006,2.73864981797661
Seychelles,,2005,1.06199448838304
Seychelles,,2004,0.395889105676301
Sierra Leone,,2021,0.00227311979020093
Sierra Leone,,2020,0.00227486484143307
Sierra Leone,,2019,0.00222452405855102
Singapore,,2024,27.813655026664
Singapore,,2023,27.4343636046425
Singapore,,2022,27.5510032505086
Singapore,,2021,27.5210996900631
Singapore,,2020,26.8622723592787
Singapore,,2019,26.5276177370284
Singapore,,2018,26.50873593831
Singapore,,2017,26.3326099315534
Singapore,,2016,28.5392609803278
Singapore,,2015,26.8978922564041
Singapore,,2014,27.0067241979516
Singapore,,2013,27.7295626772787
Singapore,,2012,27.0679759849169
Singapore,,2011,27.1735826927318
Singapore,,2010,26.3619521238271
Singapore,,2009,24.8260665849798
Singapore,,2008,22.2853696506635
Singapore,,2007,20.145697338092
Singapore,,2006,17.8781400199407
Singapore,,2005,15.3735717010077
Singapore,,2004,13.0656708126766
Singapore,,2003,10.0791519110154
Singapore,,2002,6.51090021153191
Singapore,,2001,3.66846235064378
Singapore,,2000,1.70993334977182
Singapore,,1999,0.756337923
Singapore,,1998,0.258645752
Slovakia,,2024,33.8136036435218
Slovakia,,2023,33.17259432898
Slovakia,,2022,33.9988127597088
Slovakia,,2021,32.6060735005904
Slovakia,,2020,31.192548373756
Slovakia,,2019,29.181106904051
Slovakia,,2018,27.6953839189658
Slovakia,,2017,25.8590797873319
Slovakia,,2016,24.626445872585
Slovakia,,2015,23.5008610259474
Slovakia,,2014,21.9975144176702
Slovakia,,2013,20.4985858774048
Slovakia,,2012,19.3434773928924
Slovakia,,2011,17.6561458836789
Slovakia,,2010,16.2644145767381
Slovakia,,2009,14.3926739711792
Slovakia,,2008,11.24139264415
Slovakia,,2007,10.1667119521503
Slovakia,,2006,5.66531010930944
Slovakia,,2005,3.37638642325815
Slovakia,,2004,1.46509381072083
Slovakia,,2003,0.417786107500545
Slovakia,,2002,0.0759248212242882
Slovenia,,2024,34.2332575162942
Slovenia,,2023,31.8814801387465
Slovenia,,2022,32.0104972135392
Slovenia,,2021,31.5502669986288
Slovenia,,2020,30.9930132861242
Slovenia,,2019,30.1395433223627
Slovenia,,2018,29.6086313428343
Slovenia,,2017,29.180424842781
Slovenia,,2016,28.5889065200718
Slovenia,,2015,27.6233320566015
Slovenia,,2014,27.0022702087688
Slovenia,,2013,25.5111136181393
Slovenia,,2012,24.8054736692412
Slovenia,,2011,24.1297849867532
Slovenia,,2010,23.0130215414954
Slovenia,,2009,22.0587657348566
Slovenia,,2008,21.0012913038218
Slovenia,,2007,17.1127091320542
Slovenia,,2006,13.9689503443139
Slovenia,,2005,9.84769499337478
Slovenia,,2004,5.77207938621902
Slovenia,,2003,2.91052903653218
Slovenia,,2002,2.84875465210397
Slovenia,,2001,0.27642649894782
Solomon Islands,,2022,0.107033208461257
Solomon Islands,,2021,0.131131891144795
Solomon Islands,,2020,0.134318695281922
Solomon Islands,,2019,0.143514977058204
Solomon Islands,,2018,0.209843167616461
Solomon Islands,,2017,0.170052153216115
Solomon Islands,,2016,0.247441419489446
Solomon Islands,,2015,0.222077993165628
Solomon Islands,,2014,0.216401797350658
Solomon Islands,,2013,0.316667927287396
Solomon Islands,,2012,0.371683699263955
Solomon Islands,,2011,0.43946504625234
Solomon Islands,,2010,0.473199141411867
Solomon Islands,,2009,0.385995317876794
Solomon Islands,,2008,0.294817115116256
Solomon Islands,,2007,0.199937619462728
Solomon Islands,,2006,0.132222931931635
Solomon Islands,,2005,0.0931522729154591
Solomon Islands,,2004,0.0421397734144384
Somalia,,2023,0.722963033976147
Somalia,,2022,0.668468085170923
Somalia,,2021,0.68899907598855
Somalia,,2020,0.714663593733325
Somalia,,2019,0.611316681940227
Somalia,,2017,0.656984899202092
Somalia,,2016,0.641171280544494
Somalia,,2015,0.593903235635527
Somalia,,2014,0.524757653796535
Somalia,,2013,0.466215173532281
Somalia,,2012,0.320997403131009
South Africa,,2024,5.34791194620067
South Africa,,2023,3.4056617766544
South Africa,,2022,3.12297476001713
South Africa,,2021,2.75540858002384
South Africa,,2020,2.15159473337087
South Africa,,2019,2.09833928490665
South Africa,,2018,1.88868165955195
South Africa,,2017,1.94879126044618
South Africa,,2016,2.00974331775672
South Africa,,2015,2.48458942184794
South Africa,,2014,3.06919322257941
South Africa,,2013,2.95399728205402
South Africa,,2012,2.0586596396561
South Africa,,2011,1.71147559482032
South Africa,,2010,1.41945452406807
South Africa,,2009,0.929854627958011
South Africa,,2008,0.833421387107038
South Africa,,2007,0.748091416929475
South Africa,,2006,0.670247096714953
South Africa,,2005,0.333986441269902
South Africa,,2004,0.122470421913257
South Africa,,2003,0.0418821737114134
South Africa,,2002,0.00555816850330226
South Sudan,,2023,0.00174164840403178
South Sudan,,2022,0.00181468821342766
South Sudan,,2021,0.00184064098481655
South Sudan,,2019,0.00191876265903664
South Sudan,,2018,0.00197570339239139
South Sudan,,2017,0.00194947848526301
South Sudan,,2016,0.00138502850665672
South Sudan,,2015,0.00135043147636101
South Sudan,,2014,0.000890069873155252
South Sudan,,2013,0.000895553799275049
South Sudan,,2012,0.000158047793652801
South Sudan,,2011,3.88798369068601e-05
South Sudan,,2010,2.05213384468404e-05
Spain,,2024,39.2337541858756
Spain,,2023,37.2148181549182
Spain,,2022,35.7846414290159
Spain,,2021,34.9302420932073
Spain,,2020,33.9527590155171
Spain,,2019,32.9220023670648
Spain,,2018,32.2277444368856
Spain,,2017,31.2964612808116
Spain,,2016,30.1986308494311
Spain,,2015,29.0099329346016
Spain,,2014,27.8358661570454
Spain,,2013,26.1458798389403
Spain,,2012,24.5107487138578
Spain,,2011,23.7622851657887
Spain,,2010,22.7418123101281
Spain,,2009,21.0154587159308
Spain,,2008,19.7598103811018
Spain,,2007,17.6985900961161
Spain,,2006,15.077844168829
Spain,,2005,11.4543464876327
Spain,,2004,7.86734160810126
Spain,,2003,4.99200793628407
Spain,,2002,2.98760619626962
Spain,,2001,1.1312722116122
Spain,,2000,0.18614924597098
Sri Lanka,,2024,8.4682688580745
Sri Lanka,,2023,8.76545173115153
Sri Lanka,,2022,9.63609972688813
Sri Lanka,,2021,10.5401488574725
Sri Lanka,,2020,7.8962203692284
Sri Lanka,,2019,7.43541256815093
Sri Lanka,,2018,6.93976008216017
Sri Lanka,,2017,5.5257624644358
Sri Lanka,,2016,4.07189669081491
Sri Lanka,,2015,2.88043182386208
Sri Lanka,,2014,2.63419031926553
Sri Lanka,,2013,1.98679918143445
Sri Lanka,,2012,1.67222042245956
Sri Lanka,,2011,1.70878756619529
Sri Lanka,,2010,1.09351514330917
Sri Lanka,,2009,0.817095999385251
Sri Lanka,,2008,0.494062399748553
Sri Lanka,,2007,0.308712265850825
Sri Lanka,,2006,0.11249281473335
Sri Lanka,,2005,0.103875423885926
Sri Lanka,,2004,0.10180407271051
Sri Lanka,,2003,0.0171265138131574
Sri Lanka,,2002,0.00298903066139574
Sri Lanka,,2001,0.00166833653378443
Saint Kitts and Nevis,,2022,46.7447387013209
Saint Kitts and Nevis,,2021,43.0254688535808
Saint Kitts and Nevis,,2020,45.9569020695541
Saint Kitts and Nevis,,2019,43.4039018572159
Saint Kitts and Nevis,,2018,34.8472600408441
Saint Kitts and Nevis,,2017,62.2146652497343
Saint Kitts and Nevis,,2016,30.1178969729156
Saint Kitts and Nevis,,2015,34.7781765667806
Saint Kitts and Nevis,,2014,29.7691605258128
Saint Kitts and Nevis,,2013,28.2563895557586
Saint Kitts and Nevis,,2012,27.6401675419386
Saint Kitts and Nevis,,2011,26.8736936398925
Saint Kitts and Nevis,,2010,31.1659479998292
Saint Kitts and Nevis,,2009,27.709097109728
Saint Kitts and Nevis,,2008,23.7087648126401
Saint Kitts and Nevis,,2007,20.5541043977219
Saint Kitts and Nevis,,2006,18.8966909317357
Saint Kitts and Nevis,,2005,13.9974589228417
Saint Kitts and Nevis,,2004,9.50016193457843
Saint Kitts and Nevis,,2003,4.33125433125433
Saint Kitts and Nevis,,2002,1.08648413733159
Saint Lucia,,2022,13.571912004072
Saint Lucia,,2021,10.675434960397
Saint Lucia,,2020,19.9725105189341
Saint Lucia,,2019,8.88489876787815
Saint Lucia,,2018,18.227062937458
Saint Lucia,,2017,18.0490183847297
Saint Lucia,,2016,16.9579722851645
Saint Lucia,,2015,16.252251222092
Saint Lucia,,2014,16.1934787352559
Saint Lucia,,2013,14.2493756092496
Saint Lucia,,2012,14.2380364685637
Saint Lucia,,2011,12.4213479549013
Saint Lucia,,2010,11.9896317273823
Saint Lucia,,2009,10.9413724693735
Saint Lucia,,2008,9.19802379034169
Saint Lucia,,2007,6.60355988984132
Saint Lucia,,2006,4.30631484826481
Saint Lucia,,2005,4.23088546388637
Saint Lucia,,2004,2.31370137421684
Saint Lucia,,2003,0.859022187315924
Saint Vincent-Grenadines,,2024,29.4605231772283
Saint Vincent-Grenadines,,2023,30.4935700680004
Saint Vincent-Grenadines,,2022,28.9967269662701
Saint Vincent-Grenadines,,2021,27.1020312910221
Saint Vincent-Grenadines,,2020,23.8906168498735
Saint Vincent-Grenadines,,2019,20.8463332917335
Saint Vincent-Grenadines,,2018,23.4574843222843
Saint Vincent-Grenadines,,2017,18.2400651126695
Saint Vincent-Grenadines,,2016,20.5596667575624
Saint Vincent-Grenadines,,2015,15.8563949139865
Saint Vincent-Grenadines,,2014,13.684846794067
Saint Vincent-Grenadines,,2013,13.505340546539
Saint Vincent-Grenadines,,2012,12.5220718069453
Saint Vincent-Grenadines,,2011,12.1162516346743
Saint Vincent-Grenadines,,2010,11.3696923398721
Saint Vincent-Grenadines,,2009,10.4128207912549
Saint Vincent-Grenadines,,2008,8.43390856360558
Saint Vincent-Grenadines,,2007,7.14778850723117
Saint Vincent-Grenadines,,2006,5.01544449800918
Saint Vincent-Grenadines,,2005,3.24321920853713
Saint Vincent-Grenadines,,2004,1.16984978065317
Saint Vincent-Grenadines,,2003,1.01289541368735
Saint Vincent-Grenadines,,2002,0.958119756147053
Saint Vincent-Grenadines,,2001,0.0713650099999119
Sudan,,2022,0.0604394040047428
Sudan,,2021,0.0632992450276202
Sudan,,2020,0.0615141548276354
Sudan,,2019,0.0719282386176834
Sudan,,2018,0.070883060223742
Sudan,,2017,0.071519364027593
Sudan,,2016,0.0639264882225092
Sudan,,2015,0.0701896299287803
Sudan,,2014,0.0532180170690202
Sudan,,2013,0.068033405839313
Sudan,,2012,0.0671366912133078
Sudan,,2011,0.0482280334312411
Sudan,,2010,0.038120087820776
Sudan,,2008,0.132717780583976
Sudan,,2007,0.129715006973326
Sudan,,2006,0.00645465091981901
Sudan,,2005,0.00405918360061677
Sudan,,2004,0.00259518087674373
Suriname,,2024,18.7523938773484
Suriname,,2023,17.5373597122531
Suriname,,2022,20.0260284612076
Suriname,,2021,19.899950800782
Suriname,,2020,15.0689920417039
Suriname,,2019,13.2740587155479
Suriname,,2018,12.2059071279522
Suriname,,2017,11.9951895949727
Suriname,,2016,12.1167421230202
Suriname,,2015,9.05924243544402
Suriname,,2014,8.06433391904034
Suriname,,2013,6.51910301922604
Suriname,,2012,5.20197002308787
Suriname,,2011,4.16345329328077
Suriname,,2010,2.75365823942625
Suriname,,2009,1.66842051040532
Suriname,,2008,1.07139200923229
Suriname,,2007,0.791878210826039
Suriname,,2006,0.505907652805635
Suriname,,2005,0.213166240783497
Suriname,,2004,0.0817243050028895
Suriname,,2003,0.0426528492498233
Suriname,,2002,0.018930583162656
Sweden,,2024,40.6156538715616
Sweden,,2023,40.7340135908716
Sweden,,2022,40.6093424279832
Sweden,,2021,40.8351431063991
Sweden,,2020,40.3679810262741
Sweden,,2019,39.2905524546107
Sweden,,2018,38.7413375683818
Sweden,,2017,38.3266046004608
Sweden,,2016,37.0821744423215
Sweden,,2015,35.6778078349251
Sweden,,2014,33.841393015349
Sweden,,2013,32.7855388506159
Sweden,,2012,32.2829791143157
Sweden,,2011,32.0391154481002
Sweden,,2010,31.9840349438999
Sweden,,2009,31.6719577060978
Sweden,,2008,31.4844304168158
Sweden,,2007,30.3915033589943
Sweden,,2006,27.4100136080972
Sweden,,2005,27.929833436529
Sweden,,2004,15.6774527541615
Sweden,,2003,12.2231225534918
Sweden,,2002,9.4117151427886
Sweden,,2001,6.59845490490019
Sweden,,2000,2.80655055662689
Switzerland,,2024,47.0197818175134
Switzerland,,2023,46.8364627671237
Switzerland,,2022,46.6747503634479
Switzerland,,2021,47.9433096708255
Switzerland,,2020,46.4813712779996
Switzerland,,2019,46.912372381587
Switzerland,,2018,45.6049920012625
Switzerland,,2017,46.3318234490564
Switzerland,,2016,45.0860971371482
Switzerland,,2015,44.6715654663593
Switzerland,,2014,43.1731934431674
Switzerland,,2013,42.4917583320748
Switzerland,,2012,40.1600289838911
Switzerland,,2011,38.8955434493097
Switzerland,,2010,37.2298614586992
Switzerland,,2009,35.4267868324277
Switzerland,,2008,33.4518187509422
Switzerland,,2007,31.5502689658746
Switzerland,,2006,27.4143415485627
Switzerland,,2005,22.4603976709348
Switzerland,,2004,16.6219495316618
Switzerland,,2003,10.6890252291999
Switzerland,,2002,6.25409410844057
Switzerland,,2001,1.93734327411844
Switzerland,,2000,0.785299902965017
Syria,,2023,6.86124546257849
Syria,,2022,7.16283326639858
Syria,,2021,7.28562915466706
Syria,,2020,7.35459379919522
Syria,,2019,7.33616579803782
Syria,,2018,6.78669179370865
Syria,,2017,7.40231248726896
Syria,,2016,5.26009550775525
Syria,,2015,3.75431321223408
Syria,,2014,2.47214378026187
Syria,,2013,1.59757846490112
Syria,,2012,1.06395659743909
Syria,,2011,0.530201417967525
Syria,,2010,0.310540399541491
Syria,,2009,0.157696905337583
Syria,,2008,0.0510940646583256
Syria,,2007,0.0333123844068162
Syria,,2006,0.0265722572394124
Syria,,2005,0.0143509457884519
Syria,,2004,0.00327209516343434
Tajikistan,,2023,0.983936262867068
Tajikistan,,2022,0.585196433548591
Tajikistan,,2021,0.495991334524208
Tajikistan,,2020,0.369964643651705
Tajikistan,,2019,0.0629593012189131
Tajikistan,,2017,0.0660360517220772
Tajikistan,,2016,0.067677077920342
Tajikistan,,2015,0.0694135939582408
Tajikistan,,2014,0.0723988173119103
Tajikistan,,2013,0.0705877427548984
Tajikistan,,2012,0.0673813750891555
Tajikistan,,2011,0.0641551173610521
Tajikistan,,2010,0.0614207187243413
Tajikistan,,2009,0.0587431894614718
Tajikistan,,2008,0.0498473577970575
Tajikistan,,2007,0.0506638634052204
Tajikistan,,2003,0.000150182283746898
Tanzania,,2024,0.246433216306666
Tanzania,,2023,0.10501728326893
Tanzania,,2022,0.110774196881278
Tanzania,,2021,1.97842
Tanzania,,2020,1.86248
Tanzania,,2019,1.75692
Tanzania,,2018,1.49944
Tanzania,,2017,1.37184
Tanzania,,2016,0.591695
Tanzania,,2015,0.203764013437506
Tanzania,,2014,0.168018787598672
Tanzania,,2013,0.11556786021862
Tanzania,,2012,0.0872309140026673
Tanzania,,2011,0.0614129670738248
Tanzania,,2010,0.0168772457192924
Tanzania,,2009,0.0159210772924644
Tanzania,,2008,0.0150854831517093
Tanzania,,2007,0.00819104153944085
Tanzania,,2006,0.00744014714317955
Tanzania,,2005,0.00660761313412796
Thailand,,2024,14.8870491187484
Thailand,,2023,14.5089451983046
Thailand,,2022,17.5125815621477
Thailand,,2021,17.3168855632327
Thailand,,2020,16.021813562656
Thailand,,2019,14.1338059581469
Thailand,,2018,12.8740610702362
Thailand,,2017,11.5345396717409
Thailand,,2016,10.187716904417
Thailand,,2015,8.83035128821556
Thailand,,2014,7.74748143833759
Thailand,,2013,7.43359084502317
Thailand,,2012,6.50814220580194
Thailand,,2011,5.64433790742555
Thailand,,2010,4.74172823236676
Thailand,,2009,3.8523728631431
Thailand,,2008,3.06537150418746
Thailand,,2007,1.92741409494272
Thailand,,2006,1.34231492826242
Thailand,,2005,0.841437002536603
Thailand,,2004,0.251749192809814
Thailand,,2003,0.0178993807224333
Thailand,,2001,0.00253412582187647
Timor-Leste,,2024,0.00599726695977119
Timor-Leste,,2023,0.00577915257396232
Timor-Leste,,2022,0.0100051486348815
Timor-Leste,,2021,0.0101471033723194
Timor-Leste,,2020,0.00625917666940914
Timor-Leste,,2019,0.00684118083393226
Timor-Leste,,2018,0.00548606969346194
Timor-Leste,,2017,0.267315808941898
Timor-Leste,,2015,0.0853019298316946
Timor-Leste,,2014,0.0869783730136906
Timor-Leste,,2013,0.0604127919771812
Timor-Leste,,2012,0.0528687928732867
Timor-Leste,,2011,0.0495403109510208
Timor-Leste,,2010,0.0460965871008842
Timor-Leste,,2009,0.0444850781369536
Timor-Leste,,2008,0.00687698621406412
Timor-Leste,,2007,0.00497567393015547
Timor-Leste,,2006,0.00296949509367733
Timor-Leste,,2005,0.00231991403663988
Timor-Leste,,2004,0.00139924268680428
Timor-Leste,,2003,0.000981591880271966
Togo,,2024,1.41538265577438
Togo,,2023,1.22815843837127
Togo,,2022,1.03723561669214
Togo,,2021,0.749325974933037
Togo,,2020,0.607931974735055
Togo,,2019,0.376920048379618
Togo,,2018,0.316705449644003
Togo,,2017,0.627393839501362
Togo,,2016,0.620529481672155
Togo,,2015,0.862199121906724
Togo,,2014,0.168753220162062
Togo,,2013,0.0949153119330303
Togo,,2012,0.584347876051159
Togo,,2011,0.492143829355825
Togo,,2010,0.404376324713075
Togo,,2009,0.0635849487130764
Togo,,2008,0.0300055960201055
Togo,,2007,0.0194074537549949
Tonga,,2022,8.17387330781973
Tonga,,2021,6.4574841217177
Tonga,,2020,4.73018996442897
Tonga,,2019,3.5043390209049
Tonga,,2018,2.38616234239867
Tonga,,2017,2.84748851512966
Tonga,,2016,2.84295515712066
Tonga,,2015,2.31679155473868
Tonga,,2014,1.68841279816901
Tonga,,2013,1.58762771064084
Tonga,,2012,1.39586823003908
Tonga,,2011,1.20851538533048
Tonga,,2010,1.02420856610801
Tonga,,2009,0.932809716146003
Tonga,,2008,0.673705849373949
Tonga,,2007,0.730843468320747
Tonga,,2006,0.595747884765607
Tonga,,2005,0.610385063073123
Tonga,,2004,0.317880290470253
Tonga,,2003,0.0210598866595191
Tonga,,2002,0.0105897529699444
Trinidad and Tobago,,2024,27.0294379426204
Trinidad and Tobago,,2023,26.8942307436398
Trinidad and Tobago,,2022,26.0331929293058
Trinidad and Tobago,,2021,24.9299429931902
Trinidad and Tobago,,2020,25.4398983406076
Trinidad and Tobago,,2019,22.8528096955069
Trinidad and Tobago,,2018,23.2707114091769
Trinidad and Tobago,,2017,22.6101721419176
Trinidad and Tobago,,2016,17.7852731961704
Trinidad and Tobago,,2015,19.4881289235566
Trinidad and Tobago,,2014,17.4584890485114
Trinidad and Tobago,,2013,15.0424768149008
Trinidad and Tobago,,2012,14.3473934132065
Trinidad and Tobago,,2011,12.3526953375059
Trinidad and Tobago,,2010,11.7440976624306
Trinidad and Tobago,,2009,9.43087155271432
Trinidad and Tobago,,2008,6.22753417429254
Trinidad and Tobago,,2007,2.59935534288332
Trinidad and Tobago,,2006,1.5171141784267
Trinidad and Tobago,,2005,0.799018367881281
Trinidad and Tobago,,2004,0.314632297194845
Trinidad and Tobago,,2003,0.066033768354437
Trinidad and Tobago,,2002,0.0132131040959872
Tunisia,,2024,14.9741523024679
Tunisia,,2023,14.0829860846719
Tunisia,,2022,13.9309222767522
Tunisia,,2021,12.4220429522978
Tunisia,,2020,11.1467984493476
Tunisia,,2019,10.0541966829532
Tunisia,,2018,8.6185014951323
Tunisia,,2017,6.8819804955977
Tunisia,,2016,5.55369160408213
Tunisia,,2015,5.03388625276524
Tunisia,,2014,5.03392320650315
Tunisia,,2013,4.66714973152741
Tunisia,,2012,4.78950869178639
Tunisia,,2011,5.13830793305368
Tunisia,,2010,4.47896057767152
Tunisia,,2009,3.50106251421857
Tunisia,,2008,2.15627307594354
Tunisia,,2007,0.918585878049383
Tunisia,,2006,0.423770177288547
Tunisia,,2005,0.171352425319868
Tunisia,,2004,0.0279259736441369
Tunisia,,2003,0.00257157926342027
Tunisia,,2002,0.000260742725654025
Turkey,,2024,23.4317347919186
Turkey,,2023,22.4591697943845
Turkey,,2022,21.8230372591075
Turkey,,2021,20.9211211378579
Turkey,,2020,19.4384064376386
Turkey,,2019,16.6733436685105
Turkey,,2018,15.8823338271459
Turkey,,2017,14.3528880563786
Turkey,,2016,12.859061240418
Turkey,,2015,11.8786301825878
Turkey,,2014,11.3618631179594
Turkey,,2013,11.640102340966
Turkey,,2012,10.4644431033188
Turkey,,2011,10.2288570173419
Turkey,,2010,9.67754012450092
Turkey,,2009,8.90126340981216
Turkey,,2008,8.04468546010892
Turkey,,2007,6.71903551441963
Turkey,,2006,3.95984178763961
Turkey,,2005,2.29305950995764
Turkey,,2004,0.842555693712634
Turkey,,2003,0.293850680205267
Turkey,,2002,0.0316262208739173
Turkey,,2001,0.0164766833871919
Turkmenistan,,2022,5.21710831232306
Turkmenistan,,2021,4.08263176069293
Turkmenistan,,2020,3.40423015428109
Turkmenistan,,2019,2.59674388854464
Turkmenistan,,2018,1.71364418489063
Turkmenistan,,2017,1.15619017556467
Turkmenistan,,2016,0.73436633505979
Turkmenistan,,2015,0.453684740587248
Turkmenistan,,2014,0.0378583186988985
Turkmenistan,,2013,0.0303063925778971
Turkmenistan,,2012,0.0241024173691661
Turkmenistan,,2011,0.0193545537834018
Turkmenistan,,2010,0.012993417387385
Turkmenistan,,2009,0.00852961850409935
Turkmenistan,,2008,0.00140317292946399
Tuvalu,,2022,4.52361889511609
Tuvalu,,2021,4.41436138905238
Tuvalu,,2017,4.14021529119514
Tuvalu,,2016,4.11710887465691
Tuvalu,,2015,4.10471586244641
Tuvalu,,2014,4.09686817188638
Tuvalu,,2013,4.09053722388874
Tuvalu,,2012,4.115602707152
Tuvalu,,2011,4.17439703153989
Tuvalu,,2010,2.26116449971735
Tuvalu,,2009,0.955931555300641
Tuvalu,,2008,2.80980525142912
Tuvalu,,2007,2.65173836181497
Tuvalu,,2006,2.48607796340493
Tuvalu,,2005,1.50905432595573
Tuvalu,,2004,0.509372453137734
Uganda,,2024,0.207613333991268
Uganda,,2023,0.0912969650305002
Uganda,,2022,0.0850849430150062
Uganda,,2021,0.0838841644026815
Uganda,,2020,0.077818750062982
Uganda,,2019,0.0752797052682096
Uganda,,2016,0.237414982677972
Uganda,,2015,0.215083639463292
Uganda,,2014,0.151661444002794
Uganda,,2013,0.117440503367543
Uganda,,2012,0.1118312903834
Uganda,,2011,0.106474251498514
Uganda,,2010,0.043222146830449
Uganda,,2009,0.0190772032476649
Uganda,,2008,0.0157107735008433
Uganda,,2007,0.00627246156684067
Uganda,,2006,0.00420226392280365
Uganda,,2005,0.00303969965764757
Ukraine,,2024,21.6539327212609
Ukraine,,2023,21.3774151510902
Ukraine,,2022,17.5398140646824
Ukraine,,2021,18.2677942438439
Ukraine,,2020,18.617022844321
Ukraine,,2019,16.1591311845578
Ukraine,,2018,12.8032560497243
Ukraine,,2017,12.3535432124088
Ukraine,,2016,12.0342584918375
Ukraine,,2015,11.6437042355302
Ukraine,,2014,9.3062102695115
Ukraine,,2013,8.85842948316205
Ukraine,,2012,8.03755151150735
Ukraine,,2011,6.95621082243456
Ukraine,,2010,6.45490404640707
Ukraine,,2009,4.14770623244446
Ukraine,,2008,3.4642209843887
Ukraine,,2007,1.72464510306964
Ukraine,,2006,1.11548751663283
Ukraine,,2005,0.277231826563428
United Arab Emirates,,2024,40.840113505519
United Arab Emirates,,2023,37.0968234502256
United Arab Emirates,,2022,36.8485872897377
United Arab Emirates,,2021,36.5005361093336
United Arab Emirates,,2020,34.345290333178
United Arab Emirates,,2019,32.480344369022
United Arab Emirates,,2018,32.3591212887309
United Arab Emirates,,2017,29.9082975943997
United Arab Emirates,,2016,14.3683229738697
United Arab Emirates,,2015,14.230538629127
United Arab Emirates,,2014,13.2545793464851
United Arab Emirates,,2013,13.303809433458
United Arab Emirates,,2012,12.7380681483205
United Arab Emirates,,2011,12.0421872697298
United Arab Emirates,,2010,11.3401100518955
United Arab Emirates,,2009,10.2939917919302
United Arab Emirates,,2008,8.84668768634977
United Arab Emirates,,2007,6.75243815820938
United Arab Emirates,,2006,4.80365734363459
United Arab Emirates,,2005,2.77225770077538
United Arab Emirates,,2004,1.26769966901989
United Arab Emirates,,2003,0.723370567664737
United Arab Emirates,,2002,0.42033690639922
United Arab Emirates,,2001,0.224890495462712
United Arab Emirates,,2000,0.0564751007206086
United Arab Emirates,,1999,0.011848024
United Kingdom,,2024,42.1648283773461
United Kingdom,,2023,41.4367685540411
United Kingdom,,2022,41.2867157729584
United Kingdom,,2021,41.1134869970784
United Kingdom,,2020,40.5775246507294
United Kingdom,,2019,40.022769455921
United Kingdom,,2018,39.8293995840604
United Kingdom,,2017,39.2489467665261
United Kingdom,,2016,38.6588569366885
United Kingdom,,2015,37.7214944577347
United Kingdom,,2014,36.5828488416012
United Kingdom,,2013,35.7819878642114
United Kingdom,,2012,33.9047903389849
United Kingdom,,2011,32.4187258603211
United Kingdom,,2010,30.3960911450969
United Kingdom,,2009,28.6007077119006
United Kingdom,,2008,27.9071011080185
United Kingdom,,2007,25.3608241894096
United Kingdom,,2006,21.3149333572958
United Kingdom,,2005,16.3354600265746
United Kingdom,,2004,10.1776805029659
United Kingdom,,2003,5.20508574125693
United Kingdom,,2002,2.2782391955575
United Kingdom,,2001,0.558223413842477
United Kingdom,,2000,0.0895570335391683
United States,,2024,38.8571729185246
United States,,2023,38.0939254696383
United States,,2022,37.4887954801437
United States,,2021,37.0074278936277
United States,,2020,35.7156999293054
United States,,2019,33.835216356436
United States,,2018,33.0559177307939
United States,,2017,32.5702836317829
United States,,2016,32.1144006365866
United States,,2015,31.3412129772455
United States,,2014,30.270920842
United States,,2013,29.9996164764959
United States,,2012,29.1736109719443
United States,,2011,28.117023946999
United States,,2010,27.1720060120338
United States,,2009,25.9694510145971
United States,,2008,25.290984615215
United States,,2007,23.7552995298973
United States,,2006,20.1645830201257
United States,,2005,17.2991096639721
United States,,2004,12.7576071681207
United States,,2003,9.57004719771541
United States,,2002,6.92533390658183
United States,,2001,4.50008028890173
United States,,2000,2.51164212166547
United States,,1999,0.986557204
United States,,1998,0.255913845
Uruguay,,2024,33.0440254320868
Uruguay,,2023,32.4032099586757
Uruguay,,2022,33.4865565704576
Uruguay,,2021,32.5451063460216
Uruguay,,2020,31.2948224284548
Uruguay,,2019,29.8012543248776
Uruguay,,2018,28.7930537740968
Uruguay,,2017,28.1333463973666
Uruguay,,2016,27.2743360055965
Uruguay,,2015,26.7496571424669
Uruguay,,2014,25.0350829208297
Uruguay,,2013,22.0329969745948
Uruguay,,2012,17.4092710291806
Uruguay,,2011,14.2140328992358
Uruguay,,2010,11.5576240440188
Uruguay,,2009,9.59139794041916
Uruguay,,2008,7.40514515121388
Uruguay,,2007,5.00790099883071
Uruguay,,2006,3.24006096964103
Uruguay,,2005,1.47724841445128
Uruguay,,2004,0.822381446099902
Uzbekistan,,2024,34.7381414135069
Uzbekistan,,2023,30.2699233460544
Uzbekistan,,2022,25.7992232452287
Uzbekistan,,2021,21.8944210928633
Uzbekistan,,2020,15.8070422134311
Uzbekistan,,2019,10.5554301857614
Uzbekistan,,2018,12.7372983265011
Uzbekistan,,2017,10.4346190212708
Uzbekistan,,2016,8.77864127770599
Uzbekistan,,2015,5.81406186655157
Uzbekistan,,2014,2.71465494120139
Uzbekistan,,2013,1.03047816642845
Uzbekistan,,2012,0.753795814305037
Uzbekistan,,2011,0.512642664609435
Uzbekistan,,2010,0.415705113729521
Uzbekistan,,2009,0.317598905743188
Uzbekistan,,2008,0.239900135203875
Uzbekistan,,2007,0.0708376212623368
Uzbekistan,,2006,0.0323569650043262
Uzbekistan,,2005,0.0313806876547859
Uzbekistan,,2004,0.0211837790801537
Uzbekistan,,2003,0.01072292881496
Vanuatu,,2024,1.15566375920214
Vanuatu,,2023,1.23342353055002
Vanuatu,,2022,1.1263520377197
Vanuatu,,2021,1.03214458524592
Vanuatu,,2020,0.931880692502794
Vanuatu,,2019,2.70150863914242
Vanuatu,,2016,1.61198440204787
Vanuatu,,2015,1.61480039533861
Vanuatu,,2014,1.75568705810022
Vanuatu,,2013,0.121816081294551
Vanuatu,,2012,0.124556518524769
Vanuatu,,2011,0.138413136515603
Vanuatu,,2010,0.209865350391189
Vanuatu,,2009,0.214840309198173
Vanuatu,,2008,0.088146110993583
Vanuatu,,2007,0.0587501581735028
Vanuatu,,2006,0.0439971656562756
Vanuatu,,2005,0.0279939267413171
Vanuatu,,2004,0.0111807341367258
Vanuatu,,2003,0.00747212895898299
Venezuela,,2024,12.9446636524427
Venezuela,,2023,10.638053537183
Venezuela,,2022,9.58036143387288
Venezuela,,2021,9.2424360147272
Venezuela,,2020,9.00606477756336
Venezuela,,2019,8.85037434042832
Venezuela,,2018,8.73796850144755
Venezuela,,2017,8.53198574083448
Venezuela,,2016,8.49644019382612
Venezuela,,2015,8.47031913288859
Venezuela,,2014,7.9330889563685
Venezuela,,2013,7.4666228138768
Venezuela,,2012,6.89152396038334
Venezuela,,2011,6.22108895422792
Venezuela,,2010,5.80665024566429
Venezuela,,2009,4.92838214157542
Venezuela,,2008,3.97495217742432
Venezuela,,2007,3.10246568790753
Venezuela,,2006,1.97478127020455
Venezuela,,2005,1.32980141271847
Venezuela,,2004,0.798034595558425
Venezuela,,2003,0.451853172687301
Venezuela,,2002,0.307249610202931
Venezuela,,2001,0.146661787014387
Venezuela,,2000,0.0182372620084196
Vietnam,,2024,23.711259212336
Vietnam,,2023,22.6806675035061
Vietnam,,2022,21.3681380805533
Vietnam,,2021,19.5362327330994
Vietnam,,2020,17.0262915402718
Vietnam,,2019,15.2328957557438
Vietnam,,2018,13.5025072757898
Vietnam,,2017,11.8410316814328
Vietnam,,2016,9.679017739946
Vietnam,,2015,8.24967739226207
Vietnam,,2014,6.54510757019409
Vietnam,,2013,5.68885880294
Vietnam,,2012,5.33498939497012
Vietnam,,2011,4.33850926558858
Vietnam,,2010,4.19566019392431
Vietnam,,2009,3.71753218927158
Vietnam,,2008,2.40555802078403
Vietnam,,2007,1.54736192339482
Vietnam,,2006,0.628674967791862
Vietnam,,2005,0.25900649826073
Vietnam,,2004,0.0656082587863865
Vietnam,,2003,0.0115379137921016
Vietnam,,2002,0.0013659637183787
Palestine,,2024,8.16158042217888
Palestine,,2023,8.37056926326656
Palestine,,2022,7.93673083556539
Palestine,,2021,8.01282694120497
Palestine,,2020,7.43459365973318
Palestine,,2019,7.35978367684813
Palestine,,2018,7.50601163734241
Palestine,,2017,7.58784526169771
Palestine,,2016,6.92212533449435
Palestine,,2015,6.07090686521149
Palestine,,2014,5.32491583787791
Palestine,,2013,4.93747655124452
Palestine,,2012,4.42149847472774
Palestine,,2011,3.78929752560067
Palestine,,2007,1.48923205049601
Palestine,,2006,0.745439900622645
Palestine,,2005,0.209787988478105
Palestine,,2004,0.000517959229127034
Yemen,,2022,1.27124133725573
Yemen,,2021,1.09217148089821
Yemen,,2020,1.08205751326634
Yemen,,2019,1.08796548403869
Yemen,,2018,1.13342507603451
Yemen,,2017,1.11512157670075
Yemen,,2016,0.860253866438112
Yemen,,2015,1.26767609842289
Yemen,,2014,1.12484789327073
Yemen,,2013,0.876063250129158
Yemen,,2012,0.588387412982935
Yemen,,2011,0.39517241426816
Yemen,,2010,0.313967200967826
Yemen,,2009,0.208271269780564
Yemen,,2008,0.103536401268225
Yemen,,2007,0.0452338305298913
Yemen,,2006,0.0118123866784992
Yemen,,2005,0.00657303384344552
Zambia,,2024,0.789797548725881
Zambia,,2023,0.681389878819039
Zambia,,2022,0.428949863290405
Zambia,,2021,0.411108017009319
Zambia,,2020,0.431897234933218
Zambia,,2019,0.48013272665923
Zambia,,2018,0.401856748651311
Zambia,,2017,0.205901846878562
Zambia,,2016,0.18791063697532
Zambia,,2015,0.142629874135082
Zambia,,2014,0.129100933199499
Zambia,,2013,0.0873238692104427
Zambia,,2012,0.100572436125372
Zambia,,2011,0.113694638710784
Zambia,,2010,0.0735163860556164
Zambia,,2009,0.0793305515504408
Zambia,,2008,0.0437973895742092
Zambia,,2007,0.0318342454507868
Zambia,,2006,0.0192834806031187
Zambia,,2005,0.00213332077234063
Zambia,,2004,0.00220493591662449
Zambia,,2003,0.000828508334475188
Zambia,,2002,0.000450791039664071
Zambia,,2001,0.000300236751205911
Zambia,,2000,0.00020963040064063
Zimbabwe,,2024,1.93865437549104
Zimbabwe,,2023,1.5745780720211
Zimbabwe,,2022,1.62150159909829
Zimbabwe,,2021,1.29980547197891
Zimbabwe,,2020,1.31037848666133
Zimbabwe,,2019,1.33860961244598
Zimbabwe,,2018,1.35060459802592
Zimbabwe,,2017,1.26454162104636
Zimbabwe,,2016,1.17009972538909
Zimbabwe,,2015,1.13887667161631
Zimbabwe,,2014,1.0715151211425
Zimbabwe,,2013,0.741525786567077
Zimbabwe,,2012,0.520376234079784
Zimbabwe,,2011,0.250084145959699
Zimbabwe,,2010,0.24706982672469
Zimbabwe,,2009,0.358599658063471
Zimbabwe,,2008,0.138898009429477
Zimbabwe,,2007,0.118790464710485
Zimbabwe,,2006,0.0807189047235991
Zimbabwe,,2005,0.0815881401845262
Zimbabwe,,2004,0.0725139528910804
Zimbabwe,,2003,0.0522059464911121
Zimbabwe,,2002,0.023552959371021
Zimbabwe,,2001,0.00644007998395576
