country,iso2,year,value
Afghanistan,,2024,17778508875.7396
Afghanistan,,2023,17152234636.8715
Afghanistan,,2022,14497243872.1337
Afghanistan,,2021,14259995441.0759
Afghanistan,,2020,19955929052.1496
Afghanistan,,2019,18799444490.1128
Afghanistan,,2018,18053222687.4126
Afghanistan,,2017,18753456497.8159
Afghanistan,,2016,18116572395.0772
Afghanistan,,2015,19134221644.7325
Afghanistan,,2014,20497128555.6972
Afghanistan,,2013,20146416757.5987
Afghanistan,,2012,19907329777.5872
Afghanistan,,2011,17805098206.3141
Afghanistan,,2010,15856668555.8336
Afghanistan,,2009,12416152732.0567
Afghanistan,,2008,10109297047.5432
Afghanistan,,2007,9747886187.39393
Afghanistan,,2006,6971758282.29351
Afghanistan,,2005,6203256538.70967
Afghanistan,,2004,5224896718.67782
Afghanistan,,2003,4520946818.54581
Afghanistan,,2002,3825701438.99963
Afghanistan,,2001,2813571753.87253
Afghanistan,,2000,3521418059.92345
Albania,,2025,30540188271.3421
Albania,,2024,27037474263.2977
Albania,,2023,23491242727.4082
Albania,,2022,19017247013.8821
Albania,,2021,18031989573.0294
Albania,,2020,15241458744.5927
Albania,,2019,15585111614.0376
Albania,,2018,15379508329.7568
Albania,,2017,13258268435.6048
Albania,,2016,11988668784.6628
Albania,,2015,11470171826.9575
Albania,,2014,13296322588.1684
Albania,,2013,12796985886.1478
Albania,,2012,12246499747.9714
Albania,,2011,12973755874.5365
Albania,,2010,12086545641.299
Albania,,2009,12335540656.1006
Albania,,2008,13258506375.4518
Albania,,2007,11116937869.8568
Albania,,2006,9150528132.17633
Albania,,2005,8256658249.8128
Albania,,2004,7406645793.44038
Albania,,2003,5801712040.48463
Albania,,2002,4515003116.68036
Albania,,2001,4059064033.13379
Albania,,2000,3584570164.85195
Albania,,1999,3283941510.49964
Albania,,1998,2600356999.20614
Albania,,1997,2293666029.99318
Albania,,1996,3234486232.04392
Albania,,1995,2905092798.61916
Albania,,1994,1880950864.41311
Albania,,1993,1185315468.46295
Albania,,1992,652174990.837304
Albania,,1991,1099559027.77778
Albania,,1990,2028553750.0
Albania,,1989,2253090000.0
Albania,,1988,2051236250.0
Albania,,1987,2080796250.0
Albania,,1986,2097326250.0
Albania,,1985,1897050116.55012
Albania,,1984,1857337995.338
Albania,,1983,1881412587.41259
Albania,,1982,1861163170.16317
Albania,,1981,1808177156.17716
Albania,,1980,1578102105.26316
Algeria,,2025,287031225987.736
Algeria,,2024,269322281664.773
Algeria,,2023,247923887214.655
Algeria,,2022,225581644702.568
Algeria,,2021,186231205262.082
Algeria,,2020,164873415325.201
Algeria,,2019,193459662090.677
Algeria,,2018,194554483655.528
Algeria,,2017,189880896903.073
Algeria,,2016,180763839522.151
Algeria,,2015,187493855609.345
Algeria,,2014,238942664192.59
Algeria,,2013,229701430292.157
Algeria,,2012,227143746075.934
Algeria,,2011,218331946925.304
Algeria,,2010,177785053939.531
Algeria,,2009,150317292079.359
Algeria,,2008,180383848331.135
Algeria,,2007,142482739809.849
Algeria,,2006,123084258693.01
Algeria,,2005,107046618669.707
Algeria,,2004,91913680985.1708
Algeria,,2003,73482264190.9245
Algeria,,2002,61516103406.1688
Algeria,,2001,59413400923.6364
Algeria,,2000,54790398570.3282
Algeria,,1999,48640671734.9711
Algeria,,1998,48187781984.4881
Algeria,,1997,48177612042.1507
Algeria,,1996,46941554225.3581
Algeria,,1995,41764291671.7711
Algeria,,1994,42543176828.9237
Algeria,,1993,49945584452.6506
Algeria,,1992,48003133346.9957
Algeria,,1991,45715676428.2766
Algeria,,1990,62048507531.3357
Algeria,,1989,55634721572.7343
Algeria,,1988,59089396860.4342
Algeria,,1987,66745818375.493
Algeria,,1986,63692007897.3834
Algeria,,1985,57937868670.1937
Algeria,,1984,53698548293.0745
Algeria,,1983,48801369800.3675
Algeria,,1982,45207167470.3497
Algeria,,1981,44348590460.9288
Algeria,,1980,42345829079.2062
Algeria,,1979,33243706859.6596
Algeria,,1978,26364491313.4471
Algeria,,1977,20972113684.9558
Algeria,,1976,17728240932.3158
Algeria,,1975,15557902754.033
Algeria,,1974,13209871625.9044
Algeria,,1973,8707858912.12481
Algeria,,1972,6766743956.88889
Algeria,,1971,5077183093.88968
Algeria,,1970,4863526896.57407
Algeria,,1969,4257253264.08834
Algeria,,1968,3852147026.77302
Algeria,,1967,3370870376.29682
Algeria,,1966,3039859187.45164
Algeria,,1965,3136284306.85469
Algeria,,1964,2909316435.2874
Algeria,,1963,2702982017.63803
Algeria,,1962,2001444543.91885
Algeria,,1961,2434747055.94018
Algeria,,1960,2723615451.30098
Andorra,,2025,4500982731.80784
Andorra,,2024,4044249678.65625
Andorra,,2023,3785067331.88242
Andorra,,2022,3380612573.4825
Andorra,,2021,3324647529.41855
Andorra,,2020,2891001149.40079
Andorra,,2019,3155149347.92156
Andorra,,2018,3218419896.93333
Andorra,,2017,3000162081.22353
Andorra,,2016,2896610479.86771
Andorra,,2015,2789881258.60547
Andorra,,2014,3271685596.52156
Andorra,,2013,3193512950.0157
Andorra,,2012,3188652765.29297
Andorra,,2011,3629133574.51363
Andorra,,2010,3449925738.83334
Andorra,,2009,3688976340.67187
Andorra,,2008,4102319398.76562
Andorra,,2007,3957625367.30589
Andorra,,2006,3459337986.67058
Andorra,,2005,3161084091.26848
Andorra,,2004,2900245324.32047
Andorra,,2003,2366941808.98431
Andorra,,2002,1764279824.23138
Andorra,,2001,1548265807.99606
Andorra,,2000,1432606188.65883
Andorra,,1999,1240295103.08568
Andorra,,1998,1211953994.05714
Andorra,,1997,1180645571.8643
Andorra,,1996,1224024139.21295
Andorra,,1995,1178745282.8678
Andorra,,1994,1017544068.8408
Andorra,,1993,1007090269.86956
Andorra,,1992,1209992020.29543
Andorra,,1991,1106891361.53948
Andorra,,1990,1028989692.06787
Andorra,,1989,795489582.04491
Andorra,,1988,721425939.15155
Andorra,,1987,611299924.540506
Andorra,,1986,481996012.869071
Andorra,,1985,346742714.675152
Andorra,,1984,330073080.637098
Andorra,,1983,327850042.515872
Andorra,,1982,375914743.581006
Andorra,,1981,388983266.199886
Andorra,,1980,446377776.798001
Andorra,,1979,411548748.354729
Andorra,,1978,308020261.164149
Andorra,,1977,253997897.226968
Andorra,,1976,227283850.831271
Andorra,,1975,220112572.205331
Andorra,,1974,186557081.998137
Andorra,,1973,150841639.297444
Andorra,,1972,113414397.365635
Andorra,,1971,89406608.1458151
Andorra,,1970,78617711.0965325
Angola,,2025,122174889423.635
Angola,,2024,103080538044.058
Angola,,2023,106042349567.303
Angola,,2022,128233959333.275
Angola,,2021,78283923543.8237
Angola,,2020,58512033805.8981
Angola,,2019,81193813808.0382
Angola,,2018,90506061877.2765
Angola,,2017,85629598654.1906
Angola,,2016,60770049747.3832
Angola,,2015,102543067840.819
Angola,,2014,153449860495.966
Angola,,2013,148845200696.335
Angola,,2012,143572907527.976
Angola,,2011,125551634704.941
Angola,,2010,95546919754.2873
Angola,,2009,81705175408.8809
Angola,,2008,98790432989.3077
Angola,,2007,73037821926.4655
Angola,,2006,58653659979.5501
Angola,,2005,41396636383.8231
Angola,,2004,26997977896.2907
Angola,,2003,20342128111.9406
Angola,,2002,17311512433.1938
Angola,,2001,8936079117.73136
Angola,,2000,9129594970.15301
Angola,,1999,6152923310.44546
Angola,,1998,6506221615.78722
Angola,,1997,7648380195.59902
Angola,,1996,7526421519.16979
Angola,,1995,5538749259.94714
Angola,,1994,4438321017.39068
Angola,,1993,5768720421.61367
Angola,,1992,8307810973.58848
Angola,,1991,10603784541.197
Angola,,1990,11229515599.3048
Angola,,1989,10201780976.6695
Angola,,1988,8769836768.83478
Angola,,1987,8084412414.26566
Angola,,1986,7072536108.69707
Angola,,1985,7554065410.12097
Angola,,1984,6131475065.17815
Angola,,1983,5784341596.36339
Angola,,1982,5550483035.96494
Angola,,1981,5550483035.96494
Angola,,1980,5930503400.9626
Antigua and Barbuda,,2025,2338196296.2963
Antigua and Barbuda,,2024,2162366666.66667
Antigua and Barbuda,,2023,2054096296.2963
Antigua and Barbuda,,2022,1857114814.81481
Antigua and Barbuda,,2021,1602125925.92593
Antigua and Barbuda,,2020,1411637037.03704
Antigua and Barbuda,,2019,1726448148.14815
Antigua and Barbuda,,2018,1661529629.62963
Antigua and Barbuda,,2017,1534855555.55556
Antigua and Barbuda,,2016,1489603703.7037
Antigua and Barbuda,,2015,1437485185.18519
Antigua and Barbuda,,2014,1378707407.40741
Antigua and Barbuda,,2013,1325496296.2963
Antigua and Barbuda,,2012,1364729629.62963
Antigua and Barbuda,,2011,1287359259.25926
Antigua and Barbuda,,2010,1298348148.14815
Antigua and Barbuda,,2009,1386518518.51852
Antigua and Barbuda,,2008,1557640740.74074
Antigua and Barbuda,,2007,1487381481.48148
Antigua and Barbuda,,2006,1303674074.07407
Antigua and Barbuda,,2005,1143896296.2963
Antigua and Barbuda,,2004,1026329629.62963
Antigua and Barbuda,,2003,948100000.0
Antigua and Barbuda,,2002,898092592.592592
Antigua and Barbuda,,2001,877774074.074074
Antigua and Barbuda,,2000,901003703.703704
Antigua and Barbuda,,1999,835544444.444444
Antigua and Barbuda,,1998,789788888.888889
Antigua and Barbuda,,1997,734422222.222222
Antigua and Barbuda,,1996,679140740.740741
Antigua and Barbuda,,1995,616051851.851852
Antigua and Barbuda,,1994,625081481.481481
Antigua and Barbuda,,1993,565662962.962963
Antigua and Barbuda,,1992,525133333.333333
Antigua and Barbuda,,1991,504337037.037037
Antigua and Barbuda,,1990,478718518.518519
Antigua and Barbuda,,1989,455174074.074074
Antigua and Barbuda,,1988,411396296.296296
Antigua and Barbuda,,1987,346866666.666667
Antigua and Barbuda,,1986,297562962.962963
Antigua and Barbuda,,1985,246370370.37037
Antigua and Barbuda,,1984,212214814.814815
Antigua and Barbuda,,1983,184866666.666667
Antigua and Barbuda,,1982,166444444.444444
Antigua and Barbuda,,1981,149388888.888889
Antigua and Barbuda,,1980,132451851.851852
Antigua and Barbuda,,1979,109596296.296296
Antigua and Barbuda,,1978,88040740.7407407
Antigua and Barbuda,,1977,77507407.4074074
Argentina,,2025,683097891618.597
Argentina,,2024,638365455340.04
Argentina,,2023,649461687959.174
Argentina,,2022,633993756301.08
Argentina,,2021,486564085480.036
Argentina,,2020,385740508436.965
Argentina,,2019,447754683615.225
Argentina,,2018,524819892360.176
Argentina,,2017,643628393281.364
Argentina,,2016,557532320662.955
Argentina,,2015,594749285413.212
Argentina,,2014,526319673731.638
Argentina,,2013,552025140252.246
Argentina,,2012,545982375701.128
Argentina,,2011,530158122010.442
Argentina,,2010,423627422092.49
Argentina,,2009,332976484577.619
Argentina,,2008,361558037110.419
Argentina,,2007,287530508430.568
Argentina,,2006,232557260817.308
Argentina,,2005,198737095012.282
Argentina,,2004,164657930452.787
Argentina,,2003,127586973492.177
Argentina,,2002,97724004251.8602
Argentina,,2001,268696750000.0
Argentina,,2000,284203750000.0
Argentina,,1999,283523000000.0
Argentina,,1998,298948250000.0
Argentina,,1997,292859000000.0
Argentina,,1996,272149750000.0
Argentina,,1995,258031750000.0
Argentina,,1994,257440000000.0
Argentina,,1993,236741715015.015
Argentina,,1992,228778917308.17
Argentina,,1991,189719984268.485
Argentina,,1990,141352654305.163
Argentina,,1989,76629728760.123
Argentina,,1988,126890235049.092
Argentina,,1987,108810885301.253
Argentina,,1986,105872372613.857
Argentina,,1985,88150891728.1064
Argentina,,1984,116915052107.031
Argentina,,1983,103979106777.911
Argentina,,1982,84307486836.724
Argentina,,1981,78676842366.5529
Argentina,,1980,76961923741.0701
Argentina,,1979,69252328951.6441
Argentina,,1978,89049453088.3282
Argentina,,1977,56781000101.0848
Argentina,,1976,51169499892.1722
Argentina,,1975,52438647921.9226
Argentina,,1974,72436777342.4554
Argentina,,1973,52544000116.9037
Argentina,,1972,34733000536.2862
Argentina,,1971,33293199095.4881
Argentina,,1970,31584210365.5447
Argentina,,1969,31256284543.6155
Argentina,,1968,26436857247.4982
Argentina,,1967,24256667553.2569
Argentina,,1966,28630474727.9023
Argentina,,1965,28344705966.6389
Argentina,,1964,25605249381.7597
Argentina,,1963,18272123664.4715
Argentina,,1962,18337691145.3688
Argentina,,1961,20132220374.9093
Argentina,,1960,15865474315.4056
Armenia,,2025,29243452882.3545
Armenia,,2024,25955275380.0321
Armenia,,2023,24185982215.6543
Armenia,,2022,19513506553.1251
Armenia,,2021,13878908628.9378
Armenia,,2020,12641698583.2152
Armenia,,2019,13619290539.2116
Armenia,,2018,12457940694.7395
Armenia,,2017,11527458709.0158
Armenia,,2016,10546136235.5219
Armenia,,2015,10553337518.414
Armenia,,2014,11609513246.7958
Armenia,,2013,11121464437.0415
Armenia,,2012,10619320682.9474
Armenia,,2011,10142111824.5835
Armenia,,2010,9260285755.62424
Armenia,,2009,8647937081.2562
Armenia,,2008,11662040713.8753
Armenia,,2007,9206301269.79164
Armenia,,2006,6384452066.5146
Armenia,,2005,4900469511.10191
Armenia,,2004,3576615240.41616
Armenia,,2003,2807061008.69084
Armenia,,2002,2376335048.39976
Armenia,,2001,2118467913.37873
Armenia,,2000,1911563668.85006
Armenia,,1999,1845482173.02732
Armenia,,1998,1893726437.26462
Armenia,,1997,1639492444.76152
Armenia,,1996,1596968946.23708
Armenia,,1995,1468317435.20148
Armenia,,1994,1315158636.67553
Armenia,,1993,1201312829.27524
Armenia,,1992,1272835453.42634
Armenia,,1991,2069870129.87013
Armenia,,1990,2256863448.77086
Australia,,2025,1798518933689.21
Australia,,2024,1757022451652.83
Australia,,2023,1734451264655.6
Australia,,2022,1695627535475.8
Australia,,2021,1560617493202.69
Australia,,2020,1333336461648.09
Australia,,2019,1398349602956.35
Australia,,2018,1433144978761.67
Australia,,2017,1330890554614.09
Australia,,2016,1211588128417.61
Australia,,2015,1356805839935.9
Australia,,2014,1474677007565.64
Australia,,2013,1583737461925.39
Australia,,2012,1552728401401.58
Australia,,2011,1402939868653.4
Australia,,2010,1152566632022.13
Australia,,2009,931761689770.843
Australia,,2008,1058448244063.77
Australia,,2007,856603595823.192
Australia,,2006,749708370332.989
Australia,,2005,696811489612.816
Australia,,2004,615643050220.515
Australia,,2003,468517181129.878
Australia,,2002,396436967262.563
Australia,,2001,380360222861.197
Australia,,2000,416901962163.479
Australia,,1999,390347787943.351
Australia,,1998,400361527504.578
Australia,,1997,436321902767.408
Australia,,1996,401962517479.122
Australia,,1995,368725126225.126
Australia,,1994,323269456935.317
Australia,,1993,312568858909.5
Australia,,1992,325982966981.415
Australia,,1991,326416407860.792
Australia,,1990,311840666465.053
Australia,,1989,300264309002.14
Australia,,1988,236461079970.431
Australia,,1987,189726707252.515
Australia,,1986,182707050923.335
Australia,,1985,180861108959.102
Australia,,1984,193749932078.26
Australia,,1983,177523719680.081
Australia,,1982,194323071830.52
Australia,,1981,177151979565.773
Australia,,1980,150200557103.064
Australia,,1979,135093718050.665
Australia,,1978,118660813779.849
Australia,,1977,110504702913.512
Australia,,1976,105209354855.787
Australia,,1975,97440939505.6671
Australia,,1974,89086219602.0634
Australia,,1973,63923126201.1531
Australia,,1972,52117990654.2056
Australia,,1971,45283847245.4156
Australia,,1970,41395206623.2331
Australia,,1969,36738245878.1193
Australia,,1968,32763365242.1384
Australia,,1967,30487524878.004
Australia,,1966,27349284375.8855
Australia,,1965,26014244162.2791
Australia,,1964,23835843813.735
Australia,,1963,21573443451.751
Australia,,1962,19953923192.6277
Australia,,1961,19713123154.0997
Australia,,1960,18635682981.7093
Austria,,2025,579470021095.418
Austria,,2024,534790720466.822
Austria,,2023,516670509628.876
Austria,,2022,473221298968.216
Austria,,2021,480466363176.806
Austria,,2020,434397601557.696
Austria,,2019,442983642371.842
Austria,,2018,452582294972.775
Austria,,2017,414926138132.691
Austria,,2016,393687359770.273
Austria,,2015,379546097300.633
Austria,,2014,438556021078.034
Austria,,2013,426580502769.417
Austria,,2012,406750487603.59
Austria,,2011,428954737064.057
Austria,,2010,389827789217.634
Austria,,2009,399290118782.429
Austria,,2008,429234399096.173
Austria,,2007,386760177589.497
Austria,,2006,333905979332.481
Austria,,2005,313952317330.776
Austria,,2004,299210411454.823
Austria,,2003,260779834340.097
Austria,,2002,212837224022.813
Austria,,2001,196477206829.33
Austria,,2000,196181599831.287
Austria,,1999,216421809125.916
Austria,,1998,217068085815.918
Austria,,1997,211724812267.448
Austria,,1996,235952581232.129
Austria,,1995,240094169510.031
Austria,,1994,202738023129.743
Austria,,1993,189634029338.696
Austria,,1992,194314032056.098
Austria,,1991,173113449616.971
Austria,,1990,165811372382.912
Austria,,1989,132584448257.93
Austria,,1988,132817124707.456
Austria,,1987,123682091858.946
Austria,,1986,98648254168.5444
Austria,,1985,69114996009.577
Austria,,1984,67719055773.3306
Austria,,1983,71838528420.4075
Austria,,1982,70996111962.5716
Austria,,1981,70755997062.3812
Austria,,1980,81737498404.5948
Austria,,1979,73647694287.1848
Austria,,1978,61809208755.804
Austria,,1977,51343861460.328
Austria,,1976,42791707448.0325
Austria,,1975,39902300703.1682
Austria,,1974,35051468639.576
Austria,,1973,29399860144.7748
Austria,,1972,21973207929.0434
Austria,,1971,17788536733.1204
Austria,,1970,15312791743.8476
Austria,,1969,13647475854.0287
Austria,,1968,12499863917.1003
Austria,,1967,11634569521.9273
Austria,,1966,10939526218.6393
Austria,,1965,10041659445.118
Austria,,1964,9213648655.97511
Austria,,1963,8414050621.01716
Austria,,1962,7793042529.15992
Austria,,1961,7346566037.83392
Austria,,1960,6624086313.14334
Azerbaijan,,2025,75937647058.8235
Azerbaijan,,2024,74426000000.0
Azerbaijan,,2023,72428470588.2353
Azerbaijan,,2022,78807470588.2353
Azerbaijan,,2021,54825411764.7059
Azerbaijan,,2020,42693000000.0
Azerbaijan,,2019,48174235294.1176
Azerbaijan,,2018,47112470051.7701
Azerbaijan,,2017,40866627351.9817
Azerbaijan,,2016,37866996882.9157
Azerbaijan,,2015,53076235354.746
Azerbaijan,,2014,75239785452.1022
Azerbaijan,,2013,74160560123.6902
Azerbaijan,,2012,69679944504.1972
Azerbaijan,,2011,65952796427.9473
Azerbaijan,,2010,52909294791.9262
Azerbaijan,,2009,44292427184.9492
Azerbaijan,,2008,48851293785.4483
Azerbaijan,,2007,33049419431.2244
Azerbaijan,,2006,20981929497.6188
Azerbaijan,,2005,13245421880.834
Azerbaijan,,2004,8680405740.94125
Azerbaijan,,2003,7276413079.11451
Azerbaijan,,2002,6236087738.28284
Azerbaijan,,2001,5707616203.72011
Azerbaijan,,2000,5272615722.96892
Azerbaijan,,1999,4581248566.50158
Azerbaijan,,1998,4446368570.6901
Azerbaijan,,1997,3962362387.47922
Azerbaijan,,1996,3176507376.31836
Azerbaijan,,1995,2417331192.9526
Azerbaijan,,1994,1193141110.35043
Azerbaijan,,1993,1570392598.14954
Azerbaijan,,1992,444658671.586716
Azerbaijan,,1991,5344000000.0
Azerbaijan,,1990,8884848484.84848
Bahamas,,2024,15832800000.0
Bahamas,,2023,15271300000.0
Bahamas,,2022,13896800000.0
Bahamas,,2021,12037000000.0
Bahamas,,2020,10363200000.0
Bahamas,,2019,13277000000.0
Bahamas,,2018,12819200000.0
Bahamas,,2017,12446900000.0
Bahamas,,2016,11880900000.0
Bahamas,,2015,11837600000.0
Bahamas,,2014,11139100000.0
Bahamas,,2013,10475300000.0
Bahamas,,2012,10720400000.0
Bahamas,,2011,10070450000.0
Bahamas,,2010,10095760000.0
Bahamas,,2009,9981960000.0
Bahamas,,2008,10526000000.0
Bahamas,,2007,10618340000.0
Bahamas,,2006,10167250000.0
Bahamas,,2005,9836200000.0
Bahamas,,2004,9055290000.0
Bahamas,,2003,8870090000.0
Bahamas,,2002,8881160000.0
Bahamas,,2001,8317830000.0
Bahamas,,2000,8076470000.0
Bahamas,,1999,7683870000.0
Bahamas,,1998,6833220000.0
Bahamas,,1997,6332360000.0
Bahamas,,1996,3609000000.0
Bahamas,,1995,3429000000.0
Bahamas,,1994,3259000000.0
Bahamas,,1993,3092000000.0
Bahamas,,1992,3109000000.0
Bahamas,,1991,3111160000.0
Bahamas,,1990,3166000000.0
Bahamas,,1989,3062000000.0
Bahamas,,1988,2817900000.0
Bahamas,,1987,2713999900.0
Bahamas,,1986,2472500000.0
Bahamas,,1985,2320699900.0
Bahamas,,1984,2041100000.0
Bahamas,,1983,1732800000.0
Bahamas,,1982,1578300000.0
Bahamas,,1981,1426500000.0
Bahamas,,1980,1335300000.0
Bahamas,,1979,1139800100.0
Bahamas,,1978,832400000.0
Bahamas,,1977,713000000.0
Bahamas,,1976,642100000.0
Bahamas,,1975,596200000.0
Bahamas,,1974,632400000.0
Bahamas,,1973,670900000.0
Bahamas,,1972,590900000.0
Bahamas,,1971,573400000.0
Bahamas,,1970,539500000.0
Bahamas,,1969,538700000.0
Bahamas,,1968,453800000.0
Bahamas,,1967,398000000.0
Bahamas,,1966,346800000.0
Bahamas,,1965,300272048.043528
Bahamas,,1964,266560042.649607
Bahamas,,1963,237650038.024006
Bahamas,,1962,212170033.947205
Bahamas,,1961,190022030.403525
Bahamas,,1960,169736027.157764
Bahrain,,2025,48965725531.9149
Bahrain,,2024,47210732712.766
Bahrain,,2023,46192260638.2979
Bahrain,,2022,46458191489.3617
Bahrain,,2021,40840212765.9574
Bahrain,,2020,35837632978.7234
Bahrain,,2019,40446808510.6383
Bahrain,,2018,39567978723.4043
Bahrain,,2017,37204813829.7872
Bahrain,,2016,33884680851.0638
Bahrain,,2015,32523297872.3404
Bahrain,,2014,34772526595.7447
Bahrain,,2013,33823324468.0851
Bahrain,,2012,31963404255.3191
Bahrain,,2011,29914680851.0638
Bahrain,,2010,26805984042.5532
Bahrain,,2009,22938218085.1064
Bahrain,,2008,25710904255.3191
Bahrain,,2007,21730000000.0
Bahrain,,2006,18504760638.2979
Bahrain,,2005,15968723404.2553
Bahrain,,2004,13150159574.4681
Bahrain,,2003,11074813829.7872
Bahrain,,2002,9593510638.29787
Bahrain,,2001,8976196808.51064
Bahrain,,2000,9062898936.17021
Bahrain,,1999,7528469148.93617
Bahrain,,1998,7031309042.55319
Bahrain,,1997,7219407712.76596
Bahrain,,1996,6938166755.31915
Bahrain,,1995,6651180851.06383
Bahrain,,1994,6330627925.53191
Bahrain,,1993,5913001063.82979
Bahrain,,1992,5402232446.80851
Bahrain,,1991,5248911170.21277
Bahrain,,1990,4809511005.31915
Bahrain,,1989,4393093962.76596
Bahrain,,1988,4209834172.87234
Bahrain,,1987,3856922694.14894
Bahrain,,1986,3470746843.08511
Bahrain,,1985,4152376484.04255
Bahrain,,1984,4440874566.48936
Bahrain,,1983,4247030468.08511
Bahrain,,1982,4145421079.78723
Bahrain,,1981,3943109531.91489
Bahrain,,1980,3493834468.02865
Bahrain,,1979,2710160739.18742
Bahrain,,1978,2272042965.21126
Bahrain,,1977,1989060283.04271
Bahrain,,1976,1581709518.98261
Bahrain,,1975,1099107600.50569
Bahrain,,1974,1042176883.51827
Bahrain,,1973,761132545.104221
Bahrain,,1972,534081183.680728
Bahrain,,1971,422181562.186708
Bahrain,,1970,391577364.077364
Bangladesh,,2025,456319229255.578
Bangladesh,,2024,450119432068.852
Bangladesh,,2023,437415333018.291
Bangladesh,,2022,460131689083.083
Bangladesh,,2021,416271647911.014
Bangladesh,,2020,373979442362.193
Bangladesh,,2019,351231654603.692
Bangladesh,,2018,321362752441.78
Bangladesh,,2017,293732446624.596
Bangladesh,,2016,265224515675.034
Bangladesh,,2015,195146608978.131
Bangladesh,,2014,172886611653.786
Bangladesh,,2013,149998957434.186
Bangladesh,,2012,133310747603.483
Bangladesh,,2011,128607482310.357
Bangladesh,,2010,115275540051.262
Bangladesh,,2009,102475158190.998
Bangladesh,,2008,91636997370.9772
Bangladesh,,2007,79611644974.5571
Bangladesh,,2006,71795736172.1561
Bangladesh,,2005,69476001239.419
Bangladesh,,2004,65108544250.0425
Bangladesh,,2003,60158929188.2556
Bangladesh,,2002,54724081490.5102
Bangladesh,,2001,53991289844.3291
Bangladesh,,2000,53369787318.6245
Bangladesh,,1999,51270569883.5275
Bangladesh,,1998,49984559471.3656
Bangladesh,,1997,48244309133.4895
Bangladesh,,1996,46438484107.5795
Bangladesh,,1995,37939748768.6567
Bangladesh,,1994,33768660882.793
Bangladesh,,1993,33166519417.9894
Bangladesh,,1992,31708874594.1645
Bangladesh,,1991,30957483949.5798
Bangladesh,,1990,31598340778.2164
Bangladesh,,1989,28781715188.8919
Bangladesh,,1988,26579005558.3652
Bangladesh,,1987,24298032258.0645
Bangladesh,,1986,21774033333.3333
Bangladesh,,1985,22278423076.9231
Bangladesh,,1984,18920840000.0
Bangladesh,,1983,17609048821.5488
Bangladesh,,1982,18525399201.5968
Bangladesh,,1981,20249694002.448
Bangladesh,,1980,18138049095.6072
Bangladesh,,1979,15565480321.9448
Bangladesh,,1978,13281767142.8571
Bangladesh,,1977,9651149301.8746
Bangladesh,,1976,10117113333.3333
Bangladesh,,1975,19448348073.4565
Bangladesh,,1974,12512460519.7088
Bangladesh,,1973,8086725729.3407
Bangladesh,,1972,6288245866.66667
Bangladesh,,1971,8751843187.5
Bangladesh,,1970,8992722166.66667
Bangladesh,,1969,8471006437.5
Bangladesh,,1968,7483685770.83333
Bangladesh,,1967,7253575687.5
Bangladesh,,1966,6439687854.16667
Bangladesh,,1965,5906636791.66667
Bangladesh,,1964,5386054833.33333
Bangladesh,,1963,5319458562.5
Bangladesh,,1962,5081413541.66667
Bangladesh,,1961,4817580375.0
Bangladesh,,1960,4274894083.33333
Barbados,,2025,8016550000.0
Barbados,,2024,7597571450.0
Barbados,,2023,7223248150.0
Barbados,,2022,6886644900.0
Barbados,,2021,5948900600.0
Barbados,,2020,5403246950.0
Barbados,,2019,6166710800.0
Barbados,,2018,6001101550.0
Barbados,,2017,5847381600.0
Barbados,,2016,5679029450.0
Barbados,,2015,5699619150.0
Barbados,,2014,5684901000.0
Barbados,,2013,5660059700.0
Barbados,,2012,5486500500.0
Barbados,,2011,5563162050.0
Barbados,,2010,5428683250.0
Barbados,,2009,4466809600.0
Barbados,,2008,4790410400.0
Barbados,,2007,4675767950.0
Barbados,,2006,4217323400.0
Barbados,,2005,3819500000.0
Barbados,,2004,3444500000.0
Barbados,,2003,3209500000.0
Barbados,,2002,3106500000.0
Barbados,,2001,3054500000.0
Barbados,,2000,3059500000.0
Barbados,,1999,2951822204.54432
Barbados,,1998,2817083478.34734
Barbados,,1997,2498384129.66738
Barbados,,1996,2363645403.47039
Barbados,,1995,2216974096.35559
Barbados,,1994,2151344901.30761
Barbados,,1993,2063342117.03873
Barbados,,1992,1957000000.0
Barbados,,1991,2020583702.08323
Barbados,,1990,2012131457.26644
Barbados,,1989,2006165166.80754
Barbados,,1988,1812757917.76463
Barbados,,1987,1704370307.76115
Barbados,,1986,1547755183.21484
Barbados,,1985,1409536120.91682
Barbados,,1984,1346890071.09829
Barbados,,1983,1236016506.73694
Barbados,,1982,1163923830.35847
Barbados,,1981,1114204743.20091
Barbados,,1980,1012280614.52792
Barbados,,1979,670362452.145379
Barbados,,1978,552883707.055138
Barbados,,1977,495097667.929041
Barbados,,1976,435911268.58968
Barbados,,1975,402178605.019554
Barbados,,1974,311804629.873599
Barbados,,1973,260767827.621284
Barbados,,1972,213725216.665339
Barbados,,1971,186826503.031076
Barbados,,1970,166210203.0
Barbados,,1969,141393142.0
Barbados,,1968,125733668.5
Barbados,,1967,125554008.718721
Barbados,,1966,113195122.762193
Barbados,,1965,105021996.861675
Barbados,,1964,99252731.4515047
Barbados,,1963,99893761.2655968
Barbados,,1962,88782583.460208
Barbados,,1961,85363759.3406016
Barbados,,1960,80021846.9453826
Belarus,,2025,93397215864.198
Belarus,,2024,78591839299.7087
Belarus,,2023,72478760370.4258
Belarus,,2022,73775179924.603
Belarus,,2021,69673747131.87
Belarus,,2020,61371673344.7424
Belarus,,2019,64410170653.4569
Belarus,,2018,60031026576.26
Belarus,,2017,54725405751.1559
Belarus,,2016,47723545321.259
Belarus,,2015,56454769844.7632
Belarus,,2014,78813069120.9984
Belarus,,2013,75527558966.4473
Belarus,,2012,65685890438.8922
Belarus,,2011,61762382327.9319
Belarus,,2010,57231904542.8755
Belarus,,2009,50873167326.0414
Belarus,,2008,60752106347.126
Belarus,,2007,45275711995.825
Belarus,,2006,36961894281.3444
Belarus,,2005,30210091836.8294
Belarus,,2004,23141566292.9462
Belarus,,2003,17825444724.4878
Belarus,,2002,14594900944.7658
Belarus,,2001,12354820143.8849
Belarus,,2000,12736856827.9847
Belarus,,1999,12138486532.0203
Belarus,,1998,15222012660.4232
Belarus,,1997,14128408565.7064
Belarus,,1996,14500437519.8258
Belarus,,1995,13972683273.5692
Belarus,,1994,14931435232.078
Belarus,,1993,16275073526.9819
Belarus,,1992,16939790093.9054
Belarus,,1991,18404907975.4601
Belarus,,1990,17389558232.9317
Belgium,,2025,725466462859.646
Belgium,,2024,670983130618.828
Belgium,,2023,650779364363.737
Belgium,,2022,591474463578.602
Belgium,,2021,598522422241.851
Belgium,,2020,529694473501.791
Belgium,,2019,536726344405.489
Belgium,,2018,542638913427.921
Belgium,,2017,500908767351.53
Belgium,,2016,474271566739.729
Belgium,,2015,461044767544.531
Belgium,,2014,537987419164.351
Belgium,,2013,524097026598.55
Belgium,,2012,498414364944.961
Belgium,,2011,527196649048.639
Belgium,,2010,481556503720.001
Belgium,,2009,485014525992.461
Belgium,,2008,517328087920.078
Belgium,,2007,470922156309.453
Belgium,,2006,408259840868.823
Belgium,,2005,385714762230.039
Belgium,,2004,369214712443.206
Belgium,,2003,318082528506.588
Belgium,,2002,258383599375.177
Belgium,,2001,236746141604.37
Belgium,,2000,236792460312.471
Belgium,,1999,258245733221.468
Belgium,,1998,258528339631.029
Belgium,,1997,252708051420.839
Belgium,,1996,279201433224.756
Belgium,,1995,288025588396.278
Belgium,,1994,244884129491.198
Belgium,,1993,224721795708.955
Belgium,,1992,234781652446.675
Belgium,,1991,210510999409.333
Belgium,,1990,205331747947.851
Belgium,,1989,164221056511.057
Belgium,,1988,162299103675.261
Belgium,,1987,149394404105.889
Belgium,,1986,120018787249.413
Belgium,,1985,86268264148.3796
Belgium,,1984,83349530159.1734
Belgium,,1983,87184239053.2544
Belgium,,1982,92095926187.5331
Belgium,,1981,104730018470.23
Belgium,,1980,126829314388.191
Belgium,,1979,116315456796.918
Belgium,,1978,101246526194.441
Belgium,,1977,82839905458.6382
Belgium,,1976,71113882967.6071
Belgium,,1975,65678189097.2908
Belgium,,1974,56033077879.0389
Belgium,,1973,47743801490.3747
Belgium,,1972,37209418018.5134
Belgium,,1971,29821661869.912
Belgium,,1970,26706196046.7931
Belgium,,1969,24019653474.9959
Belgium,,1968,21654856965.4281
Belgium,,1967,20252508995.4745
Belgium,,1966,18894891312.2977
Belgium,,1965,17597783297.4583
Belgium,,1964,16168044450.2523
Belgium,,1963,14445805381.3872
Belgium,,1962,13436827166.5187
Belgium,,1961,12561701694.3319
Belgium,,1960,11810619368.3874
Belize,,2025,3326500000.0
Belize,,2024,3203631800.0
Belize,,2023,3052362650.0
Belize,,2022,2846604350.0
Belize,,2021,2428606250.0
Belize,,2020,2047284600.0
Belize,,2019,2381187850.0
Belize,,2018,2285915050.0
Belize,,2017,2266028250.0
Belize,,2016,2239604950.0
Belize,,2015,2193095150.0
Belize,,2014,2138242200.0
Belize,,2013,2035191450.0
Belize,,2012,1917083500.0
Belize,,2011,1831576700.0
Belize,,2010,1748988400.0
Belize,,2009,1688012750.0
Belize,,2008,1738453600.0
Belize,,2007,1706190450.0
Belize,,2006,1590463100.0
Belize,,2005,1474298400.0
Belize,,2004,1400202000.0
Belize,,2003,1308280250.0
Belize,,2002,1243912050.0
Belize,,2001,1172045150.0
Belize,,2000,1138138100.0
Belize,,1999,999713050.0
Belize,,1998,929047000.0
Belize,,1997,872916050.0
Belize,,1996,850339100.0
Belize,,1995,818590250.0
Belize,,1994,771838000.0
Belize,,1993,752255150.0
Belize,,1992,695741150.0
Belize,,1991,596682100.0
Belize,,1990,546750912.28848
Belize,,1989,491100000.0
Belize,,1988,421450000.0
Belize,,1987,371100000.0
Belize,,1986,311500000.0
Belize,,1985,287300000.0
Belize,,1984,290350000.0
Belize,,1983,262150000.0
Belize,,1982,248550000.0
Belize,,1981,260750000.0
Belize,,1980,257400000.0
Belize,,1979,151800000.0
Belize,,1978,136300000.0
Belize,,1977,117650000.0
Belize,,1976,97094227.2292471
Belize,,1975,118194026.251574
Belize,,1974,103160450.445869
Belize,,1973,78214767.8301496
Belize,,1972,65998069.3847631
Belize,,1971,59074687.1961851
Belize,,1970,53339893.3202134
Belize,,1969,47399905.2001896
Belize,,1968,44999910.00018
Belize,,1967,47431255.747674
Belize,,1966,44450044.4500445
Belize,,1965,40110040.1100401
Belize,,1964,36194586.1945862
Belize,,1963,33750113.7501138
Belize,,1962,31857591.8575919
Belize,,1961,29964999.965
Belize,,1960,28072478.0724781
Benin,,2025,24566420903.5337
Benin,,2024,21482643706.4249
Benin,,2023,19673291004.1444
Benin,,2022,17425405090.862
Benin,,2021,17687623530.3355
Benin,,2020,15686741883.934
Benin,,2019,14391686313.4641
Benin,,2018,14262408089.9261
Benin,,2017,12701655836.9467
Benin,,2016,11821065853.3838
Benin,,2015,11388160996.7738
Benin,,2014,13284527846.9081
Benin,,2013,12517845123.9315
Benin,,2012,11141358115.8991
Benin,,2011,10693321363.6574
Benin,,2010,9535345015.78355
Benin,,2009,9738626517.00319
Benin,,2008,9787734526.23965
Benin,,2007,8169048382.83875
Benin,,2006,7034111314.88812
Benin,,2005,6567654954.38903
Benin,,2004,6190270380.49856
Benin,,2003,5349258094.48239
Benin,,2002,4194342686.2178
Benin,,2001,3666222635.13875
Benin,,2000,3519991440.47913
Benin,,1999,3677393998.74486
Benin,,1998,2455092686.34712
Benin,,1997,2268301646.46707
Benin,,1996,2361116449.39308
Benin,,1995,2169627137.9207
Benin,,1994,1598075943.86774
Benin,,1993,2274558082.76135
Benin,,1992,1695315305.70308
Benin,,1991,1986437796.53053
Benin,,1990,1959965330.14765
Benin,,1989,1502294416.17129
Benin,,1988,1620246083.79478
Benin,,1987,1562412227.90058
Benin,,1986,1336102025.27763
Benin,,1985,1045712789.14884
Benin,,1984,1051134008.78979
Benin,,1983,1095348199.43911
Benin,,1982,1267778670.35902
Benin,,1981,1291120188.43104
Benin,,1980,1405251846.54048
Benin,,1979,1186231019.82044
Benin,,1978,928843469.431727
Benin,,1977,750049778.84069
Benin,,1976,698408261.922237
Benin,,1975,676870140.341529
Benin,,1974,554654860.702577
Benin,,1973,504376074.185709
Benin,,1972,410331856.991218
Benin,,1971,335073027.54117
Benin,,1970,333627713.494438
Benin,,1969,330748244.539574
Benin,,1968,326323105.26476
Benin,,1967,306221953.104911
Benin,,1966,302925235.151997
Benin,,1965,289908680.426395
Benin,,1964,269819005.87814
Benin,,1963,253927697.25805
Benin,,1962,236434954.038578
Benin,,1961,235668220.508202
Benin,,1960,226195578.434497
Bhutan,,2025,3579320145.13077
Bhutan,,2024,3346603858.7495
Bhutan,,2023,3012896789.79753
Bhutan,,2022,2898227743.75576
Bhutan,,2021,2768802960.11204
Bhutan,,2020,2457604333.90927
Bhutan,,2019,2735683570.46155
Bhutan,,2018,2583335721.85904
Bhutan,,2017,2591358009.20276
Bhutan,,2016,2357504760.78592
Bhutan,,2015,2187815803.36833
Bhutan,,2014,2089079570.58285
Bhutan,,2013,1943696951.65411
Bhutan,,2012,1973387227.96519
Bhutan,,2011,1977728658.68259
Bhutan,,2010,1708880730.20989
Bhutan,,2009,1331343797.77308
Bhutan,,2008,1317517834.59916
Bhutan,,2007,1255767964.00491
Bhutan,,2006,942879878.538879
Bhutan,,2005,860391000.221655
Bhutan,,2004,735348490.428435
Bhutan,,2003,651935430.314445
Bhutan,,2002,559345263.708309
Bhutan,,2001,496110225.710307
Bhutan,,2000,460733418.399276
Bhutan,,1999,399311199.50776
Bhutan,,1998,363458380.903342
Bhutan,,1997,352229076.707627
Bhutan,,1996,303408345.620078
Bhutan,,1995,290490983.815778
Bhutan,,1994,258954708.048533
Bhutan,,1993,225973692.8371
Bhutan,,1992,240233531.160464
Bhutan,,1991,240294286.015925
Bhutan,,1990,287765007.112863
Bhutan,,1989,264798626.174848
Bhutan,,1988,272298066.556045
Bhutan,,1987,242742766.346488
Bhutan,,1986,191218115.488485
Bhutan,,1985,163288815.361294
Bhutan,,1984,160423493.936194
Bhutan,,1983,156704289.913612
Bhutan,,1982,141439317.399271
Bhutan,,1981,139174178.090189
Bhutan,,1980,128669200.916451
Bhutan,,1979,105377995.200713
Bhutan,,1978,94086227.6084972
Bhutan,,1977,97884433.8024868
Bhutan,,1976,88461262.7788474
Bhutan,,1975,86820762.4931172
Bhutan,,1974,92901784.4986973
Bhutan,,1973,78900289.3165483
Bhutan,,1972,70139866.8083136
Bhutan,,1971,66289450.3252986
Bhutan,,1970,61812113.0666667
Bolivia,,2025,64768947525.3256
Bolivia,,2024,54881327452.9667
Bolivia,,2023,52340206946.4544
Bolivia,,2022,50959081953.6903
Bolivia,,2021,47877892402.3155
Bolivia,,2020,42313784081.042
Bolivia,,2019,49056643589.0014
Bolivia,,2018,48414038842.2576
Bolivia,,2017,45927439594.7902
Bolivia,,2016,33941126193.9219
Bolivia,,2015,33000198248.9146
Bolivia,,2014,32996188017.3661
Bolivia,,2013,30659338885.6729
Bolivia,,2012,27084497481.9103
Bolivia,,2011,23963164696.592
Bolivia,,2010,19649723722.1034
Bolivia,,2009,17339992193.7322
Bolivia,,2008,16674276285.8956
Bolivia,,2007,13120108008.3477
Bolivia,,2006,11451844902.2214
Bolivia,,2005,9549122905.32852
Bolivia,,2004,8773451751.5121
Bolivia,,2003,8082399639.54305
Bolivia,,2002,7905485146.44351
Bolivia,,2001,8141516928.39489
Bolivia,,2000,8397855484.76908
Bolivia,,1999,8285064434.56826
Bolivia,,1998,8497494652.12546
Bolivia,,1997,7925736821.45034
Bolivia,,1996,7396949126.35685
Bolivia,,1995,6715161732.22658
Bolivia,,1994,5981222858.82727
Bolivia,,1993,5734699488.84934
Bolivia,,1992,5643868748.68126
Bolivia,,1991,5343262457.10226
Bolivia,,1990,4867582597.51312
Bolivia,,1989,4715973437.43673
Bolivia,,1988,4597612362.2748
Bolivia,,1987,4347956337.93221
Bolivia,,1986,3959382833.13461
Bolivia,,1985,5377276554.93016
Bolivia,,1984,6169483225.35915
Bolivia,,1983,5422656823.38212
Bolivia,,1982,5594126368.90981
Bolivia,,1981,5891598694.9429
Bolivia,,1980,4537479608.48287
Bolivia,,1979,4421336382.94397
Bolivia,,1978,3758220889.55522
Bolivia,,1977,3227436281.85907
Bolivia,,1976,2731984007.996
Bolivia,,1975,2404697651.17441
Bolivia,,1974,2100249875.06247
Bolivia,,1973,1262968515.74213
Bolivia,,1972,1257615644.97932
Bolivia,,1971,1095622895.6229
Bolivia,,1970,1017003367.00337
Bolivia,,1969,929629629.62963
Bolivia,,1968,857912457.912458
Bolivia,,1967,755808080.808081
Bolivia,,1966,669191919.191919
Bolivia,,1965,604377104.377104
Bolivia,,1964,544023569.023569
Bolivia,,1963,482828282.828283
Bolivia,,1962,448400673.400673
Bolivia,,1961,410101010.10101
Bolivia,,1960,377020202.020202
Bosnia Herzegovina,,2025,32599982936.3931
Bosnia Herzegovina,,2024,29737363103.0492
Bosnia Herzegovina,,2023,27592361498.4057
Bosnia Herzegovina,,2022,24534663636.1778
Bosnia Herzegovina,,2021,23672712121.2671
Bosnia Herzegovina,,2020,20226038369.9191
Bosnia Herzegovina,,2019,20482608984.3316
Bosnia Herzegovina,,2018,20484058033.1144
Bosnia Herzegovina,,2017,18326373135.6099
Bosnia Herzegovina,,2016,17116926553.8513
Bosnia Herzegovina,,2015,16404348361.0926
Bosnia Herzegovina,,2014,18558734107.1478
Bosnia Herzegovina,,2013,18179109209.3892
Bosnia Herzegovina,,2012,17226735995.6905
Bosnia Herzegovina,,2011,18644233537.1093
Bosnia Herzegovina,,2010,17176315803.7298
Bosnia Herzegovina,,2009,17613949091.2294
Bosnia Herzegovina,,2008,19112796623.1175
Bosnia Herzegovina,,2007,15778734264.3787
Bosnia Herzegovina,,2006,12864841905.9543
Bosnia Herzegovina,,2005,11222796336.5426
Bosnia Herzegovina,,2004,10156541220.9704
Bosnia Herzegovina,,2003,8498894359.38629
Bosnia Herzegovina,,2002,6728220982.88398
Bosnia Herzegovina,,2001,5800615374.76094
Bosnia Herzegovina,,2000,5567772768.81188
Bosnia Herzegovina,,1999,4686256363.04707
Bosnia Herzegovina,,1998,4116774300.60671
Bosnia Herzegovina,,1997,3671909673.04401
Bosnia Herzegovina,,1996,2786045321.63743
Bosnia Herzegovina,,1995,1866572953.73665
Bosnia Herzegovina,,1994,1255802469.1358
Bosnia Herzegovina,,1993,3630668949.83246
Bosnia Herzegovina,,1992,4735044707.23969
Bosnia Herzegovina,,1991,6122959183.67347
Bosnia Herzegovina,,1990,7753478260.86957
Botswana,,2025,19928479839.4476
Botswana,,2024,19286251067.5078
Botswana,,2023,19413614554.6944
Botswana,,2022,20321150599.1523
Botswana,,2021,18750182236.2211
Botswana,,2020,14960251607.8135
Botswana,,2019,16725908148.5481
Botswana,,2018,17031943186.1353
Botswana,,2017,16105155856.7708
Botswana,,2016,15082637184.0496
Botswana,,2015,13530748844.505
Botswana,,2014,15470088500.7414
Botswana,,2013,14271738933.2042
Botswana,,2012,13907464500.1489
Botswana,,2011,15110643612.1729
Botswana,,2010,12637273429.1339
Botswana,,2009,10118459242.3183
Botswana,,2008,10730829116.4105
Botswana,,2007,10567270655.5027
Botswana,,2006,9919158482.41085
Botswana,,2005,9918907108.09702
Botswana,,2004,8957467706.5354
Botswana,,2003,7511582173.37724
Botswana,,2002,5438863982.88692
Botswana,,2001,5489608299.66445
Botswana,,2000,5788329609.15755
Botswana,,1999,5484263346.88105
Botswana,,1998,4790481509.17679
Botswana,,1997,5020265626.66489
Botswana,,1996,4847757217.75815
Botswana,,1995,4730599121.92704
Botswana,,1994,4259259604.15623
Botswana,,1993,4160129174.70569
Botswana,,1992,4146464586.61674
Botswana,,1991,3942876703.45184
Botswana,,1990,3790636324.44775
Botswana,,1989,3083822112.02023
Botswana,,1988,2644554158.72794
Botswana,,1987,1965226890.04557
Botswana,,1986,1392602163.53829
Botswana,,1985,1114783342.71539
Botswana,,1984,1240822167.43571
Botswana,,1983,1172230396.58099
Botswana,,1982,1014945695.71927
Botswana,,1981,1073812830.30052
Botswana,,1980,1060889703.75374
Botswana,,1979,819870258.783053
Botswana,,1978,590407374.447116
Botswana,,1977,451624780.274597
Botswana,,1976,372025093.006273
Botswana,,1975,355168571.536751
Botswana,,1974,306044207.530203
Botswana,,1973,244124164.042218
Botswana,,1972,164460914.977201
Botswana,,1971,127448613.505061
Botswana,,1970,96243233.6609837
Botswana,,1969,77361546.5067537
Botswana,,1968,66248441.4182466
Botswana,,1967,58642354.089673
Botswana,,1966,51465655.3921083
Botswana,,1965,45788696.3343915
Botswana,,1964,41616347.7906865
Botswana,,1963,38091842.8546863
Botswana,,1962,35644956.6430429
Botswana,,1961,32902612.8664855
Botswana,,1960,30411413.6552828
Brazil,,2025,2279920092492.13
Brazil,,2024,2185821610689.31
Brazil,,2023,2191131765684.63
Brazil,,2022,1951923942083.32
Brazil,,2021,1670647398904.9
Brazil,,2020,1476107231310.49
Brazil,,2019,1873288205059.69
Brazil,,2018,1916933898010.99
Brazil,,2017,2063514977365.65
Brazil,,2016,1795693482853.01
Brazil,,2015,1802212206814.5
Brazil,,2014,2456043727198.85
Brazil,,2013,2472819535557.21
Brazil,,2012,2465227802806.76
Brazil,,2011,2616156223917.69
Brazil,,2010,2208837745100.55
Brazil,,2009,1666996438581.43
Brazil,,2008,1695855083497.52
Brazil,,2007,1397114486368.67
Brazil,,2006,1107626541434.92
Brazil,,2005,891633839894.183
Brazil,,2004,669289424806.307
Brazil,,2003,558233745651.874
Brazil,,2002,509795273806.715
Brazil,,2001,559983634798.981
Brazil,,2000,655448231983.527
Brazil,,1999,599642024319.531
Brazil,,1998,863710759256.435
Brazil,,1997,883206179730.462
Brazil,,1996,850426432991.742
Brazil,,1995,769333050986.905
Brazil,,1994,525369467295.737
Brazil,,1993,368292034380.96
Brazil,,1992,328191909882.232
Brazil,,1991,342534090909.091
Brazil,,1990,384959818181.817
Brazil,,1989,412990820287.42
Brazil,,1988,307881930752.268
Brazil,,1987,283056836893.838
Brazil,,1986,256480852471.129
Brazil,,1985,210879844638.877
Brazil,,1984,188339974086.58
Brazil,,1983,189656506321.431
Brazil,,1982,271314113768.417
Brazil,,1981,258015174748.648
Brazil,,1980,237393489892.637
Brazil,,1979,221338204480.222
Brazil,,1978,200278646123.581
Brazil,,1977,176344101401.941
Brazil,,1976,153168949208.207
Brazil,,1975,129203555238.827
Brazil,,1974,109794519727.538
Brazil,,1973,83592275862.9982
Brazil,,1972,58434858374.8696
Brazil,,1971,48869830901.7878
Brazil,,1970,42327664793.6934
Brazil,,1969,37171640818.5863
Brazil,,1968,33930457425.2613
Brazil,,1967,31086389194.961
Brazil,,1966,28283323733.1114
Brazil,,1965,22465522884.0988
Brazil,,1964,20963733694.9749
Brazil,,1963,23287712878.2002
Brazil,,1962,19231747851.5332
Brazil,,1961,17275940449.3837
Brazil,,1960,17030465539.3906
Brunei,,2025,15031980994.1121
Brunei,,2024,15340808592.48
Brunei,,2023,15095084656.1634
Brunei,,2022,16681536466.7183
Brunei,,2021,14006496617.4458
Brunei,,2020,12005799653.9835
Brunei,,2019,13469235364.7032
Brunei,,2018,13566908391.0895
Brunei,,2017,12128168045.1245
Brunei,,2016,11400266044.6651
Brunei,,2015,12930296870.1247
Brunei,,2014,17097797386.0336
Brunei,,2013,18094148098.6536
Brunei,,2012,19048443340.7732
Brunei,,2011,18524791062.657
Brunei,,2010,13707121038.4383
Brunei,,2009,11912904509.8582
Brunei,,2008,15926456515.0049
Brunei,,2007,13432029484.4012
Brunei,,2006,12644616418.691
Brunei,,2005,10547202620.5286
Brunei,,2004,8619178773.51458
Brunei,,2003,7167725261.92713
Brunei,,2002,6333082875.56937
Brunei,,2001,6096155767.38145
Brunei,,2000,6570999087.56742
Brunei,,1999,6309070377.5966
Brunei,,1998,5550846019.54348
Brunei,,1997,7793034376.20807
Brunei,,1996,7663377306.04996
Brunei,,1995,7700144069.1419
Brunei,,1994,6467782517.72242
Brunei,,1993,6203339912.15448
Brunei,,1992,6327966435.17026
Brunei,,1991,6284497293.85546
Brunei,,1990,6039881086.68157
Brunei,,1989,4983622880.99938
Brunei,,1988,4535130304.71096
Brunei,,1987,4918010080.03047
Brunei,,1986,4190280002.67381
Brunei,,1985,6967623884.42343
Brunei,,1984,7632788075.1621
Brunei,,1983,7927590750.39502
Brunei,,1982,8932198185.72876
Brunei,,1981,9367218664.31094
Brunei,,1980,10795432293.6119
Brunei,,1979,6044367628.28515
Brunei,,1978,4100423673.58759
Brunei,,1977,3681242528.32494
Brunei,,1976,3054765590.29214
Brunei,,1975,2496420257.54042
Brunei,,1974,2319576214.21329
Brunei,,1973,433095526.686136
Brunei,,1972,270822782.026674
Brunei,,1971,197525767.791735
Brunei,,1970,179078929.315763
Brunei,,1969,161210236.44168
Brunei,,1968,160818235.866746
Brunei,,1967,139029537.243321
Brunei,,1966,132757528.044374
Brunei,,1965,114039500.591268
Bulgaria,,2025,130777235529.606
Bulgaria,,2024,113349149166.793
Bulgaria,,2023,102204457334.822
Bulgaria,,2022,90510784777.6397
Bulgaria,,2021,84378926047.3002
Bulgaria,,2020,70490478088.1395
Bulgaria,,2019,68511235459.4907
Bulgaria,,2018,66100606676.6544
Bulgaria,,2017,59170671046.4798
Bulgaria,,2016,53932152153.5457
Bulgaria,,2015,50768512172.9373
Bulgaria,,2014,57083817239.8145
Bulgaria,,2013,55822115861.1854
Bulgaria,,2012,54299825600.0647
Bulgaria,,2011,57684243980.4624
Bulgaria,,2010,50691645231.0083
Bulgaria,,2009,52026461289.6618
Bulgaria,,2008,54483464293.1671
Bulgaria,,2007,44433521724.8301
Bulgaria,,2006,34382295487.2238
Bulgaria,,2005,29870182424.913
Bulgaria,,2004,26159078743.1056
Bulgaria,,2003,21146038619.2612
Bulgaria,,2002,16403880782.9964
Bulgaria,,2001,14184170318.951
Bulgaria,,2000,13246669553.9701
Bulgaria,,1999,13637793853.9432
Bulgaria,,1998,15031821788.158
Bulgaria,,1997,11316706412.4362
Bulgaria,,1996,12295588923.8007
Bulgaria,,1995,18992388645.3609
Bulgaria,,1994,9709230161.35834
Bulgaria,,1993,10832041595.4026
Bulgaria,,1992,8602874120.17193
Bulgaria,,1991,7628764750.15655
Bulgaria,,1990,20726605648.7971
Bulgaria,,1989,21746286446.7922
Bulgaria,,1988,23003003707.7017
Bulgaria,,1987,28428718531.0281
Bulgaria,,1986,20261546635.2306
Bulgaria,,1985,17562270446.9511
Bulgaria,,1984,17410894970.7546
Bulgaria,,1983,16959180921.5167
Bulgaria,,1982,19803624625.386
Bulgaria,,1981,20055685480.8231
Bulgaria,,1980,20039544133.0458
Burkina Faso,,2025,27627297461.3181
Burkina Faso,,2024,23136514855.7646
Burkina Faso,,2023,20106062971.6533
Burkina Faso,,2022,18622421394.6133
Burkina Faso,,2021,19697516284.3787
Burkina Faso,,2020,17725010532.5268
Burkina Faso,,2019,16032813503.3707
Burkina Faso,,2018,15890066221.2882
Burkina Faso,,2017,14106955615.3442
Burkina Faso,,2016,12833363045.3367
Burkina Faso,,2015,11832159315.6298
Burkina Faso,,2014,13943016076.7436
Burkina Faso,,2013,13444300485.8412
Burkina Faso,,2012,12561015156.5683
Burkina Faso,,2011,12080295977.5632
Burkina Faso,,2010,10109619740.6994
Burkina Faso,,2009,9450696873.34326
Burkina Faso,,2008,9451435490.11467
Burkina Faso,,2007,7625722836.76847
Burkina Faso,,2006,6547419820.38113
Burkina Faso,,2005,6146353173.34929
Burkina Faso,,2004,5451688537.60959
Burkina Faso,,2003,4740768142.67494
Burkina Faso,,2002,3622350062.96053
Burkina Faso,,2001,3190371080.94768
Burkina Faso,,2000,2968370087.59759
Burkina Faso,,1999,3389566712.66037
Burkina Faso,,1998,2804902367.14687
Burkina Faso,,1997,2447669101.95178
Burkina Faso,,1996,2586550595.41013
Burkina Faso,,1995,2379517975.28056
Burkina Faso,,1994,1895290637.09504
Burkina Faso,,1993,3199536465.23328
Burkina Faso,,1992,3356692505.18266
Burkina Faso,,1991,3135045584.08387
Burkina Faso,,1990,3101300778.56414
Burkina Faso,,1989,2615587733.97303
Burkina Faso,,1988,2616040478.99309
Burkina Faso,,1987,2369834949.73234
Burkina Faso,,1986,2036303357.68113
Burkina Faso,,1985,1552493196.28424
Burkina Faso,,1984,1459880132.14107
Burkina Faso,,1983,1600278605.25465
Burkina Faso,,1982,1754450096.23721
Burkina Faso,,1981,1775842333.57042
Burkina Faso,,1980,1928719888.20688
Burkina Faso,,1979,1748480620.52397
Burkina Faso,,1978,1475583644.93614
Burkina Faso,,1977,1131224878.18865
Burkina Faso,,1976,976547188.054778
Burkina Faso,,1975,939972703.463021
Burkina Faso,,1974,751133430.449301
Burkina Faso,,1973,674773569.877548
Burkina Faso,,1972,578595521.990135
Burkina Faso,,1971,482411179.121178
Burkina Faso,,1970,458404268.761971
Burkina Faso,,1969,478298645.39382
Burkina Faso,,1968,460442689.376378
Burkina Faso,,1967,450753923.548048
Burkina Faso,,1966,433889766.239436
Burkina Faso,,1965,422916789.7483
Burkina Faso,,1964,410321644.964911
Burkina Faso,,1963,394040667.106335
Burkina Faso,,1962,379567099.249422
Burkina Faso,,1961,350247234.260712
Burkina Faso,,1960,330442815.821186
Burundi,,2025,3364713864.08488
Burundi,,2024,3037579858.38142
Burundi,,2023,3419558408.35408
Burundi,,2022,4020736756.64256
Burundi,,2021,3425127990.70519
Burundi,,2020,3188355943.63513
Burundi,,2019,2871555326.31029
Burundi,,2018,2913411408.44783
Burundi,,2017,2831362208.34039
Burundi,,2016,2618093125.14687
Burundi,,2015,2810532912.49975
Burundi,,2014,2705826648.21019
Burundi,,2013,2451624637.67157
Burundi,,2012,2327402362.81574
Burundi,,2011,2235812879.56709
Burundi,,2010,2032135192.01248
Burundi,,2009,1775495032.424
Burundi,,2008,1611835857.04588
Burundi,,2007,1356199387.42308
Burundi,,2006,1273375078.44844
Burundi,,2005,1117113079.73645
Burundi,,2004,915257323.3961
Burundi,,2003,784654423.620476
Burundi,,2002,825394519.423728
Burundi,,2001,876794723.068586
Burundi,,2000,870486065.883137
Burundi,,1999,808077223.365746
Burundi,,1998,893770740.207416
Burundi,,1997,972896267.915425
Burundi,,1996,869033856.317093
Burundi,,1995,1000428393.88528
Burundi,,1994,925030590.153683
Burundi,,1993,938632612.026359
Burundi,,1992,1083037670.60484
Burundi,,1991,1167398478.3459
Burundi,,1990,1132101252.51817
Burundi,,1989,1113924130.41149
Burundi,,1988,1082403219.48787
Burundi,,1987,1131466494.01101
Burundi,,1986,1201725497.06578
Burundi,,1985,1149979285.77347
Burundi,,1984,987143931.166987
Burundi,,1983,1082926304.46477
Burundi,,1982,1013222222.22222
Burundi,,1981,969046666.666667
Burundi,,1980,919726666.666667
Burundi,,1979,782496666.666667
Burundi,,1978,610225555.555556
Burundi,,1977,547535555.555556
Burundi,,1976,448412753.623188
Burundi,,1975,420986666.666667
Burundi,,1974,345263492.063492
Burundi,,1973,304339523.902476
Burundi,,1972,246804571.428571
Burundi,,1971,252842285.714286
Burundi,,1970,242732571.428571
Burundi,,1969,190205714.285714
Burundi,,1968,183200000.0
Burundi,,1967,178297142.857143
Burundi,,1966,165444571.428571
Burundi,,1965,158994962.962963
Burundi,,1964,260750008.0
Burundi,,1963,232749998.0
Burundi,,1962,213500006.0
Burundi,,1961,202999992.0
Burundi,,1960,195999990.0
Cape Verde,,2025,3056630435.32463
Cape Verde,,2024,2713721857.39153
Cape Verde,,2023,2504525537.51069
Cape Verde,,2022,2247003344.34242
Cape Verde,,2021,2051842618.70539
Cape Verde,,2020,1821565613.68613
Cape Verde,,2019,2252177124.32402
Cape Verde,,2018,2205099506.99994
Cape Verde,,2017,1996741539.95088
Cape Verde,,2016,1849789985.99572
Cape Verde,,2015,1749857620.35329
Cape Verde,,2014,2041930125.42979
Cape Verde,,2013,2028910915.16446
Cape Verde,,2012,1913081210.41411
Cape Verde,,2011,2046817987.20109
Cape Verde,,2010,1824751467.92957
Cape Verde,,2009,1852334575.17521
Cape Verde,,2008,1959620648.31578
Cape Verde,,2007,1649621738.63689
Cape Verde,,2006,1107571457.90614
Cape Verde,,2005,972241676.907662
Cape Verde,,2004,924940011.836897
Cape Verde,,2003,813260468.873834
Cape Verde,,2002,620507387.466174
Cape Verde,,2001,563090490.377368
Cape Verde,,2000,539227277.626411
Cape Verde,,1999,592416703.058878
Cape Verde,,1998,521910560.524868
Cape Verde,,1997,490608657.924976
Cape Verde,,1996,501979269.843942
Cape Verde,,1995,487148993.533109
Cape Verde,,1994,406580652.330537
Cape Verde,,1993,490417389.682569
Cape Verde,,1992,357160985.327413
Cape Verde,,1991,319827058.592875
Cape Verde,,1990,306890962.649533
Cape Verde,,1989,267448571.414611
Cape Verde,,1988,264308140.285149
Cape Verde,,1987,235253064.70982
Cape Verde,,1986,190651167.559385
Cape Verde,,1985,137728204.813735
Cape Verde,,1984,132019038.591628
Cape Verde,,1983,138476175.620363
Cape Verde,,1982,140630678.983478
Cape Verde,,1981,139468209.116206
Cape Verde,,1980,142246815.345007
Cambodia,,2025,51267065842.9641
Cambodia,,2024,46352647037.2406
Cambodia,,2023,42335646895.7984
Cambodia,,2022,39994532959.6074
Cambodia,,2021,36790163687.4421
Cambodia,,2020,34818073901.4851
Cambodia,,2019,36685356407.7206
Cambodia,,2018,33145892168.8958
Cambodia,,2017,29355665909.7905
Cambodia,,2016,26556545153.3573
Cambodia,,2015,24174170369.0738
Cambodia,,2014,22041463967.9009
Cambodia,,2013,19807135252.8649
Cambodia,,2012,17826536699.8016
Cambodia,,2011,16032622023.8265
Cambodia,,2010,13808673288.0696
Cambodia,,2009,12502901169.7377
Cambodia,,2008,12174303999.0812
Cambodia,,2007,10127916459.8983
Cambodia,,2006,8350531016.65753
Cambodia,,2005,7066296463.3598
Cambodia,,2004,5883297159.87352
Cambodia,,2003,5046693484.31767
Cambodia,,2002,4501227626.62752
Cambodia,,2001,4145665969.92864
Cambodia,,2000,3694168979.32019
Cambodia,,1999,3517242477.2548
Cambodia,,1998,3120425502.66241
Cambodia,,1997,3443413388.65696
Cambodia,,1996,3506695719.57259
Cambodia,,1995,3441205692.9166
Cambodia,,1994,2791435272.26653
Cambodia,,1993,2533727592.04165
Cambodia,,1992,2491486594.18917
Cambodia,,1991,2054974089.3643
Cambodia,,1990,1402541176.5121
Cambodia,,1989,1353137647.68304
Cambodia,,1988,1662877859.22297
Cambodia,,1987,1036974910.45
Cambodia,,1986,1167630317.8411
Cambodia,,1985,1102669184.43812
Cambodia,,1984,1021176058.63327
Cambodia,,1983,939291262.100055
Cambodia,,1982,865516039.800558
Cambodia,,1981,815153652.415596
Cambodia,,1980,744384129.707563
Cambodia,,1979,723738502.67823
Cambodia,,1978,766642356.138135
Cambodia,,1977,716261764.498093
Cambodia,,1976,790357254.540309
Cambodia,,1975,749129748.150633
Cameroon,,2025,58933453923.761
Cameroon,,2024,53296694320.2057
Cameroon,,2023,48814501547.4313
Cameroon,,2022,44347206072.5513
Cameroon,,2021,45011937346.8384
Cameroon,,2020,40773241177.0505
Cameroon,,2019,39667757527.6578
Cameroon,,2018,39955552189.795
Cameroon,,2017,36098547033.1655
Cameroon,,2016,33814337044.3765
Cameroon,,2015,32210233020.4569
Cameroon,,2014,36386544706.0806
Cameroon,,2013,33728621180.3231
Cameroon,,2012,30155062329.2821
Cameroon,,2011,30630910495.217
Cameroon,,2010,27507501821.0296
Cameroon,,2009,27932970317.129
Cameroon,,2008,27715142032.913
Cameroon,,2007,23928250433.0378
Cameroon,,2006,20910512974.933
Cameroon,,2005,19509852206.9341
Cameroon,,2004,18826214135.6419
Cameroon,,2003,15970315034.9903
Cameroon,,2002,12417251350.4882
Cameroon,,2001,10953485349.1135
Cameroon,,2000,10566579294.9831
Cameroon,,1999,11565826464.8921
Cameroon,,1998,11298144990.4104
Cameroon,,1997,10789458432.6416
Cameroon,,1996,11093538846.4483
Cameroon,,1995,10864772470.9043
Cameroon,,1994,8902446252.18372
Cameroon,,1993,16181814712.5295
Cameroon,,1992,12071775335.0433
Cameroon,,1991,11840192296.3893
Cameroon,,1990,12314482627.8454
Cameroon,,1989,11012566195.0255
Cameroon,,1988,12236057362.4917
Cameroon,,1987,13049659981.1373
Cameroon,,1986,11857056199.0765
Cameroon,,1985,8544810497.9889
Cameroon,,1984,7311938026.36713
Cameroon,,1983,6870200009.90065
Cameroon,,1982,6611255963.83584
Cameroon,,1981,6610938616.6643
Cameroon,,1980,6674569046.6832
Cameroon,,1979,5919002982.602
Cameroon,,1978,4662852583.13256
Cameroon,,1977,3394664024.05503
Cameroon,,1976,2898090001.8562
Cameroon,,1975,2857037371.05886
Cameroon,,1974,2157415532.54796
Cameroon,,1973,1901393361.02282
Cameroon,,1972,1498251889.66287
Cameroon,,1971,1236941394.11447
Cameroon,,1970,1151216992.88095
Cameroon,,1969,1100551488.62689
Cameroon,,1968,1046191217.79942
Cameroon,,1967,936175260.030919
Cameroon,,1966,851112534.552636
Cameroon,,1965,814083265.511426
Cameroon,,1964,776650176.904453
Cameroon,,1963,718320845.044338
Cameroon,,1962,694247864.3789
Cameroon,,1961,652777608.320492
Cameroon,,1960,614206068.497266
Canada,,2025,2319899772425.92
Canada,,2024,2270076189683.46
Canada,,2023,2196593836347.42
Canada,,2022,2200562785046.32
Canada,,2021,2022377950896.78
Canada,,2020,1655686966881.99
Canada,,2019,1743728952156.85
Canada,,2018,1725330736237.69
Canada,,2017,1649269496514.62
Canada,,2016,1527996250640.92
Canada,,2015,1556510380200.23
Canada,,2014,1805751688808.98
Canada,,2013,1846583831414.43
Canada,,2012,1828359477071.97
Canada,,2011,1793335727900.85
Canada,,2010,1617349192091.46
Canada,,2009,1374627766599.6
Canada,,2008,1552993439550.14
Canada,,2007,1468820407783.26
Canada,,2006,1319291255289.14
Canada,,2005,1173118501402.87
Canada,,2004,1026691006917.76
Canada,,2003,895542074084.648
Canada,,2002,760650608551.583
Canada,,2001,738981792355.372
Canada,,2000,744773415931.587
Canada,,1999,678414215521.303
Canada,,1998,633999325918.436
Canada,,1997,654987722085.801
Canada,,1996,630607994132.747
Canada,,1995,605961090061.207
Canada,,1994,579944346807.264
Canada,,1993,579053561739.4
Canada,,1992,594387358318.855
Canada,,1991,612527712315.615
Canada,,1990,596075591360.987
Canada,,1989,567211993243.243
Canada,,1988,509380027626.554
Canada,,1987,433134238310.709
Canada,,1986,379006836991.724
Canada,,1985,366186012449.652
Canada,,1984,356718400123.543
Canada,,1983,341866277182.733
Canada,,1982,314647807408.608
Canada,,1981,307246642755.859
Canada,,1980,274776566028.053
Canada,,1979,243891124295.715
Canada,,1978,219369542386.254
Canada,,1977,212325176304.654
Canada,,1976,207271612576.065
Canada,,1975,174419757176.563
Canada,,1974,160949188139.059
Canada,,1973,131764343565.643
Canada,,1972,113463848873.624
Canada,,1971,99606454743.5136
Canada,,1970,88192257632.3093
Canada,,1969,79405011124.8208
Canada,,1968,72048833006.1602
Canada,,1967,65856924423.9721
Canada,,1966,61252415404.686
Canada,,1965,54649410478.5226
Canada,,1964,49503663836.3665
Canada,,1963,45140337826.9869
Canada,,1962,42336211555.8268
Canada,,1961,41038192837.9035
Canada,,1960,40563768946.9503
Central African Republic,,2025,3066109226.40165
Central African Republic,,2024,2751494281.06887
Central African Republic,,2023,2555492085.94725
Central African Republic,,2022,2382618615.01694
Central African Republic,,2021,2516498412.46384
Central African Republic,,2020,2326720900.38047
Central African Republic,,2019,2221301351.43918
Central African Republic,,2018,2220979146.11241
Central African Republic,,2017,2072349972.6818
Central African Republic,,2016,1825018144.65595
Central African Republic,,2015,1695825714.19282
Central African Republic,,2014,1894813389.40325
Central African Republic,,2013,1691544110.18543
Central African Republic,,2012,2510126512.22831
Central African Republic,,2011,2437982705.12093
Central African Republic,,2010,2142591540.40068
Central African Republic,,2009,2067381665.25454
Central African Republic,,2008,1993407888.49838
Central African Republic,,2007,1699811294.94935
Central African Republic,,2006,1461859762.33459
Central African Republic,,2005,1337894378.73743
Central African Republic,,2004,1272360517.32373
Central African Republic,,2003,1142315522.53864
Central African Republic,,2002,996068144.884889
Central African Republic,,2001,932648604.751954
Central African Republic,,2000,916777282.691659
Central African Republic,,1999,999477510.686632
Central African Republic,,1998,967338389.650578
Central African Republic,,1997,937741513.015352
Central African Republic,,1996,1007791127.09913
Central African Republic,,1995,1115389673.69197
Central African Republic,,1994,851174356.781737
Central African Republic,,1993,1278781261.55928
Central African Republic,,1992,1411917553.12436
Central African Republic,,1991,1377374986.58709
Central African Republic,,1990,1440711459.16967
Central African Republic,,1989,1233930280.91724
Central African Republic,,1988,1264899287.51261
Central African Republic,,1987,1200991977.80801
Central African Republic,,1986,1122265013.42004
Central African Republic,,1985,864849836.286193
Central African Republic,,1984,637820670.299604
Central African Republic,,1983,658679332.681331
Central African Republic,,1982,748312390.756606
Central African Republic,,1981,694803622.898966
Central African Republic,,1980,797048198.534875
Central African Republic,,1979,700764747.756462
Central African Republic,,1978,610578631.992983
Central African Republic,,1977,507298147.526539
Central African Republic,,1976,451152461.31276
Central African Republic,,1975,378660016.265936
Central African Republic,,1974,281398705.570596
Central African Republic,,1973,271183082.043062
Central African Republic,,1972,230317883.36443
Central African Republic,,1971,201450799.82635
Central African Republic,,1970,189106529.207011
Central African Republic,,1969,188039210.130379
Central African Republic,,1968,191767441.604577
Central African Republic,,1967,163820513.562432
Central African Republic,,1966,157930018.091087
Central African Republic,,1965,150574795.409863
Central African Republic,,1964,142025078.735754
Central African Republic,,1963,129379123.76305
Central African Republic,,1962,124482773.83306
Central African Republic,,1961,123134583.463559
Central African Republic,,1960,112155598.492157
Chad,,2025,21472835225.4338
Chad,,2024,19906706689.7582
Chad,,2023,18352937976.2179
Chad,,2022,17828508289.6049
Chad,,2021,16871937697.5854
Chad,,2020,14932897821.2387
Chad,,2019,14905517742.8454
Chad,,2018,15327000248.8701
Chad,,2017,13349041408.7152
Chad,,2016,13026289835.7789
Chad,,2015,14559599499.5011
Chad,,2014,18144336903.7175
Chad,,2013,17865316886.3315
Chad,,2012,17892228569.8861
Chad,,2011,16685349673.9957
Chad,,2010,14058506663.7252
Chad,,2009,12317614053.6841
Chad,,2008,13385593990.3378
Chad,,2007,10865385131.5172
Chad,,2006,9709626596.13031
Chad,,2005,8655892392.92919
Chad,,2004,4422855660.82592
Chad,,2003,2742815071.5744
Chad,,2002,1997005708.81576
Chad,,2001,1710843377.00119
Chad,,2000,1388506771.58756
Chad,,1999,1534673583.2487
Chad,,1998,1744794531.21401
Chad,,1997,1544689576.92712
Chad,,1996,1607345355.78298
Chad,,1995,1445919894.57661
Chad,,1994,1179837963.22213
Chad,,1993,1463251163.9188
Chad,,1992,1881847669.69794
Chad,,1991,1877137981.75712
Chad,,1990,1738605557.76313
Chad,,1989,1433686312.02914
Chad,,1988,1482597297.98821
Chad,,1987,1163426852.20442
Chad,,1986,1067828245.86207
Chad,,1985,1033069709.3319
Chad,,1984,919103734.876996
Chad,,1983,832415806.010064
Chad,,1982,834369859.663018
Chad,,1981,876937558.273757
Chad,,1980,1033002403.85304
Chad,,1979,1004316496.35051
Chad,,1978,1113920123.76723
Chad,,1977,935360464.701341
Chad,,1976,866044962.016274
Chad,,1975,864602104.679653
Chad,,1974,652532795.084805
Chad,,1973,647199482.982537
Chad,,1972,585427546.798272
Chad,,1971,501866730.148987
Chad,,1970,469266736.650677
Chad,,1969,471635621.561599
Chad,,1968,453980096.208711
Chad,,1967,449826322.613453
Chad,,1966,432794921.680489
Chad,,1965,416926303.316872
Chad,,1964,392247517.728482
Chad,,1963,371767002.194886
Chad,,1962,357635713.41932
Chad,,1961,333975336.110722
Chad,,1960,313582728.147574
Chile,,2025,357371159574.862
Chile,,2024,329260633698.726
Chile,,2023,335802745366.38
Chile,,2022,301099244104.003
Chile,,2021,315507493783.262
Chile,,2020,254103710483.324
Chile,,2019,278308438545.118
Chile,,2018,295857562991.709
Chile,,2017,276154259981.097
Chile,,2016,249344863928.438
Chile,,2015,242450355830.884
Chile,,2014,259560978224.359
Chile,,2013,277395018842.417
Chile,,2012,267024782486.855
Chile,,2011,251382573893.87
Chile,,2010,217051209238.534
Chile,,2009,171777900623.892
Chile,,2008,179894594475.405
Chile,,2007,172491076033.863
Chile,,2006,153843518170.864
Chile,,2005,122294145163.192
Chile,,2004,99075985773.6682
Chile,,2003,76492579644.0605
Chile,,2002,70264045939.2773
Chile,,2001,71574739561.4329
Chile,,2000,78339750721.364
Chile,,1999,75578685735.5219
Chile,,1998,81990010704.0602
Chile,,1997,85741415285.165
Chile,,1996,78584098983.6374
Chile,,1995,73820425701.6603
Chile,,1994,57438273591.0521
Chile,,1993,49934943320.8828
Chile,,1992,46538895685.8088
Chile,,1991,38232330917.2011
Chile,,1990,33428580448.2715
Chile,,1989,30101767991.1135
Chile,,1988,26174858613.8456
Chile,,1987,22605488850.8981
Chile,,1986,19197818084.6757
Chile,,1985,17933557359.8036
Chile,,1984,19974595028.1582
Chile,,1983,20629678694.0684
Chile,,1982,19710229067.2864
Chile,,1981,35180322211.2903
Chile,,1980,29586676576.0951
Chile,,1979,22249574627.6911
Chile,,1978,16373093553.7155
Chile,,1977,14272711436.7475
Chile,,1976,10523479088.8075
Chile,,1975,7812161793.11971
Chile,,1974,16584311220.1384
Chile,,1973,17237336172.7878
Chile,,1972,12057501634.979
Chile,,1971,10999807567.1235
Chile,,1970,9261006540.15907
Chile,,1969,8456519044.38223
Chile,,1968,7286820526.02462
Chile,,1967,7145068067.64138
Chile,,1966,7256882086.19585
Chile,,1965,6183988944.34606
Chile,,1964,6065708668.32735
Chile,,1963,5702520146.03167
Chile,,1962,5765971144.47142
Chile,,1961,4948564550.91046
Chile,,1960,4211103676.74027
China,,2025,19498039388042.6
China,,2024,18729668435848.0
China,,2023,18270356654533.2
China,,2022,18316765021690.2
China,,2021,18201698719564.0
China,,2020,14996414166715.1
China,,2019,14560167101283.4
China,,2018,14147765772963.8
China,,2017,12537559062282.9
China,,2016,11456024084962.0
China,,2015,11280814787468.9
China,,2014,10674533168257.4
China,,2013,9743124247267.24
China,,2012,8673664713189.24
China,,2011,7671757207851.29
China,,2010,6192564874453.29
China,,2009,5189577094997.58
China,,2008,4667346414521.95
China,,2007,3604055822571.63
China,,2006,2791498472804.33
China,,2005,2317551298052.05
China,,2004,1984196551300.44
China,,2003,1683903309843.85
China,,2002,1489821682050.54
China,,2001,1355036590251.52
China,,2000,1223754919971.05
China,,1999,1103843203575.64
China,,1998,1037134141760.35
China,,1997,967753570434.667
China,,1996,868523936530.083
China,,1995,738190896227.55
China,,1994,566929539493.172
China,,1993,446557291212.148
China,,1992,428502354788.069
China,,1991,384510452961.672
China,,1990,361560229445.507
China,,1989,348380566801.619
China,,1988,312888888888.889
China,,1987,273455156950.673
China,,1986,301310144927.536
China,,1985,310064625850.34
China,,1984,260442857142.857
China,,1983,231130268199.234
China,,1982,205480916030.534
China,,1981,196218253968.254
China,,1980,191487500000.0
China,,1979,178573913043.478
China,,1978,149788617886.179
China,,1977,175226595859.778
China,,1976,154196810058.643
China,,1975,163687619735.857
China,,1974,144418433058.472
China,,1973,138764340892.0
China,,1972,113871930713.841
China,,1971,99959013879.6308
China,,1970,92752930873.1912
China,,1969,79847786729.1898
China,,1968,70980323818.7853
China,,1967,73011350596.2485
China,,1966,76854053259.209
China,,1965,70565994356.1828
China,,1964,59821862703.4023
China,,1963,50812227918.5753
China,,1962,47310737754.2287
China,,1961,50162299349.7871
China,,1960,59846235024.7318
Colombia,,2025,457410034202.523
Colombia,,2024,420504033143.211
Colombia,,2023,366901643683.302
Colombia,,2022,345632492851.448
Colombia,,2021,318524633225.395
Colombia,,2020,270348342541.465
Colombia,,2019,323031701192.84
Colombia,,2018,334198218098.276
Colombia,,2017,311866875156.879
Colombia,,2016,282720100286.228
Colombia,,2015,293492370193.166
Colombia,,2014,381240864422.407
Colombia,,2013,382093697077.685
Colombia,,2012,370691143018.039
Colombia,,2011,334966134804.887
Colombia,,2010,286498534094.963
Colombia,,2009,232468663109.595
Colombia,,2008,242504150472.931
Colombia,,2007,206229540926.312
Colombia,,2006,161792958904.864
Colombia,,2005,145600529605.803
Colombia,,2004,117092416666.245
Colombia,,2003,94644969157.0987
Colombia,,2002,97945812802.8882
Colombia,,2001,98200641203.3892
Colombia,,2000,99875074951.0278
Colombia,,1999,86186158684.7685
Colombia,,1998,98443739941.1664
Colombia,,1997,106659508271.255
Colombia,,1996,97160109277.8087
Colombia,,1995,92507279383.0387
Colombia,,1994,81703500846.0364
Colombia,,1993,66446804802.5747
Colombia,,1992,58418985443.3172
Colombia,,1991,49175565911.0655
Colombia,,1990,47844090709.9908
Colombia,,1989,39540080200.3938
Colombia,,1988,39212550050.4223
Colombia,,1987,36373307085.0887
Colombia,,1986,34942489683.9712
Colombia,,1985,34894411351.983
Colombia,,1984,38253120737.9671
Colombia,,1983,38729822781.5997
Colombia,,1982,38968039721.748
Colombia,,1981,36388366869.0309
Colombia,,1980,33400735644.0481
Colombia,,1979,27940411250.2732
Colombia,,1978,23263511958.0509
Colombia,,1977,19470960619.1297
Colombia,,1976,15341403660.4698
Colombia,,1975,13098633901.8673
Colombia,,1974,12370029583.6419
Colombia,,1973,10315760000.3394
Colombia,,1972,8671358732.68486
Colombia,,1971,7820380970.53674
Colombia,,1970,7198360460.19887
Colombia,,1969,6450175213.74923
Colombia,,1968,5960212869.12968
Colombia,,1967,5825170438.48704
Colombia,,1966,5428518518.51852
Colombia,,1965,5760761904.7619
Colombia,,1964,5973366666.66667
Colombia,,1963,4836166666.66667
Colombia,,1962,4955543963.36869
Colombia,,1961,4540447761.19403
Colombia,,1960,4031152976.63904
Comoros,,2025,1814920856.27026
Comoros,,2024,1610082688.26617
Comoros,,2023,1465977684.31307
Comoros,,2022,1279542248.96288
Comoros,,2021,1299039312.22277
Comoros,,2020,1225039196.61091
Comoros,,2019,1195019531.9011
Comoros,,2018,1188797449.38584
Comoros,,2017,1077439756.59451
Comoros,,2016,1012835493.19325
Comoros,,2015,966029600.862227
Comoros,,2014,1149587562.06748
Comoros,,2013,1116223107.03168
Comoros,,2012,1015842906.66403
Comoros,,2011,1023087475.68355
Comoros,,2010,907979446.419588
Comoros,,2009,905341172.70583
Comoros,,2008,915659107.965823
Comoros,,2007,795673152.867077
Comoros,,2006,688498641.512529
Comoros,,2005,655375095.906176
Comoros,,2004,622679660.37137
Comoros,,2003,546830040.540273
Comoros,,2002,427360070.324544
Comoros,,2001,372746486.166796
Comoros,,2000,339504306.290689
Comoros,,1999,371921712.454518
Comoros,,1998,363932160.233771
Comoros,,1997,362816806.134452
Comoros,,1996,392488148.725187
Comoros,,1995,392774713.634182
Comoros,,1994,314789556.044396
Comoros,,1993,427750822.87347
Comoros,,1992,436552922.121696
Comoros,,1991,400592662.610246
Comoros,,1990,401561021.549642
Comoros,,1989,328665080.847046
Comoros,,1988,336422522.407114
Comoros,,1987,313292322.956214
Comoros,,1986,258143902.889842
Comoros,,1985,191944891.602832
Comoros,,1984,189102734.154019
Comoros,,1983,196193379.743828
Comoros,,1982,202152461.76282
Comoros,,1981,212958381.535437
Comoros,,1980,243390495.918962
Democratic Republic of the Congo,,2025,91030531316.9936
Democratic Republic of the Congo,,2024,75716176105.0704
Democratic Republic of the Congo,,2023,69843655425.2929
Democratic Republic of the Congo,,2022,70422346142.2023
Democratic Republic of the Congo,,2021,59067289573.5102
Democratic Republic of the Congo,,2020,46691989748.9186
Democratic Republic of the Congo,,2019,46845900350.0332
Democratic Republic of the Congo,,2018,46659954092.4862
Democratic Republic of the Congo,,2017,37537521565.5308
Democratic Republic of the Congo,,2016,38600224214.4728
Democratic Republic of the Congo,,2015,40179574490.3032
Democratic Republic of the Congo,,2014,38352980552.8665
Democratic Republic of the Congo,,2013,34891189160.3002
Democratic Republic of the Congo,,2012,30029369928.7318
Democratic Republic of the Congo,,2011,26392379641.765
Democratic Republic of the Congo,,2010,24161641931.0331
Democratic Republic of the Congo,,2009,18607259480.5447
Democratic Republic of the Congo,,2008,22723488723.3641
Democratic Republic of the Congo,,2007,18374807772.5429
Democratic Republic of the Congo,,2006,15484044534.5783
Democratic Republic of the Congo,,2005,12609728573.1032
Democratic Republic of the Congo,,2004,10297483481.223
Democratic Republic of the Congo,,2003,8937567059.87754
Democratic Republic of the Congo,,2002,8728038525.14034
Democratic Republic of the Congo,,2001,7438189100.33333
Democratic Republic of the Congo,,2000,19088046305.7971
Democratic Republic of the Congo,,1999,4711259427.27273
Democratic Republic of the Congo,,1998,6217805820.77104
Democratic Republic of the Congo,,1997,6090838693.27145
Democratic Republic of the Congo,,1996,5771456952.1908
Democratic Republic of the Congo,,1995,5643439376.10491
Democratic Republic of the Congo,,1994,5820382248.28202
Democratic Republic of the Congo,,1993,10706259936.7425
Democratic Republic of the Congo,,1992,8227343907.26679
Democratic Republic of the Congo,,1991,9625436872.51075
Democratic Republic of the Congo,,1990,9349764580.41173
Democratic Republic of the Congo,,1989,9021862775.18112
Democratic Republic of the Congo,,1988,8861299976.74158
Democratic Republic of the Congo,,1987,7661625472.57705
Democratic Republic of the Congo,,1986,8095367168.21769
Democratic Republic of the Congo,,1985,7195042616.0071
Democratic Republic of the Congo,,1984,7857729193.20343
Democratic Republic of the Congo,,1983,11006712650.4481
Democratic Republic of the Congo,,1982,13651667371.1676
Democratic Republic of the Congo,,1981,12537821038.2202
Democratic Republic of the Congo,,1980,14394927494.8647
Democratic Republic of the Congo,,1979,15068422236.3663
Democratic Republic of the Congo,,1978,15372608002.3923
Democratic Republic of the Congo,,1977,12344424763.5727
Democratic Republic of the Congo,,1976,9648583224.99212
Democratic Republic of the Congo,,1975,10237343173.6527
Democratic Republic of the Congo,,1974,9596960179.64072
Democratic Republic of the Congo,,1973,7870239461.07784
Democratic Republic of the Congo,,1972,6173712814.37126
Democratic Republic of the Congo,,1971,5594770359.28144
Democratic Republic of the Congo,,1970,4877684910.17964
Democratic Republic of the Congo,,1969,5032434970.05988
Democratic Republic of the Congo,,1968,3909780538.92216
Democratic Republic of the Congo,,1967,3384063371.75792
Democratic Republic of the Congo,,1966,4532660181.81818
Democratic Republic of the Congo,,1965,4043901818.18182
Democratic Republic of the Congo,,1964,2881545272.72727
Democratic Republic of the Congo,,1963,6213185742.57426
Democratic Republic of the Congo,,1962,3779841428.57143
Democratic Republic of the Congo,,1961,3086746857.14286
Democratic Republic of the Congo,,1960,3359404117.64706
Republic of the Congo,,2025,16306633778.765
Republic of the Congo,,2024,15719986076.6464
Republic of the Congo,,2023,15321055822.5167
Republic of the Congo,,2022,15817030154.6941
Republic of the Congo,,2021,14825690210.9157
Republic of the Congo,,2020,11468687464.0046
Republic of the Congo,,2019,13976637779.9763
Republic of the Congo,,2018,14773900288.5135
Republic of the Congo,,2017,11834473039.3645
Republic of the Congo,,2016,10931328150.8478
Republic of the Congo,,2015,12434793867.3568
Republic of the Congo,,2014,17919321078.0284
Republic of the Congo,,2013,17958720699.0868
Republic of the Congo,,2012,17692911296.3044
Republic of the Congo,,2011,15655383576.6515
Republic of the Congo,,2010,13148396211.5955
Republic of the Congo,,2009,9723299915.25312
Republic of the Congo,,2008,11649857673.4436
Republic of the Congo,,2007,8782703436.70188
Republic of the Congo,,2006,8072305029.06514
Republic of the Congo,,2005,6650001680.48544
Republic of the Congo,,2004,4656974940.12721
Republic of the Congo,,2003,3503723087.74483
Republic of the Congo,,2002,3034250923.97726
Republic of the Congo,,2001,2796704604.03812
Republic of the Congo,,2000,3227927697.57921
Republic of the Congo,,1999,2354772960.28296
Republic of the Congo,,1998,1949481379.21951
Republic of the Congo,,1997,2322719102.6909
Republic of the Congo,,1996,2540697539.05773
Republic of the Congo,,1995,2116003867.75536
Republic of the Congo,,1994,1769365437.78801
Republic of the Congo,,1993,2684323623.14372
Republic of the Congo,,1992,2933222703.0334
Republic of the Congo,,1991,2724853505.80336
Republic of the Congo,,1990,2798746050.11354
Republic of the Congo,,1989,2389593025.60339
Republic of the Congo,,1988,2212536311.99319
Republic of the Congo,,1987,2297753652.34929
Republic of the Congo,,1986,1849268212.30284
Republic of the Congo,,1985,2160872540.03175
Republic of the Congo,,1984,2193581365.34299
Republic of the Congo,,1983,2097274289.75066
Republic of the Congo,,1982,2160640564.56041
Republic of the Congo,,1981,1993512322.62391
Republic of the Congo,,1980,1705796852.89473
Republic of the Congo,,1979,1198749667.42923
Republic of the Congo,,1978,878771772.202149
Republic of the Congo,,1977,765224029.286556
Republic of the Congo,,1976,754549601.391492
Republic of the Congo,,1975,767102680.239967
Republic of the Congo,,1974,585364634.473977
Republic of the Congo,,1973,541973362.610423
Republic of the Congo,,1972,410669263.651798
Republic of the Congo,,1971,322128018.955444
Republic of the Congo,,1970,274960699.885255
Republic of the Congo,,1969,265040036.417215
Republic of the Congo,,1968,251247457.765525
Republic of the Congo,,1967,237397428.13501
Republic of the Congo,,1966,220613581.972601
Republic of the Congo,,1965,198318064.028924
Republic of the Congo,,1964,185693724.905233
Republic of the Congo,,1963,172233430.657858
Republic of the Congo,,1962,166521239.650243
Republic of the Congo,,1961,151675738.926342
Republic of the Congo,,1960,131731862.783017
Costa Rica,,2025,102904921157.478
Costa Rica,,2024,96715644330.6612
Costa Rica,,2023,87512637055.7736
Costa Rica,,2022,71001226360.8008
Costa Rica,,2021,65588938787.0243
Costa Rica,,2020,62806591554.7345
Costa Rica,,2019,64753504730.018
Costa Rica,,2018,62567765946.2665
Costa Rica,,2017,60516044660.7496
Costa Rica,,2016,58847019587.626
Costa Rica,,2015,56441920888.425
Costa Rica,,2014,52016408816.1842
Costa Rica,,2013,50949668762.8328
Costa Rica,,2012,47231655492.7812
Costa Rica,,2011,42762613784.989
Costa Rica,,2010,37658616965.6866
Costa Rica,,2009,30745714234.4959
Costa Rica,,2008,30801745703.3018
Costa Rica,,2007,26884700687.8286
Costa Rica,,2006,22715540342.2983
Costa Rica,,2005,20040642420.6914
Costa Rica,,2004,18610594843.9248
Costa Rica,,2003,17271760397.3311
Costa Rica,,2002,16578820799.2885
Costa Rica,,2001,15976174476.2368
Costa Rica,,2000,15013629579.1557
Costa Rica,,1999,14254866283.9541
Costa Rica,,1998,13684255997.5116
Costa Rica,,1997,12614602321.5821
Costa Rica,,1996,11678424726.7825
Costa Rica,,1995,11578594332.7952
Costa Rica,,1994,10489903833.9065
Costa Rica,,1993,9564816062.90368
Costa Rica,,1992,8579754953.07612
Costa Rica,,1991,7215725634.72564
Costa Rica,,1990,5711687786.75989
Costa Rica,,1989,5251025767.47627
Costa Rica,,1988,4614629898.40348
Costa Rica,,1987,4532952047.15628
Costa Rica,,1986,4418983870.96774
Costa Rica,,1985,3919203960.39604
Costa Rica,,1984,3660477856.22977
Costa Rica,,1983,3146772630.77263
Costa Rica,,1982,2606623554.56582
Costa Rica,,1981,2623803095.78501
Costa Rica,,1980,4831447001.16686
Costa Rica,,1979,4035519323.22054
Costa Rica,,1978,3523208809.80163
Costa Rica,,1977,3072427012.83547
Costa Rica,,1976,2412555425.90432
Costa Rica,,1975,1960863465.5776
Costa Rica,,1974,1666544754.09836
Costa Rica,,1973,1528925846.25467
Costa Rica,,1972,1238251695.55388
Costa Rica,,1971,1077147537.52472
Costa Rica,,1970,984830158.490566
Costa Rica,,1969,853630203.773585
Costa Rica,,1968,773841494.339623
Costa Rica,,1967,699456618.867925
Costa Rica,,1966,647305630.188679
Costa Rica,,1965,592981162.264151
Costa Rica,,1964,542578367.242598
Costa Rica,,1963,511902136.809973
Costa Rica,,1962,479180824.348506
Costa Rica,,1961,490325181.614275
Costa Rica,,1960,507513829.994855
Ivory Coast,,2025,99773555666.1988
Ivory Coast,,2024,87113179149.284
Ivory Coast,,2023,80780312569.1646
Ivory Coast,,2022,70922824813.9102
Ivory Coast,,2021,72794636653.7793
Ivory Coast,,2020,63027852805.4204
Ivory Coast,,2019,60382894697.3557
Ivory Coast,,2018,58522477786.6889
Ivory Coast,,2017,52512343996.69
Ivory Coast,,2016,48407761036.8238
Ivory Coast,,2015,45815005169.2651
Ivory Coast,,2014,48843005613.7091
Ivory Coast,,2013,42760235484.6093
Ivory Coast,,2012,36302302877.2977
Ivory Coast,,2011,36693710801.3976
Ivory Coast,,2010,34936307980.063
Ivory Coast,,2009,33886813250.2036
Ivory Coast,,2008,34078240293.2559
Ivory Coast,,2007,28760090953.3081
Ivory Coast,,2006,25281413263.3712
Ivory Coast,,2005,24036918703.1747
Ivory Coast,,2004,23510575681.3686
Ivory Coast,,2003,21251754340.4305
Ivory Coast,,2002,18054383320.8474
Ivory Coast,,2001,16810537043.8407
Ivory Coast,,2000,16577533891.8785
Ivory Coast,,1999,18870992455.568
Ivory Coast,,1998,19619654755.679
Ivory Coast,,1997,18047558037.7036
Ivory Coast,,1996,18071152830.6101
Ivory Coast,,1995,11000146266.5135
Ivory Coast,,1994,8313557510.14757
Ivory Coast,,1993,11045760288.1206
Ivory Coast,,1992,11152971273.9383
Ivory Coast,,1991,10492628580.7484
Ivory Coast,,1990,10795850582.779
Ivory Coast,,1989,9757410644.6679
Ivory Coast,,1988,10255169805.7996
Ivory Coast,,1987,10087654464.8168
Ivory Coast,,1986,9158302099.57957
Ivory Coast,,1985,6977650643.99488
Ivory Coast,,1984,6841639246.8996
Ivory Coast,,1983,6838184772.52063
Ivory Coast,,1982,7567110848.92228
Ivory Coast,,1981,8432589942.39434
Ivory Coast,,1980,10175617609.0962
Ivory Coast,,1979,9142933966.79465
Ivory Coast,,1978,7900526298.31993
Ivory Coast,,1977,6265068189.37782
Ivory Coast,,1976,4662053824.83955
Ivory Coast,,1975,3893839190.26806
Ivory Coast,,1974,3070152309.21903
Ivory Coast,,1973,2508421426.17572
Ivory Coast,,1972,1849400401.64724
Ivory Coast,,1971,1584128509.46873
Ivory Coast,,1970,1455482795.40691
Ivory Coast,,1969,1361360293.42665
Ivory Coast,,1968,1281281276.72357
Ivory Coast,,1967,1082922724.87189
Ivory Coast,,1966,1024102880.05862
Ivory Coast,,1965,919771228.816095
Ivory Coast,,1964,921063326.589918
Ivory Coast,,1963,761047198.029653
Ivory Coast,,1962,645284473.733691
Ivory Coast,,1961,618245634.179831
Ivory Coast,,1960,546203559.344361
Croatia,,2025,105060182186.274
Croatia,,2024,92981894167.9687
Croatia,,2023,85621337533.3348
Croatia,,2022,71196460236.6301
Croatia,,2021,69002262504.9821
Croatia,,2020,57959824238.1808
Croatia,,2019,61467261345.012
Croatia,,2018,61668280700.0968
Croatia,,2017,56182225079.1072
Croatia,,2016,52650804052.1394
Croatia,,2015,50999271058.5849
Croatia,,2014,59607109597.2123
Croatia,,2013,59846869998.8711
Croatia,,2012,57547495859.7306
Croatia,,2011,62889150894.151
Croatia,,2010,58975127200.9948
Croatia,,2009,62315450610.8524
Croatia,,2008,68473103476.6775
Croatia,,2007,59290547254.1358
Croatia,,2006,49583643047.994
Croatia,,2005,45012776905.5255
Croatia,,2004,41836096243.0481
Croatia,,2003,35244797328.5582
Croatia,,2002,26757633353.1909
Croatia,,2001,23067071477.8294
Croatia,,2000,22134069750.2586
Croatia,,1999,23776940769.2095
Croatia,,1998,25889813449.4579
Croatia,,1997,24175272571.5846
Croatia,,1996,24151469716.5173
Croatia,,1995,22772224146.1503
Croatia,,1994,15062911616.8222
Croatia,,1993,11259647874.4986
Croatia,,1992,10621169290.9986
Croatia,,1991,18760386774.7973
Croatia,,1990,25650213279.6781
Cuba,,2020,107352000000.0
Cuba,,2019,103427600000.0
Cuba,,2018,100050036100.0
Cuba,,2017,96850649700.0
Cuba,,2016,91370407900.0
Cuba,,2015,87132800000.0
Cuba,,2014,80656100000.0
Cuba,,2013,77148000000.0
Cuba,,2012,73141000000.0
Cuba,,2011,68990000000.0
Cuba,,2010,59562962962.963
Cuba,,2009,57481481481.4815
Cuba,,2008,56302129629.6296
Cuba,,2007,54262870370.3704
Cuba,,2006,48835925925.9259
Cuba,,2005,42643836100.0
Cuba,,2004,38203000000.0
Cuba,,2003,35901200000.0
Cuba,,2002,33590500000.0
Cuba,,2001,31682400000.0
Cuba,,2000,30565400000.0
Cuba,,1999,28364615200.0
Cuba,,1998,25736331200.0
Cuba,,1997,25365908100.0
Cuba,,1996,25017368700.0
Cuba,,1995,30429803651.2192
Cuba,,1994,28448326756.7568
Cuba,,1993,22367254864.8649
Cuba,,1992,22085858243.2432
Cuba,,1991,24316556025.6585
Cuba,,1990,28645436569.1489
Cuba,,1989,27023468665.8977
Cuba,,1988,27458999472.2955
Cuba,,1987,25213935012.0819
Cuba,,1986,24226574634.0293
Cuba,,1985,22920490774.102
Cuba,,1984,24039383608.4235
Cuba,,1983,22204940512.2235
Cuba,,1982,20953510235.2941
Cuba,,1981,20150254096.3855
Cuba,,1980,19912889861.1111
Cuba,,1979,19584443287.6712
Cuba,,1978,17844705324.6753
Cuba,,1977,14206158674.6988
Cuba,,1976,13789579902.5579
Cuba,,1975,13027415243.9024
Cuba,,1974,11405957317.0732
Cuba,,1973,9987709650.18094
Cuba,,1972,8135150891.92025
Cuba,,1971,6914658400.0
Cuba,,1970,5693005200.0
Cyprus,,2025,41225787247.3309
Cyprus,,2024,37634551820.7367
Cyprus,,2023,35075440602.5202
Cyprus,,2022,31218047043.8386
Cyprus,,2021,30372637513.1352
Cyprus,,2020,25555082266.6429
Cyprus,,2019,26196660680.1176
Cyprus,,2018,25754011492.2204
Cyprus,,2017,22946583375.5506
Cyprus,,2016,21046452117.3759
Cyprus,,2015,19909269064.8473
Cyprus,,2014,23225912183.4991
Cyprus,,2013,23959708956.2926
Cyprus,,2012,25047433099.5891
Cyprus,,2011,27641553201.0506
Cyprus,,2010,25799940416.0167
Cyprus,,2009,26048190775.3879
Cyprus,,2008,27958384913.4219
Cyprus,,2007,23968727073.6381
Cyprus,,2006,20072754986.8272
Cyprus,,2005,18433412510.8817
Cyprus,,2004,17320551250.0
Cyprus,,2003,14547329558.3239
Cyprus,,2002,11420228846.1538
Cyprus,,2001,10397898907.1038
Cyprus,,2000,9985847313.85485
Cyprus,,1999,10497907227.616
Cyprus,,1998,10248618778.2805
Cyprus,,1997,9547816419.61231
Cyprus,,1996,10011914680.0502
Cyprus,,1995,9933137128.07244
Cyprus,,1994,7425703928.57143
Cyprus,,1993,6590291048.29211
Cyprus,,1992,6912150456.32334
Cyprus,,1991,5770197348.48485
Cyprus,,1990,5591130217.66965
Cyprus,,1989,4563482603.5503
Cyprus,,1988,4278792597.23965
Cyprus,,1987,3704813885.50548
Cyprus,,1986,3090734463.27684
Cyprus,,1985,2430411900.19194
Cyprus,,1984,2278248953.14058
Cyprus,,1983,2160364071.19021
Cyprus,,1982,2159242416.76942
Cyprus,,1981,2087496373.77964
Cyprus,,1980,2154311276.94859
Cyprus,,1979,1288699776.05059
Cyprus,,1978,964024364.43274
Cyprus,,1977,734876021.128049
Cyprus,,1976,576090073.715036
Cyprus,,1975,489912574.305146
Czechia,,2025,391026962800.475
Czechia,,2024,347082562221.377
Czechia,,2023,345059295659.911
Czechia,,2022,301831228325.556
Czechia,,2021,290972714482.313
Czechia,,2020,251109660602.536
Czechia,,2019,256794209028.77
Czechia,,2018,251992360762.236
Czechia,,2017,221563575696.217
Czechia,,2016,198160659303.939
Czechia,,2015,189107698561.919
Czechia,,2014,210911285077.683
Czechia,,2013,213024360541.119
Czechia,,2012,210363223087.728
Czechia,,2011,231429378717.312
Czechia,,2010,211168667286.27
Czechia,,2009,206971882704.716
Czechia,,2008,236506264753.95
Czechia,,2007,190040702286.917
Czechia,,2006,156236258386.589
Czechia,,2005,137264185596.1
Czechia,,2004,120147899983.657
Czechia,,2003,100435924704.881
Czechia,,2002,82607869609.574
Czechia,,2001,68135304463.9641
Czechia,,2000,62175642238.0847
Czechia,,1999,65586562604.8621
Czechia,,1998,67187217327.7326
Czechia,,1997,62539765163.1302
Czechia,,1996,67804105329.8557
Czechia,,1995,60572381311.2283
Czechia,,1994,48188478339.4129
Czechia,,1993,41155654032.1751
Czechia,,1992,35051065440.3962
Czechia,,1991,30071014282.3218
Czechia,,1990,41016881802.4843
Denmark,,2025,462526660468.393
Denmark,,2024,424524722037.047
Denmark,,2023,404651706117.557
Denmark,,2022,400114306337.077
Denmark,,2021,406110162088.054
Denmark,,2020,355631021931.621
Denmark,,2019,345401473012.615
Denmark,,2018,355293374912.393
Denmark,,2017,331610593961.988
Denmark,,2016,312181849372.233
Denmark,,2015,301758922337.637
Denmark,,2014,352832602064.452
Denmark,,2013,344631016965.12
Denmark,,2012,326792574244.963
Denmark,,2011,344315595263.175
Denmark,,2010,322345594075.47
Denmark,,2009,322619152194.594
Denmark,,2008,354979471960.142
Denmark,,2007,320213157595.018
Denmark,,2006,283386151543.687
Denmark,,2005,265150087711.985
Denmark,,2004,251986155630.852
Denmark,,2003,218421193436.252
Denmark,,2002,178788209558.311
Denmark,,2001,164881594415.341
Denmark,,2000,164043817223.59
Denmark,,1999,177887720535.535
Denmark,,1998,176877077513.133
Denmark,,1997,173241365735.483
Denmark,,1996,187481157845.724
Denmark,,1995,184848481008.139
Denmark,,1994,156017919221.457
Denmark,,1993,143111306004.102
Denmark,,1992,152966494259.538
Denmark,,1991,139180507777.691
Denmark,,1990,138217740684.484
Denmark,,1989,112312200760.581
Denmark,,1988,115540189705.118
Denmark,,1987,109183446340.073
Denmark,,1986,87748695216.9077
Denmark,,1985,62452421010.9094
Denmark,,1984,58868891334.9941
Denmark,,1983,60331158447.2389
Denmark,,1982,60084214872.0657
Denmark,,1981,61459941460.5385
Denmark,,1980,70811287815.6106
Denmark,,1979,70393030602.547
Denmark,,1978,60320089217.713
Denmark,,1977,49711709588.2196
Denmark,,1976,44503607444.1687
Denmark,,1975,40418967665.5877
Denmark,,1974,34125712480.9267
Denmark,,1973,30718181337.3006
Denmark,,1972,23230667549.2496
Denmark,,1971,19086192720.4664
Denmark,,1970,17075457733.3333
Denmark,,1969,15414902666.6667
Denmark,,1968,13505574133.3333
Denmark,,1967,13059064805.8774
Denmark,,1966,11931740293.0378
Denmark,,1965,10870670865.3211
Denmark,,1964,9677401337.17309
Denmark,,1963,8466044979.87996
Denmark,,1962,7953274741.29303
Denmark,,1961,7058361229.35415
Denmark,,1960,6361166544.50349
Djibouti,,2025,4624533092.31886
Djibouti,,2024,4152145939.98458
Djibouti,,2023,3898447007.38798
Djibouti,,2022,3562814908.76149
Djibouti,,2021,3392796953.08939
Djibouti,,2020,3144136196.6228
Djibouti,,2019,3088851450.30694
Djibouti,,2018,2913464658.08768
Djibouti,,2017,2762581334.22612
Djibouti,,2016,2604955228.70117
Djibouti,,2015,2424391785.43897
Djibouti,,2014,2220637966.25047
Djibouti,,2013,2044440443.16654
Djibouti,,2012,1353632941.5207
Djibouti,,2011,1239144501.77525
Djibouti,,2010,1128611700.3618
Djibouti,,2009,1049110684.72493
Djibouti,,2008,999105339.267729
Djibouti,,2007,847918929.107984
Djibouti,,2006,768873684.032838
Djibouti,,2005,708633194.726566
Djibouti,,2004,666072101.777505
Djibouti,,2003,622044665.515049
Djibouti,,2002,591122039.601398
Djibouti,,2001,572417440.820162
Djibouti,,2000,551230861.856505
Djibouti,,1999,536080148.097299
Djibouti,,1998,514267869.300758
Djibouti,,1997,502675542.001227
Djibouti,,1996,494004647.73437
Djibouti,,1995,497723960.589913
Djibouti,,1994,491689220.744875
Djibouti,,1993,466048469.22986
Djibouti,,1992,478058304.871118
Djibouti,,1991,462421998.525779
Djibouti,,1990,452328087.282876
Djibouti,,1989,409220087.102818
Djibouti,,1988,395794538.630775
Djibouti,,1987,373371738.286415
Djibouti,,1985,340989527.967995
Dominica,,2025,723859259.259259
Dominica,,2024,688881481.481481
Dominica,,2023,659311111.111111
Dominica,,2022,623062962.962963
Dominica,,2021,562911111.111111
Dominica,,2020,528944444.444444
Dominica,,2019,644259259.259259
Dominica,,2018,628244444.444444
Dominica,,2017,563355555.555555
Dominica,,2016,612711111.111111
Dominica,,2015,583177777.777778
Dominica,,2014,572255555.555555
Dominica,,2013,545325925.925926
Dominica,,2012,520355555.555556
Dominica,,2011,532081481.481481
Dominica,,2010,519859259.259259
Dominica,,2009,515618518.518519
Dominica,,2008,480003703.703704
Dominica,,2007,444685185.185185
Dominica,,2006,416674074.074074
Dominica,,2005,391455555.555556
Dominica,,2004,396711111.111111
Dominica,,2003,373318518.518519
Dominica,,2002,375200000.0
Dominica,,2001,377462962.962963
Dominica,,2000,333470370.37037
Dominica,,1999,331759259.259259
Dominica,,1998,322411111.111111
Dominica,,1997,302988888.888889
Dominica,,1996,292285185.185185
Dominica,,1995,274522222.222222
Dominica,,1994,264374074.074074
Dominica,,1993,245525925.925926
Dominica,,1992,234059259.259259
Dominica,,1991,219762962.962963
Dominica,,1990,201429629.62963
Dominica,,1989,185137242.962963
Dominica,,1988,171106184.074074
Dominica,,1987,151868754.444444
Dominica,,1986,135161958.518519
Dominica,,1985,119491932.962963
Dominica,,1984,109157070.740741
Dominica,,1983,98665191.4814815
Dominica,,1982,89527576.6666667
Dominica,,1981,82107391.1111111
Dominica,,1980,72804653.3333333
Dominica,,1979,55017758.8888889
Dominica,,1978,57130215.5555556
Dominica,,1977,45872947.4074074
Dominican Republic,,2025,127407463759.043
Dominican Republic,,2024,124282245638.568
Dominican Republic,,2023,120456239153.739
Dominican Republic,,2022,113478103598.499
Dominican Republic,,2021,94850719516.7127
Dominican Republic,,2020,78546672406.8291
Dominican Republic,,2019,89146130744.723
Dominican Republic,,2018,84994732049.3461
Dominican Republic,,2017,79070274743.1658
Dominican Republic,,2016,75552902635.7075
Dominican Republic,,2015,70966782572.4386
Dominican Republic,,2014,67014329099.5549
Dominican Republic,,2013,62555417414.582
Dominican Republic,,2012,60561635555.6383
Dominican Republic,,2011,57948261615.957
Dominican Republic,,2010,53801053352.5005
Dominican Republic,,2009,48223781476.8909
Dominican Republic,,2008,48091433554.186
Dominican Republic,,2007,43965458508.5056
Dominican Republic,,2006,37879830084.2627
Dominican Republic,,2005,35777560683.9366
Dominican Republic,,2004,22322387382.494
Dominican Republic,,2003,21403167848.1444
Dominican Republic,,2002,27137440786.2562
Dominican Republic,,2001,25601823687.5742
Dominican Republic,,2000,24305780628.6677
Dominican Republic,,1999,22136579396.9218
Dominican Republic,,1998,21672215546.7642
Dominican Republic,,1997,20017450041.3075
Dominican Republic,,1996,18241622547.5908
Dominican Republic,,1995,16637370839.1608
Dominican Republic,,1994,14644734599.4778
Dominican Republic,,1993,13081042400.0
Dominican Republic,,1992,11605382504.0
Dominican Republic,,1991,9824483339.94518
Dominican Republic,,1990,7073675544.79021
Dominican Republic,,1989,6686593059.93691
Dominican Republic,,1988,5374299981.49698
Dominican Republic,,1987,5827050753.25937
Dominican Republic,,1986,6122128557.57243
Dominican Republic,,1985,5044579979.23285
Dominican Republic,,1984,11594000000.0
Dominican Republic,,1983,9220600000.0
Dominican Republic,,1982,8267400000.0
Dominican Republic,,1981,7561300000.0
Dominican Republic,,1980,6761300000.0
Dominican Republic,,1979,5498800000.0
Dominican Republic,,1978,4734400000.0
Dominican Republic,,1977,4587100000.0
Dominican Republic,,1976,3951500000.0
Dominican Republic,,1975,3599200000.0
Dominican Republic,,1974,2925700000.0
Dominican Republic,,1973,2344800000.0
Dominican Republic,,1972,1987400000.0
Dominican Republic,,1971,1666500000.0
Dominican Republic,,1970,1485500000.0
Dominican Republic,,1969,1230500000.0
Dominican Republic,,1968,1079100000.0
Dominican Republic,,1967,1034800000.0
Dominican Republic,,1966,983900000.0
Dominican Republic,,1965,888100000.0
Dominican Republic,,1964,1025599900.0
Dominican Republic,,1963,940799900.0
Dominican Republic,,1962,824100000.0
Dominican Republic,,1961,654100200.0
Dominican Republic,,1960,672399700.0
Ecuador,,2025,130320560400.0
Ecuador,,2024,123802374000.0
Ecuador,,2023,120792801000.0
Ecuador,,2022,116133121000.0
Ecuador,,2021,107179074000.0
Ecuador,,2020,95865473000.0
Ecuador,,2019,107595830000.0
Ecuador,,2018,107478961000.0
Ecuador,,2017,104467486000.0
Ecuador,,2016,97671433000.0
Ecuador,,2015,97209558000.0
Ecuador,,2014,102717794000.0
Ecuador,,2013,96570334000.0
Ecuador,,2012,87735048000.0
Ecuador,,2011,78986648000.0
Ecuador,,2010,68151329000.0
Ecuador,,2009,60094978000.0
Ecuador,,2008,61139438000.0
Ecuador,,2007,49848725000.0
Ecuador,,2006,45690762000.0
Ecuador,,2005,40278849000.0
Ecuador,,2004,35194947000.0
Ecuador,,2003,30965208000.0
Ecuador,,2002,27054197000.0
Ecuador,,2001,23127055000.0
Ecuador,,2000,17539454727.3637
Ecuador,,1999,19645272636.3182
Ecuador,,1998,27981896948.4742
Ecuador,,1997,28162053026.5133
Ecuador,,1996,25226393196.5983
Ecuador,,1995,24432884442.2211
Ecuador,,1994,22708673336.6683
Ecuador,,1993,18938717358.6793
Ecuador,,1992,18094238119.0595
Ecuador,,1991,16988535267.6338
Ecuador,,1990,15239272611.5809
Ecuador,,1989,13890823704.5545
Ecuador,,1988,13051881851.4068
Ecuador,,1987,13945426859.4657
Ecuador,,1986,15314138472.3282
Ecuador,,1985,17149088413.35
Ecuador,,1984,16912509091.855
Ecuador,,1983,17152477036.5005
Ecuador,,1982,19929846396.4239
Ecuador,,1981,21810759353.7304
Ecuador,,1980,17881508242.4481
Ecuador,,1979,14175160902.0721
Ecuador,,1978,11922497876.4828
Ecuador,,1977,11026342618.1141
Ecuador,,1976,9091921030.17345
Ecuador,,1975,7731674472.07212
Ecuador,,1974,6599257044.12414
Ecuador,,1973,3891754150.23796
Ecuador,,1972,3185986087.33583
Ecuador,,1971,2754219271.03082
Ecuador,,1970,2862503139.00358
Ecuador,,1969,3112165727.38342
Ecuador,,1968,2582179864.15493
Ecuador,,1967,2553595172.08743
Ecuador,,1966,2429308638.838
Ecuador,,1965,2387047395.70254
Ecuador,,1964,2244146102.98333
Ecuador,,1963,1824343870.71407
Ecuador,,1962,1518207703.48997
Ecuador,,1961,1753850955.05808
Ecuador,,1960,2069464937.19791
Egypt,,2025,365254630179.737
Egypt,,2024,389059910593.1
Egypt,,2023,395926071447.591
Egypt,,2022,476747720364.742
Egypt,,2021,424671765455.704
Egypt,,2020,383817841547.099
Egypt,,2019,318678815489.749
Egypt,,2018,262588632526.73
Egypt,,2017,248362771739.13
Egypt,,2016,332441717791.411
Egypt,,2015,329366576819.407
Egypt,,2014,305595408895.265
Egypt,,2013,288434108527.132
Egypt,,2012,279116666666.667
Egypt,,2011,235989672977.625
Egypt,,2010,218983666061.706
Egypt,,2009,189147005444.646
Egypt,,2008,162818181818.182
Egypt,,2007,130437828371.278
Egypt,,2006,107426086956.522
Egypt,,2005,89660339660.3397
Egypt,,2004,78782467532.4675
Egypt,,2003,80288461538.4615
Egypt,,2002,85146067415.7303
Egypt,,2001,96684636118.5984
Egypt,,2000,99838543960.0763
Egypt,,1999,90710704806.8416
Egypt,,1998,84828807556.0803
Egypt,,1997,78436578171.0914
Egypt,,1996,67629716981.1321
Egypt,,1995,60159245060.4541
Egypt,,1994,51897983392.6453
Egypt,,1993,46578631452.581
Egypt,,1992,41855986519.4235
Egypt,,1991,37387836490.5284
Egypt,,1990,42978914311.3504
Egypt,,1989,39756299049.9793
Egypt,,1988,34980124929.0176
Egypt,,1987,40455616653.5742
Egypt,,1986,41253507951.3564
Egypt,,1985,39053502251.0732
Egypt,,1984,33971188991.6147
Egypt,,1983,30966239813.7369
Egypt,,1982,27655172413.7931
Egypt,,1981,22136081081.0811
Egypt,,1980,21669908176.3889
Egypt,,1979,18020571428.5714
Egypt,,1978,14811704063.0685
Egypt,,1977,14400806875.9867
Egypt,,1976,13315988083.4161
Egypt,,1975,11632178868.9171
Egypt,,1974,9228963224.60004
Egypt,,1973,10098534613.4411
Egypt,,1972,9299638055.84281
Egypt,,1971,8609283346.08518
Egypt,,1970,8042200452.1477
Egypt,,1969,6524455205.81114
Egypt,,1968,5932242990.65421
Egypt,,1967,5605484298.98275
Egypt,,1966,5278005611.91453
Egypt,,1965,4948667540.41066
Egypt,,1964,4709245761.67881
Egypt,,1963,4187146231.56839
Egypt,,1962,4035462027.39753
Egypt,,1961,4494575611.21289
Egypt,,1960,4206270352.22633
El Salvador,,2025,36708110000.0
El Salvador,,2024,34879730000.0
El Salvador,,2023,33565430000.0
El Salvador,,2022,31870110000.0
El Salvador,,2021,29043140000.0
El Salvador,,2020,24921190000.0
El Salvador,,2019,26881140000.0
El Salvador,,2018,26020850000.0
El Salvador,,2017,24979190000.0
El Salvador,,2016,24191430000.0
El Salvador,,2015,23438240000.0
El Salvador,,2014,22593470000.0
El Salvador,,2013,21990960000.0
El Salvador,,2012,21386150000.0
El Salvador,,2011,20283780000.0
El Salvador,,2010,18447920000.0
El Salvador,,2009,17601620000.0
El Salvador,,2008,17986890000.0
El Salvador,,2007,17011750000.0
El Salvador,,2006,15999890000.0
El Salvador,,2005,14698000000.0
El Salvador,,2004,13724810900.0
El Salvador,,2003,13243892200.0
El Salvador,,2002,12664190300.0
El Salvador,,2001,12282533600.0
El Salvador,,2000,11784927700.0
El Salvador,,1999,11284197000.0
El Salvador,,1998,10936669900.0
El Salvador,,1997,10221705900.0
El Salvador,,1996,9586327800.0
El Salvador,,1995,8921947100.0
El Salvador,,1994,7679384000.0
El Salvador,,1993,6680269200.0
El Salvador,,1992,5813399300.0
El Salvador,,1991,5252342400.0
El Salvador,,1990,4817542204.0
El Salvador,,1989,4372215300.0
El Salvador,,1988,4189880000.0
El Salvador,,1987,3958045800.0
El Salvador,,1986,3771663200.0
El Salvador,,1985,3800368600.0
El Salvador,,1984,3661683400.0
El Salvador,,1983,3506347800.0
El Salvador,,1982,3399189100.0
El Salvador,,1981,3437200200.0
El Salvador,,1980,3573959900.0
El Salvador,,1979,3463639900.0
El Salvador,,1978,3127960000.0
El Salvador,,1977,2941640100.0
El Salvador,,1976,2328280100.0
El Salvador,,1975,1884120100.0
El Salvador,,1974,1665880000.0
El Salvador,,1973,1442320000.0
El Salvador,,1972,1263720000.0
El Salvador,,1971,1186120000.0
El Salvador,,1970,1132920000.0
El Salvador,,1969,1049400000.0
El Salvador,,1968,1009760100.0
El Salvador,,1967,976200000.0
El Salvador,,1966,929520000.0
El Salvador,,1965,877720000.0
Equatorial Guinea,,2025,12823210425.9217
Equatorial Guinea,,2024,13254388261.1258
Equatorial Guinea,,2023,12541814272.8021
Equatorial Guinea,,2022,13687643435.6249
Equatorial Guinea,,2021,12215878032.7166
Equatorial Guinea,,2020,9893816007.7398
Equatorial Guinea,,2019,11364133549.7478
Equatorial Guinea,,2018,13097012133.6159
Equatorial Guinea,,2017,12200913878.9827
Equatorial Guinea,,2016,11240808847.8878
Equatorial Guinea,,2015,13185496881.0174
Equatorial Guinea,,2014,21765453081.9826
Equatorial Guinea,,2013,21948834283.7856
Equatorial Guinea,,2012,22388344143.9131
Equatorial Guinea,,2011,21357343668.9447
Equatorial Guinea,,2010,16314443436.2903
Equatorial Guinea,,2009,15027795173.2187
Equatorial Guinea,,2008,19749893536.3204
Equatorial Guinea,,2007,13071718758.7373
Equatorial Guinea,,2006,10086528698.8604
Equatorial Guinea,,2005,8217369092.65224
Equatorial Guinea,,2004,4410764338.66733
Equatorial Guinea,,2003,2484745935.09329
Equatorial Guinea,,2002,1806742742.27311
Equatorial Guinea,,2001,1461139022.02954
Equatorial Guinea,,2000,1045998496.43872
Equatorial Guinea,,1999,621117885.668503
Equatorial Guinea,,1998,370687634.425712
Equatorial Guinea,,1997,442337870.69437
Equatorial Guinea,,1996,232463022.802961
Equatorial Guinea,,1995,141853360.867855
Equatorial Guinea,,1994,100807002.540195
Equatorial Guinea,,1993,136047906.245408
Equatorial Guinea,,1992,134707183.84662
Equatorial Guinea,,1991,110906028.536862
Equatorial Guinea,,1990,112119411.489965
Equatorial Guinea,,1989,88265974.861049
Equatorial Guinea,,1988,100534656.881732
Equatorial Guinea,,1987,93345859.52973
Equatorial Guinea,,1986,76407395.8727542
Equatorial Guinea,,1985,62118569.9654481
Equatorial Guinea,,1984,50320914.4065688
Equatorial Guinea,,1983,44442456.94764
Equatorial Guinea,,1982,44294647.733479
Equatorial Guinea,,1981,36731422.8456914
Equatorial Guinea,,1980,50642880.7737503
Equatorial Guinea,,1977,103987520.075827
Equatorial Guinea,,1976,103653049.93797
Equatorial Guinea,,1975,104295643.388437
Equatorial Guinea,,1974,94159862.7073691
Equatorial Guinea,,1973,81203226.9138345
Equatorial Guinea,,1972,65429198.238708
Equatorial Guinea,,1971,64946954.756798
Equatorial Guinea,,1970,66331428.5714286
Equatorial Guinea,,1969,67225714.2857143
Equatorial Guinea,,1968,67514285.7142857
Equatorial Guinea,,1967,72317446.9327193
Equatorial Guinea,,1966,69110000.0
Equatorial Guinea,,1965,64748333.3333333
Equatorial Guinea,,1964,51915000.0
Equatorial Guinea,,1963,44266666.6666667
Equatorial Guinea,,1962,37253333.3333333
Eritrea,,2011,2065001626.01626
Eritrea,,2010,1589515447.15447
Eritrea,,2009,1856695551.21951
Eritrea,,2008,1380188800.0
Eritrea,,2007,1317974491.05691
Eritrea,,2006,1211161879.6748
Eritrea,,2005,1098424685.66169
Eritrea,,2004,1109054005.43971
Eritrea,,2003,870248267.550163
Eritrea,,2002,729321680.154324
Eritrea,,2001,752371688.743186
Eritrea,,2000,706370815.584416
Eritrea,,1999,688918537.115555
Eritrea,,1998,745523116.900052
Eritrea,,1997,686490090.140141
Eritrea,,1996,693535954.190067
Eritrea,,1995,578015625.0
Eritrea,,1994,531688311.688312
Eritrea,,1993,467872714.755603
Eritrea,,1992,477101651.648376
Estonia,,2025,47030833798.5866
Estonia,,2024,43130419829.35
Estonia,,2023,41470344395.1086
Estonia,,2022,38226641740.29
Estonia,,2021,37201101170.5847
Estonia,,2020,31820771493.8974
Estonia,,2019,31873748770.0313
Estonia,,2018,31222632740.7247
Estonia,,2017,27469461919.1189
Estonia,,2016,24561027787.7896
Estonia,,2015,23311847750.9394
Estonia,,2014,27055689003.0038
Estonia,,2013,25451032780.7573
Estonia,,2012,23237406116.3988
Estonia,,2011,23303915794.7569
Estonia,,2010,19524355419.038
Estonia,,2009,19633984440.1223
Estonia,,2008,24342935403.5447
Estonia,,2007,22450264166.4385
Estonia,,2006,17025671810.3124
Estonia,,2005,14109491356.7964
Estonia,,2004,12148595031.0559
Estonia,,2003,9876595528.45528
Estonia,,2002,7370119619.4782
Estonia,,2001,6250218422.70164
Estonia,,2000,5686579747.53524
Estonia,,1999,5756912265.75809
Estonia,,1998,5674080542.88575
Estonia,,1997,5154420649.23354
Estonia,,1996,4786018988.16491
Estonia,,1995,4502970889.06373
Estonia,,1994,4123011419.74174
Estonia,,1993,4013091682.2914
Eswatini,,2025,5160679612.81734
Eswatini,,2024,4858885840.77236
Eswatini,,2023,4621191261.84214
Eswatini,,2022,4746660273.50829
Eswatini,,2021,4807069277.20114
Eswatini,,2020,4134677809.50096
Eswatini,,2019,4617018958.69086
Eswatini,,2018,4643751059.28203
Eswatini,,2017,4462640651.49219
Eswatini,,2016,3722306116.72872
Eswatini,,2015,3908217914.21824
Eswatini,,2014,4285065665.03168
Eswatini,,2013,4463396204.01995
Eswatini,,2012,4747813067.26006
Eswatini,,2011,4722912047.32265
Eswatini,,2010,4360714358.88708
Eswatini,,2009,3525213502.43118
Eswatini,,2008,3235921170.5095
Eswatini,,2007,3391122887.17476
Eswatini,,2006,3215307900.74767
Eswatini,,2005,3097946371.06311
Eswatini,,2004,2710331785.24986
Eswatini,,2003,2149632433.27703
Eswatini,,2002,1393945030.65105
Eswatini,,2001,1502870485.88122
Eswatini,,2000,1697161557.89452
Eswatini,,1999,1547888495.98428
Eswatini,,1998,1576908856.34674
Eswatini,,1997,1716714070.12471
Eswatini,,1996,1602741833.70552
Eswatini,,1995,1698989463.99106
Eswatini,,1994,1419294254.4183
Eswatini,,1993,1357189551.68431
Eswatini,,1992,1284759927.54594
Eswatini,,1991,1156135717.94598
Eswatini,,1990,1114694040.66987
Eswatini,,1989,696921542.378265
Eswatini,,1988,692026454.737872
Eswatini,,1987,584126092.258819
Eswatini,,1986,449140318.385038
Eswatini,,1985,360079419.385958
Eswatini,,1984,494483408.878468
Eswatini,,1983,555336145.767884
Eswatini,,1982,537568059.413381
Eswatini,,1981,570774824.830585
Eswatini,,1980,541976852.577057
Eswatini,,1979,412093133.760988
Eswatini,,1978,340630085.157521
Eswatini,,1977,304060076.015019
Eswatini,,1976,272550068.137517
Eswatini,,1975,288299788.508035
Eswatini,,1974,264320940.959002
Eswatini,,1973,221915127.550763
Eswatini,,1972,146736479.235097
Eswatini,,1971,136462080.739132
Eswatini,,1970,112139955.144018
Eswatini,,1969,105419957.832017
Eswatini,,1968,79799968.0800128
Eswatini,,1967,74759970.096012
Eswatini,,1966,76859969.2560123
Eswatini,,1965,70279971.8880112
Eswatini,,1964,64980554.0077784
Eswatini,,1963,54129438.3482247
Eswatini,,1962,45927961.6288154
Eswatini,,1961,43026042.7895829
Eswatini,,1960,35076845.9692616
Ethiopia,,2025,126358758448.356
Ethiopia,,2024,149740297952.375
Ethiopia,,2023,135874093203.18
Ethiopia,,2022,123140304665.399
Ethiopia,,2021,109070960370.972
Ethiopia,,2020,98676811061.9985
Ethiopia,,2019,91834517113.6386
Ethiopia,,2018,83337901071.9697
Ethiopia,,2017,76366081766.6667
Ethiopia,,2016,68475871209.607
Ethiopia,,2015,62103418181.8182
Ethiopia,,2014,55612228233.5179
Ethiopia,,2013,47648276605.0123
Ethiopia,,2012,43310721414.0829
Ethiopia,,2011,31952763089.33
Ethiopia,,2010,29933790334.3418
Ethiopia,,2009,32437389116.038
Ethiopia,,2008,27066912635.2228
Ethiopia,,2007,19707616772.7996
Ethiopia,,2006,15280861834.6024
Ethiopia,,2005,12401139453.9738
Ethiopia,,2004,10131187261.4421
Ethiopia,,2003,8623691300.04079
Ethiopia,,2002,7850809498.16803
Ethiopia,,2001,8231326016.47494
Ethiopia,,2000,8242349617.8638
Ethiopia,,1999,7892973531.80045
Ethiopia,,1998,8013274131.69715
Ethiopia,,1997,8803539988.33248
Ethiopia,,1996,8761215548.48614
Ethiopia,,1995,7855205206.93405
Ethiopia,,1994,7100806753.92942
Ethiopia,,1993,9051043870.12197
Ethiopia,,1992,10754799036.5745
Ethiopia,,1991,13799799323.6715
Ethiopia,,1990,12478943895.1691
Ethiopia,,1989,11762932007.2464
Ethiopia,,1988,11181119717.8744
Ethiopia,,1987,10790001557.971
Ethiopia,,1986,10094328898.0676
Ethiopia,,1985,9717392686.95652
Ethiopia,,1984,8298309580.67633
Ethiopia,,1983,8781664427.05314
Ethiopia,,1982,7899988840.57971
Ethiopia,,1981,7507663566.66667
Ethiopia,,1980,7012585454.10628
Ethiopia,,1979,6586048398.06763
Ethiopia,,1978,6014961434.78261
Ethiopia,,1977,5651840584.54106
Ethiopia,,1976,4943806093.23672
Ethiopia,,1975,4577047854.10628
Ethiopia,,1974,4577209966.18358
Ethiopia,,1973,4070570549.8642
Ethiopia,,1972,3520252938.26087
Ethiopia,,1971,3224280834.97092
Ethiopia,,1970,3045354454.8
Ethiopia,,1969,2768987372.0
Ethiopia,,1968,2619948864.8
Ethiopia,,1967,2461762002.8
Ethiopia,,1966,2324466416.0
Ethiopia,,1965,2159998591.2
Ethiopia,,1964,1984129185.6
Ethiopia,,1963,1825058827.83853
Ethiopia,,1962,1747566307.0997
Ethiopia,,1961,1680859514.1016
Ethiopia,,1960,1610511693.84215
Fiji,,2025,6198013062.06553
Fiji,,2024,5968125909.27126
Fiji,,2023,5476673518.13788
Fiji,,2022,4977861885.60316
Fiji,,2021,4158873156.17978
Fiji,,2020,4227719873.3865
Fiji,,2019,5344907153.46698
Fiji,,2018,5581425327.44397
Fiji,,2017,5353469174.47838
Fiji,,2016,4930213644.36653
Fiji,,2015,4682479893.97558
Fiji,,2014,4857104768.86844
Fiji,,2013,4189967998.51424
Fiji,,2012,3972028104.47328
Fiji,,2011,3779411899.37483
Fiji,,2010,3140166712.79624
Fiji,,2009,2870624635.68032
Fiji,,2008,3523185919.55826
Fiji,,2007,3378314599.76402
Fiji,,2006,3076305452.86506
Fiji,,2005,2980403844.72096
Fiji,,2004,2708078476.63012
Fiji,,2003,2300492465.32276
Fiji,,2002,1833279985.36741
Fiji,,2001,1652462023.46215
Fiji,,2000,1678219507.89829
Fiji,,1999,1936459986.03795
Fiji,,1998,1653146716.58235
Fiji,,1997,2090221137.02876
Fiji,,1996,2128696643.62574
Fiji,,1995,1970301486.20561
Fiji,,1994,1825732092.54674
Fiji,,1993,1636101246.9394
Fiji,,1992,1532411039.05479
Fiji,,1991,1383883249.591
Fiji,,1990,1337017559.49728
Fiji,,1989,1182660265.76635
Fiji,,1988,1110009522.75743
Fiji,,1987,1177947965.12142
Fiji,,1986,1290267339.65006
Fiji,,1985,1141168943.97661
Fiji,,1984,1178000677.99929
Fiji,,1983,1123085190.06509
Fiji,,1982,1194059943.22478
Fiji,,1981,1235626770.50924
Fiji,,1980,1202618816.20852
Fiji,,1979,1019691460.17376
Fiji,,1978,829267889.429373
Fiji,,1977,719501765.783049
Fiji,,1976,694540806.380644
Fiji,,1975,684282434.361095
Fiji,,1974,558587097.382833
Fiji,,1973,425950487.519894
Fiji,,1972,316656648.698957
Fiji,,1971,247749327.721267
Fiji,,1970,219878482.173564
Fiji,,1969,182182067.703568
Fiji,,1968,166952937.135005
Fiji,,1967,162625885.863484
Fiji,,1966,150603925.515853
Fiji,,1965,147084750.031482
Fiji,,1964,140032741.468329
Fiji,,1963,129454728.623599
Fiji,,1962,122906434.957814
Fiji,,1961,116987784.913739
Fiji,,1960,112328422.113084
Finland,,2025,317039368819.607
Finland,,2024,298729432711.719
Finland,,2023,295191741637.26
Finland,,2022,280253099309.34
Finland,,2021,294223210496.119
Finland,,2020,270000311606.226
Finland,,2019,267014821129.411
Finland,,2018,273869255596.078
Finland,,2017,253846138440.0
Finland,,2016,238777818792.608
Finland,,2015,233210733506.25
Finland,,2014,273478528954.901
Finland,,2013,270268036626.275
Finland,,2012,257443384492.969
Finland,,2011,275126915515.565
Finland,,2010,249429613683.334
Finland,,2009,253480783439.453
Finland,,2008,285698662071.094
Finland,,2007,256360251537.648
Finland,,2006,217044068234.117
Finland,,2005,204859368790.661
Finland,,2004,197458297639.769
Finland,,2003,171612867735.686
Finland,,2002,140360963811.765
Finland,,2001,129519672868.898
Finland,,2000,125967821110.589
Finland,,1999,135234241918.147
Finland,,1998,133990876724.522
Finland,,1997,126862902302.142
Finland,,1996,131991975148.848
Finland,,1995,134060457516.34
Finland,,1994,103182697780.307
Finland,,1993,89112105756.2194
Finland,,1992,112537828510.751
Finland,,1991,127794441993.824
Finland,,1990,141446120354.533
Finland,,1989,118991270611.057
Finland,,1988,109039090262.971
Finland,,1987,91564993913.1611
Finland,,1986,73511611541.1682
Finland,,1985,55856676899.4628
Finland,,1984,52870993272.6553
Finland,,1983,50956447480.7857
Finland,,1982,52784013815.2214
Finland,,1981,52440066133.9212
Finland,,1980,53649984061.205
Finland,,1979,44469218439.9328
Finland,,1978,36259392057.7617
Finland,,1977,33502784417.884
Finland,,1976,31852352669.6415
Finland,,1975,29475251333.4411
Finland,,1974,24851036710.2568
Finland,,1973,19474098335.1486
Finland,,1972,14744499569.8308
Finland,,1971,12528522307.4737
Finland,,1970,11358529161.9479
Finland,,1969,10177524838.9004
Finland,,1968,8916565040.54632
Finland,,1967,9468272357.09549
Finland,,1966,9306142171.60056
Finland,,1965,8680393838.88018
Finland,,1964,7848987792.54261
Finland,,1963,6958916548.12933
Finland,,1962,6407796042.70357
Finland,,1961,5984433774.41601
Finland,,1960,5279481824.12983
France,,2025,3366315927447.33
France,,2024,3160442622465.08
France,,2023,3056250648138.29
France,,2022,2794788137066.94
France,,2021,2966433692008.09
France,,2020,2647926055110.05
France,,2019,2722793515171.76
France,,2018,2781576320884.39
France,,2017,2588868323334.71
France,,2016,2470407619777.13
France,,2015,2442483452642.5
France,,2014,2861236112552.42
France,,2013,2816077607875.26
France,,2012,2683007095787.23
France,,2011,2870408553990.28
France,,2010,2646230027988.34
France,,2009,2700075882518.98
France,,2008,2926802941585.86
France,,2007,2655816911866.56
France,,2006,2317861544690.82
France,,2005,2192146403028.17
France,,2004,2109792297237.03
France,,2003,1835095983049.09
France,,2002,1492427756382.43
France,,2001,1370376677298.86
France,,2000,1360959069477.49
France,,1999,1486915879701.93
France,,1998,1496906382032.47
France,,1997,1449392222971.45
France,,1996,1598889216566.23
France,,1995,1595219345511.89
France,,1994,1385822778827.98
France,,1993,1314383368079.69
France,,1992,1389663073110.28
France,,1991,1258961748633.88
France,,1990,1257649439826.53
France,,1989,1016742237302.08
France,,1988,1010827662151.75
France,,1987,926320855614.973
France,,1986,764946585850.933
France,,1985,547220981165.134
France,,1984,525033325827.516
France,,1983,553356312935.709
France,,1982,578152310609.841
France,,1981,609184791792.396
France,,1980,694529183483.39
France,,1979,608218624730.188
France,,1978,501724418604.651
France,,1977,406401711687.617
France,,1976,368363152144.223
France,,1975,357324307786.446
France,,1974,282739225313.693
France,,1973,261970536240.424
France,,1972,201738881664.499
France,,1971,164694210962.472
France,,1970,147312861698.358
France,,1969,140660914840.59
France,,1968,128710572572.436
France,,1967,118088635380.954
France,,1966,109306730313.216
France,,1965,100927668584.29
France,,1964,93424179943.3453
France,,1963,84227606649.8725
France,,1962,75196980365.0325
France,,1961,67158050215.0488
France,,1960,61959085885.3427
Gabon,,2025,21427119323.2764
Gabon,,2024,20895684425.6752
Gabon,,2023,19388372070.9778
Gabon,,2022,20440655695.229
Gabon,,2021,19444935097.2333
Gabon,,2020,15342236163.9943
Gabon,,2019,16874405465.391
Gabon,,2018,16867326401.9626
Gabon,,2017,14929487485.1623
Gabon,,2016,14023890265.3665
Gabon,,2015,14383107762.6952
Gabon,,2014,18203966895.8433
Gabon,,2013,17595744798.3398
Gabon,,2012,17170464016.0593
Gabon,,2011,18210307743.5816
Gabon,,2010,14372593020.2885
Gabon,,2009,12113699068.2517
Gabon,,2008,15571348344.3379
Gabon,,2007,12455409587.3371
Gabon,,2006,10327598306.4575
Gabon,,2005,9582783990.85345
Gabon,,2004,7770219008.21293
Gabon,,2003,6511903365.47554
Gabon,,2002,5335451099.88223
Gabon,,2001,5023265413.2623
Gabon,,2000,5080483628.53013
Gabon,,1999,4662992036.2073
Gabon,,1998,4483417309.83011
Gabon,,1997,5326817114.53586
Gabon,,1996,5694040002.89863
Gabon,,1995,4958845648.04778
Gabon,,1994,4190819344.22255
Gabon,,1993,4378645081.01769
Gabon,,1992,5592390827.39854
Gabon,,1991,5402919784.57004
Gabon,,1990,5952293764.84777
Gabon,,1989,4186411463.85975
Gabon,,1988,3834503376.02992
Gabon,,1987,3281797043.04996
Gabon,,1986,3403638189.20049
Gabon,,1985,3339914757.22872
Gabon,,1984,3561451560.50783
Gabon,,1983,3391275731.53751
Gabon,,1982,3618007841.13503
Gabon,,1981,3862269120.53497
Gabon,,1980,4279637942.25144
Gabon,,1979,3030251120.09759
Gabon,,1978,2389479271.66616
Gabon,,1977,2809349069.22118
Gabon,,1976,3009409974.26856
Gabon,,1975,2157592940.04234
Gabon,,1974,1544216001.66059
Gabon,,1973,722780701.295854
Gabon,,1972,430508358.514204
Gabon,,1971,381687072.622379
Gabon,,1970,323802475.512425
Gabon,,1969,318124701.478771
Gabon,,1968,294468564.245272
Gabon,,1967,271543680.048895
Gabon,,1966,245849781.273234
Gabon,,1965,226474285.779063
Gabon,,1964,215679855.342091
Gabon,,1963,154480244.055222
Gabon,,1962,182796536.266025
Gabon,,1961,167637907.122782
Gabon,,1960,141468977.799846
Gambia,,2025,2593673987.53306
Gambia,,2024,2404888737.54853
Gambia,,2023,2382262185.38179
Gambia,,2022,2204734527.88096
Gambia,,2021,2014158842.14596
Gambia,,2020,1812170891.19069
Gambia,,2019,1813609692.49994
Gambia,,2018,1670671327.81651
Gambia,,2017,1504909462.69521
Gambia,,2016,1484578885.97132
Gambia,,2015,1378176608.93204
Gambia,,2014,1229461721.40861
Gambia,,2013,1375609453.43746
Gambia,,2012,1415004738.26621
Gambia,,2011,1409693596.93594
Gambia,,2010,1543294926.87301
Gambia,,2009,1450142508.57808
Gambia,,2008,1561766955.73024
Gambia,,2007,1279703047.0221
Gambia,,2006,1054112487.74083
Gambia,,2005,1027701067.55688
Gambia,,2004,961900651.423441
Gambia,,2003,487038685.045496
Gambia,,2002,578235309.327198
Gambia,,2001,687410645.063943
Gambia,,2000,782913871.80966
Gambia,,1999,814724032.065735
Gambia,,1998,840285264.631545
Gambia,,1997,803633342.473706
Gambia,,1996,848239446.21576
Gambia,,1995,785999864.840299
Gambia,,1994,746493951.900959
Gambia,,1993,755040974.087322
Gambia,,1992,714254256.122189
Gambia,,1991,690311080.515018
Gambia,,1990,317083695.477797
Gambia,,1989,284120329.401023
Gambia,,1988,266672211.934161
Gambia,,1987,220626484.224811
Gambia,,1986,185646986.824927
Gambia,,1985,225726358.890914
Gambia,,1984,177340880.086204
Gambia,,1983,213448584.936945
Gambia,,1982,216050552.301584
Gambia,,1981,218767743.459101
Gambia,,1980,241083090.303623
Gambia,,1979,207112627.726094
Gambia,,1978,171833086.019624
Gambia,,1977,138093099.09774
Gambia,,1976,112190829.470457
Gambia,,1975,115179719.077633
Gambia,,1974,95796021.6888272
Gambia,,1973,75187749.0961317
Gambia,,1972,59160569.4804413
Gambia,,1971,55728663.222684
Gambia,,1970,52296083.6737339
Gambia,,1969,45168072.2689156
Gambia,,1968,41160065.8561054
Gambia,,1967,46695006.9579374
Gambia,,1966,44212081.3502297
Georgia,,2025,38143612855.1367
Georgia,,2024,34189423333.141
Georgia,,2023,30777833600.6515
Georgia,,2022,24984568959.605
Georgia,,2021,18853115588.8106
Georgia,,2020,16010869215.68
Georgia,,2019,17638337116.9126
Georgia,,2018,17902544880.6471
Georgia,,2017,16473125375.0684
Georgia,,2016,15444548901.9637
Georgia,,2015,15223796148.8396
Georgia,,2014,17966015109.3043
Georgia,,2013,17517660143.6859
Georgia,,2012,16894392033.2256
Georgia,,2011,15475290469.2869
Georgia,,2010,12426907967.1578
Georgia,,2009,10766920065.8251
Georgia,,2008,12795145130.9103
Georgia,,2007,10172931088.5655
Georgia,,2006,7745250733.95067
Georgia,,2005,6410912049.87105
Georgia,,2004,5125365191.98664
Georgia,,2003,3991377904.13162
Georgia,,2002,3395766677.67315
Georgia,,2001,3219462262.0075
Georgia,,2000,3057475335.18846
Georgia,,1999,2800025882.71672
Georgia,,1998,3613497316.55319
Georgia,,1997,3510520231.21387
Georgia,,1996,3094936177.1918
Georgia,,1995,2693732611.81599
Georgia,,1994,2513867645.13316
Georgia,,1993,2701181331.30816
Georgia,,1992,3690328963.64086
Georgia,,1991,6324503311.25828
Georgia,,1990,7735927263.59261
Georgia,,1989,8902632715.25406
Georgia,,1988,8833588173.40023
Georgia,,1987,7321981333.6772
Germany,,2025,5050922925047.05
Germany,,2024,4685592577804.69
Germany,,2023,4562207532490.28
Germany,,2022,4201021706478.62
Germany,,2021,4355251953410.78
Germany,,2020,3941398957073.94
Germany,,2019,3959894794039.21
Germany,,2018,4055433215301.96
Germany,,2017,3765351626105.89
Germany,,2016,3536787895179.0
Germany,,2015,3425099578746.09
Germany,,2014,3964870735760.77
Germany,,2013,3807023797050.99
Germany,,2012,3596483233406.25
Germany,,2011,3823575803793.78
Germany,,2010,3467093769666.67
Germany,,2009,3478545516683.59
Germany,,2008,3808197720125.0
Germany,,2007,3484056680854.91
Germany,,2006,3046308753670.58
Germany,,2005,2893393187361.87
Germany,,2004,2852317768061.78
Germany,,2003,2534715518349.01
Germany,,2002,2102350798305.89
Germany,,2001,1966381496641.73
Germany,,2000,1966980701145.1
Germany,,1999,2213873468586.88
Germany,,1998,2247760364565.97
Germany,,1997,2218790886532.82
Germany,,1996,2506576553158.31
Germany,,1995,2593053091306.13
Germany,,1994,2215282632276.73
Germany,,1993,2078954217437.6
Germany,,1992,2141377582968.07
Germany,,1991,1875792575132.59
Germany,,1990,1778162195860.07
Germany,,1989,1404092925205.45
Germany,,1988,1406367016371.53
Germany,,1987,1302932318824.81
Germany,,1986,1050092624515.9
Germany,,1985,735218723093.277
Germany,,1984,727767760978.627
Germany,,1983,773507930294.906
Germany,,1982,779421633755.138
Germany,,1981,803404797057.551
Germany,,1980,953772499462.019
Germany,,1979,884574218333.155
Germany,,1978,743182891918.208
Germany,,1977,602698323085.993
Germany,,1976,521658712132.981
Germany,,1975,492434094920.105
Germany,,1974,446934971657.471
Germany,,1973,399833571167.215
Germany,,1972,300899944795.436
Germany,,1971,250900942396.699
Germany,,1970,216629229947.096
Germany,,1969,177733486326.06
Germany,,1968,156527292653.157
Germany,,1967,145100667772.69
Germany,,1966,143304275683.979
Germany,,1965,134774688191.161
Germany,,1964,123330404665.086
Germany,,1963,112232503744.1
Germany,,1962,105895435234.343
Germany,,1961,96558204043.1028
Germany,,1960,84619845881.2608
Ghana,,2025,114209905278.717
Ghana,,2024,83288585604.0268
Ghana,,2023,80547146875.9526
Ghana,,2022,73919003212.1998
Ghana,,2021,79514204730.3979
Ghana,,2020,70008243859.8666
Ghana,,2019,68352629246.1555
Ghana,,2018,67259353965.6087
Ghana,,2017,60385409434.8567
Ghana,,2016,56144179397.8516
Ghana,,2015,49436806230.4839
Ghana,,2014,54678533805.9064
Ghana,,2013,62845721959.827
Ghana,,2012,41271701060.954
Ghana,,2011,39336668080.559
Ghana,,2010,32197655566.5347
Ghana,,2009,26048720005.5233
Ghana,,2008,28679383241.0729
Ghana,,2007,24827339138.4906
Ghana,,2006,20885037596.6963
Ghana,,2005,10744568381.4456
Ghana,,2004,8881417906.71432
Ghana,,2003,7632723555.66221
Ghana,,2002,6166197847.85031
Ghana,,2001,5314872854.4405
Ghana,,2000,4982850662.20851
Ghana,,1999,7718109982.26093
Ghana,,1998,7482069162.42008
Ghana,,1997,6891443192.24985
Ghana,,1996,6932991739.37767
Ghana,,1995,6464382807.67884
Ghana,,1994,5446383726.77047
Ghana,,1993,5968922939.37198
Ghana,,1992,6416103925.83267
Ghana,,1991,6603185267.79643
Ghana,,1990,5889106573.46088
Ghana,,1989,5251858439.874
Ghana,,1988,5197765031.64557
Ghana,,1987,5074829931.97279
Ghana,,1986,5735677433.82683
Ghana,,1985,4504306722.68908
Ghana,,1984,4412279843.44423
Ghana,,1983,4057275132.27513
Ghana,,1982,4035994397.7591
Ghana,,1981,4222441860.46512
Ghana,,1980,4445228215.76763
Ghana,,1979,4020227920.22792
Ghana,,1978,3662478184.99127
Ghana,,1977,3189428571.42857
Ghana,,1976,2765254237.28814
Ghana,,1975,2810106382.97872
Ghana,,1974,2894409937.8882
Ghana,,1973,3006766758.43977
Ghana,,1972,2112293279.98507
Ghana,,1971,2417108577.52739
Ghana,,1970,2215028588.45646
Ghana,,1969,1962050555.7775
Ghana,,1968,1666909517.65205
Ghana,,1967,1747187644.9031
Ghana,,1966,2126300672.22965
Ghana,,1965,2053462968.0426
Ghana,,1964,1731296199.52296
Ghana,,1963,1540797588.57221
Ghana,,1962,1382515654.47343
Ghana,,1961,1302674324.88378
Ghana,,1960,1217230094.97205
Greece,,2025,280635521324.441
Greece,,2024,256238371778.118
Greece,,2023,242946187738.269
Greece,,2022,217990189600.69
Greece,,2021,218303801895.326
Greece,,2020,191362985554.861
Greece,,2019,207305649887.019
Greece,,2018,213298873494.394
Greece,,2017,200381103984.298
Greece,,2016,193097239005.87
Greece,,2015,194567373678.099
Greece,,2014,233911581521.062
Greece,,2013,236556279640.705
Greece,,2012,238841140018.233
Greece,,2011,283228079776.041
Greece,,2010,296417644404.034
Greece,,2009,326829054686.306
Greece,,2008,351121399546.485
Greece,,2007,314226996944.108
Greece,,2006,269073415333.676
Greece,,2005,242315668619.405
Greece,,2004,234979615898.225
Greece,,2003,196930509813.384
Greece,,2002,150253800085.865
Greece,,2001,132050474720.03
Greece,,2000,125760166224.805
Greece,,1999,137131371955.307
Greece,,1998,139612812175.718
Greece,,1997,138766067640.085
Greece,,1996,142502984144.96
Greece,,1995,134974613913.811
Greece,,1994,114980063202.247
Greece,,1993,107295704518.43
Greece,,1992,114608178405.434
Greece,,1991,103680863712.844
Greece,,1990,96529587274.2906
Greece,,1989,78067933277.3815
Greece,,1988,75200610136.9205
Greece,,1987,64739630095.6215
Greece,,1986,55595445472.2493
Greece,,1985,47155741426.1041
Greece,,1984,47352146311.971
Greece,,1983,48741397058.8235
Greece,,1982,53858346938.7755
Greece,,1981,51618456334.5633
Greece,,1980,56039256594.7242
Greece,,1979,53724121435.1426
Greece,,1978,43654480519.4805
Greece,,1977,35673080481.0361
Greece,,1976,30719552238.806
Greece,,1975,28129128586.61
Greece,,1974,24998715909.0909
Greece,,1973,22037019562.7158
Greece,,1972,16650659090.9091
Greece,,1971,14388806818.1818
Greece,,1970,12957113636.3636
Greece,,1969,11454106327.0756
Greece,,1968,9950331205.83108
Greece,,1967,9146592855.683
Greece,,1966,8472021466.86847
Greece,,1965,7582209670.27425
Greece,,1964,6576906345.11518
Greece,,1963,5813285626.64404
Greece,,1962,5140542929.42067
Greece,,1961,4892397431.33292
Greece,,1960,4274890306.82895
Greenland,,2023,3326543974.39193
Greenland,,2022,3152334771.77992
Greenland,,2021,3293578467.57327
Greenland,,2020,3089625554.40473
Greenland,,2019,2997309971.87623
Greenland,,2018,3055782146.15957
Greenland,,2017,2851613679.03433
Greenland,,2016,2707139544.46695
Greenland,,2015,2499113022.81675
Greenland,,2014,2842065708.35962
Greenland,,2013,2684946990.12448
Greenland,,2012,2609678486.36749
Greenland,,2011,2684461375.46585
Greenland,,2010,2503167187.49305
Greenland,,2009,2529963903.22685
Greenland,,2008,2499092314.41875
Greenland,,2007,2249811295.6608
Greenland,,2006,2013106929.50031
Greenland,,2005,1849802648.36391
Greenland,,2004,1822499769.23938
Greenland,,2003,1558759823.08169
Greenland,,2002,1169136716.03557
Greenland,,2001,1086170703.9816
Greenland,,2000,1068025016.00862
Greenland,,1999,1131555107.04907
Greenland,,1998,1149858069.75766
Greenland,,1997,1072154433.84538
Greenland,,1996,1197515569.08202
Greenland,,1995,1208953287.06598
Greenland,,1994,1005887539.32049
Greenland,,1993,927214151.76793
Greenland,,1992,1037916162.54976
Greenland,,1991,1016500069.25708
Greenland,,1990,1018977280.32928
Greenland,,1989,929799902.191124
Greenland,,1988,898607670.624413
Greenland,,1987,787390408.953269
Greenland,,1986,603016292.686978
Greenland,,1985,412876382.829174
Greenland,,1984,379371901.490374
Greenland,,1983,416184071.019417
Greenland,,1982,402403041.029269
Greenland,,1981,435748993.418421
Greenland,,1980,476051740.773769
Greenland,,1979,420645821.540488
Greenland,,1978,355987433.41569
Greenland,,1977,282269749.160113
Greenland,,1976,240779417.7857
Greenland,,1975,211190630.329609
Greenland,,1974,169918948.629182
Greenland,,1973,140153748.243656
Greenland,,1972,106101297.801272
Greenland,,1971,88466738.2497268
Greenland,,1970,69520026.6666667
Grenada,,2025,1420173228.56948
Grenada,,2024,1351270370.37037
Grenada,,2023,1336418518.51852
Grenada,,2022,1224007407.40741
Grenada,,2021,1122222222.22222
Grenada,,2020,1043411111.11111
Grenada,,2019,1213485185.18519
Grenada,,2018,1166514814.81481
Grenada,,2017,1125685185.18519
Grenada,,2016,1061640740.74074
Grenada,,2015,997007407.407407
Grenada,,2014,911496296.296296
Grenada,,2013,842618518.518518
Grenada,,2012,799881481.481481
Grenada,,2011,778655555.555555
Grenada,,2010,771014814.814815
Grenada,,2009,771275555.555555
Grenada,,2008,825976037.037037
Grenada,,2007,758683592.592593
Grenada,,2006,698700666.666667
Grenada,,2005,695555555.555555
Grenada,,2004,599118592.592593
Grenada,,2003,591018407.407407
Grenada,,2002,540336925.925926
Grenada,,2001,520444185.185185
Grenada,,2000,520044370.37037
Grenada,,1999,482009370.37037
Grenada,,1998,445903592.592593
Grenada,,1997,392190592.592593
Grenada,,1996,366911444.444444
Grenada,,1995,342172518.518519
Grenada,,1994,325111814.814815
Grenada,,1993,309812185.185185
Grenada,,1992,310160444.444444
Grenada,,1991,300757888.888889
Grenada,,1990,278098762.962963
Grenada,,1989,267327642.222222
Grenada,,1988,236357523.703704
Grenada,,1987,215009569.62963
Grenada,,1986,187589522.592593
Grenada,,1985,167728455.185185
Grenada,,1984,145533310.740741
Grenada,,1983,131803552.222222
Grenada,,1982,125435590.0
Grenada,,1981,115651918.888889
Grenada,,1980,110900457.037037
Grenada,,1979,102244362.222222
Grenada,,1978,88322386.2962963
Grenada,,1977,71494495.1851852
Guatemala,,2025,123306008821.471
Guatemala,,2024,113215575150.885
Guatemala,,2023,104298081428.769
Guatemala,,2022,95609727055.5754
Guatemala,,2021,86455522272.7383
Guatemala,,2020,77719468248.3666
Guatemala,,2019,77172331693.4093
Guatemala,,2018,73328356007.6152
Guatemala,,2017,71653780740.4226
Guatemala,,2016,66053408205.8838
Guatemala,,2015,62186066547.6566
Guatemala,,2014,57852159007.6243
Guatemala,,2013,52996420177.4409
Guatemala,,2012,49593929487.1263
Guatemala,,2011,46876006272.2387
Guatemala,,2010,40676578423.4871
Guatemala,,2009,37126148264.6383
Guatemala,,2008,38503720224.3166
Guatemala,,2007,33567850824.1039
Guatemala,,2006,29744246827.1839
Guatemala,,2005,26783389293.922
Guatemala,,2004,23577298094.6571
Guatemala,,2003,21576351798.9145
Guatemala,,2002,20444205991.025
Guatemala,,2001,18405220247.4412
Guatemala,,2000,19288929030.0508
Guatemala,,1999,18318412251.3642
Guatemala,,1998,19395491992.9939
Guatemala,,1997,17790026221.6139
Guatemala,,1996,15674835615.3139
Guatemala,,1995,14655404433.2771
Guatemala,,1994,12983233310.7467
Guatemala,,1993,11400017301.4587
Guatemala,,1992,10440781587.5435
Guatemala,,1991,9406135143.41165
Guatemala,,1990,7650196845.21546
Guatemala,,1989,8410724360.79545
Guatemala,,1988,7841602824.42748
Guatemala,,1987,7084399840.0
Guatemala,,1986,7231963515.98174
Guatemala,,1985,9721652086.95652
Guatemala,,1984,9470000100.0
Guatemala,,1983,9050000400.0
Guatemala,,1982,8716999700.0
Guatemala,,1981,8607500300.0
Guatemala,,1980,7878700000.0
Guatemala,,1979,6902600200.0
Guatemala,,1978,6070600200.0
Guatemala,,1977,5480500200.0
Guatemala,,1976,4365300200.0
Guatemala,,1975,3645900000.0
Guatemala,,1974,3161499900.0
Guatemala,,1973,2569200100.0
Guatemala,,1972,2101300000.0
Guatemala,,1971,1984800000.0
Guatemala,,1970,1904000000.0
Guatemala,,1969,1715399900.0
Guatemala,,1968,1610500000.0
Guatemala,,1967,1453500000.0
Guatemala,,1966,1390700000.0
Guatemala,,1965,1331399900.0
Guatemala,,1964,1299099900.0
Guatemala,,1963,1262800000.0
Guatemala,,1962,1143600000.0
Guatemala,,1961,1076699900.0
Guatemala,,1960,1043599900.0
Guinea,,2025,28346024753.2924
Guinea,,2024,25008678293.4073
Guinea,,2023,22407615556.0571
Guinea,,2022,19910452541.9219
Guinea,,2021,17069115737.8259
Guinea,,2020,14088693742.9464
Guinea,,2019,13442861496.4454
Guinea,,2018,11857030366.7891
Guinea,,2017,10324668271.1362
Guinea,,2016,8595955222.49719
Guinea,,2015,8794201742.84609
Guinea,,2014,8778473372.82124
Guinea,,2013,8376613539.28278
Guinea,,2012,7638044556.84656
Guinea,,2011,6785137203.33153
Guinea,,2010,6853467145.53089
Guinea,,2009,6716905339.73136
Guinea,,2008,6964179983.17212
Guinea,,2007,6281918226.34408
Guinea,,2006,4220019845.26341
Guinea,,2005,4282468636.90501
Guinea,,2004,5300767960.51572
Guinea,,2003,5025167975.26363
Guinea,,2002,4301608752.51396
Guinea,,2001,4125527603.22908
Guinea,,2000,4367458866.71537
Guinea,,1999,5046806782.54761
Guinea,,1998,5232118046.3713
Guinea,,1997,5516916163.0949
Guinea,,1996,5641243099.76661
Guinea,,1995,5385704166.43341
Guinea,,1994,4932800406.92974
Guinea,,1993,4781166116.51789
Guinea,,1992,4789220416.70641
Guinea,,1991,4396178694.1535
Guinea,,1990,3888320665.52218
Guinea,,1989,3546079262.94987
Guinea,,1988,3476480303.12273
Guinea,,1987,2976714019.06852
Guinea,,1986,2909130355.238
Guinea,,1985,22787644565.9059
Guinea,,1984,18421497251.1767
Guinea,,1983,15129893722.3449
Guinea,,1982,11926032493.4301
Guinea,,1981,9646440666.52864
Guinea,,1980,9746524915.08071
Guinea,,1979,8877094497.44971
Guinea,,1978,8087305999.0597
Guinea,,1977,6914381290.57116
Guinea,,1976,6762781870.6211
Guinea,,1975,6102769605.43001
Guinea,,1974,5691417541.33871
Guinea,,1973,5152080387.55572
Guinea,,1972,4203069035.01427
Guinea,,1971,3594302908.06164
Guinea,,1970,3220224607.81851
Guinea-Bissau,,2025,2527930272.92988
Guinea-Bissau,,2024,2197777209.94218
Guinea-Bissau,,2023,2076748678.11987
Guinea-Bissau,,2022,1856239954.81555
Guinea-Bissau,,2021,1907611288.23036
Guinea-Bissau,,2020,1705062169.81422
Guinea-Bissau,,2019,1596214680.12925
Guinea-Bissau,,2018,1554133593.91699
Guinea-Bissau,,2017,1469978606.12143
Guinea-Bissau,,2016,1245074264.10396
Guinea-Bissau,,2015,1152384166.79638
Guinea-Bissau,,2014,1135250721.0374
Guinea-Bissau,,2013,1109682824.13594
Guinea-Bissau,,2012,1049412177.11413
Guinea-Bissau,,2011,1157074319.19388
Guinea-Bissau,,2010,940112538.936436
Guinea-Bissau,,2009,890167833.369849
Guinea-Bissau,,2008,952667544.037289
Guinea-Bissau,,2007,753162998.015113
Guinea-Bissau,,2006,634781901.251494
Guinea-Bissau,,2005,639776040.688424
Guinea-Bissau,,2004,582169841.298304
Guinea-Bissau,,2003,553614800.145707
Guinea-Bissau,,2002,466773711.235579
Guinea-Bissau,,2001,412610871.509121
Guinea-Bissau,,2000,391345597.488269
Guinea-Bissau,,1999,579365780.135134
Guinea-Bissau,,1998,591034143.426384
Guinea-Bissau,,1997,698107222.422492
Guinea-Bissau,,1996,702965147.568054
Guinea-Bissau,,1995,660195402.013602
Guinea-Bissau,,1994,612502084.797565
Guinea-Bissau,,1993,615779518.807114
Guinea-Bissau,,1992,588309271.28603
Guinea-Bissau,,1991,668470890.785147
Guinea-Bissau,,1990,634187269.235013
Guinea-Bissau,,1989,554072302.828333
Guinea-Bissau,,1988,427514321.528126
Guinea-Bissau,,1987,451893374.95907
Guinea-Bissau,,1986,338524232.567315
Guinea-Bissau,,1985,373959151.148591
Guinea-Bissau,,1984,359980490.728569
Guinea-Bissau,,1983,425225176.812165
Guinea-Bissau,,1982,430284021.883771
Guinea-Bissau,,1981,402230865.151515
Guinea-Bissau,,1980,287648258.258297
Guinea-Bissau,,1979,308143183.311819
Guinea-Bissau,,1978,318876550.432277
Guinea-Bissau,,1977,298871674.860041
Guinea-Bissau,,1976,292152321.493146
Guinea-Bissau,,1975,283311996.82299
Guinea-Bissau,,1974,256769730.263158
Guinea-Bissau,,1973,232331281.355932
Guinea-Bissau,,1972,227986203.29754
Guinea-Bissau,,1971,204167296.856603
Guinea-Bissau,,1970,204670550.76064
Guyana,,2025,27097477218.2254
Guyana,,2024,24662714628.2974
Guyana,,2023,16918503597.1223
Guyana,,2022,14718388489.2086
Guyana,,2021,8041362110.31175
Guyana,,2020,5471256594.72422
Guyana,,2019,5173760191.84652
Guyana,,2018,4787636997.85343
Guyana,,2017,4748174334.14044
Guyana,,2016,4482697336.56174
Guyana,,2015,4279840193.7046
Guyana,,2014,4127660151.8087
Guyana,,2013,4167800928.83553
Guyana,,2012,4063088535.76331
Guyana,,2011,3691384317.52178
Guyana,,2010,3432912516.92427
Guyana,,2009,3165663152.73351
Guyana,,2008,3025187433.33637
Guyana,,2007,2730971595.39574
Guyana,,2006,2379817990.6918
Guyana,,2005,824880550.343965
Guyana,,2004,787814379.183843
Guyana,,2003,743063950.317749
Guyana,,2002,726131434.715338
Guyana,,2001,712167450.162898
Guyana,,2000,712667896.727512
Guyana,,1999,694754988.258295
Guyana,,1998,717530683.169567
Guyana,,1997,749138009.56454
Guyana,,1996,705406001.424501
Guyana,,1995,621626785.915493
Guyana,,1994,545278380.33261
Guyana,,1993,454101382.488479
Guyana,,1992,373573141.486811
Guyana,,1991,348533094.812165
Guyana,,1990,396582263.291139
Guyana,,1989,379779389.705882
Guyana,,1988,413799990.0
Guyana,,1987,354591846.938775
Guyana,,1986,504651139.534884
Guyana,,1985,453488372.093023
Guyana,,1984,437631605.263158
Guyana,,1983,489333333.333333
Guyana,,1982,482000000.0
Guyana,,1981,570357107.142857
Guyana,,1980,603200000.0
Guyana,,1979,530440000.0
Guyana,,1978,507080000.0
Guyana,,1977,449880000.0
Guyana,,1976,454440000.0
Guyana,,1975,494791666.666667
Guyana,,1974,433954545.454545
Guyana,,1973,307047619.047619
Guyana,,1972,285380952.380952
Guyana,,1971,282050000.0
Guyana,,1970,267800000.0
Guyana,,1969,249300000.0
Guyana,,1968,229750000.0
Guyana,,1967,250176470.588235
Guyana,,1966,228705882.352941
Guyana,,1965,213235294.117647
Guyana,,1964,194774513.063717
Guyana,,1963,175757893.938598
Guyana,,1962,194949512.626218
Guyana,,1961,185849535.376162
Guyana,,1960,170216241.126064
Haiti,,2025,32077278409.2339
Haiti,,2024,24255657481.2502
Haiti,,2023,19572288894.1581
Haiti,,2022,20113007125.93
Haiti,,2021,20754978152.2134
Haiti,,2020,14508222518.3018
Haiti,,2019,15016090929.5125
Haiti,,2018,16403864617.8458
Haiti,,2017,15093357161.1498
Haiti,,2016,14069277526.2278
Haiti,,2015,14849629308.6025
Haiti,,2014,15146883497.6331
Haiti,,2013,14902488604.2421
Haiti,,2012,13708925477.1304
Haiti,,2011,13008746038.8867
Haiti,,2010,11859312725.1448
Haiti,,2009,11597002834.7786
Haiti,,2008,10432962634.8748
Haiti,,2007,9228637767.69009
Haiti,,2006,7638739122.67242
Haiti,,2005,7030149730.33692
Haiti,,2004,6087360684.2969
Haiti,,2003,5071947798.27263
Haiti,,2002,6205847213.6351
Haiti,,2001,6331970324.31022
Haiti,,2000,6813566098.8675
Haiti,,1999,4153725883.84082
Haiti,,1998,3723903723.63772
Haiti,,1997,3338949151.59927
Haiti,,1996,2907517603.76719
Haiti,,1995,2813313278.81082
Haiti,,1994,2167569046.11837
Haiti,,1993,1878253767.31305
Haiti,,1992,2257129791.61575
Haiti,,1991,3473562627.79423
Haiti,,1990,3096289800.0
Haiti,,1989,2736243800.0
Haiti,,1988,2613926800.0
Haiti,,1987,2047200000.0
Haiti,,1986,2318000000.0
Haiti,,1985,2009400000.0
Haiti,,1984,1816200000.0
Haiti,,1983,1623600000.0
Haiti,,1982,1474200000.0
Haiti,,1981,1479400000.0
Haiti,,1980,1383800000.0
Haiti,,1979,1080600000.0
Haiti,,1978,974200000.0
Haiti,,1977,947000000.0
Haiti,,1976,879000000.0
Haiti,,1975,681400000.0
Haiti,,1974,565399321.520814
Haiti,,1973,466798973.042259
Haiti,,1972,371998958.402916
Haiti,,1971,362800000.0
Haiti,,1970,331200000.0
Haiti,,1969,391820400.0
Haiti,,1968,367968800.0
Haiti,,1967,369124200.0
Haiti,,1966,368948600.0
Haiti,,1965,353251800.0
Haiti,,1964,325281200.0
Haiti,,1963,294883400.0
Haiti,,1962,281896800.0
Haiti,,1961,271066000.0
Haiti,,1960,273187200.0
Honduras,,2025,39601409103.3005
Honduras,,2024,36980171442.0603
Honduras,,2023,34355805527.9795
Honduras,,2022,31426041806.7985
Honduras,,2021,28144331506.6149
Honduras,,2020,23352232483.755
Honduras,,2019,24882225741.8119
Honduras,,2018,24067750760.499
Honduras,,2017,23136247990.5977
Honduras,,2016,21717604952.1835
Honduras,,2015,20979791685.416
Honduras,,2014,19756533971.8698
Honduras,,2013,18499729214.904
Honduras,,2012,18528554397.5695
Honduras,,2011,17710275685.4074
Honduras,,2010,15839344591.9842
Honduras,,2009,14587496229.1811
Honduras,,2008,13881731875.7466
Honduras,,2007,12361257680.5627
Honduras,,2006,10917477066.1429
Honduras,,2005,9757012696.56212
Honduras,,2004,8869299234.3377
Honduras,,2003,8230391346.67228
Honduras,,2002,7858255412.86038
Honduras,,2001,7651162302.3456
Honduras,,2000,7186638029.05875
Honduras,,1999,6394090592.33449
Honduras,,1998,6163707533.23486
Honduras,,1997,5569178707.22433
Honduras,,1996,4798834459.45946
Honduras,,1995,4672346193.95203
Honduras,,1994,4105686899.43868
Honduras,,1993,4190773622.25871
Honduras,,1992,4122846905.18198
Honduras,,1991,3699381195.10223
Honduras,,1990,3734460116.73152
Honduras,,1989,4375896551.72414
Honduras,,1988,4892660944.20601
Honduras,,1987,5024800000.0
Honduras,,1986,4706100000.0
Honduras,,1985,4328300000.0
Honduras,,1984,4029900000.0
Honduras,,1983,3840550000.0
Honduras,,1982,3619500000.0
Honduras,,1981,3501800000.0
Honduras,,1980,3184400000.0
Honduras,,1979,2778900000.0
Honduras,,1978,2393650000.0
Honduras,,1977,1900700000.0
Honduras,,1976,1589300000.0
Honduras,,1975,1330050000.0
Honduras,,1974,1243000000.0
Honduras,,1973,1128299435.85028
Honduras,,1972,1030645362.09587
Honduras,,1971,958450000.0
Honduras,,1970,904400000.0
Honduras,,1969,844400000.0
Honduras,,1968,815450000.0
Honduras,,1967,750950000.0
Honduras,,1966,692150000.0
Honduras,,1965,651050000.0
Honduras,,1964,591100000.0
Honduras,,1963,553500000.0
Honduras,,1962,532450000.0
Honduras,,1961,503300000.0
Honduras,,1960,475650000.0
Hungary,,2025,246490213513.054
Hungary,,2024,222848211034.367
Hungary,,2023,213029511028.874
Hungary,,2022,177002580544.155
Hungary,,2021,183282685440.486
Hungary,,2020,158468487754.196
Hungary,,2019,164936682033.992
Hungary,,2018,161184691013.835
Hungary,,2017,143335098991.862
Hungary,,2016,128983560865.293
Hungary,,2015,125244126623.289
Hungary,,2014,141128696412.321
Hungary,,2013,135646053778.582
Hungary,,2012,128470269689.958
Hungary,,2011,141712804953.868
Hungary,,2010,131898737241.166
Hungary,,2009,130807441076.16
Hungary,,2008,158228265915.534
Hungary,,2007,140123326896.329
Hungary,,2006,115604111412.139
Hungary,,2005,113098237570.929
Hungary,,2004,104015363080.271
Hungary,,2003,85190469121.074
Hungary,,2002,67636468625.0428
Hungary,,2001,53800068065.7969
Hungary,,2000,47275954428.9586
Hungary,,1999,49160204397.4635
Hungary,,1998,48784412623.5939
Hungary,,1997,47398564799.2496
Hungary,,1996,46833767123.6915
Hungary,,1995,46577614588.9926
Hungary,,1994,43307949890.4603
Hungary,,1993,40256233360.3817
Hungary,,1992,38857339124.9084
Hungary,,1991,34867307352.646
Hungary,,1990,34478360678.756
Hungary,,1989,30422508937.567
Hungary,,1988,29799838597.4079
Hungary,,1987,27232016527.4237
Hungary,,1986,24778163812.0131
Hungary,,1985,21510643750.177
Hungary,,1984,21242726264.4854
Hungary,,1983,21910365258.2514
Hungary,,1982,24141667188.0517
Hungary,,1981,23705883891.9445
Hungary,,1980,23116977148.0216
Hungary,,1979,19959731324.801
Hungary,,1978,17286744153.707
Hungary,,1977,14783674054.829
Hungary,,1976,13235612078.8396
Hungary,,1975,11420392514.6172
Hungary,,1974,10016338178.9993
Hungary,,1973,9138292402.1882
Hungary,,1972,7379313742.13684
Hungary,,1971,6291568220.79393
Hungary,,1970,5780929202.60333
Hungary,,1969,5429812386.53195
Hungary,,1968,4886222554.66355
Iceland,,2025,38582528789.0033
Iceland,,2024,33186621855.0053
Iceland,,2023,31701996433.7807
Iceland,,2022,29176227825.4736
Iceland,,2021,26234872402.457
Iceland,,2020,22034665040.7901
Iceland,,2019,24985687022.0452
Iceland,,2018,26677652544.3499
Iceland,,2017,25060086487.8901
Iceland,,2016,21083713310.457
Iceland,,2015,17700486957.1907
Iceland,,2014,18052183514.8695
Iceland,,2013,16244319958.6808
Iceland,,2012,14943757823.3226
Iceland,,2011,15394005872.149
Iceland,,2010,13922711576.5124
Iceland,,2009,13212543837.5133
Iceland,,2008,18247921360.2599
Iceland,,2007,21960110030.4426
Iceland,,2006,17671649843.2602
Iceland,,2005,17146410560.5279
Iceland,,2004,13963943244.0018
Iceland,,2003,11564687741.9859
Iceland,,2002,9416199699.54736
Iceland,,2001,8323401820.48477
Iceland,,2000,9140168922.35677
Iceland,,1999,9107644690.76647
Iceland,,1998,8637732541.50677
Iceland,,1997,7716781803.07823
Iceland,,1996,7686566105.26316
Iceland,,1995,7372640168.67697
Iceland,,1994,6612804055.79289
Iceland,,1993,6435952173.86159
Iceland,,1992,7328497599.30768
Iceland,,1991,7151260062.07169
Iceland,,1990,6694851159.32729
Iceland,,1989,5870854233.21143
Iceland,,1988,6320093411.44744
Iceland,,1987,5713281235.45655
Iceland,,1986,4129080094.00499
Iceland,,1985,3088359966.94589
Iceland,,1984,2964568005.62888
Iceland,,1983,2862634163.62085
Iceland,,1982,3318714326.1952
Iceland,,1981,3615094820.1877
Iceland,,1980,3499616683.34167
Iceland,,1979,2953176971.07204
Iceland,,1978,2599627088.63561
Iceland,,1977,2285707748.78061
Iceland,,1976,1727845419.11401
Iceland,,1975,1456052700.06506
Iceland,,1974,1568154077.03852
Iceland,,1973,1194794186.17552
Iceland,,1972,869002945.841831
Iceland,,1971,693679545.454545
Iceland,,1970,545115909.090909
Iceland,,1969,435659609.943615
Iceland,,1968,498365199.686946
Iceland,,1967,652609075.682946
Iceland,,1966,660663763.278256
Iceland,,1965,550150987.996732
Iceland,,1964,456206298.792753
Iceland,,1963,357240895.712432
Iceland,,1962,299309938.066264
Iceland,,1961,266711460.241466
Iceland,,1960,260984498.826389
India,,2025,3956067115771.63
India,,2024,3760813470500.86
India,,2023,3500906030644.76
India,,2022,3249938492013.47
India,,2021,3167270623260.47
India,,2020,2674851578587.27
India,,2019,2835606256558.19
India,,2018,2702929641648.74
India,,2017,2651474262755.45
India,,2016,2294796885663.16
India,,2015,2103588360044.94
India,,2014,2039126479154.52
India,,2013,1856721507621.58
India,,2012,1827637590410.41
India,,2011,1823051829894.55
India,,2010,1675615519484.96
India,,2009,1341888016994.9
India,,2008,1198895139005.92
India,,2007,1216736438834.96
India,,2006,940259888787.721
India,,2005,820383763511.445
India,,2004,709152728830.775
India,,2003,607700687237.318
India,,2002,514939140318.756
India,,2001,485440139204.171
India,,2000,468395521654.458
India,,1999,458821052615.79
India,,1998,421351317224.941
India,,1997,415867563592.829
India,,1996,392896866204.516
India,,1995,360281909643.489
India,,1994,327274843459.429
India,,1993,279295648982.529
India,,1992,288208070278.013
India,,1991,270105341879.226
India,,1990,320979026420.035
India,,1989,296042052944.66
India,,1988,296589670895.932
India,,1987,279033584092.223
India,,1986,248985994040.59
India,,1985,232511554840.372
India,,1984,212157645177.652
India,,1983,218262146413.158
India,,1982,200715624830.902
India,,1981,193491368445.573
India,,1980,186328579302.068
India,,1979,152995442497.709
India,,1978,137302319828.995
India,,1977,121486641441.309
India,,1976,102716451979.68
India,,1975,98473832017.3242
India,,1974,99526597933.6331
India,,1973,85517673172.5513
India,,1972,71464700666.9869
India,,1971,67351404351.833
India,,1970,62422483054.6667
India,,1969,58447995017.3333
India,,1968,53085455870.6667
India,,1967,50134942204.0
India,,1966,45581230504.071
India,,1965,59556105229.0052
India,,1964,56480289940.9899
India,,1963,48421923459.1235
India,,1962,42161481858.0819
India,,1961,39232435784.0358
India,,1960,37029883876.1839
Indonesia,,2025,1445642584163.81
Indonesia,,2024,1396301788461.69
Indonesia,,2023,1371166925749.88
Indonesia,,2022,1319101183380.15
Indonesia,,2021,1186509691086.73
Indonesia,,2020,1059054842698.48
Indonesia,,2019,1119099871350.2
Indonesia,,2018,1042271532988.63
Indonesia,,2017,1015618744159.73
Indonesia,,2016,931877364037.698
Indonesia,,2015,860854232686.214
Indonesia,,2014,890814755533.537
Indonesia,,2013,912524136718.018
Indonesia,,2012,917869913332.649
Indonesia,,2011,892969104563.171
Indonesia,,2010,755094157621.936
Indonesia,,2009,539580085612.401
Indonesia,,2008,510228634992.258
Indonesia,,2007,432216737774.861
Indonesia,,2006,364570515618.357
Indonesia,,2005,285868619196.085
Indonesia,,2004,256836875295.452
Indonesia,,2003,234772463823.808
Indonesia,,2002,195660611165.183
Indonesia,,2001,160446947784.909
Indonesia,,2000,165021012077.81
Indonesia,,1999,140001351215.462
Indonesia,,1998,95445547872.715
Indonesia,,1997,215748998609.635
Indonesia,,1996,227369679374.973
Indonesia,,1995,202132028723.115
Indonesia,,1994,176892143931.505
Indonesia,,1993,158006700301.533
Indonesia,,1992,128026966579.964
Indonesia,,1991,116621996217.133
Indonesia,,1990,106140727333.636
Indonesia,,1989,94451427876.6628
Indonesia,,1988,84300174485.7973
Indonesia,,1987,75929617557.7521
Indonesia,,1986,79954072544.5279
Indonesia,,1985,85289488375.4435
Indonesia,,1984,84853700027.651
Indonesia,,1983,81052283383.7155
Indonesia,,1982,90158449294.9921
Indonesia,,1981,85518233419.0479
Indonesia,,1980,72482337397.4439
Indonesia,,1979,51400186342.8889
Indonesia,,1978,51455719075.8254
Indonesia,,1977,45808915662.6506
Indonesia,,1976,37269156626.506
Indonesia,,1975,30463855421.6867
Indonesia,,1974,25802409638.5542
Indonesia,,1973,16273253012.0482
Indonesia,,1972,10997590361.4458
Indonesia,,1971,9333536369.94567
Indonesia,,1970,9150684931.50685
Indonesia,,1969,8337423312.88344
Indonesia,,1968,7076465299.81141
Indonesia,,1967,5667756627.92093
Iran,,2025,362682115433.364
Iran,,2024,475252089215.416
Iran,,2023,457510482317.483
Iran,,2022,422662261525.665
Iran,,2021,407350685583.335
Iran,,2020,280934329279.723
Iran,,2019,347988400957.999
Iran,,2018,411903303606.044
Iran,,2017,510239893417.645
Iran,,2016,478618064870.999
Iran,,2015,409191686496.677
Iran,,2014,462284793280.825
Iran,,2013,500399839839.877
Iran,,2012,644019315003.54
Iran,,2011,629082257472.368
Iran,,2010,487069570463.768
Iran,,2009,414059094949.063
Iran,,2008,406070949553.875
Iran,,2007,349736591832.418
Iran,,2006,265602187403.643
Iran,,2005,224970371324.67
Iran,,2004,187754571247.666
Iran,,2003,151911222119.488
Iran,,2002,128626917503.72
Iran,,2001,126878750295.944
Iran,,2000,109591707802.216
Iran,,1999,113848450088.351
Iran,,1998,110276913362.508
Iran,,1997,113919163421.155
Iran,,1996,120403931885.441
Iran,,1995,96419225743.6737
Iran,,1994,71841461172.5964
Iran,,1993,63743623232.012
Iran,,1992,119768691216.667
Iran,,1991,131637664958.014
Iran,,1990,124813263926.225
Iran,,1989,120496362916.271
Iran,,1988,123057861333.908
Iran,,1987,134009995923.169
Iran,,1986,209094561833.48
Iran,,1985,180183629599.684
Iran,,1984,162276728619.519
Iran,,1983,156365156618.241
Iran,,1982,125948756439.485
Iran,,1981,100499312749.923
Iran,,1980,94362275580.0229
Iran,,1979,90391877325.9285
Iran,,1978,77994316621.4814
Iran,,1977,80600122701.9632
Iran,,1976,68055295080.7538
Iran,,1975,51776222349.8869
Iran,,1974,46209092072.1383
Iran,,1973,27081698249.5083
Iran,,1972,17153463263.1086
Iran,,1971,13731802833.0363
Iran,,1970,10976245153.5894
Iran,,1969,9743089607.49587
Iran,,1968,8623172959.89803
Iran,,1967,7555383690.16
Iran,,1966,6789938671.75094
Iran,,1965,6197319929.04038
Iran,,1964,5379845647.70139
Iran,,1963,4928628018.38759
Iran,,1962,4693566416.48346
Iran,,1961,4426949094.8403
Iran,,1960,4199134389.9037
Iraq,,2025,254367293538.462
Iraq,,2024,279641257615.385
Iraq,,2023,268881051643.549
Iraq,,2022,287372232137.931
Iraq,,2021,209691945713.103
Iraq,,2020,180898797516.874
Iraq,,2019,233636097800.338
Iraq,,2018,227367469034.031
Iraq,,2017,187217660050.676
Iraq,,2016,166743557747.671
Iraq,,2015,166774104959.102
Iraq,,2014,228415656174.957
Iraq,,2013,234637675128.645
Iraq,,2012,218002476129.472
Iraq,,2011,185749664444.444
Iraq,,2010,138516722649.573
Iraq,,2009,111657580326.315
Iraq,,2008,131614434153.505
Iraq,,2007,88837057319.5179
Iraq,,2006,65147051918.0219
Iraq,,2005,50065104667.8159
Iraq,,2004,36633669269.3981
Iraq,,2003,21921569478.8163
Iraq,,2002,32928454672.4246
Iraq,,2001,36176430128.8057
Iraq,,2000,48364250943.9051
Iraq,,1999,36881601583.8194
Iraq,,1998,20617405044.2425
Iraq,,1997,20764857056.3795
Iraq,,1996,10433698621.3427
Iraq,,1995,12894029888.1122
Iraq,,1994,3991349282.75729
Iraq,,1993,1031944881.13189
Iraq,,1992,553671957.671958
Iraq,,1991,407796349.663785
Iraq,,1990,180408064516.129
Iraq,,1989,65831935483.871
Iraq,,1988,62684516129.0323
Iraq,,1987,56774193548.3871
Iraq,,1986,47264516129.0323
Iraq,,1985,48425161290.3226
Iraq,,1984,46938387096.7742
Iraq,,1983,40712903225.8064
Iraq,,1982,42382333333.3333
Iraq,,1981,37823000000.0
Iraq,,1980,52569000000.0
Iraq,,1979,37816457839.4853
Iraq,,1978,23762275651.8794
Iraq,,1977,19838130714.5276
Iraq,,1976,17754825601.0836
Iraq,,1975,13458516762.6143
Iraq,,1974,11516762614.2906
Iraq,,1973,5134367778.1446
Iraq,,1972,4113848002.40312
Iraq,,1971,3865346534.65347
Iraq,,1970,3281318687.47253
Iraq,,1969,3007758796.89648
Iraq,,1968,2896598841.36046
Iraq,,1967,2551522656.19094
Iraq,,1966,2530306095.87756
Iraq,,1965,2335785506.0858
Iraq,,1964,2136408197.83672
Iraq,,1963,1805901510.0394
Iraq,,1962,1784174540.73018
Iraq,,1961,1671960965.21561
Iraq,,1960,1537252193.09912
Ireland,,2025,721701359046.313
Ireland,,2024,609157459747.205
Ireland,,2023,567372737459.116
Ireland,,2022,548341794599.09
Ireland,,2021,530394123829.763
Ireland,,2020,436009027818.948
Ireland,,2019,407211793800.713
Ireland,,2018,395780319816.603
Ireland,,2017,348355212568.515
Ireland,,2016,305431252708.748
Ireland,,2015,302101388556.271
Ireland,,2014,266490442124.309
Ireland,,2013,242924245718.756
Ireland,,2012,226921827888.137
Ireland,,2011,240975871046.644
Ireland,,2010,221732824603.484
Ireland,,2009,236443115853.695
Ireland,,2008,275447471451.063
Ireland,,2007,270079279419.5
Ireland,,2006,232180617162.279
Ireland,,2005,211876989655.907
Ireland,,2004,194372115041.065
Ireland,,2003,164670771259.602
Ireland,,2002,128596035288.401
Ireland,,2001,109346669229.695
Ireland,,2000,100207610429.909
Ireland,,1999,98893958262.6438
Ireland,,1998,90199410115.5097
Ireland,,1997,82856648758.3572
Ireland,,1996,75790786290.3226
Ireland,,1995,69139823232.3232
Ireland,,1994,57097656065.96
Ireland,,1993,52417477613.676
Ireland,,1992,55918538121.3989
Ireland,,1991,49787501584.4847
Ireland,,1990,49305632408.4929
Ireland,,1989,39238392677.7542
Ireland,,1988,37772896220.7559
Ireland,,1987,33920518492.5094
Ireland,,1986,28714571852.4799
Ireland,,1985,21270013325.5601
Ireland,,1984,20106648454.8404
Ireland,,1983,20766047763.5314
Ireland,,1982,21474752962.2178
Ireland,,1981,20670190138.1671
Ireland,,1980,21747855640.0712
Ireland,,1979,18319334300.4513
Ireland,,1978,14647996073.6937
Ireland,,1977,11248340431.3779
Ireland,,1976,9453756014.71837
Ireland,,1975,9483808362.36934
Ireland,,1974,7896860614.98803
Ireland,,1973,7481173065.79201
Ireland,,1972,6318060582.21873
Ireland,,1971,5098250287.46646
Ireland,,1970,4395995085.99509
Ireland,,1969,3902721631.54663
Ireland,,1968,3378701146.84197
Ireland,,1967,3445739914.73101
Ireland,,1966,3198820903.82796
Ireland,,1965,3035655793.5247
Ireland,,1964,2851091646.43165
Ireland,,1963,2505073357.88508
Ireland,,1962,2329372971.89171
Ireland,,1961,2151772979.96956
Ireland,,1960,1998550221.80554
Israel,,2025,610777842873.595
Israel,,2024,542284494490.778
Israel,,2023,513393395491.904
Israel,,2022,525157951212.871
Israel,,2021,489735019666.026
Israel,,2020,410908899711.272
Israel,,2019,399207771081.611
Israel,,2018,375470422244.408
Israel,,2017,357360816856.642
Israel,,2016,321083954798.337
Israel,,2015,302841190257.708
Israel,,2014,314376760832.047
Israel,,2013,298045324735.571
Israel,,2012,263172104090.976
Israel,,2011,267739352609.375
Israel,,2010,239372857534.485
Israel,,2009,213112649594.385
Israel,,2008,220952472408.027
Israel,,2007,184448882451.742
Israel,,2006,158706516001.616
Israel,,2005,147346035831.272
Israel,,2004,139925423025.435
Israel,,2003,131278887815.375
Israel,,2002,125215963105.239
Israel,,2001,134889159474.047
Israel,,2000,136409902631.643
Israel,,1999,121329240041.549
Israel,,1998,120468659245.809
Israel,,1997,119389303067.2
Israel,,1996,115051957577.467
Israel,,1995,105432315611.198
Israel,,1994,90684108118.4773
Israel,,1993,79806598119.6297
Israel,,1992,79408652426.2417
Israel,,1991,70954941681.4027
Israel,,1990,61978459022.3391
Israel,,1989,52411116587.5339
Israel,,1988,52618458014.4117
Israel,,1987,43022977765.3525
Israel,,1986,35812041619.7269
Israel,,1985,28887898639.3267
Israel,,1984,30626695891.4272
Israel,,1983,32655591256.2516
Israel,,1982,29237231967.3021
Israel,,1981,26865420933.4396
Israel,,1980,25379585067.0486
Israel,,1979,22595788590.6104
Israel,,1978,17690363444.4881
Israel,,1977,18245847440.8558
Israel,,1976,15946502888.1062
Israel,,1975,16131806290.2529
Israel,,1974,17162009923.7605
Israel,,1973,11895229181.3981
Israel,,1972,9216866299.13417
Israel,,1971,7048191875.8085
Israel,,1970,7402142194.51563
Israel,,1969,6293966356.7471
Israel,,1968,5455059532.48967
Israel,,1967,4759447914.25273
Israel,,1966,4700397691.99153
Israel,,1965,4326412951.00393
Israel,,1964,4021861429.6918
Israel,,1963,3533767055.03627
Israel,,1962,2964323617.93817
Israel,,1961,3706297903.07701
Israel,,1960,3068690949.10336
Italy,,2025,2551556954100.35
Italy,,2024,2383435562458.12
Italy,,2023,2316882296366.32
Italy,,2022,2104067630319.46
Italy,,2021,2179207773596.09
Italy,,2020,1907481094079.23
Italy,,2019,2019606796583.53
Italy,,2018,2099435266458.67
Italy,,2017,1970720904584.71
Italy,,2016,1887111188176.93
Italy,,2015,1845428048839.1
Italy,,2014,2173255507985.84
Italy,,2013,2153225581941.46
Italy,,2012,2097929495121.68
Italy,,2011,2306974020278.21
Italy,,2010,2144936254535.0
Italy,,2009,2209484319012.65
Italy,,2008,2417508414187.19
Italy,,2007,2222524108127.65
Italy,,2006,1958563654385.64
Italy,,2005,1864982261286.85
Italy,,2004,1812808753294.75
Italy,,2003,1582930016538.82
Italy,,2002,1281746271196.04
Italy,,2001,1172041488805.87
Italy,,2000,1149661363439.38
Italy,,1999,1255004736463.98
Italy,,1998,1272729786996.77
Italy,,1997,1244988176443.84
Italy,,1996,1314776508972.27
Italy,,1995,1177369428265.78
Italy,,1994,1101750159702.21
Italy,,1993,1067412587670.73
Italy,,1992,1323204350353.5
Italy,,1991,1249092439519.28
Italy,,1990,1183945130898.51
Italy,,1989,930801709003.669
Italy,,1988,893663934840.821
Italy,,1987,807570134448.76
Italy,,1986,641862313287.44
Italy,,1985,453259761687.456
Italy,,1984,438896930791.272
Italy,,1983,444063496940.337
Italy,,1982,428257421617.752
Italy,,1981,431695533980.583
Italy,,1980,478356755595.749
Italy,,1979,394584507107.9
Italy,,1978,315784469541.41
Italy,,1977,258190019749.835
Italy,,1976,225235205861.828
Italy,,1975,228220643534.994
Italy,,1974,200024444775.231
Italy,,1973,175896529392.229
Italy,,1972,145594833997.344
Italy,,1971,124959712858.926
Italy,,1970,113656669764.56
Italy,,1969,100996667239.335
Italy,,1968,91485448147.84
Italy,,1967,84401995573.2456
Italy,,1966,76622444787.3696
Italy,,1965,70717012186.1774
Italy,,1964,65720771779.4768
Italy,,1963,60035924617.9277
Italy,,1962,52413872628.0045
Italy,,1961,46649487320.4225
Italy,,1960,42012422612.3955
Jamaica,,2025,22704903217.5631
Jamaica,,2024,22014429050.9995
Jamaica,,2023,21418797832.8216
Jamaica,,2022,18813516805.214
Jamaica,,2021,15963885376.3537
Jamaica,,2020,15000214216.2439
Jamaica,,2019,17026269262.5307
Jamaica,,2018,16855447986.2221
Jamaica,,2017,15783583236.675
Jamaica,,2016,14898999754.1229
Jamaica,,2015,14963589915.5912
Jamaica,,2014,13899217679.9219
Jamaica,,2013,14264205152.6126
Jamaica,,2012,14807086555.5283
Jamaica,,2011,14444661522.1463
Jamaica,,2010,13220549908.2494
Jamaica,,2009,12120458114.8318
Jamaica,,2008,13709401520.0326
Jamaica,,2007,12799600047.1845
Jamaica,,2006,11930179089.8855
Jamaica,,2005,11243865777.7131
Jamaica,,2004,10174664853.9476
Jamaica,,2003,9430234810.78586
Jamaica,,2002,9719009494.84779
Jamaica,,2001,9194727831.07318
Jamaica,,2000,9005064474.93003
Jamaica,,1999,8887057997.36228
Jamaica,,1998,8787195622.43502
Jamaica,,1997,8400041723.54861
Jamaica,,1996,7393891920.80358
Jamaica,,1995,6577520642.82297
Jamaica,,1994,5452558947.03045
Jamaica,,1993,5440075675.74067
Jamaica,,1992,3535460089.80719
Jamaica,,1991,4106207649.05547
Jamaica,,1990,4592208086.69235
Jamaica,,1989,4404937853.39452
Jamaica,,1988,3828342820.3494
Jamaica,,1987,3287007321.56699
Jamaica,,1986,2754549581.92409
Jamaica,,1985,2100239018.82467
Jamaica,,1984,2373564549.4932
Jamaica,,1983,3619262277.47712
Jamaica,,1982,3293496311.93093
Jamaica,,1981,2979027966.45373
Jamaica,,1980,2679379371.51261
Jamaica,,1979,2425064229.04184
Jamaica,,1978,2644527821.53011
Jamaica,,1977,3249733139.73314
Jamaica,,1976,2966042856.04286
Jamaica,,1975,2860442750.44275
Jamaica,,1974,2375122375.12238
Jamaica,,1973,1905917553.19149
Jamaica,,1972,1875146587.4443
Jamaica,,1971,1539861815.89381
Jamaica,,1970,1404720441.88818
Jamaica,,1969,1191239047.00876
Jamaica,,1968,1083839132.92869
Jamaica,,1967,1148014310.8255
Jamaica,,1966,1096759561.29618
Jamaica,,1965,972159611.136156
Jamaica,,1964,897949000.8204
Jamaica,,1963,826706669.317332
Jamaica,,1962,777727688.908924
Jamaica,,1961,748043500.7826
Jamaica,,1960,699064380.374248
Japan,,2025,4435162999976.94
Japan,,2024,4190008188358.57
Japan,,2023,4384854269961.93
Japan,,2022,4447976207314.78
Japan,,2021,5225933520753.1
Japan,,2020,5189197543645.38
Japan,,2019,5245755000479.03
Japan,,2018,5154293721629.56
Japan,,2017,5038231631660.71
Japan,,2016,5110357383254.44
Japan,,2015,4534438580494.94
Japan,,2014,4985763289560.81
Japan,,2013,5272297037396.96
Japan,,2012,6333803928787.76
Japan,,2011,6279422550218.7
Japan,,2010,5811578109447.07
Japan,,2009,5336765697589.29
Japan,,2008,5160197175876.43
Japan,,2007,4624670179654.96
Japan,,2006,4648058930707.24
Japan,,2005,4875648486366.14
Japan,,2004,4941485123806.53
Japan,,2003,4573413206709.02
Japan,,2002,4245946980572.3
Japan,,2001,4438792748062.4
Japan,,2000,5042381838343.44
Japan,,1999,4688983449627.24
Japan,,1998,4150359076370.48
Japan,,1997,4579780793431.57
Japan,,1996,5021441618840.38
Japan,,1995,5639649753985.77
Japan,,1994,5104063486348.4
Japan,,1993,4632480515091.13
Japan,,1992,4064529567505.43
Japan,,1991,3724887648862.31
Japan,,1990,3252994239867.4
Japan,,1989,3174934735895.64
Japan,,1988,3191546727316.14
Japan,,1987,2635094473494.08
Japan,,1986,2164729071349.48
Japan,,1985,1457070301468.38
Japan,,1984,1374165212365.14
Japan,,1983,1297622008229.49
Japan,,1982,1183132285328.17
Japan,,1981,1271443597066.78
Japan,,1980,1153159955513.08
Japan,,1979,1100608979757.23
Japan,,1978,1057419758047.0
Japan,,1977,752590681821.906
Japan,,1976,611495350303.909
Japan,,1975,544082569363.602
Japan,,1974,500355087138.052
Japan,,1973,450756970744.018
Japan,,1972,331776379991.589
Japan,,1971,250530994765.279
Japan,,1970,221798003144.444
Japan,,1969,188179852752.982
Japan,,1968,160201483788.149
Japan,,1967,135265319098.216
Japan,,1966,115427351851.278
Japan,,1965,99387878007.5325
Japan,,1964,89332989729.3394
Japan,,1963,75945582324.0881
Japan,,1962,66356388224.3747
Japan,,1961,58472696006.0531
Japan,,1960,48417804544.9319
Jordan,,2025,61610052535.2113
Jordan,,2024,58618380563.3803
Jordan,,2023,56123472112.6761
Jordan,,2022,53516930140.8451
Jordan,,2021,50702940985.9155
Jordan,,2020,47931770985.9155
Jordan,,2019,48640273802.8169
Jordan,,2018,47435850422.5352
Jordan,,2017,45535614366.1972
Jordan,,2016,43688498732.3944
Jordan,,2015,42394049295.7747
Jordan,,2014,40535098591.5493
Jordan,,2013,37873362957.7465
Jordan,,2012,34854017887.3239
Jordan,,2011,32640291549.2958
Jordan,,2010,30202773521.1268
Jordan,,2009,27462496197.1831
Jordan,,2008,25651620830.6149
Jordan,,2007,17110437235.543
Jordan,,2006,15056981664.3159
Jordan,,2005,12588998589.5628
Jordan,,2004,11411706629.055
Jordan,,2003,10195627644.5698
Jordan,,2002,9582510578.27927
Jordan,,2001,8975814652.8196
Jordan,,2000,8460789844.8519
Jordan,,1999,8149929478.13822
Jordan,,1998,7912270803.94922
Jordan,,1997,7245839210.15515
Jordan,,1996,6927503526.09309
Jordan,,1995,6727597031.96347
Jordan,,1994,6236295978.24531
Jordan,,1993,5606400221.69269
Jordan,,1992,5310833193.59005
Jordan,,1991,4344467193.25095
Jordan,,1990,4160087507.83472
Jordan,,1989,4221373673.80468
Jordan,,1988,6277451829.05325
Jordan,,1987,6756209762.48231
Jordan,,1986,6402050484.90425
Jordan,,1985,4993601520.43079
Jordan,,1984,4967162160.40472
Jordan,,1983,4920692190.95569
Jordan,,1982,4681240992.70338
Jordan,,1981,4383944702.85958
Jordan,,1980,3910044474.28044
Jordan,,1979,3271368780.65347
Jordan,,1978,2602208588.95706
Jordan,,1977,2096778602.16785
Jordan,,1976,1708521219.46003
Jordan,,1975,1363073497.77355
Jordan,,1974,1197483948.68547
Jordan,,1973,943783839.718052
Jordan,,1972,788479684.608126
Jordan,,1971,678159728.736109
Jordan,,1970,639519744.192102
Jordan,,1969,698879720.448112
Jordan,,1968,561119775.55209
Jordan,,1967,631679747.328101
Jordan,,1966,657999736.800105
Jordan,,1965,599759760.096096
Kazakhstan,,2025,306239209650.024
Kazakhstan,,2024,291480274648.826
Kazakhstan,,2023,261840101059.923
Kazakhstan,,2022,225496328925.494
Kazakhstan,,2021,197112255360.612
Kazakhstan,,2020,171082365861.423
Kazakhstan,,2019,181667184854.501
Kazakhstan,,2018,179339977690.485
Kazakhstan,,2017,166805788827.233
Kazakhstan,,2016,137278320084.171
Kazakhstan,,2015,184388404706.042
Kazakhstan,,2014,221415613595.469
Kazakhstan,,2013,236634603409.089
Kazakhstan,,2012,207998568865.789
Kazakhstan,,2011,192626464617.071
Kazakhstan,,2010,148047348240.643
Kazakhstan,,2009,115308686941.38
Kazakhstan,,2008,133441648851.982
Kazakhstan,,2007,104849915058.376
Kazakhstan,,2006,81003864630.018
Kazakhstan,,2005,57123671733.8952
Kazakhstan,,2004,43151647002.6096
Kazakhstan,,2003,30833692900.1091
Kazakhstan,,2002,24636598527.4437
Kazakhstan,,2001,22152689179.8815
Kazakhstan,,2000,18291990662.0356
Kazakhstan,,1999,16870817181.7799
Kazakhstan,,1998,22135245507.3656
Kazakhstan,,1997,22165932062.966
Kazakhstan,,1996,21035357936.8796
Kazakhstan,,1995,20374302652.3819
Kazakhstan,,1994,21250792886.1054
Kazakhstan,,1993,23409260879.9427
Kazakhstan,,1992,24917355371.9008
Kazakhstan,,1991,24923076923.0769
Kazakhstan,,1990,26932016269.6107
Kenya,,2025,135941278878.815
Kenya,,2024,120397537849.826
Kenya,,2023,107500884685.013
Kenya,,2022,114448978152.637
Kenya,,2021,109703658904.994
Kenya,,2020,100657505750.545
Kenya,,2019,100378436207.371
Kenya,,2018,92202979985.2863
Kenya,,2017,82036510877.2599
Kenya,,2016,74815144163.8931
Kenya,,2015,70120446896.8359
Kenya,,2014,68285796514.2896
Kenya,,2013,61671440407.8387
Kenya,,2012,56396704671.5777
Kenya,,2011,46869473150.61
Kenya,,2010,45405615063.7551
Kenya,,2009,42347217912.9176
Kenya,,2008,35895153327.8497
Kenya,,2007,31958195182.2406
Kenya,,2006,25825512284.2891
Kenya,,2005,18737895512.7378
Kenya,,2004,16095337093.8366
Kenya,,2003,14904517649.8476
Kenya,,2002,13147736898.5176
Kenya,,2001,12986007425.8781
Kenya,,2000,12705350097.8044
Kenya,,1999,12896010459.3711
Kenya,,1998,14093998843.7334
Kenya,,1997,13115764358.2846
Kenya,,1996,12045865396.1323
Kenya,,1995,9046320255.40507
Kenya,,1994,7148148564.04239
Kenya,,1993,5751786642.55871
Kenya,,1992,8209120763.04955
Kenya,,1991,8151488783.19064
Kenya,,1990,8572359038.16958
Kenya,,1989,8283114514.17081
Kenya,,1988,8355380879.12955
Kenya,,1987,7970820369.2949
Kenya,,1986,7239126568.14092
Kenya,,1985,6135034213.78998
Kenya,,1984,6191437070.18411
Kenya,,1983,5979198313.76093
Kenya,,1982,6431579356.95926
Kenya,,1981,6854491705.88377
Kenya,,1980,7265315820.20777
Kenya,,1979,6234391113.46434
Kenya,,1978,5303735110.55151
Kenya,,1977,4494378764.32011
Kenya,,1976,3474542391.69992
Kenya,,1975,3259345083.26283
Kenya,,1974,2969958812.01648
Kenya,,1973,2509001324.34591
Kenya,,1972,2107279157.08834
Kenya,,1971,1778391288.64348
Kenya,,1970,1603447358.62106
Kenya,,1969,1458379416.64823
Kenya,,1968,1353295458.68182
Kenya,,1967,1232559506.9762
Kenya,,1966,1164519674.19213
Kenya,,1965,997919320.832272
Kenya,,1964,998759334.496266
Kenya,,1963,926589349.36426
Kenya,,1962,868111400.75544
Kenya,,1961,792959472.816211
Kenya,,1960,791265459.493816
Kiribati,,2025,349227254.158833
Kiribati,,2024,343153235.077124
Kiribati,,2023,291657337.839517
Kiribati,,2022,271214374.500577
Kiribati,,2021,285451584.406531
Kiribati,,2020,220909306.750809
Kiribati,,2019,216891541.021351
Kiribati,,2018,233859230.192198
Kiribati,,2017,223029864.54193
Kiribati,,2016,206467818.503227
Kiribati,,2015,191559398.688293
Kiribati,,2014,200287281.98074
Kiribati,,2013,201730860.757856
Kiribati,,2012,207001545.867109
Kiribati,,2011,195970140.170383
Kiribati,,2010,165458433.127645
Kiribati,,2009,140177384.145395
Kiribati,,2008,147017894.97877
Kiribati,,2007,138054945.643442
Kiribati,,2006,112338353.264712
Kiribati,,2005,113895437.324786
Kiribati,,2004,104085892.133271
Kiribati,,2003,96105619.3795504
Kiribati,,2002,74743869.1313473
Kiribati,,2001,64935850.1573877
Kiribati,,2000,74910527.2586758
Kiribati,,1999,77323978.1928449
Kiribati,,1998,74905705.8928477
Kiribati,,1997,80205806.8250976
Kiribati,,1996,81456854.1385109
Kiribati,,1995,68596394.6026524
Kiribati,,1994,67055333.9021503
Kiribati,,1993,58953595.9090414
Kiribati,,1992,61491369.281929
Kiribati,,1991,41247791.6364169
Kiribati,,1990,36534294.7991591
Kiribati,,1989,37645319.1994276
Kiribati,,1988,38278810.3176488
Kiribati,,1987,29554412.5328693
Kiribati,,1986,25993008.7943576
Kiribati,,1985,26126615.2284866
Kiribati,,1984,34394167.0416706
Kiribati,,1983,31000545.7710517
Kiribati,,1982,32742712.6527597
Kiribati,,1981,35267489.2425442
Kiribati,,1980,33157723.1094117
Kiribati,,1979,34466197.0333233
Kiribati,,1978,36563964.5510014
Kiribati,,1977,31335458.7039851
Kiribati,,1976,33246816.5018414
Kiribati,,1975,44547453.6024265
Kiribati,,1974,69256488.5160763
Kiribati,,1973,25645040.4712955
Kiribati,,1972,15314346.4925323
Kiribati,,1971,12356134.3838676
Kiribati,,1970,11560877.2811451
South Korea,,2025,1872374961553.15
South Korea,,2024,1875388209406.8
South Korea,,2023,1844800934391.54
South Korea,,2022,1799363116866.52
South Korea,,2021,1942313560965.9
South Korea,,2020,1744070276373.34
South Korea,,2019,1751045752054.63
South Korea,,2018,1824251454306.83
South Korea,,2017,1710196756713.17
South Korea,,2016,1579150518945.44
South Korea,,2015,1539212301135.55
South Korea,,2014,1556252422020.44
South Korea,,2013,1434669686501.84
South Korea,,2012,1335343586437.67
South Korea,,2011,1307103477219.1
South Korea,,2010,1192830015737.68
South Korea,,2009,983065242417.36
South Korea,,2008,1091580692542.34
South Korea,,2007,1220911904593.06
South Korea,,2006,1095175538508.19
South Korea,,2005,971740329983.878
South Korea,,2004,823251107638.814
South Korea,,2003,728516494684.269
South Korea,,2002,650014391470.21
South Korea,,2001,567564806235.441
South Korea,,2000,597487173479.109
South Korea,,1999,515697079289.011
South Korea,,1998,397297216492.19
South Korea,,1997,589202526424.141
South Korea,,1996,631196863758.281
South Korea,,1995,586286469400.665
South Korea,,1994,479181794216.859
South Korea,,1993,405705302846.447
South Korea,,1992,366921291824.719
South Korea,,1991,340851946803.812
South Korea,,1990,292064221388.988
South Korea,,1989,254236243100.439
South Korea,,1988,205477530605.222
South Korea,,1987,152240393645.506
South Korea,,1986,119965960795.24
South Korea,,1985,103764281280.89
South Korea,,1984,99749645088.5994
South Korea,,1983,89621208322.3386
South Korea,,1982,79921300446.6517
South Korea,,1981,74287368087.3467
South Korea,,1980,66547970350.6151
South Korea,,1979,68083884297.5207
South Korea,,1978,52824793388.4297
South Korea,,1977,39064462809.9174
South Korea,,1976,30371074380.1653
South Korea,,1975,22126033057.8512
South Korea,,1974,19860929976.698
South Korea,,1973,14067523813.0386
South Korea,,1972,10990490569.7259
South Korea,,1971,10005257131.3347
South Korea,,1970,9085001793.55852
South Korea,,1969,7743940188.95006
South Korea,,1968,6167109472.42856
South Korea,,1967,4895076717.9993
South Korea,,1966,3957064541.39218
South Korea,,1965,3141131708.31319
South Korea,,1964,3476789681.58031
South Korea,,1963,4007692307.69231
South Korea,,1962,2826923076.92308
South Korea,,1961,2427244760.66918
South Korea,,1960,3973069306.93069
Kosovo,,2025,12456403306.8191
Kosovo,,2024,11203038332.3359
Kosovo,,2023,10466753839.9923
Kosovo,,2022,9367633202.54673
Kosovo,,2021,9412099545.05799
Kosovo,,2020,7734497455.75411
Kosovo,,2019,7899204690.79214
Kosovo,,2018,7878762812.20156
Kosovo,,2017,7180768692.26354
Kosovo,,2016,6682674062.9615
Kosovo,,2015,6295845465.35898
Kosovo,,2014,7074392884.04507
Kosovo,,2013,6735327512.05178
Kosovo,,2012,6163483291.08047
Kosovo,,2011,6341614504.59145
Kosovo,,2010,5343950626.16668
Kosovo,,2009,5035779642.01679
Kosovo,,2008,5202943075.49453
Kuwait,,2025,157209026926.418
Kuwait,,2024,160903106639.233
Kuwait,,2023,165462656226.772
Kuwait,,2022,183502046693.878
Kuwait,,2021,148350671489.144
Kuwait,,2020,111045470605.715
Kuwait,,2019,140856394860.529
Kuwait,,2018,138646316350.727
Kuwait,,2017,120687539805.505
Kuwait,,2016,109406674124.652
Kuwait,,2015,114585555688.511
Kuwait,,2014,162650450684.725
Kuwait,,2013,174168116534.844
Kuwait,,2012,174047662680.041
Kuwait,,2011,154039231245.856
Kuwait,,2010,115416245241.742
Kuwait,,2009,105968691905.415
Kuwait,,2008,147379737229.753
Kuwait,,2007,114634043361.692
Kuwait,,2006,101557330723.423
Kuwait,,2005,80798630136.9863
Kuwait,,2004,59439090600.6108
Kuwait,,2003,47874582231.588
Kuwait,,2002,38135788413.8276
Kuwait,,2001,34889559869.8326
Kuwait,,2000,37718743480.0751
Kuwait,,1999,30122365849.2518
Kuwait,,1998,25943705784.2996
Kuwait,,1997,30350190704.4361
Kuwait,,1996,31492373308.7516
Kuwait,,1995,27186980646.5448
Kuwait,,1994,24848483838.3838
Kuwait,,1993,23941391390.7285
Kuwait,,1992,19858555214.7239
Kuwait,,1991,11009993703.1474
Kuwait,,1990,18427777777.7778
Kuwait,,1989,24313855653.3993
Kuwait,,1988,20690322152.8945
Kuwait,,1987,22368704133.6668
Kuwait,,1986,17903989745.178
Kuwait,,1985,21445970613.7595
Kuwait,,1984,21700082752.9369
Kuwait,,1983,20871081080.1538
Kuwait,,1982,21577153356.4192
Kuwait,,1981,25058020338.2535
Kuwait,,1980,28638868355.9196
Kuwait,,1979,24749063922.4796
Kuwait,,1978,15503557496.1916
Kuwait,,1977,14137406740.5065
Kuwait,,1976,13132252801.9372
Kuwait,,1975,12022811620.7867
Kuwait,,1974,13006948296.2705
Kuwait,,1973,5408804607.3129
Kuwait,,1972,4450537925.33189
Kuwait,,1971,3880392195.40688
Kuwait,,1970,2873638850.54446
Kuwait,,1969,2769198892.32044
Kuwait,,1968,2662798934.88043
Kuwait,,1967,2441599023.36039
Kuwait,,1966,2391199043.52038
Kuwait,,1965,2097199161.12034
Kuwait,,1964,2071668533.03471
Kuwait,,1963,1900895856.66293
Kuwait,,1962,1828107502.79955
Kyrgyzstan,,2025,22623752095.4613
Kyrgyzstan,,2024,18161630698.9052
Kyrgyzstan,,2023,15180842369.4894
Kyrgyzstan,,2022,12134931017.9465
Kyrgyzstan,,2021,9249133946.26531
Kyrgyzstan,,2020,8270468614.24051
Kyrgyzstan,,2019,9371275264.36735
Kyrgyzstan,,2018,8271106235.41552
Kyrgyzstan,,2017,7702938379.42036
Kyrgyzstan,,2016,6813095379.1187
Kyrgyzstan,,2015,6678177511.66313
Kyrgyzstan,,2014,7468102412.68237
Kyrgyzstan,,2013,7335033800.59056
Kyrgyzstan,,2012,6605142884.36215
Kyrgyzstan,,2011,6197765984.28468
Kyrgyzstan,,2010,4794361863.01353
Kyrgyzstan,,2009,4690061380.60253
Kyrgyzstan,,2008,5139958909.17936
Kyrgyzstan,,2007,3802570552.56105
Kyrgyzstan,,2006,2834168889.42019
Kyrgyzstan,,2005,2460246766.41401
Kyrgyzstan,,2004,2211534585.0034
Kyrgyzstan,,2003,1919008090.49641
Kyrgyzstan,,2002,1605643104.73021
Kyrgyzstan,,2001,1525116370.27939
Kyrgyzstan,,2000,1369688498.06778
Kyrgyzstan,,1999,1249061487.01457
Kyrgyzstan,,1998,1645963749.83146
Kyrgyzstan,,1997,1767864035.71943
Kyrgyzstan,,1996,1827570586.16784
Kyrgyzstan,,1995,1661147035.24388
Kyrgyzstan,,1994,1681780847.41091
Kyrgyzstan,,1993,2026019252.61241
Kyrgyzstan,,1992,2315346942.855
Kyrgyzstan,,1991,2542256424.35069
Kyrgyzstan,,1990,2660202622.91006
Laos,,2025,18302970218.5902
Laos,,2024,16502933121.3379
Laos,,2023,15843155731.2552
Laos,,2022,15468785203.7532
Laos,,2021,18827148530.9347
Laos,,2020,18981805250.2424
Laos,,2019,18740561512.5555
Laos,,2018,18141641089.7963
Laos,,2017,17071155481.4994
Laos,,2016,15912501722.6143
Laos,,2015,14426380125.6488
Laos,,2014,13279245886.3854
Laos,,2013,11983252626.5452
Laos,,2012,10192846339.4029
Laos,,2011,8750104617.17303
Laos,,2010,7131771014.70456
Laos,,2009,5836137329.63305
Laos,,2008,5446433157.40114
Laos,,2007,4223152739.04052
Laos,,2006,3455030060.9785
Laos,,2005,2735558734.7379
Laos,,2004,2366398119.86321
Laos,,2003,2023324407.28414
Laos,,2002,1758176653.07746
Laos,,2001,1768619058.34647
Laos,,2000,1731198022.46763
Laos,,1999,1454430642.44959
Laos,,1998,1280177838.71905
Laos,,1997,1747011857.33107
Laos,,1996,1873671550.34636
Laos,,1995,1763536304.53964
Laos,,1994,1543606345.11684
Laos,,1993,1327748689.88094
Laos,,1992,1127806944.61513
Laos,,1991,1028087972.31085
Laos,,1990,865559879.400406
Laos,,1989,714046821.093797
Laos,,1988,598961269.297879
Laos,,1987,1087273103.69639
Laos,,1986,1776842097.16343
Laos,,1985,2366666615.55556
Laos,,1984,1757142855.91837
Latvia,,2025,48618869160.3254
Latvia,,2024,44001275012.6141
Latvia,,2023,42779550936.838
Latvia,,2022,38003198508.9107
Latvia,,2021,38183326784.9335
Latvia,,2020,33379927434.6149
Latvia,,2019,33099503950.847
Latvia,,2018,33247935477.3576
Latvia,,2017,29391059767.4259
Latvia,,2016,27117105059.5075
Latvia,,2015,26344565876.8902
Latvia,,2014,30277203767.4058
Latvia,,2013,29152128167.8438
Latvia,,2012,27116149948.6683
Latvia,,2011,26575547900.8247
Latvia,,2010,23468324572.3343
Latvia,,2009,25691530442.035
Latvia,,2008,34135200994.0067
Latvia,,2007,29420499247.7089
Latvia,,2006,20434922247.3037
Latvia,,2005,16306935905.4138
Latvia,,2004,13827070378.5612
Latvia,,2003,11244337719.8377
Latvia,,2002,9249030241.01864
Latvia,,2001,8190888739.6463
Latvia,,2000,7761252607.18424
Latvia,,1999,7324192889.74297
Latvia,,1998,6974112951.26891
Latvia,,1997,6349481006.53278
Latvia,,1996,5799465288.41246
Latvia,,1995,5608208784.9401
Lebanon,,2024,25971643441.3408
Lebanon,,2023,20078620356.9931
Lebanon,,2022,20992421948.8081
Lebanon,,2021,23131941556.7843
Lebanon,,2020,31712128253.7961
Lebanon,,2019,51605959131.2741
Lebanon,,2018,54901519155.5556
Lebanon,,2017,53027680685.9038
Lebanon,,2016,51147308774.1294
Lebanon,,2015,49929337836.8159
Lebanon,,2014,48095213746.6003
Lebanon,,2013,46880103080.597
Lebanon,,2012,44016799515.7546
Lebanon,,2011,39927125961.5257
Lebanon,,2010,38443907042.1227
Lebanon,,2009,35399582928.6899
Lebanon,,2008,29118916105.4726
Lebanon,,2007,24827355014.9254
Lebanon,,2006,22022709851.4096
Lebanon,,2005,21497336498.8391
Lebanon,,2004,21159827992.0398
Lebanon,,2003,20082918739.6352
Lebanon,,2002,19152238805.9701
Lebanon,,2001,17649751243.7811
Lebanon,,2000,17260364842.4544
Lebanon,,1999,17391056369.2265
Lebanon,,1998,17247179005.5219
Lebanon,,1997,15751867489.4446
Lebanon,,1996,13690217333.5879
Lebanon,,1995,11718795528.5556
Lebanon,,1994,9599127050.17558
Lebanon,,1993,7941744492.23595
Lebanon,,1992,5843579160.90122
Lebanon,,1991,4690415092.53663
Lebanon,,1990,2838485353.96187
Lebanon,,1989,2717998687.71002
Lebanon,,1988,3313540067.93246
Lesotho,,2025,2573572920.05159
Lesotho,,2024,2391282547.80028
Lesotho,,2023,2129871529.52517
Lesotho,,2022,2354980960.02697
Lesotho,,2021,2412130056.55851
Lesotho,,2020,2053699863.99625
Lesotho,,2019,2390702295.82777
Lesotho,,2018,2556247291.99785
Lesotho,,2017,2306741672.29006
Lesotho,,2016,2114426452.2019
Lesotho,,2015,2359686724.53829
Lesotho,,2014,2441063054.05792
Lesotho,,2013,2367112931.642
Lesotho,,2012,2477702216.26888
Lesotho,,2011,2579409619.96722
Lesotho,,2010,2234754241.91918
Lesotho,,2009,1740894964.80511
Lesotho,,2008,1766902709.19935
Lesotho,,2007,1682131784.51365
Lesotho,,2006,1800092563.75462
Lesotho,,2005,1682343527.49221
Lesotho,,2004,1511236655.52047
Lesotho,,2003,1157825434.78971
Lesotho,,2002,775777238.55814
Lesotho,,2001,825706961.238689
Lesotho,,2000,887291687.920796
Lesotho,,1999,912773681.050642
Lesotho,,1998,928460893.108965
Lesotho,,1997,998004258.715675
Lesotho,,1996,946112492.844847
Lesotho,,1995,1001894000.27846
Lesotho,,1994,878250945.280469
Lesotho,,1993,835582062.476169
Lesotho,,1992,831029861.704746
Lesotho,,1991,704325366.718393
Lesotho,,1990,596410263.743849
Lesotho,,1989,495409232.627579
Lesotho,,1988,470395800.600668
Lesotho,,1987,402768324.481971
Lesotho,,1986,318858422.989262
Lesotho,,1985,268629925.852805
Lesotho,,1984,333163670.280225
Lesotho,,1983,386699308.859169
Lesotho,,1982,348741683.673845
Lesotho,,1981,434188034.188034
Lesotho,,1980,431542536.663782
Lesotho,,1979,290134592.523007
Lesotho,,1978,266570066.642517
Lesotho,,1977,193315048.328762
Lesotho,,1976,147660036.915009
Lesotho,,1975,149558895.914581
Lesotho,,1974,150851316.52727
Lesotho,,1973,121188715.759865
Lesotho,,1972,80913200.4292822
Lesotho,,1971,76480285.0044113
Lesotho,,1970,68739972.504011
Lesotho,,1969,65967973.6128106
Lesotho,,1968,61445975.4216098
Lesotho,,1967,59261976.2952095
Lesotho,,1966,56699977.3200091
Lesotho,,1965,54879978.0480088
Lesotho,,1964,51939979.2240083
Lesotho,,1963,47039981.1840075
Lesotho,,1962,41859983.2560067
Lesotho,,1961,35699985.7200057
Lesotho,,1960,34579986.1680055
Liberia,,2025,5245938900.0
Liberia,,2024,4779300900.0
Liberia,,2023,4390000000.0
Liberia,,2022,4001047000.0
Liberia,,2021,3513049500.0
Liberia,,2020,3176126300.0
Liberia,,2019,3319596500.0
Liberia,,2018,3422754800.0
Liberia,,2017,3390703400.0
Liberia,,2016,3398419600.0
Liberia,,2015,3227075700.0
Liberia,,2014,3225652000.0
Liberia,,2013,3177198100.0
Liberia,,2012,2791614000.0
Liberia,,2011,2398000000.0
Liberia,,2010,1998000000.0
Liberia,,2009,1768000000.0
Liberia,,2008,1726000000.0
Liberia,,2007,1373000000.0
Liberia,,2006,1119000000.0
Liberia,,2005,949000000.0
Liberia,,2004,897000000.0
Liberia,,2003,748000000.0
Liberia,,2002,927000000.0
Liberia,,2001,906000000.0
Liberia,,2000,874000000.0
Liberia,,1999,441800000.0
Liberia,,1998,359600000.0
Liberia,,1997,295900000.0
Liberia,,1996,159400000.0
Liberia,,1995,134800000.0
Liberia,,1994,132200000.0
Liberia,,1993,160400000.0
Liberia,,1992,223500000.0
Liberia,,1991,348000000.0
Liberia,,1990,384400000.0
Liberia,,1989,786300000.0
Liberia,,1988,1038300000.0
Liberia,,1987,972800000.0
Liberia,,1986,840964400.0
Liberia,,1985,851296100.0
Liberia,,1984,848478300.0
Liberia,,1983,823374900.0
Liberia,,1982,863933200.0
Liberia,,1981,846514500.0
Liberia,,1980,854711500.0
Liberia,,1979,814067900.0
Liberia,,1978,717240400.0
Liberia,,1977,673010600.0
Liberia,,1976,596675700.0
Liberia,,1975,577549300.0
Liberia,,1974,486955000.0
Liberia,,1973,386968300.0
Liberia,,1972,368098000.0
Liberia,,1971,341543100.0
Liberia,,1970,323099700.0
Liberia,,1969,306961800.0
Liberia,,1968,276820700.0
Liberia,,1967,261024300.0
Liberia,,1966,244459500.0
Liberia,,1965,229260800.0
Liberia,,1964,218929100.0
Liberia,,1963,200229600.0
Liberia,,1962,191861800.0
Liberia,,1961,183920900.0
Liberia,,1960,190495600.0
Libya,,2025,48098909613.6316
Libya,,2024,48487151215.345
Libya,,2023,44027664915.187
Libya,,2022,43246297921.8499
Libya,,2021,35217995647.2862
Libya,,2020,46854285440.642
Libya,,2019,69254496471.6938
Libya,,2018,76686029772.1483
Libya,,2017,67157452181.7738
Libya,,2016,49912073701.298
Libya,,2015,48717501321.3052
Libya,,2014,57372355592.022
Libya,,2013,75351107029.0605
Libya,,2012,92540938129.1315
Libya,,2011,48169263294.1007
Libya,,2010,75380825062.4216
Libya,,2009,60808562033.4191
Libya,,2008,86710767415.1371
Libya,,2007,68032978390.6007
Libya,,2006,60094231606.642
Libya,,2005,47334691241.4924
Libya,,2004,33122307692.3077
Libya,,2003,26265625000.0
Libya,,2002,20481889763.7795
Libya,,2001,34112093927.254
Libya,,2000,38270954138.1128
Libya,,1999,35975860857.1164
Libya,,1998,27251301398.2813
Libya,,1997,30700897874.8704
Libya,,1996,27884615384.6154
Libya,,1995,25541379186.6458
Libya,,1994,28610549763.4685
Libya,,1993,30660051910.5037
Libya,,1992,33887047909.2746
Libya,,1991,31991821264.7118
Libya,,1990,28904183602.4818
Libya,,1989,25156707899.1462
Libya,,1988,24308959591.195
Libya,,1987,26697659334.6911
Libya,,1986,24180400959.4288
Libya,,1985,31530566324.273
Libya,,1984,29476109152.7531
Libya,,1983,33200520139.9749
Libya,,1982,33760146990.5726
Libya,,1981,36374353880.3994
Libya,,1980,40953924948.7419
Libya,,1979,30536429496.9448
Libya,,1978,22136422643.3959
Libya,,1977,22428297107.5929
Libya,,1976,19096943016.5748
Libya,,1975,14710912457.6509
Libya,,1974,15112543717.1298
Libya,,1973,8625889429.58277
Libya,,1972,6299395543.96301
Libya,,1971,5260185125.41886
Libya,,1970,4601649451.34022
Libya,,1969,4380987481.20501
Libya,,1968,3850623094.95076
Libya,,1967,2726986912.80523
Libya,,1966,2312438535.82459
Libya,,1965,1804979680.40813
Libya,,1964,1341395421.44183
Libya,,1963,892327910.668836
Libya,,1962,619725784.909686
Libya,,1961,443905612.037755
Libya,,1960,401644248.9423
Liechtenstein,,2024,8905764270.4054
Liechtenstein,,2023,8239379403.22096
Liechtenstein,,2022,7426856242.7736
Liechtenstein,,2021,7912602342.18895
Liechtenstein,,2020,6405870210.32293
Liechtenstein,,2019,6436467007.11932
Liechtenstein,,2018,6692620691.84146
Liechtenstein,,2017,6474308717.85289
Liechtenstein,,2016,6237302033.50132
Liechtenstein,,2015,6268515276.17441
Liechtenstein,,2014,6657526979.72277
Liechtenstein,,2013,6391708310.67727
Liechtenstein,,2012,5456102482.28614
Liechtenstein,,2011,5739706004.89616
Liechtenstein,,2010,5082337238.44718
Liechtenstein,,2009,4504375348.07038
Liechtenstein,,2008,5081479840.08716
Liechtenstein,,2007,4601429897.21468
Liechtenstein,,2006,4000102086.14635
Liechtenstein,,2005,3659319116.88057
Liechtenstein,,2004,3454373797.74442
Liechtenstein,,2003,3070803051.42164
Liechtenstein,,2002,2688618747.38148
Liechtenstein,,2001,2491800558.77674
Liechtenstein,,2000,2483889858.32312
Liechtenstein,,1999,2664105901.18863
Liechtenstein,,1998,2479699106.02264
Liechtenstein,,1997,2298389802.88883
Liechtenstein,,1996,2504012993.42238
Liechtenstein,,1995,2428525060.69927
Liechtenstein,,1994,1948129622.75132
Liechtenstein,,1993,1673085244.6879
Liechtenstein,,1992,1631177029.45063
Liechtenstein,,1991,1484160302.14952
Liechtenstein,,1990,1421509216.37424
Liechtenstein,,1989,1119983801.21338
Liechtenstein,,1988,1161757671.01756
Liechtenstein,,1987,1052848995.97101
Liechtenstein,,1986,779357802.50006
Liechtenstein,,1985,529073612.453579
Liechtenstein,,1984,502620991.852944
Liechtenstein,,1983,524023624.89055
Liechtenstein,,1982,522096760.291094
Liechtenstein,,1981,511647750.124475
Liechtenstein,,1980,534699362.896161
Liechtenstein,,1979,503173104.391887
Liechtenstein,,1978,436912067.784287
Liechtenstein,,1977,303493119.480763
Liechtenstein,,1976,272489300.467827
Liechtenstein,,1975,246389101.853613
Liechtenstein,,1974,193980464.882101
Liechtenstein,,1973,165928881.55552
Liechtenstein,,1972,124940289.32382
Liechtenstein,,1971,104889795.333846
Liechtenstein,,1970,90099360.8433666
Lithuania,,2025,95210150818.3512
Lithuania,,2024,85503938573.5664
Lithuania,,2023,80356613554.5602
Lithuania,,2022,70639687325.6326
Lithuania,,2021,67072165721.2431
Lithuania,,2020,57412038533.2718
Lithuania,,2019,55122066225.796
Lithuania,,2018,54261795148.5372
Lithuania,,2017,47756764508.446
Lithuania,,2016,42970749245.0336
Lithuania,,2015,41540954817.2039
Lithuania,,2014,48306546656.9281
Lithuania,,2013,46303660422.0434
Lithuania,,2012,42709372066.8627
Lithuania,,2011,43186501862.7907
Lithuania,,2010,36638128534.0643
Lithuania,,2009,37494380038.9213
Lithuania,,2008,47831254207.5223
Lithuania,,2007,39729151614.6689
Lithuania,,2006,30116192746.8942
Lithuania,,2005,26105207115.3129
Lithuania,,2004,22743164431.1972
Lithuania,,2003,18809197969.5431
Lithuania,,2002,14282292664.6004
Lithuania,,2001,12260761329.3051
Lithuania,,2000,11550695727.2335
Lithuania,,1999,11022095813.552
Lithuania,,1998,11289161847.2162
Lithuania,,1997,10168271903.3233
Lithuania,,1996,8430207164.43677
Lithuania,,1995,7921210339.58439
Luxembourg,,2025,101157829491.107
Luxembourg,,2024,93279851863.4062
Luxembourg,,2023,88788881539.3937
Luxembourg,,2022,80801680397.0139
Luxembourg,,2021,86386759695.1653
Luxembourg,,2020,73670782100.3909
Luxembourg,,2019,69872035113.6469
Luxembourg,,2018,71085623495.1145
Luxembourg,,2017,65712180342.9836
Luxembourg,,2016,62216885435.9488
Luxembourg,,2015,60071584216.1375
Luxembourg,,2014,68804814554.646
Luxembourg,,2013,65203276466.9763
Luxembourg,,2012,59776383527.3602
Luxembourg,,2011,61696281326.2453
Luxembourg,,2010,56213985987.4168
Luxembourg,,2009,54467289897.5582
Luxembourg,,2008,58844277701.5258
Luxembourg,,2007,51587401415.7872
Luxembourg,,2006,42910153829.6576
Luxembourg,,2005,37672311222.7362
Luxembourg,,2004,35064843792.8993
Luxembourg,,2003,29667268248.1305
Luxembourg,,2002,23649832386.5918
Luxembourg,,2001,21387550720.1937
Luxembourg,,2000,21230200537.942
Luxembourg,,1999,21899317598.8414
Luxembourg,,1998,20150055567.904
Luxembourg,,1997,19563836265.2233
Luxembourg,,1996,20895314657.9805
Luxembourg,,1995,20853093869.7318
Luxembourg,,1994,17701798890.7644
Luxembourg,,1993,15925521222.0149
Luxembourg,,1992,15518702634.8808
Luxembourg,,1991,13834219728.293
Luxembourg,,1990,12778792853.6939
Luxembourg,,1989,10037674037.674
Luxembourg,,1988,9418167855.18376
Luxembourg,,1987,8320902215.01891
Luxembourg,,1986,6685595087.59256
Luxembourg,,1985,4577211767.10374
Luxembourg,,1984,4438435492.87908
Luxembourg,,1983,4524217751.47929
Luxembourg,,1982,4602316793.21914
Luxembourg,,1981,5053665797.47936
Luxembourg,,1980,6019805490.41247
Luxembourg,,1979,5516982663.73143
Luxembourg,,1978,4718539771.99949
Luxembourg,,1977,3789321328.08104
Luxembourg,,1976,3423586206.89655
Luxembourg,,1975,3123333333.33333
Luxembourg,,1974,3183637116.81856
Luxembourg,,1973,2609875802.11136
Luxembourg,,1972,1901697369.62698
Luxembourg,,1971,1518773421.37846
Luxembourg,,1970,1457768455.02219
Luxembourg,,1969,1245432991.34271
Luxembourg,,1968,1075561622.81321
Luxembourg,,1967,983052314.930267
Luxembourg,,1966,976717015.461454
Luxembourg,,1965,929477284.788002
Luxembourg,,1964,910877686.268584
Luxembourg,,1963,797902154.238122
Luxembourg,,1962,747846862.209673
Luxembourg,,1961,710163719.406917
Luxembourg,,1960,709941874.044355
Madagascar,,2025,19620352035.7899
Madagascar,,2024,17592832696.1336
Madagascar,,2023,16036707975.7567
Madagascar,,2022,15342178598.2475
Madagascar,,2021,14354731964.3258
Madagascar,,2020,13051441204.053
Madagascar,,2019,14104664678.5063
Madagascar,,2018,13760033282.2925
Madagascar,,2017,13176313593.5509
Madagascar,,2016,11848613858.442
Madagascar,,2015,11323020701.3017
Madagascar,,2014,12522957399.2281
Madagascar,,2013,12423555455.3853
Madagascar,,2012,11578975061.9479
Madagascar,,2011,11551819617.874
Madagascar,,2010,9982711338.07029
Madagascar,,2009,9616879409.43789
Madagascar,,2008,10725137723.6549
Madagascar,,2007,8524620889.57747
Madagascar,,2006,6395712490.94304
Madagascar,,2005,5859269752.61332
Madagascar,,2004,5064732626.29389
Madagascar,,2003,6372498889.66585
Madagascar,,2002,5351701663.40807
Madagascar,,2001,5438332601.90798
Madagascar,,2000,4629247203.84524
Madagascar,,1999,4277903780.29131
Madagascar,,1998,4401967632.73718
Madagascar,,1997,4262965419.74998
Madagascar,,1996,4931861038.70763
Madagascar,,1995,3838100903.74974
Madagascar,,1994,3522227092.22839
Madagascar,,1993,4063298919.2868
Madagascar,,1992,3714966678.33381
Madagascar,,1991,3254713056.02171
Madagascar,,1990,3931334875.01376
Madagascar,,1989,3175638332.64471
Madagascar,,1988,3189456965.0482
Madagascar,,1987,3212900555.8091
Madagascar,,1986,4347989788.09257
Madagascar,,1985,3802557894.8719
Madagascar,,1984,3905938480.86119
Madagascar,,1983,4686457031.2269
Madagascar,,1982,4784977325.95803
Madagascar,,1981,4759333998.36746
Madagascar,,1980,5201818347.79882
Madagascar,,1979,3463565853.81023
Madagascar,,1978,2669755115.10935
Madagascar,,1977,2358930406.0689
Madagascar,,1976,2181844178.5534
Madagascar,,1975,2283049215.35339
Madagascar,,1974,1917508190.04689
Madagascar,,1973,1653062335.00286
Madagascar,,1972,1341590690.41365
Madagascar,,1971,1199507631.07603
Madagascar,,1970,1111859570.88252
Madagascar,,1969,1056391055.59617
Madagascar,,1968,1031669637.39553
Madagascar,,1967,956436932.101291
Madagascar,,1966,900264584.590829
Madagascar,,1965,833563472.9981
Madagascar,,1964,802482183.728778
Madagascar,,1963,759345863.732667
Madagascar,,1962,739286907.592778
Madagascar,,1961,699161944.558097
Madagascar,,1960,673081724.751168
Malawi,,2025,14918276698.303
Malawi,,2024,11311971400.3864
Malawi,,2023,13363669672.9405
Malawi,,2022,12429059928.102
Malawi,,2021,12378119199.0839
Malawi,,2020,11769313597.8545
Malawi,,2019,11051852712.6142
Malawi,,2018,9879220354.29186
Malawi,,2017,8943543793.5839
Malawi,,2016,7909868618.46366
Malawi,,2015,9219474379.31534
Malawi,,2014,8801326169.14547
Malawi,,2013,8031571927.62055
Malawi,,2012,8773203178.16512
Malawi,,2011,11648142958.3651
Malawi,,2010,10128323010.6049
Malawi,,2009,9009887946.82039
Malawi,,2008,7743617352.21427
Malawi,,2007,6451210219.11683
Malawi,,2006,5818279739.14354
Malawi,,2005,5320409651.47544
Malawi,,2004,5058726350.48896
Malawi,,2003,4669789300.35662
Malawi,,2002,5087328437.8737
Malawi,,2001,2498008664.6691
Malawi,,2000,2537307580.32808
Malawi,,1999,2584478924.06081
Malawi,,1998,2547609590.06984
Malawi,,1997,3875785863.38323
Malawi,,1996,3319573749.6119
Malawi,,1995,2033701497.97085
Malawi,,1994,1719864761.30628
Malawi,,1993,3013392657.99911
Malawi,,1992,2618837835.02508
Malawi,,1991,3206783830.41779
Malawi,,1990,2737087861.62245
Malawi,,1989,2314205129.58032
Malawi,,1988,2008189508.37875
Malawi,,1987,1721711808.48111
Malawi,,1986,1722586299.409
Malawi,,1985,1646442272.89094
Malawi,,1984,1758028656.12928
Malawi,,1983,1780148049.43635
Malawi,,1982,1717379494.63245
Malawi,,1981,1801193909.52073
Malawi,,1980,1801156774.56852
Malaysia,,2025,472193128644.597
Malaysia,,2024,422227005428.688
Malaysia,,2023,399949418752.657
Malaysia,,2022,407830525989.553
Malaysia,,2021,373784553029.978
Malaysia,,2020,337456163961.211
Malaysia,,2019,365177721021.516
Malaysia,,2018,358788845712.53
Malaysia,,2017,319109094160.343
Malaysia,,2016,301256033870.334
Malaysia,,2015,301355266964.947
Malaysia,,2014,338066095097.254
Malaysia,,2013,323276235524.415
Malaysia,,2012,314443047642.111
Malaysia,,2011,297951668674.835
Malaysia,,2010,255017638455.59
Malaysia,,2009,202257453036.641
Malaysia,,2008,230811614370.384
Malaysia,,2007,193549569477.733
Malaysia,,2006,162692258307.056
Malaysia,,2005,143534405818.501
Malaysia,,2004,124749473684.211
Malaysia,,2003,110202368421.053
Malaysia,,2002,100845526315.789
Malaysia,,2001,92783947368.4211
Malaysia,,2000,93789736842.1053
Malaysia,,1999,79148421052.6316
Malaysia,,1998,72167498980.8398
Malaysia,,1997,100005323301.867
Malaysia,,1996,100855393910.486
Malaysia,,1995,88705342902.7113
Malaysia,,1994,74478356957.7808
Malaysia,,1993,66894966968.9736
Malaysia,,1992,59167550162.956
Malaysia,,1991,49143148094.2683
Malaysia,,1990,44024585239.6137
Malaysia,,1989,38847965292.9185
Malaysia,,1988,35272109220.1988
Malaysia,,1987,32181210157.9671
Malaysia,,1986,27734111399.7525
Malaysia,,1985,31199633352.9598
Malaysia,,1984,33942897422.0465
Malaysia,,1983,30347442110.9316
Malaysia,,1982,26804493635.3297
Malaysia,,1981,25004285791.7865
Malaysia,,1980,24488224677.2105
Malaysia,,1979,21213264962.0141
Malaysia,,1978,16358079862.1096
Malaysia,,1977,13139488632.5546
Malaysia,,1976,11050234598.6249
Malaysia,,1975,9298800799.46702
Malaysia,,1974,9496204301.74981
Malaysia,,1973,7662902677.9027
Malaysia,,1972,5043347250.41815
Malaysia,,1971,4244395955.78358
Malaysia,,1970,3864145667.41365
Malaysia,,1969,3664552041.34299
Malaysia,,1968,3330371551.21161
Malaysia,,1967,3188924677.08953
Malaysia,,1966,3143517943.82632
Malaysia,,1965,2956337669.29525
Malaysia,,1964,2674423922.48842
Malaysia,,1963,2510110348.16184
Malaysia,,1962,2001489602.18475
Malaysia,,1961,1901856122.72231
Malaysia,,1960,1916229477.13657
Maldives,,2025,7741066860.6337
Maldives,,2024,7061608267.25451
Maldives,,2023,6621008703.95743
Maldives,,2022,6177123352.26211
Maldives,,2021,5252457369.55218
Maldives,,2020,3712604583.36665
Maldives,,2019,5726094799.37709
Maldives,,2018,5404344162.69888
Maldives,,2017,4816426256.52914
Maldives,,2016,4409942623.85538
Maldives,,2015,4129505319.12921
Maldives,,2014,3697353039.20043
Maldives,,2013,3295009237.50107
Maldives,,2012,2886163997.20531
Maldives,,2011,2774350240.04918
Maldives,,2010,2588176054.6875
Maldives,,2009,2345294875.0
Maldives,,2008,2271646187.5
Maldives,,2007,1868383460.9375
Maldives,,2006,1575200390.625
Maldives,,2005,1163362437.5
Maldives,,2004,1226829562.5
Maldives,,2003,1052121054.6875
Maldives,,2002,897031250.0
Maldives,,2001,870031676.798793
Maldives,,2000,624337145.284622
Maldives,,1999,589239753.610875
Maldives,,1998,540096397.621071
Maldives,,1997,508223602.378929
Maldives,,1996,450382327.952421
Maldives,,1995,398988954.970263
Maldives,,1994,356014932.136461
Maldives,,1993,322417837.161971
Maldives,,1992,284875809.039634
Maldives,,1991,244396761.92334
Maldives,,1990,215043969.849246
Maldives,,1989,189514434.244
Maldives,,1988,168514513.375071
Maldives,,1987,141223029.383064
Maldives,,1986,141882254.230178
Maldives,,1985,127190757.959989
Maldives,,1984,109503546.099291
Maldives,,1983,57829787.2340426
Maldives,,1982,47911340.1834794
Maldives,,1981,44781456.9536424
Maldives,,1980,42463576.1589404
Maldives,,1979,38523364.4859813
Maldives,,1978,24369109.1415831
Maldives,,1977,20853788.7115165
Maldives,,1976,22399467.1052632
Maldives,,1975,24540877.6041667
Maldives,,1974,39120171.2468193
Maldives,,1973,30862041.60401
Maldives,,1972,25177137.5286041
Maldives,,1971,21566404.0169133
Maldives,,1970,19328038.3157895
Mali,,2025,30069148580.7688
Mali,,2024,26761281076.7658
Mali,,2023,24777941860.767
Mali,,2022,22539987718.7642
Mali,,2021,22999245262.6719
Mali,,2020,20698560938.7775
Mali,,2019,20477421884.5414
Mali,,2018,20368015381.2413
Mali,,2017,18308362040.0521
Mali,,2016,16743796799.8329
Mali,,2015,15583181170.4105
Mali,,2014,17081681993.2577
Mali,,2013,15747192680.9971
Mali,,2012,14795114602.6122
Mali,,2011,15452791788.9356
Mali,,2010,12710739159.5014
Mali,,2009,12155217832.8039
Mali,,2008,11462490840.2195
Mali,,2007,9699047442.57905
Mali,,2006,8212007553.99393
Mali,,2005,7429066951.56583
Mali,,2004,6485774930.41503
Mali,,2003,5605613011.29141
Mali,,2002,4647238256.56563
Mali,,2001,4124281593.68874
Mali,,2000,3521570875.85064
Mali,,1999,4091446054.14913
Mali,,1998,3894433432.46149
Mali,,1997,3414879485.57287
Mali,,1996,3743103419.72181
Mali,,1995,3373322735.47027
Mali,,1994,2655768635.64569
Mali,,1993,3632801877.04464
Mali,,1992,3680775036.92681
Mali,,1991,3576562681.77395
Mali,,1990,3248417790.51435
Mali,,1989,2824822489.24628
Mali,,1988,2712207900.69838
Mali,,1987,2437004679.62818
Mali,,1986,2132938007.1056
Mali,,1985,1594347021.37347
Mali,,1984,1387809614.74905
Mali,,1983,1496616126.58634
Mali,,1982,1680304773.44143
Mali,,1981,2234583940.38676
Mali,,1980,2704362788.89611
Mali,,1979,1595422955.64433
Mali,,1978,1222702572.84699
Mali,,1977,1049838548.10919
Mali,,1976,939228017.24779
Mali,,1975,830710615.179954
Mali,,1974,538747339.956033
Mali,,1973,563683703.304705
Mali,,1972,486617280.255549
Mali,,1971,395218628.920694
Mali,,1970,359772315.102198
Mali,,1969,339913867.092785
Mali,,1968,343771972.993855
Mali,,1967,275494477.586098
Malta,,2025,27771821560.9411
Malta,,2024,25042712191.3281
Malta,,2023,22625329775.6867
Malta,,2022,18938869147.0818
Malta,,2021,19730119030.6198
Malta,,2020,16404655807.6687
Malta,,2019,16337788880.578
Malta,,2018,16153785816.8181
Malta,,2017,14161374599.3379
Malta,,2016,12025777078.0922
Malta,,2015,11340789705.8045
Malta,,2014,11888029751.5962
Malta,,2013,10796780874.0524
Malta,,2012,9609530618.89688
Malta,,2011,9789363086.07492
Malta,,2010,9097044301.48168
Malta,,2009,8769897418.38144
Malta,,2008,9172399572.85742
Malta,,2007,7908412373.84313
Malta,,2006,6749838861.63176
Malta,,2005,6393234964.93061
Malta,,2004,6104141501.07928
Malta,,2003,5418315225.49353
Malta,,2002,4455127397.86786
Malta,,2001,4070867153.47963
Malta,,2000,4036809766.6603
Malta,,1999,4111857836.40036
Malta,,1998,4010111651.76761
Malta,,1997,3787023654.73234
Malta,,1996,3822547151.38465
Malta,,1995,3709396089.03632
Malta,,1994,2998505428.14593
Malta,,1993,2709193538.42526
Malta,,1992,3021942758.83978
Malta,,1991,2750216746.88426
Malta,,1990,2547328747.50761
Malta,,1989,2118655676.67649
Malta,,1988,2019503068.03393
Malta,,1987,1751293460.68921
Malta,,1986,1435038441.11922
Malta,,1985,1117797439.14234
Malta,,1984,1101807023.04918
Malta,,1983,1165729706.8704
Malta,,1982,1234474404.03152
Malta,,1981,1243509393.61947
Malta,,1980,1250198601.09268
Malta,,1979,1001288846.84016
Malta,,1978,793673401.641079
Malta,,1977,625563170.67121
Malta,,1976,527936988.791275
Malta,,1975,474618321.462361
Malta,,1974,376081124.273469
Malta,,1973,345616105.882558
Malta,,1972,295106628.339343
Malta,,1971,264578484.770195
Malta,,1970,250728796.288378
Marshall Islands,,2025,308000000.0
Marshall Islands,,2024,285000000.0
Marshall Islands,,2023,264000000.0
Marshall Islands,,2022,258723500.0
Marshall Islands,,2021,261245500.0
Marshall Islands,,2020,241800000.0
Marshall Islands,,2019,232900000.0
Marshall Islands,,2018,220000000.0
Marshall Islands,,2017,213700000.0
Marshall Islands,,2016,201800000.0
Marshall Islands,,2015,183700000.0
Marshall Islands,,2014,186000000.0
Marshall Islands,,2013,186400000.0
Marshall Islands,,2012,180700000.0
Marshall Islands,,2011,172300000.0
Marshall Islands,,2010,161100000.0
Marshall Islands,,2009,151200000.0
Marshall Islands,,2008,146600000.0
Marshall Islands,,2007,150500000.0
Marshall Islands,,2006,143200000.0
Marshall Islands,,2005,138000000.0
Marshall Islands,,2004,132900000.0
Marshall Islands,,2003,131128500.0
Marshall Islands,,2002,131960000.0
Marshall Islands,,2001,122406100.0
Marshall Islands,,2000,114838500.0
Marshall Islands,,1999,113352100.0
Marshall Islands,,1998,112070100.0
Marshall Islands,,1997,109884700.0
Marshall Islands,,1996,110858000.0
Marshall Islands,,1995,120230000.0
Marshall Islands,,1994,108071000.0
Marshall Islands,,1993,99461000.0
Marshall Islands,,1992,91063000.0
Marshall Islands,,1991,82507000.0
Marshall Islands,,1990,78476000.0
Marshall Islands,,1989,72798000.0
Marshall Islands,,1988,70688000.0
Marshall Islands,,1987,62983000.0
Marshall Islands,,1986,55989000.0
Marshall Islands,,1985,43879000.0
Marshall Islands,,1984,45144000.0
Marshall Islands,,1983,41749000.0
Marshall Islands,,1982,34918000.0
Marshall Islands,,1981,31020000.0
Marshall Islands,,1980,26710653.0
Marshall Islands,,1979,25545346.0
Marshall Islands,,1978,22209370.0
Marshall Islands,,1977,20210069.0
Marshall Islands,,1976,18153647.0
Marshall Islands,,1975,16691301.0
Marshall Islands,,1974,15217532.0
Marshall Islands,,1973,11607366.0
Marshall Islands,,1972,9973652.0
Marshall Islands,,1971,9116810.0
Marshall Islands,,1970,8408486.0
Mauritania,,2025,11679910946.4371
Mauritania,,2024,10879212033.4823
Mauritania,,2023,10687541640.1299
Mauritania,,2022,9562497460.55394
Mauritania,,2021,9221044666.76483
Mauritania,,2020,8260567356.81635
Mauritania,,2019,7894764885.82312
Mauritania,,2018,7475471309.52265
Mauritania,,2017,6812472965.33868
Mauritania,,2016,6407900701.25829
Mauritania,,2015,6182303676.55144
Mauritania,,2014,6615483550.17817
Mauritania,,2013,7230646063.35983
Mauritania,,2012,6728208836.22143
Mauritania,,2011,6764627745.9033
Mauritania,,2010,5628878797.98257
Mauritania,,2009,4714595547.75102
Mauritania,,2008,5206437193.80413
Mauritania,,2007,4346212355.02975
Mauritania,,2006,3919577285.92703
Mauritania,,2005,2936019525.60241
Mauritania,,2004,2362501023.24249
Mauritania,,2003,2051147606.73687
Mauritania,,2002,1777057481.26043
Mauritania,,2001,1746063557.61355
Mauritania,,2000,1779520886.47015
Mauritania,,1999,1985922775.53351
Mauritania,,1998,2032347664.94993
Mauritania,,1997,2071996564.05296
Mauritania,,1996,2132087009.28942
Mauritania,,1995,2091726101.43014
Mauritania,,1994,1944876755.00708
Mauritania,,1993,1847353211.3475
Mauritania,,1992,2164298425.48412
Mauritania,,1991,2133692696.74857
Mauritania,,1990,1506914407.82047
Mauritania,,1989,1450647019.18099
Mauritania,,1988,1414951290.06682
Mauritania,,1987,1344664724.68991
Mauritania,,1986,1186628778.4874
Mauritania,,1985,1009723326.32808
Mauritania,,1984,1074373230.36274
Mauritania,,1983,1165171263.34593
Mauritania,,1982,1108776652.78389
Mauritania,,1981,1105494681.63193
Mauritania,,1980,1047925105.54497
Mauritania,,1979,951900945.252492
Mauritania,,1978,804629876.848091
Mauritania,,1977,799030017.057464
Mauritania,,1976,775045516.827791
Mauritania,,1975,703377837.452223
Mauritania,,1974,613010552.500776
Mauritania,,1973,493237876.273031
Mauritania,,1972,391669449.290746
Mauritania,,1971,335568907.051937
Mauritania,,1970,309405315.98667
Mauritania,,1969,295062308.474696
Mauritania,,1968,311395937.322956
Mauritania,,1967,282615310.216284
Mauritania,,1966,266533605.185831
Mauritania,,1965,255340474.997828
Mauritania,,1964,224495743.865038
Mauritania,,1963,168186297.281077
Mauritania,,1962,164271557.513473
Mauritania,,1961,159213430.204754
Mauritius,,2025,16157804491.7614
Mauritius,,2024,14938055690.3609
Mauritius,,2023,14072212290.4596
Mauritius,,2022,12936444123.3037
Mauritius,,2021,11622048696.8129
Mauritius,,2020,11566111137.5568
Mauritius,,2019,14645235204.6176
Mauritius,,2018,14957535715.9696
Mauritius,,2017,13896938315.2799
Mauritius,,2016,12757680846.5663
Mauritius,,2015,12162211503.0793
Mauritius,,2014,13230490081.5656
Mauritius,,2013,12434596541.2996
Mauritius,,2012,11832323837.1071
Mauritius,,2011,11677718382.4259
Mauritius,,2010,10144716154.9356
Mauritius,,2009,9264482255.83389
Mauritius,,2008,10127741914.5324
Mauritius,,2007,8277474849.95045
Mauritius,,2006,7137710412.93687
Mauritius,,2005,6576108447.47531
Mauritius,,2004,6667418752.07307
Mauritius,,2003,5894873919.74797
Mauritius,,2002,4906494249.38255
Mauritius,,2001,4675755867.17657
Mauritius,,2000,4726108622.47661
Mauritius,,1999,4402193195.46945
Mauritius,,1998,4225813976.36359
Mauritius,,1997,4243755307.55239
Mauritius,,1996,4481489761.54368
Mauritius,,1995,4094741652.30048
Mauritius,,1994,3606050873.0139
Mauritius,,1993,3307302125.87528
Mauritius,,1992,3267677814.23984
Mauritius,,1991,2895354736.18332
Mauritius,,1990,2689212760.18576
Mauritius,,1989,2211312823.20576
Mauritius,,1988,2163252449.13108
Mauritius,,1987,1906174437.96762
Mauritius,,1986,1482601552.40192
Mauritius,,1985,1090611324.6814
Mauritius,,1984,1054564759.05328
Mauritius,,1983,1104956573.09802
Mauritius,,1982,1092923635.57767
Mauritius,,1981,1157769443.59463
Mauritius,,1980,1147027924.10804
Mauritius,,1979,1227446632.17561
Mauritius,,1978,1029040323.36704
Mauritius,,1977,834722972.199873
Mauritius,,1976,713510051.522669
Mauritius,,1975,673311287.073382
Mauritius,,1974,669894029.624369
Mauritius,,1973,404285775.079719
Mauritius,,1972,318664899.637091
Mauritius,,1971,251437337.841491
Mauritius,,1970,224125805.005805
Mauritius,,1969,221553612.873613
Mauritius,,1968,206576630.576631
Mauritius,,1967,238439290.867222
Mauritius,,1966,227534083.454083
Mauritius,,1965,230024160.524161
Mauritius,,1964,218914569.184569
Mauritius,,1963,253839557.949558
Mauritius,,1962,197738207.858208
Mauritius,,1961,191757729.477729
Mauritius,,1960,162089563.829564
Mexico,,2025,1832641364775.52
Mexico,,2024,1830489311088.89
Mexico,,2023,1794410347718.25
Mexico,,2022,1466934724243.38
Mexico,,2021,1316569466833.94
Mexico,,2020,1121064767168.8
Mexico,,2019,1304106204006.27
Mexico,,2018,1256300182983.65
Mexico,,2017,1190721475853.16
Mexico,,2016,1112233497452.7
Mexico,,2015,1213294467653.78
Mexico,,2014,1364507717689.36
Mexico,,2013,1327436290439.27
Mexico,,2012,1255110424741.85
Mexico,,2011,1229013703416.76
Mexico,,2010,1105424238651.95
Mexico,,2009,943437414950.633
Mexico,,2008,1161553459984.65
Mexico,,2007,1102355554880.44
Mexico,,2006,1020265057882.01
Mexico,,2005,917571853437.344
Mexico,,2004,819459227375.022
Mexico,,2003,765549967888.647
Mexico,,2002,810666116401.915
Mexico,,2001,796064590549.136
Mexico,,2000,742061329749.127
Mexico,,1999,631249359702.389
Mexico,,1998,557461102630.658
Mexico,,1997,523449530464.257
Mexico,,1996,432157945024.428
Mexico,,1995,380157469866.849
Mexico,,1994,553618247900.74
Mexico,,1993,530160763662.543
Mexico,,1992,363157832923.734
Mexico,,1991,313139656145.745
Mexico,,1990,261253675692.838
Mexico,,1989,221403098266.77
Mexico,,1988,181611150496.787
Mexico,,1987,147542558208.888
Mexico,,1986,134556034672.991
Mexico,,1985,195241069482.077
Mexico,,1984,184230754105.394
Mexico,,1983,156167000432.994
Mexico,,1982,184602611609.517
Mexico,,1981,263797827860.494
Mexico,,1980,205577055465.993
Mexico,,1979,134531900898.926
Mexico,,1978,102648570299.117
Mexico,,1977,81912018783.5024
Mexico,,1976,88875923765.072
Mexico,,1975,88000000000.0
Mexico,,1974,72000000000.0
Mexico,,1973,55280000000.0
Mexico,,1972,45200000000.0
Mexico,,1971,39200000000.0
Mexico,,1970,35520000000.0
Mexico,,1969,32480000000.0
Mexico,,1968,29360000000.0
Mexico,,1967,26560000000.0
Mexico,,1966,24320000000.0
Mexico,,1965,21840000000.0
Mexico,,1964,20080000000.0
Mexico,,1963,16960000000.0
Mexico,,1962,15200000000.0
Mexico,,1961,14160000000.0
Mexico,,1960,13040000000.0
Micronesia,,2025,501797600.0
Micronesia,,2024,481121300.0
Micronesia,,2023,442975600.0
Micronesia,,2022,415232900.0
Micronesia,,2021,391601900.0
Micronesia,,2020,372902700.0
Micronesia,,2019,395000000.0
Micronesia,,2018,394000000.0
Micronesia,,2017,361000000.0
Micronesia,,2016,327000000.0
Micronesia,,2015,312000000.0
Micronesia,,2014,316000000.0
Micronesia,,2013,314000000.0
Micronesia,,2012,324000000.0
Micronesia,,2011,308000000.0
Micronesia,,2010,292000000.0
Micronesia,,2009,277000000.0
Micronesia,,2008,261000000.0
Micronesia,,2007,253000000.0
Micronesia,,2006,250000000.0
Micronesia,,2005,247000000.0
Micronesia,,2004,235538100.0
Micronesia,,2003,240949900.0
Micronesia,,2002,237654300.0
Micronesia,,2001,236387700.0
Micronesia,,2000,229616800.0
Micronesia,,1999,217198900.0
Micronesia,,1998,216520600.0
Micronesia,,1997,204397200.0
Micronesia,,1996,216546000.0
Micronesia,,1995,219930000.0
Micronesia,,1994,202500000.0
Micronesia,,1993,198400000.0
Micronesia,,1992,178100000.0
Micronesia,,1991,166200000.0
Micronesia,,1990,147200000.0
Micronesia,,1989,135200000.0
Micronesia,,1988,124700000.0
Micronesia,,1987,116700000.0
Micronesia,,1986,112210000.0
Micronesia,,1985,101931941.0
Micronesia,,1984,84676118.0
Micronesia,,1983,84110353.0
Micronesia,,1982,80055706.0
Micronesia,,1981,76472529.0
Micronesia,,1980,64186644.0
Micronesia,,1979,60270778.0
Micronesia,,1978,53656834.0
Micronesia,,1977,47305560.0
Micronesia,,1976,46813193.0
Micronesia,,1975,46119184.0
Micronesia,,1974,46095175.0
Micronesia,,1973,34821467.0
Micronesia,,1972,25100928.0
Micronesia,,1971,21783158.0
Micronesia,,1970,19885926.0
Moldova,,2025,20351796275.2943
Moldova,,2024,18206842140.7615
Moldova,,2023,16711906746.2133
Moldova,,2022,14525337523.7271
Moldova,,2021,13691869264.0794
Moldova,,2020,11530746234.4492
Moldova,,2019,11736797054.6965
Moldova,,2018,11252353420.8798
Moldova,,2017,9514404016.20949
Moldova,,2016,7980917075.7748
Moldova,,2015,7797667196.73087
Moldova,,2014,9402090137.7423
Moldova,,2013,9496717875.51932
Moldova,,2012,8709138634.82921
Moldova,,2011,8414352020.49442
Moldova,,2010,6974982369.60155
Moldova,,2009,5439434271.78807
Moldova,,2008,6054824248.24221
Moldova,,2007,4401173151.93767
Moldova,,2006,3408255450.5509
Moldova,,2005,2988342907.03096
Moldova,,2004,2598249555.89984
Moldova,,2003,1980907434.76826
Moldova,,2002,1661818168.4226
Moldova,,2001,1480673594.05602
Moldova,,2000,1288429391.79951
Moldova,,1999,1170782957.37443
Moldova,,1998,1698717504.65549
Moldova,,1997,1930081168.83117
Moldova,,1996,1695122173.91304
Moldova,,1995,1752999370.46158
Moldova,,1994,1702314267.59123
Moldova,,1993,2371813323.57343
Moldova,,1992,2319243435.96096
Moldova,,1991,3094565870.64237
Moldova,,1990,3592857043.05057
Monaco,,2024,11125788838.2812
Monaco,,2023,10003897341.1766
Monaco,,2022,8800432773.73544
Monaco,,2021,8623241326.74405
Monaco,,2020,6730733230.81714
Monaco,,2019,7383494129.41175
Monaco,,2018,7184336760.39215
Monaco,,2017,6430258224.58825
Monaco,,2016,6471287668.59924
Monaco,,2015,6264753585.625
Monaco,,2014,7070015473.96076
Monaco,,2013,6555590641.56865
Monaco,,2012,5742748405.54688
Monaco,,2011,6088690667.31519
Monaco,,2010,5367561640.00001
Monaco,,2009,5474381527.61718
Monaco,,2008,6502945305.07812
Monaco,,2007,5875787545.33335
Monaco,,2006,4586828062.23529
Monaco,,2005,4204651893.54085
Monaco,,2004,4043553260.57916
Monaco,,2003,3597090047.05882
Monaco,,2002,2919647992.19608
Monaco,,2001,2673722828.62205
Monaco,,2000,2654462465.88236
Monaco,,1999,2907118416.87259
Monaco,,1998,2934593467.68589
Monaco,,1997,2840195190.36905
Monaco,,1996,3137886994.52207
Monaco,,1995,3130309995.30848
Monaco,,1994,2720332134.53623
Monaco,,1993,2574494355.73357
Monaco,,1992,2737049230.70442
Monaco,,1991,2480540845.33242
Monaco,,1990,2481307077.10989
Monaco,,1989,2010083833.1726
Monaco,,1988,2000704744.91538
Monaco,,1987,1839081463.27676
Monaco,,1986,1515234743.47367
Monaco,,1985,1082867507.33142
Monaco,,1984,1037329604.35108
Monaco,,1983,1092560364.51959
Monaco,,1982,1143216456.56796
Monaco,,1981,1205188647.93163
Monaco,,1980,1378175524.11186
Monaco,,1979,1209870147.49099
Monaco,,1978,1000555218.03209
Monaco,,1977,811191392.224277
Monaco,,1976,735324244.667397
Monaco,,1975,711978961.893674
Monaco,,1974,563949254.114034
Monaco,,1973,523554039.203208
Monaco,,1972,402451900.821288
Monaco,,1971,327706210.435217
Monaco,,1970,293127333.238065
Mongolia,,2025,25369107325.4549
Mongolia,,2024,23794540024.5132
Mongolia,,2023,20325121393.9074
Mongolia,,2022,17146471713.748
Mongolia,,2021,15286441737.6686
Mongolia,,2020,13312981429.0891
Mongolia,,2019,14206359017.5143
Mongolia,,2018,13178094720.4986
Mongolia,,2017,11480847740.736
Mongolia,,2016,11181350649.3573
Mongolia,,2015,11619892590.6941
Mongolia,,2014,12226514668.0622
Mongolia,,2013,12582122604.2577
Mongolia,,2012,12292770631.565
Mongolia,,2011,10409797377.8571
Mongolia,,2010,7189481998.90094
Mongolia,,2009,4583850367.88972
Mongolia,,2008,5623216608.04288
Mongolia,,2007,4234999703.90059
Mongolia,,2006,3414055661.61598
Mongolia,,2005,2523471601.10421
Mongolia,,2004,1992066808.09598
Mongolia,,2003,1595297355.78349
Mongolia,,2002,1396555719.97409
Mongolia,,2001,1267997934.3125
Mongolia,,2000,1136896123.61298
Mongolia,,1999,1057408588.68269
Mongolia,,1998,1124440204.84738
Mongolia,,1997,1180934202.83801
Mongolia,,1996,1345719472.35883
Mongolia,,1995,1452165005.2384
Mongolia,,1994,925817092.217484
Mongolia,,1993,768401634.154573
Mongolia,,1992,1317611863.84977
Mongolia,,1991,2379018326.31579
Mongolia,,1990,2560785660.0
Mongolia,,1989,3576966800.0
Mongolia,,1988,3204461566.66667
Mongolia,,1987,3020611600.0
Mongolia,,1986,2896178866.66667
Mongolia,,1985,2186505475.0
Mongolia,,1984,2098734600.0
Mongolia,,1983,2725736633.33333
Mongolia,,1982,2552401933.33333
Mongolia,,1981,2310099100.0
Mongolia,,1980,2101394100.0
Montenegro,,2025,9232801464.79257
Montenegro,,2024,8274290505.96367
Montenegro,,2023,7643318276.40347
Montenegro,,2022,6259721790.0652
Montenegro,,2021,5822908963.58053
Montenegro,,2020,4734192593.29169
Montenegro,,2019,5483622632.13097
Montenegro,,2018,5433469310.85184
Montenegro,,2017,4803964684.21648
Montenegro,,2016,4357467226.269
Montenegro,,2015,4010884106.80136
Montenegro,,2014,4579635403.65249
Montenegro,,2013,4422097042.14762
Montenegro,,2012,4071828832.31109
Montenegro,,2011,4507127584.90565
Montenegro,,2010,4136936243.54334
Montenegro,,2009,4159063347.27246
Montenegro,,2008,4559410049.1032
Montenegro,,2007,3682586459.42836
Montenegro,,2006,2719979875.03411
Montenegro,,2005,2258016379.81634
Montenegro,,2004,2077046941.92317
Montenegro,,2003,1708196980.68706
Montenegro,,2002,1286314054.19177
Montenegro,,2001,1159869245.92513
Montenegro,,2000,984293043.811565
Montenegro,,1999,828950327.353261
Montenegro,,1998,854261160.714286
Montenegro,,1997,838288806.001293
Morocco,,2025,182374250612.28
Morocco,,2024,160610994054.734
Morocco,,2023,146036093666.762
Morocco,,2022,131245312804.483
Morocco,,2021,142022058447.231
Morocco,,2020,121353645057.144
Morocco,,2019,128920266409.458
Morocco,,2018,127341147581.818
Morocco,,2017,118540573367.844
Morocco,,2016,111572947004.917
Morocco,,2015,110413823841.592
Morocco,,2014,119130841411.664
Morocco,,2013,115739287305.08
Morocco,,2012,106937392311.129
Morocco,,2011,110080631332.375
Morocco,,2010,100865329473.44
Morocco,,2009,101154952240.881
Morocco,,2008,101822906949.063
Morocco,,2007,86947913286.728
Morocco,,2006,75883823300.8545
Morocco,,2005,68852658068.6673
Morocco,,2004,66114145451.0067
Morocco,,2003,58029363354.2757
Morocco,,2002,47077192187.6418
Morocco,,2001,43831480207.6444
Morocco,,2000,43017455401.8445
Morocco,,1999,46266428648.1433
Morocco,,1998,46497608724.9865
Morocco,,1997,39147844526.0838
Morocco,,1996,43161571527.6353
Morocco,,1995,39030285468.3841
Morocco,,1994,35604137422.5796
Morocco,,1993,31655473663.8348
Morocco,,1992,33711069430.78
Morocco,,1991,32285573573.9185
Morocco,,1990,30179954774.9899
Morocco,,1989,26314313191.1826
Morocco,,1988,25705296183.5037
Morocco,,1987,21765195948.189
Morocco,,1986,19462085540.2231
Morocco,,1985,14991283215.7408
Morocco,,1984,14824667954.3674
Morocco,,1983,16251408127.5735
Morocco,,1982,17692276734.171
Morocco,,1981,17788185478.944
Morocco,,1980,21728516153.0907
Morocco,,1979,15911994817.3107
Morocco,,1978,13236946233.5759
Morocco,,1977,11049783871.8144
Morocco,,1976,9584297284.28316
Morocco,,1975,8984853005.08058
Morocco,,1974,7675466449.35531
Morocco,,1973,6242145880.08876
Morocco,,1972,5074117544.77482
Morocco,,1971,4356669034.34266
Morocco,,1970,3956336244.11865
Morocco,,1969,3651622668.95103
Morocco,,1968,3271422332.61996
Morocco,,1967,3046345314.38655
Morocco,,1966,2876401297.10759
Morocco,,1965,2948331090.46752
Morocco,,1964,2798345298.57781
Morocco,,1963,2657252578.30763
Morocco,,1962,2379611124.61442
Morocco,,1961,2025693539.55842
Morocco,,1960,2037154741.93211
Mozambique,,2025,22337997046.1913
Mozambique,,2024,22752244245.473
Mozambique,,2023,20927498317.3094
Mozambique,,2022,18884232598.8698
Mozambique,,2021,16168055475.4449
Mozambique,,2020,14235420174.1884
Mozambique,,2019,15512759046.672
Mozambique,,2018,15017358952.8452
Mozambique,,2017,13264640645.7768
Mozambique,,2016,12069051237.1711
Mozambique,,2015,16208985769.615
Mozambique,,2014,17978246586.0662
Mozambique,,2013,17198073057.1981
Mozambique,,2012,16688114144.0745
Mozambique,,2011,14619279988.716
Mozambique,,2010,11411894723.864
Mozambique,,2009,12263894790.0125
Mozambique,,2008,12920340964.6544
Mozambique,,2007,10811456005.9405
Mozambique,,2006,9509835536.93373
Mozambique,,2005,8868504899.94673
Mozambique,,2004,7937255565.35765
Mozambique,,2003,6583526860.58062
Mozambique,,2002,5950769426.60213
Mozambique,,2001,5650154067.10346
Mozambique,,2000,5930685214.61595
Mozambique,,1999,6285219691.22462
Mozambique,,1998,5551118148.73836
Mozambique,,1997,4873663774.93019
Mozambique,,1996,4030146134.5706
Mozambique,,1995,3061646173.73938
Mozambique,,1994,2958108170.32061
Mozambique,,1993,2883161897.42651
Mozambique,,1992,2798696511.18156
Mozambique,,1991,3854856434.58062
Myanmar,,2025,81665773809.5238
Myanmar,,2024,74068349523.8095
Myanmar,,2023,66757619000.0
Myanmar,,2022,62253049891.6449
Myanmar,,2021,66345291160.1683
Myanmar,,2020,79006113643.1906
Myanmar,,2019,75065106227.6892
Myanmar,,2018,67860515989.517
Myanmar,,2017,66053040483.0016
Myanmar,,2016,63298361996.2153
Myanmar,,2015,59607290407.6191
Myanmar,,2014,65531374199.6663
Myanmar,,2013,60269732854.827
Myanmar,,2012,59937796648.2158
Myanmar,,2011,59977326085.9908
Myanmar,,2010,49540813342.4834
Myanmar,,2009,36906181380.8127
Myanmar,,2008,31862554101.9378
Myanmar,,2007,20182477480.5512
Myanmar,,2006,14502553709.8303
Myanmar,,2005,11986972418.5103
Myanmar,,2004,10567354056.4049
Myanmar,,2003,10467109977.6717
Myanmar,,2002,6777632512.0781
Myanmar,,2001,6477790688.22844
Myanmar,,2000,8905066163.58643
Myanmar,,1999,8486832800.88498
Myanmar,,1998,6459461639.30243
Myanmar,,1997,4722288495.66085
Myanmar,,1996,6123556716.81329
Myanmar,,1995,5289174942.53404
Myanmar,,1994,4432257173.6492
Myanmar,,1993,3163020034.63637
Myanmar,,1992,2411552288.76212
Myanmar,,1991,2069832686.98061
Myanmar,,1990,2115193513.29556
Myanmar,,1989,2013448228.72975
Myanmar,,1988,1541088312.25453
Myanmar,,1987,1562448076.65689
Myanmar,,1986,1582873750.32068
Myanmar,,1985,1478908173.26796
Myanmar,,1984,1304063253.04136
Myanmar,,1983,1381573615.2513
Myanmar,,1982,1481165467.83214
Myanmar,,1981,1111000765.28987
Myanmar,,1980,1038225167.05882
Myanmar,,1979,952265043.438383
Myanmar,,1978,935408774.951918
Myanmar,,1977,873579931.929901
Myanmar,,1976,1204699849.12592
Myanmar,,1975,1061107353.67232
Myanmar,,1974,1225589878.06809
Myanmar,,1973,719754655.358964
Myanmar,,1972,662213082.741535
Myanmar,,1971,587448405.488773
Myanmar,,1970,563555630.769545
Myanmar,,1969,571854214.589142
Myanmar,,1968,559956130.283622
Myanmar,,1967,420359035.897436
Myanmar,,1966,293103478.548483
Myanmar,,1965,367053117.224523
Myanmar,,1964,411419905.846621
Myanmar,,1963,598998418.724583
Myanmar,,1962,634528872.02036
Myanmar,,1961,605581577.287066
Myanmar,,1960,545098447.640862
Namibia,,2025,15080340653.5276
Namibia,,2024,13641190683.4641
Namibia,,2023,12522012873.7957
Namibia,,2022,12569449123.3661
Namibia,,2021,12402486183.6396
Namibia,,2020,10583748541.5258
Namibia,,2019,12541928303.48
Namibia,,2018,13682019076.4022
Namibia,,2017,12895153370.9132
Namibia,,2016,10722018732.0936
Namibia,,2015,11335161083.5061
Namibia,,2014,12435430969.6301
Namibia,,2013,12043307277.1235
Namibia,,2012,13042053591.6857
Namibia,,2011,12523359440.5499
Namibia,,2010,11431412421.1316
Namibia,,2009,8938847189.07592
Namibia,,2008,8607431497.49471
Namibia,,2007,8839536475.99963
Namibia,,2006,8001779551.06323
Namibia,,2005,7248374837.72056
Namibia,,2004,6609205994.77406
Namibia,,2003,4926439383.51425
Namibia,,2002,3349169826.38896
Namibia,,2001,3557341215.15159
Namibia,,2000,3922232164.83175
Namibia,,1999,3868551730.39163
Namibia,,1998,3873109865.55683
Namibia,,1997,4154989950.00393
Namibia,,1996,3989163196.56767
Namibia,,1995,3978514206.31168
Namibia,,1994,3666503529.62911
Namibia,,1993,3251188833.14533
Namibia,,1992,3429521699.4026
Namibia,,1991,2996869281.48364
Namibia,,1990,2789921853.53112
Namibia,,1989,2535135797.50766
Namibia,,1988,2495094746.44024
Namibia,,1987,2300068216.96898
Namibia,,1986,1809048527.11034
Namibia,,1985,1608237350.44365
Namibia,,1984,1951260037.94542
Namibia,,1983,2297400687.55049
Namibia,,1982,2118710248.32937
Namibia,,1981,2249908578.03115
Namibia,,1980,2421990338.12083
Nepal,,2025,45489810283.1132
Nepal,,2024,43298911699.9284
Nepal,,2023,41049329851.0546
Nepal,,2022,41182939519.8161
Nepal,,2021,36924841394.2605
Nepal,,2020,33433659301.2466
Nepal,,2019,34186180699.0255
Nepal,,2018,33111525237.149
Nepal,,2017,28971588940.364
Nepal,,2016,24524109483.5293
Nepal,,2015,24360801286.7638
Nepal,,2014,22731612922.1906
Nepal,,2013,22162204924.5726
Nepal,,2012,21703100877.1309
Nepal,,2011,21573872420.7008
Nepal,,2010,16002656434.4746
Nepal,,2009,12854985464.0764
Nepal,,2008,12545438605.3959
Nepal,,2007,10325618017.379
Nepal,,2006,9043715355.8881
Nepal,,2005,8130258377.90964
Nepal,,2004,7273938314.71988
Nepal,,2003,6330473096.54071
Nepal,,2002,6050875806.66403
Nepal,,2001,6007055042.17687
Nepal,,2000,5494252207.90502
Nepal,,1999,5033642384.10596
Nepal,,1998,4856255044.39064
Nepal,,1997,4918691916.53516
Nepal,,1996,4521580381.47139
Nepal,,1995,4401104417.67068
Nepal,,1994,4066775510.20408
Nepal,,1993,3660041666.66667
Nepal,,1992,3401211581.29176
Nepal,,1991,3921476084.89072
Nepal,,1990,3627560239.48997
Nepal,,1989,3525225786.58691
Nepal,,1988,3487009748.35638
Nepal,,1987,2957255379.54315
Nepal,,1986,2850782044.04306
Nepal,,1985,2619913955.51556
Nepal,,1984,2581207387.79709
Nepal,,1983,2447174803.37791
Nepal,,1982,2395423741.79762
Nepal,,1981,2275583316.66667
Nepal,,1980,1945916583.33333
Nepal,,1979,1851250008.33333
Nepal,,1978,1604162497.45945
Nepal,,1977,1382400000.0
Nepal,,1976,1452788984.86265
Nepal,,1975,1575789254.46938
Nepal,,1974,1217953546.97604
Nepal,,1973,972101724.995368
Nepal,,1972,1024098400.35619
Nepal,,1971,882765471.604938
Nepal,,1970,865975308.641975
Nepal,,1969,788641965.432099
Nepal,,1968,772231386.914829
Nepal,,1967,841974025.462659
Nepal,,1966,906811943.824649
Nepal,,1965,735267082.294264
Nepal,,1964,496098775.308642
Nepal,,1963,496947904.443033
Nepal,,1962,574091101.194382
Nepal,,1961,531959561.62226
Nepal,,1960,508334413.965087
Netherlands,,2025,1332767651100.39
Netherlands,,2024,1213936238063.28
Netherlands,,2023,1135475867551.0
Netherlands,,2022,1046540797548.64
Netherlands,,2021,1054472123449.6
Netherlands,,2020,932560861701.17
Netherlands,,2019,928903005576.469
Netherlands,,2018,929733599796.862
Netherlands,,2017,848233537845.884
Netherlands,,2016,797163949289.885
Netherlands,,2015,775743675302.734
Netherlands,,2014,901556501756.467
Netherlands,,2013,883951539006.669
Netherlands,,2012,845689017065.625
Netherlands,,2011,913140741332.687
Netherlands,,2010,852464982433.335
Netherlands,,2009,878954223140.234
Netherlands,,2008,957901566041.406
Netherlands,,2007,853499460872.552
Netherlands,,2006,737593995289.411
Netherlands,,2005,688133699635.797
Netherlands,,2004,661224886143.245
Netherlands,,2003,582435617081.96
Netherlands,,2002,475529972122.746
Netherlands,,2001,432536219668.898
Netherlands,,2000,417649282153.726
Netherlands,,1999,447778514140.155
Netherlands,,1998,438612530548.767
Netherlands,,1997,417506211881.635
Netherlands,,1996,451372549019.608
Netherlands,,1995,452967334614.329
Netherlands,,1994,379688232231.505
Netherlands,,1993,354070495965.828
Netherlands,,1992,363497050125.313
Netherlands,,1991,327982316124.47
Netherlands,,1990,318799003993.707
Netherlands,,1989,258716904291.801
Netherlands,,1988,262295966105.474
Netherlands,,1987,245406949521.323
Netherlands,,1986,201157708220.903
Netherlands,,1985,144057523221.868
Netherlands,,1984,144124462912.088
Netherlands,,1983,153671294108.563
Netherlands,,1982,158712765536.024
Netherlands,,1981,164375775854.456
Netherlands,,1980,195439301706.939
Netherlands,,1979,179933827309.678
Netherlands,,1978,156089077205.133
Netherlands,,1977,127203923857.412
Netherlands,,1976,109329386564.427
Netherlands,,1975,100397061693.97
Netherlands,,1974,87371810804.1643
Netherlands,,1973,71946639602.7117
Netherlands,,1972,54787070173.0294
Netherlands,,1971,44644730576.4411
Netherlands,,1970,38220884519.3888
Netherlands,,1969,34086038090.3986
Netherlands,,1968,30097635750.982
Netherlands,,1967,27143828098.7481
Netherlands,,1966,24741480717.0389
Netherlands,,1965,22721869808.1438
Netherlands,,1964,20232048552.8327
Netherlands,,1963,17193744109.0367
Netherlands,,1962,15847582341.1664
Netherlands,,1961,14599836396.388
Netherlands,,1960,13282979014.563
New Zealand,,2025,264057413739.965
New Zealand,,2024,261497198363.906
New Zealand,,2023,256372177757.764
New Zealand,,2022,249723029451.237
New Zealand,,2021,253732493987.834
New Zealand,,2020,213318129988.602
New Zealand,,2019,213088034258.42
New Zealand,,2018,211726161989.495
New Zealand,,2017,206561943051.354
New Zealand,,2016,188980351890.848
New Zealand,,2015,178147457242.978
New Zealand,,2014,201435445068.164
New Zealand,,2013,190943478289.796
New Zealand,,2012,176508049114.249
New Zealand,,2011,168458838711.118
New Zealand,,2010,146887902524.052
New Zealand,,2009,121663439315.385
New Zealand,,2008,133437126590.286
New Zealand,,2007,137188946865.584
New Zealand,,2006,111538810712.665
New Zealand,,2005,114720129550.095
New Zealand,,2004,103905210084.034
New Zealand,,2003,88250885550.2626
New Zealand,,2002,66627729311.4495
New Zealand,,2001,53872425916.6248
New Zealand,,2000,52623281956.7031
New Zealand,,1999,58762260625.8758
New Zealand,,1998,56227169851.0448
New Zealand,,1997,66075143415.4952
New Zealand,,1996,70140835299.0148
New Zealand,,1995,63918703506.9075
New Zealand,,1994,55314732279.1379
New Zealand,,1993,46775620817.4327
New Zealand,,1992,41649829859.6342
New Zealand,,1991,42745329732.163
New Zealand,,1990,45495129385.0475
New Zealand,,1989,43920222524.7085
New Zealand,,1988,45176811594.2029
New Zealand,,1987,40376354069.9474
New Zealand,,1986,30604668356.5695
New Zealand,,1985,24679795396.4194
New Zealand,,1984,21665975318.8842
New Zealand,,1983,24309279705.5731
New Zealand,,1982,24164603058.9949
New Zealand,,1981,24417617184.2478
New Zealand,,1980,23244547384.6748
New Zealand,,1979,20731243113.2926
New Zealand,,1978,18530518394.6488
New Zealand,,1977,15446825318.4556
New Zealand,,1976,13604832424.0062
New Zealand,,1975,12861983284.3912
New Zealand,,1974,13940981798.1247
New Zealand,,1973,12802281897.8712
New Zealand,,1972,9567331064.65727
New Zealand,,1971,7911136757.06867
New Zealand,,1970,6495605330.94411
New Zealand,,1969,5814357708.51005
New Zealand,,1968,5228045415.27318
New Zealand,,1967,6016017227.09124
New Zealand,,1966,5917437693.37459
New Zealand,,1965,5706251400.19577
New Zealand,,1964,7340766415.01868
New Zealand,,1963,6699741645.07827
New Zealand,,1962,6133158532.21667
New Zealand,,1961,5721994864.23066
New Zealand,,1960,5536098360.49526
Nicaragua,,2025,22237167113.0916
Nicaragua,,2024,19696311850.3289
Nicaragua,,2023,17805842220.7571
Nicaragua,,2022,15634573555.9049
Nicaragua,,2021,14209019392.3025
Nicaragua,,2020,12726422432.4868
Nicaragua,,2019,12699023614.245
Nicaragua,,2018,13025221974.232
Nicaragua,,2017,13785893007.4769
Nicaragua,,2016,13286093388.4752
Nicaragua,,2015,12756696261.0676
Nicaragua,,2014,11880438824.4494
Nicaragua,,2013,10982988249.2103
Nicaragua,,2012,10532017231.8253
Nicaragua,,2011,9774329332.71276
Nicaragua,,2010,8758602232.98358
Nicaragua,,2009,8298702489.0801
Nicaragua,,2008,8496967596.77008
Nicaragua,,2007,7423375014.75729
Nicaragua,,2006,6763672380.61154
Nicaragua,,2005,6321324279.14826
Nicaragua,,2004,5792932838.40051
Nicaragua,,2003,5322228350.58068
Nicaragua,,2002,5223727302.54906
Nicaragua,,2001,5351752034.2221
Nicaragua,,2000,5109587049.97449
Nicaragua,,1999,4856026259.07657
Nicaragua,,1998,4635347385.5446
Nicaragua,,1997,4389973489.86032
Nicaragua,,1996,4308351902.78601
Nicaragua,,1995,4140470000.0
Nicaragua,,1994,3863185119.04762
Nicaragua,,1993,1756454248.36601
Nicaragua,,1992,1792800000.0
Nicaragua,,1991,1488804123.71134
Nicaragua,,1990,1009455483.87097
Nicaragua,,1989,1013184755.57026
Nicaragua,,1988,2630900095.60219
Nicaragua,,1987,3851200117.77355
Nicaragua,,1986,2885799993.91571
Nicaragua,,1985,2683699935.36479
Nicaragua,,1984,3117599872.08764
Nicaragua,,1983,2753100057.78802
Nicaragua,,1982,2454499872.03789
Nicaragua,,1981,2474700227.04662
Nicaragua,,1980,2144300006.18028
Nicaragua,,1979,1567599981.69806
Nicaragua,,1978,2127699978.78077
Nicaragua,,1977,2226999873.71856
Nicaragua,,1976,1836899998.94579
Nicaragua,,1975,1581599958.5989
Nicaragua,,1974,1521400011.53463
Nicaragua,,1973,1092900014.79168
Nicaragua,,1972,878570045.450998
Nicaragua,,1971,828569953.4744
Nicaragua,,1970,778569938.824225
Nicaragua,,1969,750000002.894903
Nicaragua,,1968,692859984.612158
Nicaragua,,1967,657140010.747554
Nicaragua,,1966,607140010.475682
Nicaragua,,1965,564290020.384288
Nicaragua,,1964,347119918.158577
Nicaragua,,1963,297324163.095513
Nicaragua,,1962,269283803.686825
Nicaragua,,1961,244144236.65331
Nicaragua,,1960,227223322.141537
Niger,,2025,21646191388.2507
Niger,,2024,19729786046.7618
Niger,,2023,16949765463.9058
Niger,,2022,15531799640.9005
Niger,,2021,14936154253.3242
Niger,,2020,13648332189.7307
Niger,,2019,12420836506.7888
Niger,,2018,12800907985.9863
Niger,,2017,11359273443.3897
Niger,,2016,10341025540.2322
Niger,,2015,9683867926.44282
Niger,,2014,10862943543.5419
Niger,,2013,10224897437.8648
Niger,,2012,9426912647.59111
Niger,,2011,8772950777.79176
Niger,,2010,7851192502.30917
Niger,,2009,7352131309.73341
Niger,,2008,7297600226.00536
Niger,,2007,5731485051.79069
Niger,,2006,4756361252.37923
Niger,,2005,4383315964.58718
Niger,,2004,3760443737.53797
Niger,,2003,3394084732.49543
Niger,,2002,2782192878.67204
Niger,,2001,2448714703.96617
Niger,,2000,2241753192.81158
Niger,,1999,2537789820.69295
Niger,,1998,2643363518.99272
Niger,,1997,2290318910.20658
Niger,,1996,2405686940.0464
Niger,,1995,2302537562.24406
Niger,,1994,1938058175.21399
Niger,,1993,3052673849.25181
Niger,,1992,3386232579.22522
Niger,,1991,3285796874.97125
Niger,,1990,3512356507.88599
Niger,,1989,2179567114.33391
Niger,,1988,2280356192.76273
Niger,,1987,2233006104.92776
Niger,,1986,1904096998.30009
Niger,,1985,1440581652.39853
Niger,,1984,1461243326.12882
Niger,,1983,1803099561.20046
Niger,,1982,2017612215.97935
Niger,,1981,2170893414.3888
Niger,,1980,2508524720.71895
Niger,,1979,2109277665.69912
Niger,,1978,1774365589.70815
Niger,,1977,1291458041.46193
Niger,,1976,1064517601.29025
Niger,,1975,1048690933.21027
Niger,,1974,1026137110.89309
Niger,,1973,946385105.193732
Niger,,1972,742779660.818693
Niger,,1971,693573703.630273
Niger,,1970,649916621.242978
Niger,,1969,625867985.273798
Niger,,1968,641214226.209493
Niger,,1967,665586872.274446
Niger,,1966,702296078.593173
Niger,,1965,673383510.812866
Niger,,1964,582816396.404409
Niger,,1963,586294878.744643
Niger,,1962,531736599.250464
Niger,,1961,485785230.978987
Niger,,1960,449526873.29589
Nigeria,,2025,290794361542.112
Nigeria,,2024,252261880140.271
Nigeria,,2023,487387801877.803
Nigeria,,2022,646950257575.455
Nigeria,,2021,609147716965.348
Nigeria,,2020,598586817817.392
Nigeria,,2019,668219992686.575
Nigeria,,2018,421739251509.08
Nigeria,,2017,375745731053.427
Nigeria,,2016,404649125252.16
Nigeria,,2015,493026682800.63
Nigeria,,2014,574183763411.508
Nigeria,,2013,520117180313.906
Nigeria,,2012,463971018239.281
Nigeria,,2011,414466676831.16
Nigeria,,2010,366990417129.04
Nigeria,,2009,295008835380.997
Nigeria,,2008,339476276257.793
Nigeria,,2007,278260846800.103
Nigeria,,2006,238454997161.48
Nigeria,,2005,175670569969.346
Nigeria,,2004,135764731645.611
Nigeria,,2003,104738954264.226
Nigeria,,2002,95054059302.6995
Nigeria,,2001,73557840064.489
Nigeria,,2000,69171451627.2465
Nigeria,,1999,59145077039.1437
Nigeria,,1998,218416200672.727
Nigeria,,1997,200850397618.182
Nigeria,,1996,185730236700.0
Nigeria,,1995,140919776986.364
Nigeria,,1994,80399613063.6364
Nigeria,,1993,56721051402.4732
Nigeria,,1992,52058181853.8055
Nigeria,,1991,59526833412.3581
Nigeria,,1990,54035795387.8086
Nigeria,,1989,44003061108.4005
Nigeria,,1988,49648470440.4593
Nigeria,,1987,52676041931.1087
Nigeria,,1986,54805852580.9129
Nigeria,,1985,73745821158.2254
Nigeria,,1984,73484359521.4887
Nigeria,,1983,97094911792.0489
Nigeria,,1982,142769363314.176
Nigeria,,1981,164475209515.939
Nigeria,,1980,64201788122.6054
Nigeria,,1979,47259911894.2731
Nigeria,,1978,36527862208.7133
Nigeria,,1977,36035407725.3219
Nigeria,,1976,36308883248.731
Nigeria,,1975,27778934624.6973
Nigeria,,1974,24846641318.1242
Nigeria,,1973,15162871287.1287
Nigeria,,1972,12274416017.7976
Nigeria,,1971,9181769911.50443
Nigeria,,1970,12546094981.562
Nigeria,,1969,6634317346.27306
Nigeria,,1968,5200997919.60083
Nigeria,,1967,5203237918.70483
Nigeria,,1966,6366917453.23302
Nigeria,,1965,5874537650.18494
Nigeria,,1964,5552931318.82747
Nigeria,,1963,5165590253.7639
Nigeria,,1962,4909399176.24033
Nigeria,,1961,4467287893.08484
Nigeria,,1960,4196174501.5302
North Macedonia,,2025,19101199817.0174
North Macedonia,,2024,16951682221.3962
North Macedonia,,2023,15855131188.9092
North Macedonia,,2022,13932436550.0883
North Macedonia,,2021,14000283827.0154
North Macedonia,,2020,12361036913.8409
North Macedonia,,2019,12606338448.547
North Macedonia,,2018,12683068114.2388
North Macedonia,,2017,11307067069.6658
North Macedonia,,2016,10672467073.2873
North Macedonia,,2015,10064519962.5655
North Macedonia,,2014,11362265252.778
North Macedonia,,2013,10817702346.0674
North Macedonia,,2012,9745261300.57788
North Macedonia,,2011,10494626767.6445
North Macedonia,,2010,9407170321.37752
North Macedonia,,2009,9401736825.42688
North Macedonia,,2008,9909552434.51136
North Macedonia,,2007,8336474973.72949
North Macedonia,,2006,6861226971.55617
North Macedonia,,2005,6258602872.67898
North Macedonia,,2004,5682784471.69722
North Macedonia,,2003,4946296599.08467
North Macedonia,,2002,4018365747.00972
North Macedonia,,2001,3709636030.66578
North Macedonia,,2000,3772859034.20508
North Macedonia,,1999,3863619284.77939
North Macedonia,,1998,3765745023.2074
North Macedonia,,1997,3912986090.97363
North Macedonia,,1996,4642021256.30689
North Macedonia,,1995,4707041315.24202
North Macedonia,,1994,3559608639.98379
North Macedonia,,1993,2682456896.55172
North Macedonia,,1992,2436849341.97604
North Macedonia,,1991,4938775510.20408
North Macedonia,,1990,4699646643.10954
Norway,,2025,530755719438.879
Norway,,2024,500886328034.123
Norway,,2023,502197633322.816
Norway,,2022,617321834098.986
Norway,,2021,521592200232.829
Norway,,2020,382252517921.94
Norway,,2019,424244886363.636
Norway,,2018,454588871810.636
Norway,,2017,415673181543.421
Norway,,2016,383284047619.048
Norway,,2015,400669174330.888
Norway,,2014,515829568897.117
Norway,,2013,540132255319.149
Norway,,2012,525082939406.962
Norway,,2011,512868581627.712
Norway,,2010,440132138425.479
Norway,,2009,395664488017.429
Norway,,2008,472060283687.943
Norway,,2007,407813774161.08
Norway,,2006,349773283644.925
Norway,,2005,311417306946.061
Norway,,2004,265662977688.108
Norway,,2003,229192678172.933
Norway,,2002,195359978957.389
Norway,,2001,173590978346.698
Norway,,2000,170620327660.251
Norway,,1999,161304620986.768
Norway,,1998,152955958171.529
Norway,,1997,160013571973.874
Norway,,1996,162427517132.314
Norway,,1995,151083627983.331
Norway,,1994,126324387893.902
Norway,,1993,119841699440.38
Norway,,1992,129998873602.06
Norway,,1991,121149331317.774
Norway,,1990,119344377526.08
Norway,,1989,102226808603.085
Norway,,1988,101497621605.033
Norway,,1987,93913320964.7495
Norway,,1986,78438205741.9503
Norway,,1985,65211464197.6457
Norway,,1984,61866078539.4842
Norway,,1983,61417685433.9126
Norway,,1982,62453362255.9653
Norway,,1981,63392804251.2414
Norway,,1980,64176789763.5245
Norway,,1979,52935763511.779
Norway,,1978,46355988783.5492
Norway,,1977,41362637362.6374
Norway,,1976,35815449463.9421
Norway,,1975,32742543381.3542
Norway,,1974,27033413361.7344
Norway,,1973,22433660550.1405
Norway,,1972,17283931878.2065
Norway,,1971,14523306736.2066
Norway,,1970,12753503478.9791
Norway,,1969,11083505596.0497
Norway,,1968,10178705992.4833
Norway,,1967,9532076025.937
Norway,,1966,8712528094.54776
Norway,,1965,8073570565.93266
Norway,,1964,7172430304.05326
Norway,,1963,6522268052.83911
Norway,,1962,6078186244.59462
Norway,,1961,5642867671.71849
Norway,,1960,5172811442.41911
Oman,,2025,109604780696.23
Oman,,2024,107137198699.61
Oman,,2023,106174707932.38
Oman,,2022,109852795838.752
Oman,,2021,87323797139.1417
Oman,,2020,75909492847.8544
Oman,,2019,88060858257.4772
Oman,,2018,91505851755.5267
Oman,,2017,80856697009.1027
Oman,,2016,75128738621.5865
Oman,,2015,78710793237.9714
Oman,,2014,92699089726.9181
Oman,,2013,89936020806.2419
Oman,,2012,87408842652.7958
Oman,,2011,77497529258.7776
Oman,,2010,64993498049.4148
Oman,,2009,55454096228.8687
Oman,,2008,69804681404.4213
Oman,,2007,48300390117.0351
Oman,,2006,42577633289.987
Oman,,2005,35506892067.6203
Oman,,2004,28378933680.104
Oman,,2003,24733680104.0312
Oman,,2002,23065539661.8986
Oman,,2001,22205721716.515
Oman,,2000,22259557867.3602
Oman,,1999,17832769830.9493
Oman,,1998,16044213263.9792
Oman,,1997,18039791937.5813
Oman,,1996,17402080624.1873
Oman,,1995,15722236671.0013
Oman,,1994,14715214564.3693
Oman,,1993,14230429128.7386
Oman,,1992,14183615084.5254
Oman,,1991,12918335500.6502
Oman,,1990,13310273081.9246
Oman,,1989,9372171651.49545
Oman,,1988,8386215864.75943
Oman,,1987,7811183094.92848
Oman,,1986,7324167369.14305
Oman,,1985,10005645420.4606
Oman,,1984,8821443150.92488
Oman,,1983,7932541690.79328
Oman,,1982,7554719455.70353
Oman,,1981,7259120150.55009
Oman,,1980,5981760277.93862
Oman,,1979,3733352634.62652
Oman,,1978,2740301389.69311
Oman,,1977,2741169947.88651
Oman,,1976,2560220034.74233
Oman,,1975,2096699189.34569
Oman,,1974,1645917776.49102
Oman,,1973,483066990.612417
Oman,,1972,366883548.347591
Oman,,1971,301010587.102984
Oman,,1970,256319794.944164
Oman,,1969,239999808.000154
Oman,,1968,188879848.896121
Oman,,1967,107151832.489651
Oman,,1966,67759972.8960108
Oman,,1965,63279974.6880101
Oman,,1964,61872525.7988835
Oman,,1963,59912762.5382854
Oman,,1962,56273202.1971746
Oman,,1961,45634487.3539276
Oman,,1960,44234656.4535004
Pakistan,,2025,407307214476.222
Pakistan,,2024,371747087751.306
Pakistan,,2023,336686348609.266
Pakistan,,2022,374890295666.694
Pakistan,,2021,348516647445.148
Pakistan,,2020,300425609817.981
Pakistan,,2019,320909472770.669
Pakistan,,2018,356128166704.921
Pakistan,,2017,339205534861.1
Pakistan,,2016,313630000130.435
Pakistan,,2015,299963590534.773
Pakistan,,2014,271390474857.632
Pakistan,,2013,258657231672.412
Pakistan,,2012,250106966104.704
Pakistan,,2011,230586581059.665
Pakistan,,2010,196709621849.586
Pakistan,,2009,187337783856.466
Pakistan,,2008,202203748583.854
Pakistan,,2007,184140869997.46
Pakistan,,2006,161871385506.36
Pakistan,,2005,145208562960.767
Pakistan,,2004,132216048339.413
Pakistan,,2003,112371913740.823
Pakistan,,2002,97923302809.3537
Pakistan,,2001,97145618479.9038
Pakistan,,2000,99484802344.5277
Pakistan,,1999,62973857068.5113
Pakistan,,1998,62191955814.3478
Pakistan,,1997,62433340468.0228
Pakistan,,1996,63320170084.4076
Pakistan,,1995,60636071684.1918
Pakistan,,1994,52293470813.1336
Pakistan,,1993,51809999353.1614
Pakistan,,1992,48884671947.4657
Pakistan,,1991,45625336680.2047
Pakistan,,1990,40010423970.4576
Pakistan,,1989,40171106279.0078
Pakistan,,1988,38472742808.3167
Pakistan,,1987,33351529274.6869
Pakistan,,1986,31899070055.7967
Pakistan,,1985,31144920844.3272
Pakistan,,1984,31151825467.4978
Pakistan,,1983,28691889763.7795
Pakistan,,1982,30725971563.981
Pakistan,,1981,28100606060.6061
Pakistan,,1980,23654444444.4444
Pakistan,,1979,19688383838.3838
Pakistan,,1978,17811515151.5152
Pakistan,,1977,15126060606.0606
Pakistan,,1976,13168080808.0808
Pakistan,,1975,11230606060.6061
Pakistan,,1974,8899191919.19192
Pakistan,,1973,6383429490.21091
Pakistan,,1972,9415016359.56604
Pakistan,,1971,10665896682.0664
Pakistan,,1970,10027509449.811
Pakistan,,1969,8683116337.67325
Pakistan,,1968,8041999160.0168
Pakistan,,1967,7464510709.7858
Pakistan,,1966,6561108777.82444
Pakistan,,1965,5929231415.37169
Pakistan,,1964,5204955900.88198
Pakistan,,1963,4630827383.45233
Pakistan,,1962,4310163796.72407
Pakistan,,1961,4118647627.04746
Pakistan,,1960,3749265014.69971
Palau,,2025,345000000.0
Palau,,2024,321501812.5
Palau,,2023,276157406.25
Palau,,2022,247470812.5
Palau,,2021,235935734.375
Palau,,2020,258985859.375
Palau,,2019,281954000.0
Palau,,2018,288228343.75
Palau,,2017,289983656.25
Palau,,2016,303326125.0
Palau,,2015,283224750.0
Palau,,2014,245436546.875
Palau,,2013,226257828.125
Palau,,2012,214928296.875
Palau,,2011,195163578.125
Palau,,2010,184292328.125
Palau,,2009,184049765.625
Palau,,2008,199046109.375
Palau,,2007,196012718.75
Palau,,2006,190777421.875
Palau,,2005,185658171.875
Palau,,2004,166363734.375
Palau,,2003,154566781.25
Palau,,2002,162658718.75
Palau,,2001,159446234.375
Palau,,2000,149551484.375
Palau,,1999,144206500.0
Palau,,1998,149079600.0
Palau,,1997,143860800.0
Palau,,1996,137494600.0
Palau,,1995,121018500.0
Palau,,1994,106138500.0
Palau,,1993,96455700.0
Palau,,1992,104771300.0
Palau,,1991,106555300.0
Palau,,1990,97702303.0
Palau,,1989,85800543.0
Palau,,1988,75348615.0
Palau,,1987,66169905.0
Palau,,1986,58109314.0
Palau,,1985,51030637.0
Palau,,1984,44814259.0
Palau,,1983,39661530.0
Palau,,1982,36027583.0
Palau,,1981,32726594.0
Palau,,1980,29728054.0
Palau,,1979,27004251.0
Palau,,1978,24530015.0
Palau,,1977,22308104.0
Palau,,1976,20364420.0
Palau,,1975,18521112.0
Palau,,1974,16848759.0
Palau,,1973,15331889.0
Palau,,1972,13956474.0
Palau,,1971,12706874.0
Palau,,1970,11563041.0
Panama,,2025,90462600000.0
Panama,,2024,86523959100.0
Panama,,2023,83812155200.0
Panama,,2022,76479304500.0
Panama,,2021,67396392500.0
Panama,,2020,57059846500.0
Panama,,2019,69778991200.0
Panama,,2018,67316471200.0
Panama,,2017,64327688800.0
Panama,,2016,59760858700.0
Panama,,2015,55767806100.0
Panama,,2014,51427104900.0
Panama,,2013,46949496500.0
Panama,,2012,41595439700.0
Panama,,2011,35687738300.0
Panama,,2010,30231009500.0
Panama,,2009,27791215500.0
Panama,,2008,25721328000.0
Panama,,2007,21717433800.0
Panama,,2006,18659721500.0
Panama,,2005,16623906700.0
Panama,,2004,15100203400.0
Panama,,2003,13603456000.0
Panama,,2002,12800851300.0
Panama,,2001,12252906300.0
Panama,,2000,11966497000.0
Panama,,1999,11660704800.0
Panama,,1998,11019557700.0
Panama,,1997,10058854400.0
Panama,,1996,9197503300.0
Panama,,1995,9573813700.0
Panama,,1994,9365289800.0
Panama,,1993,8782585400.0
Panama,,1992,8042337700.0
Panama,,1991,7074675500.0
Panama,,1990,6433967000.0
Panama,,1989,5918469800.0
Panama,,1988,5902783400.0
Panama,,1987,6827665300.0
Panama,,1986,6797834200.0
Panama,,1985,6541517100.0
Panama,,1984,6183387100.0
Panama,,1983,5923755900.0
Panama,,1982,5769767900.0
Panama,,1981,5222421500.0
Panama,,1980,4614086400.0
Panama,,1979,3704551600.0
Panama,,1978,3244558600.0
Panama,,1977,2738261900.0
Panama,,1976,2588106000.0
Panama,,1975,2435304100.0
Panama,,1974,2188307600.0
Panama,,1973,1913793400.0
Panama,,1972,1673411700.0
Panama,,1971,1523917200.0
Panama,,1970,1351006400.0
Panama,,1969,1221305700.0
Panama,,1968,1112791100.0
Panama,,1967,1034376400.0
Panama,,1966,928833000.0
Panama,,1965,852485300.0
Panama,,1964,776137500.0
Panama,,1963,722784500.0
Panama,,1962,652120900.0
Panama,,1961,599026300.0
Panama,,1960,537147100.0
Papua New Guinea,,2025,32498658653.8415
Papua New Guinea,,2024,30803971189.4102
Papua New Guinea,,2023,30816328065.6492
Papua New Guinea,,2022,31653230962.4549
Papua New Guinea,,2021,26113409477.7318
Papua New Guinea,,2020,23848447849.6081
Papua New Guinea,,2019,24750626029.8777
Papua New Guinea,,2018,24109780708.0268
Papua New Guinea,,2017,22742699138.356
Papua New Guinea,,2016,20758876952.6232
Papua New Guinea,,2015,21723437010.0982
Papua New Guinea,,2014,23210823987.308
Papua New Guinea,,2013,21261338064.8783
Papua New Guinea,,2012,21295168665.7247
Papua New Guinea,,2011,17985138065.8549
Papua New Guinea,,2010,14250786674.7766
Papua New Guinea,,2009,11619456449.266
Papua New Guinea,,2008,11670892800.5309
Papua New Guinea,,2007,9545028944.34579
Papua New Guinea,,2006,8354911040.70193
Papua New Guinea,,2005,4865892972.27595
Papua New Guinea,,2004,3927157866.96465
Papua New Guinea,,2003,3536411824.2958
Papua New Guinea,,2002,2999511040.19764
Papua New Guinea,,2001,3081024212.42924
Papua New Guinea,,2000,3521339699.07407
Papua New Guinea,,1999,3477038204.01733
Papua New Guinea,,1998,3789443014.61662
Papua New Guinea,,1997,4936615298.79367
Papua New Guinea,,1996,5155311077.38998
Papua New Guinea,,1995,4636057476.42568
Papua New Guinea,,1994,5502786069.65174
Papua New Guinea,,1993,4974550286.18152
Papua New Guinea,,1992,4377980510.05598
Papua New Guinea,,1991,3787394957.98319
Papua New Guinea,,1990,3219729083.06487
Papua New Guinea,,1989,3546472565.69364
Papua New Guinea,,1988,3656177880.70625
Papua New Guinea,,1987,3143851794.08723
Papua New Guinea,,1986,2647995602.28698
Papua New Guinea,,1985,2423339171.50015
Papua New Guinea,,1984,2552662617.18854
Papua New Guinea,,1983,2562351551.04491
Papua New Guinea,,1982,2368719683.44848
Papua New Guinea,,1981,2498190847.39668
Papua New Guinea,,1980,2545808455.52399
Papua New Guinea,,1979,2293760510.9609
Papua New Guinea,,1978,1947878830.62383
Papua New Guinea,,1977,1640746618.68467
Papua New Guinea,,1976,1511843235.49111
Papua New Guinea,,1975,1356603608.09695
Papua New Guinea,,1974,1467417672.17002
Papua New Guinea,,1973,1299079410.43638
Papua New Guinea,,1972,858761926.08968
Papua New Guinea,,1971,717750278.105664
Papua New Guinea,,1970,645568215.290914
Papua New Guinea,,1969,551263864.202218
Papua New Guinea,,1968,485184189.62947
Papua New Guinea,,1967,441728182.676509
Papua New Guinea,,1966,390992062.55873
Papua New Guinea,,1965,344176055.068169
Papua New Guinea,,1964,305312048.849928
Papua New Guinea,,1963,275968044.154887
Papua New Guinea,,1962,261184041.789447
Papua New Guinea,,1961,244832039.173126
Papua New Guinea,,1960,230496036.879366
Paraguay,,2025,49278227554.3339
Paraguay,,2024,44738819362.3269
Paraguay,,2023,43140465595.6662
Paraguay,,2022,41841201626.7253
Paraguay,,2021,39937357255.8716
Paraguay,,2020,35432178068.1814
Paraguay,,2019,37925338329.1494
Paraguay,,2018,40225448340.6322
Paraguay,,2017,38997129473.5558
Paraguay,,2016,36089700222.9461
Paraguay,,2015,36211447840.0971
Paraguay,,2014,40377929295.6419
Paraguay,,2013,38501122141.4241
Paraguay,,2012,33271921136.315
Paraguay,,2011,33756238766.5
Paraguay,,2010,27260886405.2263
Paraguay,,2009,22355151161.994
Paraguay,,2008,24615267663.5456
Paraguay,,2007,17856393235.4338
Paraguay,,2006,13429430050.261
Paraguay,,2005,10737500188.1123
Paraguay,,2004,9624440836.29309
Paraguay,,2003,7691367471.17992
Paraguay,,2002,7196260656.84556
Paraguay,,2001,8495806432.18467
Paraguay,,2000,8855705139.55857
Paraguay,,1999,8837070235.51892
Paraguay,,1998,9260481572.42462
Paraguay,,1997,9965225678.05093
Paraguay,,1996,9788391780.52421
Paraguay,,1995,9062131475.02318
Paraguay,,1994,7870982004.8195
Paraguay,,1993,7249533620.30614
Paraguay,,1992,7157424031.06045
Paraguay,,1991,6984367762.90371
Paraguay,,1990,5812114523.01187
Paraguay,,1989,4757732199.96213
Paraguay,,1988,4255683528.33333
Paraguay,,1987,3971044723.8024
Paraguay,,1986,3723993942.79088
Paraguay,,1985,3282449235.76129
Paraguay,,1984,4502462807.13993
Paraguay,,1983,5673248726.16438
Paraguay,,1982,5419411764.70588
Paraguay,,1981,5624515873.01587
Paraguay,,1980,4448087301.5873
Paraguay,,1979,3416777777.77778
Paraguay,,1978,2559857142.85714
Paraguay,,1977,2092158730.15873
Paraguay,,1976,1698960317.46032
Paraguay,,1975,1511420634.92063
Paraguay,,1974,1333475396.8254
Paraguay,,1973,995531746.031746
Paraguay,,1972,769039682.539683
Paraguay,,1971,664571428.571429
Paraguay,,1970,594611111.111111
Paraguay,,1969,556293650.793651
Paraguay,,1968,517650793.650794
Paraguay,,1967,492674603.174603
Paraguay,,1966,465888888.888889
Paraguay,,1965,443587301.587302
Paraguay,,1964,408349206.349206
Paraguay,,1963,383904761.904762
Paraguay,,1962,360698412.698413
Paraguay,,1961,322053713.15873
Paraguay,,1960,288884368.016934
Peru,,2025,334854659181.893
Peru,,2024,291751523018.903
Peru,,2023,268025009709.319
Peru,,2022,246169867862.821
Peru,,2021,226406075008.878
Peru,,2020,201409694755.934
Peru,,2019,228346006003.648
Peru,,2018,222597009739.235
Peru,,2017,211007984080.911
Peru,,2016,191898104390.379
Peru,,2015,189802976285.619
Peru,,2014,200786250582.943
Peru,,2013,201175543571.392
Peru,,2012,192650021648.583
Peru,,2011,171761737046.585
Peru,,2010,147527631520.729
Peru,,2009,120822986521.479
Peru,,2008,120550599815.441
Peru,,2007,102170981144.136
Peru,,2006,88643193061.748
Peru,,2005,76060606060.6061
Peru,,2004,66768703497.5687
Peru,,2003,58731030121.8671
Peru,,2002,54777553515.0809
Peru,,2001,52030158775.4055
Peru,,2000,51744749133.213
Peru,,1999,50187324567.883
Peru,,1998,55501467877.381
Peru,,1997,58147522522.5225
Peru,,1996,55252414130.3019
Peru,,1995,53312793687.3836
Peru,,1994,44882079766.8913
Peru,,1993,34832077220.8537
Peru,,1992,35966302303.263
Peru,,1991,34341465998.2003
Peru,,1990,26410386962.8019
Peru,,1989,22499558526.3682
Peru,,1988,15439408447.2
Peru,,1987,36889706592.6843
Peru,,1986,21859448586.485
Peru,,1985,15078736875.387
Peru,,1984,17600400384.5073
Peru,,1983,17345260564.4824
Peru,,1982,21794535621.216
Peru,,1981,21648214892.8828
Peru,,1980,18136838537.725
Peru,,1979,15954012439.1662
Peru,,1978,12491876742.9708
Peru,,1977,14544913960.5062
Peru,,1976,16131958850.6444
Peru,,1975,16931162355.4802
Peru,,1974,13858441211.4692
Peru,,1973,10994381895.1161
Peru,,1972,9189413409.28138
Peru,,1971,8289582883.67673
Peru,,1970,7432223176.93623
Peru,,1969,6420909789.83
Peru,,1968,5736083835.29034
Peru,,1967,6194340079.8786
Peru,,1966,6109048736.61853
Peru,,1965,5163008077.37371
Peru,,1964,4353664866.67985
Peru,,1963,3598272493.3109
Peru,,1962,3284322201.27831
Peru,,1961,2897852693.27494
Peru,,1960,2571986572.12719
Philippines,,2025,487086123720.417
Philippines,,2024,461671157904.74
Philippines,,2023,437055627245.138
Philippines,,2022,404353369604.631
Philippines,,2021,394087359848.11
Philippines,,2020,361751145451.597
Philippines,,2019,376823402239.136
Philippines,,2018,346841896587.313
Philippines,,2017,328480736802.76
Philippines,,2016,318627003016.731
Philippines,,2015,306445871242.322
Philippines,,2014,297483555338.044
Philippines,,2013,283902828588.718
Philippines,,2012,261920540962.63
Philippines,,2011,234216730291.32
Philippines,,2010,208368893151.144
Philippines,,2009,175974755881.372
Philippines,,2008,181624626327.361
Philippines,,2007,155980408673.403
Philippines,,2006,127652926368.069
Philippines,,2005,107419977318.166
Philippines,,2004,95001999685.3314
Philippines,,2003,87039092974.2272
Philippines,,2002,84307345887.543
Philippines,,2001,78921234457.5487
Philippines,,2000,83669788376.9213
Philippines,,1999,85640171045.1254
Philippines,,1998,74492416329.9142
Philippines,,1997,94106317565.0846
Philippines,,1996,94648084429.0341
Philippines,,1995,84644328727.4825
Philippines,,1994,73159336915.2718
Philippines,,1993,62036529147.1831
Philippines,,1992,60422328242.1803
Philippines,,1991,51784144942.727
Philippines,,1990,50508286641.5746
Philippines,,1989,48513773720.673
Philippines,,1988,43152128958.6116
Philippines,,1987,37791488666.0743
Philippines,,1986,33987207294.9432
Philippines,,1985,34961486348.2382
Philippines,,1984,35730185633.5233
Philippines,,1983,37759179894.5298
Philippines,,1982,42206011275.1757
Philippines,,1981,40499388869.1271
Philippines,,1980,36848080898.8112
Philippines,,1979,31218296292.1295
Philippines,,1978,25762224562.6316
Philippines,,1977,22283109803.3521
Philippines,,1976,19381055197.2794
Philippines,,1975,16875240683.5083
Philippines,,1974,15607882555.2916
Philippines,,1973,11412449735.3056
Philippines,,1972,9067815521.3262
Philippines,,1971,8375075629.8327
Philippines,,1970,7559115516.69532
Philippines,,1969,9571800652.5641
Philippines,,1968,8632749269.48718
Philippines,,1967,7724873935.12821
Philippines,,1966,7189017887.69231
Philippines,,1965,6517349771.93386
Philippines,,1964,5953756194.80988
Philippines,,1963,5505023238.40669
Philippines,,1962,4954593071.82796
Philippines,,1961,8171194424.94498
Philippines,,1960,7515894110.56487
Poland,,2025,1035491784197.44
Poland,,2024,917767106146.761
Poland,,2023,812451193396.143
Poland,,2022,695607470875.276
Poland,,2021,689170230665.35
Poland,,2020,605914237903.742
Poland,,2019,602683770144.88
Poland,,2018,594616632477.019
Poland,,2017,528356723263.073
Poland,,2016,473259623976.262
Poland,,2015,480054118583.367
Poland,,2014,542134167178.627
Poland,,2013,518179836405.36
Poland,,2012,498148649702.66
Poland,,2011,527848543023.469
Poland,,2010,478111630683.514
Poland,,2009,440891472247.096
Poland,,2008,535612030671.888
Poland,,2007,429715132137.503
Poland,,2006,345897630736.173
Poland,,2005,306999913150.525
Poland,,2004,256268656145.134
Poland,,2003,218561225998.47
Poland,,2002,199694463255.567
Poland,,2001,191823200371.284
Poland,,2000,172953527033.013
Poland,,1999,170704452714.673
Poland,,1998,175282269666.801
Poland,,1997,159893964916.817
Poland,,1996,160813026223.063
Poland,,1995,142838527115.448
Poland,,1994,110803635287.621
Poland,,1993,96043157272.862
Poland,,1992,94337050693.2727
Poland,,1991,85500935934.9901
Poland,,1990,65977748210.5263
Portugal,,2025,346639825141.821
Portugal,,2024,313656884870.859
Portugal,,2023,292323800948.839
Portugal,,2022,256898677175.024
Portugal,,2021,256055879091.139
Portugal,,2020,229618773422.577
Portugal,,2019,240115970063.019
Portugal,,2018,242092894542.888
Portugal,,2017,220862990767.229
Portugal,,2016,206305431241.638
Portugal,,2015,199038523119.639
Portugal,,2014,230078616299.675
Portugal,,2013,226677408291.745
Portugal,,2012,216536676771.973
Portugal,,2011,245426767676.002
Portugal,,2010,238443864993.217
Portugal,,2009,244667762835.543
Portugal,,2008,263416394624.084
Portugal,,2007,240496147317.381
Portugal,,2006,208756449275.848
Portugal,,2005,197253876704.921
Portugal,,2004,189382122532.169
Portugal,,2003,165226175536.793
Portugal,,2002,134795565549.419
Portugal,,2001,121604107164.997
Portugal,,2000,118605192877.388
Portugal,,1999,127470385557.184
Portugal,,1998,123946327916.296
Portugal,,1997,117016535162.95
Portugal,,1996,122630089680.27
Portugal,,1995,118122007430.012
Portugal,,1994,99688641304.3478
Portugal,,1993,95009751901.2592
Portugal,,1992,107592098307.098
Portugal,,1991,89233599278.4792
Portugal,,1990,78713860216.5659
Portugal,,1989,60594092182.3275
Portugal,,1988,56347250696.3788
Portugal,,1987,48182925857.4071
Portugal,,1986,38745901353.7059
Portugal,,1985,27115807742.0873
Portugal,,1984,25217969049.5755
Portugal,,1983,27239650741.9472
Portugal,,1982,30527754793.1382
Portugal,,1981,31977276872.9642
Portugal,,1980,32896519823.7885
Portugal,,1979,26622819672.1311
Portugal,,1978,23487614051.0949
Portugal,,1977,21439523310.6338
Portugal,,1976,20332831564.9867
Portugal,,1975,19347607843.1373
Portugal,,1974,17512391475.9274
Portugal,,1973,15090564186.4268
Portugal,,1972,11239117865.0852
Portugal,,1971,9201604240.28269
Portugal,,1970,8108235704.32357
Portugal,,1969,7287555035.34403
Portugal,,1968,6644693214.18343
Portugal,,1967,6002607029.64663
Portugal,,1966,5370108031.12859
Portugal,,1965,4901711247.81592
Portugal,,1964,4429202656.90741
Portugal,,1963,4084251592.81599
Portugal,,1962,3835883663.25123
Portugal,,1961,3573719084.53354
Portugal,,1960,3339150157.85605
Qatar,,2025,215559615384.615
Qatar,,2024,216294505494.505
Qatar,,2023,213002809340.659
Qatar,,2022,235709325714.286
Qatar,,2021,179732009560.44
Qatar,,2020,144411363351.648
Qatar,,2019,176371267692.308
Qatar,,2018,183334953818.681
Qatar,,2017,161099122225.275
Qatar,,2016,151732181868.132
Qatar,,2015,161739955576.923
Qatar,,2014,206224598571.429
Qatar,,2013,198727642967.033
Qatar,,2012,186833502362.637
Qatar,,2011,167775274725.275
Qatar,,2010,125122252747.253
Qatar,,2009,97798351648.3516
Qatar,,2008,115269780219.78
Qatar,,2007,79711813186.8132
Qatar,,2006,60882142857.1429
Qatar,,2005,44530494505.4945
Qatar,,2004,31734065934.0659
Qatar,,2003,23533791208.7912
Qatar,,2002,19363736263.7363
Qatar,,2001,17538461538.4615
Qatar,,2000,17759890109.8901
Qatar,,1999,12393131868.1319
Qatar,,1998,10255494505.4945
Qatar,,1997,11297802197.8022
Qatar,,1996,9059340659.34066
Qatar,,1995,8137912087.91209
Qatar,,1994,7374450549.45055
Qatar,,1993,7156593406.59341
Qatar,,1992,7646153846.15385
Qatar,,1991,6883516483.51648
Qatar,,1990,7360439560.43956
Qatar,,1989,6487912087.91209
Qatar,,1988,6038186813.18681
Qatar,,1987,5446428571.42857
Qatar,,1986,5053021978.02198
Qatar,,1985,6153296703.2967
Qatar,,1984,6870329670.32967
Qatar,,1983,6484890109.89011
Qatar,,1982,7611263736.26374
Qatar,,1981,8672527472.52747
Qatar,,1980,7837915956.03679
Qatar,,1979,5632962996.82641
Qatar,,1978,4052000412.70087
Qatar,,1977,3617564637.88865
Qatar,,1976,3284273986.71808
Qatar,,1975,2512773165.81173
Qatar,,1974,2401403227.44085
Qatar,,1973,793885559.971313
Qatar,,1972,510262500.1767
Qatar,,1971,387703105.521252
Qatar,,1970,301791301.791302
Romania,,2025,428677977854.826
Romania,,2024,382564217988.866
Romania,,2023,347757995758.914
Romania,,2022,295317862855.924
Romania,,2021,285072444957.216
Romania,,2020,250624575871.819
Romania,,2019,250080428511.595
Romania,,2018,241791427223.903
Romania,,2017,210147385855.419
Romania,,2016,185290759248.844
Romania,,2015,177885131240.315
Romania,,2014,199722319675.741
Romania,,2013,189798603751.235
Romania,,2012,179117323107.087
Romania,,2011,192623977894.173
Romania,,2010,170064350671.827
Romania,,2009,174110532658.867
Romania,,2008,214315932061.275
Romania,,2007,174588782938.583
Romania,,2006,122023735992.706
Romania,,2005,98454380120.0761
Romania,,2004,74973656851.8076
Romania,,2003,57806384143.166
Romania,,2002,46065502702.5817
Romania,,2001,40395116581.4832
Romania,,2000,37253739511.1273
Romania,,1999,35953156753.739
Romania,,1998,41696091973.7076
Romania,,1997,35575214078.2428
Romania,,1996,36937074278.3004
Romania,,1995,37430162102.6125
Romania,,1994,30072805104.2542
Romania,,1993,26361160449.9704
Romania,,1992,25121666666.6667
Romania,,1991,28850634899.856
Romania,,1990,38247882300.4904
Romania,,1989,41450777202.0725
Romania,,1988,40424528301.8868
Romania,,1987,38067567567.5676
Russia,,2025,2561310169358.74
Russia,,2024,2186462268813.08
Russia,,2023,2046284838151.09
Russia,,2022,2292495097681.47
Russia,,2021,1829186719575.1
Russia,,2020,1493075894362.14
Russia,,2019,1693115002708.32
Russia,,2018,1657328773461.31
Russia,,2017,1574199360089.0
Russia,,2016,1276786350881.14
Russia,,2015,1363482182197.71
Russia,,2014,2059241589895.01
Russia,,2013,2292470078346.22
Russia,,2012,2208293553878.42
Russia,,2011,2045922753398.04
Russia,,2010,1524916715223.95
Russia,,2009,1222645900055.7
Russia,,2008,1660848058303.11
Russia,,2007,1299703478481.65
Russia,,2006,989932071352.543
Russia,,2005,764015973481.11
Russia,,2004,591016690732.385
Russia,,2003,430347420184.885
Russia,,2002,345470494417.863
Russia,,2001,306602070620.5
Russia,,2000,259710142196.943
Russia,,1999,195907128350.934
Russia,,1998,270955486862.442
Russia,,1997,404928954191.876
Russia,,1996,391724890744.498
Russia,,1995,395537185734.854
Russia,,1994,395077301248.464
Russia,,1993,435083713850.837
Russia,,1992,460290556900.726
Russia,,1991,517962962962.963
Russia,,1990,517014446227.929
Russia,,1989,506631299734.748
Russia,,1988,554828660436.137
Rwanda,,2025,16372132990.2271
Rwanda,,2024,15111064181.9687
Rwanda,,2023,14806501437.282
Rwanda,,2022,13747404814.2677
Rwanda,,2021,11252894909.5043
Rwanda,,2020,10487146253.4025
Rwanda,,2019,10519272170.3346
Rwanda,,2018,9650161136.17648
Rwanda,,2017,9164345443.2575
Rwanda,,2016,8596812240.52305
Rwanda,,2015,8447064078.84373
Rwanda,,2014,8129984483.78727
Rwanda,,2013,7714276919.73722
Rwanda,,2012,7556673275.95438
Rwanda,,2011,6802676033.65947
Rwanda,,2010,6052276077.6354
Rwanda,,2009,5603399014.71331
Rwanda,,2008,5120655375.24365
Rwanda,,2007,4017977506.55904
Rwanda,,2006,3274207945.36553
Rwanda,,2005,2933819766.17656
Rwanda,,2004,2376496067.01198
Rwanda,,2003,2138237278.73822
Rwanda,,2002,1966003468.49117
Rwanda,,2001,1966600715.49841
Rwanda,,2000,2068836754.37431
Rwanda,,1999,2157108262.84452
Rwanda,,1998,1989343546.17594
Rwanda,,1997,1851558197.31088
Rwanda,,1996,1382334879.40812
Rwanda,,1995,1293535193.49248
Rwanda,,1994,753636370.454545
Rwanda,,1993,1971525711.83511
Rwanda,,1992,2029026961.55894
Rwanda,,1991,1911600236.67461
Rwanda,,1990,2550185679.11415
Rwanda,,1989,2405022593.08283
Rwanda,,1988,2395492686.81271
Rwanda,,1987,2157432667.64396
Rwanda,,1986,1944710683.89669
Rwanda,,1985,1715626330.61697
Rwanda,,1984,1587413083.94118
Rwanda,,1983,1479687586.9621
Rwanda,,1982,1407243139.27274
Rwanda,,1981,1407062526.93345
Rwanda,,1980,1254765641.53743
Rwanda,,1979,1109346130.96703
Rwanda,,1978,905709076.434772
Rwanda,,1977,746650613.044475
Rwanda,,1976,637753853.133788
Rwanda,,1975,571863500.256072
Rwanda,,1974,308458423.187853
Rwanda,,1973,290746157.14969
Rwanda,,1972,246457838.339876
Rwanda,,1971,222952504.408961
Rwanda,,1970,219900006.002851
Rwanda,,1969,188700037.002446
Rwanda,,1968,172200018.002233
Rwanda,,1967,159560018.002069
Rwanda,,1966,124525702.858758
Rwanda,,1965,148799980.001929
Rwanda,,1964,129999994.001685
Rwanda,,1963,128000000.001659
Rwanda,,1962,125000008.001621
Rwanda,,1961,122000016.001582
Rwanda,,1960,119000024.001543
Samoa,,2025,1287936621.64619
Samoa,,2024,1175749785.65113
Samoa,,2023,1044909500.02527
Samoa,,2022,889554711.842341
Samoa,,2021,859724936.05765
Samoa,,2020,868884902.953089
Samoa,,2019,912950466.064906
Samoa,,2018,878448433.404342
Samoa,,2017,884844384.463214
Samoa,,2016,843924796.697421
Samoa,,2015,824150498.653536
Samoa,,2014,796683519.593842
Samoa,,2013,797736334.281305
Samoa,,2012,773141661.165548
Samoa,,2011,744097050.169115
Samoa,,2010,680260907.153983
Samoa,,2009,628006115.424052
Samoa,,2008,641346191.664776
Samoa,,2007,573548459.833372
Samoa,,2006,499923757.780736
Samoa,,2005,476801793.159429
Samoa,,2004,407747565.096959
Samoa,,2003,333426188.41876
Samoa,,2002,281790134.211972
Samoa,,2001,266299591.479428
Samoa,,2000,258856139.798489
Samoa,,1999,255408060.259486
Samoa,,1998,269485244.15511
Samoa,,1997,285475591.89651
Samoa,,1996,249907868.772424
Samoa,,1995,224865731.381903
Samoa,,1994,221098106.508876
Samoa,,1993,133122897.196262
Samoa,,1992,132303041.36253
Samoa,,1991,125597205.422315
Samoa,,1990,125766269.755358
Samoa,,1989,122888609.715243
Samoa,,1988,133016065.416065
Samoa,,1987,111713922.141578
Samoa,,1986,100947848.64478
Samoa,,1985,95572172.9835657
Samoa,,1984,109200934.328518
Samoa,,1983,111862823.574979
Samoa,,1982,121221651.619316
Samoa,,1981,118190654.675563
Samoa,,1980,125747037.963668
Samoa,,1979,122257392.883079
Samoa,,1978,108223444.248268
Samoa,,1977,98295671.0342196
Samoa,,1976,85003077.6967563
Samoa,,1975,93489282.5537294
Samoa,,1974,93549610.93343
Samoa,,1973,82452985.3658537
Samoa,,1972,62566116.3754812
Samoa,,1971,53719568.9655172
Samoa,,1970,45208337.609386
San Marino,,2023,2027243193.5116
San Marino,,2022,1831701022.87082
San Marino,,2021,1855395712.2147
San Marino,,2020,1544713784.67674
San Marino,,2019,1616231696.04862
San Marino,,2018,1655354328.79184
San Marino,,2017,1528621192.886
San Marino,,2016,1468342400.08249
San Marino,,2015,1419400395.73301
San Marino,,2014,1673910988.23529
San Marino,,2013,1678741201.56863
San Marino,,2012,1604701051.17188
San Marino,,2011,1813717694.55253
San Marino,,2010,1881191950.0
San Marino,,2009,2064277984.375
San Marino,,2008,2403214435.9375
San Marino,,2007,2188653428.62746
San Marino,,2006,1909765810.58823
San Marino,,2005,1786513631.1284
San Marino,,2004,1715341294.5946
San Marino,,2003,1462590387.05882
San Marino,,2002,1148872076.47059
San Marino,,2001,1059529731.10236
San Marino,,2000,1007661290.98039
San Marino,,1999,1109473282.23938
San Marino,,1998,1048316225.70471
San Marino,,1997,976606910.602381
São Tomé and Príncipe,,2025,981293586.906408
São Tomé and Príncipe,,2024,824992558.045383
São Tomé and Príncipe,,2023,690456806.696406
São Tomé and Príncipe,,2022,540809499.189348
São Tomé and Príncipe,,2021,524402455.54816
São Tomé and Príncipe,,2020,471229484.607144
São Tomé and Príncipe,,2019,412976082.620705
São Tomé and Príncipe,,2018,383717327.830508
São Tomé and Príncipe,,2017,322002845.229335
São Tomé and Príncipe,,2016,292267272.196925
São Tomé and Príncipe,,2015,259999643.047388
São Tomé and Príncipe,,2014,293119143.246825
São Tomé and Príncipe,,2013,267041747.584354
São Tomé and Príncipe,,2012,229371348.441006
São Tomé and Príncipe,,2011,226455001.243083
São Tomé and Príncipe,,2010,190021192.489536
São Tomé and Príncipe,,2009,200668065.03175
São Tomé and Príncipe,,2008,188021165.00338
São Tomé and Príncipe,,2007,149146918.888611
São Tomé and Príncipe,,2006,142775104.081626
São Tomé and Príncipe,,2005,136450662.390592
São Tomé and Príncipe,,2004,114582283.916382
São Tomé and Príncipe,,2003,102085769.123419
São Tomé and Príncipe,,2002,85171073.8777498
São Tomé and Príncipe,,2001,75951133.3777948
São Tomé and Príncipe,,2000,76198394.8202671
São Tomé and Príncipe,,1999,77302211.9248351
São Tomé and Príncipe,,1998,72285403.8423458
São Tomé and Príncipe,,1997,91920274.2401657
São Tomé and Príncipe,,1996,135188165.74708
São Tomé and Príncipe,,1995,103695236.781001
São Tomé and Príncipe,,1994,131338414.584209
São Tomé and Príncipe,,1993,125742228.756741
São Tomé and Príncipe,,1992,94861780.6228352
São Tomé and Príncipe,,1991,107484142.71556
São Tomé and Príncipe,,1990,119297932.757045
São Tomé and Príncipe,,1989,98545367.0431211
São Tomé and Príncipe,,1988,99000764.3902251
São Tomé and Príncipe,,1987,115952925.468271
São Tomé and Príncipe,,1986,115928906.745482
São Tomé and Príncipe,,1985,82733069.4418031
São Tomé and Príncipe,,1984,78213795.9250336
São Tomé and Príncipe,,1983,75110289.1832665
São Tomé and Príncipe,,1982,80307762.6236105
São Tomé and Príncipe,,1981,83499263.5007481
São Tomé and Príncipe,,1980,81662231.0329968
São Tomé and Príncipe,,1979,65755928.1359723
São Tomé and Príncipe,,1978,55044562.8014217
São Tomé and Príncipe,,1977,49207692.3210324
São Tomé and Príncipe,,1976,52039421.1975774
São Tomé and Príncipe,,1975,60101709.8452627
São Tomé and Príncipe,,1974,57817591.4570048
São Tomé and Príncipe,,1973,56011244.7398414
São Tomé and Príncipe,,1972,41430256.8067496
São Tomé and Príncipe,,1971,37288845.210287
São Tomé and Príncipe,,1970,37211826.0869565
Saudi Arabia,,2025,1276942933333.33
Saudi Arabia,,2024,1254140800000.0
Saudi Arabia,,2023,1218584800000.0
Saudi Arabia,,2022,1239075200000.0
Saudi Arabia,,2021,982661066666.667
Saudi Arabia,,2020,767951200000.0
Saudi Arabia,,2019,888890133333.333
Saudi Arabia,,2018,886564800000.0
Saudi Arabia,,2017,741266133333.333
Saudi Arabia,,2016,689279466666.667
Saudi Arabia,,2015,693414400000.0
Saudi Arabia,,2014,787153066666.667
Saudi Arabia,,2013,769755733333.333
Saudi Arabia,,2012,751921333333.333
Saudi Arabia,,2011,680660800000.0
Saudi Arabia,,2010,528207466666.667
Saudi Arabia,,2009,429097866666.667
Saudi Arabia,,2008,519796800000.0
Saudi Arabia,,2007,415964509673.115
Saudi Arabia,,2006,376900133511.348
Saudi Arabia,,2005,328459608764.111
Saudi Arabia,,2004,258742133333.333
Saudi Arabia,,2003,215807733333.333
Saudi Arabia,,2002,189605866666.667
Saudi Arabia,,2001,184137600000.0
Saudi Arabia,,2000,189514933333.333
Saudi Arabia,,1999,161717066666.667
Saudi Arabia,,1998,146775466666.667
Saudi Arabia,,1997,165963684913.218
Saudi Arabia,,1996,158662483311.081
Saudi Arabia,,1995,143343124165.554
Saudi Arabia,,1994,135174899866.489
Saudi Arabia,,1993,132967957276.368
Saudi Arabia,,1992,137087850467.29
Saudi Arabia,,1991,132223230974.633
Saudi Arabia,,1990,117630173564.753
Saudi Arabia,,1989,95344459279.0387
Saudi Arabia,,1988,88256074766.3551
Saudi Arabia,,1987,85695861148.1976
Saudi Arabia,,1986,86961922765.3254
Saudi Arabia,,1985,103897846493.65
Saudi Arabia,,1984,119624858115.778
Saudi Arabia,,1983,129171635311.143
Saudi Arabia,,1982,153240313858.323
Saudi Arabia,,1981,184291360138.69
Saudi Arabia,,1980,164539660725.118
Saudi Arabia,,1979,111858444786.224
Saudi Arabia,,1978,80266516686.5614
Saudi Arabia,,1977,74188986586.0629
Saudi Arabia,,1976,64005665722.3796
Saudi Arabia,,1975,46773208642.6814
Saudi Arabia,,1974,45412957746.4789
Saudi Arabia,,1973,14947435499.323
Saudi Arabia,,1972,9664267086.60323
Saudi Arabia,,1971,7184806909.28939
Saudi Arabia,,1970,5377333333.33333
Saudi Arabia,,1969,4485777644.44444
Saudi Arabia,,1968,4187777711.11111
Saudi Arabia,,1967,3257022222.66667
Saudi Arabia,,1966,2920555557.11111
Saudi Arabia,,1965,2647955557.55556
Saudi Arabia,,1964,2371808712.88889
Saudi Arabia,,1963,2207393171.55556
Saudi Arabia,,1962,2130606531.77778
Saudi Arabia,,1961,1920811284.22222
Saudi Arabia,,1960,1748124063.55556
Senegal,,2025,37006536238.3731
Senegal,,2024,32169996051.8502
Senegal,,2023,30696331295.7826
Senegal,,2022,27783332222.6759
Senegal,,2021,27520784129.7508
Senegal,,2020,24530513037.7518
Senegal,,2019,23403995992.1354
Senegal,,2018,23116701556.1381
Senegal,,2017,20965069572.7168
Senegal,,2016,19040312333.1864
Senegal,,2015,17774766696.1759
Senegal,,2014,19797253440.2679
Senegal,,2013,18918667724.8817
Senegal,,2012,17660870411.5235
Senegal,,2011,17814283639.3119
Senegal,,2010,16121315909.0758
Senegal,,2009,16145867494.9405
Senegal,,2008,16853989627.548
Senegal,,2007,13994218412.9619
Senegal,,2006,11697918243.0035
Senegal,,2005,11009033437.939
Senegal,,2004,10076816666.6196
Senegal,,2003,8768721563.18211
Senegal,,2002,7006402319.75856
Senegal,,2001,6507824829.26254
Senegal,,2000,6013185003.97525
Senegal,,1999,6592834932.80876
Senegal,,1998,6505607909.05324
Senegal,,1997,6041478725.90443
Senegal,,1996,6559712165.96508
Senegal,,1995,6326342633.4034
Senegal,,1994,5034588195.55806
Senegal,,1993,7367986241.21869
Senegal,,1992,7769817839.95644
Senegal,,1991,7255210469.51743
Senegal,,1990,7390967360.42121
Senegal,,1989,6366039372.53683
Senegal,,1988,6418419388.63499
Senegal,,1987,6487353102.81483
Senegal,,1986,5392093445.51053
Senegal,,1985,3818944917.56713
Senegal,,1984,3485165431.71354
Senegal,,1983,3569356124.93159
Senegal,,1982,4013951442.67081
Senegal,,1981,4095892780.58289
Senegal,,1980,4510108290.69571
Senegal,,1979,4084877822.91679
Senegal,,1978,3280354920.8516
Senegal,,1977,2938046462.7098
Senegal,,1976,2869777884.45166
Senegal,,1975,2830388404.8977
Senegal,,1974,2099325228.95651
Senegal,,1973,1863398590.4556
Senegal,,1972,1620857103.53492
Senegal,,1971,1339549032.83782
Senegal,,1970,1297407654.92832
Senegal,,1969,1245234931.43233
Senegal,,1968,1309384861.92219
Senegal,,1967,1246480765.97984
Senegal,,1966,1246908185.96343
Senegal,,1965,1210058228.17112
Senegal,,1964,1188930645.34423
Senegal,,1963,1122139861.67805
Senegal,,1962,1085475790.59112
Senegal,,1961,1058975256.97025
Senegal,,1960,1003692370.46869
Serbia,,2025,99953324472.9042
Serbia,,2024,90088366320.4062
Serbia,,2023,81343999280.0179
Serbia,,2022,66809895701.2152
Serbia,,2021,66159884072.5308
Serbia,,2020,55874017668.998
Serbia,,2019,53864693664.5568
Serbia,,2018,52787520248.9242
Serbia,,2017,45972834713.8077
Serbia,,2016,42225495909.5633
Serbia,,2015,41297410634.9586
Serbia,,2014,49114321280.3466
Serbia,,2013,50455529604.0696
Serbia,,2012,45103269969.4112
Serbia,,2011,51251098408.0924
Serbia,,2010,43536629233.1424
Serbia,,2009,46955984409.7271
Serbia,,2008,54220641201.6474
Serbia,,2007,44888028946.0854
Serbia,,2006,33298057361.7412
Serbia,,2005,28334256180.8801
Serbia,,2004,26845632341.8075
Serbia,,2003,23593044417.5086
Serbia,,2002,17930583571.3055
Serbia,,2001,13599378661.9952
Serbia,,2000,7326373882.11044
Serbia,,1999,20878694850.5767
Serbia,,1998,21004077441.4802
Serbia,,1997,27153408994.8074
Serbia,,1996,23277430167.5978
Serbia,,1995,17921892655.3672
Seychelles,,2025,2387022853.48583
Seychelles,,2024,2228608684.29911
Seychelles,,2023,2171547935.38159
Seychelles,,2022,1999888599.25474
Seychelles,,2021,1487173794.80528
Seychelles,,2020,1382551751.56908
Seychelles,,2019,1868690096.73454
Seychelles,,2018,1784313926.76807
Seychelles,,2017,1675370641.01416
Seychelles,,2016,1568513348.14463
Seychelles,,2015,1432403352.12944
Seychelles,,2014,1387577870.08161
Seychelles,,2013,1333160407.38516
Seychelles,,2012,1089407839.19709
Seychelles,,2011,1058918707.26124
Seychelles,,2010,981616542.328454
Seychelles,,2009,850901620.433301
Seychelles,,2008,979597394.293453
Seychelles,,2007,1077308813.82945
Seychelles,,2006,1081441283.31798
Seychelles,,2005,977899381.818182
Seychelles,,2004,893012218.181818
Seychelles,,2003,750847230.099263
Seychelles,,2002,742134837.50919
Seychelles,,2001,662064155.920692
Seychelles,,2000,654212394.27164
Seychelles,,1999,662838614.880674
Seychelles,,1998,647287375.762528
Seychelles,,1997,598966982.350186
Seychelles,,1996,535250347.089479
Seychelles,,1995,540733047.733048
Seychelles,,1994,517570058.151034
Seychelles,,1993,504230620.551871
Seychelles,,1992,461409398.855893
Seychelles,,1991,398307169.860405
Seychelles,,1990,392163560.868669
Seychelles,,1989,324333366.514829
Seychelles,,1988,301985618.085556
Seychelles,,1987,265212956.838633
Seychelles,,1986,221147061.290068
Seychelles,,1985,179691482.72165
Seychelles,,1984,160992920.960262
Seychelles,,1983,156098237.022585
Seychelles,,1982,157211789.714587
Seychelles,,1981,163750728.155916
Seychelles,,1980,156783829.504298
Seychelles,,1979,127261099.223864
Seychelles,,1978,85552365.8005137
Seychelles,,1977,64526401.4638544
Seychelles,,1976,49278981.7550701
Seychelles,,1975,47803145.9480985
Seychelles,,1974,43134496.1645367
Seychelles,,1973,36896280.4764104
Seychelles,,1972,30645122.9204727
Seychelles,,1971,21965950.7711142
Seychelles,,1970,18432031.7030945
Seychelles,,1969,16452028.2974887
Seychelles,,1968,16074027.6473276
Seychelles,,1967,16632032.1339974
Seychelles,,1966,16443033.7082191
Seychelles,,1965,15603031.9862156
Seychelles,,1964,15393031.5557147
Seychelles,,1963,13923028.5422085
Seychelles,,1962,12642025.9161531
Seychelles,,1961,11592023.7636487
Seychelles,,1960,12012024.6246505
Sierra Leone,,2025,7464157904.43509
Sierra Leone,,2024,6971127234.07241
Sierra Leone,,2023,6415852766.09227
Sierra Leone,,2022,7121125277.18159
Sierra Leone,,2021,7166931483.2953
Sierra Leone,,2020,6688307705.64217
Sierra Leone,,2019,6523577590.38319
Sierra Leone,,2018,6390514688.52816
Sierra Leone,,2017,5749846528.48046
Sierra Leone,,2016,6084297211.10217
Sierra Leone,,2015,6788352974.78329
Sierra Leone,,2014,7686138790.90872
Sierra Leone,,2013,7502762862.72657
Sierra Leone,,2012,6141666509.36295
Sierra Leone,,2011,4861632884.67985
Sierra Leone,,2010,4262805966.78755
Sierra Leone,,2009,3953403098.37107
Sierra Leone,,2008,4157895298.19572
Sierra Leone,,2007,3632957611.35152
Sierra Leone,,2006,3263697466.73514
Sierra Leone,,2005,2545275312.60512
Sierra Leone,,2004,2237350687.46606
Sierra Leone,,2003,2142618045.93129
Sierra Leone,,2002,1933863910.73227
Sierra Leone,,2001,1681473893.76655
Sierra Leone,,2000,635866403.776065
Sierra Leone,,1999,669386623.951402
Sierra Leone,,1998,672368187.114756
Sierra Leone,,1997,850232760.017239
Sierra Leone,,1996,941709422.502965
Sierra Leone,,1995,870740291.519248
Sierra Leone,,1994,911853802.365613
Sierra Leone,,1993,768867882.965994
Sierra Leone,,1992,679940813.948366
Sierra Leone,,1991,779981987.10656
Sierra Leone,,1990,649644097.566129
Sierra Leone,,1989,932974420.276529
Sierra Leone,,1988,1055083933.07498
Sierra Leone,,1987,660106336.104339
Sierra Leone,,1986,490181456.62441
Sierra Leone,,1985,856890459.363958
Sierra Leone,,1984,1087471861.98928
Sierra Leone,,1983,995104305.347075
Sierra Leone,,1982,1295361885.92419
Sierra Leone,,1981,1114830471.91787
Sierra Leone,,1980,1100685844.92284
Sierra Leone,,1979,1109374911.30306
Sierra Leone,,1978,960728338.93643
Sierra Leone,,1977,691777583.951156
Sierra Leone,,1976,594895941.914381
Sierra Leone,,1975,679336343.584559
Sierra Leone,,1974,648590642.939889
Sierra Leone,,1973,575230724.377773
Sierra Leone,,1972,465381339.740404
Sierra Leone,,1971,419549304.72479
Sierra Leone,,1970,434410973.76439
Sierra Leone,,1969,408690163.476065
Sierra Leone,,1968,329859731.943893
Sierra Leone,,1967,348795303.000385
Sierra Leone,,1966,375479849.80806
Sierra Leone,,1965,359379856.248058
Sierra Leone,,1964,371847461.441278
Sierra Leone,,1963,348547278.787707
Sierra Leone,,1962,342721416.490967
Sierra Leone,,1961,327834190.577094
Sierra Leone,,1960,322009961.547048
Singapore,,2025,603869516998.738
Singapore,,2024,572877260178.427
Singapore,,2023,511181761243.76
Singapore,,2022,514252535238.749
Singapore,,2021,441110903524.645
Singapore,,2020,351226533656.292
Singapore,,2019,376827390962.044
Singapore,,2018,377976367877.038
Singapore,,2017,344795119213.571
Singapore,,2016,320759207438.623
Singapore,,2015,307998545269.398
Singapore,,2014,314863580758.455
Singapore,,2013,307576360584.992
Singapore,,2012,295092888076.589
Singapore,,2011,279356499090.458
Singapore,,2010,239807980591.24
Singapore,,2009,194150283771.566
Singapore,,2008,193617323539.203
Singapore,,2007,180941701357.97
Singapore,,2006,148627286361.351
Singapore,,2005,127807848728.398
Singapore,,2004,115033593101.049
Singapore,,2003,97646401095.6369
Singapore,,2002,92538372869.6942
Singapore,,2001,89793790669.6515
Singapore,,2000,96076539925.7409
Singapore,,1999,86286849754.8905
Singapore,,1998,85728207781.7785
Singapore,,1997,100123787215.299
Singapore,,1996,96293086513.0872
Singapore,,1995,87812540788.4293
Singapore,,1994,73688724431.1412
Singapore,,1993,60603815716.2653
Singapore,,1992,52131320032.8797
Singapore,,1991,45466164978.2923
Singapore,,1990,36144336768.7023
Singapore,,1989,30465364738.6206
Singapore,,1988,25371462488.1292
Singapore,,1987,20919215578.2125
Singapore,,1986,18586746056.9974
Singapore,,1985,19156532745.7691
Singapore,,1984,19749361097.965
Singapore,,1983,17784112149.5327
Singapore,,1982,16084252378.473
Singapore,,1981,14175228843.6391
Singapore,,1980,11896256782.8566
Singapore,,1979,9296921723.83465
Singapore,,1978,7517176354.84135
Singapore,,1977,6618585073.66035
Singapore,,1976,6327077974.10703
Singapore,,1975,5633673929.99302
Singapore,,1974,5221534955.64418
Singapore,,1973,3696213333.33333
Singapore,,1972,2721440980.75851
Singapore,,1971,2263785443.61688
Singapore,,1970,1920574150.17542
Singapore,,1969,1659893767.84419
Singapore,,1968,1425706091.0356
Singapore,,1967,1238035815.78586
Singapore,,1966,1096425608.09089
Singapore,,1965,974644096.144674
Singapore,,1964,894153311.424857
Singapore,,1963,917608012.491752
Singapore,,1962,826239211.817511
Singapore,,1961,764629788.123689
Singapore,,1960,704751700.302494
Slovakia,,2025,154530066506.895
Slovakia,,2024,140934076532.375
Slovakia,,2023,133578518423.544
Slovakia,,2022,115792972358.209
Slovakia,,2021,120511265913.343
Slovakia,,2020,107732602896.441
Slovakia,,2019,105843498304.094
Slovakia,,2018,106611673364.837
Slovakia,,2017,95978130734.9766
Slovakia,,2016,90347173228.6356
Slovakia,,2015,89178548717.3324
Slovakia,,2014,101713075598.862
Slovakia,,2013,99134277850.3418
Slovakia,,2012,94724394278.052
Slovakia,,2011,99705104723.4341
Slovakia,,2010,91112160800.7668
Slovakia,,2009,89342984697.5246
Slovakia,,2008,96685492864.2317
Slovakia,,2007,77019443089.3052
Slovakia,,2006,57111148619.2975
Slovakia,,2005,48823790951.4538
Slovakia,,2004,42960730480.0495
Slovakia,,2003,33761723945.8299
Slovakia,,2002,24768142566.4057
Slovakia,,2001,21377597034.604
Slovakia,,2000,20626538612.3376
Slovakia,,1999,20813421086.4137
Slovakia,,1998,22911708404.9614
Slovakia,,1997,22026728498.4531
Slovakia,,1996,21864845213.7406
Slovakia,,1995,20306095054.0841
Slovakia,,1994,16187735322.0356
Slovakia,,1993,13991963247.0881
Slovakia,,1992,12932972788.7293
Slovakia,,1991,11952983607.5985
Slovakia,,1990,17068924601.58
Slovenia,,2025,79648204979.3618
Slovenia,,2024,72972015197.3859
Slovenia,,2023,69255264238.3855
Slovenia,,2022,59899117741.0022
Slovenia,,2021,61540813361.8556
Slovenia,,2020,53384760135.1581
Slovenia,,2019,53909922735.545
Slovenia,,2018,53689067639.9176
Slovenia,,2017,48153200134.6613
Slovenia,,2016,44290685824.0682
Slovenia,,2015,42709468274.8137
Slovenia,,2014,49514466379.6057
Slovenia,,2013,47867056858.8892
Slovenia,,2012,46167053954.3367
Slovenia,,2011,51199194599.3094
Slovenia,,2010,47793117240.9001
Slovenia,,2009,49975540954.8465
Slovenia,,2008,55509332322.3578
Slovenia,,2007,47880266542.577
Slovenia,,2006,39260368837.0342
Slovenia,,2005,35947936823.7781
Slovenia,,2004,34156553313.4031
Slovenia,,2003,29360575031.8177
Slovenia,,2002,23214593516.2095
Slovenia,,2001,20668868706.8115
Slovenia,,2000,20159190701.6789
Slovenia,,1999,22609669083.7179
Slovenia,,1998,22058635314.4836
Slovenia,,1997,20726878751.5006
Slovenia,,1996,21470699362.6062
Slovenia,,1995,21367422159.3207
Slovenia,,1994,16400767069.6294
Slovenia,,1993,14449298371.7879
Slovenia,,1992,14277261540.7456
Slovenia,,1991,14454495058.907
Slovenia,,1990,19832029087.1272
Solomon Islands,,2025,1749572442.95016
Solomon Islands,,2024,1583964703.75061
Solomon Islands,,2023,1506124566.40404
Solomon Islands,,2022,1466670929.62333
Solomon Islands,,2021,1558312103.84225
Solomon Islands,,2020,1536143427.82958
Solomon Islands,,2019,1619150563.92084
Solomon Islands,,2018,1615473250.25259
Solomon Islands,,2017,1469790526.3972
Solomon Islands,,2016,1379486290.71433
Solomon Islands,,2015,1307908813.59962
Solomon Islands,,2014,1335576762.84974
Solomon Islands,,2013,1285905957.64116
Solomon Islands,,2012,1185217634.37393
Solomon Islands,,2011,1063898226.71892
Solomon Islands,,2010,898128551.289162
Solomon Islands,,2009,805557289.459198
Solomon Islands,,2008,776335523.470373
Solomon Islands,,2007,695291217.982227
Solomon Islands,,2006,617257457.758489
Solomon Islands,,2005,552881356.697517
Solomon Islands,,2004,468000121.313434
Solomon Islands,,2003,417666638.600021
Solomon Islands,,2002,346406738.885237
Solomon Islands,,2001,409508552.979972
Solomon Islands,,2000,419842674.227652
Solomon Islands,,1999,488024514.369359
Solomon Islands,,1998,457579840.225066
Solomon Islands,,1997,526554005.954357
Solomon Islands,,1996,510586430.190127
Solomon Islands,,1995,469443201.503274
Solomon Islands,,1994,402837005.272596
Solomon Islands,,1993,300746361.128739
Solomon Islands,,1992,269034595.812985
Solomon Islands,,1991,227540473.340087
Solomon Islands,,1990,214877666.846068
Solomon Islands,,1989,172882410.578561
Solomon Islands,,1988,176494394.043362
Solomon Islands,,1987,155128542.419178
Solomon Islands,,1986,147620047.660063
Solomon Islands,,1985,165524943.492123
Solomon Islands,,1984,181570473.771605
Solomon Islands,,1983,181220398.969839
Solomon Islands,,1982,192902018.733318
Solomon Islands,,1981,193750540.701429
Solomon Islands,,1980,182852106.523408
Solomon Islands,,1979,151276496.482533
Solomon Islands,,1978,111027427.208358
Solomon Islands,,1977,93145283.3557141
Solomon Islands,,1976,83100834.307935
Solomon Islands,,1975,74620320.0295339
Solomon Islands,,1974,84539332.282562
Solomon Islands,,1973,55272108.8435374
Solomon Islands,,1972,40606712.050639
Solomon Islands,,1971,50056882.8213879
Solomon Islands,,1969,28606411.398041
Solomon Islands,,1968,28084252.7582748
Solomon Islands,,1967,25203524.0325638
Somalia,,2025,12995200000.2658
Somalia,,2024,11967000000.0
Somalia,,2023,10958000000.0
Somalia,,2022,10203000000.0
Somalia,,2021,9483000000.0
Somalia,,2020,8628000000.0
Somalia,,2019,8656000000.0
Somalia,,2018,7873000000.0
Somalia,,2017,7621501710.0012
Somalia,,2016,6613743069.99912
Somalia,,2015,6152149099.99942
Somalia,,2014,5728399719.99958
Somalia,,2013,5062881600.00104
Somalia,,2012,4364670159.99578
Somalia,,2011,2906000096.93249
Somalia,,2010,2687807003.73935
Somalia,,2009,2948594552.44952
Somalia,,2008,5913620292.90573
Somalia,,2007,5430713728.89074
Somalia,,2006,5026743282.04251
Somalia,,2005,4683246454.10048
Somalia,,2004,3859592813.10255
Somalia,,2003,2836724351.5616
Somalia,,2002,2192684134.59273
Somalia,,2001,2252847464.68608
Somalia,,2000,3412797450.20112
Somalia,,1999,3045751527.66005
Somalia,,1998,2962047564.41651
Somalia,,1997,2191749013.58124
Somalia,,1996,1792234297.39194
Somalia,,1995,1534756134.55022
Somalia,,1994,1481205097.98113
Somalia,,1993,1260132955.78746
Somalia,,1992,709297578.5
Somalia,,1991,717974929.763158
Somalia,,1990,1031282081.16683
Somalia,,1989,1181360843.93549
Somalia,,1988,1051596967.1287
Somalia,,1987,1018972664.4638
Somalia,,1986,916590786.326105
Somalia,,1985,875702247.191011
Somalia,,1984,787434541.728857
Somalia,,1983,735408641.768548
Somalia,,1982,774578931.96392
Somalia,,1981,699302473.050095
Somalia,,1980,602515548.452104
Somalia,,1979,589566929.133858
Somalia,,1978,564571823.20442
Somalia,,1977,498550724.637681
Somalia,,1976,871344245.115171
Somalia,,1975,757015878.792693
Somalia,,1974,572504035.901509
Somalia,,1973,483699610.602563
Somalia,,1972,447883941.190165
Somalia,,1971,347039445.705569
Somalia,,1970,347985394.285714
Somalia,,1969,306357284.571429
Somalia,,1968,286719885.312046
Somalia,,1967,271781886.807245
Somalia,,1966,257375897.049641
Somalia,,1965,243725898.029641
Somalia,,1964,229529912.668035
Somalia,,1963,216145935.941626
Somalia,,1962,203531927.547229
Somalia,,1961,191659914.376034
Somalia,,1960,180459936.776025
South Africa,,2025,427184325997.307
South Africa,,2024,401144998373.585
South Africa,,2023,381440724491.232
South Africa,,2022,407596043067.885
South Africa,,2021,419986284375.368
South Africa,,2020,337974655408.055
South Africa,,2019,389330032224.269
South Africa,,2018,405260723892.517
South Africa,,2017,381448814653.456
South Africa,,2016,323585509674.481
South Africa,,2015,346709790458.563
South Africa,,2014,381198869776.106
South Africa,,2013,400886013595.573
South Africa,,2012,434400545085.811
South Africa,,2011,458199494830.834
South Africa,,2010,417363822801.713
South Africa,,2009,329754060647.129
South Africa,,2008,316131258616.309
South Africa,,2007,333077117253.684
South Africa,,2006,303858675363.643
South Africa,,2005,288867217196.534
South Africa,,2004,255806908594.573
South Africa,,2003,197018965308.697
South Africa,,2002,129087556612.449
South Africa,,2001,135429905922.526
South Africa,,2000,151752757215.309
South Africa,,1999,151516957078.536
South Africa,,1998,152982984557.233
South Africa,,1997,168978057327.73
South Africa,,1996,163234925380.563
South Africa,,1995,171735933897.331
South Africa,,1994,153512712381.836
South Africa,,1993,147194747565.75
South Africa,,1992,146956150986.636
South Africa,,1991,135203698237.977
South Africa,,1990,126048140141.869
South Africa,,1989,108055624081.806
South Africa,,1988,103976831870.957
South Africa,,1987,96535763418.3729
South Africa,,1986,73354771399.2627
South Africa,,1985,64459376086.6883
South Africa,,1984,84870163365.9306
South Africa,,1983,96204110941.5672
South Africa,,1982,85904057409.3585
South Africa,,1981,93141472163.7596
South Africa,,1980,89411864402.4272
South Africa,,1979,63038658088.9121
South Africa,,1978,51607412901.8532
South Africa,,1977,45328411332.1028
South Africa,,1976,41150460287.6151
South Africa,,1975,42906905672.42
South Africa,,1974,41389186094.5992
South Africa,,1973,33262772008.1446
South Africa,,1972,24515919216.8851
South Africa,,1971,23411076638.279
South Africa,,1970,21218391512.6434
South Africa,,1969,19256992297.2031
South Africa,,1968,17124793150.0827
South Africa,,1967,15821393671.4425
South Africa,,1966,14211394315.4423
South Africa,,1965,13068994772.4021
South Africa,,1964,11955995217.6019
South Africa,,1963,10854195658.3217
South Africa,,1962,9813996074.40157
South Africa,,1961,9225996309.60148
South Africa,,1960,8748596500.5614
South Sudan,,2015,11997800760.2242
South Sudan,,2014,13962212847.4576
South Sudan,,2013,18426469016.9492
South Sudan,,2012,11931472169.4915
South Sudan,,2011,14907308932.7534
South Sudan,,2010,14602072410.9506
South Sudan,,2009,12231264525.0671
South Sudan,,2008,14586253383.0632
Spain,,2025,1906453309985.88
Spain,,2024,1725671652742.19
Spain,,2023,1619481980719.64
Spain,,2022,1448850658406.62
Spain,,2021,1461244901852.69
Spain,,2020,1289783836971.21
Spain,,2019,1403496387686.27
Spain,,2018,1431642809327.06
Spain,,2017,1321754088818.83
Spain,,2016,1243015667917.12
Spain,,2015,1206164777553.12
Spain,,2014,1380244561361.96
Spain,,2013,1362186923157.65
Spain,,2012,1330994811670.31
Spain,,2011,1487568659241.25
Spain,,2010,1427989078916.67
Spain,,2009,1496587590847.66
Spain,,2008,1636115447612.5
Spain,,2007,1476746276854.51
Spain,,2006,1261846683275.29
Spain,,2005,1154667551775.88
Spain,,2004,1069829382514.67
Spain,,2003,907963217057.645
Spain,,2002,708938227243.923
Spain,,2001,627798682378.741
Spain,,2000,598102854756.08
Spain,,1999,634394904386.874
Spain,,1998,618731484575.12
Spain,,1997,589739772727.273
Spain,,1996,642251412058.321
Spain,,1995,614170002668.802
Spain,,1994,530183651720.283
Spain,,1993,524700572623.872
Spain,,1992,630465353486.104
Spain,,1991,576753902321.857
Spain,,1990,536175326477.31
Spain,,1989,414460794096.978
Spain,,1988,375891716897.586
Spain,,1987,318520253335.13
Spain,,1986,251141555185.933
Spain,,1985,180664322896.282
Spain,,1984,171979977230.387
Spain,,1983,170829074245.94
Spain,,1982,195856752991.065
Spain,,1981,202663023968.283
Spain,,1980,232600556973.776
Spain,,1979,214448666336.143
Spain,,1978,160484969618.056
Spain,,1977,132354665936.473
Spain,,1976,118422534195.474
Spain,,1975,114695060869.565
Spain,,1974,97204522642.0536
Spain,,1973,78583355225.5854
Spain,,1972,59090176028.993
Spain,,1971,46586119760.479
Spain,,1970,40963715236.5106
Spain,,1969,37090689287.8552
Spain,,1968,32394326463.759
Spain,,1967,32570905397.2885
Spain,,1966,29559436182.9186
Spain,,1965,25479619606.5284
Spain,,1964,21966876027.2517
Spain,,1963,19631714759.6491
Spain,,1962,16609632790.5843
Spain,,1961,14238126759.7335
Spain,,1960,12424514013.7604
Sri Lanka,,2025,108825231671.196
Sri Lanka,,2024,99616111265.7633
Sri Lanka,,2023,84080307355.5983
Sri Lanka,,2022,74143020303.663
Sri Lanka,,2021,88556699052.2008
Sri Lanka,,2020,84335574372.2997
Sri Lanka,,2019,88998706177.9986
Sri Lanka,,2018,94450015982.806
Sri Lanka,,2017,94369350439.4732
Sri Lanka,,2016,88000210878.1236
Sri Lanka,,2015,85090300895.6546
Sri Lanka,,2014,82531125461.843
Sri Lanka,,2013,76976204074.978
Sri Lanka,,2012,70447216891.3366
Sri Lanka,,2011,67753285882.299
Sri Lanka,,2010,58636049581.1712
Sri Lanka,,2009,42066224093.0065
Sri Lanka,,2008,40713826215.0093
Sri Lanka,,2007,32350238760.4239
Sri Lanka,,2006,28267410542.5164
Sri Lanka,,2005,24405791044.7761
Sri Lanka,,2004,20662525941.2985
Sri Lanka,,2003,18881765437.2151
Sri Lanka,,2002,16536535647.0834
Sri Lanka,,2001,15749753804.8344
Sri Lanka,,2000,16595882818.6857
Sri Lanka,,1999,15711933513.2831
Sri Lanka,,1998,15760736956.1852
Sri Lanka,,1997,15091913883.7091
Sri Lanka,,1996,13897738375.2488
Sri Lanka,,1995,13029697560.9756
Sri Lanka,,1994,11717604208.8223
Sri Lanka,,1993,10338679635.7616
Sri Lanka,,1992,9703011635.86585
Sri Lanka,,1991,9000362581.58086
Sri Lanka,,1990,8032551173.24014
Sri Lanka,,1989,6987267683.77254
Sri Lanka,,1988,6978371581.26375
Sri Lanka,,1987,6682167119.56522
Sri Lanka,,1986,6405210563.88294
Sri Lanka,,1985,5978460972.01767
Sri Lanka,,1984,6043474842.76729
Sri Lanka,,1983,5167913302.16745
Sri Lanka,,1982,4768765016.81884
Sri Lanka,,1981,4415844155.84416
Sri Lanka,,1980,4024621899.57653
Sri Lanka,,1979,3364611432.24149
Sri Lanka,,1978,2733183856.50224
Sri Lanka,,1977,4104509582.86359
Sri Lanka,,1976,3591319857.31272
Sri Lanka,,1975,3791298145.50642
Sri Lanka,,1974,3574586466.16541
Sri Lanka,,1973,2875625000.0
Sri Lanka,,1972,2553936348.40871
Sri Lanka,,1971,2369308600.33727
Sri Lanka,,1970,2296470588.23529
Sri Lanka,,1969,1965546218.48739
Sri Lanka,,1968,1801344537.81513
Sri Lanka,,1967,1859465020.57613
Sri Lanka,,1966,1751470588.23529
Sri Lanka,,1965,1698319327.73109
Sri Lanka,,1964,1309747899.15966
Sri Lanka,,1963,1240672268.90756
Sri Lanka,,1962,1434156378.60082
Sri Lanka,,1961,1444327731.09244
Sri Lanka,,1960,1409873949.57983
Saint Kitts and Nevis,,2025,1183514814.81481
Saint Kitts and Nevis,,2024,1122388888.88889
Saint Kitts and Nevis,,2023,1055651851.85185
Saint Kitts and Nevis,,2022,981429629.62963
Saint Kitts and Nevis,,2021,858622222.222222
Saint Kitts and Nevis,,2020,883922222.222222
Saint Kitts and Nevis,,2019,1107855555.55556
Saint Kitts and Nevis,,2018,1076548148.14815
Saint Kitts and Nevis,,2017,1056977777.77778
Saint Kitts and Nevis,,2016,1006818518.51852
Saint Kitts and Nevis,,2015,957222222.222222
Saint Kitts and Nevis,,2014,952111111.111111
Saint Kitts and Nevis,,2013,874548148.148148
Saint Kitts and Nevis,,2012,824585185.185185
Saint Kitts and Nevis,,2011,836092592.592593
Saint Kitts and Nevis,,2010,778718518.518518
Saint Kitts and Nevis,,2009,774274074.074074
Saint Kitts and Nevis,,2008,777692592.592593
Saint Kitts and Nevis,,2007,689285185.185185
Saint Kitts and Nevis,,2006,644414814.814815
Saint Kitts and Nevis,,2005,547203703.703704
Saint Kitts and Nevis,,2004,506900000.0
Saint Kitts and Nevis,,2003,469869869.86987
Saint Kitts and Nevis,,2002,481077373.669966
Saint Kitts and Nevis,,2001,458643829.014199
Saint Kitts and Nevis,,2000,421695769.843918
Saint Kitts and Nevis,,1999,406595484.373262
Saint Kitts and Nevis,,1998,383257331.40548
Saint Kitts and Nevis,,1997,374641307.974641
Saint Kitts and Nevis,,1996,333944444.444444
Saint Kitts and Nevis,,1995,313485185.185185
Saint Kitts and Nevis,,1994,295159259.259259
Saint Kitts and Nevis,,1993,263755555.555556
Saint Kitts and Nevis,,1992,242137037.037037
Saint Kitts and Nevis,,1991,220540740.740741
Saint Kitts and Nevis,,1990,217259259.259259
Saint Kitts and Nevis,,1989,192518518.518518
Saint Kitts and Nevis,,1988,172692592.592593
Saint Kitts and Nevis,,1987,147748148.148148
Saint Kitts and Nevis,,1986,130685185.185185
Saint Kitts and Nevis,,1985,111007407.407407
Saint Kitts and Nevis,,1984,98603703.7037037
Saint Kitts and Nevis,,1983,86874074.0740741
Saint Kitts and Nevis,,1982,86022222.2222222
Saint Kitts and Nevis,,1981,80888888.8888889
Saint Kitts and Nevis,,1980,68459259.2592593
Saint Kitts and Nevis,,1979,58840740.7407407
Saint Kitts and Nevis,,1978,49433333.3333333
Saint Kitts and Nevis,,1977,44496296.2962963
Saint Kitts and Nevis,,1976,30095602.2944551
Saint Kitts and Nevis,,1975,33364055.2995392
Saint Kitts and Nevis,,1974,31514856.3078422
Saint Kitts and Nevis,,1973,24196018.3767228
Saint Kitts and Nevis,,1972,22944849.1155047
Saint Kitts and Nevis,,1971,19624746.4503043
Saint Kitts and Nevis,,1970,16300000.0
Saint Kitts and Nevis,,1969,15850000.0
Saint Kitts and Nevis,,1968,14600000.0
Saint Kitts and Nevis,,1967,16742338.2519864
Saint Kitts and Nevis,,1966,14469078.1796966
Saint Kitts and Nevis,,1965,13593932.3220537
Saint Kitts and Nevis,,1964,13416633.1250839
Saint Kitts and Nevis,,1963,12833301.2500802
Saint Kitts and Nevis,,1962,12541635.3125784
Saint Kitts and Nevis,,1961,12483302.125078
Saint Kitts and Nevis,,1960,12366635.7500773
Saint Lucia,,2025,2656444444.44444
Saint Lucia,,2024,2605148148.14815
Saint Lucia,,2023,2441259259.25926
Saint Lucia,,2022,2319888888.88889
Saint Lucia,,2021,1871111111.11111
Saint Lucia,,2020,1521740740.74074
Saint Lucia,,2019,2090074074.07407
Saint Lucia,,2018,2060955555.55556
Saint Lucia,,2017,1998503703.7037
Saint Lucia,,2016,1868544444.44444
Saint Lucia,,2015,1807640740.74074
Saint Lucia,,2014,1749185185.18518
Saint Lucia,,2013,1660392592.59259
Saint Lucia,,2012,1598207407.40741
Saint Lucia,,2011,1568370370.37037
Saint Lucia,,2010,1482385185.18519
Saint Lucia,,2009,1401507888.88889
Saint Lucia,,2008,1437731111.11111
Saint Lucia,,2007,1336088814.81481
Saint Lucia,,2006,1268319185.18519
Saint Lucia,,2005,1135555555.55556
Saint Lucia,,2004,1066666666.66667
Saint Lucia,,2003,987407407.407407
Saint Lucia,,2002,900000000.0
Saint Lucia,,2001,892592592.592592
Saint Lucia,,2000,932592592.592592
Saint Lucia,,1999,921851851.851852
Saint Lucia,,1998,877407407.407407
Saint Lucia,,1997,805925925.925926
Saint Lucia,,1996,788888888.888889
Saint Lucia,,1995,762962962.962963
Saint Lucia,,1994,713703703.703704
Saint Lucia,,1993,684814814.814815
Saint Lucia,,1992,674074074.074074
Saint Lucia,,1991,613703703.703704
Saint Lucia,,1990,579629629.62963
Saint Lucia,,1989,486666666.666667
Saint Lucia,,1988,429629629.62963
Saint Lucia,,1987,375555555.555556
Saint Lucia,,1986,340000000.0
Saint Lucia,,1985,284444444.444444
Saint Lucia,,1984,251481481.481481
Saint Lucia,,1983,197037037.037037
Saint Lucia,,1982,183333333.333333
Saint Lucia,,1981,194444444.444444
Saint Lucia,,1980,170370370.37037
Saint Vincent-Grenadines,,2025,1255222222.22222
Saint Vincent-Grenadines,,2024,1157207407.40741
Saint Vincent-Grenadines,,2023,1072237037.03704
Saint Vincent-Grenadines,,2022,989188888.888889
Saint Vincent-Grenadines,,2021,888677777.777778
Saint Vincent-Grenadines,,2020,864566666.666667
Saint Vincent-Grenadines,,2019,910481481.481481
Saint Vincent-Grenadines,,2018,884329629.62963
Saint Vincent-Grenadines,,2017,844040740.740741
Saint Vincent-Grenadines,,2016,814303703.703704
Saint Vincent-Grenadines,,2015,786555555.555555
Saint Vincent-Grenadines,,2014,770900000.0
Saint Vincent-Grenadines,,2013,764781259.259259
Saint Vincent-Grenadines,,2012,730032592.592593
Saint Vincent-Grenadines,,2011,713796370.37037
Saint Vincent-Grenadines,,2010,720447888.888889
Saint Vincent-Grenadines,,2009,714300259.259259
Saint Vincent-Grenadines,,2008,732663259.259259
Saint Vincent-Grenadines,,2007,713596666.666667
Saint Vincent-Grenadines,,2006,643501148.148148
Saint Vincent-Grenadines,,2005,579948925.925926
Saint Vincent-Grenadines,,2004,549900185.185185
Saint Vincent-Grenadines,,2003,509090888.888889
Saint Vincent-Grenadines,,2002,487763851.851852
Saint Vincent-Grenadines,,2001,462072333.333333
Saint Vincent-Grenadines,,2000,427946037.037037
Saint Vincent-Grenadines,,1999,390718518.518519
Saint Vincent-Grenadines,,1998,373618518.518519
Saint Vincent-Grenadines,,1997,347770370.37037
Saint Vincent-Grenadines,,1996,331488888.888889
Saint Vincent-Grenadines,,1995,316007407.407407
Saint Vincent-Grenadines,,1994,289437037.037037
Saint Vincent-Grenadines,,1993,286307407.407407
Saint Vincent-Grenadines,,1992,277955555.555556
Saint Vincent-Grenadines,,1991,254829629.62963
Saint Vincent-Grenadines,,1990,240366666.666667
Saint Vincent-Grenadines,,1989,214745002.222222
Saint Vincent-Grenadines,,1988,200726712.592593
Saint Vincent-Grenadines,,1987,175580647.407407
Saint Vincent-Grenadines,,1986,160846656.666667
Saint Vincent-Grenadines,,1985,145641705.185185
Saint Vincent-Grenadines,,1984,135024987.777778
Saint Vincent-Grenadines,,1983,122255349.62963
Saint Vincent-Grenadines,,1982,113759203.333333
Saint Vincent-Grenadines,,1981,102086539.259259
Saint Vincent-Grenadines,,1980,82340339.6296296
Saint Vincent-Grenadines,,1979,71096359.6296296
Saint Vincent-Grenadines,,1978,60844771.4814815
Saint Vincent-Grenadines,,1977,49353161.8518519
Saint Vincent-Grenadines,,1976,32792844.6829448
Saint Vincent-Grenadines,,1975,33237225.9880652
Saint Vincent-Grenadines,,1974,32923702.7281866
Saint Vincent-Grenadines,,1973,30165081.0858817
Saint Vincent-Grenadines,,1972,27585804.8653032
Saint Vincent-Grenadines,,1971,20051922.3261445
Saint Vincent-Grenadines,,1970,18450000.0
Saint Vincent-Grenadines,,1969,16650000.0
Saint Vincent-Grenadines,,1968,15350000.0
Saint Vincent-Grenadines,,1967,15835106.0327781
Saint Vincent-Grenadines,,1966,16099959.7501006
Saint Vincent-Grenadines,,1965,15108295.5625944
Saint Vincent-Grenadines,,1964,14758296.4375922
Saint Vincent-Grenadines,,1963,13708299.0625857
Saint Vincent-Grenadines,,1962,14524963.6875908
Saint Vincent-Grenadines,,1961,13999965.0000875
Saint Vincent-Grenadines,,1960,13066634.0000817
Sudan,,2025,60162634574.4689
Sudan,,2024,49672435513.1126
Sudan,,2023,39898289820.7951
Sudan,,2022,51666875363.0963
Sudan,,2021,34229513774.9936
Sudan,,2020,27034593750.0
Sudan,,2019,32338079165.2893
Sudan,,2018,32333780383.2924
Sudan,,2017,41283617976.1905
Sudan,,2016,42630376000.0
Sudan,,2015,51726758676.7677
Sudan,,2014,49516748617.9775
Sudan,,2013,43024018082.1918
Sudan,,2012,37632919966.6667
Sudan,,2011,55018567210.5263
Sudan,,2010,58962978034.4828
Sudan,,2009,51621044076.9231
Sudan,,2008,64833083257.1431
Sudan,,2007,59440139774.8128
Sudan,,2006,45263831634.1497
Sudan,,2005,35182711987.974
Sudan,,2004,26646007250.7319
Sudan,,2003,21355298459.5955
Sudan,,2002,18137128388.3606
Sudan,,2001,15716361792.1926
Sudan,,2000,12257299147.2936
Sudan,,1999,10682028339.6898
Sudan,,1998,11250221536.7484
Sudan,,1997,11681175864.3383
Sudan,,1996,9018300724.66086
Sudan,,1995,13830363899.9163
Sudan,,1994,12793794737.042
Sudan,,1993,8881005435.80602
Sudan,,1992,7031933491.84899
Sudan,,1991,44171194366.2039
Sudan,,1990,33641222222.2222
Sudan,,1989,21408111111.1111
Sudan,,1988,14372555555.5556
Sudan,,1987,12093333333.3333
Sudan,,1986,10092200000.0
Sudan,,1985,8075259600.3398
Sudan,,1984,10447615384.6154
Sudan,,1983,8230153846.15385
Sudan,,1982,8732542273.73424
Sudan,,1981,10753888154.2798
Sudan,,1980,8951800000.0
Sudan,,1979,8418407786.60599
Sudan,,1978,8128719315.0792
Sudan,,1977,7499005639.37649
Sudan,,1976,6013210815.66115
Sudan,,1975,4823090191.91008
Sudan,,1974,3958931659.84759
Sudan,,1973,3077254460.30228
Sudan,,1972,2483055722.23738
Sudan,,1971,2288340041.03486
Sudan,,1970,2100229759.04718
Sudan,,1969,1847501441.26221
Sudan,,1968,1677771400.56798
Sudan,,1967,1607409539.36648
Sudan,,1966,1484491675.71652
Sudan,,1965,1446869619.31898
Sudan,,1964,1388282600.1961
Sudan,,1963,1351234926.33899
Sudan,,1962,1328259624.72217
Sudan,,1961,1222860428.55503
Sudan,,1960,1126364161.7644
Suriname,,2025,4523657796.86421
Suriname,,2024,4416775112.72266
Suriname,,2023,3472693412.08497
Suriname,,2022,3791603200.0259
Suriname,,2021,3107923197.96954
Suriname,,2020,2911807496.20227
Suriname,,2019,4016040575.08796
Suriname,,2018,3996198866.57453
Suriname,,2017,3591679430.99988
Suriname,,2016,3317421648.09918
Suriname,,2015,5126237646.22072
Suriname,,2014,5240606060.60606
Suriname,,2013,5145757575.75758
Suriname,,2012,4980000000.0
Suriname,,2011,4422276621.78703
Suriname,,2010,4368370997.92126
Suriname,,2009,3875409836.06557
Suriname,,2008,3532969034.60838
Suriname,,2007,2936612021.85792
Suriname,,2006,2626380435.17877
Suriname,,2005,1793410397.38738
Suriname,,2004,1484092538.40527
Suriname,,2003,1274190311.41869
Suriname,,2002,1093574468.08511
Suriname,,2001,834279357.798165
Suriname,,2000,947671969.69697
Suriname,,1999,886290697.674419
Suriname,,1998,1110850000.0
Suriname,,1997,926422500.0
Suriname,,1996,861372806.2082
Suriname,,1995,691590497.737557
Suriname,,1994,605492537.313433
Suriname,,1993,428764705.882353
Suriname,,1992,404600000.0
Suriname,,1991,448100000.0
Suriname,,1990,388400000.0
Suriname,,1989,542600000.0
Suriname,,1988,1161000000.0
Suriname,,1987,980000000.0
Suriname,,1986,891000000.0
Suriname,,1985,873000000.0
Suriname,,1984,864000000.0
Suriname,,1983,883500000.0
Suriname,,1982,915000000.0
Suriname,,1981,889000000.0
Suriname,,1980,795000000.0
Suriname,,1979,782500000.0
Suriname,,1978,735500000.0
Suriname,,1977,641500000.0
Suriname,,1976,505500000.0
Suriname,,1975,465500000.0
Suriname,,1974,409850000.0
Suriname,,1973,339450000.0
Suriname,,1972,311950000.0
Suriname,,1971,301000000.0
Suriname,,1970,274900000.0
Suriname,,1969,259650000.0
Suriname,,1968,241350000.0
Suriname,,1967,220700000.0
Suriname,,1966,190350000.0
Suriname,,1965,154150000.0
Suriname,,1964,134400000.0
Suriname,,1963,125950000.0
Suriname,,1962,116150000.0
Suriname,,1961,107700000.0
Suriname,,1960,99650000.0
Sweden,,2025,668998664082.081
Sweden,,2024,604827393488.582
Sweden,,2023,578990915246.07
Sweden,,2022,575071237640.921
Sweden,,2021,631693331300.776
Sweden,,2020,544265668451.678
Sweden,,2019,530894124494.418
Sweden,,2018,549649344043.182
Sweden,,2017,535172356784.769
Sweden,,2016,513058312950.939
Sweden,,2015,501602351911.6
Sweden,,2014,577727767303.596
Sweden,,2013,584125353119.18
Sweden,,2012,549739674655.127
Sweden,,2011,570538581144.45
Sweden,,2010,492750897239.447
Sweden,,2009,434311714442.499
Sweden,,2008,514614100832.941
Sweden,,2007,490047789548.441
Sweden,,2006,422528394459.353
Sweden,,2005,391688455928.597
Sweden,,2004,384545442175.019
Sweden,,2003,334072443515.576
Sweden,,2002,267371907446.776
Sweden,,2001,242497797484.776
Sweden,,2000,262903560280.282
Sweden,,1999,274318357862.122
Sweden,,1998,270887306758.576
Sweden,,1997,268249616890.856
Sweden,,1996,291949597375.485
Sweden,,1995,267050453506.792
Sweden,,1994,228699066874.028
Sweden,,1993,212644602615.823
Sweden,,1992,283908914454.48
Sweden,,1991,273831464572.137
Sweden,,1990,261466577008.853
Sweden,,1989,217632340194.512
Sweden,,1988,206686590775.558
Sweden,,1987,182744315973.756
Sweden,,1986,150279869728.789
Sweden,,1985,113958084357.094
Sweden,,1984,109043045407.287
Sweden,,1983,104862109663.367
Sweden,,1982,114214731798.937
Sweden,,1981,129498921475.688
Sweden,,1980,141886067003.972
Sweden,,1979,123207527699.377
Sweden,,1978,104290933495.629
Sweden,,1977,94331782622.2778
Sweden,,1976,89232517045.8459
Sweden,,1975,82765232647.753
Sweden,,1974,65917634590.2599
Sweden,,1973,59318842992.2378
Sweden,,1972,48883173399.9664
Sweden,,1971,41506151114.9262
Sweden,,1970,38037226668.2131
Sweden,,1969,33967301561.0634
Sweden,,1968,31277871668.8452
Sweden,,1967,29474881505.9928
Sweden,,1966,27154716721.2854
Sweden,,1965,24963947414.6983
Sweden,,1964,22685490195.3119
Sweden,,1963,20342131881.5074
Sweden,,1962,18794066990.0612
Sweden,,1961,17329620584.6147
Sweden,,1960,15930075466.8898
Switzerland,,2025,1043529899250.92
Switzerland,,2024,969919786394.884
Switzerland,,2023,928435275851.707
Switzerland,,2022,858479038993.75
Switzerland,,2021,840710023481.35
Switzerland,,2020,756096180222.082
Switzerland,,2019,736384764156.877
Switzerland,,2018,740766531453.991
Switzerland,,2017,706660443624.485
Switzerland,,2016,698607778794.566
Switzerland,,2015,706199008878.656
Switzerland,,2014,741168119616.628
Switzerland,,2013,718748402259.576
Switzerland,,2012,697882536676.898
Switzerland,,2011,727231637101.778
Switzerland,,2010,609999593541.9
Switzerland,,2009,563659557945.042
Switzerland,,2008,574703945157.419
Switzerland,,2007,498993845384.872
Switzerland,,2006,448364681767.427
Switzerland,,2005,424511048024.414
Switzerland,,2004,409012909529.554
Switzerland,,2003,366563952624.935
Switzerland,,2002,313930961760.554
Switzerland,,2001,290160142213.795
Switzerland,,2000,282327351965.893
Switzerland,,1999,301911268140.061
Switzerland,,1998,306907741067.733
Switzerland,,1997,298868250534.004
Switzerland,,1996,345373647249.191
Switzerland,,1995,358152520084.567
Switzerland,,1994,305916331797.909
Switzerland,,1993,276339744179.751
Switzerland,,1992,284139428246.338
Switzerland,,1991,272953645746.165
Switzerland,,1990,269768238554.564
Switzerland,,1989,211241694480.103
Switzerland,,1988,218788504066.152
Switzerland,,1987,202238567596.566
Switzerland,,1986,161487171048.974
Switzerland,,1985,112652623417.85
Switzerland,,1984,111104641869.175
Switzerland,,1983,116361728836.168
Switzerland,,1982,116776899472.984
Switzerland,,1981,113936168923.735
Switzerland,,1980,124404609416.96
Switzerland,,1979,116702524207.614
Switzerland,,1978,103821687919.463
Switzerland,,1977,74237819013.938
Switzerland,,1976,69508364538.3261
Switzerland,,1975,66452559175.6092
Switzerland,,1974,57963469606.9547
Switzerland,,1973,50296651921.1325
Switzerland,,1972,37399508286.8588
Switzerland,,1971,30492832676.1654
Switzerland,,1970,25374750743.1969
Switzerland,,1969,22780211812.0824
Switzerland,,1968,21024203656.3496
Switzerland,,1967,19689329510.274
Switzerland,,1966,18290928226.8879
Switzerland,,1965,17033079428.475
Switzerland,,1964,16071715835.0474
Switzerland,,1963,14499109269.9708
Switzerland,,1962,13185384690.7481
Switzerland,,1961,11889851949.6661
Switzerland,,1960,10569129805.9937
Syria,,2022,23737634644.3994
Syria,,2021,14892885528.1402
Syria,,2020,12501503673.2425
Syria,,2019,22583046644.6891
Syria,,2018,21497779247.9835
Syria,,2017,16369842725.4718
Syria,,2016,12597854088.3602
Syria,,2015,16466861435.0236
Syria,,2014,21502061466.067
Syria,,2013,21361254634.9336
Syria,,2012,43190318032.5627
Syria,,2011,67539433544.3077
Syria,,2010,61390833272.6687
Syria,,2009,54111721043.8087
Syria,,2008,52557913397.4638
Syria,,2007,40465331020.308
Syria,,2006,33751812958.6391
Syria,,2005,28858937499.1801
Syria,,2004,25086910447.9968
Syria,,2003,21828144686.0394
Syria,,2002,20786986579.9105
Syria,,2001,20078599626.0129
Syria,,2000,18937031609.7969
Syria,,1999,15873875968.9922
Syria,,1998,15200846153.8462
Syria,,1997,14505233463.035
Syria,,1996,13789560878.2435
Syria,,1995,11396706586.8263
Syria,,1994,10122020000.0
Syria,,1993,13695962055.4771
Syria,,1992,13253565861.1424
Syria,,1991,12981833333.3333
Syria,,1990,12308624417.8268
Syria,,1989,9853395761.63227
Syria,,1988,10577041644.9944
Syria,,1987,11356215543.3043
Syria,,1986,13293205278.2803
Syria,,1985,16403539892.7783
Syria,,1984,17503078174.0039
Syria,,1983,17589277143.1314
Syria,,1982,16298929011.4681
Syria,,1981,15518201335.3151
Syria,,1980,13062420382.1656
Syria,,1979,9929681528.66242
Syria,,1978,9275200458.19015
Syria,,1977,7696011396.0114
Syria,,1976,7633528866.93424
Syria,,1975,6826980444.14982
Syria,,1974,5159557147.50895
Syria,,1973,3239487516.42576
Syria,,1972,3059681697.61273
Syria,,1971,2589851325.14544
Syria,,1970,2140384010.0724
Syria,,1969,2245011514.55676
Syria,,1968,1753746429.62092
Syria,,1967,1580229799.42693
Syria,,1966,1342287553.19149
Syria,,1965,1472036540.13329
Syria,,1964,1339494267.01571
Syria,,1963,1200447408.37696
Syria,,1962,1110565880.75881
Syria,,1961,945244972.067039
Syria,,1960,857704413.407821
Tajikistan,,2025,17660626562.4832
Tajikistan,,2024,14425113699.7925
Tajikistan,,2023,12244169292.7998
Tajikistan,,2022,10713525200.3998
Tajikistan,,2021,8937805347.13963
Tajikistan,,2020,8133963550.65742
Tajikistan,,2019,8300813599.3084
Tajikistan,,2018,7764999999.45362
Tajikistan,,2017,7536402852.85802
Tajikistan,,2016,6992416096.89018
Tajikistan,,2015,8271431485.07484
Tajikistan,,2014,9112605459.32845
Tajikistan,,2013,8448411318.25417
Tajikistan,,2012,7633036903.07634
Tajikistan,,2011,6522756255.012
Tajikistan,,2010,5642221099.17704
Tajikistan,,2009,4979472364.4534
Tajikistan,,2008,5161299725.27673
Tajikistan,,2007,3719524540.86193
Tajikistan,,2006,2830213848.6203
Tajikistan,,2005,2312352020.6689
Tajikistan,,2004,2076176869.41089
Tajikistan,,2003,1555318261.4172
Tajikistan,,2002,1221106220.2868
Tajikistan,,2001,1080772551.29433
Tajikistan,,2000,860541842.263697
Tajikistan,,1999,1086612290.27171
Tajikistan,,1998,1320199581.52261
Tajikistan,,1997,921518032.909326
Tajikistan,,1996,1043654822.33503
Tajikistan,,1995,1231561860.39946
Tajikistan,,1994,1522001205.54551
Tajikistan,,1993,1646623195.15603
Tajikistan,,1992,1908554572.27139
Tajikistan,,1991,2536585365.85366
Tajikistan,,1990,2629395066.27017
Tanzania,,2025,90143496090.4411
Tanzania,,2024,79235713444.9777
Tanzania,,2023,79030935638.1317
Tanzania,,2022,75749121846.9703
Tanzania,,2021,70655628147.8986
Tanzania,,2020,66068737786.0639
Tanzania,,2019,61026731925.9213
Tanzania,,2018,57003712892.0858
Tanzania,,2017,53274884532.7886
Tanzania,,2016,49774409374.4538
Tanzania,,2015,47413919817.124
Tanzania,,2014,49986726460.6805
Tanzania,,2013,45648857242.315
Tanzania,,2012,39650394362.9287
Tanzania,,2011,34657140096.4836
Tanzania,,2010,32012892919.37
Tanzania,,2009,29400573553.6075
Tanzania,,2008,27947821397.9272
Tanzania,,2007,21860434823.4808
Tanzania,,2006,18619859795.2852
Tanzania,,2005,18395383647.4975
Tanzania,,2004,16673062473.3981
Tanzania,,2003,15211487708.7684
Tanzania,,2002,14129651895.6911
Tanzania,,2001,13563990022.3641
Tanzania,,2000,13371767081.7428
Tanzania,,1999,12704334195.8151
Tanzania,,1998,12172790056.3733
Tanzania,,1997,11158197941.9152
Tanzania,,1996,9433528150.36609
Tanzania,,1995,7631431840.49992
Tanzania,,1994,6550480483.9385
Tanzania,,1993,6182872707.82523
Tanzania,,1992,6681997469.31292
Tanzania,,1991,7197768158.58347
Tanzania,,1990,6184384225.02712
Tanzania,,1989,6418799006.80247
Tanzania,,1988,7406614407.46127
Tanzania,,1987,7824193222.11908
Tanzania,,1986,10840864521.2338
Tanzania,,1985,15328295175.4067
Tanzania,,1984,12906635133.1557
Tanzania,,1983,14049883809.0089
Tanzania,,1982,13927383239.8322
Tanzania,,1981,13161540377.5792
Tanzania,,1980,11409228086.7463
Tanzania,,1979,9804637490.81892
Tanzania,,1978,9261675709.83072
Tanzania,,1977,7732598995.10303
Tanzania,,1976,6472511987.84735
Tanzania,,1975,5729917839.54264
Tanzania,,1974,4977337978.35959
Tanzania,,1973,4144104535.49655
Tanzania,,1972,3472787266.0964
Tanzania,,1971,3050673517.33059
Tanzania,,1970,2851419386.07225
Tanzania,,1969,5142066811.47328
Tanzania,,1968,4895251824.05927
Tanzania,,1967,4565132047.52718
Tanzania,,1966,4377998825.12047
Tanzania,,1965,3817226546.22938
Tanzania,,1964,3748840925.06363
Tanzania,,1963,3456579293.44828
Tanzania,,1962,3101589992.664
Tanzania,,1961,2826179031.22839
Tanzania,,1960,2651729807.38808
Thailand,,2025,577009981112.015
Thailand,,2024,529385520941.539
Thailand,,2023,517013369475.121
Thailand,,2022,495691837308.033
Thailand,,2021,506049783824.94
Thailand,,2020,500274927778.532
Thailand,,2019,543976691793.886
Thailand,,2018,506754208404.485
Thailand,,2017,456356813536.764
Thailand,,2016,413366349747.508
Thailand,,2015,401296238228.084
Thailand,,2014,407339040197.651
Thailand,,2013,420333654592.547
Thailand,,2012,397558325278.579
Thailand,,2011,370818739623.622
Thailand,,2010,341104766329.17
Thailand,,2009,281710630187.319
Thailand,,2008,291382982430.951
Thailand,,2007,262942621455.053
Thailand,,2006,221758296021.621
Thailand,,2005,189318408468.595
Thailand,,2004,172895685154.658
Thailand,,2003,152280615245.887
Thailand,,2002,134300904400.022
Thailand,,2001,120296476180.402
Thailand,,2000,126392224253.794
Thailand,,1999,126669211778.94
Thailand,,1998,113675596787.738
Thailand,,1997,150180456565.728
Thailand,,1996,183035237429.281
Thailand,,1995,169278916592.843
Thailand,,1994,146683778959.101
Thailand,,1993,128889262951.157
Thailand,,1992,111452746517.655
Thailand,,1991,98234714971.0612
Thailand,,1990,85343190719.0107
Thailand,,1989,72250748099.9762
Thailand,,1988,61667253471.3736
Thailand,,1987,50535446554.8769
Thailand,,1986,43096773980.8569
Thailand,,1985,38900711332.5373
Thailand,,1984,41797647775.6238
Thailand,,1983,40042798388.4951
Thailand,,1982,36589772403.7566
Thailand,,1981,34846039193.6131
Thailand,,1980,32353514988.7287
Thailand,,1979,27371650824.5092
Thailand,,1978,24006566636.6855
Thailand,,1977,19779312261.3155
Thailand,,1976,16985208648.2112
Thailand,,1975,14882770593.9796
Thailand,,1974,13702998512.4492
Thailand,,1973,10838587357.7466
Thailand,,1972,8177873151.04224
Thailand,,1971,7375000024.03846
Thailand,,1970,7086538437.5
Thailand,,1969,6695336567.30769
Thailand,,1968,6081009427.88461
Thailand,,1967,5638461442.30769
Thailand,,1966,5279230817.30769
Thailand,,1965,4388937649.03846
Thailand,,1964,3889129942.30769
Thailand,,1963,3540403456.55305
Thailand,,1962,3308912796.93487
Thailand,,1961,3034037810.96795
Thailand,,1960,2760750860.62197
Timor-Leste,,2025,1902180257.82737
Timor-Leste,,2024,1865608515.41321
Timor-Leste,,2023,2079767200.0
Timor-Leste,,2022,3208599900.0
Timor-Leste,,2021,3625024300.0
Timor-Leste,,2020,2162619200.0
Timor-Leste,,2019,2032550400.0
Timor-Leste,,2018,1555988600.0
Timor-Leste,,2017,1584878400.0
Timor-Leste,,2016,1640464600.0
Timor-Leste,,2015,1590282400.0
Timor-Leste,,2014,1447535200.0
Timor-Leste,,2013,1395727400.0
Timor-Leste,,2012,1160555000.0
Timor-Leste,,2011,1042534600.0
Timor-Leste,,2010,881909300.0
Timor-Leste,,2009,726937800.0
Timor-Leste,,2008,648523600.0
Timor-Leste,,2007,542795400.0
Timor-Leste,,2006,453792400.0
Timor-Leste,,2005,462268000.0
Timor-Leste,,2004,440772000.0
Timor-Leste,,2003,490439100.0
Timor-Leste,,2002,469455500.0
Timor-Leste,,2001,477359300.0
Timor-Leste,,2000,366924300.0
Timor-Leste,,1999,225357600.0
Timor-Leste,,1998,325729800.0
Timor-Leste,,1997,319972700.0
Timor-Leste,,1996,306956900.0
Timor-Leste,,1995,262819900.0
Timor-Leste,,1994,239040500.0
Timor-Leste,,1993,216914400.0
Timor-Leste,,1992,187891500.0
Timor-Leste,,1991,147713000.0
Timor-Leste,,1990,128210142.0
Togo,,2025,11889949067.4697
Togo,,2024,10643440332.2445
Togo,,2023,9723300576.72675
Togo,,2022,8646453099.4124
Togo,,2021,8541668141.26198
Togo,,2020,7486031561.86885
Togo,,2019,6992942458.99419
Togo,,2018,7029215766.46367
Togo,,2017,6387424239.8801
Togo,,2016,6071167584.1951
Togo,,2015,5755457836.01866
Togo,,2014,6393314707.85456
Togo,,2013,6021729629.82454
Togo,,2012,5413541649.14901
Togo,,2011,5422439152.10906
Togo,,2010,4746386893.22553
Togo,,2009,4721888275.26937
Togo,,2008,4578847112.70688
Togo,,2007,3759962853.26476
Togo,,2006,3320907721.74508
Togo,,2005,3221910408.46516
Togo,,2004,3191561508.69088
Togo,,2003,2987984050.99318
Togo,,2002,2410199032.43102
Togo,,2001,2093498674.49678
Togo,,2000,2106848752.27753
Togo,,1999,2226577203.91399
Togo,,1998,2241650112.33333
Togo,,1997,2116818622.95834
Togo,,1996,2069506014.46659
Togo,,1995,1849110468.19569
Togo,,1994,1387662121.46736
Togo,,1993,1741944426.20894
Togo,,1992,2390796915.91958
Togo,,1991,2262767860.10937
Togo,,1990,2299665505.61434
Togo,,1989,1910635575.38044
Togo,,1988,1947208354.22555
Togo,,1987,1763978065.8368
Togo,,1986,1498219578.86978
Togo,,1985,1076604520.42427
Togo,,1984,1014170069.21689
Togo,,1983,1081387264.60786
Togo,,1982,1160337039.38068
Togo,,1981,1359026709.45126
Togo,,1980,1604836915.96662
Togo,,1979,1259365711.53521
Togo,,1978,1164025637.26464
Togo,,1977,1097893825.98815
Togo,,1976,874681611.928369
Togo,,1975,871781686.907321
Togo,,1974,791450308.362944
Togo,,1973,574030983.980053
Togo,,1972,474043921.843537
Togo,,1971,404648367.76644
Togo,,1970,358665753.909298
Togo,,1969,378091809.602636
Togo,,1968,341691567.465593
Togo,,1967,327215843.636336
Togo,,1966,305227594.821437
Togo,,1965,264505506.022433
Togo,,1964,234572186.455851
Togo,,1963,202305865.235908
Togo,,1962,186745757.859216
Togo,,1961,178497098.264275
Togo,,1960,171057069.137772
Tonga,,2025,679218218.578017
Tonga,,2024,647488243.847291
Tonga,,2023,591139733.623755
Tonga,,2022,556514556.392844
Tonga,,2021,519306339.3498
Tonga,,2020,506571486.576395
Tonga,,2019,506031247.606648
Tonga,,2018,493530766.930564
Tonga,,2017,459976847.108128
Tonga,,2016,420828254.541601
Tonga,,2015,437525538.903019
Tonga,,2014,440997734.928723
Tonga,,2013,451788498.263614
Tonga,,2012,471122971.305043
Tonga,,2011,414143828.494419
Tonga,,2010,366887374.989696
Tonga,,2009,312415028.446113
Tonga,,2008,344438844.333518
Tonga,,2007,298519623.342085
Tonga,,2006,292232703.306768
Tonga,,2005,261823805.433238
Tonga,,2004,230678011.42199
Tonga,,2003,202246591.215502
Tonga,,2002,182764280.828501
Tonga,,2001,181117230.406546
Tonga,,2000,204848487.806485
Tonga,,1999,199208717.501913
Tonga,,1998,191504892.761394
Tonga,,1997,214991452.314998
Tonga,,1996,222100576.345483
Tonga,,1995,208871665.748682
Tonga,,1994,195990986.21421
Tonga,,1993,138489884.393064
Tonga,,1992,137066290.550071
Tonga,,1991,132201141.446861
Tonga,,1990,113563821.577404
Tonga,,1989,106344854.986095
Tonga,,1988,106657267.367342
Tonga,,1987,81667133.4546982
Tonga,,1986,68195855.6149733
Tonga,,1985,60058663.3144773
Tonga,,1984,64248354.5414656
Tonga,,1983,60863963.963964
Tonga,,1982,62068161.0711025
Tonga,,1981,62242013.3302689
Tonga,,1980,53260077.4311091
Tonga,,1979,44667002.0120724
Tonga,,1978,41567471.6721987
Tonga,,1977,34139387.8908849
Tonga,,1976,30036416.9619944
Tonga,,1975,32506741.7201204
Trinidad and Tobago,,2025,25942749718.4685
Trinidad and Tobago,,2024,25633544529.4849
Trinidad and Tobago,,2023,25036993423.3664
Trinidad and Tobago,,2022,28341164301.126
Trinidad and Tobago,,2021,24222963262.7213
Trinidad and Tobago,,2020,20888515184.2239
Trinidad and Tobago,,2019,23477745791.6977
Trinidad and Tobago,,2018,23883058083.2171
Trinidad and Tobago,,2017,23830750900.6899
Trinidad and Tobago,,2016,23624322192.6274
Trinidad and Tobago,,2015,26841141793.2143
Trinidad and Tobago,,2014,29474180005.1333
Trinidad and Tobago,,2013,28560537057.1548
Trinidad and Tobago,,2012,27147349937.4689
Trinidad and Tobago,,2011,25433007437.1605
Trinidad and Tobago,,2010,22157920592.3669
Trinidad and Tobago,,2009,19172165225.5015
Trinidad and Tobago,,2008,27871587349.5413
Trinidad and Tobago,,2007,21641620049.9352
Trinidad and Tobago,,2006,18369361094.3886
Trinidad and Tobago,,2005,15982389018.4041
Trinidad and Tobago,,2004,13280291989.5755
Trinidad and Tobago,,2003,11305459802.0683
Trinidad and Tobago,,2002,9008298228.60273
Trinidad and Tobago,,2001,8824849191.03571
Trinidad and Tobago,,2000,8154342116.10311
Trinidad and Tobago,,1999,6808982520.75759
Trinidad and Tobago,,1998,6043686653.62189
Trinidad and Tobago,,1997,5737771523.10148
Trinidad and Tobago,,1996,5759570336.11287
Trinidad and Tobago,,1995,5329217747.21258
Trinidad and Tobago,,1994,4947181645.55221
Trinidad and Tobago,,1993,4669491134.2478
Trinidad and Tobago,,1992,5439552941.17647
Trinidad and Tobago,,1991,5307905882.35294
Trinidad and Tobago,,1990,5068000000.0
Trinidad and Tobago,,1989,4323058823.52941
Trinidad and Tobago,,1988,4496910569.10569
Trinidad and Tobago,,1987,4797777777.77778
Trinidad and Tobago,,1986,4794444444.44444
Trinidad and Tobago,,1985,7375918367.34694
Trinidad and Tobago,,1984,7757083333.33333
Trinidad and Tobago,,1983,7763750000.0
Trinidad and Tobago,,1982,8140416666.66667
Trinidad and Tobago,,1981,6992083333.33333
Trinidad and Tobago,,1980,6235833333.33333
Trinidad and Tobago,,1979,4602416625.0
Trinidad and Tobago,,1978,3562333458.33333
Trinidad and Tobago,,1977,3138666666.66667
Trinidad and Tobago,,1976,2500424955.23006
Trinidad and Tobago,,1975,2442669824.56431
Trinidad and Tobago,,1974,2042001070.5079
Trinidad and Tobago,,1973,1308785430.53591
Trinidad and Tobago,,1972,1083391757.89486
Trinidad and Tobago,,1971,896765214.626133
Trinidad and Tobago,,1970,821850000.0
Trinidad and Tobago,,1969,779200000.0
Trinidad and Tobago,,1968,758899950.0
Trinidad and Tobago,,1967,761981912.42271
Trinidad and Tobago,,1966,723739857.317023
Trinidad and Tobago,,1965,736573158.567104
Trinidad and Tobago,,1964,711897520.256199
Trinidad and Tobago,,1963,678239329.401676
Trinidad and Tobago,,1962,619322810.026308
Trinidad and Tobago,,1961,584964620.921781
Trinidad and Tobago,,1960,535673252.483535
Tunisia,,2025,57502836548.0878
Tunisia,,2024,51412122479.8468
Tunisia,,2023,48205328303.3398
Tunisia,,2022,44929920092.7955
Tunisia,,2021,47073234359.1819
Tunisia,,2020,42491780918.361
Tunisia,,2019,41905642418.825
Tunisia,,2018,42686504459.801
Tunisia,,2017,42163530590.9462
Tunisia,,2016,44360072680.4476
Tunisia,,2015,45779494041.9295
Tunisia,,2014,50271812920.612
Tunisia,,2013,48685446413.953
Tunisia,,2012,47311401812.6733
Tunisia,,2011,48123325825.0739
Tunisia,,2010,46206091937.9628
Tunisia,,2009,43455740497.3061
Tunisia,,2008,44859439902.2191
Tunisia,,2007,38915353866.757
Tunisia,,2006,34376664600.5898
Tunisia,,2005,32272186694.8043
Tunisia,,2004,31183885241.4396
Tunisia,,2003,27453902261.4629
Tunisia,,2002,23141616604.5242
Tunisia,,2001,22065832448.8623
Tunisia,,2000,21473528160.7782
Tunisia,,1999,22943202174.9668
Tunisia,,1998,21802893587.126
Tunisia,,1997,20746210353.845
Tunisia,,1996,19587161806.7655
Tunisia,,1995,18030876599.3444
Tunisia,,1994,15633174304.0905
Tunisia,,1993,14608335608.1543
Tunisia,,1992,15496708060.4184
Tunisia,,1991,13074782608.6957
Tunisia,,1990,12290568181.8182
Tunisia,,1989,10101851744.5627
Tunisia,,1988,10096245762.4352
Tunisia,,1987,9696715910.70907
Tunisia,,1986,9017806654.4169
Tunisia,,1985,8410226052.6114
Tunisia,,1984,8254541194.82566
Tunisia,,1983,8350582747.83541
Tunisia,,1982,8133580051.70251
Tunisia,,1981,8428445294.08429
Tunisia,,1980,8744134354.16152
Tunisia,,1979,7188863903.63675
Tunisia,,1978,5968460080.1113
Tunisia,,1977,5109324009.32401
Tunisia,,1976,4508191942.16081
Tunisia,,1975,4328965587.53266
Tunisia,,1974,3545868575.14639
Tunisia,,1973,2730813385.32624
Tunisia,,1972,2237556148.51085
Tunisia,,1971,1685162272.40652
Tunisia,,1970,1439238095.2381
Tunisia,,1969,1289904761.90476
Tunisia,,1968,1214666666.66667
Tunisia,,1967,1085714285.71429
Tunisia,,1966,1040952380.95238
Tunisia,,1965,991047619.047619
Tunisia,,1964,1025866792.15686
Tunisia,,1963,1026737600.0
Tunisia,,1962,880027733.333333
Tunisia,,1961,866155428.571429
Turkey,,2025,1597293229287.0
Turkey,,2024,1359123768774.12
Turkey,,2023,1141242864657.45
Turkey,,2022,926097476913.818
Turkey,,2021,839938668172.134
Turkey,,2020,733628247119.077
Turkey,,2019,775853144222.613
Turkey,,2018,788356985773.667
Turkey,,2017,863874522365.276
Turkey,,2016,870818016909.84
Turkey,,2015,865460050683.656
Turkey,,2014,942343431928.654
Turkey,,2013,962167643588.925
Turkey,,2012,885327622479.052
Turkey,,2011,844192507380.795
Turkey,,2010,782545664268.333
Turkey,,2009,653894449921.288
Turkey,,2008,775415944332.866
Turkey,,2007,685228481017.03
Turkey,,2006,559668118237.002
Turkey,,2005,508314210212.544
Turkey,,2004,410156784495.948
Turkey,,2003,315392899922.379
Turkey,,2002,240778008473.845
Turkey,,2001,202195080239.036
Turkey,,2000,274748463178.502
Turkey,,1999,256673939247.773
Turkey,,1998,276035372654.608
Turkey,,1997,263817553748.395
Turkey,,1996,250366965174.129
Turkey,,1995,234699627004.035
Turkey,,1994,130650447499.071
Turkey,,1993,180415757851.616
Turkey,,1992,159104772991.851
Turkey,,1991,151034731543.624
Turkey,,1990,150655500191.644
Turkey,,1989,107127191328.935
Turkey,,1988,90875175808.7201
Turkey,,1987,87190081680.28
Turkey,,1986,75673037037.037
Turkey,,1985,67232758620.6897
Turkey,,1984,59937602179.8365
Turkey,,1983,61803555555.5556
Turkey,,1982,64369325153.3742
Turkey,,1981,71180180180.1802
Turkey,,1980,68823684210.5263
Turkey,,1979,89616129032.2581
Turkey,,1978,65912500000.0
Turkey,,1977,58683333333.3333
Turkey,,1976,51450000000.0
Turkey,,1975,46042857142.8571
Turkey,,1974,35414285714.2857
Turkey,,1973,26000000000.0
Turkey,,1972,20650000000.0
Turkey,,1971,16166666666.6667
Turkey,,1970,17863636363.6364
Turkey,,1969,19466666666.6667
Turkey,,1968,17500000000.0
Turkey,,1967,15644444444.4444
Turkey,,1966,14100000000.0
Turkey,,1965,11966666666.6667
Turkey,,1964,11177777777.7778
Turkey,,1963,10355555555.5556
Turkey,,1962,8922222222.22222
Turkey,,1961,7988888888.88889
Turkey,,1960,7566666666.66667
Turkmenistan,,2025,49828621355.6516
Turkmenistan,,2024,44249447717.2312
Turkmenistan,,2023,39020211239.6728
Turkmenistan,,2022,37583913148.2791
Turkmenistan,,2021,26334182093.7903
Turkmenistan,,2020,27350527267.6636
Turkmenistan,,2019,29700000000.0
Turkmenistan,,2018,26036313868.6131
Turkmenistan,,2017,33352261306.5327
Turkmenistan,,2016,33313947368.4211
Turkmenistan,,2015,35799714285.7143
Turkmenistan,,2014,43524210526.3158
Turkmenistan,,2013,39197543859.6491
Turkmenistan,,2012,35164210526.3158
Turkmenistan,,2011,29233333333.3333
Turkmenistan,,2010,22583157894.7368
Turkmenistan,,2009,20214385964.9123
Turkmenistan,,2008,19271523178.8079
Turkmenistan,,2007,12664165103.1895
Turkmenistan,,2006,10276674364.8961
Turkmenistan,,2005,8103901996.37024
Turkmenistan,,2004,6838351088.46688
Turkmenistan,,2003,5977440582.80171
Turkmenistan,,2002,4462029108.72349
Turkmenistan,,2001,3534772732.39746
Turkmenistan,,2000,2904663310.9825
Turkmenistan,,1999,2450564100.18292
Turkmenistan,,1998,2605689134.49042
Turkmenistan,,1997,2450350625.10407
Turkmenistan,,1996,2378759975.44506
Turkmenistan,,1995,2482228439.71407
Turkmenistan,,1994,2561118608.35516
Turkmenistan,,1993,3179225948.58114
Turkmenistan,,1992,3200539816.0601
Turkmenistan,,1991,3208098919.0146
Turkmenistan,,1990,3189539641.3171
Turkmenistan,,1989,3006988216.55045
Turkmenistan,,1988,3010982414.24425
Turkmenistan,,1987,2331358819.75954
Tuvalu,,2025,57345434.7234984
Tuvalu,,2024,56752265.8012166
Tuvalu,,2023,50491930.924381
Tuvalu,,2022,54104146.3198082
Tuvalu,,2021,61597447.1614093
Tuvalu,,2020,52302514.9939611
Tuvalu,,2019,53527720.0597564
Tuvalu,,2018,48026990.1943497
Tuvalu,,2017,45288858.1637361
Tuvalu,,2016,41306141.62505
Tuvalu,,2015,36755290.7767318
Tuvalu,,2014,38643167.2951054
Tuvalu,,2013,38767554.542532
Tuvalu,,2012,38912985.1801769
Tuvalu,,2011,39665361.1329159
Tuvalu,,2010,32425361.8050211
Tuvalu,,2009,27851666.1740196
Tuvalu,,2008,31602915.0009478
Tuvalu,,2007,28547819.7129545
Tuvalu,,2006,24274966.4338055
Tuvalu,,2005,22846519.1722166
Tuvalu,,2004,22878877.9130312
Tuvalu,,2003,19584879.571753
Tuvalu,,2002,16639799.8873171
Tuvalu,,2001,14139705.2510497
Tuvalu,,2000,14881202.5785774
Tuvalu,,1999,14800503.2582747
Tuvalu,,1998,13795146.2092638
Tuvalu,,1997,13734210.096632
Tuvalu,,1996,13338597.3300737
Tuvalu,,1995,11922614.1984666
Tuvalu,,1994,11772610.6579341
Tuvalu,,1993,10414399.9564792
Tuvalu,,1992,10535028.1423687
Tuvalu,,1991,10127313.9132358
Tuvalu,,1990,9542900.90136505
Tuvalu,,1989,8454523.24729257
Tuvalu,,1988,7011059.37136205
Tuvalu,,1987,5020513.49920593
Tuvalu,,1986,4574706.2115277
Tuvalu,,1985,3862851.88310194
Tuvalu,,1984,4481977.90255389
Tuvalu,,1983,4152550.30416472
Tuvalu,,1982,4118945.16164625
Tuvalu,,1981,4773017.53163822
Tuvalu,,1980,4206128.13370474
Tuvalu,,1979,4065659.43428377
Tuvalu,,1978,3798781.86329799
Tuvalu,,1977,3669419.59164946
Tuvalu,,1976,3919072.22992563
Tuvalu,,1975,4014748.0540762
Tuvalu,,1974,4122328.66617539
Tuvalu,,1973,3411915.43882127
Tuvalu,,1972,2968457.94392523
Tuvalu,,1971,2716989.58449994
Tuvalu,,1970,2585955.87411804
Uganda,,2025,61985829288.1496
Uganda,,2024,53911907079.0485
Uganda,,2023,48768955863.3175
Uganda,,2022,45565333210.9108
Uganda,,2021,40529788748.6737
Uganda,,2020,37600368241.6657
Uganda,,2019,35353061003.4359
Uganda,,2018,32927025619.6795
Uganda,,2017,30744473841.424
Uganda,,2016,29203988696.2626
Uganda,,2015,32387183730.1002
Uganda,,2014,32612397257.4458
Uganda,,2013,28915786516.6123
Uganda,,2012,27305915910.7877
Uganda,,2011,27871725241.4723
Uganda,,2010,26673441430.7857
Uganda,,2009,25127805566.6584
Uganda,,2008,14440404132.2047
Uganda,,2007,11902564494.8833
Uganda,,2006,9977647682.96954
Uganda,,2005,9239221763.05793
Uganda,,2004,7939487547.77384
Uganda,,2003,6606884275.23087
Uganda,,2002,6178563591.12051
Uganda,,2001,5840503868.51573
Uganda,,2000,6193246837.09687
Uganda,,1999,5998563257.94659
Uganda,,1998,6584815846.52754
Uganda,,1997,6269333313.17108
Uganda,,1996,6044585326.938
Uganda,,1995,5755818842.49246
Uganda,,1994,3990430446.71216
Uganda,,1993,3220439044.18949
Uganda,,1992,2857457761.90922
Uganda,,1991,3321729159.62277
Uganda,,1990,4304399310.30967
Uganda,,1989,5276480799.33868
Uganda,,1988,6508931651.66667
Uganda,,1987,6269522042.11556
Uganda,,1986,3923244049.95796
Uganda,,1985,3519695443.52516
Uganda,,1984,3615647477.05434
Uganda,,1983,2240333333.33333
Uganda,,1982,2177500000.0
Uganda,,1981,1337300000.0
Uganda,,1980,1244610000.0
Uganda,,1979,2139025000.0
Uganda,,1978,2420260869.56522
Uganda,,1977,2936470588.23529
Uganda,,1976,2447300000.0
Uganda,,1975,2359555555.55556
Uganda,,1974,2098944967.20844
Uganda,,1973,1701829789.02127
Uganda,,1972,1490970180.59639
Uganda,,1971,1417191656.16688
Uganda,,1970,1259554808.90382
Uganda,,1969,1168556628.86742
Uganda,,1968,1037379252.41495
Uganda,,1967,967240655.186896
Uganda,,1966,925381492.370153
Uganda,,1965,884502309.953801
Uganda,,1964,589247687.30035
Uganda,,1963,516315231.449087
Uganda,,1962,449158233.391351
Uganda,,1961,441667334.611947
Uganda,,1960,423145605.043164
Ukraine,,2025,214233312784.397
Ukraine,,2024,190833835445.1
Ukraine,,2023,181221517868.744
Ukraine,,2022,161989520721.19
Ukraine,,2021,199765859570.935
Ukraine,,2020,156617722013.342
Ukraine,,2019,153883047509.577
Ukraine,,2018,130891088293.55
Ukraine,,2017,112090505081.739
Ukraine,,2016,93355869403.9223
Ukraine,,2015,91030967789.0717
Ukraine,,2014,133503871861.723
Ukraine,,2013,190498811460.028
Ukraine,,2012,182591753827.949
Ukraine,,2011,169333835201.554
Ukraine,,2010,141209170427.233
Ukraine,,2009,121552153444.124
Ukraine,,2008,188110390659.515
Ukraine,,2007,148733861386.139
Ukraine,,2006,111884752475.248
Ukraine,,2005,89238865118.5263
Ukraine,,2004,67220154164.3166
Ukraine,,2003,52010355753.0461
Ukraine,,2002,43956163612.0433
Ukraine,,2001,39309580983.2282
Ukraine,,2000,32375083934.8241
Ukraine,,1999,31580639553.8298
Ukraine,,1998,41882523345.1804
Ukraine,,1997,50151531591.7317
Ukraine,,1996,44558831005.0621
Ukraine,,1995,48213856468.5718
Ukraine,,1994,52549580264.8064
Ukraine,,1993,65648559903.0571
Ukraine,,1992,73945908383.7046
Ukraine,,1991,77350733982.4458
Ukraine,,1990,81393558423.4406
Ukraine,,1989,82709161099.1244
Ukraine,,1988,74703517902.6642
Ukraine,,1987,64087694038.2333
United Arab Emirates,,2024,552324919095.872
United Arab Emirates,,2023,522622268401.125
United Arab Emirates,,2022,511403404642.173
United Arab Emirates,,2021,422441282436.237
United Arab Emirates,,2020,357161776271.328
United Arab Emirates,,2019,433926218686.108
United Arab Emirates,,2018,440560003161.236
United Arab Emirates,,2017,403365056078.846
United Arab Emirates,,2016,381717208620.964
United Arab Emirates,,2015,381973135513.065
United Arab Emirates,,2014,424935834104.193
United Arab Emirates,,2013,409632574702.715
United Arab Emirates,,2012,392793559050.783
United Arab Emirates,,2011,368881033962.57
United Arab Emirates,,2010,307736348527.33
United Arab Emirates,,2009,253547358746.804
United Arab Emirates,,2008,315474615741.223
United Arab Emirates,,2007,257916148767.436
United Arab Emirates,,2006,222116532963.026
United Arab Emirates,,2005,180617467954.23
United Arab Emirates,,2004,147824249957.985
United Arab Emirates,,2003,124346476180.46
United Arab Emirates,,2002,109816091078.603
United Arab Emirates,,2001,103311631797.329
United Arab Emirates,,2000,104337463730.167
United Arab Emirates,,1999,84445399334.7235
United Arab Emirates,,1998,75674384204.7668
United Arab Emirates,,1997,78838886862.1575
United Arab Emirates,,1996,73571217376.7336
United Arab Emirates,,1995,65743604965.7557
United Arab Emirates,,1994,59305111227.5034
United Arab Emirates,,1993,55625269485.1866
United Arab Emirates,,1992,54239188745.5001
United Arab Emirates,,1991,51552058250.3806
United Arab Emirates,,1990,50701374187.331
United Arab Emirates,,1989,41464966301.7919
United Arab Emirates,,1988,36275613876.8575
United Arab Emirates,,1987,36384802310.3887
United Arab Emirates,,1986,33943568480.9469
United Arab Emirates,,1985,40603631079.4051
United Arab Emirates,,1984,41807931452.8262
United Arab Emirates,,1983,42803373389.6704
United Arab Emirates,,1982,46622715280.796
United Arab Emirates,,1981,49333471894.9853
United Arab Emirates,,1980,43599134193.0959
United Arab Emirates,,1979,31225557021.8735
United Arab Emirates,,1978,23775718541.3171
United Arab Emirates,,1977,24871660291.7912
United Arab Emirates,,1976,19213212475.0768
United Arab Emirates,,1975,14720729969.1197
United Arab Emirates,,1974,11651505689.4244
United Arab Emirates,,1973,4231243615.86089
United Arab Emirates,,1972,1415086929.3006
United Arab Emirates,,1971,939893599.634201
United Arab Emirates,,1970,685986701.316701
United Kingdom,,2025,4002587541846.01
United Kingdom,,2024,3695539513534.15
United Kingdom,,2023,3420796653789.08
United Kingdom,,2022,3181244350465.41
United Kingdom,,2021,3194559188925.93
United Kingdom,,2020,2724001478304.59
United Kingdom,,2019,2875710080015.3
United Kingdom,,2018,2897028009916.05
United Kingdom,,2017,2699118387873.1
United Kingdom,,2016,2706807606538.73
United Kingdom,,2015,2945579890258.46
United Kingdom,,2014,3085362169410.29
United Kingdom,,2013,2796908333283.39
United Kingdom,,2012,2719715961539.83
United Kingdom,,2011,2675590034128.66
United Kingdom,,2010,2496740681057.14
United Kingdom,,2009,2429358155475.93
United Kingdom,,2008,2945251838235.29
United Kingdom,,2007,3104699879951.98
United Kingdom,,2006,2719558417663.29
United Kingdom,,2005,2551361818181.82
United Kingdom,,2004,2429774807762.72
United Kingdom,,2003,2061227755102.04
United Kingdom,,2002,1790536570743.41
United Kingdom,,2001,1656171009068.66
United Kingdom,,2000,1671597821152.97
United Kingdom,,1999,1693458987218.9
United Kingdom,,1998,1660821464060.95
United Kingdom,,1997,1569317288801.57
United Kingdom,,1996,1425287051482.06
United Kingdom,,1995,1349094208616.06
United Kingdom,,1994,1140489745944.29
United Kingdom,,1993,1061388722255.55
United Kingdom,,1992,1179659529659.53
United Kingdom,,1991,1142797178130.51
United Kingdom,,1990,1093169389204.55
United Kingdom,,1989,926884816753.927
United Kingdom,,1988,910122732123.799
United Kingdom,,1987,745162608269.325
United Kingdom,,1986,601452653180.885
United Kingdom,,1985,489285164271.047
United Kingdom,,1984,461487097632.349
United Kingdom,,1983,489618008185.539
United Kingdom,,1982,515048916841.37
United Kingdom,,1981,540765675241.158
United Kingdom,,1980,564947710899.373
United Kingdom,,1979,438994070309.191
United Kingdom,,1978,335883029721.956
United Kingdom,,1977,263066457352.172
United Kingdom,,1976,232614555256.065
United Kingdom,,1975,241756637168.142
United Kingdom,,1974,206131369798.971
United Kingdom,,1973,192537971582.558
United Kingdom,,1972,169965034965.035
United Kingdom,,1971,148113896325.14
United Kingdom,,1970,130671946244.3
United Kingdom,,1969,116464702803.218
United Kingdom,,1968,107759910067.889
United Kingdom,,1967,113116888210.787
United Kingdom,,1966,108572752102.045
United Kingdom,,1965,101824755078.991
United Kingdom,,1964,94407558351.1616
United Kingdom,,1963,86561961812.3249
United Kingdom,,1962,81247564156.8246
United Kingdom,,1961,77741965703.3544
United Kingdom,,1960,73233967692.1028
United States,,2025,30769700000000.0
United States,,2024,29298013000000.0
United States,,2023,27811517000000.0
United States,,2022,26054614000000.0
United States,,2021,23725645000000.0
United States,,2020,21375281000000.0
United States,,2019,21539982000000.0
United States,,2018,20656516000000.0
United States,,2017,19612102000000.0
United States,,2016,18804913000000.0
United States,,2015,18295019000000.0
United States,,2014,17608138000000.0
United States,,2013,16880683000000.0
United States,,2012,16253970000000.0
United States,,2011,15599732000000.0
United States,,2010,15048971000000.0
United States,,2009,14478067000000.0
United States,,2008,14769862000000.0
United States,,2007,14474228000000.0
United States,,2006,13815583000000.0
United States,,2005,13039197000000.0
United States,,2004,12217196000000.0
United States,,2003,11456450000000.0
United States,,2002,10929108000000.0
United States,,2001,10581929000000.0
United States,,2000,10250952000000.0
United States,,1999,9631172000000.0
United States,,1998,9062817000000.0
United States,,1997,8577552000000.0
United States,,1996,8073122000000.0
United States,,1995,7639749000000.0
United States,,1994,7287236000000.0
United States,,1993,6858559000000.0
United States,,1992,6520327000000.0
United States,,1991,6158129000000.0
United States,,1990,5963144000000.0
United States,,1989,5641580000000.0
United States,,1988,5236438000000.0
United States,,1987,4855215000000.0
United States,,1986,4579631000000.0
United States,,1985,4338979000000.0
United States,,1984,4037613000000.0
United States,,1983,3634038000000.0
United States,,1982,3343789000000.0
United States,,1981,3207041000000.0
United States,,1980,2857307000000.0
United States,,1979,2627333000000.0
United States,,1978,2351599000000.0
United States,,1977,2081826000000.0
United States,,1976,1873412000000.0
United States,,1975,1684904000000.0
United States,,1974,1545243000000.0
United States,,1973,1425376000000.0
United States,,1972,1279110000000.0
United States,,1971,1164850000000.0
United States,,1970,1073303000000.0
United States,,1969,1017438172413.79
United States,,1968,940225000000.0
United States,,1967,859620034482.759
United States,,1966,813032758620.69
United States,,1965,741904862068.965
United States,,1964,684144620689.655
United States,,1963,637058551724.138
United States,,1962,603639413793.103
United States,,1961,561940310344.828
United States,,1960,541988586206.897
Uruguay,,2025,85347696277.6859
Uruguay,,2024,82322859144.2816
Uruguay,,2023,79208725899.5531
Uruguay,,2022,71240669088.0587
Uruguay,,2021,60739061281.1628
Uruguay,,2020,53559354501.4278
Uruguay,,2019,62222324964.633
Uruguay,,2018,65344577415.7535
Uruguay,,2017,65006039809.739
Uruguay,,2016,57480787465.2716
Uruguay,,2015,57680327998.6689
Uruguay,,2014,61496186973.902
Uruguay,,2013,61337621933.7857
Uruguay,,2012,54232266358.7811
Uruguay,,2011,50342406067.0777
Uruguay,,2010,41950361211.9581
Uruguay,,2009,32708319077.5179
Uruguay,,2008,31119602538.8322
Uruguay,,2007,23797773024.3992
Uruguay,,2006,19741420739.8901
Uruguay,,2005,17362857683.8545
Uruguay,,2004,13686329890.1191
Uruguay,,2003,12045638351.8507
Uruguay,,2002,13606515722.5864
Uruguay,,2001,20898761742.2386
Uruguay,,2000,22823270892.1094
Uruguay,,1999,23983945190.6202
Uruguay,,1998,25385886977.5228
Uruguay,,1997,23969739233.8966
Uruguay,,1996,20515458113.5857
Uruguay,,1995,19297663096.5506
Uruguay,,1994,17474588895.8918
Uruguay,,1993,15002136971.1745
Uruguay,,1992,12878148790.7348
Uruguay,,1991,11206176650.9075
Uruguay,,1990,9298807850.29979
Uruguay,,1989,8438951476.06644
Uruguay,,1988,8213538368.84635
Uruguay,,1987,7367494080.40014
Uruguay,,1986,5880112788.40947
Uruguay,,1985,4732017873.38369
Uruguay,,1984,4850238549.61832
Uruguay,,1983,5102276308.45313
Uruguay,,1982,9178780076.99713
Uruguay,,1981,11048301420.6301
Uruguay,,1980,10163020115.7344
Uruguay,,1979,7181182224.11227
Uruguay,,1978,4910254565.57831
Uruguay,,1977,4114670014.3472
Uruguay,,1976,3667161241.48372
Uruguay,,1975,3538278046.96236
Uruguay,,1974,4090209681.97172
Uruguay,,1973,3964296443.35254
Uruguay,,1972,2189418688.80408
Uruguay,,1971,2807258064.51613
Uruguay,,1970,2137096774.19355
Uruguay,,1969,2004435483.87097
Uruguay,,1968,1593674184.56285
Uruguay,,1967,1597713469.09611
Uruguay,,1966,1809185093.55188
Uruguay,,1965,1890767155.52622
Uruguay,,1964,1975701816.46615
Uruguay,,1963,1539681490.78174
Uruguay,,1962,1710004407.22785
Uruguay,,1961,1547388781.43133
Uruguay,,1960,1242289239.20493
Uzbekistan,,2025,147038081129.405
Uzbekistan,,2024,121356065241.228
Uzbekistan,,2023,107526539716.318
Uzbekistan,,2022,94286355836.1594
Uzbekistan,,2021,81170051810.5825
Uzbekistan,,2020,70127127133.2164
Uzbekistan,,2019,70170662562.6111
Uzbekistan,,2018,61318332402.7908
Uzbekistan,,2017,72276404057.649
Uzbekistan,,2016,97871364319.3985
Uzbekistan,,2015,97564568986.8161
Uzbekistan,,2014,91303765114.0144
Uzbekistan,,2013,82674178351.6216
Uzbekistan,,2012,75318846931.3239
Uzbekistan,,2011,67404618404.5392
Uzbekistan,,2010,55544226552.8467
Uzbekistan,,2009,33689223673.2577
Uzbekistan,,2008,29549438883.8338
Uzbekistan,,2007,22311393927.8817
Uzbekistan,,2006,17330833852.919
Uzbekistan,,2005,14307509838.8053
Uzbekistan,,2004,12030023547.8807
Uzbekistan,,2003,10134453435.4603
Uzbekistan,,2002,9687788512.80184
Uzbekistan,,2001,11401421329.1974
Uzbekistan,,2000,13760513969.314
Uzbekistan,,1999,17078465982.0282
Uzbekistan,,1998,14988971210.8383
Uzbekistan,,1997,14744603773.5849
Uzbekistan,,1996,13948892215.5689
Uzbekistan,,1995,13350461264.9969
Uzbekistan,,1994,12899074922.38
Uzbekistan,,1993,13099920055.9608
Uzbekistan,,1992,12953801760.2414
Uzbekistan,,1991,13800167711.5003
Uzbekistan,,1990,13362340337.8657
Uzbekistan,,1989,11948815258.1132
Uzbekistan,,1988,10722799639.3121
Uzbekistan,,1987,8523160592.61112
Vanuatu,,2025,1353658840.63993
Vanuatu,,2024,1297956614.77783
Vanuatu,,2023,1188137265.19047
Vanuatu,,2022,1151863789.76624
Vanuatu,,2021,1093826088.94269
Vanuatu,,2020,1017403362.80118
Vanuatu,,2019,1061547512.69257
Vanuatu,,2018,1034402941.04298
Vanuatu,,2017,998536154.882053
Vanuatu,,2016,908725512.790966
Vanuatu,,2015,855360239.609869
Vanuatu,,2014,879185478.498067
Vanuatu,,2013,863347171.906814
Vanuatu,,2012,747839697.746593
Vanuatu,,2011,770153588.218833
Vanuatu,,2010,670712979.682038
Vanuatu,,2009,592622319.145664
Vanuatu,,2008,590748429.401902
Vanuatu,,2007,516392922.513728
Vanuatu,,2006,439358586.535588
Vanuatu,,2005,394962433.029368
Vanuatu,,2004,364996869.129618
Vanuatu,,2003,314471413.001776
Vanuatu,,2002,262596535.549028
Vanuatu,,2001,257926881.72043
Vanuatu,,2000,272014627.835262
Vanuatu,,1999,268006972.690296
Vanuatu,,1998,262293410.708334
Vanuatu,,1997,272771209.113662
Vanuatu,,1996,261370044.486614
Vanuatu,,1995,249333250.082507
Vanuatu,,1994,233701301.490486
Vanuatu,,1993,200491853.167847
Vanuatu,,1992,209088824.608438
Vanuatu,,1991,201334169.054441
Vanuatu,,1990,168879207.244148
Vanuatu,,1989,154013202.116475
Vanuatu,,1988,158351368.433149
Vanuatu,,1987,139464173.547324
Vanuatu,,1986,126498935.335649
Vanuatu,,1985,131856420.703184
Vanuatu,,1984,144482515.368336
Vanuatu,,1983,117389554.191406
Vanuatu,,1982,114501912.522867
Vanuatu,,1981,113781795.82356
Vanuatu,,1980,121185497.569261
Vanuatu,,1979,119258835.335525
Venezuela,,2025,99661244155.6306
Venezuela,,2024,120566112397.063
Venezuela,,2023,102377501185.925
Venezuela,,2022,89013251020.9831
Venezuela,,2021,56615026262.6535
Venezuela,,2020,42837965906.8675
Venezuela,,2019,73014157107.594
Venezuela,,2018,101987075928.918
Venezuela,,2017,115892475742.789
Venezuela,,2016,112948035494.959
Venezuela,,2015,125249941853.534
Venezuela,,2014,214838755021.964
Venezuela,,2013,258512396297.714
Venezuela,,2012,371846610182.327
Venezuela,,2011,316482190800.364
Venezuela,,2010,393192354510.653
Venezuela,,2009,329787628928.472
Venezuela,,2008,315953388510.678
Venezuela,,2007,230364012575.687
Venezuela,,2006,183477522123.894
Venezuela,,2005,145513489651.872
Venezuela,,2004,112451400424.964
Venezuela,,2003,83620628582.1082
Venezuela,,2002,92893587733.6549
Venezuela,,2001,122911036746.729
Venezuela,,2000,117146466002.661
Venezuela,,1999,97972842461.5131
Venezuela,,1998,91336763255.0597
Venezuela,,1997,85837678559.8324
Venezuela,,1996,70543211119.099
Venezuela,,1995,77389487770.0883
Venezuela,,1994,58418666666.6667
Venezuela,,1993,60037460783.1941
Venezuela,,1992,60416519620.0849
Venezuela,,1991,53453444786.6256
Venezuela,,1990,48606952194.7752
Venezuela,,1989,43536709104.0115
Venezuela,,1988,60226413793.1035
Venezuela,,1987,48029034482.7586
Venezuela,,1986,60516123711.3402
Venezuela,,1985,61965466666.6667
Venezuela,,1984,59867743467.9335
Venezuela,,1983,67556279069.7674
Venezuela,,1982,67736744186.0465
Venezuela,,1981,66327441860.4651
Venezuela,,1980,59116511627.907
Venezuela,,1979,48310930232.5581
Venezuela,,1978,39316279069.7674
Venezuela,,1977,36210697674.4186
Venezuela,,1976,31419534883.7209
Venezuela,,1975,27464651162.7907
Venezuela,,1974,26100930232.5581
Venezuela,,1973,17035581395.3488
Venezuela,,1972,13977727272.7273
Venezuela,,1971,12986590909.0909
Venezuela,,1970,11561111111.1111
Venezuela,,1969,10285111111.1111
Venezuela,,1968,10034444444.4444
Venezuela,,1967,9250000000.0
Venezuela,,1966,8781333333.33333
Venezuela,,1965,8427777777.77778
Venezuela,,1964,8192413793.10345
Venezuela,,1963,9608717288.17057
Venezuela,,1962,8814309884.21165
Venezuela,,1961,8067267030.61862
Venezuela,,1960,7663938303.07171
Vietnam,,2025,514697215165.065
Vietnam,,2024,476324572783.807
Vietnam,,2023,433805036898.465
Vietnam,,2022,413445230668.578
Vietnam,,2021,366474752771.009
Vietnam,,2020,346615738537.796
Vietnam,,2019,334365270496.667
Vietnam,,2018,310106478394.659
Vietnam,,2017,281353605986.903
Vietnam,,2016,257096001177.982
Vietnam,,2015,239258328381.741
Vietnam,,2014,233451469642.519
Vietnam,,2013,213708811665.34
Vietnam,,2012,195590661129.249
Vietnam,,2011,172595049183.925
Vietnam,,2010,147201173196.979
Vietnam,,2009,106014659565.214
Vietnam,,2008,99130304099.1274
Vietnam,,2007,77414425532.2452
Vietnam,,2006,66371664817.0436
Vietnam,,2005,57633255738.1992
Vietnam,,2004,45427854693.2554
Vietnam,,2003,39552513231.9169
Vietnam,,2002,35064105500.8344
Vietnam,,2001,32685198808.5549
Vietnam,,2000,31172518403.3162
Vietnam,,1999,28683659006.7752
Vietnam,,1998,27209602050.0452
Vietnam,,1997,26843700441.5482
Vietnam,,1996,24657470574.7501
Vietnam,,1995,20736164458.9505
Vietnam,,1994,16286433533.3228
Vietnam,,1993,13180953598.1716
Vietnam,,1992,9866990236.43587
Vietnam,,1991,9613369520.41885
Vietnam,,1990,6471740805.56984
Vietnam,,1989,6293304974.59403
Vietnam,,1988,25423812648.5941
Vietnam,,1987,36658108850.3148
Vietnam,,1986,26336616250.4397
Vietnam,,1985,14094687820.7445
Palestine,,2025,17167100000.0
Palestine,,2024,16016900000.0
Palestine,,2023,18635100000.0
Palestine,,2022,19165500000.0
Palestine,,2021,18109000000.0
Palestine,,2020,15531700000.0
Palestine,,2019,17133500000.0
Palestine,,2018,16276600000.0
Palestine,,2017,16128000000.0
Palestine,,2016,15405400000.0
Palestine,,2015,13972400000.0
Palestine,,2014,13989700000.0
Palestine,,2013,13515500000.0
Palestine,,2012,12208400000.0
Palestine,,2011,11186100000.0
Palestine,,2010,9681500000.0
Palestine,,2009,8085700000.0
Palestine,,2008,7310400000.0
Palestine,,2007,5815700000.0
Palestine,,2006,5348300000.0
Palestine,,2005,5125700000.0
Palestine,,2004,4603100000.0
Palestine,,2003,3968000000.0
Palestine,,2002,3555800000.0
Palestine,,2001,4003700000.0
Palestine,,2000,4313600000.0
Palestine,,1999,4271200000.0
Palestine,,1998,4067800000.0
Palestine,,1997,3759800000.0
Palestine,,1996,3409600000.0
Palestine,,1995,3282800000.0
Palestine,,1994,2843300000.0
Yemen,,2018,21606160663.0318
Yemen,,2017,26842229044.5848
Yemen,,2016,31317825274.1507
Yemen,,2015,42444490073.8555
Yemen,,2014,43228585321.3272
Yemen,,2013,40415233436.1767
Yemen,,2012,35401331609.5916
Yemen,,2011,32726417878.391
Yemen,,2010,30906749533.221
Yemen,,2009,25130278212.5575
Yemen,,2008,26910855807.288
Yemen,,2007,21650528674.0933
Yemen,,2006,19063143369.858
Yemen,,2005,16731566717.1888
Yemen,,2004,13867634371.4773
Yemen,,2003,11777532662.0499
Yemen,,2002,10693430511.4664
Yemen,,2001,9852990692.98714
Yemen,,2000,9679316770.18633
Yemen,,1999,7639325295.88287
Yemen,,1998,6322175565.94651
Yemen,,1997,6838298530.54911
Yemen,,1996,6496163615.66086
Yemen,,1995,12796345679.0123
Yemen,,1994,28019483763.5304
Yemen,,1993,21736802664.4463
Yemen,,1992,17959367194.005
Yemen,,1991,14665445462.1149
Yemen,,1990,12643821568.9626
Zambia,,2025,28879806220.1264
Zambia,,2024,25303185342.2511
Zambia,,2023,27577956471.244
Zambia,,2022,29163782140.4858
Zambia,,2021,22096416932.0089
Zambia,,2020,18137764930.651
Zambia,,2019,23308667781.2258
Zambia,,2018,26311507273.6735
Zambia,,2017,25873601260.8353
Zambia,,2016,20958412538.3093
Zambia,,2015,21251216798.7762
Zambia,,2014,27141023558.0829
Zambia,,2013,28037239462.7142
Zambia,,2012,25503060420.026
Zambia,,2011,23459515275.5776
Zambia,,2010,20265559483.8548
Zambia,,2009,15328342303.9575
Zambia,,2008,17910858637.9048
Zambia,,2007,14056957976.2648
Zambia,,2006,12756858899.2812
Zambia,,2005,8331870169.14977
Zambia,,2004,6221110219.45542
Zambia,,2003,4901869764.05957
Zambia,,2002,4193850445.42632
Zambia,,2001,4094441301.21423
Zambia,,2000,3600632111.41414
Zambia,,1999,3404284890.5306
Zambia,,1998,3537741941.89367
Zambia,,1997,4303288479.7086
Zambia,,1996,3597220962.00017
Zambia,,1995,3806983413.16416
Zambia,,1994,3656806165.78848
Zambia,,1993,3273505343.85539
Zambia,,1992,3182810841.01704
Zambia,,1991,3376806697.1218
Zambia,,1990,3288381797.32415
Zambia,,1989,3994673161.02649
Zambia,,1988,3728878148.80792
Zambia,,1987,2265250972.34879
Zambia,,1986,1664413508.09853
Zambia,,1985,2252454500.14896
Zambia,,1984,2719518932.99541
Zambia,,1983,3321048451.15171
Zambia,,1982,3871117092.86676
Zambia,,1981,4008126497.36464
Zambia,,1980,3884530853.76162
Zambia,,1979,3353445378.15126
Zambia,,1978,2811032472.93922
Zambia,,1977,2515296939.60686
Zambia,,1976,2742859262.9794
Zambia,,1975,2442672140.947
Zambia,,1974,2910981262.10018
Zambia,,1973,2434255236.99935
Zambia,,1972,1872416680.07912
Zambia,,1971,1653259341.29113
Zambia,,1970,1788779285.2038
Zambia,,1969,1926399230.21087
Zambia,,1968,1573739371.13375
Zambia,,1967,1340639464.28047
Zambia,,1966,1238999504.8958
Zambia,,1965,1061199575.94465
Zambia,,1964,822639671.273187
Zambia,,1963,704339718.545848
Zambia,,1962,679279728.55982
Zambia,,1961,682359727.329053
Zambia,,1960,698739720.783607
Zimbabwe,,2025,51215643905.5886
Zimbabwe,,2024,41521975830.2351
Zimbabwe,,2023,35871781303.429
Zimbabwe,,2022,40757585308.5016
Zimbabwe,,2021,41287852523.5016
Zimbabwe,,2020,31979753644.6558
Zimbabwe,,2019,33360632553.3556
Zimbabwe,,2018,34141666666.6667
Zimbabwe,,2017,51035657370.5179
Zimbabwe,,2016,20559250000.0
Zimbabwe,,2015,19973250000.0
Zimbabwe,,2014,19505500000.0
Zimbabwe,,2013,19100750000.0
Zimbabwe,,2012,17123500000.0
Zimbabwe,,2011,14109000000.0
Zimbabwe,,2010,12047750000.0
Zimbabwe,,2009,9670750000.0
Zimbabwe,,2008,4418000000.0
Zimbabwe,,2007,5294750000.0
Zimbabwe,,2006,5446750000.0
Zimbabwe,,2005,5758250000.0
Zimbabwe,,2004,5808500000.0
Zimbabwe,,2003,5730500000.0
Zimbabwe,,2002,6345250000.0
Zimbabwe,,2001,6780750000.0
Zimbabwe,,2000,6693250000.0
Zimbabwe,,1999,6861500000.0
Zimbabwe,,1998,6405250000.0
Zimbabwe,,1997,8534000000.0
Zimbabwe,,1996,8557500000.0
Zimbabwe,,1995,7115000000.0
Zimbabwe,,1994,6894250000.0
Zimbabwe,,1993,6567250000.0
Zimbabwe,,1992,6755000000.0
Zimbabwe,,1991,8646000000.0
Zimbabwe,,1990,8788301546.04498
Zimbabwe,,1989,8290553535.28012
Zimbabwe,,1988,7818774176.83792
Zimbabwe,,1987,6744657033.37727
Zimbabwe,,1986,6220698246.72927
Zimbabwe,,1985,5640137575.00727
Zimbabwe,,1984,6355369171.99585
Zimbabwe,,1983,7768031181.67262
Zimbabwe,,1982,8544060905.16113
Zimbabwe,,1981,8015464251.71692
Zimbabwe,,1980,6682278300.2622
Zimbabwe,,1979,5180102910.1171
Zimbabwe,,1978,4353822342.61788
Zimbabwe,,1977,4366610468.65438
Zimbabwe,,1976,4320576876.79177
Zimbabwe,,1975,4373532601.15703
Zimbabwe,,1974,3984194614.19552
Zimbabwe,,1973,3311043291.61257
Zimbabwe,,1972,2679096596.57517
Zimbabwe,,1971,2179828710.18738
Zimbabwe,,1970,1885168339.10681
Zimbabwe,,1969,1748891294.20526
Zimbabwe,,1968,1480355354.94474
Zimbabwe,,1967,1397715282.06274
Zimbabwe,,1966,1282403936.37681
Zimbabwe,,1965,1312105393.62448
Zimbabwe,,1964,1217759447.00099
Zimbabwe,,1963,1160103724.1325
Zimbabwe,,1962,1118172225.65019
Zimbabwe,,1961,1097206526.43457
Zimbabwe,,1960,1053528036.42755
