country,iso2,year,value
Afghanistan,,1996,-36.9778323173524
Afghanistan,,1998,-35.738960981369
Afghanistan,,2000,-36.9570844173432
Afghanistan,,2002,-26.9906792640687
Afghanistan,,2003,-19.8430110216141
Afghanistan,,2004,-15.9617139101028
Afghanistan,,2005,-20.8551347255707
Afghanistan,,2006,-25.0276553630829
Afghanistan,,2007,-24.4919521808624
Afghanistan,,2008,-25.9894374608993
Afghanistan,,2009,-25.6415363550187
Afghanistan,,2010,-25.1388355493545
Afghanistan,,2011,-25.0685070753098
Afghanistan,,2012,-23.3867483139037
Afghanistan,,2013,-23.808912396431
Afghanistan,,2014,-23.1336107254029
Afghanistan,,2015,-23.6104743480682
Afghanistan,,2016,-21.8345903158188
Afghanistan,,2017,-23.5087496042252
Afghanistan,,2018,-25.4596203565598
Afghanistan,,2019,-25.7509673833848
Afghanistan,,2020,-27.3027756214141
Afghanistan,,2021,-28.2841588258743
Afghanistan,,2022,-26.3171101808549
Afghanistan,,2023,-13.9090958833695
Angola,,1996,-14.618979871273
Angola,,1998,-17.9368209838867
Angola,,2000,-18.275580406189
Angola,,2002,-19.2466704845429
Angola,,2003,-19.1177659034729
Angola,,2004,-22.608192205429
Angola,,2005,-18.8620265722275
Angola,,2006,-23.4792218208312
Angola,,2007,-20.4989435672761
Angola,,2008,-18.0529507398606
Angola,,2009,-16.0721269249916
Angola,,2010,-19.3620191812515
Angola,,2011,-20.2991987466812
Angola,,2012,-16.8180245757103
Angola,,2013,-21.1388312578202
Angola,,2014,-17.9525961875916
Angola,,2015,-15.6826398968697
Angola,,2016,-16.4059773683548
Angola,,2017,-16.0855082273483
Angola,,2018,-17.0087106823921
Angola,,2019,-19.0513960123062
Angola,,2020,-21.2217342853546
Angola,,2021,-18.9591606855393
Angola,,2022,-14.4652451276779
Angola,,2023,-7.06236708164218
Albania,,1996,-11.7059943675995
Albania,,1998,-12.4542431235313
Albania,,2000,-15.6022627353668
Albania,,2002,-10.6136674880981
Albania,,2003,-9.60301595926285
Albania,,2004,-6.94438847899437
Albania,,2005,-11.86391299963
Albania,,2006,-9.89319944381714
Albania,,2007,-7.2824010848999
Albania,,2008,-6.25150290131569
Albania,,2009,-4.34784007072449
Albania,,2010,-4.74840641021729
Albania,,2011,-3.43160454928876
Albania,,2012,-4.56857815384866
Albania,,2013,-5.50912037491798
Albania,,2014,-0.837231993675232
Albania,,2015,0.568571014329791
Albania,,2016,0.591470696032047
Albania,,2017,1.76721049845219
Albania,,2018,1.4597631841898
Albania,,2019,-0.971113346517086
Albania,,2020,-2.54488082230091
Albania,,2021,-0.509506552014499
Albania,,2022,0.907223649322987
Albania,,2023,1.75598749518394
Andorra,,1996,24.0386409759521
Andorra,,1998,23.8570573329925
Andorra,,2000,23.4682743549346
Andorra,,2002,23.2512948513031
Andorra,,2003,22.9318923950196
Andorra,,2004,25.5627204179764
Andorra,,2005,21.8879774808884
Andorra,,2006,26.1517403125764
Andorra,,2007,25.5284075737
Andorra,,2008,25.9812489748002
Andorra,,2009,26.1148167848587
Andorra,,2010,25.7155594825744
Andorra,,2011,25.481065750122
Andorra,,2012,25.8959490060806
Andorra,,2013,26.0538235902786
Andorra,,2014,29.1078491210938
Andorra,,2015,29.7189413309097
Andorra,,2016,30.835663318634
Andorra,,2017,32.0679159164429
Andorra,,2018,32.1177886724472
Andorra,,2019,31.631012916565
Andorra,,2020,29.9389370679855
Andorra,,2021,29.9360196590423
Andorra,,2022,20.9339596033096
Andorra,,2023,10.3280709981918
United Arab Emirates,,1996,13.2028738856316
United Arab Emirates,,1998,12.7934747338295
United Arab Emirates,,2000,12.7106533646584
United Arab Emirates,,2002,13.5383168458939
United Arab Emirates,,2003,9.09562599658966
United Arab Emirates,,2004,11.6663627028465
United Arab Emirates,,2005,12.147468984127
United Arab Emirates,,2006,16.0535207986832
United Arab Emirates,,2007,15.9541381001472
United Arab Emirates,,2008,15.1842521429062
United Arab Emirates,,2009,17.0887729525566
United Arab Emirates,,2010,15.5385431051254
United Arab Emirates,,2011,18.1388382911683
United Arab Emirates,,2012,19.7070198059082
United Arab Emirates,,2013,20.1778433322906
United Arab Emirates,,2014,24.6197423934937
United Arab Emirates,,2015,25.5237410068512
United Arab Emirates,,2016,23.9734679460525
United Arab Emirates,,2017,23.9536699056626
United Arab Emirates,,2018,24.2393622398377
United Arab Emirates,,2019,23.4359048604965
United Arab Emirates,,2020,21.9479876756668
United Arab Emirates,,2021,23.3033208847046
United Arab Emirates,,2022,18.1936315298081
United Arab Emirates,,2023,11.2299733161926
Argentina,,1996,2.81673084199429
Argentina,,1998,5.58811238408089
Argentina,,2000,-0.476657791063189
Argentina,,2002,-3.88414423167705
Argentina,,2003,-0.577317044138909
Argentina,,2004,0.264770070090889
Argentina,,2005,-1.67298529297113
Argentina,,2006,-0.583156395703554
Argentina,,2007,-0.210488510318101
Argentina,,2008,-2.10298010706901
Argentina,,2009,-5.00337019562721
Argentina,,2010,-1.89922282844781
Argentina,,2011,-1.22751426696777
Argentina,,2012,-3.51693496108055
Argentina,,2013,-4.3153869509697
Argentina,,2014,-1.88085432350636
Argentina,,2015,-0.741403866559267
Argentina,,2016,3.81556367874146
Argentina,,2017,2.38384221494198
Argentina,,2018,0.555826921015978
Argentina,,2019,-1.9798309803009
Argentina,,2020,-4.2294226884842
Argentina,,2021,-6.53159061074257
Argentina,,2022,-3.96456900238991
Argentina,,2023,-2.64262139797211
Armenia,,1996,-6.46959567070007
Armenia,,1998,-9.29503387212753
Armenia,,2000,-9.2890990972519
Armenia,,2002,-0.778077535331249
Armenia,,2003,-3.33400450646877
Armenia,,2004,-1.98176682740449
Armenia,,2005,-2.41275510191917
Armenia,,2006,-4.44417762756347
Armenia,,2007,-6.47995308041573
Armenia,,2008,-3.00355111062527
Armenia,,2009,-0.436362316831946
Armenia,,2010,-2.90050846338272
Armenia,,2011,-1.93738513439893
Armenia,,2012,-0.534119937568903
Armenia,,2013,1.35481925308704
Armenia,,2014,-4.34741076827049
Armenia,,2015,-5.47058156132698
Armenia,,2016,-5.19563063979149
Armenia,,2017,-4.16507461667061
Armenia,,2018,-2.81100794672966
Armenia,,2019,-3.75646956264973
Armenia,,2020,-5.08757889270782
Armenia,,2021,-4.69754081964493
Armenia,,2022,-4.40315318107605
Armenia,,2023,-1.28890977799893
Antigua and Barbuda,,1996,10.9636824131012
Antigua and Barbuda,,1998,11.0864806771278
Antigua and Barbuda,,2000,10.5199837684631
Antigua and Barbuda,,2002,9.65691530704498
Antigua and Barbuda,,2003,9.80376678705216
Antigua and Barbuda,,2004,9.18441760540008
Antigua and Barbuda,,2005,7.60781434178352
Antigua and Barbuda,,2006,6.93504387140274
Antigua and Barbuda,,2007,6.78491774201394
Antigua and Barbuda,,2008,8.47313928604126
Antigua and Barbuda,,2009,8.46498277783394
Antigua and Barbuda,,2010,8.29070740938187
Antigua and Barbuda,,2011,8.18256795406342
Antigua and Barbuda,,2012,8.18006896972656
Antigua and Barbuda,,2013,8.27757883071899
Antigua and Barbuda,,2014,-1.20071262866259
Antigua and Barbuda,,2015,3.24530373513699
Antigua and Barbuda,,2016,3.84469598531723
Antigua and Barbuda,,2017,-0.481694952119142
Antigua and Barbuda,,2018,-0.779037548229098
Antigua and Barbuda,,2019,-0.789439553394914
Antigua and Barbuda,,2020,-3.33134408295154
Antigua and Barbuda,,2021,-3.13703744113445
Antigua and Barbuda,,2022,-2.23629868030548
Antigua and Barbuda,,2023,2.6628757417202
Australia,,1996,30.6095969676972
Australia,,1998,27.5080068111419
Australia,,2000,29.4468938112259
Australia,,2002,28.2063769102097
Australia,,2003,30.1433937549592
Australia,,2004,33.7426233291626
Australia,,2005,29.6836074590683
Australia,,2006,29.0331385135651
Australia,,2007,30.920220375061
Australia,,2008,30.339229106903
Australia,,2009,28.9327795505524
Australia,,2010,29.9770493507386
Australia,,2011,28.7317029237747
Australia,,2012,27.4225813150406
Australia,,2013,27.7551674842834
Australia,,2014,27.2197635173798
Australia,,2015,26.1526626348495
Australia,,2016,26.1446377038956
Australia,,2017,25.5680056810379
Australia,,2018,26.54993891716
Australia,,2019,26.236787557602
Australia,,2020,26.8601267337799
Australia,,2021,25.1588127613068
Australia,,2022,21.4011515378952
Australia,,2023,11.129157423973
Austria,,1996,29.4380438327789
Austria,,1998,30.6596063375473
Austria,,2000,31.4035091400146
Austria,,2002,31.9638787508011
Austria,,2003,32.8152705430984
Austria,,2004,31.3427480459213
Austria,,2005,28.5505619049073
Austria,,2006,31.0643676519394
Austria,,2007,31.6785618066788
Austria,,2008,30.1163723468781
Austria,,2009,28.2659636735917
Austria,,2010,30.8122568130493
Austria,,2011,27.2484036684037
Austria,,2012,26.522287607193
Austria,,2013,26.7182785272599
Austria,,2014,26.4069669246674
Austria,,2015,24.7506361007691
Austria,,2016,25.1650660037994
Austria,,2017,25.0447317361832
Austria,,2018,24.8495993614197
Austria,,2019,25.4540288448334
Austria,,2020,27.4225915670394
Austria,,2021,26.1182289123535
Austria,,2022,20.5126106739044
Austria,,2023,9.28677046298981
Azerbaijan,,1996,-15.5786229372025
Azerbaijan,,1998,-15.8713268041611
Azerbaijan,,2000,-16.1737186312675
Azerbaijan,,2002,-16.7485467195511
Azerbaijan,,2003,-15.8551226258278
Azerbaijan,,2004,-15.8640184998512
Azerbaijan,,2005,-12.6013087034225
Azerbaijan,,2006,-11.4002152681351
Azerbaijan,,2007,-13.6337158083916
Azerbaijan,,2008,-13.3555281162262
Azerbaijan,,2009,-11.2879837155342
Azerbaijan,,2010,-13.8172627091408
Azerbaijan,,2011,-13.1248403787613
Azerbaijan,,2012,-13.4346596598625
Azerbaijan,,2013,-7.65866124629974
Azerbaijan,,2014,-5.30070993304253
Azerbaijan,,2015,-4.27958817780018
Azerbaijan,,2016,-2.57929895073176
Azerbaijan,,2017,-2.78839917480946
Azerbaijan,,2018,-2.34383723884821
Azerbaijan,,2019,-2.05337335169315
Azerbaijan,,2020,-2.52661834657192
Azerbaijan,,2021,3.73129598796368
Azerbaijan,,2022,-0.57305508852005
Azerbaijan,,2023,-0.22849553450942
Burundi,,1996,-28.2611932754517
Burundi,,1998,-27.2252432107925
Burundi,,2000,-24.0087918043137
Burundi,,2002,-25.5443329811096
Burundi,,2003,-25.3515796661376
Burundi,,2004,-21.0460779666901
Burundi,,2005,-21.1504896879196
Burundi,,2006,-18.8967137336731
Burundi,,2007,-21.7853502035141
Burundi,,2008,-19.3171019554138
Burundi,,2009,-18.1415129899979
Burundi,,2010,-19.1293238401413
Burundi,,2011,-18.4524722099304
Burundi,,2012,-22.2717109918594
Burundi,,2013,-18.2049112319946
Burundi,,2014,-19.5727279186248
Burundi,,2015,-20.9447158575058
Burundi,,2016,-25.1433353424072
Burundi,,2017,-23.4314552545548
Burundi,,2018,-24.5759893655777
Burundi,,2019,-23.298264503479
Burundi,,2020,-22.0770772695542
Burundi,,2021,-23.0024321079255
Burundi,,2022,-17.685128569603
Burundi,,2023,-8.40079391002656
Belgium,,1996,29.0962425470353
Belgium,,1998,30.0926240682601
Belgium,,2000,28.2063019275666
Belgium,,2002,32.5568840503693
Belgium,,2003,31.7669397592544
Belgium,,2004,31.521901011467
Belgium,,2005,29.0092155933381
Belgium,,2006,29.6326279640198
Belgium,,2007,27.2379499673843
Belgium,,2008,23.4785274267196
Belgium,,2009,26.646220445633
Belgium,,2010,28.1209584474564
Belgium,,2011,29.2984443902969
Belgium,,2012,28.4090127944946
Belgium,,2013,28.9387593269348
Belgium,,2014,25.8037710189819
Belgium,,2015,26.0868924856186
Belgium,,2016,23.8554884195328
Belgium,,2017,21.1850036382675
Belgium,,2018,20.9140192270279
Belgium,,2019,19.014393568039
Belgium,,2020,18.4475599527359
Belgium,,2021,18.5835126638413
Belgium,,2022,17.1839163303375
Belgium,,2023,7.25915396213532
Benin,,1996,-6.46959567070007
Benin,,1998,-5.94095131754875
Benin,,2000,-6.74440452456474
Benin,,2002,-9.79456824064254
Benin,,2003,-9.56432610750198
Benin,,2004,-8.93108040094376
Benin,,2005,-11.1190588474274
Benin,,2006,-11.0128844380379
Benin,,2007,-9.25977629423141
Benin,,2008,-8.39558559656143
Benin,,2009,-10.1275200843811
Benin,,2010,-10.3812019824982
Benin,,2011,-9.31340128183365
Benin,,2012,-8.9670826792717
Benin,,2013,-8.6576886177063
Benin,,2014,-8.2529781460762
Benin,,2015,-11.5003116130829
Benin,,2016,-10.5457856655121
Benin,,2017,-11.7830587625504
Benin,,2018,-10.670265853405
Benin,,2019,-8.26641476154327
Benin,,2020,-4.85347130894661
Benin,,2021,-3.94692265987397
Benin,,2022,-2.34420366585255
Benin,,2023,-1.53288888931275
Burkina Faso,,1996,-15.7919870615005
Burkina Faso,,1998,-15.6134523749351
Burkina Faso,,2000,-13.314426779747
Burkina Faso,,2002,-14.3896191120148
Burkina Faso,,2003,-13.817552447319
Burkina Faso,,2004,-11.8422005176544
Burkina Faso,,2005,-10.2711769342422
Burkina Faso,,2006,-13.6092900037765
Burkina Faso,,2007,-13.0878492593765
Burkina Faso,,2008,-9.00585186481476
Burkina Faso,,2009,-10.4924465417862
Burkina Faso,,2010,-10.0090720653534
Burkina Faso,,2011,-9.65381145477295
Burkina Faso,,2012,-10.748610496521
Burkina Faso,,2013,-11.3822638392448
Burkina Faso,,2014,-10.0611060261726
Burkina Faso,,2015,-11.623940050602
Burkina Faso,,2016,-10.7238969802856
Burkina Faso,,2017,-10.7567120790482
Burkina Faso,,2018,-10.8497183322907
Burkina Faso,,2019,-13.1560759544373
Burkina Faso,,2020,-11.9398583173752
Burkina Faso,,2021,-12.8819050788879
Burkina Faso,,2022,-11.7481285333633
Burkina Faso,,2023,-5.78359240293503
Bangladesh,,1996,-11.693452000618
Bangladesh,,1998,-8.33559295535088
Bangladesh,,2000,-10.330088198185
Bangladesh,,2002,-12.3545141816139
Bangladesh,,2003,-14.2697314620018
Bangladesh,,2004,-15.8728454709053
Bangladesh,,2005,-15.6170915365219
Bangladesh,,2006,-14.2517639398575
Bangladesh,,2007,-12.0243507027626
Bangladesh,,2008,-12.551004588604
Bangladesh,,2009,-13.6452633738518
Bangladesh,,2010,-12.8095495700836
Bangladesh,,2011,-13.1236227750778
Bangladesh,,2012,-13.7271282076836
Bangladesh,,2013,-13.549555182457
Bangladesh,,2014,-13.1707262396812
Bangladesh,,2015,-12.7107936143875
Bangladesh,,2016,-11.9166373610497
Bangladesh,,2017,-12.7201357483864
Bangladesh,,2018,-12.8908849358559
Bangladesh,,2019,-12.7464231848717
Bangladesh,,2020,-13.1796610355377
Bangladesh,,2021,-11.0450899600983
Bangladesh,,2022,-10.6813505291939
Bangladesh,,2023,-4.88133877515793
Bulgaria,,1996,-0.723942093551159
Bulgaria,,1998,-1.4188900962472
Bulgaria,,2000,0.645583141595125
Bulgaria,,2002,2.95113874971866
Bulgaria,,2003,0.56336423009634
Bulgaria,,2004,1.3296532034874
Bulgaria,,2005,2.27718551456929
Bulgaria,,2006,-2.23297080397605
Bulgaria,,2007,-2.07519553601742
Bulgaria,,2008,-2.95783306658268
Bulgaria,,2009,1.20700320601463
Bulgaria,,2010,-1.12376661598682
Bulgaria,,2011,-1.22242253273726
Bulgaria,,2012,-0.491767272353172
Bulgaria,,2013,-0.227649149484932
Bulgaria,,2014,-1.90891414880752
Bulgaria,,2015,-0.123036423698068
Bulgaria,,2016,1.61119773983955
Bulgaria,,2017,1.75929228961468
Bulgaria,,2018,1.98971681296825
Bulgaria,,2019,3.03963887691498
Bulgaria,,2020,-3.54357136785984
Bulgaria,,2021,-2.84231767058372
Bulgaria,,2022,-3.7942296564579
Bulgaria,,2023,0.329784359782934
Bahrain,,1996,13.2028738856316
Bahrain,,1998,9.62880390882492
Bahrain,,2000,9.38287401199341
Bahrain,,2002,8.62385106086731
Bahrain,,2003,7.02155014872551
Bahrain,,2004,8.73605579137802
Bahrain,,2005,6.45956259965897
Bahrain,,2006,6.39203345775604
Bahrain,,2007,6.58402547240257
Bahrain,,2008,6.14929169416427
Bahrain,,2009,7.83436027169228
Bahrain,,2010,7.41069433093071
Bahrain,,2011,8.47594779729843
Bahrain,,2012,8.96793121099472
Bahrain,,2013,9.64364850521088
Bahrain,,2014,9.30665743350983
Bahrain,,2015,8.81191736459732
Bahrain,,2016,4.7994986474514
Bahrain,,2017,2.48544076085091
Bahrain,,2018,2.2004612237215
Bahrain,,2019,4.31651085615159
Bahrain,,2020,6.73417222499847
Bahrain,,2021,11.7114480137825
Bahrain,,2022,8.96101450920105
Bahrain,,2023,4.88039124011993
Bahamas,,1996,23.3451143503188
Bahamas,,1998,21.4922202825547
Bahamas,,2000,20.9828246831893
Bahamas,,2002,21.3362908363342
Bahamas,,2003,20.7749487161637
Bahamas,,2004,20.4284185171127
Bahamas,,2005,20.4946727752686
Bahamas,,2006,19.7856327295304
Bahamas,,2007,18.7439013719558
Bahamas,,2008,19.4021275043488
Bahamas,,2009,17.0738356113434
Bahamas,,2010,18.1981083154678
Bahamas,,2011,16.5649793744087
Bahamas,,2012,16.7145878076553
Bahamas,,2013,14.7517652511597
Bahamas,,2014,12.3325457572937
Bahamas,,2015,11.6429574489593
Bahamas,,2016,11.7038079500198
Bahamas,,2017,9.27673584222793
Bahamas,,2018,8.60278630256653
Bahamas,,2019,7.67645156383514
Bahamas,,2020,7.01215049624443
Bahamas,,2021,7.26195359230042
Bahamas,,2022,5.93718111515045
Bahamas,,2023,1.89247280359268
Bosnia Herzegovina,,1996,-20.2647807598114
Bosnia Herzegovina,,1998,-20.5422894954682
Bosnia Herzegovina,,2000,-17.9754492044449
Bosnia Herzegovina,,2002,-18.2231513261795
Bosnia Herzegovina,,2003,-14.9895194768906
Bosnia Herzegovina,,2004,-11.933970272541
Bosnia Herzegovina,,2005,-13.0033896565437
Bosnia Herzegovina,,2006,-10.7671813964844
Bosnia Herzegovina,,2007,-14.6040857434273
Bosnia Herzegovina,,2008,-10.2715648412704
Bosnia Herzegovina,,2009,-12.2656611800194
Bosnia Herzegovina,,2010,-12.5814180970192
Bosnia Herzegovina,,2011,-12.5083809494972
Bosnia Herzegovina,,2012,-7.71349763870239
Bosnia Herzegovina,,2013,-7.3424329161644
Bosnia Herzegovina,,2014,-8.34176886081696
Bosnia Herzegovina,,2015,-10.5107594132423
Bosnia Herzegovina,,2016,-7.56296470761299
Bosnia Herzegovina,,2017,-8.71562951803207
Bosnia Herzegovina,,2018,-11.3062160611153
Bosnia Herzegovina,,2019,-11.8980227708817
Bosnia Herzegovina,,2020,-18.1900370121003
Bosnia Herzegovina,,2021,-18.152140378952
Bosnia Herzegovina,,2022,-14.9057099819184
Bosnia Herzegovina,,2023,-6.77468776702881
Belarus,,1996,-6.46959567070007
Belarus,,1998,-9.29503387212753
Belarus,,2000,-12.2666932940483
Belarus,,2002,-17.7446404695511
Belarus,,2003,-17.8723773956298
Belarus,,2004,-20.5569100379944
Belarus,,2005,-19.300352692604
Belarus,,2006,-20.4629540443421
Belarus,,2007,-19.7230839729309
Belarus,,2008,-19.8248016834259
Belarus,,2009,-20.5642042160035
Belarus,,2010,-20.222435593605
Belarus,,2011,-20.2711105346679
Belarus,,2012,-16.5133366584778
Belarus,,2013,-16.3331999778748
Belarus,,2014,-8.29762241244316
Belarus,,2015,-8.18967047333717
Belarus,,2016,-8.60952043533325
Belarus,,2017,-5.95287525653839
Belarus,,2018,-4.93669435381889
Belarus,,2019,-2.83079843223095
Belarus,,2020,-14.0096648335457
Belarus,,2021,-13.5733771324158
Belarus,,2022,-11.9197992682457
Belarus,,2023,-6.9402602314949
Belize,,1996,6.60536289215087
Belize,,1998,6.82962280511856
Belize,,2000,6.20388606190682
Belize,,2002,5.12545579671859
Belize,,2003,5.42772528529167
Belize,,2004,3.50758478045463
Belize,,2005,2.54259830713273
Belize,,2006,-1.89836499094964
Belize,,2007,-3.96537640690803
Belize,,2008,-5.33139884471893
Belize,,2009,-5.20370012521744
Belize,,2010,-4.44184696674348
Belize,,2011,-4.22911329567432
Belize,,2012,-2.80722503364086
Belize,,2013,-2.47962102293969
Belize,,2014,-9.2367278933525
Belize,,2015,-10.8079536557198
Belize,,2016,-10.6997026205063
Belize,,2017,-11.2929698824882
Belize,,2018,-10.5724744200706
Belize,,2019,-10.6811149120331
Belize,,2020,-10.1548416614532
Belize,,2021,-8.83732634782791
Belize,,2022,-4.9900430738926
Belize,,2023,-2.63418245315552
Bolivia,,1996,-2.97482211887837
Bolivia,,1998,-1.65896184742451
Bolivia,,2000,-5.26986882090568
Bolivia,,2002,-5.57235741615294
Bolivia,,2003,-6.51532033085823
Bolivia,,2004,-10.9644412398338
Bolivia,,2005,-11.8932490944862
Bolivia,,2006,-12.4512097835541
Bolivia,,2007,-9.77093356847763
Bolivia,,2008,-10.7129985690117
Bolivia,,2009,-10.28389108181
Bolivia,,2010,-8.51201647520065
Bolivia,,2011,-7.98575511574745
Bolivia,,2012,-6.12335297465324
Bolivia,,2013,-6.43717405200005
Bolivia,,2014,-9.90145933628082
Bolivia,,2015,-11.4265695214272
Bolivia,,2016,-10.1325217485428
Bolivia,,2017,-6.65102577209472
Bolivia,,2018,-5.52596825361252
Bolivia,,2019,-13.3895785808563
Bolivia,,2020,-12.2724011540413
Bolivia,,2021,-12.8752153515816
Bolivia,,2022,-7.90100485086441
Bolivia,,2023,-4.4763674736023
Brazil,,1996,-2.43327315151692
Brazil,,1998,-3.42670907080174
Brazil,,2000,0.732446480542422
Brazil,,2002,-0.588460870087147
Brazil,,2003,1.38336495310068
Brazil,,2004,-1.58429056406021
Brazil,,2005,-2.69259056448937
Brazil,,2006,-6.67304930090904
Brazil,,2007,-4.96282881498337
Brazil,,2008,-2.5473009198904
Brazil,,2009,-2.59500205516815
Brazil,,2010,-1.49872222542763
Brazil,,2011,-2.61611507833004
Brazil,,2012,-2.75532312691212
Brazil,,2013,-2.04110932350158
Brazil,,2014,-3.00294555723667
Brazil,,2015,-4.26585872471333
Brazil,,2016,-4.14846888184547
Brazil,,2017,-5.3149741590023
Brazil,,2018,-8.78366667032242
Brazil,,2019,-3.89717879891395
Brazil,,2020,-7.83030983805657
Brazil,,2021,-8.27787783741952
Brazil,,2022,-8.23054051399231
Brazil,,2023,-3.82735019922256
Barbados,,1996,24.0386409759521
Barbados,,1998,23.8570573329925
Barbados,,2000,23.4682743549346
Barbados,,2002,23.2512948513031
Barbados,,2003,22.9318923950196
Barbados,,2004,20.1498821973801
Barbados,,2005,21.9384673833847
Barbados,,2006,24.5497560501099
Barbados,,2007,22.4530749320983
Barbados,,2008,26.575729727745
Barbados,,2009,25.1673891544343
Barbados,,2010,23.9078773260116
Barbados,,2011,24.9066760540009
Barbados,,2012,24.7235900163651
Barbados,,2013,22.9672100543976
Barbados,,2014,20.3953342437744
Barbados,,2015,16.9150454998016
Barbados,,2016,17.8491208553314
Barbados,,2017,13.7158156633377
Barbados,,2018,6.66048979759216
Barbados,,2019,10.1678303480148
Barbados,,2020,7.66171658039093
Barbados,,2021,8.58743104338646
Barbados,,2022,5.99968546628952
Barbados,,2023,2.66310271620751
Brunei,,1996,15.7639243006706
Brunei,,1998,15.173802793026
Brunei,,2000,14.7344399690628
Brunei,,2002,14.3687516450882
Brunei,,2003,11.7044118642807
Brunei,,2004,3.82604560256004
Brunei,,2005,10.1090952157974
Brunei,,2006,14.7276437282562
Brunei,,2007,15.60717856884
Brunei,,2008,14.9707918763161
Brunei,,2009,15.5358737707138
Brunei,,2010,15.2431756854057
Brunei,,2011,15.1532520651817
Brunei,,2012,14.2394974827766
Brunei,,2013,14.7037444114685
Brunei,,2014,18.3918447494507
Brunei,,2015,17.5409883260727
Brunei,,2016,17.92136156559
Brunei,,2017,18.9290158748627
Brunei,,2018,20.7209051847458
Brunei,,2019,21.8401664495468
Brunei,,2020,23.6566364765168
Brunei,,2021,24.0619140863419
Brunei,,2022,19.9116932153702
Brunei,,2023,9.8125092983246
Bhutan,,1996,10.9636824131012
Bhutan,,1998,11.0864806771278
Bhutan,,2000,10.5199837684631
Bhutan,,2002,9.65691530704498
Bhutan,,2003,9.80376678705216
Bhutan,,2004,2.12566888332368
Bhutan,,2005,6.13933795690536
Bhutan,,2006,4.73075979948044
Bhutan,,2007,6.06615462899209
Bhutan,,2008,5.57013040781021
Bhutan,,2009,8.95103853940964
Bhutan,,2010,10.3176584839821
Bhutan,,2011,11.7177076935768
Bhutan,,2012,9.25861024856568
Bhutan,,2013,7.17767226696014
Bhutan,,2014,4.99760308861733
Bhutan,,2015,7.23547035455704
Bhutan,,2016,8.632653683424
Bhutan,,2017,9.74555081129074
Bhutan,,2018,5.1596312224865
Bhutan,,2019,4.587483137846
Bhutan,,2020,5.57804480195045
Bhutan,,2021,12.2774847745895
Bhutan,,2022,7.8211081624031
Bhutan,,2023,3.96413737535477
Botswana,,1996,9.45840889215469
Botswana,,1998,7.32323759794235
Botswana,,2000,7.14793476462364
Botswana,,2002,9.12487190961838
Botswana,,2003,10.5324530601501
Botswana,,2004,10.1815092563629
Botswana,,2005,9.88501447439194
Botswana,,2006,7.15246352553368
Botswana,,2007,9.0658386349678
Botswana,,2008,8.79823607206344
Botswana,,2009,7.06240090727806
Botswana,,2010,6.59751778841018
Botswana,,2011,6.99412006139755
Botswana,,2012,7.17666473984717
Botswana,,2013,6.43943819403648
Botswana,,2014,5.06568413972854
Botswana,,2015,7.76157739758492
Botswana,,2016,8.551423817873
Botswana,,2017,6.32791328430176
Botswana,,2018,4.40750220417976
Botswana,,2019,6.46083855628967
Botswana,,2020,2.94807671010495
Botswana,,2021,5.59471318125725
Botswana,,2022,6.32443714141846
Botswana,,2023,3.01579895615578
Central African Republic,,1996,-23.9028717279434
Central African Republic,,1998,-22.9683833122253
Central African Republic,,2000,-24.0087918043137
Central African Republic,,2002,-23.508515715599
Central African Republic,,2003,-20.3744575977325
Central African Republic,,2004,-22.5311393737793
Central African Republic,,2005,-26.900888800621
Central African Republic,,2006,-25.042197227478
Central African Republic,,2007,-26.0170661211013
Central African Republic,,2008,-23.3494719266891
Central African Republic,,2009,-23.7548869848251
Central African Republic,,2010,-23.6984839439392
Central African Republic,,2011,-22.3369833230972
Central African Republic,,2012,-24.7170963287353
Central African Republic,,2013,-27.6470806598664
Central African Republic,,2014,-31.9846811294555
Central African Republic,,2015,-30.7132349014282
Central African Republic,,2016,-30.6510444879532
Central African Republic,,2017,-30.4351208209991
Central African Republic,,2018,-29.4384993314743
Central African Republic,,2019,-30.1871308088302
Central African Republic,,2020,-29.315949678421
Central African Republic,,2021,-28.3495721817017
Central African Republic,,2022,-23.93789768219
Central African Republic,,2023,-12.1450643539429
Canada,,1996,29.6201827526093
Canada,,1998,31.9141287803651
Canada,,2000,31.4343371391296
Canada,,2002,31.6345509290695
Canada,,2003,32.7169971466065
Canada,,2004,32.310494184494
Canada,,2005,32.0002509355545
Canada,,2006,32.1647295951843
Canada,,2007,29.8299016952514
Canada,,2008,30.3003770112992
Canada,,2009,29.614811182022
Canada,,2010,30.222452044487
Canada,,2011,30.1326286792755
Canada,,2012,29.8675345182418
Canada,,2013,30.2772325277329
Canada,,2014,29.8194390535355
Canada,,2015,29.5110404491424
Canada,,2016,29.7529916763305
Canada,,2017,30.9621564149857
Canada,,2018,28.575689792633
Canada,,2019,28.935827255249
Canada,,2020,27.2849651575089
Canada,,2021,26.6865494251251
Canada,,2022,21.9358174800873
Canada,,2023,10.6176228523254
Switzerland,,1996,29.8703694343567
Switzerland,,1998,32.4175561666488
Switzerland,,2000,33.2577893733978
Switzerland,,2002,32.9297099113465
Switzerland,,2003,29.8111857175827
Switzerland,,2004,36.6933348178863
Switzerland,,2005,31.3852678537369
Switzerland,,2006,35.2782964706421
Switzerland,,2007,34.6065046787262
Switzerland,,2008,34.4670677185059
Switzerland,,2009,33.0648289918899
Switzerland,,2010,31.8057063817978
Switzerland,,2011,31.647292971611
Switzerland,,2012,32.0070446729661
Switzerland,,2013,30.8840508460998
Switzerland,,2014,35.7814309597015
Switzerland,,2015,33.526045203209
Switzerland,,2016,33.6108441352844
Switzerland,,2017,34.3965842723846
Switzerland,,2018,34.0502194166183
Switzerland,,2019,32.660684466362
Switzerland,,2020,33.6424847841263
Switzerland,,2021,33.9835951328278
Switzerland,,2022,28.6956868171692
Switzerland,,2023,14.9444892406463
Chile,,1996,22.7456078529357
Chile,,1998,18.6563990116119
Chile,,2000,17.0945146083832
Chile,,2002,18.3342776298524
Chile,,2003,18.7239227294921
Chile,,2004,19.0240280628205
Chile,,2005,19.6576564311981
Chile,,2006,15.9439251422882
Chile,,2007,20.1930441856384
Chile,,2008,18.0724722146988
Chile,,2009,19.358472108841
Chile,,2010,19.6948758363723
Chile,,2011,19.6110144853592
Chile,,2012,20.053136587143
Chile,,2013,19.7093077898026
Chile,,2014,17.6018155813217
Chile,,2015,15.7086943387985
Chile,,2016,14.2723751068115
Chile,,2017,13.8520432710648
Chile,,2018,15.518505692482
Chile,,2019,14.7627922296524
Chile,,2020,12.085710644722
Chile,,2021,10.1556841731071
Chile,,2022,7.6509457230568
Chile,,2023,5.02289032936096
China,,1996,-5.92711600661278
China,,1998,-3.37931598722935
China,,2000,-2.70032890141009
China,,2002,-2.09265246242284
China,,2003,-2.55632556974888
China,,2004,-1.91693054139613
China,,2005,-2.4244840592146
China,,2006,0.581839919090272
China,,2007,2.78875273466111
China,,2008,2.78175991773605
China,,2009,1.55038975179195
China,,2010,1.52315516769886
China,,2011,1.38302525877953
China,,2012,0.217223121493589
China,,2013,-0.127658380195498
China,,2014,6.00970965623856
China,,2015,7.15784630179406
China,,2016,6.12603420019149
China,,2017,7.1510052382946
China,,2018,8.50799450278282
China,,2019,9.32012891769409
China,,2020,11.0491105914116
China,,2021,13.8427284955978
China,,2022,6.92471185326577
China,,2023,4.75309818983078
Ivory Coast,,1996,-4.43662977218629
Ivory Coast,,1998,-3.96452917158603
Ivory Coast,,2000,-17.1334812641144
Ivory Coast,,2002,-15.9995258450508
Ivory Coast,,2003,-19.2538433074952
Ivory Coast,,2004,-21.7355937957763
Ivory Coast,,2005,-22.9288462400437
Ivory Coast,,2006,-19.7638700008393
Ivory Coast,,2007,-20.7103412151337
Ivory Coast,,2008,-21.2886426448823
Ivory Coast,,2009,-19.1347644329071
Ivory Coast,,2010,-22.0439735651017
Ivory Coast,,2011,-20.0567537546159
Ivory Coast,,2012,-18.8449202775955
Ivory Coast,,2013,-15.9472287297249
Ivory Coast,,2014,-14.5728790163994
Ivory Coast,,2015,-12.6177683472633
Ivory Coast,,2016,-12.4143662452698
Ivory Coast,,2017,-13.7224402427673
Ivory Coast,,2018,-10.9253391623497
Ivory Coast,,2019,-9.41494822502136
Ivory Coast,,2020,-9.07154679298401
Ivory Coast,,2021,-9.02623659372329
Ivory Coast,,2022,-4.73724752664566
Ivory Coast,,2023,-2.51658421754837
Cameroon,,1996,-18.3634458780289
Cameroon,,1998,-14.0459017157555
Cameroon,,2000,-13.9959480762482
Cameroon,,2002,-15.4903450608253
Cameroon,,2003,-14.3156425952911
Cameroon,,2004,-13.76181858778
Cameroon,,2005,-15.8206707239151
Cameroon,,2006,-16.5208856463432
Cameroon,,2007,-14.5070665478706
Cameroon,,2008,-14.0663533806801
Cameroon,,2009,-14.5048291087151
Cameroon,,2010,-15.3427664637566
Cameroon,,2011,-15.1968306899071
Cameroon,,2012,-15.3842659592628
Cameroon,,2013,-15.7235071063042
Cameroon,,2014,-13.8058112263679
Cameroon,,2015,-14.0701224803925
Cameroon,,2016,-13.864098072052
Cameroon,,2017,-14.5408184528351
Cameroon,,2018,-14.4749116897583
Cameroon,,2019,-14.619883954525
Cameroon,,2020,-15.7404507398605
Cameroon,,2021,-15.2881235480309
Cameroon,,2022,-12.341367661953
Cameroon,,2023,-6.34383803606034
Democratic Republic of the Congo,,1996,-28.0499631166458
Democratic Republic of the Congo,,1998,-29.4274733066558
Democratic Republic of the Congo,,2000,-30.4630504846573
Democratic Republic of the Congo,,2002,-31.3044185638428
Democratic Republic of the Congo,,2003,-29.1483995914459
Democratic Republic of the Congo,,2004,-24.3254419565201
Democratic Republic of the Congo,,2005,-26.637541294098
Democratic Republic of the Congo,,2006,-26.5117188692093
Democratic Republic of the Congo,,2007,-29.5043833255767
Democratic Republic of the Congo,,2008,-27.896748304367
Democratic Republic of the Congo,,2009,-28.1093252897262
Democratic Republic of the Congo,,2010,-29.2309789657592
Democratic Republic of the Congo,,2011,-28.5855755805969
Democratic Republic of the Congo,,2012,-27.9461641311646
Democratic Republic of the Congo,,2013,-24.9554352760315
Democratic Republic of the Congo,,2014,-26.6209223270416
Democratic Republic of the Congo,,2015,-27.7995193004608
Democratic Republic of the Congo,,2016,-26.3934551477432
Democratic Republic of the Congo,,2017,-28.2461116313934
Democratic Republic of the Congo,,2018,-26.6326316595077
Democratic Republic of the Congo,,2019,-28.0348066091537
Democratic Republic of the Congo,,2020,-29.5699595212937
Democratic Republic of the Congo,,2021,-29.7426068782807
Democratic Republic of the Congo,,2022,-24.4481638669967
Democratic Republic of the Congo,,2023,-11.8234640359879
Republic of the Congo,,1996,-19.8779797554016
Republic of the Congo,,1998,-18.77266061306
Republic of the Congo,,2000,-19.5628094673156
Republic of the Congo,,2002,-21.5099222660064
Republic of the Congo,,2003,-20.2263467311859
Republic of the Congo,,2004,-18.036857008934
Republic of the Congo,,2005,-21.6982954740524
Republic of the Congo,,2006,-21.1444069147109
Republic of the Congo,,2007,-22.5642719268798
Republic of the Congo,,2008,-20.8111268281937
Republic of the Congo,,2009,-20.6920008659363
Republic of the Congo,,2010,-21.0066930055618
Republic of the Congo,,2011,-20.4948579072952
Republic of the Congo,,2012,-19.9719233512878
Republic of the Congo,,2013,-19.6998312473297
Republic of the Congo,,2014,-19.2127406597137
Republic of the Congo,,2015,-18.1369298696517
Republic of the Congo,,2016,-19.2007234096527
Republic of the Congo,,2017,-21.0988993644715
Republic of the Congo,,2018,-20.339065670967
Republic of the Congo,,2019,-20.0161397457123
Republic of the Congo,,2020,-22.0098376274109
Republic of the Congo,,2021,-23.1330103874207
Republic of the Congo,,2022,-19.1759395599365
Republic of the Congo,,2023,-9.34001183509828
Colombia,,1996,-7.79669117927552
Colombia,,1998,-5.53873682022095
Colombia,,2000,-6.85228884220123
Colombia,,2002,-8.29442900419235
Colombia,,2003,-3.76072710752487
Colombia,,2004,-3.65878690779209
Colombia,,2005,-3.35168237984181
Colombia,,2006,-3.24873533844948
Colombia,,2007,-0.844073485583067
Colombia,,2008,-0.424563137814402
Colombia,,2009,-5.10864505171776
Colombia,,2010,-2.09793394058943
Colombia,,2011,-0.847376968711615
Colombia,,2012,-0.0156089615920791
Colombia,,2013,0.912940867245198
Colombia,,2014,-2.30912835896015
Colombia,,2015,-1.50377721339464
Colombia,,2016,-0.535443041473627
Colombia,,2017,-2.31266430020332
Colombia,,2018,-2.28415677696466
Colombia,,2019,0.640673212707042
Colombia,,2020,0.234116958454251
Colombia,,2021,-0.705078578554094
Colombia,,2022,0.197484056465327
Colombia,,2023,-0.531145438551903
Comoros,,1996,-28.2611932754517
Comoros,,1998,-27.2252432107925
Comoros,,2000,-19.6926956176758
Comoros,,2002,-13.0003832578659
Comoros,,2003,-20.8285261392594
Comoros,,2004,-22.297291636467
Comoros,,2005,-27.3700131177903
Comoros,,2006,-27.1886888742446
Comoros,,2007,-30.00370824337
Comoros,,2008,-29.793983578682
Comoros,,2009,-29.3904911279679
Comoros,,2010,-29.7545645236969
Comoros,,2011,-30.7603597640992
Comoros,,2012,-27.2320486307145
Comoros,,2013,-27.3627504110337
Comoros,,2014,-29.5480606555939
Comoros,,2015,-27.8063328266144
Comoros,,2016,-28.4053398370742
Comoros,,2017,-28.4468172788621
Comoros,,2018,-29.0850733518601
Comoros,,2019,-29.7110105752945
Comoros,,2020,-27.8743603229523
Comoros,,2021,-30.764053106308
Comoros,,2022,-23.5589871406555
Comoros,,2023,-10.7457157373428
Cape Verde,,2002,-4.59726691246033
Cape Verde,,2003,-4.81096813082695
Cape Verde,,2004,-5.90837827324867
Cape Verde,,2005,-4.01119309663772
Cape Verde,,2006,-0.518360577523709
Cape Verde,,2007,4.85888150334358
Cape Verde,,2008,-0.496138192713261
Cape Verde,,2009,-1.41706903278828
Cape Verde,,2010,-1.71333930641413
Cape Verde,,2011,1.34681391716003
Cape Verde,,2012,0.907953847199679
Cape Verde,,2013,0.710641115903854
Cape Verde,,2014,0.635404892265797
Cape Verde,,2015,2.93963295221329
Cape Verde,,2016,2.00183763355017
Cape Verde,,2017,2.52860949933529
Cape Verde,,2018,5.8399538397789
Cape Verde,,2019,4.77715426683426
Cape Verde,,2020,3.45532791316509
Cape Verde,,2021,0.130489559611306
Cape Verde,,2022,-0.0375683587044479
Cape Verde,,2023,0.0957366535440084
Costa Rica,,1996,7.96332186460495
Costa Rica,,1998,5.25774088501931
Costa Rica,,2000,4.45751345157623
Costa Rica,,2002,5.2115409374237
Costa Rica,,2003,3.58814804255962
Costa Rica,,2004,3.60193632543087
Costa Rica,,2005,2.53370699286461
Costa Rica,,2006,0.507403185591102
Costa Rica,,2007,3.58661217987537
Costa Rica,,2008,4.5913856625557
Costa Rica,,2009,5.45339846611023
Costa Rica,,2010,5.07463333010674
Costa Rica,,2011,4.80918002128601
Costa Rica,,2012,8.0652704834938
Costa Rica,,2013,7.75581622123718
Costa Rica,,2014,6.15888491272926
Costa Rica,,2015,5.28912171721459
Costa Rica,,2016,4.90492331981659
Costa Rica,,2017,3.85313954949379
Costa Rica,,2018,6.0727789402008
Costa Rica,,2019,5.98469212651253
Costa Rica,,2020,3.4341372102499
Costa Rica,,2021,3.90082548558712
Costa Rica,,2022,0.741083670407534
Costa Rica,,2023,1.82137534022331
Cuba,,1996,-15.4379180073738
Cuba,,1998,-8.57566457986832
Cuba,,2000,-6.26170426607132
Cuba,,2002,-9.93371373414994
Cuba,,2003,-6.0458280146122
Cuba,,2004,-7.76609069108963
Cuba,,2005,-9.15190273523331
Cuba,,2006,-4.15324893593788
Cuba,,2007,-3.2290701419115
Cuba,,2008,-6.18296268582344
Cuba,,2009,-5.81288883090019
Cuba,,2010,-5.78715142607689
Cuba,,2011,-6.02806228399277
Cuba,,2012,-6.49437665939331
Cuba,,2013,-7.06316158175468
Cuba,,2014,-0.630757343024016
Cuba,,2015,0.103275636676699
Cuba,,2016,-2.05850654840469
Cuba,,2017,-3.32998746633529
Cuba,,2018,-4.24569241702556
Cuba,,2019,-3.01766622066498
Cuba,,2020,-3.3731969743967
Cuba,,2021,-4.13539902865887
Cuba,,2022,-4.90866583585739
Cuba,,2023,-3.32869476079941
Cyprus,,1996,19.9182839393616
Cyprus,,1998,20.3292070627213
Cyprus,,2000,18.2733714580536
Cyprus,,2002,22.0207364559173
Cyprus,,2003,19.0942385196685
Cyprus,,2004,18.8267500400543
Cyprus,,2005,19.5901880264282
Cyprus,,2006,21.4487774372101
Cyprus,,2007,24.1581609249114
Cyprus,,2008,25.9025204181672
Cyprus,,2009,24.0438948869706
Cyprus,,2010,25.9500758647919
Cyprus,,2011,26.4834604263306
Cyprus,,2012,23.5202976465225
Cyprus,,2013,23.1232606172562
Cyprus,,2014,19.305270075798
Cyprus,,2015,17.3869340419769
Cyprus,,2016,15.8418318629265
Cyprus,,2017,15.1425786018372
Cyprus,,2018,15.1150691509247
Cyprus,,2019,16.3419437408447
Cyprus,,2020,14.3821125626564
Cyprus,,2021,11.9889854192734
Cyprus,,2022,10.2270986437798
Cyprus,,2023,5.16417944431305
Czechia,,1996,10.5499109625816
Czechia,,1998,9.95446467399597
Czechia,,2000,9.98680549860001
Czechia,,2002,15.6739542484283
Czechia,,2003,14.5346159338951
Czechia,,2004,14.7123057842255
Czechia,,2005,15.5408302545548
Czechia,,2006,18.4249221086503
Czechia,,2007,14.3765315413475
Czechia,,2008,16.1885289549828
Czechia,,2009,14.8657627105713
Czechia,,2010,15.3461998105049
Czechia,,2011,15.7022807002068
Czechia,,2012,15.6846987605095
Czechia,,2013,15.5891222953796
Czechia,,2014,17.544948220253
Czechia,,2015,17.5324752330781
Czechia,,2016,17.2386095523834
Czechia,,2017,17.6208662986756
Czechia,,2018,16.2682039737701
Czechia,,2019,15.7254676222801
Czechia,,2020,15.6024785041809
Czechia,,2021,18.3138160705567
Czechia,,2022,15.3112841844559
Czechia,,2023,7.7980798482895
Germany,,1996,29.3195043802262
Germany,,1998,30.8125283718108
Germany,,2000,30.6770387887955
Germany,,2002,28.220307469368
Germany,,2003,23.0741364955902
Germany,,2004,24.940248131752
Germany,,2005,25.5075998306274
Germany,,2006,27.9804587364197
Germany,,2007,27.7304642200469
Germany,,2008,25.7372887134551
Germany,,2009,26.7762541770934
Germany,,2010,25.7661792039871
Germany,,2011,25.501716375351
Germany,,2012,26.0256540775299
Germany,,2013,25.6822848320007
Germany,,2014,28.3077057600021
Germany,,2015,28.2403430938721
Germany,,2016,28.316449046135
Germany,,2017,27.5168265104294
Germany,,2018,25.9982957839966
Germany,,2019,25.509373664856
Germany,,2020,22.4508407115936
Germany,,2021,22.053023815155
Germany,,2022,18.0537493228912
Germany,,2023,8.29791688919067
Djibouti,,1996,-15.1862347126007
Djibouti,,1998,-14.4546675682068
Djibouti,,2000,-15.37659740448
Djibouti,,2002,-13.0003832578659
Djibouti,,2003,-12.0764434933662
Djibouti,,2004,-10.8044485449791
Djibouti,,2005,-13.8793206214905
Djibouti,,2006,-15.5679479241371
Djibouti,,2007,-15.3420848250389
Djibouti,,2008,-15.5964870452881
Djibouti,,2009,-15.8629564642906
Djibouti,,2010,-17.1181627511978
Djibouti,,2011,-16.6777985692024
Djibouti,,2012,-18.3881586790084
Djibouti,,2013,-16.6744510531425
Djibouti,,2014,-17.2712566852569
Djibouti,,2015,-17.2256368994713
Djibouti,,2016,-17.5934220552444
Djibouti,,2017,-18.406788945198
Djibouti,,2018,-16.6703587770462
Djibouti,,2019,-13.8134251832962
Djibouti,,2020,-12.8375174403191
Djibouti,,2021,-14.0422137379646
Djibouti,,2022,-11.0107664465904
Djibouti,,2023,-5.12032788991928
Dominica,,1996,10.9636824131012
Dominica,,1998,11.0864806771278
Dominica,,2000,14.83608096838
Dominica,,2002,14.1883748173714
Dominica,,2003,14.1798081994057
Dominica,,2004,10.598081111908
Dominica,,2005,9.69861572980881
Dominica,,2006,9.65016043186188
Dominica,,2007,10.0897541642189
Dominica,,2008,10.7038830518723
Dominica,,2009,11.3985858559608
Dominica,,2010,11.5751071572304
Dominica,,2011,11.4582300782204
Dominica,,2012,12.765035867691
Dominica,,2013,13.4890198111534
Dominica,,2014,2.73424097895622
Dominica,,2015,3.61209836602211
Dominica,,2016,2.79595090448857
Dominica,,2017,-4.03935217857361
Dominica,,2018,-4.52410152554511
Dominica,,2019,-4.23675155639649
Dominica,,2020,-2.06866750121117
Dominica,,2021,-1.95997035503388
Dominica,,2022,-1.36092134565115
Dominica,,2023,1.8257750570774
Denmark,,1996,29.9038137197494
Denmark,,1998,32.48273229599
Denmark,,2000,32.2413307428361
Denmark,,2002,34.4087364673615
Denmark,,2003,35.4928395748138
Denmark,,2004,38.8813090324402
Denmark,,2005,35.951711654663
Denmark,,2006,37.805944442749
Denmark,,2007,39.8997433185577
Denmark,,2008,38.1009912490845
Denmark,,2009,37.8857233524322
Denmark,,2010,35.7006087303161
Denmark,,2011,35.7176289558411
Denmark,,2012,33.7778697013855
Denmark,,2013,33.0392788648605
Denmark,,2014,30.3482351303101
Denmark,,2015,30.5933514833451
Denmark,,2016,31.0520895719528
Denmark,,2017,29.7902513742446
Denmark,,2018,30.8795906305313
Denmark,,2019,31.9351098537445
Denmark,,2020,31.4071726799011
Denmark,,2021,33.4629360437393
Denmark,,2022,27.8652138710022
Denmark,,2023,14.1095418930054
Dominican Republic,,1996,-3.79505269229412
Dominican Republic,,1998,-8.95462483167648
Dominican Republic,,2000,-7.22771275043488
Dominican Republic,,2002,-6.57883322238922
Dominican Republic,,2003,-9.45951002836227
Dominican Republic,,2004,-11.225338101387
Dominican Republic,,2005,-8.80541372299194
Dominican Republic,,2006,-9.49558281898499
Dominican Republic,,2007,-11.3530263900757
Dominican Republic,,2008,-10.8289790153503
Dominican Republic,,2009,-10.5761043429375
Dominican Republic,,2010,-11.7047308683395
Dominican Republic,,2011,-10.7462657094002
Dominican Republic,,2012,-9.16430914402008
Dominican Republic,,2013,-8.31654566526413
Dominican Republic,,2014,-7.77560594677925
Dominican Republic,,2015,-6.63030278682709
Dominican Republic,,2016,-4.85710048675536
Dominican Republic,,2017,-6.44058775901795
Dominican Republic,,2018,-6.53705939650536
Dominican Republic,,2019,-5.90068182349204
Dominican Republic,,2020,-4.69401723146439
Dominican Republic,,2021,0.0613189716823399
Dominican Republic,,2022,-0.953358873724937
Dominican Republic,,2023,0.89624089002609
Algeria,,1996,-18.5090297460556
Algeria,,1998,-15.012223303318
Algeria,,2000,-17.1827387809753
Algeria,,2002,-10.4415245652199
Algeria,,2003,-11.4509040117264
Algeria,,2004,-9.48934650421143
Algeria,,2005,-7.56311172246933
Algeria,,2006,-7.42771422863007
Algeria,,2007,-9.11410701274872
Algeria,,2008,-10.2348485589027
Algeria,,2009,-9.07079821825027
Algeria,,2010,-6.70700252056122
Algeria,,2011,-8.83229929208756
Algeria,,2012,-7.5976325571537
Algeria,,2013,-7.32416373491287
Algeria,,2014,-5.76413184404373
Algeria,,2015,-6.88555401563644
Algeria,,2016,-7.79471841454507
Algeria,,2017,-9.03716492652893
Algeria,,2018,-8.21196502447128
Algeria,,2019,-9.5738165974617
Algeria,,2020,-9.66419357061386
Algeria,,2021,-11.0045673847198
Algeria,,2022,-7.18612825870514
Algeria,,2023,-4.69094598293304
Ecuador,,1996,-8.0802988409996
Ecuador,,1998,-6.03002512454986
Ecuador,,2000,-11.6499347090721
Ecuador,,2002,-14.1303372383118
Ecuador,,2003,-15.9106954336166
Ecuador,,2004,-16.2705809473991
Ecuador,,2005,-16.4477242231369
Ecuador,,2006,-17.6439605951309
Ecuador,,2007,-14.6568510532379
Ecuador,,2008,-14.539927303791
Ecuador,,2009,-12.551446378231
Ecuador,,2010,-11.4696190357208
Ecuador,,2011,-8.9705736041069
Ecuador,,2012,-8.06089359521866
Ecuador,,2013,-7.61317512392998
Ecuador,,2014,-6.53717151284218
Ecuador,,2015,-6.60786017775535
Ecuador,,2016,-6.42560657858848
Ecuador,,2017,-5.90158146619797
Ecuador,,2018,-5.32263365387917
Ecuador,,2019,-6.17561328411102
Ecuador,,2020,-7.9219044148922
Ecuador,,2021,-4.00374284386635
Ecuador,,2022,-4.32477208971978
Ecuador,,2023,-3.45971494913101
Egypt,,1996,-8.05249345302582
Egypt,,1998,-3.48070366680622
Egypt,,2000,-2.97090858221054
Egypt,,2002,-7.58367106318473
Egypt,,2003,-6.5998700261116
Egypt,,2004,-4.70491394400597
Egypt,,2005,-6.76640322804451
Egypt,,2006,-8.45818099379539
Egypt,,2007,-6.3517020046711
Egypt,,2008,-6.45212611556053
Egypt,,2009,-3.51430861651897
Egypt,,2010,-5.44263795018196
Egypt,,2011,-7.48020398616791
Egypt,,2012,-11.5900233983994
Egypt,,2013,-13.3028998970985
Egypt,,2014,-12.1744884252548
Egypt,,2015,-11.6382564306259
Egypt,,2016,-8.9943855702877
Egypt,,2017,-8.91709744930267
Egypt,,2018,-7.61176604032516
Egypt,,2019,-4.16659769415856
Egypt,,2020,-7.50449228286743
Egypt,,2021,-7.70162826776505
Egypt,,2022,-6.27044683694839
Egypt,,2023,-1.67661881446838
Eritrea,,1996,-19.544554233551
Eritrea,,1998,-18.711525440216
Eritrea,,2000,-19.6926956176758
Eritrea,,2002,-12.5799089670181
Eritrea,,2003,-14.2465528249741
Eritrea,,2004,-17.8690482378006
Eritrea,,2005,-16.7016416788101
Eritrea,,2006,-22.6827571392059
Eritrea,,2007,-22.8653881549835
Eritrea,,2008,-22.7445867061615
Eritrea,,2009,-23.777282834053
Eritrea,,2010,-23.7724331617355
Eritrea,,2011,-25.3566702604293
Eritrea,,2012,-25.6956609487533
Eritrea,,2013,-26.3600560426712
Eritrea,,2014,-28.5447969436645
Eritrea,,2015,-28.4206570386887
Eritrea,,2016,-30.1491168737412
Eritrea,,2017,-30.4659825563431
Eritrea,,2018,-29.9474812746048
Eritrea,,2019,-30.5453258752823
Eritrea,,2020,-27.8771502971649
Eritrea,,2021,-28.7708677053451
Eritrea,,2022,-24.2319147586823
Eritrea,,2023,-12.5562928915024
Spain,,1996,27.5404621362686
Spain,,1998,27.1541434526443
Spain,,2000,28.657873749733
Spain,,2002,30.3640470504761
Spain,,2003,30.8833129405975
Spain,,2004,22.6473047733306
Spain,,2005,25.5254405736924
Spain,,2006,14.1119247674942
Spain,,2007,16.778392970562
Spain,,2008,15.5112848877907
Spain,,2009,16.0080046653748
Spain,,2010,16.0299198627472
Spain,,2011,16.5301742553711
Spain,,2012,17.9708673954009
Spain,,2013,19.8557703495026
Spain,,2014,19.9515649080276
Spain,,2015,19.7601400613785
Spain,,2016,18.7083405256272
Spain,,2017,17.1140767335892
Spain,,2018,16.5698803067207
Spain,,2019,16.5507348775864
Spain,,2020,14.6190730333328
Spain,,2021,15.5619943141937
Spain,,2022,12.8869179487228
Spain,,2023,5.26445877552032
Estonia,,1996,10.3955642580986
Estonia,,1998,8.4224112033844
Estonia,,2000,11.6930568218231
Estonia,,2002,11.3540704250336
Estonia,,2003,14.9762665629387
Estonia,,2004,15.3709321022034
Estonia,,2005,15.9501822590828
Estonia,,2006,19.5094205141068
Estonia,,2007,17.1400195360183
Estonia,,2008,19.6977534294128
Estonia,,2009,17.045849442482
Estonia,,2010,18.3140964508057
Estonia,,2011,18.1544146537781
Estonia,,2012,16.0870314240456
Estonia,,2013,16.4478268027306
Estonia,,2014,17.1998064517975
Estonia,,2015,17.7005357742309
Estonia,,2016,18.0269693136216
Estonia,,2017,18.3272758722306
Estonia,,2018,19.6629774570465
Estonia,,2019,19.4625495672225
Estonia,,2020,22.1914675235749
Estonia,,2021,22.9658659696579
Estonia,,2022,18.8003635406494
Estonia,,2023,8.8442895412445
Ethiopia,,1996,-20.5290925502777
Ethiopia,,1998,-20.2423893213272
Ethiopia,,2000,-20.5105191469193
Ethiopia,,2002,-17.7546435594558
Ethiopia,,2003,-18.1982071399689
Ethiopia,,2004,-14.9358243942261
Ethiopia,,2005,-15.6051040291786
Ethiopia,,2006,-11.7381865382195
Ethiopia,,2007,-8.0044375360012
Ethiopia,,2008,-7.63788676261902
Ethiopia,,2009,-9.54453325271606
Ethiopia,,2010,-8.29316180944443
Ethiopia,,2011,-8.83808600902557
Ethiopia,,2012,-7.70934566855431
Ethiopia,,2013,-10.5422577857971
Ethiopia,,2014,-7.50725141167641
Ethiopia,,2015,-11.9394645094872
Ethiopia,,2016,-11.9746094346046
Ethiopia,,2017,-12.7768601179123
Ethiopia,,2018,-11.2085803151131
Ethiopia,,2019,-11.1317471265793
Ethiopia,,2020,-9.90189874172211
Ethiopia,,2021,-10.9335367679596
Ethiopia,,2022,-10.7596254348755
Ethiopia,,2023,-5.3806346654892
Finland,,1996,29.3249396085739
Finland,,1998,33.1475709676742
Finland,,2000,34.5052168369293
Finland,,2002,35.6388449668884
Finland,,2003,37.2951052188873
Finland,,2004,36.5081062316895
Finland,,2005,36.1153302192687
Finland,,2006,36.8482270240783
Finland,,2007,33.4558991193771
Finland,,2008,34.699095249176
Finland,,2009,37.8322093486785
Finland,,2010,37.8054947853088
Finland,,2011,37.9976289272308
Finland,,2012,37.5742900371552
Finland,,2013,37.0758798122406
Finland,,2014,34.4339706897735
Finland,,2015,31.4201786518097
Finland,,2016,31.4035276174545
Finland,,2017,33.7091625928878
Finland,,2018,34.3356394767761
Finland,,2019,33.6168746948242
Finland,,2020,32.4345782995224
Finland,,2021,32.7542983293533
Finland,,2022,24.5679646730423
Finland,,2023,12.1702460050583
Fiji,,1996,-2.11127589643002
Fiji,,1998,-1.68409344553947
Fiji,,2000,-2.42830732464791
Fiji,,2002,5.12545579671859
Fiji,,2003,1.05168307200074
Fiji,,2004,-8.04017445445061
Fiji,,2005,-0.697771474719047
Fiji,,2006,-0.223534254357219
Fiji,,2007,-9.17303365468979
Fiji,,2008,-17.7890253067016
Fiji,,2009,-19.9677979946137
Fiji,,2010,-15.5607507228851
Fiji,,2011,-15.2768584489822
Fiji,,2012,-17.8340924978256
Fiji,,2013,-17.51003074646
Fiji,,2014,-6.81995823979378
Fiji,,2015,-5.55836990475655
Fiji,,2016,-4.63680069148541
Fiji,,2017,4.16824942827225
Fiji,,2018,13.3196018338203
Fiji,,2019,13.105040371418
Fiji,,2020,9.89761936664581
Fiji,,2021,11.0750344991684
Fiji,,2022,8.3001953959465
Fiji,,2023,3.43545079231262
France,,1996,21.2815757989883
France,,1998,24.7095572948455
France,,2000,27.8299741744994
France,,2002,26.2493886947632
France,,2003,28.0664359331132
France,,2004,29.8443832397461
France,,2005,28.3283070325852
France,,2006,27.6829663515091
France,,2007,24.896080493927
France,,2008,26.7568931579589
France,,2009,25.1093242168427
France,,2010,24.8646198511124
France,,2011,23.6685680150985
France,,2012,23.3465615510941
France,,2013,25.2000317573547
France,,2014,24.025242805481
France,,2015,24.17935192585
France,,2016,23.5665445327759
France,,2017,22.3466060161591
France,,2018,24.2337087392807
France,,2019,22.833132982254
France,,2020,20.5804674625397
France,,2021,21.0166535377502
France,,2022,16.317133307457
France,,2023,8.01238381862639
Micronesia,,2004,-0.479523155838251
Micronesia,,2005,1.94586725533009
Micronesia,,2006,-0.541451148688794
Micronesia,,2007,-9.06798648834229
Micronesia,,2008,-8.67899054288864
Micronesia,,2009,-6.05387955904007
Micronesia,,2010,-7.98790240287781
Micronesia,,2011,-13.6560906767845
Micronesia,,2012,-10.9325263500214
Micronesia,,2013,-9.62112540006638
Micronesia,,2014,-8.70923382043839
Micronesia,,2015,-3.34435585141182
Micronesia,,2016,-1.4312639310956
Micronesia,,2017,6.29609450697899
Micronesia,,2018,2.16061909869313
Micronesia,,2019,1.08830747753382
Micronesia,,2020,5.55838491022587
Micronesia,,2021,4.62082260102033
Micronesia,,2022,5.31800097227097
Micronesia,,2023,1.6264311671257
Gabon,,1996,-3.38558413088322
Gabon,,1998,-7.85544919967651
Gabon,,2000,-8.2429812848568
Gabon,,2002,-4.80431374907494
Gabon,,2003,-7.23123812675476
Gabon,,2004,-14.4392607808113
Gabon,,2005,-14.2164705991745
Gabon,,2006,-14.2093292474747
Gabon,,2007,-14.1710455417633
Gabon,,2008,-15.3125141859055
Gabon,,2009,-12.9600734710693
Gabon,,2010,-13.5322775840759
Gabon,,2011,-14.4077162146568
Gabon,,2012,-16.3412653803825
Gabon,,2013,-14.7711842656136
Gabon,,2014,-10.3076035380363
Gabon,,2015,-12.8044281005859
Gabon,,2016,-14.0514602065086
Gabon,,2017,-16.9792947173119
Gabon,,2018,-13.9797201752663
Gabon,,2019,-16.2123004198074
Gabon,,2020,-16.7963760495186
Gabon,,2021,-13.8024836182594
Gabon,,2022,-9.8807852268219
Gabon,,2023,-5.45866507291794
United Kingdom,,1996,31.9973331689834
United Kingdom,,1998,31.6567984819413
United Kingdom,,2000,30.0699793100357
United Kingdom,,2002,30.2553343772887
United Kingdom,,2003,29.6853812932968
United Kingdom,,2004,31.7549945116043
United Kingdom,,2005,29.9452422857284
United Kingdom,,2006,28.3344302177429
United Kingdom,,2007,27.9060034751892
United Kingdom,,2008,27.7899832725525
United Kingdom,,2009,25.6370378732681
United Kingdom,,2010,27.5053474903107
United Kingdom,,2011,27.270663022995
United Kingdom,,2012,27.0496356487274
United Kingdom,,2013,25.7130596637726
United Kingdom,,2014,27.6040909290314
United Kingdom,,2015,29.0711024999619
United Kingdom,,2016,26.8484588861465
United Kingdom,,2017,24.4176485538482
United Kingdom,,2018,23.2421168088913
United Kingdom,,2019,24.7268444299697
United Kingdom,,2020,22.7577491998673
United Kingdom,,2021,21.2085703611374
United Kingdom,,2022,17.3370740413666
United Kingdom,,2023,8.12799894809721
Georgia,,1996,-10.8279141783714
Georgia,,1998,-10.1978096961975
Georgia,,2000,-7.27862241864204
Georgia,,2002,-12.1149162650108
Georgia,,2003,-3.37152127921581
Georgia,,2004,-9.48106867074967
Georgia,,2005,-7.29939183592797
Georgia,,2006,-4.17519964277744
Georgia,,2007,2.08266223967076
Georgia,,2008,5.21043956279755
Georgia,,2009,5.08646541833878
Georgia,,2010,5.59080079197884
Georgia,,2011,9.87738412618637
Georgia,,2012,10.7491243481636
Georgia,,2013,10.3461334705353
Georgia,,2014,7.23436483740807
Georgia,,2015,4.66107988357544
Georgia,,2016,7.26988416910172
Georgia,,2017,8.30027514696121
Georgia,,2018,8.93007403612137
Georgia,,2019,13.1556547880173
Georgia,,2020,12.2962286472321
Georgia,,2021,10.6054698824883
Georgia,,2022,9.1067801117897
Georgia,,2023,5.53900110721588
Ghana,,1996,-2.0388740748167
Ghana,,1998,-3.7244575470686
Ghana,,2000,0.569946363568306
Ghana,,2002,-1.50583791732788
Ghana,,2003,-4.95771130919456
Ghana,,2004,-5.98598623275757
Ghana,,2005,-3.60386744141579
Ghana,,2006,0.461409451439976
Ghana,,2007,1.46390948444605
Ghana,,2008,-0.52624349668622
Ghana,,2009,-2.13100144267082
Ghana,,2010,-1.7552945613861
Ghana,,2011,-1.54101106524467
Ghana,,2012,-1.53762638568878
Ghana,,2013,-2.29205547273159
Ghana,,2014,-5.24675095081329
Ghana,,2015,-5.3380723297596
Ghana,,2016,-4.21990393102169
Ghana,,2017,-3.1059073060751
Ghana,,2018,-5.37085416913032
Ghana,,2019,-4.8561706840992
Ghana,,2020,-3.2522495239973
Ghana,,2021,-2.91822989284992
Ghana,,2022,-1.18276765197516
Ghana,,2023,-0.648631125688553
Guinea,,1996,-19.8779797554016
Guinea,,1998,-14.4362633824348
Guinea,,2000,-14.9109531641006
Guinea,,2002,-16.3167196512222
Guinea,,2003,-13.0441145896912
Guinea,,2004,-15.3982594609261
Guinea,,2005,-18.0864318609238
Guinea,,2006,-21.6248716115952
Guinea,,2007,-21.3533214330673
Guinea,,2008,-20.0955760478974
Guinea,,2009,-17.7266957759857
Guinea,,2010,-19.0884240865707
Guinea,,2011,-19.4498109817505
Guinea,,2012,-21.408000588417
Guinea,,2013,-19.9063389301301
Guinea,,2014,-21.0577528476715
Guinea,,2015,-20.0584882497787
Guinea,,2016,-18.0204967260361
Guinea,,2017,-18.3864358663559
Guinea,,2018,-17.3622961044311
Guinea,,2019,-14.488978266716
Guinea,,2020,-16.3962774276733
Guinea,,2021,-16.09214168787
Guinea,,2022,-12.9905651807785
Guinea,,2023,-6.35557019710541
Gambia,,1996,-10.5244087576866
Gambia,,1998,-8.1178458929062
Gambia,,2000,-8.66256844997406
Gambia,,2002,-10.5381255149841
Gambia,,2003,-7.13569092750549
Gambia,,2004,-10.081175506115
Gambia,,2005,-12.2989763021469
Gambia,,2006,-12.3971392512321
Gambia,,2007,-10.4528881311417
Gambia,,2008,-13.0763114690781
Gambia,,2009,-12.6391215920448
Gambia,,2010,-12.7012497186661
Gambia,,2011,-11.4528371095657
Gambia,,2012,-9.78047007322311
Gambia,,2013,-12.5764622688293
Gambia,,2014,-12.2324091792107
Gambia,,2015,-16.7280470132828
Gambia,,2016,-15.8254181146622
Gambia,,2017,-12.5874429941177
Gambia,,2018,-12.7128348946571
Gambia,,2019,-12.9367393255234
Gambia,,2020,-13.2781803607941
Gambia,,2021,-11.3978192210197
Gambia,,2022,-9.29691880941391
Gambia,,2023,-4.13415420055389
Guinea-Bissau,,1996,-23.9639704227448
Guinea-Bissau,,1998,-21.9318698644638
Guinea-Bissau,,2000,-16.4386181235313
Guinea-Bissau,,2002,-18.0261516571045
Guinea-Bissau,,2003,-20.2263467311859
Guinea-Bissau,,2004,-22.9011466503143
Guinea-Bissau,,2005,-23.2196589708328
Guinea-Bissau,,2006,-19.2337571382523
Guinea-Bissau,,2007,-18.7831296920776
Guinea-Bissau,,2008,-18.0926486253739
Guinea-Bissau,,2009,-17.8749673366547
Guinea-Bissau,,2010,-18.1966490745545
Guinea-Bissau,,2011,-18.2872281074523
Guinea-Bissau,,2012,-21.9664015769959
Guinea-Bissau,,2013,-24.7682725191116
Guinea-Bissau,,2014,-27.9576354026795
Guinea-Bissau,,2015,-28.0504112243652
Guinea-Bissau,,2016,-28.9462895393372
Guinea-Bissau,,2017,-30.6714544296265
Guinea-Bissau,,2018,-25.8763151168823
Guinea-Bissau,,2019,-26.5071479082107
Guinea-Bissau,,2020,-24.870653271675
Guinea-Bissau,,2021,-24.5453984737397
Guinea-Bissau,,2022,-20.8116320371628
Guinea-Bissau,,2023,-10.0280900001526
Equatorial Guinea,,1996,-16.2928761839867
Equatorial Guinea,,1998,-17.7022894620896
Equatorial Guinea,,2000,-18.0424978733062
Equatorial Guinea,,2002,-19.4224845170975
Equatorial Guinea,,2003,-18.8006172180176
Equatorial Guinea,,2004,-20.2682812213898
Equatorial Guinea,,2005,-20.165600180626
Equatorial Guinea,,2006,-21.6632474660873
Equatorial Guinea,,2007,-21.626381278038
Equatorial Guinea,,2008,-21.4650677442551
Equatorial Guinea,,2009,-21.362924337387
Equatorial Guinea,,2010,-21.3551268577576
Equatorial Guinea,,2011,-21.3848456144333
Equatorial Guinea,,2012,-21.3116587400436
Equatorial Guinea,,2013,-23.0477267503738
Equatorial Guinea,,2014,-19.7610890865326
Equatorial Guinea,,2015,-19.9338611364365
Equatorial Guinea,,2016,-19.6843876838684
Equatorial Guinea,,2017,-19.8290541172027
Equatorial Guinea,,2018,-20.2512522935867
Equatorial Guinea,,2019,-17.6273612976074
Equatorial Guinea,,2020,-20.5889254808426
Equatorial Guinea,,2021,-20.0592278242111
Equatorial Guinea,,2022,-18.1541029214859
Equatorial Guinea,,2023,-9.24244368076323
Greece,,1996,14.2384378910065
Greece,,1998,12.527444422245
Greece,,2000,9.97964465618133
Greece,,2002,13.1927765607834
Greece,,2003,11.9645707011223
Greece,,2004,13.360161781311
Greece,,2005,12.0648952722549
Greece,,2006,10.696060359478
Greece,,2007,9.38023471832275
Greece,,2008,9.82442343235016
Greece,,2009,10.4577509760857
Greece,,2010,8.37885677814483
Greece,,2011,7.68255716562271
Greece,,2012,4.6988165974617
Greece,,2013,6.07664343714714
Greece,,2014,5.07176995277405
Greece,,2015,2.57402426004409
Greece,,2016,2.21600905060768
Greece,,2017,4.15939749777317
Greece,,2018,4.48402744531631
Greece,,2019,5.43586957454682
Greece,,2020,6.95574817061424
Greece,,2021,7.01988586783409
Greece,,2022,6.26056510210037
Greece,,2023,1.0360211879015
Grenada,,1996,10.9636824131012
Grenada,,1998,11.0864806771278
Grenada,,2000,10.5199837684631
Grenada,,2002,9.65691530704498
Grenada,,2003,9.80376678705216
Grenada,,2004,9.53783297538757
Grenada,,2005,6.60542374849319
Grenada,,2006,6.64437845349312
Grenada,,2007,5.41614738106728
Grenada,,2008,4.05709283053876
Grenada,,2009,4.05703181028366
Grenada,,2010,3.24110962450505
Grenada,,2011,4.74551743268966
Grenada,,2012,5.49081182479859
Grenada,,2013,4.67610397934914
Grenada,,2014,-0.980107471346855
Grenada,,2015,-2.59222948551178
Grenada,,2016,-2.04134852439165
Grenada,,2017,-2.41874204576016
Grenada,,2018,-3.37843242287636
Grenada,,2019,-1.80884239822626
Grenada,,2020,0.118310594931245
Grenada,,2021,0.348769528791309
Grenada,,2022,0.538968469947577
Grenada,,2023,-0.0423923619091511
Greenland,,2009,17.4362770318985
Greenland,,2010,17.2058361768722
Greenland,,2011,17.0169392824173
Greenland,,2012,16.9334568381309
Greenland,,2013,15.9568682909012
Greenland,,2014,15.5778171420097
Greenland,,2015,14.3937742114067
Greenland,,2016,13.9234520196915
Greenland,,2017,13.8470079302788
Greenland,,2018,13.8093211650848
Greenland,,2019,13.4416624903679
Greenland,,2020,13.1078506708145
Greenland,,2021,12.8034908175468
Greenland,,2022,10.5939453244209
Greenland,,2023,5.3472785949707
Guatemala,,1996,-7.72984972596169
Guatemala,,1998,-6.03002512454986
Guatemala,,2000,-9.54358512163162
Guatemala,,2002,-9.57209879159927
Guatemala,,2003,-9.70522856712341
Guatemala,,2004,-13.7046898603439
Guatemala,,2005,-13.5424899458885
Guatemala,,2006,-11.7694591879845
Guatemala,,2007,-11.2946105599403
Guatemala,,2008,-11.0146177411079
Guatemala,,2009,-12.0721588730812
Guatemala,,2010,-12.2598629593849
Guatemala,,2011,-12.3244720101357
Guatemala,,2012,-13.3927864432335
Guatemala,,2013,-12.3623071908951
Guatemala,,2014,-12.9603728652
Guatemala,,2015,-12.9973109960556
Guatemala,,2016,-11.019767999649
Guatemala,,2017,-11.6847902536392
Guatemala,,2018,-12.1060630083084
Guatemala,,2019,-12.2527732849121
Guatemala,,2020,-12.0434066653252
Guatemala,,2021,-13.211592912674
Guatemala,,2022,-12.702832877636
Guatemala,,2023,-6.28017085790634
Guyana,,1996,-6.43841606378555
Guyana,,1998,-0.622241374105215
Guyana,,2000,-0.886519599705934
Guyana,,2002,-3.0500988662243
Guyana,,2003,-0.389639118686318
Guyana,,2004,-0.68891055881977
Guyana,,2005,-8.5048919916153
Guyana,,2006,-4.96830236911773
Guyana,,2007,-0.230613216757775
Guyana,,2008,-3.02540880441665
Guyana,,2009,-3.09264314174652
Guyana,,2010,-2.07809219509363
Guyana,,2011,-1.39695251733065
Guyana,,2012,-1.71321366727352
Guyana,,2013,-1.74292525649071
Guyana,,2014,-3.7715710401535
Guyana,,2015,-5.59254828095437
Guyana,,2016,-4.80307486653328
Guyana,,2017,-4.75227758288384
Guyana,,2018,-4.3091800659895
Guyana,,2019,-6.66198229789734
Guyana,,2020,-7.50119057297707
Guyana,,2021,-4.36963507533073
Guyana,,2022,-3.72549310326576
Guyana,,2023,-2.06140899658203
Honduras,,1996,-12.6465563774109
Honduras,,1998,-10.401088654995
Honduras,,2000,-9.85823357105255
Honduras,,2002,-11.6523736715317
Honduras,,2003,-12.9586027860641
Honduras,,2004,-12.1934248805046
Honduras,,2005,-11.5679629445076
Honduras,,2006,-11.2323124408722
Honduras,,2007,-9.41713613271713
Honduras,,2008,-10.5939850211143
Honduras,,2009,-11.4813879728317
Honduras,,2010,-10.8396837711334
Honduras,,2011,-8.86455374956131
Honduras,,2012,-11.7697028517723
Honduras,,2013,-12.3182854056358
Honduras,,2014,-13.818361222744
Honduras,,2015,-14.5067477822304
Honduras,,2016,-12.8772305250168
Honduras,,2017,-8.95047706365585
Honduras,,2018,-10.4228554964066
Honduras,,2019,-10.4319168925285
Honduras,,2020,-10.8799695372581
Honduras,,2021,-13.8066998124123
Honduras,,2022,-12.1363458633423
Honduras,,2023,-5.56655931472778
Croatia,,1996,1.73750236630441
Croatia,,1998,0.646605920046568
Croatia,,2000,6.17770445346833
Croatia,,2002,5.58578690886497
Croatia,,2003,5.4142818748951
Croatia,,2004,7.55290389060974
Croatia,,2005,7.74284660816193
Croatia,,2006,9.44324910640717
Croatia,,2007,7.76366695761681
Croatia,,2008,9.74590754508972
Croatia,,2009,9.96614390611649
Croatia,,2010,9.89888471364975
Croatia,,2011,8.54820865392685
Croatia,,2012,11.4867277741432
Croatia,,2013,11.4969827532768
Croatia,,2014,11.5087609291077
Croatia,,2015,7.86618658900261
Croatia,,2016,7.27967920899392
Croatia,,2017,9.20296216011048
Croatia,,2018,8.83806151151657
Croatia,,2019,7.86617362499237
Croatia,,2020,7.33168366551399
Croatia,,2021,9.51136863231659
Croatia,,2022,8.14075249433517
Croatia,,2023,4.98857587575913
Haiti,,1996,-16.9735726714134
Haiti,,1998,-19.9498475790024
Haiti,,2000,-21.0904754400253
Haiti,,2002,-23.0685378313064
Haiti,,2003,-25.1790479421616
Haiti,,2004,-29.1618851423264
Haiti,,2005,-22.7427651882172
Haiti,,2006,-22.0712177753449
Haiti,,2007,-22.4358685016632
Haiti,,2008,-22.2246463298797
Haiti,,2009,-25.6429158449173
Haiti,,2010,-28.0385643243789
Haiti,,2011,-28.7901152372361
Haiti,,2012,-28.2226773500443
Haiti,,2013,-27.0412566661835
Haiti,,2014,-35.4606847763062
Haiti,,2015,-35.5987191200256
Haiti,,2016,-36.8113691806793
Haiti,,2017,-36.1288552284241
Haiti,,2018,-33.3216780424118
Haiti,,2019,-35.0818164348602
Haiti,,2020,-35.8520605564118
Haiti,,2021,-37.6418147087097
Haiti,,2022,-31.185889005661
Haiti,,2023,-15.5773375034332
Hungary,,1996,14.6755684614182
Hungary,,1998,15.9151085615158
Hungary,,2000,16.9988073706627
Hungary,,2002,16.8631353974342
Hungary,,2003,14.0780871510506
Hungary,,2004,13.6463121175766
Hungary,,2005,12.7280638217926
Hungary,,2006,14.2796312570572
Hungary,,2007,11.762275159359
Hungary,,2008,11.8476020097733
Hungary,,2009,11.3839707374573
Hungary,,2010,10.9880964756012
Hungary,,2011,11.0800820589066
Hungary,,2012,10.3738405704498
Hungary,,2013,11.5669726729393
Hungary,,2014,9.93913334608078
Hungary,,2015,8.7811074256897
Hungary,,2016,7.89865455031395
Hungary,,2017,8.30610403418541
Hungary,,2018,7.66537174582481
Hungary,,2019,7.78208738565445
Hungary,,2020,9.26247900724411
Hungary,,2021,10.2646970152855
Hungary,,2022,7.47750133275986
Hungary,,2023,2.60931226611138
Indonesia,,1996,-11.9907065033913
Indonesia,,1998,-11.8067973852158
Indonesia,,2000,-6.22291848063469
Indonesia,,2002,-9.35889172554016
Indonesia,,2003,-10.1421022415161
Indonesia,,2004,-8.33714079856873
Indonesia,,2005,-8.54829615354538
Indonesia,,2006,-5.92600241303444
Indonesia,,2007,-5.22933149337768
Indonesia,,2008,-4.46882686018944
Indonesia,,2009,-5.61443221569062
Indonesia,,2010,-4.53932622075081
Indonesia,,2011,-5.47057181596756
Indonesia,,2012,-5.62185862660408
Indonesia,,2013,-4.15001547336578
Indonesia,,2014,-1.12386037409306
Indonesia,,2015,-5.45227682590485
Indonesia,,2016,-0.762161772698164
Indonesia,,2017,-0.236158953979611
Indonesia,,2018,2.50932662189007
Indonesia,,2019,2.46300771832466
Indonesia,,2020,5.49150082468986
Indonesia,,2021,5.99366775155068
Indonesia,,2022,6.11202761530876
Indonesia,,2023,4.06228464841843
India,,1996,-1.89731368422509
India,,1998,-1.94577577710151
India,,2000,-3.1849759221077
India,,2002,-3.21416316926479
India,,2003,-2.45578156411648
India,,2004,-3.06739076972008
India,,2005,-1.69085025042296
India,,2006,-1.6339772567153
India,,2007,2.32704137265682
India,,2008,-0.174367059022188
India,,2009,-0.0643858560360968
India,,2010,0.530579945072532
India,,2011,0.375267304480075
India,,2012,-2.66325211524963
India,,2013,-2.68142506480217
India,,2014,-3.79150886833668
India,,2015,1.44812458753586
India,,2016,1.13229214772582
India,,2017,0.779768664389849
India,,2018,4.56587070226669
India,,2019,2.31354281306266
India,,2020,6.46355476975441
India,,2021,4.3477508276701
India,,2022,5.17911157011986
India,,2023,3.32577100396156
Ireland,,1996,28.3954344987869
Ireland,,1998,29.5263348817825
Ireland,,2000,27.0764594078063
Ireland,,2002,26.7153916358948
Ireland,,2003,25.439406991005
Ireland,,2004,25.8259363174439
Ireland,,2005,29.4180083274842
Ireland,,2006,26.0373550653457
Ireland,,2007,26.4205392599105
Ireland,,2008,25.353744506836
Ireland,,2009,22.6465960741043
Ireland,,2010,22.85254073143
Ireland,,2011,24.6519377231598
Ireland,,2012,26.163246512413
Ireland,,2013,25.5736900568009
Ireland,,2014,27.186546087265
Ireland,,2015,25.9390840530396
Ireland,,2016,22.6931217908859
Ireland,,2017,21.6360495090485
Ireland,,2018,23.5270975828171
Ireland,,2019,21.4635294675827
Ireland,,2020,24.5111309289932
Ireland,,2021,25.015332698822
Ireland,,2022,21.6839592456817
Ireland,,2023,11.1380186080932
Iran,,1996,-10.2011606097221
Iran,,1998,-8.33559295535088
Iran,,2000,-8.36981239914894
Iran,,2002,-10.483914077282
Iran,,2003,-9.58045840263367
Iran,,2004,-8.48427695035934
Iran,,2005,-11.2436716556549
Iran,,2006,-9.4069966673851
Iran,,2007,-10.9886386990547
Iran,,2008,-11.563560962677
Iran,,2009,-9.76885497570038
Iran,,2010,-8.42024973034859
Iran,,2011,-7.65353733301163
Iran,,2012,-9.17156940698623
Iran,,2013,-11.6863318681717
Iran,,2014,-7.41354778409004
Iran,,2015,-4.17138436436653
Iran,,2016,-3.89875593781472
Iran,,2017,-3.98464393615723
Iran,,2018,-7.99927991628647
Iran,,2019,-10.0620414018631
Iran,,2020,-17.2237181663514
Iran,,2021,-14.9894614815712
Iran,,2022,-12.3551980853081
Iran,,2023,-7.15677845478057
Iraq,,1996,-35.506956577301
Iraq,,1998,-32.62932741642
Iraq,,2000,-32.7780585289001
Iraq,,2002,-33.3637236356735
Iraq,,2003,-29.7210298776627
Iraq,,2004,-27.4827189445496
Iraq,,2005,-27.80624127388
Iraq,,2006,-29.4311144351959
Iraq,,2007,-26.6129031181336
Iraq,,2008,-21.0254759788513
Iraq,,2009,-20.1779615879059
Iraq,,2010,-18.7665200233459
Iraq,,2011,-18.2650809288024
Iraq,,2012,-17.9512056112289
Iraq,,2013,-17.8272095918655
Iraq,,2014,-17.9394207000732
Iraq,,2015,-20.3473193645478
Iraq,,2016,-20.8257555961609
Iraq,,2017,-20.7075365781783
Iraq,,2018,-21.4717825651169
Iraq,,2019,-22.2089163064957
Iraq,,2020,-22.0845229625702
Iraq,,2021,-22.3536690473556
Iraq,,2022,-18.2327303886414
Iraq,,2023,-9.72724449634553
Iceland,,1996,31.6330310106278
Iceland,,1998,31.3532322645188
Iceland,,2000,33.0645651817321
Iceland,,2002,33.2657983303071
Iceland,,2003,34.6766479015351
Iceland,,2004,34.8884406089783
Iceland,,2005,33.4626793861389
Iceland,,2006,32.1315025091172
Iceland,,2007,30.409095287323
Iceland,,2008,30.9814838171005
Iceland,,2009,27.7326027154922
Iceland,,2010,26.8662240505219
Iceland,,2011,26.816444516182
Iceland,,2012,25.212525010109
Iceland,,2013,25.2152900695801
Iceland,,2014,25.2570672035217
Iceland,,2015,24.921077132225
Iceland,,2016,23.0431253910064
Iceland,,2017,24.1250250339508
Iceland,,2018,24.3355094194413
Iceland,,2019,25.2832151651382
Iceland,,2020,25.2104276418685
Iceland,,2021,27.2398654222489
Iceland,,2022,21.8838369846344
Iceland,,2023,10.8858466148377
Israel,,1996,13.1609332561493
Israel,,1998,17.6930787563324
Israel,,2000,17.9406815767288
Israel,,2002,17.5234943628311
Israel,,2003,19.3762955665589
Israel,,2004,21.1127467155457
Israel,,2005,17.6527843475342
Israel,,2006,21.2121722698212
Israel,,2007,20.919970870018
Israel,,2008,22.5344198942185
Israel,,2009,21.6138000488282
Israel,,2010,23.5652724504472
Israel,,2011,22.7248969078064
Israel,,2012,21.5858879089355
Israel,,2013,21.1361110210419
Israel,,2014,20.5044999122619
Israel,,2015,23.1475130319595
Israel,,2016,22.3569833040238
Israel,,2017,23.0241752862931
Israel,,2018,19.9737797975541
Israel,,2019,21.9987277984619
Israel,,2020,17.9951621294022
Israel,,2021,21.4001505374909
Israel,,2022,17.3087038993835
Israel,,2023,8.0175883769989
Italy,,1996,14.2855330705643
Italy,,1998,14.0941895246506
Italy,,2000,12.2866244912148
Italy,,2002,12.8053422570229
Italy,,2003,12.6449069976807
Italy,,2004,10.6781299114227
Italy,,2005,9.45472520589828
Italy,,2006,6.05285388231278
Italy,,2007,3.25749351084232
Italy,,2008,4.63637915253639
Italy,,2009,7.09312158823013
Italy,,2010,7.9434441626072
Italy,,2011,6.85848876833916
Italy,,2012,7.606858253479
Italy,,2013,9.05734586715698
Italy,,2014,8.04563668370247
Italy,,2015,8.42967861890793
Italy,,2016,9.35383379459381
Italy,,2017,8.45749363303185
Italy,,2018,7.040456533432
Italy,,2019,7.7499418258667
Italy,,2020,6.23290359973907
Italy,,2021,5.64266446232795
Italy,,2022,6.28391656279564
Italy,,2023,4.27725827693939
Jamaica,,1996,2.37894620001316
Jamaica,,1998,3.81127604842187
Jamaica,,2000,0.0366595343220978
Jamaica,,2002,-1.31958141177893
Jamaica,,2003,-0.304703313857317
Jamaica,,2004,2.14315430819989
Jamaica,,2005,-2.88748824596405
Jamaica,,2006,3.24409258365631
Jamaica,,2007,5.51632452011108
Jamaica,,2008,5.3694196343422
Jamaica,,2009,4.72534489631654
Jamaica,,2010,5.07273575663566
Jamaica,,2011,4.98011493682861
Jamaica,,2012,0.78865984454751
Jamaica,,2013,1.28033500164747
Jamaica,,2014,3.4521279335022
Jamaica,,2015,5.10884648561478
Jamaica,,2016,8.17149183154106
Jamaica,,2017,9.51270002126694
Jamaica,,2018,10.2438934445381
Jamaica,,2019,10.1231012940407
Jamaica,,2020,9.08954018354416
Jamaica,,2021,6.52744099497795
Jamaica,,2022,8.45843666791916
Jamaica,,2023,2.85103321075439
Jordan,,1996,-0.559543091803788
Jordan,,1998,1.44389630109072
Jordan,,2000,0.288914678618312
Jordan,,2002,1.34104823321104
Jordan,,2003,2.51047818362713
Jordan,,2004,0.334271255880594
Jordan,,2005,-0.179304355755449
Jordan,,2006,2.98072716593742
Jordan,,2007,3.81755462288857
Jordan,,2008,3.93175140023231
Jordan,,2009,3.95197221636772
Jordan,,2010,1.49095241725445
Jordan,,2011,1.59945783764124
Jordan,,2012,0.706637144088745
Jordan,,2013,-0.111672349412402
Jordan,,2014,2.3174230158329
Jordan,,2015,1.9418688043952
Jordan,,2016,2.10318224877119
Jordan,,2017,1.26693472266197
Jordan,,2018,1.73865446448326
Jordan,,2019,1.38456330448389
Jordan,,2020,1.71034599840641
Jordan,,2021,3.41260752081872
Jordan,,2022,2.72177197039128
Jordan,,2023,2.70349457859993
Japan,,1996,15.4749432206154
Japan,,1998,17.2858865261078
Japan,,2000,19.4112067222596
Japan,,2002,17.2864154577255
Japan,,2003,19.6753718852997
Japan,,2004,22.835263133049
Japan,,2005,21.8520784378052
Japan,,2006,26.943216919899
Japan,,2007,24.4997396469116
Japan,,2008,24.6781178712845
Japan,,2009,24.651172876358
Japan,,2010,25.8793503046035
Japan,,2011,24.9368697404861
Japan,,2012,23.934900522232
Japan,,2013,27.3841990232468
Japan,,2014,30.6995136737824
Japan,,2015,29.8907080888748
Japan,,2016,30.4380391836167
Japan,,2017,26.9531918764114
Japan,,2018,27.8878740072251
Japan,,2019,26.440433382988
Japan,,2020,26.4261356592178
Japan,,2021,23.2757377624511
Japan,,2022,22.6741354465485
Japan,,2023,11.4188553094864
Kazakhstan,,1996,-16.2928761839867
Kazakhstan,,1998,-14.7721521854401
Kazakhstan,,2000,-13.2348590493202
Kazakhstan,,2002,-18.2690650224685
Kazakhstan,,2003,-13.0097390413284
Kazakhstan,,2004,-13.2067319154739
Kazakhstan,,2005,-11.4060726165772
Kazakhstan,,2006,-8.10987496376037
Kazakhstan,,2007,-11.3222202658653
Kazakhstan,,2008,-8.90832233428955
Kazakhstan,,2009,-7.48458844423294
Kazakhstan,,2010,-8.37765330076217
Kazakhstan,,2011,-8.68877422809601
Kazakhstan,,2012,-8.9301649928093
Kazakhstan,,2013,-10.5473248362541
Kazakhstan,,2014,-1.36625305563211
Kazakhstan,,2015,-2.38617149740457
Kazakhstan,,2016,-2.29773546010256
Kazakhstan,,2017,-1.00581707619131
Kazakhstan,,2018,-0.605090390890837
Kazakhstan,,2019,1.28404227644205
Kazakhstan,,2020,1.89656610786915
Kazakhstan,,2021,0.613503713160754
Kazakhstan,,2022,2.00330571830273
Kazakhstan,,2023,1.02770271897316
Kenya,,1996,-8.8544510602951
Kenya,,1998,-8.33559295535088
Kenya,,2000,-10.5413365960121
Kenya,,2002,-12.8603835701942
Kenya,,2003,-12.0848778486252
Kenya,,2004,-11.3880264759064
Kenya,,2005,-12.0597029328346
Kenya,,2006,-11.1466956734657
Kenya,,2007,-8.9827915430069
Kenya,,2008,-10.6053237318993
Kenya,,2009,-11.2945514917374
Kenya,,2010,-9.9062933921814
Kenya,,2011,-9.83091497421264
Kenya,,2012,-9.18203544616699
Kenya,,2013,-8.11454039812088
Kenya,,2014,-6.09070628881454
Kenya,,2015,-6.58292093873024
Kenya,,2016,-6.72179314494133
Kenya,,2017,-6.53646218776703
Kenya,,2018,-8.319715321064
Kenya,,2019,-7.50368481874466
Kenya,,2020,-6.78833436965943
Kenya,,2021,-5.54456949234009
Kenya,,2022,-4.41071864962578
Kenya,,2023,-2.12523639202118
Kyrgyzstan,,1996,-6.46959567070007
Kyrgyzstan,,1998,-5.94095131754875
Kyrgyzstan,,2000,-6.90136954188347
Kyrgyzstan,,2002,-9.57792311906814
Kyrgyzstan,,2003,-9.42515277862549
Kyrgyzstan,,2004,-11.1593661904335
Kyrgyzstan,,2005,-14.8963097333908
Kyrgyzstan,,2006,-13.862758398056
Kyrgyzstan,,2007,-13.3596659898758
Kyrgyzstan,,2008,-13.5850868821144
Kyrgyzstan,,2009,-16.4964697957039
Kyrgyzstan,,2010,-11.1666082143784
Kyrgyzstan,,2011,-10.8172575235367
Kyrgyzstan,,2012,-10.9913759827614
Kyrgyzstan,,2013,-11.04309040308
Kyrgyzstan,,2014,-14.800037920475
Kyrgyzstan,,2015,-16.4728004932404
Kyrgyzstan,,2016,-16.2420204281807
Kyrgyzstan,,2017,-12.672562122345
Kyrgyzstan,,2018,-10.8691639304161
Kyrgyzstan,,2019,-12.3000475168228
Kyrgyzstan,,2020,-9.66831243038177
Kyrgyzstan,,2021,-13.0521523356438
Kyrgyzstan,,2022,-12.4565818309784
Kyrgyzstan,,2023,-6.23509514331817
Cambodia,,1996,-12.3209726214409
Cambodia,,1998,-14.8622904419899
Cambodia,,2000,-15.2573516964912
Cambodia,,2002,-13.7359366416931
Cambodia,,2003,-15.5928975343704
Cambodia,,2004,-15.4113374948502
Cambodia,,2005,-17.0348199605942
Cambodia,,2006,-16.6773344874382
Cambodia,,2007,-15.5038524270058
Cambodia,,2008,-17.0171982049942
Cambodia,,2009,-16.3193292617798
Cambodia,,2010,-16.3598493337631
Cambodia,,2011,-14.8240089416504
Cambodia,,2012,-13.957778096199
Cambodia,,2013,-15.5180034041405
Cambodia,,2014,-11.8589882850647
Cambodia,,2015,-12.5129569172859
Cambodia,,2016,-12.4750777482986
Cambodia,,2017,-11.7091419100761
Cambodia,,2018,-10.0655395388603
Cambodia,,2019,-10.4430251717567
Cambodia,,2020,-7.48981022834777
Cambodia,,2021,-7.93761962652206
Cambodia,,2022,-4.92153412103653
Cambodia,,2023,-2.14112001657486
Kiribati,,2004,-7.20010262727738
Kiribati,,2005,-7.7786083817482
Kiribati,,2006,-7.95805892348289
Kiribati,,2007,-11.2306270599365
Kiribati,,2008,-11.8869632482529
Kiribati,,2009,-13.6435610055923
Kiribati,,2010,-14.9667518138885
Kiribati,,2011,-13.3169338703156
Kiribati,,2012,-13.5842007398605
Kiribati,,2013,-13.1045936346054
Kiribati,,2014,-9.6052058339119
Kiribati,,2015,-6.74151122570038
Kiribati,,2016,-5.39896932244301
Kiribati,,2017,-1.50142944976687
Kiribati,,2018,-1.5173490345478
Kiribati,,2019,-1.24528273940086
Kiribati,,2020,2.00310898199678
Kiribati,,2021,1.29476382397115
Kiribati,,2022,2.34189157187939
Kiribati,,2023,-0.676011748611927
Saint Kitts and Nevis,,2004,6.00367370247841
Saint Kitts and Nevis,,2005,20.2688292264938
Saint Kitts and Nevis,,2006,18.3128660917282
Saint Kitts and Nevis,,2007,18.2809146642685
Saint Kitts and Nevis,,2008,21.6042219400406
Saint Kitts and Nevis,,2009,21.7023569345475
Saint Kitts and Nevis,,2010,21.3593462705612
Saint Kitts and Nevis,,2011,21.1564416885375
Saint Kitts and Nevis,,2012,21.4669783115387
Saint Kitts and Nevis,,2013,21.6097637414932
Saint Kitts and Nevis,,2014,-1.20071262866259
Saint Kitts and Nevis,,2015,3.24530373513699
Saint Kitts and Nevis,,2016,3.84469598531723
Saint Kitts and Nevis,,2017,8.81819379329681
Saint Kitts and Nevis,,2018,8.62005549669266
Saint Kitts and Nevis,,2019,8.47354710102081
Saint Kitts and Nevis,,2020,10.9273478984833
Saint Kitts and Nevis,,2021,6.31240743398666
Saint Kitts and Nevis,,2022,5.48712095618248
Saint Kitts and Nevis,,2023,2.6628757417202
Kuwait,,1996,1.96947763860226
Kuwait,,1998,-1.4188900962472
Kuwait,,2000,-1.66499351710081
Kuwait,,2002,1.1427423208952
Kuwait,,2003,1.21443331986666
Kuwait,,2004,1.46391462534666
Kuwait,,2005,2.72903236746788
Kuwait,,2006,4.58087894320487
Kuwait,,2007,1.33902552723885
Kuwait,,2008,-0.501416781917215
Kuwait,,2009,3.1124346703291
Kuwait,,2010,2.52331699430942
Kuwait,,2011,0.0995087004266678
Kuwait,,2012,-1.46971368789673
Kuwait,,2013,-1.45596306025982
Kuwait,,2014,-2.71900175511837
Kuwait,,2015,-1.2134394980967
Kuwait,,2016,-3.35166171193123
Kuwait,,2017,-3.55721078813076
Kuwait,,2018,-1.9738250374794
Kuwait,,2019,-0.198903628624976
Kuwait,,2020,-3.22389912605286
Kuwait,,2021,-1.14096388593316
Kuwait,,2022,1.56703561544419
Kuwait,,2023,0.0527818948030472
Laos,,1996,-10.8279141783714
Laos,,1998,-10.1978096961975
Laos,,2000,-11.0605022311211
Laos,,2002,-14.6157252192497
Laos,,2003,-17.2069369554519
Laos,,2004,-17.5204559564591
Laos,,2005,-20.576205253601
Laos,,2006,-16.8749321103096
Laos,,2007,-15.4422582983971
Laos,,2008,-15.1548280715942
Laos,,2009,-16.353623509407
Laos,,2010,-14.7568456530571
Laos,,2011,-14.2484372854233
Laos,,2012,-14.324754357338
Laos,,2013,-12.4782056212425
Laos,,2014,-7.05781134963035
Laos,,2015,-9.27907371520996
Laos,,2016,-7.21393978595734
Laos,,2017,-6.95917010307312
Laos,,2018,-12.140201985836
Laos,,2019,-13.7788028120995
Laos,,2020,-12.5778904557228
Laos,,2021,-10.4796540141106
Laos,,2022,-8.34576135873795
Laos,,2023,-4.5029501914978
Lebanon,,1996,-2.184456422925
Lebanon,,1998,0.406534232199193
Lebanon,,2000,0.443115185946226
Lebanon,,2002,-3.52388809621334
Lebanon,,2003,-2.46999399363995
Lebanon,,2004,-2.80968084931374
Lebanon,,2005,-1.98251031339169
Lebanon,,2006,-2.73177391290665
Lebanon,,2007,-3.84690643846989
Lebanon,,2008,-5.47535854578018
Lebanon,,2009,-6.64275455474854
Lebanon,,2010,-2.409364387393
Lebanon,,2011,-2.39454972743988
Lebanon,,2012,-4.05623437464237
Lebanon,,2013,-5.20399883389473
Lebanon,,2014,-4.33368054032326
Lebanon,,2015,-6.71320328116417
Lebanon,,2016,-8.0901615023613
Lebanon,,2017,-7.71985486149788
Lebanon,,2018,-11.3611053228378
Lebanon,,2019,-13.6694540381432
Lebanon,,2020,-20.4227418899536
Lebanon,,2021,-22.2288154363632
Lebanon,,2022,-20.4256201982498
Lebanon,,2023,-11.0626730918885
Liberia,,1996,-29.2315497398376
Liberia,,1998,-29.4274733066558
Liberia,,2000,-30.4630504846573
Liberia,,2002,-26.0390238761902
Liberia,,2003,-24.1309597492218
Liberia,,2004,-24.1013977527619
Liberia,,2005,-24.0937751531601
Liberia,,2006,-20.6116670370101
Liberia,,2007,-19.7807928323745
Liberia,,2008,-20.7563024759293
Liberia,,2009,-20.273959517479
Liberia,,2010,-21.3150973320008
Liberia,,2011,-20.7886314392089
Liberia,,2012,-19.7210810184479
Liberia,,2013,-23.2181223630905
Liberia,,2014,-22.7603967189789
Liberia,,2015,-23.2469128370285
Liberia,,2016,-22.2888722419739
Liberia,,2017,-23.1352925300598
Liberia,,2018,-22.4501081705094
Liberia,,2019,-23.6520073413849
Liberia,,2020,-24.7378001213074
Liberia,,2021,-23.8732190132141
Liberia,,2022,-20.0853345394134
Liberia,,2023,-9.48755025863645
Libya,,1996,-15.0284489393234
Libya,,1998,-15.8713268041611
Libya,,2000,-18.275580406189
Libya,,2002,-17.5113492012024
Libya,,2003,-15.8010454177856
Libya,,2004,-14.7009925246239
Libya,,2005,-17.8778620958329
Libya,,2006,-18.3516626358033
Libya,,2007,-20.8534581661224
Libya,,2008,-19.2361205816269
Libya,,2009,-18.4375553131104
Libya,,2010,-18.4789856672287
Libya,,2011,-17.9019720554352
Libya,,2012,-21.582082748413
Libya,,2013,-22.420110821724
Libya,,2014,-25.8050893545151
Libya,,2015,-25.2940864562988
Libya,,2016,-29.708459019661
Libya,,2017,-27.2079330682754
Libya,,2018,-28.5786612033844
Libya,,2019,-30.0931370258331
Libya,,2020,-31.5499012470246
Libya,,2021,-29.6373598575591
Libya,,2022,-24.5748006105423
Libya,,2023,-11.4512233734131
Saint Lucia,,2004,6.35709008574486
Saint Lucia,,2005,18.4928287267684
Saint Lucia,,2006,13.7444452643394
Saint Lucia,,2007,12.6641800999641
Saint Lucia,,2008,13.4489099979401
Saint Lucia,,2009,15.8609598278999
Saint Lucia,,2010,14.1475090384483
Saint Lucia,,2011,16.0291662216187
Saint Lucia,,2012,12.5862762928009
Saint Lucia,,2013,13.2671615481377
Saint Lucia,,2014,0.662837613373995
Saint Lucia,,2015,-0.298605581745505
Saint Lucia,,2016,1.67091605067253
Saint Lucia,,2017,6.53017774224282
Saint Lucia,,2018,5.47292676568031
Saint Lucia,,2019,5.71577417850495
Saint Lucia,,2020,5.22305607795716
Saint Lucia,,2021,-1.95997035503388
Saint Lucia,,2022,-1.36092134565115
Saint Lucia,,2023,0.516842342913151
Liechtenstein,,1996,28.3969604969024
Liechtenstein,,1998,28.1139152050018
Liechtenstein,,2000,27.7843725681304
Liechtenstein,,2002,27.7827533483505
Liechtenstein,,2003,27.3079346418381
Liechtenstein,,2004,28.9230104684829
Liechtenstein,,2005,26.4051274061202
Liechtenstein,,2006,30.5476214885711
Liechtenstein,,2007,29.8660857677459
Liechtenstein,,2008,30.3582776784897
Liechtenstein,,2009,30.5743170976638
Liechtenstein,,2010,30.227802157402
Liechtenstein,,2011,29.9957711696625
Liechtenstein,,2012,30.2717334032059
Liechtenstein,,2013,29.6990745067596
Liechtenstein,,2014,28.8840345144272
Liechtenstein,,2015,28.1909914016724
Liechtenstein,,2016,28.374702334404
Liechtenstein,,2017,29.3271448612214
Liechtenstein,,2018,28.8378685712814
Liechtenstein,,2019,28.1742234230041
Liechtenstein,,2020,30.1074188947678
Liechtenstein,,2021,25.053635597229
Liechtenstein,,2022,20.829318523407
Liechtenstein,,2023,11.3947367668152
Sri Lanka,,1996,-3.1216979175806
Sri Lanka,,1998,-7.85544919967651
Sri Lanka,,2000,-5.82036757469177
Sri Lanka,,2002,-1.23617639392614
Sri Lanka,,2003,-4.599161028862
Sri Lanka,,2004,-7.47579979896545
Sri Lanka,,2005,-5.30672410130501
Sri Lanka,,2006,-2.75533637404442
Sri Lanka,,2007,-1.28542602807283
Sri Lanka,,2008,-2.03087864071131
Sri Lanka,,2009,-2.57562787830829
Sri Lanka,,2010,-3.41698496043682
Sri Lanka,,2011,-1.84172731637955
Sri Lanka,,2012,-3.45046752691269
Sri Lanka,,2013,-2.81237870454788
Sri Lanka,,2014,1.17916700989008
Sri Lanka,,2015,-0.0504039600491524
Sri Lanka,,2016,-0.359260986559093
Sri Lanka,,2017,-2.85571721196174
Sri Lanka,,2018,-4.27649584412574
Sri Lanka,,2019,-2.03432448208332
Sri Lanka,,2020,-1.24676067009568
Sri Lanka,,2021,-1.85748285055161
Sri Lanka,,2022,-5.48216360807419
Sri Lanka,,2023,-1.76595225930214
Lesotho,,1996,-2.11127589643002
Lesotho,,1998,-1.68409344553947
Lesotho,,2000,-2.42830732464791
Lesotho,,2002,0.549582622945309
Lesotho,,2003,0.823723971843719
Lesotho,,2004,-8.69988572597504
Lesotho,,2005,-2.91195434331894
Lesotho,,2006,-9.00265991687775
Lesotho,,2007,-7.91630619764328
Lesotho,,2008,-7.88318857550621
Lesotho,,2009,-6.74204796552658
Lesotho,,2010,-6.73905834555626
Lesotho,,2011,-6.40410661697388
Lesotho,,2012,-7.24702689051628
Lesotho,,2013,-7.76811653375625
Lesotho,,2014,-10.1164645552635
Lesotho,,2015,-12.7664614915848
Lesotho,,2016,-14.8059498071671
Lesotho,,2017,-15.6039029359818
Lesotho,,2018,-15.5856782197952
Lesotho,,2019,-15.2606933712959
Lesotho,,2020,-16.559169113636
Lesotho,,2021,-16.0099236369133
Lesotho,,2022,-12.4499707818031
Lesotho,,2023,-6.67524415254593
Lithuania,,1996,8.96705573797226
Lithuania,,1998,5.25774088501931
Lithuania,,2000,1.67675261944532
Lithuania,,2002,8.40062773227691
Lithuania,,2003,12.4151079058647
Lithuania,,2004,11.7628856897354
Lithuania,,2005,12.845474421978
Lithuania,,2006,12.1871106028557
Lithuania,,2007,11.1515390872955
Lithuania,,2008,9.5482919216156
Lithuania,,2009,11.7265008687973
Lithuania,,2010,12.5487930178642
Lithuania,,2011,11.8772210478783
Lithuania,,2012,14.0561034679413
Lithuania,,2013,14.0484288930893
Lithuania,,2014,16.6198776364326
Lithuania,,2015,19.6568573713303
Lithuania,,2016,17.6619703769684
Lithuania,,2017,15.8965802788734
Lithuania,,2018,17.638905286789
Lithuania,,2019,17.2203654050827
Lithuania,,2020,17.3619327545166
Lithuania,,2021,17.4231232404708
Lithuania,,2022,13.9179624915123
Lithuania,,2023,7.35084831714632
Luxembourg,,1996,33.3154895305633
Luxembourg,,1998,33.3794436454774
Luxembourg,,2000,32.1379722356797
Luxembourg,,2002,33.5793595314026
Luxembourg,,2003,31.5499031543732
Luxembourg,,2004,31.9130148887634
Luxembourg,,2005,30.1239721775054
Luxembourg,,2006,26.6349314451218
Luxembourg,,2007,26.9608980417252
Luxembourg,,2008,27.4819501638413
Luxembourg,,2009,29.6391400098801
Luxembourg,,2010,29.1785002946854
Luxembourg,,2011,29.6245601177215
Luxembourg,,2012,28.2806249856949
Luxembourg,,2013,27.5855870246887
Luxembourg,,2014,28.0209791660309
Luxembourg,,2015,28.8563402891159
Luxembourg,,2016,28.2400071620941
Luxembourg,,2017,28.0661789178848
Luxembourg,,2018,29.6192630529404
Luxembourg,,2019,28.9166917800903
Luxembourg,,2020,30.5945645570755
Luxembourg,,2021,28.6511863470077
Luxembourg,,2022,24.8146008253097
Luxembourg,,2023,13.399493098259
Latvia,,1996,8.25280147790908
Latvia,,1998,3.19224518537521
Latvia,,2000,3.56855343282223
Latvia,,2002,8.27528411149979
Latvia,,2003,10.1793794035912
Latvia,,2004,9.77241277694702
Latvia,,2005,9.00798016786575
Latvia,,2006,11.1330282688141
Latvia,,2007,7.23119190335273
Latvia,,2008,8.86322504281998
Latvia,,2009,10.5305559635162
Latvia,,2010,12.2975957393646
Latvia,,2011,11.7268933057785
Latvia,,2012,14.0938281416893
Latvia,,2013,14.9676133990288
Latvia,,2014,16.1810579895973
Latvia,,2015,18.0116264820099
Latvia,,2016,16.525998711586
Latvia,,2017,14.8190757036209
Latvia,,2018,17.1155707836152
Latvia,,2019,18.2179633378982
Latvia,,2020,14.3583307266235
Latvia,,2021,14.2879619002342
Latvia,,2022,9.68402963876724
Latvia,,2023,4.87592685222626
Morocco,,1996,-1.77498786151409
Morocco,,1998,0.406534232199193
Morocco,,2000,0.443115185946226
Morocco,,2002,-3.3164663463831
Morocco,,2003,-3.59467507898807
Morocco,,2004,-3.74019812047482
Morocco,,2005,-6.8136794269085
Morocco,,2006,-4.5385995209217
Morocco,,2007,-5.79977723956108
Morocco,,2008,-6.0350231230259
Morocco,,2009,-4.81270006299019
Morocco,,2010,-3.91475996375084
Morocco,,2011,-4.52091404795647
Morocco,,2012,-2.37461277842521
Morocco,,2013,-1.42479026317596
Morocco,,2014,-2.29398383200169
Morocco,,2015,-2.40448419004678
Morocco,,2016,-3.19990903139114
Morocco,,2017,-5.10811030864716
Morocco,,2018,-5.88320589065552
Morocco,,2019,-4.12501662969589
Morocco,,2020,-2.88869582861662
Morocco,,2021,-2.60534176230431
Morocco,,2022,-1.49454094469548
Morocco,,2023,-0.251405771821737
Monaco,,2015,24.3714823722839
Monaco,,2016,25.2762919664382
Monaco,,2017,26.2734768390656
Monaco,,2018,26.3093938827515
Monaco,,2019,25.9278998374939
Monaco,,2020,28.3985238075256
Monaco,,2021,28.3726353645324
Monaco,,2022,28.6573798656464
Monaco,,2023,14.1606678962708
Moldova,,1996,-3.66291047632694
Moldova,,1998,-5.78995350003242
Moldova,,2000,-9.10585063695908
Moldova,,2002,-9.96231657266616
Moldova,,2003,-11.3207779526711
Moldova,,2004,-14.3683478236198
Moldova,,2005,-12.8097070455551
Moldova,,2006,-13.5985509753227
Moldova,,2007,-14.1590665578842
Moldova,,2008,-13.3381272554398
Moldova,,2009,-9.46863240003586
Moldova,,2010,-11.1769654154778
Moldova,,2011,-10.3422245383263
Moldova,,2012,-9.49926042556763
Moldova,,2013,-6.83750322461128
Moldova,,2014,-6.99217849969864
Moldova,,2015,-11.8948513269424
Moldova,,2016,-11.4649514555931
Moldova,,2017,-9.58724731206894
Moldova,,2018,-8.44735687971115
Moldova,,2019,-7.41063302755355
Moldova,,2020,-9.09373569488525
Moldova,,2021,-7.34475457668305
Moldova,,2022,-4.30227345228195
Moldova,,2023,-1.15466396510601
Madagascar,,1996,-7.62000218033791
Madagascar,,1998,-9.29503387212753
Madagascar,,2000,-10.1902354359627
Madagascar,,2002,-5.51248884201049
Madagascar,,2003,-7.09361758828163
Madagascar,,2004,-10.0157091021538
Madagascar,,2005,-6.4681203365326
Madagascar,,2006,-11.1545704603195
Madagascar,,2007,-8.49306473135948
Madagascar,,2008,-11.6368247270584
Madagascar,,2009,-14.292795419693
Madagascar,,2010,-16.9142757058144
Madagascar,,2011,-18.1720323562623
Madagascar,,2012,-18.9969898462295
Madagascar,,2013,-19.5066927671432
Madagascar,,2014,-22.4941340684891
Madagascar,,2015,-22.5532170534134
Madagascar,,2016,-20.7927471399307
Madagascar,,2017,-20.2434786558151
Madagascar,,2018,-20.5344197750092
Madagascar,,2019,-20.2247893810272
Madagascar,,2020,-17.8247545957565
Madagascar,,2021,-17.3905264139175
Madagascar,,2022,-13.71832883358
Madagascar,,2023,-7.15943288803099
Maldives,,1996,15.3220019340515
Maldives,,1998,15.3433395624161
Maldives,,2000,14.83608096838
Maldives,,2002,14.1883748173714
Maldives,,2003,9.80376678705216
Maldives,,2004,6.35709008574486
Maldives,,2005,4.07725097239017
Maldives,,2006,2.90028329193592
Maldives,,2007,2.10534036904574
Maldives,,2008,-3.6544359177351
Maldives,,2009,-7.42458206415177
Maldives,,2010,-3.25125215947628
Maldives,,2011,-4.98909875750542
Maldives,,2012,-3.17231807112693
Maldives,,2013,-4.69711589813233
Maldives,,2014,-5.00741037726402
Maldives,,2015,-4.93835636973381
Maldives,,2016,-4.04936672747135
Maldives,,2017,-7.20041039586068
Maldives,,2018,-8.13722595572471
Maldives,,2019,-3.05047376453877
Maldives,,2020,-1.57878237310797
Maldives,,2021,6.49816641211509
Maldives,,2022,-1.69218419492245
Maldives,,2023,-0.895814374089243
Mexico,,1996,3.83055393397809
Mexico,,1998,6.53428289294243
Mexico,,2000,4.69509291648865
Mexico,,2002,3.71257127821446
Mexico,,2003,2.25144663453102
Mexico,,2004,1.29753192514181
Mexico,,2005,0.539251137524844
Mexico,,2006,0.861928101629019
Mexico,,2007,2.32657085359096
Mexico,,2008,2.74032458662987
Mexico,,2009,2.41569344699383
Mexico,,2010,1.64585889130831
Mexico,,2011,4.3044256567955
Mexico,,2012,5.04967725276947
Mexico,,2013,5.15746873617173
Mexico,,2014,2.29392917454243
Mexico,,2015,2.10307610780001
Mexico,,2016,0.58006364479661
Mexico,,2017,-1.01048260554671
Mexico,,2018,-4.89115700125694
Mexico,,2019,-5.13149717450142
Mexico,,2020,-4.5099395364523
Mexico,,2021,-5.73738485574722
Mexico,,2022,-3.93835741281509
Mexico,,2023,-1.38853009045124
Marshall Islands,,2005,-11.5949292182922
Marshall Islands,,2006,-17.0788668394089
Marshall Islands,,2007,-21.0477166175843
Marshall Islands,,2008,-21.7680567502976
Marshall Islands,,2009,-22.925595998764
Marshall Islands,,2010,-19.3979468345642
Marshall Islands,,2011,-26.9574592113495
Marshall Islands,,2012,-25.8077121973037
Marshall Islands,,2013,-28.8665438890457
Marshall Islands,,2014,-30.3799004554748
Marshall Islands,,2015,-9.96892607212067
Marshall Islands,,2016,-8.12074974179269
Marshall Islands,,2017,-7.46800456941126
Marshall Islands,,2018,-7.33079673349858
Marshall Islands,,2019,-6.96870324015616
Marshall Islands,,2020,-2.59794473648071
Marshall Islands,,2021,-4.14057001657785
Marshall Islands,,2022,3.20364099740982
Marshall Islands,,2023,0.489827424287796
North Macedonia,,1996,-10.8924641013145
North Macedonia,,1998,-12.3180118203163
North Macedonia,,2000,-14.2554042339325
North Macedonia,,2002,-9.70984292030334
North Macedonia,,2003,-6.95982590317726
North Macedonia,,2004,-3.0882220119238
North Macedonia,,2005,-5.66749039292335
North Macedonia,,2006,-2.22443118691445
North Macedonia,,2007,-4.04527072608472
North Macedonia,,2008,-1.54563910514116
North Macedonia,,2009,-2.23475332558155
North Macedonia,,2010,-3.100751131773
North Macedonia,,2011,-3.78537759184838
North Macedonia,,2012,-3.59396293759347
North Macedonia,,2013,-2.87514092028141
North Macedonia,,2014,0.273428500629962
North Macedonia,,2015,-0.413172309054062
North Macedonia,,2016,-0.459257969632745
North Macedonia,,2017,-0.187975786626339
North Macedonia,,2018,1.03932872787118
North Macedonia,,2019,-2.02725088596344
North Macedonia,,2020,0.587338507175445
North Macedonia,,2021,-1.9536669254303
North Macedonia,,2022,-1.1371942833066
North Macedonia,,2023,-0.359221417456866
Mali,,1996,-16.9735726714134
Mali,,1998,-19.9498475790024
Mali,,2000,-17.9662830829621
Mali,,2002,-11.8723433613777
Mali,,2003,-12.3569170236588
Mali,,2004,-13.5119097828865
Mali,,2005,-12.253664791584
Mali,,2006,-12.9395313858986
Mali,,2007,-12.9445746541023
Mali,,2008,-13.3660399317741
Mali,,2009,-13.5722709298134
Mali,,2010,-14.4234703779221
Mali,,2011,-13.5573105216026
Mali,,2012,-16.7144888043404
Mali,,2013,-15.2890455722809
Mali,,2014,-18.4522669315338
Mali,,2015,-16.2255129814148
Mali,,2016,-17.367090344429
Mali,,2017,-16.3182718753815
Mali,,2018,-17.3657586574555
Mali,,2019,-18.5960434675217
Mali,,2020,-20.1129742860794
Mali,,2021,-21.1937590837478
Mali,,2022,-16.4204367399216
Mali,,2023,-7.97018659114839
Malta,,1996,15.7639243006706
Malta,,1998,15.173802793026
Malta,,2000,17.8586323261261
Malta,,2002,17.8525202274323
Malta,,2003,14.9451088905334
Malta,,2004,13.2444916963577
Malta,,2005,13.8925060033798
Malta,,2006,17.3156764507294
Malta,,2007,20.3981158733367
Malta,,2008,21.6090714931488
Malta,,2009,19.8884366750717
Malta,,2010,20.1864142417908
Malta,,2011,20.2234197854995
Malta,,2012,21.0933541059494
Malta,,2013,21.2795073986054
Malta,,2014,17.4057202339172
Malta,,2015,14.0144414305687
Malta,,2016,15.7526553273201
Malta,,2017,16.5627000927925
Malta,,2018,15.9207113981247
Malta,,2019,14.0979465842247
Malta,,2020,17.0135459899902
Malta,,2021,14.6233464479446
Malta,,2022,11.2593227028847
Malta,,2023,2.78134536743164
Myanmar,,1996,-20.5290925502777
Myanmar,,1998,-20.2423893213272
Myanmar,,2000,-20.5105191469193
Myanmar,,2002,-22.738478422165
Myanmar,,2003,-21.9627118110656
Myanmar,,2004,-26.7792698144912
Myanmar,,2005,-26.1132460832596
Myanmar,,2006,-25.0497705936432
Myanmar,,2007,-25.3762288093567
Myanmar,,2008,-26.204917550087
Myanmar,,2009,-27.5982955694199
Myanmar,,2010,-27.6555987596511
Myanmar,,2011,-27.3039718866348
Myanmar,,2012,-25.1115602254868
Myanmar,,2013,-25.6591734886169
Myanmar,,2014,-22.0823299884796
Myanmar,,2015,-21.8319517374039
Myanmar,,2016,-17.1358679533005
Myanmar,,2017,-18.4158881902695
Myanmar,,2018,-18.5108463764191
Myanmar,,2019,-20.1052877902985
Myanmar,,2020,-17.2601155042648
Myanmar,,2021,-24.0234682559967
Myanmar,,2022,-23.5834586620331
Myanmar,,2023,-12.2696141004562
Montenegro,,2005,5.66136223077774
Montenegro,,2006,2.72740520536899
Montenegro,,2007,-4.80429658293724
Montenegro,,2008,-0.211001664400101
Montenegro,,2009,-0.144491413608193
Montenegro,,2010,2.26185761392116
Montenegro,,2011,1.30059543251991
Montenegro,,2012,2.03953235596418
Montenegro,,2013,2.61483740806579
Montenegro,,2014,4.98969283699989
Montenegro,,2015,2.92512288689613
Montenegro,,2016,2.3942858427763
Montenegro,,2017,3.00637786090374
Montenegro,,2018,1.62177436798811
Montenegro,,2019,1.90694723278284
Montenegro,,2020,-1.70526680350304
Montenegro,,2021,-0.404491981025786
Montenegro,,2022,-0.381441656500101
Montenegro,,2023,1.729441806674
Mongolia,,1996,-6.43841606378555
Mongolia,,1998,-4.95863714814186
Mongolia,,2000,-5.53837659955024
Mongolia,,2002,-1.95698314905167
Mongolia,,2003,-3.66324083507062
Mongolia,,2004,-6.42302694916725
Mongolia,,2005,-6.35645189881325
Mongolia,,2006,-8.33967024087906
Mongolia,,2007,-9.15898305177689
Mongolia,,2008,-8.92816203832627
Mongolia,,2009,-11.2943930625916
Mongolia,,2010,-9.56005758047104
Mongolia,,2011,-9.80086207389832
Mongolia,,2012,-10.664576292038
Mongolia,,2013,-9.17063009738922
Mongolia,,2014,-7.25129595398903
Mongolia,,2015,-7.50413265824318
Mongolia,,2016,-1.57699842005968
Mongolia,,2017,-4.65704956650733
Mongolia,,2018,-4.11104425787926
Mongolia,,2019,-3.85810202360153
Mongolia,,2020,-6.98448851704597
Mongolia,,2021,-8.6248454451561
Mongolia,,2022,-5.94883525371552
Mongolia,,2023,-3.30075040459633
Mozambique,,1996,-2.44834288954734
Mozambique,,1998,-7.98830223083496
Mozambique,,2000,-8.38396739959716
Mozambique,,2002,-7.40481263399125
Mozambique,,2003,-9.1760185956955
Mozambique,,2004,-10.0786021947861
Mozambique,,2005,-9.24202483892441
Mozambique,,2006,-11.4597595930099
Mozambique,,2007,-9.32531058788299
Mozambique,,2008,-9.47945237159729
Mozambique,,2009,-10.2068771123886
Mozambique,,2010,-10.4809858202934
Mozambique,,2011,-11.0543841719627
Mozambique,,2012,-11.1107338070869
Mozambique,,2013,-10.80822712183
Mozambique,,2014,-12.6559224128723
Mozambique,,2015,-13.9458355903625
Mozambique,,2016,-15.9316521883011
Mozambique,,2017,-16.1650218963623
Mozambique,,2018,-16.2191195487976
Mozambique,,2019,-15.2045001387596
Mozambique,,2020,-13.3857356905937
Mozambique,,2021,-13.195820748806
Mozambique,,2022,-10.1592328548431
Mozambique,,2023,-5.01640236377716
Mauritania,,1996,-2.11127589643002
Mauritania,,1998,-1.68409344553947
Mauritania,,2000,-2.42830732464791
Mauritania,,2002,-3.93746373057365
Mauritania,,2003,-3.32435880601405
Mauritania,,2004,-10.0511463284493
Mauritania,,2005,-5.47824162244797
Mauritania,,2006,-15.3360406160355
Mauritania,,2007,-15.7088889479637
Mauritania,,2008,-17.0501002073288
Mauritania,,2009,-15.7371733784676
Mauritania,,2010,-16.7543607950211
Mauritania,,2011,-16.3462192416191
Mauritania,,2012,-15.5402237772942
Mauritania,,2013,-16.8928123116493
Mauritania,,2014,-16.8531056046486
Mauritania,,2015,-18.0203920602798
Mauritania,,2016,-14.3733316063881
Mauritania,,2017,-13.5422491431236
Mauritania,,2018,-13.9114214777946
Mauritania,,2019,-10.2576910853386
Mauritania,,2020,-14.1684674024582
Mauritania,,2021,-13.0603546500206
Mauritania,,2022,-9.98269885778427
Mauritania,,2023,-5.345190346241
Mauritius,,1996,3.43951793015002
Mauritius,,1998,5.50659561157227
Mauritius,,2000,7.31862312555313
Mauritius,,2002,6.30903705954552
Mauritius,,2003,12.6140395402908
Mauritius,,2004,11.785203397274
Mauritius,,2005,10.495142519474
Mauritius,,2006,11.9523574113846
Mauritius,,2007,12.7696714401245
Mauritius,,2008,14.0455343723297
Mauritius,,2009,13.6064060330391
Mauritius,,2010,15.4075910449028
Mauritius,,2011,15.0154450535774
Mauritius,,2012,17.7002010345459
Mauritius,,2013,15.5966330766678
Mauritius,,2014,19.5706665515899
Mauritius,,2015,19.2548353672027
Mauritius,,2016,17.4387549161911
Mauritius,,2017,16.42841142416
Mauritius,,2018,15.3273131847382
Mauritius,,2019,14.7488902807236
Mauritius,,2020,14.5849722027779
Mauritius,,2021,13.9216597080231
Mauritius,,2022,10.6152012348175
Mauritius,,2023,4.9709632396698
Malawi,,1996,-4.8778757750988
Malawi,,1998,-5.78995350003242
Malawi,,2000,-6.0714575946331
Malawi,,2002,-13.0064609050751
Malawi,,2003,-13.263901591301
Malawi,,2004,-14.6288930177689
Malawi,,2005,-14.077300965786
Malawi,,2006,-15.2012065649033
Malawi,,2007,-9.72733992338181
Malawi,,2008,-9.97306448221206
Malawi,,2009,-9.14822065830231
Malawi,,2010,-7.99342513084411
Malawi,,2011,-8.06041944026947
Malawi,,2012,-8.67280769348145
Malawi,,2013,-8.66727709770203
Malawi,,2014,-11.1788563728333
Malawi,,2015,-12.4740119576454
Malawi,,2016,-13.4266176819801
Malawi,,2017,-12.2548419237137
Malawi,,2018,-13.5436210036278
Malawi,,2019,-13.5125414133072
Malawi,,2020,-13.8479230999947
Malawi,,2021,-13.4035335183144
Malawi,,2022,-11.8590994477272
Malawi,,2023,-6.01654583215713
Malaysia,,1996,9.11680620908737
Malaysia,,1998,12.8318182229996
Malaysia,,2000,16.8800206780434
Malaysia,,2002,15.6656028032303
Malaysia,,2003,17.7534042596816
Malaysia,,2004,17.8378430604934
Malaysia,,2005,17.7847390174866
Malaysia,,2006,21.0904382467269
Malaysia,,2007,20.8649245500565
Malaysia,,2008,17.9092916250229
Malaysia,,2009,15.261519908905
Malaysia,,2010,17.8377175331115
Malaysia,,2011,16.8212473392487
Malaysia,,2012,15.4468539953232
Malaysia,,2013,16.9271775484085
Malaysia,,2014,19.5314489603043
Malaysia,,2015,15.7123913764954
Malaysia,,2016,14.039992749691
Malaysia,,2017,13.3576394319534
Malaysia,,2018,18.0585082769394
Malaysia,,2019,16.5765951871872
Malaysia,,2020,17.4903665781021
Malaysia,,2021,16.3169031739235
Malaysia,,2022,13.9015673398972
Malaysia,,2023,6.12758767604828
Namibia,,1996,7.33817839622497
Namibia,,1998,5.01766926050186
Namibia,,2000,4.91299450397492
Namibia,,2002,2.96372367441654
Namibia,,2003,4.27918890118598
Namibia,,2004,2.30354659259319
Namibia,,2005,1.24079368263483
Namibia,,2006,2.73019140958786
Namibia,,2007,3.32621207833289
Namibia,,2008,5.7405886054039
Namibia,,2009,3.56557232141494
Namibia,,2010,2.64426264166833
Namibia,,2011,2.2911747097969
Namibia,,2012,4.07548713684082
Namibia,,2013,4.62378430366515
Namibia,,2014,3.79938343167305
Namibia,,2015,5.12008240818977
Namibia,,2016,3.40034273266793
Namibia,,2017,3.91601620614529
Namibia,,2018,2.04481091350317
Namibia,,2019,1.73921122401953
Namibia,,2020,0.863626446574926
Namibia,,2021,0.64116489700973
Namibia,,2022,0.761479377746582
Namibia,,2023,0.216276593506336
Niger,,1996,-19.8779797554016
Niger,,1998,-18.77266061306
Niger,,2000,-19.5628094673156
Niger,,2002,-13.9980040192604
Niger,,2003,-11.1080901026726
Niger,,2004,-13.0372135639191
Niger,,2005,-13.3761945366859
Niger,,2006,-14.0503273010254
Niger,,2007,-13.6133268475533
Niger,,2008,-12.5001026391983
Niger,,2009,-11.9910860657692
Niger,,2010,-11.9703491330147
Niger,,2011,-11.1042436361313
Niger,,2012,-11.8337490558624
Niger,,2013,-12.455033659935
Niger,,2014,-12.1299197077751
Niger,,2015,-12.1850278377533
Niger,,2016,-11.720259308815
Niger,,2017,-12.7636376023293
Niger,,2018,-13.9968596100807
Niger,,2019,-14.2137150764465
Niger,,2020,-11.1580127477646
Niger,,2021,-10.8587911128998
Niger,,2022,-8.86769795417785
Niger,,2023,-4.48641151189804
Nigeria,,1996,-15.7018052339554
Nigeria,,1998,-19.0359976291657
Nigeria,,2000,-16.5017626285553
Nigeria,,2002,-17.3351541757584
Nigeria,,2003,-15.5917567014694
Nigeria,,2004,-15.9208301901817
Nigeria,,2005,-15.2655104398727
Nigeria,,2006,-16.4612120985985
Nigeria,,2007,-17.5668423175812
Nigeria,,2008,-16.8102909326553
Nigeria,,2009,-20.421108841896
Nigeria,,2010,-19.821426153183
Nigeria,,2011,-18.7500960826874
Nigeria,,2012,-17.0220829248429
Nigeria,,2013,-16.9699667096138
Nigeria,,2014,-20.2243871688843
Nigeria,,2015,-16.8650750517845
Nigeria,,2016,-18.9655603170395
Nigeria,,2017,-17.638682961464
Nigeria,,2018,-18.9474611282348
Nigeria,,2019,-20.5386564731598
Nigeria,,2020,-19.3638694286346
Nigeria,,2021,-17.3714385628701
Nigeria,,2022,-14.5364825725555
Nigeria,,2023,-5.93534696102142
Nicaragua,,1996,-9.69373887777329
Nicaragua,,1998,-11.2601911425591
Nicaragua,,2000,-11.2317777872086
Nicaragua,,2002,-14.9256234169006
Nicaragua,,2003,-13.5135641098022
Nicaragua,,2004,-14.3335704803467
Nicaragua,,2005,-14.0568084716797
Nicaragua,,2006,-15.2366876602173
Nicaragua,,2007,-16.2291265726089
Nicaragua,,2008,-15.6186967492104
Nicaragua,,2009,-16.3676052093506
Nicaragua,,2010,-16.1516314148903
Nicaragua,,2011,-15.2056882977486
Nicaragua,,2012,-15.1677028536797
Nicaragua,,2013,-13.830283164978
Nicaragua,,2014,-14.2418006658554
Nicaragua,,2015,-14.530345261097
Nicaragua,,2016,-12.4066673517227
Nicaragua,,2017,-11.2612860798836
Nicaragua,,2018,-13.6741120219231
Nicaragua,,2019,-13.1032720804214
Nicaragua,,2020,-11.4654211401939
Nicaragua,,2021,-14.9413079619408
Nicaragua,,2022,-14.5088701248169
Nicaragua,,2023,-7.59461891651155
Netherlands,,1996,33.0298907756805
Netherlands,,1998,34.0715861320495
Netherlands,,2000,33.7173863649369
Netherlands,,2002,32.868560552597
Netherlands,,2003,33.2290143966674
Netherlands,,2004,35.1970891952514
Netherlands,,2005,32.9399257898331
Netherlands,,2006,30.3425123691559
Netherlands,,2007,29.2681013345718
Netherlands,,2008,28.6798930168152
Netherlands,,2009,29.5099898576737
Netherlands,,2010,30.0949544906616
Netherlands,,2011,30.9563072919846
Netherlands,,2012,31.2683101892471
Netherlands,,2013,30.7534457445145
Netherlands,,2014,31.210325717926
Netherlands,,2015,31.1672782897949
Netherlands,,2016,31.036270737648
Netherlands,,2017,30.9323194026947
Netherlands,,2018,30.8648473024368
Netherlands,,2019,30.1293185949325
Netherlands,,2020,30.8080059289932
Netherlands,,2021,29.4654167890549
Netherlands,,2022,22.1085759401321
Netherlands,,2023,11.3787233829499
Norway,,1996,33.1648919582366
Norway,,1998,32.5053527355194
Norway,,2000,30.8740911483765
Norway,,2002,31.1732800006867
Norway,,2003,31.1776214838028
Norway,,2004,34.9997620582581
Norway,,2005,31.6037249565125
Norway,,2006,31.8842704296112
Norway,,2007,34.3045315742493
Norway,,2008,31.1559761762619
Norway,,2009,31.2387558221817
Norway,,2010,31.8496222496032
Norway,,2011,31.1384664773941
Norway,,2012,32.2979333400727
Norway,,2013,31.9088096618652
Norway,,2014,30.9728368520737
Norway,,2015,31.2487379312515
Norway,,2016,31.2434190511704
Norway,,2017,33.1520000696182
Norway,,2018,31.4674122333527
Norway,,2019,31.152636885643
Norway,,2020,32.2128518819809
Norway,,2021,30.6715241670608
Norway,,2022,27.1873061656952
Norway,,2023,12.5995473861694
Nepal,,1996,-6.46959567070007
Nepal,,1998,-5.94095131754875
Nepal,,2000,-6.74440452456474
Nepal,,2002,-10.1693304777145
Nepal,,2003,-13.5992434620857
Nepal,,2004,-16.2493374347687
Nepal,,2005,-14.6493873596191
Nepal,,2006,-15.720586001873
Nepal,,2007,-12.2995961308479
Nepal,,2008,-13.8549790978432
Nepal,,2009,-16.4003779888153
Nepal,,2010,-15.2301443815231
Nepal,,2011,-15.6343411207199
Nepal,,2012,-16.825034558773
Nepal,,2013,-15.8487590551376
Nepal,,2014,-14.6636909246445
Nepal,,2015,-19.1048401594162
Nepal,,2016,-15.0154492259026
Nepal,,2017,-15.8725991249084
Nepal,,2018,-16.0828492045403
Nepal,,2019,-18.4524780511856
Nepal,,2020,-16.6138194203377
Nepal,,2021,-15.6410684585571
Nepal,,2022,-12.8481011390686
Nepal,,2023,-5.65462625026703
Nauru,,2007,-9.93876188993454
Nauru,,2008,-7.44481039047241
Nauru,,2009,-6.79007837176322
Nauru,,2010,-9.60351818799973
Nauru,,2011,-9.91062158346176
Nauru,,2012,-9.48250365257263
Nauru,,2013,-9.76097708940506
Nauru,,2014,-9.61533600091934
Nauru,,2015,-3.30713513493538
Nauru,,2016,-3.20783945918083
Nauru,,2017,-1.95969675853848
Nauru,,2018,3.57756812870503
Nauru,,2019,-0.45900109433569
Nauru,,2020,1.76680595427752
Nauru,,2021,0.181038320064543
Nauru,,2022,2.78925755620002
Nauru,,2023,-0.474656485021114
New Zealand,,1996,30.1200312376023
New Zealand,,1998,27.6880036592483
New Zealand,,2000,26.976469039917
New Zealand,,2002,28.5335869789124
New Zealand,,2003,29.9507230520249
New Zealand,,2004,32.9793921709061
New Zealand,,2005,29.6016843318939
New Zealand,,2006,26.9167183637619
New Zealand,,2007,28.1804593801498
New Zealand,,2008,28.3723516464233
New Zealand,,2009,31.4167419672013
New Zealand,,2010,30.7919162511826
New Zealand,,2011,31.8183567523956
New Zealand,,2012,30.4656536579132
New Zealand,,2013,29.7536066770554
New Zealand,,2014,32.7290642261505
New Zealand,,2015,31.5846816301346
New Zealand,,2016,30.793615937233
New Zealand,,2017,29.4714987277985
New Zealand,,2018,27.789169549942
New Zealand,,2019,27.8463101387024
New Zealand,,2020,26.2852979898453
New Zealand,,2021,22.3403434753418
New Zealand,,2022,18.7655546665192
New Zealand,,2023,10.7098379135132
Oman,,1996,7.47012150287628
Oman,,1998,7.08316546678543
Oman,,2000,4.91299450397492
Oman,,2002,5.91985282301903
Oman,,2003,7.53051519393921
Oman,,2004,7.9118627011776
Oman,,2005,5.24311915040017
Oman,,2006,4.88297659158707
Oman,,2007,5.39022785425186
Oman,,2008,6.74355620145797
Oman,,2009,6.26345130801201
Oman,,2010,6.13960796594619
Oman,,2011,4.01105906069278
Oman,,2012,4.1814731657505
Oman,,2013,3.35685187578201
Oman,,2014,4.26697993278504
Oman,,2015,0.734483312815428
Oman,,2016,2.51215296983719
Oman,,2017,2.45208749175072
Oman,,2018,2.32272031903267
Oman,,2019,3.65473295748233
Oman,,2020,1.87098039686679
Oman,,2021,-2.52640218287707
Oman,,2022,0.30483647622168
Oman,,2023,1.92229261994362
Pakistan,,1996,-10.6106286644936
Pakistan,,1998,-8.33559295535088
Pakistan,,2000,-8.36981239914894
Pakistan,,2002,-9.34118264913559
Pakistan,,2003,-9.96284151077271
Pakistan,,2004,-9.22666150331498
Pakistan,,2005,-7.77199298143388
Pakistan,,2006,-6.51529094576835
Pakistan,,2007,-8.29333379864693
Pakistan,,2008,-12.529280424118
Pakistan,,2009,-13.7955193519592
Pakistan,,2010,-13.1717312335968
Pakistan,,2011,-14.1602358818054
Pakistan,,2012,-13.306237757206
Pakistan,,2013,-13.550374686718
Pakistan,,2014,-12.9428271651268
Pakistan,,2015,-11.9337861537933
Pakistan,,2016,-11.7623890638351
Pakistan,,2017,-10.6824453473091
Pakistan,,2018,-11.2273471355438
Pakistan,,2019,-12.0965265035629
Pakistan,,2020,-9.61526697874069
Pakistan,,2021,-7.3483894765377
Pakistan,,2022,-8.73858577013016
Pakistan,,2023,-4.04453265666962
Panama,,1996,3.80083471536637
Panama,,1998,6.11684387922287
Panama,,2000,3.89084580540658
Panama,,2002,-0.478060454130173
Panama,,2003,-1.91236863285304
Panama,,2004,-1.47984723746777
Panama,,2005,1.18499707430601
Panama,,2006,1.12923096120358
Panama,,2007,2.22609877586365
Panama,,2008,2.023013420403
Panama,,2009,1.76124314963818
Panama,,2010,2.2420226186514
Panama,,2011,2.23236560821534
Panama,,2012,5.4577528834343
Panama,,2013,5.42952466011047
Panama,,2014,4.73291203379631
Panama,,2015,4.82663956284523
Panama,,2016,2.70871737599373
Panama,,2017,0.566230457276106
Panama,,2018,0.303708827123046
Panama,,2019,1.78959365189076
Panama,,2020,2.8984777033329
Panama,,2021,2.21303474158048
Panama,,2022,-1.78885988891124
Panama,,2023,-1.46804511547088
Peru,,1996,0.579890113323927
Peru,,1998,1.2258778065443
Peru,,2000,-3.11989124119282
Peru,,2002,-6.65412086248397
Peru,,2003,-9.95321875810623
Peru,,2004,-11.0564761757851
Peru,,2005,-11.8495044112206
Peru,,2006,-12.8973973989487
Peru,,2007,-10.6837946176529
Peru,,2008,-7.33721202611923
Peru,,2009,-8.32529309391975
Peru,,2010,-4.07074719667435
Peru,,2011,-3.51349383592606
Peru,,2012,-3.18784122169018
Peru,,2013,-2.56475383043288
Peru,,2014,-5.55087533593178
Peru,,2015,-6.1543624997139
Peru,,2016,-4.26559588313103
Peru,,2017,-3.39526902139187
Peru,,2018,-5.42714288830757
Peru,,2019,-2.05428712815046
Peru,,2020,-4.91004997491837
Peru,,2021,-4.9106012582779
Peru,,2022,-5.57299283146858
Peru,,2023,-3.4431095123291
Philippines,,1996,-5.32532051205636
Philippines,,1998,-0.626937162131072
Philippines,,2000,-3.47017873823643
Philippines,,2002,-3.04257602989674
Philippines,,2003,-2.47807350754738
Philippines,,2004,-3.75150266289712
Philippines,,2005,-0.257638410665095
Philippines,,2006,-2.26870904862881
Philippines,,2007,1.85536463558674
Philippines,,2008,0.855669476091862
Philippines,,2009,0.49937865138054
Philippines,,2010,1.22650997340679
Philippines,,2011,3.24864672124386
Philippines,,2012,3.51440177857876
Philippines,,2013,3.51887314021587
Philippines,,2014,5.42340520024299
Philippines,,2015,2.82635162770748
Philippines,,2016,0.422484604641795
Philippines,,2017,-0.492676725029014
Philippines,,2018,1.16478859633207
Philippines,,2019,1.11855796724558
Philippines,,2020,1.25054735690355
Philippines,,2021,0.704146470874548
Philippines,,2022,0.900953531265259
Philippines,,2023,1.07864336669445
Palau,,2008,-10.30945956707
Palau,,2009,-9.36777710914612
Palau,,2010,-14.5215666294098
Palau,,2011,-9.91062158346176
Palau,,2012,-9.48250365257263
Palau,,2013,-9.76097708940506
Palau,,2014,-9.61533600091934
Palau,,2015,0.260793238878251
Palau,,2016,1.58677516877651
Palau,,2017,2.55566699802875
Palau,,2018,3.21324660815299
Palau,,2019,3.04363131523132
Palau,,2020,5.24705978110432
Palau,,2021,4.32466122508048
Palau,,2022,6.2966705262661
Palau,,2023,3.09612789750099
Papua New Guinea,,1996,-5.78333932161331
Papua New Guinea,,1998,-8.09552031755447
Papua New Guinea,,2000,-6.13487315177918
Papua New Guinea,,2002,-8.42052093148231
Papua New Guinea,,2003,-9.0002772808075
Papua New Guinea,,2004,-11.6376799345016
Papua New Guinea,,2005,-15.0630341768265
Papua New Guinea,,2006,-12.9383627176285
Papua New Guinea,,2007,-11.1193188428879
Papua New Guinea,,2008,-11.8653476834297
Papua New Guinea,,2009,-12.7657592892647
Papua New Guinea,,2010,-12.4262564778328
Papua New Guinea,,2011,-12.1877988576889
Papua New Guinea,,2012,-12.574774980545
Papua New Guinea,,2013,-11.2349275946617
Papua New Guinea,,2014,-10.4503014087677
Papua New Guinea,,2015,-10.2439780831337
Papua New Guinea,,2016,-12.5009199976921
Papua New Guinea,,2017,-11.2887068986893
Papua New Guinea,,2018,-11.1936686038971
Papua New Guinea,,2019,-13.5297948122025
Papua New Guinea,,2020,-14.1379648447037
Papua New Guinea,,2021,-15.0942889451981
Papua New Guinea,,2022,-11.3246066570282
Papua New Guinea,,2023,-5.61672985553742
Poland,,1996,11.5801045894623
Poland,,1998,10.61685526371
Poland,,2000,9.66832888126373
Poland,,2002,7.73375287652015
Poland,,2003,8.67380082607269
Poland,,2004,7.47208988666535
Poland,,2005,7.60700237751007
Poland,,2006,5.6637806892395
Poland,,2007,6.09797811508179
Poland,,2008,7.85547772049904
Poland,,2009,8.78972482681275
Poland,,2010,10.7128753066063
Poland,,2011,10.1378970146179
Poland,,2012,11.1804546713829
Poland,,2013,11.208791077137
Poland,,2014,13.0741555094719
Poland,,2015,12.6822916269302
Poland,,2016,11.1794894337654
Poland,,2017,9.45782041549683
Poland,,2018,9.39488905668259
Poland,,2019,8.81217873096466
Poland,,2020,5.61981040239335
Poland,,2021,4.44247645139694
Poland,,2022,3.62859690189361
Poland,,2023,2.95006459951401
Portugal,,1996,21.661227107048
Portugal,,1998,18.8982018232345
Portugal,,2000,16.5299540758133
Portugal,,2002,19.5899673700332
Portugal,,2003,18.8141107559203
Portugal,,2004,17.7516099214554
Portugal,,2005,17.868228316307
Portugal,,2006,14.7487862706184
Portugal,,2007,15.2052212953568
Portugal,,2008,18.3141640424729
Portugal,,2009,19.5868912935257
Portugal,,2010,16.6844378709793
Portugal,,2011,15.660529255867
Portugal,,2012,17.0316681861877
Portugal,,2013,20.3063871860504
Portugal,,2014,16.7220374345779
Portugal,,2015,19.7731655836105
Portugal,,2016,19.6184115409851
Portugal,,2017,22.094228386879
Portugal,,2018,20.1757144927979
Portugal,,2019,19.3677581548691
Portugal,,2020,16.7627843618393
Portugal,,2021,16.3167533874512
Portugal,,2022,14.0190725326538
Portugal,,2023,6.91285014152527
Paraguay,,1996,-15.4609437584877
Paraguay,,1998,-17.9368209838867
Paraguay,,2000,-17.664167881012
Paraguay,,2002,-18.9345744848251
Paraguay,,2003,-16.9825922250748
Paraguay,,2004,-16.4316951036453
Paraguay,,2005,-13.2335147857666
Paraguay,,2006,-16.4036279320717
Paraguay,,2007,-14.5384484529495
Paraguay,,2008,-14.8501927256584
Paraguay,,2009,-15.4153330922127
Paraguay,,2010,-15.5403933525085
Paraguay,,2011,-14.4755117893219
Paraguay,,2012,-15.3201258778572
Paraguay,,2013,-14.9736386537552
Paraguay,,2014,-15.9736458659172
Paraguay,,2015,-16.9119212031364
Paraguay,,2016,-13.9068998098373
Paraguay,,2017,-14.2574864625931
Paraguay,,2018,-10.2232826352119
Paraguay,,2019,-9.74291068315506
Paraguay,,2020,-9.52628713846207
Paraguay,,2021,-11.0483004450798
Paraguay,,2022,-8.5913160443306
Paraguay,,2023,-3.23445758223533
Palestine,,1996,-19.544554233551
Palestine,,1998,-18.711525440216
Palestine,,2000,-19.6926956176758
Palestine,,2002,-17.5318417549134
Palestine,,2003,-20.8285261392594
Palestine,,2004,-13.4515949487686
Palestine,,2005,-18.0561883449555
Palestine,,2006,-16.6895863413811
Palestine,,2007,-18.8114044666291
Palestine,,2008,-21.6487761735916
Palestine,,2009,-11.4808078408241
Palestine,,2010,-6.35403603315354
Palestine,,2011,-10.1692853569984
Palestine,,2012,-12.1081351041794
Palestine,,2013,-12.3375370502472
Palestine,,2014,-8.30256462097168
Palestine,,2015,-8.52672186493874
Palestine,,2016,-11.2651461958885
Palestine,,2017,-7.30103123188019
Palestine,,2018,-13.3731150627136
Palestine,,2019,-13.0913997888565
Palestine,,2020,-11.4224781394005
Palestine,,2021,-13.448629617691
Palestine,,2022,-12.6208721399307
Palestine,,2023,-8.46690189838409
Qatar,,1996,9.45840889215469
Qatar,,1998,7.32323759794235
Qatar,,2000,7.14793476462364
Qatar,,2002,7.66544115543365
Qatar,,2003,7.53051519393921
Qatar,,2004,8.66258847713471
Qatar,,2005,6.76951980590821
Qatar,,2006,9.71493422985077
Qatar,,2007,7.74183407425881
Qatar,,2008,10.3893876671791
Qatar,,2009,16.4439257383347
Qatar,,2010,14.4186254739761
Qatar,,2011,12.8950589299202
Qatar,,2012,16.0432261228561
Qatar,,2013,18.0904948711395
Qatar,,2014,16.2343615293503
Qatar,,2015,16.0402473211288
Qatar,,2016,12.3276600837708
Qatar,,2017,12.4095125198364
Qatar,,2018,10.702470600605
Qatar,,2019,12.0038121342659
Qatar,,2020,14.8417100310326
Qatar,,2021,18.4087346792221
Qatar,,2022,15.9141217470169
Qatar,,2023,8.38188827037814
Romania,,1996,-4.8778757750988
Romania,,1998,-8.95462483167648
Romania,,2000,-4.45670282840729
Romania,,2002,-3.34199286997318
Romania,,2003,-4.83743786811829
Romania,,2004,-2.98994469642638
Romania,,2005,-4.94311660528183
Romania,,2006,-3.23165643215179
Romania,,2007,-6.0079148709774
Romania,,2008,-6.10976311564445
Romania,,2009,-6.21045127511025
Romania,,2010,-1.92371982336044
Romania,,2011,-3.3203572332859
Romania,,2012,-2.88848774135113
Romania,,2013,2.2992917150259
Romania,,2014,3.83049774169921
Romania,,2015,1.77134672552347
Romania,,2016,-1.07403943687677
Romania,,2017,-1.36097937449813
Romania,,2018,-2.92138285934925
Romania,,2019,-3.57007302343846
Romania,,2020,-4.78909981250763
Romania,,2021,-2.67486749589443
Romania,,2022,-0.00290704357394134
Romania,,2023,-0.648661635816097
Russia,,1996,-7.68785235285759
Russia,,1998,-11.2634093165398
Russia,,2000,-11.4487562775612
Russia,,2002,-6.39505532383919
Russia,,2003,-8.47370731830597
Russia,,2004,-8.2185135781765
Russia,,2005,-8.93887943029404
Russia,,2006,-7.96342521905899
Russia,,2007,-6.99154901504518
Russia,,2008,-7.06776666641235
Russia,,2009,-8.44886392354965
Russia,,2010,-10.2281468510628
Russia,,2011,-10.2243643403053
Russia,,2012,-9.08952671289444
Russia,,2013,-7.68543219566346
Russia,,2014,-3.29510486125946
Russia,,2015,-5.52707234025001
Russia,,2016,-5.3874023258686
Russia,,2017,-3.13008227944374
Russia,,2018,-1.64575780183077
Russia,,2019,0.535356916487217
Russia,,2020,-1.78719172626734
Russia,,2021,-3.47486168146133
Russia,,2022,-9.741723716259
Russia,,2023,-4.98723322153092
Rwanda,,1996,-19.544554233551
Rwanda,,1998,-18.711525440216
Rwanda,,2000,-19.6926956176758
Rwanda,,2002,-20.6158231496812
Rwanda,,2003,-17.7668318748474
Rwanda,,2004,-12.0011129379272
Rwanda,,2005,-15.4057023525238
Rwanda,,2006,-6.45490735769272
Rwanda,,2007,-4.15969185531139
Rwanda,,2008,-3.76052330434322
Rwanda,,2009,-4.75218933820725
Rwanda,,2010,-2.6778713017702
Rwanda,,2011,-0.336760162375867
Rwanda,,2012,-1.70012526214123
Rwanda,,2013,-0.432125046849251
Rwanda,,2014,-0.881364773958921
Rwanda,,2015,-2.3726928755641
Rwanda,,2016,0.330079662613571
Rwanda,,2017,3.13069875538349
Rwanda,,2018,1.46578398346901
Rwanda,,2019,1.68664761632681
Rwanda,,2020,4.76004147529602
Rwanda,,2021,3.96992060542107
Rwanda,,2022,3.25192022323608
Rwanda,,2023,2.71853852272033
Saudi Arabia,,1996,-3.1216979175806
Saudi Arabia,,1998,-3.7244575470686
Saudi Arabia,,2000,-3.89993339776993
Saudi Arabia,,2002,-5.74336141347886
Saudi Arabia,,2003,-6.19615042209625
Saudi Arabia,,2004,-6.53024733066559
Saudi Arabia,,2005,-6.62948805093765
Saudi Arabia,,2006,-3.32181431353092
Saudi Arabia,,2007,-2.28666473925113
Saudi Arabia,,2008,-1.81554581969976
Saudi Arabia,,2009,-1.85758322477341
Saudi Arabia,,2010,-0.368263335898519
Saudi Arabia,,2011,-5.36425089836121
Saudi Arabia,,2012,0.361431736499071
Saudi Arabia,,2013,1.01960714906454
Saudi Arabia,,2014,3.31812763214111
Saudi Arabia,,2015,2.76832677423955
Saudi Arabia,,2016,3.77770337462425
Saudi Arabia,,2017,3.71425580978394
Saudi Arabia,,2018,4.78907087445259
Saudi Arabia,,2019,4.56419810652733
Saudi Arabia,,2020,2.01325538754463
Saudi Arabia,,2021,8.00288435816765
Saudi Arabia,,2022,8.15716433525085
Saudi Arabia,,2023,5.57508754730225
Sudan,,1996,-16.7846275568008
Sudan,,1998,-17.9368209838867
Sudan,,2000,-16.0406396389008
Sudan,,2002,-18.3260072469711
Sudan,,2003,-20.7540016174317
Sudan,,2004,-19.6673263311386
Sudan,,2005,-23.9237864017486
Sudan,,2006,-19.7876490354538
Sudan,,2007,-19.2460976839066
Sudan,,2008,-21.8005092144012
Sudan,,2009,-21.7488470077514
Sudan,,2010,-23.4363567829132
Sudan,,2011,-24.0716708898544
Sudan,,2012,-24.3471521139145
Sudan,,2013,-25.2694582939148
Sudan,,2014,-26.4820199012756
Sudan,,2015,-25.5986728668213
Sudan,,2016,-26.4202008247375
Sudan,,2017,-25.019095659256
Sudan,,2018,-27.6256759166717
Sudan,,2019,-28.1368572711945
Sudan,,2020,-26.1308091878891
Sudan,,2021,-28.1903063058853
Sudan,,2022,-23.7418075799942
Sudan,,2023,-13.8394347429276
Senegal,,1996,1.29612273722887
Senegal,,1998,-2.51806458830833
Senegal,,2000,-2.82124854624272
Senegal,,2002,-0.779351480305195
Senegal,,2003,-6.61449298262596
Senegal,,2004,-5.81045362353325
Senegal,,2005,-4.3347266614437
Senegal,,2006,-6.21805408596992
Senegal,,2007,-8.32078215479851
Senegal,,2008,-3.66104620695114
Senegal,,2009,-9.40125346183777
Senegal,,2010,-10.0972905755043
Senegal,,2011,-8.44207438826561
Senegal,,2012,-8.06430757045746
Senegal,,2013,-7.24267402291298
Senegal,,2014,-6.88296508789063
Senegal,,2015,-8.10856759548188
Senegal,,2016,-8.45526999235153
Senegal,,2017,-6.13590830564499
Senegal,,2018,-5.53503414988517
Senegal,,2019,-2.22658816725016
Senegal,,2020,-0.953516412526369
Senegal,,2021,0.503100024536252
Senegal,,2022,0.269738748436794
Senegal,,2023,0.487726345658302
Singapore,,1996,33.8818010091782
Singapore,,1998,35.2307569980621
Singapore,,2000,35.8358952999114
Singapore,,2002,30.4897220134735
Singapore,,2003,32.6411380767823
Singapore,,2004,34.1241680383683
Singapore,,2005,33.8308893442155
Singapore,,2006,38.1132612228394
Singapore,,2007,40.8134579658508
Singapore,,2008,41.853324174881
Singapore,,2009,39.101176738739
Singapore,,2010,38.6430296897888
Singapore,,2011,37.1593825817109
Singapore,,2012,37.3034980297089
Singapore,,2013,36.0373449325562
Singapore,,2014,37.5748932361602
Singapore,,2015,38.1749188899994
Singapore,,2016,37.5974025726319
Singapore,,2017,37.8001792430878
Singapore,,2018,37.9097979068756
Singapore,,2019,37.8819441795349
Singapore,,2020,38.9560074806213
Singapore,,2021,38.3615214824677
Singapore,,2022,30.0234308242798
Singapore,,2023,16.2223038673401
Solomon Islands,,2004,-18.9611155986785
Solomon Islands,,2005,-10.867657661438
Solomon Islands,,2006,-17.0700658559799
Solomon Islands,,2007,-18.4352166652679
Solomon Islands,,2008,-17.1231980323791
Solomon Islands,,2009,-19.452092051506
Solomon Islands,,2010,-17.3855475187302
Solomon Islands,,2011,-15.445827960968
Solomon Islands,,2012,-13.8269961476326
Solomon Islands,,2013,-14.1513324379921
Solomon Islands,,2014,-19.0675014257431
Solomon Islands,,2015,-17.1020883917809
Solomon Islands,,2016,-15.9735279679298
Solomon Islands,,2017,-16.0699568986893
Solomon Islands,,2018,-15.7093241810799
Solomon Islands,,2019,-15.3133355975151
Solomon Islands,,2020,-12.2179578542709
Solomon Islands,,2021,-14.4375870227814
Solomon Islands,,2022,-9.48029500246048
Solomon Islands,,2023,-5.1352247595787
Sierra Leone,,1996,-23.9639704227448
Sierra Leone,,1998,-26.26826608181
Sierra Leone,,2000,-27.338860154152
Sierra Leone,,2002,-27.6926850080491
Sierra Leone,,2003,-22.7017498016357
Sierra Leone,,2004,-19.1494742631913
Sierra Leone,,2005,-22.8764243125915
Sierra Leone,,2006,-18.7244625091553
Sierra Leone,,2007,-19.6165410280227
Sierra Leone,,2008,-19.6445472240448
Sierra Leone,,2009,-20.3172950744628
Sierra Leone,,2010,-20.5596086978912
Sierra Leone,,2011,-20.2441860437393
Sierra Leone,,2012,-20.7620010375976
Sierra Leone,,2013,-20.7365052700043
Sierra Leone,,2014,-21.2278083562851
Sierra Leone,,2015,-21.710148215294
Sierra Leone,,2016,-20.7172385454178
Sierra Leone,,2017,-20.6634455919266
Sierra Leone,,2018,-20.1424059867859
Sierra Leone,,2019,-19.8508347272873
Sierra Leone,,2020,-17.9662679433823
Sierra Leone,,2021,-19.4662182331085
Sierra Leone,,2022,-16.3126856088638
Sierra Leone,,2023,-8.0890861749649
El Salvador,,1996,-11.7555052042007
El Salvador,,1998,-10.401088654995
El Salvador,,2000,-10.5485481023788
El Salvador,,2002,-10.3675552010536
El Salvador,,2003,-7.8390377163887
El Salvador,,2004,-7.69558808207512
El Salvador,,2005,-7.62024053931236
El Salvador,,2006,-3.69961796700954
El Salvador,,2007,-4.418222874403
El Salvador,,2008,-3.61626756191253
El Salvador,,2009,-1.28162358701229
El Salvador,,2010,-0.22060009278357
El Salvador,,2011,-1.88572996109723
El Salvador,,2012,-2.30773885548115
El Salvador,,2013,-2.07654239237309
El Salvador,,2014,-0.429746840149164
El Salvador,,2015,-4.79036110639572
El Salvador,,2016,-5.77190509438514
El Salvador,,2017,-6.52118641138077
El Salvador,,2018,-8.27619296312332
El Salvador,,2019,-8.97968089580536
El Salvador,,2020,-4.35661397874355
El Salvador,,2021,-5.71719995141029
El Salvador,,2022,-4.49114313721657
El Salvador,,2023,0.35307315737009
San Marino,,2015,20.7376517057419
San Marino,,2016,21.572790980339
San Marino,,2017,22.4480112791061
San Marino,,2018,22.4438956975937
San Marino,,2019,22.1144188642502
San Marino,,2020,24.4905880689621
San Marino,,2021,24.4872694015503
San Marino,,2022,24.7956709861755
San Marino,,2023,8.41177213191987
Somalia,,1996,-33.3175424337388
Somalia,,1998,-32.5866825580596
Somalia,,2000,-33.5872428417205
Somalia,,2002,-26.0390238761902
Somalia,,2003,-32.3906780481339
Somalia,,2004,-31.3410416841507
Somalia,,2005,-36.2306303977966
Somalia,,2006,-35.259136915207
Somalia,,2007,-37.4149832725524
Somalia,,2008,-39.0560145378113
Somalia,,2009,-36.6799495220185
Somalia,,2010,-36.8948409557343
Somalia,,2011,-36.5886883735657
Somalia,,2012,-37.2890853881836
Somalia,,2013,-37.3331470489502
Somalia,,2014,-41.491708278656
Somalia,,2015,-37.5995783805847
Somalia,,2016,-37.4181580543518
Somalia,,2017,-38.518721818924
Somalia,,2018,-37.5495145320892
Somalia,,2019,-38.685831785202
Somalia,,2020,-36.1681683063508
Somalia,,2021,-35.3507659435272
Somalia,,2022,-28.3764038085937
Somalia,,2023,-13.861417889595
Serbia,,1996,-18.0995596647263
Serbia,,1998,-15.012223303318
Serbia,,2000,-14.1782724261284
Serbia,,2002,-9.43407601118088
Serbia,,2003,-11.3279145359993
Serbia,,2004,-4.2661095559597
Serbia,,2005,-6.13860329985619
Serbia,,2006,-4.05426888167858
Serbia,,2007,-4.35212826728821
Serbia,,2008,-4.26163613796234
Serbia,,2009,-1.20194218307734
Serbia,,2010,-1.30265961587429
Serbia,,2011,-2.26388853788375
Serbia,,2012,-2.96577225625514
Serbia,,2013,-3.05722688138485
Serbia,,2014,0.0198229594388977
Serbia,,2015,0.0406645118491724
Serbia,,2016,-0.570330466143786
Serbia,,2017,1.33014614880085
Serbia,,2018,1.36544552445412
Serbia,,2019,-0.187987535260618
Serbia,,2020,-0.630828134715557
Serbia,,2021,0.317446631379425
Serbia,,2022,0.915911264717579
Serbia,,2023,0.053440232295543
South Sudan,,2011,-26.9669353961945
South Sudan,,2012,-27.4800802469254
South Sudan,,2013,-28.5817060470581
South Sudan,,2014,-35.6177172660828
South Sudan,,2015,-36.4975447654724
South Sudan,,2016,-39.7173233032227
South Sudan,,2017,-41.512229681015
South Sudan,,2018,-39.4753804206849
South Sudan,,2019,-40.5108373165131
South Sudan,,2020,-39.3679451942444
South Sudan,,2021,-40.700647354126
South Sudan,,2022,-33.46440076828
South Sudan,,2023,-16.2952177524567
São Tomé and Príncipe,,1996,-6.46959567070007
São Tomé and Príncipe,,1998,-5.94095131754875
São Tomé and Príncipe,,2000,-6.74440452456474
São Tomé and Príncipe,,2002,-8.46892324090004
São Tomé and Príncipe,,2003,-7.70040106773376
São Tomé and Príncipe,,2004,-12.079618036747
São Tomé and Príncipe,,2005,-12.2064126133919
São Tomé and Príncipe,,2006,-14.2313119769096
São Tomé and Príncipe,,2007,-12.8071555495262
São Tomé and Príncipe,,2008,-12.5154461860657
São Tomé and Príncipe,,2009,-12.9295989274979
São Tomé and Príncipe,,2010,-14.6407620310783
São Tomé and Príncipe,,2011,-12.7895623445511
São Tomé and Príncipe,,2012,-12.5145822763443
São Tomé and Príncipe,,2013,-12.9975179433823
São Tomé and Príncipe,,2014,-14.7780041098595
São Tomé and Príncipe,,2015,-14.3525162935257
São Tomé and Príncipe,,2016,-13.118314743042
São Tomé and Príncipe,,2017,-14.2970006465912
São Tomé and Príncipe,,2018,-13.2465344071388
São Tomé and Príncipe,,2019,-12.7533729672432
São Tomé and Príncipe,,2020,-12.0710471868515
São Tomé and Príncipe,,2021,-12.8654354214668
São Tomé and Príncipe,,2022,-11.7518131136894
São Tomé and Príncipe,,2023,-6.31704670190811
Suriname,,1996,-11.7059943675995
Suriname,,1998,-8.1178458929062
Suriname,,2000,-2.41418525576591
Suriname,,2002,-3.5705850571394
Suriname,,2003,-2.74921181797981
Suriname,,2004,-0.790807496756315
Suriname,,2005,-1.0248234719038
Suriname,,2006,-5.66078609228134
Suriname,,2007,-4.77713987231255
Suriname,,2008,-2.196692943573
Suriname,,2009,-1.34511248767376
Suriname,,2010,-1.84899922460317
Suriname,,2011,-2.10669831931591
Suriname,,2012,-0.219753379933536
Suriname,,2013,-0.303357684984803
Suriname,,2014,-3.01173055171967
Suriname,,2015,-6.34422862529754
Suriname,,2016,-6.22125944495201
Suriname,,2017,-10.9355800747871
Suriname,,2018,-11.5836859941483
Suriname,,2019,-10.5547905564308
Suriname,,2020,-9.73325115442276
Suriname,,2021,-11.4646390080452
Suriname,,2022,-13.2206409573555
Suriname,,2023,-6.7706668972969
Slovakia,,1996,7.81766554713249
Slovakia,,1998,9.11008411645889
Slovakia,,2000,11.4418832063675
Slovakia,,2002,9.19437676668167
Slovakia,,2003,11.3553039431572
Slovakia,,2004,13.9098008871078
Slovakia,,2005,14.9212197065353
Slovakia,,2006,14.0811777710915
Slovakia,,2007,11.7400555610657
Slovakia,,2008,14.4394785761833
Slovakia,,2009,14.6513289213181
Slovakia,,2010,13.2901291847229
Slovakia,,2011,13.2088536024094
Slovakia,,2012,13.2877210974693
Slovakia,,2013,12.3356587290764
Slovakia,,2014,13.4936535954475
Slovakia,,2015,12.6211369633675
Slovakia,,2016,13.5947484970093
Slovakia,,2017,11.4254677891731
Slovakia,,2018,9.98062193393707
Slovakia,,2019,9.43784314393997
Slovakia,,2020,8.64248919486999
Slovakia,,2021,8.46514427661896
Slovakia,,2022,5.29729309678078
Slovakia,,2023,1.60658612847328
Slovenia,,1996,15.0817230939865
Slovenia,,1998,12.7934747338295
Slovenia,,2000,11.4601475596428
Slovenia,,2002,13.4272290468216
Slovenia,,2003,15.2679036259651
Slovenia,,2004,15.3275142908096
Slovenia,,2005,15.0533186197281
Slovenia,,2006,16.23469799757
Slovenia,,2007,15.1226800680161
Slovenia,,2008,18.9614980220795
Slovenia,,2009,19.453962802887
Slovenia,,2010,17.2700200080871
Slovenia,,2011,16.6279297471046
Slovenia,,2012,17.3311381340026
Slovenia,,2013,17.0414335727691
Slovenia,,2014,16.9544104337692
Slovenia,,2015,16.0280489325523
Slovenia,,2016,18.5904415845871
Slovenia,,2017,19.3070201873779
Slovenia,,2018,18.5088183879852
Slovenia,,2019,17.8120820522308
Slovenia,,2020,19.1728559732437
Slovenia,,2021,19.4661091566085
Slovenia,,2022,14.963215470314
Slovenia,,2023,7.27505803108217
Sweden,,1996,32.6725863218307
Sweden,,1998,32.0363768339157
Sweden,,2000,31.9485478401185
Sweden,,2002,33.364076256752
Sweden,,2003,34.2846384048462
Sweden,,2004,35.6941230297089
Sweden,,2005,32.0927681922912
Sweden,,2006,30.6085650920869
Sweden,,2007,34.3159971237183
Sweden,,2008,33.0967134237289
Sweden,,2009,34.7079691886902
Sweden,,2010,33.3639509677887
Sweden,,2011,32.7277222871781
Sweden,,2012,32.4866355657578
Sweden,,2013,30.4168970584869
Sweden,,2014,28.5871964693069
Sweden,,2015,28.7266464233398
Sweden,,2016,28.3661948442459
Sweden,,2017,28.5832438468933
Sweden,,2018,28.5082889795303
Sweden,,2019,28.5436891317368
Sweden,,2020,28.5123165845871
Sweden,,2021,27.5160912275314
Sweden,,2022,22.0176734924317
Sweden,,2023,11.2096832990647
Eswatini,,1996,-10.8279141783714
Eswatini,,1998,-10.1978096961975
Eswatini,,2000,-11.0605022311211
Eswatini,,2002,-8.46892324090004
Eswatini,,2003,-12.0764434933662
Eswatini,,2004,-18.4203104972839
Eswatini,,2005,-16.1693221926689
Eswatini,,2006,-9.38561791181565
Eswatini,,2007,-9.74806267023087
Eswatini,,2008,-7.95271557569504
Eswatini,,2009,-7.30287823081017
Eswatini,,2010,-5.07045036554337
Eswatini,,2011,-8.86099374294281
Eswatini,,2012,-6.56373307108879
Eswatini,,2013,-6.28669971227646
Eswatini,,2014,-8.41199815273285
Eswatini,,2015,-9.08237510919571
Eswatini,,2016,-9.10493862628937
Eswatini,,2017,-8.26411712169647
Eswatini,,2018,-11.3069823980331
Eswatini,,2019,-10.7475714683533
Eswatini,,2020,-12.7335109710693
Eswatini,,2021,-12.6870703697205
Eswatini,,2022,-10.272672533989
Eswatini,,2023,-6.19470828771591
Seychelles,,1996,10.9636824131012
Seychelles,,1998,11.0864806771278
Seychelles,,2000,10.5199837684631
Seychelles,,2002,9.65691530704498
Seychelles,,2003,9.80376678705216
Seychelles,,2004,8.43336588144302
Seychelles,,2005,7.74142190814019
Seychelles,,2006,8.02216506004334
Seychelles,,2007,10.3251891732216
Seychelles,,2008,12.2959753870964
Seychelles,,2009,11.1404451131821
Seychelles,,2010,10.6011958122253
Seychelles,,2011,11.0595044493675
Seychelles,,2012,11.3519694805145
Seychelles,,2013,9.351802110672
Seychelles,,2014,8.68925356864929
Seychelles,,2015,9.52485173940658
Seychelles,,2016,8.9688840508461
Seychelles,,2017,8.53513768315315
Seychelles,,2018,10.8678819537163
Seychelles,,2019,10.6980968117714
Seychelles,,2020,11.6886876225471
Seychelles,,2021,15.4210740923882
Seychelles,,2022,9.2682883143425
Seychelles,,2023,4.37320923805237
Syria,,1996,-13.6817393898964
Syria,,1998,-17.9368209838867
Syria,,2000,-16.0406396389008
Syria,,2002,-15.4479545354843
Syria,,2003,-19.3821564912796
Syria,,2004,-18.059343457222
Syria,,2005,-19.5254949331283
Syria,,2006,-13.8838558793068
Syria,,2007,-11.8476279377937
Syria,,2008,-8.81584882736206
Syria,,2009,-8.28053534030914
Syria,,2010,-7.59908488392831
Syria,,2011,-8.7945249080658
Syria,,2012,-19.6713821887971
Syria,,2013,-23.8699822425842
Syria,,2014,-23.8657941818237
Syria,,2015,-27.5515950918198
Syria,,2016,-31.3608374595642
Syria,,2017,-30.5113339424133
Syria,,2018,-28.8456593751907
Syria,,2019,-29.5634183883667
Syria,,2020,-29.7519702911378
Syria,,2021,-29.9517024755478
Syria,,2022,-24.5354096889495
Syria,,2023,-12.5171347856521
Chad,,1996,-10.8279141783714
Chad,,1998,-10.1978096961975
Chad,,2000,-11.0605022311211
Chad,,2002,-15.097842335701
Chad,,2003,-19.9656289815903
Chad,,2004,-19.5707945823669
Chad,,2005,-23.731149315834
Chad,,2006,-24.8194702863693
Chad,,2007,-27.3648273944854
Chad,,2008,-26.4147297143936
Chad,,2009,-24.1183723211288
Chad,,2010,-24.7660908699036
Chad,,2011,-23.3512808084489
Chad,,2012,-25.2609230279922
Chad,,2013,-23.613631606102
Chad,,2014,-25.6746482849121
Chad,,2015,-25.2242615222931
Chad,,2016,-26.3881059885025
Chad,,2017,-25.5761004686355
Chad,,2018,-26.4702908992767
Chad,,2019,-27.2289924621582
Chad,,2020,-25.5940817594528
Chad,,2021,-24.7242261171341
Chad,,2022,-19.9260543584824
Chad,,2023,-10.3540412187576
Togo,,1996,-11.7059943675995
Togo,,1998,-16.7906393408775
Togo,,2000,-17.9662830829621
Togo,,2002,-20.3820130825042
Togo,,2003,-21.9441750049591
Togo,,2004,-23.588544845581
Togo,,2005,-24.7651473283768
Togo,,2006,-25.4062480926514
Togo,,2007,-25.9466148614884
Togo,,2008,-25.2146893739701
Togo,,2009,-23.0851157903672
Togo,,2010,-23.5510342121124
Togo,,2011,-23.3506859540939
Togo,,2012,-22.0666190385818
Togo,,2013,-21.9345752000808
Togo,,2014,-21.5433679819108
Togo,,2015,-20.7778741121293
Togo,,2016,-18.943904042244
Togo,,2017,-19.7612030506134
Togo,,2018,-18.5383216142654
Togo,,2019,-16.427669942379
Togo,,2020,-12.3147603273392
Togo,,2021,-11.5511894822121
Togo,,2022,-9.01748484373093
Togo,,2023,-4.04636430740357
Thailand,,1996,3.06381739675998
Thailand,,1998,0.608840379863978
Thailand,,2000,3.01725089550018
Thailand,,2002,4.43786799907684
Thailand,,2003,5.20990946888924
Thailand,,2004,4.46930745244026
Thailand,,2005,5.8135122358799
Thailand,,2006,7.12377834320068
Thailand,,2007,4.89860609173775
Thailand,,2008,2.70547552406788
Thailand,,2009,3.55021923780441
Thailand,,2010,1.44806860387325
Thailand,,2011,1.72117956727743
Thailand,,2012,2.24096493422986
Thailand,,2013,2.80355173349381
Thailand,,2014,4.40629717707634
Thailand,,2015,4.18040196597576
Thailand,,2016,3.97304190695286
Thailand,,2017,4.5213553905487
Thailand,,2018,4.46428826451302
Thailand,,2019,4.56016629934311
Thailand,,2020,3.52641828358173
Thailand,,2021,3.84798830747604
Thailand,,2022,1.79010459780693
Thailand,,2023,1.20194068551064
Tajikistan,,1996,-23.9028717279434
Tajikistan,,1998,-22.9683833122253
Tajikistan,,2000,-19.6926956176758
Tajikistan,,2002,-21.0997307300568
Tajikistan,,2003,-19.4507157802581
Tajikistan,,2004,-16.6580946445465
Tajikistan,,2005,-19.7051391601563
Tajikistan,,2006,-18.2387660741807
Tajikistan,,2007,-19.1666668653488
Tajikistan,,2008,-18.525978922844
Tajikistan,,2009,-19.0741860866546
Tajikistan,,2010,-15.8327243924141
Tajikistan,,2011,-16.2705547213554
Tajikistan,,2012,-15.9127303361893
Tajikistan,,2013,-18.1372241973877
Tajikistan,,2014,-13.4503781199455
Tajikistan,,2015,-15.2366813421249
Tajikistan,,2016,-18.4010847806931
Tajikistan,,2017,-19.9791268110276
Tajikistan,,2018,-19.6203206777572
Tajikistan,,2019,-18.8269389867782
Tajikistan,,2020,-12.7512747049332
Tajikistan,,2021,-10.8197620511055
Tajikistan,,2022,-10.5927983522415
Tajikistan,,2023,-5.4062260389328
Turkmenistan,,1996,-19.544554233551
Turkmenistan,,1998,-18.711525440216
Turkmenistan,,2000,-19.6926956176758
Turkmenistan,,2002,-23.508515715599
Turkmenistan,,2003,-24.0425654649735
Turkmenistan,,2004,-26.3385010957718
Turkmenistan,,2005,-26.6314252614975
Turkmenistan,,2006,-25.7869695425033
Turkmenistan,,2007,-23.8887696266174
Turkmenistan,,2008,-23.812826037407
Turkmenistan,,2009,-23.5897635221481
Turkmenistan,,2010,-25.9507850408554
Turkmenistan,,2011,-25.7488088607788
Turkmenistan,,2012,-19.1672194004059
Turkmenistan,,2013,-19.2867527008056
Turkmenistan,,2014,-8.87922245264053
Turkmenistan,,2015,-10.0429543852806
Turkmenistan,,2016,-15.3653581142426
Turkmenistan,,2017,-17.0599349737168
Turkmenistan,,2018,-18.3946648836136
Turkmenistan,,2019,-17.1481020450592
Turkmenistan,,2020,-17.3054746389389
Turkmenistan,,2021,-16.2490492463112
Turkmenistan,,2022,-16.2214585542679
Turkmenistan,,2023,-8.4454970359802
Timor-Leste,,2002,-13.0003832578659
Timor-Leste,,2003,-16.4524850845337
Timor-Leste,,2004,-11.6671241521835
Timor-Leste,,2005,-17.0060160160064
Timor-Leste,,2006,-20.7863792181015
Timor-Leste,,2007,-19.6063319444656
Timor-Leste,,2008,-18.1218543052674
Timor-Leste,,2009,-20.2824187278748
Timor-Leste,,2010,-21.2778052091598
Timor-Leste,,2011,-20.1564691066742
Timor-Leste,,2012,-20.325450181961
Timor-Leste,,2013,-21.1862670183182
Timor-Leste,,2014,-20.6357202529907
Timor-Leste,,2015,-18.3207688331604
Timor-Leste,,2016,-17.6385246515274
Timor-Leste,,2017,-17.0666283369064
Timor-Leste,,2018,-16.0251312851906
Timor-Leste,,2019,-14.6561554074287
Timor-Leste,,2020,-12.8673833608627
Timor-Leste,,2021,-12.8382961153984
Timor-Leste,,2022,-10.7654420733452
Timor-Leste,,2023,-5.89368087053299
Tonga,,2004,-9.3002832531929
Tonga,,2005,-8.7937348484993
Tonga,,2006,-10.8366624116898
Tonga,,2007,-7.62128254771233
Tonga,,2008,-7.60642576217651
Tonga,,2009,-5.85177060961723
Tonga,,2010,-4.88007709383964
Tonga,,2011,-5.58322864770889
Tonga,,2012,-6.56726494431496
Tonga,,2013,-6.5555976331234
Tonga,,2014,-0.0788465570658445
Tonga,,2015,-5.9187721312046
Tonga,,2016,-5.33142423629761
Tonga,,2017,-4.13598221540451
Tonga,,2018,3.29535610973835
Tonga,,2019,3.55514818429947
Tonga,,2020,4.74686685204506
Tonga,,2021,5.11992979049683
Tonga,,2022,-2.33174061775207
Tonga,,2023,-0.806676350533963
Trinidad and Tobago,,1996,-1.77498786151409
Trinidad and Tobago,,1998,3.57120442390442
Trinidad and Tobago,,2000,7.71918243169785
Trinidad and Tobago,,2002,5.80155402421951
Trinidad and Tobago,,2003,8.04552364349365
Trinidad and Tobago,,2004,6.94254589080811
Trinidad and Tobago,,2005,3.14960445463657
Trinidad and Tobago,,2006,1.9647988602519
Trinidad and Tobago,,2007,4.14528632164002
Trinidad and Tobago,,2008,3.92318461835384
Trinidad and Tobago,,2009,5.94892737269401
Trinidad and Tobago,,2010,5.77283024787903
Trinidad and Tobago,,2011,6.64736643433571
Trinidad and Tobago,,2012,8.18820112943649
Trinidad and Tobago,,2013,7.08161196112633
Trinidad and Tobago,,2014,5.70060312747955
Trinidad and Tobago,,2015,4.39962360262871
Trinidad and Tobago,,2016,4.29889985918999
Trinidad and Tobago,,2017,3.93163709342479
Trinidad and Tobago,,2018,3.60950256884098
Trinidad and Tobago,,2019,1.59228063374758
Trinidad and Tobago,,2020,3.06761325895786
Trinidad and Tobago,,2021,2.74749772250653
Trinidad and Tobago,,2022,-0.354645693674683
Trinidad and Tobago,,2023,-0.305502783507109
Tunisia,,1996,6.38729816675186
Tunisia,,1998,7.08316546678543
Tunisia,,2000,7.08451870083809
Tunisia,,2002,8.88247835636139
Tunisia,,2003,8.04976546764374
Tunisia,,2004,7.15204492211342
Tunisia,,2005,5.81270334124565
Tunisia,,2006,11.5947985053062
Tunisia,,2007,8.1698397397995
Tunisia,,2008,5.25692903995514
Tunisia,,2009,6.26653432846069
Tunisia,,2010,2.72001758217812
Tunisia,,2011,0.00236970512196425
Tunisia,,2012,-0.862419657409191
Tunisia,,2013,-0.975059758871794
Tunisia,,2014,-1.1148024648428
Tunisia,,2015,-1.63300378620624
Tunisia,,2016,-3.40578569471836
Tunisia,,2017,-0.759428264573216
Tunisia,,2018,-0.00810294551774869
Tunisia,,2019,-0.506424659397453
Tunisia,,2020,-3.09720492362976
Tunisia,,2021,-3.42104844748974
Tunisia,,2022,-3.93512511253357
Tunisia,,2023,-2.10360559821128
Turkey,,1996,-1.29416267573833
Turkey,,1998,-5.3186576962471
Turkey,,2000,-0.347390564158559
Turkey,,2002,0.893605776131153
Turkey,,2003,0.58712175115943
Turkey,,2004,-0.34646543301642
Turkey,,2005,2.45506121218204
Turkey,,2006,1.7862426713109
Turkey,,2007,5.54674488306046
Turkey,,2008,4.92999264597892
Turkey,,2009,4.92541220784188
Turkey,,2010,5.3554889857769
Turkey,,2011,6.20774188637733
Turkey,,2012,7.34926265478134
Turkey,,2013,6.78305041790008
Turkey,,2014,6.67972314357758
Turkey,,2015,3.48111133277416
Turkey,,2016,0.00372214242815974
Turkey,,2017,0.348201197572052
Turkey,,2018,-1.03793944604695
Turkey,,2019,-0.228039415553212
Turkey,,2020,-2.60457041859627
Turkey,,2021,-1.92353477329016
Turkey,,2022,-2.79072485864162
Turkey,,2023,-1.73538111150265
Tuvalu,,2004,-11.4004646539688
Tuvalu,,2005,0.290651317685843
Tuvalu,,2006,-5.93071806430817
Tuvalu,,2007,-7.75958356261254
Tuvalu,,2008,-9.81175857782364
Tuvalu,,2009,-7.60924446582794
Tuvalu,,2010,-8.36902606487274
Tuvalu,,2011,-8.11911046504974
Tuvalu,,2012,-11.789909362793
Tuvalu,,2013,-11.1764594912529
Tuvalu,,2014,-16.5189810991287
Tuvalu,,2015,-16.5539084076881
Tuvalu,,2016,-15.7751902937889
Tuvalu,,2017,-11.9629981517792
Tuvalu,,2018,-9.72412085533142
Tuvalu,,2019,-9.38001608848572
Tuvalu,,2020,-7.66156592965126
Tuvalu,,2021,-7.08978724479675
Tuvalu,,2022,-4.37799155712128
Tuvalu,,2023,-3.14825901389122
Tanzania,,1996,-11.693452000618
Tanzania,,1998,-9.4347670674324
Tanzania,,2000,-9.46265250444412
Tanzania,,2002,-8.28302758932113
Tanzania,,2003,-8.47562131285667
Tanzania,,2004,-10.3739452362061
Tanzania,,2005,-7.43288451433183
Tanzania,,2006,-7.6556527018547
Tanzania,,2007,-7.2106813788414
Tanzania,,2008,-9.01556813716889
Tanzania,,2009,-10.678392291069
Tanzania,,2010,-10.5602082014084
Tanzania,,2011,-11.2365382313728
Tanzania,,2012,-11.9306662082672
Tanzania,,2013,-12.1169593334198
Tanzania,,2014,-11.1779814958572
Tanzania,,2015,-11.0109991431236
Tanzania,,2016,-10.2053002715111
Tanzania,,2017,-11.5063759684563
Tanzania,,2018,-13.1747553944588
Tanzania,,2019,-14.4602425098419
Tanzania,,2020,-12.4861134886742
Tanzania,,2021,-10.958508849144
Tanzania,,2022,-6.20970383286476
Tanzania,,2023,-3.18556648492813
Uganda,,1996,-11.693452000618
Uganda,,1998,-8.33559295535088
Uganda,,2000,-8.36981239914894
Uganda,,2002,-8.18101623654365
Uganda,,2003,-7.70782855153084
Uganda,,2004,-8.02689445018769
Uganda,,2005,-9.73434907197952
Uganda,,2006,-9.88825011253357
Uganda,,2007,-7.69336229562759
Uganda,,2008,-10.5641909241676
Uganda,,2009,-11.4153648018837
Uganda,,2010,-9.73858451843262
Uganda,,2011,-9.52105247974396
Uganda,,2012,-10.1504797339439
Uganda,,2013,-10.4076703190804
Uganda,,2014,-9.18982994556427
Uganda,,2015,-9.69886833429337
Uganda,,2016,-10.6796001791954
Uganda,,2017,-10.7021305561066
Uganda,,2018,-11.6853912472725
Uganda,,2019,-10.9464901089668
Uganda,,2020,-10.3923706412315
Uganda,,2021,-10.1166726946831
Uganda,,2022,-8.32326501607895
Uganda,,2023,-3.84656000137329
Ukraine,,1996,-11.3913641571999
Ukraine,,1998,-14.419082224369
Ukraine,,2000,-11.4917476773262
Ukraine,,2002,-11.8235914707184
Ukraine,,2003,-11.4624844789505
Ukraine,,2004,-11.3371214866638
Ukraine,,2005,-11.4248764514923
Ukraine,,2006,-8.90672498941422
Ukraine,,2007,-12.3302675485611
Ukraine,,2008,-13.4013702869415
Ukraine,,2009,-14.3644312620163
Ukraine,,2010,-13.9626726508141
Ukraine,,2011,-14.7526606321335
Ukraine,,2012,-10.1037058830261
Ukraine,,2013,-11.2839094400406
Ukraine,,2014,-6.76659509539605
Ukraine,,2015,-9.32748293876648
Ukraine,,2016,-10.268602848053
Ukraine,,2017,-8.65881845355034
Ukraine,,2018,-7.74420517683029
Ukraine,,2019,-5.60573208332061
Ukraine,,2020,-6.88971179723739
Ukraine,,2021,-7.37566539645195
Ukraine,,2022,-6.95389413833618
Ukraine,,2023,-2.50124070048332
Uruguay,,1996,9.93836063146592
Uruguay,,1998,7.32323759794235
Uruguay,,2000,7.08827593922616
Uruguay,,2002,10.0063131451607
Uruguay,,2003,7.77597960829735
Uruguay,,2004,5.15490821003914
Uruguay,,2005,8.36830133199692
Uruguay,,2006,6.45213425159454
Uruguay,,2007,9.56181097030639
Uruguay,,2008,9.19550627470017
Uruguay,,2009,10.6033810973167
Uruguay,,2010,10.7552235722542
Uruguay,,2011,9.15834909677505
Uruguay,,2012,7.05260506272316
Uruguay,,2013,6.73887711763382
Uruguay,,2014,7.37958946824074
Uruguay,,2015,7.80086708068848
Uruguay,,2016,8.6645799279213
Uruguay,,2017,6.95625987648964
Uruguay,,2018,8.65977483987808
Uruguay,,2019,11.0171973109245
Uruguay,,2020,12.5302410125732
Uruguay,,2021,13.7170456051826
Uruguay,,2022,11.8968527317047
Uruguay,,2023,5.95174795389175
United States,,1996,25.9236478805542
United States,,1998,28.8749667406083
United States,,2000,29.3230711221696
United States,,2002,27.5557727813721
United States,,2003,26.1801040172577
United States,,2004,29.583056807518
United States,,2005,26.0258767604827
United States,,2006,26.8875362873077
United States,,2007,27.9337797164917
United States,,2008,27.2845749855041
United States,,2009,25.5501370429992
United States,,2010,26.3880116939544
United States,,2011,25.7339278459548
United States,,2012,25.8615465164184
United States,,2013,25.7848695516586
United States,,2014,24.8533853292466
United States,,2015,24.4354250431061
United States,,2016,24.5858936309815
United States,,2017,25.8914405107499
United States,,2018,26.2253131866456
United States,,2019,24.7958123683929
United States,,2020,21.7793802022934
United States,,2021,22.1885899305343
United States,,2022,17.5804207324982
United States,,2023,8.52040696144106
Uzbekistan,,1996,-20.4109381437301
Uzbekistan,,1998,-20.494185090065
Uzbekistan,,2000,-17.3397159576417
Uzbekistan,,2002,-20.5426887273789
Uzbekistan,,2003,-20.1838341951371
Uzbekistan,,2004,-20.4132895469666
Uzbekistan,,2005,-20.8057502508163
Uzbekistan,,2006,-20.1448439359665
Uzbekistan,,2007,-19.3531361818314
Uzbekistan,,2008,-15.2487682700157
Uzbekistan,,2009,-10.9525220990181
Uzbekistan,,2010,-12.4280877709389
Uzbekistan,,2011,-11.8287014961243
Uzbekistan,,2012,-15.7073320150375
Uzbekistan,,2013,-15.773445725441
Uzbekistan,,2014,-10.7905868291855
Uzbekistan,,2015,-12.5543841719627
Uzbekistan,,2016,-11.0071478486061
Uzbekistan,,2017,-10.5265055894852
Uzbekistan,,2018,-10.2835011482239
Uzbekistan,,2019,-9.97227138280868
Uzbekistan,,2020,-10.2119072079659
Uzbekistan,,2021,-4.30610406398773
Uzbekistan,,2022,-4.61617249250412
Uzbekistan,,2023,-1.98637264966965
Saint Vincent-Grenadines,,2004,7.06392183899879
Saint Vincent-Grenadines,,2005,17.8408725261689
Saint Vincent-Grenadines,,2006,13.7444452643394
Saint Vincent-Grenadines,,2007,12.6641800999641
Saint Vincent-Grenadines,,2008,13.4489099979401
Saint Vincent-Grenadines,,2009,14.3112672567368
Saint Vincent-Grenadines,,2010,12.2975476384163
Saint Vincent-Grenadines,,2011,14.2346888184547
Saint Vincent-Grenadines,,2012,15.9288651943207
Saint Vincent-Grenadines,,2013,16.8244231939316
Saint Vincent-Grenadines,,2014,3.63305903971195
Saint Vincent-Grenadines,,2015,2.15008236467838
Saint Vincent-Grenadines,,2016,6.27617651224136
Saint Vincent-Grenadines,,2017,6.53017774224282
Saint Vincent-Grenadines,,2018,5.47292676568031
Saint Vincent-Grenadines,,2019,5.71577417850495
Saint Vincent-Grenadines,,2020,5.22305607795716
Saint Vincent-Grenadines,,2021,5.19087314605713
Saint Vincent-Grenadines,,2022,4.4530879855156
Saint Vincent-Grenadines,,2023,0.516842342913151
Venezuela,,1996,-9.19212627410888
Venezuela,,1998,-13.5948547720909
Venezuela,,2000,-11.7758285403252
Venezuela,,2002,-17.050041794777
Venezuela,,2003,-16.3172439932823
Venezuela,,2004,-17.9468938112259
Venezuela,,2005,-15.6131775975227
Venezuela,,2006,-18.1131228208542
Venezuela,,2007,-18.6476317644119
Venezuela,,2008,-19.5315742492676
Venezuela,,2009,-16.5470860600471
Venezuela,,2010,-18.7234653234482
Venezuela,,2011,-19.2326070070267
Venezuela,,2012,-18.3858921527863
Venezuela,,2013,-18.9245054721832
Venezuela,,2014,-19.9519559144974
Venezuela,,2015,-20.2186477184296
Venezuela,,2016,-21.5391714572907
Venezuela,,2017,-24.17294216156
Venezuela,,2018,-28.3334971666336
Venezuela,,2019,-29.197903752327
Venezuela,,2020,-32.0623265504837
Venezuela,,2021,-31.7990292310715
Venezuela,,2022,-23.640629529953
Venezuela,,2023,-11.194406747818
Vietnam,,1996,-9.87488681077958
Vietnam,,1998,-7.18006280064583
Vietnam,,2000,-6.70305767655372
Vietnam,,2002,-7.43438214063644
Vietnam,,2003,-6.88731771707535
Vietnam,,2004,-8.19085639715195
Vietnam,,2005,-3.89667543768883
Vietnam,,2006,-4.21207994222641
Vietnam,,2007,-3.87046693265439
Vietnam,,2008,-3.4247422516346
Vietnam,,2009,-4.1835555434227
Vietnam,,2010,-4.14741094410419
Vietnam,,2011,-3.57435131072998
Vietnam,,2012,-4.25175175070763
Vietnam,,2013,-4.19567781686783
Vietnam,,2014,-0.811724308878183
Vietnam,,2015,1.15754591673613
Vietnam,,2016,-0.167314540594816
Vietnam,,2017,-0.448427395429462
Vietnam,,2018,-0.15586447995156
Vietnam,,2019,0.522653214633465
Vietnam,,2020,3.40078985691071
Vietnam,,2021,4.24175208806992
Vietnam,,2022,2.45088240504265
Vietnam,,2023,0.885268300771715
Vanuatu,,2004,-4.25984930992126
Vanuatu,,2005,-4.4105603992939
Vanuatu,,2006,-7.01371520757675
Vanuatu,,2007,-6.99110767245293
Vanuatu,,2008,-4.8101644217968
Vanuatu,,2009,-5.46686369180679
Vanuatu,,2010,-4.54349574446678
Vanuatu,,2011,-3.62569877505302
Vanuatu,,2012,-3.22236056625842
Vanuatu,,2013,-3.06984743475914
Vanuatu,,2014,-8.77532815933228
Vanuatu,,2015,-13.859848856926
Vanuatu,,2016,-16.1222147941589
Vanuatu,,2017,-16.2660785913467
Vanuatu,,2018,-7.8642461001873
Vanuatu,,2019,-8.83706682920456
Vanuatu,,2020,-6.560840010643
Vanuatu,,2021,-9.38866776227951
Vanuatu,,2022,-7.52363556623459
Vanuatu,,2023,-3.98023837804795
Samoa,,1996,6.60536289215087
Samoa,,1998,6.82962280511856
Samoa,,2000,6.20388606190682
Samoa,,2002,5.12545579671859
Samoa,,2003,5.42772528529167
Samoa,,2004,-0.479523155838251
Samoa,,2005,8.58329981565476
Samoa,,2006,6.44300851225853
Samoa,,2007,4.43192756175995
Samoa,,2008,3.50210501253605
Samoa,,2009,1.00167773663998
Samoa,,2010,0.0231391330016777
Samoa,,2011,0.93778071552515
Samoa,,2012,0.406825229525566
Samoa,,2013,1.14167612046003
Samoa,,2014,9.972476541996
Samoa,,2015,11.2753949761391
Samoa,,2016,11.6732079386711
Samoa,,2017,12.0368607640266
Samoa,,2018,10.7405805587769
Samoa,,2019,7.62755188345909
Samoa,,2020,9.56286305189133
Samoa,,2021,6.63062897324562
Samoa,,2022,4.28797197341919
Samoa,,2023,3.44803974032402
Kosovo,,2006,-5.78165277838707
Kosovo,,2007,-3.62670002877712
Kosovo,,2008,-4.0474038273096
Kosovo,,2009,-6.90493789315224
Kosovo,,2010,-9.94101274013519
Kosovo,,2011,-7.41964820027351
Kosovo,,2012,-5.52308824658394
Kosovo,,2013,-6.04981648921966
Kosovo,,2014,-4.91383457183838
Kosovo,,2015,-7.12563931941986
Kosovo,,2016,-7.35325872898102
Kosovo,,2017,-7.02891203761101
Kosovo,,2018,-7.47507181763649
Kosovo,,2019,-6.2030020058155
Kosovo,,2020,-5.55324125289917
Kosovo,,2021,-4.2700978666544
Kosovo,,2022,-2.72513695061207
Kosovo,,2023,-0.56042431294918
Yemen,,1996,-10.6106286644936
Yemen,,1998,-13.5657594799995
Yemen,,2000,-13.8691159486771
Yemen,,2002,-15.1622726917267
Yemen,,2003,-14.6709408164024
Yemen,,2004,-16.5392317175865
Yemen,,2005,-15.5938029289246
Yemen,,2006,-15.634211063385
Yemen,,2007,-15.0509521961212
Yemen,,2008,-15.1951265335083
Yemen,,2009,-18.4058978557587
Yemen,,2010,-17.5307880640031
Yemen,,2011,-19.6691393852234
Yemen,,2012,-21.7962735891342
Yemen,,2013,-20.8856028318405
Yemen,,2014,-24.4050624370575
Yemen,,2015,-28.9942671060562
Yemen,,2016,-32.3023397922517
Yemen,,2017,-33.1613169908524
Yemen,,2018,-38.6215445995331
Yemen,,2019,-39.5570363998413
Yemen,,2020,-40.1158208847046
Yemen,,2021,-39.4649269580841
Yemen,,2022,-31.2620439529419
Yemen,,2023,-15.9279429912567
South Africa,,1996,17.3484301567077
South Africa,,1998,10.6200440526009
South Africa,,2000,10.9804592728615
South Africa,,2002,10.3331341147423
South Africa,,2003,10.2018417716026
South Africa,,2004,9.51290917396545
South Africa,,2005,9.64798694849014
South Africa,,2006,5.52445960044861
South Africa,,2007,4.83052682876587
South Africa,,2008,5.66364297270775
South Africa,,2009,5.29091370105744
South Africa,,2010,3.26218765974045
South Africa,,2011,3.70287112891674
South Africa,,2012,2.89523448050022
South Africa,,2013,5.21026691794395
South Africa,,2014,2.80826219916343
South Africa,,2015,1.57497264444828
South Africa,,2016,1.82189866155387
South Africa,,2017,1.2922907024622
South Africa,,2018,1.84945253282786
South Africa,,2019,2.27859346568584
South Africa,,2020,0.932842064648867
South Africa,,2021,-1.04033301025629
South Africa,,2022,-1.64041925221682
South Africa,,2023,-1.79862678050995
Zambia,,1996,-19.1823840141296
Zambia,,1998,-18.1768931150436
Zambia,,2000,-18.3389954566956
Zambia,,2002,-15.7233515977859
Zambia,,2003,-17.1714118719101
Zambia,,2004,-15.8508303761482
Zambia,,2005,-15.9508107304573
Zambia,,2006,-14.9366909861565
Zambia,,2007,-12.7113501429558
Zambia,,2008,-12.9618571996689
Zambia,,2009,-13.9337133169174
Zambia,,2010,-14.668232858181
Zambia,,2011,-11.6128846406937
Zambia,,2012,-8.66668635606766
Zambia,,2013,-8.84373193979263
Zambia,,2014,-9.0755432844162
Zambia,,2015,-10.8353301286697
Zambia,,2016,-12.4357040524483
Zambia,,2017,-11.8242720961571
Zambia,,2018,-11.0229843854904
Zambia,,2019,-12.5381368994713
Zambia,,2020,-13.9537546634674
Zambia,,2021,-14.2253913283348
Zambia,,2022,-9.07374864816665
Zambia,,2023,-4.61279040575027
Zimbabwe,,1996,-5.41909947991371
Zimbabwe,,1998,-7.22246447205544
Zimbabwe,,2000,-12.8731225132942
Zimbabwe,,2002,-14.2786924242973
Zimbabwe,,2003,-15.8766086101532
Zimbabwe,,2004,-17.1042982339859
Zimbabwe,,2005,-23.0790839195251
Zimbabwe,,2006,-21.4168729782104
Zimbabwe,,2007,-22.0578725337982
Zimbabwe,,2008,-26.2764790058136
Zimbabwe,,2009,-26.403693318367
Zimbabwe,,2010,-26.1520069837571
Zimbabwe,,2011,-24.1510106325149
Zimbabwe,,2012,-23.3581858873367
Zimbabwe,,2013,-22.2436351776124
Zimbabwe,,2014,-21.7625830173492
Zimbabwe,,2015,-21.0944564342498
Zimbabwe,,2016,-21.2478063106537
Zimbabwe,,2017,-21.6524180173874
Zimbabwe,,2018,-21.9563481807709
Zimbabwe,,2019,-22.2133234739303
Zimbabwe,,2020,-22.7859933376312
Zimbabwe,,2021,-21.8964375257492
Zimbabwe,,2022,-17.5408570766449
Zimbabwe,,2023,-8.19234454631803
