country,iso2,year,value
Afghanistan,,2023,59.06770706
Afghanistan,,2022,80.6516037
Afghanistan,,2021,81.52112579
Afghanistan,,2020,80.0892334
Afghanistan,,2019,74.0642395
Afghanistan,,2018,71.22509003
Afghanistan,,2017,66.82388306
Afghanistan,,2016,61.37234497
Afghanistan,,2015,59.91960526
Afghanistan,,2014,60.04951096
Afghanistan,,2013,56.16043472
Afghanistan,,2012,52.45247269
Afghanistan,,2011,52.18721771
Afghanistan,,2010,46.42438889
Afghanistan,,2009,43.13351822
Afghanistan,,2008,39.88624954
Afghanistan,,2007,32.70893097
Afghanistan,,2006,28.9412632
Afghanistan,,2005,25.11388779
Afghanistan,,2004,21.42300415
Afghanistan,,2003,17.74602509
Afghanistan,,2002,16.70697403
Albania,,2023,590.62799072
Albania,,2022,506.86920166
Albania,,2021,465.57043457
Albania,,2020,396.17477417
Albania,,2019,366.34014893
Albania,,2018,349.21127319
Albania,,2017,295.52346802
Albania,,2016,275.43676758
Albania,,2015,253.93347168
Albania,,2014,293.1267395
Albania,,2013,276.0765686
Albania,,2012,260.68319702
Albania,,2011,273.75292969
Albania,,2010,253.98246765
Albania,,2009,236.94244385
Albania,,2008,237.10340881
Albania,,2007,209.31910706
Albania,,2006,164.22090149
Albania,,2005,149.97515869
Albania,,2004,136.50724792
Albania,,2003,105.43667603
Albania,,2002,78.72909546
Albania,,2001,73.92171478
Albania,,2000,65.47674561
Algeria,,2023,233.37947083
Algeria,,2022,180.33454895
Algeria,,2021,208.93911743
Algeria,,2020,211.07240295
Algeria,,2019,242.07049561
Algeria,,2018,271.53808594
Algeria,,2017,270.93231201
Algeria,,2016,265.53491211
Algeria,,2015,296.76834106
Algeria,,2014,366.58615112
Algeria,,2013,337.57348633
Algeria,,2012,340.09176636
Algeria,,2011,285.5020752
Algeria,,2010,227.95396423
Algeria,,2009,207.20181274
Algeria,,2008,206.37207031
Algeria,,2007,150.86651611
Algeria,,2006,116.7750473
Algeria,,2005,100.83694458
Algeria,,2004,92.6876297
Algeria,,2003,75.9513092
Algeria,,2002,66.681633
Algeria,,2001,67.05859375
Algeria,,2000,61.85785294
Andorra,,2023,3605.19799805
Andorra,,2022,3190.11328125
Andorra,,2021,3668.44750977
Andorra,,2020,3282.02587891
Andorra,,2019,3021.078125
Andorra,,2018,3159.16162109
Andorra,,2017,2876.24194336
Andorra,,2016,2785.64599609
Andorra,,2015,2672.49731445
Andorra,,2014,3005.21557617
Andorra,,2013,2886.97241211
Andorra,,2012,2788.69238281
Andorra,,2011,3555.52319336
Andorra,,2010,3286.52954102
Andorra,,2009,2679.67358398
Andorra,,2008,2790.11254883
Andorra,,2007,2388.17407227
Andorra,,2006,2151.95092773
Andorra,,2005,2279.53051758
Andorra,,2004,2060.26928711
Andorra,,2003,1888.13574219
Andorra,,2002,1590.68554688
Andorra,,2001,1378.70837402
Andorra,,2000,1294.09118652
Angola,,2023,76.07118225
Angola,,2022,103.94506073
Angola,,2021,66.94487
Angola,,2020,56.01641846
Angola,,2019,64.4466095
Angola,,2018,83.87555695
Angola,,2017,112.75364685
Angola,,2016,94.01481628
Angola,,2015,107.52857208
Angola,,2014,130.5861969
Angola,,2013,142.78450012
Angola,,2012,121.84848022
Angola,,2011,122.11888123
Angola,,2010,96.95197296
Angola,,2009,120.5289917
Angola,,2008,136.34094238
Angola,,2007,93.42698669
Angola,,2006,70.28185272
Angola,,2005,54.66142273
Angola,,2004,50.23310852
Angola,,2003,35.2206955
Angola,,2002,29.37077141
Angola,,2001,29.26095772
Angola,,2000,13.15998554
Antigua and Barbuda,,2023,841.24884033
Antigua and Barbuda,,2022,891.00323486
Antigua and Barbuda,,2021,835.06512451
Antigua and Barbuda,,2020,873.5246582
Antigua and Barbuda,,2019,808.14996338
Antigua and Barbuda,,2018,856.37127686
Antigua and Barbuda,,2017,791.12322998
Antigua and Barbuda,,2016,817.88891602
Antigua and Barbuda,,2015,789.30975342
Antigua and Barbuda,,2014,826.75598145
Antigua and Barbuda,,2013,739.10491943
Antigua and Barbuda,,2012,753.50183105
Antigua and Barbuda,,2011,717.28186035
Antigua and Barbuda,,2010,724.08880615
Antigua and Barbuda,,2009,609.50390625
Antigua and Barbuda,,2008,694.03344727
Antigua and Barbuda,,2007,714.27496338
Antigua and Barbuda,,2006,665.11560059
Antigua and Barbuda,,2005,641.3157959
Antigua and Barbuda,,2004,597.74902344
Antigua and Barbuda,,2003,613.65112305
Antigua and Barbuda,,2002,559.08331299
Antigua and Barbuda,,2001,572.20776367
Antigua and Barbuda,,2000,520.12213135
Argentina,,2023,1456.98596191
Argentina,,2022,1415.79577637
Argentina,,2021,1182.15930176
Argentina,,2020,910.9586792
Argentina,,2019,1007.45629883
Argentina,,2018,1195.59973145
Argentina,,2017,1491.11877441
Argentina,,2016,1276.79785156
Argentina,,2015,1523.90979004
Argentina,,2014,1291.32458496
Argentina,,2013,1428.91125488
Argentina,,2012,1363.21618652
Argentina,,2011,1208.23120117
Argentina,,2010,979.7689209
Argentina,,2009,787.78051758
Argentina,,2008,745.40356445
Argentina,,2007,569.27264404
Argentina,,2006,456.06246948
Argentina,,2005,395.64596558
Argentina,,2004,303.31906128
Argentina,,2003,261.2038269
Argentina,,2002,219.96408081
Argentina,,2001,660.63378906
Argentina,,2000,702.23309326
Armenia,,2023,766.95874023
Armenia,,2022,674.78619385
Armenia,,2021,595.83544922
Armenia,,2020,535.2723999
Armenia,,2019,533.69952393
Armenia,,2018,428.34579468
Armenia,,2017,409.80145264
Armenia,,2016,359.58227539
Armenia,,2015,365.51950073
Armenia,,2014,404.33874512
Armenia,,2013,392.85253906
Armenia,,2012,331.91378784
Armenia,,2011,325.29086304
Armenia,,2010,291.77758789
Armenia,,2009,247.90641785
Armenia,,2008,261.59963989
Armenia,,2007,170.15332031
Armenia,,2006,124.8989563
Armenia,,2005,95.55093384
Armenia,,2004,71.65074158
Armenia,,2003,66.31577301
Armenia,,2002,59.20983887
Armenia,,2001,31.90725899
Armenia,,2000,25.6606369
Australia,,2023,6980.38525391
Australia,,2022,6723.98242188
Australia,,2021,7092.13476563
Australia,,2020,5968.00341797
Australia,,2019,5543.37841797
Australia,,2018,5843.64794922
Australia,,2017,5770.69042969
Australia,,2016,5418.43652344
Australia,,2015,5271.93310547
Australia,,2014,6098.25439453
Australia,,2013,5811.86865234
Australia,,2012,6038.87158203
Australia,,2011,5876.88525391
Australia,,2010,4947.96337891
Australia,,2009,3989.44116211
Australia,,2008,4083.42944336
Australia,,2007,3792.80981445
Australia,,2006,3174.86865234
Australia,,2005,2995.87255859
Australia,,2004,2744.08105469
Australia,,2003,2227.12768555
Australia,,2002,1752.93896484
Australia,,2001,1550.37390137
Australia,,2000,1626.73388672
Austria,,2024,6739.30908203
Austria,,2023,6267.93164063
Austria,,2022,5897.97607422
Austria,,2021,6554.14257813
Austria,,2020,5569.84130859
Austria,,2019,5313.19287109
Austria,,2018,5394.55908203
Austria,,2017,4999.86962891
Austria,,2016,4758.89892578
Austria,,2015,4649.59667969
Austria,,2014,5418.47558594
Austria,,2013,5251.96826172
Austria,,2012,4983.67724609
Austria,,2011,5191.92333984
Austria,,2010,4815.26953125
Austria,,2009,4939.75878906
Austria,,2008,5080.83740234
Austria,,2007,4484.81640625
Austria,,2006,3899.90722656
Austria,,2005,3720.02441406
Austria,,2004,3606.77856445
Austria,,2003,3122.31201172
Austria,,2002,2531.61938477
Austria,,2001,2315.42285156
Austria,,2000,2301.89208984
Azerbaijan,,2023,299.81060791
Azerbaijan,,2022,261.44659424
Azerbaijan,,2021,250.9887085
Azerbaijan,,2020,245.21949768
Azerbaijan,,2019,199.25746155
Azerbaijan,,2018,180.03610229
Azerbaijan,,2017,167.01565552
Azerbaijan,,2016,169.69596863
Azerbaijan,,2015,236.25979614
Azerbaijan,,2014,280.22314453
Azerbaijan,,2013,251.67863464
Azerbaijan,,2012,234.60324097
Azerbaijan,,2011,184.93493652
Azerbaijan,,2010,153.0665741
Azerbaijan,,2009,135.40127563
Azerbaijan,,2008,111.88427734
Azerbaijan,,2007,74.65649414
Azerbaijan,,2006,49.87102127
Azerbaijan,,2005,34.35204697
Azerbaijan,,2004,27.1906395
Azerbaijan,,2003,23.62244987
Azerbaijan,,2002,20.45606041
Azerbaijan,,2001,19.19010162
Azerbaijan,,2000,19.01968193
Bahamas,,2023,2262.33447266
Bahamas,,2022,2327.20117188
Bahamas,,2021,1946.21960449
Bahamas,,2020,1861.0637207
Bahamas,,2019,1881.40393066
Bahamas,,2018,1875.74035645
Bahamas,,2017,2069.44555664
Bahamas,,2016,1711.60510254
Bahamas,,2015,1588.57775879
Bahamas,,2014,1619.36669922
Bahamas,,2013,1559.34985352
Bahamas,,2012,1518.64953613
Bahamas,,2011,1442.24768066
Bahamas,,2010,1444.0065918
Bahamas,,2009,1416.92468262
Bahamas,,2008,1429.23681641
Bahamas,,2007,1351.08203125
Bahamas,,2006,1257.64587402
Bahamas,,2005,1153.21594238
Bahamas,,2004,1078.31152344
Bahamas,,2003,1062.43786621
Bahamas,,2002,1021.03601074
Bahamas,,2001,995.71844482
Bahamas,,2000,948.88244629
Bahrain,,2023,1175.81628418
Bahrain,,2022,1178.80664063
Bahrain,,2021,1176.92102051
Bahrain,,2020,1101.14025879
Bahrain,,2019,1030.26379395
Bahrain,,2018,1041.8560791
Bahrain,,2017,1080.08898926
Bahrain,,2016,1095.92541504
Bahrain,,2015,1128.24291992
Bahrain,,2014,1122.16040039
Bahrain,,2013,1115.16906738
Bahrain,,2012,1038.1661377
Bahrain,,2011,921.72064209
Bahrain,,2010,866.67224121
Bahrain,,2009,838.52880859
Bahrain,,2008,734.99511719
Bahrain,,2007,677.16290283
Bahrain,,2006,578.29705811
Bahrain,,2005,557.9574585
Bahrain,,2004,527.82989502
Bahrain,,2003,530.5446167
Bahrain,,2002,469.15478516
Bahrain,,2001,457.59741211
Bahrain,,2000,451.50253296
Bangladesh,,2023,53.46432495
Bangladesh,,2022,56.62142181
Bangladesh,,2021,56.09640121
Bangladesh,,2020,49.0274353
Bangladesh,,2019,45.07677078
Bangladesh,,2018,44.78892899
Bangladesh,,2017,42.17510986
Bangladesh,,2016,39.30647659
Bangladesh,,2015,33.20998764
Bangladesh,,2014,29.91152382
Bangladesh,,2013,26.96918297
Bangladesh,,2012,23.43771553
Bangladesh,,2011,22.77348328
Bangladesh,,2010,20.62105751
Bangladesh,,2009,17.7030201
Bangladesh,,2008,15.5619669
Bangladesh,,2007,14.03898716
Bangladesh,,2006,12.05988026
Bangladesh,,2005,11.31403732
Bangladesh,,2004,10.78997898
Bangladesh,,2003,9.98434258
Bangladesh,,2002,9.05402279
Bangladesh,,2001,8.10025787
Bangladesh,,2000,8.27585602
Barbados,,2023,1286.47680664
Barbados,,2022,1302.0592041
Barbados,,2021,1391.49853516
Barbados,,2020,1234.30041504
Barbados,,2019,1168.11938477
Barbados,,2018,1169.35559082
Barbados,,2017,1182.00366211
Barbados,,2016,1181.14257813
Barbados,,2015,1154.62719727
Barbados,,2014,1175.44348145
Barbados,,2013,1246.16491699
Barbados,,2012,1294.78674316
Barbados,,2011,1163.2668457
Barbados,,2010,1114.3729248
Barbados,,2009,1163.96875
Barbados,,2008,1136.53637695
Barbados,,2007,1043.49401855
Barbados,,2006,1028.39282227
Barbados,,2005,963.07849121
Barbados,,2004,942.37701416
Barbados,,2003,808.06054688
Barbados,,2002,689.30773926
Barbados,,2001,643.1159668
Barbados,,2000,622.47875977
Belarus,,2023,558.22644043
Belarus,,2022,529.01873779
Belarus,,2021,484.03930664
Belarus,,2020,420.43655396
Belarus,,2019,400.11621094
Belarus,,2018,349.99176025
Belarus,,2017,331.94082642
Belarus,,2016,296.94720459
Belarus,,2015,360.91937256
Belarus,,2014,448.27426147
Belarus,,2013,454.51959229
Belarus,,2012,364.09957886
Belarus,,2011,317.82492065
Belarus,,2010,341.13800049
Belarus,,2009,288.44775391
Belarus,,2008,348.92633057
Belarus,,2007,278.63424683
Belarus,,2006,221.70170593
Belarus,,2005,196.13806152
Belarus,,2004,140.99655151
Belarus,,2003,108.51013947
Belarus,,2002,85.97066498
Belarus,,2001,73.3659668
Belarus,,2000,57.02944183
Belgium,,2023,5931.01464844
Belgium,,2022,5487.59277344
Belgium,,2021,5847.17333984
Belgium,,2020,5269.40625
Belgium,,2019,5087.45654297
Belgium,,2018,5233.68261719
Belgium,,2017,4827.59326172
Belgium,,2016,4569.640625
Belgium,,2015,4465.45556641
Belgium,,2014,5110.17333984
Belgium,,2013,5005.64990234
Belgium,,2012,4763.93505859
Belgium,,2011,4990.35595703
Belgium,,2010,4626.02685547
Belgium,,2009,4755.80859375
Belgium,,2008,4656.04150391
Belgium,,2007,4066.2121582
Belgium,,2006,3547.06835938
Belgium,,2005,3415.64599609
Belgium,,2004,3322.28857422
Belgium,,2003,2822.50341797
Belgium,,2002,2084.7199707
Belgium,,2001,1879.93457031
Belgium,,2000,1849.91601563
Belize,,2023,309.40835571
Belize,,2022,298.01553345
Belize,,2021,308.93920898
Belize,,2020,279.10131836
Belize,,2019,298.14306641
Belize,,2018,286.83633423
Belize,,2017,280.71743774
Belize,,2016,293.09829712
Belize,,2015,286.78604126
Belize,,2014,298.51965332
Belize,,2013,263.10794067
Belize,,2012,247.97563171
Belize,,2011,252.81436157
Belize,,2010,244.02867126
Belize,,2009,243.3110199
Belize,,2008,257.84707642
Belize,,2007,233.67915344
Belize,,2006,196.13124084
Belize,,2005,181.24623108
Belize,,2004,176.26716614
Belize,,2003,175.13619995
Belize,,2002,172.81750488
Belize,,2001,163.11247253
Belize,,2000,139.00151062
Benin,,2023,46.52822113
Benin,,2022,37.76291275
Benin,,2021,38.45053101
Benin,,2020,36.62052536
Benin,,2019,33.9457283
Benin,,2018,39.54786301
Benin,,2017,38.75862122
Benin,,2016,36.58565903
Benin,,2015,27.34733391
Benin,,2014,32.41182327
Benin,,2013,33.53426743
Benin,,2012,32.95616913
Benin,,2011,31.76816368
Benin,,2010,29.37720871
Benin,,2009,29.69425583
Benin,,2008,28.12486076
Benin,,2007,26.79680061
Benin,,2006,26.60264206
Benin,,2005,25.12485313
Benin,,2004,24.52665329
Benin,,2003,21.06955719
Benin,,2002,16.9179287
Benin,,2001,16.26979828
Benin,,2000,14.42371464
Bhutan,,2023,162.19680786
Bhutan,,2022,138.00679016
Bhutan,,2021,161.46617126
Bhutan,,2020,134.13723755
Bhutan,,2019,115.71811676
Bhutan,,2018,102.01222992
Bhutan,,2017,103.63583374
Bhutan,,2016,97.42939758
Bhutan,,2015,96.86671448
Bhutan,,2014,87.19132233
Bhutan,,2013,86.41462708
Bhutan,,2012,84.0940094
Bhutan,,2011,77.75431824
Bhutan,,2010,72.38789368
Bhutan,,2009,59.74616623
Bhutan,,2008,57.59343338
Bhutan,,2007,64.72015381
Bhutan,,2006,54.21236038
Bhutan,,2005,46.79434204
Bhutan,,2004,46.06135941
Bhutan,,2003,37.15467834
Bhutan,,2002,32.9380188
Bhutan,,2001,35.08880234
Bhutan,,2000,30.5911293
Bolivia,,2023,255.04104614
Bolivia,,2022,260.88070679
Bolivia,,2021,276.20880127
Bolivia,,2020,248.69514465
Bolivia,,2019,241.34619141
Bolivia,,2018,231.18806458
Bolivia,,2017,214.58572388
Bolivia,,2016,207.4511261
Bolivia,,2015,196.25799561
Bolivia,,2014,179.3274231
Bolivia,,2013,159.99380493
Bolivia,,2012,135.32060242
Bolivia,,2011,119.78379059
Bolivia,,2010,100.39356232
Bolivia,,2009,89.57923889
Bolivia,,2008,77.9777298
Bolivia,,2007,63.62155914
Bolivia,,2006,56.05701447
Bolivia,,2005,51.76200867
Bolivia,,2004,46.35359192
Bolivia,,2003,46.41044998
Bolivia,,2002,43.49106216
Bolivia,,2001,44.88241577
Bolivia,,2000,42.89028168
Bosnia Herzegovina,,2023,772.88568115
Bosnia Herzegovina,,2022,667.29681396
Bosnia Herzegovina,,2021,697.07427979
Bosnia Herzegovina,,2020,594.8225708
Bosnia Herzegovina,,2019,546.4508667
Bosnia Herzegovina,,2018,529.85546875
Bosnia Herzegovina,,2017,471.32647705
Bosnia Herzegovina,,2016,450.44155884
Bosnia Herzegovina,,2015,430.83413696
Bosnia Herzegovina,,2014,493.07333374
Bosnia Herzegovina,,2013,475.07409668
Bosnia Herzegovina,,2012,444.93655396
Bosnia Herzegovina,,2011,456.96905518
Bosnia Herzegovina,,2010,406.13046265
Bosnia Herzegovina,,2009,409.29098511
Bosnia Herzegovina,,2008,459.29174805
Bosnia Herzegovina,,2007,363.86224365
Bosnia Herzegovina,,2006,281.26403809
Bosnia Herzegovina,,2005,241.64047241
Bosnia Herzegovina,,2004,222.27758789
Bosnia Herzegovina,,2003,168.42216492
Bosnia Herzegovina,,2002,118.87058258
Bosnia Herzegovina,,2001,105.10999298
Bosnia Herzegovina,,2000,106.5786972
Botswana,,2023,489.59677124
Botswana,,2022,477.77633667
Botswana,,2021,492.14276123
Botswana,,2020,386.28860474
Botswana,,2019,438.28546143
Botswana,,2018,447.4473877
Botswana,,2017,471.05056763
Botswana,,2016,389.3107605
Botswana,,2015,374.79058838
Botswana,,2014,418.82452393
Botswana,,2013,433.29150391
Botswana,,2012,418.82244873
Botswana,,2011,427.70709229
Botswana,,2010,389.55178833
Botswana,,2009,336.53146362
Botswana,,2008,324.54284668
Botswana,,2007,305.22042847
Botswana,,2006,258.01873779
Botswana,,2005,281.38796997
Botswana,,2004,297.2512207
Botswana,,2003,269.58544922
Botswana,,2002,206.11392212
Botswana,,2001,203.01203918
Botswana,,2000,206.93144226
Brazil,,2023,1009.83563232
Brazil,,2022,871.27526855
Brazil,,2021,768.27075195
Brazil,,2020,680.76843262
Brazil,,2019,868.17248535
Brazil,,2018,880.28430176
Brazil,,2017,954.75012207
Brazil,,2016,810.20037842
Brazil,,2015,796.15252686
Brazil,,2014,1030.66271973
Brazil,,2013,993.79608154
Brazil,,2012,968.7277832
Brazil,,2011,1043.3548584
Brazil,,2010,906.0098877
Brazil,,2009,728.55639648
Brazil,,2008,713.67193604
Brazil,,2007,607.73022461
Brazil,,2006,489.53884888
Brazil,,2005,387.93121338
Brazil,,2004,297.68243408
Brazil,,2003,253.08970642
Brazil,,2002,248.37753296
Brazil,,2001,271.56121826
Brazil,,2000,313.92590332
Brunei,,2023,733.00543213
Brunei,,2022,648.55499268
Brunei,,2021,665.87030029
Brunei,,2020,658.38983154
Brunei,,2019,678.81982422
Brunei,,2018,748.69073486
Brunei,,2017,636.22973633
Brunei,,2016,679.46929932
Brunei,,2015,731.04980469
Brunei,,2014,785.41210938
Brunei,,2013,835.32452393
Brunei,,2012,869.36553955
Brunei,,2011,864.63787842
Brunei,,2010,795.97766113
Brunei,,2009,739.28015137
Brunei,,2008,792.01367188
Brunei,,2007,710.42297363
Brunei,,2006,664.74499512
Brunei,,2005,657.31945801
Brunei,,2004,630.73266602
Brunei,,2003,545.55560303
Brunei,,2002,482.52624512
Brunei,,2001,474.11706543
Brunei,,2000,519.05047607
Bulgaria,,2023,1257.87597656
Bulgaria,,2022,1066.69189453
Bulgaria,,2021,1109.10290527
Bulgaria,,2020,906.54833984
Bulgaria,,2019,733.06878662
Bulgaria,,2018,719.78033447
Bulgaria,,2017,647.56402588
Bulgaria,,2016,579.76715088
Bulgaria,,2015,534.21466064
Bulgaria,,2014,616.16296387
Bulgaria,,2013,553.68725586
Bulgaria,,2012,558.64794922
Bulgaria,,2011,555.86419678
Bulgaria,,2010,484.75228882
Bulgaria,,2009,459.30020142
Bulgaria,,2008,455.54058838
Bulgaria,,2007,361.23498535
Bulgaria,,2006,294.10891724
Bulgaria,,2005,267.74139404
Bulgaria,,2004,233.11332703
Bulgaria,,2003,195.74369812
Bulgaria,,2002,148.1479187
Bulgaria,,2001,119.82997894
Bulgaria,,2000,94.51976013
Burkina Faso,,2023,71.73455048
Burkina Faso,,2022,64.38339996
Burkina Faso,,2021,63.59171295
Burkina Faso,,2020,57.17589188
Burkina Faso,,2019,41.06895828
Burkina Faso,,2018,38.48573303
Burkina Faso,,2017,43.37775803
Burkina Faso,,2016,39.50990677
Burkina Faso,,2015,32.3375206
Burkina Faso,,2014,38.24516678
Burkina Faso,,2013,42.26796341
Burkina Faso,,2012,33.66717529
Burkina Faso,,2011,33.70409393
Burkina Faso,,2010,33.05819321
Burkina Faso,,2009,31.26260567
Burkina Faso,,2008,30.76880074
Burkina Faso,,2007,29.72483063
Burkina Faso,,2006,23.55202866
Burkina Faso,,2005,21.34285545
Burkina Faso,,2004,21.12279129
Burkina Faso,,2003,16.02656555
Burkina Faso,,2002,11.93992615
Burkina Faso,,2001,10.27519512
Burkina Faso,,2000,10.00902748
Burundi,,2023,28.14028931
Burundi,,2022,25.52155113
Burundi,,2021,23.11420059
Burundi,,2020,26.21934319
Burundi,,2019,22.2435379
Burundi,,2018,18.67819214
Burundi,,2017,19.16676521
Burundi,,2016,18.59472847
Burundi,,2015,17.67629051
Burundi,,2014,18.06601143
Burundi,,2013,20.26322556
Burundi,,2012,20.01195908
Burundi,,2011,23.16802216
Burundi,,2010,24.45114708
Burundi,,2009,18.31996346
Burundi,,2008,14.67025566
Burundi,,2007,15.26294613
Burundi,,2006,14.10514736
Burundi,,2005,11.13118172
Burundi,,2004,8.88248062
Burundi,,2003,5.87316799
Burundi,,2002,6.46998882
Burundi,,2001,7.50815582
Burundi,,2000,5.67927122
Cape Verde,,2023,290.12619019
Cape Verde,,2022,297.08233643
Cape Verde,,2021,262.42272949
Cape Verde,,2020,249.71989441
Cape Verde,,2019,211.24963379
Cape Verde,,2018,205.5345459
Cape Verde,,2017,174.43547058
Cape Verde,,2016,157.39906311
Cape Verde,,2015,150.28823853
Cape Verde,,2014,193.39482117
Cape Verde,,2013,191.1048584
Cape Verde,,2012,174.66062927
Cape Verde,,2011,157.08999634
Cape Verde,,2010,146.07247925
Cape Verde,,2009,130.23704529
Cape Verde,,2008,127.79390717
Cape Verde,,2007,127.73626709
Cape Verde,,2006,113.13097382
Cape Verde,,2005,96.08917999
Cape Verde,,2004,93.43228912
Cape Verde,,2003,84.6628952
Cape Verde,,2002,69.12203979
Cape Verde,,2001,63.55782318
Cape Verde,,2000,59.54011154
Cambodia,,2023,114.56295776
Cambodia,,2022,103.89541626
Cambodia,,2021,137.38909912
Cambodia,,2020,106.79976654
Cambodia,,2019,112.5851059
Cambodia,,2018,91.59080505
Cambodia,,2017,77.97311401
Cambodia,,2016,75.22520447
Cambodia,,2015,70.23264313
Cambodia,,2014,63.1011467
Cambodia,,2013,65.39577484
Cambodia,,2012,68.90019989
Cambodia,,2011,65.3871994
Cambodia,,2010,53.58575439
Cambodia,,2009,55.25073624
Cambodia,,2008,48.62422562
Cambodia,,2007,32.39221573
Cambodia,,2006,32.84370041
Cambodia,,2005,32.33660507
Cambodia,,2004,28.80763817
Cambodia,,2003,25.00667191
Cambodia,,2002,24.25898743
Cambodia,,2001,22.18333626
Cambodia,,2000,19.27847862
Cameroon,,2023,79.09996796
Cameroon,,2022,72.12950897
Cameroon,,2021,72.59731293
Cameroon,,2020,66.17185211
Cameroon,,2019,56.79493713
Cameroon,,2018,58.32909393
Cameroon,,2017,56.7457695
Cameroon,,2016,57.99372482
Cameroon,,2015,58.38298035
Cameroon,,2014,71.61038208
Cameroon,,2013,57.22771454
Cameroon,,2012,56.96441269
Cameroon,,2011,58.33031845
Cameroon,,2010,50.03335571
Cameroon,,2009,51.14823914
Cameroon,,2008,54.58909225
Cameroon,,2007,50.30911255
Cameroon,,2006,44.52022934
Cameroon,,2005,43.10830688
Cameroon,,2004,42.25278473
Cameroon,,2003,38.56394196
Cameroon,,2002,31.79577446
Cameroon,,2001,29.82297325
Cameroon,,2000,30.438097
Canada,,2024,6377.96875
Canada,,2023,6186.65234375
Canada,,2022,6252.34033203
Canada,,2021,6511.46972656
Canada,,2020,5646.19433594
Canada,,2019,5098.88720703
Canada,,2018,5052.90185547
Canada,,2017,4894.7734375
Canada,,2016,4647.14892578
Canada,,2015,4658.83789063
Canada,,2014,5209.93164063
Canada,,2013,5460.03173828
Canada,,2012,5518.5703125
Canada,,2011,5399.98779297
Canada,,2010,5060.88818359
Canada,,2009,4355.83056641
Canada,,2008,4454.11621094
Canada,,2007,4187.87255859
Canada,,2006,3758.35961914
Canada,,2005,3268.46850586
Canada,,2004,2896.19335938
Canada,,2003,2534.86474609
Canada,,2002,2134.84960938
Canada,,2001,2041.87512207
Canada,,2000,1988.15942383
Central African Republic,,2023,53.81136703
Central African Republic,,2022,47.91523361
Central African Republic,,2021,46.25038147
Central African Republic,,2020,42.63476563
Central African Republic,,2019,35.76099014
Central African Republic,,2018,51.3541069
Central African Republic,,2017,28.81619644
Central African Republic,,2016,21.07796097
Central African Republic,,2015,18.44194221
Central African Republic,,2014,18.7120266
Central African Republic,,2013,17.36794472
Central African Republic,,2012,21.33021736
Central African Republic,,2011,19.62990761
Central African Republic,,2010,17.01008034
Central African Republic,,2009,21.37773895
Central African Republic,,2008,18.02888489
Central African Republic,,2007,18.24629021
Central African Republic,,2006,15.15495491
Central African Republic,,2005,13.93517494
Central African Republic,,2004,12.96809387
Central African Republic,,2003,12.15000153
Central African Republic,,2002,10.44132614
Central African Republic,,2001,9.20995235
Central African Republic,,2000,9.9123354
Chad,,2023,47.43893051
Chad,,2022,40.17007446
Chad,,2021,37.59156799
Chad,,2020,37.73088074
Chad,,2019,30.23690224
Chad,,2018,31.2043705
Chad,,2017,29.9935894
Chad,,2016,31.96038055
Chad,,2015,33.82092285
Chad,,2014,42.16276169
Chad,,2013,38.59413528
Chad,,2012,36.20247269
Chad,,2011,37.35868073
Chad,,2010,35.26005936
Chad,,2009,34.82435226
Chad,,2008,36.89921951
Chad,,2007,34.0423584
Chad,,2006,33.8651123
Chad,,2005,31.27608871
Chad,,2004,27.74994278
Chad,,2003,18.0202446
Chad,,2002,18.01737785
Chad,,2001,11.64042854
Chad,,2000,10.07452297
Chile,,2024,1759.70605469
Chile,,2023,1736.52038574
Chile,,2022,1541.37927246
Chile,,2021,1576.69287109
Chile,,2020,1270.97814941
Chile,,2019,1348.99401855
Chile,,2018,1430.70263672
Chile,,2017,1353.69274902
Chile,,2016,1167.89306641
Chile,,2015,1122.13378906
Chile,,2014,1138.66113281
Chile,,2013,1171.77038574
Chile,,2012,1070.51293945
Chile,,2011,984.4486084
Chile,,2010,861.72436523
Chile,,2009,730.63336182
Chile,,2008,719.07501221
Chile,,2007,643.05963135
Chile,,2006,565.8493042
Chile,,2005,495.56002808
Chile,,2004,422.96481323
Chile,,2003,346.1635437
Chile,,2002,319.53222656
Chile,,2001,323.63336182
Chile,,2000,353.25033569
China,,2023,763.37762451
China,,2022,755.43597412
China,,2021,670.25897217
China,,2020,582.95092773
China,,2019,538.99157715
China,,2018,504.10980225
China,,2017,439.94006348
China,,2016,398.17489624
China,,2015,393.09768677
China,,2014,362.28695679
China,,2013,329.08572388
China,,2012,284.69760132
China,,2011,239.19824219
China,,2010,188.87156677
China,,2009,164.87619019
China,,2008,133.83999634
China,,2007,98.5569458
China,,2006,82.48256683
China,,2005,73.00266266
China,,2004,64.28150177
China,,2003,56.54468155
China,,2002,49.92394638
China,,2001,44.36042023
China,,2000,42.80797577
Colombia,,2024,644.30908203
Colombia,,2023,571.15496826
Colombia,,2022,507.07064819
Colombia,,2021,568.84130859
Colombia,,2020,464.41998291
Colombia,,2019,507.06231689
Colombia,,2018,526.11828613
Colombia,,2017,497.54016113
Colombia,,2016,448.84588623
Colombia,,2015,470.099823
Colombia,,2014,588.29449463
Colombia,,2013,580.96453857
Colombia,,2012,547.00732422
Colombia,,2011,501.84420776
Colombia,,2010,452.44281006
Colombia,,2009,383.91674805
Colombia,,2008,379.16812134
Colombia,,2007,309.61691284
Colombia,,2006,240.10488892
Colombia,,2005,209.68319702
Colombia,,2004,159.61109924
Colombia,,2003,129.71965027
Colombia,,2002,132.18363953
Colombia,,2001,138.47569275
Colombia,,2000,134.71453857
Comoros,,2023,102.23101807
Comoros,,2022,124.14363861
Comoros,,2021,100.50016785
Comoros,,2020,89.67817688
Comoros,,2019,78.23674774
Comoros,,2018,74.89152527
Comoros,,2017,75.01337433
Comoros,,2016,63.53099442
Comoros,,2015,61.16300201
Comoros,,2014,84.63935852
Comoros,,2013,81.81765747
Comoros,,2012,77.10220337
Comoros,,2011,81.19863892
Comoros,,2010,69.21523285
Comoros,,2009,69.4848938
Comoros,,2008,73.75498962
Comoros,,2007,69.87202454
Comoros,,2006,65.72916412
Comoros,,2005,67.80059814
Comoros,,2004,70.61806488
Comoros,,2003,63.91786194
Comoros,,2002,51.12159729
Comoros,,2001,45.34629059
Comoros,,2000,47.59479904
Democratic Republic of the Congo,,2023,23.43148804
Democratic Republic of the Congo,,2022,24.3800106
Democratic Republic of the Congo,,2021,21.58848572
Democratic Republic of the Congo,,2020,20.5593071
Democratic Republic of the Congo,,2019,19.20812035
Democratic Republic of the Congo,,2018,17.29077148
Democratic Republic of the Congo,,2017,18.14648819
Democratic Republic of the Congo,,2016,19.3114109
Democratic Republic of the Congo,,2015,18.57252884
Democratic Republic of the Congo,,2014,18.22281265
Democratic Republic of the Congo,,2013,15.37901688
Democratic Republic of the Congo,,2012,13.20595551
Democratic Republic of the Congo,,2011,11.89942932
Democratic Republic of the Congo,,2010,12.1423111
Democratic Republic of the Congo,,2009,12.75762081
Democratic Republic of the Congo,,2008,15.36659527
Democratic Republic of the Congo,,2007,11.5629034
Democratic Republic of the Congo,,2006,10.37645721
Democratic Republic of the Congo,,2005,8.55065727
Democratic Republic of the Congo,,2004,7.83304834
Democratic Republic of the Congo,,2003,6.03257608
Democratic Republic of the Congo,,2002,4.17578602
Democratic Republic of the Congo,,2001,5.4341011
Democratic Republic of the Congo,,2000,17.52071953
Republic of the Congo,,2023,75.55332184
Republic of the Congo,,2022,53.11892319
Republic of the Congo,,2021,78.60149384
Republic of the Congo,,2020,80.09735107
Republic of the Congo,,2019,58.42106628
Republic of the Congo,,2018,47.310215
Republic of the Congo,,2017,52.29982376
Republic of the Congo,,2016,54.3000145
Republic of the Congo,,2015,57.30290604
Republic of the Congo,,2014,71.03118896
Republic of the Congo,,2013,71.85824585
Republic of the Congo,,2012,71.2766571
Republic of the Congo,,2011,59.51348114
Republic of the Congo,,2010,54.56225586
Republic of the Congo,,2009,48.65313721
Republic of the Congo,,2008,63.41820908
Republic of the Congo,,2007,41.96711731
Republic of the Congo,,2006,35.94208145
Republic of the Congo,,2005,30.90304375
Republic of the Congo,,2004,27.50056839
Republic of the Congo,,2003,21.51475716
Republic of the Congo,,2002,16.99031258
Republic of the Congo,,2001,20.30390549
Republic of the Congo,,2000,17.35089302
Costa Rica,,2023,1163.30224609
Costa Rica,,2022,978.84155273
Costa Rica,,2021,977.14831543
Costa Rica,,2020,969.89099121
Costa Rica,,2019,930.43511963
Costa Rica,,2018,917.31018066
Costa Rica,,2017,867.76733398
Costa Rica,,2016,884.73028564
Costa Rica,,2015,889.3762207
Costa Rica,,2014,836.23120117
Costa Rica,,2013,829.93658447
Costa Rica,,2012,788.53100586
Costa Rica,,2011,753.42633057
Costa Rica,,2010,663.69165039
Costa Rica,,2009,537.06317139
Costa Rica,,2008,518.1114502
Costa Rica,,2007,429.41894531
Costa Rica,,2006,364.52426147
Costa Rica,,2005,313.48355103
Costa Rica,,2004,293.77548218
Costa Rica,,2003,290.83309937
Costa Rica,,2002,279.41705322
Costa Rica,,2001,258.00057983
Costa Rica,,2000,250.30950928
Ivory Coast,,2023,87.68105316
Ivory Coast,,2022,84.89915466
Ivory Coast,,2021,92.39588928
Ivory Coast,,2020,78.97766876
Ivory Coast,,2019,68.30471039
Ivory Coast,,2018,65.87952423
Ivory Coast,,2017,63.77943039
Ivory Coast,,2016,61.85705566
Ivory Coast,,2015,58.43181992
Ivory Coast,,2014,74.3581543
Ivory Coast,,2013,67.13149261
Ivory Coast,,2012,69.86203003
Ivory Coast,,2011,67.97618103
Ivory Coast,,2010,70.04605103
Ivory Coast,,2009,71.06480408
Ivory Coast,,2008,64.67678833
Ivory Coast,,2007,56.15083694
Ivory Coast,,2006,47.08904266
Ivory Coast,,2005,46.69436264
Ivory Coast,,2004,47.04700851
Ivory Coast,,2003,43.81231308
Ivory Coast,,2002,32.55319595
Ivory Coast,,2001,30.58369255
Ivory Coast,,2000,30.33073425
Croatia,,2023,1548.33959961
Croatia,,2022,1328.80371094
Croatia,,2021,1423.52905273
Croatia,,2020,1123.37963867
Croatia,,2019,1063.54443359
Croatia,,2018,1045.14904785
Croatia,,2017,919.22418213
Croatia,,2016,851.92492676
Croatia,,2015,803.41619873
Croatia,,2014,915.2689209
Croatia,,2013,894.07080078
Croatia,,2012,1034.02124023
Croatia,,2011,1134.88916016
Croatia,,2010,1126.81970215
Croatia,,2009,1187.34326172
Croatia,,2008,1258.09594727
Croatia,,2007,1040.44995117
Croatia,,2006,815.39093018
Croatia,,2005,726.6114502
Croatia,,2004,633.98242188
Croatia,,2003,511.99743652
Croatia,,2002,386.41821289
Croatia,,2001,387.8130188
Croatia,,2000,385.78341675
Cuba,,2020,1199.35327148
Cuba,,2019,1023.39715576
Cuba,,2018,981.90283203
Cuba,,2017,987.81030273
Cuba,,2016,990.92346191
Cuba,,2015,991.08496094
Cuba,,2014,867.69702148
Cuba,,2013,712.26629639
Cuba,,2012,601.74957275
Cuba,,2011,695.81542969
Cuba,,2010,608.5847168
Cuba,,2009,675.53399658
Cuba,,2008,609.27282715
Cuba,,2007,569.43585205
Cuba,,2006,386.8258667
Cuba,,2005,331.50354004
Cuba,,2004,232.22746277
Cuba,,2003,227.49208069
Cuba,,2002,213.81524658
Cuba,,2001,198.49874878
Cuba,,2000,181.09315491
Cyprus,,2023,2899.36499023
Cyprus,,2022,2748.6159668
Cyprus,,2021,2947.81494141
Cyprus,,2020,2443.37207031
Cyprus,,2019,2059.45019531
Cyprus,,2018,1987.69470215
Cyprus,,2017,1742.67626953
Cyprus,,2016,1619.91918945
Cyprus,,2015,1570.54638672
Cyprus,,2014,1869.46398926
Cyprus,,2013,1923.03869629
Cyprus,,2012,1899.37255859
Cyprus,,2011,2114.66894531
Cyprus,,2010,2045.2923584
Cyprus,,2009,2105.4777832
Cyprus,,2008,2155.24658203
Cyprus,,2007,1694.27185059
Cyprus,,2006,1474.02062988
Cyprus,,2005,1366.01708984
Cyprus,,2004,1286.97155762
Cyprus,,2003,1145.05847168
Cyprus,,2002,890.48297119
Cyprus,,2001,782.16162109
Cyprus,,2000,750.51672363
Czechia,,2024,2692.76416016
Czechia,,2023,2671.08398438
Czechia,,2022,2431.08496094
Czechia,,2021,2538.03344727
Czechia,,2020,2106.28027344
Czechia,,2019,1805.44030762
Czechia,,2018,1750.81188965
Czechia,,2017,1516.75012207
Czechia,,2016,1374.9005127
Czechia,,2015,1308.8013916
Czechia,,2014,1512.59326172
Czechia,,2013,1508.79907227
Czechia,,2012,1509.77526855
Czechia,,2011,1649.15905762
Czechia,,2010,1509.44726563
Czechia,,2009,1442.24279785
Czechia,,2008,1449.33679199
Czechia,,2007,1110.17663574
Czechia,,2006,942.11804199
Czechia,,2005,852.65246582
Czechia,,2004,746.32891846
Czechia,,2003,640.66040039
Czechia,,2002,497.74203491
Czechia,,2001,388.54403687
Czechia,,2000,342.92108154
Denmark,,2024,6745.06152344
Denmark,,2023,6510.625
Denmark,,2022,6451.19433594
Denmark,,2021,7429.99023438
Denmark,,2020,6520.65771484
Denmark,,2019,6049.93408203
Denmark,,2018,6219.12988281
Denmark,,2017,5817.42529297
Denmark,,2016,5603.75830078
Denmark,,2015,5508.53369141
Denmark,,2014,6447.92382813
Denmark,,2013,6320.08447266
Denmark,,2012,6155.76367188
Denmark,,2011,6426.39990234
Denmark,,2010,6156.68554688
Denmark,,2009,6208.48486328
Denmark,,2008,6117.69677734
Denmark,,2007,5453.83837891
Denmark,,2006,4770.13720703
Denmark,,2005,4436.07421875
Denmark,,2004,4189.47265625
Denmark,,2003,3602.28295898
Denmark,,2002,2891.71069336
Denmark,,2001,2597.97290039
Denmark,,2000,2491.54174805
Djibouti,,2023,77.57087708
Djibouti,,2022,79.13184357
Djibouti,,2021,86.88237762
Djibouti,,2020,66.53086853
Djibouti,,2019,68.4744873
Djibouti,,2018,68.79101563
Djibouti,,2017,64.94396973
Djibouti,,2016,68.82745361
Djibouti,,2015,79.54257965
Djibouti,,2014,65.53726196
Djibouti,,2013,60.57233047
Djibouti,,2012,64.8536911
Djibouti,,2011,61.89852524
Djibouti,,2010,55.7044487
Djibouti,,2009,56.92132568
Djibouti,,2008,55.90976715
Djibouti,,2007,55.18254471
Djibouti,,2006,53.26344299
Djibouti,,2005,45.12551498
Djibouti,,2004,40.04951477
Djibouti,,2003,46.27521896
Djibouti,,2002,39.49966431
Djibouti,,2001,33.61427689
Djibouti,,2000,35.48954773
Dominica,,2023,492.4524231
Dominica,,2022,542.53948975
Dominica,,2021,521.41455078
Dominica,,2020,452.65899658
Dominica,,2019,465.63766479
Dominica,,2018,503.34179688
Dominica,,2017,415.87072754
Dominica,,2016,424.15756226
Dominica,,2015,396.23742676
Dominica,,2014,389.05343628
Dominica,,2013,382.10519409
Dominica,,2012,407.42053223
Dominica,,2011,387.11709595
Dominica,,2010,369.75668335
Dominica,,2009,354.04888916
Dominica,,2008,336.0015564
Dominica,,2007,293.30905151
Dominica,,2006,271.24331665
Dominica,,2005,263.66098022
Dominica,,2004,253.70576477
Dominica,,2003,242.78863525
Dominica,,2002,226.86923218
Dominica,,2001,231.52333069
Dominica,,2000,259.0213623
Dominican Republic,,2023,488.8727417
Dominican Republic,,2022,469.34915161
Dominican Republic,,2021,433.89172363
Dominican Republic,,2020,354.25689697
Dominican Republic,,2019,357.44137573
Dominican Republic,,2018,332.47702026
Dominican Republic,,2017,329.54168701
Dominican Republic,,2016,328.36526489
Dominican Republic,,2015,322.04864502
Dominican Republic,,2014,312.44223022
Dominican Republic,,2013,302.28512573
Dominican Republic,,2012,304.23754883
Dominican Republic,,2011,293.95123291
Dominican Republic,,2010,270.03961182
Dominican Republic,,2009,237.11128235
Dominican Republic,,2008,229.29747009
Dominican Republic,,2007,190.14048767
Dominican Republic,,2006,161.94844055
Dominican Republic,,2005,168.85827637
Dominican Republic,,2004,105.12216187
Dominican Republic,,2003,104.59856415
Dominican Republic,,2002,152.86595154
Dominican Republic,,2001,143.32540894
Dominican Republic,,2000,138.29624939
Ecuador,,2023,509.49414063
Ecuador,,2022,495.30380249
Ecuador,,2021,507.65136719
Ecuador,,2020,470.20355225
Ecuador,,2019,484.54037476
Ecuador,,2018,493.82693481
Ecuador,,2017,469.04544067
Ecuador,,2016,449.03869629
Ecuador,,2015,464.22186279
Ecuador,,2014,433.41845703
Ecuador,,2013,414.12683105
Ecuador,,2012,387.54577637
Ecuador,,2011,340.40786743
Ecuador,,2010,287.00466919
Ecuador,,2009,244.5753479
Ecuador,,2008,231.62229919
Ecuador,,2007,193.33273315
Ecuador,,2006,192.55101013
Ecuador,,2005,170.44190979
Ecuador,,2004,152.10868835
Ecuador,,2003,134.12744141
Ecuador,,2002,99.12815857
Ecuador,,2001,72.7922287
Ecuador,,2000,49.37281418
Egypt,,2023,141.41111755
Egypt,,2022,171.67852783
Egypt,,2021,176.93664551
Egypt,,2020,148.35269165
Egypt,,2019,142.69670105
Egypt,,2018,118.01481628
Egypt,,2017,106.00288391
Egypt,,2016,142.61845398
Egypt,,2015,170.25532532
Egypt,,2014,155.06480408
Egypt,,2013,139.67245483
Egypt,,2012,139.81625366
Egypt,,2011,116.22949219
Egypt,,2010,105.07817841
Egypt,,2009,98.90396881
Egypt,,2008,90.15769958
Egypt,,2007,73.29454041
Egypt,,2006,66.32707214
Egypt,,2005,59.4683876
Egypt,,2004,50.33084488
Egypt,,2003,50.34780884
Egypt,,2002,63.99928665
Egypt,,2001,68.67334747
Egypt,,2000,69.37174988
El Salvador,,2023,500.69497681
El Salvador,,2022,500.20321655
El Salvador,,2021,470.14025879
El Salvador,,2020,357.78799438
El Salvador,,2019,380.53384399
El Salvador,,2018,348.18817139
El Salvador,,2017,338.60742188
El Salvador,,2016,339.97875977
El Salvador,,2015,331.96725464
El Salvador,,2014,315.23168945
El Salvador,,2013,324.28027344
El Salvador,,2012,301.03710938
El Salvador,,2011,295.64242554
El Salvador,,2010,270.69418335
El Salvador,,2009,257.19317627
El Salvador,,2008,253.45413208
El Salvador,,2007,239.99687195
El Salvador,,2006,231.73410034
El Salvador,,2005,225.17417908
El Salvador,,2004,185.83404541
El Salvador,,2003,171.59013367
El Salvador,,2002,166.81164551
El Salvador,,2001,162.30456543
El Salvador,,2000,155.52601624
Equatorial Guinea,,2023,233.68379211
Equatorial Guinea,,2022,215.32841492
Equatorial Guinea,,2021,243.81242371
Equatorial Guinea,,2020,213.59317017
Equatorial Guinea,,2019,223.14128113
Equatorial Guinea,,2018,240.49389648
Equatorial Guinea,,2017,223.4354248
Equatorial Guinea,,2016,221.49227905
Equatorial Guinea,,2015,222.81713867
Equatorial Guinea,,2014,290.53604126
Equatorial Guinea,,2013,286.33657837
Equatorial Guinea,,2012,280.90136719
Equatorial Guinea,,2011,265.38485718
Equatorial Guinea,,2010,237.85783386
Equatorial Guinea,,2009,248.9617157
Equatorial Guinea,,2008,225.50572205
Equatorial Guinea,,2007,179.49963379
Equatorial Guinea,,2006,143.95661926
Equatorial Guinea,,2005,122.75533295
Equatorial Guinea,,2004,104.54925537
Equatorial Guinea,,2003,86.82926178
Equatorial Guinea,,2002,74.93979645
Equatorial Guinea,,2001,29.59247589
Equatorial Guinea,,2000,20.14153671
Eritrea,,2023,28.29782677
Eritrea,,2022,27.0898056
Eritrea,,2021,27.58759499
Eritrea,,2020,27.66697884
Eritrea,,2019,28.42930794
Eritrea,,2018,26.68201256
Eritrea,,2017,25.10270691
Eritrea,,2016,26.00592422
Eritrea,,2015,29.22208977
Eritrea,,2014,32.93448257
Eritrea,,2013,31.64078712
Eritrea,,2012,27.78689003
Eritrea,,2011,35.55129623
Eritrea,,2010,26.00652122
Eritrea,,2009,24.35102463
Eritrea,,2008,21.55065727
Eritrea,,2007,19.62666321
Eritrea,,2006,23.77408791
Eritrea,,2005,21.92651939
Eritrea,,2004,23.15624809
Eritrea,,2003,19.81480217
Eritrea,,2002,15.77544498
Eritrea,,2001,14.90675831
Eritrea,,2000,14.03034782
Estonia,,2024,2437.83764648
Estonia,,2023,2258.4597168
Estonia,,2022,1998.74523926
Estonia,,2021,2091.15649414
Estonia,,2020,1789.03417969
Estonia,,2019,1599.3503418
Estonia,,2018,1553.43347168
Estonia,,2017,1350.12646484
Estonia,,2016,1226.0859375
Estonia,,2015,1156.20275879
Estonia,,2014,1287.76123047
Estonia,,2013,1194.86206055
Estonia,,2012,1058.71960449
Estonia,,2011,1061.1628418
Estonia,,2010,966.19024658
Estonia,,2009,1006.50708008
Estonia,,2008,1082.15478516
Estonia,,2007,866.49945068
Estonia,,2006,627.18377686
Estonia,,2005,549.63024902
Estonia,,2004,474.50796509
Estonia,,2003,368.97955322
Estonia,,2002,250.48020935
Estonia,,2001,214.70417786
Estonia,,2000,209.97769165
Eswatini,,2023,296.04562378
Eswatini,,2022,284.75802612
Eswatini,,2021,297.72213745
Eswatini,,2020,236.99609375
Eswatini,,2019,320.05084229
Eswatini,,2018,292.33929443
Eswatini,,2017,265.50152588
Eswatini,,2016,226.41770935
Eswatini,,2015,250.71520996
Eswatini,,2014,282.43395996
Eswatini,,2013,303.40438843
Eswatini,,2012,340.03012085
Eswatini,,2011,365.25265503
Eswatini,,2010,343.04284668
Eswatini,,2009,279.68212891
Eswatini,,2008,265.72091675
Eswatini,,2007,252.24301147
Eswatini,,2006,237.50752258
Eswatini,,2005,217.26066589
Eswatini,,2004,175.89544678
Eswatini,,2003,131.40959167
Eswatini,,2002,74.66481781
Eswatini,,2001,75.41345978
Eswatini,,2000,76.93126678
Ethiopia,,2023,34.79846954
Ethiopia,,2022,27.06845474
Ethiopia,,2021,26.06931114
Ethiopia,,2020,28.28001595
Ethiopia,,2019,25.93511963
Ethiopia,,2018,23.5205574
Ethiopia,,2017,24.18239403
Ethiopia,,2016,24.34373283
Ethiopia,,2015,23.21817207
Ethiopia,,2014,21.6064415
Ethiopia,,2013,19.26698494
Ethiopia,,2012,20.00217628
Ethiopia,,2011,14.62286568
Ethiopia,,2010,16.17102051
Ethiopia,,2009,15.1445961
Ethiopia,,2008,13.03863621
Ethiopia,,2007,11.63210678
Ethiopia,,2006,8.42413712
Ethiopia,,2005,6.4820013
Ethiopia,,2004,5.7385993
Ethiopia,,2003,5.70984173
Ethiopia,,2002,5.14964151
Ethiopia,,2001,5.50955105
Ethiopia,,2000,5.28970861
Fiji,,2023,212.88697815
Fiji,,2022,217.15068054
Fiji,,2021,331.58413696
Fiji,,2020,256.25967407
Fiji,,2019,254.83047485
Fiji,,2018,249.86022949
Fiji,,2017,185.69645691
Fiji,,2016,175.91635132
Fiji,,2015,169.47518921
Fiji,,2014,178.31169128
Fiji,,2013,158.51806641
Fiji,,2012,153.56562805
Fiji,,2011,140.93704224
Fiji,,2010,127.65603638
Fiji,,2009,121.05646515
Fiji,,2008,134.50354004
Fiji,,2007,140.30192566
Fiji,,2006,126.38617706
Fiji,,2005,120.21074677
Fiji,,2004,110.06819153
Fiji,,2003,86.09690094
Fiji,,2002,69.40512085
Fiji,,2001,61.49855804
Fiji,,2000,74.28569794
Finland,,2023,5515.40478516
Finland,,2022,4902.0390625
Finland,,2021,5261.90966797
Finland,,2020,4736.21435547
Finland,,2019,4459.9296875
Finland,,2018,4521.27636719
Finland,,2017,4235.75488281
Finland,,2016,4108.73974609
Finland,,2015,4128.20751953
Finland,,2014,4922.4296875
Finland,,2013,4892.03369141
Finland,,2012,4573.19726563
Finland,,2011,4717.5078125
Finland,,2010,4251.52880859
Finland,,2009,4349.89501953
Finland,,2008,4486.33789063
Finland,,2007,3918.64453125
Finland,,2006,3414.94140625
Finland,,2005,3236.85839844
Finland,,2004,3044.12109375
Finland,,2003,2613.84570313
Finland,,2002,2059.3269043
Finland,,2001,1810.40380859
Finland,,2000,1726.74438477
France,,2024,5327.43359375
France,,2023,5149.0546875
France,,2022,4857.73388672
France,,2021,5364.89746094
France,,2020,4760.08251953
France,,2019,4519.98583984
France,,2018,4692.99511719
France,,2017,4436.63720703
France,,2016,4289.34716797
France,,2015,4226.62646484
France,,2014,5007.29736328
France,,2013,4884.71582031
France,,2012,4659.92431641
France,,2011,4936.95605469
France,,2010,4593.66308594
France,,2009,4737.578125
France,,2008,4807.37451172
France,,2007,4312.31054688
France,,2006,3811.55175781
France,,2005,3575.02514648
France,,2004,3458.62744141
France,,2003,3006.3059082
France,,2002,2449.75830078
France,,2001,2192.71557617
France,,2000,2161.85302734
Gabon,,2023,252.98246765
Gabon,,2022,243.09941101
Gabon,,2021,228.46922302
Gabon,,2020,227.2480011
Gabon,,2019,205.99945068
Gabon,,2018,209.28697205
Gabon,,2017,192.47543335
Gabon,,2016,207.50273132
Gabon,,2015,187.27270508
Gabon,,2014,233.05368042
Gabon,,2013,261.29452515
Gabon,,2012,225.07722473
Gabon,,2011,261.37597656
Gabon,,2010,206.87702942
Gabon,,2009,277.62945557
Gabon,,2008,275.89450073
Gabon,,2007,246.78276062
Gabon,,2006,211.9914093
Gabon,,2005,188.91426086
Gabon,,2004,183.92318726
Gabon,,2003,166.59495544
Gabon,,2002,132.07215881
Gabon,,2001,120.90242767
Gabon,,2000,123.197258
Gambia,,2023,25.74407768
Gambia,,2022,29.57811737
Gambia,,2021,29.77283478
Gambia,,2020,28.9169693
Gambia,,2019,23.21861267
Gambia,,2018,22.17474365
Gambia,,2017,21.55331612
Gambia,,2016,20.77086067
Gambia,,2015,19.67725563
Gambia,,2014,17.33743477
Gambia,,2013,25.59075928
Gambia,,2012,29.56409264
Gambia,,2011,31.05148888
Gambia,,2010,32.99832535
Gambia,,2009,34.59326172
Gambia,,2008,40.0297699
Gambia,,2007,35.91078568
Gambia,,2006,33.41355896
Gambia,,2005,33.2039566
Gambia,,2004,32.15613174
Gambia,,2003,28.3001461
Gambia,,2002,35.99459839
Gambia,,2001,55.65046692
Gambia,,2000,74.83678436
Georgia,,2023,554.3248291
Georgia,,2022,546.22503662
Georgia,,2021,524.32415771
Georgia,,2020,389.42260742
Georgia,,2019,339.86679077
Georgia,,2018,365.91583252
Georgia,,2017,377.92520142
Georgia,,2016,369.51849365
Georgia,,2015,347.71783447
Georgia,,2014,392.86099243
Georgia,,2013,368.16253662
Georgia,,2012,349.90432739
Georgia,,2011,315.29684448
Georgia,,2010,287.75900269
Georgia,,2009,270.2170105
Georgia,,2008,281.84671021
Georgia,,2007,195.9908905
Georgia,,2006,152.0617218
Georgia,,2005,132.22496033
Georgia,,2004,105.09565735
Georgia,,2003,80.6542511
Georgia,,2002,66.08916473
Georgia,,2001,56.36803818
Georgia,,2000,52.25807953
Germany,,2024,6849.26367188
Germany,,2023,6394.62255859
Germany,,2022,6226.14208984
Germany,,2021,6653.58349609
Germany,,2020,5906.80615234
Germany,,2019,5447.31787109
Germany,,2018,5473.55712891
Germany,,2017,5039.35302734
Germany,,2016,4723.32421875
Germany,,2015,4605.59033203
Germany,,2014,5287.34423828
Germany,,2013,5080.62402344
Germany,,2012,4744.87011719
Germany,,2011,5016.23583984
Germany,,2010,4592.07128906
Germany,,2009,4655.171875
Germany,,2008,4647.31005859
Germany,,2007,4162.6875
Germany,,2006,3681.3659668
Germany,,2005,3544.56616211
Germany,,2004,3447.26977539
Germany,,2003,3139.36328125
Germany,,2002,2557.53564453
Germany,,2001,2338.12231445
Germany,,2000,2336.36230469
Ghana,,2023,70.25730896
Ghana,,2022,82.32108307
Ghana,,2021,94.40388489
Ghana,,2020,97.37677765
Ghana,,2019,71.14958191
Ghana,,2018,53.37788773
Ghana,,2017,54.10602188
Ghana,,2016,64.86400604
Ghana,,2015,78.21643066
Ghana,,2014,78.46701813
Ghana,,2013,105.34784698
Ghana,,2012,81.96895599
Ghana,,2011,91.70959473
Ghana,,2010,80.6833725
Ghana,,2009,62.44382095
Ghana,,2008,63.45487595
Ghana,,2007,57.34096527
Ghana,,2006,49.34616852
Ghana,,2005,38.51657486
Ghana,,2004,23.57214928
Ghana,,2003,18.96423721
Ghana,,2002,14.30371571
Ghana,,2001,12.15051079
Ghana,,2000,10.46035767
Greece,,2023,1962.59594727
Greece,,2022,1768.11071777
Greece,,2021,1846.37304688
Greece,,2020,1674.78417969
Greece,,2019,1569.02844238
Greece,,2018,1603.07788086
Greece,,2017,1509.78442383
Greece,,2016,1513.25939941
Greece,,2015,1481.41967773
Greece,,2014,1700.4942627
Greece,,2013,1832.02954102
Greece,,2012,1948.24816895
Greece,,2011,2338.91577148
Greece,,2010,2564.36987305
Greece,,2009,2809.05957031
Greece,,2008,2840.50854492
Greece,,2007,2426.75952148
Greece,,2006,2052.87548828
Greece,,2005,1935.26757813
Greece,,2004,1782.69592285
Greece,,2003,1566.40979004
Greece,,2002,1168.82409668
Greece,,2001,1004.81542969
Greece,,2000,885.41052246
Grenada,,2023,526.3918457
Grenada,,2022,526.35113525
Grenada,,2021,508.09500122
Grenada,,2020,475.83853149
Grenada,,2019,515.94726563
Grenada,,2018,462.2394104
Grenada,,2017,454.07266235
Grenada,,2016,409.27841187
Grenada,,2015,404.00680542
Grenada,,2014,381.22598267
Grenada,,2013,417.74581909
Grenada,,2012,413.02658081
Grenada,,2011,403.17129517
Grenada,,2010,374.46508789
Grenada,,2009,376.68447876
Grenada,,2008,401.15072632
Grenada,,2007,359.53503418
Grenada,,2006,324.32067871
Grenada,,2005,326.09225464
Grenada,,2004,294.12390137
Grenada,,2003,286.90512085
Grenada,,2002,307.84365845
Grenada,,2001,271.03814697
Grenada,,2000,259.33764648
Guatemala,,2023,392.01223755
Guatemala,,2022,384.06158447
Guatemala,,2021,361.51858521
Guatemala,,2020,289.21640015
Guatemala,,2019,278.59024048
Guatemala,,2018,265.81820679
Guatemala,,2017,265.36593628
Guatemala,,2016,246.4538269
Guatemala,,2015,233.8447876
Guatemala,,2014,217.23764038
Guatemala,,2013,198.79296875
Guatemala,,2012,200.84880066
Guatemala,,2011,191.24732971
Guatemala,,2010,175.31318665
Guatemala,,2009,169.37559509
Guatemala,,2008,175.67254639
Guatemala,,2007,158.89395142
Guatemala,,2006,149.04266357
Guatemala,,2005,132.41906738
Guatemala,,2004,122.16271973
Guatemala,,2003,113.38285065
Guatemala,,2002,107.62042236
Guatemala,,2001,100.02039337
Guatemala,,2000,83.61930084
Guinea,,2023,59.33010101
Guinea,,2022,53.2922287
Guinea,,2021,44.10476303
Guinea,,2020,41.1027565
Guinea,,2019,42.16910172
Guinea,,2018,34.88978195
Guinea,,2017,32.63646317
Guinea,,2016,38.42609406
Guinea,,2015,43.41540527
Guinea,,2014,36.63517761
Guinea,,2013,25.90467834
Guinea,,2012,23.70012856
Guinea,,2011,24.12806129
Guinea,,2010,22.59741783
Guinea,,2009,23.71565628
Guinea,,2008,22.97397041
Guinea,,2007,22.64143372
Guinea,,2006,16.15967941
Guinea,,2005,19.66388702
Guinea,,2004,26.41420937
Guinea,,2003,25.60194969
Guinea,,2002,24.83917809
Guinea,,2001,21.76875114
Guinea,,2000,22.71741867
Guinea-Bissau,,2023,82.13543701
Guinea-Bissau,,2022,68.01049042
Guinea-Bissau,,2021,70.21189117
Guinea-Bissau,,2020,67.88795471
Guinea-Bissau,,2019,53.98390961
Guinea-Bissau,,2018,58.87445068
Guinea-Bissau,,2017,54.8225174
Guinea-Bissau,,2016,56.60805511
Guinea-Bissau,,2015,52.45866776
Guinea-Bissau,,2014,64.99989319
Guinea-Bissau,,2013,46.05934143
Guinea-Bissau,,2012,37.75499725
Guinea-Bissau,,2011,44.72909927
Guinea-Bissau,,2010,29.23748016
Guinea-Bissau,,2009,26.88874054
Guinea-Bissau,,2008,34.26661301
Guinea-Bissau,,2007,25.56799126
Guinea-Bissau,,2006,22.77665329
Guinea-Bissau,,2005,20.99864388
Guinea-Bissau,,2004,18.42279816
Guinea-Bissau,,2003,14.70093441
Guinea-Bissau,,2002,14.02086544
Guinea-Bissau,,2001,13.50725842
Guinea-Bissau,,2000,13.2785511
Guyana,,2023,505.03240967
Guyana,,2022,452.23754883
Guyana,,2021,457.86633301
Guyana,,2020,364.20135498
Guyana,,2019,314.0977478
Guyana,,2018,296.66903687
Guyana,,2017,266.86364746
Guyana,,2016,235.91662598
Guyana,,2015,226.89404297
Guyana,,2014,216.03759766
Guyana,,2013,211.2910614
Guyana,,2012,201.88832092
Guyana,,2011,186.11392212
Guyana,,2010,162.70393372
Guyana,,2009,150.21723938
Guyana,,2008,138.70043945
Guyana,,2007,125.79258728
Guyana,,2006,98.34314728
Guyana,,2005,85.35713959
Guyana,,2004,74.69225311
Guyana,,2003,68.19880676
Guyana,,2002,65.04125214
Guyana,,2001,60.09927368
Guyana,,2000,62.37635422
Haiti,,2023,54.4146843
Haiti,,2022,52.28417587
Haiti,,2021,59.89406204
Haiti,,2020,52.2158699
Haiti,,2019,49.32995987
Haiti,,2018,62.30102539
Haiti,,2017,53.80579758
Haiti,,2016,60.06819153
Haiti,,2015,68.50547791
Haiti,,2014,65.10858917
Haiti,,2013,59.38277435
Haiti,,2012,75.08546448
Haiti,,2011,77.12206268
Haiti,,2010,55.73518753
Haiti,,2009,41.39894867
Haiti,,2008,40.445961
Haiti,,2007,37.59618378
Haiti,,2006,29.11877251
Haiti,,2005,25.25854683
Haiti,,2004,24.0406456
Haiti,,2003,18.60943604
Haiti,,2002,22.36586189
Haiti,,2001,27.39323044
Haiti,,2000,30.35855865
Honduras,,2023,249.15301514
Honduras,,2022,244.90408325
Honduras,,2021,253.63349915
Honduras,,2020,212.7419281
Honduras,,2019,183.75006104
Honduras,,2018,178.1494751
Honduras,,2017,169.07194519
Honduras,,2016,177.8835144
Honduras,,2015,169.97198486
Honduras,,2014,172.52818298
Honduras,,2013,176.421875
Honduras,,2012,184.04154968
Honduras,,2011,182.3137207
Honduras,,2010,165.19970703
Honduras,,2009,160.23144531
Honduras,,2008,149.05706787
Honduras,,2007,127.55919647
Honduras,,2006,112.11707306
Honduras,,2005,97.86359406
Honduras,,2004,83.29620361
Honduras,,2003,79.65468597
Honduras,,2002,70.72001648
Honduras,,2001,67.13735199
Honduras,,2000,68.48374939
Hungary,,2023,1419.87475586
Hungary,,2022,1228.00231934
Hungary,,2021,1392.97460938
Hungary,,2020,1182.54138184
Hungary,,2019,1062.15869141
Hungary,,2018,1087.64611816
Hungary,,2017,990.90808105
Hungary,,2016,918.94506836
Hungary,,2015,874.04138184
Hungary,,2014,1008.92950439
Hungary,,2013,991.98742676
Hungary,,2012,961.1383667
Hungary,,2011,1063.43237305
Hungary,,2010,983.11083984
Hungary,,2009,943.68774414
Hungary,,2008,1117.20227051
Hungary,,2007,1003.25805664
Hungary,,2006,893.20300293
Hungary,,2005,895.20330811
Hungary,,2004,798.45361328
Hungary,,2003,682.86566162
Hungary,,2002,473.12783813
Hungary,,2001,359.69750977
Hungary,,2000,313.10858154
Iceland,,2024,7641.57373047
Iceland,,2023,7064.62402344
Iceland,,2022,6851.62939453
Iceland,,2021,6722.421875
Iceland,,2020,5692.89111328
Iceland,,2019,5912.00976563
Iceland,,2018,6280.03857422
Iceland,,2017,5992.05322266
Iceland,,2016,5053.51757813
Iceland,,2015,4303.84179688
Iceland,,2014,4522.90576172
Iceland,,2013,4095.67626953
Iceland,,2012,3784.38378906
Iceland,,2011,3937.31591797
Iceland,,2010,3614.03833008
Iceland,,2009,3622.97827148
Iceland,,2008,4749.68408203
Iceland,,2007,5803.81152344
Iceland,,2006,4918.23339844
Iceland,,2005,5079.68945313
Iceland,,2004,4414.23339844
Iceland,,2003,3839.6940918
Iceland,,2002,3046.81665039
Iceland,,2001,2528.5456543
Iceland,,2000,2855.57470703
India,,2023,84.68669891
India,,2022,81.50888824
India,,2021,75.54971313
India,,2020,63.83099747
India,,2019,60.6913681
India,,2018,57.46551132
India,,2017,56.66844559
India,,2016,59.72652817
India,,2015,58.12401581
India,,2014,56.3490181
India,,2013,55.46933746
India,,2012,48.45263672
India,,2011,48.18242264
India,,2010,44.79586029
India,,2009,38.05965042
India,,2008,37.65440369
India,,2007,35.63138962
India,,2006,29.37600899
India,,2005,27.49770737
India,,2004,24.9240799
India,,2003,21.89380074
India,,2002,20.15651703
India,,2001,19.74444199
India,,2000,18.47883415
Indonesia,,2023,131.77729797
Indonesia,,2022,127.44384766
Indonesia,,2021,158.89761353
Indonesia,,2020,131.8225708
Indonesia,,2019,118.22380829
Indonesia,,2018,110.71585846
Indonesia,,2017,110.32610321
Indonesia,,2016,106.40021515
Indonesia,,2015,96.15701294
Indonesia,,2014,102.00482178
Indonesia,,2013,102.33824921
Indonesia,,2012,105.85425568
Indonesia,,2011,107.00540161
Indonesia,,2010,85.55950165
Indonesia,,2009,62.4021759
Indonesia,,2008,59.24273682
Indonesia,,2007,55.99677658
Indonesia,,2006,44.3965683
Indonesia,,2005,34.09753036
Indonesia,,2004,25.98270035
Indonesia,,2003,25.51065636
Indonesia,,2002,18.97848511
Indonesia,,2001,16.8734417
Indonesia,,2000,15.39148712
Iran,,2023,267.059021
Iran,,2022,250.23272705
Iran,,2021,196.66934204
Iran,,2020,184.90914917
Iran,,2019,223.64257813
Iran,,2018,244.21661377
Iran,,2017,457.22549438
Iran,,2016,433.9196167
Iran,,2015,423.28967285
Iran,,2014,395.027771
Iran,,2013,412.02786255
Iran,,2012,500.21826172
Iran,,2011,505.33276367
Iran,,2010,424.60494995
Iran,,2009,354.25738525
Iran,,2008,288.85775757
Iran,,2007,237.51042175
Iran,,2006,192.07597351
Iran,,2005,169.8145752
Iran,,2004,139.75932312
Iran,,2003,115.51907349
Iran,,2002,104.64128113
Iran,,2001,93.23036957
Iran,,2000,79.89089203
Iraq,,2023,333.29360962
Iraq,,2022,283.17074585
Iraq,,2021,251.59538269
Iraq,,2020,248.04725647
Iraq,,2019,241.73873901
Iraq,,2018,232.86825562
Iraq,,2017,197.23654175
Iraq,,2016,199.88560486
Iraq,,2015,149.07951355
Iraq,,2014,178.98071289
Iraq,,2013,186.78742981
Iraq,,2012,174.48312378
Iraq,,2011,161.89790344
Iraq,,2010,144.54083252
Iraq,,2009,140.1234436
Iraq,,2008,139.28845215
Iraq,,2007,100.59433746
Iraq,,2006,56.76464462
Iraq,,2005,53.0551796
Iraq,,2004,51.81518173
Iraq,,2003,26.98275757
Ireland,,2024,7394.85009766
Ireland,,2023,6877.9375
Ireland,,2022,6407.92333984
Ireland,,2021,6754.07519531
Ireland,,2020,6073.10546875
Ireland,,2019,5454.31152344
Ireland,,2018,5494.98632813
Ireland,,2017,5023.51123047
Ireland,,2016,4746.93701172
Ireland,,2015,4575.84912109
Ireland,,2014,5309.90380859
Ireland,,2013,5295.52050781
Ireland,,2012,5187.27197266
Ireland,,2011,5538.00195313
Ireland,,2010,5133.45507813
Ireland,,2009,5502.88769531
Ireland,,2008,5638.77929688
Ireland,,2007,4858.64501953
Ireland,,2006,4147.1328125
Ireland,,2005,3938.19116211
Ireland,,2004,3483.16064453
Ireland,,2003,2910.93212891
Ireland,,2002,2200.35742188
Ireland,,2001,1823.73474121
Ireland,,2000,1564.83764648
Israel,,2023,3927.69873047
Israel,,2022,4107.72998047
Israel,,2021,4294.18847656
Israel,,2020,3616.50219727
Israel,,2019,3335.24511719
Israel,,2018,3199.41625977
Israel,,2017,3074.44604492
Israel,,2016,2783.82495117
Israel,,2015,2645.78857422
Israel,,2014,2804.23144531
Israel,,2013,2673.3371582
Israel,,2012,2405.1809082
Israel,,2011,2442.29052734
Israel,,2010,2237.90795898
Israel,,2009,2034.45812988
Israel,,2008,2126.11132813
Israel,,2007,1769.92504883
Israel,,2006,1555.56396484
Israel,,2005,1509.10583496
Israel,,2004,1438.98999023
Israel,,2003,1384.18737793
Israel,,2002,1355.33447266
Israel,,2001,1509.44506836
Israel,,2000,1473.00915527
Italy,,2024,3397.68798828
Italy,,2023,3283.47216797
Italy,,2022,3154.57104492
Italy,,2021,3414.57299805
Italy,,2020,3058.90014648
Italy,,2019,2908.83154297
Italy,,2018,3031.46459961
Italy,,2017,2851.28686523
Italy,,2016,2735.27783203
Italy,,2015,2707.43310547
Italy,,2014,3190.46777344
Italy,,2013,3139.87939453
Italy,,2012,3071.00048828
Italy,,2011,3358.95654297
Italy,,2010,3190.72045898
Italy,,2009,3314.15844727
Italy,,2008,3483.39086914
Italy,,2007,3077.41381836
Italy,,2006,2821.77392578
Italy,,2005,2669.72802734
Italy,,2004,2560.45776367
Italy,,2003,2160.91210938
Italy,,2002,1762.359375
Italy,,2001,1586.67272949
Italy,,2000,1524.23962402
Jamaica,,2023,520.15704346
Jamaica,,2022,521.12023926
Jamaica,,2021,413.36227417
Jamaica,,2020,364.76513672
Jamaica,,2019,390.79431152
Jamaica,,2018,381.47775269
Jamaica,,2017,367.35095215
Jamaica,,2016,330.15463257
Jamaica,,2015,334.89901733
Jamaica,,2014,312.77233887
Jamaica,,2013,322.03283691
Jamaica,,2012,330.38525391
Jamaica,,2011,341.33453369
Jamaica,,2010,309.86782837
Jamaica,,2009,282.09719849
Jamaica,,2008,334.75042725
Jamaica,,2007,292.00213623
Jamaica,,2006,243.38668823
Jamaica,,2005,243.57797241
Jamaica,,2004,222.27250671
Jamaica,,2003,177.21534729
Jamaica,,2002,205.3553772
Jamaica,,2001,180.66116333
Jamaica,,2000,206.44976807
Japan,,2023,3638.19287109
Japan,,2022,4201.79248047
Japan,,2021,4843.94433594
Japan,,2020,4581.60986328
Japan,,2019,4431.29980469
Japan,,2018,4265.77929688
Japan,,2017,4135.24316406
Japan,,2016,4194.22802734
Japan,,2015,3754.18115234
Japan,,2014,4121.21142578
Japan,,2013,4356.15527344
Japan,,2012,5232.36279297
Japan,,2011,5103.34326172
Japan,,2010,4071.80200195
Japan,,2009,3696.58422852
Japan,,2008,3223.29101563
Japan,,2007,2781.49365234
Japan,,2006,2763.53344727
Japan,,2005,2892.60473633
Japan,,2004,2884.67358398
Japan,,2003,2650.23852539
Japan,,2002,2412.35131836
Japan,,2001,2488.65185547
Japan,,2000,2751.38452148
Jordan,,2023,342.10394287
Jordan,,2022,334.387146
Jordan,,2021,322.01589966
Jordan,,2020,303.4822998
Jordan,,2019,294.92785645
Jordan,,2018,289.47106934
Jordan,,2017,289.04656982
Jordan,,2016,278.13378906
Jordan,,2015,301.63067627
Jordan,,2014,302.14120483
Jordan,,2013,308.94308472
Jordan,,2012,325.97836304
Jordan,,2011,321.59057617
Jordan,,2010,303.8081665
Jordan,,2009,316.92221069
Jordan,,2008,275.17532349
Jordan,,2007,208.03627014
Jordan,,2006,188.72041321
Jordan,,2005,185.0302124
Jordan,,2004,175.04393005
Jordan,,2003,161.87841797
Jordan,,2002,164.75001526
Jordan,,2001,161.33900452
Jordan,,2000,151.33486938
Kazakhstan,,2023,489.71456909
Kazakhstan,,2022,421.60028076
Kazakhstan,,2021,391.81536865
Kazakhstan,,2020,329.57086182
Kazakhstan,,2019,263.61331177
Kazakhstan,,2018,266.92147827
Kazakhstan,,2017,272.98272705
Kazakhstan,,2016,255.84049988
Kazakhstan,,2015,310.01428223
Kazakhstan,,2014,369.68508911
Kazakhstan,,2013,358.91342163
Kazakhstan,,2012,365.04208374
Kazakhstan,,2011,293.73300171
Kazakhstan,,2010,240.6149292
Kazakhstan,,2009,240.99569702
Kazakhstan,,2008,245.79397583
Kazakhstan,,2007,174.33786011
Kazakhstan,,2006,170.9365387
Kazakhstan,,2005,139.57885742
Kazakhstan,,2004,108.43822479
Kazakhstan,,2003,72.90396881
Kazakhstan,,2002,56.88095856
Kazakhstan,,2001,49.36683273
Kazakhstan,,2000,49.093647
Kenya,,2023,84.958992
Kenya,,2022,91.18416595
Kenya,,2021,94.20249176
Kenya,,2020,86.5921936
Kenya,,2019,85.64528656
Kenya,,2018,75.27681732
Kenya,,2017,66.46552277
Kenya,,2016,73.88768005
Kenya,,2015,70.94755554
Kenya,,2014,72.84589386
Kenya,,2013,67.59809875
Kenya,,2012,64.48231506
Kenya,,2011,57.02286911
Kenya,,2010,58.8164711
Kenya,,2009,55.455616
Kenya,,2008,54.35681915
Kenya,,2007,49.44605255
Kenya,,2006,40.3040123
Kenya,,2005,30.9943428
Kenya,,2004,27.65002823
Kenya,,2003,25.64012337
Kenya,,2002,22.28772163
Kenya,,2001,22.11487579
Kenya,,2000,21.53400993
Kiribati,,2023,238.12675476
Kiribati,,2022,217.68276978
Kiribati,,2021,263.09573364
Kiribati,,2020,239.24353027
Kiribati,,2019,177.93025208
Kiribati,,2018,208.73831177
Kiribati,,2017,179.57881165
Kiribati,,2016,157.72897339
Kiribati,,2015,118.3345871
Kiribati,,2014,155.38656616
Kiribati,,2013,154.34346008
Kiribati,,2012,146.6194458
Kiribati,,2011,141.5138092
Kiribati,,2010,133.15927124
Kiribati,,2009,167.97206116
Kiribati,,2008,190.33927917
Kiribati,,2007,148.0586853
Kiribati,,2006,126.86061859
Kiribati,,2005,131.88641357
Kiribati,,2004,132.29045105
Kiribati,,2003,102.43731689
Kiribati,,2002,92.96794891
Kiribati,,2001,85.88798523
Kiribati,,2000,65.61151886
South Korea,,2024,3136.78564453
South Korea,,2023,3043.87329102
South Korea,,2022,3078.55151367
South Korea,,2021,3125.82714844
South Korea,,2020,2699.6640625
South Korea,,2019,2602.4831543
South Korea,,2018,2523.04003906
South Korea,,2017,2258.15307617
South Korea,,2016,2042.72949219
South Korea,,2015,1950.89575195
South Korea,,2014,1922.98803711
South Korea,,2013,1738.80847168
South Korea,,2012,1603.93432617
South Korea,,2011,1570.54943848
South Korea,,2010,1417.10913086
South Korea,,2009,1150.97253418
South Korea,,2008,1186.375
South Korea,,2007,1256.36437988
South Korea,,2006,1130.53796387
South Korea,,2005,944.55078125
South Korea,,2004,764.49401855
South Korea,,2003,684.79833984
South Korea,,2002,536.91662598
South Korea,,2001,503.15795898
South Korea,,2000,475.2520752
Kuwait,,2023,1679.12353516
Kuwait,,2022,1683.39929199
Kuwait,,2021,1829.13134766
Kuwait,,2020,1542.72143555
Kuwait,,2019,1643.16491699
Kuwait,,2018,1658.60375977
Kuwait,,2017,1351.72387695
Kuwait,,2016,1292.71984863
Kuwait,,2015,1259.55786133
Kuwait,,2014,1293.8326416
Kuwait,,2013,1235.29321289
Kuwait,,2012,1216.8684082
Kuwait,,2011,1147.15539551
Kuwait,,2010,1050.41589355
Kuwait,,2009,1025.90490723
Kuwait,,2008,1069.46472168
Kuwait,,2007,880.71105957
Kuwait,,2006,782.20379639
Kuwait,,2005,727.25366211
Kuwait,,2004,649.42504883
Kuwait,,2003,626.35095215
Kuwait,,2002,578.41534424
Kuwait,,2001,553.75134277
Kuwait,,2000,425.20968628
Kyrgyzstan,,2023,96.65081787
Kyrgyzstan,,2022,88.07954407
Kyrgyzstan,,2021,72.58779144
Kyrgyzstan,,2020,61.25272751
Kyrgyzstan,,2019,61.39657974
Kyrgyzstan,,2018,65.34625244
Kyrgyzstan,,2017,76.60479736
Kyrgyzstan,,2016,71.52179718
Kyrgyzstan,,2015,79.54891205
Kyrgyzstan,,2014,93.15830994
Kyrgyzstan,,2013,103.59209442
Kyrgyzstan,,2012,98.66984558
Kyrgyzstan,,2011,78.73632813
Kyrgyzstan,,2010,60.67642975
Kyrgyzstan,,2009,59.93972397
Kyrgyzstan,,2008,62.77722549
Kyrgyzstan,,2007,49.61043167
Kyrgyzstan,,2006,44.5950737
Kyrgyzstan,,2005,34.93693161
Kyrgyzstan,,2004,26.37302399
Kyrgyzstan,,2003,21.68980598
Kyrgyzstan,,2002,14.4122982
Kyrgyzstan,,2001,12.87845421
Kyrgyzstan,,2000,12.0349474
Laos,,2023,27.41773605
Laos,,2022,41.34779739
Laos,,2021,68.61697388
Laos,,2020,51.96581268
Laos,,2019,67.57865143
Laos,,2018,57.1708374
Laos,,2017,61.42248535
Laos,,2016,54.3762207
Laos,,2015,52.04236603
Laos,,2014,45.53330612
Laos,,2013,43.49770355
Laos,,2012,32.46548843
Laos,,2011,27.11878395
Laos,,2010,34.52460861
Laos,,2009,35.71521378
Laos,,2008,26.74945259
Laos,,2007,24.56666374
Laos,,2006,19.22654533
Laos,,2005,17.33082581
Laos,,2004,16.23278809
Laos,,2003,17.59125519
Laos,,2002,12.90540886
Laos,,2001,14.46665001
Laos,,2000,14.10313892
Latvia,,2023,1645.4152832
Latvia,,2022,1642.47131348
Latvia,,2021,1897.95275879
Latvia,,2020,1313.35412598
Latvia,,2019,1183.1151123
Latvia,,2018,1101.49243164
Latvia,,2017,932.50158691
Latvia,,2016,874.79772949
Latvia,,2015,775.86431885
Latvia,,2014,856.76654053
Latvia,,2013,807.13000488
Latvia,,2012,745.51745605
Latvia,,2011,764.59179688
Latvia,,2010,689.07720947
Latvia,,2009,744.66162109
Latvia,,2008,913.52148438
Latvia,,2007,775.19146729
Latvia,,2006,552.30163574
Latvia,,2005,440.8097229
Latvia,,2004,393.29806519
Latvia,,2003,280.50878906
Latvia,,2002,237.29516602
Latvia,,2001,205.02047729
Latvia,,2000,181.57072449
Lebanon,,2023,260.8119812
Lebanon,,2022,230.39093018
Lebanon,,2021,189.8581543
Lebanon,,2020,303.48632813
Lebanon,,2019,798.13421631
Lebanon,,2018,740.38696289
Lebanon,,2017,671.77996826
Lebanon,,2016,640.96563721
Lebanon,,2015,572.07220459
Lebanon,,2014,569.97937012
Lebanon,,2013,576.87176514
Lebanon,,2012,588.83917236
Lebanon,,2011,640.69805908
Lebanon,,2010,567.25506592
Lebanon,,2009,496.88284302
Lebanon,,2008,462.17767334
Lebanon,,2007,438.71112061
Lebanon,,2006,401.43670654
Lebanon,,2005,347.40252686
Lebanon,,2004,368.01425171
Lebanon,,2003,373.35971069
Lebanon,,2002,391.74139404
Lebanon,,2001,416.57485962
Lebanon,,2000,425.70095825
Lesotho,,2023,122.63982391
Lesotho,,2022,133.32562256
Lesotho,,2021,115.81448364
Lesotho,,2020,96.84536743
Lesotho,,2019,235.94372559
Lesotho,,2018,130.93614197
Lesotho,,2017,115.43321228
Lesotho,,2016,91.0127182
Lesotho,,2015,104.59999847
Lesotho,,2014,121.21549988
Lesotho,,2013,131.35578918
Lesotho,,2012,125.37831116
Lesotho,,2011,117.67031097
Lesotho,,2010,85.87903595
Lesotho,,2009,80.82315063
Lesotho,,2008,69.06710052
Lesotho,,2007,65.80387878
Lesotho,,2006,49.67809296
Lesotho,,2005,41.66717911
Lesotho,,2004,41.18851089
Lesotho,,2003,32.02215576
Lesotho,,2002,23.20003891
Lesotho,,2001,28.22144127
Lesotho,,2000,23.71122551
Liberia,,2023,103.94123077
Liberia,,2022,100.49607086
Liberia,,2021,88.54867554
Liberia,,2020,76.11009979
Liberia,,2019,51.1932373
Liberia,,2018,68.88298798
Liberia,,2017,67.8789978
Liberia,,2016,67.68016052
Liberia,,2015,68.89793396
Liberia,,2014,54.82420349
Liberia,,2013,48.72935104
Liberia,,2012,46.67208862
Liberia,,2011,47.58517075
Liberia,,2010,40.8739624
Liberia,,2009,40.21982574
Liberia,,2008,26.30083656
Liberia,,2007,15.8568964
Liberia,,2006,18.34446335
Liberia,,2005,19.14579582
Liberia,,2004,16.7787571
Liberia,,2003,5.76429653
Liberia,,2002,6.59576607
Liberia,,2001,6.46313238
Liberia,,2000,7.93455124
Libya,,2023,470.4034729
Libya,,2022,284.0262146
Libya,,2021,298.84338379
Libya,,2020,472.62240601
Libya,,2019,552.73168945
Libya,,2018,544.88079834
Libya,,2017,466.08538818
Libya,,2016,464.47531128
Libya,,2015,433.06808472
Libya,,2014,462.19216919
Libya,,2013,594.65338135
Libya,,2012,592.46356201
Libya,,2011,305.20037842
Libya,,2010,380.58596802
Libya,,2009,342.20449829
Libya,,2008,312.11196899
Libya,,2007,269.63085938
Libya,,2006,231.11968994
Libya,,2005,209.878479
Libya,,2004,200.83604431
Libya,,2003,189.72729492
Libya,,2002,181.7310791
Libya,,2001,255.77108765
Libya,,2000,247.1134491
Liechtenstein,,2023,11494.95898438
Liechtenstein,,2022,10591.59277344
Liechtenstein,,2021,10912.36132813
Liechtenstein,,2020,10004.52832031
Liechtenstein,,2019,9686.88378906
Liechtenstein,,2018,9736.24316406
Liechtenstein,,2017,9715.07519531
Liechtenstein,,2016,9703.75878906
Liechtenstein,,2015,9639.75195313
Liechtenstein,,2014,10096.85351563
Liechtenstein,,2013,9956.29785156
Lithuania,,2024,2232.47631836
Lithuania,,2023,2044.18371582
Lithuania,,2022,1831.27734375
Lithuania,,2021,1844.33154297
Lithuania,,2020,1511.79626465
Lithuania,,2019,1361.20288086
Lithuania,,2018,1241.38574219
Lithuania,,2017,1073.95800781
Lithuania,,2016,986.13311768
Lithuania,,2015,918.50750732
Lithuania,,2014,1019.7121582
Lithuania,,2013,958.04650879
Lithuania,,2012,896.93707275
Lithuania,,2011,925.47161865
Lithuania,,2010,805.2244873
Lithuania,,2009,864.73638916
Lithuania,,2008,936.50933838
Lithuania,,2007,704.29315186
Lithuania,,2006,536.05737305
Lithuania,,2005,438.93267822
Lithuania,,2004,366.95968628
Lithuania,,2003,338.86306763
Lithuania,,2002,254.36688232
Lithuania,,2001,218.81802368
Lithuania,,2000,217.1761322
Luxembourg,,2024,8169.91259766
Luxembourg,,2023,7510.99414063
Luxembourg,,2022,7022.62695313
Luxembourg,,2021,7632.57275391
Luxembourg,,2020,6785.86230469
Luxembourg,,2019,6221.73876953
Luxembourg,,2018,6227.08398438
Luxembourg,,2017,5713.11865234
Luxembourg,,2016,5475.13964844
Luxembourg,,2015,5421.93212891
Luxembourg,,2014,6547.03466797
Luxembourg,,2013,6356.64453125
Luxembourg,,2012,6029.47460938
Luxembourg,,2011,7174.73925781
Luxembourg,,2010,7459.83544922
Luxembourg,,2009,7670.59375
Luxembourg,,2008,7578.74951172
Luxembourg,,2007,6671.26513672
Luxembourg,,2006,6070.73583984
Luxembourg,,2005,5818.14599609
Luxembourg,,2004,5610.35351563
Luxembourg,,2003,4607.40283203
Luxembourg,,2002,3600.86743164
Luxembourg,,2001,3109.20141602
Luxembourg,,2000,2901.19995117
Madagascar,,2023,17.44003487
Madagascar,,2022,15.85809231
Madagascar,,2021,17.17938805
Madagascar,,2020,16.78295326
Madagascar,,2019,15.50084877
Madagascar,,2018,21.12731934
Madagascar,,2017,23.62072182
Madagascar,,2016,24.20793915
Madagascar,,2015,22.29386139
Madagascar,,2014,22.56570244
Madagascar,,2013,19.33186913
Madagascar,,2012,19.30151749
Madagascar,,2011,22.88667488
Madagascar,,2010,21.13975906
Madagascar,,2009,19.56957817
Madagascar,,2008,20.91898537
Madagascar,,2007,19.33553123
Madagascar,,2006,16.44085503
Madagascar,,2005,15.9498682
Madagascar,,2004,14.29298973
Madagascar,,2003,17.64075851
Madagascar,,2002,15.02957344
Madagascar,,2001,13.13894939
Madagascar,,2000,11.1882658
Malawi,,2023,41.26664734
Malawi,,2022,40.03453827
Malawi,,2021,46.41017532
Malawi,,2020,42.37881851
Malawi,,2019,36.91519165
Malawi,,2018,36.70302963
Malawi,,2017,37.60110092
Malawi,,2016,34.0307579
Malawi,,2015,34.97310638
Malawi,,2014,35.33760452
Malawi,,2013,39.54008484
Malawi,,2012,32.53762817
Malawi,,2011,39.29234314
Malawi,,2010,33.99194336
Malawi,,2009,35.56456757
Malawi,,2008,32.73482132
Malawi,,2007,25.0216465
Malawi,,2006,20.95070648
Malawi,,2005,17.24028015
Malawi,,2004,15.94395351
Malawi,,2003,12.3155899
Malawi,,2002,11.17413807
Malawi,,2001,7.42542601
Malawi,,2000,8.84964848
Malaysia,,2023,450.33853149
Malaysia,,2022,458.21963501
Malaysia,,2021,476.94366455
Malaysia,,2020,406.52005005
Malaysia,,2019,419.32568359
Malaysia,,2018,409.84710693
Malaysia,,2017,366.36639404
Malaysia,,2016,350.71160889
Malaysia,,2015,368.77331543
Malaysia,,2014,414.4392395
Malaysia,,2013,381.69210815
Malaysia,,2012,371.76046753
Malaysia,,2011,343.45877075
Malaysia,,2010,285.64263916
Malaysia,,2009,245.64353943
Malaysia,,2008,263.67819214
Malaysia,,2007,230.5599823
Malaysia,,2006,200.54800415
Malaysia,,2005,162.17677307
Malaysia,,2004,153.86297607
Malaysia,,2003,142.21202087
Malaysia,,2002,121.61391449
Malaysia,,2001,114.91710663
Malaysia,,2000,111.8384552
Maldives,,2023,1159.02819824
Maldives,,2022,883.91467285
Maldives,,2021,901.09185791
Maldives,,2020,845.82440186
Maldives,,2019,880.79962158
Maldives,,2018,833.21575928
Maldives,,2017,961.57415771
Maldives,,2016,1017.99908447
Maldives,,2015,837.47290039
Maldives,,2014,707.39245605
Maldives,,2013,671.65325928
Maldives,,2012,647.11553955
Maldives,,2011,588.20758057
Maldives,,2010,608.87176514
Maldives,,2009,679.66296387
Maldives,,2008,775.14593506
Maldives,,2007,478.24349976
Maldives,,2006,403.94284058
Maldives,,2005,335.13778687
Maldives,,2004,304.5932312
Maldives,,2003,240.54026794
Maldives,,2002,249.48114014
Maldives,,2001,229.80044556
Maldives,,2000,219.8586731
Mali,,2023,33.9802475
Mali,,2022,31.0949192
Mali,,2021,30.55883217
Mali,,2020,28.20211601
Mali,,2019,31.4089489
Mali,,2018,31.16962242
Mali,,2017,28.49467659
Mali,,2016,27.58086205
Mali,,2015,28.97842216
Mali,,2014,35.7261734
Mali,,2013,30.06661987
Mali,,2012,27.53120613
Mali,,2011,31.67968369
Mali,,2010,31.36436844
Mali,,2009,34.64731598
Mali,,2008,33.21391678
Mali,,2007,29.63545799
Mali,,2006,26.93190002
Mali,,2005,23.97353554
Mali,,2004,21.72010231
Mali,,2003,18.76944542
Mali,,2002,15.89499378
Mali,,2001,13.15901566
Mali,,2000,14.00473022
Malta,,2023,3623.4609375
Malta,,2022,3362.42382813
Malta,,2021,3641.03833008
Malta,,2020,3140.77026367
Malta,,2019,2947.24023438
Malta,,2018,2759.91186523
Malta,,2017,2562.88574219
Malta,,2016,2326.67016602
Malta,,2015,2249.00463867
Malta,,2014,2466.89111328
Malta,,2013,2127.0612793
Malta,,2012,1898.50866699
Malta,,2011,1962.20556641
Malta,,2010,1735.48693848
Malta,,2009,1683.5435791
Malta,,2008,1759.8626709
Malta,,2007,1606.22094727
Malta,,2006,1480.1126709
Malta,,2005,1378.2388916
Malta,,2004,1227.28881836
Malta,,2003,1082.75085449
Malta,,2002,830.64630127
Malta,,2001,685.98400879
Malta,,2000,647.10150146
Marshall Islands,,2023,894.21533203
Marshall Islands,,2022,859.050354
Marshall Islands,,2021,782.16351318
Marshall Islands,,2020,687.02435303
Marshall Islands,,2019,793.66851807
Marshall Islands,,2018,702.8359375
Marshall Islands,,2017,553.06298828
Marshall Islands,,2016,619.35668945
Marshall Islands,,2015,557.35211182
Marshall Islands,,2014,449.90563965
Marshall Islands,,2013,445.42425537
Marshall Islands,,2012,410.4979248
Marshall Islands,,2011,376.39205933
Marshall Islands,,2010,548.59899902
Marshall Islands,,2009,543.67626953
Marshall Islands,,2008,536.23034668
Marshall Islands,,2007,485.01657104
Marshall Islands,,2006,613.29852295
Marshall Islands,,2005,490.59927368
Marshall Islands,,2004,363.40332031
Marshall Islands,,2003,338.22610474
Marshall Islands,,2002,309.72741699
Marshall Islands,,2001,269.22146606
Marshall Islands,,2000,306.73342896
Mauritania,,2023,92.11444092
Mauritania,,2022,91.54125977
Mauritania,,2021,73.6309433
Mauritania,,2020,53.89974594
Mauritania,,2019,54.63365555
Mauritania,,2018,49.68307495
Mauritania,,2017,55.22446442
Mauritania,,2016,49.90084076
Mauritania,,2015,57.1233139
Mauritania,,2014,59.39431381
Mauritania,,2013,55.47412872
Mauritania,,2012,49.2515831
Mauritania,,2011,47.77469254
Mauritania,,2010,43.759655
Mauritania,,2009,44.64679718
Mauritania,,2008,49.2858696
Mauritania,,2007,40.41820145
Mauritania,,2006,35.14922333
Mauritania,,2005,34.00539017
Mauritania,,2004,31.47280884
Mauritania,,2003,29.51877594
Mauritania,,2002,25.96999741
Mauritania,,2001,23.28163338
Mauritania,,2000,23.00290108
Mauritius,,2023,616.20739746
Mauritius,,2022,590.91522217
Mauritius,,2021,593.77947998
Mauritius,,2020,541.95184326
Mauritius,,2019,639.18286133
Mauritius,,2018,640.62182617
Mauritius,,2017,594.86120605
Mauritius,,2016,540.39239502
Mauritius,,2015,515.72247314
Mauritius,,2014,544.44122314
Mauritius,,2013,440.00280762
Mauritius,,2012,387.1026001
Mauritius,,2011,385.76248169
Mauritius,,2010,357.17382813
Mauritius,,2009,301.67260742
Mauritius,,2008,312.88540649
Mauritius,,2007,229.2313385
Mauritius,,2006,203.24180603
Mauritius,,2005,192.13858032
Mauritius,,2004,184.74328613
Mauritius,,2003,157.68417358
Mauritius,,2002,132.38633728
Mauritius,,2001,116.36106873
Mauritius,,2000,115.89820862
Mexico,,2023,760.98840332
Mexico,,2022,650.97070313
Mexico,,2021,606.13415527
Mexico,,2020,535.11669922
Mexico,,2019,549.72601318
Mexico,,2018,528.26306152
Mexico,,2017,512.54974365
Mexico,,2016,489.92230225
Mexico,,2015,553.91259766
Mexico,,2014,609.82232666
Mexico,,2013,625.59765625
Mexico,,2012,582.48297119
Mexico,,2011,565.31738281
Mexico,,2010,534.08520508
Mexico,,2009,492.59887695
Mexico,,2008,573.11114502
Mexico,,2007,558.06530762
Mexico,,2006,514.29864502
Mexico,,2005,483.97970581
Mexico,,2004,446.13604736
Mexico,,2003,411.83197021
Mexico,,2002,385.61471558
Mexico,,2001,364.39672852
Mexico,,2000,319.34719849
Micronesia,,2023,507.7762146
Micronesia,,2022,468.53509521
Micronesia,,2021,399.43988037
Micronesia,,2020,403.03540039
Micronesia,,2019,425.28103638
Micronesia,,2018,428.00738525
Micronesia,,2017,409.11758423
Micronesia,,2016,399.77108765
Micronesia,,2015,362.27624512
Micronesia,,2014,345.01589966
Micronesia,,2013,354.82269287
Micronesia,,2012,372.10220337
Micronesia,,2011,378.15283203
Micronesia,,2010,361.96511841
Micronesia,,2009,325.56570435
Micronesia,,2008,289.50195313
Micronesia,,2007,258.64785767
Micronesia,,2006,245.42320251
Micronesia,,2005,397.91644287
Micronesia,,2004,257.98867798
Micronesia,,2003,208.84524536
Micronesia,,2002,169.95617676
Micronesia,,2001,181.29023743
Micronesia,,2000,161.47862244
Moldova,,2023,451.73007202
Moldova,,2022,394.42373657
Moldova,,2021,403.87823486
Moldova,,2020,305.48913574
Moldova,,2019,283.98425293
Moldova,,2018,276.4697876
Moldova,,2017,243.94540405
Moldova,,2016,171.18476868
Moldova,,2015,186.43643188
Moldova,,2014,230.76982117
Moldova,,2013,231.66229248
Moldova,,2012,223.61895752
Moldova,,2011,214.98246765
Moldova,,2010,198.28894043
Moldova,,2009,208.53004456
Moldova,,2008,185.56115723
Moldova,,2007,135.44366455
Moldova,,2006,100.10816193
Moldova,,2005,79.33213043
Moldova,,2004,64.60713959
Moldova,,2003,38.43836975
Moldova,,2002,33.9242363
Moldova,,2001,25.3985939
Moldova,,2000,21.37988663
Monaco,,2023,8004.16845703
Monaco,,2022,7674.09814453
Monaco,,2021,8225.38769531
Monaco,,2020,7582.41552734
Monaco,,2019,7517.25341797
Monaco,,2018,7621.97021484
Monaco,,2017,7101.640625
Monaco,,2016,7157.92578125
Monaco,,2015,7354.13183594
Monaco,,2014,8691.6953125
Monaco,,2013,8459.11328125
Monaco,,2012,7869.89453125
Monaco,,2011,8314.45996094
Monaco,,2010,8025.15917969
Monaco,,2009,8190.71191406
Monaco,,2008,8342.875
Monaco,,2007,7035.9453125
Monaco,,2006,6146.87744141
Monaco,,2005,5878.00683594
Monaco,,2004,5681.51171875
Monaco,,2003,4833.08740234
Monaco,,2002,3375.89013672
Monaco,,2001,3050.57739258
Monaco,,2000,2975.82250977
Mongolia,,2023,359.60980225
Mongolia,,2022,448.24212646
Mongolia,,2021,330.03753662
Mongolia,,2020,188.77464294
Mongolia,,2019,197.57131958
Mongolia,,2018,188.64115906
Mongolia,,2017,160.4889679
Mongolia,,2016,168.41404724
Mongolia,,2015,165.19296265
Mongolia,,2014,176.69651794
Mongolia,,2013,180.41543579
Mongolia,,2012,169.6519928
Mongolia,,2011,135.98664856
Mongolia,,2010,99.50933838
Mongolia,,2009,76.7000351
Mongolia,,2008,97.26833344
Mongolia,,2007,66.17643738
Mongolia,,2006,49.52784348
Mongolia,,2005,38.04277039
Mongolia,,2004,33.7024498
Mongolia,,2003,27.18718147
Mongolia,,2002,30.67812347
Mongolia,,2001,27.85225105
Mongolia,,2000,28.13583946
Montenegro,,2023,1147.69787598
Montenegro,,2022,1032.91149902
Montenegro,,2021,1024.2565918
Montenegro,,2020,896.24884033
Montenegro,,2019,754.77441406
Montenegro,,2018,745.7520752
Montenegro,,2017,623.68841553
Montenegro,,2016,604.88665771
Montenegro,,2015,582.18743896
Montenegro,,2014,581.40106201
Montenegro,,2013,597.17596436
Montenegro,,2012,535.16223145
Montenegro,,2011,571.65600586
Morocco,,2023,232.24751282
Morocco,,2022,201.81098938
Morocco,,2021,209.57344055
Morocco,,2020,192.04043579
Morocco,,2019,178.73939514
Morocco,,2018,175.70518494
Morocco,,2017,166.8500061
Morocco,,2016,162.21507263
Morocco,,2015,162.85198975
Morocco,,2014,188.6415863
Morocco,,2013,179.81974792
Morocco,,2012,172.04353333
Morocco,,2011,179.00019836
Morocco,,2010,168.36595154
Morocco,,2009,165.50694275
Morocco,,2008,153.23677063
Morocco,,2007,131.86448669
Morocco,,2006,110.22368622
Morocco,,2005,97.19748688
Morocco,,2004,91.17259979
Morocco,,2003,77.74629211
Morocco,,2002,63.57953644
Morocco,,2001,56.55395889
Morocco,,2000,54.63968277
Mozambique,,2023,52.96166611
Mozambique,,2022,47.69813538
Mozambique,,2021,44.09894943
Mozambique,,2020,34.92252731
Mozambique,,2019,41.01906586
Mozambique,,2018,41.29206467
Mozambique,,2017,36.75825882
Mozambique,,2016,31.85357285
Mozambique,,2015,40.35658646
Mozambique,,2014,43.50259018
Mozambique,,2013,41.5031395
Mozambique,,2012,35.24672699
Mozambique,,2011,30.42516136
Mozambique,,2010,26.26061249
Mozambique,,2009,27.68954468
Mozambique,,2008,24.48562622
Mozambique,,2007,19.29700851
Mozambique,,2006,18.05057144
Mozambique,,2005,18.40718079
Mozambique,,2004,14.12452602
Mozambique,,2003,11.03660774
Mozambique,,2002,10.00207806
Mozambique,,2001,8.53719139
Mozambique,,2000,7.00877714
Myanmar,,2023,56.18909836
Myanmar,,2022,57.96875763
Myanmar,,2021,96.86240387
Myanmar,,2020,66.02284241
Myanmar,,2019,53.72147369
Myanmar,,2018,60.83261871
Myanmar,,2017,59.51782608
Myanmar,,2016,59.67910385
Myanmar,,2015,63.62335968
Myanmar,,2014,54.28113556
Myanmar,,2013,37.68575287
Myanmar,,2012,37.25568008
Myanmar,,2011,27.40522575
Myanmar,,2010,20.23270416
Myanmar,,2009,18.70313454
Myanmar,,2008,14.70817947
Myanmar,,2007,9.91384029
Myanmar,,2006,8.47415161
Myanmar,,2005,7.65254498
Myanmar,,2004,7.01517916
Myanmar,,2003,6.57480383
Myanmar,,2002,7.0817728
Myanmar,,2001,4.62700701
Myanmar,,2000,4.47214985
Namibia,,2023,397.09063721
Namibia,,2022,418.53683472
Namibia,,2021,449.95172119
Namibia,,2020,370.81643677
Namibia,,2019,419.14828491
Namibia,,2018,457.6807251
Namibia,,2017,447.95223999
Namibia,,2016,409.78051758
Namibia,,2015,476.50784302
Namibia,,2014,452.2585144
Namibia,,2013,539.41345215
Namibia,,2012,606.36633301
Namibia,,2011,624.59814453
Namibia,,2010,567.35003662
Namibia,,2009,420.74865723
Namibia,,2008,443.17068481
Namibia,,2007,493.60388184
Namibia,,2006,437.56240845
Namibia,,2005,402.20068359
Namibia,,2004,373.46408081
Namibia,,2003,278.70162964
Namibia,,2002,187.86433411
Namibia,,2001,201.46917725
Namibia,,2000,217.55029297
Nepal,,2023,83.96018982
Nepal,,2022,87.34230042
Nepal,,2021,69.1880188
Nepal,,2020,59.07941437
Nepal,,2019,53.61107254
Nepal,,2018,51.16546249
Nepal,,2017,49.63085556
Nepal,,2016,47.1232872
Nepal,,2015,46.49585342
Nepal,,2014,41.9739151
Nepal,,2013,35.14327621
Nepal,,2012,33.64963913
Nepal,,2011,34.14775085
Nepal,,2010,29.62231827
Nepal,,2009,20.86620903
Nepal,,2008,18.86374855
Nepal,,2007,17.13900185
Nepal,,2006,13.68047714
Nepal,,2005,14.14693356
Nepal,,2004,12.92468262
Nepal,,2003,11.06888008
Nepal,,2002,10.46419716
Nepal,,2001,10.26854038
Nepal,,2000,8.34249592
Netherlands,,2024,6845.14208984
Netherlands,,2023,6371.85595703
Netherlands,,2022,5967.90429688
Netherlands,,2021,6718.88964844
Netherlands,,2020,5865.90527344
Netherlands,,2019,5340.61279297
Netherlands,,2018,5330.66015625
Netherlands,,2017,4934.57519531
Netherlands,,2016,4644.02099609
Netherlands,,2015,4676.56201172
Netherlands,,2014,5601.88574219
Netherlands,,2013,5532.72607422
Netherlands,,2012,5284.64990234
Netherlands,,2011,5562.12109375
Netherlands,,2010,5191.69384766
Netherlands,,2009,5282.74316406
Netherlands,,2008,5382.44580078
Netherlands,,2007,4696.14160156
Netherlands,,2006,4080.21972656
Netherlands,,2005,3823.48095703
Netherlands,,2004,3689.46435547
Netherlands,,2003,3244.35644531
Netherlands,,2002,2544.81347656
Netherlands,,2001,2175.73046875
Netherlands,,2000,2028.18139648
New Zealand,,2024,5022.03271484
New Zealand,,2023,4997.24316406
New Zealand,,2022,5138.33789063
New Zealand,,2021,4749.04199219
New Zealand,,2020,3887.71264648
New Zealand,,2019,3679.59692383
New Zealand,,2018,3706.80273438
New Zealand,,2017,3702.09985352
New Zealand,,2016,3516.93481445
New Zealand,,2015,3433.59643555
New Zealand,,2014,3997.43237305
New Zealand,,2013,3833.82226563
New Zealand,,2012,3682.94213867
New Zealand,,2011,3501.22045898
New Zealand,,2010,3072.73608398
New Zealand,,2009,2582.28100586
New Zealand,,2008,2708.65625
New Zealand,,2007,2705.66430664
New Zealand,,2006,2304.06518555
New Zealand,,2005,2295.37182617
New Zealand,,2004,1981.9720459
New Zealand,,2003,1610.73034668
New Zealand,,2002,1250.12634277
New Zealand,,2001,1053.73632813
New Zealand,,2000,1054.28100586
Nicaragua,,2023,216.55238342
Nicaragua,,2022,208.56825256
Nicaragua,,2021,204.21273804
Nicaragua,,2020,165.88038635
Nicaragua,,2019,166.49009705
Nicaragua,,2018,172.9760437
Nicaragua,,2017,181.75810242
Nicaragua,,2016,171.5748291
Nicaragua,,2015,165.18948364
Nicaragua,,2014,156.22232056
Nicaragua,,2013,140.20372009
Nicaragua,,2012,133.64489746
Nicaragua,,2011,125.13540649
Nicaragua,,2010,117.70147705
Nicaragua,,2009,112.75749207
Nicaragua,,2008,109.20231628
Nicaragua,,2007,93.93821716
Nicaragua,,2006,79.3536377
Nicaragua,,2005,73.65701294
Nicaragua,,2004,66.54763794
Nicaragua,,2003,62.13036346
Nicaragua,,2002,58.15333939
Nicaragua,,2001,57.69081879
Nicaragua,,2000,53.29532623
Niger,,2023,26.01301575
Niger,,2022,26.50681686
Niger,,2021,35.39406204
Niger,,2020,35.75537109
Niger,,2019,31.89424324
Niger,,2018,30.61364555
Niger,,2017,29.09627533
Niger,,2016,22.68474007
Niger,,2015,25.96905327
Niger,,2014,25.09494019
Niger,,2013,24.61338997
Niger,,2012,22.71487427
Niger,,2011,24.84123039
Niger,,2010,23.47736168
Niger,,2009,24.54927635
Niger,,2008,24.86141586
Niger,,2007,20.96952438
Niger,,2006,19.9213028
Niger,,2005,18.67140198
Niger,,2004,14.06374931
Niger,,2003,12.55038452
Niger,,2002,10.84433079
Niger,,2001,9.68088055
Niger,,2000,9.04467964
Nigeria,,2023,66.82009125
Nigeria,,2022,89.62958527
Nigeria,,2021,81.87322235
Nigeria,,2020,67.91384888
Nigeria,,2019,67.6254425
Nigeria,,2018,63.60244751
Nigeria,,2017,70.31814575
Nigeria,,2016,75.52328491
Nigeria,,2015,92.91207123
Nigeria,,2014,102.39888763
Nigeria,,2013,97.29588318
Nigeria,,2012,87.89523315
Nigeria,,2011,80.2377243
Nigeria,,2010,73.008255
Nigeria,,2009,65.71811676
Nigeria,,2008,77.45053101
Nigeria,,2007,66.90659332
Nigeria,,2006,63.63072205
Nigeria,,2005,52.24337006
Nigeria,,2004,42.81798172
Nigeria,,2003,37.91439438
Nigeria,,2002,17.53752899
Nigeria,,2001,17.96053314
Nigeria,,2000,17.15887642
North Macedonia,,2023,639.41693115
North Macedonia,,2022,561.69281006
North Macedonia,,2021,636.65447998
North Macedonia,,2020,510.81011963
North Macedonia,,2019,469.47344971
North Macedonia,,2018,426.57290649
North Macedonia,,2017,375.3303833
North Macedonia,,2016,347.44271851
North Macedonia,,2015,322.25213623
North Macedonia,,2014,357.63867188
North Macedonia,,2013,361.13168335
North Macedonia,,2012,317.978302
North Macedonia,,2011,335.13171387
North Macedonia,,2010,308.09429932
North Macedonia,,2009,297.88058472
North Macedonia,,2008,313.61117554
North Macedonia,,2007,263.25378418
North Macedonia,,2006,242.60142517
North Macedonia,,2005,229.81243896
North Macedonia,,2004,230.68000793
North Macedonia,,2003,214.29603577
North Macedonia,,2002,172.87971497
North Macedonia,,2001,150.4312439
North Macedonia,,2000,162.68013
Norway,,2023,8296.35546875
Norway,,2022,8692.57617188
Norway,,2021,9163.13867188
Norway,,2020,7824.57714844
Norway,,2019,8007.35546875
Norway,,2018,8271.859375
Norway,,2017,7815.78710938
Norway,,2016,7492.07666016
Norway,,2015,7566.56152344
Norway,,2014,9116.37792969
Norway,,2013,9241.265625
Norway,,2012,8970.11914063
Norway,,2011,8900.37207031
Norway,,2010,7859.51611328
Norway,,2009,7301.95996094
Norway,,2008,7768.05029297
Norway,,2007,6895.56005859
Norway,,2006,5892.98730469
Norway,,2005,5584.68896484
Norway,,2004,5097.34423828
Norway,,2003,4632.56835938
Norway,,2002,3889.95947266
Norway,,2001,3099.00341797
Norway,,2000,2948.93164063
Oman,,2023,732.04089355
Oman,,2022,712.06097412
Oman,,2021,843.01953125
Oman,,2020,859.24987793
Oman,,2019,730.08325195
Oman,,2018,639.78082275
Oman,,2017,704.6295166
Oman,,2016,714.48864746
Oman,,2015,767.04455566
Oman,,2014,726.64660645
Oman,,2013,587.71075439
Oman,,2012,561.1171875
Oman,,2011,563.23632813
Oman,,2010,583.57073975
Oman,,2009,510.08691406
Oman,,2008,466.60375977
Oman,,2007,397.21173096
Oman,,2006,341.97601318
Oman,,2005,326.909729
Oman,,2004,306.42941284
Oman,,2003,290.38589478
Oman,,2002,274.11166382
Oman,,2001,259.59085083
Oman,,2000,261.88265991
Pakistan,,2023,30.48608398
Pakistan,,2022,38.76602173
Pakistan,,2021,42.79639816
Pakistan,,2020,36.9091301
Pakistan,,2019,36.01374817
Pakistan,,2018,40.09578323
Pakistan,,2017,42.07228851
Pakistan,,2016,36.46934128
Pakistan,,2015,33.99359894
Pakistan,,2014,32.11787415
Pakistan,,2013,28.20998955
Pakistan,,2012,25.59742928
Pakistan,,2011,25.02491379
Pakistan,,2010,23.62846184
Pakistan,,2009,23.14643288
Pakistan,,2008,24.34272766
Pakistan,,2007,26.14198685
Pakistan,,2006,24.43647003
Pakistan,,2005,19.58962631
Pakistan,,2004,15.53542328
Pakistan,,2003,14.34851551
Pakistan,,2002,14.98332214
Pakistan,,2001,13.41587162
Pakistan,,2000,15.36755657
Palau,,2023,1683.8458252
Palau,,2022,2077.734375
Palau,,2021,1931.31152344
Palau,,2020,1938.33837891
Palau,,2019,1928.91564941
Palau,,2018,1809.22070313
Palau,,2017,1775.32849121
Palau,,2016,1704.62316895
Palau,,2015,1554.91186523
Palau,,2014,1481.35656738
Palau,,2013,1399.29931641
Palau,,2012,1239.99304199
Palau,,2011,1072.56323242
Palau,,2010,1093.30786133
Palau,,2009,947.12615967
Palau,,2008,880.83892822
Palau,,2007,897.35339355
Palau,,2006,852.00756836
Palau,,2005,810.10369873
Palau,,2004,765.0546875
Palau,,2003,638.3067627
Palau,,2002,609.03295898
Palau,,2001,640.58422852
Palau,,2000,675.54473877
Panama,,2023,1557.81286621
Panama,,2022,1572.93017578
Panama,,2021,1417.1541748
Panama,,2020,1358.4498291
Panama,,2019,1339.45153809
Panama,,2018,1227.30554199
Panama,,2017,1126.96154785
Panama,,2016,1056.68481445
Panama,,2015,982.06530762
Panama,,2014,919.2946167
Panama,,2013,805.78985596
Panama,,2012,725.01544189
Panama,,2011,664.97564697
Panama,,2010,607.42242432
Panama,,2009,550.80755615
Panama,,2008,506.78494263
Panama,,2007,472.08703613
Panama,,2006,370.62973022
Panama,,2005,323.0513916
Panama,,2004,344.4079895
Panama,,2003,303.45755005
Panama,,2002,308.58657837
Panama,,2001,296.75146484
Panama,,2000,300.66052246
Papua New Guinea,,2023,85.15021515
Papua New Guinea,,2022,81.11356354
Papua New Guinea,,2021,61.02529907
Papua New Guinea,,2020,55.92817688
Papua New Guinea,,2019,59.89566803
Papua New Guinea,,2018,59.04003525
Papua New Guinea,,2017,55.24723816
Papua New Guinea,,2016,53.98646545
Papua New Guinea,,2015,45.18995285
Papua New Guinea,,2014,89.08061218
Papua New Guinea,,2013,76.75310516
Papua New Guinea,,2012,70.27664948
Papua New Guinea,,2011,52.49456787
Papua New Guinea,,2010,39.3453064
Papua New Guinea,,2009,36.5436821
Papua New Guinea,,2008,34.69308472
Papua New Guinea,,2007,33.18586731
Papua New Guinea,,2006,30.03865242
Papua New Guinea,,2005,27.49723434
Papua New Guinea,,2004,25.73586273
Papua New Guinea,,2003,21.9858036
Papua New Guinea,,2002,20.55322266
Papua New Guinea,,2001,18.19814301
Papua New Guinea,,2000,18.84121323
Paraguay,,2023,526.5098877
Paraguay,,2022,480.02862549
Paraguay,,2021,480.11322021
Paraguay,,2020,411.81765747
Paraguay,,2019,416.84432983
Paraguay,,2018,422.13101196
Paraguay,,2017,406.60488892
Paraguay,,2016,385.52297974
Paraguay,,2015,393.42440796
Paraguay,,2014,440.85821533
Paraguay,,2013,391.80084229
Paraguay,,2012,368.7868042
Paraguay,,2011,337.81317139
Paraguay,,2010,258.43127441
Paraguay,,2009,217.7858429
Paraguay,,2008,220.90351868
Paraguay,,2007,161.25285339
Paraguay,,2006,122.45078278
Paraguay,,2005,95.1805954
Paraguay,,2004,88.10053253
Paraguay,,2003,70.85758209
Paraguay,,2002,65.0742569
Paraguay,,2001,91.8441391
Paraguay,,2000,104.49077606
Peru,,2023,445.52667236
Peru,,2022,445.10473633
Peru,,2021,455.3560791
Peru,,2020,399.13800049
Peru,,2019,367.98739624
Peru,,2018,362.75994873
Peru,,2017,332.54321289
Peru,,2016,311.33517456
Peru,,2015,310.60983276
Peru,,2014,332.18841553
Peru,,2013,320.96490479
Peru,,2012,309.31439209
Peru,,2011,264.46487427
Peru,,2010,241.43280029
Peru,,2009,209.1973877
Peru,,2008,191.42611694
Peru,,2007,158.55148315
Peru,,2006,136.14295959
Peru,,2005,123.25354004
Peru,,2004,105.16587067
Peru,,2003,97.352211
Peru,,2002,97.6605072
Peru,,2001,89.36621857
Peru,,2000,83.63842773
Philippines,,2023,194.05484009
Philippines,,2022,182.93432617
Philippines,,2021,208.192276
Philippines,,2020,166.61218262
Philippines,,2019,141.6925354
Philippines,,2018,125.27716827
Philippines,,2017,120.32259369
Philippines,,2016,118.05981445
Philippines,,2015,113.4342804
Philippines,,2014,106.16293335
Philippines,,2013,118.87432098
Philippines,,2012,109.2149353
Philippines,,2011,95.95716095
Philippines,,2010,89.35166931
Philippines,,2009,77.64539337
Philippines,,2008,75.69056702
Philippines,,2007,64.27903748
Philippines,,2006,53.87452698
Philippines,,2005,45.67607498
Philippines,,2004,33.50411606
Philippines,,2003,31.60413551
Philippines,,2002,26.76997948
Philippines,,2001,27.60987473
Philippines,,2000,32.10300446
Poland,,2024,2014.12780762
Poland,,2023,1577.98168945
Poland,,2022,1219.29125977
Poland,,2021,1183.30236816
Poland,,2020,1025.98486328
Poland,,2019,1014.03820801
Poland,,2018,978.73565674
Poland,,2017,909.57818604
Poland,,2016,816.08618164
Poland,,2015,803.95965576
Poland,,2014,911.29815674
Poland,,2013,878.08837891
Poland,,2012,815.1418457
Poland,,2011,866.09466553
Poland,,2010,809.19940186
Poland,,2009,759.60577393
Poland,,2008,892.59698486
Poland,,2007,660.92468262
Poland,,2006,524.09747314
Poland,,2005,465.70019531
Poland,,2004,392.00338745
Poland,,2003,339.33520508
Poland,,2002,315.83145142
Poland,,2001,282.8210144
Poland,,2000,238.00448608
Portugal,,2024,2971.03930664
Portugal,,2023,2762.26293945
Portugal,,2022,2600.56665039
Portugal,,2021,2764.04296875
Portugal,,2020,2328.35571289
Portugal,,2019,2209.50219727
Portugal,,2018,2206.71240234
Portugal,,2017,1991.32263184
Portugal,,2016,1870.31848145
Portugal,,2015,1787.03759766
Portugal,,2014,2056.61474609
Portugal,,2013,2027.42089844
Portugal,,2012,1976.91479492
Portugal,,2011,2255.96923828
Portugal,,2010,2259.30371094
Portugal,,2009,2346.54199219
Portugal,,2008,2391.98120117
Portugal,,2007,2112.52880859
Portugal,,2006,1857.64526367
Portugal,,2005,1814.35449219
Portugal,,2004,1723.74401855
Portugal,,2003,1443.37792969
Portugal,,2002,1139.4029541
Portugal,,2001,1015.54956055
Portugal,,2000,995.34210205
Qatar,,2023,1804.35424805
Qatar,,2022,1781.50390625
Qatar,,2021,1847.00231934
Qatar,,2020,1967.15197754
Qatar,,2019,2007.51525879
Qatar,,2018,1966.55712891
Qatar,,2017,1911.95361328
Qatar,,2016,2072.06103516
Qatar,,2015,2422.64453125
Qatar,,2014,2252.4140625
Qatar,,2013,2029.8659668
Qatar,,2012,1712.67089844
Qatar,,2011,1482.28308105
Qatar,,2010,1309.79272461
Qatar,,2009,1325.43005371
Qatar,,2008,1292.60046387
Qatar,,2007,1301.49682617
Qatar,,2006,1378.9296875
Qatar,,2005,1386.015625
Qatar,,2004,1261.61999512
Qatar,,2003,1115.45336914
Qatar,,2002,668.85986328
Qatar,,2001,598.73602295
Qatar,,2000,553.08605957
Romania,,2023,1050.99755859
Romania,,2022,902.2677002
Romania,,2021,963.01287842
Romania,,2020,809.58880615
Romania,,2019,738.5581665
Romania,,2018,687.15411377
Romania,,2017,555.11309814
Romania,,2016,476.24505615
Romania,,2015,442.24038696
Romania,,2014,503.34753418
Romania,,2013,495.23623657
Romania,,2012,401.67105103
Romania,,2011,426.59973145
Romania,,2010,472.20751953
Romania,,2009,449.37692261
Romania,,2008,521.31561279
Romania,,2007,415.06790161
Romania,,2006,291.00408936
Romania,,2005,254.52961731
Romania,,2004,190.7950592
Romania,,2003,143.54553223
Romania,,2002,96.57698822
Romania,,2001,78.8175354
Romania,,2000,69.89345551
Russia,,2023,1003.33166504
Russia,,2022,1082.82104492
Russia,,2021,881.74395752
Russia,,2020,814.94451904
Russia,,2019,650.47058105
Russia,,2018,606.11401367
Russia,,2017,577.06811523
Russia,,2016,463.29275513
Russia,,2015,496.94955444
Russia,,2014,736.32177734
Russia,,2013,805.52130127
Russia,,2012,755.48553467
Russia,,2011,681.04345703
Russia,,2010,564.30065918
Russia,,2009,513.91033936
Russia,,2008,606.77508545
Russia,,2007,459.60296631
Russia,,2006,350.84014893
Russia,,2005,270.1439209
Russia,,2004,207.61283875
Russia,,2003,163.31135559
Russia,,2002,140.05729675
Russia,,2001,117.87785339
Russia,,2000,95.20859528
Rwanda,,2023,52.65630722
Rwanda,,2022,57.83102036
Rwanda,,2021,51.64677429
Rwanda,,2020,45.15266418
Rwanda,,2019,39.81322098
Rwanda,,2018,42.11674881
Rwanda,,2017,40.76682663
Rwanda,,2016,43.54212189
Rwanda,,2015,48.81296921
Rwanda,,2014,50.63835144
Rwanda,,2013,47.75388718
Rwanda,,2012,57.26393127
Rwanda,,2011,51.64939499
Rwanda,,2010,47.96871567
Rwanda,,2009,43.99641418
Rwanda,,2008,39.94568634
Rwanda,,2007,33.50738907
Rwanda,,2006,27.1564312
Rwanda,,2005,25.02086639
Rwanda,,2004,20.23413277
Rwanda,,2003,17.25927353
Rwanda,,2002,7.32393837
Rwanda,,2001,7.86746025
Rwanda,,2000,9.00399399
Samoa,,2023,292.81085205
Samoa,,2022,259.95404053
Samoa,,2021,285.65393066
Samoa,,2020,252.77748108
Samoa,,2019,242.91064453
Samoa,,2018,200.40919495
Samoa,,2017,220.82336426
Samoa,,2016,238.35044861
Samoa,,2015,232.50479126
Samoa,,2014,252.30943298
Samoa,,2013,247.41108704
Samoa,,2012,197.01564026
Samoa,,2011,211.88684082
Samoa,,2010,185.43850708
Samoa,,2009,172.45288086
Samoa,,2008,156.89399719
Samoa,,2007,147.84771729
Samoa,,2006,133.41867065
Samoa,,2005,121.24176788
Samoa,,2004,104.42662811
Samoa,,2003,81.95996094
Samoa,,2002,72.41275024
Samoa,,2001,56.09679031
Samoa,,2000,60.4606514
San Marino,,2023,3923.5234375
San Marino,,2022,3874.98535156
San Marino,,2021,4033.1027832
San Marino,,2020,3758.609375
San Marino,,2019,3801.21044922
San Marino,,2018,3969.36474609
San Marino,,2017,3672.30322266
San Marino,,2016,3621.23266602
San Marino,,2015,3530.04614258
San Marino,,2014,4120.02685547
San Marino,,2013,4113.46679688
San Marino,,2012,4310.10009766
San Marino,,2011,4550.35058594
San Marino,,2010,3813.88354492
San Marino,,2009,4242.50341797
San Marino,,2008,4378.24853516
San Marino,,2007,3804.50634766
San Marino,,2006,3242.24291992
San Marino,,2005,3055.63232422
San Marino,,2004,2958.87963867
San Marino,,2003,2506.68334961
San Marino,,2002,2253.21850586
San Marino,,2001,2202.07763672
San Marino,,2000,2176.20825195
São Tomé and Príncipe,,2023,171.05166626
São Tomé and Príncipe,,2022,139.02836609
São Tomé and Príncipe,,2021,187.06524658
São Tomé and Príncipe,,2020,159.84396362
São Tomé and Príncipe,,2019,106.86884308
São Tomé and Príncipe,,2018,108.87628937
São Tomé and Príncipe,,2017,117.07767487
São Tomé and Príncipe,,2016,109.73142242
São Tomé and Príncipe,,2015,85.37828827
São Tomé and Príncipe,,2014,118.70980835
São Tomé and Príncipe,,2013,124.59179688
São Tomé and Príncipe,,2012,86.29039001
São Tomé and Príncipe,,2011,69.45979309
São Tomé and Príncipe,,2010,60.94829941
São Tomé and Príncipe,,2009,64.90551758
São Tomé and Príncipe,,2008,64.58831787
São Tomé and Príncipe,,2007,59.71631241
São Tomé and Príncipe,,2006,57.2040329
São Tomé and Príncipe,,2005,80.13071442
São Tomé and Príncipe,,2004,71.05591583
São Tomé and Príncipe,,2003,71.20994568
São Tomé and Príncipe,,2002,50.61143494
São Tomé and Príncipe,,2001,47.14751816
São Tomé and Príncipe,,2000,49.63587952
Saudi Arabia,,2023,1825.2545166
Saudi Arabia,,2022,1830.89074707
Saudi Arabia,,2021,1654.74353027
Saudi Arabia,,2020,1574.70068359
Saudi Arabia,,2019,1504.55249023
Saudi Arabia,,2018,1488.9753418
Saudi Arabia,,2017,1400.90356445
Saudi Arabia,,2016,1353.21813965
Saudi Arabia,,2015,1309.27148438
Saudi Arabia,,2014,1363.59155273
Saudi Arabia,,2013,1189.67932129
Saudi Arabia,,2012,1093.15588379
Saudi Arabia,,2011,954.38873291
Saudi Arabia,,2010,765.91680908
Saudi Arabia,,2009,760.19476318
Saudi Arabia,,2008,663.14331055
Saudi Arabia,,2007,662.00793457
Saudi Arabia,,2006,634.81872559
Saudi Arabia,,2005,545.73571777
Saudi Arabia,,2004,471.45797729
Saudi Arabia,,2003,457.08770752
Saudi Arabia,,2002,449.84130859
Saudi Arabia,,2001,482.10446167
Saudi Arabia,,2000,493.36984253
Senegal,,2023,73.22670746
Senegal,,2022,63.44842529
Senegal,,2021,71.12162781
Senegal,,2020,75.16521454
Senegal,,2019,64.33670807
Senegal,,2018,64.37467957
Senegal,,2017,56.49185944
Senegal,,2016,53.90053558
Senegal,,2015,53.32304382
Senegal,,2014,61.40605545
Senegal,,2013,60.51578903
Senegal,,2012,56.61458969
Senegal,,2011,57.93114853
Senegal,,2010,51.38805008
Senegal,,2009,50.27443314
Senegal,,2008,49.05390167
Senegal,,2007,40.60185623
Senegal,,2006,38.28113556
Senegal,,2005,36.00606155
Senegal,,2004,41.94406128
Senegal,,2003,35.14493942
Senegal,,2002,26.46221161
Senegal,,2001,23.45893669
Senegal,,2000,21.41570663
Serbia,,2023,983.69372559
Serbia,,2022,843.57733154
Serbia,,2021,889.09753418
Serbia,,2020,670.03564453
Serbia,,2019,641.04754639
Serbia,,2018,617.08691406
Serbia,,2017,515.84570313
Serbia,,2016,486.42944336
Serbia,,2015,491.25177002
Serbia,,2014,608.85858154
Serbia,,2013,627.53308105
Serbia,,2012,559.90545654
Serbia,,2011,618.89422607
Serbia,,2010,545.33380127
Serbia,,2009,575.262146
Serbia,,2008,671.88702393
Serbia,,2007,547.22723389
Serbia,,2006,371.506073
Serbia,,2005,307.54705811
Serbia,,2004,274.45532227
Serbia,,2003,230.08865356
Serbia,,2002,173.24946594
Serbia,,2001,112.19754028
Serbia,,2000,56.52191544
Seychelles,,2023,766.28778076
Seychelles,,2022,707.34448242
Seychelles,,2021,629.85974121
Seychelles,,2020,670.88684082
Seychelles,,2019,675.47839355
Seychelles,,2018,685.10827637
Seychelles,,2017,667.09515381
Seychelles,,2016,673.19622803
Seychelles,,2015,566.96704102
Seychelles,,2014,588.18261719
Seychelles,,2013,545.24871826
Seychelles,,2012,562.99871826
Seychelles,,2011,457.16436768
Seychelles,,2010,449.52416992
Seychelles,,2009,310.96310425
Seychelles,,2008,367.36502075
Seychelles,,2007,428.61749268
Seychelles,,2006,487.17950439
Seychelles,,2005,457.77093506
Seychelles,,2004,444.24789429
Seychelles,,2003,394.09664917
Seychelles,,2002,340.82293701
Seychelles,,2001,334.48275757
Seychelles,,2000,340.23703003
Sierra Leone,,2023,35.76205063
Sierra Leone,,2022,41.31875229
Sierra Leone,,2021,44.90049362
Sierra Leone,,2020,47.8861618
Sierra Leone,,2019,48.13619995
Sierra Leone,,2018,44.82733536
Sierra Leone,,2017,47.37737274
Sierra Leone,,2016,84.22316742
Sierra Leone,,2015,118.66024017
Sierra Leone,,2014,143.60603333
Sierra Leone,,2013,84.93772125
Sierra Leone,,2012,51.99141312
Sierra Leone,,2011,49.6336174
Sierra Leone,,2010,37.84529114
Sierra Leone,,2009,39.29960632
Sierra Leone,,2008,37.23431396
Sierra Leone,,2007,31.90766907
Sierra Leone,,2006,29.63347244
Sierra Leone,,2005,26.04933357
Sierra Leone,,2004,23.03477859
Sierra Leone,,2003,21.7804718
Sierra Leone,,2002,22.29375267
Sierra Leone,,2001,19.32042122
Sierra Leone,,2000,17.66835022
Singapore,,2023,3921.60253906
Singapore,,2022,3902.14428711
Singapore,,2021,4050.81054688
Singapore,,2020,3541.36450195
Singapore,,2019,2924.24707031
Singapore,,2018,2726.00683594
Singapore,,2017,2673.66210938
Singapore,,2016,2509.92163086
Singapore,,2015,2330.39599609
Singapore,,2014,2233.34960938
Singapore,,2013,2102.97021484
Singapore,,2012,1853.02429199
Singapore,,2011,1700.1685791
Singapore,,2010,1510.66784668
Singapore,,2009,1326.11682129
Singapore,,2008,1286.91345215
Singapore,,2007,1116.97937012
Singapore,,2006,989.73895264
Singapore,,2005,908.3760376
Singapore,,2004,868.43688965
Singapore,,2003,851.10961914
Singapore,,2002,749.44445801
Singapore,,2001,690.01330566
Singapore,,2000,796.03100586
Slovakia,,2023,1813.46618652
Slovakia,,2022,1642.39208984
Slovakia,,2021,1684.51550293
Slovakia,,2020,1393.62438965
Slovakia,,2019,1342.07580566
Slovakia,,2018,1299.91125488
Slovakia,,2017,1189.07983398
Slovakia,,2016,1175.6270752
Slovakia,,2015,1108.87817383
Slovakia,,2014,1289.34851074
Slovakia,,2013,1370.46765137
Slovakia,,2012,1319.43823242
Slovakia,,2011,1352.43835449
Slovakia,,2010,1296.54284668
Slovakia,,2009,1320.09301758
Slovakia,,2008,1251.67724609
Slovakia,,2007,1029.30029297
Slovakia,,2006,729.01324463
Slovakia,,2005,601.31323242
Slovakia,,2004,511.52990723
Slovakia,,2003,344.47335815
Slovakia,,2002,254.12765503
Slovakia,,2001,212.22207642
Slovakia,,2000,203.50627136
Slovenia,,2024,3370.53076172
Slovenia,,2023,3037.7644043
Slovenia,,2022,2737.84936523
Slovenia,,2021,2779.56591797
Slovenia,,2020,2417.20874023
Slovenia,,2019,2219.09790039
Slovenia,,2018,2169.57885742
Slovenia,,2017,1925.03466797
Slovenia,,2016,1838.65405273
Slovenia,,2015,1775.86071777
Slovenia,,2014,2062.38476563
Slovenia,,2013,2055.38134766
Slovenia,,2012,1974.85400391
Slovenia,,2011,2147.80517578
Slovenia,,2010,2017.14660645
Slovenia,,2009,2125.05688477
Slovenia,,2008,2179.45239258
Slovenia,,2007,1795.95043945
Slovenia,,2006,1541.66430664
Slovenia,,2005,1449.18920898
Slovenia,,2004,1368.64855957
Slovenia,,2003,1203.06359863
Slovenia,,2002,944.87145996
Slovenia,,2001,826.22576904
Slovenia,,2000,796.64703369
Solomon Islands,,2023,111.35532379
Solomon Islands,,2022,96.74864197
Solomon Islands,,2021,98.80261993
Solomon Islands,,2020,100.99560547
Solomon Islands,,2019,98.67025757
Solomon Islands,,2018,88.03850555
Solomon Islands,,2017,89.29357147
Solomon Islands,,2016,94.32994843
Solomon Islands,,2015,91.08989716
Solomon Islands,,2014,105.85440826
Solomon Islands,,2013,98.99965668
Solomon Islands,,2012,100.84831238
Solomon Islands,,2011,95.51364136
Solomon Islands,,2010,74.17661285
Solomon Islands,,2009,93.879776
Solomon Islands,,2008,75.66864014
Solomon Islands,,2007,89.10964203
Solomon Islands,,2006,87.74922943
Solomon Islands,,2005,89.02578735
Solomon Islands,,2004,64.72148895
Solomon Islands,,2003,53.52047729
Solomon Islands,,2002,76.49930573
Solomon Islands,,2001,60.23266602
Solomon Islands,,2000,46.02681351
Somalia,,2023,22.37065506
Somalia,,2022,16.31684875
Somalia,,2021,15.01879692
Somalia,,2020,12.79912567
Somalia,,2019,12.99074364
Somalia,,2018,12.7819252
Somalia,,2017,13.51753426
Somalia,,2016,11.76618958
Somalia,,2015,14.11613941
Somalia,,2014,13.15052128
Somalia,,2013,12.88169384
South Africa,,2023,536.58843994
South Africa,,2022,570.48028564
South Africa,,2021,592.9465332
South Africa,,2020,503.46759033
South Africa,,2019,538.80438232
South Africa,,2018,558.80145264
South Africa,,2017,527.52026367
South Africa,,2016,456.56936646
South Africa,,2015,491.90652466
South Africa,,2014,539.30780029
South Africa,,2013,593.80157471
South Africa,,2012,646.49920654
South Africa,,2011,686.87243652
South Africa,,2010,621.41906738
South Africa,,2009,487.62774658
South Africa,,2008,442.10626221
South Africa,,2007,455.17498779
South Africa,,2006,417.91174316
South Africa,,2005,400.5355835
South Africa,,2004,362.28662109
South Africa,,2003,286.01998901
South Africa,,2002,179.5135498
South Africa,,2001,202.81065369
South Africa,,2000,236.08114624
South Sudan,,2023,72.75582886
South Sudan,,2022,48.03352737
South Sudan,,2021,34.78803635
South Sudan,,2020,47.40253067
South Sudan,,2019,35.18021774
South Sudan,,2018,31.12328529
South Sudan,,2017,28.05690956
Spain,,2023,3106.62011719
Spain,,2022,2948.61474609
Spain,,2021,3188.8515625
Spain,,2020,2942.41943359
Spain,,2019,2756.62109375
Spain,,2018,2784.16308594
Spain,,2017,2564.55834961
Spain,,2016,2378.13598633
Spain,,2015,2383.85302734
Spain,,2014,2716.5793457
Spain,,2013,2664.48339844
Spain,,2012,2620.84204102
Spain,,2011,2938.18041992
Spain,,2010,2816.84350586
Spain,,2009,2962.48266602
Spain,,2008,3019.7578125
Spain,,2007,2625.55664063
Spain,,2006,2256.68066406
Spain,,2005,2074.33081055
Spain,,2004,1932.21398926
Spain,,2003,1648.05712891
Spain,,2002,1174.5793457
Spain,,2001,1045.05065918
Spain,,2000,1005.28399658
Sri Lanka,,2023,134.23654175
Sri Lanka,,2022,130.09327698
Sri Lanka,,2021,202.75497437
Sri Lanka,,2020,159.71383667
Sri Lanka,,2019,147.01193237
Sri Lanka,,2018,154.64622498
Sri Lanka,,2017,142.32518005
Sri Lanka,,2016,145.32496643
Sri Lanka,,2015,144.29077148
Sri Lanka,,2014,132.82194519
Sri Lanka,,2013,133.15968323
Sri Lanka,,2012,110.03600311
Sri Lanka,,2011,115.51642609
Sri Lanka,,2010,105.07371521
Sri Lanka,,2009,97.26274872
Sri Lanka,,2008,90.00082397
Sri Lanka,,2007,71.38779449
Sri Lanka,,2006,63.2890892
Sri Lanka,,2005,55.40001297
Sri Lanka,,2004,49.14835358
Sri Lanka,,2003,40.82443619
Sri Lanka,,2002,41.24043274
Sri Lanka,,2001,39.87185287
Sri Lanka,,2000,42.54893112
Saint Kitts and Nevis,,2023,1294.88391113
Saint Kitts and Nevis,,2022,1161.22058105
Saint Kitts and Nevis,,2021,1132.58447266
Saint Kitts and Nevis,,2020,1067.84997559
Saint Kitts and Nevis,,2019,1224.18933105
Saint Kitts and Nevis,,2018,1121.13977051
Saint Kitts and Nevis,,2017,1186.42663574
Saint Kitts and Nevis,,2016,1161.87097168
Saint Kitts and Nevis,,2015,1042.15063477
Saint Kitts and Nevis,,2014,962.25469971
Saint Kitts and Nevis,,2013,938.89459229
Saint Kitts and Nevis,,2012,880.91064453
Saint Kitts and Nevis,,2011,922.20574951
Saint Kitts and Nevis,,2010,867.4453125
Saint Kitts and Nevis,,2009,872.67474365
Saint Kitts and Nevis,,2008,881.09844971
Saint Kitts and Nevis,,2007,707.96960449
Saint Kitts and Nevis,,2006,689.44549561
Saint Kitts and Nevis,,2005,556.97229004
Saint Kitts and Nevis,,2004,491.62530518
Saint Kitts and Nevis,,2003,482.87136841
Saint Kitts and Nevis,,2002,465.07720947
Saint Kitts and Nevis,,2001,440.21563721
Saint Kitts and Nevis,,2000,446.66659546
Saint Lucia,,2023,641.07495117
Saint Lucia,,2022,622.07244873
Saint Lucia,,2021,654.8918457
Saint Lucia,,2020,589.63696289
Saint Lucia,,2019,506.03204346
Saint Lucia,,2018,497.48629761
Saint Lucia,,2017,504.96411133
Saint Lucia,,2016,479.8744812
Saint Lucia,,2015,473.24108887
Saint Lucia,,2014,470.48123169
Saint Lucia,,2013,485.6628418
Saint Lucia,,2012,456.06369019
Saint Lucia,,2011,462.20251465
Saint Lucia,,2010,438.23928833
Saint Lucia,,2009,432.087677
Saint Lucia,,2008,430.23074341
Saint Lucia,,2007,439.59280396
Saint Lucia,,2006,389.94595337
Saint Lucia,,2005,333.37374878
Saint Lucia,,2004,309.42208862
Saint Lucia,,2003,317.27593994
Saint Lucia,,2002,299.7996521
Saint Lucia,,2001,285.04898071
Saint Lucia,,2000,285.84280396
Saint Vincent-Grenadines,,2023,469.20709229
Saint Vincent-Grenadines,,2022,437.94085693
Saint Vincent-Grenadines,,2021,454.784729
Saint Vincent-Grenadines,,2020,406.3571167
Saint Vincent-Grenadines,,2019,372.05615234
Saint Vincent-Grenadines,,2018,358.53372192
Saint Vincent-Grenadines,,2017,337.89614868
Saint Vincent-Grenadines,,2016,313.66229248
Saint Vincent-Grenadines,,2015,302.58422852
Saint Vincent-Grenadines,,2014,299.33129883
Saint Vincent-Grenadines,,2013,300.01953125
Saint Vincent-Grenadines,,2012,298.78082275
Saint Vincent-Grenadines,,2011,276.15722656
Saint Vincent-Grenadines,,2010,281.91867065
Saint Vincent-Grenadines,,2009,264.6159668
Saint Vincent-Grenadines,,2008,256.13983154
Saint Vincent-Grenadines,,2007,244.32910156
Saint Vincent-Grenadines,,2006,209.83639526
Saint Vincent-Grenadines,,2005,197.63206482
Saint Vincent-Grenadines,,2004,188.43644714
Saint Vincent-Grenadines,,2003,178.1368866
Saint Vincent-Grenadines,,2002,175.48046875
Saint Vincent-Grenadines,,2001,162.93431091
Saint Vincent-Grenadines,,2000,149.9225769
Sudan,,2023,21.0830822
Sudan,,2022,25.75139618
Sudan,,2021,21.69141006
Sudan,,2020,22.91861534
Sudan,,2019,31.79406929
Sudan,,2018,33.88366699
Sudan,,2017,67.75476837
Sudan,,2016,89.39633942
Sudan,,2015,93.69657135
Sudan,,2014,88.78498077
Sudan,,2013,97.4931488
Sudan,,2012,75.40776825
Sudan,,2011,80.37197876
Sudan,,2010,73.60398865
Sudan,,2009,80.00441742
Sudan,,2008,82.84276581
Sudan,,2007,81.79016876
Sudan,,2006,55.32660294
Sudan,,2005,37.07490158
Sudan,,2004,29.30404472
Sudan,,2003,22.58504868
Sudan,,2002,16.70709991
Sudan,,2001,15.18372345
Sudan,,2000,13.99440289
Suriname,,2023,297.04589844
Suriname,,2022,344.74603271
Suriname,,2021,270.37786865
Suriname,,2020,409.86743164
Suriname,,2019,588.83825684
Suriname,,2018,440.32211304
Suriname,,2017,322.00415039
Suriname,,2016,338.24822998
Suriname,,2015,511.91244507
Suriname,,2014,440.95263672
Suriname,,2013,434.50332642
Suriname,,2012,406.05526733
Suriname,,2011,375.34957886
Suriname,,2010,399.59710693
Suriname,,2009,380.04019165
Suriname,,2008,334.24771118
Suriname,,2007,309.17565918
Suriname,,2006,313.68301392
Suriname,,2005,241.68415833
Suriname,,2004,212.50817871
Suriname,,2003,166.88664246
Suriname,,2002,158.21212769
Suriname,,2001,91.73781586
Suriname,,2000,166.90083313
Sweden,,2024,6484.76464844
Sweden,,2023,6206.23046875
Sweden,,2022,6022.39257813
Sweden,,2021,6894.20166016
Sweden,,2020,6030.53271484
Sweden,,2019,5688.04492188
Sweden,,2018,6042.13525391
Sweden,,2017,5871.52294922
Sweden,,2016,5719.45996094
Sweden,,2015,5626.04833984
Sweden,,2014,6632.23681641
Sweden,,2013,6716.21484375
Sweden,,2012,6280.82519531
Sweden,,2011,6363.61474609
Sweden,,2010,4391.1171875
Sweden,,2009,4118.41650391
Sweden,,2008,4609.91845703
Sweden,,2007,4295.55224609
Sweden,,2006,3755.67529297
Sweden,,2005,3546.78686523
Sweden,,2004,3488.65771484
Sweden,,2003,3107.48876953
Sweden,,2002,2456.70068359
Sweden,,2001,2154.63354492
Sweden,,2000,2173.1940918
Switzerland,,2023,11783.66992188
Switzerland,,2022,10930.13964844
Switzerland,,2021,11197.76464844
Switzerland,,2020,10294.578125
Switzerland,,2019,9609.80273438
Switzerland,,2018,9541.07421875
Switzerland,,2017,9354.22070313
Switzerland,,2016,9201.47460938
Switzerland,,2015,9200.10058594
Switzerland,,2014,9469.6640625
Switzerland,,2013,9247.28417969
Switzerland,,2012,8868.98144531
Switzerland,,2011,9139.43066406
Switzerland,,2010,7645.25732422
Switzerland,,2009,7263.62695313
Switzerland,,2008,7075.70751953
Switzerland,,2007,6124.81445313
Switzerland,,2006,5657.28222656
Switzerland,,2005,5661.17431641
Switzerland,,2004,5593.4765625
Switzerland,,2003,5005.11816406
Switzerland,,2002,4198.36376953
Switzerland,,2001,3751.75244141
Switzerland,,2000,3550.12597656
Syria,,2023,33.34017944
Syria,,2022,53.26486588
Syria,,2021,53.4726181
Syria,,2020,37.03173065
Syria,,2019,55.2208252
Syria,,2018,46.24067307
Syria,,2017,35.57104874
Syria,,2016,27.40652657
Syria,,2015,38.17871475
Syria,,2014,48.91549683
Syria,,2013,47.07229233
Syria,,2012,66.27796173
Syria,,2011,78.28834534
Syria,,2010,91.5537796
Syria,,2009,88.00678253
Syria,,2008,82.92500305
Syria,,2007,72.10467529
Syria,,2006,64.00552368
Syria,,2005,62.29284668
Syria,,2004,60.20412827
Syria,,2003,59.87030792
Syria,,2002,62.74715805
Syria,,2001,57.71026993
Syria,,2000,53.69049835
Tajikistan,,2023,85.14702606
Tajikistan,,2022,78.61326599
Tajikistan,,2021,75.10315704
Tajikistan,,2020,74.17329407
Tajikistan,,2019,60.51568222
Tajikistan,,2018,58.51539993
Tajikistan,,2017,56.85092545
Tajikistan,,2016,54.9213562
Tajikistan,,2015,62.75804901
Tajikistan,,2014,73.06859589
Tajikistan,,2013,67.62356567
Tajikistan,,2012,56.97117615
Tajikistan,,2011,48.8431282
Tajikistan,,2010,42.28567886
Tajikistan,,2009,38.9187851
Tajikistan,,2008,41.35135651
Tajikistan,,2007,28.58950996
Tajikistan,,2006,20.04485893
Tajikistan,,2005,17.38472557
Tajikistan,,2004,14.6509676
Tajikistan,,2003,10.97546482
Tajikistan,,2002,8.21969986
Tajikistan,,2001,7.56599855
Tajikistan,,2000,5.90626955
Tanzania,,2023,36.25619888
Tanzania,,2022,35.93323135
Tanzania,,2021,37.53121185
Tanzania,,2020,31.7036171
Tanzania,,2019,39.97783661
Tanzania,,2018,41.27171326
Tanzania,,2017,39.03767014
Tanzania,,2016,36.65267563
Tanzania,,2015,33.27184296
Tanzania,,2014,39.85456848
Tanzania,,2013,43.46931839
Tanzania,,2012,41.99654007
Tanzania,,2011,37.75179672
Tanzania,,2010,37.18493271
Tanzania,,2009,33.9993782
Tanzania,,2008,36.26182556
Tanzania,,2007,36.23610306
Tanzania,,2006,35.59762955
Tanzania,,2005,27.71374512
Tanzania,,2004,23.4493866
Tanzania,,2003,20.39437675
Tanzania,,2002,17.0355854
Tanzania,,2001,15.1739912
Tanzania,,2000,12.33031845
Thailand,,2023,326.50482178
Thailand,,2022,369.97647095
Thailand,,2021,363.72845459
Thailand,,2020,304.3817749
Thailand,,2019,288.31097412
Thailand,,2018,274.71221924
Thailand,,2017,247.08152771
Thailand,,2016,229.7849884
Thailand,,2015,219.15092468
Thailand,,2014,213.74395752
Thailand,,2013,207.81243896
Thailand,,2012,201.70690918
Thailand,,2011,191.74464417
Thailand,,2010,168.61891174
Thailand,,2009,149.67800903
Thailand,,2008,149.06762695
Thailand,,2007,125.10979462
Thailand,,2006,103.26116943
Thailand,,2005,90.61147308
Thailand,,2004,82.91682434
Thailand,,2003,76.13368225
Thailand,,2002,69.68746185
Thailand,,2001,57.19389343
Thailand,,2000,62.21043015
Timor-Leste,,2023,144.21452332
Timor-Leste,,2022,174.91529846
Timor-Leste,,2021,132.07870483
Timor-Leste,,2020,118.49451447
Timor-Leste,,2019,78.01346588
Timor-Leste,,2018,78.07413483
Timor-Leste,,2017,86.16269684
Timor-Leste,,2016,92.69400787
Timor-Leste,,2015,101.4779892
Timor-Leste,,2014,93.10574341
Timor-Leste,,2013,102.79840851
Timor-Leste,,2012,71.46888733
Timor-Leste,,2011,64.43626404
Timor-Leste,,2010,52.6151619
Timor-Leste,,2009,50.18856049
Timor-Leste,,2008,43.71953964
Timor-Leste,,2007,30.51906586
Timor-Leste,,2006,27.90169907
Timor-Leste,,2005,25.72540092
Timor-Leste,,2004,20.22569466
Timor-Leste,,2003,15.18759537
Togo,,2023,59.60503769
Togo,,2022,55.79545593
Togo,,2021,52.72237015
Togo,,2020,52.75213242
Togo,,2019,48.85387421
Togo,,2018,52.43610382
Togo,,2017,51.5464592
Togo,,2016,50.8783493
Togo,,2015,46.92110825
Togo,,2014,41.96416092
Togo,,2013,39.56414795
Togo,,2012,35.40290833
Togo,,2011,34.41139603
Togo,,2010,30.54597664
Togo,,2009,28.3035717
Togo,,2008,26.89384079
Togo,,2007,22.34309769
Togo,,2006,22.74487495
Togo,,2005,20.9699707
Togo,,2004,18.62999153
Togo,,2003,17.7094574
Togo,,2002,14.65135479
Togo,,2001,13.04282379
Togo,,2000,13.0541811
Tonga,,2023,357.54415894
Tonga,,2022,382.79116821
Tonga,,2021,348.79745483
Tonga,,2020,262.55459595
Tonga,,2019,266.68792725
Tonga,,2018,278.49508667
Tonga,,2017,246.34036255
Tonga,,2016,208.53982544
Tonga,,2015,181.91452026
Tonga,,2014,210.86004639
Tonga,,2013,171.82066345
Tonga,,2012,318.4196167
Tonga,,2011,193.43716431
Tonga,,2010,166.58139038
Tonga,,2009,118.79367065
Tonga,,2008,190.86582947
Tonga,,2007,134.56217957
Tonga,,2006,149.22753906
Tonga,,2005,108.29302216
Tonga,,2004,102.70134735
Tonga,,2003,68.05188751
Tonga,,2002,62.6541748
Tonga,,2001,55.2772522
Tonga,,2000,53.3949585
Trinidad and Tobago,,2023,1276.33862305
Trinidad and Tobago,,2022,1266.28820801
Trinidad and Tobago,,2021,1170.93859863
Trinidad and Tobago,,2020,1059.72583008
Trinidad and Tobago,,2019,1097.20556641
Trinidad and Tobago,,2018,1080.45397949
Trinidad and Tobago,,2017,1083.37609863
Trinidad and Tobago,,2016,1064.41772461
Trinidad and Tobago,,2015,1061.58666992
Trinidad and Tobago,,2014,1010.82769775
Trinidad and Tobago,,2013,970.90222168
Trinidad and Tobago,,2012,895.08026123
Trinidad and Tobago,,2011,872.96398926
Trinidad and Tobago,,2010,825.16088867
Trinidad and Tobago,,2009,776.62243652
Trinidad and Tobago,,2008,751.54608154
Trinidad and Tobago,,2007,667.35321045
Trinidad and Tobago,,2006,568.72583008
Trinidad and Tobago,,2005,530.35229492
Trinidad and Tobago,,2004,431.37268066
Trinidad and Tobago,,2003,358.59500122
Trinidad and Tobago,,2002,324.36880493
Trinidad and Tobago,,2001,272.72851563
Trinidad and Tobago,,2000,266.16275024
Tunisia,,2023,317.70983887
Tunisia,,2022,276.46380615
Tunisia,,2021,285.25247192
Tunisia,,2020,250.40145874
Tunisia,,2019,212.60031128
Tunisia,,2018,215.418396
Tunisia,,2017,223.85903931
Tunisia,,2016,240.40258789
Tunisia,,2015,249.46418762
Tunisia,,2014,287.60955811
Tunisia,,2013,284.64538574
Tunisia,,2012,270.29055786
Tunisia,,2011,270.67507935
Tunisia,,2010,240.75447083
Tunisia,,2009,231.3591156
Tunisia,,2008,230.50152588
Tunisia,,2007,202.32022095
Tunisia,,2006,178.82592773
Tunisia,,2005,169.84550476
Tunisia,,2004,167.27586365
Tunisia,,2003,148.93447876
Tunisia,,2002,124.64620972
Tunisia,,2001,114.00454712
Tunisia,,2000,111.01378632
Turkey,,2023,547.8145752
Turkey,,2022,385.87997437
Turkey,,2021,431.33978271
Turkey,,2020,386.2593689
Turkey,,2019,388.67486572
Turkey,,2018,380.27835083
Turkey,,2017,432.13754272
Turkey,,2016,456.3659668
Turkey,,2015,444.70803833
Turkey,,2014,520.40753174
Turkey,,2013,547.95465088
Turkey,,2012,520.44274902
Turkey,,2011,525.89105225
Turkey,,2010,531.82861328
Turkey,,2009,492.30032349
Turkey,,2008,561.73529053
Turkey,,2007,504.37646484
Turkey,,2006,409.25881958
Turkey,,2005,357.40197754
Turkey,,2004,292.65307617
Turkey,,2003,232.5562439
Turkey,,2002,181.39144897
Turkey,,2001,148.86210632
Turkey,,2000,192.8344574
Turkmenistan,,2023,581.38220215
Turkmenistan,,2022,579.15454102
Turkmenistan,,2021,471.86325073
Turkmenistan,,2020,420.0083313
Turkmenistan,,2019,432.78118896
Turkmenistan,,2018,411.32562256
Turkmenistan,,2017,410.81082153
Turkmenistan,,2016,376.65567017
Turkmenistan,,2015,362.72949219
Turkmenistan,,2014,393.86843872
Turkmenistan,,2013,339.92349243
Turkmenistan,,2012,289.13015747
Turkmenistan,,2011,251.85777283
Turkmenistan,,2010,202.7792511
Turkmenistan,,2009,178.44587708
Turkmenistan,,2008,235.91514587
Turkmenistan,,2007,261.83258057
Turkmenistan,,2006,349.6842041
Turkmenistan,,2005,324.81155396
Turkmenistan,,2004,302.85839844
Turkmenistan,,2003,199.93019104
Turkmenistan,,2002,128.08802795
Turkmenistan,,2001,120.8463974
Turkmenistan,,2000,75.52490234
Tuvalu,,2023,1723.56542969
Tuvalu,,2022,1300.46679688
Tuvalu,,2021,1122.39929199
Tuvalu,,2020,899.59460449
Tuvalu,,2019,1138.82617188
Tuvalu,,2018,819.41162109
Tuvalu,,2017,1017.49633789
Tuvalu,,2016,697.99798584
Tuvalu,,2015,451.35287476
Tuvalu,,2014,512.64215088
Tuvalu,,2013,484.58966064
Tuvalu,,2012,499.21899414
Tuvalu,,2011,536.10473633
Tuvalu,,2010,490.41107178
Tuvalu,,2009,349.2015686
Tuvalu,,2008,319.3182373
Tuvalu,,2007,292.23049927
Tuvalu,,2006,291.76730347
Tuvalu,,2005,232.03250122
Tuvalu,,2004,216.72221375
Tuvalu,,2003,274.99337769
Tuvalu,,2002,207.1824646
Tuvalu,,2001,261.71032715
Tuvalu,,2000,351.92758179
Uganda,,2023,45.21318436
Uganda,,2022,44.47286224
Uganda,,2021,51.03484726
Uganda,,2020,44.73381805
Uganda,,2019,33.36559677
Uganda,,2018,32.9515686
Uganda,,2017,31.43818092
Uganda,,2016,39.08125305
Uganda,,2015,40.09843445
Uganda,,2014,50.957798
Uganda,,2013,52.906353
Uganda,,2012,55.03918457
Uganda,,2011,55.2076683
Uganda,,2010,51.88574982
Uganda,,2009,44.3670578
Uganda,,2008,40.04308701
Uganda,,2007,36.10126495
Uganda,,2006,31.60310555
Uganda,,2005,25.86819267
Uganda,,2004,18.60707474
Uganda,,2003,14.23364067
Uganda,,2002,15.74441719
Uganda,,2001,15.99579906
Uganda,,2000,16.42602158
Ukraine,,2021,369.90487671
Ukraine,,2020,265.07846069
Ukraine,,2019,242.81388855
Ukraine,,2018,217.73760986
Ukraine,,2017,183.69506836
Ukraine,,2016,154.5546875
Ukraine,,2015,154.75454712
Ukraine,,2014,208.94400024
Ukraine,,2013,275.94143677
Ukraine,,2012,270.76205444
Ukraine,,2011,240.17747498
Ukraine,,2010,199.49559021
Ukraine,,2009,165.98542786
Ukraine,,2008,212.75292969
Ukraine,,2007,183.18217468
Ukraine,,2006,146.27377319
Ukraine,,2005,114.63265228
Ukraine,,2004,83.23918915
Ukraine,,2003,67.87039948
Ukraine,,2002,52.11910248
Ukraine,,2001,44.14328766
Ukraine,,2000,34.62232971
United Arab Emirates,,2023,2401.52026367
United Arab Emirates,,2022,2240.9050293
United Arab Emirates,,2021,2249.96313477
United Arab Emirates,,2020,2154.41113281
United Arab Emirates,,2019,1962.46728516
United Arab Emirates,,2018,1872.58422852
United Arab Emirates,,2017,1695.203125
United Arab Emirates,,2016,1592.91906738
United Arab Emirates,,2015,1479.49743652
United Arab Emirates,,2014,1776.7310791
United Arab Emirates,,2013,1789.68579102
United Arab Emirates,,2012,1711.38525391
United Arab Emirates,,2011,1787.59997559
United Arab Emirates,,2010,1619.98864746
United Arab Emirates,,2009,1531.02209473
United Arab Emirates,,2008,1465.82446289
United Arab Emirates,,2007,1176.49328613
United Arab Emirates,,2006,1031.14904785
United Arab Emirates,,2005,898.36480713
United Arab Emirates,,2004,821.74920654
United Arab Emirates,,2003,784.89343262
United Arab Emirates,,2002,754.26220703
United Arab Emirates,,2001,689.29278564
United Arab Emirates,,2000,706.03112793
United Kingdom,,2024,5860.23925781
United Kingdom,,2023,5407.17041016
United Kingdom,,2022,5111.81738281
United Kingdom,,2021,5645.40136719
United Kingdom,,2020,4865.97802734
United Kingdom,,2019,4260.03222656
United Kingdom,,2018,4233.62988281
United Kingdom,,2017,3938.65234375
United Kingdom,,2016,4043.35253906
United Kingdom,,2015,4470.09228516
United Kingdom,,2014,4733.37060547
United Kingdom,,2013,4340.16992188
United Kingdom,,2012,4204.08300781
United Kingdom,,2011,4123.70019531
United Kingdom,,2010,3876.33911133
United Kingdom,,2009,3813.02758789
United Kingdom,,2008,4280.36083984
United Kingdom,,2007,4415.51220703
United Kingdom,,2006,3802.56347656
United Kingdom,,2005,3528.16162109
United Kingdom,,2004,3361.65625
United Kingdom,,2003,2773.99414063
United Kingdom,,2002,2364.04736328
United Kingdom,,2001,2074.59936523
United Kingdom,,2000,2020.96813965
United States,,2023,13473.19335938
United States,,2022,12586.19628906
United States,,2021,12080.07324219
United States,,2020,11648.49511719
United States,,2019,10550.22070313
United States,,2018,10180.48242188
United States,,2017,9822.60644531
United States,,2016,9535.60058594
United States,,2015,9200.93164063
United States,,2014,8796.33886719
United States,,2013,8412.25195313
United States,,2012,8262.29296875
United States,,2011,8015.78076172
United States,,2010,7836.08837891
United States,,2009,7614.82421875
United States,,2008,7364.93847656
United States,,2007,7153.73144531
United States,,2006,6802.47509766
United States,,2005,6428.60205078
United States,,2004,6071.84423828
United States,,2003,5732.24365234
United States,,2002,5327.93701172
United States,,2001,4901.67529297
United States,,2000,4548.5546875
Uruguay,,2023,2076.09423828
Uruguay,,2022,1850.80737305
Uruguay,,2021,1594.98059082
Uruguay,,2020,1432.00463867
Uruguay,,2019,1692.50195313
Uruguay,,2018,1713.26611328
Uruguay,,2017,1672.3314209
Uruguay,,2016,1469.38964844
Uruguay,,2015,1424.8939209
Uruguay,,2014,1495.59777832
Uruguay,,2013,1516.80664063
Uruguay,,2012,1347.02868652
Uruguay,,2011,1244.93884277
Uruguay,,2010,1043.26000977
Uruguay,,2009,826.05682373
Uruguay,,2008,811.7020874
Uruguay,,2007,578.34454346
Uruguay,,2006,500.65515137
Uruguay,,2005,445.28201294
Uruguay,,2004,375.93881226
Uruguay,,2003,383.55554199
Uruguay,,2002,436.44049072
Uruguay,,2001,679.4229126
Uruguay,,2000,699.20495605
Uzbekistan,,2023,192.11869812
Uzbekistan,,2022,170.64073181
Uzbekistan,,2021,156.44789124
Uzbekistan,,2020,120.29019165
Uzbekistan,,2019,98.6240387
Uzbekistan,,2018,82.53038788
Uzbekistan,,2017,93.4151535
Uzbekistan,,2016,129.82177734
Uzbekistan,,2015,132.60565186
Uzbekistan,,2014,118.44307709
Uzbekistan,,2013,140.71011353
Uzbekistan,,2012,127.94210052
Uzbekistan,,2011,109.86156464
Uzbekistan,,2010,92.87456512
Uzbekistan,,2009,71.95819092
Uzbekistan,,2008,61.29156876
Uzbekistan,,2007,46.89629364
Uzbekistan,,2006,37.97257233
Uzbekistan,,2005,32.51261139
Uzbekistan,,2004,28.02430153
Uzbekistan,,2003,25.61911011
Uzbekistan,,2002,24.50708961
Uzbekistan,,2001,30.46290398
Uzbekistan,,2000,35.72119904
Vanuatu,,2023,143.43753052
Vanuatu,,2022,136.79508972
Vanuatu,,2021,142.56698608
Vanuatu,,2020,125.41011047
Vanuatu,,2019,112.13746643
Vanuatu,,2018,110.32492065
Vanuatu,,2017,91.04128265
Vanuatu,,2016,88.35998535
Vanuatu,,2015,118.71543121
Vanuatu,,2014,108.2263031
Vanuatu,,2013,130.88458252
Vanuatu,,2012,118.27751923
Vanuatu,,2011,113.80240631
Vanuatu,,2010,99.27418518
Vanuatu,,2009,82.80382538
Vanuatu,,2008,81.72294617
Vanuatu,,2007,72.5284729
Vanuatu,,2006,67.60163116
Vanuatu,,2005,61.93361664
Vanuatu,,2004,62.80937958
Vanuatu,,2003,54.93638229
Vanuatu,,2002,52.34658813
Vanuatu,,2001,45.73453903
Vanuatu,,2000,48.28763199
Venezuela,,2023,185.99124146
Venezuela,,2022,208.66654968
Venezuela,,2021,162.43952942
Venezuela,,2020,153.21711731
Venezuela,,2019,112.72974396
Venezuela,,2018,164.68154907
Vietnam,,2023,197.19210815
Vietnam,,2022,188.22650146
Vietnam,,2021,168.09350586
Vietnam,,2020,153.10160828
Vietnam,,2019,171.15296936
Vietnam,,2018,161.97871399
Vietnam,,2017,147.51425171
Vietnam,,2016,133.1960144
Vietnam,,2015,121.43981171
Vietnam,,2014,119.44549561
Vietnam,,2013,104.10972595
Vietnam,,2012,109.29483795
Vietnam,,2011,97.05238342
Vietnam,,2010,85.36088562
Vietnam,,2009,69.82720184
Vietnam,,2008,64.433815
Vietnam,,2007,54.40701294
Vietnam,,2006,46.86905289
Vietnam,,2005,38.96974945
Vietnam,,2004,31.97719193
Vietnam,,2003,24.88381386
Vietnam,,2002,21.87733841
Vietnam,,2001,25.55491257
Vietnam,,2000,21.0719223
Palestine,,2023,345.67965698
Palestine,,2022,350.63812256
Palestine,,2021,364.4173584
Palestine,,2020,314.82254028
Palestine,,2019,317.45007324
Palestine,,2018,324.02166748
Palestine,,2017,310.2114563
Palestine,,2016,299.4125061
Palestine,,2015,286.91394043
Palestine,,2014,314.27474976
Palestine,,2013,327.25717163
Palestine,,2012,298.34082031
Palestine,,2011,308.36453247
Palestine,,2010,219.44699097
Palestine,,2009,221.97026062
Palestine,,2008,200.96418762
Palestine,,2007,149.22294617
Palestine,,2006,154.09745789
Palestine,,2005,158.43028259
Palestine,,2004,150.72610474
Palestine,,2003,111.62216187
Palestine,,2002,118.22906494
Palestine,,2001,127.37930298
Palestine,,2000,129.54533386
Yemen,,2023,47.78109741
Yemen,,2022,54.29036331
Yemen,,2021,49.30105209
Yemen,,2020,65.17704773
Yemen,,2019,80.94759369
Yemen,,2018,143.68727112
Yemen,,2017,87.29970551
Yemen,,2016,75.22454071
Yemen,,2015,88.40743256
Yemen,,2014,83.48936462
Yemen,,2013,68.39746857
Yemen,,2012,64.67756653
Yemen,,2011,56.58930588
Yemen,,2010,59.60072327
Yemen,,2009,58.02085114
Yemen,,2008,61.74676514
Yemen,,2007,51.83703613
Yemen,,2006,44.81512451
Yemen,,2005,38.27000809
Yemen,,2004,34.62483978
Yemen,,2003,31.60428619
Yemen,,2002,24.80142403
Yemen,,2001,24.09247589
Yemen,,2000,22.91244888
Zambia,,2023,79.55635071
Zambia,,2022,75.40128326
Zambia,,2021,74.83802795
Zambia,,2020,60.01779938
Zambia,,2019,85.02349854
Zambia,,2018,69.82767487
Zambia,,2017,70.93283844
Zambia,,2016,55.39532089
Zambia,,2015,57.38765335
Zambia,,2014,65.39261627
Zambia,,2013,83.29361725
Zambia,,2012,69.17604828
Zambia,,2011,64.3181076
Zambia,,2010,59.98767853
Zambia,,2009,59.38909531
Zambia,,2008,61.82287216
Zambia,,2007,51.02414322
Zambia,,2006,58.68175507
Zambia,,2005,44.99598694
Zambia,,2004,29.99057961
Zambia,,2003,26.75762367
Zambia,,2002,23.19246864
Zambia,,2001,18.94953918
Zambia,,2000,14.80953312
Zimbabwe,,2023,62.92946243
Zimbabwe,,2022,68.90727997
Zimbabwe,,2021,60.89874268
Zimbabwe,,2020,51.14250565
Zimbabwe,,2019,55.10725403
Zimbabwe,,2018,114.76815033
Zimbabwe,,2017,91.87199402
Zimbabwe,,2016,102.15909576
Zimbabwe,,2015,103.31652832
Zimbabwe,,2014,111.61201477
Zimbabwe,,2013,96.86148834
Zimbabwe,,2012,85.69155121
Zimbabwe,,2011,83.82868195
Zimbabwe,,2010,94.44809723
