country,iso2,year,value
Afghanistan,,2021,4.0324584656778
Afghanistan,,2020,6.57810893906391
Afghanistan,,2019,7.16396695794585
Afghanistan,,2018,6.73324816708819
Afghanistan,,2017,6.79202120758186
Afghanistan,,2016,6.6799974594108
Afghanistan,,2015,9.95218590955213
Afghanistan,,2012,6.37433845786952
Afghanistan,,2011,4.19453539608613
Afghanistan,,2010,3.47545228477135
Afghanistan,,2009,4.05954969836362
Albania,,2023,1.38708340817063
Albania,,2022,1.6975478920699
Albania,,2021,2.31608568885389
Albania,,2020,2.12398982086583
Albania,,2019,2.25302550996799
Albania,,2018,2.28039848927055
Albania,,2017,2.00121280396654
Albania,,2016,2.72614352662554
Albania,,2015,2.20793808941597
Albania,,2014,4.6147231364138
Albania,,2013,4.26472598705621
Albania,,2012,5.39518158737926
Albania,,2011,4.87720435898422
Albania,,2010,4.06320641959299
Albania,,2009,2.87018701294404
Albania,,2008,3.10732240524797
Albania,,2007,3.47350066343863
Albania,,2006,3.11392865202781
Albania,,2005,5.00624317533652
Albania,,2004,4.22763729131083
Albania,,2003,5.32377619293878
Albania,,2002,6.89194828996724
Albania,,2001,6.98868960005159
Albania,,2000,4.13752044085122
Albania,,1999,16.6844618578932
Albania,,1998,20.559899007284
Albania,,1997,41.3046638507867
Albania,,1996,8.38037537919658
Albania,,1995,7.94827910550865
Albania,,1994,3.42569506817668
Albania,,1993,5.82703558411989
Albania,,1992,3.96039483308611
Algeria,,2023,1.16107238811947
Algeria,,2022,1.74812144835182
Algeria,,2021,1.55268752449532
Algeria,,2020,1.48494311952627
Algeria,,2019,1.19876531330297
Algeria,,2018,1.33631227453406
Algeria,,2017,1.25691727270348
Algeria,,2016,1.32678196793638
Algeria,,2015,1.36433389808261
Algeria,,2014,1.47174990719622
Algeria,,2013,1.24953885833513
Algeria,,2012,1.38925169697228
Algeria,,2011,0.758738181010027
Algeria,,2010,0.701885561676529
Algeria,,2009,0.780491763346444
Algeria,,2008,0.94206958499336
Algeria,,2007,0.792642962956723
Algeria,,2006,0.927922269616976
Andorra,,2020,2.58464719565779
Andorra,,2011,1.28562796497949
Andorra,,2008,1.19768367976334
Andorra,,2004,1.34544231416078
Angola,,2016,4.09826656345614
Angola,,2015,4.45347324389499
Angola,,2012,4.83370121625773
Angola,,2011,4.35620071002768
Antigua and Barbuda,,2023,10.7163332993983
Antigua and Barbuda,,2022,10.771219302025
Antigua and Barbuda,,2021,17.3255801362224
Antigua and Barbuda,,2020,9.79901138862879
Antigua and Barbuda,,2019,3.28358699042834
Antigua and Barbuda,,2018,13.1975452565823
Antigua and Barbuda,,2017,22.1072644470973
Antigua and Barbuda,,2012,11.4600045840018
Antigua and Barbuda,,2010,7.03230759313412
Antigua and Barbuda,,2009,19.0084706497333
Antigua and Barbuda,,2008,19.2975685063682
Antigua and Barbuda,,2007,20.8068148438265
Antigua and Barbuda,,2006,13.6469654111458
Antigua and Barbuda,,2005,3.76834714013855
Antigua and Barbuda,,2004,5.08133308773557
Antigua and Barbuda,,2003,6.41980381079554
Antigua and Barbuda,,2002,6.49080901443556
Antigua and Barbuda,,2001,9.20217171252416
Antigua and Barbuda,,2000,6.67449807774455
Antigua and Barbuda,,1997,1.40740010977721
Antigua and Barbuda,,1996,4.3096327474627
Antigua and Barbuda,,1995,10.2656606319247
Antigua and Barbuda,,1994,7.48027078580245
Antigua and Barbuda,,1993,6.0987695732386
Antigua and Barbuda,,1992,3.10537307175741
Antigua and Barbuda,,1991,4.7328316531781
Antigua and Barbuda,,1990,1.58562786899543
Argentina,,2023,4.49291137824536
Argentina,,2022,4.31202462020709
Argentina,,2021,4.62126366336244
Argentina,,2020,5.35272149985868
Argentina,,2019,5.13191495105041
Argentina,,2018,5.33872203870925
Argentina,,2017,5.23155985787317
Argentina,,2016,5.97945616037571
Argentina,,2015,6.52528743235621
Argentina,,2014,7.50277667235654
Argentina,,2013,7.2142387373598
Argentina,,2012,6.28057846262278
Argentina,,2011,6.01715853502966
Argentina,,2010,5.7739778082346
Argentina,,2009,6.46679948327286
Argentina,,2008,5.86530605419315
Argentina,,2007,5.34525993519266
Argentina,,2006,5.32783270151026
Argentina,,2005,5.6047423259877
Argentina,,2004,6.02330247756233
Argentina,,2003,7.72167974407433
Argentina,,2002,9.38748649102565
Argentina,,2001,8.31631763979875
Armenia,,2023,2.20833575400906
Armenia,,2022,2.74222289100063
Armenia,,2021,3.13550776151398
Armenia,,2020,2.59435451162573
Armenia,,2019,2.51379877522903
Armenia,,2018,1.71823401969337
Armenia,,2017,2.40140228170953
Armenia,,2016,2.98068464955971
Armenia,,2015,2.56745781452856
Armenia,,2014,2.46370989542236
Armenia,,2013,2.15567534571216
Armenia,,2012,2.22410225395655
Armenia,,2011,2.42878652522919
Armenia,,2010,1.91055986909936
Armenia,,2009,3.29314060878627
Armenia,,2008,3.27703809810168
Armenia,,2007,2.58839277280399
Armenia,,2006,2.64180737077633
Armenia,,2005,1.92924911296119
Armenia,,2004,2.74603388341134
Armenia,,2002,2.25812680200155
Armenia,,2001,2.85311376029208
Armenia,,2000,2.91141445632454
Armenia,,1999,2.84154951589468
Armenia,,1998,2.89864016374512
Armenia,,1997,3.08044046602136
Armenia,,1996,3.47695018399624
Armenia,,1995,3.50709423184281
Armenia,,1994,4.66621688694975
Armenia,,1993,7.76061963335416
Armenia,,1992,8.53896490667401
Armenia,,1991,5.14668537551365
Armenia,,1990,5.01108138714052
Australia,,2023,0.854406035826682
Australia,,2022,0.839663105025691
Australia,,2021,0.743554074825619
Australia,,2020,0.858459424254959
Australia,,2019,0.882951478402183
Australia,,2018,0.879787384450029
Australia,,2017,0.841048385412525
Australia,,2016,0.933005940041915
Australia,,2015,0.985468432815397
Australia,,2014,1.02985300162206
Australia,,2013,1.05438607284246
Australia,,2012,1.06333429077178
Australia,,2011,1.10321388892905
Australia,,2010,1.04328595693519
Australia,,2009,1.20736293068024
Australia,,2008,1.2213046917262
Australia,,2007,1.21691956283382
Australia,,2006,1.36470308152627
Australia,,2005,1.27620846840694
Australia,,2004,1.31193813318786
Australia,,2003,1.52375535865531
Australia,,2002,1.86778958584828
Australia,,2001,1.79185252403083
Australia,,2000,1.89207133777963
Australia,,1999,2.03596185527632
Australia,,1998,1.78593227563009
Australia,,1997,1.96704523731198
Australia,,1996,1.93386535571719
Australia,,1995,1.96735685247661
Australia,,1994,1.7879658555513
Australia,,1993,1.87892384044585
Australia,,1992,1.71516925030892
Australia,,1991,1.95929365734864
Australia,,1990,2.18377608517614
Austria,,2023,0.876191031111463
Austria,,2022,0.871514782049046
Austria,,2021,0.724875548626241
Austria,,2020,0.728584791296886
Austria,,2019,0.86703158562286
Austria,,2018,0.972669073494819
Austria,,2017,0.795565065715095
Austria,,2016,0.617996363091403
Austria,,2015,0.509021333026224
Austria,,2014,0.491353494620118
Austria,,2013,0.719220332146561
Austria,,2012,0.960671644685274
Austria,,2011,0.917401680155648
Austria,,2010,0.729220953530514
Austria,,2009,0.611139601001334
Austria,,2008,0.696842970941948
Austria,,2007,0.542367847855454
Austria,,2006,0.737614857062635
Austria,,2005,0.656199514789066
Austria,,2004,0.721845781686185
Austria,,2003,0.61556629267321
Austria,,2002,0.804292546441553
Austria,,2001,0.870405077197159
Austria,,2000,1.02334627242376
Austria,,1999,0.750573015586587
Austria,,1998,0.965097862489974
Austria,,1997,0.828125812637664
Austria,,1996,1.24357572236205
Austria,,1995,0.981092399848233
Austria,,1994,1.10856993848067
Austria,,1993,1.01169833103288
Austria,,1992,1.23681706022101
Austria,,1991,1.32780896051895
Austria,,1990,1.15891082955944
Azerbaijan,,2023,2.16122820563689
Azerbaijan,,2022,1.78722260168325
Azerbaijan,,2021,1.7001534193041
Azerbaijan,,2020,2.15091148557269
Azerbaijan,,2019,1.66164299896889
Azerbaijan,,2018,1.96219351122527
Azerbaijan,,2017,1.82574937607272
Azerbaijan,,2016,1.71253212771072
Azerbaijan,,2015,2.16347016513122
Azerbaijan,,2014,2.45038540616903
Azerbaijan,,2013,2.32523663491333
Azerbaijan,,2012,2.15439538519976
Azerbaijan,,2011,2.27956547808754
Azerbaijan,,2010,2.25214132449197
Azerbaijan,,2008,2.14701734840338
Azerbaijan,,2007,2.14083972909202
Azerbaijan,,2002,2.54619986576002
Azerbaijan,,2001,2.64185728383987
Azerbaijan,,2000,2.76459853289117
Azerbaijan,,1999,2.98748042012122
Azerbaijan,,1998,3.48874704640183
Azerbaijan,,1997,3.57852915269565
Azerbaijan,,1996,5.10791622302286
Azerbaijan,,1995,5.73887608581187
Azerbaijan,,1994,6.55811561550412
Azerbaijan,,1993,6.36983841532279
Azerbaijan,,1992,7.615673163394
Azerbaijan,,1991,4.8808445036769
Azerbaijan,,1990,4.54980634281726
Bahamas,,2022,32.1981392997156
Bahamas,,2021,30.0222265391437
Bahamas,,2020,18.4407464713126
Bahamas,,2019,24.0704681959437
Bahamas,,2018,23.1718729111893
Bahamas,,2017,31.2431975620062
Bahamas,,2016,28.6041558488412
Bahamas,,2015,37.8879787412108
Bahamas,,2014,31.9122778565412
Bahamas,,2013,31.4023111045433
Bahamas,,2012,29.2966539226222
Bahamas,,2011,34.1646737273659
Bahamas,,2010,25.5797974025621
Bahamas,,2009,23.9794933987487
Bahamas,,2008,20.3842002901258
Bahamas,,2007,22.0753988076454
Bahamas,,2006,17.5098672407607
Bahamas,,2005,15.1209384287019
Bahamas,,2004,12.949479372068
Bahamas,,2003,14.8979120576251
Bahamas,,2002,15.6808819893008
Bahamas,,2001,13.1163142546883
Bahamas,,2000,22.8511433291645
Bahamas,,1997,14.7955876984338
Bahamas,,1996,16.6520824898455
Bahamas,,1995,13.2687146927795
Bahamas,,1994,17.5374103315582
Bahamas,,1993,12.0134756872995
Bahamas,,1992,14.3393243730043
Bahamas,,1991,9.97396083795519
Bahamas,,1990,16.307627077184
Bahrain,,2022,0.195636140255462
Bahrain,,2021,0.0665883809268237
Bahrain,,2019,0.269238704006036
Bahrain,,2018,0.333861836620704
Bahrain,,2017,0.40485966551844
Bahrain,,2016,0.279797762177498
Bahrain,,2015,0.219034059796298
Bahrain,,2014,0.685532521662828
Bahrain,,2013,0.874958141207108
Bahrain,,2012,0.739947200656415
Bahrain,,2011,0.994424592783129
Bahrain,,2010,0.164847301944209
Bahrain,,2009,1.09833893134157
Bahrain,,2008,0.535373224289705
Bahrain,,2007,0.378284574027927
Bahrain,,2002,1.06355046380771
Bahrain,,2001,1.28579602560448
Bahrain,,1997,0.961530756965088
Bahrain,,1996,1.31450739656881
Bahrain,,1995,0.842854782863751
Bangladesh,,2018,2.34217668208578
Bangladesh,,2017,2.18822635384583
Bangladesh,,2016,2.23304324758363
Bangladesh,,2015,2.53163478437081
Bangladesh,,2014,2.85759633031455
Bangladesh,,2013,2.80645239116244
Bangladesh,,2012,2.65299368492385
Bangladesh,,2011,2.58218128044816
Bangladesh,,2010,2.62020241832397
Bangladesh,,2009,2.7963784334228
Bangladesh,,2008,2.74227810461832
Bangladesh,,2007,2.61032424254411
Bangladesh,,2006,2.84551231101236
Bangladesh,,2005,2.48210654779569
Bangladesh,,2004,2.73052626299689
Bangladesh,,2003,2.46221986613972
Bangladesh,,2002,2.52134727497062
Bangladesh,,2001,2.68848229951461
Bangladesh,,2000,2.48468340032929
Barbados,,2023,7.43794627677661
Barbados,,2022,15.2310515092909
Barbados,,2021,11.3416257157186
Barbados,,2020,14.5545939268294
Barbados,,2019,17.0692460193985
Barbados,,2018,9.9746892260888
Barbados,,2017,10.7077463406277
Barbados,,2016,7.86845375942203
Barbados,,2015,11.1115093730958
Barbados,,2014,8.98156264819578
Barbados,,2013,8.64350926476149
Barbados,,2012,7.94403069284586
Barbados,,2011,9.7776844270458
Barbados,,2010,11.2627546154587
Barbados,,2009,6.93120776295269
Barbados,,2008,8.43372831294266
Barbados,,2007,9.21528188625762
Barbados,,2006,12.9628909469021
Barbados,,2005,10.7924646267668
Barbados,,2004,8.23051425749538
Barbados,,2003,12.416471013184
Barbados,,2002,9.46439117464452
Barbados,,2001,9.52651323899545
Barbados,,2000,7.63175267015947
Barbados,,1999,8.76132067385984
Barbados,,1998,7.62090566842964
Barbados,,1995,6.4875715302464
Barbados,,1994,7.64466087328783
Barbados,,1993,8.04514475514027
Barbados,,1992,8.45287426541641
Barbados,,1991,8.09646358037186
Barbados,,1990,13.148659126813
Belarus,,2019,2.38463165310244
Belarus,,2018,2.38395844908102
Belarus,,2017,2.5274359757027
Belarus,,2016,3.23189754442635
Belarus,,2015,3.43617510284546
Belarus,,2014,3.58925893151456
Belarus,,2013,3.51842837615655
Belarus,,2012,3.59291188230382
Belarus,,2011,3.93761674954488
Belarus,,2010,4.22516594181188
Belarus,,2009,5.12235971019014
Belarus,,2008,5.79262527444136
Belarus,,2007,6.7864785114628
Belarus,,2002,10.0167626319454
Belarus,,2001,9.75038903448508
Belarus,,2000,10.1388075821466
Belarus,,1999,9.70194605698071
Belarus,,1998,10.2771879609885
Belarus,,1997,10.0865766139214
Belarus,,1996,9.54346099516161
Belarus,,1995,9.4141057724796
Belarus,,1994,8.10346868537203
Belarus,,1993,7.38186093198924
Belarus,,1992,5.81352018287338
Belarus,,1991,4.56155643837205
Belarus,,1990,4.98710984271411
Belgium,,2021,1.08030153549307
Belgium,,2002,3.08720442799957
Belgium,,2001,2.74132280198769
Belgium,,2000,2.06794627670662
Belgium,,1997,1.42415668316462
Belgium,,1996,1.18145476364776
Belgium,,1995,1.40077229903727
Belgium,,1994,1.18623897545331
Belgium,,1993,1.43490345712787
Belgium,,1992,1.20397149301638
Belgium,,1991,1.02242863470673
Belgium,,1990,1.04078369840703
Belize,,2022,28.0582917218107
Belize,,2021,31.6178339760185
Belize,,2020,26.0995390360826
Belize,,2019,34.7304566666278
Belize,,2018,37.609161907442
Belize,,2017,38.0491503919464
Belize,,2016,37.8388012229062
Belize,,2015,33.3957281531601
Belize,,2014,35.2513810373364
Belize,,2013,28.9789741443153
Belize,,2012,43.3594287320507
Belize,,2011,37.8859632506156
Belize,,2010,40.2816593545567
Belize,,2009,31.028680737267
Belize,,2008,33.841336699944
Belize,,2007,32.7592029719689
Belize,,2006,31.9579266947688
Belize,,2005,28.9564420040003
Belize,,2004,29.0774177044667
Belize,,2003,25.3999545075442
Belize,,2002,33.9832466500136
Belize,,2001,25.7671255764891
Belize,,2000,17.026648781764
Benin,,2017,1.1274974068
Bhutan,,2020,2.46751324015657
Bhutan,,2019,1.04599228057697
Bhutan,,2018,1.18458616482332
Bhutan,,2017,1.72337338408889
Bhutan,,2016,1.20342414282773
Bhutan,,2015,1.62026847848689
Bhutan,,2013,3.30909878073498
Bhutan,,2012,4.60071701477597
Bhutan,,2011,4.51100049761974
Bhutan,,2010,2.28039770135912
Bhutan,,2009,2.30551536914183
Bhutan,,2008,2.62256292876172
Bhutan,,2007,2.06294638844396
Bhutan,,2006,1.34168257430126
Bhutan,,2005,1.66196908586412
Bhutan,,2004,2.30576078961547
Bhutan,,2003,0.784112623664362
Bhutan,,2002,3.04287978142514
Bhutan,,2001,3.11070253579559
Bhutan,,2000,3.01576743741864
Bhutan,,1999,2.23145702127952
Bhutan,,1998,1.93173935567712
Bhutan,,1997,1.25291638662494
Bhutan,,1996,2.18665466436218
Bhutan,,1995,2.91976663765149
Bhutan,,1994,3.60686928254861
Bhutan,,1993,3.42544474442126
Bhutan,,1992,4.67310747801043
Bhutan,,1991,2.00072192716205
Bhutan,,1990,3.39393198899687
Bolivia,,2023,4.41843313132273
Bolivia,,2022,4.01584677979597
Bolivia,,2021,3.50161189331694
Bolivia,,2020,3.62211536699793
Bolivia,,2019,4.25827764835632
Bolivia,,2018,4.98767505522938
Bolivia,,2017,6.58463782839173
Bolivia,,2016,5.74238712195448
Bolivia,,2015,4.92977342561603
Bosnia Herzegovina,,2023,1.22446173133237
Bosnia Herzegovina,,2022,1.09211115070447
Bosnia Herzegovina,,2021,0.986160622452258
Bosnia Herzegovina,,2020,1.3032872085846
Bosnia Herzegovina,,2019,1.25540534198886
Bosnia Herzegovina,,2018,1.15146147032772
Bosnia Herzegovina,,2017,1.22496031638975
Bosnia Herzegovina,,2016,1.29570864177198
Bosnia Herzegovina,,2015,1.61998987932639
Bosnia Herzegovina,,2014,1.40259182137488
Bosnia Herzegovina,,2013,1.27393509411472
Bosnia Herzegovina,,2012,1.71656816607988
Bosnia Herzegovina,,2011,1.36298129441799
Bosnia Herzegovina,,2010,1.46924881899287
Bosnia Herzegovina,,2009,1.82999406669529
Bosnia Herzegovina,,2008,1.67192542098005
Bosnia Herzegovina,,2007,1.64448112135673
Bosnia Herzegovina,,2004,1.64212058622739
Bosnia Herzegovina,,2002,2.14899585184106
Bosnia Herzegovina,,2001,1.96198627662379
Bosnia Herzegovina,,2000,2.37993841729047
Bosnia Herzegovina,,1990,1.64094651593337
Botswana,,2021,11.3681767255945
Botswana,,2020,9.3410798076921
Botswana,,2010,14.9032725963493
Botswana,,2009,14.5177033093833
Botswana,,2008,14.4104744148694
Botswana,,2007,14.6504737073704
Botswana,,2006,13.9235904298522
Botswana,,2005,15.8162746748832
Botswana,,2004,14.3319908850751
Botswana,,2003,17.5701744036911
Botswana,,2002,14.6151696864186
Botswana,,2001,12.4397431689457
Brazil,,2023,19.2752957673079
Brazil,,2022,20.0811754127452
Brazil,,2021,20.5048626655709
Brazil,,2020,21.8129091470528
Brazil,,2019,21.2445602088385
Brazil,,2018,27.1606152370358
Brazil,,2017,31.1611756216413
Brazil,,2016,30.1193623667804
Brazil,,2015,28.8503019791216
Brazil,,2014,29.8537931807395
Brazil,,2013,28.6404106359245
Brazil,,2012,28.6413621085766
Brazil,,2011,26.7470983503833
Brazil,,2010,26.9945684769237
Brazil,,2009,26.7914479705158
Brazil,,2008,26.3359303856077
Brazil,,2007,25.3144591379199
Brazil,,2006,26.3403064568888
Brazil,,2005,25.7693915381983
Brazil,,2004,26.4918363852054
Brazil,,2003,28.2710884352715
Brazil,,2002,27.848196026942
Brazil,,2001,27.2006084949971
Brazil,,2000,26.0748466246634
Brazil,,1999,25.0021056965213
Brazil,,1998,24.7990574348239
Brazil,,1997,24.3049302659348
Brazil,,1996,23.6865994083929
Brazil,,1995,21.0220886836161
Brazil,,1994,18.7432334815665
Brazil,,1993,17.865892961495
Brazil,,1992,16.8315196406125
Brazil,,1991,18.5523881422863
Brazil,,1990,19.6463430965049
Brunei,,2013,0.486378957300791
Brunei,,2012,0.986299073002159
Brunei,,2011,0.25038277266371
Brunei,,2010,0.254886167837444
Brunei,,2009,0.779316928711984
Brunei,,2008,0.264695216692739
Brunei,,2007,0.808903329311286
Brunei,,2006,0.822678504096253
Brunei,,2005,0.557234223654314
Brunei,,2004,0.566715923725704
Brunei,,2003,0.865458678675387
Brunei,,2000,1.22540009313041
Brunei,,1999,1.25230306360291
Brunei,,1998,1.28046916390165
Brunei,,1997,2.6200172593637
Brunei,,1996,3.01734470313519
Bulgaria,,2023,1.08890737415431
Bulgaria,,2022,1.11341216291447
Bulgaria,,2021,1.29412653402161
Bulgaria,,2020,0.995146569224991
Bulgaria,,2019,1.18988414972527
Bulgaria,,2018,1.30965598682543
Bulgaria,,2017,1.45569963291636
Bulgaria,,2016,1.10839328712128
Bulgaria,,2015,1.75548173553612
Bulgaria,,2014,1.55050575213407
Bulgaria,,2013,1.50042683013702
Bulgaria,,2012,1.92701571481315
Bulgaria,,2011,1.73441146879584
Bulgaria,,2010,1.9898896128905
Bulgaria,,2009,2.00320205170625
Bulgaria,,2008,2.28250164569032
Bulgaria,,2007,2.3329723596816
Bulgaria,,2006,2.43446129167281
Bulgaria,,2005,2.58607823120566
Bulgaria,,2004,3.14861867259915
Bulgaria,,2003,3.16487749649733
Bulgaria,,2002,3.2434732256055
Bulgaria,,2001,3.8847432008165
Bulgaria,,2000,4.14973052687391
Bulgaria,,1999,4.05331911985956
Bulgaria,,1998,4.68162809330743
Bulgaria,,1997,4.84355676733719
Bulgaria,,1996,5.28258322661631
Bulgaria,,1995,5.91080617413618
Bulgaria,,1994,5.845370350844
Bulgaria,,1993,5.78749294427837
Bulgaria,,1992,5.3977634682523
Bulgaria,,1991,4.31242817650872
Bulgaria,,1990,2.57300621772053
Burkina Faso,,2017,1.25044051977478
Burkina Faso,,2016,1.12086279620408
Burkina Faso,,2015,0.646029930732339
Burkina Faso,,2014,0.739223164024124
Burkina Faso,,2013,0.708730048883044
Burkina Faso,,2012,0.693972911642403
Burkina Faso,,2011,0.55963484448214
Burkina Faso,,2010,0.788198249930744
Burkina Faso,,2009,0.891613012477695
Burkina Faso,,2008,1.02792938601642
Burkina Faso,,2007,0.659555211401829
Burkina Faso,,2006,0.498945237000072
Burkina Faso,,2005,0.469380905212251
Burkina Faso,,2004,0.598592111354095
Burkina Faso,,2003,0.640082233972341
Burkina Faso,,2002,0.634502436611376
Burundi,,2016,5.64974214487878
Burundi,,2015,4.17285957648643
Burundi,,2014,5.22232594341804
Burundi,,2013,4.98115757408239
Burundi,,2012,4.96473671628838
Cape Verde,,2020,6.99464423976475
Cape Verde,,2019,6.41893469025722
Cape Verde,,2018,6.03800044798068
Cape Verde,,2017,7.40895274452956
Cape Verde,,2016,12.0962746400627
Cape Verde,,2015,8.97747531926147
Cape Verde,,2014,12.687246682041
Cape Verde,,2013,10.54224217873
Cape Verde,,2006,7.13226790836055
Cape Verde,,2005,9.07000497819591
Cape Verde,,2004,4.38075430330883
Cape Verde,,2003,3.16868159608604
Cambodia,,2011,1.82033262639221
Cambodia,,2010,2.28264433104936
Cambodia,,2009,2.31844508682262
Cambodia,,2008,2.3695199469996
Cambodia,,2007,2.83923226581572
Cambodia,,2006,2.93276041858556
Cambodia,,2005,3.333531261752
Cambodia,,2004,3.85813800219876
Cambodia,,2003,3.90009384744488
Cambodia,,2002,3.30604459301852
Cambodia,,2001,3.21523493650583
Cambodia,,2000,4.58180534605208
Cambodia,,1999,4.73677435123924
Cambodia,,1998,6.57645260921587
Cambodia,,1997,2.73961190156548
Cambodia,,1996,5.01792867958715
Cambodia,,1995,3.96267024884072
Cambodia,,1994,3.27951838486642
Cambodia,,1993,6.95187417130962
Cambodia,,1992,5.28775526592325
Cameroon,,2022,6.76008919336955
Cameroon,,2020,4.58593823145619
Cameroon,,2017,4.16103693703584
Cameroon,,2016,3.35548128633803
Cameroon,,2015,3.78238510747147
Cameroon,,2012,4.22883189715635
Cameroon,,2011,4.12706343595528
Cameroon,,2010,5.07929961186829
Cameroon,,2009,6.68097609322311
Cameroon,,2008,4.17787035373775
Cameroon,,2003,6.20036459628944
Cameroon,,2002,6.55621886133867
Cameroon,,2001,4.9315814918857
Cameroon,,2000,3.07792769766784
Canada,,2023,1.97968887560784
Canada,,2022,2.27195104620383
Canada,,2021,2.08300518200199
Canada,,2020,2.00409191032713
Canada,,2019,1.82357460879594
Canada,,2018,1.77503663024043
Canada,,2017,1.80664809278477
Canada,,2016,1.69447965211893
Canada,,2015,1.69900457240782
Canada,,2014,1.47330111088167
Canada,,2013,1.44219466327057
Canada,,2012,1.57205168149969
Canada,,2011,1.76238467720832
Canada,,2010,1.62880268220815
Canada,,2009,1.80332678612386
Canada,,2008,1.83562569798247
Canada,,2007,1.8040520550306
Canada,,2006,1.85596882167745
Canada,,2005,2.04684481799773
Canada,,2004,1.9450604450874
Canada,,2003,1.72443676408719
Canada,,2002,1.84553461879682
Canada,,2001,1.77486867333404
Canada,,2000,1.76745915413225
Canada,,1999,1.76146925228784
Canada,,1998,1.84306153027948
Canada,,1997,1.94949354586228
Canada,,1996,2.12986066159284
Canada,,1995,1.99259098999575
Canada,,1994,2.04478059204049
Canada,,1993,2.17130131394599
Canada,,1992,2.57192445510508
Canada,,1991,2.67782712086616
Canada,,1990,2.36420719847115
Central African Republic,,2016,20.120400654
Chile,,2023,6.34829073035101
Chile,,2022,6.80201256720408
Chile,,2021,4.65658124495601
Chile,,2020,5.75613878004137
Chile,,2019,4.81306553520039
Chile,,2018,4.36665251518391
Chile,,2017,4.19745439747334
Chile,,2016,3.39405749254204
Chile,,2015,2.32163505387454
Chile,,2014,2.4518317226161
Chile,,2013,3.14355060592079
Chile,,2012,2.47729352143792
Chile,,2011,3.66532251337043
Chile,,2010,3.14874215608169
Chile,,2009,3.70376238471268
Chile,,2008,3.4918963063576
Chile,,2007,3.6949106294991
Chile,,2006,3.57376612166027
Chile,,2005,3.52319921168418
Chile,,2003,3.20129769251024
China,,2020,0.5018560705357
China,,2019,0.518362801144556
China,,2018,0.530299683323493
China,,2017,0.565721900260259
China,,2016,0.614934212808057
China,,2015,0.658962453224414
China,,2014,0.726466059590713
China,,2013,0.771569105292682
China,,2012,0.824083830524219
China,,2011,0.883293080721741
China,,2010,0.992185694923539
China,,2009,1.09249548072451
China,,2008,1.11041885098023
China,,2007,1.21578178296856
China,,2006,1.3636011505677
China,,2005,1.5854633417248
China,,2004,1.89778004857568
China,,2003,1.88433167405903
China,,2002,2.04185850578199
China,,1997,2.10048890051469
China,,1996,2.06434925045202
China,,1995,2.24204895736743
Colombia,,2023,24.9134420347488
Colombia,,2022,24.9488076386337
Colombia,,2021,25.5801274097033
Colombia,,2020,22.6427030734102
Colombia,,2019,23.3990612924966
Colombia,,2018,23.8207594532571
Colombia,,2017,25.5510587151196
Colombia,,2016,26.1438669043183
Colombia,,2015,27.2152782480106
Colombia,,2014,28.654305199833
Colombia,,2013,33.4159707994424
Colombia,,2012,35.9613009153726
Colombia,,2011,35.6322084408409
Colombia,,2010,34.5241750628259
Colombia,,2009,35.7272410703666
Colombia,,2008,36.8840024517578
Colombia,,2007,39.7776140409658
Colombia,,2006,40.9429758324124
Colombia,,2005,42.9894132012747
Colombia,,2004,48.6481875848116
Colombia,,2003,57.4608630160922
Colombia,,2002,70.3960948977152
Colombia,,2001,70.1095871523678
Colombia,,2000,67.8921586309151
Colombia,,1999,63.3339923743845
Colombia,,1998,61.0946739886429
Colombia,,1997,62.4980646140821
Colombia,,1996,64.0379653259786
Colombia,,1995,62.3410428739553
Colombia,,1994,77.0879503653693
Colombia,,1993,82.5777689589525
Colombia,,1992,83.4819991124854
Colombia,,1991,85.8773343009539
Colombia,,1990,74.9998416310372
Costa Rica,,2023,17.7454798727379
Costa Rica,,2022,12.908902016219
Costa Rica,,2021,11.6205820666553
Costa Rica,,2020,11.3222838436969
Costa Rica,,2019,11.2610056078008
Costa Rica,,2018,11.7995456872358
Costa Rica,,2017,12.2731177810203
Costa Rica,,2016,11.8759050112518
Costa Rica,,2015,11.5607212354156
Costa Rica,,2014,10.0060434824472
Costa Rica,,2013,8.71474107995362
Costa Rica,,2012,8.72653951862736
Costa Rica,,2011,10.282368146525
Costa Rica,,2010,11.5672606575735
Costa Rica,,2009,11.6672085436857
Costa Rica,,2008,11.5313873891892
Costa Rica,,2007,8.42418151029137
Costa Rica,,2006,8.12248146668412
Costa Rica,,2005,7.86156142343543
Costa Rica,,2004,6.66654365306355
Costa Rica,,2003,7.24850496564873
Costa Rica,,2002,6.33019318130238
Costa Rica,,2001,6.41066095411089
Costa Rica,,2000,6.3234257019066
Costa Rica,,1999,6.34369738129583
Costa Rica,,1998,5.92147933357451
Costa Rica,,1997,5.67305227231407
Costa Rica,,1996,5.22241837760737
Costa Rica,,1995,5.20483280040371
Costa Rica,,1994,5.27364800109182
Costa Rica,,1993,4.75139301191842
Costa Rica,,1992,4.87172445039336
Costa Rica,,1991,4.12219690610385
Costa Rica,,1990,4.45269349515938
Croatia,,2023,0.667347104040825
Croatia,,2022,0.79344217483012
Croatia,,2021,0.840847880426335
Croatia,,2020,1.01164453441337
Croatia,,2019,0.827828171469303
Croatia,,2018,0.596292847367914
Croatia,,2017,1.12767209256717
Croatia,,2016,1.06371572584033
Croatia,,2015,0.884378611088172
Croatia,,2014,0.853185902809328
Croatia,,2013,1.08429254920125
Croatia,,2012,1.19739770261642
Croatia,,2011,1.14463944324737
Croatia,,2010,1.44147646249121
Croatia,,2009,1.13675103331249
Croatia,,2008,1.64556385535216
Croatia,,2007,1.43653043608314
Croatia,,2006,1.71462996431716
Croatia,,2005,1.5762830596396
Croatia,,2004,1.92572926265103
Croatia,,2003,1.60215999030345
Croatia,,2002,1.69539490101855
Croatia,,2001,1.883250336631
Croatia,,2000,2.3346638991268
Croatia,,1999,2.53088246627428
Croatia,,1998,2.36185004838981
Croatia,,1997,2.61953225365686
Croatia,,1996,2.67409040924323
Croatia,,1995,3.59357140383083
Croatia,,1994,3.0584872593687
Croatia,,1993,4.60913041249074
Croatia,,1992,8.09245472695023
Croatia,,1991,9.05670012395452
Croatia,,1990,2.83346730256291
Cuba,,2019,4.46315139638841
Cuba,,2018,4.37333981763351
Cuba,,2017,4.58755196224978
Cuba,,2016,5.0773983694805
Cuba,,2015,5.4899907667934
Cuba,,2014,5.31642685963406
Cuba,,2013,5.96556919518143
Cuba,,2012,5.49403130120381
Cuba,,2011,4.72500681542416
Cuba,,2010,4.47005149587839
Cuba,,2009,5.00233759678583
Cuba,,2008,4.56084730447061
Cuba,,2007,5.0322165961706
Cuba,,2006,5.10703924232108
Cuba,,2005,6.07322282317137
Cuba,,2004,5.87253607071815
Cuba,,2003,5.72734441639899
Cuba,,2002,5.91370923052175
Cuba,,2001,5.42886606152906
Cuba,,2000,5.28395235315237
Cuba,,1999,5.50024676599715
Cuba,,1998,7.41297065963431
Cuba,,1997,6.7921847867063
Cuba,,1996,6.67760748256935
Cuba,,1995,7.79836860325543
Cuba,,1994,8.27666968491059
Cuba,,1993,7.39782037335748
Cuba,,1992,6.2396846446692
Cyprus,,2023,0.81785876397005
Cyprus,,2022,0.600884802872229
Cyprus,,2021,1.21459779542909
Cyprus,,2020,1.15185477415008
Cyprus,,2019,1.16579872951254
Cyprus,,2018,1.18041688389616
Cyprus,,2017,0.558091105183829
Cyprus,,2016,1.05083409956653
Cyprus,,2015,1.2300107871946
Cyprus,,2014,0.915293345276525
Cyprus,,2013,1.01360340232875
Cyprus,,2012,1.88776871744135
Cyprus,,2011,0.785002954663899
Cyprus,,2010,0.709335250902962
Cyprus,,2009,1.71268223164298
Cyprus,,2008,0.824911218930063
Cyprus,,2007,1.21187996608601
Cyprus,,2006,1.42258572975803
Cyprus,,2005,1.93021966382329
Cyprus,,2004,1.57190147518041
Cyprus,,2002,0.203782197587219
Cyprus,,2001,0.726045427625199
Cyprus,,2000,0.84417883295442
Cyprus,,1999,1.07384452986281
Cyprus,,1998,0.765405424318898
Cyprus,,1997,0.668473029341509
Cyprus,,1996,1.13598863102578
Cyprus,,1995,1.04324239737103
Cyprus,,1994,0.828728954724169
Cyprus,,1993,0.605301594545991
Cyprus,,1992,0.246809828707809
Cyprus,,1991,0.125165218087876
Cyprus,,1990,0.634235660407395
Czechia,,2023,0.767827757917044
Czechia,,2022,0.81512474266184
Czechia,,2021,0.44631485186264
Czechia,,2020,0.729848861096918
Czechia,,2019,0.862160849844266
Czechia,,2017,0.626106269301682
Czechia,,2016,0.617169777139044
Czechia,,2015,0.836150868791633
Czechia,,2014,0.77016509724927
Czechia,,2013,0.856232600342731
Czechia,,2012,0.999301916232803
Czechia,,2011,0.81939793117267
Czechia,,2010,0.984323877723848
Czechia,,2009,0.902026099357503
Czechia,,2008,1.09844658935947
Czechia,,2007,1.2188582915689
Czechia,,2006,1.26157390952584
Czechia,,2005,1.05056807279853
Czechia,,2004,1.30585839749053
Czechia,,2003,1.59041271893056
Czechia,,2002,1.35749240097239
Czechia,,2001,1.31939840124098
Czechia,,2000,1.86581671388844
Czechia,,1999,1.6778232155716
Czechia,,1998,1.69500994430188
Czechia,,1997,1.81905712335474
Czechia,,1996,1.68024329145869
Czechia,,1995,1.70674238396516
Czechia,,1994,2.00536128981351
Denmark,,2023,0.840599404536194
Denmark,,2022,0.982567307766424
Denmark,,2021,0.631746832067094
Denmark,,2020,0.823111601929511
Denmark,,2019,0.859901642730301
Denmark,,2018,1.00106587626187
Denmark,,2017,1.23153392928012
Denmark,,2016,0.977619325858153
Denmark,,2015,1.09083852229384
Denmark,,2014,1.31117471686599
Denmark,,2013,0.854802453817294
Denmark,,2012,0.840498959524879
Denmark,,2011,0.825726922413442
Denmark,,2010,0.75704832266481
Denmark,,2002,0.892863952273446
Denmark,,2001,0.970361429775316
Denmark,,2000,1.08621178676501
Denmark,,1999,0.977111262625992
Denmark,,1998,0.923785438954562
Denmark,,1997,1.66507884999816
Denmark,,1996,1.29202206773692
Denmark,,1995,1.12738279040616
Denmark,,1994,1.4405929711164
Denmark,,1993,1.36837477742228
Denmark,,1992,1.19890930193119
Denmark,,1991,1.31927541901788
Denmark,,1990,0.797506333853658
Dominica,,2023,27.063396005142
Dominica,,2022,28.4318346763634
Dominica,,2021,14.8805095086456
Dominica,,2020,22.1982152634928
Dominica,,2019,19.151302656875
Dominica,,2018,19.0687133752356
Dominica,,2017,27.7386435803289
Dominica,,2016,22.9863590325616
Dominica,,2015,12.7822752449936
Dominica,,2014,12.7889957796314
Dominica,,2011,8.68891511654007
Dominica,,2010,21.7838030163306
Dominica,,2009,18.8777881040892
Dominica,,2008,10.1664391320766
Dominica,,2007,10.1673989614728
Dominica,,2006,7.26675532108158
Dominica,,2005,11.6389876990449
Dominica,,2004,11.6534836632726
Dominica,,2003,11.6735491967139
Dominica,,2002,13.1642459081136
Dominica,,2001,1.46438612933458
Dominica,,2000,2.91923924625243
Dominica,,1999,10.1641510392844
Dominica,,1998,13.0199856780158
Dominican Republic,,2023,10.9166976980638
Dominican Republic,,2022,12.3678475675698
Dominican Republic,,2021,10.5362752855436
Dominican Republic,,2020,8.72977662309348
Dominican Republic,,2019,9.41799066618377
Dominican Republic,,2018,9.90534873528498
Dominican Republic,,2017,11.3998115468654
Dominican Republic,,2016,15.3154603364407
Dominican Republic,,2014,17.5463639644216
Dominican Republic,,2013,19.4038895577301
Dominican Republic,,2012,22.5214243986665
Dominican Republic,,2011,25.2674003329003
Dominican Republic,,2010,25.1930337290323
Dominican Republic,,2009,24.4964939070773
Dominican Republic,,2008,25.0074949363479
Dominican Republic,,2007,22.3252575336375
Dominican Republic,,2006,22.9521262431175
Dominican Republic,,2005,25.9511238657765
Dominican Republic,,2004,24.5911758206467
Dominican Republic,,2003,21.1789386478885
Dominican Republic,,2002,14.4483285859447
Dominican Republic,,2001,12.5569312052756
Dominican Republic,,2000,14.0956805476114
Dominican Republic,,1999,12.621048404207
Dominican Republic,,1998,13.4891845559306
Dominican Republic,,1997,12.6986791232798
Dominican Republic,,1996,12.8471764252819
Dominican Republic,,1995,12.7660402538477
Dominican Republic,,1994,12.9816540810284
Dominican Republic,,1993,12.245588839344
Dominican Republic,,1992,10.8358887859159
Dominican Republic,,1991,12.4386066404351
Ecuador,,2023,45.7228145164847
Ecuador,,2022,27.4126359684417
Ecuador,,2021,14.1156873894402
Ecuador,,2020,7.81941728300383
Ecuador,,2019,6.84543557226847
Ecuador,,2018,5.8300670929869
Ecuador,,2017,5.78775543057783
Ecuador,,2016,5.81031174018927
Ecuador,,2015,6.45509329915208
Ecuador,,2014,8.16956550602398
Ecuador,,2013,10.9127986726241
Ecuador,,2012,12.3425125579607
Ecuador,,2011,15.2875203821371
Ecuador,,2010,17.4043449177688
Ecuador,,2009,17.705436773059
Ecuador,,2008,17.886543943386
Ecuador,,2007,15.8631866106051
Ecuador,,2002,14.5070142098716
Ecuador,,2001,12.8420209514706
Ecuador,,2000,14.4453488439446
Ecuador,,1999,13.4875122235591
Ecuador,,1998,13.409254126692
Ecuador,,1997,10.9429833738619
Ecuador,,1996,12.3838470232859
Ecuador,,1995,11.8383919002488
Ecuador,,1994,10.0156548466405
Ecuador,,1993,8.30175052181792
Ecuador,,1992,8.55433754089328
Ecuador,,1991,10.7733041261241
Ecuador,,1990,8.51659203032212
Egypt,,2017,1.31152527182627
Egypt,,2016,1.50721254822527
Egypt,,2015,1.71791733156895
Egypt,,2014,2.96323170829365
Egypt,,2012,2.36901703981789
Egypt,,2011,2.96729523596304
Egypt,,2010,2.06174997223112
Egypt,,2009,1.04226623284087
Egypt,,2008,1.12618921636092
Egypt,,2007,0.806870502327317
Egypt,,2006,0.663841988774831
Egypt,,2005,0.643641850868097
Egypt,,2004,0.405146398550175
Egypt,,2003,0.604982061960747
Egypt,,1994,0.359334033635439
Egypt,,1993,0.387820648304042
Egypt,,1992,0.448921657242118
Egypt,,1991,0.479768132059843
Egypt,,1990,0.460643114640646
El Salvador,,2022,7.89768799960639
El Salvador,,2021,17.343956146806
El Salvador,,2020,21.5087446038674
El Salvador,,2019,38.5386955905095
El Salvador,,2018,53.7958771232068
El Salvador,,2017,63.764040219627
El Salvador,,2016,85.0858022421141
El Salvador,,2015,107.638231074992
El Salvador,,2014,63.6220773963139
El Salvador,,2013,40.9360792814407
El Salvador,,2012,42.4273897096406
El Salvador,,2011,71.7719022936632
El Salvador,,2010,65.7026379683301
El Salvador,,2009,72.4503614995274
El Salvador,,2008,52.7258860134014
El Salvador,,2007,58.1880552418794
El Salvador,,2006,65.4247078983383
El Salvador,,2005,64.6399118153084
El Salvador,,2004,64.8994757581223
El Salvador,,2003,55.9464014802791
El Salvador,,2002,47.3555199373003
El Salvador,,2001,60.1535507350797
El Salvador,,2000,59.7472879846202
El Salvador,,1999,65.0163119923982
El Salvador,,1998,94.9533743902383
El Salvador,,1997,112.463209490916
El Salvador,,1996,116.996819794925
El Salvador,,1995,138.438377957597
El Salvador,,1994,134.281182661434
Eritrea,,2012,15.6075665087306
Estonia,,2023,1.53599045052794
Estonia,,2022,1.48138107676406
Estonia,,2021,1.95231911106406
Estonia,,2020,3.1586796568621
Estonia,,2019,1.95957029638124
Estonia,,2018,2.11805990251629
Estonia,,2017,2.2012646645026
Estonia,,2016,2.50788654321279
Estonia,,2015,3.42315697228612
Estonia,,2014,3.11917057450557
Estonia,,2013,3.94561276314676
Estonia,,2012,4.76328730334428
Estonia,,2011,4.89694750660617
Estonia,,2010,5.25743203736382
Estonia,,2009,5.24529824578493
Estonia,,2008,6.43195514982716
Estonia,,2007,7.16041454324946
Estonia,,2002,10.2940696734533
Estonia,,2001,9.86909758628527
Estonia,,2000,10.2362424543503
Estonia,,1999,11.1857022501429
Estonia,,1998,13.8888642841832
Estonia,,1997,12.5220190559805
Estonia,,1996,14.9165197668283
Estonia,,1995,16.9330874593967
Estonia,,1994,20.4646699834792
Estonia,,1993,18.7457373389828
Estonia,,1992,14.0889695704228
Estonia,,1991,7.60197101860343
Estonia,,1990,7.514470928709
Eswatini,,2021,12.5145709802017
Eswatini,,2017,11.224366891744
Eswatini,,2016,10.0912782213252
Eswatini,,2015,9.8003828274542
Eswatini,,2014,10.3845906755176
Eswatini,,2013,9.02662855423499
Eswatini,,2012,9.25379283160277
Eswatini,,2011,15.3869069051876
Eswatini,,2010,18.7109252012774
Eswatini,,2009,16.9207263968308
Eswatini,,2008,19.7615590321936
Eswatini,,2007,11.0937421209218
Eswatini,,2006,11.7111567672043
Eswatini,,2005,12.882041738742
Eswatini,,2004,13.6047005172116
Eswatini,,2003,12.6558545045467
Eswatini,,2002,12.6481735895753
Eswatini,,2001,17.5060617117218
Eswatini,,2000,12.2909872015295
Eswatini,,1999,11.0595644859922
Eswatini,,1998,16.1819835679312
Eswatini,,1994,15.6505399178861
Eswatini,,1993,17.9137944968617
Eswatini,,1992,18.4436134218627
Eswatini,,1991,18.7185603885533
Eswatini,,1990,18.6834795057704
Ethiopia,,2012,8.51054794891045
Fiji,,2023,2.0559533103824
Fiji,,2022,3.91550343585426
Fiji,,2021,1.74537013300811
Fiji,,2020,2.95093899971911
Fiji,,2014,2.17963577196433
Fiji,,2013,2.07343789644269
Fiji,,2012,2.18598705786362
Fiji,,2011,2.19060809637799
Fiji,,2010,2.19679070845402
Fiji,,2009,3.19651161380849
Fiji,,2008,1.88178202543948
Fiji,,2007,2.33896764650848
Fiji,,2006,2.4708953794818
Fiji,,2005,2.60658968538463
Fiji,,2004,2.63047739733704
Fiji,,2003,2.88588295320483
Fiji,,1997,1.60071219379453
Fiji,,1996,1.61733886794988
Fiji,,1995,3.0047098827412
Fiji,,1994,4.40378423470408
Fiji,,1993,1.89784771416895
Fiji,,1992,3.31064269761354
Fiji,,1991,2.1804488133228
Fiji,,1990,4.13802378329169
Finland,,2023,0.98193498501344
Finland,,2022,1.23893509757691
Finland,,2021,1.28133981222055
Finland,,2020,1.75419179501202
Finland,,2019,1.46692385524251
Finland,,2018,1.59543516989979
Finland,,2017,1.21632504271661
Finland,,2016,1.34656386925302
Finland,,2015,1.49642750743994
Finland,,2014,1.61122466990035
Finland,,2013,1.63631426279538
Finland,,2012,1.64389487458514
Finland,,2011,2.04148255432524
Finland,,2010,2.20011725879187
Finland,,2009,2.24767232458861
Finland,,2008,2.50311619145414
Finland,,2007,2.43915813118889
Finland,,2006,2.25967394424093
Finland,,2005,2.26835951096456
Finland,,2004,2.83083034374696
Finland,,2003,1.97584671266105
Finland,,2002,2.5381950279836
Finland,,2001,3.00695589855842
Finland,,2000,2.85923954080999
Finland,,1999,2.76835847570698
Finland,,1998,2.19266416069085
Finland,,1997,2.70431961555859
Finland,,1996,2.98553100449557
Finland,,1995,2.85830491750805
Finland,,1994,2.88889061392561
Finland,,1993,2.56582829871768
Finland,,1992,3.09391949621471
Finland,,1991,3.07147358931606
Finland,,1990,3.048184375047
France,,2023,1.33506280409367
France,,2022,1.23873280289769
France,,2021,1.11071518973766
France,,2020,1.04999178555921
France,,2019,1.14560504750237
France,,2018,1.06227847973755
France,,2017,1.08754298245582
France,,2016,1.19686224509648
France,,2015,1.55892963521539
France,,2014,1.2242533397519
France,,2013,1.20675158408277
France,,2012,1.22388195514924
France,,2011,1.34308688468283
France,,2010,1.25517676645729
France,,2009,1.29780685062321
France,,2008,1.62630919084507
France,,2007,1.59051931320511
France,,2006,1.41660322639846
France,,2005,1.58377199706769
France,,2004,1.61830161158403
France,,2003,1.62492873135846
France,,2002,1.85488321960253
France,,2001,1.74776357833476
France,,2000,1.76687009797043
France,,1999,1.61295208990693
France,,1998,1.63494276577466
France,,1997,1.64422406112757
France,,1996,2.00580187184137
France,,1995,2.29584021763191
France,,1994,2.42414351074412
France,,1993,2.62797009819845
France,,1992,2.33168800485519
France,,1991,2.36592102904818
France,,1990,2.37760015691108
Georgia,,2019,2.02806499553233
Georgia,,2018,2.34526705345127
Georgia,,2017,2.39924552955963
Georgia,,2016,1.02846555312855
Georgia,,2010,4.79988767749478
Georgia,,2009,5.35859118044788
Georgia,,2008,6.67310210823087
Georgia,,2007,8.31739166597355
Georgia,,2006,8.08188677777051
Georgia,,2005,10.009609722088
Georgia,,2004,7.34700690211851
Georgia,,2002,7.07390645461259
Georgia,,2001,6.24757030684241
Georgia,,2000,5.52172440449704
Georgia,,1999,5.47627549526066
Georgia,,1998,5.30979136453116
Georgia,,1997,6.06982664681585
Georgia,,1996,5.61006903501618
Georgia,,1995,7.9378887611473
Georgia,,1994,11.4540012363584
Georgia,,1993,16.9537999297132
Georgia,,1992,14.5442539147182
Georgia,,1991,7.78881420322801
Georgia,,1990,4.95515811313085
Germany,,2023,0.910722780231795
Germany,,2022,0.815829208272123
Germany,,2021,0.830375419597212
Germany,,2020,0.935085587265765
Germany,,2019,0.745579302641966
Germany,,2018,0.945201062768242
Germany,,2017,0.97829217789703
Germany,,2016,1.163604165425
Germany,,2015,0.83092148321361
Germany,,2014,0.87986543465844
Germany,,2013,0.841543300830081
Germany,,2012,0.814420905242925
Germany,,2011,0.91271260058552
Germany,,2010,0.981060169496516
Germany,,2009,0.992150728625981
Germany,,2008,1.02452477446076
Germany,,2007,1.09227050411144
Germany,,2006,1.20927315205162
Germany,,2005,1.27244558514126
Germany,,2004,1.3545661001062
Germany,,2003,1.33598638063576
Germany,,2002,1.42807834640079
Germany,,2001,1.44140608883251
Germany,,2000,1.66753754956225
Germany,,1999,1.62344247009
Germany,,1998,1.95337413007635
Germany,,1997,2.1847407558703
Germany,,1996,2.33761906350592
Germany,,1995,2.47744783321797
Germany,,1994,2.38340932371506
Germany,,1993,1.65425621686023
Germany,,1992,1.43077958781143
Germany,,1991,1.40343106642978
Germany,,1990,1.16801384915652
Ghana,,2022,1.83111773115644
Ghana,,2021,1.85431966533681
Ghana,,2020,1.74047705817606
Ghana,,2019,1.82667713193775
Ghana,,2018,1.63198244300232
Ghana,,2017,2.02943487003652
Ghana,,2016,1.87009855981462
Ghana,,2015,1.82951897503029
Ghana,,2014,1.93640928203346
Ghana,,2013,2.01196278014916
Ghana,,2012,2.09468981730321
Ghana,,2011,1.62099472513754
Ghana,,2010,1.65652636352875
Ghana,,2009,1.71743458952278
Ghana,,2008,1.77319982485734
Ghana,,2007,1.68765456155898
Ghana,,2006,1.78813996205498
Ghana,,2005,1.75060061637178
Ghana,,2004,2.06691897101457
Ghana,,2003,2.04726505813928
Ghana,,2002,1.93445170691966
Ghana,,2001,2.14706465642242
Greece,,2023,0.839605274224601
Greece,,2022,1.12365161805833
Greece,,2021,0.841244735958326
Greece,,2020,0.72901495405944
Greece,,2019,0.727708640014711
Greece,,2018,0.922574259889262
Greece,,2017,0.799737128265793
Greece,,2016,0.779545903374914
Greece,,2015,0.859447721666469
Greece,,2014,0.982267185579143
Greece,,2013,1.39502562128674
Greece,,2012,1.50249393628294
Greece,,2011,1.65633803374762
Greece,,2010,1.58206940071031
Greece,,2009,1.36837464729468
Greece,,2008,1.30000599447209
Greece,,2007,1.17692468944918
Greece,,2006,0.99853818548455
Greece,,2005,1.20203980691416
Greece,,2004,1.01394257823949
Greece,,2002,0.863154597737589
Greece,,2001,1.21735690880249
Greece,,1999,1.44482396707554
Greece,,1998,1.6486487777658
Greece,,1997,1.91106937511326
Greece,,1996,1.59885261038705
Greece,,1995,1.43546567005422
Greece,,1994,1.27075007073922
Greece,,1993,1.44054157448601
Greece,,1992,1.32240728899315
Greece,,1991,1.33894214256357
Greece,,1990,1.01379472430973
Greenland,,2016,5.35131374752502
Greenland,,2015,7.14017957551632
Greenland,,2014,7.12085877556833
Greenland,,2013,12.3865305327978
Greenland,,2012,14.0899644228398
Greenland,,2011,1.75949467312988
Greenland,,2010,19.4296514143903
Greenland,,2009,17.6923825446954
Greenland,,2008,14.11905896472
Greenland,,2007,14.0889718572787
Greenland,,2006,14.064079462049
Greenland,,2005,17.559416676178
Greenland,,2004,19.3299535202481
Greenland,,2003,8.8087876465562
Greenland,,2002,21.2044105173876
Greenland,,2001,30.135966389534
Greenland,,2000,23.1281745643453
Greenland,,1999,19.59753783661
Greenland,,1998,10.6857585552854
Greenland,,1997,19.6080178967727
Greenland,,1996,5.35723852211647
Greenland,,1995,19.6993167918767
Greenland,,1994,10.762331838565
Greenland,,1993,21.5213823901289
Greenland,,1992,23.317130916722
Grenada,,2023,13.6657527694502
Grenada,,2022,6.84269499542395
Grenada,,2021,4.28494911622925
Grenada,,2020,12.0335909094816
Grenada,,2019,13.7953035613438
Grenada,,2018,10.3724576674071
Grenada,,2017,10.3951904918658
Grenada,,2016,9.55441674628681
Grenada,,2015,5.23213226830374
Grenada,,2014,7.00945838791219
Grenada,,2013,5.28694916598377
Grenada,,2012,12.4141539089067
Grenada,,2011,3.56891121441126
Grenada,,2010,8.96169770401305
Grenada,,2009,6.29190860553329
Grenada,,2008,14.427932477276
Grenada,,2007,9.95281461073185
Grenada,,2006,10.8957683559648
Grenada,,2005,10.0241947609913
Grenada,,2004,5.48834869308697
Grenada,,2003,8.26567723448808
Grenada,,2002,12.9145930288872
Grenada,,2001,5.55622436033967
Grenada,,2000,13.9598514671804
Guatemala,,2023,23.3657267272051
Guatemala,,2022,22.0474401521257
Guatemala,,2021,20.2458705569498
Guatemala,,2020,18.1882859775834
Guatemala,,2019,25.9415998284592
Guatemala,,2018,28.9035441420162
Guatemala,,2017,32.8054740415143
Guatemala,,2014,33.4975903480006
Guatemala,,2013,33.5015723155484
Guatemala,,2012,34.1624967821479
Guatemala,,2011,38.4055692334411
Guatemala,,2010,41.1031293722721
Guatemala,,2009,45.7103110094951
Guatemala,,2008,45.1519299292567
Guatemala,,2007,42.3453198203345
Guatemala,,2006,44.0248234172562
Guatemala,,2005,40.7866100416894
Guatemala,,2004,35.1905874431052
Guatemala,,2003,33.8260706875462
Guatemala,,2002,29.6482816428349
Guatemala,,2001,26.9854300399802
Guatemala,,2000,24.8256222306266
Guatemala,,1999,23.2426519734587
Guatemala,,1998,29.7150274998665
Guatemala,,1997,36.8216098457559
Guatemala,,1996,34.1946514708495
Guatemala,,1995,31.6106008380106
Guatemala,,1994,32.249015367069
Guatemala,,1993,33.0376188660244
Guatemala,,1992,28.0290411951818
Guinea-Bissau,,2017,1.11876398954435
Guinea-Bissau,,2016,3.49365287883821
Guyana,,2023,19.1201580922439
Guyana,,2022,15.94378052595
Guyana,,2021,16.0641191344505
Guyana,,2020,19.4431699054406
Guyana,,2019,16.8386645453251
Guyana,,2018,14.0230217590554
Guyana,,2017,14.9646346644701
Guyana,,2016,18.5973900789472
Guyana,,2015,19.6367594865976
Guyana,,2014,19.7552732658118
Guyana,,2013,20.6660742392051
Guyana,,2012,18.6255047478288
Guyana,,2011,17.4227001700724
Guyana,,2010,18.6851899182723
Guyana,,2009,15.5565660675394
Guyana,,2008,20.9380650710006
Guyana,,2007,15.1943455894448
Guyana,,2006,20.158992524703
Guyana,,2005,18.6617672956471
Guyana,,2004,17.1821756569231
Guyana,,2003,27.3882307923651
Guyana,,2002,18.7258070429986
Guyana,,2001,10.4646637736232
Guyana,,2000,9.93682272708255
Guyana,,1999,11.9034694035054
Guyana,,1998,14.7986047403991
Guyana,,1997,11.4136605774132
Guyana,,1996,11.5709390605975
Guyana,,1995,14.3725997593578
Guyana,,1994,14.2890880981819
Guyana,,1993,15.5385811681693
Guyana,,1992,14.0016615305016
Guyana,,1991,25.673220023507
Guyana,,1990,12.0017042420024
Haiti,,2023,41.1518089717388
Haiti,,2022,18.9766582756746
Haiti,,2021,14.1983189542019
Haiti,,2020,11.3840030566048
Haiti,,2018,6.77773609475147
Haiti,,2016,9.63317380185292
Haiti,,2015,10.1774724071475
Haiti,,2014,9.44739032712553
Haiti,,2013,10.1639909561024
Haiti,,2012,10.2584264457666
Haiti,,2011,9.21844574684968
Haiti,,2010,6.90584205676174
Haiti,,2009,6.17157780979269
Haiti,,2008,5.22517870924341
Haiti,,2007,5.18494241513337
Honduras,,2023,31.4424316507577
Honduras,,2022,34.9679353875888
Honduras,,2021,38.2025965034663
Honduras,,2020,35.7028493255269
Honduras,,2019,41.0111655865032
Honduras,,2018,37.9817721287217
Honduras,,2017,40.2998017393682
Honduras,,2016,54.7151729955654
Honduras,,2015,55.7305404552518
Honduras,,2014,64.9996731259012
Honduras,,2013,72.3455871413622
Honduras,,2012,82.2941714854712
Honduras,,2011,83.1793333078082
Honduras,,2010,74.5408954410341
Honduras,,2009,64.4696634518731
Honduras,,2008,55.6000203180321
Honduras,,2007,45.7956895764454
Honduras,,2006,40.7218024373527
Honduras,,2005,42.9506250338895
Honduras,,2004,49.8561822453764
Honduras,,2003,57.211379965735
Honduras,,2002,52.2131990441944
Honduras,,2001,51.6129566869927
Honduras,,2000,48.2838225250265
Honduras,,1999,40.0439780684616
Honduras,,1995,26.7264265382613
Honduras,,1994,30.1554471915719
Honduras,,1993,23.0954315392858
Honduras,,1992,18.1185382601554
Honduras,,1991,13.7357886112473
Honduras,,1990,9.94948286192036
Hungary,,2023,0.722657964901225
Hungary,,2022,0.970642654757226
Hungary,,2021,0.772570691377117
Hungary,,2020,0.820558561392627
Hungary,,2019,0.66527835015882
Hungary,,2018,0.879849987623273
Hungary,,2017,1.63505483999481
Hungary,,2016,2.05901168254688
Hungary,,2015,2.24611505942905
Hungary,,2014,1.48030354739537
Hungary,,2013,1.55723130947025
Hungary,,2012,1.2504256741433
Hungary,,2011,1.45777335776427
Hungary,,2010,1.38288629112252
Hungary,,2009,1.38980848439085
Hungary,,2008,1.8069900965961
Hungary,,2007,1.53476927609169
Hungary,,2006,1.7313531031967
Hungary,,2005,1.62929455718258
Hungary,,2004,2.07222219853654
Hungary,,2003,2.25542422106006
Hungary,,2002,2.00227539364808
Hungary,,2001,2.49835492180838
Hungary,,2000,2.01165790099003
Hungary,,1999,2.47558769644657
Hungary,,1998,2.8190401090393
Hungary,,1997,2.8116665482167
Hungary,,1996,2.63049716881822
Hungary,,1995,2.86744240025079
Hungary,,1994,3.02709774730736
Hungary,,1993,2.87731718173541
Hungary,,1992,2.94075846885409
Hungary,,1991,2.95813060021337
Hungary,,1990,1.93617724055442
Iceland,,2023,1.29013114183057
Iceland,,2022,1.05164773481651
Iceland,,2021,0.536705993798362
Iceland,,2020,1.36383225954273
Iceland,,2019,0.277239086829896
Iceland,,2018,0.850210001870462
Iceland,,2017,0.873282362752761
Iceland,,2016,0.297997309084299
Iceland,,2015,0.906477233068894
Iceland,,2014,0.305331857562688
Iceland,,2013,0.308751086417885
Iceland,,2012,0.311681349455571
Iceland,,2011,0.940035157314884
Iceland,,2010,0.628618485155174
Iceland,,2009,0.31386137370846
Iceland,,2007,0.641744518298543
Iceland,,2006,0.0
Iceland,,2005,1.01066419166236
Iceland,,2002,1.39078673328535
Iceland,,2001,0.350812569614369
Iceland,,2000,1.77758816837315
Iceland,,1999,0.720855800005767
Iceland,,1997,0.737505277772144
Iceland,,1996,0.37180249851279
India,,2022,2.81530423021647
India,,2021,2.92249230234054
India,,2020,2.93529734667461
India,,2019,2.94997162020176
India,,2018,3.0299149142336
India,,2017,3.07665739913599
India,,2016,3.14894003612781
India,,2015,3.341278725169
India,,2014,3.60868879736221
India,,2013,3.54043488192346
India,,2012,3.71306379435684
India,,2011,3.77728016164146
India,,2010,3.73628378136533
India,,2009,3.7391329622536
India,,2008,3.80808186808269
India,,2007,3.80976850285027
India,,2006,3.83338811896998
India,,2005,3.9054234629053
India,,2004,4.09246015023157
India,,2003,3.96945564811633
India,,2002,4.16690817646815
India,,2001,4.30652763410509
India,,2000,4.55297901231507
India,,1999,4.60217795989072
India,,1998,4.83888188255162
India,,1997,4.74591109090452
India,,1996,4.7885099027111
India,,1995,4.83036026191718
India,,1994,5.04248055851768
India,,1993,5.19965773114987
India,,1992,5.50280867727189
India,,1991,5.49524644015231
India,,1990,5.10559748651998
Indonesia,,2022,0.303768746039586
Indonesia,,2004,0.62256871069078
Indonesia,,2003,0.726511653296908
Indonesia,,2000,1.02000302761334
Indonesia,,1999,0.98119915381385
Indonesia,,1998,0.837833916521102
Iran,,2014,2.37540050451863
Iran,,2013,2.53311940143072
Iran,,2009,2.89702198565026
Iraq,,2013,9.46375217111484
Iraq,,2012,8.01370560566433
Iraq,,2011,8.18993599583675
Iraq,,2010,8.66796030041971
Iraq,,2009,8.49684774933008
Iraq,,2008,15.86412056276
Iraq,,1994,6.29102354357219
Iraq,,1993,5.82255427331476
Iraq,,1992,7.63352730434032
Iraq,,1991,6.59077667800485
Iraq,,1990,6.64345798130851
Ireland,,2023,0.654270171245596
Ireland,,2022,0.861054139659655
Ireland,,2021,0.437512696568737
Ireland,,2020,0.622164323030526
Ireland,,2019,0.648627918850972
Ireland,,2018,0.779878238431558
Ireland,,2017,0.789978006388635
Ireland,,2016,0.694224869533058
Ireland,,2015,0.574164266695474
Ireland,,2014,1.00896508411924
Ireland,,2013,1.01628510386596
Ireland,,2012,1.10866383834203
Ireland,,2011,0.917110164037163
Ireland,,2010,1.1844494941962
Ireland,,2009,1.1690096855761
Ireland,,2008,1.13687038975372
Ireland,,2007,1.77534469569112
Ireland,,2006,1.4524064559467
Ireland,,2005,1.25141867559474
Ireland,,2004,0.737814168958707
Ireland,,2003,0.926636672021959
Ireland,,2002,1.32367963592701
Ireland,,2001,1.34611068498654
Ireland,,2000,0.973022299304289
Ireland,,1999,1.01254017686146
Ireland,,1998,1.02396247339213
Ireland,,1997,1.03477596079288
Ireland,,1996,1.15431898065939
Ireland,,1995,1.19090580018207
Ireland,,1994,0.696348473945356
Ireland,,1993,0.643154791698941
Ireland,,1992,0.702558803469292
Ireland,,1991,0.650772721871057
Ireland,,1990,0.483776690956051
Israel,,2022,1.62581066709758
Israel,,2021,1.9344902218508
Israel,,2020,1.67038317453709
Israel,,2019,1.6402012873501
Israel,,2018,1.45709789694358
Israel,,2017,1.62644474784814
Israel,,2016,1.33982857867757
Israel,,2015,1.49014483400625
Israel,,2014,1.63349469475113
Israel,,2013,1.69045803541161
Israel,,2012,1.68248807914477
Israel,,2011,1.9676021588745
Israel,,2010,2.04450617338639
Israel,,2009,1.99830809914273
Israel,,2008,1.69428815224534
Israel,,2007,1.93897123931142
Israel,,2006,2.23552448582389
Israel,,2005,2.51181369892658
Israel,,2004,2.40359632431166
Israel,,2003,2.62962837661199
Israel,,2002,3.2562481805909
Israel,,2001,3.0830759577264
Israel,,2000,2.51996726333437
Israel,,1999,2.30403876974084
Israel,,1998,2.53879871643864
Israel,,1997,2.7627866103318
Israel,,1996,2.12744621084101
Israel,,1995,2.09160540706143
Israel,,1994,2.68368917933648
Israel,,1993,2.77229163328284
Israel,,1992,3.00570599999435
Israel,,1991,2.3431504012802
Israel,,1990,3.23432414396571
Italy,,2023,0.568072449338316
Italy,,2022,0.540095240763765
Italy,,2021,0.50728829294141
Italy,,2020,0.475691584209703
Italy,,2019,0.527189893600108
Italy,,2018,0.595578796289962
Italy,,2017,0.622616360456986
Italy,,2016,0.668010320924807
Italy,,2015,0.774242762514025
Italy,,2014,0.782999237037301
Italy,,2013,0.827647126909968
Italy,,2012,0.87557696185202
Italy,,2011,0.914393555930683
Italy,,2010,0.879260233986606
Italy,,2009,0.984909015398894
Italy,,2008,1.03254300197422
Italy,,2007,1.06752438557289
Italy,,2006,1.06374952167439
Italy,,2005,1.04238414237751
Italy,,2002,1.12154817534866
Italy,,2001,1.23722291409081
Italy,,2000,1.33747271243561
Italy,,1999,1.43079765038568
Italy,,1998,1.55378306019741
Italy,,1997,1.52651001019431
Italy,,1996,1.66718882215848
Italy,,1995,1.76296351100176
Italy,,1994,1.68756125246512
Italy,,1993,1.87333513571146
Italy,,1992,2.58380791474806
Italy,,1991,3.39550878435906
Italy,,1990,3.14563261130983
Jamaica,,2023,49.4403451527686
Jamaica,,2022,53.1146007388142
Jamaica,,2021,51.9438139904003
Jamaica,,2020,47.0901768054208
Jamaica,,2019,47.462677157099
Jamaica,,2018,45.7076395408315
Jamaica,,2017,58.4921283339315
Jamaica,,2016,48.1865109798695
Jamaica,,2015,43.1395301537823
Jamaica,,2014,35.9731672387176
Jamaica,,2013,43.1801420202774
Jamaica,,2012,39.7485238581317
Jamaica,,2011,41.0433859018324
Jamaica,,2010,52.6456053926273
Jamaica,,2009,61.4907955622864
Jamaica,,2008,59.3990133306575
Jamaica,,2007,58.3683288436272
Jamaica,,2006,49.611852049312
Jamaica,,2005,62.2984441577624
Jamaica,,2004,55.0477598256135
Jamaica,,2003,36.7007287070841
Jamaica,,2002,39.5747662958568
Jamaica,,2001,43.4003466693187
Jamaica,,2000,34.0130054689232
Jamaica,,1999,32.975583009466
Jamaica,,1998,33.4275583172746
Jamaica,,1997,40.740263940392
Jamaica,,1996,36.6414632817877
Jamaica,,1995,31.1981218730632
Jamaica,,1994,27.957105235675
Jamaica,,1993,26.8172514521419
Jamaica,,1992,26.0650694662971
Jamaica,,1991,23.5748022017866
Jamaica,,1990,22.858324190704
Japan,,2023,0.229153196964695
Japan,,2022,0.231204479818001
Japan,,2021,0.226767585297115
Japan,,2020,0.251772416452194
Japan,,2019,0.251776994076062
Japan,,2018,0.26317151259777
Japan,,2017,0.240822214259524
Japan,,2016,0.284680826905949
Japan,,2015,0.285207237530428
Japan,,2014,0.309836473839101
Japan,,2013,0.289687941924583
Japan,,2012,0.335344134410932
Japan,,2011,0.345052544691282
Japan,,2010,0.362756174607419
Japan,,2009,0.394718973722555
Japan,,2008,0.510315592739754
Japan,,2007,0.448130523589302
Japan,,2006,0.48360414937829
Japan,,2005,0.502684120166819
Japan,,2004,0.546880856818189
Japan,,2003,0.545933396760037
Japan,,2002,0.519278415107055
Japan,,2001,0.547696989948495
Japan,,2000,0.533741479197123
Japan,,1999,0.580434481076274
Japan,,1998,0.612410126937131
Japan,,1997,0.562305291398125
Japan,,1996,0.517561767782069
Japan,,1995,0.576099822503167
Japan,,1994,0.599424390556901
Japan,,1993,0.572733291050931
Japan,,1992,0.541067647465003
Japan,,1991,0.51578066666879
Japan,,1990,0.547813038978693
Jordan,,2023,0.987830151085125
Jordan,,2022,1.11937678075855
Jordan,,2021,1.03014940057956
Jordan,,2020,0.993996674252794
Jordan,,2019,1.14319003336944
Jordan,,2018,0.898463493612211
Jordan,,2017,1.29956090475235
Jordan,,2016,1.4790583574967
Jordan,,2015,1.77061077375796
Jordan,,2014,2.08150620974155
Jordan,,2013,2.05210109500865
Jordan,,2012,2.21427674702976
Jordan,,2011,1.89828811842751
Jordan,,2010,1.75413508224255
Jordan,,2009,1.4282206743764
Jordan,,2008,1.71677110834457
Jordan,,2007,1.64049034842404
Jordan,,1997,0.832295441101721
Jordan,,1996,0.916027550851743
Jordan,,1995,0.736517107398504
Jordan,,1994,4.318843795093
Jordan,,1993,3.79483118693465
Jordan,,1992,3.41595213306224
Jordan,,1991,3.09055886627062
Jordan,,1990,3.31317084807234
Kazakhstan,,2022,2.55058633787163
Kazakhstan,,2021,2.84649159527772
Kazakhstan,,2020,3.11054491665357
Kazakhstan,,2017,4.90565829350323
Kazakhstan,,2015,4.71683271705767
Kazakhstan,,2014,5.07400953678053
Kazakhstan,,2013,6.37940291294929
Kazakhstan,,2012,7.31533714170016
Kazakhstan,,2011,8.3206363060125
Kazakhstan,,2010,8.23790230340836
Kazakhstan,,2009,10.6559350790615
Kazakhstan,,2008,11.0005007145455
Kazakhstan,,2004,13.1922962667978
Kazakhstan,,2003,12.6433726548997
Kazakhstan,,2002,12.5633296080858
Kazakhstan,,2001,13.8678890954092
Kazakhstan,,2000,14.9989331404008
Kazakhstan,,1999,15.3598555681854
Kazakhstan,,1998,16.1748127235001
Kazakhstan,,1997,16.0877622648852
Kazakhstan,,1996,15.990470775907
Kazakhstan,,1995,14.6259510155562
Kazakhstan,,1994,14.9556100303269
Kazakhstan,,1993,14.9700533807443
Kazakhstan,,1992,10.8465974094114
Kazakhstan,,1991,8.75070896947669
Kazakhstan,,1990,8.59855027276496
Kenya,,2022,4.87166844718499
Kenya,,2021,5.25374641584713
Kenya,,2020,3.56012051055805
Kenya,,2019,3.07795502113628
Kenya,,2018,3.12505555114881
Kenya,,2017,5.01242276948533
Kenya,,2016,4.90863183219284
Kenya,,2015,4.8015943416874
Kenya,,2014,5.00527231064574
Kenya,,2012,5.40918613326198
Kenya,,2011,5.31122951314829
Kenya,,2010,4.62996723697198
Kenya,,2009,4.72044629980071
Kenya,,2008,3.09944678223884
Kenya,,2007,2.8963347284418
Kenya,,2006,2.99685605964534
Kenya,,2005,3.02711294215376
Kenya,,2004,3.45600857857553
Kiribati,,2012,7.12479070927292
Kiribati,,2011,9.94148082875799
Kiribati,,2010,3.67971739770386
Kiribati,,2009,0.939258173894258
Kiribati,,2008,6.71640000959486
Kiribati,,2001,4.42798709241763
Kiribati,,2000,3.38550776974033
Kiribati,,1996,1.21032406426821
South Korea,,2023,0.477306316584835
South Korea,,2022,0.49630655708926
South Korea,,2021,0.472531479878428
South Korea,,2020,0.593924062354197
South Korea,,2019,0.573715197653771
South Korea,,2018,0.59836299503258
South Korea,,2017,0.584621875068617
South Korea,,2016,0.693986349015599
South Korea,,2015,0.73552614730237
South Korea,,2014,0.745957747469183
South Korea,,2013,0.702999427944201
South Korea,,2012,0.877023564282435
South Korea,,2011,0.820312091704541
South Korea,,2010,0.993727389936438
South Korea,,2009,1.09643755353408
South Korea,,2008,0.888451063800414
South Korea,,2007,0.893348650348504
South Korea,,2006,0.865877155391301
South Korea,,2005,0.858964633866176
South Korea,,2004,0.880428906223651
South Korea,,2003,0.81369986339581
South Korea,,2002,0.783818725484695
South Korea,,2001,0.865486201280152
South Korea,,2000,0.791086129840636
South Korea,,1999,0.827274200757047
South Korea,,1998,0.817013515783673
South Korea,,1997,0.603759904845466
South Korea,,1996,0.539859337441754
South Korea,,1995,0.502942515384837
South Korea,,1994,0.495289536990376
South Korea,,1993,0.682661899987434
South Korea,,1992,0.53701944266852
South Korea,,1991,0.487307198226096
South Korea,,1990,0.471927627916195
Kosovo,,2021,1.89497747704421
Kosovo,,2020,2.11257513202167
Kosovo,,2019,1.36748864129747
Kosovo,,2018,2.48905241208978
Kosovo,,2017,2.71474940317931
Kosovo,,2016,2.15692969005204
Kosovo,,2015,2.36085035581387
Kosovo,,2014,3.04038656027525
Kosovo,,2013,2.25625933114568
Kosovo,,2012,4.98192116165116
Kosovo,,2011,3.45991989727386
Kosovo,,2010,5.92595077267969
Kosovo,,2009,4.06757410716052
Kosovo,,2008,6.27478679607165
Kuwait,,2020,0.249991818449578
Kuwait,,2019,0.360182418888326
Kuwait,,2018,0.855810403300653
Kuwait,,2017,1.10718395103166
Kuwait,,2012,1.8279755171148
Kuwait,,2011,1.88329056827335
Kuwait,,2010,2.03847866298902
Kuwait,,2009,1.75282705964334
Kuwait,,2008,1.43319401807446
Kuwait,,2007,2.35257855568823
Kuwait,,2006,1.90296284972493
Kuwait,,2005,1.83298551315547
Kuwait,,2004,1.99321334034512
Kuwait,,2003,1.37448510129244
Kuwait,,2002,1.11651921735886
Kuwait,,2001,1.94211356235168
Kuwait,,1996,0.924723731560792
Kyrgyzstan,,2020,1.74734308054439
Kyrgyzstan,,2019,2.19768195988342
Kyrgyzstan,,2018,2.91877015081634
Kyrgyzstan,,2017,3.26347187848511
Kyrgyzstan,,2016,2.99621670022045
Kyrgyzstan,,2015,5.1182002192939
Kyrgyzstan,,2014,5.47521345205193
Kyrgyzstan,,2013,5.25185158302322
Kyrgyzstan,,2012,6.75966182479206
Kyrgyzstan,,2011,8.46332327339597
Kyrgyzstan,,2010,16.7641099769876
Kyrgyzstan,,2009,7.85422557335847
Kyrgyzstan,,2008,7.93534652630682
Kyrgyzstan,,2007,8.02409698047058
Kyrgyzstan,,2006,8.70349363308218
Kyrgyzstan,,2005,9.67422872162259
Kyrgyzstan,,2004,8.31515014402673
Kyrgyzstan,,2003,8.37731757493411
Kyrgyzstan,,2002,8.23403408769907
Kyrgyzstan,,2001,7.7778062113238
Kyrgyzstan,,2000,8.73857279190491
Kyrgyzstan,,1999,8.90741045121074
Kyrgyzstan,,1998,8.87863470413882
Kyrgyzstan,,1997,9.32920864722012
Kyrgyzstan,,1996,11.2109487983656
Kyrgyzstan,,1995,11.7167926386129
Kyrgyzstan,,1994,12.0828324637825
Kyrgyzstan,,1993,12.2216562396016
Kyrgyzstan,,1992,10.5069561437854
Kyrgyzstan,,1991,8.28124183330403
Kyrgyzstan,,1990,13.7895233924514
Latvia,,2023,2.49681788529087
Latvia,,2022,3.56181584561495
Latvia,,2021,3.02293132059141
Latvia,,2020,3.68203328189884
Latvia,,2019,3.39556267869149
Latvia,,2018,4.35777769938389
Latvia,,2017,4.16968239374774
Latvia,,2016,3.52065424981236
Latvia,,2015,3.38748763187818
Latvia,,2014,3.20938906771761
Latvia,,2013,2.48384260386188
Latvia,,2012,3.44042305407829
Latvia,,2002,9.25865435409853
Latvia,,2001,9.36577455169373
Latvia,,2000,10.0493494840736
Latvia,,1999,9.57829566567482
Latvia,,1998,10.3725444556883
Latvia,,1997,11.178552303501
Latvia,,1996,10.9035925099643
Latvia,,1995,11.5851129689306
Latvia,,1994,13.8027675738879
Latvia,,1993,15.0946634319102
Latvia,,1992,9.90505488605076
Lebanon,,2020,2.24466989542556
Lebanon,,2019,3.14085853124481
Lebanon,,2018,2.87427415177788
Lebanon,,2017,3.99342351327765
Lebanon,,2016,3.7165552530385
Lebanon,,2015,3.56896263234324
Lebanon,,2014,3.78131966638362
Lebanon,,2013,4.10903820386976
Lebanon,,2012,3.70530098694703
Lebanon,,2011,3.29669003490076
Lebanon,,2010,3.2333006961713
Lebanon,,2009,2.90448074244136
Lebanon,,2008,3.71546935666648
Lesotho,,2008,38.2397413122181
Lesotho,,2007,45.820633466418
Lesotho,,1994,43.2119611538476
Lesotho,,1993,34.9670021921418
Lesotho,,1992,34.1647740360529
Lesotho,,1991,29.7984371832389
Lesotho,,1990,28.6788499283858
Liberia,,2012,3.08709483452429
Liberia,,2011,3.81410073040029
Liberia,,2010,3.17820882063815
Liberia,,2009,3.67737734519985
Liberia,,2008,4.63229096754295
Liberia,,2007,2.72550152294211
Liechtenstein,,2021,5.12242598094458
Liechtenstein,,2020,2.57951350375319
Liechtenstein,,2019,2.60145681581686
Liechtenstein,,2018,2.62271004629083
Liechtenstein,,2017,2.64197302545541
Liechtenstein,,2014,2.69088462832156
Liechtenstein,,2010,2.77789352334125
Liechtenstein,,2009,0.0
Liechtenstein,,2008,2.82139179257128
Liechtenstein,,2007,0.0
Liechtenstein,,2004,2.90794887825872
Liechtenstein,,1999,3.05558101873071
Lithuania,,2023,2.62779952622526
Lithuania,,2022,2.37848472418186
Lithuania,,2021,2.57650105788629
Lithuania,,2020,3.6126075712028
Lithuania,,2019,3.36307869103253
Lithuania,,2018,3.28280899974951
Lithuania,,2017,3.53442753319048
Lithuania,,2016,5.33266506558917
Lithuania,,2015,5.91926942449559
Lithuania,,2014,5.42076007920446
Lithuania,,2013,6.69289628495243
Lithuania,,2012,6.75962941837572
Lithuania,,2011,6.96681994220841
Lithuania,,2010,7.06971693208504
Lithuania,,2009,7.96648008664495
Lithuania,,2008,9.31692408317012
Lithuania,,2007,8.57220488869441
Lithuania,,2006,8.80785660809442
Lithuania,,2005,11.1971869776715
Lithuania,,2004,10.1578494263184
Lithuania,,2002,8.50742461528947
Lithuania,,2001,10.1641115299608
Lithuania,,2000,10.5702145067909
Lithuania,,1999,8.77117909768411
Lithuania,,1998,8.76606871836834
Lithuania,,1997,10.9419324796014
Lithuania,,1996,11.250901634756
Lithuania,,1995,13.8404946405304
Lithuania,,1994,12.7226776393605
Lithuania,,1993,11.3037442430044
Lithuania,,1992,7.19396345331341
Lithuania,,1991,5.78158443781183
Lithuania,,1990,4.87143142276244
Luxembourg,,2022,1.5306610542428
Luxembourg,,2021,0.624732536382861
Luxembourg,,2020,0.475739656230524
Luxembourg,,2019,0.644991719918795
Luxembourg,,2018,0.493339099919257
Luxembourg,,2017,0.335291716366678
Luxembourg,,2016,0.856889217934349
Luxembourg,,2015,0.877907630070794
Luxembourg,,2014,0.719063635334068
Luxembourg,,2013,0.18404224873862
Luxembourg,,2011,0.771331163321661
Luxembourg,,2010,1.97079284996354
Luxembourg,,2009,1.00364020301634
Luxembourg,,2008,1.63602360373054
Luxembourg,,2007,1.45751348199971
Luxembourg,,2006,1.48033480943861
Luxembourg,,2005,0.859543131337116
Luxembourg,,2004,0.436399659171866
Luxembourg,,2003,0.6639547802531
Luxembourg,,2002,1.34412064826939
Luxembourg,,2001,2.03734452514592
Luxembourg,,2000,0.917152470866079
Luxembourg,,1999,1.39568315201083
Luxembourg,,1998,0.943052590506525
Luxembourg,,1997,0.954725713269613
Luxembourg,,1996,0.966705455723078
Luxembourg,,1995,0.489923498445718
Luxembourg,,1994,1.49034998385454
Malawi,,2012,1.77598671180007
Malawi,,2011,2.24696688131315
Malawi,,2010,3.50724242187769
Malawi,,2009,2.22287241240285
Malawi,,2008,5.58082927903377
Malawi,,2007,5.08237011984744
Malawi,,2006,6.2203093403021
Malawi,,2005,1.55762857746883
Malawi,,2004,3.28780615094934
Malawi,,2003,2.46273593215458
Malawi,,2002,4.77255051159721
Malawi,,2001,7.76326626834498
Malawi,,2000,6.18596313059929
Malaysia,,2023,0.734492430713877
Malaysia,,2022,0.691732496782795
Malaysia,,2021,0.708818550137325
Malaysia,,2020,0.746542626101193
Malaysia,,2019,0.9270169844912
Malaysia,,2018,0.981435762735261
Malaysia,,2017,1.1713566700858
Malaysia,,2016,1.4344275283881
Malaysia,,2015,1.59447772809976
Malaysia,,2014,1.66144687296396
Malaysia,,2013,2.07792968739967
Malaysia,,2012,2.02947587841498
Malaysia,,2011,1.81743121597224
Malaysia,,2010,1.88443680805509
Malaysia,,2009,1.99468244682113
Malaysia,,2008,2.16539253688213
Malaysia,,2007,2.41495895208709
Malaysia,,2006,2.22576283384124
Malaysia,,2005,2.33781672263912
Malaysia,,2004,1.96778903559431
Malaysia,,2003,2.28933999827064
Malaysia,,2002,2.34415745618505
Malaysia,,2001,2.19751834720607
Malaysia,,2000,2.39900911780206
Malaysia,,1999,2.62084286351063
Malaysia,,1998,2.87126605600909
Malaysia,,1997,2.52628996517626
Malaysia,,1996,2.14387594641691
Malaysia,,1995,1.9478029631051
Malaysia,,1994,1.69521916913474
Malaysia,,1993,1.86309708994844
Malaysia,,1992,1.94323497387583
Malaysia,,1991,2.09350287108381
Malaysia,,1990,1.75515616375798
Maldives,,2019,0.615093155858455
Maldives,,2015,0.934243286294184
Maldives,,2013,0.749867835793941
Maldives,,2012,2.58519510467455
Maldives,,2011,0.802838838131633
Maldives,,2010,1.66300804895896
Maldives,,2009,1.72277654152609
Maldives,,2008,1.48734271350805
Maldives,,2007,0.924559062373836
Maldives,,2002,2.74333369911116
Maldives,,2001,2.44100185690498
Maldives,,1997,2.24125211284704
Maldives,,1995,0.779274417589782
Maldives,,1990,0.444915065713955
Malta,,2023,0.562898250512237
Malta,,2022,1.51460075124197
Malta,,2021,0.38140534520521
Malta,,2020,1.35081285163347
Malta,,2019,0.992032983112623
Malta,,2018,1.65099085247881
Malta,,2017,1.92347764758684
Malta,,2016,1.09825180278033
Malta,,2015,0.898915795186531
Malta,,2014,1.3809468462051
Malta,,2013,1.63378670914512
Malta,,2012,2.81287028800276
Malta,,2011,0.70649991698626
Malta,,2010,0.946408439124052
Malta,,2009,0.950582766647378
Malta,,2008,1.43208686084173
Malta,,2007,0.958780814316515
Malta,,2006,0.0
Malta,,2005,0.967774324705222
Malta,,2004,1.70400258034676
Malta,,2002,1.47941942650306
Malta,,2001,1.48963031099757
Malta,,2000,1.00026256892434
Malta,,1999,2.51959933331402
Malta,,1998,1.26976226241161
Malta,,1994,0.786464422971053
Malta,,1993,1.85078936166275
Malta,,1992,1.60087728074985
Malta,,1991,0.807903450151684
Malta,,1990,1.08722832882134
Marshall Islands,,1994,4.19186150089601
Marshall Islands,,1992,4.31150633252493
Marshall Islands,,1991,10.9727327590937
Mauritania,,2020,0.999971522550119
Mauritania,,2019,1.07437639165317
Mauritania,,2018,1.22184990380814
Mauritius,,2022,2.27249663925174
Mauritius,,2021,2.65703154091809
Mauritius,,2020,2.72750722204948
Mauritius,,2019,2.09909272547754
Mauritius,,2018,2.87081302588736
Mauritius,,2017,2.55684129376169
Mauritius,,2016,1.62563423926317
Mauritius,,2015,1.62504048091912
Mauritius,,2014,1.47058311329411
Mauritius,,2013,2.71111133488538
Mauritius,,2012,2.17194008548136
Mauritius,,2011,2.48781940296999
Mauritius,,2010,2.57267916079206
Mauritius,,2009,2.97113619375561
Mauritius,,2000,2.13705334044041
Mauritius,,1999,1.90730260558267
Mauritius,,1998,2.59391325703045
Mauritius,,1997,2.02651611903587
Mauritius,,1996,2.90007616964763
Mauritius,,1995,2.15550595975843
Mauritius,,1994,2.35489486702694
Mauritius,,1993,1.85447903047836
Mauritius,,1992,2.77362727817692
Mauritius,,1991,2.6290953826739
Mauritius,,1990,1.83650766030301
Mexico,,2023,24.8589948436701
Mexico,,2022,25.8814968854168
Mexico,,2021,27.9675034061893
Mexico,,2020,29.0010048931398
Mexico,,2019,29.150867187807
Mexico,,2018,29.4484283285099
Mexico,,2017,25.9959360229634
Mexico,,2016,20.0889396309777
Mexico,,2015,17.1484302942078
Mexico,,2014,16.7050327254596
Mexico,,2013,19.4881727966757
Mexico,,2012,22.2285552341782
Mexico,,2011,23.6134785680132
Mexico,,2010,22.6686472946558
Mexico,,2009,17.6812940453664
Mexico,,2008,12.6895495806052
Mexico,,2007,8.15173722925145
Mexico,,2006,9.74512148491559
Mexico,,2005,9.37610715749773
Mexico,,2004,8.93632612354424
Mexico,,2003,9.79524704840011
Mexico,,2002,9.93415725652767
Mexico,,2001,10.2748177070264
Mexico,,2000,10.8866310831903
Mexico,,1999,12.6127898786382
Mexico,,1998,14.2882186700123
Mexico,,1997,14.4137694382077
Mexico,,1996,15.6891033012258
Mexico,,1995,17.182014381969
Mexico,,1994,17.7449486456044
Mexico,,1993,18.2992621284592
Mexico,,1992,19.2853005228938
Mexico,,1991,17.9176802336618
Mexico,,1990,17.4993603611294
Micronesia,,2019,0.906766290056401
Moldova,,2023,2.54314378217647
Moldova,,2022,2.46711784221268
Moldova,,2021,2.18269955950808
Moldova,,2020,3.03017368760082
Moldova,,2019,3.88747276359475
Moldova,,2018,5.26353672252251
Moldova,,2017,4.41522186881311
Moldova,,2016,6.17704523511996
Moldova,,2015,5.74963619861434
Moldova,,2014,4.81645276331263
Moldova,,2013,6.71802976908606
Moldova,,2012,6.57549697046181
Moldova,,2011,6.07207895051986
Moldova,,2010,7.29627258213572
Moldova,,2009,6.63750839806703
Moldova,,2008,6.2442055888815
Moldova,,2007,5.6343213777967
Moldova,,2006,6.68142956581036
Moldova,,2005,7.42102283004968
Moldova,,2004,6.84513524022656
Moldova,,2003,7.78918984978218
Moldova,,2002,9.67914129361844
Moldova,,2001,9.80960768729548
Moldova,,2000,10.2244020112084
Moldova,,1999,9.13932456184126
Moldova,,1998,8.68313939252062
Moldova,,1997,9.50514035235142
Moldova,,1996,9.11648601399996
Moldova,,1995,9.10695025679561
Moldova,,1994,9.04282284005073
Moldova,,1993,8.70007307386958
Moldova,,1992,11.1991117914865
Moldova,,1991,6.50719038928369
Moldova,,1990,6.51517316431626
Monaco,,2001,3.08194902456313
Mongolia,,2023,5.91503475082916
Mongolia,,2022,5.96571485950299
Mongolia,,2021,6.16826672303943
Mongolia,,2020,6.2295157189674
Mongolia,,2019,6.34259904548525
Mongolia,,2018,6.18744290031966
Mongolia,,2017,6.15262900871161
Mongolia,,2016,6.05101532090771
Mongolia,,2015,7.18959068215609
Mongolia,,2014,7.31195279430739
Mongolia,,2013,7.29343322765452
Mongolia,,2012,7.11868784339173
Mongolia,,2011,9.68970892806502
Mongolia,,2010,8.84617719300064
Mongolia,,2009,8.2166309111906
Mongolia,,2008,8.04729990312873
Mongolia,,2007,11.3114993277327
Mongolia,,2006,12.9992952911794
Mongolia,,2005,15.5258847316187
Mongolia,,2004,13.0958385318503
Mongolia,,2003,13.6013688607961
Montenegro,,2023,0.789201202111271
Montenegro,,2022,2.60311804733607
Montenegro,,2021,2.48405855422824
Montenegro,,2020,2.96084285326556
Montenegro,,2019,3.76021900823406
Montenegro,,2018,2.2734838704439
Montenegro,,2017,2.41891202175086
Montenegro,,2016,4.48539323682796
Montenegro,,2015,2.70638148835062
Montenegro,,2014,3.16768705786018
Montenegro,,2013,1.57927361310165
Montenegro,,2012,2.68333491176563
Montenegro,,2011,3.31917415785834
Montenegro,,2010,2.37308541446332
Montenegro,,2009,3.32048621405277
Montenegro,,2008,3.79240081884254
Montenegro,,2007,1.89460172708736
Montenegro,,2002,4.26024411198762
Morocco,,2023,1.70500474577332
Morocco,,2022,1.65554646642091
Morocco,,2021,1.93752077304373
Morocco,,2020,2.93295948896857
Morocco,,2019,2.77264595868349
Morocco,,2018,1.42300060045045
Morocco,,2017,2.14690397826667
Morocco,,2016,1.69600616957935
Morocco,,2015,1.24539159959094
Morocco,,2014,1.03786663735302
Morocco,,2013,1.26969766486025
Morocco,,2012,1.14824532150367
Morocco,,2011,1.33991288287498
Morocco,,2010,1.38910211811739
Morocco,,2009,1.34870280078742
Morocco,,2008,1.34781265903932
Morocco,,2007,1.65777028677951
Morocco,,2006,1.61839760600646
Morocco,,2005,1.54489022780839
Morocco,,2004,1.56912399329637
Morocco,,2003,1.7246384434996
Morocco,,2002,1.58229248940382
Morocco,,2001,1.88445856997879
Morocco,,2000,1.62190105414949
Morocco,,1999,1.92670118661066
Morocco,,1998,2.01291392895891
Morocco,,1997,2.68985755036216
Morocco,,1994,0.707669920826543
Morocco,,1993,0.577795791819552
Morocco,,1992,0.523550480588602
Morocco,,1991,0.500019879822641
Morocco,,1990,0.36511995154489
Mozambique,,2011,3.58999788532633
Mozambique,,2010,3.80447436621262
Mozambique,,2009,3.67546173099644
Mozambique,,2008,4.56023813334375
Mozambique,,2007,3.98823072642875
Mozambique,,2006,4.30074700463675
Mozambique,,2005,5.3633248753027
Mozambique,,2004,5.69547466312653
Mozambique,,2003,5.38353149868699
Mozambique,,2002,5.48571293538495
Mozambique,,2001,5.93384443153743
Myanmar,,2023,2.57510107248619
Myanmar,,2022,3.90276297667527
Myanmar,,2021,28.6567343550508
Myanmar,,2020,2.96322722719558
Myanmar,,2019,2.8855992129134
Myanmar,,2018,2.77776467862348
Myanmar,,2017,2.68234254369858
Myanmar,,2016,2.60021730748139
Myanmar,,2015,2.54849103640211
Myanmar,,2014,2.42691467314289
Myanmar,,2013,2.46306117021369
Myanmar,,2012,2.88136755643538
Myanmar,,2011,2.13477102911342
Myanmar,,2010,1.63388087176703
Myanmar,,2009,1.80639479787891
Myanmar,,2008,1.63460845088229
Myanmar,,2007,1.55636224574386
Myanmar,,2006,1.62602866324403
Myanmar,,2005,1.42500695375989
Myanmar,,2004,1.57854127171045
Myanmar,,2003,1.63712444533972
Myanmar,,2002,1.76066037136134
Myanmar,,2001,2.00126112222443
Myanmar,,2000,2.29847796378963
Myanmar,,1995,3.7859106268082
Myanmar,,1990,5.13847622053973
Namibia,,2021,11.2077806904171
Namibia,,2020,11.1039385450139
Namibia,,2019,12.0354899812092
Namibia,,2018,18.4687504668112
Namibia,,2012,17.6793243946426
Namibia,,2011,14.350110071867
Namibia,,2010,14.8828532230738
Namibia,,2009,18.6772510841109
Namibia,,2008,17.2931273008652
Namibia,,2004,18.1248783522014
Namibia,,2002,18.3071640536188
Namibia,,2001,19.008663211721
Namibia,,2000,20.8946541027478
Namibia,,1999,21.3356691856642
Namibia,,1998,23.4887486297028
Namibia,,1997,19.3575484227298
Namibia,,1996,21.4445810971181
Namibia,,1995,23.2809179797032
Nepal,,2020,2.13004129984372
Nepal,,2019,1.95325811107588
Nepal,,2018,2.34689208986609
Nepal,,2017,2.24909570287775
Nepal,,2016,2.20708210796159
Nepal,,2015,2.1492523495048
Nepal,,2014,2.01645182571012
Nepal,,2013,2.19644830684281
Nepal,,2012,2.33158518920432
Nepal,,2011,2.47228294102196
Nepal,,2010,2.97345260913609
Nepal,,2009,2.96617589765324
Nepal,,2008,3.30492322037202
Nepal,,2007,3.13940777256144
Nepal,,2006,2.29621777735944
Nepal,,2005,3.33720291767318
Nepal,,2004,3.5976952610666
Nepal,,2003,2.94681426508019
Nepal,,2002,3.38742407363328
Nepal,,2001,3.39924065453341
Nepal,,2000,2.58692590461642
Nepal,,1999,2.61137742324944
Nepal,,1998,2.74489105041786
Nepal,,1997,2.47637084622437
Nepal,,1990,1.81309983065955
Netherlands,,2023,0.690893081283378
Netherlands,,2022,0.798685419651381
Netherlands,,2021,0.710637312796065
Netherlands,,2020,0.686068183497271
Netherlands,,2019,0.712758090417298
Netherlands,,2018,0.574010651743461
Netherlands,,2017,0.762328497745067
Netherlands,,2016,0.546362553519554
Netherlands,,2015,0.607922883579319
Netherlands,,2014,0.722251091061564
Netherlands,,2013,0.736721493873159
Netherlands,,2012,0.857217506852641
Netherlands,,2011,0.848611455055905
Netherlands,,2010,0.858612976325238
Netherlands,,2009,0.923031739705049
Netherlands,,2008,0.903763742179582
Netherlands,,2007,0.86502275645006
Netherlands,,2006,0.776046758999861
Netherlands,,2005,1.05674155563289
Netherlands,,2004,1.16282145658851
Netherlands,,2003,1.23419738555447
Netherlands,,2002,1.19719664433762
Netherlands,,2001,1.24824619864232
Netherlands,,2000,1.12088359004318
Netherlands,,1999,1.27351102095183
Netherlands,,1998,1.11201623897532
Netherlands,,1997,1.32285042212284
Netherlands,,1996,1.34910253032172
Netherlands,,1995,1.23995886291917
Netherlands,,1994,1.10426245955154
Netherlands,,1993,1.2475860509483
Netherlands,,1992,1.26335482236609
Netherlands,,1991,1.16792443990765
Netherlands,,1990,0.898151125968822
New Zealand,,2022,1.46149415952832
New Zealand,,2021,1.15511953382508
New Zealand,,2020,1.02566226716727
New Zealand,,2019,2.28484272415384
New Zealand,,2018,1.12225498980074
New Zealand,,2017,0.727234722175039
New Zealand,,2016,1.06049711862933
New Zealand,,2015,1.04030555507995
New Zealand,,2014,0.950700013685658
New Zealand,,2013,1.03281407483097
New Zealand,,2012,0.929351914175937
New Zealand,,2011,0.889862312060794
New Zealand,,2010,0.98901264452666
New Zealand,,2009,1.55658150539553
New Zealand,,2008,1.19667072126864
New Zealand,,2007,1.13656126994621
New Zealand,,2006,1.17170499815875
New Zealand,,2005,1.47520928927198
New Zealand,,2004,1.10188506824525
New Zealand,,2003,1.09382358838026
New Zealand,,2002,1.51855734015571
New Zealand,,2001,1.31046023491927
New Zealand,,2000,1.34799747198628
New Zealand,,1999,1.17323323133591
New Zealand,,1998,1.28562661572437
New Zealand,,1997,1.5885833807702
New Zealand,,1996,1.28707772622167
New Zealand,,1995,1.06138954670094
New Zealand,,1994,1.5700179473573
New Zealand,,1993,1.15904912114103
New Zealand,,1992,1.88539284533879
New Zealand,,1991,1.53988385975946
New Zealand,,1990,1.86483565610858
Nicaragua,,2021,11.3473196321723
Nicaragua,,2019,7.94304819024202
Nicaragua,,2018,10.65611679854
Nicaragua,,2017,6.82368909372622
Nicaragua,,2016,7.26815838263741
Nicaragua,,2015,8.52113297894743
Nicaragua,,2014,8.6540960289815
Nicaragua,,2013,9.92672854383165
Nicaragua,,2012,11.4042929452756
Nicaragua,,2011,12.682480356333
Nicaragua,,2010,13.682036444762
Nicaragua,,2009,14.1781256977468
Nicaragua,,2008,13.1980225202019
Nicaragua,,2007,12.9883276955078
Nicaragua,,2006,13.3238467052683
Nicaragua,,2005,13.6463048137106
Nicaragua,,2004,12.2512960818705
Nicaragua,,2003,12.185846245133
Nicaragua,,2002,10.7574705924444
Nicaragua,,2001,10.5546083051206
Nicaragua,,2000,9.47710001137849
Nicaragua,,1999,11.3241413333581
Nicaragua,,1998,13.0844610149098
Nicaragua,,1997,14.1176773904877
Nicaragua,,1996,13.9958486029733
Nicaragua,,1995,15.2274500741019
Nicaragua,,1994,15.9364599055704
Nicaragua,,1993,17.1092468069475
Nicaragua,,1992,18.9578854934536
Nicaragua,,1991,17.1845629099381
Nicaragua,,1990,16.1439153174766
Niger,,2012,4.41784034939735
Niger,,2011,4.83806653628145
Nigeria,,2023,15.7466808233499
Nigeria,,2019,21.099298161443
Nigeria,,2016,32.4390092901434
North Macedonia,,2023,1.52854990019388
North Macedonia,,2022,0.978137007650662
North Macedonia,,2021,0.756303996391349
North Macedonia,,2020,0.587601972312729
North Macedonia,,2019,1.21203114814657
North Macedonia,,2018,1.30226748209447
North Macedonia,,2017,1.59721486945216
North Macedonia,,2016,0.968765224591646
North Macedonia,,2015,1.26239291120934
North Macedonia,,2014,1.75189774323035
North Macedonia,,2013,1.09274417865374
North Macedonia,,2012,1.43048214400664
North Macedonia,,2011,1.47026715489338
North Macedonia,,2010,2.09602218858838
North Macedonia,,2009,1.69853564389181
North Macedonia,,2008,1.69014030096087
North Macedonia,,2007,2.01731819640226
North Macedonia,,2006,2.20176495393285
North Macedonia,,2004,2.34833978367957
North Macedonia,,2003,3.36310320258709
North Macedonia,,2002,2.8922855032866
North Macedonia,,2001,2.66176128260113
North Macedonia,,2000,2.28460045619096
North Macedonia,,1999,1.85538993216597
North Macedonia,,1998,2.35574959952257
Norway,,2023,0.724747049690651
Norway,,2022,0.549772609467286
Norway,,2021,0.536233629966067
Norway,,2020,0.576285998471727
Norway,,2019,0.523586594350632
Norway,,2018,0.470654459145075
Norway,,2017,0.530624369587454
Norway,,2016,0.515662484007301
Norway,,2015,0.462448150409719
Norway,,2014,0.564488422634429
Norway,,2013,0.905489619398107
Norway,,2012,0.538013921608383
Norway,,2011,2.24108049961155
Norway,,2010,0.593148682739496
Norway,,2009,0.600585363631139
Norway,,2008,0.713072143396291
Norway,,2007,0.63707658297604
Norway,,2006,0.708079443938776
Norway,,2005,0.713803047463144
Norway,,2004,0.78401608975242
Norway,,2002,1.01365927914722
Norway,,2001,0.819734419341124
Norway,,2000,1.06883592856346
Norway,,1999,0.739613970814833
Norway,,1998,0.857533647476493
Norway,,1997,0.862658716434205
Norway,,1996,0.981480938327732
Norway,,1995,0.963525401798696
Norway,,1994,0.760988150030889
Norway,,1993,0.881289800091005
Norway,,1992,1.07319655443247
Norway,,1991,1.17326206157397
Norway,,1990,1.10811435598692
Oman,,2023,0.138633928990513
Oman,,2022,0.253687667354583
Oman,,2021,0.24442141451561
Oman,,2020,0.30956353421169
Oman,,2019,0.500953881532248
Oman,,2018,0.282739155186279
Oman,,2017,0.374664193442209
Oman,,2016,0.364391855614282
Oman,,2015,0.38232739411622
Oman,,2014,0.29981718647055
Oman,,2013,2.53005219471595
Oman,,2012,1.09948801917507
Oman,,2011,1.10505749061595
Oman,,2010,1.74074125114327
Oman,,2009,1.3782011048703
Oman,,2008,1.78943388784209
Oman,,2007,1.43959124946404
Oman,,2006,4.81152539272585
Oman,,2005,2.15464496735916
Oman,,2004,1.74649173472787
Oman,,2003,1.48066954184488
Oman,,2002,1.19804521807739
Pakistan,,2023,4.33487075793336
Pakistan,,2022,4.07754321000689
Pakistan,,2021,3.78657227562101
Pakistan,,2020,3.55316509010108
Pakistan,,2019,3.47225684652177
Pakistan,,2018,3.63153404981254
Pakistan,,2017,3.68829384464626
Pakistan,,2016,3.86846723526245
Pakistan,,2015,4.36557663665432
Pakistan,,2014,6.19607584212452
Pakistan,,2013,6.60289823456376
Pakistan,,2012,6.66740103101875
Pakistan,,2011,6.80258538196207
Pakistan,,2010,6.62018826058729
Pakistan,,2009,6.42618722690055
Pakistan,,2008,6.36361817693574
Pakistan,,2007,5.72161914634586
Pakistan,,2006,5.5920801274736
Pakistan,,2005,5.5752755168276
Pakistan,,2004,5.61283467417069
Pakistan,,2003,5.59271505599106
Pakistan,,2002,5.79944378334808
Pakistan,,2001,6.02307111869464
Pakistan,,2000,5.75029069524098
Pakistan,,1999,6.19797206100045
Pakistan,,1998,6.99278957469395
Pakistan,,1997,6.52766592359976
Pakistan,,1996,6.54026430686155
Pakistan,,1990,7.06724574289916
Palau,,2018,11.2268096213758
Palau,,2015,16.8828610821914
Panama,,2023,11.7072934419645
Panama,,2022,11.3389170493456
Panama,,2021,12.6570480772218
Panama,,2020,11.6461589453797
Panama,,2019,11.3349220328569
Panama,,2018,9.62124332136356
Panama,,2017,9.22242063167726
Panama,,2016,10.0519063068018
Panama,,2015,11.8938357734005
Panama,,2014,15.5186126360303
Panama,,2013,17.3318403029072
Panama,,2012,16.9448445310514
Panama,,2011,14.8639320731842
Panama,,2010,12.677292626363
Panama,,2009,15.7671135605313
Panama,,2008,14.0831048875658
Panama,,2007,8.11638724767199
Panama,,2006,6.54810061378814
Panama,,2005,10.9869362611305
Panama,,2004,9.47355777770635
Panama,,2003,10.5649025160456
Panama,,2002,12.0152977748691
Panama,,2001,9.9689317914936
Panama,,2000,9.93233884821742
Panama,,1999,9.65505372613931
Panama,,1998,9.71003284824635
Panama,,1997,11.1044699721912
Panama,,1996,8.92013493862192
Panama,,1995,13.8371118680945
Panama,,1994,12.0994379005715
Panama,,1993,11.7777590404338
Panama,,1992,12.1421032113911
Panama,,1991,11.7212472124661
Panama,,1990,11.3211404379327
Papua New Guinea,,2010,9.34037927179888
Papua New Guinea,,2009,9.41073158244219
Papua New Guinea,,2008,8.39481935232785
Papua New Guinea,,2007,7.46767591349243
Papua New Guinea,,2006,9.04009057874364
Papua New Guinea,,2005,9.22596029165051
Papua New Guinea,,2003,9.94448560311182
Papua New Guinea,,2002,7.93382380682253
Papua New Guinea,,2001,7.6111531673875
Papua New Guinea,,2000,8.39795317499971
Papua New Guinea,,1999,8.41226452085377
Papua New Guinea,,1998,9.71665028352973
Paraguay,,2023,6.7795163925492
Paraguay,,2022,7.57344466296988
Paraguay,,2021,7.85436422886151
Paraguay,,2020,7.28375188027935
Paraguay,,2019,8.50337786708883
Paraguay,,2018,7.73254240471022
Paraguay,,2017,8.53492626715061
Paraguay,,2016,10.7054970567084
Paraguay,,2015,10.0176925113933
Paraguay,,2014,9.52253702792393
Paraguay,,2013,10.0962064841382
Paraguay,,2012,11.0055811353826
Paraguay,,2011,11.2990930113132
Paraguay,,2010,12.9139714270104
Paraguay,,2009,14.4765607993953
Paraguay,,2008,14.8390325698951
Paraguay,,2007,14.0842878975945
Paraguay,,2006,13.4782946324326
Paraguay,,2005,16.2809142348236
Paraguay,,2004,22.4380260884275
Paraguay,,2003,24.1249473264161
Paraguay,,2002,26.0770664744718
Paraguay,,2001,25.3291976446545
Paraguay,,2000,19.5064839944888
Peru,,2021,8.60480803979216
Peru,,2020,5.79501314909191
Peru,,2019,7.3499267457301
Peru,,2018,7.68710269227761
Peru,,2017,7.9394377010568
Peru,,2016,7.88881315592262
Peru,,2015,7.37746900609372
Peru,,2014,6.89338555748064
Peru,,2013,6.75097413739705
Peru,,2012,6.65981599009637
Peru,,2011,5.5180019181967
Philippines,,2023,4.34759149828352
Philippines,,2019,4.2994572517325
Philippines,,2018,5.16236715828629
Philippines,,2017,7.64708050157393
Philippines,,2016,10.4510468515231
Philippines,,2012,8.46913560836537
Philippines,,2011,8.64032540631909
Philippines,,2010,8.97369523950398
Philippines,,2009,9.62872513157651
Philippines,,2008,6.27837847973801
Philippines,,2007,6.54623986266116
Philippines,,2002,7.88863329981838
Philippines,,2001,7.18905777250657
Philippines,,2000,7.20247586332285
Philippines,,1999,7.3347410214259
Philippines,,1998,7.80171541157697
Philippines,,1994,9.33941787376518
Philippines,,1993,11.4881217256382
Philippines,,1992,12.5792315824779
Philippines,,1991,13.5239141267332
Philippines,,1990,14.7658089952637
Poland,,2023,0.802314721828908
Poland,,2022,0.703386223722305
Poland,,2021,0.717659927064458
Poland,,2020,0.69686389242182
Poland,,2019,0.661855188726895
Poland,,2018,0.713892149018161
Poland,,2017,0.750229542138962
Poland,,2016,0.67950291225801
Poland,,2015,0.778752821607014
Poland,,2014,0.750030452020356
Poland,,2013,0.797192575262003
Poland,,2012,1.0693406632409
Poland,,2011,1.10446216454824
Poland,,2010,1.00799699931893
Poland,,2009,1.01836330071281
Poland,,2008,0.857987263994944
Poland,,2002,1.87290370805637
Poland,,2001,2.02889838935666
Poland,,2000,2.23482252627397
Poland,,1999,1.93534675125864
Poland,,1998,1.98035630053945
Poland,,1997,2.10439521324408
Poland,,1996,2.27585734681098
Poland,,1995,2.2233999841573
Poland,,1994,2.39148895941217
Poland,,1993,2.36324011082264
Poland,,1992,2.24148158532643
Poland,,1991,2.22525405442468
Poland,,1990,1.78423829119899
Portugal,,2022,0.719971949892832
Portugal,,2021,0.789147831496343
Portugal,,2020,0.78106023430457
Portugal,,2019,0.705776821960449
Portugal,,2018,0.784476811591817
Portugal,,2017,0.735661094098411
Portugal,,2016,0.637904765071273
Portugal,,2015,0.96429532624377
Portugal,,2014,0.884088459392736
Portugal,,2013,1.37689714793445
Portugal,,2012,1.16045143463187
Portugal,,2011,1.07984686066494
Portugal,,2010,1.1721711445495
Portugal,,2005,1.28534783916604
Portugal,,2002,1.14279743752163
Portugal,,2001,1.01406904912049
Portugal,,2000,1.12805303055093
Portugal,,1999,1.06707167094564
Portugal,,1998,1.23037242241284
Portugal,,1997,1.12753493219435
Portugal,,1996,1.05287738974611
Portugal,,1995,1.08655014894958
Portugal,,1994,1.43021646326171
Portugal,,1993,1.402392472514
Portugal,,1992,1.43235243994931
Portugal,,1991,1.52523293783729
Portugal,,1990,1.55031373802425
Qatar,,2022,0.0691454145354033
Qatar,,2021,0.319717852547547
Qatar,,2020,0.428055468854506
Qatar,,2019,0.393149056031246
Qatar,,2018,0.362168986600472
Qatar,,2017,0.443342737741158
Qatar,,2016,0.461649967761444
Qatar,,2015,0.247185127859597
Qatar,,2014,0.405702920880718
Qatar,,2013,0.442773711639193
Qatar,,2012,0.367046174933158
Qatar,,2011,0.220878544410392
Qatar,,2010,0.234023576120117
Qatar,,2009,0.504397876611039
Qatar,,2008,0.840961260769122
Qatar,,2007,0.744666327429784
Qatar,,2006,0.513963884785744
Qatar,,2005,0.726913675972171
Qatar,,2004,0.646552420853902
Qatar,,2001,0.737544713648265
Qatar,,2000,0.155041403806887
Qatar,,1999,0.489795518534271
Qatar,,1998,0.344506838460743
Qatar,,1994,1.00108216982558
Qatar,,1993,0.825517573721299
Qatar,,1992,1.27752806835627
Qatar,,1991,0.87940596127316
Qatar,,1990,0.908728450356733
Romania,,2023,1.10887485110282
Romania,,2022,1.28868853637199
Romania,,2021,1.26765356960595
Romania,,2020,1.44901611032613
Romania,,2019,1.25118311157138
Romania,,2018,1.27564870308368
Romania,,2017,1.29511300787888
Romania,,2016,1.54724790736617
Romania,,2015,1.70600204986966
Romania,,2014,1.62758998394145
Romania,,2013,1.0865815600829
Romania,,2012,1.05166802858503
Romania,,2011,1.01074789871675
Romania,,2010,1.3018428319408
Romania,,2009,1.25383156711961
Romania,,2008,1.45761745573163
Romania,,2007,1.81594153262399
Romania,,2006,1.69711228263622
Romania,,2005,2.0411638640929
Romania,,2004,2.2753588333156
Romania,,2003,3.22319955303114
Romania,,2002,3.01331880019475
Romania,,2001,3.18888061508443
Romania,,2000,2.52196954118502
Romania,,1999,2.55344193822665
Romania,,1998,2.51739961773668
Romania,,1997,3.09216078120564
Romania,,1996,3.20292291114639
Romania,,1995,3.345437668207
Romania,,1994,3.41005330735072
Romania,,1993,3.22647718095903
Romania,,1992,3.66177386320525
Romania,,1991,3.59953421330034
Romania,,1990,3.46999262844531
Russia,,2021,6.76512531955806
Russia,,2020,7.30812673633554
Russia,,2019,7.64469087376708
Russia,,2018,8.17044875503453
Russia,,2017,9.09316032017364
Russia,,2016,10.8822499466091
Russia,,2015,11.4556968970425
Russia,,2014,11.3961892650078
Russia,,2013,11.0875143078155
Russia,,2012,11.2598822758413
Russia,,2011,11.2292273482455
Russia,,2010,11.5955549228756
Russia,,2009,12.2743494414076
Russia,,2008,12.6470810308557
Russia,,2007,17.6400957311458
Russia,,2006,20.0162456079663
Russia,,2005,24.6448972080224
Russia,,2004,27.039519153371
Russia,,2003,28.6458525438416
Russia,,2002,30.3221540432851
Russia,,2001,29.3743483488237
Russia,,2000,28.0061484707895
Russia,,1999,25.9606678936515
Russia,,1998,22.7269138890421
Russia,,1997,23.6686557817611
Russia,,1996,26.3923491157494
Russia,,1995,30.5189640696838
Russia,,1994,32.300784146238
Russia,,1993,30.4181125508508
Russia,,1992,22.7725711471779
Russia,,1991,15.1363246478469
Russia,,1990,14.1932240689117
Rwanda,,2020,3.61247427164444
Rwanda,,2019,3.16215359253131
Rwanda,,2018,2.28219163427022
Rwanda,,2017,3.85180847120042
Rwanda,,2016,3.28881602035978
Rwanda,,2015,2.51717737303246
Rwanda,,2014,3.76602860932266
Rwanda,,2013,3.23617593979811
Rwanda,,2012,2.36382585584116
Rwanda,,2010,2.82043606558473
Rwanda,,2008,1.46874802541362
Rwanda,,2007,2.80630226378016
Rwanda,,2006,3.43038564632014
Samoa,,2018,6.26258538794308
Samoa,,2017,3.40774385449907
Samoa,,2013,3.02619932061825
Samoa,,2010,8.28918908417413
Samoa,,2009,8.35450242411109
San Marino,,2002,3.63762026882014
São Tomé and Príncipe,,2011,3.23189666549062
São Tomé and Príncipe,,2010,3.30029372614163
São Tomé and Príncipe,,2009,2.8113025608155
São Tomé and Príncipe,,2008,8.05556035053196
São Tomé and Príncipe,,2007,2.35710771098324
São Tomé and Príncipe,,2006,2.41490479237856
São Tomé and Príncipe,,1994,6.02715988925094
São Tomé and Príncipe,,1993,6.13181877409613
São Tomé and Príncipe,,1992,9.36695027710561
São Tomé and Príncipe,,1991,5.56896970082699
São Tomé and Príncipe,,1990,6.50512278419255
Saudi Arabia,,2019,0.935259944754359
Saudi Arabia,,2018,0.737688493612268
Saudi Arabia,,2007,1.1847116316888
Saudi Arabia,,2006,1.18830462202966
Saudi Arabia,,2005,1.4445602578613
Saudi Arabia,,2004,1.53028956535709
Saudi Arabia,,2003,1.33072394336726
Saudi Arabia,,2002,1.59120897796954
Saudi Arabia,,2001,1.34378654519932
Saudi Arabia,,2000,1.06937181885064
Saudi Arabia,,1999,1.18923936153487
Senegal,,2015,0.267518151792543
Serbia,,2023,1.31400205013848
Serbia,,2022,1.08964325742373
Serbia,,2021,1.1264836301447
Serbia,,2020,1.21601456438015
Serbia,,2019,1.26325112750546
Serbia,,2018,1.49572244747486
Serbia,,2017,1.21580435389435
Serbia,,2016,1.62782274638115
Serbia,,2015,1.39329072000109
Serbia,,2014,1.63272026762776
Serbia,,2013,1.91034319590384
Serbia,,2012,1.50178377781355
Serbia,,2011,1.75156114676202
Serbia,,2010,1.78478121117552
Serbia,,2009,2.07397700915681
Serbia,,2008,1.87811591167972
Serbia,,2007,2.28518309996179
Serbia,,2006,2.07684499553911
Serbia,,2005,1.94982632618366
Serbia,,2004,2.16763741135982
Serbia,,2003,2.31855480790214
Serbia,,2002,2.62579425352805
Serbia,,2001,3.17567065132744
Serbia,,2000,2.96311487314067
Seychelles,,2022,7.96669919735506
Seychelles,,2021,4.06545380628113
Seychelles,,2020,7.48185649799237
Seychelles,,2019,8.49975138227207
Seychelles,,2018,7.82336578581363
Seychelles,,2017,6.22629006506473
Seychelles,,2016,10.926871909744
Seychelles,,2015,6.52805431341189
Seychelles,,2014,15.2884013587567
Seychelles,,2013,17.6310698631143
Seychelles,,2012,4.0183639231287
Seychelles,,2011,16.490765171504
Seychelles,,2010,9.47657706036579
Seychelles,,2009,14.952791899859
Seychelles,,2008,6.48315729760393
Seychelles,,2007,8.74622818909345
Seychelles,,2006,9.95872661082403
Seychelles,,2004,11.3435917214468
Sierra Leone,,2020,2.22431228940123
Sierra Leone,,2015,1.76195053608056
Sierra Leone,,2012,1.72490642764247
Sierra Leone,,2011,2.92770708400218
Sierra Leone,,2010,2.61943582816115
Sierra Leone,,2009,2.60913512702566
Sierra Leone,,2008,3.12143616599424
Sierra Leone,,2007,2.33069723938478
Sierra Leone,,2006,1.79572602981332
Sierra Leone,,2005,1.79943971990539
Sierra Leone,,2004,2.09122346188414
Singapore,,2023,0.0690954942050905
Singapore,,2022,0.123896338057884
Singapore,,2021,0.108180423309996
Singapore,,2020,0.177931178177524
Singapore,,2019,0.211656543163604
Singapore,,2018,0.159733932962686
Singapore,,2017,0.196285615913482
Singapore,,2016,0.32270038551043
Singapore,,2015,0.253378095590325
Singapore,,2014,0.256508913684751
Singapore,,2013,0.315657239686991
Singapore,,2012,0.20780832213766
Singapore,,2011,0.30874685632986
Singapore,,2010,0.374235722020857
Singapore,,2009,0.402530508038786
Singapore,,2008,0.561711146908061
Singapore,,2007,0.391601028170255
Singapore,,2006,0.385744866530007
Singapore,,2004,0.479298211558636
Singapore,,2003,0.652450495318668
Singapore,,2002,0.747547711931284
Singapore,,2001,0.777422484904642
Singapore,,2000,1.01604735276297
Singapore,,1999,0.983220460464831
Singapore,,1998,1.02526838001829
Singapore,,1997,1.00088960648576
Singapore,,1996,0.900517388172113
Singapore,,1995,1.52817595644359
Singapore,,1994,1.43366365138918
Singapore,,1993,1.74809788865943
Singapore,,1992,1.3327281301251
Singapore,,1991,1.62612461662518
Singapore,,1990,1.54626066467495
Slovakia,,2023,1.12358440823663
Slovakia,,2022,0.767376066253057
Slovakia,,2021,1.0105169087957
Slovakia,,2020,1.15489878274585
Slovakia,,2019,1.39433538407656
Slovakia,,2018,1.23088635575335
Slovakia,,2017,1.47175143295698
Slovakia,,2016,1.10553043442371
Slovakia,,2015,0.885563434200239
Slovakia,,2014,1.32958329289954
Slovakia,,2013,1.44166216994369
Slovakia,,2012,1.38763718875067
Slovakia,,2011,1.77840071202719
Slovakia,,2010,1.65063908479667
Slovakia,,2009,1.44844846564276
Slovakia,,2008,1.59877437213017
Slovakia,,2007,1.52501423191635
Slovakia,,2006,1.5250576267202
Slovakia,,2005,1.72968710332277
Slovakia,,2004,2.00891418467334
Slovakia,,2003,2.5482701895541
Slovakia,,2002,2.25003777181177
Slovakia,,2001,2.19353809701647
Slovakia,,2000,2.39776996241077
Slovakia,,1999,2.62174178855597
Slovakia,,1998,2.38148573452834
Slovakia,,1997,2.60718340483068
Slovakia,,1996,2.46157128248889
Slovakia,,1995,2.39060998281376
Slovakia,,1994,2.41426956835667
Slovakia,,1993,2.57211303779692
Slovakia,,1991,2.42200665522016
Slovakia,,1990,1.76602017668557
Slovenia,,2023,0.566466326409227
Slovenia,,2022,0.614590956625007
Slovenia,,2021,0.425835133669648
Slovenia,,2020,0.523206714930108
Slovenia,,2019,0.671965756625042
Slovenia,,2018,0.434891751818874
Slovenia,,2017,0.921252321313415
Slovenia,,2016,0.485113562659451
Slovenia,,2015,0.970898765842034
Slovenia,,2014,0.777302570612473
Slovenia,,2013,0.583532281370513
Slovenia,,2012,0.681822277179262
Slovenia,,2011,0.780943418696957
Slovenia,,2010,0.733635525957981
Slovenia,,2009,0.638629834427847
Slovenia,,2008,0.493806310894034
Slovenia,,2007,1.19156520778539
Slovenia,,2006,0.599067252288187
Slovenia,,2005,1.00154563530168
Slovenia,,2004,1.35437123315501
Slovenia,,2003,1.05395761082866
Slovenia,,2002,1.80761775311607
Slovenia,,2001,1.40726217646163
Slovenia,,2000,1.81194433706997
Slovenia,,1999,1.2618653196002
Slovenia,,1998,0.707047674457069
Slovenia,,1997,1.81415265842655
Slovenia,,1996,1.91263005255203
Slovenia,,1995,2.21317391774538
Slovenia,,1994,2.0621024794519
Slovenia,,1993,1.30600074693197
Slovenia,,1992,2.4049801125681
Slovenia,,1991,2.00080732575594
Slovenia,,1990,2.05204486270569
Solomon Islands,,2008,3.73435012480591
Solomon Islands,,2007,5.19838330279283
Solomon Islands,,2006,4.6786623500921
Solomon Islands,,2005,5.38212575336823
Solomon Islands,,2004,4.21397734144383
South Africa,,2022,43.7202551331462
South Africa,,2021,40.9429825270973
South Africa,,2020,32.9775673780065
South Africa,,2019,35.7874756270719
South Africa,,2018,35.8657632618552
South Africa,,2017,35.2840163787516
South Africa,,2016,33.2101800798263
South Africa,,2015,32.9193156001477
South Africa,,2014,32.026354388996
South Africa,,2013,31.132729039924
South Africa,,2012,30.1454561488805
South Africa,,2011,29.3498251398405
South Africa,,2010,30.3625716702744
South Africa,,2009,32.4134564386112
South Africa,,2008,35.379325145242
South Africa,,2007,36.4150322955323
South Africa,,2006,38.213316830898
South Africa,,2005,37.4378416502353
South Africa,,2004,38.3597777084255
South Africa,,2003,40.8739335231162
South Africa,,2002,44.8839287192482
South Africa,,2001,44.9998733885833
South Africa,,2000,46.1368317963984
South Africa,,1999,48.371149061953
South Africa,,1998,54.3593478699825
South Africa,,1997,53.6187769339318
South Africa,,1996,56.4456925288109
South Africa,,1995,60.3414054621735
South Africa,,1994,59.0058123963542
South Sudan,,2012,13.9825812737537
Spain,,2023,0.690855954769765
Spain,,2022,0.679512839473507
Spain,,2021,0.607512242916661
Spain,,2020,0.69421884953507
Spain,,2019,0.69779523479218
Spain,,2018,0.613681647994712
Spain,,2017,0.655022828665732
Spain,,2016,0.629108853827649
Spain,,2015,0.646906930185419
Spain,,2014,0.691349965151574
Spain,,2013,0.644467548060687
Spain,,2012,0.774166283792877
Spain,,2011,0.819183054272952
Spain,,2010,0.856097274768039
Spain,,2009,0.883453221366359
Spain,,2008,0.880284469874308
Spain,,2007,1.0589564792395
Spain,,2006,1.06498542161369
Spain,,2005,1.17837383727999
Spain,,2004,1.20274134358143
Spain,,2003,1.38096386713923
Spain,,2002,1.35071366537132
Spain,,2001,1.3989371157037
Spain,,2000,1.34813027799556
Spain,,1999,1.19080123686025
Spain,,1998,1.28516221990896
Spain,,1997,1.14536412263401
Spain,,1996,0.986644952856265
Spain,,1995,1.02614708919709
Spain,,1994,1.07630148338555
Spain,,1993,1.19489728995844
Spain,,1992,1.11812855629451
Spain,,1991,1.12112292990316
Spain,,1990,1.23821991144539
Sri Lanka,,2019,3.31094038448808
Sri Lanka,,2018,2.3097886777035
Sri Lanka,,2017,2.20033736695316
Sri Lanka,,2016,2.41890147871327
Sri Lanka,,2015,2.24114421871193
Sri Lanka,,2014,2.56642825955881
Sri Lanka,,2013,2.89809922614196
Sri Lanka,,2012,3.19327967678719
Sri Lanka,,2011,3.48421308761825
Sri Lanka,,2010,3.65437400070472
Sri Lanka,,2009,5.2947435337523
Sri Lanka,,2008,9.70460670215069
Sri Lanka,,2006,10.0430361788586
Sri Lanka,,2005,6.02972088501167
Sri Lanka,,1999,10.1294658163651
Sri Lanka,,1997,10.143466204886
Sri Lanka,,1996,9.91342203621353
Sri Lanka,,1995,9.18921542518554
Sri Lanka,,1990,12.1388482434521
Saint Kitts and Nevis,,2023,64.1601437187219
Saint Kitts and Nevis,,2022,23.5498132071634
Saint Kitts and Nevis,,2021,29.9381990034857
Saint Kitts and Nevis,,2020,21.3356091316407
Saint Kitts and Nevis,,2019,25.55828887256
Saint Kitts and Nevis,,2018,48.9273216545944
Saint Kitts and Nevis,,2017,48.8836462949384
Saint Kitts and Nevis,,2016,63.728770353376
Saint Kitts and Nevis,,2012,38.271001211915
Saint Kitts and Nevis,,2011,72.5170895052842
Saint Kitts and Nevis,,2010,44.8272549710224
Saint Kitts and Nevis,,2009,57.5490499078149
Saint Kitts and Nevis,,2008,49.1085726486602
Saint Kitts and Nevis,,2007,34.2572073952746
Saint Kitts and Nevis,,2006,36.5053630673094
Saint Kitts and Nevis,,2005,17.2276417511898
Saint Kitts and Nevis,,2004,23.7506612400004
Saint Kitts and Nevis,,2003,21.6560371617598
Saint Kitts and Nevis,,2002,10.8647233298204
Saint Kitts and Nevis,,2001,13.1117448454453
Saint Kitts and Nevis,,2000,6.63020056356705
Saint Kitts and Nevis,,1999,13.4526131701083
Saint Kitts and Nevis,,1998,18.1828512983692
Saint Kitts and Nevis,,1997,16.1186331399097
Saint Kitts and Nevis,,1996,9.32901089162022
Saint Kitts and Nevis,,1995,9.45045598450125
Saint Lucia,,2023,39.0440891432332
Saint Lucia,,2022,36.9166745907004
Saint Lucia,,2021,39.2108535642666
Saint Lucia,,2020,29.1724286888396
Saint Lucia,,2019,25.8919349436991
Saint Lucia,,2018,20.9019472706011
Saint Lucia,,2017,27.7869140647152
Saint Lucia,,2016,17.079808250686
Saint Lucia,,2015,16.0087361960384
Saint Lucia,,2014,19.5246886817102
Saint Lucia,,2013,19.0345997110202
Saint Lucia,,2012,22.5973642202606
Saint Lucia,,2011,26.7751642889157
Saint Lucia,,2010,25.7450711353869
Saint Lucia,,2009,22.9589358827564
Saint Lucia,,2008,23.103238896376
Saint Lucia,,2007,17.286805994349
Saint Lucia,,2006,25.8042835110628
Saint Lucia,,2005,24.7809754638122
Saint Lucia,,2004,22.5281449594798
Saint Lucia,,2003,22.0892097278425
Saint Lucia,,2002,25.9835066598202
Saint Lucia,,2001,21.2186362033619
Saint Lucia,,2000,14.500428708327
Saint Lucia,,1999,10.2104631721356
Saint Lucia,,1998,9.05114868774507
Saint Lucia,,1997,8.5207348806114
Saint Lucia,,1996,7.97678754823464
Saint Lucia,,1995,10.7956385620209
Saint Lucia,,1994,6.8544794022894
Saint Lucia,,1993,5.56616605960668
Saint Lucia,,1992,9.88581879294153
Saint Lucia,,1991,7.16743119266055
Saint Lucia,,1990,10.1554877717046
Saint Vincent-Grenadines,,2023,51.3212761232698
Saint Vincent-Grenadines,,2022,41.1579091782137
Saint Vincent-Grenadines,,2021,31.1159945935959
Saint Vincent-Grenadines,,2020,31.8760504607538
Saint Vincent-Grenadines,,2019,18.2399416321868
Saint Vincent-Grenadines,,2018,32.4037893372472
Saint Vincent-Grenadines,,2017,36.9097981317964
Saint Vincent-Grenadines,,2016,37.6121901108149
Saint Vincent-Grenadines,,2010,22.7358503435387
Saint Vincent-Grenadines,,2009,20.8129728164477
Saint Vincent-Grenadines,,2008,14.4107143661312
Saint Vincent-Grenadines,,2007,35.8643073929787
Saint Vincent-Grenadines,,2006,17.8549109932687
Saint Vincent-Grenadines,,2005,23.1214900911076
Saint Vincent-Grenadines,,2004,25.7013590701426
Saint Vincent-Grenadines,,2003,15.9092817401219
Saint Vincent-Grenadines,,2002,17.6450088886732
Saint Vincent-Grenadines,,2001,10.572594074061
Saint Vincent-Grenadines,,2000,17.614161786076
Saint Vincent-Grenadines,,1999,12.3493816488189
Saint Vincent-Grenadines,,1998,21.2051599222477
Saint Vincent-Grenadines,,1997,7.95471117769499
Saint Vincent-Grenadines,,1996,21.2165949133214
Saint Vincent-Grenadines,,1995,17.6916782768305
Saint Vincent-Grenadines,,1994,11.512830163615
Saint Vincent-Grenadines,,1993,12.4185035703198
Saint Vincent-Grenadines,,1992,15.9987201023918
Saint Vincent-Grenadines,,1991,16.0397071862344
Saint Vincent-Grenadines,,1990,9.83794226022252
Sudan,,2008,5.1480839388
Sudan,,2007,4.6692555541
Suriname,,2023,6.51946457704576
Suriname,,2022,7.22121303541283
Suriname,,2021,5.66438365032303
Suriname,,2020,8.9822828553534
Suriname,,2019,4.95239101438174
Suriname,,2018,6.33848335105607
Suriname,,2017,6.06353574875403
Suriname,,2016,6.97567191883721
Suriname,,2015,5.84567085090617
Suriname,,2014,5.56160959933817
Suriname,,2013,5.09648167024006
Suriname,,2008,8.00378970135627
Suriname,,2007,8.47432092441659
Suriname,,2006,11.8095912929026
Suriname,,2005,13.2867974485498
Suriname,,2004,8.95075721460219
Suriname,,2003,11.8480019825657
Suriname,,2002,11.4791718482373
Suriname,,2001,16.236452068041
Suriname,,2000,14.2664425995976
Sweden,,2023,1.14675703743944
Sweden,,2022,1.10609575089503
Sweden,,2021,1.08485573554827
Sweden,,2020,1.19764105277864
Sweden,,2019,1.07985845098683
Sweden,,2018,1.06138286689242
Sweden,,2017,1.12349926472939
Sweden,,2016,1.06819519352472
Sweden,,2015,1.14291761252879
Sweden,,2014,0.89723711300655
Sweden,,2013,0.906191475133898
Sweden,,2012,0.714324244275151
Sweden,,2011,0.857210073297811
Sweden,,2010,0.970332147893121
Sweden,,2009,1.00013550222933
Sweden,,2008,0.889380578965065
Sweden,,2007,1.2133435654997
Sweden,,2006,1.00213388442621
Sweden,,2005,0.919181722281867
Sweden,,2004,1.18970734144495
Sweden,,2003,0.948826864882924
Sweden,,2002,1.13164676508968
Sweden,,2001,0.977965262336652
Sweden,,2000,1.08204358809711
Sweden,,1999,1.14025259304447
Sweden,,1998,1.03947655124504
Sweden,,1997,0.983548289507778
Sweden,,1996,1.11986801393953
Sweden,,1995,0.985690269832145
Sweden,,1994,1.13892751751386
Sweden,,1993,1.23881112672625
Sweden,,1992,1.31524699502116
Sweden,,1991,1.33457754644069
Sweden,,1990,1.10999884034332
Switzerland,,2023,0.597481940544685
Switzerland,,2022,0.477697117734824
Switzerland,,2021,0.482369204585241
Switzerland,,2020,0.543944872228796
Switzerland,,2019,0.53628529631628
Switzerland,,2018,0.587106357663197
Switzerland,,2017,0.532315829369355
Switzerland,,2016,0.537319784436855
Switzerland,,2015,0.688078876533782
Switzerland,,2014,0.500596106180341
Switzerland,,2013,0.704468878665988
Switzerland,,2012,0.562575490598645
Switzerland,,2011,0.581221136763671
Switzerland,,2010,0.664472756521145
Switzerland,,2009,0.659115273445603
Switzerland,,2002,1.18152122781488
Switzerland,,2001,1.19008237930126
Switzerland,,2000,0.960466836994092
Switzerland,,1999,1.24577957176257
Switzerland,,1998,1.06887327115022
Switzerland,,1997,1.22722535983623
Switzerland,,1996,1.17366186815719
Switzerland,,1995,1.16469372993522
Switzerland,,1994,1.14390504158274
Switzerland,,1993,1.51338131761031
Switzerland,,1992,1.35271733640357
Switzerland,,1991,1.44182476164834
Switzerland,,1990,1.63856942164309
Syria,,2010,2.05938679956635
Syria,,2009,2.16590372025588
Syria,,2008,2.44493534185927
Syria,,2007,2.55217772944335
Syria,,2006,2.27122008950186
Syria,,2005,2.28552099593863
Syria,,2004,2.3231876293858
Syria,,2003,2.26392369671573
Syria,,2002,2.10666943205194
Syria,,2001,2.20510561121672
Syria,,2000,2.1457050317925
Syria,,1999,2.03351460061943
Syria,,1998,2.12383835997202
Syria,,1997,1.91989092943963
Tajikistan,,2020,0.892370798940089
Tajikistan,,2011,1.61026778305936
Tajikistan,,2010,2.36535123734333
Tajikistan,,2009,1.2950203131279
Tajikistan,,2008,1.36269430828479
Tajikistan,,2007,1.83474060485977
Tajikistan,,2006,2.74882284141425
Tajikistan,,2005,2.26723984993183
Tajikistan,,2004,2.09114244339539
Tajikistan,,2003,2.46298945344912
Tajikistan,,2002,2.75580406784238
Tajikistan,,2001,3.63643344226506
Tajikistan,,2000,4.50297391194904
Tajikistan,,1999,5.75030160895694
Tajikistan,,1998,7.94961852355022
Tajikistan,,1997,8.11097507764467
Tajikistan,,1996,7.97821157013759
Tajikistan,,1995,7.31266404637944
Tajikistan,,1994,10.9177651952632
Tajikistan,,1993,22.7773184371301
Tajikistan,,1992,10.7091018515241
Tajikistan,,1991,2.6708991997228
Tajikistan,,1990,3.11182106732499
Tanzania,,2020,3.74921291744897
Tanzania,,2019,4.59485426006108
Tanzania,,2018,4.75998593558216
Tanzania,,2017,5.65469286500665
Tanzania,,2016,6.38934150079073
Tanzania,,2015,7.20094334280093
Tanzania,,2013,7.57207576168001
Tanzania,,2012,8.63760184710429
Tanzania,,2011,9.01381068307978
Tanzania,,2010,8.68662061022504
Tanzania,,2004,7.6778416479797
Tanzania,,2003,7.48997932167156
Tanzania,,1997,7.45770271278924
Tanzania,,1996,7.37742376484379
Tanzania,,1995,6.94455940999813
Thailand,,2011,4.79225300638159
Thailand,,2010,5.32812691440829
Thailand,,2009,5.43590911946787
Thailand,,2008,5.87697421098978
Thailand,,2007,6.60930214643831
Thailand,,2006,7.04095366870716
Thailand,,2005,7.27989678542343
Thailand,,2004,6.52844364057858
Thailand,,2003,9.91857847562255
Thailand,,2002,7.06122860880889
Thailand,,2001,7.88673994165525
Thailand,,2000,8.16089242263043
Thailand,,1999,8.10927378042329
Thailand,,1998,8.71386668032668
Thailand,,1997,7.8831333955031
Thailand,,1996,7.46661418786202
Thailand,,1995,7.6855090378549
Thailand,,1994,8.59210539748611
Thailand,,1993,9.54957043277724
Thailand,,1992,10.5408837302963
Thailand,,1991,10.0394591713935
Thailand,,1990,9.76281172192889
Timor-Leste,,2015,4.06594633033822
Timor-Leste,,2010,3.59553213645137
Timor-Leste,,2009,3.02234076514334
Timor-Leste,,2008,3.39006198486192
Timor-Leste,,2007,6.16983567339278
Timor-Leste,,2006,5.01742274448928
Timor-Leste,,2005,4.8507319069018
Timor-Leste,,2004,2.47558321511527
Tonga,,2019,0.946346864516251
Tonga,,2018,9.47270204089365
Tonga,,2012,0.930583149930904
Tonga,,2011,1.85926308107782
Tonga,,2010,0.931103031205918
Tonga,,2009,7.46251253468902
Tonga,,2008,3.73761913660998
Tonga,,2007,0.936978805539419
Tonga,,2006,7.52919917555269
Tonga,,2005,3.78533372448448
Tonga,,2004,1.90347479323505
Tonga,,2003,5.74360545259611
Tonga,,2002,5.77625669684761
Tonga,,2001,5.80897195718788
Tonga,,2000,0.973923206155195
Tonga,,1997,1.98662011353534
Tonga,,1996,1.99450513834386
Tonga,,1995,1.99552005747098
Trinidad and Tobago,,2022,40.4432986623964
Trinidad and Tobago,,2021,30.1132439458432
Trinidad and Tobago,,2020,26.9408284203458
Trinidad and Tobago,,2019,36.2988873279844
Trinidad and Tobago,,2018,35.1576671765775
Trinidad and Tobago,,2017,34.2498809038232
Trinidad and Tobago,,2016,32.2193196226095
Trinidad and Tobago,,2015,29.3873061531072
Trinidad and Tobago,,2014,28.4984183377823
Trinidad and Tobago,,2013,28.8110385211372
Trinidad and Tobago,,2012,27.0692095577105
Trinidad and Tobago,,2011,25.2332824127606
Trinidad and Tobago,,2010,34.1108885129239
Trinidad and Tobago,,2009,36.764279333109
Trinidad and Tobago,,2008,39.8663493392717
Trinidad and Tobago,,2007,28.6367899257091
Trinidad and Tobago,,2006,27.3055528160047
Trinidad and Tobago,,2005,28.549567337224
Trinidad and Tobago,,2004,19.325395055672
Trinidad and Tobago,,2003,17.1060263634493
Trinidad and Tobago,,2002,12.8377366394634
Trinidad and Tobago,,2001,11.3913517762588
Trinidad and Tobago,,2000,9.0924623865668
Tunisia,,2020,4.69348024650292
Tunisia,,2019,4.80838825436222
Tunisia,,2012,3.01553732901415
Tunisia,,2010,2.65651617409655
Tunisia,,2009,2.39421321482698
Tunisia,,2008,2.65588251893383
Tunisia,,2007,2.61451616726295
Tunisia,,2006,2.40663186554563
Tunisia,,2005,2.53523179941246
Tunisia,,2004,1.91812781282378
Turkey,,2023,3.22789482308636
Turkey,,2022,2.62122678525057
Turkey,,2021,2.49751250926437
Turkey,,2020,2.49036807460102
Turkey,,2019,2.39580104761995
Turkey,,2018,2.55994219861376
Turkey,,2017,3.05836302689691
Turkey,,2016,3.31161155785991
Turkey,,2015,2.79325328973375
Turkey,,2012,4.27675507086876
Turkey,,2011,4.1244918510834
Turkey,,2010,4.17741645852185
Turkey,,2008,4.55127664672389
Turkey,,2007,5.08688366199539
Turkey,,2006,4.52278419997034
Turkey,,2005,4.76708660324403
Turkey,,2004,4.24827062656029
Turkey,,2003,4.18240847006562
Turkmenistan,,2015,1.01355101620555
Turkmenistan,,2014,1.46495233226172
Turkmenistan,,2013,1.41429832030187
Turkmenistan,,2012,1.36006509719172
Turkmenistan,,2011,1.75950488940016
Turkmenistan,,2010,1.88701082389409
Turkmenistan,,2006,3.94396423387863
Turkmenistan,,2005,4.07738561201459
Turkmenistan,,2004,4.21533036996281
Turkmenistan,,2003,4.7904285182228
Turkmenistan,,2002,5.05297764004978
Turkmenistan,,2001,5.30434820736023
Turkmenistan,,2000,5.82628887002073
Turkmenistan,,1999,7.1457669678574
Turkmenistan,,1998,7.82223084808967
Turkmenistan,,1997,8.25506775842628
Turkmenistan,,1996,7.83335315124774
Turkmenistan,,1995,6.41820422224786
Turkmenistan,,1994,7.48178985789943
Turkmenistan,,1993,8.23329487409197
Turkmenistan,,1992,7.50376107010731
Turkmenistan,,1991,7.93590383136879
Turkmenistan,,1990,8.82846765988701
Tuvalu,,2012,18.2907311719786
Tuvalu,,2011,9.27686812931954
Tuvalu,,2010,9.42151874882231
Uganda,,2023,8.97308867739149
Uganda,,2022,8.75663044480037
Uganda,,2021,8.52084677875181
Uganda,,2020,10.0321315001
Uganda,,2019,10.9721855213314
Uganda,,2018,10.8189825436186
Uganda,,2017,11.7852360138494
Uganda,,2016,11.5517988640576
Uganda,,2014,12.2899679036209
Uganda,,2013,10.914892084063
Uganda,,2012,11.8413029510429
Uganda,,2011,11.2518403976957
Uganda,,2010,9.75585614946885
Uganda,,2009,10.2794330166168
Uganda,,2008,9.1455171126034
Uganda,,2007,8.91970998094133
Uganda,,1997,8.78017937874443
Uganda,,1996,8.50620912053546
Uganda,,1995,8.27459359829534
Ukraine,,2021,3.77663964401616
Ukraine,,2020,3.80035686872931
Ukraine,,2019,4.04827159044446
Ukraine,,2018,4.42833090390794
Ukraine,,2017,6.05466477531939
Ukraine,,2014,6.18849833107946
Ukraine,,2012,5.05517673469169
Ukraine,,2010,4.27931783411627
Ukraine,,2009,4.80442030690337
Ukraine,,2008,5.26707267623711
Ukraine,,2007,5.62227515669595
Ukraine,,2006,6.25651793325215
Ukraine,,2005,6.36747840037847
Ukraine,,2004,7.26768625683968
Ukraine,,2003,8.36383861156885
Ukraine,,2002,8.82547240056403
Ukraine,,2001,9.88456693180039
Ukraine,,2000,8.91504794713768
Ukraine,,1999,8.50400598209799
Ukraine,,1998,8.32676141125089
Ukraine,,1997,8.33089101970805
Ukraine,,1996,9.55762626395874
Ukraine,,1995,8.52986359050662
Ukraine,,1994,8.10930210113304
Ukraine,,1993,7.06015499427981
Ukraine,,1992,6.44067965377161
Ukraine,,1991,5.07562056481594
Ukraine,,1990,4.91411890429172
United Arab Emirates,,2022,0.693218125037315
United Arab Emirates,,2021,0.44948191080481
United Arab Emirates,,2020,0.687938137215929
United Arab Emirates,,2019,0.68245938100401
United Arab Emirates,,2015,0.691671912805994
United Arab Emirates,,2014,0.740572167270486
United Arab Emirates,,2013,0.727797670204742
United Arab Emirates,,2012,0.920353599853064
United Arab Emirates,,2011,0.708390053731386
United Arab Emirates,,2010,0.96564564292759
United Kingdom,,2021,1.11868407522333
United Kingdom,,2020,0.94577935310667
United Kingdom,,2019,1.15033375026475
United Kingdom,,2018,1.09059626628076
United Kingdom,,2017,1.17550481262973
United Kingdom,,2016,1.17310761427578
United Kingdom,,2015,0.948271629655268
United Kingdom,,2014,0.900318736728248
United Kingdom,,2013,0.9349366699991
United Kingdom,,2012,0.980292769516879
United Kingdom,,2011,1.00772665754522
United Kingdom,,2010,1.19987652699167
United Kingdom,,2009,1.12468797208048
United Kingdom,,2008,1.22526681051353
United Kingdom,,2007,1.42031017055268
United Kingdom,,2006,1.4119320989405
United Kingdom,,2005,1.37797628851015
United Kingdom,,2002,1.85923045695602
United Kingdom,,2001,1.62595894048872
United Kingdom,,2000,1.54256868130426
United Kingdom,,1999,1.40043985028414
United Kingdom,,1998,1.38332593669012
United Kingdom,,1997,1.25412576150713
United Kingdom,,1996,1.281335140925
United Kingdom,,1995,1.39111870783059
United Kingdom,,1994,1.42233524586565
United Kingdom,,1993,1.34978569430064
United Kingdom,,1992,1.38428635572783
United Kingdom,,1991,1.38997016985018
United Kingdom,,1990,1.27246170811834
United States,,2023,5.76340794073065
United States,,2022,6.51267429794199
United States,,2021,6.77972198500888
United States,,2020,6.35465593745812
United States,,2019,4.93472178525416
United States,,2018,4.88693701574911
United States,,2017,5.20582704229048
United States,,2016,5.28982026159524
United States,,2015,4.87019612648983
United States,,2014,4.38357348743573
United States,,2013,4.47313924865612
United States,,2012,4.68473058437162
United States,,2011,4.66754631709583
United States,,2010,4.73280651793807
United States,,2009,4.9992946235203
United States,,2008,5.39888580801544
United States,,2007,5.67445011466685
United States,,2006,5.79419136382991
United States,,2002,5.65304262610104
United States,,2001,6.69516821550341
United States,,2000,5.53707946956534
United States,,1999,5.56772173977322
United States,,1998,6.14734210977422
United States,,1997,6.65818273718576
United States,,1996,7.25280570053619
United States,,1995,8.05575436588861
United States,,1994,8.78652102623221
United States,,1993,9.33849837151796
United States,,1992,9.15233015234456
United States,,1991,9.63187233852536
United States,,1990,9.25037955939706
Uruguay,,2023,11.2453054170348
Uruguay,,2022,11.2948931452974
Uruguay,,2021,9.00875836787795
Uruguay,,2020,10.0324569104505
Uruguay,,2019,11.5977676357818
Uruguay,,2018,12.4022914485464
Uruguay,,2017,8.35193212210643
Uruguay,,2016,7.90108434244779
Uruguay,,2015,8.69948102993542
Uruguay,,2014,7.98490138572303
Uruguay,,2013,7.77201220684194
Uruguay,,2012,8.00503447711385
Uruguay,,2011,5.98168012770136
Uruguay,,2010,6.17734091087152
Uruguay,,2009,6.82760685431307
Uruguay,,2008,6.69255362560008
Uruguay,,2007,5.88743616570098
Uruguay,,2006,6.14073873999033
Uruguay,,2005,5.78250888452056
Uruguay,,2004,6.09171534327958
Uruguay,,2003,6.00392662896892
Uruguay,,2002,7.04511757340532
Uruguay,,2001,6.65801023531638
Uruguay,,2000,6.55194336304211
Uruguay,,1999,6.63795240065697
Uruguay,,1998,7.53253925757256
Uruguay,,1997,7.5387524450532
Uruguay,,1996,6.39361461910898
Uruguay,,1995,5.98851208989666
Uruguay,,1992,5.79672940246071
Uruguay,,1991,6.21326188722705
Uruguay,,1990,6.63573640406867
Uzbekistan,,2021,1.39879762685076
Uzbekistan,,2020,1.33685174451114
Uzbekistan,,2019,1.20128497449438
Uzbekistan,,2018,1.46416093130273
Uzbekistan,,2017,1.85737044900045
Uzbekistan,,2016,2.41972336009243
Uzbekistan,,2015,1.64556342685201
Uzbekistan,,2008,3.02239249134413
Uzbekistan,,2007,3.01004490765404
Uzbekistan,,2006,3.22483462750267
Uzbekistan,,2005,3.45259657932287
Uzbekistan,,2004,3.69582797880085
Uzbekistan,,2003,3.74544085919713
Uzbekistan,,2002,4.1653576925131
Uzbekistan,,2001,4.30844092727932
Uzbekistan,,2000,4.30870073731431
Uzbekistan,,1999,4.14283235765341
Uzbekistan,,1998,4.41269166360506
Uzbekistan,,1997,4.4362211140555
Uzbekistan,,1996,4.93748260586543
Uzbekistan,,1995,5.0485241935468
Uzbekistan,,1994,5.42663138718187
Uzbekistan,,1993,5.18010883686091
Uzbekistan,,1992,5.32927706308707
Uzbekistan,,1991,5.0660905380026
Uzbekistan,,1990,5.49720214399679
Vanuatu,,2020,0.3346065111081
Vanuatu,,2019,0.684967866444965
Venezuela,,2022,12.6466448562847
Venezuela,,2021,19.2791045599615
Venezuela,,2020,29.475380243919
Venezuela,,2019,41.0324133949647
Venezuela,,2017,47.9792075487112
Venezuela,,2016,56.5792047678519
Venezuela,,2015,51.2004132142202
Venezuela,,2014,62.9006092038036
Venezuela,,2012,54.3821288251794
Venezuela,,2011,48.3052863947894
Venezuela,,2010,45.3960162080437
Venezuela,,2009,49.1766420057909
Venezuela,,2008,52.0038429160992
Venezuela,,2007,47.5815663456695
Venezuela,,2006,45.0216395516922
Venezuela,,2005,37.1988094364987
Venezuela,,2004,36.8970797360357
Venezuela,,2003,43.8038461298566
Venezuela,,2002,37.8091067461912
Venezuela,,2001,31.8655925319861
Venezuela,,2000,32.7072022874003
Venezuela,,1999,24.8227901468482
Venezuela,,1998,19.2785692454324
Venezuela,,1997,18.2649898123507
Venezuela,,1996,21.8911625760581
Venezuela,,1995,20.1903047742501
Venezuela,,1994,21.7857723486674
Venezuela,,1993,20.1933513390716
Venezuela,,1992,15.7163186203055
Venezuela,,1991,12.3221512683443
Venezuela,,1990,12.4779278368246
Vietnam,,2011,1.53501286347562
Vietnam,,2010,1.52764014135863
Vietnam,,2009,1.42609270232914
Vietnam,,2008,1.28205448056468
Vietnam,,2007,1.39657163544714
Vietnam,,2006,1.27543729928635
Vietnam,,2005,1.298584174516
Vietnam,,2004,1.3231436501524
Vietnam,,2003,1.33100770216075
Vietnam,,2002,1.35453837129189
Vietnam,,2001,1.28768529987055
Palestine,,2022,0.622023007311598
Palestine,,2021,0.655695277576543
Palestine,,2020,0.355051154981407
Palestine,,2019,0.322725871803602
Palestine,,2018,0.350472648444494
Palestine,,2017,0.506036328137148
Palestine,,2016,0.410124550508889
Palestine,,2015,0.663487089094152
Palestine,,2014,0.543492845086536
Palestine,,2013,0.55616572858116
Palestine,,2012,0.569352738456195
Palestine,,2011,0.728879354067116
Palestine,,2010,0.970894209748749
Palestine,,2009,1.12209231453472
Palestine,,2008,1.22746155335782
Palestine,,2005,2.33316434289589
Palestine,,2004,2.76244882455644
Palestine,,2002,2.55841924605492
Palestine,,2001,1.72717697549722
Palestine,,2000,1.33257503468264
Palestine,,1999,1.76687000941022
Palestine,,1998,1.51878842534716
Palestine,,1997,1.57366014640984
Palestine,,1996,4.36868577008007
Palestine,,1995,1.1757785076033
Yemen,,2013,5.80971851623815
Yemen,,2012,5.68340730819006
Yemen,,2011,4.9849730254046
Yemen,,2010,4.10773754599573
Yemen,,2009,3.81830668627734
Yemen,,2004,2.92371623795113
Yemen,,2003,3.28107552537173
Yemen,,2000,3.55174790967278
Yemen,,1999,5.38114141156168
Yemen,,1998,3.33405390460404
Zambia,,2015,5.20150860823759
Zambia,,2014,5.19020856145348
Zambia,,2013,5.63023682646344
Zambia,,2012,5.93416934268648
Zambia,,2011,5.9773668355394
Zambia,,2010,5.82860993954142
Zambia,,2009,6.01909974504443
Zambia,,2008,5.32971915912698
Zambia,,2000,7.95597242721496
Zambia,,1999,11.0061545142944
Zambia,,1998,9.19597589578639
Zambia,,1994,9.68952816195481
Zambia,,1993,8.89666859766172
Zambia,,1992,9.39256519761077
Zambia,,1991,8.5696566499408
Zambia,,1990,7.06380763119835
Zimbabwe,,2022,6.75833125350771
Zimbabwe,,2021,6.2162875596387
Zimbabwe,,2020,5.02354351291954
Zimbabwe,,2019,5.1730796210621
Zimbabwe,,2018,4.88212007993374
Zimbabwe,,2012,7.09949357669519
Zimbabwe,,2010,5.32323192052437
Zimbabwe,,2006,8.48339861408806
Zimbabwe,,2005,10.8143341836738
Zimbabwe,,2004,10.9656429263193
Zimbabwe,,2003,11.118084893527
Zimbabwe,,2002,13.4269241514461
Zimbabwe,,2001,12.7715718342654
Zimbabwe,,1990,5.79050705063286
