country,iso2,year,value
Afghanistan,,2024,60.0990815591219
Afghanistan,,2023,55.5474967036959
Afghanistan,,2022,56.2655188632539
Afghanistan,,2021,56.6944760468967
Afghanistan,,2020,58.0461137722591
Afghanistan,,2019,59.6470805870469
Afghanistan,,2018,59.8109345283062
Afghanistan,,2017,67.0507903920361
Afghanistan,,2016,62.2553342863232
Afghanistan,,2015,58.256016446556
Afghanistan,,2014,56.1322103822265
Afghanistan,,2013,53.1490159728276
Afghanistan,,2012,50.1966555403702
Afghanistan,,2011,47.0151842862822
Afghanistan,,2010,36.1186814254474
Afghanistan,,2009,38.2289426518893
Afghanistan,,2008,29.8267633771309
Afghanistan,,2007,18.0166833836025
Afghanistan,,2006,9.91329720539894
Afghanistan,,2005,4.91711244047067
Afghanistan,,2004,2.54661861253936
Afghanistan,,2003,0.879776399549396
Afghanistan,,2002,0.116942011309976
Afghanistan,,2001,0.0
Afghanistan,,2000,0.0
Afghanistan,,1999,0.0
Afghanistan,,1998,0.0
Afghanistan,,1997,0.0
Afghanistan,,1996,0.0
Afghanistan,,1995,0.0
Afghanistan,,1994,0.0
Afghanistan,,1993,0.0
Afghanistan,,1992,0.0
Afghanistan,,1991,0.0
Afghanistan,,1990,0.0
Afghanistan,,1989,0.0
Afghanistan,,1988,0.0
Afghanistan,,1987,0.0
Afghanistan,,1986,0.0
Afghanistan,,1985,0.0
Afghanistan,,1984,0.0
Afghanistan,,1983,0.0
Afghanistan,,1982,0.0
Afghanistan,,1981,0.0
Afghanistan,,1980,0.0
Afghanistan,,1979,0.0
Afghanistan,,1978,0.0
Afghanistan,,1977,0.0
Afghanistan,,1976,0.0
Afghanistan,,1975,0.0
Afghanistan,,1970,0.0
Afghanistan,,1965,0.0
Afghanistan,,1960,0.0
Albania,,2024,89.1328603947682
Albania,,2023,92.9973271969712
Albania,,2022,98.3950391992101
Albania,,2021,92.4843357131703
Albania,,2020,91.1880900599383
Albania,,2019,91.1634968336332
Albania,,2018,93.8030862083918
Albania,,2017,125.099939894598
Albania,,2016,116.284011654089
Albania,,2015,117.329657576402
Albania,,2014,115.700565028176
Albania,,2013,126.771812779937
Albania,,2012,120.274748763232
Albania,,2011,106.474179667965
Albania,,2010,91.9299271149669
Albania,,2009,83.1929248865178
Albania,,2008,62.1341628437685
Albania,,2007,76.8284093980357
Albania,,2006,62.6025752513514
Albania,,2005,49.7452829974003
Albania,,2004,40.6495459161824
Albania,,2003,35.2780293564518
Albania,,2002,27.1529999757506
Albania,,2001,12.473224578717
Albania,,2000,0.940922534259296
Albania,,1999,0.343114336
Albania,,1998,0.173257946
Albania,,1997,0.101422403
Albania,,1996,0.070307774
Albania,,1995,0.0
Albania,,1994,0.0
Albania,,1993,0.0
Albania,,1992,0.0
Albania,,1991,0.0
Albania,,1990,0.0
Albania,,1989,0.0
Albania,,1988,0.0
Albania,,1987,0.0
Albania,,1986,0.0
Albania,,1985,0.0
Albania,,1984,0.0
Albania,,1983,0.0
Albania,,1982,0.0
Albania,,1981,0.0
Albania,,1980,0.0
Albania,,1979,0.0
Albania,,1978,0.0
Albania,,1977,0.0
Albania,,1976,0.0
Albania,,1975,0.0
Albania,,1970,0.0
Albania,,1965,0.0
Albania,,1960,0.0
Algeria,,2024,115.457278573892
Algeria,,2023,111.60623555659
Algeria,,2022,107.787115922596
Algeria,,2021,105.037092587919
Algeria,,2020,103.436671524065
Algeria,,2019,104.922068012909
Algeria,,2018,110.938066513767
Algeria,,2017,109.96986300969
Algeria,,2016,115.154200093555
Algeria,,2015,108.016371207167
Algeria,,2014,110.440351392657
Algeria,,2013,102.871008201635
Algeria,,2012,99.6853251935403
Algeria,,2011,96.5112947931918
Algeria,,2010,90.5823787597715
Algeria,,2009,92.2215091977573
Algeria,,2008,77.6388036853647
Algeria,,2007,80.6177005187804
Algeria,,2006,62.4502215801053
Algeria,,2005,41.2614463106668
Algeria,,2004,14.963746486714
Algeria,,2003,4.49693928527318
Algeria,,2002,1.41805404487787
Algeria,,2001,0.319170453012348
Algeria,,2000,0.278282092162305
Algeria,,1999,0.237262911
Algeria,,1998,0.060151043
Algeria,,1997,0.059031014
Algeria,,1996,0.040366216
Algeria,,1995,0.016472352
Algeria,,1994,0.004825141
Algeria,,1993,0.017478039
Algeria,,1992,0.017874031
Algeria,,1991,0.018294243
Algeria,,1990,0.001841832
Algeria,,1989,0.0
Algeria,,1988,0.0
Algeria,,1987,0.0
Algeria,,1986,0.0
Algeria,,1985,0.0
Algeria,,1984,0.0
Algeria,,1983,0.0
Algeria,,1982,0.0
Algeria,,1981,0.0
Algeria,,1980,0.0
Algeria,,1979,0.0
Algeria,,1978,0.0
Algeria,,1977,0.0
Algeria,,1976,0.0
Algeria,,1975,0.0
Algeria,,1970,0.0
Algeria,,1965,0.0
Algeria,,1960,0.0
Andorra,,2024,155.692108667529
Andorra,,2023,156.09725932522
Andorra,,2022,142.426447525249
Andorra,,2021,119.687611658415
Andorra,,2020,103.876970793487
Andorra,,2019,114.952794413788
Andorra,,2018,109.914584497485
Andorra,,2017,108.912327318574
Andorra,,2016,105.473739626772
Andorra,,2015,98.8389170615457
Andorra,,2014,89.8341402552314
Andorra,,2013,85.0214112828151
Andorra,,2012,83.1207538329385
Andorra,,2011,83.6223853541262
Andorra,,2010,81.1525784947835
Andorra,,2009,76.9466431432386
Andorra,,2008,76.8932271393497
Andorra,,2007,77.5590214590178
Andorra,,2006,86.7047810517057
Andorra,,2005,83.388228000155
Andorra,,2004,78.5280861083081
Andorra,,2003,74.6812307515183
Andorra,,2002,49.3038222115298
Andorra,,2001,44.6896069975096
Andorra,,2000,35.8422775367283
Andorra,,1999,31.37613282
Andorra,,1998,21.65649066
Andorra,,1997,13.32364491
Andorra,,1996,8.555349432
Andorra,,1995,4.489257564
Andorra,,1994,1.284466799
Andorra,,1993,1.318547569
Andorra,,1992,1.344203341
Andorra,,1991,0.0
Andorra,,1990,0.0
Andorra,,1989,0.0
Andorra,,1988,0.0
Andorra,,1987,0.0
Andorra,,1986,0.0
Andorra,,1985,0.0
Andorra,,1984,0.0
Andorra,,1983,0.0
Andorra,,1982,0.0
Andorra,,1981,0.0
Andorra,,1980,0.0
Andorra,,1979,0.0
Andorra,,1978,0.0
Andorra,,1977,0.0
Andorra,,1976,0.0
Andorra,,1975,0.0
Andorra,,1970,0.0
Andorra,,1965,0.0
Andorra,,1960,0.0
Angola,,2024,69.7039467163584
Angola,,2023,70.0519587723571
Angola,,2022,66.6008073123779
Angola,,2021,44.3868689341257
Angola,,2020,43.7804317055698
Angola,,2019,45.8065312825399
Angola,,2018,42.4588784507729
Angola,,2017,44.0682088632918
Angola,,2016,44.5502272379157
Angola,,2015,49.3097223014385
Angola,,2014,51.7384393645114
Angola,,2013,50.7734882643713
Angola,,2012,50.7801125088641
Angola,,2011,49.8515258181069
Angola,,2010,40.3667552771914
Angola,,2009,36.1789120059347
Angola,,2008,31.3891482115081
Angola,,2007,23.8781501760396
Angola,,2006,15.2614410221311
Angola,,2005,8.35158651156351
Angola,,2004,3.97840414704547
Angola,,2003,1.95054401229801
Angola,,2002,0.807954939660482
Angola,,2001,0.447835842249048
Angola,,2000,0.159346765941731
Angola,,1999,0.151221568
Angola,,1998,0.063903735
Angola,,1997,0.04742069
Angola,,1996,0.02292929
Angola,,1995,0.01433269
Angola,,1994,0.013549219
Angola,,1993,0.008436702
Angola,,1992,0.0
Angola,,1991,0.0
Angola,,1990,0.0
Angola,,1989,0.0
Angola,,1988,0.0
Angola,,1987,0.0
Angola,,1986,0.0
Angola,,1985,0.0
Angola,,1984,0.0
Angola,,1983,0.0
Angola,,1982,0.0
Angola,,1981,0.0
Angola,,1980,0.0
Angola,,1979,0.0
Angola,,1978,0.0
Angola,,1977,0.0
Angola,,1976,0.0
Angola,,1975,0.0
Angola,,1970,0.0
Angola,,1965,0.0
Angola,,1960,0.0
Antigua and Barbuda,,2022,200.540715208962
Antigua and Barbuda,,2021,199.244171566557
Antigua and Barbuda,,2020,200.3353439453
Antigua and Barbuda,,2019,201.392233264743
Antigua and Barbuda,,2017,203.386832913295
Antigua and Barbuda,,2016,200.06891262546
Antigua and Barbuda,,2015,196.848192016464
Antigua and Barbuda,,2014,135.234608235228
Antigua and Barbuda,,2013,129.857830668605
Antigua and Barbuda,,2012,145.978684391474
Antigua and Barbuda,,2011,203.8734188945
Antigua and Barbuda,,2010,196.870604781997
Antigua and Barbuda,,2009,160.294868900954
Antigua and Barbuda,,2008,164.743342338865
Antigua and Barbuda,,2007,137.546509350827
Antigua and Barbuda,,2006,136.689246191256
Antigua and Barbuda,,2005,108.025272889425
Antigua and Barbuda,,2004,68.5984323987856
Antigua and Barbuda,,2003,59.1905911355349
Antigua and Barbuda,,2002,49.5962716793021
Antigua and Barbuda,,2001,32.8648989733006
Antigua and Barbuda,,2000,29.367791542076
Antigua and Barbuda,,1999,11.51433874
Antigua and Barbuda,,1998,2.066912859
Antigua and Barbuda,,1997,1.965795164
Antigua and Barbuda,,1996,1.862517551
Antigua and Barbuda,,1990,0.0
Antigua and Barbuda,,1988,0.0
Antigua and Barbuda,,1987,0.0
Antigua and Barbuda,,1986,0.0
Antigua and Barbuda,,1985,0.0
Antigua and Barbuda,,1984,0.0
Antigua and Barbuda,,1983,0.0
Antigua and Barbuda,,1982,0.0
Antigua and Barbuda,,1981,0.0
Antigua and Barbuda,,1980,0.0
Antigua and Barbuda,,1979,0.0
Antigua and Barbuda,,1978,0.0
Antigua and Barbuda,,1977,0.0
Antigua and Barbuda,,1976,0.0
Antigua and Barbuda,,1975,0.0
Antigua and Barbuda,,1970,0.0
Antigua and Barbuda,,1965,0.0
Antigua and Barbuda,,1960,0.0
Argentina,,2024,140.234979049333
Argentina,,2023,137.706086781571
Argentina,,2022,131.483556254876
Argentina,,2021,130.352799939601
Argentina,,2020,121.180612527028
Argentina,,2019,125.302657911726
Argentina,,2018,131.224265691711
Argentina,,2017,139.758240519621
Argentina,,2016,145.146584717972
Argentina,,2015,142.240711022183
Argentina,,2014,142.325481008062
Argentina,,2013,158.190773641398
Argentina,,2012,152.573579717014
Argentina,,2011,145.511067881505
Argentina,,2010,138.251643415992
Argentina,,2009,128.461625505194
Argentina,,2008,115.051958547154
Argentina,,2007,100.962116800902
Argentina,,2006,79.5272791470117
Argentina,,2005,56.4972976242395
Argentina,,2004,34.8114495095259
Argentina,,2003,20.4095759030709
Argentina,,2002,17.2675582745316
Argentina,,2001,17.9184647370453
Argentina,,2000,17.4341720574717
Argentina,,1999,10.50082052
Argentina,,1998,7.371312411
Argentina,,1997,5.609433289
Argentina,,1996,1.884803688
Argentina,,1995,1.160057586
Argentina,,1994,0.6992523
Argentina,,1993,0.329148059
Argentina,,1992,0.13879172
Argentina,,1991,0.075515553
Argentina,,1990,0.036767345
Argentina,,1989,0.007150459
Argentina,,1988,0.0
Argentina,,1987,0.0
Argentina,,1986,0.0
Argentina,,1985,0.0
Argentina,,1984,0.0
Argentina,,1983,0.0
Argentina,,1982,0.0
Argentina,,1981,0.0
Argentina,,1980,0.0
Argentina,,1979,0.0
Argentina,,1978,0.0
Argentina,,1977,0.0
Argentina,,1976,0.0
Argentina,,1975,0.0
Argentina,,1970,0.0
Argentina,,1965,0.0
Argentina,,1960,0.0
Armenia,,2024,134.88694751567
Armenia,,2023,134.519957069953
Armenia,,2022,130.540072214196
Armenia,,2021,125.395134877327
Armenia,,2020,120.682370700808
Armenia,,2019,124.613701509519
Armenia,,2018,123.000001718234
Armenia,,2017,119.676441862212
Armenia,,2016,117.670797483754
Armenia,,2015,118.599112617962
Armenia,,2014,118.365417451689
Armenia,,2013,114.499722499571
Armenia,,2012,113.697353797808
Armenia,,2011,109.850061797213
Armenia,,2010,131.874825576119
Armenia,,2009,74.4012001967736
Armenia,,2008,48.7163807985838
Armenia,,2007,63.0764762494794
Armenia,,2006,42.1271966711889
Armenia,,2005,10.5790707738385
Armenia,,2004,6.72642653978887
Armenia,,2003,3.76374479757602
Armenia,,2002,2.33500129269578
Armenia,,2001,0.826884376573468
Armenia,,2000,0.559439575023003
Armenia,,1999,0.254551579
Armenia,,1998,0.241656509
Armenia,,1997,0.152838922
Armenia,,1996,0.009093946
Armenia,,1995,0.0
Armenia,,1994,0.0
Armenia,,1993,0.0
Armenia,,1992,0.0
Armenia,,1991,0.0
Armenia,,1990,0.0
Armenia,,1989,0.0
Armenia,,1988,0.0
Armenia,,1987,0.0
Armenia,,1986,0.0
Armenia,,1985,0.0
Armenia,,1984,0.0
Armenia,,1983,0.0
Armenia,,1982,0.0
Armenia,,1981,0.0
Armenia,,1980,0.0
Armenia,,1979,0.0
Armenia,,1978,0.0
Armenia,,1977,0.0
Armenia,,1976,0.0
Armenia,,1975,0.0
Armenia,,1970,0.0
Armenia,,1965,0.0
Armenia,,1960,0.0
Australia,,2024,112.581025002429
Australia,,2023,112.513177133796
Australia,,2022,109.469171081514
Australia,,2021,105.118514623956
Australia,,2020,104.930155780087
Australia,,2019,109.752830879788
Australia,,2018,110.033134941946
Australia,,2017,107.799761578952
Australia,,2016,109.128813718295
Australia,,2015,107.608142007003
Australia,,2014,106.206237340596
Australia,,2013,107.332200908321
Australia,,2012,106.499711805776
Australia,,2011,105.824012918279
Australia,,2010,101.618759744392
Australia,,2009,101.914285403427
Australia,,2008,103.506740034166
Australia,,2007,101.457683484383
Australia,,2006,95.9663115508423
Australia,,2005,90.7635520774358
Australia,,2004,82.208138535878
Australia,,2003,72.3884724574148
Australia,,2002,64.6581804718516
Australia,,2001,57.4838682925396
Australia,,2000,44.7511458399702
Australia,,1999,33.58883185
Australia,,1998,26.4384907
Australia,,1997,24.86658247
Australia,,1996,21.90881813
Australia,,1995,12.45348067
Australia,,1994,6.851813911
Australia,,1993,3.913447917
Australia,,1992,2.846098131
Australia,,1991,1.687554564
Australia,,1990,1.08483674
Australia,,1989,0.562786918
Australia,,1988,0.191348092
Australia,,1987,0.027202978
Australia,,1986,0.0
Australia,,1985,0.0
Australia,,1984,0.0
Australia,,1983,0.0
Australia,,1982,0.0
Australia,,1981,0.0
Australia,,1980,0.0
Australia,,1979,0.0
Australia,,1978,0.0
Australia,,1977,0.0
Australia,,1976,0.0
Australia,,1975,0.0
Australia,,1970,0.0
Australia,,1965,0.0
Australia,,1960,0.0
Austria,,2024,124.45929984531
Austria,,2023,121.746207105931
Austria,,2022,121.16645744796
Austria,,2021,121.357731973824
Austria,,2020,120.131806593244
Austria,,2019,120.776373862218
Austria,,2018,124.230205900482
Austria,,2017,123.414865109678
Austria,,2016,126.797525496643
Austria,,2015,155.837138171172
Austria,,2014,151.531145320495
Austria,,2013,156.483488704585
Austria,,2012,161.155633431895
Austria,,2011,155.15499918387
Austria,,2010,146.334314075685
Austria,,2009,137.015093709265
Austria,,2008,129.949191740297
Austria,,2007,119.465557954295
Austria,,2006,112.226293480282
Austria,,2005,105.295724835598
Austria,,2004,97.7795167328134
Austria,,2003,89.5525842580986
Austria,,2002,83.3494604310315
Austria,,2001,81.3331322283251
Austria,,2000,76.3391359562946
Austria,,1999,53.18724835
Austria,,1998,28.74798987
Austria,,1997,14.5561248
Austria,,1996,7.523308814
Austria,,1995,4.825981063
Austria,,1994,3.505812272
Austria,,1993,2.793816992
Austria,,1992,2.199426692
Austria,,1991,1.487975586
Austria,,1990,0.959768212
Austria,,1989,0.665683123
Austria,,1988,0.486618775
Austria,,1987,0.346297993
Austria,,1986,0.252456375
Austria,,1985,0.129090886
Austria,,1984,0.0
Austria,,1983,0.0
Austria,,1982,0.0
Austria,,1981,0.0
Austria,,1980,0.0
Austria,,1979,0.0
Austria,,1978,0.0
Austria,,1977,0.0
Austria,,1976,0.0
Austria,,1975,0.0
Austria,,1970,0.0
Austria,,1965,0.0
Austria,,1960,0.0
Azerbaijan,,2024,109.543149535867
Azerbaijan,,2023,107.686732782159
Azerbaijan,,2022,107.506296074404
Azerbaijan,,2021,105.693559477177
Azerbaijan,,2020,101.596683471276
Azerbaijan,,2019,106.328337689377
Azerbaijan,,2018,102.987275423455
Azerbaijan,,2017,101.589906615934
Azerbaijan,,2016,103.248460646417
Azerbaijan,,2015,109.682113433509
Azerbaijan,,2014,109.566699179266
Azerbaijan,,2013,106.583186813615
Azerbaijan,,2012,107.988529658291
Azerbaijan,,2011,109.333848306261
Azerbaijan,,2010,99.489026332669
Azerbaijan,,2009,85.7487495489887
Azerbaijan,,2008,73.2222415801691
Azerbaijan,,2007,51.1875940935928
Azerbaijan,,2006,38.1512458416462
Azerbaijan,,2005,26.0781124378406
Azerbaijan,,2004,17.1560025508035
Azerbaijan,,2003,12.5837298360937
Azerbaijan,,2002,9.53864176803325
Azerbaijan,,2001,8.84658578140377
Azerbaijan,,2000,5.14264289519541
Azerbaijan,,1999,4.56708367
Azerbaijan,,1998,0.808347519
Azerbaijan,,1997,0.499996125
Azerbaijan,,1996,0.213860635
Azerbaijan,,1995,0.076052086
Azerbaijan,,1994,0.006392325
Azerbaijan,,1993,0.0
Azerbaijan,,1992,0.0
Azerbaijan,,1991,0.0
Azerbaijan,,1990,0.0
Azerbaijan,,1989,0.0
Azerbaijan,,1988,0.0
Azerbaijan,,1987,0.0
Azerbaijan,,1986,0.0
Azerbaijan,,1985,0.0
Azerbaijan,,1984,0.0
Azerbaijan,,1983,0.0
Azerbaijan,,1982,0.0
Azerbaijan,,1981,0.0
Azerbaijan,,1980,0.0
Azerbaijan,,1979,0.0
Azerbaijan,,1978,0.0
Azerbaijan,,1977,0.0
Azerbaijan,,1976,0.0
Azerbaijan,,1975,0.0
Azerbaijan,,1970,0.0
Azerbaijan,,1965,0.0
Azerbaijan,,1960,0.0
Bahamas,,2024,96.6798992232414
Bahamas,,2023,100.047566593231
Bahamas,,2022,101.623744145214
Bahamas,,2021,100.257333370336
Bahamas,,2020,117.717493173143
Bahamas,,2019,107.811997212897
Bahamas,,2018,98.9789084760782
Bahamas,,2017,90.5386890661613
Bahamas,,2016,92.8218938037134
Bahamas,,2015,80.7521033045627
Bahamas,,2014,82.3551261058127
Bahamas,,2013,75.734985605075
Bahamas,,2012,79.9000716437309
Bahamas,,2011,80.3784477401548
Bahamas,,2010,116.572148536783
Bahamas,,2009,98.8980458091012
Bahamas,,2008,99.9804534792807
Bahamas,,2007,105.848573870615
Bahamas,,2006,72.6191603875135
Bahamas,,2005,66.2329089777664
Bahamas,,2004,54.7430411263693
Bahamas,,2003,36.4187856432015
Bahamas,,2002,36.7170867333707
Bahamas,,2001,18.4711258068058
Bahamas,,2000,9.7345870582241
Bahamas,,1999,4.96796473
Bahamas,,1998,2.55930602
Bahamas,,1997,1.998903827
Bahamas,,1996,1.622656855
Bahamas,,1995,1.36870147
Bahamas,,1993,0.833206091
Bahamas,,1992,0.922074099
Bahamas,,1991,0.731730289
Bahamas,,1990,0.710066167
Bahamas,,1989,0.0
Bahamas,,1988,0.0
Bahamas,,1987,0.0
Bahamas,,1986,0.0
Bahamas,,1985,0.0
Bahamas,,1984,0.0
Bahamas,,1983,0.0
Bahamas,,1982,0.0
Bahamas,,1981,0.0
Bahamas,,1980,0.0
Bahamas,,1979,0.0
Bahamas,,1978,0.0
Bahamas,,1977,0.0
Bahamas,,1976,0.0
Bahamas,,1975,0.0
Bahamas,,1970,0.0
Bahamas,,1965,0.0
Bahamas,,1960,0.0
Bahrain,,2024,159.536143577452
Bahrain,,2023,153.899937948583
Bahrain,,2022,139.636142863944
Bahrain,,2021,128.078912532195
Bahrain,,2020,119.41160169027
Bahrain,,2019,129.142743677937
Bahrain,,2018,139.735421260048
Bahrain,,2017,159.546894557674
Bahrain,,2016,209.489131255928
Bahrain,,2015,183.919614500055
Bahrain,,2014,177.400125528622
Bahrain,,2013,175.802157646776
Bahrain,,2012,174.619564368418
Bahrain,,2011,140.350600963929
Bahrain,,2010,129.157861073288
Bahrain,,2009,118.449482724389
Bahrain,,2008,128.559293450425
Bahrain,,2007,105.539410159778
Bahrain,,2006,91.2343231270699
Bahrain,,2005,82.2538826768918
Bahrain,,2004,74.5619329800492
Bahrain,,2003,54.6187733890809
Bahrain,,2002,51.7138462397484
Bahrain,,2001,42.8008331952294
Bahrain,,2000,30.7247368130219
Bahrain,,1999,19.283577
Bahrain,,1998,13.68999114
Bahrain,,1997,8.970155154
Bahrain,,1996,6.334195172
Bahrain,,1995,4.5029318
Bahrain,,1994,2.969385794
Bahrain,,1993,1.979935722
Bahrain,,1992,1.746352373
Bahrain,,1991,1.373514003
Bahrain,,1990,0.994746994
Bahrain,,1989,0.849606974
Bahrain,,1988,0.597100154
Bahrain,,1987,0.366937869
Bahrain,,1986,0.137273543
Bahrain,,1985,0.0
Bahrain,,1984,0.0
Bahrain,,1983,0.0
Bahrain,,1982,0.0
Bahrain,,1981,0.0
Bahrain,,1980,0.0
Bahrain,,1979,0.0
Bahrain,,1978,0.0
Bahrain,,1977,0.0
Bahrain,,1976,0.0
Bahrain,,1975,0.0
Bahrain,,1970,0.0
Bahrain,,1965,0.0
Bahrain,,1960,0.0
Bangladesh,,2024,108.077037369691
Bangladesh,,2023,111.280894357567
Bangladesh,,2022,109.8665408168
Bangladesh,,2021,110.012054001037
Bangladesh,,2020,106.002140470412
Bangladesh,,2019,100.399571155843
Bangladesh,,2018,98.9289060885788
Bangladesh,,2017,93.0689844922452
Bangladesh,,2016,84.5595499717024
Bangladesh,,2015,82.4275967039157
Bangladesh,,2014,80.3128212085608
Bangladesh,,2013,74.4595169116099
Bangladesh,,2012,62.6684314857059
Bangladesh,,2011,54.9307304807214
Bangladesh,,2010,44.6274657883724
Bangladesh,,2009,34.0412611569965
Bangladesh,,2008,29.8646728911139
Bangladesh,,2007,23.2246555051103
Bangladesh,,2006,13.0670782127175
Bangladesh,,2005,6.21908656184889
Bangladesh,,2004,1.94646914544521
Bangladesh,,2003,0.968288714837633
Bangladesh,,2002,0.773750591091469
Bangladesh,,2001,0.380100815893711
Bangladesh,,2000,0.207366638129846
Bangladesh,,1999,0.117549767
Bangladesh,,1998,0.060313402
Bangladesh,,1997,0.021304625
Bangladesh,,1996,0.003336757
Bangladesh,,1995,0.002122361
Bangladesh,,1994,0.000954894
Bangladesh,,1993,0.000440844
Bangladesh,,1992,0.000224674
Bangladesh,,1991,0.0
Bangladesh,,1990,0.0
Bangladesh,,1989,0.0
Bangladesh,,1988,0.0
Bangladesh,,1987,0.0
Bangladesh,,1986,0.0
Bangladesh,,1985,0.0
Bangladesh,,1984,0.0
Bangladesh,,1983,0.0
Bangladesh,,1982,0.0
Bangladesh,,1981,0.0
Bangladesh,,1980,0.0
Bangladesh,,1979,0.0
Bangladesh,,1978,0.0
Bangladesh,,1977,0.0
Bangladesh,,1976,0.0
Bangladesh,,1975,0.0
Bangladesh,,1970,0.0
Bangladesh,,1965,0.0
Bangladesh,,1960,0.0
Barbados,,2022,114.580721030894
Barbados,,2021,112.222706603295
Barbados,,2020,104.722078254017
Barbados,,2019,117.111593950364
Barbados,,2018,117.318523321138
Barbados,,2017,117.629947424965
Barbados,,2016,118.816300545784
Barbados,,2015,120.001433743145
Barbados,,2014,109.738888010692
Barbados,,2013,110.819872868385
Barbados,,2012,126.127869775907
Barbados,,2011,125.993430844611
Barbados,,2010,127.182525986129
Barbados,,2009,122.959766236325
Barbados,,2008,105.84788459705
Barbados,,2007,94.9529651145646
Barbados,,2006,87.8212013244346
Barbados,,2005,76.7344234963119
Barbados,,2004,74.8744846575732
Barbados,,2003,52.6759376316898
Barbados,,2002,36.794902857489
Barbados,,2001,20.2385443460036
Barbados,,2000,10.8626551630715
Barbados,,1999,7.687852519
Barbados,,1998,4.551626827
Barbados,,1997,3.044175303
Barbados,,1996,2.390846062
Barbados,,1995,1.759027693
Barbados,,1994,1.133688941
Barbados,,1993,0.59771031
Barbados,,1992,0.305904416
Barbados,,1991,0.187353991
Barbados,,1990,0.0
Barbados,,1989,0.0
Barbados,,1988,0.0
Barbados,,1987,0.0
Barbados,,1986,0.0
Barbados,,1985,0.0
Barbados,,1984,0.0
Barbados,,1983,0.0
Barbados,,1982,0.0
Barbados,,1981,0.0
Barbados,,1980,0.0
Barbados,,1979,0.0
Barbados,,1978,0.0
Barbados,,1977,0.0
Barbados,,1976,0.0
Barbados,,1975,0.0
Barbados,,1970,0.0
Barbados,,1965,0.0
Barbados,,1960,0.0
Belarus,,2024,131.123016605614
Belarus,,2023,128.979176539764
Belarus,,2022,128.314999383533
Belarus,,2021,127.117317282369
Belarus,,2020,125.164732031333
Belarus,,2019,123.229810991965
Belarus,,2018,122.56975741957
Belarus,,2017,120.212652133209
Belarus,,2016,120.431507778029
Belarus,,2015,120.669626204229
Belarus,,2014,120.366076944418
Belarus,,2013,117.433516760028
Belarus,,2012,112.822416305227
Belarus,,2011,112.901923256589
Belarus,,2010,108.873353765855
Belarus,,2009,101.881315451425
Belarus,,2008,85.2943083888757
Belarus,,2007,72.7794960082642
Belarus,,2006,62.0314078756574
Belarus,,2005,42.4034825573205
Belarus,,2004,23.0022194964587
Belarus,,2003,11.4044672869282
Belarus,,2002,4.6855962201662
Belarus,,2001,1.39191079953693
Belarus,,2000,0.493959102272144
Belarus,,1999,0.22755487
Belarus,,1998,0.117354959
Belarus,,1997,0.07852187
Belarus,,1996,0.062741587
Belarus,,1995,0.056367534
Belarus,,1994,0.016457615
Belarus,,1993,0.00309146
Belarus,,1992,0.0
Belarus,,1991,0.0
Belarus,,1990,0.0
Belarus,,1989,0.0
Belarus,,1988,0.0
Belarus,,1987,0.0
Belarus,,1986,0.0
Belarus,,1985,0.0
Belarus,,1984,0.0
Belarus,,1983,0.0
Belarus,,1982,0.0
Belarus,,1981,0.0
Belarus,,1980,0.0
Belarus,,1979,0.0
Belarus,,1978,0.0
Belarus,,1977,0.0
Belarus,,1976,0.0
Belarus,,1975,0.0
Belarus,,1970,0.0
Belarus,,1965,0.0
Belarus,,1960,0.0
Belgium,,2024,103.90465332676
Belgium,,2023,103.196426365374
Belgium,,2022,101.680355820653
Belgium,,2021,101.462935633736
Belgium,,2020,99.9100614924974
Belgium,,2019,100.164960666171
Belgium,,2018,100.164027018171
Belgium,,2017,99.8303971992992
Belgium,,2016,110.74871736226
Belgium,,2015,113.29233233425
Belgium,,2014,113.600257053471
Belgium,,2013,110.348677756715
Belgium,,2012,110.856223685615
Belgium,,2011,113.201845409997
Belgium,,2010,111.131540934105
Belgium,,2009,108.89957259523
Belgium,,2008,105.901150619606
Belgium,,2007,101.059979052266
Belgium,,2006,93.3538336751532
Belgium,,2005,91.6575960459919
Belgium,,2004,87.6254594919709
Belgium,,2003,82.937725153379
Belgium,,2002,78.40702767732
Belgium,,2001,74.8225625264654
Belgium,,2000,54.9078754319886
Belgium,,1999,31.16718928
Belgium,,1998,17.23787063
Belgium,,1997,9.596319875
Belgium,,1996,4.72351216
Belgium,,1995,2.330395105
Belgium,,1994,1.271910668
Belgium,,1993,0.67475874
Belgium,,1992,0.613590337
Belgium,,1991,0.514865721
Belgium,,1990,0.430541108
Belgium,,1989,0.30985683
Belgium,,1988,0.193123711
Belgium,,1987,0.07295796
Belgium,,1986,0.038410913
Belgium,,1985,0.0
Belgium,,1984,0.0
Belgium,,1983,0.0
Belgium,,1982,0.0
Belgium,,1981,0.0
Belgium,,1980,0.0
Belgium,,1979,0.0
Belgium,,1978,0.0
Belgium,,1977,0.0
Belgium,,1976,0.0
Belgium,,1975,0.0
Belgium,,1970,0.0
Belgium,,1965,0.0
Belgium,,1960,0.0
Belize,,2022,67.1750266305468
Belize,,2021,66.7769498110516
Belize,,2020,67.551661668526
Belize,,2019,66.0704612665196
Belize,,2018,64.7801570644827
Belize,,2017,64.1585522049721
Belize,,2016,61.1255672392756
Belize,,2015,59.4797562953754
Belize,,2014,49.3805223502033
Belize,,2013,51.1127633354507
Belize,,2012,51.5597433121819
Belize,,2011,67.9524470054812
Belize,,2010,60.6413839404206
Belize,,2009,51.751680986776
Belize,,2008,52.5796669087038
Belize,,2007,39.9574468085106
Belize,,2006,40.989585866235
Belize,,2005,34.3186847364075
Belize,,2004,27.6051941933394
Belize,,2003,22.8990067480476
Belize,,2002,20.2059302602643
Belize,,2001,15.7642151711699
Belize,,2000,6.98175656875651
Belize,,1999,2.832000619
Belize,,1998,1.571760772
Belize,,1997,1.171718474
Belize,,1996,1.040792985
Belize,,1995,0.759987424
Belize,,1994,0.419321022
Belize,,1993,0.205997621
Belize,,1992,0.0
Belize,,1991,0.0
Belize,,1990,0.0
Belize,,1989,0.0
Belize,,1988,0.0
Belize,,1987,0.0
Belize,,1986,0.0
Belize,,1985,0.0
Belize,,1984,0.0
Belize,,1983,0.0
Belize,,1982,0.0
Belize,,1981,0.0
Belize,,1980,0.0
Belize,,1979,0.0
Belize,,1978,0.0
Belize,,1977,0.0
Belize,,1976,0.0
Belize,,1975,0.0
Belize,,1970,0.0
Belize,,1965,0.0
Belize,,1960,0.0
Benin,,2024,125.940873932186
Benin,,2023,116.036046685168
Benin,,2022,105.745019386968
Benin,,2021,94.9182598289459
Benin,,2020,85.2390738023357
Benin,,2019,81.3235345537806
Benin,,2018,76.4080341122638
Benin,,2017,72.867145412956
Benin,,2016,76.0182091705462
Benin,,2015,82.0193349324746
Benin,,2014,78.5170340826712
Benin,,2013,89.9019164924958
Benin,,2012,80.8628905531314
Benin,,2011,76.9318013957922
Benin,,2010,72.2115392074128
Benin,,2009,52.9301199452375
Benin,,2008,39.2846004959004
Benin,,2007,22.9147096667411
Benin,,2006,12.1442265152632
Benin,,2005,7.07639223825275
Benin,,2004,5.62957112640203
Benin,,2003,2.98461911748538
Benin,,2002,2.85026524912103
Benin,,2001,1.67884478287568
Benin,,2000,0.768193392645056
Benin,,1999,0.107076743
Benin,,1998,0.095471222
Benin,,1997,0.067245695
Benin,,1996,0.043634125
Benin,,1995,0.017365389
Benin,,1994,0.0
Benin,,1993,0.0
Benin,,1992,0.0
Benin,,1991,0.0
Benin,,1990,0.0
Benin,,1989,0.0
Benin,,1988,0.0
Benin,,1987,0.0
Benin,,1986,0.0
Benin,,1985,0.0
Benin,,1984,0.0
Benin,,1983,0.0
Benin,,1982,0.0
Benin,,1981,0.0
Benin,,1980,0.0
Benin,,1979,0.0
Benin,,1978,0.0
Benin,,1977,0.0
Benin,,1976,0.0
Benin,,1975,0.0
Benin,,1970,0.0
Benin,,1965,0.0
Benin,,1960,0.0
Bhutan,,2024,99.7576826476519
Bhutan,,2023,95.6260610260877
Bhutan,,2022,95.129809428439
Bhutan,,2021,100.330908049861
Bhutan,,2020,96.7702849068709
Bhutan,,2019,95.3472955869586
Bhutan,,2018,92.6022594006784
Bhutan,,2017,96.8565690310008
Bhutan,,2016,93.382103211003
Bhutan,,2015,91.2409636276731
Bhutan,,2014,85.1865744422272
Bhutan,,2013,75.052704292039
Bhutan,,2012,78.1969080371794
Bhutan,,2011,68.2555256231877
Bhutan,,2010,56.1998312505701
Bhutan,,2009,48.8391730116371
Bhutan,,2008,36.9241102584538
Bhutan,,2007,22.0203318101912
Bhutan,,2006,12.235856046297
Bhutan,,2005,5.43917566271067
Bhutan,,2004,2.94184559384146
Bhutan,,2003,0.35363507056235
Bhutan,,2002,0.0
Bhutan,,2001,0.0
Bhutan,,2000,0.0
Bhutan,,1999,0.0
Bhutan,,1998,0.0
Bhutan,,1997,0.0
Bhutan,,1996,0.0
Bhutan,,1995,0.0
Bhutan,,1994,0.0
Bhutan,,1993,0.0
Bhutan,,1992,0.0
Bhutan,,1991,0.0
Bhutan,,1990,0.0
Bhutan,,1989,0.0
Bhutan,,1988,0.0
Bhutan,,1987,0.0
Bhutan,,1986,0.0
Bhutan,,1985,0.0
Bhutan,,1984,0.0
Bhutan,,1983,0.0
Bhutan,,1982,0.0
Bhutan,,1981,0.0
Bhutan,,1980,0.0
Bhutan,,1979,0.0
Bhutan,,1978,0.0
Bhutan,,1977,0.0
Bhutan,,1976,0.0
Bhutan,,1975,0.0
Bhutan,,1970,0.0
Bhutan,,1965,0.0
Bhutan,,1960,0.0
Bolivia,,2024,98.0287940811943
Bolivia,,2022,101.57150434614
Bolivia,,2021,100.809064985893
Bolivia,,2020,99.898817726261
Bolivia,,2019,100.14945954148
Bolivia,,2018,99.4565867202022
Bolivia,,2017,96.6383703523099
Bolivia,,2016,90.3953302409119
Bolivia,,2015,92.2660116634989
Bolivia,,2014,96.3263792565653
Bolivia,,2013,97.5951190945133
Bolivia,,2012,90.2755917829226
Bolivia,,2011,80.7163040735906
Bolivia,,2010,70.5072652714085
Bolivia,,2009,64.5388630004667
Bolivia,,2008,51.1488440905351
Bolivia,,2007,33.5992508744616
Bolivia,,2006,30.2062270674877
Bolivia,,2005,25.8675957086363
Bolivia,,2004,19.5646767642078
Bolivia,,2003,14.1297800170153
Bolivia,,2002,11.4976649807789
Bolivia,,2001,8.91055094087152
Bolivia,,2000,6.76967151836916
Bolivia,,1999,4.980938617
Bolivia,,1998,2.887342571
Bolivia,,1997,1.455376388
Bolivia,,1996,0.418055648
Bolivia,,1995,0.092189324
Bolivia,,1994,0.052718307
Bolivia,,1993,0.035244269
Bolivia,,1992,0.020975279
Bolivia,,1991,0.004071835
Bolivia,,1990,0.0
Bolivia,,1989,0.0
Bolivia,,1988,0.0
Bolivia,,1987,0.0
Bolivia,,1986,0.0
Bolivia,,1985,0.0
Bolivia,,1984,0.0
Bolivia,,1983,0.0
Bolivia,,1982,0.0
Bolivia,,1981,0.0
Bolivia,,1980,0.0
Bolivia,,1979,0.0
Bolivia,,1978,0.0
Bolivia,,1977,0.0
Bolivia,,1976,0.0
Bolivia,,1975,0.0
Bolivia,,1970,0.0
Bolivia,,1965,0.0
Bolivia,,1960,0.0
Bosnia Herzegovina,,2024,121.232373011893
Bosnia Herzegovina,,2023,117.733690876159
Bosnia Herzegovina,,2022,118.944352880459
Bosnia Herzegovina,,2021,114.911613799718
Bosnia Herzegovina,,2020,106.374742411306
Bosnia Herzegovina,,2019,112.254788698841
Bosnia Herzegovina,,2018,102.186536758193
Bosnia Herzegovina,,2017,100.332576774399
Bosnia Herzegovina,,2016,98.0143984902979
Bosnia Herzegovina,,2015,97.8678378339204
Bosnia Herzegovina,,2014,97.9342347136426
Bosnia Herzegovina,,2013,96.6063476862431
Bosnia Herzegovina,,2012,91.4833140015035
Bosnia Herzegovina,,2011,84.7529182494619
Bosnia Herzegovina,,2010,81.6018850459875
Bosnia Herzegovina,,2009,83.953916109979
Bosnia Herzegovina,,2008,80.5319966034577
Bosnia Herzegovina,,2007,61.0557219969781
Bosnia Herzegovina,,2006,46.4605864436346
Bosnia Herzegovina,,2005,38.9202910880111
Bosnia Herzegovina,,2004,33.9880564705951
Bosnia Herzegovina,,2003,25.7217681941681
Bosnia Herzegovina,,2002,17.879170067254
Bosnia Herzegovina,,2001,10.6404497446786
Bosnia Herzegovina,,2000,2.24497935102678
Bosnia Herzegovina,,1999,1.266718581
Bosnia Herzegovina,,1998,0.611923183
Bosnia Herzegovina,,1997,0.222345857
Bosnia Herzegovina,,1996,0.03838526
Bosnia Herzegovina,,1995,0.0
Bosnia Herzegovina,,1994,0.0
Bosnia Herzegovina,,1993,0.0
Bosnia Herzegovina,,1992,0.0
Bosnia Herzegovina,,1991,0.0
Bosnia Herzegovina,,1990,0.0
Bosnia Herzegovina,,1989,0.0
Bosnia Herzegovina,,1988,0.0
Bosnia Herzegovina,,1987,0.0
Bosnia Herzegovina,,1986,0.0
Bosnia Herzegovina,,1985,0.0
Bosnia Herzegovina,,1984,0.0
Bosnia Herzegovina,,1983,0.0
Bosnia Herzegovina,,1982,0.0
Bosnia Herzegovina,,1981,0.0
Bosnia Herzegovina,,1980,0.0
Bosnia Herzegovina,,1979,0.0
Bosnia Herzegovina,,1978,0.0
Bosnia Herzegovina,,1977,0.0
Bosnia Herzegovina,,1976,0.0
Bosnia Herzegovina,,1975,0.0
Bosnia Herzegovina,,1970,0.0
Bosnia Herzegovina,,1965,0.0
Bosnia Herzegovina,,1960,0.0
Botswana,,2024,163.999922257361
Botswana,,2023,179.027305378019
Botswana,,2022,178.205018910673
Botswana,,2021,173.25235140068
Botswana,,2020,161.858815314634
Botswana,,2019,160.661520194607
Botswana,,2018,147.06483856362
Botswana,,2017,142.962095019868
Botswana,,2016,147.172960511479
Botswana,,2015,157.734742812171
Botswana,,2014,157.018320070864
Botswana,,2013,151.670682520804
Botswana,,2012,146.149158429435
Botswana,,2011,139.870462760455
Botswana,,2010,116.2460387062
Botswana,,2009,94.1440909682303
Botswana,,2008,76.195582496141
Botswana,,2007,60.2637294559808
Botswana,,2006,43.9084008885494
Botswana,,2005,30.6423744630755
Botswana,,2004,28.9318073913231
Botswana,,2003,25.0587925232129
Botswana,,2002,19.0435033296786
Botswana,,2001,19.4050649027539
Botswana,,2000,13.2462372912074
Botswana,,1999,5.438773013
Botswana,,1998,0.917437288
Botswana,,1997,0.0
Botswana,,1996,0.0
Botswana,,1995,0.0
Botswana,,1994,0.0
Botswana,,1993,0.0
Botswana,,1992,0.0
Botswana,,1991,0.0
Botswana,,1990,0.0
Botswana,,1989,0.0
Botswana,,1988,0.0
Botswana,,1987,0.0
Botswana,,1986,0.0
Botswana,,1985,0.0
Botswana,,1984,0.0
Botswana,,1983,0.0
Botswana,,1982,0.0
Botswana,,1981,0.0
Botswana,,1980,0.0
Botswana,,1979,0.0
Botswana,,1978,0.0
Botswana,,1977,0.0
Botswana,,1976,0.0
Botswana,,1975,0.0
Botswana,,1970,0.0
Botswana,,1965,0.0
Botswana,,1960,0.0
Brazil,,2024,101.926846460424
Brazil,,2023,101.020256020808
Brazil,,2022,101.245468903076
Brazil,,2021,104.824727184587
Brazil,,2020,98.6456198619193
Brazil,,2019,97.3747376780285
Brazil,,2018,101.602460284017
Brazil,,2017,108.092570205646
Brazil,,2016,120.101181531485
Brazil,,2015,127.83616904008
Brazil,,2014,140.304679417776
Brazil,,2013,136.589138644321
Brazil,,2012,126.131962754994
Brazil,,2011,120.008104166504
Brazil,,2010,101.666503279892
Brazil,,2009,88.1849371150662
Brazil,,2008,79.1319735150735
Brazil,,2007,64.1626170391327
Brazil,,2006,53.5317215669585
Brazil,,2005,46.6788794368512
Brazil,,2004,35.9134794819895
Brazil,,2003,25.6741091130257
Brazil,,2002,19.540774901626
Brazil,,2001,16.3049193714237
Brazil,,2000,13.3251349993215
Brazil,,1999,8.665064415
Brazil,,1998,4.307896658
Brazil,,1997,2.69954844
Brazil,,1996,1.504575585
Brazil,,1995,0.786185011
Brazil,,1994,0.356570578
Brazil,,1993,0.114869348
Brazil,,1992,0.020525874
Brazil,,1991,0.004369477
Brazil,,1990,0.000442582
Brazil,,1989,0.0
Brazil,,1988,0.0
Brazil,,1987,0.0
Brazil,,1986,0.0
Brazil,,1985,0.0
Brazil,,1984,0.0
Brazil,,1983,0.0
Brazil,,1982,0.0
Brazil,,1981,0.0
Brazil,,1980,0.0
Brazil,,1979,0.0
Brazil,,1978,0.0
Brazil,,1977,0.0
Brazil,,1976,0.0
Brazil,,1975,0.0
Brazil,,1970,0.0
Brazil,,1965,0.0
Brazil,,1960,0.0
Brunei,,2024,118.130579766209
Brunei,,2023,118.673752421293
Brunei,,2022,116.108439291126
Brunei,,2021,133.597065445264
Brunei,,2020,119.933885258067
Brunei,,2019,129.845260684919
Brunei,,2018,129.268175692652
Brunei,,2017,125.870435240727
Brunei,,2016,122.42681797345
Brunei,,2015,109.751499246824
Brunei,,2014,108.471265746851
Brunei,,2013,114.010632244007
Brunei,,2012,115.8258888393
Brunei,,2011,110.959741004384
Brunei,,2010,110.901991170743
Brunei,,2009,107.255450030134
Brunei,,2008,105.575540044416
Brunei,,2007,98.7232826331386
Brunei,,2006,82.6516537186389
Brunei,,2005,64.8898349474529
Brunei,,2004,57.3668715341828
Brunei,,2003,51.16735951442
Brunei,,2002,45.1771395975878
Brunei,,2001,42.8996985105521
Brunei,,2000,29.1032522118472
Brunei,,1999,20.18070908
Brunei,,1998,15.34552338
Brunei,,1997,14.36712801
Brunei,,1996,14.21442475
Brunei,,1995,11.99644263
Brunei,,1994,5.351515401
Brunei,,1993,2.916621299
Brunei,,1992,1.479006258
Brunei,,1991,1.120951605
Brunei,,1990,0.676521792
Brunei,,1988,0.0
Brunei,,1987,0.0
Brunei,,1986,0.0
Brunei,,1985,0.0
Brunei,,1984,0.0
Brunei,,1983,0.0
Brunei,,1982,0.0
Brunei,,1981,0.0
Brunei,,1980,0.0
Brunei,,1979,0.0
Brunei,,1978,0.0
Brunei,,1977,0.0
Brunei,,1976,0.0
Brunei,,1975,0.0
Brunei,,1970,0.0
Brunei,,1965,0.0
Brunei,,1960,0.0
Bulgaria,,2024,118.067152838789
Bulgaria,,2023,117.932685806225
Bulgaria,,2022,116.679163253179
Bulgaria,,2021,114.911988483727
Bulgaria,,2020,114.596737765322
Bulgaria,,2019,116.616975862125
Bulgaria,,2018,119.394511829255
Bulgaria,,2017,120.595632675282
Bulgaria,,2016,125.906027330453
Bulgaria,,2015,128.103256321093
Bulgaria,,2014,131.33514197996
Bulgaria,,2013,144.355146876635
Bulgaria,,2012,147.337862138845
Bulgaria,,2011,141.938313217096
Bulgaria,,2010,137.140251847404
Bulgaria,,2009,139.620815193781
Bulgaria,,2008,138.396717869014
Bulgaria,,2007,130.455029782962
Bulgaria,,2006,108.024848258457
Bulgaria,,2005,81.1550542231694
Bulgaria,,2004,61.0332759957829
Bulgaria,,2003,44.8575798628698
Bulgaria,,2002,33.0395170761223
Bulgaria,,2001,19.549844030083
Bulgaria,,2000,9.22440041397309
Bulgaria,,1999,4.288006531
Bulgaria,,1998,1.542211607
Bulgaria,,1997,0.841450728
Bulgaria,,1996,0.316471968
Bulgaria,,1995,0.246768535
Bulgaria,,1994,0.076037034
Bulgaria,,1993,0.01161233
Bulgaria,,1992,0.0
Bulgaria,,1991,0.0
Bulgaria,,1990,0.0
Bulgaria,,1989,0.0
Bulgaria,,1988,0.0
Bulgaria,,1987,0.0
Bulgaria,,1986,0.0
Bulgaria,,1985,0.0
Bulgaria,,1984,0.0
Bulgaria,,1983,0.0
Bulgaria,,1982,0.0
Bulgaria,,1981,0.0
Bulgaria,,1980,0.0
Bulgaria,,1979,0.0
Bulgaria,,1978,0.0
Bulgaria,,1977,0.0
Bulgaria,,1976,0.0
Bulgaria,,1975,0.0
Bulgaria,,1970,0.0
Bulgaria,,1965,0.0
Bulgaria,,1960,0.0
Burkina Faso,,2024,116.5895933212
Burkina Faso,,2023,116.16313821519
Burkina Faso,,2022,113.996146792235
Burkina Faso,,2021,112.198419449151
Burkina Faso,,2020,102.972844247019
Burkina Faso,,2019,97.1498646690919
Burkina Faso,,2018,94.6219614871852
Burkina Faso,,2017,90.2081424191231
Burkina Faso,,2016,79.6697942824089
Burkina Faso,,2015,76.9373292602998
Burkina Faso,,2014,68.5395525408019
Burkina Faso,,2013,63.5243073500025
Burkina Faso,,2012,58.0942130771516
Burkina Faso,,2011,46.1057641177709
Burkina Faso,,2010,35.2848311173407
Burkina Faso,,2009,24.3386946942171
Burkina Faso,,2008,19.819973570747
Burkina Faso,,2007,12.5404933901545
Burkina Faso,,2006,7.07267095398563
Burkina Faso,,2005,4.54743329498311
Burkina Faso,,2004,2.93276569154714
Burkina Faso,,2003,1.81993821991034
Burkina Faso,,2002,0.875434916000028
Burkina Faso,,2001,0.619650213936542
Burkina Faso,,2000,0.211688420806896
Burkina Faso,,1999,0.043663904
Burkina Faso,,1998,0.024372687
Burkina Faso,,1997,0.01379234
Burkina Faso,,1996,0.00494294
Burkina Faso,,1995,0.0
Burkina Faso,,1994,0.0
Burkina Faso,,1993,0.0
Burkina Faso,,1992,0.0
Burkina Faso,,1991,0.0
Burkina Faso,,1990,0.0
Burkina Faso,,1989,0.0
Burkina Faso,,1988,0.0
Burkina Faso,,1987,0.0
Burkina Faso,,1986,0.0
Burkina Faso,,1985,0.0
Burkina Faso,,1984,0.0
Burkina Faso,,1983,0.0
Burkina Faso,,1982,0.0
Burkina Faso,,1981,0.0
Burkina Faso,,1980,0.0
Burkina Faso,,1979,0.0
Burkina Faso,,1978,0.0
Burkina Faso,,1977,0.0
Burkina Faso,,1976,0.0
Burkina Faso,,1975,0.0
Burkina Faso,,1970,0.0
Burkina Faso,,1965,0.0
Burkina Faso,,1960,0.0
Burundi,,2023,63.1631365759764
Burundi,,2022,56.2599912004244
Burundi,,2021,59.700785493419
Burundi,,2020,52.5571219738138
Burundi,,2019,53.2995504978403
Burundi,,2018,53.2736942349584
Burundi,,2017,51.4533280518012
Burundi,,2016,47.6697304877258
Burundi,,2015,45.2379254099088
Burundi,,2014,29.567783062348
Burundi,,2013,24.3006814319026
Burundi,,2012,22.3127768088819
Burundi,,2011,19.7014852266593
Burundi,,2010,17.8962195049637
Burundi,,2009,10.2904048729688
Burundi,,2008,5.65018234377978
Burundi,,2007,3.30806380985543
Burundi,,2006,2.54273479009152
Burundi,,2005,2.01652788429717
Burundi,,2004,1.37552635495365
Burundi,,2003,0.908683808418785
Burundi,,2002,0.76200167288675
Burundi,,2001,0.503680457737854
Burundi,,2000,0.252233549720457
Burundi,,1999,0.012944607
Burundi,,1998,0.010272826
Burundi,,1997,0.010449264
Burundi,,1996,0.009459562
Burundi,,1995,0.0095065
Burundi,,1994,0.006766423
Burundi,,1993,0.006354384
Burundi,,1992,0.0
Burundi,,1991,0.0
Burundi,,1990,0.0
Burundi,,1989,0.0
Burundi,,1988,0.0
Burundi,,1987,0.0
Burundi,,1986,0.0
Burundi,,1985,0.0
Burundi,,1984,0.0
Burundi,,1983,0.0
Burundi,,1982,0.0
Burundi,,1981,0.0
Burundi,,1980,0.0
Burundi,,1979,0.0
Burundi,,1978,0.0
Burundi,,1977,0.0
Burundi,,1976,0.0
Burundi,,1975,0.0
Burundi,,1970,0.0
Burundi,,1965,0.0
Burundi,,1960,0.0
Cape Verde,,2024,111.84067886381
Cape Verde,,2023,113.022968194497
Cape Verde,,2022,113.247367438782
Cape Verde,,2021,114.230551109167
Cape Verde,,2020,105.838590655535
Cape Verde,,2019,115.867801067488
Cape Verde,,2018,118.876152819844
Cape Verde,,2017,119.373631537182
Cape Verde,,2016,117.442454843782
Cape Verde,,2015,119.335511344785
Cape Verde,,2014,119.724160007495
Cape Verde,,2013,97.5075406315584
Cape Verde,,2012,83.0756609467629
Cape Verde,,2011,77.511257275925
Cape Verde,,2010,72.9467774586884
Cape Verde,,2009,57.4189800865767
Cape Verde,,2008,55.3839096049705
Cape Verde,,2007,30.6761522803765
Cape Verde,,2006,22.182960825549
Cape Verde,,2005,16.8456963812704
Cape Verde,,2004,13.7221770240107
Cape Verde,,2003,11.2682542465615
Cape Verde,,2002,9.19588220432249
Cape Verde,,2001,6.84498786642421
Cape Verde,,2000,4.3521420992374
Cape Verde,,1999,1.794376227
Cape Verde,,1998,0.231705489
Cape Verde,,1997,0.004644099
Cape Verde,,1996,0.0
Cape Verde,,1995,0.0
Cape Verde,,1994,0.0
Cape Verde,,1993,0.0
Cape Verde,,1992,0.0
Cape Verde,,1991,0.0
Cape Verde,,1990,0.0
Cape Verde,,1989,0.0
Cape Verde,,1988,0.0
Cape Verde,,1987,0.0
Cape Verde,,1986,0.0
Cape Verde,,1985,0.0
Cape Verde,,1984,0.0
Cape Verde,,1983,0.0
Cape Verde,,1982,0.0
Cape Verde,,1981,0.0
Cape Verde,,1980,0.0
Cape Verde,,1979,0.0
Cape Verde,,1978,0.0
Cape Verde,,1977,0.0
Cape Verde,,1976,0.0
Cape Verde,,1975,0.0
Cape Verde,,1970,0.0
Cape Verde,,1965,0.0
Cape Verde,,1960,0.0
Cambodia,,2024,116.091961125929
Cambodia,,2023,120.80911943838
Cambodia,,2022,113.391506572248
Cambodia,,2021,117.234785164989
Cambodia,,2020,126.075894769858
Cambodia,,2019,129.957441474291
Cambodia,,2018,119.309943480982
Cambodia,,2017,115.551192369591
Cambodia,,2016,125.627644524442
Cambodia,,2015,133.45841400103
Cambodia,,2014,132.832921082419
Cambodia,,2013,133.580989792625
Cambodia,,2012,127.835438875055
Cambodia,,2011,93.4414773928272
Cambodia,,2010,56.2093511731757
Cambodia,,2009,43.9033649673842
Cambodia,,2008,30.1491182361321
Cambodia,,2007,18.6632056449428
Cambodia,,2006,12.6229669738929
Cambodia,,2005,7.90225491067104
Cambodia,,2004,6.50447336378519
Cambodia,,2003,3.81878187119913
Cambodia,,2002,2.95599281258127
Cambodia,,2001,1.76528247774378
Cambodia,,2000,1.04753234064625
Cambodia,,1999,0.748944912
Cambodia,,1998,0.525705675
Cambodia,,1997,0.293538009
Cambodia,,1996,0.206552816
Cambodia,,1995,0.12912646
Cambodia,,1994,0.096264199
Cambodia,,1993,0.046956377
Cambodia,,1992,0.0
Cambodia,,1991,0.0
Cambodia,,1990,0.0
Cambodia,,1989,0.0
Cambodia,,1988,0.0
Cambodia,,1987,0.0
Cambodia,,1986,0.0
Cambodia,,1985,0.0
Cambodia,,1984,0.0
Cambodia,,1983,0.0
Cambodia,,1982,0.0
Cambodia,,1981,0.0
Cambodia,,1980,0.0
Cambodia,,1979,0.0
Cambodia,,1978,0.0
Cambodia,,1977,0.0
Cambodia,,1976,0.0
Cambodia,,1975,0.0
Cambodia,,1970,0.0
Cambodia,,1965,0.0
Cambodia,,1960,0.0
Cameroon,,2024,108.213130152497
Cameroon,,2023,96.4817325902196
Cameroon,,2022,89.8274190453067
Cameroon,,2021,80.8081013360278
Cameroon,,2020,85.2721639882676
Cameroon,,2019,83.9044001051513
Cameroon,,2018,74.3995446655806
Cameroon,,2017,83.4502920413828
Cameroon,,2016,79.8046154795305
Cameroon,,2015,79.7800672605612
Cameroon,,2014,77.2399893326772
Cameroon,,2013,73.1912475512065
Cameroon,,2012,62.9906520229266
Cameroon,,2011,51.831042080032
Cameroon,,2010,43.9120552066482
Cameroon,,2009,41.8757501710529
Cameroon,,2008,33.1693465336812
Cameroon,,2007,25.1303387011205
Cameroon,,2006,17.8682237967473
Cameroon,,2005,13.1921614065904
Cameroon,,2004,9.2162740321822
Cameroon,,2003,6.66446374271828
Cameroon,,2002,4.4609440140897
Cameroon,,2001,2.72572763691018
Cameroon,,2000,0.692560554874589
Cameroon,,1999,0.040819178
Cameroon,,1998,0.034929378
Cameroon,,1997,0.030126572
Cameroon,,1996,0.025782073
Cameroon,,1995,0.021193421
Cameroon,,1994,0.012452465
Cameroon,,1993,0.0
Cameroon,,1992,0.0
Cameroon,,1991,0.0
Cameroon,,1990,0.0
Cameroon,,1989,0.0
Cameroon,,1988,0.0
Cameroon,,1987,0.0
Cameroon,,1986,0.0
Cameroon,,1985,0.0
Cameroon,,1984,0.0
Cameroon,,1983,0.0
Cameroon,,1982,0.0
Cameroon,,1981,0.0
Cameroon,,1980,0.0
Cameroon,,1979,0.0
Cameroon,,1978,0.0
Cameroon,,1977,0.0
Cameroon,,1976,0.0
Cameroon,,1975,0.0
Cameroon,,1970,0.0
Cameroon,,1965,0.0
Cameroon,,1960,0.0
Canada,,2024,94.1059718794246
Canada,,2023,94.1497268194785
Canada,,2022,91.2386689983444
Canada,,2021,87.4056019628826
Canada,,2020,84.7747749116615
Canada,,2019,90.9589210049458
Canada,,2018,89.0494584998715
Canada,,2017,86.1024018448784
Canada,,2016,84.5919452304565
Canada,,2015,82.767383138656
Canada,,2014,80.790219211487
Canada,,2013,80.3548920843149
Canada,,2012,79.3757242462141
Canada,,2011,77.6722584904981
Canada,,2010,75.5197130593625
Canada,,2009,70.3944880872526
Canada,,2008,66.0481445157618
Canada,,2007,61.2755204244533
Canada,,2006,57.2331332804484
Canada,,2005,52.4553306173799
Canada,,2004,46.743691888986
Canada,,2003,41.7477031538849
Canada,,2002,37.6463700029969
Canada,,2001,34.1165640836358
Canada,,2000,28.2502125240149
Canada,,1999,22.73384365
Canada,,1998,17.73439489
Canada,,1997,14.03819836
Canada,,1996,11.81927704
Canada,,1995,8.842031473
Canada,,1994,6.437896665
Canada,,1993,4.649694019
Canada,,1992,3.621504167
Canada,,1991,2.7692662
Canada,,1990,2.110719507
Canada,,1989,1.266968346
Canada,,1988,0.75566853
Canada,,1987,0.37207101
Canada,,1986,0.229743594
Canada,,1985,0.046432581
Canada,,1984,0.0
Canada,,1983,0.0
Canada,,1982,0.0
Canada,,1981,0.0
Canada,,1980,0.0
Canada,,1979,0.0
Canada,,1978,0.0
Canada,,1977,0.0
Canada,,1976,0.0
Canada,,1975,0.0
Canada,,1970,0.0
Canada,,1965,0.0
Canada,,1960,0.0
Central African Republic,,2022,38.8217901039988
Central African Republic,,2021,35.8169832358522
Central African Republic,,2020,36.426009643045
Central African Republic,,2019,32.2626859489842
Central African Republic,,2018,26.2215810621653
Central African Republic,,2017,24.5204193752763
Central African Republic,,2016,26.4835649048309
Central African Republic,,2015,26.8396654368244
Central African Republic,,2014,24.9962039132355
Central African Republic,,2013,29.3015343940304
Central African Republic,,2012,24.7918387246771
Central African Republic,,2011,21.7401847658532
Central African Republic,,2010,21.7946380977499
Central African Republic,,2009,19.0689343696367
Central African Republic,,2008,12.5027857083947
Central African Republic,,2007,7.61858666254367
Central African Republic,,2006,2.51280445195849
Central African Republic,,2005,2.33164910546282
Central African Republic,,2004,1.43101573974212
Central African Republic,,2003,0.974875983588938
Central African Republic,,2002,0.31452216220507
Central African Republic,,2001,0.280648972684436
Central African Republic,,2000,0.129571118814133
Central African Republic,,1999,0.113860194
Central African Republic,,1998,0.045934475
Central African Republic,,1997,0.039612869
Central African Republic,,1996,0.031841169
Central African Republic,,1995,0.001342812
Central African Republic,,1994,0.0
Central African Republic,,1993,0.0
Central African Republic,,1992,0.0
Central African Republic,,1991,0.0
Central African Republic,,1990,0.0
Central African Republic,,1989,0.0
Central African Republic,,1988,0.0
Central African Republic,,1987,0.0
Central African Republic,,1986,0.0
Central African Republic,,1985,0.0
Central African Republic,,1984,0.0
Central African Republic,,1983,0.0
Central African Republic,,1982,0.0
Central African Republic,,1981,0.0
Central African Republic,,1980,0.0
Central African Republic,,1979,0.0
Central African Republic,,1978,0.0
Central African Republic,,1977,0.0
Central African Republic,,1976,0.0
Central African Republic,,1975,0.0
Central African Republic,,1970,0.0
Central African Republic,,1965,0.0
Central African Republic,,1960,0.0
Chad,,2024,72.9289782617702
Chad,,2023,70.1873962423852
Chad,,2022,65.4377795535985
Chad,,2021,58.0323175441615
Chad,,2020,50.434327397335
Chad,,2019,45.9378876746208
Chad,,2018,43.2279057924006
Chad,,2017,40.7648866631048
Chad,,2016,36.9555838356879
Chad,,2015,37.3152541289811
Chad,,2014,37.0123277165075
Chad,,2013,33.3154384690936
Chad,,2012,33.3228572133612
Chad,,2011,28.7390189115685
Chad,,2010,23.3525805934177
Chad,,2009,19.1808238172742
Chad,,2008,13.9417805187318
Chad,,2007,8.28716997272972
Chad,,2006,4.35334898001424
Chad,,2005,2.03328940137249
Chad,,2004,1.2399148551477
Chad,,2003,0.685087943685349
Chad,,2002,0.375156644353256
Chad,,2001,0.249882895788383
Chad,,2000,0.0646139556980874
Chad,,1999,0.0
Chad,,1998,0.0
Chad,,1997,0.0
Chad,,1996,0.0
Chad,,1995,0.0
Chad,,1994,0.0
Chad,,1993,0.0
Chad,,1992,0.0
Chad,,1991,0.0
Chad,,1990,0.0
Chad,,1989,0.0
Chad,,1988,0.0
Chad,,1987,0.0
Chad,,1986,0.0
Chad,,1985,0.0
Chad,,1984,0.0
Chad,,1983,0.0
Chad,,1982,0.0
Chad,,1981,0.0
Chad,,1980,0.0
Chad,,1979,0.0
Chad,,1978,0.0
Chad,,1977,0.0
Chad,,1976,0.0
Chad,,1975,0.0
Chad,,1970,0.0
Chad,,1965,0.0
Chad,,1960,0.0
Chile,,2024,132.660408764665
Chile,,2023,135.871118507277
Chile,,2022,135.114280974065
Chile,,2021,136.571581265001
Chile,,2020,129.413740104604
Chile,,2019,130.492770400522
Chile,,2018,133.270134198082
Chile,,2017,124.000811902967
Chile,,2016,127.565123343064
Chile,,2015,128.583971575207
Chile,,2014,132.559670334991
Chile,,2013,133.778091102587
Chile,,2012,136.656261082535
Chile,,2011,128.604683221629
Chile,,2010,115.54453101319
Chile,,2009,96.7106593278871
Chile,,2008,87.8710347676476
Chile,,2007,83.706530292478
Chile,,2006,75.4173719554466
Chile,,2005,64.650532290548
Chile,,2004,57.2138183202879
Chile,,2003,45.3565896058797
Chile,,2002,39.3765893078697
Chile,,2001,32.5225204603793
Chile,,2000,21.940177255205
Chile,,1999,14.89605908
Chile,,1998,6.429716534
Chile,,1997,2.766776987
Chile,,1996,2.185860172
Chile,,1995,1.368639745
Chile,,1994,0.814113391
Chile,,1993,0.608541585
Chile,,1992,0.467541804
Chile,,1991,0.266451437
Chile,,1990,0.104332892
Chile,,1989,0.037216408
Chile,,1988,0.0
Chile,,1987,0.0
Chile,,1986,0.0
Chile,,1985,0.0
Chile,,1984,0.0
Chile,,1983,0.0
Chile,,1982,0.0
Chile,,1981,0.0
Chile,,1980,0.0
Chile,,1979,0.0
Chile,,1978,0.0
Chile,,1977,0.0
Chile,,1976,0.0
Chile,,1975,0.0
Chile,,1970,0.0
Chile,,1965,0.0
Chile,,1960,0.0
China,,2024,131.753932036803
China,,2023,128.247014127486
China,,2022,124.195248970763
China,,2021,121.491918368395
China,,2020,120.496715387079
China,,2019,122.670391850252
China,,2018,116.229125477063
China,,2017,104.073181609424
China,,2016,97.2138770934621
China,,2015,92.5401171363348
China,,2014,92.6612034094217
China,,2013,89.130227261039
China,,2012,81.2075981633238
China,,2011,72.5052393725573
China,,2010,63.5563376954813
China,,2009,55.6574567487616
China,,2008,48.075790702641
China,,2007,41.280765820364
China,,2006,34.9802047114251
China,,2005,30.030370302192
China,,2004,25.7141478183928
China,,2003,20.8535640719574
China,,2002,16.0082608205277
China,,2001,11.3253430460055
China,,2000,6.71560052077804
China,,1999,3.448689963
China,,1998,1.913884263
China,,1997,1.069072913
China,,1996,0.557926117
China,,1995,0.29791213
China,,1994,0.129878018
China,,1993,0.053350925
China,,1992,0.014946866
China,,1991,0.004061416
China,,1990,0.001587842
China,,1989,0.000864322
China,,1988,0.000289186
China,,1987,6.38e-05
China,,1986,0.0
China,,1985,0.0
China,,1984,0.0
China,,1983,0.0
China,,1982,0.0
China,,1981,0.0
China,,1980,0.0
China,,1979,0.0
China,,1978,0.0
China,,1977,0.0
China,,1976,0.0
China,,1975,0.0
China,,1970,0.0
China,,1965,0.0
China,,1960,0.0
Colombia,,2024,174.094289675393
Colombia,,2023,166.980107777443
Colombia,,2022,156.195161137443
Colombia,,2021,146.627837254516
Colombia,,2020,133.661019178018
Colombia,,2019,132.810761644655
Colombia,,2018,131.595473810882
Colombia,,2017,129.272014227481
Colombia,,2016,123.709953422515
Colombia,,2015,122.051401385652
Colombia,,2014,118.822639860142
Colombia,,2013,108.978088379372
Colombia,,2012,107.329081558437
Colombia,,2011,102.07868984477
Colombia,,2010,99.3307638628387
Colombia,,2009,95.2296035956824
Colombia,,2008,94.5289757435806
Colombia,,2007,78.5031210785872
Colombia,,2006,69.7164658550249
Colombia,,2005,51.8645230811088
Colombia,,2004,25.0355900853115
Colombia,,2003,15.1113691091837
Colombia,,2002,11.3989596445651
Colombia,,2001,8.22292038567728
Colombia,,2000,5.7733558721281
Colombia,,1999,5.096626456
Colombia,,1998,4.744384773
Colombia,,1997,3.391517836
Colombia,,1996,1.42730078
Colombia,,1995,0.763384012
Colombia,,1994,0.245938139
Colombia,,1993,0.0
Colombia,,1992,0.0
Colombia,,1991,0.0
Colombia,,1990,0.0
Colombia,,1989,0.0
Colombia,,1988,0.0
Colombia,,1987,0.0
Colombia,,1986,0.0
Colombia,,1985,0.0
Colombia,,1984,0.0
Colombia,,1983,0.0
Colombia,,1982,0.0
Colombia,,1981,0.0
Colombia,,1980,0.0
Colombia,,1979,0.0
Colombia,,1978,0.0
Colombia,,1977,0.0
Colombia,,1976,0.0
Colombia,,1975,0.0
Colombia,,1970,0.0
Colombia,,1965,0.0
Colombia,,1960,0.0
Comoros,,2023,109.855630436495
Comoros,,2022,100.549036907747
Comoros,,2021,104.311430086999
Comoros,,2020,97.4339379901591
Comoros,,2019,73.1291747290161
Comoros,,2018,64.6590805998004
Comoros,,2017,61.9708221164076
Comoros,,2016,61.2597928387402
Comoros,,2015,58.4555555249752
Comoros,,2014,53.8297097833741
Comoros,,2013,49.9143914322486
Comoros,,2012,41.5930930270088
Comoros,,2011,32.3981821883195
Comoros,,2010,25.2396019766781
Comoros,,2009,19.097526742862
Comoros,,2008,14.578099401405
Comoros,,2007,10.0666691521039
Comoros,,2006,6.09786144095193
Comoros,,2005,2.61913318721665
Comoros,,2004,1.44273158097757
Comoros,,2003,0.351001583017139
Comoros,,2002,0.0
Comoros,,2001,0.0
Comoros,,2000,0.0
Comoros,,1999,0.0
Comoros,,1998,0.0
Comoros,,1997,0.0
Comoros,,1996,0.0
Comoros,,1995,0.0
Comoros,,1994,0.0
Comoros,,1993,0.0
Comoros,,1992,0.0
Comoros,,1991,0.0
Comoros,,1990,0.0
Comoros,,1989,0.0
Comoros,,1988,0.0
Comoros,,1987,0.0
Comoros,,1986,0.0
Comoros,,1985,0.0
Comoros,,1984,0.0
Comoros,,1983,0.0
Comoros,,1982,0.0
Comoros,,1981,0.0
Comoros,,1980,0.0
Comoros,,1979,0.0
Comoros,,1978,0.0
Comoros,,1977,0.0
Comoros,,1976,0.0
Comoros,,1975,0.0
Comoros,,1970,0.0
Comoros,,1965,0.0
Comoros,,1960,0.0
Democratic Republic of the Congo,,2024,58.532153345468
Democratic Republic of the Congo,,2023,53.1888827659463
Democratic Republic of the Congo,,2022,48.6773534153863
Democratic Republic of the Congo,,2021,47.2882541992485
Democratic Republic of the Congo,,2020,42.5027574227056
Democratic Republic of the Congo,,2019,39.9399996397964
Democratic Republic of the Congo,,2018,40.5014483221793
Democratic Republic of the Congo,,2017,40.6222618919854
Democratic Republic of the Congo,,2016,34.4098982787676
Democratic Republic of the Congo,,2015,46.5879368397055
Democratic Republic of the Congo,,2014,47.3232446178692
Democratic Republic of the Congo,,2013,37.2504622843341
Democratic Republic of the Congo,,2012,27.4285479176207
Democratic Republic of the Congo,,2011,22.081904226281
Democratic Republic of the Congo,,2010,17.2401170438218
Democratic Republic of the Congo,,2009,14.2422314241676
Democratic Republic of the Congo,,2008,15.4333274152911
Democratic Republic of the Congo,,2007,10.5509558026352
Democratic Republic of the Congo,,2006,7.28434192555525
Democratic Republic of the Congo,,2005,4.672156824474
Democratic Republic of the Congo,,2004,3.49263315540874
Democratic Republic of the Congo,,2003,2.25178518877259
Democratic Republic of the Congo,,2002,1.04185030828723
Democratic Republic of the Congo,,2001,0.287727578607846
Democratic Republic of the Congo,,2000,0.0296985937240694
Democratic Republic of the Congo,,1999,0.025409066
Democratic Republic of the Congo,,1998,0.021788617
Democratic Republic of the Congo,,1997,0.019856233
Democratic Republic of the Congo,,1996,0.016319607
Democratic Republic of the Congo,,1995,0.019636928
Democratic Republic of the Congo,,1991,0.0
Democratic Republic of the Congo,,1990,0.0
Democratic Republic of the Congo,,1989,0.0
Democratic Republic of the Congo,,1988,0.0
Democratic Republic of the Congo,,1987,0.0
Democratic Republic of the Congo,,1986,0.0
Democratic Republic of the Congo,,1985,0.0
Democratic Republic of the Congo,,1984,0.0
Democratic Republic of the Congo,,1983,0.0
Democratic Republic of the Congo,,1982,0.0
Democratic Republic of the Congo,,1981,0.0
Democratic Republic of the Congo,,1980,0.0
Democratic Republic of the Congo,,1979,0.0
Democratic Republic of the Congo,,1978,0.0
Democratic Republic of the Congo,,1977,0.0
Democratic Republic of the Congo,,1976,0.0
Democratic Republic of the Congo,,1975,0.0
Democratic Republic of the Congo,,1970,0.0
Democratic Republic of the Congo,,1965,0.0
Democratic Republic of the Congo,,1960,0.0
Republic of the Congo,,2024,95.5319320614796
Republic of the Congo,,2023,94.8715365076336
Republic of the Congo,,2022,93.6259259161068
Republic of the Congo,,2021,95.8614998889206
Republic of the Congo,,2020,97.6561289989503
Republic of the Congo,,2019,91.0654212529473
Republic of the Congo,,2018,91.1889913731567
Republic of the Congo,,2017,94.4868175378447
Republic of the Congo,,2016,103.857589492921
Republic of the Congo,,2015,102.323043027664
Republic of the Congo,,2014,99.0799617354116
Republic of the Congo,,2013,95.9371427265534
Republic of the Congo,,2012,90.3528989863831
Republic of the Congo,,2011,84.2730931396327
Republic of the Congo,,2010,83.3372102664775
Republic of the Congo,,2009,68.8659935406248
Republic of the Congo,,2008,43.9283464733463
Republic of the Congo,,2007,32.3490426913675
Republic of the Congo,,2006,23.9093357002081
Republic of the Congo,,2005,15.1009916964998
Republic of the Congo,,2004,10.7599828806407
Republic of the Congo,,2003,9.57700682550374
Republic of the Congo,,2002,6.61937207884394
Republic of the Congo,,2001,4.58359981873391
Republic of the Congo,,2000,2.22127377357922
Republic of the Congo,,1999,0.165746278
Republic of the Congo,,1998,0.115417379
Republic of the Congo,,1996,0.035503862
Republic of the Congo,,1995,0.0
Republic of the Congo,,1994,0.0
Republic of the Congo,,1993,0.0
Republic of the Congo,,1992,0.0
Republic of the Congo,,1991,0.0
Republic of the Congo,,1990,0.0
Republic of the Congo,,1989,0.0
Republic of the Congo,,1988,0.0
Republic of the Congo,,1987,0.0
Republic of the Congo,,1986,0.0
Republic of the Congo,,1985,0.0
Republic of the Congo,,1984,0.0
Republic of the Congo,,1983,0.0
Republic of the Congo,,1982,0.0
Republic of the Congo,,1981,0.0
Republic of the Congo,,1980,0.0
Republic of the Congo,,1979,0.0
Republic of the Congo,,1978,0.0
Republic of the Congo,,1977,0.0
Republic of the Congo,,1976,0.0
Republic of the Congo,,1975,0.0
Republic of the Congo,,1970,0.0
Republic of the Congo,,1965,0.0
Republic of the Congo,,1960,0.0
Costa Rica,,2024,136.024511151268
Costa Rica,,2023,133.527658761832
Costa Rica,,2022,136.518375013406
Costa Rica,,2021,140.788061157457
Costa Rica,,2020,142.481526800044
Costa Rica,,2019,144.514079558713
Costa Rica,,2018,171.357339055205
Costa Rica,,2017,179.931274611112
Costa Rica,,2016,171.166374015358
Costa Rica,,2015,156.403893036958
Costa Rica,,2014,147.26739567441
Costa Rica,,2013,150.800664186252
Costa Rica,,2012,115.312137778965
Costa Rica,,2011,90.0914848759163
Costa Rica,,2010,68.6654541894774
Costa Rica,,2009,43.3424130142933
Costa Rica,,2008,42.4897794081876
Costa Rica,,2007,34.4322741543401
Costa Rica,,2006,33.4090120194199
Costa Rica,,2005,25.8447071744375
Costa Rica,,2004,21.977782317376
Costa Rica,,2003,18.8050161593357
Costa Rica,,2002,12.3286155401335
Costa Rica,,2001,8.15535850187094
Costa Rica,,2000,5.37399761639865
Costa Rica,,1999,3.541727008
Costa Rica,,1998,2.846322652
Costa Rica,,1997,1.721843643
Costa Rica,,1996,1.272648304
Costa Rica,,1995,0.524790252
Costa Rica,,1994,0.200191909
Costa Rica,,1993,0.133113211
Costa Rica,,1992,0.090549498
Costa Rica,,1991,0.0
Costa Rica,,1990,0.0
Costa Rica,,1989,0.0
Costa Rica,,1988,0.0
Costa Rica,,1987,0.0
Costa Rica,,1986,0.0
Costa Rica,,1985,0.0
Costa Rica,,1984,0.0
Costa Rica,,1983,0.0
Costa Rica,,1982,0.0
Costa Rica,,1981,0.0
Costa Rica,,1980,0.0
Costa Rica,,1979,0.0
Costa Rica,,1978,0.0
Costa Rica,,1977,0.0
Costa Rica,,1976,0.0
Costa Rica,,1975,0.0
Costa Rica,,1970,0.0
Costa Rica,,1965,0.0
Costa Rica,,1960,0.0
Ivory Coast,,2024,183.875985110648
Ivory Coast,,2023,171.988943341282
Ivory Coast,,2022,161.231833444196
Ivory Coast,,2021,150.343798608733
Ivory Coast,,2020,138.663750301785
Ivory Coast,,2019,132.574011521792
Ivory Coast,,2018,123.098008449044
Ivory Coast,,2017,118.755063895419
Ivory Coast,,2016,105.624772864173
Ivory Coast,,2015,100.638777689061
Ivory Coast,,2014,90.1219840101242
Ivory Coast,,2013,80.9986810652982
Ivory Coast,,2012,77.1273355805099
Ivory Coast,,2011,75.4688103733356
Ivory Coast,,2010,69.3658791896946
Ivory Coast,,2009,59.9342847557544
Ivory Coast,,2008,48.5675503786085
Ivory Coast,,2007,35.5088438452275
Ivory Coast,,2006,19.7861496888908
Ivory Coast,,2005,11.7071226897453
Ivory Coast,,2004,8.54468997193162
Ivory Coast,,2003,6.69625990207232
Ivory Coast,,2002,5.50560497365526
Ivory Coast,,2001,4.00763786041553
Ivory Coast,,2000,2.67219556535498
Ivory Coast,,1999,1.573080065
Ivory Coast,,1998,0.575143814
Ivory Coast,,1997,0.234750142
Ivory Coast,,1996,0.091479639
Ivory Coast,,1995,0.0
Ivory Coast,,1994,0.0
Ivory Coast,,1993,0.0
Ivory Coast,,1992,0.0
Ivory Coast,,1991,0.0
Ivory Coast,,1990,0.0
Ivory Coast,,1989,0.0
Ivory Coast,,1988,0.0
Ivory Coast,,1987,0.0
Ivory Coast,,1986,0.0
Ivory Coast,,1985,0.0
Ivory Coast,,1984,0.0
Ivory Coast,,1983,0.0
Ivory Coast,,1982,0.0
Ivory Coast,,1981,0.0
Ivory Coast,,1980,0.0
Ivory Coast,,1979,0.0
Ivory Coast,,1978,0.0
Ivory Coast,,1977,0.0
Ivory Coast,,1976,0.0
Ivory Coast,,1975,0.0
Ivory Coast,,1970,0.0
Ivory Coast,,1965,0.0
Ivory Coast,,1960,0.0
Croatia,,2024,121.732525659138
Croatia,,2023,117.112604314708
Croatia,,2022,114.677195729643
Croatia,,2021,112.169438491978
Croatia,,2020,110.666299439701
Croatia,,2019,110.493802074789
Croatia,,2018,109.034035401906
Croatia,,2017,105.794763679153
Croatia,,2016,106.718403536951
Croatia,,2015,105.543643003646
Croatia,,2014,105.732295385283
Croatia,,2013,111.281756214292
Croatia,,2012,116.719313041118
Croatia,,2011,119.489612280253
Croatia,,2010,114.582326334034
Croatia,,2009,108.455735141618
Croatia,,2008,105.56585256074
Croatia,,2007,116.650501835747
Croatia,,2006,101.839751610362
Croatia,,2005,84.6023570995094
Croatia,,2004,65.7880083228617
Croatia,,2003,58.9153701941586
Croatia,,2002,53.709175243893
Croatia,,2001,40.8037620371098
Croatia,,2000,23.8782923669213
Croatia,,1999,6.405622704
Croatia,,1998,3.916366162
Croatia,,1997,2.555942822
Croatia,,1996,1.364742106
Croatia,,1995,0.700796738
Croatia,,1994,0.449514112
Croatia,,1993,0.237500944
Croatia,,1992,0.131712739
Croatia,,1991,0.041675938
Croatia,,1990,0.004924384
Croatia,,1989,0.0
Croatia,,1988,0.0
Croatia,,1987,0.0
Croatia,,1986,0.0
Croatia,,1985,0.0
Croatia,,1984,0.0
Croatia,,1983,0.0
Croatia,,1982,0.0
Croatia,,1981,0.0
Croatia,,1980,0.0
Croatia,,1979,0.0
Croatia,,1978,0.0
Croatia,,1977,0.0
Croatia,,1976,0.0
Croatia,,1975,0.0
Croatia,,1970,0.0
Croatia,,1965,0.0
Croatia,,1960,0.0
Cuba,,2024,72.930002350684
Cuba,,2023,69.5767786567811
Cuba,,2022,68.7180442358013
Cuba,,2021,63.8661095570576
Cuba,,2020,59.6058696780721
Cuba,,2019,53.9383385257639
Cuba,,2018,47.8601543156489
Cuba,,2017,41.0193113711099
Cuba,,2016,35.3988758000897
Cuba,,2015,29.5816121680895
Cuba,,2014,22.4242641732624
Cuba,,2013,17.663909552762
Cuba,,2012,14.8776339391366
Cuba,,2011,11.6367981053254
Cuba,,2010,8.87827465571973
Cuba,,2009,5.49952592888765
Cuba,,2008,2.93785859106843
Cuba,,2007,1.75642086059413
Cuba,,2006,1.35403043830989
Cuba,,2005,1.20340377502297
Cuba,,2004,0.674425176594278
Cuba,,2003,0.315414327443357
Cuba,,2002,0.159705935664212
Cuba,,2001,0.0769822180857154
Cuba,,2000,0.0588346014068275
Cuba,,1999,0.04639527
Cuba,,1998,0.036759914
Cuba,,1997,0.027222812
Cuba,,1996,0.022138038
Cuba,,1995,0.017745518
Cuba,,1994,0.010581227
Cuba,,1993,0.004612149
Cuba,,1992,0.002169932
Cuba,,1991,0.0
Cuba,,1990,0.0
Cuba,,1989,0.0
Cuba,,1988,0.0
Cuba,,1987,0.0
Cuba,,1986,0.0
Cuba,,1985,0.0
Cuba,,1984,0.0
Cuba,,1983,0.0
Cuba,,1982,0.0
Cuba,,1981,0.0
Cuba,,1980,0.0
Cuba,,1979,0.0
Cuba,,1978,0.0
Cuba,,1977,0.0
Cuba,,1976,0.0
Cuba,,1975,0.0
Cuba,,1970,0.0
Cuba,,1965,0.0
Cuba,,1960,0.0
Cyprus,,2024,156.218025662252
Cyprus,,2023,148.333712748344
Cyprus,,2022,146.71583605521
Cyprus,,2021,142.051408905141
Cyprus,,2020,135.588846364133
Cyprus,,2019,137.76052748227
Cyprus,,2018,134.843630644799
Cyprus,,2017,133.940473480537
Cyprus,,2016,130.334521209334
Cyprus,,2015,128.631974994212
Cyprus,,2014,129.042983271375
Cyprus,,2013,127.862906976744
Cyprus,,2012,128.74435044617
Cyprus,,2011,126.559628770302
Cyprus,,2010,123.133007859014
Cyprus,,2009,119.340861921621
Cyprus,,2008,127.586773748275
Cyprus,,2007,127.29417825863
Cyprus,,2006,114.498614592954
Cyprus,,2005,105.175134408602
Cyprus,,2004,89.8
Cyprus,,2003,76.3248028772998
Cyprus,,2002,58.5586380832282
Cyprus,,2001,44.557760453579
Cyprus,,2000,31.3009318996416
Cyprus,,1999,21.9622013
Cyprus,,1998,17.04920193
Cyprus,,1997,13.62085308
Cyprus,,1996,10.62299265
Cyprus,,1995,6.773274417
Cyprus,,1994,3.589671362
Cyprus,,1993,2.44295302
Cyprus,,1992,1.594988536
Cyprus,,1991,0.862497899
Cyprus,,1990,0.544701415
Cyprus,,1989,0.23753304
Cyprus,,1988,0.030037547
Cyprus,,1987,0.0
Cyprus,,1986,0.0
Cyprus,,1985,0.0
Cyprus,,1984,0.0
Cyprus,,1983,0.0
Cyprus,,1982,0.0
Cyprus,,1981,0.0
Cyprus,,1980,0.0
Cyprus,,1979,0.0
Cyprus,,1978,0.0
Cyprus,,1977,0.0
Cyprus,,1976,0.0
Cyprus,,1975,0.0
Cyprus,,1970,0.0
Cyprus,,1965,0.0
Cyprus,,1960,0.0
Czechia,,2024,126.600163061009
Czechia,,2023,126.004753501387
Czechia,,2022,128.105295003482
Czechia,,2021,126.173145654465
Czechia,,2020,123.219460160155
Czechia,,2019,124.126150238634
Czechia,,2018,120.431679514249
Czechia,,2017,119.874291148129
Czechia,,2016,118.544499080322
Czechia,,2015,118.339820565816
Czechia,,2014,132.288685248373
Czechia,,2013,130.521237278882
Czechia,,2012,128.69010077246
Czechia,,2011,125.460303933748
Czechia,,2010,123.605282283555
Czechia,,2009,125.349158452872
Czechia,,2008,132.778736616777
Czechia,,2007,127.966877622661
Czechia,,2006,120.394905647853
Czechia,,2005,114.549637539441
Czechia,,2004,105.078395353483
Czechia,,2003,94.7289136642016
Czechia,,2002,84.0881284066711
Czechia,,2001,67.8967401672567
Czechia,,2000,42.454744664448
Czechia,,1999,18.97282769
Czechia,,1998,9.406584208
Czechia,,1997,5.12050537
Czechia,,1996,1.945627333
Czechia,,1995,0.474218514
Czechia,,1994,0.294817456
Czechia,,1993,0.136089876
Czechia,,1992,0.04510736
Czechia,,1991,0.012054318
Czechia,,1990,0.0
Czechia,,1989,0.0
Czechia,,1988,0.0
Czechia,,1987,0.0
Czechia,,1986,0.0
Czechia,,1985,0.0
Czechia,,1984,0.0
Czechia,,1983,0.0
Czechia,,1982,0.0
Czechia,,1981,0.0
Czechia,,1980,0.0
Czechia,,1979,0.0
Czechia,,1978,0.0
Czechia,,1977,0.0
Czechia,,1976,0.0
Czechia,,1975,0.0
Czechia,,1970,0.0
Czechia,,1965,0.0
Czechia,,1960,0.0
Denmark,,2024,126.686532566268
Denmark,,2023,126.717092547985
Denmark,,2022,126.48354098254
Denmark,,2021,125.604137839658
Denmark,,2020,124.370019531752
Denmark,,2019,124.573359763273
Denmark,,2018,124.550124408336
Denmark,,2017,123.86211468599
Denmark,,2016,121.941164424922
Denmark,,2015,124.553508356615
Denmark,,2014,126.869141573913
Denmark,,2013,125.21344682497
Denmark,,2012,130.416027276514
Denmark,,2011,128.762868998962
Denmark,,2010,115.734472895239
Denmark,,2009,123.727484183458
Denmark,,2008,119.353288564998
Denmark,,2007,115.497142141498
Denmark,,2006,107.186073542231
Denmark,,2005,100.547111340322
Denmark,,2004,95.6021520934582
Denmark,,2003,88.4332414453254
Denmark,,2002,83.2921530837568
Denmark,,2001,73.8998340681955
Denmark,,2000,62.9918994812027
Denmark,,1999,49.41084849
Denmark,,1998,36.44279893
Denmark,,1997,27.36235505
Denmark,,1996,25.04927694
Denmark,,1995,15.70646066
Denmark,,1994,9.657063946
Denmark,,1993,6.884952297
Denmark,,1992,4.078142483
Denmark,,1991,3.410855268
Denmark,,1990,2.881065749
Denmark,,1989,2.411252199
Denmark,,1988,1.979650444
Denmark,,1987,1.511897858
Denmark,,1986,1.125216799
Denmark,,1985,0.900487005
Denmark,,1984,0.597502906
Denmark,,1983,0.314187293
Denmark,,1982,0.140449493
Denmark,,1981,0.0
Denmark,,1980,0.0
Denmark,,1979,0.0
Denmark,,1978,0.0
Denmark,,1977,0.0
Denmark,,1976,0.0
Denmark,,1975,0.0
Denmark,,1970,0.0
Denmark,,1965,0.0
Denmark,,1960,0.0
Djibouti,,2023,48.4504884885996
Djibouti,,2022,46.7770531248021
Djibouti,,2021,43.6423520933817
Djibouti,,2020,39.2725038635961
Djibouti,,2019,38.0143821719119
Djibouti,,2018,36.8545231657962
Djibouti,,2017,35.3657091447905
Djibouti,,2016,33.271816300825
Djibouti,,2015,30.8091732634986
Djibouti,,2014,28.6271201146485
Djibouti,,2013,24.7884901261545
Djibouti,,2012,21.9776218597006
Djibouti,,2011,20.3518393182072
Djibouti,,2010,17.8030445546417
Djibouti,,2009,14.1275025314664
Djibouti,,2008,12.6407194080208
Djibouti,,2007,7.95160360788906
Djibouti,,2006,5.23707470751282
Djibouti,,2005,5.24961062577532
Djibouti,,2004,4.17394967341464
Djibouti,,2003,2.82722345759595
Djibouti,,2002,1.88543114782534
Djibouti,,2001,0.388947158935478
Djibouti,,2000,0.0307767242325222
Djibouti,,1999,0.038922892
Djibouti,,1998,0.03165832
Djibouti,,1997,0.03039896
Djibouti,,1996,0.017063549
Djibouti,,1995,0.0
Djibouti,,1994,0.0
Djibouti,,1993,0.0
Djibouti,,1992,0.0
Djibouti,,1991,0.0
Djibouti,,1990,0.0
Djibouti,,1989,0.0
Djibouti,,1988,0.0
Djibouti,,1987,0.0
Djibouti,,1986,0.0
Djibouti,,1985,0.0
Djibouti,,1984,0.0
Djibouti,,1983,0.0
Djibouti,,1982,0.0
Djibouti,,1981,0.0
Djibouti,,1980,0.0
Djibouti,,1979,0.0
Djibouti,,1978,0.0
Djibouti,,1977,0.0
Djibouti,,1976,0.0
Djibouti,,1975,0.0
Djibouti,,1970,0.0
Djibouti,,1965,0.0
Djibouti,,1960,0.0
Dominica,,2022,85.1898961482058
Dominica,,2021,92.5136156662004
Dominica,,2020,110.409483077561
Dominica,,2019,115.103123158515
Dominica,,2018,112.682254231819
Dominica,,2017,109.83123102079
Dominica,,2016,112.697181277476
Dominica,,2015,109.720210197415
Dominica,,2014,104.991971352649
Dominica,,2013,134.225059169476
Dominica,,2012,158.135362713041
Dominica,,2011,157.73970718144
Dominica,,2010,153.308935651113
Dominica,,2009,143.035548327138
Dominica,,2008,132.163708716995
Dominica,,2007,129.272154196988
Dominica,,2006,103.915356218934
Dominica,,2005,75.6539703785608
Dominica,,2004,60.9448061879998
Dominica,,2003,34.7083801491296
Dominica,,2002,17.8053739377185
Dominica,,2001,11.2904170571696
Dominica,,2000,1.75154354775146
Dominica,,1999,1.164517162
Dominica,,1998,0.942876208
Dominica,,1997,0.804852275
Dominica,,1996,0.666512448
Dominica,,1995,0.0
Dominica,,1994,0.0
Dominica,,1993,0.0
Dominica,,1992,0.0
Dominica,,1991,0.0
Dominica,,1990,0.0
Dominica,,1989,0.0
Dominica,,1988,0.0
Dominica,,1987,0.0
Dominica,,1986,0.0
Dominica,,1985,0.0
Dominica,,1984,0.0
Dominica,,1983,0.0
Dominica,,1982,0.0
Dominica,,1981,0.0
Dominica,,1980,0.0
Dominica,,1979,0.0
Dominica,,1978,0.0
Dominica,,1977,0.0
Dominica,,1976,0.0
Dominica,,1975,0.0
Dominica,,1970,0.0
Dominica,,1965,0.0
Dominica,,1960,0.0
Dominican Republic,,2024,93.7095828968519
Dominican Republic,,2023,91.8676246650308
Dominican Republic,,2022,90.3760163850377
Dominican Republic,,2021,87.5207623947766
Dominican Republic,,2020,81.6619005659366
Dominican Republic,,2019,82.1376141070859
Dominican Republic,,2018,82.8937401810212
Dominican Republic,,2017,82.2092066040533
Dominican Republic,,2016,82.5303394895289
Dominican Republic,,2015,84.3065756036826
Dominican Republic,,2014,80.495501539039
Dominican Republic,,2013,90.2546667185935
Dominican Republic,,2012,88.7172926705772
Dominican Republic,,2011,88.1873540123839
Dominican Republic,,2010,90.5562579078275
Dominican Republic,,2009,89.0106149754545
Dominican Republic,,2008,75.320015501722
Dominican Republic,,2007,58.3022249747188
Dominican Republic,,2006,49.3048792642217
Dominican Republic,,2005,39.2767007687993
Dominican Republic,,2004,27.8318842222401
Dominican Republic,,2003,23.293647877318
Dominican Republic,,2002,19.2110692949295
Dominican Republic,,2001,14.564687866208
Dominican Republic,,2000,8.21779340858019
Dominican Republic,,1999,5.045953253
Dominican Republic,,1998,2.528143136
Dominican Republic,,1997,1.737308953
Dominican Republic,,1996,1.030251685
Dominican Republic,,1995,0.711318386
Dominican Republic,,1994,0.27175271
Dominican Republic,,1993,0.136799086
Dominican Republic,,1992,0.096804509
Dominican Republic,,1991,0.077008662
Dominican Republic,,1990,0.044410131
Dominican Republic,,1986,0.0
Dominican Republic,,1985,0.0
Dominican Republic,,1984,0.0
Dominican Republic,,1983,0.0
Dominican Republic,,1982,0.0
Dominican Republic,,1981,0.0
Dominican Republic,,1980,0.0
Dominican Republic,,1979,0.0
Dominican Republic,,1978,0.0
Dominican Republic,,1977,0.0
Dominican Republic,,1976,0.0
Dominican Republic,,1975,0.0
Dominican Republic,,1970,0.0
Dominican Republic,,1965,0.0
Dominican Republic,,1960,0.0
Ecuador,,2024,101.598265014024
Ecuador,,2023,101.031752745524
Ecuador,,2022,98.1309025742238
Ecuador,,2021,94.950621672761
Ecuador,,2020,88.2554920433727
Ecuador,,2019,91.4249181128443
Ecuador,,2018,92.5117717203865
Ecuador,,2017,87.421387212843
Ecuador,,2016,84.1088342242983
Ecuador,,2015,79.5746462378333
Ecuador,,2014,103.558519410265
Ecuador,,2013,105.181656022524
Ecuador,,2012,105.680291422005
Ecuador,,2011,100.042332662827
Ecuador,,2010,98.0369371404011
Ecuador,,2009,89.3147112152108
Ecuador,,2008,80.1668409123935
Ecuador,,2007,69.3707479349418
Ecuador,,2006,60.2369096240834
Ecuador,,2005,45.1123679534901
Ecuador,,2004,26.0434408838874
Ecuador,,2003,17.9337879345567
Ecuador,,2002,11.8800801189058
Ecuador,,2001,6.6545527212228
Ecuador,,2000,3.80018261189865
Ecuador,,1999,3.087202545
Ecuador,,1998,1.990312216
Ecuador,,1997,1.055277857
Ecuador,,1996,0.507667711
Ecuador,,1995,0.470346789
Ecuador,,1994,0.166730527
Ecuador,,1993,0.0
Ecuador,,1992,0.0
Ecuador,,1991,0.0
Ecuador,,1990,0.0
Ecuador,,1989,0.0
Ecuador,,1988,0.0
Ecuador,,1987,0.0
Ecuador,,1986,0.0
Ecuador,,1985,0.0
Ecuador,,1984,0.0
Ecuador,,1983,0.0
Ecuador,,1982,0.0
Ecuador,,1981,0.0
Ecuador,,1980,0.0
Ecuador,,1979,0.0
Ecuador,,1978,0.0
Ecuador,,1977,0.0
Ecuador,,1976,0.0
Ecuador,,1975,0.0
Ecuador,,1970,0.0
Ecuador,,1965,0.0
Ecuador,,1960,0.0
Egypt,,2024,97.1295066037455
Egypt,,2023,92.8261626420085
Egypt,,2022,90.6794715776528
Egypt,,2021,84.0866220906029
Egypt,,2020,87.2316871725819
Egypt,,2019,88.6447815879102
Egypt,,2018,88.7420881346276
Egypt,,2017,99.2884367821237
Egypt,,2016,96.2091951594197
Egypt,,2015,94.3962460363651
Egypt,,2014,97.7313128919015
Egypt,,2013,104.585398175604
Egypt,,2012,103.904852847169
Egypt,,2011,91.5823290114783
Egypt,,2010,79.2198618342745
Egypt,,2009,63.2585121037051
Egypt,,2008,48.0833441516988
Egypt,,2007,35.7083780152706
Egypt,,2006,21.7666484648207
Egypt,,2005,16.8057130340828
Egypt,,2004,9.61664053535291
Egypt,,2003,7.44671264050805
Egypt,,2002,5.89552843443126
Egypt,,2001,3.74243009523559
Egypt,,2000,1.8607538216263
Egypt,,1999,0.688011068
Egypt,,1998,0.132638847
Egypt,,1997,0.09758824
Egypt,,1996,0.011239195
Egypt,,1995,0.011482554
Egypt,,1994,0.011741777
Egypt,,1993,0.011203574
Egypt,,1992,0.008189815
Egypt,,1991,0.007677735
Egypt,,1990,0.006991219
Egypt,,1989,0.006489636
Egypt,,1988,0.005563695
Egypt,,1987,0.004971488
Egypt,,1986,0.0
Egypt,,1985,0.0
Egypt,,1984,0.0
Egypt,,1983,0.0
Egypt,,1982,0.0
Egypt,,1981,0.0
Egypt,,1980,0.0
Egypt,,1979,0.0
Egypt,,1978,0.0
Egypt,,1977,0.0
Egypt,,1976,0.0
Egypt,,1975,0.0
Egypt,,1970,0.0
Egypt,,1965,0.0
Egypt,,1960,0.0
El Salvador,,2024,176.517423814642
El Salvador,,2023,179.705636976149
El Salvador,,2022,183.248955984561
El Salvador,,2021,176.973446325336
El Salvador,,2020,159.575329772708
El Salvador,,2019,167.088631599992
El Salvador,,2018,151.668612868534
El Salvador,,2017,152.538724748062
El Salvador,,2016,155.419607147465
El Salvador,,2015,150.947947466847
El Salvador,,2014,149.171006440904
El Salvador,,2013,146.475563213174
El Salvador,,2012,141.462796298644
El Salvador,,2011,136.551339569766
El Salvador,,2010,126.895517965726
El Salvador,,2009,125.097486408944
El Salvador,,2008,115.282146492369
El Salvador,,2007,102.122474801259
El Salvador,,2006,64.1687154581421
El Salvador,,2005,40.1585492686965
El Salvador,,2004,30.519224117358
El Salvador,,2003,19.1676423111463
El Salvador,,2002,14.8467142872176
El Salvador,,2001,14.3728782887572
El Salvador,,2000,12.5118998224239
El Salvador,,1999,8.632305466
El Salvador,,1998,2.32985669
El Salvador,,1997,0.68741209
El Salvador,,1996,0.401404831
El Salvador,,1995,0.234421373
El Salvador,,1994,0.085507948
El Salvador,,1993,0.028982486
El Salvador,,1992,0.0
El Salvador,,1991,0.0
El Salvador,,1990,0.0
El Salvador,,1989,0.0
El Salvador,,1988,0.0
El Salvador,,1987,0.0
El Salvador,,1986,0.0
El Salvador,,1985,0.0
El Salvador,,1984,0.0
El Salvador,,1983,0.0
El Salvador,,1982,0.0
El Salvador,,1981,0.0
El Salvador,,1980,0.0
El Salvador,,1979,0.0
El Salvador,,1978,0.0
El Salvador,,1977,0.0
El Salvador,,1976,0.0
El Salvador,,1975,0.0
El Salvador,,1970,0.0
El Salvador,,1965,0.0
El Salvador,,1960,0.0
Equatorial Guinea,,2022,49.5380486763568
Equatorial Guinea,,2021,46.434813558898
Equatorial Guinea,,2020,43.3495410342634
Equatorial Guinea,,2019,36.942192354463
Equatorial Guinea,,2018,36.5760302693232
Equatorial Guinea,,2017,36.2336437113254
Equatorial Guinea,,2016,38.1683691534068
Equatorial Guinea,,2015,36.6825478378153
Equatorial Guinea,,2014,36.9002477447229
Equatorial Guinea,,2013,37.9420717892644
Equatorial Guinea,,2012,38.7385841174565
Equatorial Guinea,,2011,38.5606783509887
Equatorial Guinea,,2010,33.579601121871
Equatorial Guinea,,2009,17.6107030809045
Equatorial Guinea,,2008,16.5970512572266
Equatorial Guinea,,2007,14.4781495766589
Equatorial Guinea,,2006,12.1170140042389
Equatorial Guinea,,2005,10.2283486758563
Equatorial Guinea,,2004,6.87841212022887
Equatorial Guinea,,2003,4.89466446190536
Equatorial Guinea,,2002,4.01024115334536
Equatorial Guinea,,2001,2.00043742898447
Equatorial Guinea,,2000,0.710955396080361
Equatorial Guinea,,1999,0.091599138
Equatorial Guinea,,1998,0.04716277
Equatorial Guinea,,1997,0.049540103
Equatorial Guinea,,1996,0.010470791
Equatorial Guinea,,1995,0.0
Equatorial Guinea,,1994,0.0
Equatorial Guinea,,1993,0.0
Equatorial Guinea,,1992,0.0
Equatorial Guinea,,1991,0.0
Equatorial Guinea,,1990,0.0
Equatorial Guinea,,1989,0.0
Equatorial Guinea,,1988,0.0
Equatorial Guinea,,1987,0.0
Equatorial Guinea,,1986,0.0
Equatorial Guinea,,1985,0.0
Equatorial Guinea,,1984,0.0
Equatorial Guinea,,1983,0.0
Equatorial Guinea,,1982,0.0
Equatorial Guinea,,1981,0.0
Equatorial Guinea,,1980,0.0
Equatorial Guinea,,1979,0.0
Equatorial Guinea,,1978,0.0
Equatorial Guinea,,1977,0.0
Equatorial Guinea,,1976,0.0
Equatorial Guinea,,1975,0.0
Equatorial Guinea,,1970,0.0
Equatorial Guinea,,1965,0.0
Equatorial Guinea,,1960,0.0
Eritrea,,2022,59.1248082166991
Eritrea,,2021,53.7582573847458
Eritrea,,2020,54.7205015934574
Eritrea,,2019,40.4605403256719
Eritrea,,2017,22.0610618449333
Eritrea,,2016,16.1935649461164
Eritrea,,2015,15.2952170085389
Eritrea,,2014,13.4855143799717
Eritrea,,2013,11.5420445230877
Eritrea,,2012,10.0521635251769
Eritrea,,2011,8.06870803088893
Eritrea,,2010,6.29077416502727
Eritrea,,2009,4.88696745195879
Eritrea,,2008,3.85718703829491
Eritrea,,2007,3.07477849040289
Eritrea,,2006,2.29317381677543
Eritrea,,2005,1.51953149219435
Eritrea,,2004,0.769738796836681
Eritrea,,2003,0.0
Eritrea,,2002,0.0
Eritrea,,2001,0.0
Eritrea,,2000,0.0
Eritrea,,1999,0.0
Eritrea,,1998,0.0
Eritrea,,1997,0.0
Eritrea,,1996,0.0
Eritrea,,1995,0.0
Eritrea,,1994,0.0
Eritrea,,1993,0.0
Eritrea,,1992,0.0
Eritrea,,1991,0.0
Eritrea,,1990,0.0
Eritrea,,1989,0.0
Eritrea,,1988,0.0
Eritrea,,1987,0.0
Eritrea,,1986,0.0
Eritrea,,1985,0.0
Eritrea,,1984,0.0
Eritrea,,1983,0.0
Eritrea,,1982,0.0
Eritrea,,1981,0.0
Eritrea,,1980,0.0
Eritrea,,1979,0.0
Eritrea,,1978,0.0
Eritrea,,1977,0.0
Eritrea,,1976,0.0
Eritrea,,1975,0.0
Eritrea,,1970,0.0
Eritrea,,1965,0.0
Eritrea,,1960,0.0
Estonia,,2024,151.131825017309
Estonia,,2023,150.195729068839
Estonia,,2022,152.270772859015
Estonia,,2021,148.739589817601
Estonia,,2020,144.832210121466
Estonia,,2019,147.04692867619
Estonia,,2018,145.543490183174
Estonia,,2017,144.556616126155
Estonia,,2016,144.235470787302
Estonia,,2015,144.802963084675
Estonia,,2014,144.360615678625
Estonia,,2013,146.247455268495
Estonia,,2012,151.196568013694
Estonia,,2011,136.065402099509
Estonia,,2010,124.136203591879
Estonia,,2009,117.684904325724
Estonia,,2008,121.494023517023
Estonia,,2007,125.44512029119
Estonia,,2006,123.151282965075
Estonia,,2005,106.676173268145
Estonia,,2004,92.1518394688099
Estonia,,2003,76.6123937702885
Estonia,,2002,63.866728044453
Estonia,,2001,46.910647175312
Estonia,,2000,39.8712380914204
Estonia,,1999,27.57396163
Estonia,,1998,17.50349184
Estonia,,1997,10.14428522
Estonia,,1996,4.8443196
Estonia,,1995,2.096126379
Estonia,,1994,0.933370468
Estonia,,1993,0.480179948
Estonia,,1992,0.162167672
Estonia,,1991,0.036407139
Estonia,,1990,0.0
Estonia,,1989,0.0
Estonia,,1988,0.0
Estonia,,1987,0.0
Estonia,,1986,0.0
Estonia,,1985,0.0
Estonia,,1984,0.0
Estonia,,1983,0.0
Estonia,,1982,0.0
Estonia,,1981,0.0
Estonia,,1980,0.0
Estonia,,1979,0.0
Estonia,,1978,0.0
Estonia,,1977,0.0
Estonia,,1976,0.0
Estonia,,1975,0.0
Estonia,,1970,0.0
Estonia,,1965,0.0
Estonia,,1960,0.0
Eswatini,,2024,139.833459658744
Eswatini,,2023,128.399211381334
Eswatini,,2022,121.491701239707
Eswatini,,2021,118.627490794327
Eswatini,,2020,104.747264466614
Eswatini,,2019,91.0519258836113
Eswatini,,2018,89.2003705956478
Eswatini,,2017,88.7130405501664
Eswatini,,2016,86.5588465316001
Eswatini,,2015,82.3406804087808
Eswatini,,2014,80.6829892484285
Eswatini,,2013,79.0272480287436
Eswatini,,2012,71.6279475345304
Eswatini,,2011,68.5737493883254
Eswatini,,2010,65.2905141006612
Eswatini,,2009,60.1212682768811
Eswatini,,2008,48.4152042043874
Eswatini,,2007,34.8398512888453
Eswatini,,2006,23.0534582031581
Eswatini,,2005,18.5353032653644
Eswatini,,2004,13.511511341749
Eswatini,,2003,7.96850098434424
Eswatini,,2002,6.41847917911427
Eswatini,,2001,5.23279267485139
Eswatini,,2000,3.16876861651562
Eswatini,,1999,1.374745917
Eswatini,,1998,0.46758818
Eswatini,,1997,0.0
Eswatini,,1996,0.0
Eswatini,,1995,0.0
Eswatini,,1994,0.0
Eswatini,,1993,0.0
Eswatini,,1992,0.0
Eswatini,,1991,0.0
Eswatini,,1990,0.0
Eswatini,,1989,0.0
Eswatini,,1988,0.0
Eswatini,,1987,0.0
Eswatini,,1986,0.0
Eswatini,,1985,0.0
Eswatini,,1984,0.0
Eswatini,,1983,0.0
Eswatini,,1982,0.0
Eswatini,,1981,0.0
Eswatini,,1980,0.0
Eswatini,,1979,0.0
Eswatini,,1978,0.0
Eswatini,,1977,0.0
Eswatini,,1976,0.0
Eswatini,,1975,0.0
Eswatini,,1970,0.0
Eswatini,,1965,0.0
Eswatini,,1960,0.0
Ethiopia,,2024,65.0825091944922
Ethiopia,,2023,59.8748744402242
Ethiopia,,2022,56.9642988837987
Ethiopia,,2021,52.8088633217211
Ethiopia,,2020,37.4208472347226
Ethiopia,,2019,36.2199307720652
Ethiopia,,2017,36.1094836260863
Ethiopia,,2016,47.9993274246983
Ethiopia,,2015,40.7363012371526
Ethiopia,,2014,30.1536033852735
Ethiopia,,2013,26.0536269908585
Ethiopia,,2012,21.4239594545095
Ethiopia,,2011,15.1655003216856
Ethiopia,,2010,7.57025899497312
Ethiopia,,2009,4.60380846952871
Ethiopia,,2008,2.28482954460171
Ethiopia,,2007,1.45421325867565
Ethiopia,,2006,1.07393125130028
Ethiopia,,2005,0.523980166770728
Ethiopia,,2004,0.204442313509778
Ethiopia,,2003,0.0695139494020418
Ethiopia,,2002,0.0703128868323795
Ethiopia,,2001,0.0395753139955781
Ethiopia,,2000,0.026341205254997
Ethiopia,,1999,0.010356869
Ethiopia,,1998,0.0
Ethiopia,,1997,0.0
Ethiopia,,1996,0.0
Ethiopia,,1995,0.0
Ethiopia,,1994,0.0
Ethiopia,,1993,0.0
Ethiopia,,1992,0.0
Ethiopia,,1991,0.0
Ethiopia,,1990,0.0
Ethiopia,,1989,0.0
Ethiopia,,1988,0.0
Ethiopia,,1987,0.0
Ethiopia,,1986,0.0
Ethiopia,,1985,0.0
Ethiopia,,1984,0.0
Ethiopia,,1983,0.0
Ethiopia,,1982,0.0
Ethiopia,,1981,0.0
Ethiopia,,1980,0.0
Ethiopia,,1979,0.0
Ethiopia,,1978,0.0
Ethiopia,,1977,0.0
Ethiopia,,1976,0.0
Ethiopia,,1975,0.0
Ethiopia,,1970,0.0
Ethiopia,,1965,0.0
Ethiopia,,1960,0.0
Fiji,,2024,574.152332512188
Fiji,,2023,361.048644963723
Fiji,,2022,111.749120643187
Fiji,,2021,108.158405429846
Fiji,,2020,108.365037711907
Fiji,,2019,112.580732955222
Fiji,,2018,110.665300159184
Fiji,,2017,112.533863613853
Fiji,,2016,113.655748798367
Fiji,,2015,105.157101519958
Fiji,,2014,95.4871755750148
Fiji,,2013,101.533690110351
Fiji,,2012,93.8673192570263
Fiji,,2011,79.6285606945976
Fiji,,2010,76.6592085622115
Fiji,,2009,70.5437045806011
Fiji,,2008,66.4158361919816
Fiji,,2007,59.0364344331679
Fiji,,2006,31.9712702094085
Fiji,,2005,23.2326471958195
Fiji,,2004,16.2620687446676
Fiji,,2003,12.6842636265621
Fiji,,2002,10.4772571263413
Fiji,,2001,9.52605709066427
Fiji,,2000,6.54731962673726
Fiji,,1999,2.839370335
Fiji,,1998,0.98286377
Fiji,,1997,0.646306359
Fiji,,1996,0.464510168
Fiji,,1995,0.277691525
Fiji,,1994,0.139098942
Fiji,,1993,0.0
Fiji,,1992,0.0
Fiji,,1991,0.0
Fiji,,1990,0.0
Fiji,,1989,0.0
Fiji,,1988,0.0
Fiji,,1987,0.0
Fiji,,1986,0.0
Fiji,,1985,0.0
Fiji,,1984,0.0
Fiji,,1983,0.0
Fiji,,1982,0.0
Fiji,,1981,0.0
Fiji,,1980,0.0
Fiji,,1979,0.0
Fiji,,1978,0.0
Fiji,,1977,0.0
Fiji,,1976,0.0
Fiji,,1975,0.0
Fiji,,1970,0.0
Fiji,,1965,0.0
Fiji,,1960,0.0
Finland,,2024,125.860954798649
Finland,,2023,127.47302579722
Finland,,2022,128.023293416281
Finland,,2021,129.036333202492
Finland,,2020,128.761294644181
Finland,,2019,129.487723024493
Finland,,2018,129.629119305202
Finland,,2017,129.983392624641
Finland,,2016,131.382780978293
Finland,,2015,134.974123663686
Finland,,2014,139.198825856641
Finland,,2013,136.259014207069
Finland,,2012,172.147209506663
Finland,,2011,165.916854869706
Finland,,2010,156.432080695834
Finland,,2009,144.225654334936
Finland,,2008,128.543485621291
Finland,,2007,114.961871609523
Finland,,2006,107.666807120897
Finland,,2005,100.455921199859
Finland,,2004,95.4066334770936
Finland,,2003,91.0640126377458
Finland,,2002,86.851880552542
Finland,,2001,80.485935638422
Finland,,2000,72.0339932637868
Finland,,1999,63.37118775
Finland,,1998,55.22384208
Finland,,1997,42.07389889
Finland,,1996,29.30898832
Finland,,1995,20.34333586
Finland,,1994,13.27633542
Finland,,1993,9.65486751
Finland,,1992,7.655924957
Finland,,1991,6.365103571
Finland,,1990,5.171356119
Finland,,1989,3.827817408
Finland,,1988,2.793051012
Finland,,1987,2.146314325
Finland,,1986,1.734384239
Finland,,1985,1.379775304
Finland,,1984,1.065397067
Finland,,1983,0.869611241
Finland,,1982,0.701905441
Finland,,1981,0.589141447
Finland,,1980,0.491315051
Finland,,1979,0.0
Finland,,1978,0.0
Finland,,1977,0.0
Finland,,1976,0.0
Finland,,1975,0.0
Finland,,1970,0.0
Finland,,1965,0.0
Finland,,1960,0.0
France,,2023,116.687800394775
France,,2022,115.950519429629
France,,2021,113.952719366702
France,,2020,110.387215275645
France,,2019,109.600780374596
France,,2018,107.482434668386
France,,2017,105.718368398783
France,,2016,103.816661597799
France,,2015,102.718366606519
France,,2014,101.132290573498
France,,2013,98.347924466483
France,,2012,97.1924631662654
France,,2011,93.8529031474159
France,,2010,91.1185789923179
France,,2009,91.7782383081746
France,,2008,92.3412305697068
France,,2007,88.6688088543201
France,,2006,83.2588797411526
France,,2005,78.0332251997857
France,,2004,72.8137640376017
France,,2003,68.6552962485417
France,,2002,63.9599870360405
France,,2001,61.7599882267174
France,,2000,48.8408617773499
France,,1999,36.73125788
France,,1998,19.30102205
France,,1997,10.05768321
France,,1996,4.273801074
France,,1995,2.268352438
France,,1994,1.542895357
France,,1993,1.002563689
France,,1992,0.767972059
France,,1991,0.662015306
France,,1990,0.502012864
France,,1989,0.317607558
France,,1988,0.175870865
France,,1987,0.070512065
France,,1986,0.016353137
France,,1985,0.0
France,,1984,0.0
France,,1983,0.0
France,,1982,0.0
France,,1981,0.0
France,,1980,0.0
France,,1979,0.0
France,,1978,0.0
France,,1977,0.0
France,,1976,0.0
France,,1975,0.0
France,,1970,0.0
France,,1965,0.0
France,,1960,0.0
Gabon,,2024,125.337107593999
Gabon,,2023,122.606627765979
Gabon,,2022,123.233187164275
Gabon,,2021,132.30865873249
Gabon,,2020,131.301562643297
Gabon,,2019,131.975264871196
Gabon,,2018,132.465314660912
Gabon,,2017,123.475497241411
Gabon,,2016,141.050208874326
Gabon,,2015,138.244498133013
Gabon,,2014,148.237590091786
Gabon,,2013,143.499442515887
Gabon,,2012,138.488452744047
Gabon,,2011,133.010491109633
Gabon,,2010,93.6112366044355
Gabon,,2009,87.2675973605464
Gabon,,2008,80.887271143466
Gabon,,2007,75.1170933476071
Gabon,,2006,59.534904998021
Gabon,,2005,50.3377189536008
Gabon,,2004,34.4234596151262
Gabon,,2003,21.7021738344124
Gabon,,2002,20.7628974043498
Gabon,,2001,11.4539752548319
Gabon,,2000,9.40754422329747
Gabon,,1999,0.716574627
Gabon,,1998,0.801268275
Gabon,,1997,0.805217129
Gabon,,1996,0.590995488
Gabon,,1995,0.356517678
Gabon,,1994,0.236007136
Gabon,,1993,0.11263481
Gabon,,1992,0.026989357
Gabon,,1991,0.0
Gabon,,1990,0.0
Gabon,,1989,0.0
Gabon,,1988,0.0
Gabon,,1987,0.0
Gabon,,1986,0.0
Gabon,,1985,0.0
Gabon,,1984,0.0
Gabon,,1983,0.0
Gabon,,1982,0.0
Gabon,,1981,0.0
Gabon,,1980,0.0
Gabon,,1979,0.0
Gabon,,1978,0.0
Gabon,,1977,0.0
Gabon,,1976,0.0
Gabon,,1975,0.0
Gabon,,1970,0.0
Gabon,,1965,0.0
Gabon,,1960,0.0
Gambia,,2024,126.243773523653
Gambia,,2023,117.115660832998
Gambia,,2022,106.782250509204
Gambia,,2021,108.847403542688
Gambia,,2020,106.448259811355
Gambia,,2019,105.204644657943
Gambia,,2018,132.57837035012
Gambia,,2017,126.633674737607
Gambia,,2016,124.273821038818
Gambia,,2015,122.078516396055
Gambia,,2014,105.505264889158
Gambia,,2013,87.8808072933996
Gambia,,2012,74.6999893299085
Gambia,,2011,70.6308247268856
Gambia,,2010,76.7322734515709
Gambia,,2009,70.153818860738
Gambia,,2008,64.1491166497603
Gambia,,2007,45.3269217918035
Gambia,,2006,23.573187972774
Gambia,,2005,14.8453813562626
Gambia,,2004,10.7937275490467
Gambia,,2003,9.46367640692161
Gambia,,2002,6.51172664292491
Gambia,,2001,3.68458827393243
Gambia,,2000,0.384857506508215
Gambia,,1999,0.380021754
Gambia,,1998,0.372219506
Gambia,,1997,0.359452757
Gambia,,1996,0.242050865
Gambia,,1995,0.116088572
Gambia,,1994,0.067336605
Gambia,,1993,0.039116364
Gambia,,1992,0.018098713
Gambia,,1991,0.0
Gambia,,1990,0.0
Gambia,,1989,0.0
Gambia,,1988,0.0
Gambia,,1987,0.0
Gambia,,1986,0.0
Gambia,,1985,0.0
Gambia,,1984,0.0
Gambia,,1983,0.0
Gambia,,1982,0.0
Gambia,,1981,0.0
Gambia,,1980,0.0
Gambia,,1979,0.0
Gambia,,1978,0.0
Gambia,,1977,0.0
Gambia,,1976,0.0
Gambia,,1975,0.0
Gambia,,1970,0.0
Gambia,,1965,0.0
Gambia,,1960,0.0
Georgia,,2024,161.201784818537
Georgia,,2023,155.249965068869
Georgia,,2022,154.013561773213
Georgia,,2021,146.566472682371
Georgia,,2020,134.366007864735
Georgia,,2019,141.755414275788
Georgia,,2018,143.858127681082
Georgia,,2017,145.072490171662
Georgia,,2016,145.88058671059
Georgia,,2015,146.396495596946
Georgia,,2014,142.390867606876
Georgia,,2013,131.083096511666
Georgia,,2012,122.384147980521
Georgia,,2011,114.516931163867
Georgia,,2010,102.112900017326
Georgia,,2009,72.3920059015943
Georgia,,2008,69.9048638801176
Georgia,,2007,65.5237562348932
Georgia,,2006,42.6335344297177
Georgia,,2005,29.1671582469622
Georgia,,2004,20.7255885187471
Georgia,,2003,17.4085658904957
Georgia,,2002,12.2005278297688
Georgia,,2001,7.15802981540447
Georgia,,2000,4.49918883789188
Georgia,,1999,3.03204005
Georgia,,1998,1.327902213
Georgia,,1997,0.646547265
Georgia,,1996,0.048306419
Georgia,,1995,0.003075235
Georgia,,1994,0.0
Georgia,,1993,0.0
Georgia,,1992,0.0
Georgia,,1991,0.0
Georgia,,1990,0.0
Georgia,,1989,0.0
Georgia,,1988,0.0
Georgia,,1987,0.0
Georgia,,1986,0.0
Georgia,,1985,0.0
Georgia,,1984,0.0
Georgia,,1983,0.0
Georgia,,1982,0.0
Georgia,,1981,0.0
Georgia,,1980,0.0
Georgia,,1979,0.0
Georgia,,1978,0.0
Georgia,,1977,0.0
Georgia,,1976,0.0
Georgia,,1975,0.0
Georgia,,1970,0.0
Georgia,,1965,0.0
Georgia,,1960,0.0
Germany,,2024,129.150921864378
Germany,,2023,124.662572774586
Germany,,2022,124.158264349285
Germany,,2021,127.125099449404
Germany,,2020,128.424798814302
Germany,,2019,128.292298108313
Germany,,2018,128.945577229674
Germany,,2017,132.003261888443
Germany,,2016,125.024012174369
Germany,,2015,117.401165117624
Germany,,2014,122.308668591557
Germany,,2013,123.435398879553
Germany,,2012,114.191945537857
Germany,,2011,112.41947815744
Germany,,2010,109.364084468464
Germany,,2009,129.733283319711
Germany,,2008,130.097465346683
Germany,,2007,118.369804221089
Germany,,2006,104.834680181706
Germany,,2005,96.6168901963931
Germany,,2004,86.8798237231984
Germany,,2003,78.916971734145
Germany,,2002,72.0472841129963
Germany,,2001,68.5015729450642
Germany,,2000,58.9286257003872
Germany,,1999,28.74800454
Germany,,1998,17.06605986
Germany,,1997,10.1625708
Germany,,1996,6.779755664
Germany,,1995,4.59177788
Germany,,1994,3.079172276
Germany,,1993,2.20218591
Germany,,1992,1.211756918
Germany,,1991,0.666964587
Germany,,1990,0.343465197
Germany,,1989,0.207331963
Germany,,1988,0.125848762
Germany,,1987,0.06242341
Germany,,1986,0.030589939
Germany,,1985,0.001391057
Germany,,1984,0.0
Germany,,1983,0.0
Germany,,1982,0.0
Germany,,1981,0.0
Germany,,1980,0.0
Germany,,1979,0.0
Germany,,1978,0.0
Germany,,1977,0.0
Germany,,1976,0.0
Germany,,1975,0.0
Germany,,1970,0.0
Germany,,1965,0.0
Germany,,1960,0.0
Ghana,,2024,113.647966704673
Ghana,,2023,98.8059221412722
Ghana,,2022,120.803416027053
Ghana,,2021,124.402625384529
Ghana,,2020,126.887391353856
Ghana,,2019,130.70523333401
Ghana,,2018,133.609992432498
Ghana,,2017,122.471765695646
Ghana,,2016,130.481366086196
Ghana,,2015,121.997156544235
Ghana,,2014,108.270496910446
Ghana,,2013,102.337999297675
Ghana,,2012,95.8261770997433
Ghana,,2011,81.1104488323626
Ghana,,2010,68.4473107845556
Ghana,,2009,60.7694975888344
Ghana,,2008,47.7132196500561
Ghana,,2007,32.1629441899404
Ghana,,2006,22.6001881366288
Ghana,,2005,12.8045967119533
Ghana,,2004,7.75094614130464
Ghana,,2003,3.73545578999193
Ghana,,2002,1.86582932404951
Ghana,,2001,1.20888662601392
Ghana,,2000,0.662241808064506
Ghana,,1999,0.365160156
Ghana,,1998,0.223102599
Ghana,,1997,0.119695381
Ghana,,1996,0.071542215
Ghana,,1995,0.035552754
Ghana,,1994,0.019576484
Ghana,,1993,0.010466464
Ghana,,1992,0.002462819
Ghana,,1991,0.0
Ghana,,1990,0.0
Ghana,,1989,0.0
Ghana,,1988,0.0
Ghana,,1987,0.0
Ghana,,1986,0.0
Ghana,,1985,0.0
Ghana,,1984,0.0
Ghana,,1983,0.0
Ghana,,1982,0.0
Ghana,,1981,0.0
Ghana,,1980,0.0
Ghana,,1979,0.0
Ghana,,1978,0.0
Ghana,,1977,0.0
Ghana,,1976,0.0
Ghana,,1975,0.0
Ghana,,1970,0.0
Ghana,,1965,0.0
Ghana,,1960,0.0
Greece,,2024,113.597610306796
Greece,,2023,110.79216956747
Greece,,2022,109.026956114201
Greece,,2021,108.643525000707
Greece,,2020,106.669795200072
Greece,,2019,110.855033355177
Greece,,2018,113.418450589721
Greece,,2017,120.305633506681
Greece,,2016,116.365109232942
Greece,,2015,116.133089816996
Greece,,2014,111.488230327161
Greece,,2013,114.142688333026
Greece,,2012,120.926137220412
Greece,,2011,109.174140891708
Greece,,2010,110.499601336489
Greece,,2009,119.688606543586
Greece,,2008,124.577949442767
Greece,,2007,111.309114095329
Greece,,2006,99.6706911691004
Greece,,2005,93.4348777662167
Greece,,2004,85.1742405592579
Greece,,2003,81.8448114209398
Greece,,2002,85.5281565174832
Greece,,2001,73.4448173983166
Greece,,2000,55.0181194114426
Greece,,1999,35.51072407
Greece,,1998,18.71204971
Greece,,1997,8.622311493
Greece,,1996,4.924190605
Greece,,1995,2.544760045
Greece,,1994,1.436968369
Greece,,1993,0.454397431
Greece,,1992,0.0
Greece,,1991,0.0
Greece,,1990,0.0
Greece,,1989,0.0
Greece,,1988,0.0
Greece,,1987,0.0
Greece,,1986,0.0
Greece,,1985,0.0
Greece,,1984,0.0
Greece,,1983,0.0
Greece,,1982,0.0
Greece,,1981,0.0
Greece,,1980,0.0
Greece,,1979,0.0
Greece,,1978,0.0
Greece,,1977,0.0
Greece,,1976,0.0
Greece,,1975,0.0
Greece,,1970,0.0
Greece,,1965,0.0
Greece,,1960,0.0
Greenland,,2022,118.637256652974
Greenland,,2021,118.85048446673
Greenland,,2020,117.614122681883
Greenland,,2019,109.935097353969
Greenland,,2018,109.487462995328
Greenland,,2017,111.14479855897
Greenland,,2015,108.887738526624
Greenland,,2014,108.237053388639
Greenland,,2013,106.878063454426
Greenland,,2012,104.714854344993
Greenland,,2011,103.357145370729
Greenland,,2010,101.298265446709
Greenland,,2009,94.5967941686423
Greenland,,2008,98.5086743968514
Greenland,,2007,116.938466415413
Greenland,,2006,94.7559024664663
Greenland,,2005,81.6154521510097
Greenland,,2004,68.5908587695714
Greenland,,2003,52.4109864167298
Greenland,,2002,35.2063895957026
Greenland,,2001,28.1540834234458
Greenland,,2000,26.8889323773773
Greenland,,1999,24.09902684
Greenland,,1998,15.85624432
Greenland,,1997,11.55835355
Greenland,,1996,7.365975697
Greenland,,1995,3.678210368
Greenland,,1994,1.73070018
Greenland,,1993,0.78624255
Greenland,,1992,0.30706795
Greenland,,1991,0.0
Greenland,,1990,0.0
Greenland,,1989,0.0
Greenland,,1988,0.0
Greenland,,1987,0.0
Greenland,,1986,0.0
Greenland,,1985,0.0
Greenland,,1984,0.0
Greenland,,1983,0.0
Greenland,,1982,0.0
Greenland,,1981,0.0
Greenland,,1980,0.0
Greenland,,1979,0.0
Greenland,,1978,0.0
Greenland,,1977,0.0
Greenland,,1976,0.0
Greenland,,1975,0.0
Greenland,,1970,0.0
Greenland,,1965,0.0
Greenland,,1960,0.0
Grenada,,2022,95.759239776586
Grenada,,2021,86.5710270122035
Grenada,,2020,102.079232600717
Grenada,,2019,100.175028668489
Grenada,,2018,102.61904556102
Grenada,,2017,98.0413728581576
Grenada,,2016,103.337965777816
Grenada,,2015,104.439464229656
Grenada,,2014,102.645182770827
Grenada,,2013,117.194039845974
Grenada,,2012,115.19574373753
Grenada,,2011,107.830191204418
Grenada,,2010,109.284318821358
Grenada,,2009,102.84933575422
Grenada,,2008,54.1245851969413
Grenada,,2007,46.4893867284342
Grenada,,2006,41.9421618922232
Grenada,,2005,42.7014416680336
Grenada,,2004,39.6192932868655
Grenada,,2003,38.8422541420227
Grenada,,2002,6.96745507545847
Grenada,,2001,5.93960384120311
Grenada,,2000,4.00182408725838
Grenada,,1999,1.883471879
Grenada,,1998,1.327683616
Grenada,,1997,0.924697768
Grenada,,1996,0.543654503
Grenada,,1995,0.384393619
Grenada,,1994,0.339232752
Grenada,,1993,0.276002466
Grenada,,1992,0.179136975
Grenada,,1991,0.147356603
Grenada,,1990,0.151443254
Grenada,,1989,0.0
Grenada,,1988,0.0
Grenada,,1987,0.0
Grenada,,1986,0.0
Grenada,,1985,0.0
Grenada,,1984,0.0
Grenada,,1983,0.0
Grenada,,1982,0.0
Grenada,,1981,0.0
Grenada,,1980,0.0
Grenada,,1979,0.0
Grenada,,1978,0.0
Grenada,,1977,0.0
Grenada,,1976,0.0
Grenada,,1975,0.0
Grenada,,1970,0.0
Grenada,,1965,0.0
Grenada,,1960,0.0
Guatemala,,2024,112.520863034346
Guatemala,,2023,113.709374947241
Guatemala,,2022,115.156435692604
Guatemala,,2021,125.718955715353
Guatemala,,2020,117.475884100805
Guatemala,,2019,122.043793418341
Guatemala,,2018,121.500075538632
Guatemala,,2017,120.637721514663
Guatemala,,2016,112.267437714983
Guatemala,,2015,113.459063296974
Guatemala,,2014,107.844073276377
Guatemala,,2013,141.131353657881
Guatemala,,2012,137.757231829214
Guatemala,,2011,131.685634641025
Guatemala,,2010,124.605727183349
Guatemala,,2009,121.749666616511
Guatemala,,2008,107.272718661425
Guatemala,,2007,87.1486092920912
Guatemala,,2006,53.703138345141
Guatemala,,2005,34.4605352122986
Guatemala,,2004,24.7376946550128
Guatemala,,2003,16.2446245130667
Guatemala,,2002,12.8774062692523
Guatemala,,2001,9.57808154813156
Guatemala,,2000,7.3248494220007
Guatemala,,1999,2.946742985
Guatemala,,1998,0.996465318
Guatemala,,1997,0.588645184
Guatemala,,1996,0.408387918
Guatemala,,1995,0.289479296
Guatemala,,1994,0.103636274
Guatemala,,1993,0.030411311
Guatemala,,1992,0.022356507
Guatemala,,1991,0.01308744
Guatemala,,1990,0.003225174
Guatemala,,1989,0.0
Guatemala,,1988,0.0
Guatemala,,1987,0.0
Guatemala,,1986,0.0
Guatemala,,1985,0.0
Guatemala,,1984,0.0
Guatemala,,1983,0.0
Guatemala,,1982,0.0
Guatemala,,1981,0.0
Guatemala,,1980,0.0
Guatemala,,1979,0.0
Guatemala,,1978,0.0
Guatemala,,1977,0.0
Guatemala,,1976,0.0
Guatemala,,1975,0.0
Guatemala,,1970,0.0
Guatemala,,1965,0.0
Guatemala,,1960,0.0
Guinea,,2023,97.8794996455513
Guinea,,2022,95.3174629318803
Guinea,,2021,110.185519681138
Guinea,,2020,107.776552007403
Guinea,,2019,98.7621473298315
Guinea,,2018,94.5550074326391
Guinea,,2017,94.4640894763856
Guinea,,2016,92.0232948978011
Guinea,,2015,91.475617974568
Guinea,,2014,75.686895511554
Guinea,,2013,66.4452768540172
Guinea,,2012,51.1345381222737
Guinea,,2011,45.6101779050204
Guinea,,2010,38.4760187632153
Guinea,,2009,34.3962962020929
Guinea,,2008,27.7809487345525
Guinea,,2007,20.6990461155083
Guinea,,2005,2.04416167956111
Guinea,,2004,1.70919875542966
Guinea,,2003,1.2569355505451
Guinea,,2002,1.04647578194586
Guinea,,2001,0.6518765895859
Guinea,,2000,0.499618452473605
Guinea,,1999,0.308040578
Guinea,,1998,0.269838956
Guinea,,1997,0.036568544
Guinea,,1996,0.012364775
Guinea,,1995,0.012720352
Guinea,,1994,0.01118132
Guinea,,1993,0.000596075
Guinea,,1992,0.0
Guinea,,1991,0.0
Guinea,,1990,0.0
Guinea,,1989,0.0
Guinea,,1988,0.0
Guinea,,1987,0.0
Guinea,,1986,0.0
Guinea,,1985,0.0
Guinea,,1984,0.0
Guinea,,1983,0.0
Guinea,,1982,0.0
Guinea,,1981,0.0
Guinea,,1980,0.0
Guinea,,1979,0.0
Guinea,,1978,0.0
Guinea,,1977,0.0
Guinea,,1976,0.0
Guinea,,1975,0.0
Guinea,,1970,0.0
Guinea,,1965,0.0
Guinea,,1960,0.0
Guinea-Bissau,,2024,147.197631273872
Guinea-Bissau,,2023,128.110529740092
Guinea-Bissau,,2022,125.934670099533
Guinea-Bissau,,2021,108.62961248586
Guinea-Bissau,,2020,95.0628708236165
Guinea-Bissau,,2019,80.8245277725828
Guinea-Bissau,,2018,77.0219356476645
Guinea-Bissau,,2017,76.4393694008541
Guinea-Bissau,,2016,70.1915996185367
Guinea-Bissau,,2015,69.3267736083208
Guinea-Bissau,,2014,63.654183911294
Guinea-Bissau,,2013,55.420045012509
Guinea-Bissau,,2012,63.5328932668127
Guinea-Bissau,,2011,45.5596626030113
Guinea-Bissau,,2010,43.2448876270711
Guinea-Bissau,,2009,36.7107863915664
Guinea-Bissau,,2008,33.6114146395225
Guinea-Bissau,,2007,20.4152900165818
Guinea-Bissau,,2006,11.1163475241697
Guinea-Bissau,,2005,7.15301628202391
Guinea-Bissau,,2004,2.92324256074003
Guinea-Bissau,,2003,0.0966783590611508
Guinea-Bissau,,2002,0.0
Guinea-Bissau,,2001,0.0
Guinea-Bissau,,2000,0.0
Guinea-Bissau,,1999,0.0
Guinea-Bissau,,1998,0.0
Guinea-Bissau,,1997,0.0
Guinea-Bissau,,1996,0.0
Guinea-Bissau,,1995,0.0
Guinea-Bissau,,1994,0.0
Guinea-Bissau,,1993,0.0
Guinea-Bissau,,1992,0.0
Guinea-Bissau,,1991,0.0
Guinea-Bissau,,1990,0.0
Guinea-Bissau,,1989,0.0
Guinea-Bissau,,1988,0.0
Guinea-Bissau,,1987,0.0
Guinea-Bissau,,1986,0.0
Guinea-Bissau,,1985,0.0
Guinea-Bissau,,1984,0.0
Guinea-Bissau,,1983,0.0
Guinea-Bissau,,1982,0.0
Guinea-Bissau,,1981,0.0
Guinea-Bissau,,1980,0.0
Guinea-Bissau,,1979,0.0
Guinea-Bissau,,1978,0.0
Guinea-Bissau,,1977,0.0
Guinea-Bissau,,1976,0.0
Guinea-Bissau,,1975,0.0
Guinea-Bissau,,1970,0.0
Guinea-Bissau,,1965,0.0
Guinea-Bissau,,1960,0.0
Guyana,,2022,112.56503784518
Guyana,,2021,104.968595260226
Guyana,,2020,106.008686272494
Guyana,,2019,96.327066296051
Guyana,,2017,83.6990991295793
Guyana,,2016,76.5713484941353
Guyana,,2015,71.5091706302609
Guyana,,2014,75.1635113473494
Guyana,,2013,74.002594594018
Guyana,,2012,73.3023980018438
Guyana,,2011,70.8644205678996
Guyana,,2010,74.7937954450815
Guyana,,2009,64.9563751339593
Guyana,,2008,59.3381181702769
Guyana,,2007,71.1853299350872
Guyana,,2006,52.7032831510239
Guyana,,2005,36.9776347918424
Guyana,,2004,22.5146835462961
Guyana,,2003,18.0782098306777
Guyana,,2002,10.3974061483503
Guyana,,2001,9.8524873868017
Guyana,,2000,5.20767959499603
Guyana,,1999,0.371365173
Guyana,,1998,0.192151141
Guyana,,1997,0.185378656
Guyana,,1996,0.159242008
Guyana,,1995,0.16536094
Guyana,,1994,0.166901031
Guyana,,1993,0.13771616
Guyana,,1992,0.112886209
Guyana,,1991,0.0
Guyana,,1990,0.0
Guyana,,1989,0.0
Guyana,,1988,0.0
Guyana,,1987,0.0
Guyana,,1986,0.0
Guyana,,1985,0.0
Guyana,,1984,0.0
Guyana,,1983,0.0
Guyana,,1982,0.0
Guyana,,1981,0.0
Guyana,,1980,0.0
Guyana,,1979,0.0
Guyana,,1978,0.0
Guyana,,1977,0.0
Guyana,,1976,0.0
Guyana,,1975,0.0
Guyana,,1970,0.0
Guyana,,1965,0.0
Guyana,,1960,0.0
Haiti,,2022,65.1889329311174
Haiti,,2021,64.3451990252656
Haiti,,2020,65.0933737275708
Haiti,,2019,61.6234088594647
Haiti,,2018,60.232256515521
Haiti,,2017,58.2917858919698
Haiti,,2016,60.9477225087446
Haiti,,2015,69.3702568086907
Haiti,,2014,65.2574823572396
Haiti,,2013,70.044477000521
Haiti,,2012,60.5271659107243
Haiti,,2011,42.360470661138
Haiti,,2010,40.8026118567902
Haiti,,2009,37.6486867698407
Haiti,,2008,33.5754472826656
Haiti,,2007,26.6715144811388
Haiti,,2006,13.020039359579
Haiti,,2005,5.52019567228578
Haiti,,2004,4.48920531301938
Haiti,,2003,3.65300473338088
Haiti,,2002,1.62646188427236
Haiti,,2001,1.08208239483874
Haiti,,2000,0.662399130161549
Haiti,,1999,0.304545982
Haiti,,1998,0.124055688
Haiti,,1997,0.0
Haiti,,1996,0.0
Haiti,,1995,0.0
Haiti,,1994,0.0
Haiti,,1993,0.0
Haiti,,1992,0.0
Haiti,,1991,0.0
Haiti,,1990,0.0
Haiti,,1989,0.0
Haiti,,1988,0.0
Haiti,,1987,0.0
Haiti,,1986,0.0
Haiti,,1985,0.0
Haiti,,1984,0.0
Haiti,,1983,0.0
Haiti,,1982,0.0
Haiti,,1981,0.0
Haiti,,1980,0.0
Haiti,,1979,0.0
Haiti,,1978,0.0
Haiti,,1977,0.0
Haiti,,1976,0.0
Haiti,,1975,0.0
Haiti,,1970,0.0
Haiti,,1965,0.0
Haiti,,1960,0.0
Honduras,,2024,70.9397440517258
Honduras,,2023,74.4148227156961
Honduras,,2022,75.8551423411907
Honduras,,2021,73.4771659564055
Honduras,,2020,68.7836128557933
Honduras,,2019,76.0268304351136
Honduras,,2018,77.7100953282111
Honduras,,2017,85.8717287831828
Honduras,,2016,83.2180808679633
Honduras,,2015,87.1291789109486
Honduras,,2014,85.2365443166273
Honduras,,2013,87.3775687969259
Honduras,,2012,84.5664914453988
Honduras,,2011,94.399047465495
Honduras,,2010,113.617136181044
Honduras,,2009,102.452484456768
Honduras,,2008,77.5119321637319
Honduras,,2007,53.4134255918276
Honduras,,2006,29.2647925408315
Honduras,,2005,17.1356133802153
Honduras,,2004,9.68902015812042
Honduras,,2003,5.32870697926864
Honduras,,2002,4.70549985235325
Honduras,,2001,3.51626584993503
Honduras,,2000,2.36054056593318
Honduras,,1999,1.213271137
Honduras,,1998,0.553155193
Honduras,,1997,0.234810173
Honduras,,1996,0.038667793
Honduras,,1995,0.0
Honduras,,1994,0.0
Honduras,,1993,0.0
Honduras,,1992,0.0
Honduras,,1991,0.0
Honduras,,1990,0.0
Honduras,,1989,0.0
Honduras,,1988,0.0
Honduras,,1987,0.0
Honduras,,1986,0.0
Honduras,,1985,0.0
Honduras,,1984,0.0
Honduras,,1983,0.0
Honduras,,1982,0.0
Honduras,,1981,0.0
Honduras,,1980,0.0
Honduras,,1979,0.0
Honduras,,1978,0.0
Honduras,,1977,0.0
Honduras,,1976,0.0
Honduras,,1975,0.0
Honduras,,1970,0.0
Honduras,,1965,0.0
Honduras,,1960,0.0
Hungary,,2024,104.58063059269
Hungary,,2023,105.054424922699
Hungary,,2022,105.793848314995
Hungary,,2021,105.137285804787
Hungary,,2020,105.981902376717
Hungary,,2019,105.141557934591
Hungary,,2018,102.737202940663
Hungary,,2017,101.629260697653
Hungary,,2016,101.442011503556
Hungary,,2015,100.623739037612
Hungary,,2014,118.895659080821
Hungary,,2013,117.200126277309
Hungary,,2012,116.767825095297
Hungary,,2011,117.526065994308
Hungary,,2010,120.369453085535
Hungary,,2009,117.908502208396
Hungary,,2008,122.038350719207
Hungary,,2007,109.924654791539
Hungary,,2006,99.1619554459165
Hungary,,2005,92.5916175179366
Hungary,,2004,86.5295344708214
Hungary,,2003,78.5895249591872
Hungary,,2002,67.9206400652722
Hungary,,2001,48.8598550757424
Hungary,,2000,30.1874178164191
Hungary,,1999,15.91507583
Hungary,,1998,10.42936893
Hungary,,1997,6.861470978
Hungary,,1996,4.589519791
Hungary,,1995,2.566046652
Hungary,,1994,1.382653252
Hungary,,1993,0.441345432
Hungary,,1992,0.224608151
Hungary,,1991,0.081708017
Hungary,,1990,0.025491543
Hungary,,1989,0.0
Hungary,,1988,0.0
Hungary,,1987,0.0
Hungary,,1986,0.0
Hungary,,1985,0.0
Hungary,,1984,0.0
Hungary,,1983,0.0
Hungary,,1982,0.0
Hungary,,1981,0.0
Hungary,,1980,0.0
Hungary,,1979,0.0
Hungary,,1978,0.0
Hungary,,1977,0.0
Hungary,,1976,0.0
Hungary,,1975,0.0
Hungary,,1970,0.0
Hungary,,1965,0.0
Hungary,,1960,0.0
Iceland,,2024,120.927513243653
Iceland,,2023,121.475495280706
Iceland,,2022,120.114839781678
Iceland,,2021,117.34255750797
Iceland,,2020,114.939418571031
Iceland,,2019,114.623232603271
Iceland,,2018,116.581078859812
Iceland,,2017,116.796155223255
Iceland,,2016,119.679414972554
Iceland,,2015,116.004435688559
Iceland,,2014,112.987310388627
Iceland,,2013,109.997066860151
Iceland,,2012,109.747195651429
Iceland,,2011,107.817332368231
Iceland,,2010,107.203653530636
Iceland,,2009,106.62341656937
Iceland,,2008,106.112486378553
Iceland,,2007,104.635634090698
Iceland,,2006,99.357628490756
Iceland,,2005,95.3758666460042
Iceland,,2004,99.2812354535747
Iceland,,2003,96.5694653061929
Iceland,,2002,90.5534288108426
Iceland,,2001,87.0473210245112
Iceland,,2000,76.3993174061433
Iceland,,1999,62.17501243
Iceland,,1998,38.01884901
Iceland,,1997,24.08938811
Iceland,,1996,17.39083586
Iceland,,1995,11.53724022
Iceland,,1994,8.205496124
Iceland,,1993,6.596017156
Iceland,,1992,5.837435218
Iceland,,1991,4.99591071
Iceland,,1990,3.92519773
Iceland,,1989,3.119245027
Iceland,,1988,2.608466011
Iceland,,1987,2.035507576
Iceland,,1986,1.085647834
Iceland,,1985,0.0
Iceland,,1984,0.0
Iceland,,1983,0.0
Iceland,,1982,0.0
Iceland,,1981,0.0
Iceland,,1980,0.0
Iceland,,1979,0.0
Iceland,,1978,0.0
Iceland,,1977,0.0
Iceland,,1976,0.0
Iceland,,1975,0.0
Iceland,,1970,0.0
Iceland,,1965,0.0
Iceland,,1960,0.0
India,,2024,79.3526921826412
India,,2023,80.5631998772888
India,,2022,80.1818007717416
India,,2021,81.603974311212
India,,2020,82.2540479927426
India,,2019,82.898144918237
India,,2018,85.5500756367908
India,,2017,85.9703537817688
India,,2016,83.917838213735
India,,2015,75.379332347226
India,,2014,71.9366825449914
India,,2013,68.3966708179098
India,,2012,67.6263517922249
India,,2011,70.8725652125021
India,,2010,60.4906435106584
India,,2009,42.8461358054675
India,,2008,28.7177007907217
India,,2007,19.620786501083
India,,2006,14.1574719620028
India,,2005,7.80651670797836
India,,2004,4.59686532886976
India,,2003,3.01664660813064
India,,2002,1.18440192230983
India,,2001,0.606736120789472
India,,2000,0.338124410074474
India,,1999,0.181096675
India,,1998,0.11703148
India,,1997,0.08797845
India,,1996,0.033354344
India,,1995,0.007952054
India,,1994,0.0
India,,1993,0.0
India,,1992,0.0
India,,1991,0.0
India,,1990,0.0
India,,1989,0.0
India,,1988,0.0
India,,1987,0.0
India,,1986,0.0
India,,1985,0.0
India,,1984,0.0
India,,1983,0.0
India,,1982,0.0
India,,1981,0.0
India,,1980,0.0
India,,1979,0.0
India,,1978,0.0
India,,1977,0.0
India,,1976,0.0
India,,1975,0.0
India,,1970,0.0
India,,1965,0.0
India,,1960,0.0
Indonesia,,2024,122.514946500491
Indonesia,,2023,125.238194847046
Indonesia,,2022,122.873012230307
Indonesia,,2021,132.199444256099
Indonesia,,2020,129.40362112725
Indonesia,,2019,125.244348145809
Indonesia,,2018,118.330216938024
Indonesia,,2017,162.782511760443
Indonesia,,2016,145.704251250337
Indonesia,,2015,129.468797674053
Indonesia,,2014,125.767185647597
Indonesia,,2013,122.424816798816
Indonesia,,2012,111.581048999
Indonesia,,2011,100.134519965107
Indonesia,,2010,85.7838690956097
Indonesia,,2009,67.2958400448831
Indonesia,,2008,58.5357555358068
Indonesia,,2007,39.3933857996178
Indonesia,,2006,27.2718805165778
Indonesia,,2005,20.3186367836848
Indonesia,,2004,13.3098113507561
Indonesia,,2003,8.21835801363769
Indonesia,,2002,5.26817023997574
Indonesia,,2001,2.97627085447856
Indonesia,,2000,1.69815092981097
Indonesia,,1999,1.052607358
Indonesia,,1998,0.512769723
Indonesia,,1997,0.447726102
Indonesia,,1996,0.279339729
Indonesia,,1995,0.106310098
Indonesia,,1994,0.040026977
Indonesia,,1993,0.027870427
Indonesia,,1992,0.018851452
Indonesia,,1991,0.013232541
Indonesia,,1990,0.009934131
Indonesia,,1989,0.007224398
Indonesia,,1988,0.005127077
Indonesia,,1987,0.003666018
Indonesia,,1986,0.002678921
Indonesia,,1985,0.001223825
Indonesia,,1984,0.001078038
Indonesia,,1983,0.0
Indonesia,,1982,0.0
Indonesia,,1981,0.0
Indonesia,,1980,0.0
Indonesia,,1979,0.0
Indonesia,,1978,0.0
Indonesia,,1977,0.0
Indonesia,,1976,0.0
Indonesia,,1975,0.0
Indonesia,,1970,0.0
Indonesia,,1965,0.0
Indonesia,,1960,0.0
Iran,,2024,174.066388972063
Iran,,2023,166.279821209677
Iran,,2022,162.712943709127
Iran,,2021,153.624638869213
Iran,,2020,145.485569917724
Iran,,2019,135.622267599115
Iran,,2018,103.024273741245
Iran,,2017,102.375956866471
Iran,,2016,96.0721972454902
Iran,,2015,89.8322296412795
Iran,,2014,84.5268986808859
Iran,,2013,81.1371930246672
Iran,,2012,73.2734207057577
Iran,,2011,71.4983841389879
Iran,,2010,69.8155207353596
Iran,,2009,68.7372417407898
Iran,,2008,56.9429295712367
Iran,,2007,39.9047497616975
Iran,,2006,20.9629556446497
Iran,,2005,11.8483865482002
Iran,,2004,7.22451487493309
Iran,,2003,5.01659024210498
Iran,,2002,3.35112316675179
Iran,,2001,3.09457517237627
Iran,,2000,1.44928400315941
Iran,,1999,0.760728883
Iran,,1998,0.614505622
Iran,,1997,0.382426321
Iran,,1996,0.097351589
Iran,,1995,0.026156838
Iran,,1994,0.015336976
Iran,,1993,0.0
Iran,,1992,0.0
Iran,,1991,0.0
Iran,,1990,0.0
Iran,,1989,0.0
Iran,,1988,0.0
Iran,,1987,0.0
Iran,,1986,0.0
Iran,,1985,0.0
Iran,,1984,0.0
Iran,,1983,0.0
Iran,,1982,0.0
Iran,,1981,0.0
Iran,,1980,0.0
Iran,,1979,0.0
Iran,,1978,0.0
Iran,,1977,0.0
Iran,,1976,0.0
Iran,,1975,0.0
Iran,,1970,0.0
Iran,,1965,0.0
Iran,,1960,0.0
Iraq,,2024,100.080276677726
Iraq,,2023,101.388721479182
Iraq,,2022,99.1323661916548
Iraq,,2021,94.6092832170426
Iraq,,2020,88.9799284628949
Iraq,,2019,90.3685290100393
Iraq,,2018,90.7159740030354
Iraq,,2017,84.9464629712121
Iraq,,2016,86.9439155206782
Iraq,,2015,89.3464376905175
Iraq,,2014,90.2871319578445
Iraq,,2013,91.9732728220056
Iraq,,2012,79.5011903487766
Iraq,,2011,79.346611020706
Iraq,,2010,74.9368134361824
Iraq,,2009,66.9264027267629
Iraq,,2008,60.5052577339657
Iraq,,2007,49.3851299082859
Iraq,,2006,32.6572645201556
Iraq,,2005,5.39647208013898
Iraq,,2004,2.0813784149745
Iraq,,2003,0.298477848783585
Iraq,,2002,0.076903676491765
Iraq,,2001,0.0
Iraq,,2000,0.0
Iraq,,1999,0.0
Iraq,,1998,0.0
Iraq,,1997,0.0
Iraq,,1996,0.0
Iraq,,1995,0.0
Iraq,,1994,0.0
Iraq,,1993,0.0
Iraq,,1992,0.0
Iraq,,1991,0.0
Iraq,,1990,0.0
Iraq,,1989,0.0
Iraq,,1988,0.0
Iraq,,1987,0.0
Iraq,,1986,0.0
Iraq,,1985,0.0
Iraq,,1984,0.0
Iraq,,1983,0.0
Iraq,,1982,0.0
Iraq,,1981,0.0
Iraq,,1980,0.0
Iraq,,1979,0.0
Iraq,,1978,0.0
Iraq,,1977,0.0
Iraq,,1976,0.0
Iraq,,1975,0.0
Iraq,,1970,0.0
Iraq,,1965,0.0
Iraq,,1960,0.0
Ireland,,2024,112.638817343502
Ireland,,2023,110.798344311602
Ireland,,2022,110.608851322579
Ireland,,2021,106.86972424373
Ireland,,2020,105.045612677382
Ireland,,2019,104.597515228061
Ireland,,2018,102.030494877842
Ireland,,2017,101.842124574945
Ireland,,2016,102.558386941167
Ireland,,2015,104.242903808134
Ireland,,2014,105.460883393918
Ireland,,2013,105.53780299895
Ireland,,2012,108.989828987516
Ireland,,2011,107.134899495633
Ireland,,2010,103.123305579196
Ireland,,2009,103.766086014409
Ireland,,2008,112.530720581971
Ireland,,2007,113.137687313091
Ireland,,2006,109.870670248019
Ireland,,2005,102.760725861337
Ireland,,2004,94.9321014130619
Ireland,,2003,87.6548203264015
Ireland,,2002,76.3661328419427
Ireland,,2001,76.8836295078852
Ireland,,2000,64.7191318537258
Ireland,,1999,45.08171161
Ireland,,1998,25.71583674
Ireland,,1997,14.9719105
Ireland,,1996,8.001712355
Ireland,,1995,4.414046502
Ireland,,1994,2.472328186
Ireland,,1993,1.723214034
Ireland,,1992,1.24703581
Ireland,,1991,0.913032251
Ireland,,1990,0.717283138
Ireland,,1989,0.389829915
Ireland,,1988,0.180101371
Ireland,,1987,0.098898597
Ireland,,1986,0.042666121
Ireland,,1985,0.008557324
Ireland,,1984,0.0
Ireland,,1983,0.0
Ireland,,1982,0.0
Ireland,,1981,0.0
Ireland,,1980,0.0
Ireland,,1979,0.0
Ireland,,1978,0.0
Ireland,,1977,0.0
Ireland,,1976,0.0
Ireland,,1975,0.0
Ireland,,1970,0.0
Ireland,,1965,0.0
Ireland,,1960,0.0
Israel,,2024,177.393104798636
Israel,,2023,153.336641345572
Israel,,2022,151.1379631075
Israel,,2021,139.775312861878
Israel,,2020,139.425860895034
Israel,,2019,135.143345507015
Israel,,2018,125.733440171505
Israel,,2017,126.049460421008
Israel,,2016,128.745353991867
Israel,,2015,131.256932278377
Israel,,2014,120.296120931284
Israel,,2013,122.590468216873
Israel,,2012,121.257449610793
Israel,,2011,123.142439797067
Israel,,2010,124.183304971489
Israel,,2009,125.199553267123
Israel,,2008,126.817477148287
Israel,,2007,127.857199795187
Israel,,2006,122.789680118386
Israel,,2005,115.290762500435
Israel,,2004,109.173998769782
Israel,,2003,101.776875263347
Israel,,2002,98.6268652977901
Israel,,2001,87.8695977081084
Israel,,2000,71.9990705574528
Israel,,1999,48.04734265
Israel,,1998,36.57890002
Israel,,1997,29.11996501
Israel,,1996,18.66517808
Israel,,1995,8.130637479
Israel,,1994,2.495654932
Israel,,1993,1.236984936
Israel,,1992,0.710794293
Israel,,1991,0.465322169
Israel,,1990,0.317284907
Italy,,2024,132.575141676252
Italy,,2023,131.871674517747
Italy,,2022,131.673965640047
Italy,,2021,130.781488497698
Italy,,2020,129.49000571147
Italy,,2019,132.181234381376
Italy,,2018,138.264671531909
Italy,,2017,138.882433107903
Italy,,2016,142.127307324616
Italy,,2015,144.763979440074
Italy,,2014,148.21699121216
Italy,,2013,159.698153133449
Italy,,2012,160.558717223582
Italy,,2011,159.092737727414
Italy,,2010,155.684057564253
Italy,,2009,150.295257362571
Italy,,2008,151.676369660737
Italy,,2007,151.925130505279
Italy,,2006,136.871374454418
Italy,,2005,122.181092098347
Italy,,2004,107.860980448921
Italy,,2003,98.3205679683228
Italy,,2002,94.3911654884722
Italy,,2001,89.4255655975944
Italy,,2000,73.7635413875173
Italy,,1999,53.20214913
Italy,,1998,35.98428894
Italy,,1997,20.61965576
Italy,,1996,11.2866712
Italy,,1995,6.896354594
Italy,,1994,3.937850938
Italy,,1993,2.122712485
Italy,,1992,1.377716182
Italy,,1991,1.000097034
Italy,,1990,0.468668283
Italy,,1989,0.116501895
Italy,,1988,0.059305582
Italy,,1987,0.02918905
Italy,,1986,0.015967781
Italy,,1985,0.011326625
Italy,,1984,0.0
Italy,,1983,0.0
Italy,,1982,0.0
Italy,,1981,0.0
Italy,,1980,0.0
Italy,,1979,0.0
Italy,,1978,0.0
Italy,,1977,0.0
Italy,,1976,0.0
Italy,,1975,0.0
Italy,,1970,0.0
Italy,,1965,0.0
Italy,,1960,0.0
Jamaica,,2024,117.693907561175
Jamaica,,2023,115.092228780619
Jamaica,,2022,105.762018411183
Jamaica,,2021,102.38666630017
Jamaica,,2020,101.50208125864
Jamaica,,2019,107.105304450051
Jamaica,,2018,105.137305560766
Jamaica,,2017,109.782709062265
Jamaica,,2016,116.279104528073
Jamaica,,2015,111.942013905986
Jamaica,,2014,107.579098909745
Jamaica,,2013,102.24554700295
Jamaica,,2012,97.9262957044903
Jamaica,,2011,106.698112729098
Jamaica,,2010,115.769193267185
Jamaica,,2009,108.003887475132
Jamaica,,2008,99.9151757296924
Jamaica,,2007,98.9141056820694
Jamaica,,2006,84.2161032637188
Jamaica,,2005,73.7408013052154
Jamaica,,2004,68.7648682277877
Jamaica,,2003,59.336985338153
Jamaica,,2002,47.1479664254563
Jamaica,,2001,22.7795045196946
Jamaica,,2000,14.0711841971052
Jamaica,,1999,5.561363032
Jamaica,,1998,3.051502251
Jamaica,,1997,2.583021064
Jamaica,,1996,2.157216212
Jamaica,,1995,1.798776746
Jamaica,,1994,1.050889186
Jamaica,,1993,0.618975853
Jamaica,,1992,0.313319702
Jamaica,,1991,0.101456672
Jamaica,,1990,0.0
Jamaica,,1989,0.0
Jamaica,,1988,0.0
Jamaica,,1987,0.0
Jamaica,,1986,0.0
Jamaica,,1985,0.0
Jamaica,,1984,0.0
Jamaica,,1983,0.0
Jamaica,,1982,0.0
Jamaica,,1981,0.0
Jamaica,,1980,0.0
Jamaica,,1979,0.0
Jamaica,,1978,0.0
Jamaica,,1977,0.0
Jamaica,,1976,0.0
Jamaica,,1975,0.0
Jamaica,,1970,0.0
Jamaica,,1965,0.0
Jamaica,,1960,0.0
Japan,,2023,178.432441299977
Japan,,2022,168.602943650636
Japan,,2021,159.516123485628
Japan,,2020,154.432206765516
Japan,,2019,147.209910756974
Japan,,2018,141.728728918149
Japan,,2017,135.985843116605
Japan,,2016,131.214861037498
Japan,,2015,126.150959704287
Japan,,2014,123.822099584501
Japan,,2013,115.787169243408
Japan,,2012,110.319058838317
Japan,,2011,103.641547955059
Japan,,2010,96.1788512760143
Japan,,2009,90.7193519244929
Japan,,2008,86.1411128734599
Japan,,2007,83.8011886263973
Japan,,2006,77.9907399102107
Japan,,2005,75.4291988176682
Japan,,2004,71.5670665187225
Japan,,2003,67.8735418673073
Japan,,2002,63.6299013940492
Japan,,2001,58.7922921478922
Japan,,2000,52.5746173540028
Japan,,1999,44.91767666
Japan,,1998,37.45403769
Japan,,1997,30.35349093
Japan,,1996,21.40087434
Japan,,1995,9.337292835
Japan,,1994,3.461792124
Japan,,1993,1.70810566
Japan,,1992,1.376149484
Japan,,1991,1.110714636
Japan,,1990,0.701838322
Japan,,1989,0.397140769
Japan,,1988,0.197794266
Japan,,1987,0.123312648
Japan,,1986,0.078161829
Japan,,1985,0.051024186
Japan,,1984,0.033528477
Japan,,1983,0.022704022
Japan,,1982,0.016628303
Japan,,1981,0.011213345
Japan,,1980,0.0
Japan,,1979,0.0
Japan,,1978,0.0
Japan,,1977,0.0
Japan,,1976,0.0
Japan,,1975,0.0
Japan,,1970,0.0
Japan,,1965,0.0
Japan,,1960,0.0
Jordan,,2024,69.6426153972396
Jordan,,2023,67.545678186078
Jordan,,2022,67.7457074341635
Jordan,,2021,65.7448847660422
Jordan,,2020,64.3142601333354
Jordan,,2019,72.8902684631993
Jordan,,2018,83.4592297338656
Jordan,,2017,94.8121235548248
Jordan,,2016,98.1219857316846
Jordan,,2015,144.561128974956
Jordan,,2014,126.168902295458
Jordan,,2013,129.056838070079
Jordan,,2012,118.414414309923
Jordan,,2011,100.02856789936
Jordan,,2010,90.7216800010634
Jordan,,2009,84.2141418220428
Jordan,,2008,76.0181096461649
Jordan,,2007,69.8913482736109
Jordan,,2006,67.5719512690336
Jordan,,2005,52.0383900257182
Jordan,,2004,27.6112403458584
Jordan,,2003,23.0817258893857
Jordan,,2002,21.7162155857855
Jordan,,2001,15.7418382678408
Jordan,,2000,7.22021479706958
Jordan,,1999,2.391888139
Jordan,,1998,1.701530612
Jordan,,1997,0.951419249
Jordan,,1996,0.523208835
Jordan,,1995,0.265578334
Jordan,,1994,0.03379953
Jordan,,1993,0.035723408
Jordan,,1992,0.03780819
Jordan,,1991,0.039875856
Jordan,,1990,0.041343601
Jordan,,1989,0.0
Jordan,,1988,0.0
Jordan,,1987,0.0
Jordan,,1986,0.0
Jordan,,1985,0.0
Jordan,,1984,0.0
Jordan,,1983,0.0
Jordan,,1982,0.0
Jordan,,1981,0.0
Jordan,,1980,0.0
Jordan,,1979,0.0
Jordan,,1978,0.0
Jordan,,1977,0.0
Jordan,,1976,0.0
Jordan,,1975,0.0
Jordan,,1970,0.0
Jordan,,1965,0.0
Jordan,,1960,0.0
Kazakhstan,,2024,127.085151242164
Kazakhstan,,2023,127.114775212168
Kazakhstan,,2022,125.641583521795
Kazakhstan,,2021,123.943942754522
Kazakhstan,,2020,124.698460644703
Kazakhstan,,2019,133.879728083238
Kazakhstan,,2018,137.674831523214
Kazakhstan,,2017,143.112796203246
Kazakhstan,,2016,139.051166437953
Kazakhstan,,2015,145.482493555551
Kazakhstan,,2014,160.502596360577
Kazakhstan,,2013,172.955295992334
Kazakhstan,,2012,174.709434924298
Kazakhstan,,2011,147.90107255349
Kazakhstan,,2010,115.239169415109
Kazakhstan,,2009,102.667617979132
Kazakhstan,,2008,90.7713165139918
Kazakhstan,,2007,75.7982025702559
Kazakhstan,,2006,48.2853584849609
Kazakhstan,,2005,33.8048625269968
Kazakhstan,,2004,15.4383309340935
Kazakhstan,,2003,8.45048509656845
Kazakhstan,,2002,6.55950173845957
Kazakhstan,,2001,3.73662567292969
Kazakhstan,,2000,1.27281265081588
Kazakhstan,,1999,0.324457083
Kazakhstan,,1998,0.191931708
Kazakhstan,,1997,0.070807169
Kazakhstan,,1996,0.060690346
Kazakhstan,,1995,0.027990199
Kazakhstan,,1994,0.002388466
Kazakhstan,,1993,0.0
Kazakhstan,,1992,0.0
Kazakhstan,,1991,0.0
Kazakhstan,,1990,0.0
Kazakhstan,,1989,0.0
Kazakhstan,,1988,0.0
Kazakhstan,,1987,0.0
Kazakhstan,,1986,0.0
Kazakhstan,,1985,0.0
Kazakhstan,,1984,0.0
Kazakhstan,,1983,0.0
Kazakhstan,,1982,0.0
Kazakhstan,,1981,0.0
Kazakhstan,,1980,0.0
Kazakhstan,,1979,0.0
Kazakhstan,,1978,0.0
Kazakhstan,,1977,0.0
Kazakhstan,,1976,0.0
Kazakhstan,,1975,0.0
Kazakhstan,,1970,0.0
Kazakhstan,,1965,0.0
Kazakhstan,,1960,0.0
Kenya,,2024,126.477706000949
Kenya,,2023,120.612416887959
Kenya,,2022,121.168999135357
Kenya,,2021,122.297519656734
Kenya,,2020,117.602526394779
Kenya,,2019,106.547822056778
Kenya,,2018,98.5944679106884
Kenya,,2017,87.026530838819
Kenya,,2016,80.9772361004341
Kenya,,2015,80.0958263165851
Kenya,,2014,73.0327455558393
Kenya,,2013,70.7541086893706
Kenya,,2012,70.0226527327794
Kenya,,2011,65.6730161546273
Kenya,,2010,60.0234402305252
Kenya,,2009,47.9215304374475
Kenya,,2008,41.5840102028368
Kenya,,2007,29.8383317494537
Kenya,,2006,19.8902975525043
Kenya,,2005,12.8838631190706
Kenya,,2004,7.33478416366219
Kenya,,2003,4.72713199362788
Kenya,,2002,3.63815196215681
Kenya,,2001,1.89758301688501
Kenya,,2000,0.415770183556447
Kenya,,1999,0.079282155
Kenya,,1998,0.03691479
Kenya,,1997,0.023857485
Kenya,,1996,0.010233296
Kenya,,1995,0.008478944
Kenya,,1994,0.007614676
Kenya,,1993,0.004576275
Kenya,,1992,0.004461439
Kenya,,1991,0.0
Kenya,,1990,0.0
Kenya,,1989,0.0
Kenya,,1988,0.0
Kenya,,1987,0.0
Kenya,,1986,0.0
Kenya,,1985,0.0
Kenya,,1984,0.0
Kenya,,1983,0.0
Kenya,,1982,0.0
Kenya,,1981,0.0
Kenya,,1980,0.0
Kenya,,1979,0.0
Kenya,,1978,0.0
Kenya,,1977,0.0
Kenya,,1976,0.0
Kenya,,1975,0.0
Kenya,,1970,0.0
Kenya,,1965,0.0
Kenya,,1960,0.0
Kiribati,,2024,53.5244353915461
Kiribati,,2023,51.2540556855052
Kiribati,,2022,49.1120496056535
Kiribati,,2021,40.9979980837689
Kiribati,,2020,43.3476871347116
Kiribati,,2019,44.1071327700713
Kiribati,,2018,43.6895907735657
Kiribati,,2017,38.3479526086053
Kiribati,,2016,43.8900048954236
Kiribati,,2015,35.0982322475709
Kiribati,,2014,26.0132147130742
Kiribati,,2013,17.5688258753668
Kiribati,,2012,16.0307790958641
Kiribati,,2011,12.4612506439397
Kiribati,,2010,9.74665145716809
Kiribati,,2009,9.30523072877042
Kiribati,,2008,0.959490318742684
Kiribati,,2007,0.734804248148293
Kiribati,,2006,0.699881020226562
Kiribati,,2005,0.66302851022594
Kiribati,,2004,0.640058281729718
Kiribati,,2003,0.558534642951951
Kiribati,,2002,0.536503945200728
Kiribati,,2001,0.437261305141972
Kiribati,,2000,0.338550776974033
Kiribati,,1999,0.229123945
Kiribati,,1998,0.02563983
Kiribati,,1997,0.0
Kiribati,,1996,0.0
Kiribati,,1995,0.0
Kiribati,,1994,0.0
Kiribati,,1993,0.0
Kiribati,,1992,0.0
Kiribati,,1991,0.0
Kiribati,,1990,0.0
Kiribati,,1989,0.0
Kiribati,,1988,0.0
Kiribati,,1987,0.0
Kiribati,,1986,0.0
Kiribati,,1985,0.0
Kiribati,,1984,0.0
Kiribati,,1983,0.0
Kiribati,,1982,0.0
Kiribati,,1981,0.0
Kiribati,,1980,0.0
Kiribati,,1979,0.0
Kiribati,,1978,0.0
Kiribati,,1977,0.0
Kiribati,,1976,0.0
Kiribati,,1975,0.0
Kiribati,,1970,0.0
Kiribati,,1965,0.0
Kiribati,,1960,0.0
North Korea,,2022,24.1311041179361
North Korea,,2021,22.8723614729709
North Korea,,2020,22.9565670933221
North Korea,,2019,16.3340506540687
North Korea,,2017,14.7573125097971
North Korea,,2016,14.0320423984037
North Korea,,2015,12.6684483301304
North Korea,,2014,11.0014191044829
North Korea,,2013,9.55409574412015
North Korea,,2012,6.7428936247448
North Korea,,2011,3.98440122856621
North Korea,,2010,1.72855701093733
North Korea,,2009,0.278398889443231
North Korea,,2008,0.0
North Korea,,2007,0.0
North Korea,,2006,0.0
North Korea,,2005,0.0
North Korea,,2004,0.0
North Korea,,2003,0.0
North Korea,,2002,0.0
North Korea,,2001,0.0
North Korea,,2000,0.0
North Korea,,1999,0.0
North Korea,,1998,0.0
North Korea,,1997,0.0
North Korea,,1996,0.0
North Korea,,1995,0.0
North Korea,,1994,0.0
North Korea,,1993,0.0
North Korea,,1992,0.0
North Korea,,1991,0.0
North Korea,,1990,0.0
North Korea,,1989,0.0
North Korea,,1988,0.0
North Korea,,1987,0.0
North Korea,,1986,0.0
North Korea,,1985,0.0
North Korea,,1984,0.0
North Korea,,1983,0.0
North Korea,,1982,0.0
North Korea,,1981,0.0
North Korea,,1980,0.0
North Korea,,1979,0.0
North Korea,,1978,0.0
North Korea,,1977,0.0
North Korea,,1976,0.0
North Korea,,1975,0.0
North Korea,,1970,0.0
North Korea,,1965,0.0
North Korea,,1960,0.0
South Korea,,2024,172.520241179065
South Korea,,2023,162.11365652794
South Korea,,2022,148.68360770138
South Korea,,2021,140.516382791931
South Korea,,2020,135.973274343048
South Korea,,2019,133.079790493891
South Korea,,2018,128.494634504197
South Korea,,2017,123.642066127533
South Korea,,2016,119.489512998783
South Korea,,2015,115.595447050042
South Korea,,2014,113.358579550833
South Korea,,2013,109.206248930023
South Korea,,2012,108.114681779859
South Korea,,2011,106.878306781378
South Korea,,2010,104.09665032935
South Korea,,2009,98.7589987345583
South Korea,,2008,94.314085183969
South Korea,,2007,92.0940186995266
South Korea,,2006,83.7326193913918
South Korea,,2005,80.1274936342835
South Korea,,2004,76.705022268137
South Korea,,2003,70.6984149567203
South Korea,,2002,68.3786357970296
South Korea,,2001,61.7420382357865
South Korea,,2000,57.3408437262605
South Korea,,1999,50.39230494
South Korea,,1998,30.31034269
South Korea,,1997,14.96611806
South Korea,,1996,6.966660745
South Korea,,1995,3.615707017
South Korea,,1994,2.126074209
South Korea,,1993,1.049975406
South Korea,,1992,0.608287335
South Korea,,1991,0.373382025
South Korea,,1990,0.181334835
South Korea,,1989,0.09116426
South Korea,,1988,0.04734527
South Korea,,1987,0.024183325
South Korea,,1986,0.01695819
South Korea,,1983,0.0
South Korea,,1982,0.0
South Korea,,1981,0.0
South Korea,,1980,0.0
South Korea,,1979,0.0
South Korea,,1978,0.0
South Korea,,1977,0.0
South Korea,,1976,0.0
South Korea,,1975,0.0
South Korea,,1970,0.0
South Korea,,1965,0.0
South Korea,,1960,0.0
Kosovo,,2022,34.5402009143477
Kosovo,,2010,31.41871135205
Kosovo,,2009,31.3147573301328
Kosovo,,2008,31.2073467202855
Kosovo,,2007,31.0996550262466
Kosovo,,2006,30.9969946152374
Kosovo,,2005,30.9070731001774
Kuwait,,2023,167.68428501222
Kuwait,,2022,168.350157565806
Kuwait,,2021,158.646854136291
Kuwait,,2020,153.866464370257
Kuwait,,2019,164.941648203568
Kuwait,,2018,164.219580620472
Kuwait,,2017,171.826095119125
Kuwait,,2016,191.294217665413
Kuwait,,2015,199.89137958103
Kuwait,,2014,207.323653501069
Kuwait,,2013,182.738430889808
Kuwait,,2012,152.830739955499
Kuwait,,2011,157.499296159938
Kuwait,,2010,135.190013358828
Kuwait,,2009,93.6658195861611
Kuwait,,2008,56.570118438377
Kuwait,,2007,56.8763664391577
Kuwait,,2006,49.8818682701176
Kuwait,,2005,61.7887792674138
Kuwait,,2004,82.2579404075427
Kuwait,,2003,67.3023739253541
Kuwait,,2002,59.5638585729723
Kuwait,,2001,43.7184811074631
Kuwait,,2000,24.3514507786069
Kuwait,,1999,15.97931637
Kuwait,,1998,13.73970621
Kuwait,,1997,11.92187425
Kuwait,,1996,8.868749112
Kuwait,,1995,7.105330886
Kuwait,,1994,5.1913161
Kuwait,,1993,3.889045109
Kuwait,,1992,3.146918519
Kuwait,,1991,3.210153042
Kuwait,,1990,1.237956271
Kuwait,,1989,1.018093559
Kuwait,,1988,0.821923084
Kuwait,,1987,0.698079598
Kuwait,,1986,0.416646978
Kuwait,,1985,0.0
Kuwait,,1984,0.0
Kuwait,,1983,0.0
Kuwait,,1982,0.0
Kuwait,,1981,0.0
Kuwait,,1980,0.0
Kuwait,,1979,0.0
Kuwait,,1978,0.0
Kuwait,,1977,0.0
Kuwait,,1976,0.0
Kuwait,,1975,0.0
Kuwait,,1970,0.0
Kuwait,,1965,0.0
Kuwait,,1960,0.0
Kyrgyzstan,,2024,107.49229509732
Kyrgyzstan,,2023,108.59118718329
Kyrgyzstan,,2022,106.925973017004
Kyrgyzstan,,2021,108.171654806063
Kyrgyzstan,,2020,109.780106660424
Kyrgyzstan,,2019,132.776694304851
Kyrgyzstan,,2018,137.74227608483
Kyrgyzstan,,2017,136.137649413599
Kyrgyzstan,,2016,124.639033524314
Kyrgyzstan,,2015,126.284372135274
Kyrgyzstan,,2014,128.230500927468
Kyrgyzstan,,2013,116.217890810688
Kyrgyzstan,,2012,119.333438543784
Kyrgyzstan,,2011,112.200710157323
Kyrgyzstan,,2010,96.0616640090492
Kyrgyzstan,,2009,83.1255498557153
Kyrgyzstan,,2008,63.5283723785779
Kyrgyzstan,,2007,40.8089370056808
Kyrgyzstan,,2006,23.8858159268052
Kyrgyzstan,,2005,10.3243942625057
Kyrgyzstan,,2004,5.06194358260871
Kyrgyzstan,,2003,2.68012579703695
Kyrgyzstan,,2002,1.03755599311528
Kyrgyzstan,,2001,0.532339002940877
Kyrgyzstan,,2000,0.179099309572162
Kyrgyzstan,,1999,0.052757675
Kyrgyzstan,,1998,0.028064124
Kyrgyzstan,,1997,0.0
Kyrgyzstan,,1996,0.0
Kyrgyzstan,,1995,0.0
Kyrgyzstan,,1994,0.0
Kyrgyzstan,,1993,0.0
Kyrgyzstan,,1992,0.0
Kyrgyzstan,,1991,0.0
Kyrgyzstan,,1990,0.0
Kyrgyzstan,,1989,0.0
Kyrgyzstan,,1988,0.0
Kyrgyzstan,,1987,0.0
Kyrgyzstan,,1986,0.0
Kyrgyzstan,,1985,0.0
Kyrgyzstan,,1984,0.0
Kyrgyzstan,,1983,0.0
Kyrgyzstan,,1982,0.0
Kyrgyzstan,,1981,0.0
Kyrgyzstan,,1980,0.0
Kyrgyzstan,,1979,0.0
Kyrgyzstan,,1978,0.0
Kyrgyzstan,,1977,0.0
Kyrgyzstan,,1976,0.0
Kyrgyzstan,,1975,0.0
Kyrgyzstan,,1970,0.0
Kyrgyzstan,,1965,0.0
Kyrgyzstan,,1960,0.0
Laos,,2023,64.7588066942788
Laos,,2022,63.3546046458219
Laos,,2021,64.7101497693472
Laos,,2020,63.1139885984314
Laos,,2019,64.0668582946144
Laos,,2018,51.3792491489602
Laos,,2017,52.8887895907566
Laos,,2016,57.2966195875928
Laos,,2015,54.7979496136596
Laos,,2014,68.9014991708403
Laos,,2013,69.7677113040611
Laos,,2012,65.961259571669
Laos,,2011,85.2839686365553
Laos,,2010,63.2029110570342
Laos,,2009,51.823574629881
Laos,,2008,32.8857244198174
Laos,,2007,24.4113505484264
Laos,,2006,16.9299201770861
Laos,,2005,11.2024094632562
Laos,,2004,3.53172273682179
Laos,,2003,1.97044724018923
Laos,,2002,0.983088419678236
Laos,,2001,0.535091846717965
Laos,,2000,0.23348379698675
Laos,,1999,0.226177403
Laos,,1998,0.122986391
Laos,,1997,0.095426924
Laos,,1996,0.07514006
Laos,,1995,0.031233308
Laos,,1994,0.012999303
Laos,,1993,0.007256745
Laos,,1992,0.006358107
Laos,,1991,0.0
Laos,,1990,0.0
Laos,,1989,0.0
Laos,,1988,0.0
Laos,,1987,0.0
Laos,,1986,0.0
Laos,,1985,0.0
Laos,,1984,0.0
Laos,,1983,0.0
Laos,,1982,0.0
Laos,,1981,0.0
Laos,,1980,0.0
Laos,,1979,0.0
Laos,,1978,0.0
Laos,,1977,0.0
Laos,,1976,0.0
Laos,,1975,0.0
Laos,,1970,0.0
Laos,,1965,0.0
Laos,,1960,0.0
Latvia,,2024,121.262202363304
Latvia,,2023,119.909944560018
Latvia,,2022,115.202627450543
Latvia,,2021,114.644670333429
Latvia,,2020,107.902487108935
Latvia,,2019,108.221910991332
Latvia,,2018,107.397431401316
Latvia,,2017,126.846989128969
Latvia,,2016,135.227462327724
Latvia,,2015,130.949148754694
Latvia,,2014,119.549742772481
Latvia,,2013,127.073387613574
Latvia,,2012,129.304547798055
Latvia,,2011,112.090589002306
Latvia,,2010,109.927825454005
Latvia,,2009,107.542192196889
Latvia,,2008,105.551654925745
Latvia,,2007,100.737558024988
Latvia,,2006,98.4075939418629
Latvia,,2005,83.5617184514221
Latvia,,2004,67.8707555161397
Latvia,,2003,53.2790967520961
Latvia,,2002,39.6822464437465
Latvia,,2001,28.090267249597
Latvia,,2000,16.9433685496807
Latvia,,1999,11.3068601
Latvia,,1998,6.80085626
Latvia,,1997,3.085383486
Latvia,,1996,1.124576212
Latvia,,1995,0.583740022
Latvia,,1994,0.320895746
Latvia,,1993,0.144000049
Latvia,,1992,0.038567208
Latvia,,1991,0.0
Latvia,,1990,0.0
Latvia,,1989,0.0
Latvia,,1988,0.0
Latvia,,1987,0.0
Latvia,,1986,0.0
Latvia,,1985,0.0
Latvia,,1984,0.0
Latvia,,1983,0.0
Latvia,,1982,0.0
Latvia,,1981,0.0
Latvia,,1980,0.0
Latvia,,1979,0.0
Latvia,,1978,0.0
Latvia,,1977,0.0
Latvia,,1976,0.0
Latvia,,1975,0.0
Latvia,,1970,0.0
Latvia,,1965,0.0
Latvia,,1960,0.0
Lebanon,,2022,74.0148340435503
Lebanon,,2021,74.9935205999452
Lebanon,,2020,75.2003104658777
Lebanon,,2019,73.1364785867655
Lebanon,,2018,73.9321026202855
Lebanon,,2017,71.4122336418984
Lebanon,,2016,67.6419803070033
Lebanon,,2015,71.9609626558273
Lebanon,,2014,69.1237106092809
Lebanon,,2013,67.6382047262301
Lebanon,,2012,71.7218113497571
Lebanon,,2011,67.8303852810625
Lebanon,,2010,56.8042135263845
Lebanon,,2009,47.8801999965146
Lebanon,,2008,28.9725367963399
Lebanon,,2007,26.0109270665991
Lebanon,,2006,23.2877147696888
Lebanon,,2005,21.2702912503302
Lebanon,,2004,19.2300793233026
Lebanon,,2003,17.577253205607
Lebanon,,2002,17.365370345809
Lebanon,,2001,17.4186343316709
Lebanon,,2000,17.1619692609035
Lebanon,,1999,14.75287175
Lebanon,,1998,12.09203443
Lebanon,,1997,9.102749814
Lebanon,,1996,4.907983976
Lebanon,,1995,3.030578537
Lebanon,,1994,0.0
Lebanon,,1993,0.0
Lebanon,,1992,0.0
Lebanon,,1991,0.0
Lebanon,,1990,0.0
Lebanon,,1989,0.0
Lebanon,,1988,0.0
Lebanon,,1987,0.0
Lebanon,,1986,0.0
Lebanon,,1985,0.0
Lebanon,,1984,0.0
Lebanon,,1983,0.0
Lebanon,,1982,0.0
Lebanon,,1981,0.0
Lebanon,,1980,0.0
Lebanon,,1979,0.0
Lebanon,,1978,0.0
Lebanon,,1977,0.0
Lebanon,,1976,0.0
Lebanon,,1975,0.0
Lebanon,,1970,0.0
Lebanon,,1965,0.0
Lebanon,,1960,0.0
Lesotho,,2024,70.328049309004
Lesotho,,2023,69.3513051423509
Lesotho,,2022,68.1001351640997
Lesotho,,2021,80.5368195682415
Lesotho,,2020,69.8944012395073
Lesotho,,2019,76.1124827725111
Lesotho,,2018,72.4555241955612
Lesotho,,2017,110.370078484639
Lesotho,,2016,107.157971519258
Lesotho,,2015,101.688197961524
Lesotho,,2014,102.821994635806
Lesotho,,2013,87.055264662748
Lesotho,,2012,75.9363906183486
Lesotho,,2011,61.1891009424486
Lesotho,,2010,49.4651223718861
Lesotho,,2009,33.3689571771781
Lesotho,,2008,30.1654529450441
Lesotho,,2007,24.6998875730315
Lesotho,,2006,18.4011006327301
Lesotho,,2005,12.7893640595655
Lesotho,,2004,9.95434596112177
Lesotho,,2003,6.34489957225453
Lesotho,,2002,6.91605015142787
Lesotho,,2001,2.8487849932004
Lesotho,,2000,1.07789110605101
Lesotho,,1999,0.601732086
Lesotho,,1998,0.495105102
Lesotho,,1997,0.177432691
Lesotho,,1996,0.064549194
Lesotho,,1995,0.0
Lesotho,,1994,0.0
Lesotho,,1993,0.0
Lesotho,,1992,0.0
Lesotho,,1991,0.0
Lesotho,,1990,0.0
Lesotho,,1989,0.0
Lesotho,,1988,0.0
Lesotho,,1987,0.0
Lesotho,,1986,0.0
Lesotho,,1985,0.0
Lesotho,,1984,0.0
Lesotho,,1983,0.0
Lesotho,,1982,0.0
Lesotho,,1981,0.0
Lesotho,,1980,0.0
Lesotho,,1979,0.0
Lesotho,,1978,0.0
Lesotho,,1977,0.0
Lesotho,,1976,0.0
Lesotho,,1975,0.0
Lesotho,,1970,0.0
Lesotho,,1965,0.0
Lesotho,,1960,0.0
Liberia,,2022,32.0638885570006
Liberia,,2021,31.429900768597
Liberia,,2020,32.1004345501657
Liberia,,2019,38.4041861157665
Liberia,,2017,54.8575199657656
Liberia,,2016,65.5437117609357
Liberia,,2015,78.3786689834016
Liberia,,2014,70.6628167823582
Liberia,,2013,57.0612667465878
Liberia,,2012,54.4220580497379
Liberia,,2011,47.8690308724247
Liberia,,2010,38.7127515158085
Liberia,,2009,27.5184959376398
Liberia,,2008,22.3665618687031
Liberia,,2007,15.3445714830815
Liberia,,2006,8.02111386343538
Liberia,,2005,4.84699403062391
Liberia,,2004,2.98933254606113
Liberia,,2003,1.51465027446425
Liberia,,2002,0.161562268360098
Liberia,,2001,0.0663275559821154
Liberia,,2000,0.0512274611977595
Liberia,,1999,0.0
Liberia,,1998,0.0
Liberia,,1997,0.0
Liberia,,1996,0.0
Liberia,,1995,0.0
Liberia,,1994,0.0
Liberia,,1993,0.0
Liberia,,1992,0.0
Liberia,,1991,0.0
Liberia,,1990,0.0
Liberia,,1989,0.0
Liberia,,1988,0.0
Liberia,,1987,0.0
Liberia,,1986,0.0
Liberia,,1985,0.0
Liberia,,1984,0.0
Liberia,,1983,0.0
Liberia,,1982,0.0
Liberia,,1981,0.0
Liberia,,1980,0.0
Liberia,,1979,0.0
Liberia,,1978,0.0
Liberia,,1977,0.0
Liberia,,1976,0.0
Liberia,,1975,0.0
Liberia,,1970,0.0
Liberia,,1965,0.0
Liberia,,1960,0.0
Libya,,2022,192.97309381967
Libya,,2021,195.117849246865
Libya,,2020,164.987107188677
Libya,,2019,164.00440049702
Libya,,2017,89.333810176041
Libya,,2016,115.499434118109
Libya,,2015,149.224588127748
Libya,,2014,132.203934123012
Libya,,2013,162.34581961061
Libya,,2012,155.146320117657
Libya,,2011,157.649061523019
Libya,,2010,167.748077476219
Libya,,2009,149.749665681643
Libya,,2008,118.341718213499
Libya,,2007,73.7175601781016
Libya,,2006,65.6759769847586
Libya,,2005,34.136694932988
Libya,,2004,8.71582286170796
Libya,,2003,2.26002856533743
Libya,,2002,1.27078412826932
Libya,,2001,0.925302374936594
Libya,,2000,0.754002670300457
Libya,,1999,0.593120045
Libya,,1998,0.401528861
Libya,,1997,0.20398397
Libya,,1996,0.0
Libya,,1995,0.0
Libya,,1994,0.0
Libya,,1993,0.0
Libya,,1992,0.0
Libya,,1991,0.0
Libya,,1990,0.0
Libya,,1989,0.0
Libya,,1988,0.0
Libya,,1987,0.0
Libya,,1986,0.0
Libya,,1985,0.0
Libya,,1984,0.0
Libya,,1983,0.0
Libya,,1982,0.0
Libya,,1981,0.0
Libya,,1980,0.0
Libya,,1979,0.0
Libya,,1978,0.0
Libya,,1977,0.0
Libya,,1976,0.0
Libya,,1975,0.0
Libya,,1970,0.0
Libya,,1965,0.0
Libya,,1960,0.0
Liechtenstein,,2024,128.901429646351
Liechtenstein,,2023,127.059447446841
Liechtenstein,,2022,126.306686674975
Liechtenstein,,2021,126.070587030017
Liechtenstein,,2020,126.104676657982
Liechtenstein,,2019,124.214360041623
Liechtenstein,,2018,123.979123501797
Liechtenstein,,2017,122.594451783355
Liechtenstein,,2016,117.766848331783
Liechtenstein,,2015,109.491978609626
Liechtenstein,,2014,109.388370153109
Liechtenstein,,2013,104.109997290707
Liechtenstein,,2012,98.5900098371407
Liechtenstein,,2011,101.929969671905
Liechtenstein,,2010,98.6138503847329
Liechtenstein,,2009,97.992552566005
Liechtenstein,,2008,95.9259677237332
Liechtenstein,,2007,90.8788962698007
Liechtenstein,,2006,82.2158684774839
Liechtenstein,,2005,79.2799285117177
Liechtenstein,,2004,74.1516182500218
Liechtenstein,,2003,73.3998825601879
Liechtenstein,,2002,33.7917135913698
Liechtenstein,,2001,32.8908025355819
Liechtenstein,,2000,30.1996194847945
Liechtenstein,,1999,27.59466503
Liechtenstein,,1998,23.29916123
Liechtenstein,,1990,0.0
Lithuania,,2024,138.728835196967
Lithuania,,2023,137.203719983084
Lithuania,,2022,135.834150715729
Lithuania,,2021,133.357273318046
Lithuania,,2020,131.341332336588
Lithuania,,2019,132.528841977519
Lithuania,,2018,134.333614750945
Lithuania,,2017,154.147985747777
Lithuania,,2016,146.550393676088
Lithuania,,2015,143.991494147494
Lithuania,,2014,145.49429149643
Lithuania,,2013,154.341459457267
Lithuania,,2012,167.226065135398
Lithuania,,2011,163.043370593157
Lithuania,,2010,157.889641413685
Lithuania,,2009,156.847948346861
Lithuania,,2008,157.03197861735
Lithuania,,2007,152.012023368388
Lithuania,,2006,144.296392938056
Lithuania,,2005,131.038602302106
Lithuania,,2004,90.3592532233403
Lithuania,,2003,61.5530273084651
Lithuania,,2002,47.7800264223806
Lithuania,,2001,29.3117715960016
Lithuania,,2000,14.9697091934012
Lithuania,,1999,9.136079147
Lithuania,,1998,7.300894009
Lithuania,,1997,4.47474029
Lithuania,,1996,1.369497547
Lithuania,,1995,0.394820974
Lithuania,,1994,0.119667223
Lithuania,,1993,0.032783181
Lithuania,,1992,0.007034198
Lithuania,,1991,0.0
Lithuania,,1990,0.0
Lithuania,,1989,0.0
Lithuania,,1988,0.0
Lithuania,,1987,0.0
Lithuania,,1986,0.0
Lithuania,,1985,0.0
Lithuania,,1984,0.0
Lithuania,,1983,0.0
Lithuania,,1982,0.0
Lithuania,,1981,0.0
Lithuania,,1980,0.0
Lithuania,,1979,0.0
Lithuania,,1978,0.0
Lithuania,,1977,0.0
Lithuania,,1976,0.0
Lithuania,,1975,0.0
Lithuania,,1970,0.0
Lithuania,,1965,0.0
Lithuania,,1960,0.0
Luxembourg,,2023,144.474949556306
Luxembourg,,2022,139.651285065505
Luxembourg,,2021,136.87108956478
Luxembourg,,2020,132.908973559976
Luxembourg,,2019,131.870169616698
Luxembourg,,2018,131.326868398506
Luxembourg,,2017,133.110922975046
Luxembourg,,2016,130.932672500368
Luxembourg,,2015,141.659175188223
Luxembourg,,2014,144.244165248014
Luxembourg,,2013,145.093438163702
Luxembourg,,2012,143.387946442865
Luxembourg,,2011,147.511878499915
Luxembourg,,2010,143.276640192349
Luxembourg,,2009,144.524044184212
Luxembourg,,2008,144.583733818688
Luxembourg,,2007,142.5239969184
Luxembourg,,2006,150.78267416139
Luxembourg,,2005,109.591866994153
Luxembourg,,2004,102.553808019271
Luxembourg,,2003,119.290542185474
Luxembourg,,2002,105.961392417824
Luxembourg,,2001,92.6003730599975
Luxembourg,,2000,69.5372043326332
Luxembourg,,1999,48.72271444
Luxembourg,,1998,30.80925647
Luxembourg,,1997,16.06263683
Luxembourg,,1996,10.89055716
Luxembourg,,1995,6.583831123
Luxembourg,,1994,3.207360388
Luxembourg,,1993,1.281075276
Luxembourg,,1992,0.286067491
Luxembourg,,1991,0.294773782
Luxembourg,,1990,0.216122077
Luxembourg,,1989,0.176416438
Luxembourg,,1988,0.145140213
Luxembourg,,1987,0.101207473
Luxembourg,,1986,0.079311188
Luxembourg,,1985,0.010915064
Luxembourg,,1984,0.0
Luxembourg,,1983,0.0
Luxembourg,,1982,0.0
Luxembourg,,1981,0.0
Luxembourg,,1980,0.0
Luxembourg,,1979,0.0
Luxembourg,,1978,0.0
Luxembourg,,1977,0.0
Luxembourg,,1976,0.0
Luxembourg,,1975,0.0
Luxembourg,,1970,0.0
Luxembourg,,1965,0.0
Luxembourg,,1960,0.0
Madagascar,,2023,75.4562966735535
Madagascar,,2022,64.7494924066919
Madagascar,,2021,53.9177233784298
Madagascar,,2020,54.8084663590199
Madagascar,,2019,46.077978411707
Madagascar,,2018,38.7515500132643
Madagascar,,2017,32.5906255978573
Madagascar,,2016,30.6447038676546
Madagascar,,2015,42.0572239372609
Madagascar,,2014,39.2252725571455
Madagascar,,2013,35.0948534776429
Madagascar,,2012,37.4155490576043
Madagascar,,2011,38.0363591750174
Madagascar,,2010,34.7635703189871
Madagascar,,2009,29.162840971111
Madagascar,,2008,23.1087553718629
Madagascar,,2007,10.9142059758793
Madagascar,,2006,5.30075933146314
Madagascar,,2005,2.66324010069674
Madagascar,,2004,1.79445925877516
Madagascar,,2003,1.56965632856485
Madagascar,,2002,0.928836513320607
Madagascar,,2001,0.865969167153126
Madagascar,,2000,0.382009619807974
Madagascar,,1999,0.227272669
Madagascar,,1998,0.083824374
Madagascar,,1997,0.02774225
Madagascar,,1996,0.016064309
Madagascar,,1995,0.009373329
Madagascar,,1994,0.002232787
Madagascar,,1993,0.0
Madagascar,,1992,0.0
Madagascar,,1991,0.0
Madagascar,,1990,0.0
Madagascar,,1989,0.0
Madagascar,,1988,0.0
Madagascar,,1987,0.0
Madagascar,,1986,0.0
Madagascar,,1985,0.0
Madagascar,,1984,0.0
Madagascar,,1983,0.0
Madagascar,,1982,0.0
Madagascar,,1981,0.0
Madagascar,,1980,0.0
Madagascar,,1979,0.0
Madagascar,,1978,0.0
Madagascar,,1977,0.0
Madagascar,,1976,0.0
Madagascar,,1975,0.0
Madagascar,,1970,0.0
Madagascar,,1965,0.0
Madagascar,,1960,0.0
Malawi,,2024,69.260530662121
Malawi,,2023,61.0866071008045
Malawi,,2022,59.6495709408963
Malawi,,2021,59.5599408158462
Malawi,,2020,51.2170439392301
Malawi,,2019,46.7841008334388
Malawi,,2018,38.1955692011493
Malawi,,2017,43.0855088342582
Malawi,,2016,40.8844441758703
Malawi,,2015,38.4341901744435
Malawi,,2014,33.8868400746068
Malawi,,2013,32.7317425220037
Malawi,,2012,29.5800071510519
Malawi,,2011,25.8864481164849
Malawi,,2010,21.025675510066
Malawi,,2009,17.2664810012484
Malawi,,2008,10.787342707362
Malawi,,2007,7.74031710895931
Malawi,,2006,4.6986669369963
Malawi,,2005,3.2800777505911
Malawi,,2004,1.77697522954047
Malawi,,2003,1.10916700912378
Malawi,,2002,0.724274521819057
Malawi,,2001,0.480718719771781
Malawi,,2000,0.43301741914195
Malawi,,1999,0.205030893
Malawi,,1998,0.097834084
Malawi,,1997,0.066586269
Malawi,,1996,0.03588565
Malawi,,1995,0.003777385
Malawi,,1994,0.0
Malawi,,1993,0.0
Malawi,,1992,0.0
Malawi,,1991,0.0
Malawi,,1990,0.0
Malawi,,1989,0.0
Malawi,,1988,0.0
Malawi,,1987,0.0
Malawi,,1986,0.0
Malawi,,1985,0.0
Malawi,,1984,0.0
Malawi,,1983,0.0
Malawi,,1982,0.0
Malawi,,1981,0.0
Malawi,,1980,0.0
Malawi,,1979,0.0
Malawi,,1978,0.0
Malawi,,1977,0.0
Malawi,,1976,0.0
Malawi,,1975,0.0
Malawi,,1970,0.0
Malawi,,1965,0.0
Malawi,,1960,0.0
Malaysia,,2024,139.664651283564
Malaysia,,2023,142.7320920639
Malaysia,,2022,138.208441079076
Malaysia,,2021,137.684938559871
Malaysia,,2020,129.017911652905
Malaysia,,2019,133.372921941941
Malaysia,,2018,128.873150399987
Malaysia,,2017,130.853522804244
Malaysia,,2016,136.725167298764
Malaysia,,2015,141.210531313909
Malaysia,,2014,146.3656485505
Malaysia,,2013,142.522112800428
Malaysia,,2012,139.314753874976
Malaysia,,2011,125.715832147402
Malaysia,,2010,118.156632715164
Malaysia,,2009,107.179512670287
Malaysia,,2008,100.518464614095
Malaysia,,2007,86.4755300769983
Malaysia,,2006,73.6762398568335
Malaysia,,2005,75.6500475633466
Malaysia,,2004,57.8498313244464
Malaysia,,2003,45.0736604261284
Malaysia,,2002,37.5604548860269
Malaysia,,2001,31.3900838278883
Malaysia,,2000,22.2996735954346
Malaysia,,1999,13.36691902
Malaysia,,1998,10.08686533
Malaysia,,1997,9.412128789
Malaysia,,1996,7.34842792
Malaysia,,1995,4.991168447
Malaysia,,1994,2.918621003
Malaysia,,1993,1.784885174
Malaysia,,1992,1.082615433
Malaysia,,1991,0.721522185
Malaysia,,1990,0.494489541
Malaysia,,1989,0.231602049
Malaysia,,1988,0.165220178
Malaysia,,1987,0.108594076
Malaysia,,1986,0.069523625
Malaysia,,1984,0.0
Malaysia,,1983,0.0
Malaysia,,1982,0.0
Malaysia,,1981,0.0
Malaysia,,1980,0.0
Malaysia,,1979,0.0
Malaysia,,1978,0.0
Malaysia,,1977,0.0
Malaysia,,1976,0.0
Malaysia,,1975,0.0
Malaysia,,1970,0.0
Malaysia,,1965,0.0
Malaysia,,1960,0.0
Maldives,,2024,148.137074909198
Maldives,,2023,141.601234995076
Maldives,,2022,136.458655310185
Maldives,,2021,136.789214071769
Maldives,,2020,142.936122584731
Maldives,,2019,169.774322321116
Maldives,,2018,181.34343974517
Maldives,,2017,196.409673414258
Maldives,,2016,183.197235330741
Maldives,,2015,172.785960191894
Maldives,,2014,160.974524741488
Maldives,,2013,156.262903991801
Maldives,,2012,144.912336034
Maldives,,2011,141.955019616029
Maldives,,2010,137.018282001818
Maldives,,2009,131.439236235733
Maldives,,2008,129.585328851474
Maldives,,2007,96.6284412858767
Maldives,,2006,86.3635929151094
Maldives,,2005,66.4493243132993
Maldives,,2004,37.5717039411041
Maldives,,2003,22.4175438714834
Maldives,,2002,14.3678673323823
Maldives,,2001,6.58862421408321
Maldives,,2000,2.70832816228694
Maldives,,1999,1.052097903
Maldives,,1998,0.586568102
Maldives,,1997,0.479482605
Maldives,,1996,0.007580294
Maldives,,1995,0.0
Maldives,,1994,0.0
Maldives,,1993,0.0
Maldives,,1992,0.0
Maldives,,1991,0.0
Maldives,,1990,0.0
Maldives,,1989,0.0
Maldives,,1988,0.0
Maldives,,1987,0.0
Maldives,,1986,0.0
Maldives,,1985,0.0
Maldives,,1984,0.0
Maldives,,1983,0.0
Maldives,,1982,0.0
Maldives,,1981,0.0
Maldives,,1980,0.0
Maldives,,1979,0.0
Maldives,,1978,0.0
Maldives,,1977,0.0
Maldives,,1976,0.0
Maldives,,1975,0.0
Maldives,,1970,0.0
Maldives,,1965,0.0
Maldives,,1960,0.0
Mali,,2022,112.119852778009
Mali,,2021,108.693122357196
Mali,,2020,116.587405376001
Mali,,2019,108.814511587375
Mali,,2018,107.404034726492
Mali,,2017,111.210305187838
Mali,,2016,105.348301513254
Mali,,2015,122.082978226993
Mali,,2014,130.439571178385
Mali,,2013,113.114584714497
Mali,,2012,86.1756593856956
Mali,,2011,65.7107159010821
Mali,,2010,46.6622176783255
Mali,,2009,28.8978765173021
Mali,,2008,23.0146454181582
Mali,,2007,17.5053976147782
Mali,,2006,10.8143886204419
Mali,,2005,5.62822858148233
Mali,,2004,3.10523812834724
Mali,,2003,1.94894660643258
Mali,,2002,0.374135847429006
Mali,,2001,0.201449644976166
Mali,,2000,0.089953621718981
Mali,,1999,0.058505121
Mali,,1998,0.042116764
Mali,,1997,0.027434281
Mali,,1996,0.011715466
Mali,,1995,0.0
Mali,,1994,0.0
Mali,,1993,0.0
Mali,,1992,0.0
Mali,,1991,0.0
Mali,,1990,0.0
Mali,,1989,0.0
Mali,,1988,0.0
Mali,,1987,0.0
Mali,,1986,0.0
Mali,,1985,0.0
Mali,,1984,0.0
Mali,,1983,0.0
Mali,,1982,0.0
Mali,,1981,0.0
Mali,,1980,0.0
Mali,,1979,0.0
Mali,,1978,0.0
Mali,,1977,0.0
Mali,,1976,0.0
Mali,,1975,0.0
Mali,,1970,0.0
Mali,,1965,0.0
Mali,,1960,0.0
Malta,,2024,142.070062100751
Malta,,2023,140.59359496844
Malta,,2022,132.861156549134
Malta,,2021,123.941408455002
Malta,,2020,122.175694268893
Malta,,2019,125.866492068688
Malta,,2018,127.093763801237
Malta,,2017,129.249073523943
Malta,,2016,128.59869659476
Malta,,2015,117.794018171562
Malta,,2014,125.718724466898
Malta,,2013,129.921671505793
Malta,,2012,124.757214417819
Malta,,2011,122.871784244091
Malta,,2010,107.790825054241
Malta,,2009,100.306087287159
Malta,,2008,92.0440414445937
Malta,,2007,88.3347675079159
Malta,,2006,83.4679651658186
Malta,,2005,78.3847866060195
Malta,,2004,74.5054747101982
Malta,,2003,71.0371215944109
Malta,,2002,68.2650130065464
Malta,,2001,59.4402955430206
Malta,,2000,28.6185123594944
Malta,,1999,9.480481436
Malta,,1998,5.740645431
Malta,,1997,4.549709648
Malta,,1996,3.24448632
Malta,,1995,2.825993589
Malta,,1994,1.981176185
Malta,,1993,1.412425614
Malta,,1992,0.941163816
Malta,,1991,0.618439255
Malta,,1990,0.0
Malta,,1989,0.0
Malta,,1988,0.0
Malta,,1987,0.0
Malta,,1986,0.0
Malta,,1985,0.0
Malta,,1984,0.0
Malta,,1983,0.0
Malta,,1982,0.0
Malta,,1981,0.0
Malta,,1980,0.0
Malta,,1979,0.0
Malta,,1978,0.0
Malta,,1977,0.0
Malta,,1976,0.0
Malta,,1975,0.0
Malta,,1970,0.0
Malta,,1965,0.0
Malta,,1960,0.0
Marshall Islands,,2022,39.7060658232902
Marshall Islands,,2021,38.6781734232601
Marshall Islands,,2020,37.4654615276542
Marshall Islands,,2019,36.3578521598836
Marshall Islands,,2017,34.3871563970857
Marshall Islands,,2015,31.7622950819672
Marshall Islands,,2014,31.126998152462
Marshall Islands,,2005,1.27152930297075
Marshall Islands,,2004,1.24345928829333
Marshall Islands,,2003,1.15803946629485
Marshall Islands,,2002,1.07340787554691
Marshall Islands,,2001,0.956516636347632
Marshall Islands,,2000,0.881552478996569
Marshall Islands,,1999,0.822900026
Marshall Islands,,1998,0.64893537
Marshall Islands,,1997,0.890026357
Marshall Islands,,1996,0.708215297
Marshall Islands,,1995,0.520689519
Marshall Islands,,1994,0.561797753
Marshall Islands,,1993,0.0
Marshall Islands,,1992,0.0
Marshall Islands,,1991,0.0
Marshall Islands,,1990,0.0
Marshall Islands,,1989,0.0
Marshall Islands,,1988,0.0
Marshall Islands,,1987,0.0
Marshall Islands,,1986,0.0
Marshall Islands,,1985,0.0
Marshall Islands,,1984,0.0
Marshall Islands,,1983,0.0
Marshall Islands,,1982,0.0
Marshall Islands,,1981,0.0
Marshall Islands,,1980,0.0
Marshall Islands,,1979,0.0
Marshall Islands,,1978,0.0
Marshall Islands,,1977,0.0
Marshall Islands,,1976,0.0
Marshall Islands,,1975,0.0
Marshall Islands,,1970,0.0
Marshall Islands,,1965,0.0
Marshall Islands,,1960,0.0
Mauritania,,2024,92.0748946443443
Mauritania,,2023,90.7724948884417
Mauritania,,2022,109.883898247552
Mauritania,,2021,137.540323142707
Mauritania,,2020,126.277034284458
Mauritania,,2019,105.441089704161
Mauritania,,2018,105.275094895088
Mauritania,,2017,96.7595354581295
Mauritania,,2016,88.4383494871236
Mauritania,,2015,91.8941169084199
Mauritania,,2014,97.5267336951353
Mauritania,,2013,106.798483685642
Mauritania,,2012,111.230731736701
Mauritania,,2011,94.6316258570616
Mauritania,,2010,81.8660764708571
Mauritania,,2009,66.4418800358538
Mauritania,,2008,65.7183543081028
Mauritania,,2007,45.7141942652888
Mauritania,,2006,35.1772263626288
Mauritania,,2005,25.3691742833335
Mauritania,,2004,18.2105677067792
Mauritania,,2003,12.524919291118
Mauritania,,2002,9.02771615993982
Mauritania,,2001,4.12366169421673
Mauritania,,2000,0.585435064346201
Mauritania,,1999,0.0
Mauritania,,1998,0.0
Mauritania,,1997,0.0
Mauritania,,1996,0.0
Mauritania,,1995,0.0
Mauritania,,1994,0.0
Mauritania,,1993,0.0
Mauritania,,1992,0.0
Mauritania,,1991,0.0
Mauritania,,1990,0.0
Mauritania,,1989,0.0
Mauritania,,1988,0.0
Mauritania,,1987,0.0
Mauritania,,1986,0.0
Mauritania,,1985,0.0
Mauritania,,1984,0.0
Mauritania,,1983,0.0
Mauritania,,1982,0.0
Mauritania,,1981,0.0
Mauritania,,1980,0.0
Mauritania,,1979,0.0
Mauritania,,1978,0.0
Mauritania,,1977,0.0
Mauritania,,1976,0.0
Mauritania,,1975,0.0
Mauritania,,1970,0.0
Mauritania,,1965,0.0
Mauritania,,1960,0.0
Mauritius,,2024,172.68356921857
Mauritius,,2023,165.257524411348
Mauritius,,2022,164.309278835228
Mauritius,,2021,154.053185977432
Mauritius,,2020,149.06995900167
Mauritius,,2019,145.117277088014
Mauritius,,2018,148.816797831837
Mauritius,,2017,142.524532117413
Mauritius,,2016,140.423888162514
Mauritius,,2015,136.371902265385
Mauritius,,2014,127.86328226284
Mauritius,,2013,118.793106653529
Mauritius,,2012,115.252449250293
Mauritius,,2011,100.608971543233
Mauritius,,2010,92.8425699047874
Mauritius,,2009,84.9704293760927
Mauritius,,2008,81.0663444829304
Mauritius,,2007,73.1476040513014
Mauritius,,2006,61.1177886041965
Mauritius,,2005,52.2446836857658
Mauritius,,2004,43.8266122579613
Mauritius,,2003,37.2277089024305
Mauritius,,2002,28.161107217088
Mauritius,,2001,22.2235093624495
Mauritius,,2000,14.7949785842685
Mauritius,,1999,8.47170223
Mauritius,,1998,5.05891805
Mauritius,,1997,3.590014667
Mauritius,,1996,1.777590909
Mauritius,,1995,1.011457438
Mauritius,,1994,0.497401847
Mauritius,,1993,0.356231447
Mauritius,,1992,0.260298879
Mauritius,,1991,0.226396162
Mauritius,,1990,0.201781177
Mauritius,,1989,0.0
Mauritius,,1988,0.0
Mauritius,,1987,0.0
Mauritius,,1986,0.0
Mauritius,,1985,0.0
Mauritius,,1984,0.0
Mauritius,,1983,0.0
Mauritius,,1982,0.0
Mauritius,,1981,0.0
Mauritius,,1980,0.0
Mauritius,,1979,0.0
Mauritius,,1978,0.0
Mauritius,,1977,0.0
Mauritius,,1976,0.0
Mauritius,,1975,0.0
Mauritius,,1970,0.0
Mauritius,,1965,0.0
Mauritius,,1960,0.0
Mexico,,2024,116.486713265167
Mexico,,2023,111.735420288549
Mexico,,2022,105.720624125765
Mexico,,2021,99.09481491263
Mexico,,2020,96.9237451881936
Mexico,,2019,97.0358606795758
Mexico,,2018,96.4612204576614
Mexico,,2017,92.6493518556478
Mexico,,2016,91.3941924453661
Mexico,,2015,88.9454290232153
Mexico,,2014,87.6144646415609
Mexico,,2013,90.2012422761648
Mexico,,2012,86.2256233206385
Mexico,,2011,82.0725244522242
Mexico,,2010,80.4262985351805
Mexico,,2009,74.2801618229031
Mexico,,2008,68.225553581827
Mexico,,2007,61.1903963397257
Mexico,,2006,51.6490140299726
Mexico,,2005,44.5402855250975
Mexico,,2004,36.8326596827555
Mexico,,2003,29.227164520677
Mexico,,2002,25.5328580326209
Mexico,,2001,21.7360188227069
Mexico,,2000,14.2740696650296
Mexico,,1999,8.02579566
Mexico,,1998,3.534421225
Mexico,,1997,1.868165056
Mexico,,1996,1.115775127
Mexico,,1995,0.765273175
Mexico,,1994,0.644573077
Mexico,,1993,0.445630607
Mexico,,1992,0.367849584
Mexico,,1991,0.193035298
Mexico,,1990,0.078225239
Mexico,,1989,0.010594046
Mexico,,1988,0.001901333
Mexico,,1987,0.0
Mexico,,1986,0.0
Mexico,,1985,0.0
Mexico,,1984,0.0
Mexico,,1983,0.0
Mexico,,1982,0.0
Mexico,,1981,0.0
Mexico,,1980,0.0
Mexico,,1979,0.0
Mexico,,1978,0.0
Mexico,,1977,0.0
Mexico,,1976,0.0
Mexico,,1975,0.0
Mexico,,1970,0.0
Mexico,,1965,0.0
Mexico,,1960,0.0
Micronesia,,2022,19.9885830493962
Micronesia,,2021,19.7090231491436
Micronesia,,2020,19.8348299614122
Micronesia,,2019,20.8556246712972
Micronesia,,2017,21.1123391273372
Micronesia,,2016,21.4641301856521
Micronesia,,2015,20.7007248243129
Micronesia,,2013,29.0350625687887
Micronesia,,2012,28.9303920659931
Micronesia,,2011,25.6272168471095
Micronesia,,2010,25.588618188581
Micronesia,,2009,25.4731050325593
Micronesia,,2008,25.2441800690314
Micronesia,,2007,24.9690571532581
Micronesia,,2006,16.8122172150024
Micronesia,,2005,12.650342871504
Micronesia,,2004,11.4201474201474
Micronesia,,2003,5.22687803357528
Micronesia,,2002,0.0889299943084804
Micronesia,,2001,0.0
Micronesia,,2000,0.0
Micronesia,,1999,0.0
Micronesia,,1998,0.0
Micronesia,,1997,0.0
Micronesia,,1996,0.0
Micronesia,,1995,0.0
Micronesia,,1994,0.0
Micronesia,,1993,0.0
Micronesia,,1992,0.0
Micronesia,,1991,0.0
Micronesia,,1990,0.0
Micronesia,,1989,0.0
Micronesia,,1988,0.0
Micronesia,,1987,0.0
Micronesia,,1986,0.0
Micronesia,,1985,0.0
Micronesia,,1984,0.0
Micronesia,,1983,0.0
Micronesia,,1982,0.0
Micronesia,,1981,0.0
Micronesia,,1980,0.0
Micronesia,,1979,0.0
Micronesia,,1978,0.0
Micronesia,,1977,0.0
Micronesia,,1976,0.0
Micronesia,,1975,0.0
Micronesia,,1970,0.0
Micronesia,,1965,0.0
Micronesia,,1960,0.0
Moldova,,2024,120.083487069521
Moldova,,2023,129.546081439289
Moldova,,2022,137.182551887592
Moldova,,2021,128.983642317657
Moldova,,2020,111.444672775453
Moldova,,2019,116.105189229966
Moldova,,2018,115.31999925169
Moldova,,2017,117.321043357799
Moldova,,2016,117.008370513998
Moldova,,2015,112.958678058046
Moldova,,2014,111.829207986696
Moldova,,2013,108.451690919044
Moldova,,2012,102.918975508711
Moldova,,2011,90.4419573908726
Moldova,,2010,70.2257053429633
Moldova,,2009,57.6440352813251
Moldova,,2008,64.1199480143426
Moldova,,2007,48.8869490439311
Moldova,,2006,34.6351071936054
Moldova,,2005,27.3223975215793
Moldova,,2004,19.4480942226804
Moldova,,2003,11.6213261695568
Moldova,,2002,8.16390815196009
Moldova,,2001,5.37022318647563
Moldova,,2000,3.2821979486499
Moldova,,1999,0.418221638
Moldova,,1998,0.160788913
Moldova,,1997,0.050070668
Moldova,,1996,0.02076658
Moldova,,1995,0.000313815
Moldova,,1994,0.0
Moldova,,1993,0.0
Moldova,,1992,0.0
Moldova,,1991,0.0
Moldova,,1990,0.0
Moldova,,1989,0.0
Moldova,,1988,0.0
Moldova,,1987,0.0
Moldova,,1986,0.0
Moldova,,1985,0.0
Moldova,,1984,0.0
Moldova,,1983,0.0
Moldova,,1982,0.0
Moldova,,1981,0.0
Moldova,,1980,0.0
Moldova,,1979,0.0
Moldova,,1978,0.0
Moldova,,1977,0.0
Moldova,,1976,0.0
Moldova,,1975,0.0
Moldova,,1970,0.0
Moldova,,1965,0.0
Moldova,,1960,0.0
Monaco,,2024,107.400792109963
Monaco,,2023,104.060991888284
Monaco,,2022,100.061647530246
Monaco,,2021,97.1422638668985
Monaco,,2020,93.2588699080158
Monaco,,2019,88.6483507832795
Monaco,,2018,85.6764690464958
Monaco,,2017,87.5258771697011
Monaco,,2016,89.3255714132418
Monaco,,2015,92.5537992763283
Monaco,,2014,93.2102524357839
Monaco,,2013,100.047958924592
Monaco,,2012,95.6325084267235
Monaco,,2011,93.6457903729453
Monaco,,2010,70.602780206857
Monaco,,2009,71.0666172290199
Monaco,,2008,69.1041588139213
Monaco,,2007,64.0763891070139
Monaco,,2006,57.1076519948841
Monaco,,2005,53.3716237193418
Monaco,,2004,48.7510446652428
Monaco,,2003,46.5836782603324
Monaco,,2002,45.8762568626241
Monaco,,2001,44.0780349493019
Monaco,,2000,42.9117239254352
Monaco,,1999,40.37784775
Monaco,,1998,35.62358347
Monaco,,1997,22.52252252
Monaco,,1996,17.02449636
Monaco,,1995,9.545136904
Monaco,,1994,8.188013951
Monaco,,1993,3.706807633
Monaco,,1992,0.0
Monaco,,1991,0.0
Monaco,,1990,0.0
Monaco,,1989,0.0
Monaco,,1988,0.0
Monaco,,1987,0.0
Monaco,,1986,0.0
Monaco,,1985,0.0
Monaco,,1984,0.0
Monaco,,1983,0.0
Monaco,,1982,0.0
Monaco,,1981,0.0
Monaco,,1980,0.0
Monaco,,1979,0.0
Monaco,,1978,0.0
Monaco,,1977,0.0
Monaco,,1976,0.0
Monaco,,1975,0.0
Monaco,,1970,0.0
Monaco,,1965,0.0
Monaco,,1960,0.0
Mongolia,,2024,140.670025377351
Mongolia,,2023,141.08481753135
Mongolia,,2022,142.808581769425
Mongolia,,2021,140.352142155192
Mongolia,,2020,132.610273840436
Mongolia,,2019,136.719198864644
Mongolia,,2018,133.283865358717
Mongolia,,2017,125.18399904135
Mongolia,,2016,110.745846833017
Mongolia,,2015,103.078420951136
Mongolia,,2014,103.920441847843
Mongolia,,2013,100.901264814345
Mongolia,,2012,120.738848253543
Mongolia,,2011,107.181059165519
Mongolia,,2010,92.9207634213904
Mongolia,,2009,84.3807849396284
Mongolia,,2008,66.9284063613147
Mongolia,,2007,45.8051776001595
Mongolia,,2006,29.9796189659682
Mongolia,,2005,21.7365116925906
Mongolia,,2004,16.8592174038547
Mongolia,,2003,12.6496695819066
Mongolia,,2002,8.63974080777577
Mongolia,,2001,7.87020220365662
Mongolia,,2000,6.29688552620539
Mongolia,,1999,1.423190067
Mongolia,,1998,0.375527826
Mongolia,,1997,0.083971129
Mongolia,,1996,0.038183598
Mongolia,,1995,0.0
Mongolia,,1994,0.0
Mongolia,,1993,0.0
Mongolia,,1992,0.0
Mongolia,,1991,0.0
Mongolia,,1990,0.0
Mongolia,,1989,0.0
Mongolia,,1988,0.0
Mongolia,,1987,0.0
Mongolia,,1986,0.0
Mongolia,,1985,0.0
Mongolia,,1984,0.0
Mongolia,,1983,0.0
Mongolia,,1982,0.0
Mongolia,,1981,0.0
Mongolia,,1980,0.0
Mongolia,,1979,0.0
Mongolia,,1978,0.0
Mongolia,,1977,0.0
Mongolia,,1976,0.0
Mongolia,,1975,0.0
Mongolia,,1970,0.0
Mongolia,,1965,0.0
Mongolia,,1960,0.0
Montenegro,,2024,221.687322527444
Montenegro,,2023,207.237922064803
Montenegro,,2022,207.278149444886
Montenegro,,2021,185.488473149833
Montenegro,,2020,177.66521091893
Montenegro,,2019,188.173957398388
Montenegro,,2018,184.219098888429
Montenegro,,2017,168.464830660169
Montenegro,,2016,166.719850572448
Montenegro,,2015,160.454990487865
Montenegro,,2014,160.490358344882
Montenegro,,2013,156.964444205798
Montenegro,,2012,156.401963569782
Montenegro,,2011,183.204359810839
Montenegro,,2010,185.100808748149
Montenegro,,2009,204.631442133458
Montenegro,,2008,182.988251467579
Montenegro,,2007,142.095017359275
Montenegro,,2006,101.547633509026
Montenegro,,2005,85.6746313382225
Montenegro,,2004,76.3334038128359
Morocco,,2024,153.057260079672
Morocco,,2023,148.155101338402
Morocco,,2022,141.870002419562
Morocco,,2021,138.911268095998
Morocco,,2020,135.088404811169
Morocco,,2019,128.874798962456
Morocco,,2018,124.827523956634
Morocco,,2017,123.894319060738
Morocco,,2016,118.531797132419
Morocco,,2015,124.480492544005
Morocco,,2014,128.971839608382
Morocco,,2013,125.560354723339
Morocco,,2012,116.972130406733
Morocco,,2011,111.063715196143
Morocco,,2010,98.5069862903323
Morocco,,2009,79.0201255804651
Morocco,,2008,72.1861049565747
Morocco,,2007,64.2243296034678
Morocco,,2006,52.0120841652536
Morocco,,2005,40.8220113851492
Morocco,,2004,31.1717436954099
Morocco,,2003,24.8884606976027
Morocco,,2002,21.2296727647944
Morocco,,2001,16.5601184092407
Morocco,,2000,8.23967968684995
Morocco,,1999,1.297372681
Morocco,,1998,0.41495255
Morocco,,1997,0.268323369
Morocco,,1996,0.156817216
Morocco,,1995,0.109323282
Morocco,,1994,0.051887421
Morocco,,1993,0.025711901
Morocco,,1992,0.012511957
Morocco,,1991,0.005938147
Morocco,,1990,0.003644065
Morocco,,1989,0.00287408
Morocco,,1988,0.000439265
Morocco,,1987,0.000255894
Morocco,,1986,0.0
Morocco,,1985,0.0
Morocco,,1984,0.0
Morocco,,1983,0.0
Morocco,,1982,0.0
Morocco,,1981,0.0
Morocco,,1980,0.0
Morocco,,1979,0.0
Morocco,,1978,0.0
Morocco,,1977,0.0
Morocco,,1976,0.0
Morocco,,1975,0.0
Morocco,,1970,0.0
Morocco,,1965,0.0
Morocco,,1960,0.0
Mozambique,,2024,49.5047696961223
Mozambique,,2023,47.5003032540948
Mozambique,,2022,45.8178199662019
Mozambique,,2021,43.1636190464176
Mozambique,,2020,50.2318825476662
Mozambique,,2019,49.4350694242276
Mozambique,,2018,48.5007087167822
Mozambique,,2017,42.1619694080105
Mozambique,,2016,54.9641156223382
Mozambique,,2015,75.8447213176406
Mozambique,,2014,71.6701472266196
Mozambique,,2013,49.5029641007918
Mozambique,,2012,36.1781646576283
Mozambique,,2011,33.216339150187
Mozambique,,2010,31.4105056102953
Mozambique,,2009,26.6650991246997
Mozambique,,2008,20.1888204410131
Mozambique,,2007,14.4674737235959
Mozambique,,2006,11.2537028396523
Mozambique,,2005,7.40691910278913
Mozambique,,2004,3.56849208981733
Mozambique,,2003,2.2470417004534
Mozambique,,2002,1.34378340548628
Mozambique,,2001,0.823466563784593
Mozambique,,2000,0.281665622612854
Mozambique,,1999,0.070614117
Mozambique,,1998,0.039738359
Mozambique,,1997,0.015131593
Mozambique,,1996,0.0
Mozambique,,1995,0.0
Mozambique,,1994,0.0
Mozambique,,1993,0.0
Mozambique,,1992,0.0
Mozambique,,1991,0.0
Mozambique,,1990,0.0
Mozambique,,1989,0.0
Mozambique,,1988,0.0
Mozambique,,1987,0.0
Mozambique,,1986,0.0
Mozambique,,1985,0.0
Mozambique,,1984,0.0
Mozambique,,1983,0.0
Mozambique,,1982,0.0
Mozambique,,1981,0.0
Mozambique,,1980,0.0
Mozambique,,1979,0.0
Mozambique,,1978,0.0
Mozambique,,1977,0.0
Mozambique,,1976,0.0
Mozambique,,1975,0.0
Mozambique,,1970,0.0
Mozambique,,1965,0.0
Mozambique,,1960,0.0
Myanmar,,2024,114.329042129489
Myanmar,,2023,121.027626770248
Myanmar,,2022,107.535089476237
Myanmar,,2021,127.240645128106
Myanmar,,2020,148.158208114821
Myanmar,,2019,155.669416939698
Myanmar,,2018,116.972136284863
Myanmar,,2017,92.3917955157784
Myanmar,,2016,98.2342601991436
Myanmar,,2015,80.2397229653255
Myanmar,,2014,57.2778336231227
Myanmar,,2013,13.5933519472846
Myanmar,,2012,7.48356366415727
Myanmar,,2011,2.51643773692417
Myanmar,,2010,1.21164199479353
Myanmar,,2009,1.03164871502753
Myanmar,,2008,0.759210538252597
Myanmar,,2007,0.514578241519701
Myanmar,,2006,0.448285852912208
Myanmar,,2005,0.27129940081198
Myanmar,,2004,0.196418976046369
Myanmar,,2003,0.142534824036552
Myanmar,,2002,0.103783791079435
Myanmar,,2001,0.04953121223398
Myanmar,,2000,0.0295799320661765
Myanmar,,1999,0.025285494
Myanmar,,1998,0.019130121
Myanmar,,1997,0.019312269
Myanmar,,1996,0.016719108
Myanmar,,1995,0.006450532
Myanmar,,1994,0.004535028
Myanmar,,1993,0.001538708
Myanmar,,1992,0.0
Myanmar,,1991,0.0
Myanmar,,1990,0.0
Myanmar,,1989,0.0
Myanmar,,1988,0.0
Myanmar,,1987,0.0
Myanmar,,1986,0.0
Myanmar,,1985,0.0
Myanmar,,1984,0.0
Myanmar,,1983,0.0
Myanmar,,1982,0.0
Myanmar,,1981,0.0
Myanmar,,1980,0.0
Myanmar,,1979,0.0
Myanmar,,1978,0.0
Myanmar,,1977,0.0
Myanmar,,1976,0.0
Myanmar,,1975,0.0
Myanmar,,1970,0.0
Myanmar,,1965,0.0
Myanmar,,1960,0.0
Namibia,,2024,85.1648988113055
Namibia,,2023,87.6760954339972
Namibia,,2022,100.557816104444
Namibia,,2021,103.727351391971
Namibia,,2020,106.206587456143
Namibia,,2019,106.53315947895
Namibia,,2018,107.060260494691
Namibia,,2017,106.914765245509
Namibia,,2016,109.049558197665
Namibia,,2015,107.392368276966
Namibia,,2014,115.5200011764
Namibia,,2013,121.105585418565
Namibia,,2012,97.8210232683603
Namibia,,2011,102.24430130572
Namibia,,2010,92.4287530968414
Namibia,,2009,78.5395548461197
Namibia,,2008,51.3908754816673
Namibia,,2007,39.6448033290399
Namibia,,2006,30.566276818777
Namibia,,2005,22.8242198901444
Namibia,,2004,14.7313553186735
Namibia,,2003,11.6649386898528
Namibia,,2002,7.93663391482404
Namibia,,2001,5.74029319651404
Namibia,,2000,4.50884641164558
Namibia,,1999,1.687026262
Namibia,,1998,1.123302301
Namibia,,1997,0.738228794
Namibia,,1996,0.402650561
Namibia,,1995,0.218018276
Namibia,,1994,0.0
Namibia,,1993,0.0
Namibia,,1992,0.0
Namibia,,1991,0.0
Namibia,,1990,0.0
Namibia,,1989,0.0
Namibia,,1988,0.0
Namibia,,1987,0.0
Namibia,,1986,0.0
Namibia,,1985,0.0
Namibia,,1984,0.0
Namibia,,1983,0.0
Namibia,,1982,0.0
Namibia,,1981,0.0
Namibia,,1980,0.0
Namibia,,1979,0.0
Namibia,,1978,0.0
Namibia,,1977,0.0
Namibia,,1976,0.0
Namibia,,1975,0.0
Namibia,,1970,0.0
Namibia,,1965,0.0
Namibia,,1960,0.0
Nauru,,2022,87.1705787645115
Nauru,,2021,85.404389785635
Nauru,,2020,85.8885167053165
Nauru,,2019,86.3036161215155
Nauru,,2017,88.3080183680678
Nauru,,2016,88.7892376681614
Nauru,,2015,85.81340149717
Nauru,,2012,66.231615856628
Nauru,,2011,66.3497722321252
Nauru,,2010,61.7345414716718
Nauru,,2001,14.8075024679171
Nauru,,2000,11.801730920535
Nauru,,1999,9.631127805
Nauru,,1998,8.191981496
Nauru,,1997,7.2372865
Nauru,,1996,5.799903335
Nauru,,1995,4.84683986
Nauru,,1994,4.37998832
Nauru,,1993,1.466849208
Nauru,,1992,0.0
Nauru,,1991,0.0
Nauru,,1990,0.0
Nauru,,1989,0.0
Nauru,,1988,0.0
Nauru,,1987,0.0
Nauru,,1986,0.0
Nauru,,1985,0.0
Nauru,,1984,0.0
Nauru,,1983,0.0
Nauru,,1982,0.0
Nauru,,1981,0.0
Nauru,,1980,0.0
Nauru,,1979,0.0
Nauru,,1978,0.0
Nauru,,1977,0.0
Nauru,,1976,0.0
Nauru,,1975,0.0
Nauru,,1970,0.0
Nauru,,1965,0.0
Nauru,,1960,0.0
Nepal,,2024,99.8471420273964
Nepal,,2023,117.759577544938
Nepal,,2022,121.1144874334
Nepal,,2021,129.645418271275
Nepal,,2020,131.921020414772
Nepal,,2019,136.186080245332
Nepal,,2018,139.525943467536
Nepal,,2017,128.863887512657
Nepal,,2016,114.89813690076
Nepal,,2015,98.8945582907248
Nepal,,2014,83.1925129650984
Nepal,,2013,77.4276625484107
Nepal,,2012,60.3184066484316
Nepal,,2011,48.6245149828721
Nepal,,2010,33.6316953522558
Nepal,,2009,20.6008640551193
Nepal,,2008,15.5612976743974
Nepal,,2007,12.2026092398184
Nepal,,2006,4.35566906985301
Nepal,,2005,0.864008677031659
Nepal,,2004,0.448858608116278
Nepal,,2003,0.31868804245032
Nepal,,2002,0.0863872099710604
Nepal,,2001,0.0692915966441798
Nepal,,2000,0.0416596918119803
Nepal,,1999,0.022780782
Nepal,,1998,0.0
Nepal,,1997,0.0
Nepal,,1996,0.0
Nepal,,1995,0.0
Nepal,,1994,0.0
Nepal,,1993,0.0
Nepal,,1992,0.0
Nepal,,1991,0.0
Nepal,,1990,0.0
Nepal,,1989,0.0
Nepal,,1988,0.0
Nepal,,1987,0.0
Nepal,,1986,0.0
Nepal,,1985,0.0
Nepal,,1984,0.0
Nepal,,1983,0.0
Nepal,,1982,0.0
Nepal,,1981,0.0
Nepal,,1980,0.0
Nepal,,1979,0.0
Nepal,,1978,0.0
Nepal,,1977,0.0
Nepal,,1976,0.0
Nepal,,1975,0.0
Nepal,,1970,0.0
Nepal,,1965,0.0
Nepal,,1960,0.0
Netherlands,,2024,128.538765867661
Netherlands,,2023,125.272736960305
Netherlands,,2022,115.8205562749
Netherlands,,2021,123.447849713072
Netherlands,,2020,121.422728509042
Netherlands,,2019,124.08833250929
Netherlands,,2018,121.162164892591
Netherlands,,2017,118.57673269471
Netherlands,,2016,121.420358968335
Netherlands,,2015,121.637501079209
Netherlands,,2014,114.867279906758
Netherlands,,2013,114.73405856983
Netherlands,,2012,116.563841951798
Netherlands,,2011,117.673977365337
Netherlands,,2010,114.356515784318
Netherlands,,2009,120.767315086474
Netherlands,,2008,124.279564732922
Netherlands,,2007,116.657089917059
Netherlands,,2006,104.863315130995
Netherlands,,2005,96.1634815625928
Netherlands,,2004,90.1034399666958
Netherlands,,2003,80.6505222243512
Netherlands,,2002,74.287586648642
Netherlands,,2001,75.3891268486943
Netherlands,,2000,66.9727924198381
Netherlands,,1999,42.65907064
Netherlands,,1998,21.31327693
Netherlands,,1997,10.98535148
Netherlands,,1996,6.538548864
Netherlands,,1995,3.489425681
Netherlands,,1994,2.091276329
Netherlands,,1993,1.416292584
Netherlands,,1992,1.095660031
Netherlands,,1991,0.764293078
Netherlands,,1990,0.528620872
Netherlands,,1989,0.377098663
Netherlands,,1988,0.223542129
Netherlands,,1987,0.164902921
Netherlands,,1986,0.104848165
Netherlands,,1985,0.033067635
Netherlands,,1983,0.0
Netherlands,,1982,0.0
Netherlands,,1981,0.0
Netherlands,,1980,0.0
Netherlands,,1979,0.0
Netherlands,,1978,0.0
Netherlands,,1977,0.0
Netherlands,,1976,0.0
Netherlands,,1975,0.0
Netherlands,,1970,0.0
Netherlands,,1965,0.0
Netherlands,,1960,0.0
New Zealand,,2024,130.093457083544
New Zealand,,2023,126.854978584281
New Zealand,,2022,115.984187800849
New Zealand,,2021,114.454714130458
New Zealand,,2020,123.000574962598
New Zealand,,2019,120.475335425902
New Zealand,,2018,128.936896010016
New Zealand,,2017,132.980049668049
New Zealand,,2016,129.380648472778
New Zealand,,2015,121.368981425995
New Zealand,,2014,112.757443483648
New Zealand,,2013,107.008519144444
New Zealand,,2012,111.567576585407
New Zealand,,2011,109.977867524585
New Zealand,,2010,108.331397475027
New Zealand,,2009,109.193030975507
New Zealand,,2008,108.404288867865
New Zealand,,2007,100.66159697258
New Zealand,,2006,90.9216774989598
New Zealand,,2005,85.3686583843752
New Zealand,,2004,74.120144665284
New Zealand,,2003,64.6101786263861
New Zealand,,2002,61.9824409236978
New Zealand,,2001,58.7908510335421
New Zealand,,2000,39.9733096500547
New Zealand,,1999,36.38977914
New Zealand,,1998,20.73466868
New Zealand,,1997,14.99529113
New Zealand,,1996,13.21726033
New Zealand,,1995,9.934965444
New Zealand,,1994,6.606110652
New Zealand,,1993,4.023793547
New Zealand,,1992,2.836468263
New Zealand,,1991,2.07663203
New Zealand,,1990,1.592399808
New Zealand,,1989,0.866890338
New Zealand,,1988,0.301567973
New Zealand,,1987,0.072739396
New Zealand,,1986,0.0
New Zealand,,1985,0.0
New Zealand,,1984,0.0
New Zealand,,1983,0.0
New Zealand,,1982,0.0
New Zealand,,1981,0.0
New Zealand,,1980,0.0
New Zealand,,1979,0.0
New Zealand,,1978,0.0
New Zealand,,1977,0.0
New Zealand,,1976,0.0
New Zealand,,1975,0.0
New Zealand,,1970,0.0
New Zealand,,1965,0.0
New Zealand,,1960,0.0
Nicaragua,,2024,105.961143065351
Nicaragua,,2023,105.843136180202
Nicaragua,,2022,104.278484676229
Nicaragua,,2021,93.8165084237294
Nicaragua,,2020,90.8140674248283
Nicaragua,,2019,89.2772705280369
Nicaragua,,2018,116.272405969925
Nicaragua,,2017,129.505649809198
Nicaragua,,2016,124.272855307825
Nicaragua,,2015,118.127474523195
Nicaragua,,2014,116.506541177339
Nicaragua,,2013,113.788542316855
Nicaragua,,2012,99.1601154121126
Nicaragua,,2011,82.8921073212797
Nicaragua,,2010,69.0593730664319
Nicaragua,,2009,59.1267264564002
Nicaragua,,2008,55.7329896587397
Nicaragua,,2007,45.5188355326479
Nicaragua,,2006,33.7750318102256
Nicaragua,,2005,20.9538936430489
Nicaragua,,2004,14.007895447525
Nicaragua,,2003,8.95623323366526
Nicaragua,,2002,4.60683868394568
Nicaragua,,2001,3.23338558224782
Nicaragua,,2000,1.7977423395259
Nicaragua,,1999,0.875842941
Nicaragua,,1998,0.368073346
Nicaragua,,1997,0.154412963
Nicaragua,,1996,0.105976404
Nicaragua,,1995,0.093182257
Nicaragua,,1994,0.047197347
Nicaragua,,1993,0.007157551
Nicaragua,,1992,0.0
Nicaragua,,1991,0.0
Nicaragua,,1990,0.0
Nicaragua,,1989,0.0
Nicaragua,,1988,0.0
Nicaragua,,1987,0.0
Nicaragua,,1986,0.0
Nicaragua,,1985,0.0
Nicaragua,,1984,0.0
Nicaragua,,1983,0.0
Nicaragua,,1982,0.0
Nicaragua,,1981,0.0
Nicaragua,,1980,0.0
Nicaragua,,1979,0.0
Nicaragua,,1978,0.0
Nicaragua,,1977,0.0
Nicaragua,,1976,0.0
Nicaragua,,1975,0.0
Nicaragua,,1970,0.0
Nicaragua,,1965,0.0
Nicaragua,,1960,0.0
Niger,,2024,60.5939862118112
Niger,,2023,65.735032215569
Niger,,2022,63.3770548032743
Niger,,2021,61.5063092448251
Niger,,2020,60.0355524816093
Niger,,2019,52.8112616845298
Niger,,2017,40.9549864276209
Niger,,2016,36.120522177752
Niger,,2015,44.9309205276883
Niger,,2014,42.8624011489646
Niger,,2013,37.8312018781097
Niger,,2012,30.2495367855019
Niger,,2011,27.612953279822
Niger,,2010,22.1684789291814
Niger,,2009,16.3011350896202
Niger,,2008,12.3528088783202
Niger,,2007,6.07959815207237
Niger,,2006,3.38505980377446
Niger,,2005,2.35423436951156
Niger,,2004,1.29973715942214
Niger,,2003,0.643628217398725
Niger,,2002,0.465951324237534
Niger,,2001,0.0178346024339115
Niger,,2000,0.017863302295556
Niger,,1999,0.01951659
Niger,,1998,0.012427544
Niger,,1997,0.000933849
Niger,,1996,0.0
Niger,,1995,0.0
Niger,,1994,0.0
Niger,,1993,0.0
Niger,,1992,0.0
Niger,,1991,0.0
Niger,,1990,0.0
Niger,,1989,0.0
Niger,,1988,0.0
Niger,,1987,0.0
Niger,,1986,0.0
Niger,,1985,0.0
Niger,,1984,0.0
Niger,,1983,0.0
Niger,,1982,0.0
Niger,,1981,0.0
Niger,,1980,0.0
Niger,,1979,0.0
Niger,,1978,0.0
Niger,,1977,0.0
Niger,,1976,0.0
Niger,,1975,0.0
Niger,,1970,0.0
Niger,,1965,0.0
Niger,,1960,0.0
Nigeria,,2024,70.7619057835431
Nigeria,,2023,98.4772822731425
Nigeria,,2022,99.5852151989567
Nigeria,,2021,89.2915858426408
Nigeria,,2020,95.4356648074949
Nigeria,,2019,88.1169010528984
Nigeria,,2018,84.2840110939485
Nigeria,,2017,72.3679681751497
Nigeria,,2016,78.970142296733
Nigeria,,2015,79.1045279367312
Nigeria,,2014,74.7512781478918
Nigeria,,2013,70.282509513161
Nigeria,,2012,64.0053263148187
Nigeria,,2011,55.5301267540609
Nigeria,,2010,52.3861480651505
Nigeria,,2009,45.9848876760246
Nigeria,,2008,39.9685817471357
Nigeria,,2007,26.3563208061766
Nigeria,,2006,21.6814998851536
Nigeria,,2005,12.8170956320625
Nigeria,,2004,6.48475870170114
Nigeria,,2003,2.29549001985705
Nigeria,,2002,1.17556500937436
Nigeria,,2001,0.205186874634686
Nigeria,,2000,0.0237374647789432
Nigeria,,1999,0.020886321
Nigeria,,1998,0.017139352
Nigeria,,1997,0.013182041
Nigeria,,1996,0.012617593
Nigeria,,1995,0.012016163
Nigeria,,1994,0.01213775
Nigeria,,1993,0.008804631
Nigeria,,1992,0.0
Nigeria,,1991,0.0
Nigeria,,1990,0.0
Nigeria,,1989,0.0
Nigeria,,1988,0.0
Nigeria,,1987,0.0
Nigeria,,1986,0.0
Nigeria,,1985,0.0
Nigeria,,1984,0.0
Nigeria,,1983,0.0
Nigeria,,1982,0.0
Nigeria,,1981,0.0
Nigeria,,1980,0.0
Nigeria,,1979,0.0
Nigeria,,1978,0.0
Nigeria,,1977,0.0
Nigeria,,1976,0.0
Nigeria,,1975,0.0
Nigeria,,1970,0.0
Nigeria,,1965,0.0
Nigeria,,1960,0.0
North Macedonia,,2024,108.38712260883
North Macedonia,,2023,106.458776658176
North Macedonia,,2022,111.303079555687
North Macedonia,,2021,104.875134243923
North Macedonia,,2020,99.4723867063031
North Macedonia,,2019,101.231634434543
North Macedonia,,2018,102.572291491295
North Macedonia,,2017,103.458690624197
North Macedonia,,2016,104.549883518699
North Macedonia,,2015,105.212016364652
North Macedonia,,2014,111.342589695936
North Macedonia,,2013,111.124632440594
North Macedonia,,2012,110.268442239858
North Macedonia,,2011,108.467609532426
North Macedonia,,2010,104.968060033975
North Macedonia,,2009,94.3034525397712
North Macedonia,,2008,95.0115267568525
North Macedonia,,2007,86.1891034077308
North Macedonia,,2006,60.4930613292055
North Macedonia,,2005,54.1201173122685
North Macedonia,,2004,47.2351660443568
North Macedonia,,2003,37.2824012172512
North Macedonia,,2002,17.6114156580624
North Macedonia,,2001,10.8055409158685
North Macedonia,,2000,5.62633764539413
North Macedonia,,1999,2.408021038
North Macedonia,,1998,1.494750711
North Macedonia,,1997,0.616794247
North Macedonia,,1996,0.053053164
North Macedonia,,1995,0.0
North Macedonia,,1994,0.0
North Macedonia,,1993,0.0
North Macedonia,,1992,0.0
North Macedonia,,1991,0.0
North Macedonia,,1990,0.0
North Macedonia,,1989,0.0
North Macedonia,,1988,0.0
North Macedonia,,1987,0.0
North Macedonia,,1986,0.0
North Macedonia,,1985,0.0
North Macedonia,,1984,0.0
North Macedonia,,1983,0.0
North Macedonia,,1982,0.0
North Macedonia,,1981,0.0
North Macedonia,,1980,0.0
North Macedonia,,1979,0.0
North Macedonia,,1978,0.0
North Macedonia,,1977,0.0
North Macedonia,,1976,0.0
North Macedonia,,1975,0.0
North Macedonia,,1970,0.0
North Macedonia,,1965,0.0
North Macedonia,,1960,0.0
Norway,,2024,109.348606513576
Norway,,2023,109.654228618195
Norway,,2022,111.657196221742
Norway,,2021,109.585637519783
Norway,,2020,108.296844518424
Norway,,2019,108.00526578567
Norway,,2018,107.702543341632
Norway,,2017,108.392640087689
Norway,,2016,109.426806771527
Norway,,2015,110.118346262292
Norway,,2014,111.690088069926
Norway,,2013,112.045532746838
Norway,,2012,115.523573177259
Norway,,2011,115.596284894229
Norway,,2010,114.524452247645
Norway,,2009,110.89194579904
Norway,,2008,109.293133681522
Norway,,2007,106.978961607642
Norway,,2006,104.4721010262
Norway,,2005,102.840698194554
Norway,,2004,98.5410115505158
Norway,,2003,88.9621788567802
Norway,,2002,83.5167101732168
Norway,,2001,79.6028586133151
Norway,,2000,71.7901465351791
Norway,,1999,59.70226855
Norway,,1998,46.75432049
Norway,,1997,38.06210834
Norway,,1996,28.79018877
Norway,,1995,22.5104391
Norway,,1994,13.56959375
Norway,,1993,8.612970463
Norway,,1992,6.600122196
Norway,,1991,5.500452147
Norway,,1990,4.640379325
Norway,,1989,3.966124085
Norway,,1988,3.615333615
Norway,,1987,2.866681825
Norway,,1986,2.089066242
Norway,,1985,1.518914001
Norway,,1984,0.943182949
Norway,,1983,0.568550094
Norway,,1982,0.268752988
Norway,,1981,0.040733148
Norway,,1980,0.0
Norway,,1979,0.0
Norway,,1978,0.0
Norway,,1977,0.0
Norway,,1976,0.0
Norway,,1975,0.0
Norway,,1970,0.0
Norway,,1965,0.0
Norway,,1960,0.0
Oman,,2024,120.61105087402
Oman,,2023,122.291457994634
Oman,,2022,136.800571561762
Oman,,2021,135.076972756826
Oman,,2020,140.378600753095
Oman,,2019,138.232111508042
Oman,,2018,139.96741643208
Oman,,2017,148.821627766224
Oman,,2016,153.291455497041
Oman,,2015,155.756104259601
Oman,,2014,153.806036858807
Oman,,2013,149.208910100547
Oman,,2012,150.873277494269
Oman,,2011,147.926430004786
Oman,,2010,151.446094177944
Oman,,2009,138.049590673204
Oman,,2008,117.026255896571
Oman,,2007,94.0854853192772
Oman,,2006,70.445349777081
Oman,,2005,53.0900734335198
Oman,,2004,32.9697156061479
Oman,,2003,24.8934902265811
Oman,,2002,19.8298997198117
Oman,,2001,14.0743071127104
Oman,,2000,7.14294217788307
Oman,,1999,5.366082104
Oman,,1998,4.351950207
Oman,,1997,2.355804747
Oman,,1996,0.670644633
Oman,,1995,0.365289843
Oman,,1994,0.314231069
Oman,,1993,0.271028867
Oman,,1992,0.238040615
Oman,,1991,0.193899147
Oman,,1990,0.150648866
Oman,,1989,0.12049466
Oman,,1988,0.101959943
Oman,,1987,0.071549261
Oman,,1986,0.047848269
Oman,,1985,0.003470327
Oman,,1984,0.0
Oman,,1983,0.0
Oman,,1982,0.0
Oman,,1981,0.0
Oman,,1980,0.0
Oman,,1979,0.0
Oman,,1978,0.0
Oman,,1977,0.0
Oman,,1976,0.0
Oman,,1975,0.0
Oman,,1970,0.0
Oman,,1965,0.0
Oman,,1960,0.0
Pakistan,,2024,76.8544559649986
Pakistan,,2023,76.5397606213172
Pakistan,,2022,79.1050539061512
Pakistan,,2021,78.8012296805749
Pakistan,,2020,74.7332166629945
Pakistan,,2019,71.6660323753765
Pakistan,,2018,67.8567658982797
Pakistan,,2017,64.7301783284032
Pakistan,,2016,62.0013242640944
Pakistan,,2015,57.9405984557576
Pakistan,,2014,63.3618438229803
Pakistan,,2013,60.5177801689984
Pakistan,,2012,57.8576108279055
Pakistan,,2011,53.4461944087116
Pakistan,,2010,49.7823320746962
Pakistan,,2009,48.5357095625545
Pakistan,,2008,46.448630078812
Pakistan,,2007,34.0699285601432
Pakistan,,2006,19.204163183443
Pakistan,,2005,7.27897930988006
Pakistan,,2004,2.93246850297164
Pakistan,,2003,1.43881062279316
Pakistan,,2002,1.04062582676613
Pakistan,,2001,0.466253388008897
Pakistan,,2000,0.197891740440918
Pakistan,,1999,0.177437426
Pakistan,,1998,0.134796019
Pakistan,,1997,0.095540045
Pakistan,,1996,0.0495778
Pakistan,,1995,0.030772819
Pakistan,,1994,0.019081569
Pakistan,,1993,0.01274427
Pakistan,,1992,0.011031649
Pakistan,,1991,0.007130659
Pakistan,,1990,0.001732891
Pakistan,,1989,0.0
Pakistan,,1988,0.0
Pakistan,,1987,0.0
Pakistan,,1986,0.0
Pakistan,,1985,0.0
Pakistan,,1984,0.0
Pakistan,,1983,0.0
Pakistan,,1982,0.0
Pakistan,,1981,0.0
Pakistan,,1980,0.0
Pakistan,,1979,0.0
Pakistan,,1978,0.0
Pakistan,,1977,0.0
Pakistan,,1976,0.0
Pakistan,,1975,0.0
Pakistan,,1970,0.0
Pakistan,,1965,0.0
Pakistan,,1960,0.0
Palau,,2023,135.386698256896
Palau,,2022,135.142744523903
Palau,,2021,134.960355395603
Palau,,2020,134.892086330935
Palau,,2019,134.846611978874
Palau,,2015,133.612830613393
Palau,,2014,107.897262207169
Palau,,2013,101.682910244787
Palau,,2012,96.5437658316915
Palau,,2011,85.4353357672309
Palau,,2010,78.8867145031529
Palau,,2009,68.1169490619488
Palau,,2008,61.3761902256826
Palau,,2007,55.3880426898767
Palau,,2006,42.5968458122799
Palau,,2005,30.5313083404814
Palau,,2004,19.7981836528759
Palau,,2003,19.9603235159469
Palau,,2002,12.6031892529354
Panama,,2023,156.586507591014
Panama,,2022,152.062171804817
Panama,,2021,147.899862038176
Panama,,2020,142.283080390407
Panama,,2019,137.570004959029
Panama,,2018,137.297557979395
Panama,,2017,128.825871183278
Panama,,2016,127.61623852159
Panama,,2015,144.996925532224
Panama,,2014,177.438612204565
Panama,,2013,162.198754669206
Panama,,2012,165.287067441004
Panama,,2011,182.358735130993
Panama,,2010,183.168909766614
Panama,,2009,170.202988962179
Panama,,2008,111.843464410018
Panama,,2007,87.5823638759676
Panama,,2006,64.4277196251049
Panama,,2005,52.7837692792028
Panama,,2004,38.753858244224
Panama,,2003,21.7068305386501
Panama,,2002,16.8036815383671
Panama,,2001,15.4792400287079
Panama,,2000,13.6329134401796
Panama,,1999,7.912963114
Panama,,1998,2.976698822
Panama,,1997,0.830058925
Panama,,1996,0.25256115
Panama,,1995,0.0
Panama,,1994,0.0
Panama,,1993,0.0
Panama,,1992,0.0
Panama,,1991,0.0
Panama,,1990,0.0
Panama,,1989,0.0
Panama,,1988,0.0
Panama,,1987,0.0
Panama,,1986,0.0
Panama,,1985,0.0
Panama,,1984,0.0
Panama,,1983,0.0
Panama,,1982,0.0
Panama,,1981,0.0
Panama,,1980,0.0
Panama,,1979,0.0
Panama,,1978,0.0
Panama,,1977,0.0
Panama,,1976,0.0
Panama,,1975,0.0
Panama,,1970,0.0
Panama,,1965,0.0
Panama,,1960,0.0
Papua New Guinea,,2024,38.7651796406789
Papua New Guinea,,2023,34.0588961979896
Papua New Guinea,,2022,49.1906681149749
Papua New Guinea,,2021,48.1179470954257
Papua New Guinea,,2020,49.0843996981992
Papua New Guinea,,2019,47.1952885885227
Papua New Guinea,,2018,45.7713986877234
Papua New Guinea,,2017,43.775195523033
Papua New Guinea,,2016,42.2017296237172
Papua New Guinea,,2015,40.7171432669286
Papua New Guinea,,2014,39.4077931671023
Papua New Guinea,,2013,36.1328329658624
Papua New Guinea,,2012,33.5214610357872
Papua New Guinea,,2011,30.5368920009375
Papua New Guinea,,2010,25.0091340525207
Papua New Guinea,,2009,19.139375770107
Papua New Guinea,,2008,12.1676145990214
Papua New Guinea,,2007,4.3082742561226
Papua New Guinea,,2006,1.48198206208912
Papua New Guinea,,2005,1.14750749896151
Papua New Guinea,,2004,0.763443220421612
Papua New Guinea,,2003,0.28576108054919
Papua New Guinea,,2002,0.253207164142219
Papua New Guinea,,2001,0.186787490824283
Papua New Guinea,,2000,0.154594564917436
Papua New Guinea,,1999,0.13265336
Papua New Guinea,,1998,0.108156936
Papua New Guinea,,1997,0.077755215
Papua New Guinea,,1996,0.047744476
Papua New Guinea,,1995,0.0
Papua New Guinea,,1994,0.0
Papua New Guinea,,1993,0.0
Papua New Guinea,,1992,0.0
Papua New Guinea,,1991,0.0
Papua New Guinea,,1990,0.0
Papua New Guinea,,1989,0.0
Papua New Guinea,,1988,0.0
Papua New Guinea,,1987,0.0
Papua New Guinea,,1986,0.0
Papua New Guinea,,1985,0.0
Papua New Guinea,,1984,0.0
Papua New Guinea,,1983,0.0
Papua New Guinea,,1982,0.0
Papua New Guinea,,1981,0.0
Papua New Guinea,,1980,0.0
Papua New Guinea,,1979,0.0
Papua New Guinea,,1978,0.0
Papua New Guinea,,1977,0.0
Papua New Guinea,,1976,0.0
Papua New Guinea,,1975,0.0
Papua New Guinea,,1970,0.0
Papua New Guinea,,1965,0.0
Papua New Guinea,,1960,0.0
Paraguay,,2023,126.605481531224
Paraguay,,2022,128.088057269442
Paraguay,,2021,119.312639901188
Paraguay,,2020,119.099952314893
Paraguay,,2019,119.137051427631
Paraguay,,2018,115.749958536773
Paraguay,,2017,117.821037884979
Paraguay,,2016,119.848343592368
Paraguay,,2015,120.341971874801
Paraguay,,2014,120.354274622389
Paraguay,,2013,117.899905473431
Paraguay,,2012,115.205931550373
Paraguay,,2011,112.286723170157
Paraguay,,2010,103.187311333571
Paraguay,,2009,99.0725654866065
Paraguay,,2008,103.156367048871
Paraguay,,2007,84.4402781170439
Paraguay,,2006,58.7239798094438
Paraguay,,2005,34.6359471940386
Paraguay,,2004,32.4608610522116
Paraguay,,2003,33.2369524387414
Paraguay,,2002,31.6843580175956
Paraguay,,2001,22.1678670406032
Paraguay,,2000,16.091575002529
Paraguay,,1999,8.667097358
Paraguay,,1998,4.702393647
Paraguay,,1997,1.748338466
Paraguay,,1996,0.697419336
Paraguay,,1995,0.343338075
Paraguay,,1994,0.170400158
Paraguay,,1993,0.077287822
Paraguay,,1992,0.035070893
Paraguay,,1991,0.0
Paraguay,,1990,0.0
Paraguay,,1989,0.0
Paraguay,,1988,0.0
Paraguay,,1987,0.0
Paraguay,,1986,0.0
Paraguay,,1985,0.0
Paraguay,,1984,0.0
Paraguay,,1983,0.0
Paraguay,,1982,0.0
Paraguay,,1981,0.0
Paraguay,,1980,0.0
Paraguay,,1979,0.0
Paraguay,,1978,0.0
Paraguay,,1977,0.0
Paraguay,,1976,0.0
Paraguay,,1975,0.0
Paraguay,,1970,0.0
Paraguay,,1965,0.0
Paraguay,,1960,0.0
Peru,,2024,124.623544414599
Peru,,2023,121.975084691173
Peru,,2022,124.119322949561
Peru,,2021,129.993736857913
Peru,,2020,119.854099046125
Peru,,2019,122.790350843591
Peru,,2018,132.156626658621
Peru,,2017,124.232520236388
Peru,,2016,119.654538672257
Peru,,2015,112.404818501786
Peru,,2014,105.858105967274
Peru,,2013,99.9174254916985
Peru,,2012,99.4508054485687
Peru,,2011,110.774364366799
Peru,,2010,100.100151210105
Peru,,2009,85.4778092987493
Peru,,2008,72.9545042955996
Peru,,2007,54.0373967003052
Peru,,2006,32.1982838102898
Peru,,2005,19.8687599595462
Peru,,2004,14.6938463366794
Peru,,2003,10.6246952102736
Peru,,2002,8.45398950030337
Peru,,2001,6.65051190633231
Peru,,2000,4.78923658781448
Peru,,1999,3.859914577
Peru,,1998,2.876425359
Peru,,1997,1.662951236
Peru,,1996,0.806879781
Peru,,1995,0.300800992
Peru,,1994,0.21765183
Peru,,1993,0.154376891
Peru,,1992,0.093503571
Peru,,1991,0.025240218
Peru,,1990,0.007462991
Peru,,1989,0.0
Peru,,1988,0.0
Peru,,1987,0.0
Peru,,1986,0.0
Peru,,1985,0.0
Peru,,1984,0.0
Peru,,1983,0.0
Peru,,1982,0.0
Peru,,1981,0.0
Peru,,1980,0.0
Peru,,1979,0.0
Peru,,1978,0.0
Peru,,1977,0.0
Peru,,1976,0.0
Peru,,1975,0.0
Peru,,1970,0.0
Peru,,1965,0.0
Peru,,1960,0.0
Philippines,,2024,115.298749599352
Philippines,,2023,117.275521687262
Philippines,,2022,147.428926406785
Philippines,,2021,144.424289981649
Philippines,,2020,133.45620905917
Philippines,,2019,151.006642923206
Philippines,,2018,122.960456861544
Philippines,,2017,110.962137119646
Philippines,,2016,112.517998777897
Philippines,,2015,111.893197374926
Philippines,,2014,107.284498472686
Philippines,,2013,100.732033524401
Philippines,,2012,101.799674355545
Philippines,,2011,95.8688282360909
Philippines,,2010,86.3116249317177
Philippines,,2009,80.083961042229
Philippines,,2008,73.4820194307183
Philippines,,2007,62.9642592871402
Philippines,,2006,47.8934159750173
Philippines,,2005,39.5144178507076
Philippines,,2004,38.1226507186152
Philippines,,2003,26.5656467843521
Philippines,,2002,18.5183661238084
Philippines,,2001,14.9372736282167
Philippines,,2000,8.10590495391816
Philippines,,1999,3.737724571
Philippines,,1998,2.327302138
Philippines,,1997,1.847691816
Philippines,,1996,1.351785776
Philippines,,1995,0.713153303
Philippines,,1994,0.254105367
Philippines,,1993,0.154955895
Philippines,,1992,0.086831328
Philippines,,1991,0.054886004
Philippines,,1990,0.0
Philippines,,1989,0.0
Philippines,,1988,0.0
Philippines,,1987,0.0
Philippines,,1986,0.0
Philippines,,1985,0.0
Philippines,,1984,0.0
Philippines,,1983,0.0
Philippines,,1982,0.0
Philippines,,1981,0.0
Philippines,,1980,0.0
Philippines,,1979,0.0
Philippines,,1978,0.0
Philippines,,1977,0.0
Philippines,,1976,0.0
Philippines,,1975,0.0
Philippines,,1970,0.0
Philippines,,1965,0.0
Philippines,,1960,0.0
Poland,,2024,138.016156588197
Poland,,2023,135.146301442691
Poland,,2022,137.002148115476
Poland,,2021,132.987203939653
Poland,,2020,129.288487295019
Poland,,2019,126.597314882311
Poland,,2018,126.266191655563
Poland,,2017,131.901471911132
Poland,,2016,138.518696718641
Poland,,2015,142.520207198425
Poland,,2014,148.713283559361
Poland,,2013,148.912446350899
Poland,,2012,141.409735570098
Poland,,2011,131.279778766286
Poland,,2010,123.248926095995
Poland,,2009,117.905502990554
Poland,,2008,115.608164796298
Poland,,2007,108.859325887002
Poland,,2006,96.5178030922982
Poland,,2005,76.5032553054831
Poland,,2004,60.5122720407785
Poland,,2003,45.54873524233
Poland,,2002,36.3554439556061
Poland,,2001,26.1577839221675
Poland,,2000,17.6354944816742
Poland,,1999,10.3154857
Poland,,1998,5.023560454
Poland,,1997,2.115317351
Poland,,1996,0.56482304
Poland,,1995,0.19530244
Poland,,1994,0.101476311
Poland,,1993,0.040968916
Poland,,1992,0.005738221
Poland,,1991,0.0
Poland,,1990,0.0
Poland,,1989,0.0
Poland,,1988,0.0
Poland,,1987,0.0
Poland,,1986,0.0
Poland,,1985,0.0
Poland,,1984,0.0
Poland,,1983,0.0
Poland,,1982,0.0
Poland,,1981,0.0
Poland,,1980,0.0
Poland,,1979,0.0
Poland,,1978,0.0
Poland,,1977,0.0
Poland,,1976,0.0
Poland,,1975,0.0
Poland,,1970,0.0
Poland,,1965,0.0
Poland,,1960,0.0
Portugal,,2024,124.129981203404
Portugal,,2023,123.001507659381
Portugal,,2022,122.80130896654
Portugal,,2021,119.768700781718
Portugal,,2020,114.276382888841
Portugal,,2019,115.145564535894
Portugal,,2018,114.858523480989
Portugal,,2017,113.873619619075
Portugal,,2016,111.846790353179
Portugal,,2015,112.964237082806
Portugal,,2014,114.312891767686
Portugal,,2013,114.655300508744
Portugal,,2012,113.358650832529
Portugal,,2011,116.837494027689
Portugal,,2010,115.42460954412
Portugal,,2009,111.524037734675
Portugal,,2008,132.990148409502
Portugal,,2007,127.786457061722
Portugal,,2006,116.175404689418
Portugal,,2005,108.990950580377
Portugal,,2004,100.855984531046
Portugal,,2003,95.6807976090095
Portugal,,2002,83.2609561622903
Portugal,,2001,77.0454568501568
Portugal,,2000,64.8139529275117
Portugal,,1999,45.64926761
Portugal,,1998,30.20441744
Portugal,,1997,14.87538336
Portugal,,1996,6.578849672
Portugal,,1995,3.391071437
Portugal,,1994,1.731944488
Portugal,,1993,1.013800598
Portugal,,1992,0.373413728
Portugal,,1991,0.126171404
Portugal,,1990,0.064952286
Portugal,,1989,0.027763601
Portugal,,1988,0.0
Portugal,,1987,0.0
Portugal,,1986,0.0
Portugal,,1985,0.0
Portugal,,1984,0.0
Portugal,,1983,0.0
Portugal,,1982,0.0
Portugal,,1981,0.0
Portugal,,1980,0.0
Portugal,,1979,0.0
Portugal,,1978,0.0
Portugal,,1977,0.0
Portugal,,1976,0.0
Portugal,,1975,0.0
Portugal,,1970,0.0
Portugal,,1965,0.0
Portugal,,1960,0.0
Qatar,,2024,153.612474384296
Qatar,,2023,157.82063065065
Qatar,,2022,162.248539735277
Qatar,,2021,137.709548409191
Qatar,,2020,135.497890935034
Qatar,,2019,140.01721278049
Qatar,,2018,142.911085340776
Qatar,,2017,147.358360281803
Qatar,,2016,140.517748133011
Qatar,,2015,154.098019594361
Qatar,,2014,149.020182367971
Qatar,,2013,162.859698293993
Qatar,,2012,136.39488295684
Qatar,,2011,127.128026726304
Qatar,,2010,127.920073904667
Qatar,,2009,122.869392515999
Qatar,,2008,100.178564170272
Qatar,,2007,104.601293237189
Qatar,,2006,94.5460208402076
Qatar,,2005,86.8374185857176
Qatar,,2004,63.4052386297218
Qatar,,2003,50.5631934167873
Qatar,,2002,37.50015818224
Qatar,,2001,26.2461186709444
Qatar,,2000,18.7376838984851
Qatar,,1999,13.75586579
Qatar,,1998,11.31778649
Qatar,,1997,7.896242401
Qatar,,1996,5.43620788
Qatar,,1995,3.585287683
Qatar,,1994,2.303458083
Qatar,,1993,0.882437659
Qatar,,1992,0.898167382
Qatar,,1991,0.888745767
Qatar,,1990,0.862851644
Qatar,,1981,0.0
Qatar,,1980,0.0
Qatar,,1979,0.0
Qatar,,1978,0.0
Qatar,,1977,0.0
Qatar,,1976,0.0
Qatar,,1975,0.0
Qatar,,1970,0.0
Qatar,,1965,0.0
Qatar,,1960,0.0
Romania,,2024,119.804862328273
Romania,,2023,123.252482585042
Romania,,2022,121.14194294167
Romania,,2021,119.123068432356
Romania,,2020,116.478206049988
Romania,,2019,116.252345583749
Romania,,2018,115.492130982384
Romania,,2017,113.76679260075
Romania,,2016,115.790771839543
Romania,,2015,116.350349219635
Romania,,2014,114.782653636732
Romania,,2013,114.190750190364
Romania,,2012,113.302350795587
Romania,,2011,115.471784331445
Romania,,2010,119.221396188263
Romania,,2009,121.98128515497
Romania,,2008,118.105626297195
Romania,,2007,97.7446101992859
Romania,,2006,76.018272147601
Romania,,2005,62.9514625386572
Romania,,2004,47.7282830894066
Romania,,2003,32.6020066270096
Romania,,2002,23.4753652236468
Romania,,2001,17.5416540126498
Romania,,2000,11.3352549289308
Romania,,1999,6.150458594
Romania,,1998,2.901461931
Romania,,1997,0.901768476
Romania,,1996,0.075832364
Romania,,1995,0.04024296
Romania,,1994,0.012260979
Romania,,1993,0.00352087
Romania,,1992,0.0
Romania,,1991,0.0
Romania,,1990,0.0
Romania,,1989,0.0
Romania,,1988,0.0
Romania,,1987,0.0
Romania,,1986,0.0
Romania,,1985,0.0
Romania,,1984,0.0
Romania,,1983,0.0
Romania,,1982,0.0
Romania,,1981,0.0
Romania,,1980,0.0
Romania,,1979,0.0
Romania,,1978,0.0
Romania,,1977,0.0
Romania,,1976,0.0
Romania,,1975,0.0
Romania,,1970,0.0
Romania,,1965,0.0
Romania,,1960,0.0
Russia,,2024,186.103787309059
Russia,,2023,180.841776534047
Russia,,2022,168.475831268436
Russia,,2021,169.07261384221
Russia,,2020,163.101112466044
Russia,,2019,163.646302441755
Russia,,2018,156.682905991229
Russia,,2017,155.485765168167
Russia,,2016,157.173982310184
Russia,,2015,156.4185651494
Russia,,2014,152.512941154001
Russia,,2013,150.964167004451
Russia,,2012,144.198197519265
Russia,,2011,141.451225637367
Russia,,2010,165.137115700538
Russia,,2009,159.902264510778
Russia,,2008,138.738465483788
Russia,,2007,119.004783019107
Russia,,2006,104.559970556605
Russia,,2005,82.9887662809782
Russia,,2004,50.7798407105349
Russia,,2003,24.7850242412544
Russia,,2002,12.0657916465385
Russia,,2001,5.30429993483865
Russia,,2000,2.22413393473919
Russia,,1999,0.932935006
Russia,,1998,0.507028324
Russia,,1997,0.328222391
Russia,,1996,0.150655806
Russia,,1995,0.059723075
Russia,,1994,0.018701789
Russia,,1993,0.006739744
Russia,,1992,0.00404671
Russia,,1991,0.000202709
Russia,,1990,0.0
Russia,,1989,0.0
Russia,,1988,0.0
Russia,,1987,0.0
Russia,,1986,0.0
Russia,,1985,0.0
Russia,,1984,0.0
Russia,,1983,0.0
Russia,,1982,0.0
Russia,,1981,0.0
Russia,,1980,0.0
Russia,,1979,0.0
Russia,,1978,0.0
Russia,,1977,0.0
Russia,,1976,0.0
Russia,,1975,0.0
Russia,,1970,0.0
Russia,,1965,0.0
Russia,,1960,0.0
Rwanda,,2024,93.201462876722
Rwanda,,2023,91.4622704078141
Rwanda,,2022,80.5952224850433
Rwanda,,2021,81.6381635400584
Rwanda,,2020,81.2378724761376
Rwanda,,2019,75.5985451901883
Rwanda,,2018,77.679469147812
Rwanda,,2017,72.2764598764471
Rwanda,,2016,74.8502057565523
Rwanda,,2015,75.2543165296423
Rwanda,,2014,68.1670448387062
Rwanda,,2013,60.2988640030865
Rwanda,,2012,52.5466576287262
Rwanda,,2011,42.049425685328
Rwanda,,2010,34.395374562166
Rwanda,,2009,24.1465972832976
Rwanda,,2008,13.4904193265199
Rwanda,,2007,6.650695873992
Rwanda,,2006,3.37877931178506
Rwanda,,2005,2.46261318094107
Rwanda,,2004,1.55691764536154
Rwanda,,2003,1.52232331319601
Rwanda,,2002,0.980824220433372
Rwanda,,2001,0.784352150464324
Rwanda,,2000,0.474803111932642
Rwanda,,1999,0.137335421
Rwanda,,1998,0.063174027
Rwanda,,1997,0.0
Rwanda,,1996,0.0
Rwanda,,1995,0.0
Rwanda,,1994,0.0
Rwanda,,1993,0.0
Rwanda,,1992,0.0
Rwanda,,1991,0.0
Rwanda,,1990,0.0
Rwanda,,1989,0.0
Rwanda,,1988,0.0
Rwanda,,1987,0.0
Rwanda,,1986,0.0
Rwanda,,1985,0.0
Rwanda,,1984,0.0
Rwanda,,1983,0.0
Rwanda,,1982,0.0
Rwanda,,1981,0.0
Rwanda,,1980,0.0
Rwanda,,1979,0.0
Rwanda,,1978,0.0
Rwanda,,1977,0.0
Rwanda,,1976,0.0
Rwanda,,1975,0.0
Rwanda,,1970,0.0
Rwanda,,1965,0.0
Rwanda,,1960,0.0
Samoa,,2022,62.398669522115
Samoa,,2021,32.2763227445165
Samoa,,2020,32.5557694485336
Samoa,,2019,40.0419487081705
Samoa,,2018,48.1737337534083
Samoa,,2017,60.4683202297787
Samoa,,2016,74.2057700529241
Samoa,,2015,59.7263383255196
Samoa,,2014,53.2521483525548
Samoa,,2013,50.3797889725019
Samoa,,2012,51.0447943490519
Samoa,,2010,46.6265678183429
Samoa,,2007,45.5621897400306
Samoa,,2006,24.2396475395426
Samoa,,2005,12.8357346853641
Samoa,,2004,8.59065015114175
Samoa,,2003,5.66251415628539
Samoa,,2002,1.46364469211963
Samoa,,2001,1.36488212877936
Samoa,,2000,1.37600792580565
Samoa,,1999,1.334716345
Samoa,,1998,0.820467334
Samoa,,1997,0.429028301
Samoa,,1996,0.0
Samoa,,1995,0.0
Samoa,,1994,0.0
Samoa,,1993,0.0
Samoa,,1992,0.0
Samoa,,1991,0.0
Samoa,,1990,0.0
Samoa,,1989,0.0
Samoa,,1988,0.0
Samoa,,1987,0.0
Samoa,,1986,0.0
Samoa,,1985,0.0
Samoa,,1984,0.0
Samoa,,1983,0.0
Samoa,,1982,0.0
Samoa,,1981,0.0
Samoa,,1980,0.0
Samoa,,1979,0.0
Samoa,,1978,0.0
Samoa,,1977,0.0
Samoa,,1976,0.0
Samoa,,1975,0.0
Samoa,,1970,0.0
Samoa,,1965,0.0
Samoa,,1960,0.0
San Marino,,2022,120.269873863303
San Marino,,2021,115.700566932778
San Marino,,2020,112.168886076677
San Marino,,2019,111.822930193634
San Marino,,2018,111.500477859191
San Marino,,2017,110.535807784048
San Marino,,2016,107.051901290946
San Marino,,2015,108.032211439191
San Marino,,2014,111.489992587102
San Marino,,2013,109.399167162403
San Marino,,2012,107.568649714644
San Marino,,2011,110.245888899251
San Marino,,2010,99.8791797283177
San Marino,,2009,99.531405782652
San Marino,,2008,82.1588498703747
San Marino,,2007,59.694364851958
San Marino,,2006,60.0856886186165
San Marino,,2005,60.0237995240095
San Marino,,2004,60.5786618444846
San Marino,,2003,60.6974823115325
San Marino,,2002,60.9617693063184
San Marino,,2001,58.409166267546
San Marino,,2000,54.1176909586179
San Marino,,1999,36.28238146
San Marino,,1998,19.15605647
San Marino,,1997,9.18112205
San Marino,,1996,9.031107589
San Marino,,1995,9.40287712
San Marino,,1994,7.744039128
San Marino,,1993,5.375899429
San Marino,,1992,3.780241935
San Marino,,1990,0.0
São Tomé and Príncipe,,2024,62.4367400312479
São Tomé and Príncipe,,2023,63.4540500972405
São Tomé and Príncipe,,2022,86.7784626941517
São Tomé and Príncipe,,2021,85.2577705092336
São Tomé and Príncipe,,2020,80.1172764274381
São Tomé and Príncipe,,2019,77.6791069955762
São Tomé and Príncipe,,2018,77.3644421396185
São Tomé and Príncipe,,2017,84.0522781079383
São Tomé and Príncipe,,2016,87.4112004084658
São Tomé and Príncipe,,2015,92.3511291071491
São Tomé and Príncipe,,2014,65.3056660923834
São Tomé and Príncipe,,2013,64.8875473729989
São Tomé and Príncipe,,2012,64.4914721889368
São Tomé and Príncipe,,2011,61.9653216553819
São Tomé and Príncipe,,2010,56.5065290810882
São Tomé and Príncipe,,2009,45.4470827031312
São Tomé and Príncipe,,2008,29.0869022342672
São Tomé and Príncipe,,2007,17.736593989393
São Tomé and Príncipe,,2006,11.1230514736957
São Tomé and Príncipe,,2005,7.39487376190152
São Tomé and Príncipe,,2004,4.91106813354047
São Tomé and Príncipe,,2003,3.13300479800278
São Tomé and Príncipe,,2002,1.3206867571137
São Tomé and Príncipe,,2001,0.0
São Tomé and Príncipe,,2000,0.0
São Tomé and Príncipe,,1999,0.0
São Tomé and Príncipe,,1998,0.0
São Tomé and Príncipe,,1997,0.0
São Tomé and Príncipe,,1996,0.0
São Tomé and Príncipe,,1995,0.0
São Tomé and Príncipe,,1994,0.0
São Tomé and Príncipe,,1993,0.0
São Tomé and Príncipe,,1992,0.0
São Tomé and Príncipe,,1991,0.0
São Tomé and Príncipe,,1990,0.0
São Tomé and Príncipe,,1989,0.0
São Tomé and Príncipe,,1988,0.0
São Tomé and Príncipe,,1987,0.0
São Tomé and Príncipe,,1986,0.0
São Tomé and Príncipe,,1985,0.0
São Tomé and Príncipe,,1984,0.0
São Tomé and Príncipe,,1983,0.0
São Tomé and Príncipe,,1982,0.0
São Tomé and Príncipe,,1981,0.0
São Tomé and Príncipe,,1980,0.0
São Tomé and Príncipe,,1979,0.0
São Tomé and Príncipe,,1978,0.0
São Tomé and Príncipe,,1977,0.0
São Tomé and Príncipe,,1976,0.0
São Tomé and Príncipe,,1975,0.0
São Tomé and Príncipe,,1970,0.0
São Tomé and Príncipe,,1965,0.0
São Tomé and Príncipe,,1960,0.0
Saudi Arabia,,2024,159.541370566589
Saudi Arabia,,2023,157.775388696083
Saudi Arabia,,2022,149.79788255308
Saudi Arabia,,2021,145.003757775499
Saudi Arabia,,2020,139.444194606554
Saudi Arabia,,2019,135.526154774497
Saudi Arabia,,2018,136.046169550913
Saudi Arabia,,2017,130.629718239662
Saudi Arabia,,2016,156.041476006361
Saudi Arabia,,2015,176.134029034522
Saudi Arabia,,2014,181.856566741136
Saudi Arabia,,2013,189.475618447684
Saudi Arabia,,2012,195.843368612361
Saudi Arabia,,2011,206.851813084871
Saudi Arabia,,2010,204.969243706992
Saudi Arabia,,2009,185.254752586687
Saudi Arabia,,2008,154.586869382726
Saudi Arabia,,2007,126.96531919953
Saudi Arabia,,2006,91.8023570744481
Saudi Arabia,,2005,68.8923141125755
Saudi Arabia,,2004,46.6497538318247
Saudi Arabia,,2003,38.5283109116113
Saudi Arabia,,2002,27.9604163049225
Saudi Arabia,,2001,14.8382201294882
Saudi Arabia,,2000,8.50478825139905
Saudi Arabia,,1999,3.982111086
Saudi Arabia,,1998,3.064200995
Saudi Arabia,,1997,1.665471568
Saudi Arabia,,1996,0.982654552
Saudi Arabia,,1995,0.084748378
Saudi Arabia,,1994,0.086887032
Saudi Arabia,,1993,0.089149328
Saudi Arabia,,1992,0.091590067
Saudi Arabia,,1991,0.092054437
Saudi Arabia,,1990,0.092791133
Senegal,,2024,123.894453697506
Senegal,,2023,123.911572643075
Senegal,,2022,118.150293497239
Senegal,,2021,115.325093678501
Senegal,,2020,113.638091206029
Senegal,,2019,109.341890091569
Senegal,,2018,104.055698143919
Senegal,,2017,101.831108002442
Senegal,,2016,101.010767153806
Senegal,,2015,102.508995376039
Senegal,,2014,101.608432443463
Senegal,,2013,95.7910921489982
Senegal,,2012,86.1774562103062
Senegal,,2011,72.1733338879073
Senegal,,2010,66.0343828887904
Senegal,,2009,55.9396481702895
Senegal,,2008,44.7269593995631
Senegal,,2007,30.8470508593462
Senegal,,2006,25.9356401782455
Senegal,,2005,15.3986054168441
Senegal,,2004,10.2163287202352
Senegal,,2003,7.29792142205295
Senegal,,2002,5.28795799512603
Senegal,,2001,2.9551817683876
Senegal,,2000,2.51047825799086
Senegal,,1999,0.92713411
Senegal,,1998,0.296786944
Senegal,,1997,0.076694149
Senegal,,1996,0.01596667
Senegal,,1995,0.001413234
Senegal,,1994,0.001164311
Senegal,,1993,0.0
Senegal,,1992,0.0
Senegal,,1991,0.0
Senegal,,1990,0.0
Senegal,,1989,0.0
Senegal,,1988,0.0
Senegal,,1987,0.0
Senegal,,1986,0.0
Senegal,,1985,0.0
Senegal,,1984,0.0
Senegal,,1983,0.0
Senegal,,1982,0.0
Senegal,,1981,0.0
Senegal,,1980,0.0
Senegal,,1979,0.0
Senegal,,1978,0.0
Senegal,,1977,0.0
Senegal,,1976,0.0
Senegal,,1975,0.0
Senegal,,1970,0.0
Senegal,,1965,0.0
Senegal,,1960,0.0
Serbia,,2024,123.822194984291
Serbia,,2023,128.471147595832
Serbia,,2022,129.813149647571
Serbia,,2021,125.075587327252
Serbia,,2020,120.216859464106
Serbia,,2019,122.047741314232
Serbia,,2018,121.074823902706
Serbia,,2017,123.142754551775
Serbia,,2016,129.17749484679
Serbia,,2015,129.383588087229
Serbia,,2014,131.35311754636
Serbia,,2013,128.668140961621
Serbia,,2012,127.199184289925
Serbia,,2011,141.043436487447
Serbia,,2010,136.015037810579
Serbia,,2009,135.323308847551
Serbia,,2008,130.694616797607
Serbia,,2007,114.29611072521
Serbia,,2006,89.3758549177073
Serbia,,2005,73.7200175354083
Serbia,,2004,51.1718128306345
Seychelles,,2024,125.616862703001
Seychelles,,2023,129.24400747161
Seychelles,,2022,163.429518331448
Seychelles,,2021,149.479213250181
Seychelles,,2020,152.5450781854
Seychelles,,2019,164.617084572886
Seychelles,,2018,155.551112656467
Seychelles,,2017,148.791660366282
Seychelles,,2016,138.276832299833
Seychelles,,2015,138.248624452112
Seychelles,,2014,144.60603512527
Seychelles,,2013,133.985679723389
Seychelles,,2012,137.106577057151
Seychelles,,2011,130.476995382586
Seychelles,,2010,123.813585199693
Seychelles,,2009,118.199683855257
Seychelles,,2008,101.003814278151
Seychelles,,2007,84.4863777495955
Seychelles,,2006,77.8329810894847
Seychelles,,2005,65.8772657002666
Seychelles,,2004,61.6736240301284
Seychelles,,2003,56.5629524094032
Seychelles,,2002,52.0994211304844
Seychelles,,2001,43.3574450984564
Seychelles,,2000,31.1589332437168
Seychelles,,1999,20.69691627
Seychelles,,1998,6.68263288
Seychelles,,1997,2.936065124
Seychelles,,1996,1.380542687
Seychelles,,1995,0.066903057
Seychelles,,1994,0.0
Seychelles,,1993,0.0
Seychelles,,1992,0.0
Seychelles,,1991,0.0
Seychelles,,1990,0.0
Seychelles,,1989,0.0
Seychelles,,1988,0.0
Seychelles,,1987,0.0
Seychelles,,1986,0.0
Seychelles,,1985,0.0
Seychelles,,1984,0.0
Seychelles,,1983,0.0
Seychelles,,1982,0.0
Seychelles,,1981,0.0
Seychelles,,1980,0.0
Seychelles,,1979,0.0
Seychelles,,1978,0.0
Seychelles,,1977,0.0
Seychelles,,1976,0.0
Seychelles,,1975,0.0
Seychelles,,1970,0.0
Seychelles,,1965,0.0
Seychelles,,1960,0.0
Sierra Leone,,2022,107.882000873042
Sierra Leone,,2021,101.636782141976
Sierra Leone,,2020,87.0034823125467
Sierra Leone,,2019,87.0384355077496
Sierra Leone,,2018,84.1233437327877
Sierra Leone,,2017,89.7781754066341
Sierra Leone,,2016,87.1475941136892
Sierra Leone,,2015,80.3818885694169
Sierra Leone,,2014,69.1758823858757
Sierra Leone,,2013,59.5765507292095
Sierra Leone,,2012,33.7348956202641
Sierra Leone,,2011,33.4572729332228
Sierra Leone,,2010,32.1403169099528
Sierra Leone,,2009,19.1556771977754
Sierra Leone,,2008,17.113614518208
Sierra Leone,,2007,13.4971732466546
Sierra Leone,,2003,2.18657481612929
Sierra Leone,,2002,1.34769940671054
Sierra Leone,,2001,0.573122260115464
Sierra Leone,,2000,0.269915234409174
Sierra Leone,,1999,0.0
Sierra Leone,,1998,0.0
Sierra Leone,,1997,0.0
Sierra Leone,,1996,0.0
Sierra Leone,,1995,0.0
Sierra Leone,,1994,0.0
Sierra Leone,,1993,0.0
Sierra Leone,,1992,0.0
Sierra Leone,,1991,0.0
Sierra Leone,,1990,0.0
Sierra Leone,,1989,0.0
Sierra Leone,,1988,0.0
Sierra Leone,,1987,0.0
Sierra Leone,,1986,0.0
Sierra Leone,,1985,0.0
Sierra Leone,,1984,0.0
Sierra Leone,,1983,0.0
Sierra Leone,,1982,0.0
Sierra Leone,,1981,0.0
Sierra Leone,,1980,0.0
Sierra Leone,,1979,0.0
Sierra Leone,,1978,0.0
Sierra Leone,,1977,0.0
Sierra Leone,,1976,0.0
Sierra Leone,,1975,0.0
Sierra Leone,,1970,0.0
Sierra Leone,,1965,0.0
Sierra Leone,,1960,0.0
Singapore,,2024,170.78256295407
Singapore,,2023,173.199932977376
Singapore,,2022,173.005291258141
Singapore,,2021,157.977675166643
Singapore,,2020,150.259334715266
Singapore,,2019,159.347378272364
Singapore,,2018,152.07381696158
Singapore,,2017,149.567868255938
Singapore,,2016,151.681717052742
Singapore,,2015,149.006215002154
Singapore,,2014,148.478352479892
Singapore,,2013,156.679270675737
Singapore,,2012,152.410387392459
Singapore,,2011,150.404101393239
Singapore,,2010,145.451637517643
Singapore,,2009,138.567088142902
Singapore,,2008,133.454246858734
Singapore,,2007,128.882425054634
Singapore,,2006,108.657521639152
Singapore,,2005,102.723197927824
Singapore,,2004,95.6367801029868
Singapore,,2003,86.4376082131435
Singapore,,2002,79.8911570400194
Singapore,,2001,72.6792845575227
Singapore,,2000,68.0850852922189
Singapore,,1999,41.11452948
Singapore,,1998,28.31395042
Singapore,,1997,22.56524803
Singapore,,1996,11.80233977
Singapore,,1995,8.634616063
Singapore,,1994,6.85247021
Singapore,,1993,5.368715266
Singapore,,1992,3.717206111
Singapore,,1991,2.624670739
Singapore,,1990,1.711595724
Singapore,,1989,0.892659215
Singapore,,1988,0.375871722
Singapore,,1983,0.0
Singapore,,1982,0.0
Singapore,,1981,0.0
Singapore,,1980,0.0
Singapore,,1979,0.0
Singapore,,1978,0.0
Singapore,,1977,0.0
Singapore,,1976,0.0
Singapore,,1975,0.0
Singapore,,1970,0.0
Singapore,,1965,0.0
Singapore,,1960,0.0
Slovakia,,2024,139.967676092657
Slovakia,,2023,138.232946210214
Slovakia,,2022,136.029289645522
Slovakia,,2021,135.268252737261
Slovakia,,2020,133.632904273198
Slovakia,,2019,135.755672834643
Slovakia,,2018,133.040480361667
Slovakia,,2017,130.944551759663
Slovakia,,2016,128.792489910653
Slovakia,,2015,123.158867497202
Slovakia,,2014,117.780685215586
Slovakia,,2013,114.749126777911
Slovakia,,2012,112.758768895687
Slovakia,,2011,110.836202084841
Slovakia,,2010,109.888273989767
Slovakia,,2009,102.091819368094
Slovakia,,2008,102.619815137048
Slovakia,,2007,112.852224819086
Slovakia,,2006,91.0056192794065
Slovakia,,2005,84.445444645828
Slovakia,,2004,79.5225777793981
Slovakia,,2003,68.4270811555234
Slovakia,,2002,54.3613352057613
Slovakia,,2001,39.9173928424108
Slovakia,,2000,23.1177738137126
Slovakia,,1999,12.35570143
Slovakia,,1998,8.664253744
Slovakia,,1997,3.729898959
Slovakia,,1996,0.534834907
Slovakia,,1995,0.230187088
Slovakia,,1994,0.111373113
Slovakia,,1993,0.058720083
Slovakia,,1992,0.028989651
Slovakia,,1991,0.002253691
Slovakia,,1990,0.0
Slovakia,,1989,0.0
Slovakia,,1988,0.0
Slovakia,,1987,0.0
Slovakia,,1986,0.0
Slovakia,,1985,0.0
Slovakia,,1984,0.0
Slovakia,,1983,0.0
Slovakia,,1982,0.0
Slovakia,,1981,0.0
Slovakia,,1980,0.0
Slovakia,,1979,0.0
Slovakia,,1978,0.0
Slovakia,,1977,0.0
Slovakia,,1976,0.0
Slovakia,,1975,0.0
Slovakia,,1970,0.0
Slovakia,,1965,0.0
Slovakia,,1960,0.0
Slovenia,,2024,130.86090177123
Slovenia,,2023,129.227963043737
Slovenia,,2022,126.45918075971
Slovenia,,2021,123.362924143622
Slovenia,,2020,121.331428226248
Slovenia,,2019,120.568876746571
Slovenia,,2018,119.153401263409
Slovenia,,2017,118.461993493049
Slovenia,,2016,115.736307790972
Slovenia,,2015,114.271192414174
Slovenia,,2014,113.019086174171
Slovenia,,2013,111.044907196462
Slovenia,,2012,109.148058194505
Slovenia,,2011,105.844580545528
Slovenia,,2010,103.782526953769
Slovenia,,2009,103.184650482804
Slovenia,,2008,101.472234498799
Slovenia,,2007,95.7428364606947
Slovenia,,2006,90.8371665317101
Slovenia,,2005,88.0975344957269
Slovenia,,2004,92.7311397535546
Slovenia,,2003,87.285055382963
Slovenia,,2002,83.71447278833
Slovenia,,2001,73.8855363101284
Slovenia,,2000,61.183370780183
Slovenia,,1999,31.78892401
Slovenia,,1998,8.127933756
Slovenia,,1997,4.70447697
Slovenia,,1996,2.069909231
Slovenia,,1995,1.371147493
Slovenia,,1994,0.820106365
Slovenia,,1993,0.326356829
Slovenia,,1992,0.175761045
Slovenia,,1991,0.026284088
Slovenia,,1990,0.0
Slovenia,,1989,0.0
Slovenia,,1988,0.0
Slovenia,,1987,0.0
Slovenia,,1986,0.0
Slovenia,,1985,0.0
Slovenia,,1984,0.0
Slovenia,,1983,0.0
Slovenia,,1982,0.0
Slovenia,,1981,0.0
Slovenia,,1980,0.0
Slovenia,,1979,0.0
Slovenia,,1978,0.0
Slovenia,,1977,0.0
Slovenia,,1976,0.0
Slovenia,,1975,0.0
Slovenia,,1970,0.0
Slovenia,,1965,0.0
Slovenia,,1960,0.0
Solomon Islands,,2022,62.0734995506142
Solomon Islands,,2021,62.1565164026326
Solomon Islands,,2020,63.6670615636308
Solomon Islands,,2019,65.6620160489572
Solomon Islands,,2018,67.9774813460988
Solomon Islands,,2017,67.8649558389434
Solomon Islands,,2016,62.8902788282841
Solomon Islands,,2015,66.42196382631
Solomon Islands,,2014,61.0619411646469
Solomon Islands,,2013,54.3083814470245
Solomon Islands,,2012,52.6750068862599
Solomon Islands,,2011,49.7105498738573
Solomon Islands,,2010,21.6710946998694
Solomon Islands,,2009,9.64988294691985
Solomon Islands,,2008,5.89634230232512
Solomon Islands,,2007,2.17932005214373
Solomon Islands,,2006,1.42393926695607
Solomon Islands,,2005,1.24203030553946
Solomon Islands,,2004,0.632096601216575
Solomon Islands,,2003,0.227392664226843
Solomon Islands,,2002,0.218279069462562
Solomon Islands,,2001,0.21530754244364
Solomon Islands,,2000,0.261312373856049
Solomon Islands,,1999,0.260716697
Solomon Islands,,1998,0.171997697
Solomon Islands,,1997,0.165722201
Solomon Islands,,1996,0.087290096
Solomon Islands,,1995,0.061302437
Solomon Islands,,1994,0.039505739
Solomon Islands,,1993,0.0
Solomon Islands,,1992,0.0
Solomon Islands,,1991,0.0
Solomon Islands,,1990,0.0
Solomon Islands,,1989,0.0
Solomon Islands,,1988,0.0
Solomon Islands,,1987,0.0
Solomon Islands,,1986,0.0
Solomon Islands,,1985,0.0
Solomon Islands,,1984,0.0
Solomon Islands,,1983,0.0
Solomon Islands,,1982,0.0
Solomon Islands,,1981,0.0
Solomon Islands,,1980,0.0
Solomon Islands,,1979,0.0
Solomon Islands,,1978,0.0
Solomon Islands,,1977,0.0
Solomon Islands,,1976,0.0
Solomon Islands,,1975,0.0
Solomon Islands,,1970,0.0
Solomon Islands,,1965,0.0
Solomon Islands,,1960,0.0
Somalia,,2023,53.9579646939598
Somalia,,2022,49.6800986995936
Somalia,,2021,51.2059481348129
Somalia,,2020,53.1133178401473
Somalia,,2019,51.3194116563494
Somalia,,2018,49.5262671956948
Somalia,,2017,47.725260177752
Somalia,,2016,46.366719307758
Somalia,,2015,42.2685278435236
Somalia,,2014,41.2309585125849
Somalia,,2013,40.2732207402969
Somalia,,2012,18.457350680033
Somalia,,2011,14.5762796961332
Somalia,,2010,5.28635539640489
Somalia,,2009,5.35899363283001
Somalia,,2008,5.37593658761268
Somalia,,2007,5.29914466505961
Somalia,,2006,5.01116030956944
Somalia,,2005,4.6973815292194
Somalia,,2004,4.86334108809281
Somalia,,2003,2.01833516211319
Somalia,,2002,1.04711351118836
Somalia,,2001,0.924064409246167
Somalia,,2000,0.905109148809335
Somalia,,1999,0.0
Somalia,,1998,0.0
Somalia,,1997,0.0
Somalia,,1996,0.0
Somalia,,1995,0.0
Somalia,,1994,0.0
Somalia,,1993,0.0
Somalia,,1992,0.0
Somalia,,1991,0.0
Somalia,,1990,0.0
Somalia,,1989,0.0
Somalia,,1988,0.0
Somalia,,1987,0.0
Somalia,,1986,0.0
Somalia,,1985,0.0
Somalia,,1984,0.0
Somalia,,1983,0.0
Somalia,,1982,0.0
Somalia,,1981,0.0
Somalia,,1980,0.0
Somalia,,1979,0.0
Somalia,,1978,0.0
Somalia,,1977,0.0
Somalia,,1976,0.0
Somalia,,1975,0.0
Somalia,,1970,0.0
Somalia,,1965,0.0
Somalia,,1960,0.0
South Africa,,2024,179.336329840585
South Africa,,2023,171.508619260428
South Africa,,2022,160.728511675754
South Africa,,2021,163.12806305125
South Africa,,2020,158.447269436121
South Africa,,2019,162.73854828041
South Africa,,2018,157.691905248121
South Africa,,2017,153.547950468153
South Africa,,2016,143.92861725374
South Africa,,2015,155.137526067883
South Africa,,2014,142.60448245213
South Africa,,2013,140.576037974212
South Africa,,2012,127.16760060932
South Africa,,2011,120.765642853915
South Africa,,2010,96.2325212467793
South Africa,,2009,89.7686684071896
South Africa,,2008,88.0374704690533
South Africa,,2007,83.7149918944889
South Africa,,2006,79.3267335992398
South Africa,,2005,68.6197925954101
South Africa,,2004,42.5360187041727
South Africa,,2003,34.762637167057
South Africa,,2002,28.5342918067619
South Africa,,2001,22.6775818427979
South Africa,,2000,17.6824632903347
South Africa,,1999,11.18955156
South Africa,,1998,7.27773689
South Africa,,1997,4.054318326
South Africa,,1996,2.133823992
South Africa,,1995,1.216293771
South Africa,,1994,0.785800456
South Africa,,1993,0.094061343
South Africa,,1992,0.029956355
South Africa,,1991,0.017354763
South Africa,,1990,0.014243596
South Africa,,1989,0.010292566
South Africa,,1988,0.0
South Africa,,1987,0.0
South Africa,,1986,0.0
South Africa,,1985,0.0
South Africa,,1984,0.0
South Africa,,1983,0.0
South Africa,,1982,0.0
South Africa,,1981,0.0
South Africa,,1980,0.0
South Africa,,1979,0.0
South Africa,,1978,0.0
South Africa,,1977,0.0
South Africa,,1976,0.0
South Africa,,1975,0.0
South Africa,,1970,0.0
South Africa,,1965,0.0
South Africa,,1960,0.0
South Sudan,,2023,46.6152369503945
South Sudan,,2022,48.4888320004297
South Sudan,,2021,30.151042999214
South Sudan,,2019,21.3171365460584
South Sudan,,2018,18.9297575209348
South Sudan,,2017,27.1848244017002
South Sudan,,2016,24.930513119821
South Sudan,,2015,26.0993389998038
South Sudan,,2014,25.599272919722
South Sudan,,2013,25.5521917559795
South Sudan,,2012,21.3829367883201
South Sudan,,2011,17.4959266080871
South Sudan,,2010,15.3910038351303
Spain,,2024,130.260997343256
Spain,,2023,127.715490236713
Spain,,2022,123.399528756795
Spain,,2021,118.999806936801
Spain,,2020,116.712041523767
Spain,,2019,116.69612128516
Spain,,2018,115.009066880916
Spain,,2017,112.030085134191
Spain,,2016,110.247061960011
Spain,,2015,109.391040801705
Spain,,2014,108.745818831037
Spain,,2013,107.038567264134
Spain,,2012,107.756074158579
Spain,,2011,111.899355043358
Spain,,2010,109.711571858447
Spain,,2009,109.472490510383
Spain,,2008,107.328389840315
Spain,,2007,106.384415658258
Spain,,2006,102.236498446106
Spain,,2005,97.1228342120143
Spain,,2004,89.3326464755076
Spain,,2003,87.5626112431679
Spain,,2002,80.3027940805405
Spain,,2001,71.9003474770726
Spain,,2000,59.1545409294551
Spain,,1999,37.00760234
Spain,,1998,15.94912844
Spain,,1997,10.7956461
Spain,,1996,7.494773352
Spain,,1995,2.373389764
Spain,,1994,1.039604429
Spain,,1993,0.652606384
Spain,,1992,0.459912366
Spain,,1991,0.27810043
Spain,,1990,0.140653526
Spain,,1989,0.076666811
Spain,,1988,0.029983197
Spain,,1987,0.010854247
Spain,,1986,0.004405194
Spain,,1982,0.0
Spain,,1981,0.0
Spain,,1980,0.0
Spain,,1979,0.0
Spain,,1978,0.0
Spain,,1977,0.0
Spain,,1976,0.0
Spain,,1975,0.0
Spain,,1970,0.0
Spain,,1965,0.0
Spain,,1960,0.0
Sri Lanka,,2024,132.548743018664
Sri Lanka,,2023,142.277402587724
Sri Lanka,,2022,151.72675762805
Sri Lanka,,2021,135.522602889503
Sri Lanka,,2020,131.773421339878
Sri Lanka,,2019,126.514451763616
Sri Lanka,,2018,136.084228735946
Sri Lanka,,2017,127.669744935625
Sri Lanka,,2016,117.737517418373
Sri Lanka,,2015,109.984693490847
Sri Lanka,,2014,102.671053139637
Sri Lanka,,2013,95.1136033828075
Sri Lanka,,2012,91.3242275735165
Sri Lanka,,2011,87.1978920701214
Sri Lanka,,2010,83.1420949448513
Sri Lanka,,2009,78.5559610790581
Sri Lanka,,2008,53.721706975363
Sri Lanka,,2007,38.9580161956458
Sri Lanka,,2006,26.593881186853
Sri Lanka,,2005,16.6288477682909
Sri Lanka,,2004,11.0075740736638
Sri Lanka,,2003,6.98394373040532
Sri Lanka,,2002,4.70268940053374
Sri Lanka,,2001,3.40637586183357
Sri Lanka,,2000,2.22982841389445
Sri Lanka,,1999,1.374661758
Sri Lanka,,1998,0.938548009
Sri Lanka,,1997,0.622728788
Sri Lanka,,1996,0.387659854
Sri Lanka,,1995,0.282303929
Sri Lanka,,1994,0.162016515
Sri Lanka,,1993,0.082392688
Sri Lanka,,1992,0.015001881
Sri Lanka,,1991,0.01033497
Sri Lanka,,1990,0.005870696
Sri Lanka,,1989,0.0
Sri Lanka,,1988,0.0
Sri Lanka,,1987,0.0
Sri Lanka,,1986,0.0
Sri Lanka,,1985,0.0
Sri Lanka,,1984,0.0
Sri Lanka,,1983,0.0
Sri Lanka,,1982,0.0
Sri Lanka,,1981,0.0
Sri Lanka,,1980,0.0
Sri Lanka,,1979,0.0
Sri Lanka,,1978,0.0
Sri Lanka,,1977,0.0
Sri Lanka,,1976,0.0
Sri Lanka,,1975,0.0
Sri Lanka,,1970,0.0
Sri Lanka,,1965,0.0
Sri Lanka,,1960,0.0
Saint Kitts and Nevis,,2023,118.893023653706
Saint Kitts and Nevis,,2022,116.923933289088
Saint Kitts and Nevis,,2021,121.256121292475
Saint Kitts and Nevis,,2020,133.400896095584
Saint Kitts and Nevis,,2019,138.916340092009
Saint Kitts and Nevis,,2018,152.301735874745
Saint Kitts and Nevis,,2017,163.396386822529
Saint Kitts and Nevis,,2016,162.682952734997
Saint Kitts and Nevis,,2015,155.051288041285
Saint Kitts and Nevis,,2014,138.036484104568
Saint Kitts and Nevis,,2013,163.589623743865
Saint Kitts and Nevis,,2012,161.588671783641
Saint Kitts and Nevis,,2011,164.228127799343
Saint Kitts and Nevis,,2010,170.772317807283
Saint Kitts and Nevis,,2009,160.925910137267
Saint Kitts and Nevis,,2008,159.069072275008
Saint Kitts and Nevis,,2007,138.097888922194
Saint Kitts and Nevis,,2006,109.514913354377
Saint Kitts and Nevis,,2005,109.826216163835
Saint Kitts and Nevis,,2004,62.6147036597215
Saint Kitts and Nevis,,2003,47.6437976437976
Saint Kitts and Nevis,,2002,10.8648413733159
Saint Kitts and Nevis,,2001,4.58906055374664
Saint Kitts and Nevis,,2000,2.65205091937765
Saint Kitts and Nevis,,1999,1.561628555
Saint Kitts and Nevis,,1998,0.99479991
Saint Kitts and Nevis,,1997,0.469580356
Saint Kitts and Nevis,,1996,0.696104137
Saint Kitts and Nevis,,1990,0.0
Saint Kitts and Nevis,,1989,0.0
Saint Kitts and Nevis,,1988,0.0
Saint Kitts and Nevis,,1987,0.0
Saint Kitts and Nevis,,1986,0.0
Saint Kitts and Nevis,,1985,0.0
Saint Kitts and Nevis,,1984,0.0
Saint Kitts and Nevis,,1983,0.0
Saint Kitts and Nevis,,1982,0.0
Saint Kitts and Nevis,,1981,0.0
Saint Kitts and Nevis,,1980,0.0
Saint Kitts and Nevis,,1979,0.0
Saint Kitts and Nevis,,1978,0.0
Saint Kitts and Nevis,,1977,0.0
Saint Kitts and Nevis,,1976,0.0
Saint Kitts and Nevis,,1975,0.0
Saint Kitts and Nevis,,1970,0.0
Saint Kitts and Nevis,,1965,0.0
Saint Kitts and Nevis,,1960,0.0
Saint Lucia,,2022,98.6676436534083
Saint Lucia,,2021,96.2374385229832
Saint Lucia,,2020,81.8687237026648
Saint Lucia,,2019,83.1865181441059
Saint Lucia,,2018,104.478100973353
Saint Lucia,,2017,100.199612117363
Saint Lucia,,2016,100.570465595573
Saint Lucia,,2015,107.338841085161
Saint Lucia,,2014,108.161917559637
Saint Lucia,,2013,122.318869001955
Saint Lucia,,2012,125.154270020338
Saint Lucia,,2011,126.035354858237
Saint Lucia,,2010,115.977203843048
Saint Lucia,,2009,111.696660367695
Saint Lucia,,2008,103.694730107578
Saint Lucia,,2007,87.6262234885967
Saint Lucia,,2006,63.370519506238
Saint Lucia,,2005,63.8597763674826
Saint Lucia,,2004,61.4957470515529
Saint Lucia,,2003,60.7451403887689
Saint Lucia,,2002,8.85480787671445
Saint Lucia,,2001,1.6850040876951
Saint Lucia,,2000,1.57613355525294
Saint Lucia,,1999,1.453341421
Saint Lucia,,1998,1.211309808
Saint Lucia,,1997,1.029243377
Saint Lucia,,1996,0.909273945
Saint Lucia,,1995,0.656391945
Saint Lucia,,1994,0.348031695
Saint Lucia,,1990,0.0
Saint Lucia,,1989,0.0
Saint Lucia,,1988,0.0
Saint Lucia,,1987,0.0
Saint Lucia,,1986,0.0
Saint Lucia,,1985,0.0
Saint Lucia,,1984,0.0
Saint Lucia,,1983,0.0
Saint Lucia,,1982,0.0
Saint Lucia,,1981,0.0
Saint Lucia,,1980,0.0
Saint Lucia,,1979,0.0
Saint Lucia,,1978,0.0
Saint Lucia,,1977,0.0
Saint Lucia,,1976,0.0
Saint Lucia,,1975,0.0
Saint Lucia,,1970,0.0
Saint Lucia,,1965,0.0
Saint Lucia,,1960,0.0
Saint Vincent-Grenadines,,2024,108.354536057883
Saint Vincent-Grenadines,,2023,101.631416361537
Saint Vincent-Grenadines,,2022,102.334241420536
Saint Vincent-Grenadines,,2021,95.5173520288601
Saint Vincent-Grenadines,,2020,96.9437629194598
Saint Vincent-Grenadines,,2019,92.5177839430914
Saint Vincent-Grenadines,,2018,107.164096601414
Saint Vincent-Grenadines,,2017,109.635350122559
Saint Vincent-Grenadines,,2016,105.923892091134
Saint Vincent-Grenadines,,2015,105.99382946896
Saint Vincent-Grenadines,,2014,106.957734691031
Saint Vincent-Grenadines,,2013,115.945808480141
Saint Vincent-Grenadines,,2012,116.789287816363
Saint Vincent-Grenadines,,2011,120.539739732416
Saint Vincent-Grenadines,,2010,119.85467310543
Saint Vincent-Grenadines,,2009,109.597495203967
Saint Vincent-Grenadines,,2008,117.175847533955
Saint Vincent-Grenadines,,2007,99.067523827456
Saint Vincent-Grenadines,,2006,78.2348634992055
Saint Vincent-Grenadines,,2005,62.8012449977768
Saint Vincent-Grenadines,,2004,63.8099880356272
Saint Vincent-Grenadines,,2003,55.6040692587126
Saint Vincent-Grenadines,,2002,8.80658508826877
Saint Vincent-Grenadines,,2001,6.60082290023876
Saint Vincent-Grenadines,,2000,2.07935179884627
Saint Vincent-Grenadines,,1999,1.245679597
Saint Vincent-Grenadines,,1998,0.656949651
Saint Vincent-Grenadines,,1997,0.302775736
Saint Vincent-Grenadines,,1996,0.244990813
Saint Vincent-Grenadines,,1995,0.188309072
Saint Vincent-Grenadines,,1994,0.131643614
Saint Vincent-Grenadines,,1993,0.073049876
Saint Vincent-Grenadines,,1992,0.06182544
Saint Vincent-Grenadines,,1990,0.0
Saint Vincent-Grenadines,,1989,0.0
Saint Vincent-Grenadines,,1988,0.0
Saint Vincent-Grenadines,,1987,0.0
Saint Vincent-Grenadines,,1986,0.0
Saint Vincent-Grenadines,,1985,0.0
Saint Vincent-Grenadines,,1984,0.0
Saint Vincent-Grenadines,,1983,0.0
Saint Vincent-Grenadines,,1982,0.0
Saint Vincent-Grenadines,,1981,0.0
Saint Vincent-Grenadines,,1980,0.0
Saint Vincent-Grenadines,,1979,0.0
Saint Vincent-Grenadines,,1978,0.0
Saint Vincent-Grenadines,,1977,0.0
Saint Vincent-Grenadines,,1976,0.0
Saint Vincent-Grenadines,,1975,0.0
Saint Vincent-Grenadines,,1970,0.0
Saint Vincent-Grenadines,,1965,0.0
Saint Vincent-Grenadines,,1960,0.0
Sudan,,2022,70.2084038614961
Sudan,,2021,71.767230205952
Sudan,,2020,75.2207425678785
Sudan,,2019,72.4818502607404
Sudan,,2018,68.0533719238149
Sudan,,2017,67.0598253428254
Sudan,,2016,67.3954575547604
Sudan,,2015,69.8036331859409
Sudan,,2014,71.597721245773
Sudan,,2013,73.1963836514564
Sudan,,2012,74.908489729676
Sudan,,2011,69.3293475524591
Sudan,,2010,51.0900410875249
Sudan,,2009,44.3745692867503
Sudan,,2008,35.6634431735922
Sudan,,2007,25.0825849667632
Sudan,,2006,14.6382324446389
Sudan,,2005,5.84707964610828
Sudan,,2004,3.43152291268178
Sudan,,2003,1.76355493295348
Sudan,,2002,0.652707180849854
Sudan,,2001,0.364157651795768
Sudan,,2000,0.0826840092181885
Sudan,,1999,0.050713575
Sudan,,1998,0.034359945
Sudan,,1997,0.015539144
Sudan,,1996,0.00921958
Sudan,,1995,0.0
Sudan,,1994,0.0
Sudan,,1993,0.0
Sudan,,1992,0.0
Sudan,,1991,0.0
Sudan,,1990,0.0
Sudan,,1989,0.0
Sudan,,1988,0.0
Sudan,,1987,0.0
Sudan,,1986,0.0
Sudan,,1985,0.0
Sudan,,1984,0.0
Sudan,,1983,0.0
Sudan,,1982,0.0
Sudan,,1981,0.0
Sudan,,1980,0.0
Sudan,,1979,0.0
Sudan,,1978,0.0
Sudan,,1977,0.0
Sudan,,1976,0.0
Sudan,,1975,0.0
Sudan,,1970,0.0
Sudan,,1965,0.0
Sudan,,1960,0.0
Suriname,,2024,142.122626416427
Suriname,,2023,157.24614636039
Suriname,,2022,149.052255906952
Suriname,,2021,146.654129497521
Suriname,,2020,146.874739718153
Suriname,,2019,134.34912375695
Suriname,,2018,125.480181413914
Suriname,,2017,134.049784997128
Suriname,,2016,137.281393501056
Suriname,,2015,129.027366336157
Suriname,,2014,161.251918320811
Suriname,,2013,152.648413061052
Suriname,,2012,101.14390730725
Suriname,,2011,95.9107913617333
Suriname,,2010,94.7707224465971
Suriname,,2009,140.536602596179
Suriname,,2008,122.310305354168
Suriname,,2007,71.560932250629
Suriname,,2006,60.952729253691
Suriname,,2005,44.8255676249198
Suriname,,2004,41.410678253357
Suriname,,2003,33.2775160244385
Suriname,,2002,21.8231359920733
Suriname,,2001,17.8806313712595
Suriname,,2000,8.6118961151218
Suriname,,1999,3.719779449
Suriname,,1998,1.300923229
Suriname,,1997,0.498580217
Suriname,,1996,0.544347662
Suriname,,1995,0.388271307
Suriname,,1994,0.323996361
Suriname,,1993,0.255223439
Suriname,,1992,0.0
Suriname,,1991,0.0
Suriname,,1990,0.0
Suriname,,1989,0.0
Suriname,,1988,0.0
Suriname,,1987,0.0
Suriname,,1986,0.0
Suriname,,1985,0.0
Suriname,,1984,0.0
Suriname,,1983,0.0
Suriname,,1982,0.0
Suriname,,1981,0.0
Suriname,,1980,0.0
Suriname,,1979,0.0
Suriname,,1978,0.0
Suriname,,1977,0.0
Suriname,,1976,0.0
Suriname,,1975,0.0
Suriname,,1970,0.0
Suriname,,1965,0.0
Suriname,,1960,0.0
Sweden,,2024,140.686673016562
Sweden,,2023,140.265691285045
Sweden,,2022,140.781664517726
Sweden,,2021,124.96149481991
Sweden,,2020,123.548656971054
Sweden,,2019,125.456729050381
Sweden,,2018,124.086284526267
Sweden,,2017,124.472904877796
Sweden,,2016,126.401633330915
Sweden,,2015,128.974452830716
Sweden,,2014,126.980024510044
Sweden,,2013,125.141584605994
Sweden,,2012,124.465204900222
Sweden,,2011,121.218520944341
Sweden,,2010,117.211932910169
Sweden,,2009,112.273275734132
Sweden,,2008,108.612891679953
Sweden,,2007,110.587549083029
Sweden,,2006,105.79670579871
Sweden,,2005,100.822047425123
Sweden,,2004,97.6783137909993
Sweden,,2003,98.2426498568778
Sweden,,2002,89.0639567500317
Sweden,,2001,80.6877500977403
Sweden,,2000,71.8240245461588
Sweden,,1999,57.92826117
Sweden,,1998,46.54174661
Sweden,,1997,35.97919088
Sweden,,1996,28.36493884
Sweden,,1995,22.92631064
Sweden,,1994,15.83087445
Sweden,,1993,8.919313209
Sweden,,1992,7.592353574
Sweden,,1991,6.611458698
Sweden,,1990,5.395157881
Sweden,,1989,4.103477233
Sweden,,1988,2.869580405
Sweden,,1987,2.050250332
Sweden,,1986,1.338597214
Sweden,,1985,0.870092455
Sweden,,1984,0.691816912
Sweden,,1983,0.434393001
Sweden,,1982,0.326542435
Sweden,,1981,0.244539035
Sweden,,1980,0.0
Sweden,,1979,0.0
Sweden,,1978,0.0
Sweden,,1977,0.0
Sweden,,1976,0.0
Sweden,,1975,0.0
Sweden,,1970,0.0
Sweden,,1965,0.0
Sweden,,1960,0.0
Switzerland,,2024,129.471369643132
Switzerland,,2023,130.221876609608
Switzerland,,2022,123.971228075124
Switzerland,,2021,123.21236546636
Switzerland,,2020,127.376373489656
Switzerland,,2019,126.920635838501
Switzerland,,2018,126.681143927488
Switzerland,,2017,131.169694242519
Switzerland,,2016,134.235676338144
Switzerland,,2015,135.723075533919
Switzerland,,2014,136.137729869778
Switzerland,,2013,136.551244178553
Switzerland,,2012,132.03116268359
Switzerland,,2011,127.39653885362
Switzerland,,2010,123.236153760539
Switzerland,,2009,120.4834287435
Switzerland,,2008,116.422699159143
Switzerland,,2007,108.793498963141
Switzerland,,2006,99.4336839067788
Switzerland,,2005,91.9590388522439
Switzerland,,2004,84.9755978783873
Switzerland,,2003,84.3941464361848
Switzerland,,2002,78.808880973002
Switzerland,,2001,73.0072729250327
Switzerland,,2000,64.5672951042503
Switzerland,,1999,42.80907642
Switzerland,,1998,23.89578208
Switzerland,,1997,14.73654995
Switzerland,,1996,9.374002343
Switzerland,,1995,6.353340872
Switzerland,,1994,4.750957515
Switzerland,,1993,3.715376361
Switzerland,,1992,3.128988784
Switzerland,,1991,2.568755037
Switzerland,,1990,1.86312157
Switzerland,,1989,1.094383444
Switzerland,,1988,0.466700067
Switzerland,,1987,0.083658647
Switzerland,,1986,0.0
Switzerland,,1985,0.0
Switzerland,,1984,0.0
Switzerland,,1983,0.0
Switzerland,,1982,0.0
Switzerland,,1981,0.0
Switzerland,,1980,0.0
Switzerland,,1979,0.0
Switzerland,,1978,0.0
Switzerland,,1977,0.0
Switzerland,,1976,0.0
Switzerland,,1975,0.0
Switzerland,,1970,0.0
Switzerland,,1965,0.0
Switzerland,,1960,0.0
Syria,,2024,71.2231424453527
Syria,,2023,72.4405852977604
Syria,,2022,78.6567844526885
Syria,,2021,78.5558300193552
Syria,,2020,79.1482419784404
Syria,,2019,87.1297289207859
Syria,,2018,87.4952069545959
Syria,,2017,80.032591460097
Syria,,2016,69.5528574436978
Syria,,2015,73.6810937543276
Syria,,2014,69.2511845049776
Syria,,2013,56.7277291919289
Syria,,2012,57.0304708357464
Syria,,2011,56.4601130740851
Syria,,2010,52.0228671102636
Syria,,2009,45.6016523479648
Syria,,2008,32.6121929526333
Syria,,2007,29.8536903030412
Syria,,2006,23.807072172145
Syria,,2005,15.6797370651604
Syria,,2004,12.7938920890283
Syria,,2003,6.62407285339792
Syria,,2002,2.2898580127742
Syria,,2001,1.1729284822106
Syria,,2000,0.180311347209453
Syria,,1999,0.025155331
Syria,,1998,0.0
Syria,,1997,0.0
Syria,,1996,0.0
Syria,,1995,0.0
Syria,,1994,0.0
Syria,,1993,0.0
Syria,,1992,0.0
Syria,,1991,0.0
Syria,,1990,0.0
Syria,,1989,0.0
Syria,,1988,0.0
Syria,,1987,0.0
Syria,,1986,0.0
Syria,,1985,0.0
Syria,,1984,0.0
Syria,,1983,0.0
Syria,,1982,0.0
Syria,,1981,0.0
Syria,,1980,0.0
Syria,,1979,0.0
Syria,,1978,0.0
Syria,,1977,0.0
Syria,,1976,0.0
Syria,,1975,0.0
Syria,,1970,0.0
Syria,,1965,0.0
Syria,,1960,0.0
Tajikistan,,2023,76.215892145748
Tajikistan,,2022,63.8442080716763
Tajikistan,,2021,64.0874682499327
Tajikistan,,2020,62.2826230779409
Tajikistan,,2019,115.372919483658
Tajikistan,,2018,107.442164151643
Tajikistan,,2017,109.003509375909
Tajikistan,,2016,106.027422075203
Tajikistan,,2015,98.2086665185843
Tajikistan,,2014,94.9385868130658
Tajikistan,,2013,91.7287717099905
Tajikistan,,2012,81.4565956633347
Tajikistan,,2011,80.8201119902975
Tajikistan,,2010,77.6363373335646
Tajikistan,,2009,65.4185519002754
Tajikistan,,2008,50.0588479537033
Tajikistan,,2007,29.6445453922502
Tajikistan,,2006,30.4637604522579
Tajikistan,,2005,3.82686953407502
Tajikistan,,2004,1.98805781036491
Tajikistan,,2003,0.715122980517603
Tajikistan,,2002,0.202092298308442
Tajikistan,,2001,0.0254394270853736
Tajikistan,,2000,0.0184574210368456
Tajikistan,,1999,0.01009764
Tajikistan,,1998,0.006821721
Tajikistan,,1997,0.005231264
Tajikistan,,1996,0.001689973
Tajikistan,,1995,0.0
Tajikistan,,1994,0.0
Tajikistan,,1993,0.0
Tajikistan,,1992,0.0
Tajikistan,,1991,0.0
Tajikistan,,1990,0.0
Tajikistan,,1989,0.0
Tajikistan,,1988,0.0
Tajikistan,,1987,0.0
Tajikistan,,1986,0.0
Tajikistan,,1985,0.0
Tajikistan,,1984,0.0
Tajikistan,,1983,0.0
Tajikistan,,1982,0.0
Tajikistan,,1981,0.0
Tajikistan,,1980,0.0
Tajikistan,,1979,0.0
Tajikistan,,1978,0.0
Tajikistan,,1977,0.0
Tajikistan,,1976,0.0
Tajikistan,,1975,0.0
Tajikistan,,1970,0.0
Tajikistan,,1965,0.0
Tajikistan,,1960,0.0
Tanzania,,2024,126.559163217786
Tanzania,,2023,105.40028112088
Tanzania,,2022,93.0159746238635
Tanzania,,2021,86.0162814148027
Tanzania,,2020,84.0050558283384
Tanzania,,2019,80.5835569684446
Tanzania,,2018,75.7301934140355
Tanzania,,2017,71.7911684370749
Tanzania,,2016,74.3983656514054
Tanzania,,2015,76.2492627491202
Tanzania,,2014,63.2804353521698
Tanzania,,2013,56.2075025692215
Tanzania,,2012,57.4558483868666
Tanzania,,2011,55.7610427273527
Tanzania,,2010,46.8823991552172
Tanzania,,2009,40.036423904653
Tanzania,,2008,30.5533722608643
Tanzania,,2007,19.9152842614808
Tanzania,,2006,13.9198750253816
Tanzania,,2005,7.56468340268647
Tanzania,,2004,5.09581977990467
Tanzania,,2003,3.49963756642537
Tanzania,,2002,1.68005839434811
Tanzania,,2001,0.782878740816424
Tanzania,,2000,0.322584797452223
Tanzania,,1999,0.152090587
Tanzania,,1998,0.116285848
Tanzania,,1997,0.063550298
Tanzania,,1996,0.02902308
Tanzania,,1995,0.011452853
Tanzania,,1994,0.001253449
Tanzania,,1993,0.0
Tanzania,,1992,0.0
Tanzania,,1991,0.0
Tanzania,,1990,0.0
Tanzania,,1989,0.0
Tanzania,,1988,0.0
Tanzania,,1987,0.0
Tanzania,,1986,0.0
Tanzania,,1985,0.0
Tanzania,,1984,0.0
Tanzania,,1983,0.0
Tanzania,,1982,0.0
Tanzania,,1981,0.0
Tanzania,,1980,0.0
Tanzania,,1979,0.0
Tanzania,,1978,0.0
Tanzania,,1977,0.0
Tanzania,,1976,0.0
Tanzania,,1975,0.0
Tanzania,,1970,0.0
Tanzania,,1965,0.0
Tanzania,,1960,0.0
Thailand,,2024,160.639312286761
Thailand,,2023,168.642808295144
Thailand,,2022,176.22279253783
Thailand,,2021,168.485285358167
Thailand,,2020,162.327737376294
Thailand,,2019,181.221874232713
Thailand,,2018,175.266001933225
Thailand,,2017,170.783699598766
Thailand,,2016,168.88127084564
Thailand,,2015,145.932577028654
Thailand,,2014,138.28115031927
Thailand,,2013,134.367308785551
Thailand,,2012,122.431994954555
Thailand,,2011,112.233203232914
Thailand,,2010,104.588624052335
Thailand,,2009,96.8163056134753
Thailand,,2008,91.4482689471417
Thailand,,2007,78.9450134968359
Thailand,,2006,60.2776989983143
Thailand,,2005,46.1396976737352
Thailand,,2004,41.1989375977806
Thailand,,2003,33.3243736226487
Thailand,,2002,27.1524154979994
Thailand,,2001,11.8615312803269
Thailand,,2000,4.85019199602462
Thailand,,1999,3.746479249
Thailand,,1998,3.201797801
Thailand,,1997,3.613604252
Thailand,,1996,3.063599772
Thailand,,1995,2.183979176
Thailand,,1994,1.257947235
Thailand,,1993,0.715792739
Thailand,,1992,0.440091874
Thailand,,1991,0.220234042
Thailand,,1990,0.114475503
Thailand,,1989,0.073514463
Thailand,,1988,0.032882761
Thailand,,1987,0.011208254
Thailand,,1986,0.001592873
Thailand,,1985,0.0
Thailand,,1984,0.0
Thailand,,1983,0.0
Thailand,,1982,0.0
Thailand,,1981,0.0
Thailand,,1980,0.0
Thailand,,1979,0.0
Thailand,,1978,0.0
Thailand,,1977,0.0
Thailand,,1976,0.0
Thailand,,1975,0.0
Thailand,,1970,0.0
Thailand,,1965,0.0
Thailand,,1960,0.0
Timor-Leste,,2024,116.382391453038
Timor-Leste,,2023,112.647241971673
Timor-Leste,,2022,108.158358863503
Timor-Leste,,2021,102.668836319816
Timor-Leste,,2020,103.911005065408
Timor-Leste,,2019,109.555438546595
Timor-Leste,,2018,115.089356319443
Timor-Leste,,2017,124.360491266698
Timor-Leste,,2016,121.477605038459
Timor-Leste,,2015,114.23397124462
Timor-Leste,,2014,116.401176746315
Timor-Leste,,2013,56.0975925502397
Timor-Leste,,2012,54.7192006238518
Timor-Leste,,2011,55.3186027470553
Timor-Leste,,2010,43.6092152609205
Timor-Leste,,2009,33.1410054194348
Timor-Leste,,2008,12.1075638131048
Timor-Leste,,2007,7.7834467289422
Timor-Leste,,2006,5.02766238274334
Timor-Leste,,2005,3.48746350089791
Timor-Leste,,2004,2.76856310692152
Timor-Leste,,2003,2.18764110383279
Timor-Leste,,1990,0.0
Togo,,2024,80.8035554767112
Togo,,2023,75.7906769713952
Togo,,2022,72.2147547047011
Togo,,2021,70.4496733018494
Togo,,2020,75.164019137873
Togo,,2019,73.7224727486533
Togo,,2018,74.3997114343066
Togo,,2017,75.3357270694068
Togo,,2016,70.0588130571426
Togo,,2015,63.3574638254671
Togo,,2014,60.4368580586019
Togo,,2013,58.5138554393817
Togo,,2012,46.6464180614517
Togo,,2011,38.9697843149559
Togo,,2010,38.6520343582485
Togo,,2009,33.384906435038
Togo,,2008,24.3301576494957
Togo,,2007,19.2348550759298
Togo,,2006,11.7790568369439
Togo,,2005,7.41937343863111
Togo,,2004,5.83805025815816
Togo,,2003,4.38771023998378
Togo,,2002,3.05061225424761
Togo,,2001,1.80013499117555
Togo,,2000,0.97275564358778
Togo,,1999,0.349223553
Togo,,1998,0.158619478
Togo,,1997,0.065214314
Togo,,1996,0.0
Togo,,1995,0.0
Togo,,1994,0.0
Togo,,1993,0.0
Togo,,1992,0.0
Togo,,1991,0.0
Togo,,1990,0.0
Togo,,1989,0.0
Togo,,1988,0.0
Togo,,1987,0.0
Togo,,1986,0.0
Togo,,1985,0.0
Togo,,1984,0.0
Togo,,1983,0.0
Togo,,1982,0.0
Togo,,1981,0.0
Togo,,1980,0.0
Togo,,1979,0.0
Togo,,1978,0.0
Togo,,1977,0.0
Togo,,1976,0.0
Togo,,1975,0.0
Togo,,1970,0.0
Togo,,1965,0.0
Togo,,1960,0.0
Tonga,,2022,61.7257858761257
Tonga,,2021,60.9801876955162
Tonga,,2020,58.6543555589192
Tonga,,2019,58.772203768371
Tonga,,2018,102.245967016208
Tonga,,2017,102.450738448688
Tonga,,2016,75.8121375232175
Tonga,,2015,69.2709364249022
Tonga,,2014,63.7844834863848
Tonga,,2013,53.6991725657932
Tonga,,2012,52.1124139214591
Tonga,,2011,51.1294970716743
Tonga,,2010,50.5586592178771
Tonga,,2009,49.4389149557382
Tonga,,2008,47.1612782657447
Tonga,,2007,43.5929389277215
Tonga,,2006,28.2824955530667
Tonga,,2005,28.2688722544501
Tonga,,2004,15.6084933045274
Tonga,,2003,10.7213968448461
Tonga,,2002,3.22891195101758
Tonga,,2001,0.228487336379831
Tonga,,2000,0.175307030785862
Tonga,,1999,0.137279128
Tonga,,1998,0.128277237
Tonga,,1997,0.119215562
Tonga,,1996,0.301412246
Tonga,,1995,0.300072017
Tonga,,1994,0.0
Tonga,,1993,0.0
Tonga,,1992,0.0
Tonga,,1991,0.0
Tonga,,1990,0.0
Tonga,,1989,0.0
Tonga,,1988,0.0
Tonga,,1987,0.0
Tonga,,1986,0.0
Tonga,,1985,0.0
Tonga,,1984,0.0
Tonga,,1983,0.0
Tonga,,1982,0.0
Tonga,,1981,0.0
Tonga,,1980,0.0
Tonga,,1979,0.0
Tonga,,1978,0.0
Tonga,,1977,0.0
Tonga,,1976,0.0
Tonga,,1975,0.0
Tonga,,1970,0.0
Tonga,,1965,0.0
Tonga,,1960,0.0
Trinidad and Tobago,,2024,118.786668099235
Trinidad and Tobago,,2023,134.230557337258
Trinidad and Tobago,,2022,133.631989924602
Trinidad and Tobago,,2021,134.221562299819
Trinidad and Tobago,,2020,134.231180588566
Trinidad and Tobago,,2019,145.715788467056
Trinidad and Tobago,,2018,134.142866663312
Trinidad and Tobago,,2017,140.503134035998
Trinidad and Tobago,,2016,150.717314787624
Trinidad and Tobago,,2015,148.572056300501
Trinidad and Tobago,,2014,139.365477214979
Trinidad and Tobago,,2013,137.604422317441
Trinidad and Tobago,,2012,134.183710177097
Trinidad and Tobago,,2011,130.911989608476
Trinidad and Tobago,,2010,136.605093988839
Trinidad and Tobago,,2009,133.884700838835
Trinidad and Tobago,,2008,131.633340232814
Trinidad and Tobago,,2007,110.577518150665
Trinidad and Tobago,,2006,111.783486838135
Trinidad and Tobago,,2005,68.3488728833742
Trinidad and Tobago,,2004,48.4018641573385
Trinidad and Tobago,,2003,25.1251018705335
Trinidad and Tobago,,2002,19.7274647131292
Trinidad and Tobago,,2001,19.3204870066922
Trinidad and Tobago,,2000,12.2642209954129
Trinidad and Tobago,,1999,2.913126892
Trinidad and Tobago,,1998,1.989078855
Trinidad and Tobago,,1997,1.300286533
Trinidad and Tobago,,1996,0.725883448
Trinidad and Tobago,,1995,0.48576947
Trinidad and Tobago,,1994,0.199709081
Trinidad and Tobago,,1993,0.129755312
Trinidad and Tobago,,1992,0.099338624
Trinidad and Tobago,,1991,0.03337972
Trinidad and Tobago,,1990,0.0
Trinidad and Tobago,,1989,0.0
Trinidad and Tobago,,1988,0.0
Trinidad and Tobago,,1987,0.0
Trinidad and Tobago,,1986,0.0
Trinidad and Tobago,,1985,0.0
Trinidad and Tobago,,1984,0.0
Trinidad and Tobago,,1983,0.0
Trinidad and Tobago,,1982,0.0
Trinidad and Tobago,,1981,0.0
Trinidad and Tobago,,1980,0.0
Trinidad and Tobago,,1979,0.0
Trinidad and Tobago,,1978,0.0
Trinidad and Tobago,,1977,0.0
Trinidad and Tobago,,1976,0.0
Trinidad and Tobago,,1975,0.0
Trinidad and Tobago,,1970,0.0
Trinidad and Tobago,,1965,0.0
Trinidad and Tobago,,1960,0.0
Tunisia,,2024,117.606816067203
Tunisia,,2023,132.653682480562
Tunisia,,2022,131.875365428496
Tunisia,,2021,129.846077003661
Tunisia,,2020,124.041976750236
Tunisia,,2019,124.386924181822
Tunisia,,2018,125.532926143303
Tunisia,,2017,123.034053994945
Tunisia,,2016,123.883093580407
Tunisia,,2015,128.008569175385
Tunisia,,2014,126.692106854109
Tunisia,,2013,114.100647129197
Tunisia,,2012,116.660316175441
Tunisia,,2011,113.794012236779
Tunisia,,2010,103.234503500842
Tunisia,,2009,91.9849726040992
Tunisia,,2008,81.5940606878641
Tunisia,,2007,75.1086269269129
Tunisia,,2006,70.9332705740445
Tunisia,,2005,55.3921457734954
Tunisia,,2004,36.746361434496
Tunisia,,2003,19.0389204053524
Tunisia,,2002,5.75974663829919
Tunisia,,2001,3.94347251688176
Tunisia,,2000,1.22033582404798
Tunisia,,1999,0.564544562
Tunisia,,1998,0.402990633
Tunisia,,1997,0.080100875
Tunisia,,1996,0.06892493
Tunisia,,1995,0.034269045
Tunisia,,1994,0.029628764
Tunisia,,1993,0.025275217
Tunisia,,1992,0.022425345
Tunisia,,1991,0.014368794
Tunisia,,1990,0.011291437
Tunisia,,1989,0.007703119
Tunisia,,1988,0.004969767
Tunisia,,1987,0.002844697
Tunisia,,1984,0.0
Tunisia,,1983,0.0
Tunisia,,1982,0.0
Tunisia,,1981,0.0
Tunisia,,1980,0.0
Tunisia,,1979,0.0
Tunisia,,1978,0.0
Tunisia,,1977,0.0
Tunisia,,1976,0.0
Tunisia,,1975,0.0
Tunisia,,1970,0.0
Tunisia,,1965,0.0
Tunisia,,1960,0.0
Turkey,,2024,107.826875714392
Turkey,,2023,105.684032912794
Turkey,,2022,103.720593629066
Turkey,,2021,99.5415432248525
Turkey,,2020,95.3960853737199
Turkey,,2019,94.6498130829997
Turkey,,2018,94.9085818111026
Turkey,,2017,93.6407569517097
Turkey,,2016,91.9286950751339
Turkey,,2015,92.0327105332494
Turkey,,2014,92.1219361989572
Turkey,,2013,91.1758435342703
Turkey,,2012,90.0040810031246
Turkey,,2011,88.0166628392838
Turkey,,2010,84.215890954924
Turkey,,2009,86.6344934581247
Turkey,,2008,91.981497306586
Turkey,,2007,87.5975882376437
Turkey,,2006,75.1837213345885
Turkey,,2005,62.9009716591727
Turkey,,2004,50.5995404724097
Turkey,,2003,41.1128169663371
Turkey,,2002,34.7852903247553
Turkey,,2001,29.5461682857644
Turkey,,2000,24.659026406964
Turkey,,1999,12.85342716
Turkey,,1998,5.633037995
Turkey,,1997,2.627083259
Turkey,,1996,1.337350088
Turkey,,1995,0.737081845
Turkey,,1994,0.29973978
Turkey,,1993,0.146933448
Turkey,,1992,0.109045788
Turkey,,1991,0.086455146
Turkey,,1990,0.058554077
Turkey,,1989,0.029276675
Turkey,,1988,0.018834687
Turkey,,1987,0.009953141
Turkey,,1986,0.000726746
Turkey,,1985,0.0
Turkey,,1984,0.0
Turkey,,1983,0.0
Turkey,,1982,0.0
Turkey,,1981,0.0
Turkey,,1980,0.0
Turkey,,1979,0.0
Turkey,,1978,0.0
Turkey,,1977,0.0
Turkey,,1976,0.0
Turkey,,1975,0.0
Turkey,,1970,0.0
Turkey,,1965,0.0
Turkey,,1960,0.0
Turkmenistan,,2021,88.1929367884543
Turkmenistan,,2020,88.7029504834018
Turkmenistan,,2019,88.2099411752948
Turkmenistan,,2018,87.7729687399519
Turkmenistan,,2016,134.826174862709
Turkmenistan,,2015,126.162969350539
Turkmenistan,,2014,118.613404511362
Turkmenistan,,2013,103.130970254107
Turkmenistan,,2012,101.574473198628
Turkmenistan,,2011,93.2537591382086
Turkmenistan,,2010,57.4662009404143
Turkmenistan,,2009,39.1241677660397
Turkmenistan,,2008,21.2374900117474
Turkmenistan,,2007,7.27815888724088
Turkmenistan,,2006,4.21339762837556
Turkmenistan,,2005,2.07827907408511
Turkmenistan,,2004,1.01046914610113
Turkmenistan,,2003,0.18888270953244
Turkmenistan,,2002,0.171360938805505
Turkmenistan,,2001,0.174808236028121
Turkmenistan,,2000,0.163659799719684
Turkmenistan,,1999,0.088867561
Turkmenistan,,1998,0.067696893
Turkmenistan,,1997,0.057291199
Turkmenistan,,1996,0.0
Turkmenistan,,1995,0.0
Turkmenistan,,1994,0.0
Turkmenistan,,1993,0.0
Turkmenistan,,1992,0.0
Turkmenistan,,1991,0.0
Turkmenistan,,1990,0.0
Turkmenistan,,1989,0.0
Turkmenistan,,1988,0.0
Turkmenistan,,1987,0.0
Turkmenistan,,1986,0.0
Turkmenistan,,1985,0.0
Turkmenistan,,1984,0.0
Turkmenistan,,1983,0.0
Turkmenistan,,1982,0.0
Turkmenistan,,1981,0.0
Turkmenistan,,1980,0.0
Turkmenistan,,1979,0.0
Turkmenistan,,1978,0.0
Turkmenistan,,1977,0.0
Turkmenistan,,1976,0.0
Turkmenistan,,1975,0.0
Turkmenistan,,1970,0.0
Turkmenistan,,1965,0.0
Turkmenistan,,1960,0.0
Tuvalu,,2022,98.8590872698158
Tuvalu,,2021,88.2872277810477
Tuvalu,,2020,86.5467833445524
Tuvalu,,2019,85.0581230507513
Tuvalu,,2018,79.0624127988094
Tuvalu,,2017,73.6038273990248
Tuvalu,,2016,69.5333943275389
Tuvalu,,2015,60.2024993158807
Tuvalu,,2014,34.5957756737072
Tuvalu,,2013,30.9062812471593
Tuvalu,,2012,25.6081946222791
Tuvalu,,2011,19.7588126159555
Tuvalu,,2010,15.0744299981157
Tuvalu,,2009,9.5593155530064
Tuvalu,,2007,17.6782557454331
Tuvalu,,2006,15.9108989657916
Tuvalu,,2005,13.0784708249497
Tuvalu,,2004,5.09372453137734
Tuvalu,,2003,0.0
Tuvalu,,2002,0.0
Tuvalu,,2001,0.0
Tuvalu,,2000,0.0
Tuvalu,,1999,0.0
Tuvalu,,1998,0.0
Tuvalu,,1997,0.0
Tuvalu,,1996,0.0
Tuvalu,,1995,0.0
Tuvalu,,1994,0.0
Tuvalu,,1993,0.0
Tuvalu,,1992,0.0
Tuvalu,,1991,0.0
Tuvalu,,1990,0.0
Tuvalu,,1989,0.0
Tuvalu,,1988,0.0
Tuvalu,,1987,0.0
Tuvalu,,1986,0.0
Tuvalu,,1985,0.0
Tuvalu,,1984,0.0
Tuvalu,,1983,0.0
Tuvalu,,1982,0.0
Tuvalu,,1981,0.0
Tuvalu,,1980,0.0
Tuvalu,,1979,0.0
Tuvalu,,1978,0.0
Tuvalu,,1977,0.0
Tuvalu,,1976,0.0
Tuvalu,,1975,0.0
Tuvalu,,1970,0.0
Tuvalu,,1965,0.0
Tuvalu,,1960,0.0
Uganda,,2024,83.165031466902
Uganda,,2023,76.2966796632588
Uganda,,2022,70.1401117953081
Uganda,,2021,65.6220730009172
Uganda,,2020,62.2824129624858
Uganda,,2019,59.0598078769828
Uganda,,2018,58.8753608703264
Uganda,,2017,62.0968142578109
Uganda,,2016,58.8633638178484
Uganda,,2015,53.8755501186925
Uganda,,2014,55.9572451997482
Uganda,,2013,51.1323160552035
Uganda,,2012,47.6342672974029
Uganda,,2011,50.0591238800663
Uganda,,2010,39.6046507276973
Uganda,,2009,29.8359001233373
Uganda,,2008,28.0124073852685
Uganda,,2007,14.147698933985
Uganda,,2006,6.97651521394924
Uganda,,2005,4.70366701141629
Uganda,,2004,4.29039148738249
Uganda,,2003,2.94537548472374
Uganda,,2002,1.54040654262525
Uganda,,2001,1.14573552163214
Uganda,,2000,0.528800861661281
Uganda,,1999,0.24209546
Uganda,,1998,0.133110548
Uganda,,1997,0.022855121
Uganda,,1996,0.018823909
Uganda,,1995,0.008447436
Uganda,,1994,0.0
Uganda,,1993,0.0
Uganda,,1992,0.0
Uganda,,1991,0.0
Uganda,,1990,0.0
Uganda,,1989,0.0
Uganda,,1988,0.0
Uganda,,1987,0.0
Uganda,,1986,0.0
Uganda,,1985,0.0
Uganda,,1984,0.0
Uganda,,1983,0.0
Uganda,,1982,0.0
Uganda,,1981,0.0
Uganda,,1980,0.0
Uganda,,1979,0.0
Uganda,,1978,0.0
Uganda,,1977,0.0
Uganda,,1976,0.0
Uganda,,1975,0.0
Uganda,,1970,0.0
Uganda,,1965,0.0
Uganda,,1960,0.0
Ukraine,,2023,133.38012811971
Ukraine,,2022,120.261144906234
Ukraine,,2021,135.025688989835
Ukraine,,2020,129.341230786476
Ukraine,,2019,130.629436256062
Ukraine,,2018,127.753861022152
Ukraine,,2017,131.356511508927
Ukraine,,2016,133.168953931474
Ukraine,,2015,142.003037907188
Ukraine,,2014,144.278847394403
Ukraine,,2013,138.441124320457
Ukraine,,2012,130.859020572585
Ukraine,,2011,121.941606633464
Ukraine,,2010,117.767819669863
Ukraine,,2009,119.456421121144
Ukraine,,2008,120.558086000585
Ukraine,,2007,119.08760668951
Ukraine,,2006,105.276792245749
Ukraine,,2005,64.0053648197035
Ukraine,,2004,29.0897362980988
Ukraine,,2003,13.657727308332
Ukraine,,2002,7.69639725156479
Ukraine,,2001,4.59600703553104
Ukraine,,2000,1.67592702664619
Ukraine,,1999,0.439366038
Ukraine,,1998,0.232167426
Ukraine,,1997,0.113968483
Ukraine,,1996,0.059309101
Ukraine,,1995,0.027501844
Ukraine,,1994,0.00977526
Ukraine,,1993,0.000126662
Ukraine,,1992,0.0
Ukraine,,1991,0.0
Ukraine,,1990,0.0
Ukraine,,1989,0.0
Ukraine,,1988,0.0
Ukraine,,1987,0.0
Ukraine,,1986,0.0
Ukraine,,1985,0.0
Ukraine,,1984,0.0
Ukraine,,1983,0.0
Ukraine,,1982,0.0
Ukraine,,1981,0.0
Ukraine,,1980,0.0
Ukraine,,1979,0.0
Ukraine,,1978,0.0
Ukraine,,1977,0.0
Ukraine,,1976,0.0
Ukraine,,1975,0.0
Ukraine,,1970,0.0
Ukraine,,1965,0.0
Ukraine,,1960,0.0
United Arab Emirates,,2024,203.206410299544
United Arab Emirates,,2023,199.423843889179
United Arab Emirates,,2022,195.624592490241
United Arab Emirates,,2021,186.30089463245
United Arab Emirates,,2020,194.467749671801
United Arab Emirates,,2019,209.033214126867
United Arab Emirates,,2018,214.842134318761
United Arab Emirates,,2017,214.701342068567
United Arab Emirates,,2016,220.411614691071
United Arab Emirates,,2015,206.839413263939
United Arab Emirates,,2014,204.191832969644
United Arab Emirates,,2013,205.105475119726
United Arab Emirates,,2012,183.740632066882
United Arab Emirates,,2011,162.893623558443
United Arab Emirates,,2010,157.472576744687
United Arab Emirates,,2009,159.114145128907
United Arab Emirates,,2008,148.472693451531
United Arab Emirates,,2007,137.457950604795
United Arab Emirates,,2006,110.185322712663
United Arab Emirates,,2005,97.1992951451191
United Arab Emirates,,2004,83.1597300228247
United Arab Emirates,,2003,70.897113554176
United Arab Emirates,,2002,61.3641085051503
United Arab Emirates,,2001,51.2758654953956
United Arab Emirates,,2000,40.8783266424794
United Arab Emirates,,1999,26.86844465
United Arab Emirates,,1998,16.88654733
United Arab Emirates,,1997,11.26583053
United Arab Emirates,,1996,7.534161116
United Arab Emirates,,1995,5.298629246
United Arab Emirates,,1994,3.928169053
United Arab Emirates,,1993,3.174853055
United Arab Emirates,,1992,2.311609649
United Arab Emirates,,1991,2.14142422
United Arab Emirates,,1990,1.767122718
United Arab Emirates,,1989,1.392200196
United Arab Emirates,,1988,0.820998752
United Arab Emirates,,1987,0.870037547
United Arab Emirates,,1986,0.761967402
United Arab Emirates,,1985,0.574396029
United Arab Emirates,,1984,0.377274558
United Arab Emirates,,1983,0.287983245
United Arab Emirates,,1982,0.199510899
United Kingdom,,2024,121.643331373201
United Kingdom,,2023,122.781542240418
United Kingdom,,2022,119.833999505569
United Kingdom,,2021,117.887430294308
United Kingdom,,2020,117.304850715261
United Kingdom,,2019,120.250108782533
United Kingdom,,2018,118.184381927412
United Kingdom,,2017,119.206737402819
United Kingdom,,2016,119.786558760596
United Kingdom,,2015,121.211739725133
United Kingdom,,2014,120.958261038047
United Kingdom,,2013,122.184696024755
United Kingdom,,2012,122.465231814068
United Kingdom,,2011,121.49766447536
United Kingdom,,2010,121.780844361683
United Kingdom,,2009,122.357496035675
United Kingdom,,2008,120.819267888243
United Kingdom,,2007,119.988923530842
United Kingdom,,2006,114.785700646085
United Kingdom,,2005,108.045990346443
United Kingdom,,2004,99.198849485824
United Kingdom,,2003,90.698548663637
United Kingdom,,2002,82.6794913595582
United Kingdom,,2001,78.064582616846
United Kingdom,,2000,73.5759542700689
United Kingdom,,1999,46.36293399
United Kingdom,,1998,25.45932146
United Kingdom,,1997,15.17763081
United Kingdom,,1996,12.48025391
United Kingdom,,1995,9.901172035
United Kingdom,,1994,6.818272277
United Kingdom,,1993,3.934258199
United Kingdom,,1992,2.620448471
United Kingdom,,1991,2.196673629
United Kingdom,,1990,1.947196982
United Kingdom,,1989,1.708245688
United Kingdom,,1988,0.983272981
United Kingdom,,1987,0.510326887
United Kingdom,,1986,0.229188337
United Kingdom,,1985,0.088272091
United Kingdom,,1984,0.0
United Kingdom,,1983,0.0
United Kingdom,,1982,0.0
United Kingdom,,1981,0.0
United Kingdom,,1980,0.0
United Kingdom,,1979,0.0
United Kingdom,,1978,0.0
United Kingdom,,1977,0.0
United Kingdom,,1976,0.0
United Kingdom,,1975,0.0
United Kingdom,,1970,0.0
United Kingdom,,1965,0.0
United Kingdom,,1960,0.0
United States,,2024,113.190481805755
United States,,2023,112.410910606372
United States,,2022,108.785640656159
United States,,2021,106.324514306135
United States,,2020,103.855170008567
United States,,2019,105.32074052965
United States,,2018,103.935307364
United States,,2017,102.380562632686
United States,,2016,102.751864866695
United States,,2015,101.831958781319
United States,,2014,99.839569071329
United States,,2013,97.0595305732914
United States,,2012,96.1284261999864
United States,,2011,94.682964660635
United States,,2010,91.6593077558393
United States,,2009,89.0461412720864
United States,,2008,85.680465188068
United States,,2007,82.5922706237223
United States,,2006,76.8586480652849
United States,,2005,68.8835039746019
United States,,2004,63.1242068595345
United States,,2003,55.4096280855899
United States,,2002,49.3931508029532
United States,,2001,45.2019710071462
United States,,2000,38.8931449211963
United States,,1999,30.82116044
United States,,1998,25.09083926
United States,,1997,20.30588082
United States,,1996,16.37381226
United States,,1995,12.71760532
United States,,1994,9.202002036
United States,,1993,6.186519908
United States,,1992,4.323596882
United States,,1991,3.004111275
United States,,1990,2.129545117
United States,,1989,1.432490449
United States,,1988,0.854125086
United States,,1987,0.513170208
United States,,1986,0.28706876
United States,,1985,0.14468149
United States,,1984,0.039352779
United States,,1980,0.0
United States,,1979,0.0
United States,,1978,0.0
United States,,1977,0.0
United States,,1976,0.0
United States,,1975,0.0
United States,,1970,0.0
United States,,1965,0.0
United States,,1960,0.0
Uruguay,,2024,145.501755749445
Uruguay,,2023,141.71948663565
Uruguay,,2022,139.828801269747
Uruguay,,2021,138.112989243956
Uruguay,,2020,133.90170192835
Uruguay,,2019,133.236724531865
Uruguay,,2018,131.363332934653
Uruguay,,2017,150.440084782428
Uruguay,,2016,151.414841550708
Uruguay,,2015,153.368406394623
Uruguay,,2014,163.782686705197
Uruguay,,2013,157.471339957678
Uruguay,,2012,149.770867131119
Uruguay,,2011,143.001961329496
Uruguay,,2010,133.706525080004
Uruguay,,2009,124.212899282829
Uruguay,,2008,106.227376666968
Uruguay,,2007,91.1740061842348
Uruguay,,2006,70.8316385499829
Uruguay,,2005,35.1492237286165
Uruguay,,2004,18.2680768579424
Uruguay,,2003,15.163114800563
Uruguay,,2002,15.6617514525597
Uruguay,,2001,15.8812198576102
Uruguay,,2000,12.5768858424729
Uruguay,,1999,9.732680729
Uruguay,,1998,4.638544413
Uruguay,,1997,3.058024344
Uruguay,,1996,2.436006067
Uruguay,,1995,1.243773961
Uruguay,,1994,0.213953532
Uruguay,,1993,0.156664401
Uruguay,,1992,0.054284892
Uruguay,,1991,0.0
Uruguay,,1990,0.0
Uruguay,,1989,0.0
Uruguay,,1988,0.0
Uruguay,,1987,0.0
Uruguay,,1986,0.0
Uruguay,,1985,0.0
Uruguay,,1984,0.0
Uruguay,,1983,0.0
Uruguay,,1982,0.0
Uruguay,,1981,0.0
Uruguay,,1980,0.0
Uruguay,,1979,0.0
Uruguay,,1978,0.0
Uruguay,,1977,0.0
Uruguay,,1976,0.0
Uruguay,,1975,0.0
Uruguay,,1970,0.0
Uruguay,,1965,0.0
Uruguay,,1960,0.0
Uzbekistan,,2024,110.492018573638
Uzbekistan,,2023,106.884847592051
Uzbekistan,,2022,105.471643327627
Uzbekistan,,2021,102.410090312681
Uzbekistan,,2020,99.4063901870675
Uzbekistan,,2019,101.259829415713
Uzbekistan,,2018,71.744368617656
Uzbekistan,,2017,76.2604866788199
Uzbekistan,,2016,74.3669818295078
Uzbekistan,,2015,70.8415066778981
Uzbekistan,,2014,71.5984657244746
Uzbekistan,,2013,72.3319640163618
Uzbekistan,,2012,69.2849333824939
Uzbekistan,,2011,88.2684522563008
Uzbekistan,,2010,73.8123181598383
Uzbekistan,,2009,58.7627376005608
Uzbekistan,,2008,45.0095498148121
Uzbekistan,,2007,21.020299595125
Uzbekistan,,2006,9.47736216612708
Uzbekistan,,2005,2.73172471423598
Uzbekistan,,2004,2.09033264372718
Uzbekistan,,2003,1.24776075726202
Uzbekistan,,2002,0.735827351045158
Uzbekistan,,2001,0.510205484728889
Uzbekistan,,2000,0.214337694185037
Uzbekistan,,1999,0.164164855
Uzbekistan,,1998,0.110591783
Uzbekistan,,1997,0.072168997
Uzbekistan,,1996,0.040526847
Uzbekistan,,1995,0.016203277
Uzbekistan,,1994,0.003997388
Uzbekistan,,1993,0.002263886
Uzbekistan,,1992,0.0
Uzbekistan,,1991,0.0
Uzbekistan,,1990,0.0
Uzbekistan,,1989,0.0
Uzbekistan,,1988,0.0
Uzbekistan,,1987,0.0
Uzbekistan,,1986,0.0
Uzbekistan,,1985,0.0
Uzbekistan,,1984,0.0
Uzbekistan,,1983,0.0
Uzbekistan,,1982,0.0
Uzbekistan,,1981,0.0
Uzbekistan,,1980,0.0
Uzbekistan,,1979,0.0
Uzbekistan,,1978,0.0
Uzbekistan,,1977,0.0
Uzbekistan,,1976,0.0
Uzbekistan,,1975,0.0
Uzbekistan,,1970,0.0
Uzbekistan,,1965,0.0
Uzbekistan,,1960,0.0
Vanuatu,,2023,89.2943082123161
Vanuatu,,2022,81.6202730589115
Vanuatu,,2021,81.6914485987419
Vanuatu,,2020,82.3909682859418
Vanuatu,,2019,90.8330907409627
Vanuatu,,2018,88.1402514907505
Vanuatu,,2017,81.8708326900222
Vanuatu,,2016,80.3430520385024
Vanuatu,,2015,65.6961078688167
Vanuatu,,2014,59.9642637565324
Vanuatu,,2013,50.0011788653029
Vanuatu,,2012,58.6958530715236
Vanuatu,,2011,56.2507701027625
Vanuatu,,2010,71.3269366374534
Vanuatu,,2009,56.5812031916676
Vanuatu,,2008,15.8662999788449
Vanuatu,,2007,11.7500316347006
Vanuatu,,2006,6.94692089309615
Vanuatu,,2005,6.02201556272537
Vanuatu,,2004,5.10619266835512
Vanuatu,,2003,3.88550705867116
Vanuatu,,2002,2.50174867126512
Vanuatu,,2001,0.183216336615523
Vanuatu,,2000,0.195940541440082
Vanuatu,,1999,0.160058048
Vanuatu,,1998,0.120160797
Vanuatu,,1997,0.115725858
Vanuatu,,1996,0.088144053
Vanuatu,,1995,0.070921154
Vanuatu,,1994,0.038424592
Vanuatu,,1993,0.0
Vanuatu,,1992,0.0
Vanuatu,,1991,0.0
Vanuatu,,1990,0.0
Vanuatu,,1989,0.0
Vanuatu,,1988,0.0
Vanuatu,,1987,0.0
Vanuatu,,1986,0.0
Vanuatu,,1985,0.0
Vanuatu,,1984,0.0
Vanuatu,,1983,0.0
Vanuatu,,1982,0.0
Vanuatu,,1981,0.0
Vanuatu,,1980,0.0
Vanuatu,,1979,0.0
Vanuatu,,1978,0.0
Vanuatu,,1977,0.0
Vanuatu,,1976,0.0
Vanuatu,,1975,0.0
Vanuatu,,1970,0.0
Vanuatu,,1965,0.0
Vanuatu,,1960,0.0
Venezuela,,2024,71.0075917225029
Venezuela,,2023,70.2197325918151
Venezuela,,2022,66.4667731210739
Venezuela,,2021,60.2344883065715
Venezuela,,2020,58.1625657953324
Venezuela,,2019,63.8474442929871
Venezuela,,2018,69.5499623049054
Venezuela,,2017,80.1355411817503
Venezuela,,2016,89.713138519105
Venezuela,,2015,95.1577930404332
Venezuela,,2014,100.905474597326
Venezuela,,2013,103.28923003251
Venezuela,,2012,103.435247267139
Venezuela,,2011,98.6184338835709
Venezuela,,2010,96.7619972595105
Venezuela,,2009,98.8932952316626
Venezuela,,2008,97.7210881589364
Venezuela,,2007,86.1507478490553
Venezuela,,2006,69.0162817672167
Venezuela,,2005,46.6505354851398
Venezuela,,2004,31.9692942191133
Venezuela,,2003,27.0930423911324
Venezuela,,2002,25.7193686771621
Venezuela,,2001,25.9111457593823
Venezuela,,2000,22.2091444151412
Venezuela,,1999,15.79146876
Venezuela,,1998,8.550767856
Venezuela,,1997,4.652836296
Venezuela,,1996,2.577074097
Venezuela,,1995,1.826547139
Venezuela,,1994,1.474065254
Venezuela,,1993,0.862455779
Venezuela,,1992,0.379508456
Venezuela,,1991,0.082071711
Venezuela,,1990,0.037578645
Venezuela,,1989,0.019117739
Venezuela,,1988,0.009574076
Venezuela,,1987,0.0
Venezuela,,1986,0.0
Venezuela,,1985,0.0
Venezuela,,1984,0.0
Venezuela,,1983,0.0
Venezuela,,1982,0.0
Venezuela,,1981,0.0
Venezuela,,1980,0.0
Venezuela,,1979,0.0
Venezuela,,1978,0.0
Venezuela,,1977,0.0
Venezuela,,1976,0.0
Venezuela,,1975,0.0
Venezuela,,1970,0.0
Venezuela,,1965,0.0
Venezuela,,1960,0.0
Vietnam,,2024,127.606471743496
Vietnam,,2023,130.991428667547
Vietnam,,2022,137.852422819653
Vietnam,,2021,136.806313165021
Vietnam,,2020,141.655558720912
Vietnam,,2019,140.192561828615
Vietnam,,2018,146.137840768403
Vietnam,,2017,126.097912313395
Vietnam,,2016,128.297962650408
Vietnam,,2015,129.627056599416
Vietnam,,2014,148.504309214861
Vietnam,,2013,136.614018439735
Vietnam,,2012,147.104457946743
Vietnam,,2011,143.91372373164
Vietnam,,2010,127.574189111237
Vietnam,,2009,113.606245143275
Vietnam,,2008,87.903278335388
Vietnam,,2007,53.8350245939495
Vietnam,,2006,22.9925319860626
Vietnam,,2005,11.8305581224757
Vietnam,,2004,6.17384058852335
Vietnam,,2003,3.44629189737938
Vietnam,,2002,2.41504924375374
Vietnam,,2001,1.60472650276049
Vietnam,,2000,1.02205833472481
Vietnam,,1999,0.420705811
Vietnam,,1998,0.288739207
Vietnam,,1997,0.210964958
Vietnam,,1996,0.091945652
Vietnam,,1995,0.031860471
Vietnam,,1994,0.017241121
Vietnam,,1993,0.005704137
Vietnam,,1992,0.001146317
Vietnam,,1991,0.0
Vietnam,,1990,0.0
Vietnam,,1989,0.0
Vietnam,,1988,0.0
Vietnam,,1987,0.0
Vietnam,,1986,0.0
Vietnam,,1985,0.0
Vietnam,,1984,0.0
Vietnam,,1983,0.0
Vietnam,,1982,0.0
Vietnam,,1981,0.0
Vietnam,,1980,0.0
Vietnam,,1979,0.0
Vietnam,,1978,0.0
Vietnam,,1977,0.0
Vietnam,,1976,0.0
Vietnam,,1975,0.0
Vietnam,,1970,0.0
Vietnam,,1965,0.0
Vietnam,,1960,0.0
Palestine,,2023,76.6918854204372
Palestine,,2022,76.5666403406424
Palestine,,2021,78.1621094563592
Palestine,,2020,80.1297988122355
Palestine,,2019,86.7372172316252
Palestine,,2018,90.2055254286487
Palestine,,2017,84.2593832303374
Palestine,,2016,80.1510726160054
Palestine,,2015,78.0924303863817
Palestine,,2014,72.4102229180943
Palestine,,2013,73.9290856335225
Palestine,,2012,74.3645845516098
Palestine,,2011,70.0930147126709
Palestine,,2010,64.8154454810606
Palestine,,2009,45.903776503693
Palestine,,2008,34.3272897835254
Palestine,,2007,27.3365124384114
Palestine,,2006,22.5453595735201
Palestine,,2005,15.9550188466243
Palestine,,2004,12.5641945719599
Palestine,,2003,7.77179398894078
Palestine,,2002,7.57298116642246
Palestine,,2001,5.42645079010636
Palestine,,2000,0.224507129751224
Palestine,,1994,0.0
Palestine,,1993,0.0
Palestine,,1992,0.0
Palestine,,1990,0.0
Yemen,,2023,50.8937810578557
Yemen,,2022,46.4534353720531
Yemen,,2021,47.8090200303014
Yemen,,2020,42.0037568704771
Yemen,,2019,43.3990001198471
Yemen,,2018,44.8810541777362
Yemen,,2017,46.4111228575355
Yemen,,2016,51.1789525743709
Yemen,,2015,48.2100525815999
Yemen,,2014,56.5732322792042
Yemen,,2013,57.4650413919417
Yemen,,2012,48.8857444140036
Yemen,,2011,42.3015755016596
Yemen,,2010,41.4324574134328
Yemen,,2009,32.0622049201079
Yemen,,2008,25.6650810066812
Yemen,,2007,17.8838117249543
Yemen,,2006,12.6482202861877
Yemen,,2005,9.99363977799995
Yemen,,2004,6.68019390846876
Yemen,,2003,3.14667260491624
Yemen,,2002,2.3358050933891
Yemen,,2001,0.730920229146955
Yemen,,2000,0.163278484393279
Yemen,,1999,0.152788763
Yemen,,1998,0.091696258
Yemen,,1997,0.071571853
Yemen,,1996,0.053026527
Yemen,,1995,0.051231611
Yemen,,1994,0.052664502
Yemen,,1993,0.034494156
Yemen,,1992,0.010738704
Yemen,,1991,0.0
Yemen,,1990,0.0
Yemen,,1989,0.0
Yemen,,1988,0.0
Yemen,,1987,0.0
Yemen,,1986,0.0
Yemen,,1985,0.0
Yemen,,1984,0.0
Yemen,,1983,0.0
Yemen,,1982,0.0
Yemen,,1981,0.0
Yemen,,1980,0.0
Yemen,,1979,0.0
Yemen,,1978,0.0
Yemen,,1977,0.0
Yemen,,1976,0.0
Yemen,,1975,0.0
Yemen,,1970,0.0
Yemen,,1965,0.0
Yemen,,1960,0.0
Zambia,,2024,108.704779873813
Zambia,,2023,102.06156495632
Zambia,,2022,98.4372601156219
Zambia,,2021,103.28257957834
Zambia,,2020,100.235122888213
Zambia,,2019,93.0147820773422
Zambia,,2018,86.0723321005416
Zambia,,2017,77.0500111230113
Zambia,,2016,71.0460770668914
Zambia,,2015,70.4778478853307
Zambia,,2014,63.6342658198343
Zambia,,2013,67.5095981900639
Zambia,,2012,70.5708583739075
Zambia,,2011,56.5498570557445
Zambia,,2010,39.0029310604332
Zambia,,2009,32.6653441943001
Zambia,,2008,27.1785188664379
Zambia,,2007,21.0028503587521
Zambia,,2006,13.7130197625584
Zambia,,2005,8.10285575705197
Zambia,,2004,4.095483250513
Zambia,,2003,2.19418141328044
Zambia,,2002,1.30627973518656
Zambia,,2001,1.17382884665021
Zambia,,2000,0.986790190215631
Zambia,,1999,0.292997637
Zambia,,1998,0.088130826
Zambia,,1997,0.049818486
Zambia,,1996,0.0305661
Zambia,,1995,0.017814096
Zambia,,1994,0.0
Zambia,,1993,0.0
Zambia,,1992,0.0
Zambia,,1991,0.0
Zambia,,1990,0.0
Zambia,,1989,0.0
Zambia,,1988,0.0
Zambia,,1987,0.0
Zambia,,1986,0.0
Zambia,,1985,0.0
Zambia,,1984,0.0
Zambia,,1983,0.0
Zambia,,1982,0.0
Zambia,,1981,0.0
Zambia,,1980,0.0
Zambia,,1979,0.0
Zambia,,1978,0.0
Zambia,,1977,0.0
Zambia,,1976,0.0
Zambia,,1975,0.0
Zambia,,1970,0.0
Zambia,,1965,0.0
Zambia,,1960,0.0
Zimbabwe,,2024,94.2451753366358
Zimbabwe,,2023,91.6344110473757
Zimbabwe,,2022,88.9958314912836
Zimbabwe,,2021,90.2538486226365
Zimbabwe,,2020,84.9604118996672
Zimbabwe,,2019,86.4094297249598
Zimbabwe,,2018,85.8627371320218
Zimbabwe,,2017,95.136682697741
Zimbabwe,,2016,88.2100456333277
Zimbabwe,,2015,88.5991977366782
Zimbabwe,,2014,83.0460608477621
Zimbabwe,,2013,97.2838146490947
Zimbabwe,,2012,91.2870035773198
Zimbabwe,,2011,67.6698277302716
Zimbabwe,,2010,57.6496262357609
Zimbabwe,,2009,30.3664594808256
Zimbabwe,,2008,12.7687473922863
Zimbabwe,,2007,9.57238712914296
Zimbabwe,,2006,6.71981716376718
Zimbabwe,,2005,5.18375075059487
Zimbabwe,,2004,3.44289649532877
Zimbabwe,,2003,2.97286950320066
Zimbabwe,,2002,2.80268634448722
Zimbabwe,,2001,2.62282489639699
Zimbabwe,,2000,2.24049586047155
Zimbabwe,,1999,1.485090967
Zimbabwe,,1998,0.164525469
Zimbabwe,,1997,0.050464682
Zimbabwe,,1996,0.0
Zimbabwe,,1995,0.0
Zimbabwe,,1994,0.0
Zimbabwe,,1993,0.0
Zimbabwe,,1992,0.0
Zimbabwe,,1991,0.0
Zimbabwe,,1990,0.0
Zimbabwe,,1989,0.0
Zimbabwe,,1988,0.0
Zimbabwe,,1987,0.0
Zimbabwe,,1986,0.0
Zimbabwe,,1985,0.0
Zimbabwe,,1984,0.0
Zimbabwe,,1983,0.0
Zimbabwe,,1982,0.0
Zimbabwe,,1981,0.0
Zimbabwe,,1980,0.0
Zimbabwe,,1979,0.0
Zimbabwe,,1978,0.0
Zimbabwe,,1977,0.0
Zimbabwe,,1976,0.0
Zimbabwe,,1975,0.0
Zimbabwe,,1970,0.0
Zimbabwe,,1965,0.0
Zimbabwe,,1960,0.0
