country,iso2,year,value
Afghanistan,,2025,-74404.0
Afghanistan,,2024,-44089.0
Afghanistan,,2023,-48958.0
Afghanistan,,2022,-647402.0
Afghanistan,,2021,-548784.0
Afghanistan,,2020,143634.0
Afghanistan,,2019,9159.0
Afghanistan,,2018,-36753.0
Afghanistan,,2017,-71491.0
Afghanistan,,2016,-143049.0
Afghanistan,,2015,-286314.0
Afghanistan,,2014,233913.0
Afghanistan,,2013,18119.0
Afghanistan,,2012,68628.0
Afghanistan,,2011,384486.0
Afghanistan,,2010,-167460.0
Afghanistan,,2009,-60602.0
Afghanistan,,2008,215753.0
Afghanistan,,2007,-851298.0
Afghanistan,,2006,57673.0
Afghanistan,,2005,250971.0
Afghanistan,,2004,-269194.0
Afghanistan,,2003,247317.0
Afghanistan,,2002,860349.0
Afghanistan,,2001,-212872.0
Afghanistan,,2000,-1025973.0
Afghanistan,,1999,-32400.0
Afghanistan,,1998,7380.0
Afghanistan,,1997,-21215.0
Afghanistan,,1996,4072.0
Afghanistan,,1995,52505.0
Afghanistan,,1994,315206.0
Afghanistan,,1993,1149684.0
Afghanistan,,1992,1197329.0
Afghanistan,,1991,32782.0
Afghanistan,,1990,-458737.0
Afghanistan,,1989,18296.0
Afghanistan,,1988,-56263.0
Afghanistan,,1987,-345535.0
Afghanistan,,1986,-343397.0
Afghanistan,,1985,-208685.0
Afghanistan,,1984,248224.0
Afghanistan,,1983,-172797.0
Afghanistan,,1982,-500998.0
Afghanistan,,1981,-1998086.0
Afghanistan,,1980,-1174239.0
Afghanistan,,1979,-525413.0
Afghanistan,,1978,-117186.0
Afghanistan,,1977,-83115.0
Afghanistan,,1976,-85430.0
Afghanistan,,1975,-44418.0
Afghanistan,,1974,-20009.0
Afghanistan,,1973,-3030.0
Afghanistan,,1972,-4050.0
Afghanistan,,1971,-12801.0
Afghanistan,,1970,4458.0
Afghanistan,,1969,2029.0
Afghanistan,,1968,3333.0
Afghanistan,,1967,6824.0
Afghanistan,,1966,3563.0
Afghanistan,,1965,10695.0
Afghanistan,,1964,7079.0
Afghanistan,,1963,6681.0
Afghanistan,,1962,7016.0
Afghanistan,,1961,6109.0
Afghanistan,,1960,2606.0
Albania,,2025,-24230.0
Albania,,2024,-24472.0
Albania,,2023,-25357.0
Albania,,2022,-16426.0
Albania,,2021,-32848.0
Albania,,2020,-16680.0
Albania,,2019,-23094.0
Albania,,2018,-15032.0
Albania,,2017,-14901.0
Albania,,2016,-9347.0
Albania,,2015,-20500.0
Albania,,2014,-21706.0
Albania,,2013,-20681.0
Albania,,2012,-19845.0
Albania,,2011,-18630.0
Albania,,2010,-51907.0
Albania,,2009,-51657.0
Albania,,2008,-50619.0
Albania,,2007,-49770.0
Albania,,2006,-48882.0
Albania,,2005,-48893.0
Albania,,2004,-48654.0
Albania,,2003,-48517.0
Albania,,2002,-45178.0
Albania,,2001,-48070.0
Albania,,2000,-60531.0
Albania,,1999,-63093.0
Albania,,1998,-66087.0
Albania,,1997,-66188.0
Albania,,1996,-68076.0
Albania,,1995,-69785.0
Albania,,1994,-70165.0
Albania,,1993,-68445.0
Albania,,1992,-66538.0
Albania,,1991,-63689.0
Albania,,1990,-60173.0
Albania,,1989,-38835.0
Albania,,1988,658.0
Albania,,1987,-3250.0
Albania,,1986,-2309.0
Albania,,1985,-183.0
Albania,,1984,64.0
Albania,,1983,66.0
Albania,,1982,-225.0
Albania,,1981,-374.0
Albania,,1980,-601.0
Albania,,1979,-1871.0
Albania,,1978,3230.0
Albania,,1977,-1417.0
Albania,,1976,-1684.0
Albania,,1975,-2610.0
Albania,,1974,-1880.0
Albania,,1973,-1419.0
Albania,,1972,-1588.0
Albania,,1971,-911.0
Albania,,1970,92.0
Albania,,1969,2665.0
Albania,,1968,10490.0
Albania,,1967,12252.0
Albania,,1966,11858.0
Albania,,1965,9617.0
Albania,,1964,6604.0
Albania,,1963,4091.0
Albania,,1962,2325.0
Albania,,1961,829.0
Albania,,1960,13734.0
Algeria,,2025,-27531.0
Algeria,,2024,-31240.0
Algeria,,2023,-25963.0
Algeria,,2022,-14684.0
Algeria,,2021,-10803.0
Algeria,,2020,-10798.0
Algeria,,2019,-27786.0
Algeria,,2018,-27146.0
Algeria,,2017,-14403.0
Algeria,,2016,-6438.0
Algeria,,2015,-27638.0
Algeria,,2014,-30064.0
Algeria,,2013,-30052.0
Algeria,,2012,-26763.0
Algeria,,2011,-20108.0
Algeria,,2010,-10788.0
Algeria,,2009,-4458.0
Algeria,,2008,-2101.0
Algeria,,2007,-25046.0
Algeria,,2006,-44138.0
Algeria,,2005,-51345.0
Algeria,,2004,-38648.0
Algeria,,2003,-39421.0
Algeria,,2002,-36255.0
Algeria,,2001,-26539.0
Algeria,,2000,-16454.0
Algeria,,1999,-5657.0
Algeria,,1998,-13991.0
Algeria,,1997,87582.0
Algeria,,1996,71139.0
Algeria,,1995,37817.0
Algeria,,1994,430.0
Algeria,,1993,14289.0
Algeria,,1992,44102.0
Algeria,,1991,-6945.0
Algeria,,1990,1962.0
Algeria,,1989,-234.0
Algeria,,1988,24376.0
Algeria,,1987,24933.0
Algeria,,1986,64381.0
Algeria,,1985,75729.0
Algeria,,1984,68774.0
Algeria,,1983,61292.0
Algeria,,1982,48660.0
Algeria,,1981,39043.0
Algeria,,1980,32879.0
Algeria,,1979,24311.0
Algeria,,1978,19317.0
Algeria,,1977,5360.0
Algeria,,1976,302662.0
Algeria,,1975,300482.0
Algeria,,1974,-27605.0
Algeria,,1973,-29938.0
Algeria,,1972,-32832.0
Algeria,,1971,-35141.0
Algeria,,1970,-37058.0
Algeria,,1969,-28535.0
Algeria,,1968,-23870.0
Algeria,,1967,-23983.0
Algeria,,1966,-29832.0
Algeria,,1965,-142810.0
Algeria,,1964,-108798.0
Algeria,,1963,-124175.0
Algeria,,1962,-112676.0
Algeria,,1961,-123928.0
Algeria,,1960,-55212.0
Andorra,,2025,843.0
Andorra,,2024,988.0
Andorra,,2023,1061.0
Andorra,,2022,1102.0
Andorra,,2021,1514.0
Andorra,,2020,572.0
Andorra,,2019,1245.0
Andorra,,2018,1143.0
Andorra,,2017,1357.0
Andorra,,2016,1415.0
Andorra,,2015,-1873.0
Andorra,,2014,-1734.0
Andorra,,2013,-1642.0
Andorra,,2012,-2201.0
Andorra,,2011,-363.0
Andorra,,2010,-6194.0
Andorra,,2009,-885.0
Andorra,,2008,947.0
Andorra,,2007,1566.0
Andorra,,2006,2293.0
Andorra,,2005,1317.0
Andorra,,2004,4248.0
Andorra,,2003,4924.0
Andorra,,2002,528.0
Andorra,,2001,155.0
Andorra,,2000,-503.0
Andorra,,1999,-365.0
Andorra,,1998,94.0
Andorra,,1997,343.0
Andorra,,1996,154.0
Andorra,,1995,-956.0
Andorra,,1994,-1402.0
Andorra,,1993,3137.0
Andorra,,1992,2061.0
Andorra,,1991,4121.0
Andorra,,1990,3243.0
Andorra,,1989,-38.0
Andorra,,1988,1697.0
Andorra,,1987,1094.0
Andorra,,1986,2005.0
Andorra,,1985,1079.0
Andorra,,1984,1291.0
Andorra,,1983,1377.0
Andorra,,1982,1421.0
Andorra,,1981,927.0
Andorra,,1980,1010.0
Andorra,,1979,1162.0
Andorra,,1978,1247.0
Andorra,,1977,1285.0
Andorra,,1976,1286.0
Andorra,,1975,1264.0
Andorra,,1974,1222.0
Andorra,,1973,1203.0
Andorra,,1972,1177.0
Andorra,,1971,1166.0
Andorra,,1970,1145.0
Andorra,,1969,1124.0
Andorra,,1968,1094.0
Andorra,,1967,1068.0
Andorra,,1966,873.0
Andorra,,1965,663.0
Andorra,,1964,665.0
Andorra,,1963,672.0
Andorra,,1962,665.0
Andorra,,1961,655.0
Andorra,,1960,639.0
Angola,,2025,-3524.0
Angola,,2024,-2629.0
Angola,,2023,-995.0
Angola,,2022,-995.0
Angola,,2021,29094.0
Angola,,2020,7556.0
Angola,,2019,58984.0
Angola,,2018,61632.0
Angola,,2017,77731.0
Angola,,2016,91614.0
Angola,,2015,74171.0
Angola,,2014,84535.0
Angola,,2013,124478.0
Angola,,2012,130643.0
Angola,,2011,128800.0
Angola,,2010,122418.0
Angola,,2009,105077.0
Angola,,2008,100370.0
Angola,,2007,100563.0
Angola,,2006,95431.0
Angola,,2005,87050.0
Angola,,2004,90553.0
Angola,,2003,80828.0
Angola,,2002,82292.0
Angola,,2001,77458.0
Angola,,2000,72793.0
Angola,,1999,70301.0
Angola,,1998,70527.0
Angola,,1997,67944.0
Angola,,1996,61681.0
Angola,,1995,55568.0
Angola,,1994,61569.0
Angola,,1993,52879.0
Angola,,1992,53310.0
Angola,,1991,46143.0
Angola,,1990,64821.0
Angola,,1989,63586.0
Angola,,1988,65028.0
Angola,,1987,62820.0
Angola,,1986,64974.0
Angola,,1985,74738.0
Angola,,1984,78529.0
Angola,,1983,82958.0
Angola,,1982,75921.0
Angola,,1981,70910.0
Angola,,1980,72192.0
Angola,,1979,64158.0
Angola,,1978,61200.0
Angola,,1977,61110.0
Angola,,1976,47927.0
Angola,,1975,52662.0
Angola,,1974,53232.0
Angola,,1973,54650.0
Angola,,1972,47611.0
Angola,,1971,4386.0
Angola,,1970,-36456.0
Angola,,1969,-90395.0
Angola,,1968,-87730.0
Angola,,1967,-85173.0
Angola,,1966,-82767.0
Angola,,1965,-81111.0
Angola,,1964,-79977.0
Angola,,1963,-78700.0
Angola,,1962,-77265.0
Angola,,1961,-74774.0
Angola,,1960,-40935.0
Antigua and Barbuda,,2025,12.0
Antigua and Barbuda,,2024,9.0
Antigua and Barbuda,,2023,0.0
Antigua and Barbuda,,2022,0.0
Antigua and Barbuda,,2021,0.0
Antigua and Barbuda,,2020,0.0
Antigua and Barbuda,,2019,0.0
Antigua and Barbuda,,2018,0.0
Antigua and Barbuda,,2017,0.0
Antigua and Barbuda,,2016,0.0
Antigua and Barbuda,,2015,44.0
Antigua and Barbuda,,2014,97.0
Antigua and Barbuda,,2013,145.0
Antigua and Barbuda,,2012,196.0
Antigua and Barbuda,,2011,243.0
Antigua and Barbuda,,2010,291.0
Antigua and Barbuda,,2009,338.0
Antigua and Barbuda,,2008,369.0
Antigua and Barbuda,,2007,371.0
Antigua and Barbuda,,2006,315.0
Antigua and Barbuda,,2005,196.0
Antigua and Barbuda,,2004,93.0
Antigua and Barbuda,,2003,32.0
Antigua and Barbuda,,2002,40.0
Antigua and Barbuda,,2001,139.0
Antigua and Barbuda,,2000,263.0
Antigua and Barbuda,,1999,386.0
Antigua and Barbuda,,1998,456.0
Antigua and Barbuda,,1997,489.0
Antigua and Barbuda,,1996,505.0
Antigua and Barbuda,,1995,555.0
Antigua and Barbuda,,1994,535.0
Antigua and Barbuda,,1993,507.0
Antigua and Barbuda,,1992,424.0
Antigua and Barbuda,,1991,225.0
Antigua and Barbuda,,1990,-1085.0
Antigua and Barbuda,,1989,-1124.0
Antigua and Barbuda,,1988,-1168.0
Antigua and Barbuda,,1987,-1174.0
Antigua and Barbuda,,1986,-1175.0
Antigua and Barbuda,,1985,-1261.0
Antigua and Barbuda,,1984,-1182.0
Antigua and Barbuda,,1983,-761.0
Antigua and Barbuda,,1982,-798.0
Antigua and Barbuda,,1981,-810.0
Antigua and Barbuda,,1980,-824.0
Antigua and Barbuda,,1979,-854.0
Antigua and Barbuda,,1978,-889.0
Antigua and Barbuda,,1977,-942.0
Antigua and Barbuda,,1976,-1058.0
Antigua and Barbuda,,1975,-1203.0
Antigua and Barbuda,,1974,-1335.0
Antigua and Barbuda,,1973,-1436.0
Antigua and Barbuda,,1972,-1428.0
Antigua and Barbuda,,1971,-1203.0
Antigua and Barbuda,,1970,-861.0
Antigua and Barbuda,,1969,-271.0
Antigua and Barbuda,,1968,-382.0
Antigua and Barbuda,,1967,-481.0
Antigua and Barbuda,,1966,-563.0
Antigua and Barbuda,,1965,-601.0
Antigua and Barbuda,,1964,-590.0
Antigua and Barbuda,,1963,-738.0
Antigua and Barbuda,,1962,-712.0
Antigua and Barbuda,,1961,-685.0
Antigua and Barbuda,,1960,-351.0
Argentina,,2025,2859.0
Argentina,,2024,3454.0
Argentina,,2023,4133.0
Argentina,,2022,5589.0
Argentina,,2021,314.0
Argentina,,2020,292.0
Argentina,,2019,5397.0
Argentina,,2018,5742.0
Argentina,,2017,4931.0
Argentina,,2016,5215.0
Argentina,,2015,5464.0
Argentina,,2014,5794.0
Argentina,,2013,5275.0
Argentina,,2012,2978.0
Argentina,,2011,-1117.0
Argentina,,2010,-5003.0
Argentina,,2009,-7882.0
Argentina,,2008,-12517.0
Argentina,,2007,-18099.0
Argentina,,2006,-20109.0
Argentina,,2005,-22068.0
Argentina,,2004,-22381.0
Argentina,,2003,-22450.0
Argentina,,2002,-22674.0
Argentina,,2001,-23687.0
Argentina,,2000,-22775.0
Argentina,,1999,-20220.0
Argentina,,1998,-20326.0
Argentina,,1997,-20651.0
Argentina,,1996,-20486.0
Argentina,,1995,-19815.0
Argentina,,1994,-18723.0
Argentina,,1993,-16455.0
Argentina,,1992,-13201.0
Argentina,,1991,-8537.0
Argentina,,1990,15719.0
Argentina,,1989,26555.0
Argentina,,1988,37594.0
Argentina,,1987,40859.0
Argentina,,1986,38586.0
Argentina,,1985,46889.0
Argentina,,1984,47659.0
Argentina,,1983,46438.0
Argentina,,1982,29616.0
Argentina,,1981,16569.0
Argentina,,1980,1932.0
Argentina,,1979,-10213.0
Argentina,,1978,-14665.0
Argentina,,1977,-14675.0
Argentina,,1976,-10235.0
Argentina,,1975,-5293.0
Argentina,,1974,33134.0
Argentina,,1973,38589.0
Argentina,,1972,36050.0
Argentina,,1971,35442.0
Argentina,,1970,38355.0
Argentina,,1969,42688.0
Argentina,,1968,42014.0
Argentina,,1967,39711.0
Argentina,,1966,37752.0
Argentina,,1965,36083.0
Argentina,,1964,34530.0
Argentina,,1963,32866.0
Argentina,,1962,31449.0
Argentina,,1961,26322.0
Argentina,,1960,20387.0
Armenia,,2025,-29013.0
Armenia,,2024,-29966.0
Armenia,,2023,75000.0
Armenia,,2022,38001.0
Armenia,,2021,-19457.0
Armenia,,2020,-13046.0
Armenia,,2019,-14330.0
Armenia,,2018,-13129.0
Armenia,,2017,-14180.0
Armenia,,2016,-14697.0
Armenia,,2015,-15225.0
Armenia,,2014,-15745.0
Armenia,,2013,-16265.0
Armenia,,2012,-16782.0
Armenia,,2011,-17296.0
Armenia,,2010,-30009.0
Armenia,,2009,-30357.0
Armenia,,2008,-29732.0
Armenia,,2007,-29980.0
Armenia,,2006,-29921.0
Armenia,,2005,-29921.0
Armenia,,2004,-30103.0
Armenia,,2003,-29616.0
Armenia,,2002,-27792.0
Armenia,,2001,-51303.0
Armenia,,2000,-52780.0
Armenia,,1999,-51871.0
Armenia,,1998,-55171.0
Armenia,,1997,-51640.0
Armenia,,1996,-51023.0
Armenia,,1995,-50223.0
Armenia,,1994,-112569.0
Armenia,,1993,-126963.0
Armenia,,1992,-196270.0
Armenia,,1991,5422.0
Armenia,,1990,2122.0
Armenia,,1989,98517.0
Armenia,,1988,-13325.0
Armenia,,1987,-26879.0
Armenia,,1986,-27727.0
Armenia,,1985,-27710.0
Armenia,,1984,-25143.0
Armenia,,1983,-31993.0
Armenia,,1982,-30862.0
Armenia,,1981,-28487.0
Armenia,,1980,-26099.0
Armenia,,1979,-22659.0
Armenia,,1978,53277.0
Armenia,,1977,53042.0
Armenia,,1976,49014.0
Armenia,,1975,17829.0
Armenia,,1974,17995.0
Armenia,,1973,17425.0
Armenia,,1972,15836.0
Armenia,,1971,14094.0
Armenia,,1970,12700.0
Armenia,,1969,17128.0
Armenia,,1968,20855.0
Armenia,,1967,22014.0
Armenia,,1966,22131.0
Armenia,,1965,20809.0
Armenia,,1964,19028.0
Armenia,,1963,16252.0
Armenia,,1962,13898.0
Armenia,,1961,12102.0
Armenia,,1960,11827.0
Australia,,2025,137109.0
Australia,,2024,138510.0
Australia,,2023,140232.0
Australia,,2022,140972.0
Australia,,2021,116768.0
Australia,,2020,44447.0
Australia,,2019,207142.0
Australia,,2018,226412.0
Australia,,2017,255023.0
Australia,,2016,254648.0
Australia,,2015,212350.0
Australia,,2014,200177.0
Australia,,2013,215823.0
Australia,,2012,235776.0
Australia,,2011,197657.0
Australia,,2010,166752.0
Australia,,2009,235628.0
Australia,,2008,275773.0
Australia,,2007,249873.0
Australia,,2006,191985.0
Australia,,2005,131371.0
Australia,,2004,110072.0
Australia,,2003,104437.0
Australia,,2002,108852.0
Australia,,2001,117552.0
Australia,,2000,111186.0
Australia,,1999,92900.0
Australia,,1998,81310.0
Australia,,1997,67661.0
Australia,,1996,82965.0
Australia,,1995,80456.0
Australia,,1994,51941.0
Australia,,1993,23833.0
Australia,,1992,40767.0
Australia,,1991,68847.0
Australia,,1990,100093.0
Australia,,1989,144042.0
Australia,,1988,153330.0
Australia,,1987,136421.0
Australia,,1986,113061.0
Australia,,1985,98327.0
Australia,,1984,79617.0
Australia,,1983,73251.0
Australia,,1982,111722.0
Australia,,1981,121921.0
Australia,,1980,89189.0
Australia,,1979,52137.0
Australia,,1978,45832.0
Australia,,1977,44946.0
Australia,,1976,32792.0
Australia,,1975,25336.0
Australia,,1974,56167.0
Australia,,1973,62928.0
Australia,,1972,54895.0
Australia,,1971,223991.0
Australia,,1970,256295.0
Australia,,1969,108770.0
Australia,,1968,100963.0
Australia,,1967,80904.0
Australia,,1966,110864.0
Australia,,1965,118891.0
Australia,,1964,91588.0
Australia,,1963,73237.0
Australia,,1962,58315.0
Australia,,1961,64495.0
Australia,,1960,85707.0
Austria,,2025,11254.0
Austria,,2024,8813.0
Austria,,2023,4819.0
Austria,,2022,157365.0
Austria,,2021,52150.0
Austria,,2020,39601.0
Austria,,2019,41090.0
Austria,,2018,35296.0
Austria,,2017,45478.0
Austria,,2016,65976.0
Austria,,2015,115175.0
Austria,,2014,74375.0
Austria,,2013,56726.0
Austria,,2012,45014.0
Austria,,2011,31887.0
Austria,,2010,22570.0
Austria,,2009,18222.0
Austria,,2008,25405.0
Austria,,2007,24616.0
Austria,,2006,25787.0
Austria,,2005,50676.0
Austria,,2004,55007.0
Austria,,2003,44362.0
Austria,,2002,37508.0
Austria,,2001,39866.0
Austria,,2000,17631.0
Austria,,1999,19949.0
Austria,,1998,8702.0
Austria,,1997,1589.0
Austria,,1996,4077.0
Austria,,1995,1890.0
Austria,,1994,3113.0
Austria,,1993,33688.0
Austria,,1992,71451.0
Austria,,1991,77417.0
Austria,,1990,59873.0
Austria,,1989,46232.0
Austria,,1988,13807.0
Austria,,1987,1434.0
Austria,,1986,6630.0
Austria,,1985,5940.0
Austria,,1984,2906.0
Austria,,1983,-1474.0
Austria,,1982,-22711.0
Austria,,1981,29590.0
Austria,,1980,9811.0
Austria,,1979,-1785.0
Austria,,1978,-8131.0
Austria,,1977,13245.0
Austria,,1976,8336.0
Austria,,1975,-24253.0
Austria,,1974,-16276.0
Austria,,1973,34856.0
Austria,,1972,36703.0
Austria,,1971,32392.0
Austria,,1970,10601.0
Austria,,1969,5896.0
Austria,,1968,-6880.0
Austria,,1967,21285.0
Austria,,1966,18656.0
Austria,,1965,10719.0
Austria,,1964,3646.0
Austria,,1963,4774.0
Austria,,1962,1509.0
Austria,,1961,-2760.0
Austria,,1960,-1732.0
Azerbaijan,,2025,8731.0
Azerbaijan,,2024,10864.0
Azerbaijan,,2023,-84122.0
Azerbaijan,,2022,9086.0
Azerbaijan,,2021,1073.0
Azerbaijan,,2020,1073.0
Azerbaijan,,2019,384.0
Azerbaijan,,2018,-37559.0
Azerbaijan,,2017,-11324.0
Azerbaijan,,2016,4671.0
Azerbaijan,,2015,1073.0
Azerbaijan,,2014,1073.0
Azerbaijan,,2013,2291.0
Azerbaijan,,2012,1986.0
Azerbaijan,,2011,1686.0
Azerbaijan,,2010,1373.0
Azerbaijan,,2009,883.0
Azerbaijan,,2008,15047.0
Azerbaijan,,2007,17112.0
Azerbaijan,,2006,16909.0
Azerbaijan,,2005,16431.0
Azerbaijan,,2004,13486.0
Azerbaijan,,2003,13153.0
Azerbaijan,,2002,15068.0
Azerbaijan,,2001,16252.0
Azerbaijan,,2000,15938.0
Azerbaijan,,1999,5300.0
Azerbaijan,,1998,13101.0
Azerbaijan,,1997,24475.0
Azerbaijan,,1996,42667.0
Azerbaijan,,1995,32139.0
Azerbaijan,,1994,21376.0
Azerbaijan,,1993,-12224.0
Azerbaijan,,1992,-23984.0
Azerbaijan,,1991,-49814.0
Azerbaijan,,1990,-63324.0
Azerbaijan,,1989,-101986.0
Azerbaijan,,1988,-25290.0
Azerbaijan,,1987,-69061.0
Azerbaijan,,1986,-60841.0
Azerbaijan,,1985,-57247.0
Azerbaijan,,1984,-50685.0
Azerbaijan,,1983,-28573.0
Azerbaijan,,1982,-28467.0
Azerbaijan,,1981,-28276.0
Azerbaijan,,1980,-27778.0
Azerbaijan,,1979,-24019.0
Azerbaijan,,1978,14836.0
Azerbaijan,,1977,39074.0
Azerbaijan,,1976,40241.0
Azerbaijan,,1975,-3847.0
Azerbaijan,,1974,-3847.0
Azerbaijan,,1973,-3847.0
Azerbaijan,,1972,-3847.0
Azerbaijan,,1971,-3847.0
Azerbaijan,,1970,-3847.0
Azerbaijan,,1969,-3847.0
Azerbaijan,,1968,-3847.0
Azerbaijan,,1967,-3847.0
Azerbaijan,,1966,-3848.0
Azerbaijan,,1965,-3848.0
Azerbaijan,,1964,-1629.0
Azerbaijan,,1963,-192.0
Azerbaijan,,1962,-183.0
Azerbaijan,,1961,-171.0
Azerbaijan,,1960,-148.0
Bahamas,,2025,935.0
Bahamas,,2024,1018.0
Bahamas,,2023,1001.0
Bahamas,,2022,1001.0
Bahamas,,2021,481.0
Bahamas,,2020,0.0
Bahamas,,2019,1002.0
Bahamas,,2018,1002.0
Bahamas,,2017,1002.0
Bahamas,,2016,1002.0
Bahamas,,2015,1002.0
Bahamas,,2014,1002.0
Bahamas,,2013,1002.0
Bahamas,,2012,1047.0
Bahamas,,2011,1381.0
Bahamas,,2010,1898.0
Bahamas,,2009,1613.0
Bahamas,,2008,1474.0
Bahamas,,2007,1727.0
Bahamas,,2006,1735.0
Bahamas,,2005,804.0
Bahamas,,2004,1030.0
Bahamas,,2003,949.0
Bahamas,,2002,636.0
Bahamas,,2001,290.0
Bahamas,,2000,845.0
Bahamas,,1999,418.0
Bahamas,,1998,437.0
Bahamas,,1997,445.0
Bahamas,,1996,454.0
Bahamas,,1995,460.0
Bahamas,,1994,454.0
Bahamas,,1993,445.0
Bahamas,,1992,433.0
Bahamas,,1991,412.0
Bahamas,,1990,241.0
Bahamas,,1989,523.0
Bahamas,,1988,413.0
Bahamas,,1987,326.0
Bahamas,,1986,389.0
Bahamas,,1985,469.0
Bahamas,,1984,302.0
Bahamas,,1983,243.0
Bahamas,,1982,160.0
Bahamas,,1981,125.0
Bahamas,,1980,367.0
Bahamas,,1979,484.0
Bahamas,,1978,563.0
Bahamas,,1977,586.0
Bahamas,,1976,490.0
Bahamas,,1975,323.0
Bahamas,,1974,164.0
Bahamas,,1973,125.0
Bahamas,,1972,296.0
Bahamas,,1971,825.0
Bahamas,,1970,1517.0
Bahamas,,1969,3068.0
Bahamas,,1968,3405.0
Bahamas,,1967,3123.0
Bahamas,,1966,2816.0
Bahamas,,1965,2488.0
Bahamas,,1964,2129.0
Bahamas,,1963,2814.0
Bahamas,,1962,2729.0
Bahamas,,1961,2547.0
Bahamas,,1960,2290.0
Bahrain,,2025,18128.0
Bahrain,,2024,22699.0
Bahrain,,2023,20002.0
Bahrain,,2022,18975.0
Bahrain,,2021,11882.0
Bahrain,,2020,-5048.0
Bahrain,,2019,-31967.0
Bahrain,,2018,-25978.0
Bahrain,,2017,21958.0
Bahrain,,2016,46833.0
Bahrain,,2015,36809.0
Bahrain,,2014,40815.0
Bahrain,,2013,35574.0
Bahrain,,2012,12801.0
Bahrain,,2011,-26107.0
Bahrain,,2010,-19329.0
Bahrain,,2009,46467.0
Bahrain,,2008,47674.0
Bahrain,,2007,47500.0
Bahrain,,2006,46615.0
Bahrain,,2005,45682.0
Bahrain,,2004,45413.0
Bahrain,,2003,45571.0
Bahrain,,2002,45952.0
Bahrain,,2001,34371.0
Bahrain,,2000,2886.0
Bahrain,,1999,3130.0
Bahrain,,1998,3733.0
Bahrain,,1997,4036.0
Bahrain,,1996,4162.0
Bahrain,,1995,3842.0
Bahrain,,1994,3387.0
Bahrain,,1993,2850.0
Bahrain,,1992,2768.0
Bahrain,,1991,4562.0
Bahrain,,1990,5090.0
Bahrain,,1989,5220.0
Bahrain,,1988,5294.0
Bahrain,,1987,5152.0
Bahrain,,1986,4822.0
Bahrain,,1985,4657.0
Bahrain,,1984,4557.0
Bahrain,,1983,4252.0
Bahrain,,1982,3980.0
Bahrain,,1981,4523.0
Bahrain,,1980,6741.0
Bahrain,,1979,6908.0
Bahrain,,1978,6974.0
Bahrain,,1977,7017.0
Bahrain,,1976,6993.0
Bahrain,,1975,6900.0
Bahrain,,1974,6711.0
Bahrain,,1973,6450.0
Bahrain,,1972,6190.0
Bahrain,,1971,3159.0
Bahrain,,1970,-4939.0
Bahrain,,1969,-4638.0
Bahrain,,1968,-3952.0
Bahrain,,1967,-829.0
Bahrain,,1966,-718.0
Bahrain,,1965,-415.0
Bahrain,,1964,491.0
Bahrain,,1963,714.0
Bahrain,,1962,810.0
Bahrain,,1961,1076.0
Bahrain,,1960,1266.0
Bangladesh,,2025,-402100.0
Bangladesh,,2024,-473362.0
Bangladesh,,2023,-549918.0
Bangladesh,,2022,-549990.0
Bangladesh,,2021,-994722.0
Bangladesh,,2020,-1002522.0
Bangladesh,,2019,-1016796.0
Bangladesh,,2018,-1029069.0
Bangladesh,,2017,-1037176.0
Bangladesh,,2016,-918770.0
Bangladesh,,2015,-909223.0
Bangladesh,,2014,-889222.0
Bangladesh,,2013,-862944.0
Bangladesh,,2012,-829875.0
Bangladesh,,2011,-848910.0
Bangladesh,,2010,-1113727.0
Bangladesh,,2009,-1150194.0
Bangladesh,,2008,-1158420.0
Bangladesh,,2007,-1133553.0
Bangladesh,,2006,-1091865.0
Bangladesh,,2005,-1036635.0
Bangladesh,,2004,-970264.0
Bangladesh,,2003,-896335.0
Bangladesh,,2002,-819909.0
Bangladesh,,2001,-737740.0
Bangladesh,,2000,-512422.0
Bangladesh,,1999,-286256.0
Bangladesh,,1998,-286966.0
Bangladesh,,1997,-273442.0
Bangladesh,,1996,-254239.0
Bangladesh,,1995,-231304.0
Bangladesh,,1994,-206958.0
Bangladesh,,1993,-271677.0
Bangladesh,,1992,-246914.0
Bangladesh,,1991,-230852.0
Bangladesh,,1990,-404105.0
Bangladesh,,1989,-406910.0
Bangladesh,,1988,-395408.0
Bangladesh,,1987,-367475.0
Bangladesh,,1986,-331992.0
Bangladesh,,1985,-287872.0
Bangladesh,,1984,-245693.0
Bangladesh,,1983,-201909.0
Bangladesh,,1982,-156729.0
Bangladesh,,1981,-184884.0
Bangladesh,,1980,-515918.0
Bangladesh,,1979,-507354.0
Bangladesh,,1978,-486721.0
Bangladesh,,1977,-458491.0
Bangladesh,,1976,-424970.0
Bangladesh,,1975,-390212.0
Bangladesh,,1974,-277545.0
Bangladesh,,1973,-77324.0
Bangladesh,,1972,-269033.0
Bangladesh,,1971,224369.0
Bangladesh,,1970,-73719.0
Bangladesh,,1969,-125010.0
Bangladesh,,1968,-7970.0
Bangladesh,,1967,23164.0
Bangladesh,,1966,3758.0
Bangladesh,,1965,47610.0
Bangladesh,,1964,25426.0
Bangladesh,,1963,23215.0
Bangladesh,,1962,26533.0
Bangladesh,,1961,26503.0
Bangladesh,,1960,13580.0
Barbados,,2025,-87.0
Barbados,,2024,-70.0
Barbados,,2023,-80.0
Barbados,,2022,-80.0
Barbados,,2021,-28.0
Barbados,,2020,0.0
Barbados,,2019,-65.0
Barbados,,2018,-65.0
Barbados,,2017,-65.0
Barbados,,2016,-65.0
Barbados,,2015,-65.0
Barbados,,2014,-65.0
Barbados,,2013,-65.0
Barbados,,2012,-64.0
Barbados,,2011,-54.0
Barbados,,2010,-36.0
Barbados,,2009,296.0
Barbados,,2008,526.0
Barbados,,2007,308.0
Barbados,,2006,317.0
Barbados,,2005,330.0
Barbados,,2004,273.0
Barbados,,2003,248.0
Barbados,,2002,308.0
Barbados,,2001,199.0
Barbados,,2000,-2628.0
Barbados,,1999,-1215.0
Barbados,,1998,-1068.0
Barbados,,1997,-1122.0
Barbados,,1996,-1164.0
Barbados,,1995,-1141.0
Barbados,,1994,-1096.0
Barbados,,1993,-1080.0
Barbados,,1992,-1076.0
Barbados,,1991,-1108.0
Barbados,,1990,-1474.0
Barbados,,1989,-1400.0
Barbados,,1988,-1301.0
Barbados,,1987,-1262.0
Barbados,,1986,-1377.0
Barbados,,1985,-1487.0
Barbados,,1984,-1447.0
Barbados,,1983,-1733.0
Barbados,,1982,-1794.0
Barbados,,1981,-1821.0
Barbados,,1980,-1687.0
Barbados,,1979,-2691.0
Barbados,,1978,-2725.0
Barbados,,1977,-2778.0
Barbados,,1976,-2836.0
Barbados,,1975,-2939.0
Barbados,,1974,-3222.0
Barbados,,1973,-3508.0
Barbados,,1972,-3665.0
Barbados,,1971,-4396.0
Barbados,,1970,-4852.0
Barbados,,1969,-4236.0
Barbados,,1968,-3693.0
Barbados,,1967,-3436.0
Barbados,,1966,-3201.0
Barbados,,1965,-3251.0
Barbados,,1964,-3277.0
Barbados,,1963,-3303.0
Barbados,,1962,-3327.0
Barbados,,1961,-3323.0
Barbados,,1960,-3315.0
Belarus,,2025,-3020.0
Belarus,,2024,-3119.0
Belarus,,2023,-3034.0
Belarus,,2022,-8000.0
Belarus,,2021,-33954.0
Belarus,,2020,-33954.0
Belarus,,2019,-33954.0
Belarus,,2018,8615.0
Belarus,,2017,3337.0
Belarus,,2016,8272.0
Belarus,,2015,18088.0
Belarus,,2014,14979.0
Belarus,,2013,10550.0
Belarus,,2012,10903.0
Belarus,,2011,5686.0
Belarus,,2010,10300.0
Belarus,,2009,13610.0
Belarus,,2008,-495.0
Belarus,,2007,-4013.0
Belarus,,2006,-8303.0
Belarus,,2005,-15451.0
Belarus,,2004,-10424.0
Belarus,,2003,-10795.0
Belarus,,2002,-11945.0
Belarus,,2001,-4469.0
Belarus,,2000,1812.0
Belarus,,1999,2028.0
Belarus,,1998,13192.0
Belarus,,1997,-235.0
Belarus,,1996,5205.0
Belarus,,1995,481.0
Belarus,,1994,-12570.0
Belarus,,1993,19652.0
Belarus,,1992,29477.0
Belarus,,1991,-5876.0
Belarus,,1990,-26497.0
Belarus,,1989,5639.0
Belarus,,1988,-5424.0
Belarus,,1987,-12462.0
Belarus,,1986,-11499.0
Belarus,,1985,-784.0
Belarus,,1984,-3051.0
Belarus,,1983,-2938.0
Belarus,,1982,3339.0
Belarus,,1981,14998.0
Belarus,,1980,16616.0
Belarus,,1979,395.0
Belarus,,1978,-11143.0
Belarus,,1977,-4925.0
Belarus,,1976,-5350.0
Belarus,,1975,-6302.0
Belarus,,1974,-5157.0
Belarus,,1973,-7357.0
Belarus,,1972,-7966.0
Belarus,,1971,-5818.0
Belarus,,1970,-8643.0
Belarus,,1969,-12833.0
Belarus,,1968,-7511.0
Belarus,,1967,-13409.0
Belarus,,1966,-14544.0
Belarus,,1965,-17979.0
Belarus,,1964,-17837.0
Belarus,,1963,-28653.0
Belarus,,1962,-32996.0
Belarus,,1961,-26780.0
Belarus,,1960,-27382.0
Belgium,,2025,31989.0
Belgium,,2024,36243.0
Belgium,,2023,41679.0
Belgium,,2022,118615.0
Belgium,,2021,24017.0
Belgium,,2020,43777.0
Belgium,,2019,58469.0
Belgium,,2018,50604.0
Belgium,,2017,37981.0
Belgium,,2016,28090.0
Belgium,,2015,63536.0
Belgium,,2014,37472.0
Belgium,,2013,28066.0
Belgium,,2012,45001.0
Belgium,,2011,52464.0
Belgium,,2010,105232.0
Belgium,,2009,97175.0
Belgium,,2008,66470.0
Belgium,,2007,59911.0
Belgium,,2006,53574.0
Belgium,,2005,50576.0
Belgium,,2004,35143.0
Belgium,,2003,34472.0
Belgium,,2002,39404.0
Belgium,,2001,34924.0
Belgium,,2000,13952.0
Belgium,,1999,16849.0
Belgium,,1998,12517.0
Belgium,,1997,10262.0
Belgium,,1996,15684.0
Belgium,,1995,1937.0
Belgium,,1994,17636.0
Belgium,,1993,18542.0
Belgium,,1992,25941.0
Belgium,,1991,27038.0
Belgium,,1990,8299.0
Belgium,,1989,7301.0
Belgium,,1988,3929.0
Belgium,,1987,3525.0
Belgium,,1986,2964.0
Belgium,,1985,2165.0
Belgium,,1984,1697.0
Belgium,,1983,1252.0
Belgium,,1982,1100.0
Belgium,,1981,2826.0
Belgium,,1980,11482.0
Belgium,,1979,11277.0
Belgium,,1978,10828.0
Belgium,,1977,10460.0
Belgium,,1976,10360.0
Belgium,,1975,9652.0
Belgium,,1974,8924.0
Belgium,,1973,8684.0
Belgium,,1972,8384.0
Belgium,,1971,7992.0
Belgium,,1970,19393.0
Belgium,,1969,20072.0
Belgium,,1968,19809.0
Belgium,,1967,19492.0
Belgium,,1966,18985.0
Belgium,,1965,18243.0
Belgium,,1964,17687.0
Belgium,,1963,16355.0
Belgium,,1962,14829.0
Belgium,,1961,10566.0
Belgium,,1960,9893.0
Belize,,2025,360.0
Belize,,2024,490.0
Belize,,2023,595.0
Belize,,2022,5936.0
Belize,,2021,-173.0
Belize,,2020,64.0
Belize,,2019,-606.0
Belize,,2018,187.0
Belize,,2017,1705.0
Belize,,2016,3313.0
Belize,,2015,1596.0
Belize,,2014,1456.0
Belize,,2013,1505.0
Belize,,2012,1524.0
Belize,,2011,1582.0
Belize,,2010,1639.0
Belize,,2009,2728.0
Belize,,2008,2627.0
Belize,,2007,2521.0
Belize,,2006,2321.0
Belize,,2005,2073.0
Belize,,2004,1980.0
Belize,,2003,1870.0
Belize,,2002,1739.0
Belize,,2001,1640.0
Belize,,2000,1675.0
Belize,,1999,1968.0
Belize,,1998,2153.0
Belize,,1997,2072.0
Belize,,1996,1365.0
Belize,,1995,273.0
Belize,,1994,-798.0
Belize,,1993,-1521.0
Belize,,1992,-1634.0
Belize,,1991,-1699.0
Belize,,1990,-1763.0
Belize,,1989,-1654.0
Belize,,1988,-1579.0
Belize,,1987,-1527.0
Belize,,1986,-1475.0
Belize,,1985,-1402.0
Belize,,1984,-1381.0
Belize,,1983,-1414.0
Belize,,1982,-1410.0
Belize,,1981,-1354.0
Belize,,1980,-1350.0
Belize,,1979,-1844.0
Belize,,1978,-1960.0
Belize,,1977,-1843.0
Belize,,1976,-1731.0
Belize,,1975,-1624.0
Belize,,1974,-2399.0
Belize,,1973,-2227.0
Belize,,1972,-2029.0
Belize,,1971,-1693.0
Belize,,1970,-1297.0
Belize,,1969,-148.0
Belize,,1968,214.0
Belize,,1967,265.0
Belize,,1966,214.0
Belize,,1965,112.0
Belize,,1964,-25.0
Belize,,1963,-170.0
Belize,,1962,-450.0
Belize,,1961,-347.0
Belize,,1960,-577.0
Benin,,2025,-7847.0
Benin,,2024,-7725.0
Benin,,2023,-192.0
Benin,,2022,-192.0
Benin,,2021,1729.0
Benin,,2020,1729.0
Benin,,2019,3366.0
Benin,,2018,3372.0
Benin,,2017,3716.0
Benin,,2016,3837.0
Benin,,2015,3369.0
Benin,,2014,3667.0
Benin,,2013,-887.0
Benin,,2012,1260.0
Benin,,2011,4283.0
Benin,,2010,3947.0
Benin,,2009,4279.0
Benin,,2008,3198.0
Benin,,2007,241.0
Benin,,2006,-15135.0
Benin,,2005,30495.0
Benin,,2004,4173.0
Benin,,2003,4283.0
Benin,,2002,3572.0
Benin,,2001,3732.0
Benin,,2000,3335.0
Benin,,1999,3177.0
Benin,,1998,2051.0
Benin,,1997,-1322.0
Benin,,1996,-16490.0
Benin,,1995,-45469.0
Benin,,1994,-85128.0
Benin,,1993,156223.0
Benin,,1992,-138.0
Benin,,1991,0.0
Benin,,1990,-333.0
Benin,,1989,-315.0
Benin,,1988,-1867.0
Benin,,1987,-1792.0
Benin,,1986,-1899.0
Benin,,1985,-1953.0
Benin,,1984,-2018.0
Benin,,1983,-2090.0
Benin,,1982,-2253.0
Benin,,1981,-2543.0
Benin,,1980,-2946.0
Benin,,1979,-3365.0
Benin,,1978,-3731.0
Benin,,1977,-4022.0
Benin,,1976,-4308.0
Benin,,1975,-4607.0
Benin,,1974,-4814.0
Benin,,1973,-4960.0
Benin,,1972,-4970.0
Benin,,1971,-4921.0
Benin,,1970,-4851.0
Benin,,1969,-4792.0
Benin,,1968,-4756.0
Benin,,1967,-4756.0
Benin,,1966,-4764.0
Benin,,1965,-4793.0
Benin,,1964,-4839.0
Benin,,1963,-4847.0
Benin,,1962,-4844.0
Benin,,1961,-4791.0
Benin,,1960,-4722.0
Bhutan,,2025,455.0
Bhutan,,2024,-277.0
Bhutan,,2023,291.0
Bhutan,,2022,291.0
Bhutan,,2021,287.0
Bhutan,,2020,287.0
Bhutan,,2019,287.0
Bhutan,,2018,287.0
Bhutan,,2017,287.0
Bhutan,,2016,1116.0
Bhutan,,2015,450.0
Bhutan,,2014,452.0
Bhutan,,2013,309.0
Bhutan,,2012,20.0
Bhutan,,2011,-464.0
Bhutan,,2010,-922.0
Bhutan,,2009,-1305.0
Bhutan,,2008,-1538.0
Bhutan,,2007,-1553.0
Bhutan,,2006,-1283.0
Bhutan,,2005,848.0
Bhutan,,2004,3642.0
Bhutan,,2003,3921.0
Bhutan,,2002,3996.0
Bhutan,,2001,3874.0
Bhutan,,2000,3940.0
Bhutan,,1999,3542.0
Bhutan,,1998,486.0
Bhutan,,1997,-1994.0
Bhutan,,1996,-1998.0
Bhutan,,1995,-21501.0
Bhutan,,1994,-17997.0
Bhutan,,1993,-9800.0
Bhutan,,1992,-65900.0
Bhutan,,1991,-9522.0
Bhutan,,1990,-1000.0
Bhutan,,1989,1180.0
Bhutan,,1988,1286.0
Bhutan,,1987,1481.0
Bhutan,,1986,1586.0
Bhutan,,1985,1694.0
Bhutan,,1984,1779.0
Bhutan,,1983,1897.0
Bhutan,,1982,1897.0
Bhutan,,1981,2096.0
Bhutan,,1980,2307.0
Bhutan,,1979,2493.0
Bhutan,,1978,2700.0
Bhutan,,1977,2700.0
Bhutan,,1976,2700.0
Bhutan,,1975,2700.0
Bhutan,,1974,2700.0
Bhutan,,1973,2700.0
Bhutan,,1972,2700.0
Bhutan,,1971,2700.0
Bhutan,,1970,2700.0
Bhutan,,1969,2700.0
Bhutan,,1968,2593.0
Bhutan,,1967,2493.0
Bhutan,,1966,2407.0
Bhutan,,1965,2307.0
Bhutan,,1964,2196.0
Bhutan,,1963,2096.0
Bhutan,,1962,2096.0
Bhutan,,1961,1586.0
Bhutan,,1960,1481.0
Bolivia,,2025,-3179.0
Bolivia,,2024,-3000.0
Bolivia,,2023,-3008.0
Bolivia,,2022,-3008.0
Bolivia,,2021,-4663.0
Bolivia,,2020,-4663.0
Bolivia,,2019,-8981.0
Bolivia,,2018,-9344.0
Bolivia,,2017,-9669.0
Bolivia,,2016,-10071.0
Bolivia,,2015,-10525.0
Bolivia,,2014,-10971.0
Bolivia,,2013,-11369.0
Bolivia,,2012,-11689.0
Bolivia,,2011,-12106.0
Bolivia,,2010,-12590.0
Bolivia,,2009,-13055.0
Bolivia,,2008,-13418.0
Bolivia,,2007,-13669.0
Bolivia,,2006,-14107.0
Bolivia,,2005,-15594.0
Bolivia,,2004,-17385.0
Bolivia,,2003,-19621.0
Bolivia,,2002,-22188.0
Bolivia,,2001,-24405.0
Bolivia,,2000,-26940.0
Bolivia,,1999,-28074.0
Bolivia,,1998,-28378.0
Bolivia,,1997,-28566.0
Bolivia,,1996,-28685.0
Bolivia,,1995,-28204.0
Bolivia,,1994,-27621.0
Bolivia,,1993,-26856.0
Bolivia,,1992,-25005.0
Bolivia,,1991,-23982.0
Bolivia,,1990,-21917.0
Bolivia,,1989,-20720.0
Bolivia,,1988,-19568.0
Bolivia,,1987,-18948.0
Bolivia,,1986,-18297.0
Bolivia,,1985,-17558.0
Bolivia,,1984,-16625.0
Bolivia,,1983,-15432.0
Bolivia,,1982,-14580.0
Bolivia,,1981,-13476.0
Bolivia,,1980,-11762.0
Bolivia,,1979,-9923.0
Bolivia,,1978,-8462.0
Bolivia,,1977,-7714.0
Bolivia,,1976,-7063.0
Bolivia,,1975,-6424.0
Bolivia,,1974,-5873.0
Bolivia,,1973,-5457.0
Bolivia,,1972,-5224.0
Bolivia,,1971,-5057.0
Bolivia,,1970,-4915.0
Bolivia,,1969,-4784.0
Bolivia,,1968,-4679.0
Bolivia,,1967,-4586.0
Bolivia,,1966,-4507.0
Bolivia,,1965,-4444.0
Bolivia,,1964,-4352.0
Bolivia,,1963,-4233.0
Bolivia,,1962,-4026.0
Bolivia,,1961,-3642.0
Bolivia,,1960,-3144.0
Bosnia Herzegovina,,2025,-6994.0
Bosnia Herzegovina,,2024,-4497.0
Bosnia Herzegovina,,2023,-485.0
Bosnia Herzegovina,,2022,-485.0
Bosnia Herzegovina,,2021,-25865.0
Bosnia Herzegovina,,2020,-26840.0
Bosnia Herzegovina,,2019,-27841.0
Bosnia Herzegovina,,2018,-29147.0
Bosnia Herzegovina,,2017,-30650.0
Bosnia Herzegovina,,2016,-32173.0
Bosnia Herzegovina,,2015,-33948.0
Bosnia Herzegovina,,2014,-35683.0
Bosnia Herzegovina,,2013,-37002.0
Bosnia Herzegovina,,2012,-66378.0
Bosnia Herzegovina,,2011,-64875.0
Bosnia Herzegovina,,2010,-67228.0
Bosnia Herzegovina,,2009,-68182.0
Bosnia Herzegovina,,2008,-68140.0
Bosnia Herzegovina,,2007,-65335.0
Bosnia Herzegovina,,2006,-38622.0
Bosnia Herzegovina,,2005,-37086.0
Bosnia Herzegovina,,2004,-68008.0
Bosnia Herzegovina,,2003,-27396.0
Bosnia Herzegovina,,2002,-13312.0
Bosnia Herzegovina,,2001,9055.0
Bosnia Herzegovina,,2000,8138.0
Bosnia Herzegovina,,1999,25495.0
Bosnia Herzegovina,,1998,24335.0
Bosnia Herzegovina,,1997,80133.0
Bosnia Herzegovina,,1996,173193.0
Bosnia Herzegovina,,1995,126914.0
Bosnia Herzegovina,,1994,-157427.0
Bosnia Herzegovina,,1993,-178416.0
Bosnia Herzegovina,,1992,-436814.0
Bosnia Herzegovina,,1991,-26483.0
Bosnia Herzegovina,,1990,-22829.0
Bosnia Herzegovina,,1989,-19634.0
Bosnia Herzegovina,,1988,-17058.0
Bosnia Herzegovina,,1987,-14853.0
Bosnia Herzegovina,,1986,-12941.0
Bosnia Herzegovina,,1985,-11429.0
Bosnia Herzegovina,,1984,-10321.0
Bosnia Herzegovina,,1983,-9599.0
Bosnia Herzegovina,,1982,-9298.0
Bosnia Herzegovina,,1981,-9384.0
Bosnia Herzegovina,,1980,-7368.0
Bosnia Herzegovina,,1979,-7454.0
Bosnia Herzegovina,,1978,-9382.0
Bosnia Herzegovina,,1977,-11834.0
Bosnia Herzegovina,,1976,-13778.0
Bosnia Herzegovina,,1975,-14348.0
Bosnia Herzegovina,,1974,-14345.0
Bosnia Herzegovina,,1973,-14043.0
Bosnia Herzegovina,,1972,-14807.0
Bosnia Herzegovina,,1971,-15829.0
Bosnia Herzegovina,,1970,-20714.0
Bosnia Herzegovina,,1969,-21229.0
Bosnia Herzegovina,,1968,-20704.0
Bosnia Herzegovina,,1967,-21195.0
Bosnia Herzegovina,,1966,-23196.0
Bosnia Herzegovina,,1965,-24330.0
Bosnia Herzegovina,,1964,-23922.0
Bosnia Herzegovina,,1963,-22611.0
Bosnia Herzegovina,,1962,-21531.0
Bosnia Herzegovina,,1961,-14655.0
Bosnia Herzegovina,,1960,-6481.0
Botswana,,2025,-5665.0
Botswana,,2024,-5778.0
Botswana,,2023,-6487.0
Botswana,,2022,-7306.0
Botswana,,2021,-4083.0
Botswana,,2020,-11330.0
Botswana,,2019,-11770.0
Botswana,,2018,-11623.0
Botswana,,2017,-10916.0
Botswana,,2016,-10286.0
Botswana,,2015,-9599.0
Botswana,,2014,-8893.0
Botswana,,2013,-7836.0
Botswana,,2012,-6636.0
Botswana,,2011,-1019.0
Botswana,,2010,5151.0
Botswana,,2009,4960.0
Botswana,,2008,4343.0
Botswana,,2007,3926.0
Botswana,,2006,4270.0
Botswana,,2005,4283.0
Botswana,,2004,4314.0
Botswana,,2003,4488.0
Botswana,,2002,4747.0
Botswana,,2001,7991.0
Botswana,,2000,9798.0
Botswana,,1999,9762.0
Botswana,,1998,9685.0
Botswana,,1997,9597.0
Botswana,,1996,9368.0
Botswana,,1995,9464.0
Botswana,,1994,9023.0
Botswana,,1993,8441.0
Botswana,,1992,8026.0
Botswana,,1991,4311.0
Botswana,,1990,2580.0
Botswana,,1989,1495.0
Botswana,,1988,-215.0
Botswana,,1987,2624.0
Botswana,,1986,2558.0
Botswana,,1985,2683.0
Botswana,,1984,2393.0
Botswana,,1983,1980.0
Botswana,,1982,1751.0
Botswana,,1981,7610.0
Botswana,,1980,-10849.0
Botswana,,1979,15918.0
Botswana,,1978,26015.0
Botswana,,1977,13708.0
Botswana,,1976,11914.0
Botswana,,1975,11086.0
Botswana,,1974,8854.0
Botswana,,1973,10615.0
Botswana,,1972,5937.0
Botswana,,1971,-3016.0
Botswana,,1970,-16054.0
Botswana,,1969,-15870.0
Botswana,,1968,-15681.0
Botswana,,1967,-15438.0
Botswana,,1966,-15140.0
Botswana,,1965,-14753.0
Botswana,,1964,-4126.0
Botswana,,1963,-4000.0
Botswana,,1962,-4028.0
Botswana,,1961,-4168.0
Botswana,,1960,-4331.0
Brazil,,2025,-217283.0
Brazil,,2024,-225510.0
Brazil,,2023,-240059.0
Brazil,,2022,-253639.0
Brazil,,2021,-208581.0
Brazil,,2020,-78437.0
Brazil,,2019,-129216.0
Brazil,,2018,-230334.0
Brazil,,2017,-156296.0
Brazil,,2016,-92989.0
Brazil,,2015,-173611.0
Brazil,,2014,-145732.0
Brazil,,2013,-157228.0
Brazil,,2012,-179707.0
Brazil,,2011,-235860.0
Brazil,,2010,-261539.0
Brazil,,2009,-220207.0
Brazil,,2008,-141056.0
Brazil,,2007,-107481.0
Brazil,,2006,-90634.0
Brazil,,2005,-88868.0
Brazil,,2004,-76661.0
Brazil,,2003,-55350.0
Brazil,,2002,-42008.0
Brazil,,2001,-51600.0
Brazil,,2000,-45800.0
Brazil,,1999,-23497.0
Brazil,,1998,21666.0
Brazil,,1997,-72392.0
Brazil,,1996,-71943.0
Brazil,,1995,-69963.0
Brazil,,1994,-68961.0
Brazil,,1993,-69070.0
Brazil,,1992,14394.0
Brazil,,1991,-66600.0
Brazil,,1990,-30555.0
Brazil,,1989,-60023.0
Brazil,,1988,-72825.0
Brazil,,1987,-77800.0
Brazil,,1986,-90973.0
Brazil,,1985,-60879.0
Brazil,,1984,-70035.0
Brazil,,1983,-76322.0
Brazil,,1982,-90766.0
Brazil,,1981,-65971.0
Brazil,,1980,-38918.0
Brazil,,1979,-32503.0
Brazil,,1978,-23416.0
Brazil,,1977,-19478.0
Brazil,,1976,-20612.0
Brazil,,1975,-25499.0
Brazil,,1974,-24093.0
Brazil,,1973,-24071.0
Brazil,,1972,-23584.0
Brazil,,1971,-23421.0
Brazil,,1970,-18779.0
Brazil,,1969,-7763.0
Brazil,,1968,-8856.0
Brazil,,1967,-10033.0
Brazil,,1966,-9317.0
Brazil,,1965,-8824.0
Brazil,,1964,-8146.0
Brazil,,1963,-8136.0
Brazil,,1962,-7171.0
Brazil,,1961,75.0
Brazil,,1960,4066.0
Brunei,,2025,0.0
Brunei,,2024,0.0
Brunei,,2023,0.0
Brunei,,2022,0.0
Brunei,,2021,0.0
Brunei,,2020,462.0
Brunei,,2019,456.0
Brunei,,2018,450.0
Brunei,,2017,440.0
Brunei,,2016,415.0
Brunei,,2015,356.0
Brunei,,2014,303.0
Brunei,,2013,285.0
Brunei,,2012,346.0
Brunei,,2011,1399.0
Brunei,,2010,2479.0
Brunei,,2009,2489.0
Brunei,,2008,2409.0
Brunei,,2007,2291.0
Brunei,,2006,1030.0
Brunei,,2005,1163.0
Brunei,,2004,1261.0
Brunei,,2003,1383.0
Brunei,,2002,1499.0
Brunei,,2001,1569.0
Brunei,,2000,1660.0
Brunei,,1999,1639.0
Brunei,,1998,1566.0
Brunei,,1997,1533.0
Brunei,,1996,1464.0
Brunei,,1995,1348.0
Brunei,,1994,1206.0
Brunei,,1993,1082.0
Brunei,,1992,969.0
Brunei,,1991,1087.0
Brunei,,1990,992.0
Brunei,,1989,1002.0
Brunei,,1988,962.0
Brunei,,1987,994.0
Brunei,,1986,1897.0
Brunei,,1985,1808.0
Brunei,,1984,1722.0
Brunei,,1983,1602.0
Brunei,,1982,1475.0
Brunei,,1981,1124.0
Brunei,,1980,995.0
Brunei,,1979,899.0
Brunei,,1978,791.0
Brunei,,1977,1157.0
Brunei,,1976,1080.0
Brunei,,1975,1047.0
Brunei,,1974,1011.0
Brunei,,1973,1007.0
Brunei,,1972,1053.0
Brunei,,1971,-476.0
Brunei,,1970,-1538.0
Brunei,,1969,1608.0
Brunei,,1968,1677.0
Brunei,,1967,1703.0
Brunei,,1966,1697.0
Brunei,,1965,1655.0
Brunei,,1964,1595.0
Brunei,,1963,1469.0
Brunei,,1962,1088.0
Brunei,,1961,1014.0
Brunei,,1960,982.0
Bulgaria,,2025,-2961.0
Bulgaria,,2024,524.0
Bulgaria,,2023,5173.0
Bulgaria,,2022,26498.0
Bulgaria,,2021,11756.0
Bulgaria,,2020,30167.0
Bulgaria,,2019,-2156.0
Bulgaria,,2018,-3873.0
Bulgaria,,2017,-6109.0
Bulgaria,,2016,-9482.0
Bulgaria,,2015,-4227.0
Bulgaria,,2014,-2180.0
Bulgaria,,2013,-1324.0
Bulgaria,,2012,-26334.0
Bulgaria,,2011,-23360.0
Bulgaria,,2010,-21668.0
Bulgaria,,2009,-19060.0
Bulgaria,,2008,-17595.0
Bulgaria,,2007,-16366.0
Bulgaria,,2006,-15184.0
Bulgaria,,2005,-14435.0
Bulgaria,,2004,-13604.0
Bulgaria,,2003,-13183.0
Bulgaria,,2002,-12735.0
Bulgaria,,2001,-30726.0
Bulgaria,,2000,-26211.0
Bulgaria,,1999,-23846.0
Bulgaria,,1998,-23262.0
Bulgaria,,1997,-22963.0
Bulgaria,,1996,-21520.0
Bulgaria,,1995,-22020.0
Bulgaria,,1994,-20984.0
Bulgaria,,1993,-19973.0
Bulgaria,,1992,-120552.0
Bulgaria,,1991,-119356.0
Bulgaria,,1990,-116817.0
Bulgaria,,1989,-114705.0
Bulgaria,,1988,215.0
Bulgaria,,1987,357.0
Bulgaria,,1986,1104.0
Bulgaria,,1985,-19230.0
Bulgaria,,1984,-1032.0
Bulgaria,,1983,-1872.0
Bulgaria,,1982,-1860.0
Bulgaria,,1981,-1830.0
Bulgaria,,1980,-2045.0
Bulgaria,,1979,-872.0
Bulgaria,,1978,-62769.0
Bulgaria,,1977,-11955.0
Bulgaria,,1976,-2522.0
Bulgaria,,1975,-38071.0
Bulgaria,,1974,-1402.0
Bulgaria,,1973,-5409.0
Bulgaria,,1972,-11296.0
Bulgaria,,1971,-7654.0
Bulgaria,,1970,-11315.0
Bulgaria,,1969,-3204.0
Bulgaria,,1968,-132.0
Bulgaria,,1967,-420.0
Bulgaria,,1966,-144.0
Bulgaria,,1965,-1406.0
Bulgaria,,1964,505.0
Bulgaria,,1963,500.0
Bulgaria,,1962,499.0
Bulgaria,,1961,378.0
Bulgaria,,1960,-1112.0
Burkina Faso,,2025,-27130.0
Burkina Faso,,2024,-25807.0
Burkina Faso,,2023,-24957.0
Burkina Faso,,2022,-24960.0
Burkina Faso,,2021,-13079.0
Burkina Faso,,2020,-5661.0
Burkina Faso,,2019,-25240.0
Burkina Faso,,2018,-23938.0
Burkina Faso,,2017,-14780.0
Burkina Faso,,2016,-7598.0
Burkina Faso,,2015,-19726.0
Burkina Faso,,2014,-17984.0
Burkina Faso,,2013,-33212.0
Burkina Faso,,2012,-20930.0
Burkina Faso,,2011,-33391.0
Burkina Faso,,2010,-42055.0
Burkina Faso,,2009,-40148.0
Burkina Faso,,2008,-40725.0
Burkina Faso,,2007,-28202.0
Burkina Faso,,2006,-4218.0
Burkina Faso,,2005,9795.0
Burkina Faso,,2004,17570.0
Burkina Faso,,2003,15359.0
Burkina Faso,,2002,16076.0
Burkina Faso,,2001,10654.0
Burkina Faso,,2000,3877.0
Burkina Faso,,1999,-1922.0
Burkina Faso,,1998,-5367.0
Burkina Faso,,1997,-37200.0
Burkina Faso,,1996,-44314.0
Burkina Faso,,1995,-38943.0
Burkina Faso,,1994,-37554.0
Burkina Faso,,1993,-43784.0
Burkina Faso,,1992,-45003.0
Burkina Faso,,1991,-50451.0
Burkina Faso,,1990,-32970.0
Burkina Faso,,1989,-31843.0
Burkina Faso,,1988,-30068.0
Burkina Faso,,1987,-29081.0
Burkina Faso,,1986,-25051.0
Burkina Faso,,1985,-16623.0
Burkina Faso,,1984,-12445.0
Burkina Faso,,1983,-11618.0
Burkina Faso,,1982,-15879.0
Burkina Faso,,1981,-17797.0
Burkina Faso,,1980,-15345.0
Burkina Faso,,1979,-18559.0
Burkina Faso,,1978,-19274.0
Burkina Faso,,1977,-18914.0
Burkina Faso,,1976,-25786.0
Burkina Faso,,1975,-30484.0
Burkina Faso,,1974,-30599.0
Burkina Faso,,1973,-34452.0
Burkina Faso,,1972,-33679.0
Burkina Faso,,1971,-34524.0
Burkina Faso,,1970,-28832.0
Burkina Faso,,1969,-28406.0
Burkina Faso,,1968,-27461.0
Burkina Faso,,1967,-26444.0
Burkina Faso,,1966,-27301.0
Burkina Faso,,1965,-25398.0
Burkina Faso,,1964,-26307.0
Burkina Faso,,1963,-26382.0
Burkina Faso,,1962,-26040.0
Burkina Faso,,1961,-24687.0
Burkina Faso,,1960,-23220.0
Burundi,,2025,-34727.0
Burundi,,2024,-27074.0
Burundi,,2023,1995.0
Burundi,,2022,1995.0
Burundi,,2021,-14415.0
Burundi,,2020,-10189.0
Burundi,,2019,14253.0
Burundi,,2018,68141.0
Burundi,,2017,-68349.0
Burundi,,2016,-109296.0
Burundi,,2015,-236207.0
Burundi,,2014,-6856.0
Burundi,,2013,-2285.0
Burundi,,2012,22617.0
Burundi,,2011,-19513.0
Burundi,,2010,11845.0
Burundi,,2009,184359.0
Burundi,,2008,79319.0
Burundi,,2007,22129.0
Burundi,,2006,15322.0
Burundi,,2005,17905.0
Burundi,,2004,47091.0
Burundi,,2003,36719.0
Burundi,,2002,-16871.0
Burundi,,2001,9967.0
Burundi,,2000,-40032.0
Burundi,,1999,-34465.0
Burundi,,1998,13840.0
Burundi,,1997,-84126.0
Burundi,,1996,-226317.0
Burundi,,1995,-84697.0
Burundi,,1994,516373.0
Burundi,,1993,-684261.0
Burundi,,1992,35769.0
Burundi,,1991,-39236.0
Burundi,,1990,-39926.0
Burundi,,1989,-43561.0
Burundi,,1988,-46464.0
Burundi,,1987,-21179.0
Burundi,,1986,-55742.0
Burundi,,1985,-66574.0
Burundi,,1984,-29534.0
Burundi,,1983,-41756.0
Burundi,,1982,-3844.0
Burundi,,1981,-58723.0
Burundi,,1980,149361.0
Burundi,,1979,-40126.0
Burundi,,1978,8247.0
Burundi,,1977,1884.0
Burundi,,1976,-12848.0
Burundi,,1975,-20693.0
Burundi,,1974,10065.0
Burundi,,1973,2843.0
Burundi,,1972,-118457.0
Burundi,,1971,-7569.0
Burundi,,1970,-6346.0
Burundi,,1969,-25292.0
Burundi,,1968,-5917.0
Burundi,,1967,-9821.0
Burundi,,1966,5262.0
Burundi,,1965,-13947.0
Burundi,,1964,29639.0
Burundi,,1963,-11502.0
Burundi,,1962,-15378.0
Burundi,,1961,15094.0
Burundi,,1960,-14620.0
Cape Verde,,2025,-1284.0
Cape Verde,,2024,-1209.0
Cape Verde,,2023,-1226.0
Cape Verde,,2022,-1253.0
Cape Verde,,2021,0.0
Cape Verde,,2020,-3362.0
Cape Verde,,2019,-4001.0
Cape Verde,,2018,-4679.0
Cape Verde,,2017,-5550.0
Cape Verde,,2016,-6004.0
Cape Verde,,2015,-6226.0
Cape Verde,,2014,-6578.0
Cape Verde,,2013,-6622.0
Cape Verde,,2012,-6779.0
Cape Verde,,2011,-7226.0
Cape Verde,,2010,-5069.0
Cape Verde,,2009,-2618.0
Cape Verde,,2008,-2340.0
Cape Verde,,2007,-2200.0
Cape Verde,,2006,-2408.0
Cape Verde,,2005,-2768.0
Cape Verde,,2004,-2993.0
Cape Verde,,2003,-2898.0
Cape Verde,,2002,-2751.0
Cape Verde,,2001,-2528.0
Cape Verde,,2000,-2772.0
Cape Verde,,1999,-3371.0
Cape Verde,,1998,-3332.0
Cape Verde,,1997,-3211.0
Cape Verde,,1996,-3297.0
Cape Verde,,1995,-3125.0
Cape Verde,,1994,-3299.0
Cape Verde,,1993,-3393.0
Cape Verde,,1992,-3231.0
Cape Verde,,1991,-2924.0
Cape Verde,,1990,-2398.0
Cape Verde,,1989,-5704.0
Cape Verde,,1988,-6474.0
Cape Verde,,1987,-6418.0
Cape Verde,,1986,-6314.0
Cape Verde,,1985,-6192.0
Cape Verde,,1984,-6035.0
Cape Verde,,1983,-5834.0
Cape Verde,,1982,-5629.0
Cape Verde,,1981,-5684.0
Cape Verde,,1980,-5980.0
Cape Verde,,1979,-6875.0
Cape Verde,,1978,-6833.0
Cape Verde,,1977,-6730.0
Cape Verde,,1976,-6389.0
Cape Verde,,1975,-5829.0
Cape Verde,,1974,-6512.0
Cape Verde,,1973,-6410.0
Cape Verde,,1972,-6316.0
Cape Verde,,1971,-4085.0
Cape Verde,,1970,172.0
Cape Verde,,1969,1608.0
Cape Verde,,1968,1521.0
Cape Verde,,1967,1376.0
Cape Verde,,1966,1230.0
Cape Verde,,1965,1093.0
Cape Verde,,1964,1006.0
Cape Verde,,1963,945.0
Cape Verde,,1962,904.0
Cape Verde,,1961,49.0
Cape Verde,,1960,-2267.0
Cambodia,,2025,-31469.0
Cambodia,,2024,-32960.0
Cambodia,,2023,-31837.0
Cambodia,,2022,-31350.0
Cambodia,,2021,-27025.0
Cambodia,,2020,0.0
Cambodia,,2019,-57268.0
Cambodia,,2018,-86702.0
Cambodia,,2017,-74362.0
Cambodia,,2016,-51324.0
Cambodia,,2015,-58101.0
Cambodia,,2014,-56536.0
Cambodia,,2013,-54554.0
Cambodia,,2012,-52874.0
Cambodia,,2011,-50941.0
Cambodia,,2010,-49781.0
Cambodia,,2009,-49354.0
Cambodia,,2008,-50809.0
Cambodia,,2007,-68653.0
Cambodia,,2006,-60315.0
Cambodia,,2005,-60473.0
Cambodia,,2004,-58972.0
Cambodia,,2003,-57026.0
Cambodia,,2002,-55245.0
Cambodia,,2001,-53815.0
Cambodia,,2000,-50957.0
Cambodia,,1999,-47608.0
Cambodia,,1998,-33781.0
Cambodia,,1997,504742.0
Cambodia,,1996,508187.0
Cambodia,,1995,503042.0
Cambodia,,1994,488732.0
Cambodia,,1993,187883.0
Cambodia,,1992,275823.0
Cambodia,,1991,58264.0
Cambodia,,1990,58455.0
Cambodia,,1989,55125.0
Cambodia,,1988,-14627.0
Cambodia,,1987,44442.0
Cambodia,,1986,43356.0
Cambodia,,1985,4677.0
Cambodia,,1984,-29141.0
Cambodia,,1983,46428.0
Cambodia,,1982,-20026.0
Cambodia,,1981,-22982.0
Cambodia,,1980,-133508.0
Cambodia,,1979,118334.0
Cambodia,,1978,-84695.0
Cambodia,,1977,-55504.0
Cambodia,,1976,-52741.0
Cambodia,,1975,-47717.0
Cambodia,,1974,-45225.0
Cambodia,,1973,-42053.0
Cambodia,,1972,-40764.0
Cambodia,,1971,-80232.0
Cambodia,,1970,-193008.0
Cambodia,,1969,-17676.0
Cambodia,,1968,-17745.0
Cambodia,,1967,-16983.0
Cambodia,,1966,-17216.0
Cambodia,,1965,-16930.0
Cambodia,,1964,-16516.0
Cambodia,,1963,-15929.0
Cambodia,,1962,-3578.0
Cambodia,,1961,-4764.0
Cambodia,,1960,-5339.0
Cameroon,,2025,-15379.0
Cameroon,,2024,-13892.0
Cameroon,,2023,-4798.0
Cameroon,,2022,-4798.0
Cameroon,,2021,-9888.0
Cameroon,,2020,-9888.0
Cameroon,,2019,-12255.0
Cameroon,,2018,-9184.0
Cameroon,,2017,-37912.0
Cameroon,,2016,13255.0
Cameroon,,2015,42008.0
Cameroon,,2014,96599.0
Cameroon,,2013,-6900.0
Cameroon,,2012,-7523.0
Cameroon,,2011,-12669.0
Cameroon,,2010,-9366.0
Cameroon,,2009,-10203.0
Cameroon,,2008,-10720.0
Cameroon,,2007,-10807.0
Cameroon,,2006,-28528.0
Cameroon,,2005,-27775.0
Cameroon,,2004,-19444.0
Cameroon,,2003,-18568.0
Cameroon,,2002,-10766.0
Cameroon,,2001,-19203.0
Cameroon,,2000,-21221.0
Cameroon,,1999,-17398.0
Cameroon,,1998,-12446.0
Cameroon,,1997,-13842.0
Cameroon,,1996,-12738.0
Cameroon,,1995,-12661.0
Cameroon,,1994,-12028.0
Cameroon,,1993,-9601.0
Cameroon,,1992,-13702.0
Cameroon,,1991,-14520.0
Cameroon,,1990,-8163.0
Cameroon,,1989,-11244.0
Cameroon,,1988,-16016.0
Cameroon,,1987,-3829.0
Cameroon,,1986,-3671.0
Cameroon,,1985,-3604.0
Cameroon,,1984,-3512.0
Cameroon,,1983,-37346.0
Cameroon,,1982,-139974.0
Cameroon,,1981,27845.0
Cameroon,,1980,70589.0
Cameroon,,1979,-12108.0
Cameroon,,1978,-1282.0
Cameroon,,1977,-20622.0
Cameroon,,1976,-19994.0
Cameroon,,1975,-237.0
Cameroon,,1974,-377.0
Cameroon,,1973,-466.0
Cameroon,,1972,-473.0
Cameroon,,1971,-439.0
Cameroon,,1970,-367.0
Cameroon,,1969,-286.0
Cameroon,,1968,-204.0
Cameroon,,1967,-148.0
Cameroon,,1966,-96.0
Cameroon,,1965,-39.0
Cameroon,,1964,0.0
Cameroon,,1963,0.0
Cameroon,,1962,0.0
Cameroon,,1961,0.0
Cameroon,,1960,0.0
Canada,,2025,326204.0
Canada,,2024,368599.0
Canada,,2023,433842.0
Canada,,2022,459988.0
Canada,,2021,198867.0
Canada,,2020,256592.0
Canada,,2019,387685.0
Canada,,2018,420224.0
Canada,,2017,372685.0
Canada,,2016,329455.0
Canada,,2015,224332.0
Canada,,2014,192884.0
Canada,,2013,239813.0
Canada,,2012,243748.0
Canada,,2011,227075.0
Canada,,2010,225369.0
Canada,,2009,244463.0
Canada,,2008,238083.0
Canada,,2007,213801.0
Canada,,2006,202175.0
Canada,,2005,204526.0
Canada,,2004,194611.0
Canada,,2003,185643.0
Canada,,2002,208060.0
Canada,,2001,222100.0
Canada,,2000,201727.0
Canada,,1999,158342.0
Canada,,1998,142346.0
Canada,,1997,144678.0
Canada,,1996,154553.0
Canada,,1995,141818.0
Canada,,1994,134863.0
Canada,,1993,133426.0
Canada,,1992,138121.0
Canada,,1991,134463.0
Canada,,1990,181461.0
Canada,,1989,258094.0
Canada,,1988,238003.0
Canada,,1987,171308.0
Canada,,1986,121928.0
Canada,,1985,69776.0
Canada,,1984,55982.0
Canada,,1983,66172.0
Canada,,1982,89544.0
Canada,,1981,113461.0
Canada,,1980,122743.0
Canada,,1979,86719.0
Canada,,1978,52781.0
Canada,,1977,70339.0
Canada,,1976,106894.0
Canada,,1975,139797.0
Canada,,1974,155596.0
Canada,,1973,125401.0
Canada,,1972,89880.0
Canada,,1971,210244.0
Canada,,1970,304627.0
Canada,,1969,93600.0
Canada,,1968,108864.0
Canada,,1967,132856.0
Canada,,1966,144641.0
Canada,,1965,112401.0
Canada,,1964,68003.0
Canada,,1963,51831.0
Canada,,1962,35373.0
Canada,,1961,34721.0
Canada,,1960,49694.0
Central African Republic,,2025,-14693.0
Central African Republic,,2024,-15357.0
Central African Republic,,2023,-14682.0
Central African Republic,,2022,-17430.0
Central African Republic,,2021,-85646.0
Central African Republic,,2020,-24745.0
Central African Republic,,2019,-36849.0
Central African Republic,,2018,-52954.0
Central African Republic,,2017,-58584.0
Central African Republic,,2016,-52607.0
Central African Republic,,2015,-63045.0
Central African Republic,,2014,-174051.0
Central African Republic,,2013,-112382.0
Central African Republic,,2012,-111764.0
Central African Republic,,2011,-86281.0
Central African Republic,,2010,-43126.0
Central African Republic,,2009,-28899.0
Central African Republic,,2008,-28983.0
Central African Republic,,2007,-30352.0
Central African Republic,,2006,-41282.0
Central African Republic,,2005,-13604.0
Central African Republic,,2004,-16510.0
Central African Republic,,2003,-18097.0
Central African Republic,,2002,5992.0
Central African Republic,,2001,-33006.0
Central African Republic,,2000,8079.0
Central African Republic,,1999,6284.0
Central African Republic,,1998,4479.0
Central African Republic,,1997,2034.0
Central African Republic,,1996,2697.0
Central African Republic,,1995,-12986.0
Central African Republic,,1994,9496.0
Central African Republic,,1993,9930.0
Central African Republic,,1992,9269.0
Central African Republic,,1991,4381.0
Central African Republic,,1990,1995.0
Central African Republic,,1989,409.0
Central African Republic,,1988,-31016.0
Central African Republic,,1987,-47428.0
Central African Republic,,1986,-47332.0
Central African Republic,,1985,-46427.0
Central African Republic,,1984,-45591.0
Central African Republic,,1983,-44780.0
Central African Republic,,1982,-43908.0
Central African Republic,,1981,-42872.0
Central African Republic,,1980,-41539.0
Central African Republic,,1979,-39850.0
Central African Republic,,1978,-37874.0
Central African Republic,,1977,-35782.0
Central African Republic,,1976,-33645.0
Central African Republic,,1975,-9895.0
Central African Republic,,1974,-9838.0
Central African Republic,,1973,-9800.0
Central African Republic,,1972,-9634.0
Central African Republic,,1971,-7259.0
Central African Republic,,1970,-3693.0
Central African Republic,,1969,-80.0
Central African Republic,,1968,474.0
Central African Republic,,1967,474.0
Central African Republic,,1966,474.0
Central African Republic,,1965,474.0
Central African Republic,,1964,474.0
Central African Republic,,1963,474.0
Central African Republic,,1962,474.0
Central African Republic,,1961,474.0
Central African Republic,,1960,474.0
Chad,,2025,-123104.0
Chad,,2024,204040.0
Chad,,2023,496830.0
Chad,,2022,36670.0
Chad,,2021,74509.0
Chad,,2020,36605.0
Chad,,2019,-29451.0
Chad,,2018,46661.0
Chad,,2017,16916.0
Chad,,2016,21540.0
Chad,,2015,-48918.0
Chad,,2014,20842.0
Chad,,2013,51887.0
Chad,,2012,9514.0
Chad,,2011,29256.0
Chad,,2010,10427.0
Chad,,2009,9108.0
Chad,,2008,36446.0
Chad,,2007,-11339.0
Chad,,2006,23052.0
Chad,,2005,19281.0
Chad,,2004,110387.0
Chad,,2003,105140.0
Chad,,2002,20400.0
Chad,,2001,3484.0
Chad,,2000,-3845.0
Chad,,1999,17175.0
Chad,,1998,2232.0
Chad,,1997,3631.0
Chad,,1996,1259.0
Chad,,1995,152232.0
Chad,,1994,986.0
Chad,,1993,-146386.0
Chad,,1992,6013.0
Chad,,1991,112492.0
Chad,,1990,-58884.0
Chad,,1989,4924.0
Chad,,1988,16085.0
Chad,,1987,23220.0
Chad,,1986,42093.0
Chad,,1985,-30686.0
Chad,,1984,-164489.0
Chad,,1983,247.0
Chad,,1982,217242.0
Chad,,1981,-13232.0
Chad,,1980,-210126.0
Chad,,1979,-9974.0
Chad,,1978,-34856.0
Chad,,1977,-34318.0
Chad,,1976,-29755.0
Chad,,1975,-22768.0
Chad,,1974,-15686.0
Chad,,1973,-10737.0
Chad,,1972,-9526.0
Chad,,1971,-9153.0
Chad,,1970,-8931.0
Chad,,1969,-8714.0
Chad,,1968,-8396.0
Chad,,1967,-7771.0
Chad,,1966,-6283.0
Chad,,1965,-4384.0
Chad,,1964,-2518.0
Chad,,1963,-1228.0
Chad,,1962,-890.0
Chad,,1961,-760.0
Chad,,1960,-672.0
Chile,,2025,51712.0
Chile,,2024,58316.0
Chile,,2023,62679.0
Chile,,2022,59374.0
Chile,,2021,65480.0
Chile,,2020,26042.0
Chile,,2019,181339.0
Chile,,2018,237807.0
Chile,,2017,220621.0
Chile,,2016,135864.0
Chile,,2015,55689.0
Chile,,2014,52702.0
Chile,,2013,36529.0
Chile,,2012,30870.0
Chile,,2011,28086.0
Chile,,2010,26048.0
Chile,,2009,24324.0
Chile,,2008,22488.0
Chile,,2007,20170.0
Chile,,2006,17285.0
Chile,,2005,14289.0
Chile,,2004,11495.0
Chile,,2003,9225.0
Chile,,2002,7824.0
Chile,,2001,6346.0
Chile,,2000,7067.0
Chile,,1999,8226.0
Chile,,1998,10984.0
Chile,,1997,3504.0
Chile,,1996,2942.0
Chile,,1995,2454.0
Chile,,1994,1930.0
Chile,,1993,1164.0
Chile,,1992,0.0
Chile,,1991,-2207.0
Chile,,1990,-1274.0
Chile,,1989,-6186.0
Chile,,1988,-9131.0
Chile,,1987,-11958.0
Chile,,1986,-17148.0
Chile,,1985,-18047.0
Chile,,1984,-21188.0
Chile,,1983,-23386.0
Chile,,1982,-26646.0
Chile,,1981,-28096.0
Chile,,1980,-28060.0
Chile,,1979,-29873.0
Chile,,1978,-29644.0
Chile,,1977,-29651.0
Chile,,1976,-29967.0
Chile,,1975,-30524.0
Chile,,1974,-31211.0
Chile,,1973,-31878.0
Chile,,1972,-32584.0
Chile,,1971,-34147.0
Chile,,1970,-36079.0
Chile,,1969,-36976.0
Chile,,1968,-38224.0
Chile,,1967,-38159.0
Chile,,1966,-36446.0
Chile,,1965,-33988.0
Chile,,1964,-31261.0
Chile,,1963,-29082.0
Chile,,1962,-28023.0
Chile,,1961,-27159.0
Chile,,1960,-27184.0
China,,2025,-268126.0
China,,2024,-318992.0
China,,2023,-567724.0
China,,2022,-293846.0
China,,2021,-379749.0
China,,2020,-91577.0
China,,2019,-656091.0
China,,2018,-198206.0
China,,2017,-94625.0
China,,2016,-153056.0
China,,2015,-646941.0
China,,2014,-371108.0
China,,2013,-188951.0
China,,2012,-58864.0
China,,2011,-416189.0
China,,2010,-184144.0
China,,2009,-177135.0
China,,2008,-764370.0
China,,2007,-1042019.0
China,,2006,-759559.0
China,,2005,-103701.0
China,,2004,-770977.0
China,,2003,-613223.0
China,,2002,-761291.0
China,,2001,-176419.0
China,,2000,-62622.0
China,,1999,-96102.0
China,,1998,-40472.0
China,,1997,-279251.0
China,,1996,-250750.0
China,,1995,-365986.0
China,,1994,-723641.0
China,,1993,-373316.0
China,,1992,-142985.0
China,,1991,-544650.0
China,,1990,-11187.0
China,,1989,-313476.0
China,,1988,-282194.0
China,,1987,-169170.0
China,,1986,-79190.0
China,,1985,-60929.0
China,,1984,-51961.0
China,,1983,-43756.0
China,,1982,-36181.0
China,,1981,-28016.0
China,,1980,-20129.0
China,,1979,-13704.0
China,,1978,-9916.0
China,,1977,-15323.0
China,,1976,-55109.0
China,,1975,-115173.0
China,,1974,-175239.0
China,,1973,-214997.0
China,,1972,-215650.0
China,,1971,-180153.0
China,,1970,-126510.0
China,,1969,-72836.0
China,,1968,-37290.0
China,,1967,1246654.0
China,,1966,4165.0
China,,1965,-130900.0
China,,1964,-1250441.0
China,,1963,-31383.0
China,,1962,-31305.0
China,,1961,-25578.0
China,,1960,-16927.0
Colombia,,2025,129139.0
Colombia,,2024,141643.0
Colombia,,2023,154521.0
Colombia,,2022,183180.0
Colombia,,2021,199070.0
Colombia,,2020,227130.0
Colombia,,2019,396826.0
Colombia,,2018,495524.0
Colombia,,2017,431072.0
Colombia,,2016,104373.0
Colombia,,2015,-41123.0
Colombia,,2014,-67522.0
Colombia,,2013,-64789.0
Colombia,,2012,-56070.0
Colombia,,2011,-46385.0
Colombia,,2010,-34220.0
Colombia,,2009,-46901.0
Colombia,,2008,-63313.0
Colombia,,2007,-49634.0
Colombia,,2006,-39303.0
Colombia,,2005,-41465.0
Colombia,,2004,-25949.0
Colombia,,2003,-33114.0
Colombia,,2002,-24387.0
Colombia,,2001,-28582.0
Colombia,,2000,-27878.0
Colombia,,1999,-22698.0
Colombia,,1998,-8186.0
Colombia,,1997,-23600.0
Colombia,,1996,-28251.0
Colombia,,1995,-33097.0
Colombia,,1994,-16023.0
Colombia,,1993,-30103.0
Colombia,,1992,-15147.0
Colombia,,1991,-48458.0
Colombia,,1990,-7590.0
Colombia,,1989,-21329.0
Colombia,,1988,-25064.0
Colombia,,1987,-36040.0
Colombia,,1986,-42368.0
Colombia,,1985,-21408.0
Colombia,,1984,-18692.0
Colombia,,1983,-13329.0
Colombia,,1982,-37090.0
Colombia,,1981,-50351.0
Colombia,,1980,-44203.0
Colombia,,1979,-63657.0
Colombia,,1978,-67870.0
Colombia,,1977,-67638.0
Colombia,,1976,-98057.0
Colombia,,1975,-84462.0
Colombia,,1974,-80816.0
Colombia,,1973,-75630.0
Colombia,,1972,-77708.0
Colombia,,1971,-84712.0
Colombia,,1970,-66065.0
Colombia,,1969,-64238.0
Colombia,,1968,-61442.0
Colombia,,1967,-57256.0
Colombia,,1966,-59395.0
Colombia,,1965,-51855.0
Colombia,,1964,-53972.0
Colombia,,1963,-52631.0
Colombia,,1962,-50108.0
Colombia,,1961,-47849.0
Colombia,,1960,-49115.0
Comoros,,2025,-2127.0
Comoros,,2024,-2051.0
Comoros,,2023,-2002.0
Comoros,,2022,-2002.0
Comoros,,2021,-1766.0
Comoros,,2020,-1766.0
Comoros,,2019,-2916.0
Comoros,,2018,-2917.0
Comoros,,2017,-2920.0
Comoros,,2016,-2938.0
Comoros,,2015,-2815.0
Comoros,,2014,-2667.0
Comoros,,2013,-2365.0
Comoros,,2012,-3835.0
Comoros,,2011,-3897.0
Comoros,,2010,-3832.0
Comoros,,2009,-3553.0
Comoros,,2008,-3294.0
Comoros,,2007,-3147.0
Comoros,,2006,-3020.0
Comoros,,2005,-2760.0
Comoros,,2004,-2455.0
Comoros,,2003,-4112.0
Comoros,,2002,-1925.0
Comoros,,2001,-2029.0
Comoros,,2000,-2557.0
Comoros,,1999,-3490.0
Comoros,,1998,-4194.0
Comoros,,1997,-4508.0
Comoros,,1996,-4805.0
Comoros,,1995,-4951.0
Comoros,,1994,-5024.0
Comoros,,1993,-5196.0
Comoros,,1992,-5198.0
Comoros,,1991,-3323.0
Comoros,,1990,-2141.0
Comoros,,1989,-1860.0
Comoros,,1988,-1832.0
Comoros,,1987,-1687.0
Comoros,,1986,-1502.0
Comoros,,1985,-1339.0
Comoros,,1984,-1259.0
Comoros,,1983,-1122.0
Comoros,,1982,-1065.0
Comoros,,1981,-999.0
Comoros,,1980,-344.0
Comoros,,1979,468.0
Comoros,,1978,909.0
Comoros,,1977,1377.0
Comoros,,1976,1585.0
Comoros,,1975,1986.0
Comoros,,1974,1840.0
Comoros,,1973,1684.0
Comoros,,1972,1461.0
Comoros,,1971,1216.0
Comoros,,1970,966.0
Comoros,,1969,769.0
Comoros,,1968,592.0
Comoros,,1967,465.0
Comoros,,1966,-1408.0
Comoros,,1965,-2261.0
Comoros,,1964,-1924.0
Comoros,,1963,-1764.0
Comoros,,1962,-1667.0
Comoros,,1961,-1518.0
Comoros,,1960,-1406.0
Democratic Republic of the Congo,,2025,-27309.0
Democratic Republic of the Congo,,2024,-26968.0
Democratic Republic of the Congo,,2023,-14992.0
Democratic Republic of the Congo,,2022,-14991.0
Democratic Republic of the Congo,,2021,-64639.0
Democratic Republic of the Congo,,2020,-1633.0
Democratic Republic of the Congo,,2019,-144920.0
Democratic Republic of the Congo,,2018,-124246.0
Democratic Republic of the Congo,,2017,176290.0
Democratic Republic of the Congo,,2016,440748.0
Democratic Republic of the Congo,,2015,-17711.0
Democratic Republic of the Congo,,2014,36966.0
Democratic Republic of the Congo,,2013,121097.0
Democratic Republic of the Congo,,2012,53668.0
Democratic Republic of the Congo,,2011,40891.0
Democratic Republic of the Congo,,2010,8823.0
Democratic Republic of the Congo,,2009,-46009.0
Democratic Republic of the Congo,,2008,-82339.0
Democratic Republic of the Congo,,2007,-99742.0
Democratic Republic of the Congo,,2006,-29715.0
Democratic Republic of the Congo,,2005,20384.0
Democratic Republic of the Congo,,2004,4260.0
Democratic Republic of the Congo,,2003,-106731.0
Democratic Republic of the Congo,,2002,-17358.0
Democratic Republic of the Congo,,2001,26523.0
Democratic Republic of the Congo,,2000,79340.0
Democratic Republic of the Congo,,1999,109761.0
Democratic Republic of the Congo,,1998,295560.0
Democratic Republic of the Congo,,1997,-527356.0
Democratic Republic of the Congo,,1996,-777833.0
Democratic Republic of the Congo,,1995,-273434.0
Democratic Republic of the Congo,,1994,1232105.0
Democratic Republic of the Congo,,1993,240176.0
Democratic Republic of the Congo,,1992,252666.0
Democratic Republic of the Congo,,1991,86721.0
Democratic Republic of the Congo,,1990,219270.0
Democratic Republic of the Congo,,1989,84415.0
Democratic Republic of the Congo,,1988,101314.0
Democratic Republic of the Congo,,1987,111220.0
Democratic Republic of the Congo,,1986,70988.0
Democratic Republic of the Congo,,1985,118791.0
Democratic Republic of the Congo,,1984,190045.0
Democratic Republic of the Congo,,1983,146095.0
Democratic Republic of the Congo,,1982,97495.0
Democratic Republic of the Congo,,1981,54656.0
Democratic Republic of the Congo,,1980,51685.0
Democratic Republic of the Congo,,1979,181028.0
Democratic Republic of the Congo,,1978,268974.0
Democratic Republic of the Congo,,1977,-26355.0
Democratic Republic of the Congo,,1976,-25965.0
Democratic Republic of the Congo,,1975,-972.0
Democratic Republic of the Congo,,1974,3216.0
Democratic Republic of the Congo,,1973,7414.0
Democratic Republic of the Congo,,1972,2840.0
Democratic Republic of the Congo,,1971,-5497.0
Democratic Republic of the Congo,,1970,39116.0
Democratic Republic of the Congo,,1969,46778.0
Democratic Republic of the Congo,,1968,57274.0
Democratic Republic of the Congo,,1967,64307.0
Democratic Republic of the Congo,,1966,54443.0
Democratic Republic of the Congo,,1965,61397.0
Democratic Republic of the Congo,,1964,48207.0
Democratic Republic of the Congo,,1963,41960.0
Democratic Republic of the Congo,,1962,39431.0
Democratic Republic of the Congo,,1961,35654.0
Democratic Republic of the Congo,,1960,27673.0
Republic of the Congo,,2025,-2999.0
Republic of the Congo,,2024,-2491.0
Republic of the Congo,,2023,-995.0
Republic of the Congo,,2022,-995.0
Republic of the Congo,,2021,-4476.0
Republic of the Congo,,2020,-4472.0
Republic of the Congo,,2019,-6268.0
Republic of the Congo,,2018,-8856.0
Republic of the Congo,,2017,-11601.0
Republic of the Congo,,2016,-14783.0
Republic of the Congo,,2015,-18207.0
Republic of the Congo,,2014,-21598.0
Republic of the Congo,,2013,-24605.0
Republic of the Congo,,2012,-26643.0
Republic of the Congo,,2011,5262.0
Republic of the Congo,,2010,12318.0
Republic of the Congo,,2009,86014.0
Republic of the Congo,,2008,1774.0
Republic of the Congo,,2007,31239.0
Republic of the Congo,,2006,35475.0
Republic of the Congo,,2005,38337.0
Republic of the Congo,,2004,25412.0
Republic of the Congo,,2003,26280.0
Republic of the Congo,,2002,-16140.0
Republic of the Congo,,2001,-764.0
Republic of the Congo,,2000,79780.0
Republic of the Congo,,1999,2470.0
Republic of the Congo,,1998,10500.0
Republic of the Congo,,1997,-20704.0
Republic of the Congo,,1996,1085.0
Republic of the Congo,,1995,3747.0
Republic of the Congo,,1994,1850.0
Republic of the Congo,,1993,10218.0
Republic of the Congo,,1992,0.0
Republic of the Congo,,1991,1966.0
Republic of the Congo,,1990,-395.0
Republic of the Congo,,1989,1214.0
Republic of the Congo,,1988,22.0
Republic of the Congo,,1987,525.0
Republic of the Congo,,1986,367.0
Republic of the Congo,,1985,182.0
Republic of the Congo,,1984,0.0
Republic of the Congo,,1983,-18720.0
Republic of the Congo,,1982,-16664.0
Republic of the Congo,,1981,-15630.0
Republic of the Congo,,1980,-14972.0
Republic of the Congo,,1979,-14378.0
Republic of the Congo,,1978,-13356.0
Republic of the Congo,,1977,-12673.0
Republic of the Congo,,1976,-11971.0
Republic of the Congo,,1975,-10944.0
Republic of the Congo,,1974,-312.0
Republic of the Congo,,1973,-22.0
Republic of the Congo,,1972,0.0
Republic of the Congo,,1971,0.0
Republic of the Congo,,1970,0.0
Republic of the Congo,,1969,0.0
Republic of the Congo,,1968,0.0
Republic of the Congo,,1967,0.0
Republic of the Congo,,1966,0.0
Republic of the Congo,,1965,0.0
Republic of the Congo,,1964,0.0
Republic of the Congo,,1963,0.0
Republic of the Congo,,1962,0.0
Republic of the Congo,,1961,0.0
Republic of the Congo,,1960,0.0
Costa Rica,,2025,1000.0
Costa Rica,,2024,967.0
Costa Rica,,2023,995.0
Costa Rica,,2022,1006.0
Costa Rica,,2021,1018.0
Costa Rica,,2020,1029.0
Costa Rica,,2019,1653.0
Costa Rica,,2018,1673.0
Costa Rica,,2017,1671.0
Costa Rica,,2016,1649.0
Costa Rica,,2015,1617.0
Costa Rica,,2014,1589.0
Costa Rica,,2013,1579.0
Costa Rica,,2012,1587.0
Costa Rica,,2011,1695.0
Costa Rica,,2010,2357.0
Costa Rica,,2009,3432.0
Costa Rica,,2008,3794.0
Costa Rica,,2007,4080.0
Costa Rica,,2006,4321.0
Costa Rica,,2005,4567.0
Costa Rica,,2004,4856.0
Costa Rica,,2003,5216.0
Costa Rica,,2002,5812.0
Costa Rica,,2001,7119.0
Costa Rica,,2000,8826.0
Costa Rica,,1999,13253.0
Costa Rica,,1998,15556.0
Costa Rica,,1997,16954.0
Costa Rica,,1996,17393.0
Costa Rica,,1995,16609.0
Costa Rica,,1994,15587.0
Costa Rica,,1993,14431.0
Costa Rica,,1992,13069.0
Costa Rica,,1991,10757.0
Costa Rica,,1990,7949.0
Costa Rica,,1989,3758.0
Costa Rica,,1988,2414.0
Costa Rica,,1987,2267.0
Costa Rica,,1986,2302.0
Costa Rica,,1985,2357.0
Costa Rica,,1984,2402.0
Costa Rica,,1983,2449.0
Costa Rica,,1982,2453.0
Costa Rica,,1981,2431.0
Costa Rica,,1980,2387.0
Costa Rica,,1979,2349.0
Costa Rica,,1978,2296.0
Costa Rica,,1977,2228.0
Costa Rica,,1976,2129.0
Costa Rica,,1975,1992.0
Costa Rica,,1974,1839.0
Costa Rica,,1973,1468.0
Costa Rica,,1972,1366.0
Costa Rica,,1971,1296.0
Costa Rica,,1970,1137.0
Costa Rica,,1969,1017.0
Costa Rica,,1968,939.0
Costa Rica,,1967,926.0
Costa Rica,,1966,930.0
Costa Rica,,1965,932.0
Costa Rica,,1964,934.0
Costa Rica,,1963,938.0
Costa Rica,,1962,934.0
Costa Rica,,1961,924.0
Costa Rica,,1960,910.0
Ivory Coast,,2025,11305.0
Ivory Coast,,2024,7838.0
Ivory Coast,,2023,6002.0
Ivory Coast,,2022,26777.0
Ivory Coast,,2021,1322.0
Ivory Coast,,2020,-12390.0
Ivory Coast,,2019,2043.0
Ivory Coast,,2018,5395.0
Ivory Coast,,2017,-796.0
Ivory Coast,,2016,18568.0
Ivory Coast,,2015,522.0
Ivory Coast,,2014,-23011.0
Ivory Coast,,2013,-250964.0
Ivory Coast,,2012,-232712.0
Ivory Coast,,2011,-200010.0
Ivory Coast,,2010,-182689.0
Ivory Coast,,2009,-168027.0
Ivory Coast,,2008,-150037.0
Ivory Coast,,2007,-130079.0
Ivory Coast,,2006,-124651.0
Ivory Coast,,2005,-117342.0
Ivory Coast,,2004,-108869.0
Ivory Coast,,2003,-99880.0
Ivory Coast,,2002,-90503.0
Ivory Coast,,2001,-76679.0
Ivory Coast,,2000,-63843.0
Ivory Coast,,1999,-42777.0
Ivory Coast,,1998,109961.0
Ivory Coast,,1997,124443.0
Ivory Coast,,1996,125556.0
Ivory Coast,,1995,124501.0
Ivory Coast,,1994,120247.0
Ivory Coast,,1993,113215.0
Ivory Coast,,1992,104006.0
Ivory Coast,,1991,92228.0
Ivory Coast,,1990,79979.0
Ivory Coast,,1989,67324.0
Ivory Coast,,1988,53187.0
Ivory Coast,,1987,45028.0
Ivory Coast,,1986,48233.0
Ivory Coast,,1985,50872.0
Ivory Coast,,1984,52594.0
Ivory Coast,,1983,53646.0
Ivory Coast,,1982,53384.0
Ivory Coast,,1981,51354.0
Ivory Coast,,1980,47031.0
Ivory Coast,,1979,40355.0
Ivory Coast,,1978,31822.0
Ivory Coast,,1977,22452.0
Ivory Coast,,1976,12735.0
Ivory Coast,,1975,79766.0
Ivory Coast,,1974,79445.0
Ivory Coast,,1973,78963.0
Ivory Coast,,1972,77213.0
Ivory Coast,,1971,69728.0
Ivory Coast,,1970,58883.0
Ivory Coast,,1969,48192.0
Ivory Coast,,1968,41198.0
Ivory Coast,,1967,40125.0
Ivory Coast,,1966,40125.0
Ivory Coast,,1965,40125.0
Ivory Coast,,1964,40125.0
Ivory Coast,,1963,40125.0
Ivory Coast,,1962,39670.0
Ivory Coast,,1961,36410.0
Ivory Coast,,1960,31307.0
Croatia,,2025,-3481.0
Croatia,,2024,-5186.0
Croatia,,2023,10202.0
Croatia,,2022,11681.0
Croatia,,2021,-4517.0
Croatia,,2020,-8552.0
Croatia,,2019,-13239.0
Croatia,,2018,-25016.0
Croatia,,2017,-44557.0
Croatia,,2016,-32144.0
Croatia,,2015,-27501.0
Croatia,,2014,-13127.0
Croatia,,2013,-6245.0
Croatia,,2012,-4794.0
Croatia,,2011,-17463.0
Croatia,,2010,-3995.0
Croatia,,2009,1358.0
Croatia,,2008,6495.0
Croatia,,2007,8893.0
Croatia,,2006,10852.0
Croatia,,2005,10629.0
Croatia,,2004,15445.0
Croatia,,2003,12556.0
Croatia,,2002,10306.0
Croatia,,2001,19298.0
Croatia,,2000,-47629.0
Croatia,,1999,-47418.0
Croatia,,1998,-47931.0
Croatia,,1997,-52897.0
Croatia,,1996,-53688.0
Croatia,,1995,-51882.0
Croatia,,1994,-50444.0
Croatia,,1993,-49615.0
Croatia,,1992,-47865.0
Croatia,,1991,-31968.0
Croatia,,1990,9538.0
Croatia,,1989,8471.0
Croatia,,1988,7242.0
Croatia,,1987,6956.0
Croatia,,1986,6261.0
Croatia,,1985,5550.0
Croatia,,1984,5757.0
Croatia,,1983,6323.0
Croatia,,1982,7475.0
Croatia,,1981,4872.0
Croatia,,1980,-5486.0
Croatia,,1979,-5740.0
Croatia,,1978,-7329.0
Croatia,,1977,-7339.0
Croatia,,1976,-7400.0
Croatia,,1975,-7366.0
Croatia,,1974,-8076.0
Croatia,,1973,-8335.0
Croatia,,1972,-7277.0
Croatia,,1971,-5608.0
Croatia,,1970,-2359.0
Croatia,,1969,-2796.0
Croatia,,1968,-2799.0
Croatia,,1967,-3518.0
Croatia,,1966,-6341.0
Croatia,,1965,-5253.0
Croatia,,1964,-2090.0
Croatia,,1963,-1289.0
Croatia,,1962,-2176.0
Croatia,,1961,-6567.0
Croatia,,1960,-21768.0
Cuba,,2025,-22244.0
Cuba,,2024,-22356.0
Cuba,,2023,-22797.0
Cuba,,2022,-23149.0
Cuba,,2021,-11976.0
Cuba,,2020,-11976.0
Cuba,,2019,-23955.0
Cuba,,2018,-23779.0
Cuba,,2017,-23394.0
Cuba,,2016,-24146.0
Cuba,,2015,-24910.0
Cuba,,2014,-39426.0
Cuba,,2013,-37619.0
Cuba,,2012,-36101.0
Cuba,,2011,-35313.0
Cuba,,2010,-34121.0
Cuba,,2009,-35063.0
Cuba,,2008,-29427.0
Cuba,,2007,-19050.0
Cuba,,2006,-12619.0
Cuba,,2005,-16561.0
Cuba,,2004,-16776.0
Cuba,,2003,-24916.0
Cuba,,2002,-25535.0
Cuba,,2001,-23442.0
Cuba,,2000,-24980.0
Cuba,,1999,-31456.0
Cuba,,1998,-33863.0
Cuba,,1997,-35712.0
Cuba,,1996,-26105.0
Cuba,,1995,-29235.0
Cuba,,1994,-27501.0
Cuba,,1993,-24358.0
Cuba,,1992,-21867.0
Cuba,,1991,-20665.0
Cuba,,1990,-15438.0
Cuba,,1989,-14705.0
Cuba,,1988,-15474.0
Cuba,,1987,-16290.0
Cuba,,1986,-17146.0
Cuba,,1985,-18048.0
Cuba,,1984,-18994.0
Cuba,,1983,-19994.0
Cuba,,1982,-21055.0
Cuba,,1981,-22159.0
Cuba,,1980,-37114.0
Cuba,,1979,-35473.0
Cuba,,1978,-29839.0
Cuba,,1977,-36811.0
Cuba,,1976,-41042.0
Cuba,,1975,-46268.0
Cuba,,1974,-52697.0
Cuba,,1973,-52073.0
Cuba,,1972,-50031.0
Cuba,,1971,-43056.0
Cuba,,1970,-44466.0
Cuba,,1969,-47446.0
Cuba,,1968,-49387.0
Cuba,,1967,-49556.0
Cuba,,1966,-48509.0
Cuba,,1965,-46683.0
Cuba,,1964,-44406.0
Cuba,,1963,-41979.0
Cuba,,1962,-39116.0
Cuba,,1961,-33163.0
Cuba,,1960,-25396.0
Cyprus,,2025,7749.0
Cyprus,,2024,8138.0
Cyprus,,2023,8697.0
Cyprus,,2022,9014.0
Cyprus,,2021,9341.0
Cyprus,,2020,9653.0
Cyprus,,2019,9983.0
Cyprus,,2018,10311.0
Cyprus,,2017,10632.0
Cyprus,,2016,10951.0
Cyprus,,2015,11277.0
Cyprus,,2014,11599.0
Cyprus,,2013,11914.0
Cyprus,,2012,12237.0
Cyprus,,2011,12566.0
Cyprus,,2010,11793.0
Cyprus,,2009,11555.0
Cyprus,,2008,11887.0
Cyprus,,2007,12332.0
Cyprus,,2006,12110.0
Cyprus,,2005,12616.0
Cyprus,,2004,12583.0
Cyprus,,2003,12786.0
Cyprus,,2002,12814.0
Cyprus,,2001,11283.0
Cyprus,,2000,10753.0
Cyprus,,1999,11023.0
Cyprus,,1998,10942.0
Cyprus,,1997,10696.0
Cyprus,,1996,10506.0
Cyprus,,1995,10549.0
Cyprus,,1994,10305.0
Cyprus,,1993,10520.0
Cyprus,,1992,2562.0
Cyprus,,1991,1294.0
Cyprus,,1990,1371.0
Cyprus,,1989,1903.0
Cyprus,,1988,1727.0
Cyprus,,1987,2465.0
Cyprus,,1986,2362.0
Cyprus,,1985,2647.0
Cyprus,,1984,2485.0
Cyprus,,1983,2899.0
Cyprus,,1982,-46.0
Cyprus,,1981,-1171.0
Cyprus,,1980,-2284.0
Cyprus,,1979,-1232.0
Cyprus,,1978,-735.0
Cyprus,,1977,-521.0
Cyprus,,1976,-1496.0
Cyprus,,1975,-4820.0
Cyprus,,1974,-8220.0
Cyprus,,1973,-2877.0
Cyprus,,1972,-1037.0
Cyprus,,1971,-1586.0
Cyprus,,1970,-2001.0
Cyprus,,1969,-2744.0
Cyprus,,1968,-3207.0
Cyprus,,1967,-3451.0
Cyprus,,1966,-3623.0
Cyprus,,1965,-4184.0
Cyprus,,1964,-3347.0
Cyprus,,1963,-3005.0
Cyprus,,1962,-3441.0
Cyprus,,1961,-3695.0
Cyprus,,1960,3766.0
Czechia,,2025,-112188.0
Czechia,,2024,-86169.0
Czechia,,2023,-14638.0
Czechia,,2022,329739.0
Czechia,,2021,4111.0
Czechia,,2020,4336.0
Czechia,,2019,5553.0
Czechia,,2018,5849.0
Czechia,,2017,5747.0
Czechia,,2016,5465.0
Czechia,,2015,5037.0
Czechia,,2014,6303.0
Czechia,,2013,5427.0
Czechia,,2012,5347.0
Czechia,,2011,16841.0
Czechia,,2010,34927.0
Czechia,,2009,31270.0
Czechia,,2008,29813.0
Czechia,,2007,27887.0
Czechia,,2006,26259.0
Czechia,,2005,26203.0
Czechia,,2004,26030.0
Czechia,,2003,25997.0
Czechia,,2002,26089.0
Czechia,,2001,21749.0
Czechia,,2000,4420.0
Czechia,,1999,5965.0
Czechia,,1998,6374.0
Czechia,,1997,6664.0
Czechia,,1996,6539.0
Czechia,,1995,6459.0
Czechia,,1994,6401.0
Czechia,,1993,7197.0
Czechia,,1992,6718.0
Czechia,,1991,5568.0
Czechia,,1990,-3529.0
Czechia,,1989,-2175.0
Czechia,,1988,-1359.0
Czechia,,1987,-1514.0
Czechia,,1986,-771.0
Czechia,,1985,-1173.0
Czechia,,1984,-1481.0
Czechia,,1983,-1971.0
Czechia,,1982,-1018.0
Czechia,,1981,-372.0
Czechia,,1980,1738.0
Czechia,,1979,-13.0
Czechia,,1978,-795.0
Czechia,,1977,-1968.0
Czechia,,1976,-2727.0
Czechia,,1975,-3057.0
Czechia,,1974,-2919.0
Czechia,,1973,-2625.0
Czechia,,1972,-2755.0
Czechia,,1971,-2598.0
Czechia,,1970,-9353.0
Czechia,,1969,-8133.0
Czechia,,1968,-8111.0
Czechia,,1967,-8137.0
Czechia,,1966,-8675.0
Czechia,,1965,-7545.0
Czechia,,1964,-6122.0
Czechia,,1963,-5753.0
Czechia,,1962,-6886.0
Czechia,,1961,-5712.0
Czechia,,1960,2748.0
Denmark,,2025,22103.0
Denmark,,2024,25639.0
Denmark,,2023,31006.0
Denmark,,2022,60219.0
Denmark,,2021,26887.0
Denmark,,2020,10851.0
Denmark,,2019,9488.0
Denmark,,2018,18919.0
Denmark,,2017,24561.0
Denmark,,2016,33391.0
Denmark,,2015,42284.0
Denmark,,2014,27242.0
Denmark,,2013,21359.0
Denmark,,2012,16871.0
Denmark,,2011,13495.0
Denmark,,2010,17533.0
Denmark,,2009,15551.0
Denmark,,2008,25775.0
Denmark,,2007,20560.0
Denmark,,2006,10491.0
Denmark,,2005,6887.0
Denmark,,2004,5166.0
Denmark,,2003,7228.0
Denmark,,2002,9629.0
Denmark,,2001,12192.0
Denmark,,2000,10441.0
Denmark,,1999,9520.0
Denmark,,1998,11098.0
Denmark,,1997,12269.0
Denmark,,1996,17534.0
Denmark,,1995,28958.0
Denmark,,1994,10766.0
Denmark,,1993,11411.0
Denmark,,1992,11937.0
Denmark,,1991,10827.0
Denmark,,1990,8667.0
Denmark,,1989,3720.0
Denmark,,1988,677.0
Denmark,,1987,6338.0
Denmark,,1986,11463.0
Denmark,,1985,9957.0
Denmark,,1984,4325.0
Denmark,,1983,1952.0
Denmark,,1982,235.0
Denmark,,1981,-1741.0
Denmark,,1980,803.0
Denmark,,1979,5808.0
Denmark,,1978,5678.0
Denmark,,1977,5548.0
Denmark,,1976,3182.0
Denmark,,1975,-10672.0
Denmark,,1974,-437.0
Denmark,,1973,7107.0
Denmark,,1972,7053.0
Denmark,,1971,-1159.0
Denmark,,1970,20947.0
Denmark,,1969,6687.0
Denmark,,1968,-3557.0
Denmark,,1967,1623.0
Denmark,,1966,2011.0
Denmark,,1965,-2098.0
Denmark,,1964,1333.0
Denmark,,1963,594.0
Denmark,,1962,3900.0
Denmark,,1961,3012.0
Denmark,,1960,-4047.0
Djibouti,,2025,-581.0
Djibouti,,2024,-11.0
Djibouti,,2023,500.0
Djibouti,,2022,500.0
Djibouti,,2021,1300.0
Djibouti,,2020,1300.0
Djibouti,,2019,1322.0
Djibouti,,2018,1435.0
Djibouti,,2017,1535.0
Djibouti,,2016,1623.0
Djibouti,,2015,1723.0
Djibouti,,2014,1900.0
Djibouti,,2013,2033.0
Djibouti,,2012,2104.0
Djibouti,,2011,2090.0
Djibouti,,2010,2129.0
Djibouti,,2009,2770.0
Djibouti,,2008,2148.0
Djibouti,,2007,1253.0
Djibouti,,2006,2719.0
Djibouti,,2005,-3779.0
Djibouti,,2004,-5249.0
Djibouti,,2003,-5636.0
Djibouti,,2002,5022.0
Djibouti,,2001,7629.0
Djibouti,,2000,5632.0
Djibouti,,1999,7046.0
Djibouti,,1998,10352.0
Djibouti,,1997,13625.0
Djibouti,,1996,2652.0
Djibouti,,1995,-3163.0
Djibouti,,1994,-15756.0
Djibouti,,1993,8896.0
Djibouti,,1992,-65203.0
Djibouti,,1991,21510.0
Djibouti,,1990,49970.0
Djibouti,,1989,33465.0
Djibouti,,1988,17242.0
Djibouti,,1987,17545.0
Djibouti,,1986,14543.0
Djibouti,,1985,9997.0
Djibouti,,1984,5452.0
Djibouti,,1983,2441.0
Djibouti,,1982,2450.0
Djibouti,,1981,5502.0
Djibouti,,1980,10121.0
Djibouti,,1979,14726.0
Djibouti,,1978,17788.0
Djibouti,,1977,17961.0
Djibouti,,1976,16028.0
Djibouti,,1975,13029.0
Djibouti,,1974,9910.0
Djibouti,,1973,7583.0
Djibouti,,1972,6690.0
Djibouti,,1971,6184.0
Djibouti,,1970,5004.0
Djibouti,,1969,4995.0
Djibouti,,1968,3001.0
Djibouti,,1967,3001.0
Djibouti,,1966,3014.0
Djibouti,,1965,3023.0
Djibouti,,1964,2846.0
Djibouti,,1963,2257.0
Djibouti,,1962,1695.0
Djibouti,,1961,1136.0
Djibouti,,1960,886.0
Dominica,,2025,-242.0
Dominica,,2024,-200.0
Dominica,,2023,-199.0
Dominica,,2022,-202.0
Dominica,,2021,-224.0
Dominica,,2020,-225.0
Dominica,,2019,-228.0
Dominica,,2018,-231.0
Dominica,,2017,-234.0
Dominica,,2016,-2032.0
Dominica,,2015,92.0
Dominica,,2014,-431.0
Dominica,,2013,1376.0
Dominica,,2012,-461.0
Dominica,,2011,307.0
Dominica,,2010,-206.0
Dominica,,2009,-198.0
Dominica,,2008,-264.0
Dominica,,2007,-297.0
Dominica,,2006,-316.0
Dominica,,2005,-259.0
Dominica,,2004,-254.0
Dominica,,2003,-252.0
Dominica,,2002,-248.0
Dominica,,2001,-585.0
Dominica,,2000,-973.0
Dominica,,1999,-947.0
Dominica,,1998,-805.0
Dominica,,1997,-803.0
Dominica,,1996,-838.0
Dominica,,1995,-885.0
Dominica,,1994,-984.0
Dominica,,1993,-1061.0
Dominica,,1992,-969.0
Dominica,,1991,-1183.0
Dominica,,1990,-1722.0
Dominica,,1989,-1651.0
Dominica,,1988,-1653.0
Dominica,,1987,-1661.0
Dominica,,1986,-1642.0
Dominica,,1985,-1617.0
Dominica,,1984,-1614.0
Dominica,,1983,-1615.0
Dominica,,1982,-1588.0
Dominica,,1981,-1420.0
Dominica,,1980,-1035.0
Dominica,,1979,-802.0
Dominica,,1978,-705.0
Dominica,,1977,-634.0
Dominica,,1976,-627.0
Dominica,,1975,-678.0
Dominica,,1974,-770.0
Dominica,,1973,-882.0
Dominica,,1972,-971.0
Dominica,,1971,-1022.0
Dominica,,1970,-847.0
Dominica,,1969,-406.0
Dominica,,1968,-488.0
Dominica,,1967,-605.0
Dominica,,1966,-715.0
Dominica,,1965,-816.0
Dominica,,1964,-911.0
Dominica,,1963,-978.0
Dominica,,1962,-1028.0
Dominica,,1961,-1044.0
Dominica,,1960,-759.0
Dominican Republic,,2025,-35306.0
Dominican Republic,,2024,-34806.0
Dominican Republic,,2023,-34915.0
Dominican Republic,,2022,-35153.0
Dominican Republic,,2021,-17957.0
Dominican Republic,,2020,-17957.0
Dominican Republic,,2019,-35797.0
Dominican Republic,,2018,-35934.0
Dominican Republic,,2017,-36069.0
Dominican Republic,,2016,-36219.0
Dominican Republic,,2015,-36375.0
Dominican Republic,,2014,-36543.0
Dominican Republic,,2013,-36673.0
Dominican Republic,,2012,-36737.0
Dominican Republic,,2011,-36687.0
Dominican Republic,,2010,-36587.0
Dominican Republic,,2009,-36561.0
Dominican Republic,,2008,-36723.0
Dominican Republic,,2007,-37076.0
Dominican Republic,,2006,-37170.0
Dominican Republic,,2005,-37063.0
Dominican Republic,,2004,-36851.0
Dominican Republic,,2003,-36657.0
Dominican Republic,,2002,-36575.0
Dominican Republic,,2001,-36441.0
Dominican Republic,,2000,-33256.0
Dominican Republic,,1999,-30228.0
Dominican Republic,,1998,-30108.0
Dominican Republic,,1997,-30034.0
Dominican Republic,,1996,-30018.0
Dominican Republic,,1995,-29873.0
Dominican Republic,,1994,-29610.0
Dominican Republic,,1993,-30719.0
Dominican Republic,,1992,-30262.0
Dominican Republic,,1991,-29351.0
Dominican Republic,,1990,-27397.0
Dominican Republic,,1989,-26984.0
Dominican Republic,,1988,-26552.0
Dominican Republic,,1987,-25850.0
Dominican Republic,,1986,-24772.0
Dominican Republic,,1985,-23388.0
Dominican Republic,,1984,-22239.0
Dominican Republic,,1983,-21582.0
Dominican Republic,,1982,-20886.0
Dominican Republic,,1981,-19809.0
Dominican Republic,,1980,-17485.0
Dominican Republic,,1979,-16296.0
Dominican Republic,,1978,-16909.0
Dominican Republic,,1977,-17077.0
Dominican Republic,,1976,-16866.0
Dominican Republic,,1975,-16425.0
Dominican Republic,,1974,-15402.0
Dominican Republic,,1973,-14594.0
Dominican Republic,,1972,-14262.0
Dominican Republic,,1971,-14156.0
Dominican Republic,,1970,-14255.0
Dominican Republic,,1969,-14531.0
Dominican Republic,,1968,-14901.0
Dominican Republic,,1967,-15324.0
Dominican Republic,,1966,-15701.0
Dominican Republic,,1965,-15978.0
Dominican Republic,,1964,-16059.0
Dominican Republic,,1963,-15889.0
Dominican Republic,,1962,-15389.0
Dominican Republic,,1961,-14511.0
Dominican Republic,,1960,-13344.0
Ecuador,,2025,-17219.0
Ecuador,,2024,-19704.0
Ecuador,,2023,-21948.0
Ecuador,,2022,-23090.0
Ecuador,,2021,-28503.0
Ecuador,,2020,-10320.0
Ecuador,,2019,54921.0
Ecuador,,2018,95482.0
Ecuador,,2017,53707.0
Ecuador,,2016,35461.0
Ecuador,,2015,14724.0
Ecuador,,2014,2273.0
Ecuador,,2013,-6182.0
Ecuador,,2012,-7883.0
Ecuador,,2011,-8167.0
Ecuador,,2010,-8330.0
Ecuador,,2009,-8491.0
Ecuador,,2008,-8799.0
Ecuador,,2007,-9644.0
Ecuador,,2006,-12679.0
Ecuador,,2005,-16855.0
Ecuador,,2004,-20940.0
Ecuador,,2003,-22641.0
Ecuador,,2002,-28090.0
Ecuador,,2001,-35275.0
Ecuador,,2000,-40859.0
Ecuador,,1999,-43813.0
Ecuador,,1998,-42550.0
Ecuador,,1997,-47287.0
Ecuador,,1996,-46082.0
Ecuador,,1995,-45201.0
Ecuador,,1994,-44399.0
Ecuador,,1993,-41867.0
Ecuador,,1992,-29958.0
Ecuador,,1991,-32064.0
Ecuador,,1990,-21164.0
Ecuador,,1989,-16240.0
Ecuador,,1988,-10977.0
Ecuador,,1987,-4886.0
Ecuador,,1986,-3345.0
Ecuador,,1985,-494.0
Ecuador,,1984,249.0
Ecuador,,1983,578.0
Ecuador,,1982,-1282.0
Ecuador,,1981,-1605.0
Ecuador,,1980,-517.0
Ecuador,,1979,-1749.0
Ecuador,,1978,-1518.0
Ecuador,,1977,-1377.0
Ecuador,,1976,-1264.0
Ecuador,,1975,-1189.0
Ecuador,,1974,-1133.0
Ecuador,,1973,-1090.0
Ecuador,,1972,-1078.0
Ecuador,,1971,-1096.0
Ecuador,,1970,-1091.0
Ecuador,,1969,-518.0
Ecuador,,1968,-582.0
Ecuador,,1967,-623.0
Ecuador,,1966,-710.0
Ecuador,,1965,-957.0
Ecuador,,1964,-1130.0
Ecuador,,1963,-1254.0
Ecuador,,1962,-1315.0
Ecuador,,1961,-1317.0
Ecuador,,1960,-1746.0
Egypt,,2025,-57305.0
Egypt,,2024,123884.0
Egypt,,2023,305006.0
Egypt,,2022,13707.0
Egypt,,2021,6161.0
Egypt,,2020,6016.0
Egypt,,2019,7050.0
Egypt,,2018,20788.0
Egypt,,2017,-80000.0
Egypt,,2016,-71604.0
Egypt,,2015,-193298.0
Egypt,,2014,-92801.0
Egypt,,2013,130305.0
Egypt,,2012,-2626.0
Egypt,,2011,126170.0
Egypt,,2010,-194100.0
Egypt,,2009,-175191.0
Egypt,,2008,-192199.0
Egypt,,2007,-173021.0
Egypt,,2006,-118055.0
Egypt,,2005,-37129.0
Egypt,,2004,-3044.0
Egypt,,2003,9854.0
Egypt,,2002,11205.0
Egypt,,2001,556.0
Egypt,,2000,27873.0
Egypt,,1999,22026.0
Egypt,,1998,78858.0
Egypt,,1997,-45599.0
Egypt,,1996,-44272.0
Egypt,,1995,-38920.0
Egypt,,1994,-36738.0
Egypt,,1993,-35669.0
Egypt,,1992,74950.0
Egypt,,1991,-33952.0
Egypt,,1990,406994.0
Egypt,,1989,52648.0
Egypt,,1988,66147.0
Egypt,,1987,58678.0
Egypt,,1986,31299.0
Egypt,,1985,112411.0
Egypt,,1984,122791.0
Egypt,,1983,129242.0
Egypt,,1982,51229.0
Egypt,,1981,4140.0
Egypt,,1980,738.0
Egypt,,1979,-64757.0
Egypt,,1978,-73664.0
Egypt,,1977,-73705.0
Egypt,,1976,-115544.0
Egypt,,1975,-62368.0
Egypt,,1974,-60174.0
Egypt,,1973,-55702.0
Egypt,,1972,-55282.0
Egypt,,1971,-56503.0
Egypt,,1970,-35064.0
Egypt,,1969,-6703.0
Egypt,,1968,-764.0
Egypt,,1967,6286.0
Egypt,,1966,10089.0
Egypt,,1965,17605.0
Egypt,,1964,20596.0
Egypt,,1963,25109.0
Egypt,,1962,25696.0
Egypt,,1961,23184.0
Egypt,,1960,-2954.0
El Salvador,,2025,-23934.0
El Salvador,,2024,-23102.0
El Salvador,,2023,-23253.0
El Salvador,,2022,-23255.0
El Salvador,,2021,-27343.0
El Salvador,,2020,-25213.0
El Salvador,,2019,-55144.0
El Salvador,,2018,-54163.0
El Salvador,,2017,-50608.0
El Salvador,,2016,-47491.0
El Salvador,,2015,-51278.0
El Salvador,,2014,-49126.0
El Salvador,,2013,-49087.0
El Salvador,,2012,-50546.0
El Salvador,,2011,-53433.0
El Salvador,,2010,-54688.0
El Salvador,,2009,-55966.0
El Salvador,,2008,-56086.0
El Salvador,,2007,-56857.0
El Salvador,,2006,-85789.0
El Salvador,,2005,-86501.0
El Salvador,,2004,-87466.0
El Salvador,,2003,-89146.0
El Salvador,,2002,-90908.0
El Salvador,,2001,-92389.0
El Salvador,,2000,-94861.0
El Salvador,,1999,-97475.0
El Salvador,,1998,-99293.0
El Salvador,,1997,-96820.0
El Salvador,,1996,-95977.0
El Salvador,,1995,-92912.0
El Salvador,,1994,-87318.0
El Salvador,,1993,-80736.0
El Salvador,,1992,-48232.0
El Salvador,,1991,-50622.0
El Salvador,,1990,-39689.0
El Salvador,,1989,-38211.0
El Salvador,,1988,-30806.0
El Salvador,,1987,-32308.0
El Salvador,,1986,-32181.0
El Salvador,,1985,-29111.0
El Salvador,,1984,-29767.0
El Salvador,,1983,-35694.0
El Salvador,,1982,-37159.0
El Salvador,,1981,-97365.0
El Salvador,,1980,-71318.0
El Salvador,,1979,-44302.0
El Salvador,,1978,-31463.0
El Salvador,,1977,-28742.0
El Salvador,,1976,-31317.0
El Salvador,,1975,-26198.0
El Salvador,,1974,-22844.0
El Salvador,,1973,-19347.0
El Salvador,,1972,-17317.0
El Salvador,,1971,-16389.0
El Salvador,,1970,-11367.0
El Salvador,,1969,-4355.0
El Salvador,,1968,-2919.0
El Salvador,,1967,-3192.0
El Salvador,,1966,-3945.0
El Salvador,,1965,-5560.0
El Salvador,,1964,-7937.0
El Salvador,,1963,-9774.0
El Salvador,,1962,-10307.0
El Salvador,,1961,-4159.0
El Salvador,,1960,-4885.0
Equatorial Guinea,,2025,3812.0
Equatorial Guinea,,2024,3891.0
Equatorial Guinea,,2023,3997.0
Equatorial Guinea,,2022,3997.0
Equatorial Guinea,,2021,6493.0
Equatorial Guinea,,2020,0.0
Equatorial Guinea,,2019,14695.0
Equatorial Guinea,,2018,15581.0
Equatorial Guinea,,2017,16399.0
Equatorial Guinea,,2016,17107.0
Equatorial Guinea,,2015,17697.0
Equatorial Guinea,,2014,18058.0
Equatorial Guinea,,2013,18106.0
Equatorial Guinea,,2012,17860.0
Equatorial Guinea,,2011,17604.0
Equatorial Guinea,,2010,22027.0
Equatorial Guinea,,2009,21235.0
Equatorial Guinea,,2008,19925.0
Equatorial Guinea,,2007,18433.0
Equatorial Guinea,,2006,16889.0
Equatorial Guinea,,2005,15548.0
Equatorial Guinea,,2004,28578.0
Equatorial Guinea,,2003,27696.0
Equatorial Guinea,,2002,27198.0
Equatorial Guinea,,2001,26919.0
Equatorial Guinea,,2000,26695.0
Equatorial Guinea,,1999,7846.0
Equatorial Guinea,,1998,7307.0
Equatorial Guinea,,1997,6696.0
Equatorial Guinea,,1996,6003.0
Equatorial Guinea,,1995,5300.0
Equatorial Guinea,,1994,4664.0
Equatorial Guinea,,1993,4175.0
Equatorial Guinea,,1992,3867.0
Equatorial Guinea,,1991,3642.0
Equatorial Guinea,,1990,3511.0
Equatorial Guinea,,1989,3545.0
Equatorial Guinea,,1988,3777.0
Equatorial Guinea,,1987,4482.0
Equatorial Guinea,,1986,6317.0
Equatorial Guinea,,1985,8816.0
Equatorial Guinea,,1984,11221.0
Equatorial Guinea,,1983,12766.0
Equatorial Guinea,,1982,12568.0
Equatorial Guinea,,1981,9605.0
Equatorial Guinea,,1980,4903.0
Equatorial Guinea,,1979,-235.0
Equatorial Guinea,,1978,-4553.0
Equatorial Guinea,,1977,-7131.0
Equatorial Guinea,,1976,-9377.0
Equatorial Guinea,,1975,-11398.0
Equatorial Guinea,,1974,-12983.0
Equatorial Guinea,,1973,-13875.0
Equatorial Guinea,,1972,-13576.0
Equatorial Guinea,,1971,-10760.0
Equatorial Guinea,,1970,-6499.0
Equatorial Guinea,,1969,-2237.0
Equatorial Guinea,,1968,565.0
Equatorial Guinea,,1967,974.0
Equatorial Guinea,,1966,915.0
Equatorial Guinea,,1965,837.0
Equatorial Guinea,,1964,735.0
Equatorial Guinea,,1963,632.0
Equatorial Guinea,,1962,528.0
Equatorial Guinea,,1961,384.0
Equatorial Guinea,,1960,210.0
Eritrea,,2025,-6698.0
Eritrea,,2024,-12696.0
Eritrea,,2023,-15284.0
Eritrea,,2022,-17134.0
Eritrea,,2021,-14966.0
Eritrea,,2020,-14967.0
Eritrea,,2019,-29818.0
Eritrea,,2018,-21403.0
Eritrea,,2017,-38579.0
Eritrea,,2016,-55431.0
Eritrea,,2015,-52965.0
Eritrea,,2014,-75696.0
Eritrea,,2013,-33974.0
Eritrea,,2012,-43269.0
Eritrea,,2011,-32949.0
Eritrea,,2010,-13361.0
Eritrea,,2009,-24348.0
Eritrea,,2008,17855.0
Eritrea,,2007,-18131.0
Eritrea,,2006,-49998.0
Eritrea,,2005,-12835.0
Eritrea,,2004,-6374.0
Eritrea,,2003,76703.0
Eritrea,,2002,-6574.0
Eritrea,,2001,41760.0
Eritrea,,2000,-33133.0
Eritrea,,1999,-3769.0
Eritrea,,1998,-31951.0
Eritrea,,1997,-30768.0
Eritrea,,1996,-52421.0
Eritrea,,1995,136105.0
Eritrea,,1994,-25841.0
Eritrea,,1993,33688.0
Eritrea,,1992,-22293.0
Eritrea,,1991,-328546.0
Eritrea,,1990,-12425.0
Eritrea,,1989,-7330.0
Eritrea,,1988,-3612.0
Eritrea,,1987,-3613.0
Eritrea,,1986,-1073.0
Eritrea,,1985,-1073.0
Eritrea,,1984,772.0
Eritrea,,1983,1853.0
Eritrea,,1982,1985.0
Eritrea,,1981,1985.0
Eritrea,,1980,1985.0
Eritrea,,1979,1985.0
Eritrea,,1978,1985.0
Eritrea,,1977,1985.0
Eritrea,,1976,1985.0
Eritrea,,1975,1985.0
Eritrea,,1974,1985.0
Eritrea,,1973,1985.0
Eritrea,,1972,1953.0
Eritrea,,1971,1758.0
Eritrea,,1970,1480.0
Eritrea,,1969,1199.0
Eritrea,,1968,1013.0
Eritrea,,1967,1004.0
Eritrea,,1966,1063.0
Eritrea,,1965,1188.0
Eritrea,,1964,1300.0
Eritrea,,1963,1368.0
Eritrea,,1962,1364.0
Eritrea,,1961,1235.0
Eritrea,,1960,1045.0
Estonia,,2025,-13350.0
Estonia,,2024,-7742.0
Estonia,,2023,5717.0
Estonia,,2022,39754.0
Estonia,,2021,7043.0
Estonia,,2020,3694.0
Estonia,,2019,5386.0
Estonia,,2018,7089.0
Estonia,,2017,5202.0
Estonia,,2016,1081.0
Estonia,,2015,4261.0
Estonia,,2014,-674.0
Estonia,,2013,-2688.0
Estonia,,2012,-3674.0
Estonia,,2011,-3941.0
Estonia,,2010,-3781.0
Estonia,,2009,-2089.0
Estonia,,2008,-2034.0
Estonia,,2007,-2941.0
Estonia,,2006,-5351.0
Estonia,,2005,-5208.0
Estonia,,2004,-3681.0
Estonia,,2003,-3705.0
Estonia,,2002,-2889.0
Estonia,,2001,-3280.0
Estonia,,2000,-3083.0
Estonia,,1999,1419.0
Estonia,,1998,-3296.0
Estonia,,1997,-4066.0
Estonia,,1996,-10540.0
Estonia,,1995,-12655.0
Estonia,,1994,-17984.0
Estonia,,1993,-25501.0
Estonia,,1992,-38391.0
Estonia,,1991,-9712.0
Estonia,,1990,-2660.0
Estonia,,1989,-368.0
Estonia,,1988,5256.0
Estonia,,1987,5389.0
Estonia,,1986,5260.0
Estonia,,1985,5097.0
Estonia,,1984,5006.0
Estonia,,1983,4986.0
Estonia,,1982,4832.0
Estonia,,1981,4789.0
Estonia,,1980,4619.0
Estonia,,1979,4521.0
Estonia,,1978,7234.0
Estonia,,1977,7189.0
Estonia,,1976,6942.0
Estonia,,1975,6737.0
Estonia,,1974,6594.0
Estonia,,1973,6488.0
Estonia,,1972,6432.0
Estonia,,1971,6392.0
Estonia,,1970,6158.0
Estonia,,1969,8650.0
Estonia,,1968,9403.0
Estonia,,1967,9115.0
Estonia,,1966,8998.0
Estonia,,1965,8851.0
Estonia,,1964,8734.0
Estonia,,1963,8410.0
Estonia,,1962,8248.0
Estonia,,1961,7991.0
Estonia,,1960,7762.0
Eswatini,,2025,-5775.0
Eswatini,,2024,-6754.0
Eswatini,,2023,-8549.0
Eswatini,,2022,-8549.0
Eswatini,,2021,-4242.0
Eswatini,,2020,-4242.0
Eswatini,,2019,-8439.0
Eswatini,,2018,-8546.0
Eswatini,,2017,-8658.0
Eswatini,,2016,-12481.0
Eswatini,,2015,-12582.0
Eswatini,,2014,-12724.0
Eswatini,,2013,-12664.0
Eswatini,,2012,-12294.0
Eswatini,,2011,-11596.0
Eswatini,,2010,-11334.0
Eswatini,,2009,-10989.0
Eswatini,,2008,-9822.0
Eswatini,,2007,-9271.0
Eswatini,,2006,-10923.0
Eswatini,,2005,-10330.0
Eswatini,,2004,-9863.0
Eswatini,,2003,-9595.0
Eswatini,,2002,-9209.0
Eswatini,,2001,-8788.0
Eswatini,,2000,-8563.0
Eswatini,,1999,-8421.0
Eswatini,,1998,-8505.0
Eswatini,,1997,-5911.0
Eswatini,,1996,-3049.0
Eswatini,,1995,-3023.0
Eswatini,,1994,-48259.0
Eswatini,,1993,-6692.0
Eswatini,,1992,6011.0
Eswatini,,1991,7496.0
Eswatini,,1990,7169.0
Eswatini,,1989,5477.0
Eswatini,,1988,14879.0
Eswatini,,1987,2417.0
Eswatini,,1986,1353.0
Eswatini,,1985,1792.0
Eswatini,,1984,-3949.0
Eswatini,,1983,-3429.0
Eswatini,,1982,-3574.0
Eswatini,,1981,-3464.0
Eswatini,,1980,-3350.0
Eswatini,,1979,-3210.0
Eswatini,,1978,-3040.0
Eswatini,,1977,-2838.0
Eswatini,,1976,-3469.0
Eswatini,,1975,-3794.0
Eswatini,,1974,-3665.0
Eswatini,,1973,-3555.0
Eswatini,,1972,-3435.0
Eswatini,,1971,-3325.0
Eswatini,,1970,-3230.0
Eswatini,,1969,-3127.0
Eswatini,,1968,-3029.0
Eswatini,,1967,-2964.0
Eswatini,,1966,-1557.0
Eswatini,,1965,-1578.0
Eswatini,,1964,-2049.0
Eswatini,,1963,-2358.0
Eswatini,,1962,-2390.0
Eswatini,,1961,-2270.0
Eswatini,,1960,-2082.0
Ethiopia,,2025,24054.0
Ethiopia,,2024,30069.0
Ethiopia,,2023,-11996.0
Ethiopia,,2022,-11996.0
Ethiopia,,2021,-1377.0
Ethiopia,,2020,38866.0
Ethiopia,,2019,-10807.0
Ethiopia,,2018,9302.0
Ethiopia,,2017,71766.0
Ethiopia,,2016,115823.0
Ethiopia,,2015,62785.0
Ethiopia,,2014,103122.0
Ethiopia,,2013,80955.0
Ethiopia,,2012,119517.0
Ethiopia,,2011,116793.0
Ethiopia,,2010,80213.0
Ethiopia,,2009,16315.0
Ethiopia,,2008,-20780.0
Ethiopia,,2007,-381.0
Ethiopia,,2006,-30512.0
Ethiopia,,2005,-44421.0
Ethiopia,,2004,-25430.0
Ethiopia,,2003,-13744.0
Ethiopia,,2002,-12925.0
Ethiopia,,2001,-19063.0
Ethiopia,,2000,-49891.0
Ethiopia,,1999,29142.0
Ethiopia,,1998,-3011.0
Ethiopia,,1997,-9119.0
Ethiopia,,1996,41456.0
Ethiopia,,1995,91727.0
Ethiopia,,1994,140715.0
Ethiopia,,1993,141545.0
Ethiopia,,1992,160106.0
Ethiopia,,1991,859737.0
Ethiopia,,1990,296014.0
Ethiopia,,1989,242614.0
Ethiopia,,1988,379966.0
Ethiopia,,1987,251387.0
Ethiopia,,1986,186227.0
Ethiopia,,1985,157476.0
Ethiopia,,1984,137632.0
Ethiopia,,1983,68022.0
Ethiopia,,1982,66702.0
Ethiopia,,1981,628135.0
Ethiopia,,1980,-903529.0
Ethiopia,,1979,-711455.0
Ethiopia,,1978,-210991.0
Ethiopia,,1977,-527133.0
Ethiopia,,1976,-36125.0
Ethiopia,,1975,-42540.0
Ethiopia,,1974,-4232.0
Ethiopia,,1973,347.0
Ethiopia,,1972,-3375.0
Ethiopia,,1971,-14510.0
Ethiopia,,1970,8589.0
Ethiopia,,1969,7258.0
Ethiopia,,1968,9992.0
Ethiopia,,1967,14437.0
Ethiopia,,1966,9160.0
Ethiopia,,1965,16348.0
Ethiopia,,1964,10749.0
Ethiopia,,1963,9418.0
Ethiopia,,1962,8960.0
Ethiopia,,1961,6938.0
Ethiopia,,1960,1696.0
Fiji,,2025,-3288.0
Fiji,,2024,-3278.0
Fiji,,2023,-3289.0
Fiji,,2022,-3557.0
Fiji,,2021,-6008.0
Fiji,,2020,-6008.0
Fiji,,2019,-11873.0
Fiji,,2018,-11738.0
Fiji,,2017,-11607.0
Fiji,,2016,-10441.0
Fiji,,2015,-10401.0
Fiji,,2014,-10493.0
Fiji,,2013,-10703.0
Fiji,,2012,-10114.0
Fiji,,2011,-10396.0
Fiji,,2010,-10354.0
Fiji,,2009,-10052.0
Fiji,,2008,-9812.0
Fiji,,2007,-7406.0
Fiji,,2006,-6562.0
Fiji,,2005,-6523.0
Fiji,,2004,-6484.0
Fiji,,2003,-6411.0
Fiji,,2002,-6106.0
Fiji,,2001,-6167.0
Fiji,,2000,-5909.0
Fiji,,1999,-5892.0
Fiji,,1998,-5654.0
Fiji,,1997,-5318.0
Fiji,,1996,-9902.0
Fiji,,1995,-12448.0
Fiji,,1994,-12300.0
Fiji,,1993,-12071.0
Fiji,,1992,-11802.0
Fiji,,1991,-11603.0
Fiji,,1990,-11081.0
Fiji,,1989,-10685.0
Fiji,,1988,-10138.0
Fiji,,1987,-9602.0
Fiji,,1986,-3943.0
Fiji,,1985,-1452.0
Fiji,,1984,-1421.0
Fiji,,1983,-1565.0
Fiji,,1982,-1509.0
Fiji,,1981,-1558.0
Fiji,,1980,-1632.0
Fiji,,1979,-1502.0
Fiji,,1978,-1609.0
Fiji,,1977,-1550.0
Fiji,,1976,-4370.0
Fiji,,1975,-5577.0
Fiji,,1974,-5414.0
Fiji,,1973,-4989.0
Fiji,,1972,-4848.0
Fiji,,1971,-4624.0
Fiji,,1970,-4371.0
Fiji,,1969,-4050.0
Fiji,,1968,-3857.0
Fiji,,1967,-3576.0
Fiji,,1966,-1623.0
Fiji,,1965,-832.0
Fiji,,1964,-812.0
Fiji,,1963,-838.0
Fiji,,1962,-889.0
Fiji,,1961,-943.0
Fiji,,1960,-981.0
Finland,,2025,18246.0
Finland,,2024,26894.0
Finland,,2023,38156.0
Finland,,2022,60353.0
Finland,,2021,22484.0
Finland,,2020,17504.0
Finland,,2019,15671.0
Finland,,2018,11822.0
Finland,,2017,13356.0
Finland,,2016,17321.0
Finland,,2015,12655.0
Finland,,2014,15915.0
Finland,,2013,18164.0
Finland,,2012,17894.0
Finland,,2011,16798.0
Finland,,2010,14080.0
Finland,,2009,14877.0
Finland,,2008,15626.0
Finland,,2007,14027.0
Finland,,2006,10820.0
Finland,,2005,9251.0
Finland,,2004,6956.0
Finland,,2003,5929.0
Finland,,2002,5255.0
Finland,,2001,6241.0
Finland,,2000,2497.0
Finland,,1999,3604.0
Finland,,1998,4417.0
Finland,,1997,4925.0
Finland,,1996,3757.0
Finland,,1995,4325.0
Finland,,1994,3834.0
Finland,,1993,9036.0
Finland,,1992,9356.0
Finland,,1991,14515.0
Finland,,1990,8920.0
Finland,,1989,5775.0
Finland,,1988,1765.0
Finland,,1987,831.0
Finland,,1986,1491.0
Finland,,1985,2416.0
Finland,,1984,3972.0
Finland,,1983,6925.0
Finland,,1982,7109.0
Finland,,1981,5287.0
Finland,,1980,-2212.0
Finland,,1979,-6612.0
Finland,,1978,-9348.0
Finland,,1977,-5697.0
Finland,,1976,-11843.0
Finland,,1975,-3807.0
Finland,,1974,5891.0
Finland,,1973,11558.0
Finland,,1972,12613.0
Finland,,1971,12286.0
Finland,,1970,-36579.0
Finland,,1969,-42207.0
Finland,,1968,-15561.0
Finland,,1967,-5353.0
Finland,,1966,-12059.0
Finland,,1965,-21731.0
Finland,,1964,-20414.0
Finland,,1963,-7624.0
Finland,,1962,-6852.0
Finland,,1961,-11828.0
Finland,,1960,-9489.0
France,,2025,91737.0
France,,2024,90527.0
France,,2023,91862.0
France,,2022,179377.0
France,,2021,131465.0
France,,2020,145593.0
France,,2019,71972.0
France,,2018,132925.0
France,,2017,102984.0
France,,2016,15548.0
France,,2015,-345.0
France,,2014,52342.0
France,,2013,116297.0
France,,2012,103287.0
France,,2011,70178.0
France,,2010,52644.0
France,,2009,58032.0
France,,2008,79528.0
France,,2007,91973.0
France,,2006,132512.0
France,,2005,191417.0
France,,2004,200629.0
France,,2003,195616.0
France,,2002,191373.0
France,,2001,179476.0
France,,2000,171637.0
France,,1999,169448.0
France,,1998,20216.0
France,,1997,-15255.0
France,,1996,-21463.0
France,,1995,-17128.0
France,,1994,-4232.0
France,,1993,16892.0
France,,1992,61964.0
France,,1991,35201.0
France,,1990,43323.0
France,,1989,82052.0
France,,1988,69935.0
France,,1987,59890.0
France,,1986,51642.0
France,,1985,66149.0
France,,1984,76175.0
France,,1983,88166.0
France,,1982,81084.0
France,,1981,69365.0
France,,1980,54718.0
France,,1979,34295.0
France,,1978,18692.0
France,,1977,44918.0
France,,1976,59515.0
France,,1975,16139.0
France,,1974,26203.0
France,,1973,103910.0
France,,1972,101223.0
France,,1971,144321.0
France,,1970,182941.0
France,,1969,160403.0
France,,1968,113115.0
France,,1967,63018.0
France,,1966,96097.0
France,,1965,82879.0
France,,1964,163039.0
France,,1963,190925.0
France,,1962,141634.0
France,,1961,128618.0
France,,1960,143032.0
Gabon,,2025,1116.0
Gabon,,2024,1105.0
Gabon,,2023,987.0
Gabon,,2022,987.0
Gabon,,2021,1503.0
Gabon,,2020,1506.0
Gabon,,2019,2233.0
Gabon,,2018,2886.0
Gabon,,2017,4013.0
Gabon,,2016,7398.0
Gabon,,2015,12041.0
Gabon,,2014,16565.0
Gabon,,2013,19587.0
Gabon,,2012,19973.0
Gabon,,2011,18967.0
Gabon,,2010,17274.0
Gabon,,2009,15277.0
Gabon,,2008,13441.0
Gabon,,2007,12045.0
Gabon,,2006,10382.0
Gabon,,2005,8555.0
Gabon,,2004,6830.0
Gabon,,2003,5434.0
Gabon,,2002,4582.0
Gabon,,2001,3801.0
Gabon,,2000,3086.0
Gabon,,1999,2480.0
Gabon,,1998,2055.0
Gabon,,1997,1786.0
Gabon,,1996,1555.0
Gabon,,1995,1314.0
Gabon,,1994,1110.0
Gabon,,1993,1009.0
Gabon,,1992,990.0
Gabon,,1991,990.0
Gabon,,1990,990.0
Gabon,,1989,990.0
Gabon,,1988,990.0
Gabon,,1987,990.0
Gabon,,1986,990.0
Gabon,,1985,990.0
Gabon,,1984,990.0
Gabon,,1983,990.0
Gabon,,1982,990.0
Gabon,,1981,990.0
Gabon,,1980,990.0
Gabon,,1979,990.0
Gabon,,1978,990.0
Gabon,,1977,972.0
Gabon,,1976,899.0
Gabon,,1975,792.0
Gabon,,1974,680.0
Gabon,,1973,608.0
Gabon,,1972,639.0
Gabon,,1971,1130.0
Gabon,,1970,1882.0
Gabon,,1969,2650.0
Gabon,,1968,0.0
Gabon,,1967,0.0
Gabon,,1966,0.0
Gabon,,1965,0.0
Gabon,,1964,0.0
Gabon,,1963,0.0
Gabon,,1962,0.0
Gabon,,1961,0.0
Gabon,,1960,0.0
Gambia,,2025,-2984.0
Gambia,,2024,-2989.0
Gambia,,2023,-3000.0
Gambia,,2022,-3000.0
Gambia,,2021,-1949.0
Gambia,,2020,-1949.0
Gambia,,2019,-4186.0
Gambia,,2018,-3944.0
Gambia,,2017,-3696.0
Gambia,,2016,-3486.0
Gambia,,2015,-3224.0
Gambia,,2014,-2793.0
Gambia,,2013,-2476.0
Gambia,,2012,-2332.0
Gambia,,2011,-2360.0
Gambia,,2010,-2456.0
Gambia,,2009,-2259.0
Gambia,,2008,-2204.0
Gambia,,2007,-2320.0
Gambia,,2006,-2666.0
Gambia,,2005,-3209.0
Gambia,,2004,-3636.0
Gambia,,2003,-3713.0
Gambia,,2002,-4067.0
Gambia,,2001,-3882.0
Gambia,,2000,-3670.0
Gambia,,1999,-3493.0
Gambia,,1998,-3291.0
Gambia,,1997,-3098.0
Gambia,,1996,-2948.0
Gambia,,1995,-2797.0
Gambia,,1994,-1586.0
Gambia,,1993,3131.0
Gambia,,1992,9182.0
Gambia,,1991,11530.0
Gambia,,1990,11242.0
Gambia,,1989,10765.0
Gambia,,1988,10187.0
Gambia,,1987,9563.0
Gambia,,1986,8934.0
Gambia,,1985,8373.0
Gambia,,1984,7733.0
Gambia,,1983,6713.0
Gambia,,1982,5757.0
Gambia,,1981,5438.0
Gambia,,1980,5268.0
Gambia,,1979,4898.0
Gambia,,1978,4493.0
Gambia,,1977,3969.0
Gambia,,1976,3436.0
Gambia,,1975,2979.0
Gambia,,1974,2610.0
Gambia,,1973,2907.0
Gambia,,1972,2861.0
Gambia,,1971,2817.0
Gambia,,1970,2777.0
Gambia,,1969,2757.0
Gambia,,1968,2705.0
Gambia,,1967,2617.0
Gambia,,1966,2272.0
Gambia,,1965,2272.0
Gambia,,1964,2272.0
Gambia,,1963,2272.0
Gambia,,1962,2272.0
Gambia,,1961,2272.0
Gambia,,1960,2272.0
Georgia,,2025,1283.0
Georgia,,2024,1745.0
Georgia,,2023,2003.0
Georgia,,2022,26999.0
Georgia,,2021,-2738.0
Georgia,,2020,-2738.0
Georgia,,2019,-5412.0
Georgia,,2018,-5176.0
Georgia,,2017,-7889.0
Georgia,,2016,-10588.0
Georgia,,2015,-13321.0
Georgia,,2014,-16047.0
Georgia,,2013,-40117.0
Georgia,,2012,-39290.0
Georgia,,2011,-37847.0
Georgia,,2010,-36608.0
Georgia,,2009,-32757.0
Georgia,,2008,-32463.0
Georgia,,2007,-32142.0
Georgia,,2006,-31729.0
Georgia,,2005,-31216.0
Georgia,,2004,-30614.0
Georgia,,2003,-31075.0
Georgia,,2002,-58531.0
Georgia,,2001,-110969.0
Georgia,,2000,-135046.0
Georgia,,1999,-131768.0
Georgia,,1998,-127962.0
Georgia,,1997,-133250.0
Georgia,,1996,-133999.0
Georgia,,1995,-130201.0
Georgia,,1994,-147551.0
Georgia,,1993,-154788.0
Georgia,,1992,-121647.0
Georgia,,1991,-111958.0
Georgia,,1990,-108969.0
Georgia,,1989,-85690.0
Georgia,,1988,-12189.0
Georgia,,1987,-10966.0
Georgia,,1986,-14123.0
Georgia,,1985,-15208.0
Georgia,,1984,-12920.0
Georgia,,1983,-10906.0
Georgia,,1982,-12363.0
Georgia,,1981,-12822.0
Georgia,,1980,-12593.0
Georgia,,1979,-14281.0
Georgia,,1978,-9755.0
Georgia,,1977,-8213.0
Georgia,,1976,-8952.0
Georgia,,1975,-9605.0
Georgia,,1974,-10261.0
Georgia,,1973,-10763.0
Georgia,,1972,-11097.0
Georgia,,1971,-10997.0
Georgia,,1970,-1311.0
Georgia,,1969,34301.0
Georgia,,1968,37031.0
Georgia,,1967,34734.0
Georgia,,1966,32869.0
Georgia,,1965,18981.0
Georgia,,1964,19377.0
Georgia,,1963,19405.0
Georgia,,1962,18981.0
Georgia,,1961,18016.0
Georgia,,1960,16740.0
Germany,,2025,-334072.0
Germany,,2024,36954.0
Germany,,2023,609553.0
Germany,,2022,981552.0
Germany,,2021,310264.0
Germany,,2020,203468.0
Germany,,2019,319082.0
Germany,,2018,403908.0
Germany,,2017,452988.0
Germany,,2016,517480.0
Germany,,2015,1175283.0
Germany,,2014,592338.0
Germany,,2013,462384.0
Germany,,2012,199143.0
Germany,,2011,295282.0
Germany,,2010,130116.0
Germany,,2009,46533.0
Germany,,2008,-23341.0
Germany,,2007,-24772.0
Germany,,2006,-489056.0
Germany,,2005,81351.0
Germany,,2004,81735.0
Germany,,2003,142009.0
Germany,,2002,218795.0
Germany,,2001,272875.0
Germany,,2000,174594.0
Germany,,1999,219280.0
Germany,,1998,-754469.0
Germany,,1997,93281.0
Germany,,1996,281280.0
Germany,,1995,398077.0
Germany,,1994,315585.0
Germany,,1993,462096.0
Germany,,1992,811606.0
Germany,,1991,602638.0
Germany,,1990,679702.0
Germany,,1989,761002.0
Germany,,1988,515962.0
Germany,,1987,174272.0
Germany,,1986,212822.0
Germany,,1985,103556.0
Germany,,1984,-150771.0
Germany,,1983,-81349.0
Germany,,1982,-58121.0
Germany,,1981,130713.0
Germany,,1980,324203.0
Germany,,1979,237705.0
Germany,,1978,117167.0
Germany,,1977,33881.0
Germany,,1976,-79761.0
Germany,,1975,-207740.0
Germany,,1974,-15126.0
Germany,,1973,386881.0
Germany,,1972,336015.0
Germany,,1971,450328.0
Germany,,1970,-273498.0
Germany,,1969,584017.0
Germany,,1968,293307.0
Germany,,1967,-174155.0
Germany,,1966,134107.0
Germany,,1965,338258.0
Germany,,1964,69825.0
Germany,,1963,205976.0
Germany,,1962,276505.0
Germany,,1961,27534.0
Germany,,1960,212666.0
Ghana,,2025,-17079.0
Ghana,,2024,-13114.0
Ghana,,2023,-10003.0
Ghana,,2022,-10003.0
Ghana,,2021,-11259.0
Ghana,,2020,-291.0
Ghana,,2019,-21857.0
Ghana,,2018,-19375.0
Ghana,,2017,-4913.0
Ghana,,2016,7009.0
Ghana,,2015,-13306.0
Ghana,,2014,-6312.0
Ghana,,2013,-2377.0
Ghana,,2012,1005.0
Ghana,,2011,-720.0
Ghana,,2010,-3726.0
Ghana,,2009,22416.0
Ghana,,2008,30506.0
Ghana,,2007,32813.0
Ghana,,2006,28536.0
Ghana,,2005,21272.0
Ghana,,2004,34433.0
Ghana,,2003,28768.0
Ghana,,2002,40573.0
Ghana,,2001,36050.0
Ghana,,2000,-4206.0
Ghana,,1999,-17304.0
Ghana,,1998,-17564.0
Ghana,,1997,-15409.0
Ghana,,1996,-37113.0
Ghana,,1995,-42558.0
Ghana,,1994,-47120.0
Ghana,,1993,-49792.0
Ghana,,1992,-47736.0
Ghana,,1991,-57878.0
Ghana,,1990,-46789.0
Ghana,,1989,-52293.0
Ghana,,1988,-64810.0
Ghana,,1987,-84648.0
Ghana,,1986,-98099.0
Ghana,,1985,-106855.0
Ghana,,1984,-105655.0
Ghana,,1983,15276.0
Ghana,,1982,7863.0
Ghana,,1981,-12296.0
Ghana,,1980,-13564.0
Ghana,,1979,20291.0
Ghana,,1978,18041.0
Ghana,,1977,15243.0
Ghana,,1976,-2528.0
Ghana,,1975,-292.0
Ghana,,1974,-1197.0
Ghana,,1973,-1168.0
Ghana,,1972,-4589.0
Ghana,,1971,-12238.0
Ghana,,1970,-10233.0
Ghana,,1969,-28752.0
Ghana,,1968,-36683.0
Ghana,,1967,-35666.0
Ghana,,1966,-38143.0
Ghana,,1965,-38519.0
Ghana,,1964,-43480.0
Ghana,,1963,-46516.0
Ghana,,1962,-48017.0
Ghana,,1961,-48777.0
Ghana,,1960,12181.0
Greece,,2025,16636.0
Greece,,2024,-122772.0
Greece,,2023,-159430.0
Greece,,2022,-53997.0
Greece,,2021,-160277.0
Greece,,2020,6353.0
Greece,,2019,36762.0
Greece,,2018,17938.0
Greece,,2017,10483.0
Greece,,2016,10484.0
Greece,,2015,-43462.0
Greece,,2014,-46678.0
Greece,,2013,-59323.0
Greece,,2012,-65364.0
Greece,,2011,-31786.0
Greece,,2010,2001.0
Greece,,2009,18182.0
Greece,,2008,27081.0
Greece,,2007,25400.0
Greece,,2006,27621.0
Greece,,2005,33297.0
Greece,,2004,29039.0
Greece,,2003,25323.0
Greece,,2002,25692.0
Greece,,2001,60387.0
Greece,,2000,54661.0
Greece,,1999,49930.0
Greece,,1998,47856.0
Greece,,1997,45671.0
Greece,,1996,43444.0
Greece,,1995,42674.0
Greece,,1994,42897.0
Greece,,1993,39829.0
Greece,,1992,41000.0
Greece,,1991,37917.0
Greece,,1990,26294.0
Greece,,1989,18862.0
Greece,,1988,20557.0
Greece,,1987,19005.0
Greece,,1986,19064.0
Greece,,1985,16093.0
Greece,,1984,19767.0
Greece,,1983,18655.0
Greece,,1982,19675.0
Greece,,1981,25061.0
Greece,,1980,47460.0
Greece,,1979,72184.0
Greece,,1978,60775.0
Greece,,1977,19193.0
Greece,,1976,89601.0
Greece,,1975,61265.0
Greece,,1974,-22590.0
Greece,,1973,-42387.0
Greece,,1972,-3589.0
Greece,,1971,-12747.0
Greece,,1970,-54166.0
Greece,,1969,-118544.0
Greece,,1968,-429.0
Greece,,1967,-55853.0
Greece,,1966,21206.0
Greece,,1965,-81576.0
Greece,,1964,-76678.0
Greece,,1963,-77345.0
Greece,,1962,-74972.0
Greece,,1961,-61102.0
Greece,,1960,-15996.0
Greenland,,2025,-265.0
Greenland,,2024,-284.0
Greenland,,2023,-318.0
Greenland,,2022,-323.0
Greenland,,2021,-324.0
Greenland,,2020,-328.0
Greenland,,2019,-308.0
Greenland,,2018,-330.0
Greenland,,2017,-350.0
Greenland,,2016,-342.0
Greenland,,2015,-315.0
Greenland,,2014,-702.0
Greenland,,2013,-653.0
Greenland,,2012,-553.0
Greenland,,2011,-244.0
Greenland,,2010,-46.0
Greenland,,2009,-562.0
Greenland,,2008,-522.0
Greenland,,2007,-505.0
Greenland,,2006,-480.0
Greenland,,2005,-476.0
Greenland,,2004,-311.0
Greenland,,2003,-295.0
Greenland,,2002,-313.0
Greenland,,2001,-282.0
Greenland,,2000,-229.0
Greenland,,1999,-513.0
Greenland,,1998,-486.0
Greenland,,1997,-521.0
Greenland,,1996,-463.0
Greenland,,1995,-433.0
Greenland,,1994,-696.0
Greenland,,1993,-733.0
Greenland,,1992,-748.0
Greenland,,1991,-692.0
Greenland,,1990,-648.0
Greenland,,1989,-250.0
Greenland,,1988,-205.0
Greenland,,1987,-126.0
Greenland,,1986,-115.0
Greenland,,1985,-157.0
Greenland,,1984,22.0
Greenland,,1983,39.0
Greenland,,1982,-7.0
Greenland,,1981,-18.0
Greenland,,1980,4.0
Greenland,,1979,-465.0
Greenland,,1978,-490.0
Greenland,,1977,-524.0
Greenland,,1976,-127.0
Greenland,,1975,22.0
Greenland,,1974,109.0
Greenland,,1973,104.0
Greenland,,1972,84.0
Greenland,,1971,54.0
Greenland,,1970,518.0
Greenland,,1969,396.0
Greenland,,1968,264.0
Greenland,,1967,199.0
Greenland,,1966,212.0
Greenland,,1965,63.0
Greenland,,1964,30.0
Greenland,,1963,-7.0
Greenland,,1962,-33.0
Greenland,,1961,-24.0
Greenland,,1960,234.0
Grenada,,2025,-185.0
Grenada,,2024,-192.0
Grenada,,2023,-190.0
Grenada,,2022,-190.0
Grenada,,2021,-69.0
Grenada,,2020,0.0
Grenada,,2019,-181.0
Grenada,,2018,-181.0
Grenada,,2017,-181.0
Grenada,,2016,-181.0
Grenada,,2015,-181.0
Grenada,,2014,-181.0
Grenada,,2013,-181.0
Grenada,,2012,-197.0
Grenada,,2011,-285.0
Grenada,,2010,-665.0
Grenada,,2009,-675.0
Grenada,,2008,-683.0
Grenada,,2007,-681.0
Grenada,,2006,-672.0
Grenada,,2005,-672.0
Grenada,,2004,-621.0
Grenada,,2003,-605.0
Grenada,,2002,-587.0
Grenada,,2001,-737.0
Grenada,,2000,-376.0
Grenada,,1999,-374.0
Grenada,,1998,-490.0
Grenada,,1997,-772.0
Grenada,,1996,-845.0
Grenada,,1995,-856.0
Grenada,,1994,-853.0
Grenada,,1993,-878.0
Grenada,,1992,-1015.0
Grenada,,1991,-1130.0
Grenada,,1990,-1088.0
Grenada,,1989,-1254.0
Grenada,,1988,-1243.0
Grenada,,1987,-1587.0
Grenada,,1986,-1616.0
Grenada,,1985,-1555.0
Grenada,,1984,-1416.0
Grenada,,1983,-1274.0
Grenada,,1982,-1201.0
Grenada,,1981,-1571.0
Grenada,,1980,-2864.0
Grenada,,1979,-2743.0
Grenada,,1978,-2647.0
Grenada,,1977,-2642.0
Grenada,,1976,-2645.0
Grenada,,1975,-2651.0
Grenada,,1974,-2654.0
Grenada,,1973,-2615.0
Grenada,,1972,-2562.0
Grenada,,1971,-2463.0
Grenada,,1970,-2566.0
Grenada,,1969,-2759.0
Grenada,,1968,-2973.0
Grenada,,1967,-3201.0
Grenada,,1966,-3350.0
Grenada,,1965,-3221.0
Grenada,,1964,-3071.0
Grenada,,1963,-2906.0
Grenada,,1962,-2735.0
Grenada,,1961,-2565.0
Grenada,,1960,-2255.0
Guatemala,,2025,-7959.0
Guatemala,,2024,-7725.0
Guatemala,,2023,-8940.0
Guatemala,,2022,-8463.0
Guatemala,,2021,-29908.0
Guatemala,,2020,-23927.0
Guatemala,,2019,-57746.0
Guatemala,,2018,-56487.0
Guatemala,,2017,-42779.0
Guatemala,,2016,-30980.0
Guatemala,,2015,-48179.0
Guatemala,,2014,-40409.0
Guatemala,,2013,-35698.0
Guatemala,,2012,-32624.0
Guatemala,,2011,-33238.0
Guatemala,,2010,-36076.0
Guatemala,,2009,-43046.0
Guatemala,,2008,-42624.0
Guatemala,,2007,-40632.0
Guatemala,,2006,-42118.0
Guatemala,,2005,-49636.0
Guatemala,,2004,-47409.0
Guatemala,,2003,-54701.0
Guatemala,,2002,-55247.0
Guatemala,,2001,-59536.0
Guatemala,,2000,-65197.0
Guatemala,,1999,-47325.0
Guatemala,,1998,-39104.0
Guatemala,,1997,-43377.0
Guatemala,,1996,-43501.0
Guatemala,,1995,-39917.0
Guatemala,,1994,-33462.0
Guatemala,,1993,-36848.0
Guatemala,,1992,-32093.0
Guatemala,,1991,-40868.0
Guatemala,,1990,-27735.0
Guatemala,,1989,-30860.0
Guatemala,,1988,-30450.0
Guatemala,,1987,-31539.0
Guatemala,,1986,-31631.0
Guatemala,,1985,-24991.0
Guatemala,,1984,-25010.0
Guatemala,,1983,-32877.0
Guatemala,,1982,-46174.0
Guatemala,,1981,-45490.0
Guatemala,,1980,-43144.0
Guatemala,,1979,-47278.0
Guatemala,,1978,-48309.0
Guatemala,,1977,-46249.0
Guatemala,,1976,-50745.0
Guatemala,,1975,-42329.0
Guatemala,,1974,-36089.0
Guatemala,,1973,-29641.0
Guatemala,,1972,-25807.0
Guatemala,,1971,-23513.0
Guatemala,,1970,-14755.0
Guatemala,,1969,-10937.0
Guatemala,,1968,-7589.0
Guatemala,,1967,-4715.0
Guatemala,,1966,-3824.0
Guatemala,,1965,-681.0
Guatemala,,1964,-440.0
Guatemala,,1963,240.0
Guatemala,,1962,713.0
Guatemala,,1961,797.0
Guatemala,,1960,-186.0
Guinea,,2025,-16282.0
Guinea,,2024,-12024.0
Guinea,,2023,-3997.0
Guinea,,2022,-3997.0
Guinea,,2021,-4373.0
Guinea,,2020,-4365.0
Guinea,,2019,-3240.0
Guinea,,2018,-9187.0
Guinea,,2017,-13718.0
Guinea,,2016,-14189.0
Guinea,,2015,-15117.0
Guinea,,2014,-22741.0
Guinea,,2013,-29136.0
Guinea,,2012,-32808.0
Guinea,,2011,-29069.0
Guinea,,2010,-31327.0
Guinea,,2009,-34007.0
Guinea,,2008,-32925.0
Guinea,,2007,-34311.0
Guinea,,2006,-48078.0
Guinea,,2005,-71015.0
Guinea,,2004,-56036.0
Guinea,,2003,-36934.0
Guinea,,2002,-33450.0
Guinea,,2001,-155020.0
Guinea,,2000,-77450.0
Guinea,,1999,-46183.0
Guinea,,1998,-30903.0
Guinea,,1997,-107614.0
Guinea,,1996,-4973.0
Guinea,,1995,18021.0
Guinea,,1994,-8826.0
Guinea,,1993,45616.0
Guinea,,1992,-3285.0
Guinea,,1991,66718.0
Guinea,,1990,107641.0
Guinea,,1989,-5150.0
Guinea,,1988,-637.0
Guinea,,1987,-350.0
Guinea,,1986,-2900.0
Guinea,,1985,-6965.0
Guinea,,1984,-11439.0
Guinea,,1983,-15265.0
Guinea,,1982,-17920.0
Guinea,,1981,-21367.0
Guinea,,1980,-25287.0
Guinea,,1979,-28770.0
Guinea,,1978,-30933.0
Guinea,,1977,-31004.0
Guinea,,1976,-29220.0
Guinea,,1975,-26221.0
Guinea,,1974,-22637.0
Guinea,,1973,-19065.0
Guinea,,1972,-15782.0
Guinea,,1971,-11543.0
Guinea,,1970,-6906.0
Guinea,,1969,-2844.0
Guinea,,1968,-345.0
Guinea,,1967,0.0
Guinea,,1966,0.0
Guinea,,1965,0.0
Guinea,,1964,0.0
Guinea,,1963,0.0
Guinea,,1962,0.0
Guinea,,1961,0.0
Guinea,,1960,0.0
Guinea-Bissau,,2025,-1373.0
Guinea-Bissau,,2024,-1712.0
Guinea-Bissau,,2023,-1400.0
Guinea-Bissau,,2022,-1400.0
Guinea-Bissau,,2021,-1395.0
Guinea-Bissau,,2020,-1394.0
Guinea-Bissau,,2019,-1395.0
Guinea-Bissau,,2018,-1396.0
Guinea-Bissau,,2017,-1398.0
Guinea-Bissau,,2016,-1392.0
Guinea-Bissau,,2015,-1393.0
Guinea-Bissau,,2014,-1393.0
Guinea-Bissau,,2013,-1395.0
Guinea-Bissau,,2012,-1442.0
Guinea-Bissau,,2011,-1760.0
Guinea-Bissau,,2010,-2257.0
Guinea-Bissau,,2009,-2821.0
Guinea-Bissau,,2008,-3313.0
Guinea-Bissau,,2007,-3676.0
Guinea-Bissau,,2006,-4142.0
Guinea-Bissau,,2005,-4662.0
Guinea-Bissau,,2004,-5144.0
Guinea-Bissau,,2003,-5487.0
Guinea-Bissau,,2002,-5712.0
Guinea-Bissau,,2001,-6239.0
Guinea-Bissau,,2000,-6971.0
Guinea-Bissau,,1999,-7686.0
Guinea-Bissau,,1998,-8163.0
Guinea-Bissau,,1997,-8176.0
Guinea-Bissau,,1996,-7369.0
Guinea-Bissau,,1995,-4376.0
Guinea-Bissau,,1994,3174.0
Guinea-Bissau,,1993,8562.0
Guinea-Bissau,,1992,7531.0
Guinea-Bissau,,1991,1621.0
Guinea-Bissau,,1990,-8151.0
Guinea-Bissau,,1989,-8296.0
Guinea-Bissau,,1988,-8473.0
Guinea-Bissau,,1987,-8622.0
Guinea-Bissau,,1986,-8748.0
Guinea-Bissau,,1985,-8812.0
Guinea-Bissau,,1984,-8812.0
Guinea-Bissau,,1983,-8729.0
Guinea-Bissau,,1982,-8539.0
Guinea-Bissau,,1981,-8291.0
Guinea-Bissau,,1980,-8086.0
Guinea-Bissau,,1979,-13801.0
Guinea-Bissau,,1978,32936.0
Guinea-Bissau,,1977,33922.0
Guinea-Bissau,,1976,32113.0
Guinea-Bissau,,1975,28645.0
Guinea-Bissau,,1974,24290.0
Guinea-Bissau,,1973,-1985.0
Guinea-Bissau,,1972,-1985.0
Guinea-Bissau,,1971,-13302.0
Guinea-Bissau,,1970,1123.0
Guinea-Bissau,,1969,-11033.0
Guinea-Bissau,,1968,2769.0
Guinea-Bissau,,1967,1516.0
Guinea-Bissau,,1966,-11006.0
Guinea-Bissau,,1965,-19928.0
Guinea-Bissau,,1964,-23936.0
Guinea-Bissau,,1963,-5993.0
Guinea-Bissau,,1962,-3960.0
Guinea-Bissau,,1961,-3575.0
Guinea-Bissau,,1960,-8007.0
Guyana,,2025,-5092.0
Guyana,,2024,-5407.0
Guyana,,2023,-6161.0
Guyana,,2022,-6161.0
Guyana,,2021,-689.0
Guyana,,2020,-1743.0
Guyana,,2019,-20603.0
Guyana,,2018,30213.0
Guyana,,2017,-6107.0
Guyana,,2016,-6309.0
Guyana,,2015,-6527.0
Guyana,,2014,-6710.0
Guyana,,2013,-6907.0
Guyana,,2012,-7152.0
Guyana,,2011,-13920.0
Guyana,,2010,-13655.0
Guyana,,2009,-13425.0
Guyana,,2008,-13143.0
Guyana,,2007,-12906.0
Guyana,,2006,-12575.0
Guyana,,2005,-12290.0
Guyana,,2004,-11938.0
Guyana,,2003,-11551.0
Guyana,,2002,-13116.0
Guyana,,2001,-14050.0
Guyana,,2000,-14090.0
Guyana,,1999,-14115.0
Guyana,,1998,-14155.0
Guyana,,1997,-14019.0
Guyana,,1996,-13871.0
Guyana,,1995,-13614.0
Guyana,,1994,-13426.0
Guyana,,1993,-13137.0
Guyana,,1992,-12844.0
Guyana,,1991,-14949.0
Guyana,,1990,-20930.0
Guyana,,1989,-20870.0
Guyana,,1988,-20860.0
Guyana,,1987,-20848.0
Guyana,,1986,-20647.0
Guyana,,1985,-20337.0
Guyana,,1984,-19702.0
Guyana,,1983,-19075.0
Guyana,,1982,-17959.0
Guyana,,1981,-16648.0
Guyana,,1980,-13952.0
Guyana,,1979,-12138.0
Guyana,,1978,-11841.0
Guyana,,1977,-11636.0
Guyana,,1976,-11445.0
Guyana,,1975,-11231.0
Guyana,,1974,-11012.0
Guyana,,1973,-10731.0
Guyana,,1972,-10448.0
Guyana,,1971,-10142.0
Guyana,,1970,-8439.0
Guyana,,1969,-4969.0
Guyana,,1968,-5071.0
Guyana,,1967,-5192.0
Guyana,,1966,-5277.0
Guyana,,1965,-5347.0
Guyana,,1964,-5437.0
Guyana,,1963,-5434.0
Guyana,,1962,-5379.0
Guyana,,1961,-5267.0
Guyana,,1960,-3837.0
Haiti,,2025,-32052.0
Haiti,,2024,-31747.0
Haiti,,2023,-31786.0
Haiti,,2022,-32220.0
Haiti,,2021,-32952.0
Haiti,,2020,-33850.0
Haiti,,2019,-34612.0
Haiti,,2018,-34976.0
Haiti,,2017,-34742.0
Haiti,,2016,-33879.0
Haiti,,2015,-32669.0
Haiti,,2014,-31390.0
Haiti,,2013,-30323.0
Haiti,,2012,-29658.0
Haiti,,2011,-29029.0
Haiti,,2010,-28416.0
Haiti,,2009,-27924.0
Haiti,,2008,-27630.0
Haiti,,2007,-26995.0
Haiti,,2006,-26629.0
Haiti,,2005,-26276.0
Haiti,,2004,-26399.0
Haiti,,2003,-26518.0
Haiti,,2002,-26626.0
Haiti,,2001,-26812.0
Haiti,,2000,-27075.0
Haiti,,1999,-27317.0
Haiti,,1998,-27476.0
Haiti,,1997,-27492.0
Haiti,,1996,-27348.0
Haiti,,1995,-27826.0
Haiti,,1994,-27744.0
Haiti,,1993,-27584.0
Haiti,,1992,-27415.0
Haiti,,1991,-27245.0
Haiti,,1990,-26075.0
Haiti,,1989,-25857.0
Haiti,,1988,-25662.0
Haiti,,1987,-25518.0
Haiti,,1986,-25257.0
Haiti,,1985,-24887.0
Haiti,,1984,-24427.0
Haiti,,1983,-23944.0
Haiti,,1982,-23375.0
Haiti,,1981,-23106.0
Haiti,,1980,-22900.0
Haiti,,1979,-22280.0
Haiti,,1978,-21809.0
Haiti,,1977,-21401.0
Haiti,,1976,-20870.0
Haiti,,1975,-20074.0
Haiti,,1974,-19792.0
Haiti,,1973,-19278.0
Haiti,,1972,-18916.0
Haiti,,1971,-18509.0
Haiti,,1970,-18425.0
Haiti,,1969,-18340.0
Haiti,,1968,-18087.0
Haiti,,1967,-17827.0
Haiti,,1966,-17690.0
Haiti,,1965,-17404.0
Haiti,,1964,-17179.0
Haiti,,1963,-16846.0
Haiti,,1962,-16253.0
Haiti,,1961,-15902.0
Haiti,,1960,-15862.0
Honduras,,2025,-4778.0
Honduras,,2024,-4821.0
Honduras,,2023,-5044.0
Honduras,,2022,-5374.0
Honduras,,2021,-5777.0
Honduras,,2020,-6199.0
Honduras,,2019,-6546.0
Honduras,,2018,-6764.0
Honduras,,2017,-6778.0
Honduras,,2016,-6681.0
Honduras,,2015,-6509.0
Honduras,,2014,-6293.0
Honduras,,2013,-6091.0
Honduras,,2012,-5891.0
Honduras,,2011,-5664.0
Honduras,,2010,-5419.0
Honduras,,2009,-5196.0
Honduras,,2008,-5039.0
Honduras,,2007,-5039.0
Honduras,,2006,-5450.0
Honduras,,2005,-6190.0
Honduras,,2004,-7083.0
Honduras,,2003,-7982.0
Honduras,,2002,-8816.0
Honduras,,2001,-9744.0
Honduras,,2000,-10757.0
Honduras,,1999,-11753.0
Honduras,,1998,-12638.0
Honduras,,1997,-13344.0
Honduras,,1996,-14049.0
Honduras,,1995,-14707.0
Honduras,,1994,-15246.0
Honduras,,1993,-15559.0
Honduras,,1992,-15583.0
Honduras,,1991,-15509.0
Honduras,,1990,-15351.0
Honduras,,1989,-16146.0
Honduras,,1988,-16919.0
Honduras,,1987,-17423.0
Honduras,,1986,-17812.0
Honduras,,1985,-17778.0
Honduras,,1984,-17277.0
Honduras,,1983,-16810.0
Honduras,,1982,-16530.0
Honduras,,1981,-15986.0
Honduras,,1980,-15445.0
Honduras,,1979,-14979.0
Honduras,,1978,-14537.0
Honduras,,1977,-13777.0
Honduras,,1976,-12916.0
Honduras,,1975,-11855.0
Honduras,,1974,-10947.0
Honduras,,1973,-10001.0
Honduras,,1972,-9403.0
Honduras,,1971,-8918.0
Honduras,,1970,-8751.0
Honduras,,1969,-8544.0
Honduras,,1968,-8335.0
Honduras,,1967,-8056.0
Honduras,,1966,-7649.0
Honduras,,1965,-7161.0
Honduras,,1964,-6620.0
Honduras,,1963,-6063.0
Honduras,,1962,-5519.0
Honduras,,1961,-4838.0
Honduras,,1960,-4085.0
Hungary,,2025,-16331.0
Hungary,,2024,16223.0
Hungary,,2023,49213.0
Hungary,,2022,41871.0
Hungary,,2021,20372.0
Hungary,,2020,9147.0
Hungary,,2019,34339.0
Hungary,,2018,34190.0
Hungary,,2017,20200.0
Hungary,,2016,68.0
Hungary,,2015,13856.0
Hungary,,2014,11581.0
Hungary,,2013,5635.0
Hungary,,2012,15286.0
Hungary,,2011,1859.0
Hungary,,2010,10592.0
Hungary,,2009,17281.0
Hungary,,2008,16166.0
Hungary,,2007,13697.0
Hungary,,2006,19890.0
Hungary,,2005,16925.0
Hungary,,2004,16637.0
Hungary,,2003,13879.0
Hungary,,2002,2822.0
Hungary,,2001,10386.0
Hungary,,2000,13414.0
Hungary,,1999,12819.0
Hungary,,1998,13568.0
Hungary,,1997,14186.0
Hungary,,1996,14605.0
Hungary,,1995,14927.0
Hungary,,1994,15159.0
Hungary,,1993,15540.0
Hungary,,1992,16238.0
Hungary,,1991,16873.0
Hungary,,1990,16991.0
Hungary,,1989,-16991.0
Hungary,,1988,-16052.0
Hungary,,1987,-16175.0
Hungary,,1986,-16339.0
Hungary,,1985,-15890.0
Hungary,,1984,-16216.0
Hungary,,1983,-16047.0
Hungary,,1982,-16531.0
Hungary,,1981,-16869.0
Hungary,,1980,-17795.0
Hungary,,1979,3629.0
Hungary,,1978,290.0
Hungary,,1977,-54.0
Hungary,,1976,-472.0
Hungary,,1975,-335.0
Hungary,,1974,132.0
Hungary,,1973,-1512.0
Hungary,,1972,-8.0
Hungary,,1971,-15.0
Hungary,,1970,-96.0
Hungary,,1969,-333.0
Hungary,,1968,-324.0
Hungary,,1967,-414.0
Hungary,,1966,-726.0
Hungary,,1965,-537.0
Hungary,,1964,-739.0
Hungary,,1963,-822.0
Hungary,,1962,-1738.0
Hungary,,1961,-1177.0
Hungary,,1960,-1108.0
Iceland,,2025,2709.0
Iceland,,2024,3543.0
Iceland,,2023,4630.0
Iceland,,2022,6535.0
Iceland,,2021,4911.0
Iceland,,2020,2498.0
Iceland,,2019,5030.0
Iceland,,2018,6638.0
Iceland,,2017,8348.0
Iceland,,2016,4128.0
Iceland,,2015,1499.0
Iceland,,2014,1139.0
Iceland,,2013,1666.0
Iceland,,2012,-277.0
Iceland,,2011,-1393.0
Iceland,,2010,-2055.0
Iceland,,2009,-4785.0
Iceland,,2008,1138.0
Iceland,,2007,5254.0
Iceland,,2006,5300.0
Iceland,,2005,3925.0
Iceland,,2004,610.0
Iceland,,2003,-204.0
Iceland,,2002,-333.0
Iceland,,2001,867.0
Iceland,,2000,1877.0
Iceland,,1999,1165.0
Iceland,,1998,1014.0
Iceland,,1997,225.0
Iceland,,1996,-511.0
Iceland,,1995,-1354.0
Iceland,,1994,-804.0
Iceland,,1993,-194.0
Iceland,,1992,-225.0
Iceland,,1991,1145.0
Iceland,,1990,-971.0
Iceland,,1989,-994.0
Iceland,,1988,1572.0
Iceland,,1987,944.0
Iceland,,1986,-335.0
Iceland,,1985,-628.0
Iceland,,1984,-328.0
Iceland,,1983,170.0
Iceland,,1982,616.0
Iceland,,1981,157.0
Iceland,,1980,-629.0
Iceland,,1979,-572.0
Iceland,,1978,-781.0
Iceland,,1977,-1079.0
Iceland,,1976,-1181.0
Iceland,,1975,-388.0
Iceland,,1974,209.0
Iceland,,1973,-310.0
Iceland,,1972,362.0
Iceland,,1971,-231.0
Iceland,,1970,-1754.0
Iceland,,1969,-1414.0
Iceland,,1968,-448.0
Iceland,,1967,47.0
Iceland,,1966,39.0
Iceland,,1965,-194.0
Iceland,,1964,-67.0
Iceland,,1963,-113.0
Iceland,,1962,-228.0
Iceland,,1961,164.0
Iceland,,1960,-269.0
India,,2025,-495753.0
India,,2024,-630830.0
India,,2023,-979179.0
India,,2022,-1353478.0
India,,2021,-348916.0
India,,2020,-73806.0
India,,2019,-978969.0
India,,2018,-589794.0
India,,2017,-251642.0
India,,2016,81248.0
India,,2015,-655085.0
India,,2014,-227263.0
India,,2013,-151372.0
India,,2012,-198935.0
India,,2011,-247017.0
India,,2010,-50905.0
India,,2009,-312905.0
India,,2008,-1020047.0
India,,2007,-1037200.0
India,,2006,-342177.0
India,,2005,-929454.0
India,,2004,-206660.0
India,,2003,-606970.0
India,,2002,-732419.0
India,,2001,-70346.0
India,,2000,-143960.0
India,,1999,-95320.0
India,,1998,-1049.0
India,,1997,880.0
India,,1996,-26388.0
India,,1995,-57297.0
India,,1994,-375253.0
India,,1993,2364.0
India,,1992,35155.0
India,,1991,-157911.0
India,,1990,125514.0
India,,1989,-2907.0
India,,1988,-155676.0
India,,1987,-219150.0
India,,1986,-249545.0
India,,1985,-89991.0
India,,1984,-32313.0
India,,1983,119694.0
India,,1982,-10687.0
India,,1981,33243.0
India,,1980,210914.0
India,,1979,774094.0
India,,1978,-210444.0
India,,1977,590626.0
India,,1976,275984.0
India,,1975,434205.0
India,,1974,347869.0
India,,1973,-404743.0
India,,1972,-82816.0
India,,1971,-974574.0
India,,1970,233782.0
India,,1969,-851844.0
India,,1968,-995416.0
India,,1967,-70314.0
India,,1966,-566982.0
India,,1965,-248299.0
India,,1964,-141916.0
India,,1963,21640.0
India,,1962,-70514.0
India,,1961,295177.0
India,,1960,146955.0
Indonesia,,2025,-39509.0
Indonesia,,2024,-38469.0
Indonesia,,2023,-37501.0
Indonesia,,2022,-37501.0
Indonesia,,2021,-11248.0
Indonesia,,2020,-18743.0
Indonesia,,2019,-30421.0
Indonesia,,2018,-29911.0
Indonesia,,2017,-29467.0
Indonesia,,2016,-28991.0
Indonesia,,2015,-28487.0
Indonesia,,2014,-27988.0
Indonesia,,2013,-27507.0
Indonesia,,2012,-28869.0
Indonesia,,2011,-40543.0
Indonesia,,2010,-57752.0
Indonesia,,2009,-73655.0
Indonesia,,2008,-81364.0
Indonesia,,2007,-77338.0
Indonesia,,2006,-75829.0
Indonesia,,2005,-76784.0
Indonesia,,2004,-77002.0
Indonesia,,2003,-97732.0
Indonesia,,2002,-83985.0
Indonesia,,2001,-64255.0
Indonesia,,2000,-42697.0
Indonesia,,1999,-28799.0
Indonesia,,1998,-11356.0
Indonesia,,1997,-4334.0
Indonesia,,1996,-1854.0
Indonesia,,1995,-1643.0
Indonesia,,1994,-2575.0
Indonesia,,1993,-3485.0
Indonesia,,1992,-2609.0
Indonesia,,1991,3096.0
Indonesia,,1990,11539.0
Indonesia,,1989,19905.0
Indonesia,,1988,25383.0
Indonesia,,1987,26705.0
Indonesia,,1986,30988.0
Indonesia,,1985,37451.0
Indonesia,,1984,43693.0
Indonesia,,1983,47375.0
Indonesia,,1982,46792.0
Indonesia,,1981,44710.0
Indonesia,,1980,42254.0
Indonesia,,1979,43900.0
Indonesia,,1978,45911.0
Indonesia,,1977,45610.0
Indonesia,,1976,48010.0
Indonesia,,1975,56386.0
Indonesia,,1974,61188.0
Indonesia,,1973,64991.0
Indonesia,,1972,72007.0
Indonesia,,1971,79264.0
Indonesia,,1970,81368.0
Indonesia,,1969,82955.0
Indonesia,,1968,55731.0
Indonesia,,1967,-80138.0
Indonesia,,1966,-77645.0
Indonesia,,1965,-61145.0
Indonesia,,1964,144819.0
Indonesia,,1963,110166.0
Indonesia,,1962,106264.0
Indonesia,,1961,103628.0
Indonesia,,1960,101631.0
Iran,,2025,116786.0
Iran,,2024,190156.0
Iran,,2023,262044.0
Iran,,2022,403190.0
Iran,,2021,334967.0
Iran,,2020,-180680.0
Iran,,2019,-32794.0
Iran,,2018,-27946.0
Iran,,2017,34849.0
Iran,,2016,66630.0
Iran,,2015,-46239.0
Iran,,2014,-56042.0
Iran,,2013,-47322.0
Iran,,2012,-57823.0
Iran,,2011,-65924.0
Iran,,2010,-12849.0
Iran,,2009,211.0
Iran,,2008,-12184.0
Iran,,2007,-24950.0
Iran,,2006,640932.0
Iran,,2005,765873.0
Iran,,2004,739996.0
Iran,,2003,700222.0
Iran,,2002,-668962.0
Iran,,2001,291692.0
Iran,,2000,300133.0
Iran,,1999,191988.0
Iran,,1998,218171.0
Iran,,1997,98009.0
Iran,,1996,-92435.0
Iran,,1995,-220258.0
Iran,,1994,-297487.0
Iran,,1993,-1696091.0
Iran,,1992,-451945.0
Iran,,1991,-13059.0
Iran,,1990,200711.0
Iran,,1989,9460.0
Iran,,1988,30688.0
Iran,,1987,213524.0
Iran,,1986,242411.0
Iran,,1985,163999.0
Iran,,1984,97748.0
Iran,,1983,204544.0
Iran,,1982,222390.0
Iran,,1981,1452169.0
Iran,,1980,103674.0
Iran,,1979,75451.0
Iran,,1978,70088.0
Iran,,1977,68093.0
Iran,,1976,18825.0
Iran,,1975,106921.0
Iran,,1974,103252.0
Iran,,1973,104779.0
Iran,,1972,96614.0
Iran,,1971,77717.0
Iran,,1970,89757.0
Iran,,1969,78196.0
Iran,,1968,69342.0
Iran,,1967,77313.0
Iran,,1966,98709.0
Iran,,1965,127808.0
Iran,,1964,121817.0
Iran,,1963,110190.0
Iran,,1962,96332.0
Iran,,1961,77811.0
Iran,,1960,54041.0
Iraq,,2025,-1064.0
Iraq,,2024,-17735.0
Iraq,,2023,-5710.0
Iraq,,2022,76821.0
Iraq,,2021,17474.0
Iraq,,2020,29858.0
Iraq,,2019,-43919.0
Iraq,,2018,15775.0
Iraq,,2017,-21998.0
Iraq,,2016,-113980.0
Iraq,,2015,-22338.0
Iraq,,2014,-5033.0
Iraq,,2013,474379.0
Iraq,,2012,753907.0
Iraq,,2011,261880.0
Iraq,,2010,92779.0
Iraq,,2009,120092.0
Iraq,,2008,396792.0
Iraq,,2007,-824428.0
Iraq,,2006,-1206850.0
Iraq,,2005,51019.0
Iraq,,2004,69948.0
Iraq,,2003,-27236.0
Iraq,,2002,133839.0
Iraq,,2001,14451.0
Iraq,,2000,87624.0
Iraq,,1999,69491.0
Iraq,,1998,48446.0
Iraq,,1997,15429.0
Iraq,,1996,14652.0
Iraq,,1995,40424.0
Iraq,,1994,54355.0
Iraq,,1993,581818.0
Iraq,,1992,20292.0
Iraq,,1991,-95155.0
Iraq,,1990,-601469.0
Iraq,,1989,19392.0
Iraq,,1988,-81562.0
Iraq,,1987,-108426.0
Iraq,,1986,39136.0
Iraq,,1985,-199505.0
Iraq,,1984,21709.0
Iraq,,1983,23115.0
Iraq,,1982,-22302.0
Iraq,,1981,-23640.0
Iraq,,1980,15757.0
Iraq,,1979,-20617.0
Iraq,,1978,7434.0
Iraq,,1977,8204.0
Iraq,,1976,-13915.0
Iraq,,1975,-6237.0
Iraq,,1974,-4090.0
Iraq,,1973,-1507.0
Iraq,,1972,-2600.0
Iraq,,1971,-6479.0
Iraq,,1970,1377.0
Iraq,,1969,312.0
Iraq,,1968,928.0
Iraq,,1967,2531.0
Iraq,,1966,1298.0
Iraq,,1965,4555.0
Iraq,,1964,3224.0
Iraq,,1963,3197.0
Iraq,,1962,3343.0
Iraq,,1961,2981.0
Iraq,,1960,1573.0
Ireland,,2025,35417.0
Ireland,,2024,39059.0
Ireland,,2023,43873.0
Ireland,,2022,93535.0
Ireland,,2021,27419.0
Ireland,,2020,15746.0
Ireland,,2019,29663.0
Ireland,,2018,33387.0
Ireland,,2017,28883.0
Ireland,,2016,18967.0
Ireland,,2015,13376.0
Ireland,,2014,448.0
Ireland,,2013,-12309.0
Ireland,,2012,-22411.0
Ireland,,2011,-26529.0
Ireland,,2010,-26974.0
Ireland,,2009,-18524.0
Ireland,,2008,18979.0
Ireland,,2007,76465.0
Ireland,,2006,94513.0
Ireland,,2005,63983.0
Ireland,,2004,49102.0
Ireland,,2003,32220.0
Ireland,,2002,34286.0
Ireland,,2001,39220.0
Ireland,,2000,31298.0
Ireland,,1999,23592.0
Ireland,,1998,16615.0
Ireland,,1997,17425.0
Ireland,,1996,9959.0
Ireland,,1995,10019.0
Ireland,,1994,-3118.0
Ireland,,1993,-3762.0
Ireland,,1992,1335.0
Ireland,,1991,4944.0
Ireland,,1990,-8203.0
Ireland,,1989,-28752.0
Ireland,,1988,-44020.0
Ireland,,1987,-38426.0
Ireland,,1986,-21139.0
Ireland,,1985,-16178.0
Ireland,,1984,-15549.0
Ireland,,1983,-15043.0
Ireland,,1982,-14464.0
Ireland,,1981,-10834.0
Ireland,,1980,-2876.0
Ireland,,1979,1486.0
Ireland,,1978,15543.0
Ireland,,1977,14505.0
Ireland,,1976,14200.0
Ireland,,1975,13828.0
Ireland,,1974,13482.0
Ireland,,1973,13164.0
Ireland,,1972,12858.0
Ireland,,1971,5851.0
Ireland,,1970,-8892.0
Ireland,,1969,-10250.0
Ireland,,1968,-11132.0
Ireland,,1967,-11708.0
Ireland,,1966,-11858.0
Ireland,,1965,-14016.0
Ireland,,1964,-15640.0
Ireland,,1963,-16615.0
Ireland,,1962,-17438.0
Ireland,,1961,-22237.0
Ireland,,1960,-38492.0
Israel,,2025,11466.0
Israel,,2024,10612.0
Israel,,2023,9999.0
Israel,,2022,50004.0
Israel,,2021,16859.0
Israel,,2020,16573.0
Israel,,2019,16134.0
Israel,,2018,15615.0
Israel,,2017,14518.0
Israel,,2016,24308.0
Israel,,2015,29735.0
Israel,,2014,25303.0
Israel,,2013,17075.0
Israel,,2012,16549.0
Israel,,2011,10470.0
Israel,,2010,12906.0
Israel,,2009,7269.0
Israel,,2008,7974.0
Israel,,2007,9654.0
Israel,,2006,11446.0
Israel,,2005,10975.0
Israel,,2004,8494.0
Israel,,2003,6684.0
Israel,,2002,17420.0
Israel,,2001,38643.0
Israel,,2000,63409.0
Israel,,1999,78422.0
Israel,,1998,52713.0
Israel,,1997,60297.0
Israel,,1996,66811.0
Israel,,1995,61800.0
Israel,,1994,57273.0
Israel,,1993,49345.0
Israel,,1992,57522.0
Israel,,1991,153141.0
Israel,,1990,178732.0
Israel,,1989,14192.0
Israel,,1988,1675.0
Israel,,1987,7511.0
Israel,,1986,-3598.0
Israel,,1985,-3686.0
Israel,,1984,10933.0
Israel,,1983,689.0
Israel,,1982,16563.0
Israel,,1981,16021.0
Israel,,1980,16284.0
Israel,,1979,15591.0
Israel,,1978,15556.0
Israel,,1977,12747.0
Israel,,1976,10459.0
Israel,,1975,11726.0
Israel,,1974,11929.0
Israel,,1973,14310.0
Israel,,1972,27415.0
Israel,,1971,52632.0
Israel,,1970,56173.0
Israel,,1969,59928.0
Israel,,1968,60804.0
Israel,,1967,59483.0
Israel,,1966,57347.0
Israel,,1965,54694.0
Israel,,1964,54050.0
Israel,,1963,53877.0
Israel,,1962,52313.0
Israel,,1961,34482.0
Israel,,1960,10990.0
Italy,,2025,75448.0
Italy,,2024,95246.0
Italy,,2023,150189.0
Italy,,2022,231228.0
Italy,,2021,157327.0
Italy,,2020,85281.0
Italy,,2019,46634.0
Italy,,2018,83686.0
Italy,,2017,95147.0
Italy,,2016,84568.0
Italy,,2015,39389.0
Italy,,2014,52679.0
Italy,,2013,158090.0
Italy,,2012,252524.0
Italy,,2011,198544.0
Italy,,2010,274387.0
Italy,,2009,283676.0
Italy,,2008,422534.0
Italy,,2007,495092.0
Italy,,2006,215995.0
Italy,,2005,258702.0
Italy,,2004,417970.0
Italy,,2003,478578.0
Italy,,2002,223861.0
Italy,,2001,48903.0
Italy,,2000,56065.0
Italy,,1999,54405.0
Italy,,1998,67985.0
Italy,,1997,50539.0
Italy,,1996,53450.0
Italy,,1995,-460287.0
Italy,,1994,502750.0
Italy,,1993,24321.0
Italy,,1992,51747.0
Italy,,1991,19721.0
Italy,,1990,35317.0
Italy,,1989,19540.0
Italy,,1988,18553.0
Italy,,1987,7825.0
Italy,,1986,-6206.0
Italy,,1985,6911.0
Italy,,1984,203.0
Italy,,1983,-3733.0
Italy,,1982,-24223.0
Italy,,1981,7182.0
Italy,,1980,295642.0
Italy,,1979,42637.0
Italy,,1978,43932.0
Italy,,1977,42246.0
Italy,,1976,40885.0
Italy,,1975,43051.0
Italy,,1974,42487.0
Italy,,1973,41631.0
Italy,,1972,43182.0
Italy,,1971,-58627.0
Italy,,1970,-62216.0
Italy,,1969,-45346.0
Italy,,1968,-50149.0
Italy,,1967,-37992.0
Italy,,1966,-35352.0
Italy,,1965,-36267.0
Italy,,1964,-27368.0
Italy,,1963,-28198.0
Italy,,1962,-25840.0
Italy,,1961,-129761.0
Italy,,1960,-140765.0
Jamaica,,2025,-11053.0
Jamaica,,2024,-10506.0
Jamaica,,2023,-10003.0
Jamaica,,2022,-10003.0
Jamaica,,2021,-4665.0
Jamaica,,2020,0.0
Jamaica,,2019,-10335.0
Jamaica,,2018,-10335.0
Jamaica,,2017,-10335.0
Jamaica,,2016,-10335.0
Jamaica,,2015,-10335.0
Jamaica,,2014,-10335.0
Jamaica,,2013,-10335.0
Jamaica,,2012,-10498.0
Jamaica,,2011,-11577.0
Jamaica,,2010,-13248.0
Jamaica,,2009,-14941.0
Jamaica,,2008,-16191.0
Jamaica,,2007,-16588.0
Jamaica,,2006,-16840.0
Jamaica,,2005,-17071.0
Jamaica,,2004,-17256.0
Jamaica,,2003,-17380.0
Jamaica,,2002,-17428.0
Jamaica,,2001,-17466.0
Jamaica,,2000,-17498.0
Jamaica,,1999,-17542.0
Jamaica,,1998,-17623.0
Jamaica,,1997,-17756.0
Jamaica,,1996,-18285.0
Jamaica,,1995,-19092.0
Jamaica,,1994,-19960.0
Jamaica,,1993,-20731.0
Jamaica,,1992,-21426.0
Jamaica,,1991,-23014.0
Jamaica,,1990,-25085.0
Jamaica,,1989,-27049.0
Jamaica,,1988,-28247.0
Jamaica,,1987,-27958.0
Jamaica,,1986,-25339.0
Jamaica,,1985,-21371.0
Jamaica,,1984,-17211.0
Jamaica,,1983,-14065.0
Jamaica,,1982,-12952.0
Jamaica,,1981,-13619.0
Jamaica,,1980,-15277.0
Jamaica,,1979,-17143.0
Jamaica,,1978,-18483.0
Jamaica,,1977,-18630.0
Jamaica,,1976,-18084.0
Jamaica,,1975,-17340.0
Jamaica,,1974,-16769.0
Jamaica,,1973,-16822.0
Jamaica,,1972,-17934.0
Jamaica,,1971,-20322.0
Jamaica,,1970,-23371.0
Jamaica,,1969,-26304.0
Jamaica,,1968,-28424.0
Jamaica,,1967,-29147.0
Jamaica,,1966,-29065.0
Jamaica,,1965,-28611.0
Jamaica,,1964,-28066.0
Jamaica,,1963,-27757.0
Jamaica,,1962,-27936.0
Jamaica,,1961,-28416.0
Jamaica,,1960,-28952.0
Japan,,2025,140579.0
Japan,,2024,153357.0
Japan,,2023,175003.0
Japan,,2022,175003.0
Japan,,2021,-34996.0
Japan,,2020,42001.0
Japan,,2019,318190.0
Japan,,2018,320601.0
Japan,,2017,322564.0
Japan,,2016,314732.0
Japan,,2015,168896.0
Japan,,2014,58109.0
Japan,,2013,66449.0
Japan,,2012,67904.0
Japan,,2011,97720.0
Japan,,2010,131860.0
Japan,,2009,125450.0
Japan,,2008,142605.0
Japan,,2007,138024.0
Japan,,2006,130065.0
Japan,,2005,113017.0
Japan,,2004,69014.0
Japan,,2003,74875.0
Japan,,2002,60864.0
Japan,,2001,59563.0
Japan,,2000,23468.0
Japan,,1999,56901.0
Japan,,1998,45912.0
Japan,,1997,43366.0
Japan,,1996,25030.0
Japan,,1995,87714.0
Japan,,1994,154214.0
Japan,,1993,168836.0
Japan,,1992,170878.0
Japan,,1991,161331.0
Japan,,1990,124582.0
Japan,,1989,31202.0
Japan,,1988,51154.0
Japan,,1987,28001.0
Japan,,1986,27987.0
Japan,,1985,-141323.0
Japan,,1984,-273686.0
Japan,,1983,-269755.0
Japan,,1982,-288550.0
Japan,,1981,-278525.0
Japan,,1980,-92314.0
Japan,,1979,-57692.0
Japan,,1978,-47996.0
Japan,,1977,-49082.0
Japan,,1976,-34976.0
Japan,,1975,107.0
Japan,,1974,-10145.0
Japan,,1973,-34674.0
Japan,,1972,-73980.0
Japan,,1971,-107778.0
Japan,,1970,33731.0
Japan,,1969,49447.0
Japan,,1968,43593.0
Japan,,1967,29632.0
Japan,,1966,68934.0
Japan,,1965,-50667.0
Japan,,1964,-100696.0
Japan,,1963,-100742.0
Japan,,1962,-57075.0
Japan,,1961,-58882.0
Japan,,1960,-150371.0
Jordan,,2025,-303267.0
Jordan,,2024,-156369.0
Jordan,,2023,-17445.0
Jordan,,2022,-17445.0
Jordan,,2021,6573.0
Jordan,,2020,6745.0
Jordan,,2019,-23156.0
Jordan,,2018,32062.0
Jordan,,2017,12873.0
Jordan,,2016,31046.0
Jordan,,2015,490844.0
Jordan,,2014,635528.0
Jordan,,2013,609631.0
Jordan,,2012,-146181.0
Jordan,,2011,7057.0
Jordan,,2010,4872.0
Jordan,,2009,-49687.0
Jordan,,2008,767.0
Jordan,,2007,-18108.0
Jordan,,2006,502609.0
Jordan,,2005,3500.0
Jordan,,2004,7979.0
Jordan,,2003,-11699.0
Jordan,,2002,-18463.0
Jordan,,2001,-22896.0
Jordan,,2000,-26077.0
Jordan,,1999,-27530.0
Jordan,,1998,-27036.0
Jordan,,1997,-23021.0
Jordan,,1996,-2655.0
Jordan,,1995,27991.0
Jordan,,1994,61533.0
Jordan,,1993,81576.0
Jordan,,1992,85376.0
Jordan,,1991,75824.0
Jordan,,1990,266100.0
Jordan,,1989,50941.0
Jordan,,1988,39873.0
Jordan,,1987,34646.0
Jordan,,1986,30763.0
Jordan,,1985,28040.0
Jordan,,1984,24316.0
Jordan,,1983,21487.0
Jordan,,1982,16944.0
Jordan,,1981,9659.0
Jordan,,1980,1735.0
Jordan,,1979,-7706.0
Jordan,,1978,-13701.0
Jordan,,1977,-15132.0
Jordan,,1976,-17309.0
Jordan,,1975,-14822.0
Jordan,,1974,-12024.0
Jordan,,1973,-8072.0
Jordan,,1972,-2622.0
Jordan,,1971,8976.0
Jordan,,1970,25894.0
Jordan,,1969,40481.0
Jordan,,1968,50036.0
Jordan,,1967,50397.0
Jordan,,1966,41882.0
Jordan,,1965,29737.0
Jordan,,1964,17018.0
Jordan,,1963,8763.0
Jordan,,1962,8098.0
Jordan,,1961,11097.0
Jordan,,1960,15509.0
Kazakhstan,,2025,-8834.0
Kazakhstan,,2024,-7368.0
Kazakhstan,,2023,-4822.0
Kazakhstan,,2022,45755.0
Kazakhstan,,2021,-9804.0
Kazakhstan,,2020,-8716.0
Kazakhstan,,2019,2594.0
Kazakhstan,,2018,-6644.0
Kazakhstan,,2017,21248.0
Kazakhstan,,2016,9478.0
Kazakhstan,,2015,-2011.0
Kazakhstan,,2014,-10170.0
Kazakhstan,,2013,-3925.0
Kazakhstan,,2012,-4512.0
Kazakhstan,,2011,-3160.0
Kazakhstan,,2010,-6840.0
Kazakhstan,,2009,-7758.0
Kazakhstan,,2008,-37796.0
Kazakhstan,,2007,-26237.0
Kazakhstan,,2006,-21728.0
Kazakhstan,,2005,-20171.0
Kazakhstan,,2004,-22841.0
Kazakhstan,,2003,-16027.0
Kazakhstan,,2002,-8272.0
Kazakhstan,,2001,-7333.0
Kazakhstan,,2000,-8754.0
Kazakhstan,,1999,-61031.0
Kazakhstan,,1998,-488075.0
Kazakhstan,,1997,-481380.0
Kazakhstan,,1996,-469331.0
Kazakhstan,,1995,-412775.0
Kazakhstan,,1994,-520028.0
Kazakhstan,,1993,-292682.0
Kazakhstan,,1992,-214015.0
Kazakhstan,,1991,-104271.0
Kazakhstan,,1990,-103336.0
Kazakhstan,,1989,-72096.0
Kazakhstan,,1988,-25892.0
Kazakhstan,,1987,-32724.0
Kazakhstan,,1986,-23297.0
Kazakhstan,,1985,-103115.0
Kazakhstan,,1984,-96266.0
Kazakhstan,,1983,-84566.0
Kazakhstan,,1982,-76976.0
Kazakhstan,,1981,-74624.0
Kazakhstan,,1980,-67731.0
Kazakhstan,,1979,-60198.0
Kazakhstan,,1978,131248.0
Kazakhstan,,1977,135047.0
Kazakhstan,,1976,127735.0
Kazakhstan,,1975,26332.0
Kazakhstan,,1974,28807.0
Kazakhstan,,1973,30467.0
Kazakhstan,,1972,53914.0
Kazakhstan,,1971,65291.0
Kazakhstan,,1970,72000.0
Kazakhstan,,1969,77805.0
Kazakhstan,,1968,105890.0
Kazakhstan,,1967,105830.0
Kazakhstan,,1966,101999.0
Kazakhstan,,1965,103626.0
Kazakhstan,,1964,98761.0
Kazakhstan,,1963,94932.0
Kazakhstan,,1962,90842.0
Kazakhstan,,1961,85981.0
Kazakhstan,,1960,83525.0
Kenya,,2025,-27330.0
Kenya,,2024,-19781.0
Kenya,,2023,-10003.0
Kenya,,2022,-10003.0
Kenya,,2021,-52552.0
Kenya,,2020,-17111.0
Kenya,,2019,-61949.0
Kenya,,2018,-115436.0
Kenya,,2017,-68702.0
Kenya,,2016,-29728.0
Kenya,,2015,-95977.0
Kenya,,2014,-72415.0
Kenya,,2013,-57634.0
Kenya,,2012,-42928.0
Kenya,,2011,-44795.0
Kenya,,2010,-21069.0
Kenya,,2009,7096.0
Kenya,,2008,29612.0
Kenya,,2007,-11495.0
Kenya,,2006,15767.0
Kenya,,2005,5501.0
Kenya,,2004,31525.0
Kenya,,2003,24175.0
Kenya,,2002,10431.0
Kenya,,2001,55052.0
Kenya,,2000,5407.0
Kenya,,1999,-13257.0
Kenya,,1998,-70023.0
Kenya,,1997,-80443.0
Kenya,,1996,-79276.0
Kenya,,1995,-75506.0
Kenya,,1994,-40367.0
Kenya,,1993,-61054.0
Kenya,,1992,-43085.0
Kenya,,1991,-60087.0
Kenya,,1990,-11338.0
Kenya,,1989,-24949.0
Kenya,,1988,-31894.0
Kenya,,1987,-48633.0
Kenya,,1986,-53183.0
Kenya,,1985,-35400.0
Kenya,,1984,-33253.0
Kenya,,1983,-23905.0
Kenya,,1982,-43382.0
Kenya,,1981,-52761.0
Kenya,,1980,-39920.0
Kenya,,1979,-56280.0
Kenya,,1978,-60718.0
Kenya,,1977,-57493.0
Kenya,,1976,-90990.0
Kenya,,1975,-71421.0
Kenya,,1974,-62973.0
Kenya,,1973,-52102.0
Kenya,,1972,-48466.0
Kenya,,1971,-49671.0
Kenya,,1970,-13064.0
Kenya,,1969,369.0
Kenya,,1968,1611.0
Kenya,,1967,5060.0
Kenya,,1966,1616.0
Kenya,,1965,8524.0
Kenya,,1964,4788.0
Kenya,,1963,4246.0
Kenya,,1962,4521.0
Kenya,,1961,4296.0
Kenya,,1960,2134.0
Kiribati,,2025,-462.0
Kiribati,,2024,-471.0
Kiribati,,2023,-485.0
Kiribati,,2022,-395.0
Kiribati,,2021,-348.0
Kiribati,,2020,0.0
Kiribati,,2019,-705.0
Kiribati,,2018,-741.0
Kiribati,,2017,-750.0
Kiribati,,2016,-756.0
Kiribati,,2015,-1022.0
Kiribati,,2014,-1128.0
Kiribati,,2013,-1101.0
Kiribati,,2012,-1093.0
Kiribati,,2011,-1019.0
Kiribati,,2010,-456.0
Kiribati,,2009,-289.0
Kiribati,,2008,-289.0
Kiribati,,2007,-290.0
Kiribati,,2006,-290.0
Kiribati,,2005,-226.0
Kiribati,,2004,-181.0
Kiribati,,2003,-157.0
Kiribati,,2002,-137.0
Kiribati,,2001,-201.0
Kiribati,,2000,-629.0
Kiribati,,1999,-733.0
Kiribati,,1998,-716.0
Kiribati,,1997,-693.0
Kiribati,,1996,-701.0
Kiribati,,1995,-928.0
Kiribati,,1994,-996.0
Kiribati,,1993,-975.0
Kiribati,,1992,-951.0
Kiribati,,1991,-844.0
Kiribati,,1990,-441.0
Kiribati,,1989,-338.0
Kiribati,,1988,-321.0
Kiribati,,1987,-298.0
Kiribati,,1986,-273.0
Kiribati,,1985,-419.0
Kiribati,,1984,-730.0
Kiribati,,1983,-702.0
Kiribati,,1982,-674.0
Kiribati,,1981,-645.0
Kiribati,,1980,-610.0
Kiribati,,1979,-516.0
Kiribati,,1978,-1858.0
Kiribati,,1977,-1854.0
Kiribati,,1976,-1795.0
Kiribati,,1975,-1706.0
Kiribati,,1974,-1605.0
Kiribati,,1973,-440.0
Kiribati,,1972,-290.0
Kiribati,,1971,-265.0
Kiribati,,1970,-233.0
Kiribati,,1969,-222.0
Kiribati,,1968,-876.0
Kiribati,,1967,-873.0
Kiribati,,1966,-840.0
Kiribati,,1965,0.0
Kiribati,,1964,0.0
Kiribati,,1963,0.0
Kiribati,,1962,0.0
Kiribati,,1961,0.0
Kiribati,,1960,0.0
North Korea,,2025,-2787.0
North Korea,,2024,-2473.0
North Korea,,2023,-1997.0
North Korea,,2022,-1997.0
North Korea,,2021,-1585.0
North Korea,,2020,-1585.0
North Korea,,2019,-3142.0
North Korea,,2018,-3225.0
North Korea,,2017,-3224.0
North Korea,,2016,-3222.0
North Korea,,2015,-3208.0
North Korea,,2014,-3042.0
North Korea,,2013,-2933.0
North Korea,,2012,-2919.0
North Korea,,2011,-2957.0
North Korea,,2010,-3053.0
North Korea,,2009,-3058.0
North Korea,,2008,-3051.0
North Korea,,2007,-3021.0
North Korea,,2006,-2948.0
North Korea,,2005,-2861.0
North Korea,,2004,-2758.0
North Korea,,2003,-2717.0
North Korea,,2002,-2763.0
North Korea,,2001,-2884.0
North Korea,,2000,-3142.0
North Korea,,1999,-3443.0
North Korea,,1998,-3706.0
North Korea,,1997,-3745.0
North Korea,,1996,-3512.0
North Korea,,1995,-3094.0
North Korea,,1994,-517.0
North Korea,,1993,0.0
North Korea,,1992,0.0
North Korea,,1991,0.0
North Korea,,1990,0.0
North Korea,,1989,0.0
North Korea,,1988,0.0
North Korea,,1987,0.0
North Korea,,1986,0.0
North Korea,,1985,0.0
North Korea,,1984,0.0
North Korea,,1983,0.0
North Korea,,1982,0.0
North Korea,,1981,0.0
North Korea,,1980,0.0
North Korea,,1979,0.0
North Korea,,1978,0.0
North Korea,,1977,0.0
North Korea,,1976,0.0
North Korea,,1975,0.0
North Korea,,1974,0.0
North Korea,,1973,0.0
North Korea,,1972,0.0
North Korea,,1971,0.0
North Korea,,1970,0.0
North Korea,,1969,0.0
North Korea,,1968,0.0
North Korea,,1967,0.0
North Korea,,1966,0.0
North Korea,,1965,0.0
North Korea,,1964,0.0
North Korea,,1963,0.0
North Korea,,1962,0.0
North Korea,,1961,0.0
North Korea,,1960,0.0
South Korea,,2025,65731.0
South Korea,,2024,75963.0
South Korea,,2023,87800.0
South Korea,,2022,87800.0
South Korea,,2021,-16778.0
South Korea,,2020,112631.0
South Korea,,2019,128622.0
South Korea,,2018,118220.0
South Korea,,2017,104029.0
South Korea,,2016,91568.0
South Korea,,2015,276427.0
South Korea,,2014,308037.0
South Korea,,2013,301926.0
South Korea,,2012,281866.0
South Korea,,2011,269958.0
South Korea,,2010,52042.0
South Korea,,2009,5308.0
South Korea,,2008,-19630.0
South Korea,,2007,-42293.0
South Korea,,2006,-28434.0
South Korea,,2005,-47821.0
South Korea,,2004,-42549.0
South Korea,,2003,-31994.0
South Korea,,2002,-18105.0
South Korea,,2001,-28006.0
South Korea,,2000,-84960.0
South Korea,,1999,-107448.0
South Korea,,1998,-98044.0
South Korea,,1997,-109130.0
South Korea,,1996,-115705.0
South Korea,,1995,-208491.0
South Korea,,1994,-208309.0
South Korea,,1993,-222802.0
South Korea,,1992,-265849.0
South Korea,,1991,-270754.0
South Korea,,1990,79294.0
South Korea,,1989,186120.0
South Korea,,1988,192534.0
South Korea,,1987,198057.0
South Korea,,1986,189782.0
South Korea,,1985,97949.0
South Korea,,1984,101394.0
South Korea,,1983,102167.0
South Korea,,1982,48638.0
South Korea,,1981,18442.0
South Korea,,1980,-148341.0
South Korea,,1979,-139566.0
South Korea,,1978,-85721.0
South Korea,,1977,-90737.0
South Korea,,1976,-92314.0
South Korea,,1975,-52332.0
South Korea,,1974,27005.0
South Korea,,1973,35779.0
South Korea,,1972,25382.0
South Korea,,1971,-6326.0
South Korea,,1970,-27999.0
South Korea,,1969,-21175.0
South Korea,,1968,-16868.0
South Korea,,1967,-16484.0
South Korea,,1966,-16688.0
South Korea,,1965,-146386.0
South Korea,,1964,-102284.0
South Korea,,1963,-80226.0
South Korea,,1962,-94606.0
South Korea,,1961,-93179.0
South Korea,,1960,47245.0
Kosovo,,2025,-18380.0
Kosovo,,2024,-22178.0
Kosovo,,2023,-28754.0
Kosovo,,2022,-28588.0
Kosovo,,2021,-38584.0
Kosovo,,2020,2815.0
Kosovo,,2019,-28829.0
Kosovo,,2018,-21386.0
Kosovo,,2017,-5428.0
Kosovo,,2016,-8937.0
Kosovo,,2015,-55524.0
Kosovo,,2014,-39586.0
Kosovo,,2013,-16367.0
Kosovo,,2012,-3403.0
Kosovo,,2011,-9064.0
Kosovo,,2010,-29433.0
Kosovo,,2009,-31556.0
Kosovo,,2008,-32053.0
Kosovo,,2007,-31597.0
Kosovo,,2006,-31202.0
Kosovo,,2005,-31137.0
Kosovo,,2004,-29433.0
Kosovo,,2003,-27491.0
Kosovo,,2002,-27289.0
Kosovo,,2001,-1989.0
Kosovo,,2000,-9150.0
Kosovo,,1999,-168484.0
Kosovo,,1998,-294789.0
Kosovo,,1997,-4655.0
Kosovo,,1996,-4187.0
Kosovo,,1995,-764.0
Kosovo,,1994,443.0
Kosovo,,1993,660.0
Kosovo,,1992,829.0
Kosovo,,1991,-3485.0
Kosovo,,1990,-15797.0
Kosovo,,1989,-14531.0
Kosovo,,1988,-15870.0
Kosovo,,1987,282.0
Kosovo,,1986,-449.0
Kosovo,,1985,-1096.0
Kosovo,,1984,-3741.0
Kosovo,,1983,-4883.0
Kosovo,,1982,-4343.0
Kosovo,,1981,-1170.0
Kosovo,,1980,7255.0
Kosovo,,1979,7565.0
Kosovo,,1978,6851.0
Kosovo,,1977,4875.0
Kosovo,,1976,3115.0
Kosovo,,1975,1188.0
Kosovo,,1974,-377.0
Kosovo,,1973,-1846.0
Kosovo,,1972,-2834.0
Kosovo,,1971,-1638.0
Kosovo,,1970,-11776.0
Kosovo,,1969,-12878.0
Kosovo,,1968,-15224.0
Kosovo,,1967,5731.0
Kosovo,,1966,4107.0
Kosovo,,1965,2403.0
Kosovo,,1964,1178.0
Kosovo,,1963,-38.0
Kosovo,,1962,279.0
Kosovo,,1961,440.0
Kosovo,,1960,3231.0
Kuwait,,2025,42775.0
Kuwait,,2024,61624.0
Kuwait,,2023,50008.0
Kuwait,,2022,368560.0
Kuwait,,2021,19678.0
Kuwait,,2020,-168379.0
Kuwait,,2019,181.0
Kuwait,,2018,145973.0
Kuwait,,2017,92717.0
Kuwait,,2016,105818.0
Kuwait,,2015,129695.0
Kuwait,,2014,100891.0
Kuwait,,2013,107821.0
Kuwait,,2012,127777.0
Kuwait,,2011,176732.0
Kuwait,,2010,101566.0
Kuwait,,2009,95483.0
Kuwait,,2008,96268.0
Kuwait,,2007,96765.0
Kuwait,,2006,97087.0
Kuwait,,2005,67638.0
Kuwait,,2004,1713.0
Kuwait,,2003,5895.0
Kuwait,,2002,9335.0
Kuwait,,2001,12055.0
Kuwait,,2000,14296.0
Kuwait,,1999,15912.0
Kuwait,,1998,16878.0
Kuwait,,1997,17457.0
Kuwait,,1996,17914.0
Kuwait,,1995,438.0
Kuwait,,1994,-41862.0
Kuwait,,1993,-43501.0
Kuwait,,1992,52620.0
Kuwait,,1991,460628.0
Kuwait,,1990,-1196050.0
Kuwait,,1989,34643.0
Kuwait,,1988,31455.0
Kuwait,,1987,31243.0
Kuwait,,1986,27187.0
Kuwait,,1985,25777.0
Kuwait,,1984,17020.0
Kuwait,,1983,31758.0
Kuwait,,1982,30437.0
Kuwait,,1981,29600.0
Kuwait,,1980,32483.0
Kuwait,,1979,37383.0
Kuwait,,1978,39159.0
Kuwait,,1977,38225.0
Kuwait,,1976,36050.0
Kuwait,,1975,30909.0
Kuwait,,1974,25398.0
Kuwait,,1973,22830.0
Kuwait,,1972,21984.0
Kuwait,,1971,22182.0
Kuwait,,1970,26614.0
Kuwait,,1969,33143.0
Kuwait,,1968,35399.0
Kuwait,,1967,34177.0
Kuwait,,1966,32383.0
Kuwait,,1965,30580.0
Kuwait,,1964,29537.0
Kuwait,,1963,28889.0
Kuwait,,1962,27417.0
Kuwait,,1961,24618.0
Kuwait,,1960,21769.0
Kyrgyzstan,,2025,1815.0
Kyrgyzstan,,2024,3645.0
Kyrgyzstan,,2023,5601.0
Kyrgyzstan,,2022,12596.0
Kyrgyzstan,,2021,46208.0
Kyrgyzstan,,2020,54704.0
Kyrgyzstan,,2019,47303.0
Kyrgyzstan,,2018,3494.0
Kyrgyzstan,,2017,7553.0
Kyrgyzstan,,2016,1187.0
Kyrgyzstan,,2015,-5071.0
Kyrgyzstan,,2014,-9443.0
Kyrgyzstan,,2013,-9667.0
Kyrgyzstan,,2012,-12503.0
Kyrgyzstan,,2011,-10170.0
Kyrgyzstan,,2010,-6521.0
Kyrgyzstan,,2009,-14325.0
Kyrgyzstan,,2008,-64404.0
Kyrgyzstan,,2007,-54298.0
Kyrgyzstan,,2006,-53469.0
Kyrgyzstan,,2005,-36288.0
Kyrgyzstan,,2004,-32088.0
Kyrgyzstan,,2003,-30686.0
Kyrgyzstan,,2002,-28300.0
Kyrgyzstan,,2001,-25695.0
Kyrgyzstan,,2000,-23265.0
Kyrgyzstan,,1999,-10297.0
Kyrgyzstan,,1998,-17690.0
Kyrgyzstan,,1997,-11740.0
Kyrgyzstan,,1996,-10926.0
Kyrgyzstan,,1995,-10767.0
Kyrgyzstan,,1994,-22165.0
Kyrgyzstan,,1993,-103698.0
Kyrgyzstan,,1992,-33009.0
Kyrgyzstan,,1991,-32276.0
Kyrgyzstan,,1990,-27912.0
Kyrgyzstan,,1989,-25723.0
Kyrgyzstan,,1988,-40823.0
Kyrgyzstan,,1987,-39678.0
Kyrgyzstan,,1986,-40062.0
Kyrgyzstan,,1985,-38536.0
Kyrgyzstan,,1984,-34248.0
Kyrgyzstan,,1983,-5525.0
Kyrgyzstan,,1982,-6388.0
Kyrgyzstan,,1981,-6725.0
Kyrgyzstan,,1980,-5090.0
Kyrgyzstan,,1979,-6672.0
Kyrgyzstan,,1978,-6988.0
Kyrgyzstan,,1977,-6724.0
Kyrgyzstan,,1976,-10499.0
Kyrgyzstan,,1975,-7639.0
Kyrgyzstan,,1974,-5818.0
Kyrgyzstan,,1973,-3373.0
Kyrgyzstan,,1972,-1163.0
Kyrgyzstan,,1971,2645.0
Kyrgyzstan,,1970,11295.0
Kyrgyzstan,,1969,16862.0
Kyrgyzstan,,1968,20918.0
Kyrgyzstan,,1967,22162.0
Kyrgyzstan,,1966,21868.0
Kyrgyzstan,,1965,22870.0
Kyrgyzstan,,1964,22281.0
Kyrgyzstan,,1963,21967.0
Kyrgyzstan,,1962,21217.0
Kyrgyzstan,,1961,18355.0
Kyrgyzstan,,1960,13946.0
Laos,,2025,-10645.0
Laos,,2024,-10284.0
Laos,,2023,-10003.0
Laos,,2022,-10003.0
Laos,,2021,-10305.0
Laos,,2020,-10305.0
Laos,,2019,-10305.0
Laos,,2018,-10305.0
Laos,,2017,-10400.0
Laos,,2016,-11401.0
Laos,,2015,-12991.0
Laos,,2014,-26881.0
Laos,,2013,-27492.0
Laos,,2012,-28871.0
Laos,,2011,-30538.0
Laos,,2010,-30046.0
Laos,,2009,-29545.0
Laos,,2008,-28318.0
Laos,,2007,-27233.0
Laos,,2006,-25286.0
Laos,,2005,-24138.0
Laos,,2004,-40120.0
Laos,,2003,-36572.0
Laos,,2002,-33595.0
Laos,,2001,-33552.0
Laos,,2000,-33965.0
Laos,,1999,-36632.0
Laos,,1998,-33997.0
Laos,,1997,-32288.0
Laos,,1996,-16574.0
Laos,,1995,-14279.0
Laos,,1994,-11782.0
Laos,,1993,-9390.0
Laos,,1992,-7502.0
Laos,,1991,-5390.0
Laos,,1990,-3100.0
Laos,,1989,-1272.0
Laos,,1988,-80.0
Laos,,1987,0.0
Laos,,1986,-475.0
Laos,,1985,-1376.0
Laos,,1984,-2698.0
Laos,,1983,-4108.0
Laos,,1982,-6184.0
Laos,,1981,-11061.0
Laos,,1980,-17339.0
Laos,,1979,-23317.0
Laos,,1978,-27208.0
Laos,,1977,-26908.0
Laos,,1976,-21738.0
Laos,,1975,-13858.0
Laos,,1974,-6000.0
Laos,,1973,-774.0
Laos,,1972,0.0
Laos,,1971,0.0
Laos,,1970,0.0
Laos,,1969,0.0
Laos,,1968,0.0
Laos,,1967,0.0
Laos,,1966,0.0
Laos,,1965,0.0
Laos,,1964,0.0
Laos,,1963,0.0
Laos,,1962,0.0
Laos,,1961,0.0
Laos,,1960,0.0
Latvia,,2025,-7330.0
Latvia,,2024,-2225.0
Latvia,,2023,7966.0
Latvia,,2022,22027.0
Latvia,,2021,-280.0
Latvia,,2020,-3147.0
Latvia,,2019,-3416.0
Latvia,,2018,-4972.0
Latvia,,2017,-7867.0
Latvia,,2016,-12327.0
Latvia,,2015,-10826.0
Latvia,,2014,-8799.0
Latvia,,2013,-14386.0
Latvia,,2012,-11914.0
Latvia,,2011,-20202.0
Latvia,,2010,-36128.0
Latvia,,2009,-34807.0
Latvia,,2008,-22445.0
Latvia,,2007,-8027.0
Latvia,,2006,-9211.0
Latvia,,2005,-11134.0
Latvia,,2004,-15136.0
Latvia,,2003,-11422.0
Latvia,,2002,-9160.0
Latvia,,2001,-18634.0
Latvia,,2000,-15679.0
Latvia,,1999,-3229.0
Latvia,,1998,-5504.0
Latvia,,1997,-9183.0
Latvia,,1996,-9888.0
Latvia,,1995,-13288.0
Latvia,,1994,-21446.0
Latvia,,1993,-32914.0
Latvia,,1992,-52180.0
Latvia,,1991,-12020.0
Latvia,,1990,-13196.0
Latvia,,1989,-4960.0
Latvia,,1988,15784.0
Latvia,,1987,19249.0
Latvia,,1986,13972.0
Latvia,,1985,12037.0
Latvia,,1984,8847.0
Latvia,,1983,8115.0
Latvia,,1982,8116.0
Latvia,,1981,6536.0
Latvia,,1980,3099.0
Latvia,,1979,3661.0
Latvia,,1978,7399.0
Latvia,,1977,11992.0
Latvia,,1976,8870.0
Latvia,,1975,12166.0
Latvia,,1974,14420.0
Latvia,,1973,15997.0
Latvia,,1972,11077.0
Latvia,,1971,10846.0
Latvia,,1970,12494.0
Latvia,,1969,13718.0
Latvia,,1968,13465.0
Latvia,,1967,14177.0
Latvia,,1966,13465.0
Latvia,,1965,13218.0
Latvia,,1964,13010.0
Latvia,,1963,12308.0
Latvia,,1962,12344.0
Latvia,,1961,12364.0
Latvia,,1960,11420.0
Lebanon,,2025,-10230.0
Lebanon,,2024,-17267.0
Lebanon,,2023,-34193.0
Lebanon,,2022,-27507.0
Lebanon,,2021,-27290.0
Lebanon,,2020,-47787.0
Lebanon,,2019,-266992.0
Lebanon,,2018,-259700.0
Lebanon,,2017,-253664.0
Lebanon,,2016,-247921.0
Lebanon,,2015,-239829.0
Lebanon,,2014,301111.0
Lebanon,,2013,733500.0
Lebanon,,2012,124427.0
Lebanon,,2011,2246.0
Lebanon,,2010,-40915.0
Lebanon,,2009,-2700.0
Lebanon,,2008,430.0
Lebanon,,2007,27944.0
Lebanon,,2006,25126.0
Lebanon,,2005,1224.0
Lebanon,,2004,4974.0
Lebanon,,2003,1674.0
Lebanon,,2002,-21543.0
Lebanon,,2001,-1094.0
Lebanon,,2000,455.0
Lebanon,,1999,2589.0
Lebanon,,1998,1062.0
Lebanon,,1997,1313.0
Lebanon,,1996,3164.0
Lebanon,,1995,2634.0
Lebanon,,1994,-4850.0
Lebanon,,1993,-5196.0
Lebanon,,1992,-970.0
Lebanon,,1991,1159.0
Lebanon,,1990,-6595.0
Lebanon,,1989,-1827.0
Lebanon,,1988,-1916.0
Lebanon,,1987,607.0
Lebanon,,1986,33549.0
Lebanon,,1985,-1108.0
Lebanon,,1984,-2785.0
Lebanon,,1983,-14558.0
Lebanon,,1982,-12981.0
Lebanon,,1981,-1799.0
Lebanon,,1980,2104.0
Lebanon,,1979,-2103.0
Lebanon,,1978,0.0
Lebanon,,1977,0.0
Lebanon,,1976,0.0
Lebanon,,1975,0.0
Lebanon,,1974,-3831.0
Lebanon,,1973,482.0
Lebanon,,1972,294.0
Lebanon,,1971,3042.0
Lebanon,,1970,-4508.0
Lebanon,,1969,0.0
Lebanon,,1968,4506.0
Lebanon,,1967,-3434.0
Lebanon,,1966,2864.0
Lebanon,,1965,-742.0
Lebanon,,1964,1311.0
Lebanon,,1963,4269.0
Lebanon,,1962,4569.0
Lebanon,,1961,4844.0
Lebanon,,1960,0.0
Lesotho,,2025,-5192.0
Lesotho,,2024,-5107.0
Lesotho,,2023,-5168.0
Lesotho,,2022,-6023.0
Lesotho,,2021,-3449.0
Lesotho,,2020,-3449.0
Lesotho,,2019,-6896.0
Lesotho,,2018,-6892.0
Lesotho,,2017,-6850.0
Lesotho,,2016,-6766.0
Lesotho,,2015,-7087.0
Lesotho,,2014,-6877.0
Lesotho,,2013,-6659.0
Lesotho,,2012,-6425.0
Lesotho,,2011,-6118.0
Lesotho,,2010,-5886.0
Lesotho,,2009,-5599.0
Lesotho,,2008,-5392.0
Lesotho,,2007,-5179.0
Lesotho,,2006,-11416.0
Lesotho,,2005,-35679.0
Lesotho,,2004,-33530.0
Lesotho,,2003,-31723.0
Lesotho,,2002,-29924.0
Lesotho,,2001,-27874.0
Lesotho,,2000,-26220.0
Lesotho,,1999,-24610.0
Lesotho,,1998,-23299.0
Lesotho,,1997,-22396.0
Lesotho,,1996,-17042.0
Lesotho,,1995,-14588.0
Lesotho,,1994,-13953.0
Lesotho,,1993,-13347.0
Lesotho,,1992,-12707.0
Lesotho,,1991,-12114.0
Lesotho,,1990,-11598.0
Lesotho,,1989,-11207.0
Lesotho,,1988,-11028.0
Lesotho,,1987,-10946.0
Lesotho,,1986,-7501.0
Lesotho,,1985,1222.0
Lesotho,,1984,1199.0
Lesotho,,1983,1253.0
Lesotho,,1982,1281.0
Lesotho,,1981,1307.0
Lesotho,,1980,1361.0
Lesotho,,1979,1285.0
Lesotho,,1978,1047.0
Lesotho,,1977,746.0
Lesotho,,1976,2986.0
Lesotho,,1975,9723.0
Lesotho,,1974,9972.0
Lesotho,,1973,10183.0
Lesotho,,1972,10386.0
Lesotho,,1971,10563.0
Lesotho,,1970,10605.0
Lesotho,,1969,10465.0
Lesotho,,1968,10108.0
Lesotho,,1967,9734.0
Lesotho,,1966,7248.0
Lesotho,,1965,2239.0
Lesotho,,1964,2198.0
Lesotho,,1963,2220.0
Lesotho,,1962,2172.0
Lesotho,,1961,2100.0
Lesotho,,1960,1989.0
Liberia,,2025,-9870.0
Liberia,,2024,-7779.0
Liberia,,2023,-5002.0
Liberia,,2022,-5003.0
Liberia,,2021,-11852.0
Liberia,,2020,-10107.0
Liberia,,2019,-19678.0
Liberia,,2018,-23199.0
Liberia,,2017,-24807.0
Liberia,,2016,-26796.0
Liberia,,2015,-15182.0
Liberia,,2014,-26690.0
Liberia,,2013,-22010.0
Liberia,,2012,-25710.0
Liberia,,2011,91981.0
Liberia,,2010,2850.0
Liberia,,2009,1187.0
Liberia,,2008,17404.0
Liberia,,2007,65306.0
Liberia,,2006,77946.0
Liberia,,2005,101019.0
Liberia,,2004,-1001.0
Liberia,,2003,-103564.0
Liberia,,2002,-23110.0
Liberia,,2001,7142.0
Liberia,,2000,-2060.0
Liberia,,1999,53643.0
Liberia,,1998,99203.0
Liberia,,1997,281480.0
Liberia,,1996,-37922.0
Liberia,,1995,54372.0
Liberia,,1994,-121407.0
Liberia,,1993,7300.0
Liberia,,1992,56210.0
Liberia,,1991,78052.0
Liberia,,1990,-712544.0
Liberia,,1989,8156.0
Liberia,,1988,7734.0
Liberia,,1987,6840.0
Liberia,,1986,6534.0
Liberia,,1985,7487.0
Liberia,,1984,7513.0
Liberia,,1983,7861.0
Liberia,,1982,2530.0
Liberia,,1981,2757.0
Liberia,,1980,4016.0
Liberia,,1979,3500.0
Liberia,,1978,3500.0
Liberia,,1977,3555.0
Liberia,,1976,1246.0
Liberia,,1975,2037.0
Liberia,,1974,2086.0
Liberia,,1973,2272.0
Liberia,,1972,2018.0
Liberia,,1971,1293.0
Liberia,,1970,2285.0
Liberia,,1969,1982.0
Liberia,,1968,1964.0
Liberia,,1967,2177.0
Liberia,,1966,1953.0
Liberia,,1965,2431.0
Liberia,,1964,2189.0
Liberia,,1963,2165.0
Liberia,,1962,2189.0
Liberia,,1961,2115.0
Liberia,,1960,1886.0
Libya,,2025,-172.0
Libya,,2024,3448.0
Libya,,2023,-2001.0
Libya,,2022,-2001.0
Libya,,2021,-694.0
Libya,,2020,-694.0
Libya,,2019,-1352.0
Libya,,2018,5841.0
Libya,,2017,9208.0
Libya,,2016,-5081.0
Libya,,2015,-7660.0
Libya,,2014,-1716.0
Libya,,2013,25755.0
Libya,,2012,5211.0
Libya,,2011,-562827.0
Libya,,2010,9611.0
Libya,,2009,11670.0
Libya,,2008,15260.0
Libya,,2007,12640.0
Libya,,2006,3351.0
Libya,,2005,11024.0
Libya,,2004,13222.0
Libya,,2003,12073.0
Libya,,2002,10152.0
Libya,,2001,8420.0
Libya,,2000,5634.0
Libya,,1999,-10206.0
Libya,,1998,-11479.0
Libya,,1997,-10907.0
Libya,,1996,-8446.0
Libya,,1995,-5068.0
Libya,,1994,-1755.0
Libya,,1993,426.0
Libya,,1992,843.0
Libya,,1991,902.0
Libya,,1990,946.0
Libya,,1989,981.0
Libya,,1988,1053.0
Libya,,1987,1740.0
Libya,,1986,5844.0
Libya,,1985,11962.0
Libya,,1984,18039.0
Libya,,1983,-140904.0
Libya,,1982,-126400.0
Libya,,1981,69211.0
Libya,,1980,66739.0
Libya,,1979,64821.0
Libya,,1978,61684.0
Libya,,1977,57867.0
Libya,,1976,53813.0
Libya,,1975,49544.0
Libya,,1974,44946.0
Libya,,1973,20498.0
Libya,,1972,-3418.0
Libya,,1971,-4265.0
Libya,,1970,745.0
Libya,,1969,-1418.0
Libya,,1968,-6323.0
Libya,,1967,-10384.0
Libya,,1966,-13619.0
Libya,,1965,-15810.0
Libya,,1964,2084.0
Libya,,1963,18740.0
Libya,,1962,21589.0
Libya,,1961,22504.0
Libya,,1960,22559.0
Liechtenstein,,2025,194.0
Liechtenstein,,2024,206.0
Liechtenstein,,2023,214.0
Liechtenstein,,2022,212.0
Liechtenstein,,2021,187.0
Liechtenstein,,2020,269.0
Liechtenstein,,2019,271.0
Liechtenstein,,2018,155.0
Liechtenstein,,2017,206.0
Liechtenstein,,2016,63.0
Liechtenstein,,2015,163.0
Liechtenstein,,2014,103.0
Liechtenstein,,2013,180.0
Liechtenstein,,2012,231.0
Liechtenstein,,2011,139.0
Liechtenstein,,2010,124.0
Liechtenstein,,2009,150.0
Liechtenstein,,2008,87.0
Liechtenstein,,2007,89.0
Liechtenstein,,2006,137.0
Liechtenstein,,2005,117.0
Liechtenstein,,2004,166.0
Liechtenstein,,2003,189.0
Liechtenstein,,2002,121.0
Liechtenstein,,2001,113.0
Liechtenstein,,2000,167.0
Liechtenstein,,1999,198.0
Liechtenstein,,1998,198.0
Liechtenstein,,1997,232.0
Liechtenstein,,1996,233.0
Liechtenstein,,1995,264.0
Liechtenstein,,1994,231.0
Liechtenstein,,1993,240.0
Liechtenstein,,1992,223.0
Liechtenstein,,1991,219.0
Liechtenstein,,1990,120.0
Liechtenstein,,1989,152.0
Liechtenstein,,1988,195.0
Liechtenstein,,1987,178.0
Liechtenstein,,1986,173.0
Liechtenstein,,1985,199.0
Liechtenstein,,1984,202.0
Liechtenstein,,1983,197.0
Liechtenstein,,1982,194.0
Liechtenstein,,1981,178.0
Liechtenstein,,1980,149.0
Liechtenstein,,1979,177.0
Liechtenstein,,1978,125.0
Liechtenstein,,1977,140.0
Liechtenstein,,1976,161.0
Liechtenstein,,1975,166.0
Liechtenstein,,1974,179.0
Liechtenstein,,1973,194.0
Liechtenstein,,1972,183.0
Liechtenstein,,1971,179.0
Liechtenstein,,1970,282.0
Liechtenstein,,1969,316.0
Liechtenstein,,1968,335.0
Liechtenstein,,1967,280.0
Liechtenstein,,1966,208.0
Liechtenstein,,1965,193.0
Liechtenstein,,1964,205.0
Liechtenstein,,1963,210.0
Liechtenstein,,1962,201.0
Liechtenstein,,1961,200.0
Liechtenstein,,1960,123.0
Lithuania,,2025,-24618.0
Lithuania,,2024,2617.0
Lithuania,,2023,44935.0
Lithuania,,2022,72100.0
Lithuania,,2021,19657.0
Lithuania,,2020,19884.0
Lithuania,,2019,10665.0
Lithuania,,2018,-3459.0
Lithuania,,2017,-28027.0
Lithuania,,2016,-30612.0
Lithuania,,2015,-22560.0
Lithuania,,2014,-12387.0
Lithuania,,2013,-16769.0
Lithuania,,2012,-21387.0
Lithuania,,2011,-38518.0
Lithuania,,2010,-78887.0
Lithuania,,2009,-32186.0
Lithuania,,2008,-16482.0
Lithuania,,2007,-21815.0
Lithuania,,2006,-24730.0
Lithuania,,2005,-51357.0
Lithuania,,2004,-32312.0
Lithuania,,2003,-22701.0
Lithuania,,2002,-12627.0
Lithuania,,2001,-24733.0
Lithuania,,2000,-16077.0
Lithuania,,1999,-20533.0
Lithuania,,1998,-22002.0
Lithuania,,1997,-22324.0
Lithuania,,1996,-23236.0
Lithuania,,1995,-23509.0
Lithuania,,1994,-24104.0
Lithuania,,1993,-23949.0
Lithuania,,1992,-25175.0
Lithuania,,1991,-10744.0
Lithuania,,1990,-8840.0
Lithuania,,1989,-26985.0
Lithuania,,1988,38648.0
Lithuania,,1987,10820.0
Lithuania,,1986,10177.0
Lithuania,,1985,9417.0
Lithuania,,1984,8835.0
Lithuania,,1983,8585.0
Lithuania,,1982,8163.0
Lithuania,,1981,7752.0
Lithuania,,1980,7412.0
Lithuania,,1979,6932.0
Lithuania,,1978,7328.0
Lithuania,,1977,8964.0
Lithuania,,1976,8581.0
Lithuania,,1975,8170.0
Lithuania,,1974,7757.0
Lithuania,,1973,7327.0
Lithuania,,1972,7185.0
Lithuania,,1971,7130.0
Lithuania,,1970,6530.0
Lithuania,,1969,4179.0
Lithuania,,1968,6522.0
Lithuania,,1967,5251.0
Lithuania,,1966,4799.0
Lithuania,,1965,4196.0
Lithuania,,1964,3820.0
Lithuania,,1963,3428.0
Lithuania,,1962,2899.0
Lithuania,,1961,2550.0
Lithuania,,1960,2328.0
Luxembourg,,2025,5237.0
Luxembourg,,2024,5677.0
Luxembourg,,2023,5905.0
Luxembourg,,2022,13194.0
Luxembourg,,2021,8724.0
Luxembourg,,2020,6967.0
Luxembourg,,2019,10503.0
Luxembourg,,2018,10145.0
Luxembourg,,2017,9643.0
Luxembourg,,2016,12760.0
Luxembourg,,2015,11377.0
Luxembourg,,2014,11217.0
Luxembourg,,2013,10535.0
Luxembourg,,2012,10273.0
Luxembourg,,2011,10918.0
Luxembourg,,2010,7909.0
Luxembourg,,2009,6855.0
Luxembourg,,2008,7969.0
Luxembourg,,2007,6244.0
Luxembourg,,2006,5557.0
Luxembourg,,2005,6310.0
Luxembourg,,2004,4566.0
Luxembourg,,2003,5581.0
Luxembourg,,2002,2759.0
Luxembourg,,2001,3427.0
Luxembourg,,2000,4516.0
Luxembourg,,1999,4666.0
Luxembourg,,1998,3874.0
Luxembourg,,1997,3711.0
Luxembourg,,1996,3603.0
Luxembourg,,1995,4385.0
Luxembourg,,1994,3900.0
Luxembourg,,1993,4055.0
Luxembourg,,1992,4101.0
Luxembourg,,1991,4067.0
Luxembourg,,1990,3992.0
Luxembourg,,1989,2999.0
Luxembourg,,1988,2909.0
Luxembourg,,1987,2200.0
Luxembourg,,1986,2121.0
Luxembourg,,1985,1067.0
Luxembourg,,1984,346.0
Luxembourg,,1983,376.0
Luxembourg,,1982,334.0
Luxembourg,,1981,443.0
Luxembourg,,1980,840.0
Luxembourg,,1979,670.0
Luxembourg,,1978,3155.0
Luxembourg,,1977,2830.0
Luxembourg,,1976,2802.0
Luxembourg,,1975,2794.0
Luxembourg,,1974,2728.0
Luxembourg,,1973,2673.0
Luxembourg,,1972,4143.0
Luxembourg,,1971,4274.0
Luxembourg,,1970,853.0
Luxembourg,,1969,833.0
Luxembourg,,1968,850.0
Luxembourg,,1967,752.0
Luxembourg,,1966,2222.0
Luxembourg,,1965,2203.0
Luxembourg,,1964,2178.0
Luxembourg,,1963,2080.0
Luxembourg,,1962,2014.0
Luxembourg,,1961,1969.0
Luxembourg,,1960,61.0
Madagascar,,2025,-2227.0
Madagascar,,2024,-1795.0
Madagascar,,2023,-1487.0
Madagascar,,2022,-1487.0
Madagascar,,2021,-1480.0
Madagascar,,2020,-1480.0
Madagascar,,2019,-2976.0
Madagascar,,2018,-2887.0
Madagascar,,2017,-2784.0
Madagascar,,2016,-2687.0
Madagascar,,2015,-2594.0
Madagascar,,2014,-2522.0
Madagascar,,2013,-2445.0
Madagascar,,2012,-2334.0
Madagascar,,2011,-2219.0
Madagascar,,2010,-1979.0
Madagascar,,2009,-1429.0
Madagascar,,2008,-1255.0
Madagascar,,2007,-1563.0
Madagascar,,2006,-2336.0
Madagascar,,2005,-4869.0
Madagascar,,2004,-13393.0
Madagascar,,2003,-18345.0
Madagascar,,2002,-18209.0
Madagascar,,2001,-13014.0
Madagascar,,2000,-4298.0
Madagascar,,1999,-1891.0
Madagascar,,1998,-1222.0
Madagascar,,1997,-986.0
Madagascar,,1996,-1161.0
Madagascar,,1995,-1670.0
Madagascar,,1994,-1905.0
Madagascar,,1993,-2063.0
Madagascar,,1992,-2216.0
Madagascar,,1991,-2330.0
Madagascar,,1990,-1777.0
Madagascar,,1989,-1848.0
Madagascar,,1988,-1883.0
Madagascar,,1987,-1896.0
Madagascar,,1986,-1914.0
Madagascar,,1985,-1947.0
Madagascar,,1984,-1965.0
Madagascar,,1983,-1979.0
Madagascar,,1982,-2093.0
Madagascar,,1981,-2864.0
Madagascar,,1980,-4005.0
Madagascar,,1979,-5126.0
Madagascar,,1978,-5874.0
Madagascar,,1977,-5957.0
Madagascar,,1976,-5655.0
Madagascar,,1975,-5173.0
Madagascar,,1974,-4607.0
Madagascar,,1973,-4037.0
Madagascar,,1972,-3583.0
Madagascar,,1971,-3118.0
Madagascar,,1970,-2658.0
Madagascar,,1969,-2216.0
Madagascar,,1968,-1766.0
Madagascar,,1967,-1383.0
Madagascar,,1966,-964.0
Madagascar,,1965,-550.0
Madagascar,,1964,-204.0
Madagascar,,1963,0.0
Madagascar,,1962,0.0
Madagascar,,1961,0.0
Madagascar,,1960,0.0
Malawi,,2025,-5628.0
Malawi,,2024,-1507.0
Malawi,,2023,-5811.0
Malawi,,2022,-5231.0
Malawi,,2021,-2666.0
Malawi,,2020,-2655.0
Malawi,,2019,-1837.0
Malawi,,2018,-3267.0
Malawi,,2017,982.0
Malawi,,2016,3505.0
Malawi,,2015,-6471.0
Malawi,,2014,-10317.0
Malawi,,2013,-12934.0
Malawi,,2012,-13561.0
Malawi,,2011,-12170.0
Malawi,,2010,-9327.0
Malawi,,2009,-8590.0
Malawi,,2008,-9264.0
Malawi,,2007,-22680.0
Malawi,,2006,-29450.0
Malawi,,2005,-31462.0
Malawi,,2004,-32221.0
Malawi,,2003,-31729.0
Malawi,,2002,-30013.0
Malawi,,2001,-28933.0
Malawi,,2000,-28098.0
Malawi,,1999,-31686.0
Malawi,,1998,-39491.0
Malawi,,1997,-61646.0
Malawi,,1996,-66212.0
Malawi,,1995,-66366.0
Malawi,,1994,-505365.0
Malawi,,1993,-284867.0
Malawi,,1992,37142.0
Malawi,,1991,15291.0
Malawi,,1990,71111.0
Malawi,,1989,180031.0
Malawi,,1988,201011.0
Malawi,,1987,271693.0
Malawi,,1986,62615.0
Malawi,,1985,74625.0
Malawi,,1984,72435.0
Malawi,,1983,68197.0
Malawi,,1982,62661.0
Malawi,,1981,57376.0
Malawi,,1980,52294.0
Malawi,,1979,46388.0
Malawi,,1978,36225.0
Malawi,,1977,19638.0
Malawi,,1976,8206.0
Malawi,,1975,5162.0
Malawi,,1974,3833.0
Malawi,,1973,1623.0
Malawi,,1972,48.0
Malawi,,1971,-710.0
Malawi,,1970,-2147.0
Malawi,,1969,-2266.0
Malawi,,1968,-924.0
Malawi,,1967,0.0
Malawi,,1966,0.0
Malawi,,1965,0.0
Malawi,,1964,0.0
Malawi,,1963,0.0
Malawi,,1962,0.0
Malawi,,1961,0.0
Malawi,,1960,0.0
Malaysia,,2025,166615.0
Malaysia,,2024,174770.0
Malaysia,,2023,181071.0
Malaysia,,2022,188154.0
Malaysia,,2021,188506.0
Malaysia,,2020,101907.0
Malaysia,,2019,203284.0
Malaysia,,2018,221965.0
Malaysia,,2017,227677.0
Malaysia,,2016,222141.0
Malaysia,,2015,187663.0
Malaysia,,2014,159791.0
Malaysia,,2013,149637.0
Malaysia,,2012,134975.0
Malaysia,,2011,122269.0
Malaysia,,2010,157164.0
Malaysia,,2009,178410.0
Malaysia,,2008,202481.0
Malaysia,,2007,229784.0
Malaysia,,2006,232971.0
Malaysia,,2005,225864.0
Malaysia,,2004,212278.0
Malaysia,,2003,199510.0
Malaysia,,2002,196227.0
Malaysia,,2001,173613.0
Malaysia,,2000,125499.0
Malaysia,,1999,89335.0
Malaysia,,1998,99639.0
Malaysia,,1997,79266.0
Malaysia,,1996,73040.0
Malaysia,,1995,72393.0
Malaysia,,1994,66685.0
Malaysia,,1993,61079.0
Malaysia,,1992,66286.0
Malaysia,,1991,97111.0
Malaysia,,1990,135020.0
Malaysia,,1989,143544.0
Malaysia,,1988,133478.0
Malaysia,,1987,137759.0
Malaysia,,1986,127081.0
Malaysia,,1985,120215.0
Malaysia,,1984,106248.0
Malaysia,,1983,97862.0
Malaysia,,1982,89942.0
Malaysia,,1981,84142.0
Malaysia,,1980,80617.0
Malaysia,,1979,-13980.0
Malaysia,,1978,-15059.0
Malaysia,,1977,-16601.0
Malaysia,,1976,-18316.0
Malaysia,,1975,-20480.0
Malaysia,,1974,-21919.0
Malaysia,,1973,-21995.0
Malaysia,,1972,-21305.0
Malaysia,,1971,-20535.0
Malaysia,,1970,-31839.0
Malaysia,,1969,-39420.0
Malaysia,,1968,-40996.0
Malaysia,,1967,-42108.0
Malaysia,,1966,-33993.0
Malaysia,,1965,-36456.0
Malaysia,,1964,-38785.0
Malaysia,,1963,-40952.0
Malaysia,,1962,-43033.0
Malaysia,,1961,-44916.0
Malaysia,,1960,-46948.0
Maldives,,2025,-2283.0
Maldives,,2024,-2421.0
Maldives,,2023,-2877.0
Maldives,,2022,-2674.0
Maldives,,2021,9412.0
Maldives,,2020,9642.0
Maldives,,2019,9648.0
Maldives,,2018,9637.0
Maldives,,2017,9555.0
Maldives,,2016,9421.0
Maldives,,2015,9324.0
Maldives,,2014,7700.0
Maldives,,2013,6963.0
Maldives,,2012,6800.0
Maldives,,2011,6611.0
Maldives,,2010,6369.0
Maldives,,2009,6093.0
Maldives,,2008,6035.0
Maldives,,2007,6160.0
Maldives,,2006,5006.0
Maldives,,2005,578.0
Maldives,,2004,668.0
Maldives,,2003,578.0
Maldives,,2002,607.0
Maldives,,2001,560.0
Maldives,,2000,300.0
Maldives,,1999,-62.0
Maldives,,1998,-94.0
Maldives,,1997,-60.0
Maldives,,1996,-183.0
Maldives,,1995,-302.0
Maldives,,1994,-768.0
Maldives,,1993,-749.0
Maldives,,1992,-522.0
Maldives,,1991,-378.0
Maldives,,1990,-271.0
Maldives,,1989,-610.0
Maldives,,1988,-564.0
Maldives,,1987,-265.0
Maldives,,1986,-175.0
Maldives,,1985,-382.0
Maldives,,1984,-1300.0
Maldives,,1983,-1608.0
Maldives,,1982,-1220.0
Maldives,,1981,-1014.0
Maldives,,1980,-903.0
Maldives,,1979,-958.0
Maldives,,1978,-716.0
Maldives,,1977,-413.0
Maldives,,1976,-101.0
Maldives,,1975,-14.0
Maldives,,1974,-78.0
Maldives,,1973,60.0
Maldives,,1972,269.0
Maldives,,1971,341.0
Maldives,,1970,330.0
Maldives,,1969,313.0
Maldives,,1968,255.0
Maldives,,1967,672.0
Maldives,,1966,1511.0
Maldives,,1965,1709.0
Maldives,,1964,-227.0
Maldives,,1963,-125.0
Maldives,,1962,-80.0
Maldives,,1961,-44.0
Maldives,,1960,-32.0
Mali,,2025,-48019.0
Mali,,2024,-46880.0
Mali,,2023,-39953.0
Mali,,2022,-39951.0
Mali,,2021,-22210.0
Mali,,2020,-14962.0
Mali,,2019,-44373.0
Mali,,2018,-40710.0
Mali,,2017,-33942.0
Mali,,2016,-30251.0
Mali,,2015,-48872.0
Mali,,2014,-50068.0
Mali,,2013,-40951.0
Mali,,2012,-140507.0
Mali,,2011,-43160.0
Mali,,2010,-34483.0
Mali,,2009,-34383.0
Mali,,2008,-24509.0
Mali,,2007,-19945.0
Mali,,2006,-18247.0
Mali,,2005,-17413.0
Mali,,2004,-10796.0
Mali,,2003,-11768.0
Mali,,2002,-8914.0
Mali,,2001,-12507.0
Mali,,2000,-17395.0
Mali,,1999,-21702.0
Mali,,1998,-30255.0
Mali,,1997,-55978.0
Mali,,1996,-67974.0
Mali,,1995,-67763.0
Mali,,1994,-63533.0
Mali,,1993,-68816.0
Mali,,1992,-70789.0
Mali,,1991,-77172.0
Mali,,1990,-68668.0
Mali,,1989,-75771.0
Mali,,1988,-87952.0
Mali,,1987,-90940.0
Mali,,1986,-81970.0
Mali,,1985,-63347.0
Mali,,1984,-47331.0
Mali,,1983,-34132.0
Mali,,1982,-34140.0
Mali,,1981,-34130.0
Mali,,1980,-30156.0
Mali,,1979,-32353.0
Mali,,1978,-31520.0
Mali,,1977,-28853.0
Mali,,1976,-33999.0
Mali,,1975,-26572.0
Mali,,1974,-22449.0
Mali,,1973,-19137.0
Mali,,1972,-19594.0
Mali,,1971,-22127.0
Mali,,1970,-17479.0
Mali,,1969,-18302.0
Mali,,1968,-18015.0
Mali,,1967,-16900.0
Mali,,1966,-17032.0
Mali,,1965,-13662.0
Mali,,1964,-13226.0
Mali,,1963,-11951.0
Mali,,1962,-10821.0
Mali,,1961,-10139.0
Mali,,1960,-10314.0
Malta,,2025,5161.0
Malta,,2024,6323.0
Malta,,2023,6591.0
Malta,,2022,2480.0
Malta,,2021,4638.0
Malta,,2020,6904.0
Malta,,2019,20302.0
Malta,,2018,16961.0
Malta,,2017,14372.0
Malta,,2016,8624.0
Malta,,2015,9588.0
Malta,,2014,9192.0
Malta,,2013,861.0
Malta,,2012,911.0
Malta,,2011,999.0
Malta,,2010,741.0
Malta,,2009,836.0
Malta,,2008,869.0
Malta,,2007,926.0
Malta,,2006,997.0
Malta,,2005,1626.0
Malta,,2004,1662.0
Malta,,2003,1626.0
Malta,,2002,1821.0
Malta,,2001,1678.0
Malta,,2000,1591.0
Malta,,1999,1463.0
Malta,,1998,1260.0
Malta,,1997,1003.0
Malta,,1996,1142.0
Malta,,1995,1306.0
Malta,,1994,1136.0
Malta,,1993,1006.0
Malta,,1992,737.0
Malta,,1991,763.0
Malta,,1990,568.0
Malta,,1989,248.0
Malta,,1988,164.0
Malta,,1987,295.0
Malta,,1986,464.0
Malta,,1985,-428.0
Malta,,1984,-558.0
Malta,,1983,-740.0
Malta,,1982,-1059.0
Malta,,1981,-548.0
Malta,,1980,-886.0
Malta,,1979,-1311.0
Malta,,1978,-1302.0
Malta,,1977,-1598.0
Malta,,1976,-1641.0
Malta,,1975,-1742.0
Malta,,1974,-1597.0
Malta,,1973,-1549.0
Malta,,1972,-1316.0
Malta,,1971,-1327.0
Malta,,1970,-1123.0
Malta,,1969,-827.0
Malta,,1968,-753.0
Malta,,1967,-4073.0
Malta,,1966,-4318.0
Malta,,1965,-4329.0
Malta,,1964,-4768.0
Malta,,1963,-4773.0
Malta,,1962,-5360.0
Malta,,1961,-5099.0
Malta,,1960,-5540.0
Marshall Islands,,2025,-1698.0
Marshall Islands,,2024,-1765.0
Marshall Islands,,2023,-1832.0
Marshall Islands,,2022,-1829.0
Marshall Islands,,2021,-2016.0
Marshall Islands,,2020,-2004.0
Marshall Islands,,2019,-2030.0
Marshall Islands,,2018,-2058.0
Marshall Islands,,2017,-2040.0
Marshall Islands,,2016,-2003.0
Marshall Islands,,2015,-1964.0
Marshall Islands,,2014,-1906.0
Marshall Islands,,2013,-1825.0
Marshall Islands,,2012,-1759.0
Marshall Islands,,2011,-1512.0
Marshall Islands,,2010,-1221.0
Marshall Islands,,2009,-1361.0
Marshall Islands,,2008,-1467.0
Marshall Islands,,2007,-1491.0
Marshall Islands,,2006,-1491.0
Marshall Islands,,2005,-1482.0
Marshall Islands,,2004,-1466.0
Marshall Islands,,2003,-1427.0
Marshall Islands,,2002,-1345.0
Marshall Islands,,2001,-1237.0
Marshall Islands,,2000,-1110.0
Marshall Islands,,1999,-1068.0
Marshall Islands,,1998,-1124.0
Marshall Islands,,1997,-1097.0
Marshall Islands,,1996,-1050.0
Marshall Islands,,1995,-991.0
Marshall Islands,,1994,-942.0
Marshall Islands,,1993,-869.0
Marshall Islands,,1992,-769.0
Marshall Islands,,1991,-661.0
Marshall Islands,,1990,-562.0
Marshall Islands,,1989,-479.0
Marshall Islands,,1988,-140.0
Marshall Islands,,1987,-16.0
Marshall Islands,,1986,-8.0
Marshall Islands,,1985,-1.0
Marshall Islands,,1984,6.0
Marshall Islands,,1983,12.0
Marshall Islands,,1982,23.0
Marshall Islands,,1981,31.0
Marshall Islands,,1980,-155.0
Marshall Islands,,1979,-316.0
Marshall Islands,,1978,-286.0
Marshall Islands,,1977,-264.0
Marshall Islands,,1976,-233.0
Marshall Islands,,1975,-193.0
Marshall Islands,,1974,-145.0
Marshall Islands,,1973,-383.0
Marshall Islands,,1972,-306.0
Marshall Islands,,1971,-232.0
Marshall Islands,,1970,201.0
Marshall Islands,,1969,690.0
Marshall Islands,,1968,769.0
Marshall Islands,,1967,308.0
Marshall Islands,,1966,-89.0
Marshall Islands,,1965,-22.0
Marshall Islands,,1964,16.0
Marshall Islands,,1963,42.0
Marshall Islands,,1962,54.0
Marshall Islands,,1961,56.0
Marshall Islands,,1960,63.0
Mauritania,,2025,-5044.0
Mauritania,,2024,-2185.0
Mauritania,,2023,2999.0
Mauritania,,2022,2999.0
Mauritania,,2021,-1483.0
Mauritania,,2020,-1483.0
Mauritania,,2019,-3019.0
Mauritania,,2018,-2987.0
Mauritania,,2017,-3001.0
Mauritania,,2016,-3008.0
Mauritania,,2015,-3019.0
Mauritania,,2014,-2980.0
Mauritania,,2013,-2987.0
Mauritania,,2012,4515.0
Mauritania,,2011,3272.0
Mauritania,,2010,1128.0
Mauritania,,2009,-1481.0
Mauritania,,2008,-3860.0
Mauritania,,2007,-17048.0
Mauritania,,2006,-18033.0
Mauritania,,2005,-18693.0
Mauritania,,2004,-19042.0
Mauritania,,2003,-19104.0
Mauritania,,2002,-18903.0
Mauritania,,2001,-21067.0
Mauritania,,2000,-2997.0
Mauritania,,1999,-2999.0
Mauritania,,1998,-8504.0
Mauritania,,1997,-8187.0
Mauritania,,1996,-28840.0
Mauritania,,1995,-22997.0
Mauritania,,1994,5304.0
Mauritania,,1993,6217.0
Mauritania,,1992,34505.0
Mauritania,,1991,-2997.0
Mauritania,,1990,-3000.0
Mauritania,,1989,-17941.0
Mauritania,,1988,-2997.0
Mauritania,,1987,-2998.0
Mauritania,,1986,-2998.0
Mauritania,,1985,-2998.0
Mauritania,,1984,-2998.0
Mauritania,,1983,-2998.0
Mauritania,,1982,-2998.0
Mauritania,,1981,-2998.0
Mauritania,,1980,-2997.0
Mauritania,,1979,-2997.0
Mauritania,,1978,-2998.0
Mauritania,,1977,-2999.0
Mauritania,,1976,-1645.0
Mauritania,,1975,-1472.0
Mauritania,,1974,-1321.0
Mauritania,,1973,-1201.0
Mauritania,,1972,-1139.0
Mauritania,,1971,-1014.0
Mauritania,,1970,-855.0
Mauritania,,1969,-688.0
Mauritania,,1968,-565.0
Mauritania,,1967,-514.0
Mauritania,,1966,-466.0
Mauritania,,1965,-434.0
Mauritania,,1964,-390.0
Mauritania,,1963,-362.0
Mauritania,,1962,-342.0
Mauritania,,1961,-332.0
Mauritania,,1960,-318.0
Mauritius,,2025,-2784.0
Mauritius,,2024,-2787.0
Mauritius,,2023,-2824.0
Mauritius,,2022,-2824.0
Mauritius,,2021,-4324.0
Mauritius,,2020,-5895.0
Mauritius,,2019,-5202.0
Mauritius,,2018,-5084.0
Mauritius,,2017,-5322.0
Mauritius,,2016,-4483.0
Mauritius,,2015,-3645.0
Mauritius,,2014,-3691.0
Mauritius,,2013,-3617.0
Mauritius,,2012,-3663.0
Mauritius,,2011,-2465.0
Mauritius,,2010,-2624.0
Mauritius,,2009,-2467.0
Mauritius,,2008,-2589.0
Mauritius,,2007,-2642.0
Mauritius,,2006,-2757.0
Mauritius,,2005,-2840.0
Mauritius,,2004,-3001.0
Mauritius,,2003,-3141.0
Mauritius,,2002,-3150.0
Mauritius,,2001,-3225.0
Mauritius,,2000,-2326.0
Mauritius,,1999,-1463.0
Mauritius,,1998,-1292.0
Mauritius,,1997,-1199.0
Mauritius,,1996,-1092.0
Mauritius,,1995,-1144.0
Mauritius,,1994,-1112.0
Mauritius,,1993,-1189.0
Mauritius,,1992,-1254.0
Mauritius,,1991,-1333.0
Mauritius,,1990,-1938.0
Mauritius,,1989,-2463.0
Mauritius,,1988,-1399.0
Mauritius,,1987,-300.0
Mauritius,,1986,852.0
Mauritius,,1985,615.0
Mauritius,,1984,-258.0
Mauritius,,1983,-1756.0
Mauritius,,1982,-2226.0
Mauritius,,1981,-1559.0
Mauritius,,1980,-1739.0
Mauritius,,1979,-2363.0
Mauritius,,1978,-3129.0
Mauritius,,1977,-3749.0
Mauritius,,1976,-3807.0
Mauritius,,1975,-3869.0
Mauritius,,1974,-4908.0
Mauritius,,1973,-2144.0
Mauritius,,1972,-2408.0
Mauritius,,1971,-960.0
Mauritius,,1970,-1281.0
Mauritius,,1969,-674.0
Mauritius,,1968,-2445.0
Mauritius,,1967,-1257.0
Mauritius,,1966,-4123.0
Mauritius,,1965,-3597.0
Mauritius,,1964,-4850.0
Mauritius,,1963,-5236.0
Mauritius,,1962,-6107.0
Mauritius,,1961,-8984.0
Mauritius,,1960,-7083.0
Mexico,,2025,-108037.0
Mexico,,2024,-104581.0
Mexico,,2023,-101044.0
Mexico,,2022,-108438.0
Mexico,,2021,-122791.0
Mexico,,2020,-147456.0
Mexico,,2019,-169628.0
Mexico,,2018,-175356.0
Mexico,,2017,-227499.0
Mexico,,2016,-304472.0
Mexico,,2015,-291044.0
Mexico,,2014,-228816.0
Mexico,,2013,-120058.0
Mexico,,2012,-128485.0
Mexico,,2011,-37826.0
Mexico,,2010,-40845.0
Mexico,,2009,-30809.0
Mexico,,2008,-50347.0
Mexico,,2007,-105524.0
Mexico,,2006,-244140.0
Mexico,,2005,-310278.0
Mexico,,2004,-346912.0
Mexico,,2003,-369183.0
Mexico,,2002,-379812.0
Mexico,,2001,-378348.0
Mexico,,2000,-356433.0
Mexico,,1999,-328773.0
Mexico,,1998,-321385.0
Mexico,,1997,-340546.0
Mexico,,1996,-343399.0
Mexico,,1995,-340091.0
Mexico,,1994,-354573.0
Mexico,,1993,-358039.0
Mexico,,1992,-344313.0
Mexico,,1991,-326691.0
Mexico,,1990,-321764.0
Mexico,,1989,-386467.0
Mexico,,1988,-374544.0
Mexico,,1987,-415521.0
Mexico,,1986,-451756.0
Mexico,,1985,-445447.0
Mexico,,1984,-425467.0
Mexico,,1983,-402937.0
Mexico,,1982,-382048.0
Mexico,,1981,-361791.0
Mexico,,1980,-252177.0
Mexico,,1979,-246034.0
Mexico,,1978,-243714.0
Mexico,,1977,-239521.0
Mexico,,1976,-229450.0
Mexico,,1975,-216556.0
Mexico,,1974,-207995.0
Mexico,,1973,-200688.0
Mexico,,1972,-193965.0
Mexico,,1971,-185062.0
Mexico,,1970,-164100.0
Mexico,,1969,-137051.0
Mexico,,1968,-116358.0
Mexico,,1967,-98680.0
Mexico,,1966,-87018.0
Mexico,,1965,-78288.0
Mexico,,1964,-72581.0
Mexico,,1963,-66515.0
Mexico,,1962,-59833.0
Mexico,,1961,-56174.0
Mexico,,1960,-85591.0
Micronesia,,2025,-1125.0
Micronesia,,2024,-1104.0
Micronesia,,2023,-1134.0
Micronesia,,2022,-1159.0
Micronesia,,2021,-1190.0
Micronesia,,2020,-680.0
Micronesia,,2019,-1360.0
Micronesia,,2018,-1281.0
Micronesia,,2017,-1281.0
Micronesia,,2016,-1346.0
Micronesia,,2015,-1413.0
Micronesia,,2014,-1480.0
Micronesia,,2013,-1559.0
Micronesia,,2012,-1631.0
Micronesia,,2011,-1717.0
Micronesia,,2010,-1798.0
Micronesia,,2009,-2997.0
Micronesia,,2008,-3070.0
Micronesia,,2007,-3109.0
Micronesia,,2006,-3080.0
Micronesia,,2005,-2968.0
Micronesia,,2004,-2919.0
Micronesia,,2003,-2831.0
Micronesia,,2002,-2677.0
Micronesia,,2001,-2562.0
Micronesia,,2000,-2402.0
Micronesia,,1999,-2530.0
Micronesia,,1998,-2505.0
Micronesia,,1997,-2468.0
Micronesia,,1996,-2355.0
Micronesia,,1995,-2192.0
Micronesia,,1994,-1006.0
Micronesia,,1993,-552.0
Micronesia,,1992,-589.0
Micronesia,,1991,-993.0
Micronesia,,1990,-993.0
Micronesia,,1989,-994.0
Micronesia,,1988,-994.0
Micronesia,,1987,-291.0
Micronesia,,1986,-291.0
Micronesia,,1985,-291.0
Micronesia,,1984,-291.0
Micronesia,,1983,-291.0
Micronesia,,1982,-291.0
Micronesia,,1981,-291.0
Micronesia,,1980,-291.0
Micronesia,,1979,-291.0
Micronesia,,1978,-291.0
Micronesia,,1977,-753.0
Micronesia,,1976,-753.0
Micronesia,,1975,-753.0
Micronesia,,1974,-484.0
Micronesia,,1973,-484.0
Micronesia,,1972,-484.0
Micronesia,,1971,-485.0
Micronesia,,1970,-192.0
Micronesia,,1969,-192.0
Micronesia,,1968,-192.0
Micronesia,,1967,-192.0
Micronesia,,1966,-88.0
Micronesia,,1965,-88.0
Micronesia,,1964,-88.0
Micronesia,,1963,-88.0
Micronesia,,1962,193.0
Micronesia,,1961,193.0
Micronesia,,1960,193.0
Moldova,,2025,-29766.0
Moldova,,2024,-27088.0
Moldova,,2023,-18570.0
Moldova,,2022,89154.0
Moldova,,2021,-33405.0
Moldova,,2020,-33405.0
Moldova,,2019,-41233.0
Moldova,,2018,-36085.0
Moldova,,2017,-43871.0
Moldova,,2016,-51642.0
Moldova,,2015,-59399.0
Moldova,,2014,-67175.0
Moldova,,2013,-77571.0
Moldova,,2012,-81215.0
Moldova,,2011,-82271.0
Moldova,,2010,-84039.0
Moldova,,2009,-83546.0
Moldova,,2008,-79593.0
Moldova,,2007,-75734.0
Moldova,,2006,-72061.0
Moldova,,2005,-68681.0
Moldova,,2004,-52491.0
Moldova,,2003,-46947.0
Moldova,,2002,-45833.0
Moldova,,2001,-45043.0
Moldova,,2000,-43854.0
Moldova,,1999,-43111.0
Moldova,,1998,-41975.0
Moldova,,1997,-41743.0
Moldova,,1996,-33369.0
Moldova,,1995,-31975.0
Moldova,,1994,-31616.0
Moldova,,1993,-31526.0
Moldova,,1992,-30136.0
Moldova,,1991,-29204.0
Moldova,,1990,-30053.0
Moldova,,1989,-29307.0
Moldova,,1988,-4989.0
Moldova,,1987,-10796.0
Moldova,,1986,-8769.0
Moldova,,1985,-10627.0
Moldova,,1984,-12732.0
Moldova,,1983,-10543.0
Moldova,,1982,-8412.0
Moldova,,1981,-6452.0
Moldova,,1980,-3693.0
Moldova,,1979,-6912.0
Moldova,,1978,3483.0
Moldova,,1977,3245.0
Moldova,,1976,2885.0
Moldova,,1975,2355.0
Moldova,,1974,1785.0
Moldova,,1973,1156.0
Moldova,,1972,481.0
Moldova,,1971,-61.0
Moldova,,1970,606.0
Moldova,,1969,20561.0
Moldova,,1968,19830.0
Moldova,,1967,19175.0
Moldova,,1966,18601.0
Moldova,,1965,18066.0
Moldova,,1964,17509.0
Moldova,,1963,16816.0
Moldova,,1962,15884.0
Moldova,,1961,14818.0
Moldova,,1960,13697.0
Monaco,,2025,100.0
Monaco,,2024,110.0
Monaco,,2023,88.0
Monaco,,2022,995.0
Monaco,,2021,999.0
Monaco,,2020,999.0
Monaco,,2019,-198.0
Monaco,,2018,999.0
Monaco,,2017,798.0
Monaco,,2016,798.0
Monaco,,2015,939.0
Monaco,,2014,916.0
Monaco,,2013,926.0
Monaco,,2012,906.0
Monaco,,2011,866.0
Monaco,,2010,808.0
Monaco,,2009,785.0
Monaco,,2008,206.0
Monaco,,2007,-274.0
Monaco,,2006,-209.0
Monaco,,2005,-147.0
Monaco,,2004,-112.0
Monaco,,2003,-68.0
Monaco,,2002,-60.0
Monaco,,2001,-69.0
Monaco,,2000,-33.0
Monaco,,1999,64.0
Monaco,,1998,173.0
Monaco,,1997,212.0
Monaco,,1996,229.0
Monaco,,1995,246.0
Monaco,,1994,262.0
Monaco,,1993,276.0
Monaco,,1992,293.0
Monaco,,1991,299.0
Monaco,,1990,289.0
Monaco,,1989,285.0
Monaco,,1988,304.0
Monaco,,1987,315.0
Monaco,,1986,340.0
Monaco,,1985,374.0
Monaco,,1984,412.0
Monaco,,1983,456.0
Monaco,,1982,447.0
Monaco,,1981,201.0
Monaco,,1980,256.0
Monaco,,1979,306.0
Monaco,,1978,355.0
Monaco,,1977,407.0
Monaco,,1976,459.0
Monaco,,1975,458.0
Monaco,,1974,198.0
Monaco,,1973,218.0
Monaco,,1972,294.0
Monaco,,1971,358.0
Monaco,,1970,406.0
Monaco,,1969,450.0
Monaco,,1968,388.0
Monaco,,1967,67.0
Monaco,,1966,162.0
Monaco,,1965,243.0
Monaco,,1964,287.0
Monaco,,1963,333.0
Monaco,,1962,283.0
Monaco,,1961,52.0
Monaco,,1960,103.0
Mongolia,,2025,79.0
Mongolia,,2024,83.0
Mongolia,,2023,0.0
Mongolia,,2022,0.0
Mongolia,,2021,0.0
Mongolia,,2020,0.0
Mongolia,,2019,8660.0
Mongolia,,2018,7811.0
Mongolia,,2017,6831.0
Mongolia,,2016,5633.0
Mongolia,,2015,4307.0
Mongolia,,2014,2921.0
Mongolia,,2013,1505.0
Mongolia,,2012,351.0
Mongolia,,2011,-505.0
Mongolia,,2010,-6444.0
Mongolia,,2009,-15007.0
Mongolia,,2008,-17277.0
Mongolia,,2007,-15220.0
Mongolia,,2006,-11934.0
Mongolia,,2005,-8924.0
Mongolia,,2004,-8148.0
Mongolia,,2003,-7986.0
Mongolia,,2002,-8934.0
Mongolia,,2001,-10244.0
Mongolia,,2000,-11241.0
Mongolia,,1999,-13481.0
Mongolia,,1998,-10315.0
Mongolia,,1997,-9132.0
Mongolia,,1996,-8626.0
Mongolia,,1995,-7346.0
Mongolia,,1994,-5449.0
Mongolia,,1993,-5429.0
Mongolia,,1992,-8404.0
Mongolia,,1991,-11427.0
Mongolia,,1990,-11881.0
Mongolia,,1989,-9757.0
Mongolia,,1988,2459.0
Mongolia,,1987,1855.0
Mongolia,,1986,354.0
Mongolia,,1985,-1719.0
Mongolia,,1984,-2452.0
Mongolia,,1983,-2522.0
Mongolia,,1982,-2132.0
Mongolia,,1981,-1615.0
Mongolia,,1980,-1268.0
Mongolia,,1979,-1296.0
Mongolia,,1978,1833.0
Mongolia,,1977,5354.0
Mongolia,,1976,6577.0
Mongolia,,1975,6556.0
Mongolia,,1974,6153.0
Mongolia,,1973,5647.0
Mongolia,,1972,4999.0
Mongolia,,1971,4238.0
Mongolia,,1970,3263.0
Mongolia,,1969,2366.0
Mongolia,,1968,3535.0
Mongolia,,1967,5139.0
Mongolia,,1966,5837.0
Mongolia,,1965,5610.0
Mongolia,,1964,4599.0
Mongolia,,1963,3687.0
Mongolia,,1962,9049.0
Mongolia,,1961,10440.0
Mongolia,,1960,10334.0
Montenegro,,2025,-9279.0
Montenegro,,2024,-1686.0
Montenegro,,2023,12000.0
Montenegro,,2022,26332.0
Montenegro,,2021,-2344.0
Montenegro,,2020,-3310.0
Montenegro,,2019,-4083.0
Montenegro,,2018,-5058.0
Montenegro,,2017,-4948.0
Montenegro,,2016,-5274.0
Montenegro,,2015,-4863.0
Montenegro,,2014,-4357.0
Montenegro,,2013,-2478.0
Montenegro,,2012,-1583.0
Montenegro,,2011,0.0
Montenegro,,2010,-2276.0
Montenegro,,2009,-3456.0
Montenegro,,2008,-3326.0
Montenegro,,2007,-3056.0
Montenegro,,2006,-2735.0
Montenegro,,2005,-2247.0
Montenegro,,2004,-1997.0
Montenegro,,2003,-3178.0
Montenegro,,2002,-3357.0
Montenegro,,2001,-3511.0
Montenegro,,2000,-3734.0
Montenegro,,1999,-3487.0
Montenegro,,1998,-3326.0
Montenegro,,1997,-3077.0
Montenegro,,1996,-3051.0
Montenegro,,1995,-3082.0
Montenegro,,1994,-2889.0
Montenegro,,1993,-2835.0
Montenegro,,1992,-2942.0
Montenegro,,1991,-2630.0
Montenegro,,1990,-1705.0
Montenegro,,1989,-1730.0
Montenegro,,1988,-2165.0
Montenegro,,1987,-2569.0
Montenegro,,1986,-2747.0
Montenegro,,1985,-3013.0
Montenegro,,1984,-3074.0
Montenegro,,1983,-3190.0
Montenegro,,1982,-3151.0
Montenegro,,1981,-2287.0
Montenegro,,1980,-450.0
Montenegro,,1979,-718.0
Montenegro,,1978,-1103.0
Montenegro,,1977,-1364.0
Montenegro,,1976,-1447.0
Montenegro,,1975,-1588.0
Montenegro,,1974,-1669.0
Montenegro,,1973,-1778.0
Montenegro,,1972,-1922.0
Montenegro,,1971,-1856.0
Montenegro,,1970,-2013.0
Montenegro,,1969,-2456.0
Montenegro,,1968,-2404.0
Montenegro,,1967,-2519.0
Montenegro,,1966,-2751.0
Montenegro,,1965,-2743.0
Montenegro,,1964,-2734.0
Montenegro,,1963,-2800.0
Montenegro,,1962,-2606.0
Montenegro,,1961,-2254.0
Montenegro,,1960,-2467.0
Morocco,,2025,-56254.0
Morocco,,2024,-46802.0
Morocco,,2023,-39650.0
Morocco,,2022,-38594.0
Morocco,,2021,-47902.0
Morocco,,2020,-35474.0
Morocco,,2019,-91217.0
Morocco,,2018,-88159.0
Morocco,,2017,-60472.0
Morocco,,2016,-39302.0
Morocco,,2015,-81248.0
Morocco,,2014,-72065.0
Morocco,,2013,-67096.0
Morocco,,2012,-65251.0
Morocco,,2011,-67447.0
Morocco,,2010,-70510.0
Morocco,,2009,-82203.0
Morocco,,2008,-78912.0
Morocco,,2007,-73759.0
Morocco,,2006,-72364.0
Morocco,,2005,-59024.0
Morocco,,2004,-66749.0
Morocco,,2003,-84460.0
Morocco,,2002,-67802.0
Morocco,,2001,-63967.0
Morocco,,2000,-67569.0
Morocco,,1999,-74343.0
Morocco,,1998,-80286.0
Morocco,,1997,-96502.0
Morocco,,1996,-95331.0
Morocco,,1995,-85386.0
Morocco,,1994,-115404.0
Morocco,,1993,-121254.0
Morocco,,1992,-107911.0
Morocco,,1991,-130717.0
Morocco,,1990,-97711.0
Morocco,,1989,-104509.0
Morocco,,1988,-102484.0
Morocco,,1987,-104029.0
Morocco,,1986,-99905.0
Morocco,,1985,-45336.0
Morocco,,1984,-39319.0
Morocco,,1983,-24988.0
Morocco,,1982,-25471.0
Morocco,,1981,-22553.0
Morocco,,1980,-13899.0
Morocco,,1979,-27374.0
Morocco,,1978,-30600.0
Morocco,,1977,-32161.0
Morocco,,1976,-58019.0
Morocco,,1975,-51968.0
Morocco,,1974,-52927.0
Morocco,,1973,-51772.0
Morocco,,1972,-47226.0
Morocco,,1971,-39385.0
Morocco,,1970,-26168.0
Morocco,,1969,-24389.0
Morocco,,1968,-25267.0
Morocco,,1967,-23309.0
Morocco,,1966,-26945.0
Morocco,,1965,-33139.0
Morocco,,1964,-46106.0
Morocco,,1963,-56214.0
Morocco,,1962,-28071.0
Morocco,,1961,-40413.0
Morocco,,1960,-19434.0
Mozambique,,2025,-65573.0
Mozambique,,2024,-38940.0
Mozambique,,2023,-36276.0
Mozambique,,2022,-34936.0
Mozambique,,2021,-23103.0
Mozambique,,2020,-25864.0
Mozambique,,2019,-49080.0
Mozambique,,2018,-50224.0
Mozambique,,2017,-25043.0
Mozambique,,2016,-43398.0
Mozambique,,2015,-52374.0
Mozambique,,2014,-53625.0
Mozambique,,2013,-57067.0
Mozambique,,2012,-63131.0
Mozambique,,2011,-63638.0
Mozambique,,2010,-97079.0
Mozambique,,2009,-100625.0
Mozambique,,2008,-102534.0
Mozambique,,2007,-100490.0
Mozambique,,2006,-95333.0
Mozambique,,2005,-95770.0
Mozambique,,2004,-100824.0
Mozambique,,2003,-99484.0
Mozambique,,2002,-103102.0
Mozambique,,2001,-105130.0
Mozambique,,2000,-104476.0
Mozambique,,1999,-103223.0
Mozambique,,1998,-74952.0
Mozambique,,1997,-79732.0
Mozambique,,1996,90975.0
Mozambique,,1995,108751.0
Mozambique,,1994,938163.0
Mozambique,,1993,272829.0
Mozambique,,1992,-128960.0
Mozambique,,1991,-68644.0
Mozambique,,1990,-127215.0
Mozambique,,1989,-199509.0
Mozambique,,1988,-286247.0
Mozambique,,1987,-441710.0
Mozambique,,1986,-121350.0
Mozambique,,1985,-75642.0
Mozambique,,1984,-70532.0
Mozambique,,1983,-73899.0
Mozambique,,1982,-72852.0
Mozambique,,1981,-58347.0
Mozambique,,1980,-149650.0
Mozambique,,1979,83699.0
Mozambique,,1978,95859.0
Mozambique,,1977,91082.0
Mozambique,,1976,61326.0
Mozambique,,1975,59562.0
Mozambique,,1974,51238.0
Mozambique,,1973,44951.0
Mozambique,,1972,35023.0
Mozambique,,1971,11297.0
Mozambique,,1970,-18197.0
Mozambique,,1969,-24251.0
Mozambique,,1968,-26872.0
Mozambique,,1967,-27672.0
Mozambique,,1966,-31462.0
Mozambique,,1965,-30538.0
Mozambique,,1964,-35005.0
Mozambique,,1963,-37738.0
Mozambique,,1962,-38504.0
Mozambique,,1961,-40181.0
Mozambique,,1960,-54351.0
Myanmar,,2025,-39661.0
Myanmar,,2024,-37979.0
Myanmar,,2023,-34989.0
Myanmar,,2022,-34988.0
Myanmar,,2021,-35370.0
Myanmar,,2020,-66213.0
Myanmar,,2019,-100783.0
Myanmar,,2018,-114598.0
Myanmar,,2017,-105415.0
Myanmar,,2016,-87907.0
Myanmar,,2015,-94108.0
Myanmar,,2014,-74901.0
Myanmar,,2013,-62863.0
Myanmar,,2012,-61536.0
Myanmar,,2011,-82713.0
Myanmar,,2010,-116481.0
Myanmar,,2009,-158542.0
Myanmar,,2008,-180533.0
Myanmar,,2007,-184989.0
Myanmar,,2006,-186098.0
Myanmar,,2005,-185009.0
Myanmar,,2004,-169736.0
Myanmar,,2003,-165739.0
Myanmar,,2002,-150232.0
Myanmar,,2001,-131124.0
Myanmar,,2000,-106772.0
Myanmar,,1999,-81874.0
Myanmar,,1998,-62281.0
Myanmar,,1997,-58954.0
Myanmar,,1996,-65766.0
Myanmar,,1995,-75097.0
Myanmar,,1994,-71359.0
Myanmar,,1993,-83214.0
Myanmar,,1992,-80661.0
Myanmar,,1991,-79059.0
Myanmar,,1990,-40859.0
Myanmar,,1989,-26585.0
Myanmar,,1988,-13046.0
Myanmar,,1987,-11642.0
Myanmar,,1986,-7351.0
Myanmar,,1985,6074.0
Myanmar,,1984,11433.0
Myanmar,,1983,18427.0
Myanmar,,1982,-79856.0
Myanmar,,1981,-52839.0
Myanmar,,1980,-37679.0
Myanmar,,1979,-44174.0
Myanmar,,1978,-36055.0
Myanmar,,1977,-37879.0
Myanmar,,1976,-60561.0
Myanmar,,1975,-52763.0
Myanmar,,1974,-53875.0
Myanmar,,1973,-55659.0
Myanmar,,1972,10735.0
Myanmar,,1971,6306.0
Myanmar,,1970,17997.0
Myanmar,,1969,17491.0
Myanmar,,1968,17293.0
Myanmar,,1967,18470.0
Myanmar,,1966,15453.0
Myanmar,,1965,18847.0
Myanmar,,1964,15600.0
Myanmar,,1963,14350.0
Myanmar,,1962,13546.0
Myanmar,,1961,11972.0
Myanmar,,1960,8807.0
Namibia,,2025,1866.0
Namibia,,2024,4211.0
Namibia,,2023,11675.0
Namibia,,2022,22212.0
Namibia,,2021,31327.0
Namibia,,2020,27056.0
Namibia,,2019,19676.0
Namibia,,2018,17920.0
Namibia,,2017,16080.0
Namibia,,2016,14002.0
Namibia,,2015,12755.0
Namibia,,2014,11134.0
Namibia,,2013,10748.0
Namibia,,2012,10957.0
Namibia,,2011,-4067.0
Namibia,,2010,-8518.0
Namibia,,2009,-8626.0
Namibia,,2008,-8775.0
Namibia,,2007,-8905.0
Namibia,,2006,-8792.0
Namibia,,2005,-8195.0
Namibia,,2004,-7192.0
Namibia,,2003,-6153.0
Namibia,,2002,-1913.0
Namibia,,2001,2869.0
Namibia,,2000,5709.0
Namibia,,1999,6333.0
Namibia,,1998,6180.0
Namibia,,1997,6023.0
Namibia,,1996,5866.0
Namibia,,1995,5712.0
Namibia,,1994,5578.0
Namibia,,1993,5464.0
Namibia,,1992,2487.0
Namibia,,1991,309.0
Namibia,,1990,3969.0
Namibia,,1989,75072.0
Namibia,,1988,10916.0
Namibia,,1987,4559.0
Namibia,,1986,3953.0
Namibia,,1985,2090.0
Namibia,,1984,-267.0
Namibia,,1983,-481.0
Namibia,,1982,-889.0
Namibia,,1981,-18901.0
Namibia,,1980,-15041.0
Namibia,,1979,-4818.0
Namibia,,1978,-22827.0
Namibia,,1977,-3907.0
Namibia,,1976,-5048.0
Namibia,,1975,-553.0
Namibia,,1974,-744.0
Namibia,,1973,-1066.0
Namibia,,1972,-236.0
Namibia,,1971,-208.0
Namibia,,1970,-244.0
Namibia,,1969,-57.0
Namibia,,1968,-636.0
Namibia,,1967,-339.0
Namibia,,1966,-1023.0
Namibia,,1965,-1327.0
Namibia,,1964,-1660.0
Namibia,,1963,-2016.0
Namibia,,1962,-2403.0
Namibia,,1961,-2807.0
Namibia,,1960,-3227.0
Nepal,,2025,-364699.0
Nepal,,2024,-401282.0
Nepal,,2023,-409782.0
Nepal,,2022,-379321.0
Nepal,,2021,130001.0
Nepal,,2020,162139.0
Nepal,,2019,182203.0
Nepal,,2018,-295151.0
Nepal,,2017,-368787.0
Nepal,,2016,-341748.0
Nepal,,2015,-221062.0
Nepal,,2014,-310156.0
Nepal,,2013,-373064.0
Nepal,,2012,-371707.0
Nepal,,2011,-347552.0
Nepal,,2010,-269963.0
Nepal,,2009,-266144.0
Nepal,,2008,-261540.0
Nepal,,2007,-252526.0
Nepal,,2006,-241455.0
Nepal,,2005,-211024.0
Nepal,,2004,-197336.0
Nepal,,2003,-168314.0
Nepal,,2002,-153730.0
Nepal,,2001,-148973.0
Nepal,,2000,-147193.0
Nepal,,1999,-122551.0
Nepal,,1998,-108400.0
Nepal,,1997,-98454.0
Nepal,,1996,-92307.0
Nepal,,1995,-86232.0
Nepal,,1994,-27415.0
Nepal,,1993,-37782.0
Nepal,,1992,84113.0
Nepal,,1991,17056.0
Nepal,,1990,-640.0
Nepal,,1989,-39808.0
Nepal,,1988,-64246.0
Nepal,,1987,-72437.0
Nepal,,1986,-47017.0
Nepal,,1985,-30154.0
Nepal,,1984,-19300.0
Nepal,,1983,1304.0
Nepal,,1982,-3898.0
Nepal,,1981,-4855.0
Nepal,,1980,5084.0
Nepal,,1979,88.0
Nepal,,1978,346.0
Nepal,,1977,2108.0
Nepal,,1976,-15119.0
Nepal,,1975,-6686.0
Nepal,,1974,-4361.0
Nepal,,1973,-1076.0
Nepal,,1972,-2107.0
Nepal,,1971,-7284.0
Nepal,,1970,1847.0
Nepal,,1969,-527.0
Nepal,,1968,-746.0
Nepal,,1967,347.0
Nepal,,1966,-3306.0
Nepal,,1965,-1551.0
Nepal,,1964,-6087.0
Nepal,,1963,-8303.0
Nepal,,1962,-9249.0
Nepal,,1961,-10601.0
Nepal,,1960,-13223.0
Netherlands,,2025,104681.0
Netherlands,,2024,121628.0
Netherlands,,2023,144558.0
Netherlands,,2022,224472.0
Netherlands,,2021,106416.0
Netherlands,,2020,67598.0
Netherlands,,2019,109003.0
Netherlands,,2018,87197.0
Netherlands,,2017,86332.0
Netherlands,,2016,88743.0
Netherlands,,2015,55585.0
Netherlands,,2014,36591.0
Netherlands,,2013,19973.0
Netherlands,,2012,14861.0
Netherlands,,2011,31224.0
Netherlands,,2010,33703.0
Netherlands,,2009,39832.0
Netherlands,,2008,32406.0
Netherlands,,2007,-304.0
Netherlands,,2006,-25401.0
Netherlands,,2005,-22496.0
Netherlands,,2004,-9230.0
Netherlands,,2003,7937.0
Netherlands,,2002,28824.0
Netherlands,,2001,56096.0
Netherlands,,2000,59308.0
Netherlands,,1999,47179.0
Netherlands,,1998,52058.0
Netherlands,,1997,31302.0
Netherlands,,1996,21792.0
Netherlands,,1995,15056.0
Netherlands,,1994,20193.0
Netherlands,,1993,44514.0
Netherlands,,1992,50148.0
Netherlands,,1991,51670.0
Netherlands,,1990,53564.0
Netherlands,,1989,31165.0
Netherlands,,1988,31026.0
Netherlands,,1987,39559.0
Netherlands,,1986,30380.0
Netherlands,,1985,27356.0
Netherlands,,1984,12902.0
Netherlands,,1983,11007.0
Netherlands,,1982,7644.0
Netherlands,,1981,17643.0
Netherlands,,1980,54010.0
Netherlands,,1979,42772.0
Netherlands,,1978,26639.0
Netherlands,,1977,19809.0
Netherlands,,1976,18774.0
Netherlands,,1975,68569.0
Netherlands,,1974,31645.0
Netherlands,,1973,18705.0
Netherlands,,1972,17470.0
Netherlands,,1971,32756.0
Netherlands,,1970,32438.0
Netherlands,,1969,21850.0
Netherlands,,1968,7243.0
Netherlands,,1967,-10673.0
Netherlands,,1966,20740.0
Netherlands,,1965,19444.0
Netherlands,,1964,15014.0
Netherlands,,1963,-21.0
Netherlands,,1962,18024.0
Netherlands,,1961,8258.0
Netherlands,,1960,-13235.0
New Zealand,,2025,17403.0
New Zealand,,2024,18766.0
New Zealand,,2023,21404.0
New Zealand,,2022,21404.0
New Zealand,,2021,-14944.0
New Zealand,,2020,42124.0
New Zealand,,2019,69770.0
New Zealand,,2018,59139.0
New Zealand,,2017,68349.0
New Zealand,,2016,75512.0
New Zealand,,2015,70870.0
New Zealand,,2014,57974.0
New Zealand,,2013,26385.0
New Zealand,,2012,-1015.0
New Zealand,,2011,-2196.0
New Zealand,,2010,6722.0
New Zealand,,2009,12700.0
New Zealand,,2008,4804.0
New Zealand,,2007,3053.0
New Zealand,,2006,14542.0
New Zealand,,2005,19212.0
New Zealand,,2004,24521.0
New Zealand,,2003,42456.0
New Zealand,,2002,48195.0
New Zealand,,2001,17793.0
New Zealand,,2000,-6604.0
New Zealand,,1999,-7634.0
New Zealand,,1998,-1387.0
New Zealand,,1997,12040.0
New Zealand,,1996,25169.0
New Zealand,,1995,26743.0
New Zealand,,1994,20420.0
New Zealand,,1993,12638.0
New Zealand,,1992,6460.0
New Zealand,,1991,31156.0
New Zealand,,1990,70432.0
New Zealand,,1989,-8818.0
New Zealand,,1988,-17005.0
New Zealand,,1987,-7631.0
New Zealand,,1986,-10234.0
New Zealand,,1985,-13462.0
New Zealand,,1984,-901.0
New Zealand,,1983,11464.0
New Zealand,,1982,7982.0
New Zealand,,1981,-7606.0
New Zealand,,1980,-15423.0
New Zealand,,1979,-26694.0
New Zealand,,1978,-28783.0
New Zealand,,1977,-22697.0
New Zealand,,1976,-9138.0
New Zealand,,1975,13196.0
New Zealand,,1974,27580.0
New Zealand,,1973,28261.0
New Zealand,,1972,17779.0
New Zealand,,1971,7547.0
New Zealand,,1970,4511.0
New Zealand,,1969,-5212.0
New Zealand,,1968,-11853.0
New Zealand,,1967,-2289.0
New Zealand,,1966,9161.0
New Zealand,,1965,9245.0
New Zealand,,1964,9806.0
New Zealand,,1963,10226.0
New Zealand,,1962,12697.0
New Zealand,,1961,10689.0
New Zealand,,1960,3846.0
Nicaragua,,2025,-8371.0
Nicaragua,,2024,-8189.0
Nicaragua,,2023,-7996.0
Nicaragua,,2022,-7996.0
Nicaragua,,2021,-10383.0
Nicaragua,,2020,-10383.0
Nicaragua,,2019,-19730.0
Nicaragua,,2018,-20742.0
Nicaragua,,2017,-21849.0
Nicaragua,,2016,-23076.0
Nicaragua,,2015,-24353.0
Nicaragua,,2014,-25570.0
Nicaragua,,2013,-26587.0
Nicaragua,,2012,-27389.0
Nicaragua,,2011,-28221.0
Nicaragua,,2010,-29081.0
Nicaragua,,2009,-29913.0
Nicaragua,,2008,-30675.0
Nicaragua,,2007,-31357.0
Nicaragua,,2006,-32274.0
Nicaragua,,2005,-33280.0
Nicaragua,,2004,-44222.0
Nicaragua,,2003,-44931.0
Nicaragua,,2002,-44906.0
Nicaragua,,2001,-43837.0
Nicaragua,,2000,-42087.0
Nicaragua,,1999,-40095.0
Nicaragua,,1998,-38260.0
Nicaragua,,1997,-36851.0
Nicaragua,,1996,-35208.0
Nicaragua,,1995,-25889.0
Nicaragua,,1994,-24773.0
Nicaragua,,1993,-24091.0
Nicaragua,,1992,-24171.0
Nicaragua,,1991,-24028.0
Nicaragua,,1990,-24280.0
Nicaragua,,1989,-24364.0
Nicaragua,,1988,-24753.0
Nicaragua,,1987,-25127.0
Nicaragua,,1986,-24805.0
Nicaragua,,1985,-23840.0
Nicaragua,,1984,-22493.0
Nicaragua,,1983,-20620.0
Nicaragua,,1982,-19395.0
Nicaragua,,1981,-17353.0
Nicaragua,,1980,-15130.0
Nicaragua,,1979,-14152.0
Nicaragua,,1978,-12273.0
Nicaragua,,1977,-11082.0
Nicaragua,,1976,-10155.0
Nicaragua,,1975,-9349.0
Nicaragua,,1974,-8639.0
Nicaragua,,1973,-7947.0
Nicaragua,,1972,-7219.0
Nicaragua,,1971,-6328.0
Nicaragua,,1970,-5423.0
Nicaragua,,1969,-4592.0
Nicaragua,,1968,-3979.0
Nicaragua,,1967,-3666.0
Nicaragua,,1966,-3443.0
Nicaragua,,1965,-3231.0
Nicaragua,,1964,-3043.0
Nicaragua,,1963,-2881.0
Nicaragua,,1962,-2727.0
Nicaragua,,1961,-2579.0
Nicaragua,,1960,-2418.0
Niger,,2025,-7704.0
Niger,,2024,-4041.0
Niger,,2023,995.0
Niger,,2022,995.0
Niger,,2021,-4405.0
Niger,,2020,-4402.0
Niger,,2019,-15778.0
Niger,,2018,-3830.0
Niger,,2017,-6830.0
Niger,,2016,14833.0
Niger,,2015,17051.0
Niger,,2014,3891.0
Niger,,2013,-2543.0
Niger,,2012,18714.0
Niger,,2011,-6941.0
Niger,,2010,-8033.0
Niger,,2009,-9014.0
Niger,,2008,-9847.0
Niger,,2007,-10069.0
Niger,,2006,-10054.0
Niger,,2005,-9700.0
Niger,,2004,-9070.0
Niger,,2003,-8841.0
Niger,,2002,-9550.0
Niger,,2001,-8654.0
Niger,,2000,-8522.0
Niger,,1999,-12037.0
Niger,,1998,-7298.0
Niger,,1997,-13680.0
Niger,,1996,-8057.0
Niger,,1995,3843.0
Niger,,1994,-959.0
Niger,,1993,-2269.0
Niger,,1992,-2258.0
Niger,,1991,-1500.0
Niger,,1990,73.0
Niger,,1989,613.0
Niger,,1988,-1139.0
Niger,,1987,-2338.0
Niger,,1986,-2728.0
Niger,,1985,-6126.0
Niger,,1984,-9208.0
Niger,,1983,-9209.0
Niger,,1982,-8935.0
Niger,,1981,-7559.0
Niger,,1980,-5564.0
Niger,,1979,-3495.0
Niger,,1978,-3494.0
Niger,,1977,-3476.0
Niger,,1976,-3308.0
Niger,,1975,-3254.0
Niger,,1974,-3179.0
Niger,,1973,-2942.0
Niger,,1972,-2525.0
Niger,,1971,-2277.0
Niger,,1970,-2225.0
Niger,,1969,-2245.0
Niger,,1968,-2277.0
Niger,,1967,-2289.0
Niger,,1966,-2289.0
Niger,,1965,-2289.0
Niger,,1964,-2289.0
Niger,,1963,-2289.0
Niger,,1962,-2369.0
Niger,,1961,-2893.0
Niger,,1960,-3641.0
Nigeria,,2025,-15258.0
Nigeria,,2024,-35202.0
Nigeria,,2023,-57936.0
Nigeria,,2022,-51680.0
Nigeria,,2021,-86115.0
Nigeria,,2020,-14497.0
Nigeria,,2019,-99722.0
Nigeria,,2018,-76565.0
Nigeria,,2017,78685.0
Nigeria,,2016,75265.0
Nigeria,,2015,-116162.0
Nigeria,,2014,-19376.0
Nigeria,,2013,40201.0
Nigeria,,2012,71138.0
Nigeria,,2011,67808.0
Nigeria,,2010,47966.0
Nigeria,,2009,-18422.0
Nigeria,,2008,-13646.0
Nigeria,,2007,-9162.0
Nigeria,,2006,-12093.0
Nigeria,,2005,-17146.0
Nigeria,,2004,46370.0
Nigeria,,2003,33857.0
Nigeria,,2002,69594.0
Nigeria,,2001,64163.0
Nigeria,,2000,74535.0
Nigeria,,1999,97195.0
Nigeria,,1998,145575.0
Nigeria,,1997,96885.0
Nigeria,,1996,84448.0
Nigeria,,1995,73243.0
Nigeria,,1994,128134.0
Nigeria,,1993,90200.0
Nigeria,,1992,138412.0
Nigeria,,1991,42760.0
Nigeria,,1990,135959.0
Nigeria,,1989,99588.0
Nigeria,,1988,93510.0
Nigeria,,1987,64418.0
Nigeria,,1986,29682.0
Nigeria,,1985,61514.0
Nigeria,,1984,113758.0
Nigeria,,1983,-507539.0
Nigeria,,1982,101116.0
Nigeria,,1981,106723.0
Nigeria,,1980,198672.0
Nigeria,,1979,137721.0
Nigeria,,1978,111258.0
Nigeria,,1977,129075.0
Nigeria,,1976,72889.0
Nigeria,,1975,75603.0
Nigeria,,1974,44281.0
Nigeria,,1973,-618.0
Nigeria,,1972,-12962.0
Nigeria,,1971,-35639.0
Nigeria,,1970,7953.0
Nigeria,,1969,6912.0
Nigeria,,1968,9615.0
Nigeria,,1967,18683.0
Nigeria,,1966,12513.0
Nigeria,,1965,32988.0
Nigeria,,1964,26411.0
Nigeria,,1963,27115.0
Nigeria,,1962,27906.0
Nigeria,,1961,25515.0
Nigeria,,1960,12131.0
North Macedonia,,2025,-5645.0
North Macedonia,,2024,-5728.0
North Macedonia,,2023,-5597.0
North Macedonia,,2022,-5296.0
North Macedonia,,2021,-5483.0
North Macedonia,,2020,-23458.0
North Macedonia,,2019,-24204.0
North Macedonia,,2018,-24878.0
North Macedonia,,2017,-24227.0
North Macedonia,,2016,-24144.0
North Macedonia,,2015,-23010.0
North Macedonia,,2014,-22132.0
North Macedonia,,2013,-20297.0
North Macedonia,,2012,-19083.0
North Macedonia,,2011,-17871.0
North Macedonia,,2010,-16668.0
North Macedonia,,2009,-15455.0
North Macedonia,,2008,-17645.0
North Macedonia,,2007,-15705.0
North Macedonia,,2006,-9632.0
North Macedonia,,2005,-2244.0
North Macedonia,,2004,-2640.0
North Macedonia,,2003,-2880.0
North Macedonia,,2002,-2858.0
North Macedonia,,2001,-922.0
North Macedonia,,2000,-2824.0
North Macedonia,,1999,-1261.0
North Macedonia,,1998,-589.0
North Macedonia,,1997,-477.0
North Macedonia,,1996,-397.0
North Macedonia,,1995,-3603.0
North Macedonia,,1994,-21006.0
North Macedonia,,1993,-47273.0
North Macedonia,,1992,-46509.0
North Macedonia,,1991,-45484.0
North Macedonia,,1990,-16174.0
North Macedonia,,1989,-13528.0
North Macedonia,,1988,-13621.0
North Macedonia,,1987,-13635.0
North Macedonia,,1986,-13589.0
North Macedonia,,1985,-13492.0
North Macedonia,,1984,-13251.0
North Macedonia,,1983,-12884.0
North Macedonia,,1982,-11716.0
North Macedonia,,1981,0.0
North Macedonia,,1980,-189.0
North Macedonia,,1979,-426.0
North Macedonia,,1978,-462.0
North Macedonia,,1977,-683.0
North Macedonia,,1976,-911.0
North Macedonia,,1975,-1147.0
North Macedonia,,1974,-1376.0
North Macedonia,,1973,-1600.0
North Macedonia,,1972,-1834.0
North Macedonia,,1971,-2064.0
North Macedonia,,1970,60.0
North Macedonia,,1969,181.0
North Macedonia,,1968,-1201.0
North Macedonia,,1967,-2696.0
North Macedonia,,1966,-4176.0
North Macedonia,,1965,-5385.0
North Macedonia,,1964,-5938.0
North Macedonia,,1963,-5759.0
North Macedonia,,1962,-13702.0
North Macedonia,,1961,-6309.0
North Macedonia,,1960,-10126.0
Norway,,2025,29798.0
Norway,,2024,44356.0
Norway,,2023,53806.0
Norway,,2022,58040.0
Norway,,2021,19804.0
Norway,,2020,11277.0
Norway,,2019,25707.0
Norway,,2018,18473.0
Norway,,2017,21657.0
Norway,,2016,26417.0
Norway,,2015,30242.0
Norway,,2014,38522.0
Norway,,2013,40690.0
Norway,,2012,47883.0
Norway,,2011,47454.0
Norway,,2010,42865.0
Norway,,2009,39316.0
Norway,,2008,44002.0
Norway,,2007,40111.0
Norway,,2006,24054.0
Norway,,2005,18588.0
Norway,,2004,13412.0
Norway,,2003,11389.0
Norway,,2002,17279.0
Norway,,2001,7906.0
Norway,,2000,9805.0
Norway,,1999,19147.0
Norway,,1998,13519.0
Norway,,1997,9744.0
Norway,,1996,5671.0
Norway,,1995,6343.0
Norway,,1994,7580.0
Norway,,1993,12567.0
Norway,,1992,10218.0
Norway,,1991,7949.0
Norway,,1990,1818.0
Norway,,1989,-1730.0
Norway,,1988,10380.0
Norway,,1987,13907.0
Norway,,1986,7616.0
Norway,,1985,6725.0
Norway,,1984,3856.0
Norway,,1983,4120.0
Norway,,1982,5749.0
Norway,,1981,6010.0
Norway,,1980,3763.0
Norway,,1979,2839.0
Norway,,1978,3823.0
Norway,,1977,4845.0
Norway,,1976,4779.0
Norway,,1975,3312.0
Norway,,1974,4425.0
Norway,,1973,3414.0
Norway,,1972,5603.0
Norway,,1971,3031.0
Norway,,1970,-1034.0
Norway,,1969,2230.0
Norway,,1968,1761.0
Norway,,1967,2460.0
Norway,,1966,-888.0
Norway,,1965,-1525.0
Norway,,1964,-1571.0
Norway,,1963,1061.0
Norway,,1962,655.0
Norway,,1961,1437.0
Norway,,1960,-1427.0
Oman,,2025,113734.0
Oman,,2024,154219.0
Oman,,2023,156285.0
Oman,,2022,339063.0
Oman,,2021,-16726.0
Oman,,2020,-171635.0
Oman,,2019,-117480.0
Oman,,2018,-52630.0
Oman,,2017,11751.0
Oman,,2016,117538.0
Oman,,2015,133842.0
Oman,,2014,75557.0
Oman,,2013,113335.0
Oman,,2012,322812.0
Oman,,2011,492609.0
Oman,,2010,28717.0
Oman,,2009,7226.0
Oman,,2008,9877.0
Oman,,2007,11478.0
Oman,,2006,11103.0
Oman,,2005,10231.0
Oman,,2004,9394.0
Oman,,2003,-19265.0
Oman,,2002,-20098.0
Oman,,2001,-19103.0
Oman,,2000,-18588.0
Oman,,1999,-18235.0
Oman,,1998,-17626.0
Oman,,1997,-16998.0
Oman,,1996,-15286.0
Oman,,1995,-13418.0
Oman,,1994,-12665.0
Oman,,1993,27204.0
Oman,,1992,31756.0
Oman,,1991,31927.0
Oman,,1990,31722.0
Oman,,1989,31528.0
Oman,,1988,31456.0
Oman,,1987,31608.0
Oman,,1986,32289.0
Oman,,1985,33666.0
Oman,,1984,14993.0
Oman,,1983,15617.0
Oman,,1982,15359.0
Oman,,1981,14239.0
Oman,,1980,12626.0
Oman,,1979,12511.0
Oman,,1978,11946.0
Oman,,1977,10554.0
Oman,,1976,8299.0
Oman,,1975,5632.0
Oman,,1974,4880.0
Oman,,1973,-2996.0
Oman,,1972,-2996.0
Oman,,1971,-2996.0
Oman,,1970,-2996.0
Oman,,1969,-2996.0
Oman,,1968,-2996.0
Oman,,1967,-2996.0
Oman,,1966,-2996.0
Oman,,1965,-2996.0
Oman,,1964,-2996.0
Oman,,1963,-2996.0
Oman,,1962,-2996.0
Oman,,1961,-2996.0
Oman,,1960,-2996.0
Pakistan,,2025,-1235336.0
Pakistan,,2024,-1401173.0
Pakistan,,2023,-1619557.0
Pakistan,,2022,-1322625.0
Pakistan,,2021,-565673.0
Pakistan,,2020,-559291.0
Pakistan,,2019,-1177220.0
Pakistan,,2018,-1309611.0
Pakistan,,2017,-1574585.0
Pakistan,,2016,-2290411.0
Pakistan,,2015,-2172162.0
Pakistan,,2014,-2037920.0
Pakistan,,2013,-1906319.0
Pakistan,,2012,-1647989.0
Pakistan,,2011,-890633.0
Pakistan,,2010,-431902.0
Pakistan,,2009,-18298.0
Pakistan,,2008,-140746.0
Pakistan,,2007,576349.0
Pakistan,,2006,-183933.0
Pakistan,,2005,-189899.0
Pakistan,,2004,-64669.0
Pakistan,,2003,-219118.0
Pakistan,,2002,-653758.0
Pakistan,,2001,-54727.0
Pakistan,,2000,252869.0
Pakistan,,1999,-134510.0
Pakistan,,1998,-112191.0
Pakistan,,1997,-55539.0
Pakistan,,1996,-60855.0
Pakistan,,1995,11534.0
Pakistan,,1994,-277100.0
Pakistan,,1993,-139493.0
Pakistan,,1992,-718387.0
Pakistan,,1991,-19668.0
Pakistan,,1990,275242.0
Pakistan,,1989,-17164.0
Pakistan,,1988,38139.0
Pakistan,,1987,146364.0
Pakistan,,1986,111045.0
Pakistan,,1985,68860.0
Pakistan,,1984,-319242.0
Pakistan,,1983,-4753.0
Pakistan,,1982,294252.0
Pakistan,,1981,555032.0
Pakistan,,1980,1078229.0
Pakistan,,1979,450003.0
Pakistan,,1978,111386.0
Pakistan,,1977,85250.0
Pakistan,,1976,48238.0
Pakistan,,1975,-1710.0
Pakistan,,1974,-34785.0
Pakistan,,1973,-58012.0
Pakistan,,1972,-69209.0
Pakistan,,1971,-68357.0
Pakistan,,1970,-58281.0
Pakistan,,1969,-57406.0
Pakistan,,1968,-58721.0
Pakistan,,1967,-59932.0
Pakistan,,1966,-61025.0
Pakistan,,1965,-62070.0
Pakistan,,1964,-63298.0
Pakistan,,1963,-64552.0
Pakistan,,1962,-65780.0
Pakistan,,1961,-66991.0
Pakistan,,1960,0.0
Palau,,2025,-16.0
Palau,,2024,-14.0
Palau,,2023,-19.0
Palau,,2022,-20.0
Palau,,2021,-21.0
Palau,,2020,0.0
Palau,,2019,-46.0
Palau,,2018,-35.0
Palau,,2017,-33.0
Palau,,2016,-35.0
Palau,,2015,-11.0
Palau,,2014,-7.0
Palau,,2013,-28.0
Palau,,2012,-387.0
Palau,,2011,-405.0
Palau,,2010,-392.0
Palau,,2009,-382.0
Palau,,2008,-378.0
Palau,,2007,-372.0
Palau,,2006,-365.0
Palau,,2005,-250.0
Palau,,2004,79.0
Palau,,2003,71.0
Palau,,2002,67.0
Palau,,2001,65.0
Palau,,2000,120.0
Palau,,1999,243.0
Palau,,1998,280.0
Palau,,1997,297.0
Palau,,1996,312.0
Palau,,1995,258.0
Palau,,1994,211.0
Palau,,1993,193.0
Palau,,1992,193.0
Palau,,1991,193.0
Palau,,1990,156.0
Palau,,1989,113.0
Palau,,1988,126.0
Palau,,1987,125.0
Palau,,1986,135.0
Palau,,1985,179.0
Palau,,1984,157.0
Palau,,1983,144.0
Palau,,1982,132.0
Palau,,1981,120.0
Palau,,1980,-179.0
Palau,,1979,-291.0
Palau,,1978,-285.0
Palau,,1977,-292.0
Palau,,1976,-296.0
Palau,,1975,-296.0
Palau,,1974,-282.0
Palau,,1973,22.0
Palau,,1972,147.0
Palau,,1971,156.0
Palau,,1970,54.0
Palau,,1969,-209.0
Palau,,1968,-194.0
Palau,,1967,-150.0
Palau,,1966,-18.0
Palau,,1965,-16.0
Palau,,1964,-27.0
Palau,,1963,-41.0
Palau,,1962,-54.0
Palau,,1961,-65.0
Palau,,1960,-70.0
Panama,,2025,6151.0
Panama,,2024,6706.0
Panama,,2023,7262.0
Panama,,2022,7967.0
Panama,,2021,5473.0
Panama,,2020,5473.0
Panama,,2019,10623.0
Panama,,2018,11130.0
Panama,,2017,11059.0
Panama,,2016,10109.0
Panama,,2015,8648.0
Panama,,2014,7105.0
Panama,,2013,5926.0
Panama,,2012,5447.0
Panama,,2011,5167.0
Panama,,2010,4953.0
Panama,,2009,4765.0
Panama,,2008,4568.0
Panama,,2007,4330.0
Panama,,2006,4087.0
Panama,,2005,3843.0
Panama,,2004,3596.0
Panama,,2003,3352.0
Panama,,2002,3099.0
Panama,,2001,2856.0
Panama,,2000,2602.0
Panama,,1999,2341.0
Panama,,1998,2084.0
Panama,,1997,1820.0
Panama,,1996,1533.0
Panama,,1995,1221.0
Panama,,1994,899.0
Panama,,1993,560.0
Panama,,1992,182.0
Panama,,1991,-305.0
Panama,,1990,-854.0
Panama,,1989,-1368.0
Panama,,1988,-1750.0
Panama,,1987,-1953.0
Panama,,1986,-2136.0
Panama,,1985,-2297.0
Panama,,1984,-2435.0
Panama,,1983,-2518.0
Panama,,1982,-2554.0
Panama,,1981,-2620.0
Panama,,1980,-2701.0
Panama,,1979,-2772.0
Panama,,1978,-2811.0
Panama,,1977,-2792.0
Panama,,1976,-2727.0
Panama,,1975,-2635.0
Panama,,1974,-2531.0
Panama,,1973,-2464.0
Panama,,1972,-2448.0
Panama,,1971,-2454.0
Panama,,1970,-2476.0
Panama,,1969,-2510.0
Panama,,1968,-2528.0
Panama,,1967,-2528.0
Panama,,1966,-2500.0
Panama,,1965,-2454.0
Panama,,1964,-2418.0
Panama,,1963,-2380.0
Panama,,1962,-2377.0
Panama,,1961,-2394.0
Panama,,1960,-2409.0
Papua New Guinea,,2025,-284.0
Papua New Guinea,,2024,-707.0
Papua New Guinea,,2023,-787.0
Papua New Guinea,,2022,-787.0
Papua New Guinea,,2021,10703.0
Papua New Guinea,,2020,10703.0
Papua New Guinea,,2019,22978.0
Papua New Guinea,,2018,24684.0
Papua New Guinea,,2017,26513.0
Papua New Guinea,,2016,28473.0
Papua New Guinea,,2015,30580.0
Papua New Guinea,,2014,32840.0
Papua New Guinea,,2013,35280.0
Papua New Guinea,,2012,37893.0
Papua New Guinea,,2011,40690.0
Papua New Guinea,,2010,50106.0
Papua New Guinea,,2009,49647.0
Papua New Guinea,,2008,48985.0
Papua New Guinea,,2007,48203.0
Papua New Guinea,,2006,47191.0
Papua New Guinea,,2005,46014.0
Papua New Guinea,,2004,44811.0
Papua New Guinea,,2003,43639.0
Papua New Guinea,,2002,42657.0
Papua New Guinea,,2001,41962.0
Papua New Guinea,,2000,41855.0
Papua New Guinea,,1999,42519.0
Papua New Guinea,,1998,43091.0
Papua New Guinea,,1997,42787.0
Papua New Guinea,,1996,41994.0
Papua New Guinea,,1995,40962.0
Papua New Guinea,,1994,39669.0
Papua New Guinea,,1993,38220.0
Papua New Guinea,,1992,36622.0
Papua New Guinea,,1991,26830.0
Papua New Guinea,,1990,2398.0
Papua New Guinea,,1989,-19824.0
Papua New Guinea,,1988,-26232.0
Papua New Guinea,,1987,-25720.0
Papua New Guinea,,1986,-25495.0
Papua New Guinea,,1985,-25470.0
Papua New Guinea,,1984,-25487.0
Papua New Guinea,,1983,-25465.0
Papua New Guinea,,1982,-25355.0
Papua New Guinea,,1981,-25383.0
Papua New Guinea,,1980,-25638.0
Papua New Guinea,,1979,-25618.0
Papua New Guinea,,1978,-25208.0
Papua New Guinea,,1977,-24722.0
Papua New Guinea,,1976,-24198.0
Papua New Guinea,,1975,-23562.0
Papua New Guinea,,1974,-22771.0
Papua New Guinea,,1973,-21803.0
Papua New Guinea,,1972,-20303.0
Papua New Guinea,,1971,-18945.0
Papua New Guinea,,1970,-18773.0
Papua New Guinea,,1969,-18994.0
Papua New Guinea,,1968,-19188.0
Papua New Guinea,,1967,-19767.0
Papua New Guinea,,1966,-17454.0
Papua New Guinea,,1965,-18532.0
Papua New Guinea,,1964,-17730.0
Papua New Guinea,,1963,-15189.0
Papua New Guinea,,1962,-12141.0
Papua New Guinea,,1961,-10409.0
Papua New Guinea,,1960,-2034.0
Paraguay,,2025,-12423.0
Paraguay,,2024,-12451.0
Paraguay,,2023,-12500.0
Paraguay,,2022,-12500.0
Paraguay,,2021,-8226.0
Paraguay,,2020,-8226.0
Paraguay,,2019,-16263.0
Paraguay,,2018,-16472.0
Paraguay,,2017,-16630.0
Paraguay,,2016,-16737.0
Paraguay,,2015,-16834.0
Paraguay,,2014,-16989.0
Paraguay,,2013,-17232.0
Paraguay,,2012,-17763.0
Paraguay,,2011,-20427.0
Paraguay,,2010,-26169.0
Paraguay,,2009,-40112.0
Paraguay,,2008,-44679.0
Paraguay,,2007,-45914.0
Paraguay,,2006,-44568.0
Paraguay,,2005,-42173.0
Paraguay,,2004,-40907.0
Paraguay,,2003,-39941.0
Paraguay,,2002,-36918.0
Paraguay,,2001,-27676.0
Paraguay,,2000,-15884.0
Paraguay,,1999,-11362.0
Paraguay,,1998,-9276.0
Paraguay,,1997,-8704.0
Paraguay,,1996,-8273.0
Paraguay,,1995,-7653.0
Paraguay,,1994,-6999.0
Paraguay,,1993,-6431.0
Paraguay,,1992,-6035.0
Paraguay,,1991,-5420.0
Paraguay,,1990,-4685.0
Paraguay,,1989,-4009.0
Paraguay,,1988,-3557.0
Paraguay,,1987,-3445.0
Paraguay,,1986,-3460.0
Paraguay,,1985,-3562.0
Paraguay,,1984,-3769.0
Paraguay,,1983,-2845.0
Paraguay,,1982,-2725.0
Paraguay,,1981,-2477.0
Paraguay,,1980,-2808.0
Paraguay,,1979,-3570.0
Paraguay,,1978,-4066.0
Paraguay,,1977,-4201.0
Paraguay,,1976,-4066.0
Paraguay,,1975,-3807.0
Paraguay,,1974,-3478.0
Paraguay,,1973,-4346.0
Paraguay,,1972,-7642.0
Paraguay,,1971,-10446.0
Paraguay,,1970,-12579.0
Paraguay,,1969,-12859.0
Paraguay,,1968,-13132.0
Paraguay,,1967,-13346.0
Paraguay,,1966,-13538.0
Paraguay,,1965,-13715.0
Paraguay,,1964,-13915.0
Paraguay,,1963,-14086.0
Paraguay,,1962,-16175.0
Paraguay,,1961,-16972.0
Paraguay,,1960,-16811.0
Peru,,2025,11931.0
Peru,,2024,18406.0
Peru,,2023,24783.0
Peru,,2022,33982.0
Peru,,2021,41868.0
Peru,,2020,55375.0
Peru,,2019,74270.0
Peru,,2018,339067.0
Peru,,2017,114382.0
Peru,,2016,96740.0
Peru,,2015,2421.0
Peru,,2014,-50383.0
Peru,,2013,-95214.0
Peru,,2012,-118863.0
Peru,,2011,-148339.0
Peru,,2010,-181302.0
Peru,,2009,-219314.0
Peru,,2008,-235307.0
Peru,,2007,-236745.0
Peru,,2006,-231851.0
Peru,,2005,-221652.0
Peru,,2004,-194171.0
Peru,,2003,-181276.0
Peru,,2002,-157158.0
Peru,,2001,-129481.0
Peru,,2000,-92353.0
Peru,,1999,-55325.0
Peru,,1998,-24388.0
Peru,,1997,-32515.0
Peru,,1996,-38749.0
Peru,,1995,-46499.0
Peru,,1994,-39299.0
Peru,,1993,-51775.0
Peru,,1992,-41702.0
Peru,,1991,-61645.0
Peru,,1990,-29437.0
Peru,,1989,-33569.0
Peru,,1988,-31238.0
Peru,,1987,-34651.0
Peru,,1986,-33891.0
Peru,,1985,-13887.0
Peru,,1984,-6007.0
Peru,,1983,-4243.0
Peru,,1982,-7748.0
Peru,,1981,-11123.0
Peru,,1980,-11446.0
Peru,,1979,-17148.0
Peru,,1978,-19939.0
Peru,,1977,-25117.0
Peru,,1976,-34602.0
Peru,,1975,-34382.0
Peru,,1974,-33493.0
Peru,,1973,-28191.0
Peru,,1972,-24100.0
Peru,,1971,-20209.0
Peru,,1970,-15653.0
Peru,,1969,-12776.0
Peru,,1968,-13389.0
Peru,,1967,-13837.0
Peru,,1966,-13166.0
Peru,,1965,-12470.0
Peru,,1964,-12129.0
Peru,,1963,-10040.0
Peru,,1962,-9051.0
Peru,,1961,-7063.0
Peru,,1960,-7236.0
Philippines,,2025,-149315.0
Philippines,,2024,-160373.0
Philippines,,2023,-164284.0
Philippines,,2022,-221754.0
Philippines,,2021,-85185.0
Philippines,,2020,-47014.0
Philippines,,2019,-6208.0
Philippines,,2018,-163602.0
Philippines,,2017,-263593.0
Philippines,,2016,-309251.0
Philippines,,2015,-390702.0
Philippines,,2014,-196524.0
Philippines,,2013,-218439.0
Philippines,,2012,95702.0
Philippines,,2011,-240005.0
Philippines,,2010,13556.0
Philippines,,2009,-164411.0
Philippines,,2008,-498480.0
Philippines,,2007,-225977.0
Philippines,,2006,-566647.0
Philippines,,2005,-326063.0
Philippines,,2004,-273743.0
Philippines,,2003,-248066.0
Philippines,,2002,-268520.0
Philippines,,2001,-247496.0
Philippines,,2000,-33868.0
Philippines,,1999,-18323.0
Philippines,,1998,178274.0
Philippines,,1997,-145334.0
Philippines,,1996,-128251.0
Philippines,,1995,-280327.0
Philippines,,1994,-326539.0
Philippines,,1993,-298337.0
Philippines,,1992,-50338.0
Philippines,,1991,-413300.0
Philippines,,1990,-63296.0
Philippines,,1989,-235884.0
Philippines,,1988,-147523.0
Philippines,,1987,-68149.0
Philippines,,1986,-209835.0
Philippines,,1985,-171539.0
Philippines,,1984,-48739.0
Philippines,,1983,-10229.0
Philippines,,1982,-19912.0
Philippines,,1981,-134484.0
Philippines,,1980,-179832.0
Philippines,,1979,-154684.0
Philippines,,1978,-140372.0
Philippines,,1977,-123608.0
Philippines,,1976,-115730.0
Philippines,,1975,-220296.0
Philippines,,1974,-344674.0
Philippines,,1973,-320091.0
Philippines,,1972,-321491.0
Philippines,,1971,-315363.0
Philippines,,1970,-300923.0
Philippines,,1969,-161517.0
Philippines,,1968,-152017.0
Philippines,,1967,-152812.0
Philippines,,1966,-162127.0
Philippines,,1965,-156782.0
Philippines,,1964,-156342.0
Philippines,,1963,-155267.0
Philippines,,1962,-150903.0
Philippines,,1961,-143597.0
Philippines,,1960,-155354.0
Poland,,2025,-330820.0
Poland,,2024,-238062.0
Poland,,2023,-7824.0
Poland,,2022,967744.0
Poland,,2021,2251.0
Poland,,2020,3920.0
Poland,,2019,7696.0
Poland,,2018,-223.0
Poland,,2017,-21535.0
Poland,,2016,-5675.0
Poland,,2015,3887.0
Poland,,2014,5525.0
Poland,,2013,12402.0
Poland,,2012,4635.0
Poland,,2011,45951.0
Poland,,2010,119623.0
Poland,,2009,-8283.0
Poland,,2008,-42288.0
Poland,,2007,-51235.0
Poland,,2006,-68882.0
Poland,,2005,-41942.0
Poland,,2004,-38216.0
Poland,,2003,-19039.0
Poland,,2002,-16462.0
Poland,,2001,-16648.0
Poland,,2000,-15921.0
Poland,,1999,-53035.0
Poland,,1998,-39509.0
Poland,,1997,-44230.0
Poland,,1996,-45349.0
Poland,,1995,-52989.0
Poland,,1994,-41845.0
Poland,,1993,-48805.0
Poland,,1992,-46893.0
Poland,,1991,-55342.0
Poland,,1990,-50339.0
Poland,,1989,-49192.0
Poland,,1988,-101671.0
Poland,,1987,-32310.0
Poland,,1986,-22520.0
Poland,,1985,-27277.0
Poland,,1984,-18402.0
Poland,,1983,-26724.0
Poland,,1982,-34980.0
Poland,,1981,-16155.0
Poland,,1980,-42420.0
Poland,,1979,-22162.0
Poland,,1978,-62936.0
Poland,,1977,-33496.0
Poland,,1976,-25716.0
Poland,,1975,-31346.0
Poland,,1974,-18273.0
Poland,,1973,-29335.0
Poland,,1972,-15004.0
Poland,,1971,-31767.0
Poland,,1970,-66859.0
Poland,,1969,-26744.0
Poland,,1968,-11905.0
Poland,,1967,-25479.0
Poland,,1966,-17158.0
Poland,,1965,-21658.0
Poland,,1964,-23273.0
Poland,,1963,-13770.0
Poland,,1962,-31021.0
Poland,,1961,-20044.0
Poland,,1960,-6306.0
Portugal,,2025,16472.0
Portugal,,2024,20648.0
Portugal,,2023,29102.0
Portugal,,2022,68696.0
Portugal,,2021,69606.0
Portugal,,2020,54076.0
Portugal,,2019,63031.0
Portugal,,2018,22495.0
Portugal,,2017,13979.0
Portugal,,2016,-775.0
Portugal,,2015,-3209.0
Portugal,,2014,-26447.0
Portugal,,2013,-36342.0
Portugal,,2012,-37083.0
Portugal,,2011,-31513.0
Portugal,,2010,-5627.0
Portugal,,2009,14532.0
Portugal,,2008,9478.0
Portugal,,2007,21064.0
Portugal,,2006,16754.0
Portugal,,2005,15537.0
Portugal,,2004,13928.0
Portugal,,2003,24740.0
Portugal,,2002,42169.0
Portugal,,2001,55565.0
Portugal,,2000,60586.0
Portugal,,1999,49572.0
Portugal,,1998,40931.0
Portugal,,1997,36922.0
Portugal,,1996,32640.0
Portugal,,1995,26971.0
Portugal,,1994,20761.0
Portugal,,1993,8561.0
Portugal,,1992,-11847.0
Portugal,,1991,-37914.0
Portugal,,1990,-34855.0
Portugal,,1989,-30615.0
Portugal,,1988,-26595.0
Portugal,,1987,-23142.0
Portugal,,1986,-20000.0
Portugal,,1985,-19183.0
Portugal,,1984,-16658.0
Portugal,,1983,-16568.0
Portugal,,1982,-15006.0
Portugal,,1981,-7938.0
Portugal,,1980,29881.0
Portugal,,1979,32434.0
Portugal,,1978,34345.0
Portugal,,1977,37779.0
Portugal,,1976,40490.0
Portugal,,1975,42262.0
Portugal,,1974,41254.0
Portugal,,1973,39748.0
Portugal,,1972,39058.0
Portugal,,1971,48944.0
Portugal,,1970,-191862.0
Portugal,,1969,-161114.0
Portugal,,1968,-145200.0
Portugal,,1967,-136232.0
Portugal,,1966,-129233.0
Portugal,,1965,-123855.0
Portugal,,1964,-118763.0
Portugal,,1963,-116874.0
Portugal,,1962,-113947.0
Portugal,,1961,-112768.0
Portugal,,1960,-95886.0
Qatar,,2025,36288.0
Qatar,,2024,46105.0
Qatar,,2023,39995.0
Qatar,,2022,80004.0
Qatar,,2021,24501.0
Qatar,,2020,-50433.0
Qatar,,2019,10557.0
Qatar,,2018,12465.0
Qatar,,2017,46719.0
Qatar,,2016,119725.0
Qatar,,2015,177467.0
Qatar,,2014,194712.0
Qatar,,2013,133520.0
Qatar,,2012,77091.0
Qatar,,2011,77228.0
Qatar,,2010,90620.0
Qatar,,2009,123217.0
Qatar,,2008,165572.0
Qatar,,2007,245703.0
Qatar,,2006,204236.0
Qatar,,2005,68993.0
Qatar,,2004,12531.0
Qatar,,2003,22234.0
Qatar,,2002,22356.0
Qatar,,2001,22456.0
Qatar,,2000,22769.0
Qatar,,1999,22815.0
Qatar,,1998,22618.0
Qatar,,1997,19547.0
Qatar,,1996,5517.0
Qatar,,1995,5634.0
Qatar,,1994,5660.0
Qatar,,1993,5670.0
Qatar,,1992,5670.0
Qatar,,1991,5562.0
Qatar,,1990,5216.0
Qatar,,1989,5045.0
Qatar,,1988,5118.0
Qatar,,1987,5405.0
Qatar,,1986,6512.0
Qatar,,1985,9797.0
Qatar,,1984,10113.0
Qatar,,1983,10462.0
Qatar,,1982,10634.0
Qatar,,1981,10644.0
Qatar,,1980,10540.0
Qatar,,1979,10466.0
Qatar,,1978,10434.0
Qatar,,1977,10445.0
Qatar,,1976,10494.0
Qatar,,1975,10549.0
Qatar,,1974,10603.0
Qatar,,1973,10641.0
Qatar,,1972,10663.0
Qatar,,1971,10644.0
Qatar,,1970,10579.0
Qatar,,1969,7790.0
Qatar,,1968,7266.0
Qatar,,1967,6637.0
Qatar,,1966,5880.0
Qatar,,1965,5083.0
Qatar,,1964,4686.0
Qatar,,1963,4283.0
Qatar,,1962,3773.0
Qatar,,1961,3186.0
Qatar,,1960,1586.0
Romania,,2025,-29041.0
Romania,,2024,-28466.0
Romania,,2023,-27780.0
Romania,,2022,89076.0
Romania,,2021,-17731.0
Romania,,2020,-13202.0
Romania,,2019,-27909.0
Romania,,2018,-33018.0
Romania,,2017,-33081.0
Romania,,2016,-33073.0
Romania,,2015,-35751.0
Romania,,2014,-35448.0
Romania,,2013,-34910.0
Romania,,2012,-37589.0
Romania,,2011,-102769.0
Romania,,2010,-122364.0
Romania,,2009,-137953.0
Romania,,2008,-144368.0
Romania,,2007,-133089.0
Romania,,2006,-132777.0
Romania,,2005,-131176.0
Romania,,2004,-117432.0
Romania,,2003,-107139.0
Romania,,2002,-106585.0
Romania,,2001,-91154.0
Romania,,2000,-92451.0
Romania,,1999,-82590.0
Romania,,1998,-81366.0
Romania,,1997,-88734.0
Romania,,1996,-70799.0
Romania,,1995,-73779.0
Romania,,1994,-76246.0
Romania,,1993,-73475.0
Romania,,1992,-63200.0
Romania,,1991,-36824.0
Romania,,1990,-38157.0
Romania,,1989,-33866.0
Romania,,1988,-48911.0
Romania,,1987,-42868.0
Romania,,1986,-50450.0
Romania,,1985,-28108.0
Romania,,1984,-24629.0
Romania,,1983,3093.0
Romania,,1982,-4725.0
Romania,,1981,-20870.0
Romania,,1980,-16668.0
Romania,,1979,-29600.0
Romania,,1978,-31427.0
Romania,,1977,-28135.0
Romania,,1976,18748.0
Romania,,1975,9125.0
Romania,,1974,6725.0
Romania,,1973,58651.0
Romania,,1972,61920.0
Romania,,1971,74473.0
Romania,,1970,71919.0
Romania,,1969,74851.0
Romania,,1968,33601.0
Romania,,1967,37282.0
Romania,,1966,-25458.0
Romania,,1965,-60430.0
Romania,,1964,-59500.0
Romania,,1963,-58076.0
Romania,,1962,-56152.0
Romania,,1961,-54642.0
Romania,,1960,-55397.0
Russia,,2025,-251822.0
Russia,,2024,-178042.0
Russia,,2023,27807.0
Russia,,2022,765629.0
Russia,,2021,314112.0
Russia,,2020,334094.0
Russia,,2019,336494.0
Russia,,2018,339972.0
Russia,,2017,396619.0
Russia,,2016,447645.0
Russia,,2015,384756.0
Russia,,2014,264698.0
Russia,,2013,289872.0
Russia,,2012,285977.0
Russia,,2011,309377.0
Russia,,2010,307555.0
Russia,,2009,350206.0
Russia,,2008,360840.0
Russia,,2007,365717.0
Russia,,2006,308370.0
Russia,,2005,263541.0
Russia,,2004,261519.0
Russia,,2003,256804.0
Russia,,2002,1358944.0
Russia,,2001,259614.0
Russia,,2000,550401.0
Russia,,1999,375468.0
Russia,,1998,528135.0
Russia,,1997,541387.0
Russia,,1996,587171.0
Russia,,1995,723875.0
Russia,,1994,1271417.0
Russia,,1993,507229.0
Russia,,1992,-1129589.0
Russia,,1991,125505.0
Russia,,1990,299863.0
Russia,,1989,89400.0
Russia,,1988,269862.0
Russia,,1987,275611.0
Russia,,1986,283553.0
Russia,,1985,280614.0
Russia,,1984,247026.0
Russia,,1983,200159.0
Russia,,1982,107520.0
Russia,,1981,36686.0
Russia,,1980,10440.0
Russia,,1979,-5791.0
Russia,,1978,108882.0
Russia,,1977,122316.0
Russia,,1976,113851.0
Russia,,1975,80069.0
Russia,,1974,-51759.0
Russia,,1973,-107568.0
Russia,,1972,-111168.0
Russia,,1971,-134968.0
Russia,,1970,-264464.0
Russia,,1969,-64643.0
Russia,,1968,-83221.0
Russia,,1967,-116029.0
Russia,,1966,-111360.0
Russia,,1965,-138078.0
Russia,,1964,-148595.0
Russia,,1963,-168649.0
Russia,,1962,-177358.0
Russia,,1961,-204349.0
Russia,,1960,-234895.0
Rwanda,,2025,6282.0
Rwanda,,2024,-15582.0
Rwanda,,2023,-9001.0
Rwanda,,2022,-9001.0
Rwanda,,2021,-21492.0
Rwanda,,2020,-22251.0
Rwanda,,2019,-24492.0
Rwanda,,2018,-25323.0
Rwanda,,2017,-25634.0
Rwanda,,2016,-24474.0
Rwanda,,2015,-21862.0
Rwanda,,2014,-19505.0
Rwanda,,2013,-16779.0
Rwanda,,2012,-25260.0
Rwanda,,2011,-27915.0
Rwanda,,2010,-29501.0
Rwanda,,2009,-30128.0
Rwanda,,2008,-31913.0
Rwanda,,2007,-32537.0
Rwanda,,2006,-34008.0
Rwanda,,2005,-33830.0
Rwanda,,2004,-31214.0
Rwanda,,2003,-25355.0
Rwanda,,2002,-91518.0
Rwanda,,2001,-152197.0
Rwanda,,2000,-153588.0
Rwanda,,1999,-146162.0
Rwanda,,1998,-129089.0
Rwanda,,1997,410106.0
Rwanda,,1996,1367700.0
Rwanda,,1995,439995.0
Rwanda,,1994,-2078111.0
Rwanda,,1993,236110.0
Rwanda,,1992,-12334.0
Rwanda,,1991,-59519.0
Rwanda,,1990,-41483.0
Rwanda,,1989,-2826.0
Rwanda,,1988,-5285.0
Rwanda,,1987,-7062.0
Rwanda,,1986,-8982.0
Rwanda,,1985,-11031.0
Rwanda,,1984,-12899.0
Rwanda,,1983,-14560.0
Rwanda,,1982,-15818.0
Rwanda,,1981,-16453.0
Rwanda,,1980,-16359.0
Rwanda,,1979,-15669.0
Rwanda,,1978,-13838.0
Rwanda,,1977,-11084.0
Rwanda,,1976,-7027.0
Rwanda,,1975,-4791.0
Rwanda,,1974,-4535.0
Rwanda,,1973,-3862.0
Rwanda,,1972,-4156.0
Rwanda,,1971,-4230.0
Rwanda,,1970,1149.0
Rwanda,,1969,2983.0
Rwanda,,1968,4728.0
Rwanda,,1967,4655.0
Rwanda,,1966,-1930.0
Rwanda,,1965,-9774.0
Rwanda,,1964,-19458.0
Rwanda,,1963,-25524.0
Rwanda,,1962,-25594.0
Rwanda,,1961,-20508.0
Rwanda,,1960,-13198.0
Samoa,,2025,-2815.0
Samoa,,2024,-2754.0
Samoa,,2023,-2810.0
Samoa,,2022,-2837.0
Samoa,,2021,-2860.0
Samoa,,2020,-2299.0
Samoa,,2019,-2313.0
Samoa,,2018,-2425.0
Samoa,,2017,-2539.0
Samoa,,2016,-3008.0
Samoa,,2015,-3074.0
Samoa,,2014,-3081.0
Samoa,,2013,-3107.0
Samoa,,2012,-3089.0
Samoa,,2011,-3056.0
Samoa,,2010,-3197.0
Samoa,,2009,-3093.0
Samoa,,2008,-3194.0
Samoa,,2007,-3152.0
Samoa,,2006,-3714.0
Samoa,,2005,-3805.0
Samoa,,2004,-3796.0
Samoa,,2003,-3748.0
Samoa,,2002,-3624.0
Samoa,,2001,-3198.0
Samoa,,2000,-3453.0
Samoa,,1999,-3517.0
Samoa,,1998,-3702.0
Samoa,,1997,-3658.0
Samoa,,1996,-3476.0
Samoa,,1995,-3532.0
Samoa,,1994,-3505.0
Samoa,,1993,-3373.0
Samoa,,1992,-3161.0
Samoa,,1991,-4227.0
Samoa,,1990,-4533.0
Samoa,,1989,-4527.0
Samoa,,1988,-4366.0
Samoa,,1987,-4056.0
Samoa,,1986,-4637.0
Samoa,,1985,-4920.0
Samoa,,1984,-4944.0
Samoa,,1983,-4789.0
Samoa,,1982,-4479.0
Samoa,,1981,-3440.0
Samoa,,1980,-3240.0
Samoa,,1979,-3177.0
Samoa,,1978,-3022.0
Samoa,,1977,-2866.0
Samoa,,1976,-929.0
Samoa,,1975,-522.0
Samoa,,1974,-526.0
Samoa,,1973,-2501.0
Samoa,,1972,-2483.0
Samoa,,1971,-2463.0
Samoa,,1970,-2429.0
Samoa,,1969,-2399.0
Samoa,,1968,-2370.0
Samoa,,1967,-2333.0
Samoa,,1966,-1503.0
Samoa,,1965,-1512.0
Samoa,,1964,-1252.0
Samoa,,1963,-1365.0
Samoa,,1962,-1341.0
Samoa,,1961,-1349.0
Samoa,,1960,-1333.0
San Marino,,2025,122.0
San Marino,,2024,37.0
San Marino,,2023,-190.0
San Marino,,2022,-403.0
San Marino,,2021,-368.0
San Marino,,2020,247.0
San Marino,,2019,187.0
San Marino,,2018,172.0
San Marino,,2017,234.0
San Marino,,2016,291.0
San Marino,,2015,273.0
San Marino,,2014,74.0
San Marino,,2013,57.0
San Marino,,2012,143.0
San Marino,,2011,2325.0
San Marino,,2010,592.0
San Marino,,2009,311.0
San Marino,,2008,268.0
San Marino,,2007,314.0
San Marino,,2006,310.0
San Marino,,2005,314.0
San Marino,,2004,285.0
San Marino,,2003,277.0
San Marino,,2002,241.0
San Marino,,2001,215.0
San Marino,,2000,233.0
San Marino,,1999,256.0
San Marino,,1998,257.0
San Marino,,1997,255.0
San Marino,,1996,257.0
San Marino,,1995,262.0
San Marino,,1994,300.0
San Marino,,1993,325.0
San Marino,,1992,285.0
San Marino,,1991,278.0
San Marino,,1990,289.0
San Marino,,1989,285.0
San Marino,,1988,268.0
San Marino,,1987,-20.0
San Marino,,1986,44.0
San Marino,,1985,166.0
San Marino,,1984,32.0
San Marino,,1983,115.0
San Marino,,1982,117.0
San Marino,,1981,169.0
San Marino,,1980,169.0
San Marino,,1979,164.0
San Marino,,1978,199.0
San Marino,,1977,1577.0
San Marino,,1976,0.0
San Marino,,1975,-133.0
San Marino,,1974,-131.0
San Marino,,1973,-124.0
San Marino,,1972,191.0
San Marino,,1971,201.0
San Marino,,1970,-39.0
San Marino,,1969,-29.0
San Marino,,1968,8.0
San Marino,,1967,-3.0
San Marino,,1966,-9.0
San Marino,,1965,99.0
San Marino,,1964,233.0
San Marino,,1963,242.0
San Marino,,1962,238.0
San Marino,,1961,206.0
San Marino,,1960,229.0
São Tomé and Príncipe,,2025,-650.0
São Tomé and Príncipe,,2024,-604.0
São Tomé and Príncipe,,2023,-592.0
São Tomé and Príncipe,,2022,-592.0
São Tomé and Príncipe,,2021,-782.0
São Tomé and Príncipe,,2020,0.0
São Tomé and Príncipe,,2019,-1716.0
São Tomé and Príncipe,,2018,-1757.0
São Tomé and Príncipe,,2017,-1779.0
São Tomé and Príncipe,,2016,-1793.0
São Tomé and Príncipe,,2015,-1809.0
São Tomé and Príncipe,,2014,-1801.0
São Tomé and Príncipe,,2013,-1787.0
São Tomé and Príncipe,,2012,-1739.0
São Tomé and Príncipe,,2011,-1616.0
São Tomé and Príncipe,,2010,-1529.0
São Tomé and Príncipe,,2009,-1328.0
São Tomé and Príncipe,,2008,-1203.0
São Tomé and Príncipe,,2007,-1127.0
São Tomé and Príncipe,,2006,-1031.0
São Tomé and Príncipe,,2005,-941.0
São Tomé and Príncipe,,2004,-894.0
São Tomé and Príncipe,,2003,-816.0
São Tomé and Príncipe,,2002,-690.0
São Tomé and Príncipe,,2001,-1289.0
São Tomé and Príncipe,,2000,-2798.0
São Tomé and Príncipe,,1999,-2594.0
São Tomé and Príncipe,,1998,-2364.0
São Tomé and Príncipe,,1997,-2153.0
São Tomé and Príncipe,,1996,-1974.0
São Tomé and Príncipe,,1995,-1829.0
São Tomé and Príncipe,,1994,-1644.0
São Tomé and Príncipe,,1993,-1527.0
São Tomé and Príncipe,,1992,-1432.0
São Tomé and Príncipe,,1991,-1362.0
São Tomé and Príncipe,,1990,-727.0
São Tomé and Príncipe,,1989,-571.0
São Tomé and Príncipe,,1988,-465.0
São Tomé and Príncipe,,1987,-470.0
São Tomé and Príncipe,,1986,-614.0
São Tomé and Príncipe,,1985,-828.0
São Tomé and Príncipe,,1984,-1041.0
São Tomé and Príncipe,,1983,-1203.0
São Tomé and Príncipe,,1982,-1203.0
São Tomé and Príncipe,,1981,-1067.0
São Tomé and Príncipe,,1980,-770.0
São Tomé and Príncipe,,1979,-491.0
São Tomé and Príncipe,,1978,-279.0
São Tomé and Príncipe,,1977,-255.0
São Tomé and Príncipe,,1976,-302.0
São Tomé and Príncipe,,1975,-392.0
São Tomé and Príncipe,,1974,-474.0
São Tomé and Príncipe,,1973,-525.0
São Tomé and Príncipe,,1972,-517.0
São Tomé and Príncipe,,1971,-430.0
São Tomé and Príncipe,,1970,-279.0
São Tomé and Príncipe,,1969,-469.0
São Tomé and Príncipe,,1968,-520.0
São Tomé and Príncipe,,1967,-606.0
São Tomé and Príncipe,,1966,-688.0
São Tomé and Príncipe,,1965,-765.0
São Tomé and Príncipe,,1964,-819.0
São Tomé and Príncipe,,1963,-886.0
São Tomé and Príncipe,,1962,-927.0
São Tomé and Príncipe,,1961,-960.0
São Tomé and Príncipe,,1960,-860.0
Saudi Arabia,,2025,119738.0
Saudi Arabia,,2024,122170.0
Saudi Arabia,,2023,325691.0
Saudi Arabia,,2022,977072.0
Saudi Arabia,,2021,-106287.0
Saudi Arabia,,2020,-74725.0
Saudi Arabia,,2019,191582.0
Saudi Arabia,,2018,-988751.0
Saudi Arabia,,2017,-920812.0
Saudi Arabia,,2016,-26997.0
Saudi Arabia,,2015,465292.0
Saudi Arabia,,2014,469144.0
Saudi Arabia,,2013,485794.0
Saudi Arabia,,2012,479206.0
Saudi Arabia,,2011,491253.0
Saudi Arabia,,2010,504955.0
Saudi Arabia,,2009,496229.0
Saudi Arabia,,2008,491337.0
Saudi Arabia,,2007,489136.0
Saudi Arabia,,2006,504661.0
Saudi Arabia,,2005,518565.0
Saudi Arabia,,2004,523472.0
Saudi Arabia,,2003,514606.0
Saudi Arabia,,2002,500508.0
Saudi Arabia,,2001,484252.0
Saudi Arabia,,2000,468515.0
Saudi Arabia,,1999,160263.0
Saudi Arabia,,1998,159898.0
Saudi Arabia,,1997,160066.0
Saudi Arabia,,1996,160532.0
Saudi Arabia,,1995,160512.0
Saudi Arabia,,1994,160306.0
Saudi Arabia,,1993,158074.0
Saudi Arabia,,1992,160908.0
Saudi Arabia,,1991,162857.0
Saudi Arabia,,1990,160416.0
Saudi Arabia,,1989,159273.0
Saudi Arabia,,1988,146918.0
Saudi Arabia,,1987,175075.0
Saudi Arabia,,1986,172606.0
Saudi Arabia,,1985,148208.0
Saudi Arabia,,1984,153562.0
Saudi Arabia,,1983,157930.0
Saudi Arabia,,1982,153528.0
Saudi Arabia,,1981,140355.0
Saudi Arabia,,1980,121220.0
Saudi Arabia,,1979,112826.0
Saudi Arabia,,1978,105263.0
Saudi Arabia,,1977,96015.0
Saudi Arabia,,1976,85083.0
Saudi Arabia,,1975,73960.0
Saudi Arabia,,1974,69653.0
Saudi Arabia,,1973,63995.0
Saudi Arabia,,1972,55439.0
Saudi Arabia,,1971,43989.0
Saudi Arabia,,1970,31097.0
Saudi Arabia,,1969,25312.0
Saudi Arabia,,1968,21366.0
Saudi Arabia,,1967,17947.0
Saudi Arabia,,1966,15054.0
Saudi Arabia,,1965,15000.0
Saudi Arabia,,1964,15000.0
Saudi Arabia,,1963,15000.0
Saudi Arabia,,1962,15000.0
Saudi Arabia,,1961,15000.0
Saudi Arabia,,1960,15000.0
Senegal,,2025,-12636.0
Senegal,,2024,-10307.0
Senegal,,2023,-9999.0
Senegal,,2022,16425.0
Senegal,,2021,25519.0
Senegal,,2020,33848.0
Senegal,,2019,38386.0
Senegal,,2018,33567.0
Senegal,,2017,29605.0
Senegal,,2016,29498.0
Senegal,,2015,34387.0
Senegal,,2014,36030.0
Senegal,,2013,34878.0
Senegal,,2012,-42978.0
Senegal,,2011,-43350.0
Senegal,,2010,-69888.0
Senegal,,2009,-69239.0
Senegal,,2008,-67812.0
Senegal,,2007,-66580.0
Senegal,,2006,-64254.0
Senegal,,2005,-61781.0
Senegal,,2004,-59879.0
Senegal,,2003,-57213.0
Senegal,,2002,-40554.0
Senegal,,2001,-41422.0
Senegal,,2000,-42854.0
Senegal,,1999,-44284.0
Senegal,,1998,-45189.0
Senegal,,1997,-44506.0
Senegal,,1996,-39162.0
Senegal,,1995,-31001.0
Senegal,,1994,-22633.0
Senegal,,1993,-16649.0
Senegal,,1992,-14796.0
Senegal,,1991,-13783.0
Senegal,,1990,-12959.0
Senegal,,1989,-12362.0
Senegal,,1988,-12036.0
Senegal,,1987,-12086.0
Senegal,,1986,-12655.0
Senegal,,1985,-18644.0
Senegal,,1984,-24858.0
Senegal,,1983,-26222.0
Senegal,,1982,-27672.0
Senegal,,1981,-29959.0
Senegal,,1980,-32616.0
Senegal,,1979,-35022.0
Senegal,,1978,-36559.0
Senegal,,1977,-35731.0
Senegal,,1976,-18716.0
Senegal,,1975,-7870.0
Senegal,,1974,3347.0
Senegal,,1973,11382.0
Senegal,,1972,13852.0
Senegal,,1971,15131.0
Senegal,,1970,16168.0
Senegal,,1969,16887.0
Senegal,,1968,17264.0
Senegal,,1967,17107.0
Senegal,,1966,15849.0
Senegal,,1965,13913.0
Senegal,,1964,11892.0
Senegal,,1963,10371.0
Senegal,,1962,9809.0
Senegal,,1961,9549.0
Senegal,,1960,9337.0
Serbia,,2025,-13086.0
Serbia,,2024,-8132.0
Serbia,,2023,4348.0
Serbia,,2022,40118.0
Serbia,,2021,-8974.0
Serbia,,2020,-10220.0
Serbia,,2019,-18891.0
Serbia,,2018,-18883.0
Serbia,,2017,-18651.0
Serbia,,2016,-18322.0
Serbia,,2015,-18789.0
Serbia,,2014,-18846.0
Serbia,,2013,-17866.0
Serbia,,2012,-18513.0
Serbia,,2011,611.0
Serbia,,2010,3632.0
Serbia,,2009,6043.0
Serbia,,2008,7070.0
Serbia,,2007,7045.0
Serbia,,2006,8018.0
Serbia,,2005,7945.0
Serbia,,2004,7300.0
Serbia,,2003,6854.0
Serbia,,2002,1562.0
Serbia,,2001,-12007.0
Serbia,,2000,-14368.0
Serbia,,1999,-4073.0
Serbia,,1998,-5665.0
Serbia,,1997,-5817.0
Serbia,,1996,-5598.0
Serbia,,1995,-6019.0
Serbia,,1994,-5934.0
Serbia,,1993,-5972.0
Serbia,,1992,-4415.0
Serbia,,1991,-8483.0
Serbia,,1990,-16260.0
Serbia,,1989,-16360.0
Serbia,,1988,-15715.0
Serbia,,1987,-16686.0
Serbia,,1986,-17990.0
Serbia,,1985,-17646.0
Serbia,,1984,-15567.0
Serbia,,1983,-15301.0
Serbia,,1982,-13550.0
Serbia,,1981,-8531.0
Serbia,,1980,287.0
Serbia,,1979,-960.0
Serbia,,1978,-1481.0
Serbia,,1977,-1953.0
Serbia,,1976,-2744.0
Serbia,,1975,-3490.0
Serbia,,1974,-3525.0
Serbia,,1973,-2396.0
Serbia,,1972,-348.0
Serbia,,1971,1655.0
Serbia,,1970,1861.0
Serbia,,1969,4112.0
Serbia,,1968,5430.0
Serbia,,1967,6114.0
Serbia,,1966,7037.0
Serbia,,1965,7957.0
Serbia,,1964,8045.0
Serbia,,1963,8276.0
Serbia,,1962,6064.0
Serbia,,1961,6422.0
Serbia,,1960,4377.0
Seychelles,,2025,1590.0
Seychelles,,2024,1747.0
Seychelles,,2023,1809.0
Seychelles,,2022,1788.0
Seychelles,,2021,2086.0
Seychelles,,2020,1726.0
Seychelles,,2019,1770.0
Seychelles,,2018,1733.0
Seychelles,,2017,1693.0
Seychelles,,2016,1682.0
Seychelles,,2015,1719.0
Seychelles,,2014,1742.0
Seychelles,,2013,1717.0
Seychelles,,2012,1538.0
Seychelles,,2011,1551.0
Seychelles,,2010,740.0
Seychelles,,2009,105.0
Seychelles,,2008,105.0
Seychelles,,2007,173.0
Seychelles,,2006,264.0
Seychelles,,2005,214.0
Seychelles,,2004,317.0
Seychelles,,2003,316.0
Seychelles,,2002,425.0
Seychelles,,2001,509.0
Seychelles,,2000,461.0
Seychelles,,1999,491.0
Seychelles,,1998,512.0
Seychelles,,1997,-11.0
Seychelles,,1996,-266.0
Seychelles,,1995,-171.0
Seychelles,,1994,-231.0
Seychelles,,1993,-316.0
Seychelles,,1992,-289.0
Seychelles,,1991,-342.0
Seychelles,,1990,-228.0
Seychelles,,1989,-206.0
Seychelles,,1988,-196.0
Seychelles,,1987,-363.0
Seychelles,,1986,-487.0
Seychelles,,1985,-458.0
Seychelles,,1984,-493.0
Seychelles,,1983,-439.0
Seychelles,,1982,-357.0
Seychelles,,1981,-565.0
Seychelles,,1980,-587.0
Seychelles,,1979,-509.0
Seychelles,,1978,-587.0
Seychelles,,1977,140.0
Seychelles,,1976,472.0
Seychelles,,1975,259.0
Seychelles,,1974,174.0
Seychelles,,1973,327.0
Seychelles,,1972,266.0
Seychelles,,1971,102.0
Seychelles,,1970,69.0
Seychelles,,1969,43.0
Seychelles,,1968,54.0
Seychelles,,1967,-15.0
Seychelles,,1966,-94.0
Seychelles,,1965,-20.0
Seychelles,,1964,-74.0
Seychelles,,1963,-107.0
Seychelles,,1962,-128.0
Seychelles,,1961,-153.0
Seychelles,,1960,-180.0
Sierra Leone,,2025,-11309.0
Sierra Leone,,2024,-11000.0
Sierra Leone,,2023,-4000.0
Sierra Leone,,2022,-4000.0
Sierra Leone,,2021,-1544.0
Sierra Leone,,2020,1292.0
Sierra Leone,,2019,-2238.0
Sierra Leone,,2018,-2741.0
Sierra Leone,,2017,1234.0
Sierra Leone,,2016,4657.0
Sierra Leone,,2015,-356.0
Sierra Leone,,2014,485.0
Sierra Leone,,2013,2773.0
Sierra Leone,,2012,988.0
Sierra Leone,,2011,6895.0
Sierra Leone,,2010,7983.0
Sierra Leone,,2009,18145.0
Sierra Leone,,2008,1182.0
Sierra Leone,,2007,-6042.0
Sierra Leone,,2006,-34052.0
Sierra Leone,,2005,-1805.0
Sierra Leone,,2004,23897.0
Sierra Leone,,2003,69185.0
Sierra Leone,,2002,86578.0
Sierra Leone,,2001,227791.0
Sierra Leone,,2000,83013.0
Sierra Leone,,1999,-84926.0
Sierra Leone,,1998,-76766.0
Sierra Leone,,1997,-48437.0
Sierra Leone,,1996,-52110.0
Sierra Leone,,1995,-112857.0
Sierra Leone,,1994,-77371.0
Sierra Leone,,1993,-95476.0
Sierra Leone,,1992,-129565.0
Sierra Leone,,1991,-238965.0
Sierra Leone,,1990,131587.0
Sierra Leone,,1989,-5079.0
Sierra Leone,,1988,9470.0
Sierra Leone,,1987,9558.0
Sierra Leone,,1986,7992.0
Sierra Leone,,1985,-7873.0
Sierra Leone,,1984,-8708.0
Sierra Leone,,1983,-8783.0
Sierra Leone,,1982,-11379.0
Sierra Leone,,1981,-12699.0
Sierra Leone,,1980,-11641.0
Sierra Leone,,1979,-13095.0
Sierra Leone,,1978,-13073.0
Sierra Leone,,1977,-12399.0
Sierra Leone,,1976,-15686.0
Sierra Leone,,1975,-13058.0
Sierra Leone,,1974,-11473.0
Sierra Leone,,1973,-9322.0
Sierra Leone,,1972,-8267.0
Sierra Leone,,1971,-8162.0
Sierra Leone,,1970,-4957.0
Sierra Leone,,1969,-4485.0
Sierra Leone,,1968,-3743.0
Sierra Leone,,1967,-2819.0
Sierra Leone,,1966,-2911.0
Sierra Leone,,1965,-1851.0
Sierra Leone,,1964,-2308.0
Sierra Leone,,1963,-2480.0
Sierra Leone,,1962,-2658.0
Sierra Leone,,1961,-2947.0
Sierra Leone,,1960,-3528.0
Singapore,,2025,16892.0
Singapore,,2024,20011.0
Singapore,,2023,26996.0
Singapore,,2022,214842.0
Singapore,,2021,-44030.0
Singapore,,2020,-145556.0
Singapore,,2019,870.0
Singapore,,2018,21820.0
Singapore,,2017,-8880.0
Singapore,,2016,13737.0
Singapore,,2015,41852.0
Singapore,,2014,40154.0
Singapore,,2013,52176.0
Singapore,,2012,78501.0
Singapore,,2011,89856.0
Singapore,,2010,72571.0
Singapore,,2009,95841.0
Singapore,,2008,176182.0
Singapore,,2007,192292.0
Singapore,,2006,135625.0
Singapore,,2005,92023.0
Singapore,,2004,50487.0
Singapore,,2003,-30012.0
Singapore,,2002,-40023.0
Singapore,,2001,45027.0
Singapore,,2000,55218.0
Singapore,,1999,19681.0
Singapore,,1998,51905.0
Singapore,,1997,95241.0
Singapore,,1996,102018.0
Singapore,,1995,91947.0
Singapore,,1994,71170.0
Singapore,,1993,58820.0
Singapore,,1992,54359.0
Singapore,,1991,57821.0
Singapore,,1990,66950.0
Singapore,,1989,68031.0
Singapore,,1988,40976.0
Singapore,,1987,25411.0
Singapore,,1986,-7858.0
Singapore,,1985,-31036.0
Singapore,,1984,-4396.0
Singapore,,1983,11699.0
Singapore,,1982,41568.0
Singapore,,1981,85869.0
Singapore,,1980,42433.0
Singapore,,1979,-2384.0
Singapore,,1978,436.0
Singapore,,1977,2757.0
Singapore,,1976,949.0
Singapore,,1975,4104.0
Singapore,,1974,2748.0
Singapore,,1973,-495.0
Singapore,,1972,-1631.0
Singapore,,1971,573.0
Singapore,,1970,4024.0
Singapore,,1969,6763.0
Singapore,,1968,6792.0
Singapore,,1967,6006.0
Singapore,,1966,3507.0
Singapore,,1965,4199.0
Singapore,,1964,3043.0
Singapore,,1963,2668.0
Singapore,,1962,3714.0
Singapore,,1961,3490.0
Singapore,,1960,2008.0
Slovakia,,2025,-31377.0
Slovakia,,2024,-21027.0
Slovakia,,2023,4933.0
Slovakia,,2022,92314.0
Slovakia,,2021,-8172.0
Slovakia,,2020,4350.0
Slovakia,,2019,3128.0
Slovakia,,2018,3446.0
Slovakia,,2017,3279.0
Slovakia,,2016,3487.0
Slovakia,,2015,2549.0
Slovakia,,2014,-1158.0
Slovakia,,2013,-1181.0
Slovakia,,2012,871.0
Slovakia,,2011,-2392.0
Slovakia,,2010,-1814.0
Slovakia,,2009,-542.0
Slovakia,,2008,-495.0
Slovakia,,2007,-571.0
Slovakia,,2006,-549.0
Slovakia,,2005,-561.0
Slovakia,,2004,-522.0
Slovakia,,2003,-646.0
Slovakia,,2002,-580.0
Slovakia,,2001,-860.0
Slovakia,,2000,-831.0
Slovakia,,1999,-119.0
Slovakia,,1998,-12.0
Slovakia,,1997,247.0
Slovakia,,1996,246.0
Slovakia,,1995,-30.0
Slovakia,,1994,-109.0
Slovakia,,1993,72.0
Slovakia,,1992,-201.0
Slovakia,,1991,174.0
Slovakia,,1990,-9402.0
Slovakia,,1989,-7254.0
Slovakia,,1988,-6500.0
Slovakia,,1987,-6401.0
Slovakia,,1986,-6143.0
Slovakia,,1985,-6068.0
Slovakia,,1984,-6276.0
Slovakia,,1983,-6361.0
Slovakia,,1982,-6088.0
Slovakia,,1981,-5821.0
Slovakia,,1980,-5522.0
Slovakia,,1979,-4712.0
Slovakia,,1978,-4689.0
Slovakia,,1977,-4621.0
Slovakia,,1976,-4432.0
Slovakia,,1975,-4652.0
Slovakia,,1974,-4190.0
Slovakia,,1973,-3854.0
Slovakia,,1972,-3516.0
Slovakia,,1971,-3495.0
Slovakia,,1970,-4919.0
Slovakia,,1969,-8998.0
Slovakia,,1968,-8881.0
Slovakia,,1967,-8876.0
Slovakia,,1966,-8817.0
Slovakia,,1965,-8707.0
Slovakia,,1964,-8608.0
Slovakia,,1963,-8548.0
Slovakia,,1962,-9019.0
Slovakia,,1961,4812.0
Slovakia,,1960,4344.0
Slovenia,,2025,2711.0
Slovenia,,2024,3319.0
Slovenia,,2023,5339.0
Slovenia,,2022,9014.0
Slovenia,,2021,2477.0
Slovenia,,2020,28514.0
Slovenia,,2019,16352.0
Slovenia,,2018,14640.0
Slovenia,,2017,1359.0
Slovenia,,2016,1195.0
Slovenia,,2015,712.0
Slovenia,,2014,-70.0
Slovenia,,2013,639.0
Slovenia,,2012,1117.0
Slovenia,,2011,2190.0
Slovenia,,2010,-410.0
Slovenia,,2009,11594.0
Slovenia,,2008,2971.0
Slovenia,,2007,14191.0
Slovenia,,2006,6081.0
Slovenia,,2005,6317.0
Slovenia,,2004,1759.0
Slovenia,,2003,3218.0
Slovenia,,2002,1975.0
Slovenia,,2001,4527.0
Slovenia,,2000,3124.0
Slovenia,,1999,10291.0
Slovenia,,1998,-5280.0
Slovenia,,1997,-1298.0
Slovenia,,1996,-2456.0
Slovenia,,1995,356.0
Slovenia,,1994,-153.0
Slovenia,,1993,-4641.0
Slovenia,,1992,-5547.0
Slovenia,,1991,-3325.0
Slovenia,,1990,618.0
Slovenia,,1989,-2718.0
Slovenia,,1988,-3023.0
Slovenia,,1987,2972.0
Slovenia,,1986,32700.0
Slovenia,,1985,3404.0
Slovenia,,1984,3280.0
Slovenia,,1983,3613.0
Slovenia,,1982,-8695.0
Slovenia,,1981,-5016.0
Slovenia,,1980,3128.0
Slovenia,,1979,2107.0
Slovenia,,1978,2113.0
Slovenia,,1977,2584.0
Slovenia,,1976,2226.0
Slovenia,,1975,2421.0
Slovenia,,1974,3145.0
Slovenia,,1973,2175.0
Slovenia,,1972,2924.0
Slovenia,,1971,2286.0
Slovenia,,1970,260.0
Slovenia,,1969,685.0
Slovenia,,1968,438.0
Slovenia,,1967,-192.0
Slovenia,,1966,-1262.0
Slovenia,,1965,-1421.0
Slovenia,,1964,-349.0
Slovenia,,1963,-180.0
Slovenia,,1962,148.0
Slovenia,,1961,-306.0
Slovenia,,1960,-929.0
Solomon Islands,,2025,1631.0
Solomon Islands,,2024,1610.0
Solomon Islands,,2023,1636.0
Solomon Islands,,2022,1567.0
Solomon Islands,,2021,1499.0
Solomon Islands,,2020,1556.0
Solomon Islands,,2019,-1990.0
Solomon Islands,,2018,6653.0
Solomon Islands,,2017,6513.0
Solomon Islands,,2016,6146.0
Solomon Islands,,2015,5853.0
Solomon Islands,,2014,5598.0
Solomon Islands,,2013,5631.0
Solomon Islands,,2012,5420.0
Solomon Islands,,2011,5219.0
Solomon Islands,,2010,5040.0
Solomon Islands,,2009,-4360.0
Solomon Islands,,2008,-5538.0
Solomon Islands,,2007,-5383.0
Solomon Islands,,2006,-5262.0
Solomon Islands,,2005,-5082.0
Solomon Islands,,2004,-4985.0
Solomon Islands,,2003,-4881.0
Solomon Islands,,2002,-4691.0
Solomon Islands,,2001,-4474.0
Solomon Islands,,2000,-4219.0
Solomon Islands,,1999,-1588.0
Solomon Islands,,1998,-1019.0
Solomon Islands,,1997,-931.0
Solomon Islands,,1996,-947.0
Solomon Islands,,1995,-952.0
Solomon Islands,,1994,-828.0
Solomon Islands,,1993,-665.0
Solomon Islands,,1992,-482.0
Solomon Islands,,1991,-410.0
Solomon Islands,,1990,-335.0
Solomon Islands,,1989,-270.0
Solomon Islands,,1988,-197.0
Solomon Islands,,1987,-179.0
Solomon Islands,,1986,-269.0
Solomon Islands,,1985,-150.0
Solomon Islands,,1984,-102.0
Solomon Islands,,1983,-30.0
Solomon Islands,,1982,40.0
Solomon Islands,,1981,99.0
Solomon Islands,,1980,151.0
Solomon Islands,,1979,188.0
Solomon Islands,,1978,174.0
Solomon Islands,,1977,159.0
Solomon Islands,,1976,-48.0
Solomon Islands,,1975,-760.0
Solomon Islands,,1974,-1084.0
Solomon Islands,,1973,-1329.0
Solomon Islands,,1972,-1520.0
Solomon Islands,,1971,-1646.0
Solomon Islands,,1970,-1632.0
Solomon Islands,,1969,-1187.0
Solomon Islands,,1968,-1154.0
Solomon Islands,,1967,-1213.0
Solomon Islands,,1966,-1256.0
Solomon Islands,,1965,-1237.0
Solomon Islands,,1964,-1200.0
Solomon Islands,,1963,-1129.0
Solomon Islands,,1962,-1073.0
Solomon Islands,,1961,-1016.0
Solomon Islands,,1960,-917.0
Somalia,,2025,12077.0
Somalia,,2024,26859.0
Somalia,,2023,46217.0
Somalia,,2022,-92434.0
Somalia,,2021,35506.0
Somalia,,2020,77259.0
Somalia,,2019,53124.0
Somalia,,2018,40844.0
Somalia,,2017,38067.0
Somalia,,2016,124017.0
Somalia,,2015,-17178.0
Somalia,,2014,6065.0
Somalia,,2013,20723.0
Somalia,,2012,-51833.0
Somalia,,2011,-326192.0
Somalia,,2010,-88448.0
Somalia,,2009,-101795.0
Somalia,,2008,-102035.0
Somalia,,2007,8476.0
Somalia,,2006,-67200.0
Somalia,,2005,-5955.0
Somalia,,2004,17353.0
Somalia,,2003,33174.0
Somalia,,2002,12603.0
Somalia,,2001,40274.0
Somalia,,2000,53580.0
Somalia,,1999,37548.0
Somalia,,1998,55426.0
Somalia,,1997,49692.0
Somalia,,1996,-46291.0
Somalia,,1995,65888.0
Somalia,,1994,-50921.0
Somalia,,1993,261815.0
Somalia,,1992,-179675.0
Somalia,,1991,-568166.0
Somalia,,1990,-248155.0
Somalia,,1989,-266281.0
Somalia,,1988,-415660.0
Somalia,,1987,-17391.0
Somalia,,1986,74424.0
Somalia,,1985,62183.0
Somalia,,1984,60630.0
Somalia,,1983,9505.0
Somalia,,1982,6115.0
Somalia,,1981,-332129.0
Somalia,,1980,65519.0
Somalia,,1979,582746.0
Somalia,,1978,402005.0
Somalia,,1977,2170.0
Somalia,,1976,-3831.0
Somalia,,1975,-1934.0
Somalia,,1974,-495.0
Somalia,,1973,143.0
Somalia,,1972,-351.0
Somalia,,1971,-1850.0
Somalia,,1970,1104.0
Somalia,,1969,690.0
Somalia,,1968,906.0
Somalia,,1967,1498.0
Somalia,,1966,941.0
Somalia,,1965,2142.0
Somalia,,1964,1518.0
Somalia,,1963,1449.0
Somalia,,1962,1496.0
Somalia,,1961,1336.0
Somalia,,1960,750.0
South Africa,,2025,146370.0
South Africa,,2024,166972.0
South Africa,,2023,228222.0
South Africa,,2022,233284.0
South Africa,,2021,458246.0
South Africa,,2020,369901.0
South Africa,,2019,331124.0
South Africa,,2018,318260.0
South Africa,,2017,343146.0
South Africa,,2016,-879235.0
South Africa,,2015,641150.0
South Africa,,2014,272697.0
South Africa,,2013,232230.0
South Africa,,2012,264091.0
South Africa,,2011,65166.0
South Africa,,2010,68563.0
South Africa,,2009,41528.0
South Africa,,2008,36869.0
South Africa,,2007,36339.0
South Africa,,2006,33159.0
South Africa,,2005,31286.0
South Africa,,2004,58924.0
South Africa,,2003,65604.0
South Africa,,2002,50313.0
South Africa,,2001,-60793.0
South Africa,,2000,-136794.0
South Africa,,1999,-126011.0
South Africa,,1998,-82722.0
South Africa,,1997,-98181.0
South Africa,,1996,-193007.0
South Africa,,1995,-98403.0
South Africa,,1994,-268849.0
South Africa,,1993,194977.0
South Africa,,1992,-71342.0
South Africa,,1991,-39131.0
South Africa,,1990,259718.0
South Africa,,1989,255605.0
South Africa,,1988,246382.0
South Africa,,1987,231009.0
South Africa,,1986,234378.0
South Africa,,1985,244940.0
South Africa,,1984,290789.0
South Africa,,1983,310172.0
South Africa,,1982,293195.0
South Africa,,1981,279985.0
South Africa,,1980,258127.0
South Africa,,1979,56323.0
South Africa,,1978,62121.0
South Africa,,1977,63739.0
South Africa,,1976,27333.0
South Africa,,1975,38809.0
South Africa,,1974,38518.0
South Africa,,1973,41125.0
South Africa,,1972,38163.0
South Africa,,1971,32961.0
South Africa,,1970,61514.0
South Africa,,1969,73225.0
South Africa,,1968,78932.0
South Africa,,1967,81932.0
South Africa,,1966,77417.0
South Africa,,1965,82514.0
South Africa,,1964,76298.0
South Africa,,1963,72844.0
South Africa,,1962,69771.0
South Africa,,1961,57728.0
South Africa,,1960,18891.0
South Sudan,,2025,6145.0
South Sudan,,2024,15374.0
South Sudan,,2023,455000.0
South Sudan,,2022,40259.0
South Sudan,,2021,-154359.0
South Sudan,,2020,62935.0
South Sudan,,2019,65198.0
South Sudan,,2018,157408.0
South Sudan,,2017,-670477.0
South Sudan,,2016,-654225.0
South Sudan,,2015,-159822.0
South Sudan,,2014,-471523.0
South Sudan,,2013,65337.0
South Sudan,,2012,125771.0
South Sudan,,2011,194325.0
South Sudan,,2010,299402.0
South Sudan,,2009,139129.0
South Sudan,,2008,165557.0
South Sudan,,2007,167350.0
South Sudan,,2006,153926.0
South Sudan,,2005,132869.0
South Sudan,,2004,110182.0
South Sudan,,2003,91951.0
South Sudan,,2002,82847.0
South Sudan,,2001,77856.0
South Sudan,,2000,74227.0
South Sudan,,1999,70271.0
South Sudan,,1998,64285.0
South Sudan,,1997,48280.0
South Sudan,,1996,17953.0
South Sudan,,1995,17077.0
South Sudan,,1994,16407.0
South Sudan,,1993,15772.0
South Sudan,,1992,15077.0
South Sudan,,1991,14327.0
South Sudan,,1990,12988.0
South Sudan,,1989,-130821.0
South Sudan,,1988,-97065.0
South Sudan,,1987,-11976.0
South Sudan,,1986,-10973.0
South Sudan,,1985,-9986.0
South Sudan,,1984,-8984.0
South Sudan,,1983,-7986.0
South Sudan,,1982,-6983.0
South Sudan,,1981,-5994.0
South Sudan,,1980,-4997.0
South Sudan,,1979,-3997.0
South Sudan,,1978,-2998.0
South Sudan,,1977,-1997.0
South Sudan,,1976,-995.0
South Sudan,,1975,-395.0
South Sudan,,1974,-192.0
South Sudan,,1973,0.0
South Sudan,,1972,193.0
South Sudan,,1971,394.0
South Sudan,,1970,587.0
South Sudan,,1969,786.0
South Sudan,,1968,995.0
South Sudan,,1967,1194.0
South Sudan,,1966,1386.0
South Sudan,,1965,1591.0
South Sudan,,1964,1785.0
South Sudan,,1963,1591.0
South Sudan,,1962,1386.0
South Sudan,,1961,1194.0
South Sudan,,1960,995.0
Spain,,2025,96630.0
Spain,,2024,111674.0
Spain,,2023,119099.0
Spain,,2022,299779.0
Spain,,2021,144385.0
Spain,,2020,236854.0
Spain,,2019,464783.0
Spain,,2018,337467.0
Spain,,2017,201135.0
Spain,,2016,106474.0
Spain,,2015,-1979.0
Spain,,2014,-97870.0
Spain,,2013,-250741.0
Spain,,2012,-153486.0
Spain,,2011,60761.0
Spain,,2010,69406.0
Spain,,2009,129557.0
Spain,,2008,434135.0
Spain,,2007,772317.0
Spain,,2006,659720.0
Spain,,2005,629803.0
Spain,,2004,661158.0
Spain,,2003,658428.0
Spain,,2002,737880.0
Spain,,2001,181307.0
Spain,,2000,176269.0
Spain,,1999,178559.0
Spain,,1998,182926.0
Spain,,1997,165345.0
Spain,,1996,162704.0
Spain,,1995,162434.0
Spain,,1994,160407.0
Spain,,1993,160907.0
Spain,,1992,177544.0
Spain,,1991,122841.0
Spain,,1990,-30684.0
Spain,,1989,-25892.0
Spain,,1988,-17663.0
Spain,,1987,-12681.0
Spain,,1986,-13540.0
Spain,,1985,-589.0
Spain,,1984,2754.0
Spain,,1983,1241.0
Spain,,1982,-7384.0
Spain,,1981,2563.0
Spain,,1980,20166.0
Spain,,1979,-5929.0
Spain,,1978,-2504.0
Spain,,1977,-1332.0
Spain,,1976,2804.0
Spain,,1975,-218.0
Spain,,1974,105838.0
Spain,,1973,8624.0
Spain,,1972,7935.0
Spain,,1971,7363.0
Spain,,1970,-60580.0
Spain,,1969,-49956.0
Spain,,1968,-46088.0
Spain,,1967,-42344.0
Spain,,1966,-41467.0
Spain,,1965,-42476.0
Spain,,1964,-41461.0
Spain,,1963,-44446.0
Spain,,1962,-45211.0
Spain,,1961,-46517.0
Spain,,1960,-154869.0
Sri Lanka,,2025,-30724.0
Sri Lanka,,2024,-27245.0
Sri Lanka,,2023,-28011.0
Sri Lanka,,2022,-27435.0
Sri Lanka,,2021,-29586.0
Sri Lanka,,2020,-29875.0
Sri Lanka,,2019,-28426.0
Sri Lanka,,2018,-28607.0
Sri Lanka,,2017,-22324.0
Sri Lanka,,2016,-18388.0
Sri Lanka,,2015,-29797.0
Sri Lanka,,2014,-33672.0
Sri Lanka,,2013,-37754.0
Sri Lanka,,2012,-41955.0
Sri Lanka,,2011,-90839.0
Sri Lanka,,2010,-98060.0
Sri Lanka,,2009,-81130.0
Sri Lanka,,2008,-97144.0
Sri Lanka,,2007,-109695.0
Sri Lanka,,2006,-107045.0
Sri Lanka,,2005,-118594.0
Sri Lanka,,2004,-84795.0
Sri Lanka,,2003,-107573.0
Sri Lanka,,2002,-105718.0
Sri Lanka,,2001,19273.0
Sri Lanka,,2000,123894.0
Sri Lanka,,1999,138799.0
Sri Lanka,,1998,150724.0
Sri Lanka,,1997,135636.0
Sri Lanka,,1996,127236.0
Sri Lanka,,1995,117416.0
Sri Lanka,,1994,8323.0
Sri Lanka,,1993,36232.0
Sri Lanka,,1992,88542.0
Sri Lanka,,1991,-1047.0
Sri Lanka,,1990,-195736.0
Sri Lanka,,1989,-33305.0
Sri Lanka,,1988,-58415.0
Sri Lanka,,1987,-63105.0
Sri Lanka,,1986,-26460.0
Sri Lanka,,1985,-80950.0
Sri Lanka,,1984,-225450.0
Sri Lanka,,1983,-209362.0
Sri Lanka,,1982,-163987.0
Sri Lanka,,1981,-89824.0
Sri Lanka,,1980,-63541.0
Sri Lanka,,1979,-57683.0
Sri Lanka,,1978,-50189.0
Sri Lanka,,1977,-45383.0
Sri Lanka,,1976,-41258.0
Sri Lanka,,1975,-37475.0
Sri Lanka,,1974,-33979.0
Sri Lanka,,1973,-30582.0
Sri Lanka,,1972,-27071.0
Sri Lanka,,1971,-22021.0
Sri Lanka,,1970,-16299.0
Sri Lanka,,1969,-10152.0
Sri Lanka,,1968,-7163.0
Sri Lanka,,1967,-6696.0
Sri Lanka,,1966,-6794.0
Sri Lanka,,1965,-7249.0
Sri Lanka,,1964,-7614.0
Sri Lanka,,1963,-8118.0
Sri Lanka,,1962,-8909.0
Sri Lanka,,1961,-10144.0
Sri Lanka,,1960,-12610.0
Saint Kitts and Nevis,,2025,18.0
Saint Kitts and Nevis,,2024,-7.0
Saint Kitts and Nevis,,2023,0.0
Saint Kitts and Nevis,,2022,0.0
Saint Kitts and Nevis,,2021,-92.0
Saint Kitts and Nevis,,2020,-202.0
Saint Kitts and Nevis,,2019,-202.0
Saint Kitts and Nevis,,2018,-202.0
Saint Kitts and Nevis,,2017,-202.0
Saint Kitts and Nevis,,2016,-202.0
Saint Kitts and Nevis,,2015,-202.0
Saint Kitts and Nevis,,2014,-202.0
Saint Kitts and Nevis,,2013,-202.0
Saint Kitts and Nevis,,2012,-202.0
Saint Kitts and Nevis,,2011,0.0
Saint Kitts and Nevis,,2010,-449.0
Saint Kitts and Nevis,,2009,-263.0
Saint Kitts and Nevis,,2008,-197.0
Saint Kitts and Nevis,,2007,-200.0
Saint Kitts and Nevis,,2006,-221.0
Saint Kitts and Nevis,,2005,-234.0
Saint Kitts and Nevis,,2004,-237.0
Saint Kitts and Nevis,,2003,-224.0
Saint Kitts and Nevis,,2002,-210.0
Saint Kitts and Nevis,,2001,-7.0
Saint Kitts and Nevis,,2000,291.0
Saint Kitts and Nevis,,1999,213.0
Saint Kitts and Nevis,,1998,170.0
Saint Kitts and Nevis,,1997,157.0
Saint Kitts and Nevis,,1996,168.0
Saint Kitts and Nevis,,1995,162.0
Saint Kitts and Nevis,,1994,170.0
Saint Kitts and Nevis,,1993,160.0
Saint Kitts and Nevis,,1992,158.0
Saint Kitts and Nevis,,1991,-217.0
Saint Kitts and Nevis,,1990,-812.0
Saint Kitts and Nevis,,1989,-788.0
Saint Kitts and Nevis,,1988,-766.0
Saint Kitts and Nevis,,1987,-767.0
Saint Kitts and Nevis,,1986,-783.0
Saint Kitts and Nevis,,1985,-821.0
Saint Kitts and Nevis,,1984,-828.0
Saint Kitts and Nevis,,1983,-880.0
Saint Kitts and Nevis,,1982,-858.0
Saint Kitts and Nevis,,1981,-832.0
Saint Kitts and Nevis,,1980,-798.0
Saint Kitts and Nevis,,1979,-856.0
Saint Kitts and Nevis,,1978,-817.0
Saint Kitts and Nevis,,1977,-820.0
Saint Kitts and Nevis,,1976,-823.0
Saint Kitts and Nevis,,1975,-813.0
Saint Kitts and Nevis,,1974,-810.0
Saint Kitts and Nevis,,1973,-794.0
Saint Kitts and Nevis,,1972,-782.0
Saint Kitts and Nevis,,1971,-797.0
Saint Kitts and Nevis,,1970,-1227.0
Saint Kitts and Nevis,,1969,-2340.0
Saint Kitts and Nevis,,1968,-2208.0
Saint Kitts and Nevis,,1967,-2270.0
Saint Kitts and Nevis,,1966,-2366.0
Saint Kitts and Nevis,,1965,-2447.0
Saint Kitts and Nevis,,1964,-2465.0
Saint Kitts and Nevis,,1963,-2435.0
Saint Kitts and Nevis,,1962,-2331.0
Saint Kitts and Nevis,,1961,-2256.0
Saint Kitts and Nevis,,1960,-1725.0
Saint Lucia,,2025,-23.0
Saint Lucia,,2024,-7.0
Saint Lucia,,2023,0.0
Saint Lucia,,2022,0.0
Saint Lucia,,2021,0.0
Saint Lucia,,2020,0.0
Saint Lucia,,2019,0.0
Saint Lucia,,2018,-18.0
Saint Lucia,,2017,-38.0
Saint Lucia,,2016,-57.0
Saint Lucia,,2015,-69.0
Saint Lucia,,2014,-90.0
Saint Lucia,,2013,-114.0
Saint Lucia,,2012,-135.0
Saint Lucia,,2011,-150.0
Saint Lucia,,2010,-170.0
Saint Lucia,,2009,-276.0
Saint Lucia,,2008,-331.0
Saint Lucia,,2007,-352.0
Saint Lucia,,2006,-339.0
Saint Lucia,,2005,-358.0
Saint Lucia,,2004,-378.0
Saint Lucia,,2003,-397.0
Saint Lucia,,2002,-409.0
Saint Lucia,,2001,-416.0
Saint Lucia,,2000,-176.0
Saint Lucia,,1999,-361.0
Saint Lucia,,1998,-268.0
Saint Lucia,,1997,-519.0
Saint Lucia,,1996,-571.0
Saint Lucia,,1995,-638.0
Saint Lucia,,1994,-721.0
Saint Lucia,,1993,-824.0
Saint Lucia,,1992,-834.0
Saint Lucia,,1991,-963.0
Saint Lucia,,1990,-1790.0
Saint Lucia,,1989,-1734.0
Saint Lucia,,1988,-1606.0
Saint Lucia,,1987,-1423.0
Saint Lucia,,1986,-1453.0
Saint Lucia,,1985,-1465.0
Saint Lucia,,1984,-1468.0
Saint Lucia,,1983,-1462.0
Saint Lucia,,1982,-1423.0
Saint Lucia,,1981,-1403.0
Saint Lucia,,1980,-1422.0
Saint Lucia,,1979,-1625.0
Saint Lucia,,1978,-1635.0
Saint Lucia,,1977,-1543.0
Saint Lucia,,1976,-1444.0
Saint Lucia,,1975,-1454.0
Saint Lucia,,1974,-1472.0
Saint Lucia,,1973,-1513.0
Saint Lucia,,1972,-1566.0
Saint Lucia,,1971,-1625.0
Saint Lucia,,1970,-1709.0
Saint Lucia,,1969,-1954.0
Saint Lucia,,1968,-1937.0
Saint Lucia,,1967,-1997.0
Saint Lucia,,1966,-2065.0
Saint Lucia,,1965,-2067.0
Saint Lucia,,1964,-2079.0
Saint Lucia,,1963,-2060.0
Saint Lucia,,1962,-2082.0
Saint Lucia,,1961,-2189.0
Saint Lucia,,1960,-2366.0
Saint Vincent-Grenadines,,2025,-714.0
Saint Vincent-Grenadines,,2024,-737.0
Saint Vincent-Grenadines,,2023,-784.0
Saint Vincent-Grenadines,,2022,-826.0
Saint Vincent-Grenadines,,2021,-851.0
Saint Vincent-Grenadines,,2020,-493.0
Saint Vincent-Grenadines,,2019,-982.0
Saint Vincent-Grenadines,,2018,-1026.0
Saint Vincent-Grenadines,,2017,-1057.0
Saint Vincent-Grenadines,,2016,-1089.0
Saint Vincent-Grenadines,,2015,-1124.0
Saint Vincent-Grenadines,,2014,-1161.0
Saint Vincent-Grenadines,,2013,-1190.0
Saint Vincent-Grenadines,,2012,-1221.0
Saint Vincent-Grenadines,,2011,-1319.0
Saint Vincent-Grenadines,,2010,-1371.0
Saint Vincent-Grenadines,,2009,-1407.0
Saint Vincent-Grenadines,,2008,-1414.0
Saint Vincent-Grenadines,,2007,-1363.0
Saint Vincent-Grenadines,,2006,-1346.0
Saint Vincent-Grenadines,,2005,-1365.0
Saint Vincent-Grenadines,,2004,-1349.0
Saint Vincent-Grenadines,,2003,-1315.0
Saint Vincent-Grenadines,,2002,-1333.0
Saint Vincent-Grenadines,,2001,-1375.0
Saint Vincent-Grenadines,,2000,-1213.0
Saint Vincent-Grenadines,,1999,-1019.0
Saint Vincent-Grenadines,,1998,-1308.0
Saint Vincent-Grenadines,,1997,-1487.0
Saint Vincent-Grenadines,,1996,-1575.0
Saint Vincent-Grenadines,,1995,-1608.0
Saint Vincent-Grenadines,,1994,-1631.0
Saint Vincent-Grenadines,,1993,-1629.0
Saint Vincent-Grenadines,,1992,-1602.0
Saint Vincent-Grenadines,,1991,-1482.0
Saint Vincent-Grenadines,,1990,-1350.0
Saint Vincent-Grenadines,,1989,-1244.0
Saint Vincent-Grenadines,,1988,-1243.0
Saint Vincent-Grenadines,,1987,-1251.0
Saint Vincent-Grenadines,,1986,-1279.0
Saint Vincent-Grenadines,,1985,-1324.0
Saint Vincent-Grenadines,,1984,-1405.0
Saint Vincent-Grenadines,,1983,-1549.0
Saint Vincent-Grenadines,,1982,-1597.0
Saint Vincent-Grenadines,,1981,-1526.0
Saint Vincent-Grenadines,,1980,-1545.0
Saint Vincent-Grenadines,,1979,-1925.0
Saint Vincent-Grenadines,,1978,-1832.0
Saint Vincent-Grenadines,,1977,-1821.0
Saint Vincent-Grenadines,,1976,-1891.0
Saint Vincent-Grenadines,,1975,-1958.0
Saint Vincent-Grenadines,,1974,-2013.0
Saint Vincent-Grenadines,,1973,-2068.0
Saint Vincent-Grenadines,,1972,-2116.0
Saint Vincent-Grenadines,,1971,-2183.0
Saint Vincent-Grenadines,,1970,-2260.0
Saint Vincent-Grenadines,,1969,-2292.0
Saint Vincent-Grenadines,,1968,-2258.0
Saint Vincent-Grenadines,,1967,-2178.0
Saint Vincent-Grenadines,,1966,-2090.0
Saint Vincent-Grenadines,,1965,-2009.0
Saint Vincent-Grenadines,,1964,-1931.0
Saint Vincent-Grenadines,,1963,-1833.0
Saint Vincent-Grenadines,,1962,-1749.0
Saint Vincent-Grenadines,,1961,-1647.0
Saint Vincent-Grenadines,,1960,-1476.0
Sudan,,2025,291469.0
Sudan,,2024,-544257.0
Sudan,,2023,-1349998.0
Sudan,,2022,-26668.0
Sudan,,2021,31664.0
Sudan,,2020,-65933.0
Sudan,,2019,-39491.0
Sudan,,2018,125499.0
Sudan,,2017,441623.0
Sudan,,2016,84728.0
Sudan,,2015,66476.0
Sudan,,2014,92504.0
Sudan,,2013,-194001.0
Sudan,,2012,-232196.0
Sudan,,2011,-347024.0
Sudan,,2010,-339466.0
Sudan,,2009,-80159.0
Sudan,,2008,-73188.0
Sudan,,2007,-201769.0
Sudan,,2006,-211387.0
Sudan,,2005,-199378.0
Sudan,,2004,-185392.0
Sudan,,2003,-281001.0
Sudan,,2002,-180603.0
Sudan,,2001,-173745.0
Sudan,,2000,-165030.0
Sudan,,1999,-157090.0
Sudan,,1998,-150271.0
Sudan,,1997,-148368.0
Sudan,,1996,-310221.0
Sudan,,1995,-144670.0
Sudan,,1994,-144324.0
Sudan,,1993,-166861.0
Sudan,,1992,-271093.0
Sudan,,1991,-261341.0
Sudan,,1990,-254825.0
Sudan,,1989,-241979.0
Sudan,,1988,-235213.0
Sudan,,1987,-228756.0
Sudan,,1986,-245968.0
Sudan,,1985,-222315.0
Sudan,,1984,-219755.0
Sudan,,1983,-54325.0
Sudan,,1982,124007.0
Sudan,,1981,96697.0
Sudan,,1980,208602.0
Sudan,,1979,120613.0
Sudan,,1978,177153.0
Sudan,,1977,58540.0
Sudan,,1976,22147.0
Sudan,,1975,62843.0
Sudan,,1974,6023.0
Sudan,,1973,173143.0
Sudan,,1972,2238.0
Sudan,,1971,-3577.0
Sudan,,1970,4479.0
Sudan,,1969,2476.0
Sudan,,1968,2776.0
Sudan,,1967,4508.0
Sudan,,1966,2813.0
Sudan,,1965,6367.0
Sudan,,1964,4505.0
Sudan,,1963,4263.0
Sudan,,1962,4387.0
Sudan,,1961,3904.0
Sudan,,1960,2194.0
Suriname,,2025,-967.0
Suriname,,2024,-1166.0
Suriname,,2023,-988.0
Suriname,,2022,-988.0
Suriname,,2021,-486.0
Suriname,,2020,-296.0
Suriname,,2019,191.0
Suriname,,2018,-851.0
Suriname,,2017,-935.0
Suriname,,2016,-906.0
Suriname,,2015,-967.0
Suriname,,2014,-959.0
Suriname,,2013,-968.0
Suriname,,2012,-1011.0
Suriname,,2011,-1060.0
Suriname,,2010,-1138.0
Suriname,,2009,-1204.0
Suriname,,2008,-1255.0
Suriname,,2007,-1312.0
Suriname,,2006,-1403.0
Suriname,,2005,-1534.0
Suriname,,2004,-1676.0
Suriname,,2003,2345.0
Suriname,,2002,2076.0
Suriname,,2001,1641.0
Suriname,,2000,1516.0
Suriname,,1999,1380.0
Suriname,,1998,1241.0
Suriname,,1997,1164.0
Suriname,,1996,1165.0
Suriname,,1995,1275.0
Suriname,,1994,-2713.0
Suriname,,1993,-7291.0
Suriname,,1992,-5662.0
Suriname,,1991,-6174.0
Suriname,,1990,-6471.0
Suriname,,1989,-3846.0
Suriname,,1988,-2573.0
Suriname,,1987,-5467.0
Suriname,,1986,-3920.0
Suriname,,1985,-3763.0
Suriname,,1984,-4894.0
Suriname,,1983,-6036.0
Suriname,,1982,-6566.0
Suriname,,1981,-6991.0
Suriname,,1980,-7390.0
Suriname,,1979,-11375.0
Suriname,,1978,-11389.0
Suriname,,1977,-11390.0
Suriname,,1976,-11381.0
Suriname,,1975,-11287.0
Suriname,,1974,-11061.0
Suriname,,1973,-10765.0
Suriname,,1972,-10285.0
Suriname,,1971,3552.0
Suriname,,1970,3791.0
Suriname,,1969,3575.0
Suriname,,1968,3147.0
Suriname,,1967,2637.0
Suriname,,1966,2103.0
Suriname,,1965,1657.0
Suriname,,1964,1820.0
Suriname,,1963,4181.0
Suriname,,1962,4703.0
Suriname,,1961,660.0
Suriname,,1960,544.0
Sweden,,2025,47079.0
Sweden,,2024,50115.0
Sweden,,2023,55209.0
Sweden,,2022,58955.0
Sweden,,2021,51947.0
Sweden,,2020,37302.0
Sweden,,2019,72619.0
Sweden,,2018,87517.0
Sweden,,2017,102671.0
Sweden,,2016,119234.0
Sweden,,2015,80534.0
Sweden,,2014,77654.0
Sweden,,2013,66760.0
Sweden,,2012,52879.0
Sweden,,2011,46049.0
Sweden,,2010,51175.0
Sweden,,2009,63638.0
Sweden,,2008,56452.0
Sweden,,2007,54907.0
Sweden,,2006,51675.0
Sweden,,2005,27030.0
Sweden,,2004,25842.0
Sweden,,2003,29161.0
Sweden,,2002,31364.0
Sweden,,2001,28856.0
Sweden,,2000,24900.0
Sweden,,1999,13940.0
Sweden,,1998,11325.0
Sweden,,1997,6047.0
Sweden,,1996,5773.0
Sweden,,1995,11621.0
Sweden,,1994,51545.0
Sweden,,1993,32725.0
Sweden,,1992,20507.0
Sweden,,1991,25314.0
Sweden,,1990,35668.0
Sweden,,1989,44565.0
Sweden,,1988,30064.0
Sweden,,1987,21335.0
Sweden,,1986,15211.0
Sweden,,1985,11464.0
Sweden,,1984,8668.0
Sweden,,1983,2105.0
Sweden,,1982,2524.0
Sweden,,1981,3209.0
Sweden,,1980,10040.0
Sweden,,1979,13895.0
Sweden,,1978,13807.0
Sweden,,1977,23528.0
Sweden,,1976,20324.0
Sweden,,1975,16564.0
Sweden,,1974,9217.0
Sweden,,1973,-9551.0
Sweden,,1972,-13519.0
Sweden,,1971,2334.0
Sweden,,1970,47242.0
Sweden,,1969,48824.0
Sweden,,1968,8545.0
Sweden,,1967,11075.0
Sweden,,1966,24920.0
Sweden,,1965,32444.0
Sweden,,1964,23581.0
Sweden,,1963,11009.0
Sweden,,1962,9627.0
Sweden,,1961,14401.0
Sweden,,1960,1080.0
Switzerland,,2025,37253.0
Switzerland,,2024,40099.0
Switzerland,,2023,45098.0
Switzerland,,2022,96424.0
Switzerland,,2021,50665.0
Switzerland,,2020,55523.0
Switzerland,,2019,44517.0
Switzerland,,2018,41253.0
Switzerland,,2017,45658.0
Switzerland,,2016,71009.0
Switzerland,,2015,71876.0
Switzerland,,2014,78122.0
Switzerland,,2013,83823.0
Switzerland,,2012,67840.0
Switzerland,,2011,67194.0
Switzerland,,2010,76388.0
Switzerland,,2009,69324.0
Switzerland,,2008,94430.0
Switzerland,,2007,72475.0
Switzerland,,2006,37308.0
Switzerland,,2005,33203.0
Switzerland,,2004,39484.0
Switzerland,,2003,42567.0
Switzerland,,2002,49650.0
Switzerland,,2001,35420.0
Switzerland,,2000,24463.0
Switzerland,,1999,25599.0
Switzerland,,1998,11325.0
Switzerland,,1997,-1939.0
Switzerland,,1996,-131.0
Switzerland,,1995,25343.0
Switzerland,,1994,30274.0
Switzerland,,1993,40267.0
Switzerland,,1992,42014.0
Switzerland,,1991,69738.0
Switzerland,,1990,58428.0
Switzerland,,1989,34432.0
Switzerland,,1988,34602.0
Switzerland,,1987,27081.0
Switzerland,,1986,23242.0
Switzerland,,1985,14402.0
Switzerland,,1984,12532.0
Switzerland,,1983,5663.0
Switzerland,,1982,21929.0
Switzerland,,1981,24229.0
Switzerland,,1980,17841.0
Switzerland,,1979,4262.0
Switzerland,,1978,-6552.0
Switzerland,,1977,-22516.0
Switzerland,,1976,-54255.0
Switzerland,,1975,-58187.0
Switzerland,,1974,2008.0
Switzerland,,1973,8158.0
Switzerland,,1972,19991.0
Switzerland,,1971,2636.0
Switzerland,,1970,-18326.0
Switzerland,,1969,20754.0
Switzerland,,1968,25828.0
Switzerland,,1967,27697.0
Switzerland,,1966,14979.0
Switzerland,,1965,-1351.0
Switzerland,,1964,21455.0
Switzerland,,1963,58415.0
Switzerland,,1962,82798.0
Switzerland,,1961,101278.0
Switzerland,,1960,22313.0
Syria,,2025,421693.0
Syria,,2024,546494.0
Syria,,2023,757309.0
Syria,,2022,735142.0
Syria,,2021,211220.0
Syria,,2020,269050.0
Syria,,2019,500985.0
Syria,,2018,514102.0
Syria,,2017,-287501.0
Syria,,2016,-124063.0
Syria,,2015,-827496.0
Syria,,2014,-1457679.0
Syria,,2013,-2081303.0
Syria,,2012,-999267.0
Syria,,2011,-256888.0
Syria,,2010,-54359.0
Syria,,2009,-52703.0
Syria,,2008,-402393.0
Syria,,2007,801514.0
Syria,,2006,682911.0
Syria,,2005,13382.0
Syria,,2004,10881.0
Syria,,2003,-33920.0
Syria,,2002,-35096.0
Syria,,2001,-36383.0
Syria,,2000,-34425.0
Syria,,1999,-31394.0
Syria,,1998,-26025.0
Syria,,1997,-31571.0
Syria,,1996,-30197.0
Syria,,1995,-28122.0
Syria,,1994,-12630.0
Syria,,1993,-8828.0
Syria,,1992,-4063.0
Syria,,1991,-10154.0
Syria,,1990,-6620.0
Syria,,1989,-8379.0
Syria,,1988,-8426.0
Syria,,1987,-8335.0
Syria,,1986,-9485.0
Syria,,1985,-6221.0
Syria,,1984,-5245.0
Syria,,1983,-9729.0
Syria,,1982,-721.0
Syria,,1981,-24536.0
Syria,,1980,-33114.0
Syria,,1979,-32793.0
Syria,,1978,-30567.0
Syria,,1977,-28275.0
Syria,,1976,-26268.0
Syria,,1975,-24389.0
Syria,,1974,-24242.0
Syria,,1973,-17502.0
Syria,,1972,-17610.0
Syria,,1971,-15167.0
Syria,,1970,-19594.0
Syria,,1969,-18749.0
Syria,,1968,-16968.0
Syria,,1967,-14618.0
Syria,,1966,-13434.0
Syria,,1965,-12704.0
Syria,,1964,-12044.0
Syria,,1963,-11817.0
Syria,,1962,-11641.0
Syria,,1961,-11237.0
Syria,,1960,0.0
Tajikistan,,2025,-21606.0
Tajikistan,,2024,-21236.0
Tajikistan,,2023,-19999.0
Tajikistan,,2022,-17001.0
Tajikistan,,2021,-3564.0
Tajikistan,,2020,-3564.0
Tajikistan,,2019,-9041.0
Tajikistan,,2018,-6111.0
Tajikistan,,2017,-4093.0
Tajikistan,,2016,-8210.0
Tajikistan,,2015,-7660.0
Tajikistan,,2014,-13962.0
Tajikistan,,2013,-16362.0
Tajikistan,,2012,-12132.0
Tajikistan,,2011,-30783.0
Tajikistan,,2010,-33733.0
Tajikistan,,2009,-36677.0
Tajikistan,,2008,-34855.0
Tajikistan,,2007,-32831.0
Tajikistan,,2006,-30591.0
Tajikistan,,2005,-27954.0
Tajikistan,,2004,-25082.0
Tajikistan,,2003,-22562.0
Tajikistan,,2002,-20526.0
Tajikistan,,2001,-19657.0
Tajikistan,,2000,-13871.0
Tajikistan,,1999,-117571.0
Tajikistan,,1998,-119621.0
Tajikistan,,1997,-110572.0
Tajikistan,,1996,-30922.0
Tajikistan,,1995,-40418.0
Tajikistan,,1994,-49668.0
Tajikistan,,1993,-75147.0
Tajikistan,,1992,-95280.0
Tajikistan,,1991,-29553.0
Tajikistan,,1990,-41596.0
Tajikistan,,1989,-53020.0
Tajikistan,,1988,5523.0
Tajikistan,,1987,9923.0
Tajikistan,,1986,4321.0
Tajikistan,,1985,247.0
Tajikistan,,1984,-7152.0
Tajikistan,,1983,-6972.0
Tajikistan,,1982,-6730.0
Tajikistan,,1981,-6221.0
Tajikistan,,1980,-5557.0
Tajikistan,,1979,-1703.0
Tajikistan,,1978,5006.0
Tajikistan,,1977,7999.0
Tajikistan,,1976,7679.0
Tajikistan,,1975,7237.0
Tajikistan,,1974,6531.0
Tajikistan,,1973,5876.0
Tajikistan,,1972,5123.0
Tajikistan,,1971,4293.0
Tajikistan,,1970,5559.0
Tajikistan,,1969,8886.0
Tajikistan,,1968,10323.0
Tajikistan,,1967,9670.0
Tajikistan,,1966,8796.0
Tajikistan,,1965,7744.0
Tajikistan,,1964,6568.0
Tajikistan,,1963,5379.0
Tajikistan,,1962,4270.0
Tajikistan,,1961,3291.0
Tajikistan,,1960,2457.0
Tanzania,,2025,-12730.0
Tanzania,,2024,-29865.0
Tanzania,,2023,-39388.0
Tanzania,,2022,-37557.0
Tanzania,,2021,-7704.0
Tanzania,,2020,-18587.0
Tanzania,,2019,-63602.0
Tanzania,,2018,-55444.0
Tanzania,,2017,119142.0
Tanzania,,2016,152194.0
Tanzania,,2015,201495.0
Tanzania,,2014,-21083.0
Tanzania,,2013,1241.0
Tanzania,,2012,-49875.0
Tanzania,,2011,-84546.0
Tanzania,,2010,-122020.0
Tanzania,,2009,-324478.0
Tanzania,,2008,-184816.0
Tanzania,,2007,-126793.0
Tanzania,,2006,-128231.0
Tanzania,,2005,-128251.0
Tanzania,,2004,-126490.0
Tanzania,,2003,-127101.0
Tanzania,,2002,-118047.0
Tanzania,,2001,-125375.0
Tanzania,,2000,-9701.0
Tanzania,,1999,-4489.0
Tanzania,,1998,-105184.0
Tanzania,,1997,-13400.0
Tanzania,,1996,-473007.0
Tanzania,,1995,-109971.0
Tanzania,,1994,349348.0
Tanzania,,1993,288004.0
Tanzania,,1992,-83825.0
Tanzania,,1991,-91851.0
Tanzania,,1990,-80529.0
Tanzania,,1989,-71268.0
Tanzania,,1988,-71012.0
Tanzania,,1987,94498.0
Tanzania,,1986,24101.0
Tanzania,,1985,86864.0
Tanzania,,1984,-26938.0
Tanzania,,1983,58161.0
Tanzania,,1982,-37883.0
Tanzania,,1981,-42485.0
Tanzania,,1980,-42588.0
Tanzania,,1979,-4792.0
Tanzania,,1978,27307.0
Tanzania,,1977,49997.0
Tanzania,,1976,54875.0
Tanzania,,1975,53290.0
Tanzania,,1974,51127.0
Tanzania,,1973,48363.0
Tanzania,,1972,57489.0
Tanzania,,1971,41900.0
Tanzania,,1970,38635.0
Tanzania,,1969,37006.0
Tanzania,,1968,34455.0
Tanzania,,1967,5265.0
Tanzania,,1966,5049.0
Tanzania,,1965,4742.0
Tanzania,,1964,9090.0
Tanzania,,1963,4333.0
Tanzania,,1962,3916.0
Tanzania,,1961,8338.0
Tanzania,,1960,1946.0
Thailand,,2025,27509.0
Thailand,,2024,23321.0
Thailand,,2023,19648.0
Thailand,,2022,21683.0
Thailand,,2021,-2093.0
Thailand,,2020,32277.0
Thailand,,2019,5221.0
Thailand,,2018,10984.0
Thailand,,2017,66805.0
Thailand,,2016,112978.0
Thailand,,2015,32500.0
Thailand,,2014,55358.0
Thailand,,2013,67452.0
Thailand,,2012,74033.0
Thailand,,2011,66607.0
Thailand,,2010,52791.0
Thailand,,2009,110883.0
Thailand,,2008,107333.0
Thailand,,2007,100486.0
Thailand,,2006,102362.0
Thailand,,2005,100542.0
Thailand,,2004,107199.0
Thailand,,2003,105917.0
Thailand,,2002,105215.0
Thailand,,2001,96817.0
Thailand,,2000,121640.0
Thailand,,1999,173924.0
Thailand,,1998,183471.0
Thailand,,1997,150411.0
Thailand,,1996,152397.0
Thailand,,1995,147226.0
Thailand,,1994,132271.0
Thailand,,1993,122746.0
Thailand,,1992,143318.0
Thailand,,1991,124034.0
Thailand,,1990,152916.0
Thailand,,1989,90497.0
Thailand,,1988,128469.0
Thailand,,1987,122791.0
Thailand,,1986,111820.0
Thailand,,1985,141963.0
Thailand,,1984,139345.0
Thailand,,1983,143393.0
Thailand,,1982,101885.0
Thailand,,1981,78337.0
Thailand,,1980,88478.0
Thailand,,1979,85693.0
Thailand,,1978,82011.0
Thailand,,1977,88937.0
Thailand,,1976,40656.0
Thailand,,1975,66306.0
Thailand,,1974,72801.0
Thailand,,1973,80704.0
Thailand,,1972,73082.0
Thailand,,1971,43400.0
Thailand,,1970,49221.0
Thailand,,1969,26551.0
Thailand,,1968,13718.0
Thailand,,1967,17005.0
Thailand,,1966,12016.0
Thailand,,1965,22995.0
Thailand,,1964,17249.0
Thailand,,1963,16494.0
Thailand,,1962,16605.0
Thailand,,1961,14968.0
Thailand,,1960,6886.0
Timor-Leste,,2025,-2550.0
Timor-Leste,,2024,-2552.0
Timor-Leste,,2023,-5620.0
Timor-Leste,,2022,-5519.0
Timor-Leste,,2021,3111.0
Timor-Leste,,2020,3793.0
Timor-Leste,,2019,3942.0
Timor-Leste,,2018,3062.0
Timor-Leste,,2017,1666.0
Timor-Leste,,2016,208.0
Timor-Leste,,2015,-20.0
Timor-Leste,,2014,-958.0
Timor-Leste,,2013,-1206.0
Timor-Leste,,2012,-609.0
Timor-Leste,,2011,-159.0
Timor-Leste,,2010,470.0
Timor-Leste,,2009,117.0
Timor-Leste,,2008,1009.0
Timor-Leste,,2007,2103.0
Timor-Leste,,2006,2184.0
Timor-Leste,,2005,1759.0
Timor-Leste,,2004,-16447.0
Timor-Leste,,2003,-12810.0
Timor-Leste,,2002,35935.0
Timor-Leste,,2001,49159.0
Timor-Leste,,2000,40272.0
Timor-Leste,,1999,-262940.0
Timor-Leste,,1998,1806.0
Timor-Leste,,1997,1804.0
Timor-Leste,,1996,1796.0
Timor-Leste,,1995,1806.0
Timor-Leste,,1994,1794.0
Timor-Leste,,1993,1795.0
Timor-Leste,,1992,1794.0
Timor-Leste,,1991,1803.0
Timor-Leste,,1990,-2881.0
Timor-Leste,,1989,-2246.0
Timor-Leste,,1988,587.0
Timor-Leste,,1987,-106.0
Timor-Leste,,1986,-316.0
Timor-Leste,,1985,-495.0
Timor-Leste,,1984,-1436.0
Timor-Leste,,1983,-1032.0
Timor-Leste,,1982,-1125.0
Timor-Leste,,1981,-482.0
Timor-Leste,,1980,5457.0
Timor-Leste,,1979,8924.0
Timor-Leste,,1978,10967.0
Timor-Leste,,1977,10657.0
Timor-Leste,,1976,9662.0
Timor-Leste,,1975,9542.0
Timor-Leste,,1974,-2222.0
Timor-Leste,,1973,-278.0
Timor-Leste,,1972,0.0
Timor-Leste,,1971,0.0
Timor-Leste,,1970,0.0
Timor-Leste,,1969,0.0
Timor-Leste,,1968,0.0
Timor-Leste,,1967,0.0
Timor-Leste,,1966,0.0
Timor-Leste,,1965,0.0
Timor-Leste,,1964,0.0
Timor-Leste,,1963,0.0
Timor-Leste,,1962,0.0
Timor-Leste,,1961,0.0
Timor-Leste,,1960,0.0
Togo,,2025,-15010.0
Togo,,2024,-14014.0
Togo,,2023,-15406.0
Togo,,2022,-65826.0
Togo,,2021,-56991.0
Togo,,2020,-31892.0
Togo,,2019,-17312.0
Togo,,2018,-43718.0
Togo,,2017,-69512.0
Togo,,2016,-59885.0
Togo,,2015,-51459.0
Togo,,2014,-43591.0
Togo,,2013,-35346.0
Togo,,2012,-27315.0
Togo,,2011,-18960.0
Togo,,2010,16265.0
Togo,,2009,26886.0
Togo,,2008,27362.0
Togo,,2007,25082.0
Togo,,2006,23346.0
Togo,,2005,-4415.0
Togo,,2004,-11998.0
Togo,,2003,-4237.0
Togo,,2002,-5939.0
Togo,,2001,-4802.0
Togo,,2000,-3485.0
Togo,,1999,-2618.0
Togo,,1998,-5394.0
Togo,,1997,-2397.0
Togo,,1996,69276.0
Togo,,1995,73224.0
Togo,,1994,132276.0
Togo,,1993,-311917.0
Togo,,1992,-132.0
Togo,,1991,-72.0
Togo,,1990,59.0
Togo,,1989,0.0
Togo,,1988,-29.0
Togo,,1987,848.0
Togo,,1986,-436.0
Togo,,1985,7971.0
Togo,,1984,-21949.0
Togo,,1983,-21948.0
Togo,,1982,-21958.0
Togo,,1981,3519.0
Togo,,1980,-4993.0
Togo,,1979,-13519.0
Togo,,1978,-19163.0
Togo,,1977,-19856.0
Togo,,1976,-18832.0
Togo,,1975,-16973.0
Togo,,1974,-14483.0
Togo,,1973,-11555.0
Togo,,1972,-7661.0
Togo,,1971,482.0
Togo,,1970,10865.0
Togo,,1969,80000.0
Togo,,1968,-14504.0
Togo,,1967,-14424.0
Togo,,1966,-14216.0
Togo,,1965,-13915.0
Togo,,1964,-14266.0
Togo,,1963,-14361.0
Togo,,1962,-15486.0
Togo,,1961,-14858.0
Togo,,1960,-13868.0
Tonga,,2025,-2150.0
Tonga,,2024,-2149.0
Tonga,,2023,-2173.0
Tonga,,2022,-2218.0
Tonga,,2021,-2220.0
Tonga,,2020,-1807.0
Tonga,,2019,-1778.0
Tonga,,2018,-1723.0
Tonga,,2017,-1642.0
Tonga,,2016,-2591.0
Tonga,,2015,-2610.0
Tonga,,2014,-2622.0
Tonga,,2013,-2637.0
Tonga,,2012,-2578.0
Tonga,,2011,-2198.0
Tonga,,2010,-2097.0
Tonga,,2009,-2204.0
Tonga,,2008,-2177.0
Tonga,,2007,-2057.0
Tonga,,2006,-1875.0
Tonga,,2005,-1906.0
Tonga,,2004,-1876.0
Tonga,,2003,-1844.0
Tonga,,2002,-1815.0
Tonga,,2001,-1766.0
Tonga,,2000,-1721.0
Tonga,,1999,-1710.0
Tonga,,1998,-1665.0
Tonga,,1997,-1589.0
Tonga,,1996,-2338.0
Tonga,,1995,-2422.0
Tonga,,1994,-2484.0
Tonga,,1993,-2532.0
Tonga,,1992,-2524.0
Tonga,,1991,-2484.0
Tonga,,1990,-2409.0
Tonga,,1989,-2280.0
Tonga,,1988,-2138.0
Tonga,,1987,-1970.0
Tonga,,1986,-2650.0
Tonga,,1985,-2775.0
Tonga,,1984,-2823.0
Tonga,,1983,-2840.0
Tonga,,1982,-2814.0
Tonga,,1981,-2778.0
Tonga,,1980,-2708.0
Tonga,,1979,-2604.0
Tonga,,1978,-2457.0
Tonga,,1977,-2273.0
Tonga,,1976,-523.0
Tonga,,1975,-346.0
Tonga,,1974,-344.0
Tonga,,1973,-1168.0
Tonga,,1972,-1153.0
Tonga,,1971,-1138.0
Tonga,,1970,-1122.0
Tonga,,1969,-1101.0
Tonga,,1968,-1078.0
Tonga,,1967,-1060.0
Tonga,,1966,-465.0
Tonga,,1965,-426.0
Tonga,,1964,-428.0
Tonga,,1963,-426.0
Tonga,,1962,-420.0
Tonga,,1961,-401.0
Tonga,,1960,-384.0
Trinidad and Tobago,,2025,691.0
Trinidad and Tobago,,2024,1334.0
Trinidad and Tobago,,2023,2126.0
Trinidad and Tobago,,2022,4247.0
Trinidad and Tobago,,2021,5749.0
Trinidad and Tobago,,2020,427.0
Trinidad and Tobago,,2019,-19251.0
Trinidad and Tobago,,2018,35502.0
Trinidad and Tobago,,2017,1445.0
Trinidad and Tobago,,2016,-86.0
Trinidad and Tobago,,2015,-575.0
Trinidad and Tobago,,2014,-799.0
Trinidad and Tobago,,2013,-796.0
Trinidad and Tobago,,2012,-880.0
Trinidad and Tobago,,2011,-1410.0
Trinidad and Tobago,,2010,-2230.0
Trinidad and Tobago,,2009,-3056.0
Trinidad and Tobago,,2008,-3624.0
Trinidad and Tobago,,2007,-3731.0
Trinidad and Tobago,,2006,-3684.0
Trinidad and Tobago,,2005,-3595.0
Trinidad and Tobago,,2004,-3504.0
Trinidad and Tobago,,2003,-3472.0
Trinidad and Tobago,,2002,-3613.0
Trinidad and Tobago,,2001,-4252.0
Trinidad and Tobago,,2000,-5185.0
Trinidad and Tobago,,1999,-6103.0
Trinidad and Tobago,,1998,-6730.0
Trinidad and Tobago,,1997,-6865.0
Trinidad and Tobago,,1996,-6827.0
Trinidad and Tobago,,1995,-6723.0
Trinidad and Tobago,,1994,-6615.0
Trinidad and Tobago,,1993,-6554.0
Trinidad and Tobago,,1992,-6650.0
Trinidad and Tobago,,1991,-7149.0
Trinidad and Tobago,,1990,-7878.0
Trinidad and Tobago,,1989,-8588.0
Trinidad and Tobago,,1988,-9023.0
Trinidad and Tobago,,1987,-9002.0
Trinidad and Tobago,,1986,-8620.0
Trinidad and Tobago,,1985,-8051.0
Trinidad and Tobago,,1984,-12413.0
Trinidad and Tobago,,1983,-12544.0
Trinidad and Tobago,,1982,-12529.0
Trinidad and Tobago,,1981,-12086.0
Trinidad and Tobago,,1980,-10709.0
Trinidad and Tobago,,1979,-9106.0
Trinidad and Tobago,,1978,-8397.0
Trinidad and Tobago,,1977,-8154.0
Trinidad and Tobago,,1976,-7895.0
Trinidad and Tobago,,1975,-7768.0
Trinidad and Tobago,,1974,-7683.0
Trinidad and Tobago,,1973,-7524.0
Trinidad and Tobago,,1972,-7346.0
Trinidad and Tobago,,1971,-7499.0
Trinidad and Tobago,,1970,-8751.0
Trinidad and Tobago,,1969,-8449.0
Trinidad and Tobago,,1968,-8647.0
Trinidad and Tobago,,1967,-9008.0
Trinidad and Tobago,,1966,-9254.0
Trinidad and Tobago,,1965,-9301.0
Trinidad and Tobago,,1964,-9193.0
Trinidad and Tobago,,1963,-9067.0
Trinidad and Tobago,,1962,-8982.0
Trinidad and Tobago,,1961,-8200.0
Trinidad and Tobago,,1960,-5671.0
Tunisia,,2025,-14523.0
Tunisia,,2024,-15221.0
Tunisia,,2023,-14001.0
Tunisia,,2022,-14001.0
Tunisia,,2021,-9190.0
Tunisia,,2020,-19188.0
Tunisia,,2019,-19612.0
Tunisia,,2018,-21012.0
Tunisia,,2017,-22365.0
Tunisia,,2016,-23827.0
Tunisia,,2015,-25229.0
Tunisia,,2014,-26586.0
Tunisia,,2013,-17020.0
Tunisia,,2012,-26059.0
Tunisia,,2011,-21935.0
Tunisia,,2010,-14168.0
Tunisia,,2009,-13512.0
Tunisia,,2008,-17742.0
Tunisia,,2007,-21190.0
Tunisia,,2006,-24098.0
Tunisia,,2005,-26361.0
Tunisia,,2004,-23735.0
Tunisia,,2003,-12459.0
Tunisia,,2002,-8334.0
Tunisia,,2001,-7235.0
Tunisia,,2000,-5937.0
Tunisia,,1999,-3452.0
Tunisia,,1998,-4111.0
Tunisia,,1997,-4756.0
Tunisia,,1996,-5506.0
Tunisia,,1995,-8095.0
Tunisia,,1994,-4271.0
Tunisia,,1993,10771.0
Tunisia,,1992,15124.0
Tunisia,,1991,16021.0
Tunisia,,1990,4183.0
Tunisia,,1989,4100.0
Tunisia,,1988,3934.0
Tunisia,,1987,3711.0
Tunisia,,1986,3464.0
Tunisia,,1985,2887.0
Tunisia,,1984,8109.0
Tunisia,,1983,-37895.0
Tunisia,,1982,-29559.0
Tunisia,,1981,-24242.0
Tunisia,,1980,-19321.0
Tunisia,,1979,-23688.0
Tunisia,,1978,-26968.0
Tunisia,,1977,-13910.0
Tunisia,,1976,-15499.0
Tunisia,,1975,-8765.0
Tunisia,,1974,-9254.0
Tunisia,,1973,-9606.0
Tunisia,,1972,-9790.0
Tunisia,,1971,-9949.0
Tunisia,,1970,-10054.0
Tunisia,,1969,-10049.0
Tunisia,,1968,-9848.0
Tunisia,,1967,-19155.0
Tunisia,,1966,-27393.0
Tunisia,,1965,-49751.0
Tunisia,,1964,-59602.0
Tunisia,,1963,-60505.0
Tunisia,,1962,-61260.0
Tunisia,,1961,-61369.0
Tunisia,,1960,-61334.0
Turkey,,2025,-258205.0
Turkey,,2024,-275952.0
Turkey,,2023,-318070.0
Turkey,,2022,-301544.0
Turkey,,2021,20283.0
Turkey,,2020,37934.0
Turkey,,2019,-15690.0
Turkey,,2018,187570.0
Turkey,,2017,659846.0
Turkey,,2016,352063.0
Turkey,,2015,1063140.0
Turkey,,2014,1033384.0
Turkey,,2013,438618.0
Turkey,,2012,258623.0
Turkey,,2011,68849.0
Turkey,,2010,55532.0
Turkey,,2009,24276.0
Turkey,,2008,47915.0
Turkey,,2007,-186402.0
Turkey,,2006,-190194.0
Turkey,,2005,-174177.0
Turkey,,2004,-146574.0
Turkey,,2003,-121383.0
Turkey,,2002,-129444.0
Turkey,,2001,-166759.0
Turkey,,2000,-195996.0
Turkey,,1999,-219778.0
Turkey,,1998,-231744.0
Turkey,,1997,-208465.0
Turkey,,1996,-179423.0
Turkey,,1995,-149737.0
Turkey,,1994,-37762.0
Turkey,,1993,-35245.0
Turkey,,1992,-49923.0
Turkey,,1991,-69982.0
Turkey,,1990,-27193.0
Turkey,,1989,-33519.0
Turkey,,1988,-27659.0
Turkey,,1987,-40772.0
Turkey,,1986,-29134.0
Turkey,,1985,8960.0
Turkey,,1984,21787.0
Turkey,,1983,39871.0
Turkey,,1982,23728.0
Turkey,,1981,-213889.0
Turkey,,1980,-151969.0
Turkey,,1979,-218509.0
Turkey,,1978,-182818.0
Turkey,,1977,-151825.0
Turkey,,1976,-135377.0
Turkey,,1975,-193829.0
Turkey,,1974,-153311.0
Turkey,,1973,-130985.0
Turkey,,1972,-119850.0
Turkey,,1971,-94891.0
Turkey,,1970,-150924.0
Turkey,,1969,-110578.0
Turkey,,1968,-78973.0
Turkey,,1967,-65993.0
Turkey,,1966,-50999.0
Turkey,,1965,-113911.0
Turkey,,1964,-69978.0
Turkey,,1963,-44317.0
Turkey,,1962,-34353.0
Turkey,,1961,-26187.0
Turkey,,1960,14948.0
Turkmenistan,,2025,13268.0
Turkmenistan,,2024,14646.0
Turkmenistan,,2023,15005.0
Turkmenistan,,2022,14141.0
Turkmenistan,,2021,17617.0
Turkmenistan,,2020,19913.0
Turkmenistan,,2019,19735.0
Turkmenistan,,2018,19293.0
Turkmenistan,,2017,16678.0
Turkmenistan,,2016,13365.0
Turkmenistan,,2015,9936.0
Turkmenistan,,2014,8696.0
Turkmenistan,,2013,7287.0
Turkmenistan,,2012,7125.0
Turkmenistan,,2011,6992.0
Turkmenistan,,2010,6621.0
Turkmenistan,,2009,6656.0
Turkmenistan,,2008,6734.0
Turkmenistan,,2007,6388.0
Turkmenistan,,2006,7613.0
Turkmenistan,,2005,10263.0
Turkmenistan,,2004,14242.0
Turkmenistan,,2003,17625.0
Turkmenistan,,2002,18803.0
Turkmenistan,,2001,16982.0
Turkmenistan,,2000,14925.0
Turkmenistan,,1999,12859.0
Turkmenistan,,1998,-3239.0
Turkmenistan,,1997,-5600.0
Turkmenistan,,1996,-8627.0
Turkmenistan,,1995,-13423.0
Turkmenistan,,1994,-13094.0
Turkmenistan,,1993,-312.0
Turkmenistan,,1992,-13517.0
Turkmenistan,,1991,-4864.0
Turkmenistan,,1990,-4864.0
Turkmenistan,,1989,-3576.0
Turkmenistan,,1988,1408.0
Turkmenistan,,1987,3161.0
Turkmenistan,,1986,1878.0
Turkmenistan,,1985,1861.0
Turkmenistan,,1984,-1427.0
Turkmenistan,,1983,-1264.0
Turkmenistan,,1982,-961.0
Turkmenistan,,1981,-1102.0
Turkmenistan,,1980,-1152.0
Turkmenistan,,1979,-677.0
Turkmenistan,,1978,-350.0
Turkmenistan,,1977,-132.0
Turkmenistan,,1976,160.0
Turkmenistan,,1975,550.0
Turkmenistan,,1974,924.0
Turkmenistan,,1973,1194.0
Turkmenistan,,1972,1293.0
Turkmenistan,,1971,1348.0
Turkmenistan,,1970,1376.0
Turkmenistan,,1969,1397.0
Turkmenistan,,1968,1401.0
Turkmenistan,,1967,1397.0
Turkmenistan,,1966,1377.0
Turkmenistan,,1965,1366.0
Turkmenistan,,1964,1340.0
Turkmenistan,,1963,1332.0
Turkmenistan,,1962,1337.0
Turkmenistan,,1961,1372.0
Turkmenistan,,1960,1421.0
Tuvalu,,2025,-255.0
Tuvalu,,2024,-280.0
Tuvalu,,2023,-323.0
Tuvalu,,2022,-320.0
Tuvalu,,2021,-366.0
Tuvalu,,2020,-355.0
Tuvalu,,2019,-343.0
Tuvalu,,2018,-329.0
Tuvalu,,2017,-246.0
Tuvalu,,2016,-200.0
Tuvalu,,2015,-179.0
Tuvalu,,2014,-166.0
Tuvalu,,2013,-160.0
Tuvalu,,2012,1.0
Tuvalu,,2011,28.0
Tuvalu,,2010,22.0
Tuvalu,,2009,15.0
Tuvalu,,2008,10.0
Tuvalu,,2007,1.0
Tuvalu,,2006,-5.0
Tuvalu,,2005,-8.0
Tuvalu,,2004,-10.0
Tuvalu,,2003,-16.0
Tuvalu,,2002,-104.0
Tuvalu,,2001,-117.0
Tuvalu,,2000,-118.0
Tuvalu,,1999,-120.0
Tuvalu,,1998,-122.0
Tuvalu,,1997,-120.0
Tuvalu,,1996,-121.0
Tuvalu,,1995,-125.0
Tuvalu,,1994,-120.0
Tuvalu,,1993,-119.0
Tuvalu,,1992,-104.0
Tuvalu,,1991,-72.0
Tuvalu,,1990,-69.0
Tuvalu,,1989,-71.0
Tuvalu,,1988,-72.0
Tuvalu,,1987,-68.0
Tuvalu,,1986,-56.0
Tuvalu,,1985,-36.0
Tuvalu,,1984,-103.0
Tuvalu,,1983,-87.0
Tuvalu,,1982,-66.0
Tuvalu,,1981,-46.0
Tuvalu,,1980,0.0
Tuvalu,,1979,37.0
Tuvalu,,1978,119.0
Tuvalu,,1977,149.0
Tuvalu,,1976,171.0
Tuvalu,,1975,186.0
Tuvalu,,1974,197.0
Tuvalu,,1973,-121.0
Tuvalu,,1972,-102.0
Tuvalu,,1971,-85.0
Tuvalu,,1970,-71.0
Tuvalu,,1969,-65.0
Tuvalu,,1968,-127.0
Tuvalu,,1967,-123.0
Tuvalu,,1966,-121.0
Tuvalu,,1965,-128.0
Tuvalu,,1964,-135.0
Tuvalu,,1963,-52.0
Tuvalu,,1962,-61.0
Tuvalu,,1961,-77.0
Tuvalu,,1960,-79.0
Uganda,,2025,-119059.0
Uganda,,2024,-117924.0
Uganda,,2023,-126181.0
Uganda,,2022,-118843.0
Uganda,,2021,43464.0
Uganda,,2020,43464.0
Uganda,,2019,107210.0
Uganda,,2018,60724.0
Uganda,,2017,92879.0
Uganda,,2016,123379.0
Uganda,,2015,-62366.0
Uganda,,2014,-92273.0
Uganda,,2013,-176579.0
Uganda,,2012,-175936.0
Uganda,,2011,-173005.0
Uganda,,2010,-168322.0
Uganda,,2009,-164553.0
Uganda,,2008,-158790.0
Uganda,,2007,-154773.0
Uganda,,2006,-156232.0
Uganda,,2005,-151386.0
Uganda,,2004,-138770.0
Uganda,,2003,-96429.0
Uganda,,2002,-35149.0
Uganda,,2001,-95956.0
Uganda,,2000,-52824.0
Uganda,,1999,-39695.0
Uganda,,1998,6277.0
Uganda,,1997,-155461.0
Uganda,,1996,-22795.0
Uganda,,1995,-242378.0
Uganda,,1994,-16198.0
Uganda,,1993,18349.0
Uganda,,1992,24723.0
Uganda,,1991,3643.0
Uganda,,1990,-21688.0
Uganda,,1989,-12576.0
Uganda,,1988,-20113.0
Uganda,,1987,-22415.0
Uganda,,1986,-19485.0
Uganda,,1985,-42942.0
Uganda,,1984,-8818.0
Uganda,,1983,-45776.0
Uganda,,1982,-53497.0
Uganda,,1981,-83010.0
Uganda,,1980,-105900.0
Uganda,,1979,-98863.0
Uganda,,1978,-34606.0
Uganda,,1977,-37671.0
Uganda,,1976,-42259.0
Uganda,,1975,-47359.0
Uganda,,1974,-51910.0
Uganda,,1973,-73439.0
Uganda,,1972,-86409.0
Uganda,,1971,-42642.0
Uganda,,1970,-25646.0
Uganda,,1969,-14548.0
Uganda,,1968,-3214.0
Uganda,,1967,-3773.0
Uganda,,1966,-3021.0
Uganda,,1965,-3716.0
Uganda,,1964,-3169.0
Uganda,,1963,-3058.0
Uganda,,1962,-6470.0
Uganda,,1961,-7893.0
Uganda,,1960,-7586.0
Ukraine,,2025,1702358.0
Ukraine,,2024,1146012.0
Ukraine,,2023,-299961.0
Ukraine,,2022,-5699445.0
Ukraine,,2021,-1129.0
Ukraine,,2020,-4167.0
Ukraine,,2019,-6908.0
Ukraine,,2018,-32220.0
Ukraine,,2017,-36155.0
Ukraine,,2016,-31340.0
Ukraine,,2015,-21992.0
Ukraine,,2014,-65678.0
Ukraine,,2013,26781.0
Ukraine,,2012,66768.0
Ukraine,,2011,26457.0
Ukraine,,2010,16030.0
Ukraine,,2009,26796.0
Ukraine,,2008,9312.0
Ukraine,,2007,15237.0
Ukraine,,2006,136442.0
Ukraine,,2005,-111493.0
Ukraine,,2004,5644.0
Ukraine,,2003,18540.0
Ukraine,,2002,-26991.0
Ukraine,,2001,-92847.0
Ukraine,,2000,-67865.0
Ukraine,,1999,-59247.0
Ukraine,,1998,-80684.0
Ukraine,,1997,-108735.0
Ukraine,,1996,-158008.0
Ukraine,,1995,-134053.0
Ukraine,,1994,-166380.0
Ukraine,,1993,26357.0
Ukraine,,1992,291788.0
Ukraine,,1991,125962.0
Ukraine,,1990,75760.0
Ukraine,,1989,36978.0
Ukraine,,1988,75637.0
Ukraine,,1987,-18275.0
Ukraine,,1986,-12369.0
Ukraine,,1985,5546.0
Ukraine,,1984,13340.0
Ukraine,,1983,23608.0
Ukraine,,1982,9096.0
Ukraine,,1981,40807.0
Ukraine,,1980,47406.0
Ukraine,,1979,25635.0
Ukraine,,1978,-29180.0
Ukraine,,1977,-24745.0
Ukraine,,1976,-8219.0
Ukraine,,1975,15336.0
Ukraine,,1974,31725.0
Ukraine,,1973,18777.0
Ukraine,,1972,56928.0
Ukraine,,1971,74604.0
Ukraine,,1970,-48335.0
Ukraine,,1969,51763.0
Ukraine,,1968,102096.0
Ukraine,,1967,85527.0
Ukraine,,1966,89737.0
Ukraine,,1965,69354.0
Ukraine,,1964,76650.0
Ukraine,,1963,60178.0
Ukraine,,1962,45712.0
Ukraine,,1961,51625.0
Ukraine,,1960,52281.0
United Arab Emirates,,2025,158634.0
United Arab Emirates,,2024,278439.0
United Arab Emirates,,2023,300004.0
United Arab Emirates,,2022,322773.0
United Arab Emirates,,2021,421663.0
United Arab Emirates,,2020,92541.0
United Arab Emirates,,2019,-125186.0
United Arab Emirates,,2018,14611.0
United Arab Emirates,,2017,34155.0
United Arab Emirates,,2016,195317.0
United Arab Emirates,,2015,342468.0
United Arab Emirates,,2014,360174.0
United Arab Emirates,,2013,279269.0
United Arab Emirates,,2012,225921.0
United Arab Emirates,,2011,215183.0
United Arab Emirates,,2010,161842.0
United Arab Emirates,,2009,163643.0
United Arab Emirates,,2008,523207.0
United Arab Emirates,,2007,722380.0
United Arab Emirates,,2006,399306.0
United Arab Emirates,,2005,174926.0
United Arab Emirates,,2004,176319.0
United Arab Emirates,,2003,177237.0
United Arab Emirates,,2002,178988.0
United Arab Emirates,,2001,178779.0
United Arab Emirates,,2000,178469.0
United Arab Emirates,,1999,180469.0
United Arab Emirates,,1998,183329.0
United Arab Emirates,,1997,183310.0
United Arab Emirates,,1996,180296.0
United Arab Emirates,,1995,68938.0
United Arab Emirates,,1994,62352.0
United Arab Emirates,,1993,65545.0
United Arab Emirates,,1992,65739.0
United Arab Emirates,,1991,66943.0
United Arab Emirates,,1990,67118.0
United Arab Emirates,,1989,68132.0
United Arab Emirates,,1988,68991.0
United Arab Emirates,,1987,69493.0
United Arab Emirates,,1986,69655.0
United Arab Emirates,,1985,37605.0
United Arab Emirates,,1984,38124.0
United Arab Emirates,,1983,38536.0
United Arab Emirates,,1982,38276.0
United Arab Emirates,,1981,37600.0
United Arab Emirates,,1980,78148.0
United Arab Emirates,,1979,82238.0
United Arab Emirates,,1978,82359.0
United Arab Emirates,,1977,81111.0
United Arab Emirates,,1976,78903.0
United Arab Emirates,,1975,42380.0
United Arab Emirates,,1974,42474.0
United Arab Emirates,,1973,42243.0
United Arab Emirates,,1972,41888.0
United Arab Emirates,,1971,41425.0
United Arab Emirates,,1970,40792.0
United Arab Emirates,,1969,39902.0
United Arab Emirates,,1968,28866.0
United Arab Emirates,,1967,-283.0
United Arab Emirates,,1966,1516.0
United Arab Emirates,,1965,2598.0
United Arab Emirates,,1964,3126.0
United Arab Emirates,,1963,3264.0
United Arab Emirates,,1962,3212.0
United Arab Emirates,,1961,3141.0
United Arab Emirates,,1960,3102.0
United Kingdom,,2025,389911.0
United Kingdom,,2024,417114.0
United Kingdom,,2023,445523.0
United Kingdom,,2022,487029.0
United Kingdom,,2021,462967.0
United Kingdom,,2020,144221.0
United Kingdom,,2019,232727.0
United Kingdom,,2018,259744.0
United Kingdom,,2017,272311.0
United Kingdom,,2016,324649.0
United Kingdom,,2015,347839.0
United Kingdom,,2014,306091.0
United Kingdom,,2013,237272.0
United Kingdom,,2012,172088.0
United Kingdom,,2011,228773.0
United Kingdom,,2010,274811.0
United Kingdom,,2009,249639.0
United Kingdom,,2008,263390.0
United Kingdom,,2007,309385.0
United Kingdom,,2006,288923.0
United Kingdom,,2005,308279.0
United Kingdom,,2004,276077.0
United Kingdom,,2003,211846.0
United Kingdom,,2002,203577.0
United Kingdom,,2001,175133.0
United Kingdom,,2000,153917.0
United Kingdom,,1999,152653.0
United Kingdom,,1998,125541.0
United Kingdom,,1997,59723.0
United Kingdom,,1996,54964.0
United Kingdom,,1995,61385.0
United Kingdom,,1994,45339.0
United Kingdom,,1993,27403.0
United Kingdom,,1992,17846.0
United Kingdom,,1991,27601.0
United Kingdom,,1990,57132.0
United Kingdom,,1989,49586.0
United Kingdom,,1988,13952.0
United Kingdom,,1987,8266.0
United Kingdom,,1986,41836.0
United Kingdom,,1985,83164.0
United Kingdom,,1984,71107.0
United Kingdom,,1983,27063.0
United Kingdom,,1982,-61152.0
United Kingdom,,1981,-83876.0
United Kingdom,,1980,-25187.0
United Kingdom,,1979,11255.0
United Kingdom,,1978,3783.0
United Kingdom,,1977,-21636.0
United Kingdom,,1976,-19135.0
United Kingdom,,1975,-40241.0
United Kingdom,,1974,-65710.0
United Kingdom,,1973,-33840.0
United Kingdom,,1972,-1406.0
United Kingdom,,1971,1175.0
United Kingdom,,1970,-15254.0
United Kingdom,,1969,-60655.0
United Kingdom,,1968,-38852.0
United Kingdom,,1967,-39659.0
United Kingdom,,1966,-27935.0
United Kingdom,,1965,-24955.0
United Kingdom,,1964,-23885.0
United Kingdom,,1963,8271.0
United Kingdom,,1962,76443.0
United Kingdom,,1961,52295.0
United Kingdom,,1960,19953.0
United States,,2025,1230663.0
United States,,2024,1286132.0
United States,,2023,1322668.0
United States,,2022,1319009.0
United States,,2021,674787.0
United States,,2020,329769.0
United States,,2019,1774500.0
United States,,2018,1764961.0
United States,,2017,1864738.0
United States,,2016,1889129.0
United States,,2015,1722127.0
United States,,2014,1672598.0
United States,,2013,1663885.0
United States,,2012,1632007.0
United States,,2011,1624033.0
United States,,2010,1594453.0
United States,,2009,1387306.0
United States,,2008,1416841.0
United States,,2007,1371353.0
United States,,2006,1347750.0
United States,,2005,1369224.0
United States,,2004,1313467.0
United States,,2003,1331376.0
United States,,2002,1336518.0
United States,,2001,1312455.0
United States,,2000,1248392.0
United States,,1999,1156311.0
United States,,1998,1225134.0
United States,,1997,1116922.0
United States,,1996,1141648.0
United States,,1995,1173016.0
United States,,1994,1179309.0
United States,,1993,1228478.0
United States,,1992,1304880.0
United States,,1991,1202426.0
United States,,1990,1084720.0
United States,,1989,400998.0
United States,,1988,460778.0
United States,,1987,480815.0
United States,,1986,493082.0
United States,,1985,598777.0
United States,,1984,622793.0
United States,,1983,662840.0
United States,,1982,600149.0
United States,,1981,583070.0
United States,,1980,595916.0
United States,,1979,503559.0
United States,,1978,556521.0
United States,,1977,577060.0
United States,,1976,635590.0
United States,,1975,655078.0
United States,,1974,706978.0
United States,,1973,783163.0
United States,,1972,833543.0
United States,,1971,833549.0
United States,,1970,744902.0
United States,,1969,523740.0
United States,,1968,594514.0
United States,,1967,585410.0
United States,,1966,637692.0
United States,,1965,644902.0
United States,,1964,618635.0
United States,,1963,639495.0
United States,,1962,625617.0
United States,,1961,580333.0
United States,,1960,422708.0
Uruguay,,2025,-1338.0
Uruguay,,2024,-1348.0
Uruguay,,2023,-1501.0
Uruguay,,2022,-1501.0
Uruguay,,2021,-1482.0
Uruguay,,2020,-1482.0
Uruguay,,2019,-2899.0
Uruguay,,2018,-2963.0
Uruguay,,2017,-3091.0
Uruguay,,2016,-3506.0
Uruguay,,2015,-4157.0
Uruguay,,2014,-4919.0
Uruguay,,2013,-5647.0
Uruguay,,2012,-6317.0
Uruguay,,2011,-6982.0
Uruguay,,2010,-7696.0
Uruguay,,2009,-8510.0
Uruguay,,2008,-9458.0
Uruguay,,2007,-10750.0
Uruguay,,2006,-13161.0
Uruguay,,2005,-16086.0
Uruguay,,2004,-15668.0
Uruguay,,2003,-17105.0
Uruguay,,2002,-16957.0
Uruguay,,2001,-14620.0
Uruguay,,2000,-11076.0
Uruguay,,1999,-7441.0
Uruguay,,1998,-7048.0
Uruguay,,1997,-6938.0
Uruguay,,1996,-7397.0
Uruguay,,1995,-8339.0
Uruguay,,1994,-7955.0
Uruguay,,1993,-7922.0
Uruguay,,1992,-7850.0
Uruguay,,1991,-7714.0
Uruguay,,1990,-7499.0
Uruguay,,1989,-7229.0
Uruguay,,1988,-6582.0
Uruguay,,1987,-6833.0
Uruguay,,1986,-8046.0
Uruguay,,1985,-8832.0
Uruguay,,1984,-9730.0
Uruguay,,1983,-10671.0
Uruguay,,1982,-12131.0
Uruguay,,1981,-13577.0
Uruguay,,1980,-14252.0
Uruguay,,1979,-14552.0
Uruguay,,1978,-14611.0
Uruguay,,1977,-14280.0
Uruguay,,1976,-14096.0
Uruguay,,1975,-14350.0
Uruguay,,1974,-14512.0
Uruguay,,1973,-14312.0
Uruguay,,1972,-13817.0
Uruguay,,1971,-13288.0
Uruguay,,1970,-12727.0
Uruguay,,1969,-11149.0
Uruguay,,1968,-8028.0
Uruguay,,1967,-5938.0
Uruguay,,1966,-4599.0
Uruguay,,1965,-3542.0
Uruguay,,1964,-2623.0
Uruguay,,1963,-1707.0
Uruguay,,1962,-623.0
Uruguay,,1961,703.0
Uruguay,,1960,2057.0
Uzbekistan,,2025,-6987.0
Uzbekistan,,2024,-7066.0
Uzbekistan,,2023,-6004.0
Uzbekistan,,2022,-5007.0
Uzbekistan,,2021,-9205.0
Uzbekistan,,2020,-9208.0
Uzbekistan,,2019,-9341.0
Uzbekistan,,2018,-11516.0
Uzbekistan,,2017,-13352.0
Uzbekistan,,2016,-14839.0
Uzbekistan,,2015,-16545.0
Uzbekistan,,2014,-20381.0
Uzbekistan,,2013,-20380.0
Uzbekistan,,2012,-20381.0
Uzbekistan,,2011,-20380.0
Uzbekistan,,2010,-20380.0
Uzbekistan,,2009,-20378.0
Uzbekistan,,2008,-24028.0
Uzbekistan,,2007,-27013.0
Uzbekistan,,2006,-29197.0
Uzbekistan,,2005,-33386.0
Uzbekistan,,2004,-38834.0
Uzbekistan,,2003,-44092.0
Uzbekistan,,2002,-47679.0
Uzbekistan,,2001,-48642.0
Uzbekistan,,2000,-66547.0
Uzbekistan,,1999,-61955.0
Uzbekistan,,1998,-49862.0
Uzbekistan,,1997,-48360.0
Uzbekistan,,1996,-50314.0
Uzbekistan,,1995,-45876.0
Uzbekistan,,1994,-41788.0
Uzbekistan,,1993,-37377.0
Uzbekistan,,1992,-33259.0
Uzbekistan,,1991,-29064.0
Uzbekistan,,1990,-73478.0
Uzbekistan,,1989,-13888.0
Uzbekistan,,1988,-473.0
Uzbekistan,,1987,-824.0
Uzbekistan,,1986,-802.0
Uzbekistan,,1985,-773.0
Uzbekistan,,1984,-752.0
Uzbekistan,,1983,1568.0
Uzbekistan,,1982,3897.0
Uzbekistan,,1981,6223.0
Uzbekistan,,1980,8540.0
Uzbekistan,,1979,10864.0
Uzbekistan,,1978,27783.0
Uzbekistan,,1977,45622.0
Uzbekistan,,1976,42094.0
Uzbekistan,,1975,37611.0
Uzbekistan,,1974,33600.0
Uzbekistan,,1973,30094.0
Uzbekistan,,1972,26748.0
Uzbekistan,,1971,24030.0
Uzbekistan,,1970,37324.0
Uzbekistan,,1969,65596.0
Uzbekistan,,1968,77914.0
Uzbekistan,,1967,74030.0
Uzbekistan,,1966,69537.0
Uzbekistan,,1965,65579.0
Uzbekistan,,1964,61512.0
Uzbekistan,,1963,57002.0
Uzbekistan,,1962,52532.0
Uzbekistan,,1961,48168.0
Uzbekistan,,1960,22039.0
Vanuatu,,2025,-52.0
Vanuatu,,2024,-43.0
Vanuatu,,2023,0.0
Vanuatu,,2022,0.0
Vanuatu,,2021,-201.0
Vanuatu,,2020,-201.0
Vanuatu,,2019,-652.0
Vanuatu,,2018,-638.0
Vanuatu,,2017,-610.0
Vanuatu,,2016,-1235.0
Vanuatu,,2015,-1324.0
Vanuatu,,2014,-1320.0
Vanuatu,,2013,-1343.0
Vanuatu,,2012,-1369.0
Vanuatu,,2011,-1395.0
Vanuatu,,2010,-1413.0
Vanuatu,,2009,-467.0
Vanuatu,,2008,-372.0
Vanuatu,,2007,-374.0
Vanuatu,,2006,-364.0
Vanuatu,,2005,-364.0
Vanuatu,,2004,-349.0
Vanuatu,,2003,-342.0
Vanuatu,,2002,-329.0
Vanuatu,,2001,-328.0
Vanuatu,,2000,-339.0
Vanuatu,,1999,-1090.0
Vanuatu,,1998,-1178.0
Vanuatu,,1997,-1166.0
Vanuatu,,1996,-1154.0
Vanuatu,,1995,-1140.0
Vanuatu,,1994,-1132.0
Vanuatu,,1993,-1115.0
Vanuatu,,1992,-1095.0
Vanuatu,,1991,-1078.0
Vanuatu,,1990,-1072.0
Vanuatu,,1989,-1006.0
Vanuatu,,1988,-959.0
Vanuatu,,1987,-907.0
Vanuatu,,1986,-938.0
Vanuatu,,1985,-916.0
Vanuatu,,1984,-907.0
Vanuatu,,1983,-899.0
Vanuatu,,1982,-897.0
Vanuatu,,1981,-896.0
Vanuatu,,1980,-896.0
Vanuatu,,1979,-845.0
Vanuatu,,1978,-15.0
Vanuatu,,1977,-3.0
Vanuatu,,1976,3.0
Vanuatu,,1975,-15.0
Vanuatu,,1974,-17.0
Vanuatu,,1973,-22.0
Vanuatu,,1972,-28.0
Vanuatu,,1971,-40.0
Vanuatu,,1970,-46.0
Vanuatu,,1969,-53.0
Vanuatu,,1968,-68.0
Vanuatu,,1967,0.0
Vanuatu,,1966,0.0
Vanuatu,,1965,0.0
Vanuatu,,1964,0.0
Vanuatu,,1963,0.0
Vanuatu,,1962,0.0
Vanuatu,,1961,0.0
Vanuatu,,1960,0.0
Venezuela,,2025,-100467.0
Venezuela,,2024,-105297.0
Venezuela,,2023,-112899.0
Venezuela,,2022,-141107.0
Venezuela,,2021,-332936.0
Venezuela,,2020,-524649.0
Venezuela,,2019,-975534.0
Venezuela,,2018,-1355602.0
Venezuela,,2017,-817376.0
Venezuela,,2016,-283270.0
Venezuela,,2015,-77417.0
Venezuela,,2014,-62437.0
Venezuela,,2013,-57818.0
Venezuela,,2012,-55131.0
Venezuela,,2011,-54384.0
Venezuela,,2010,-52781.0
Venezuela,,2009,-50286.0
Venezuela,,2008,-43636.0
Venezuela,,2007,-36060.0
Venezuela,,2006,-27240.0
Venezuela,,2005,-18407.0
Venezuela,,2004,-10798.0
Venezuela,,2003,-5729.0
Venezuela,,2002,-3944.0
Venezuela,,2001,-2856.0
Venezuela,,2000,-1999.0
Venezuela,,1999,-1376.0
Venezuela,,1998,-1010.0
Venezuela,,1997,-816.0
Venezuela,,1996,-708.0
Venezuela,,1995,-622.0
Venezuela,,1994,-559.0
Venezuela,,1993,-477.0
Venezuela,,1992,-381.0
Venezuela,,1991,-236.0
Venezuela,,1990,-69.0
Venezuela,,1989,32.0
Venezuela,,1988,137.0
Venezuela,,1987,182.0
Venezuela,,1986,201.0
Venezuela,,1985,237.0
Venezuela,,1984,247.0
Venezuela,,1983,260.0
Venezuela,,1982,260.0
Venezuela,,1981,251.0
Venezuela,,1980,237.0
Venezuela,,1979,228.0
Venezuela,,1978,205.0
Venezuela,,1977,196.0
Venezuela,,1976,190.0
Venezuela,,1975,186.0
Venezuela,,1974,173.0
Venezuela,,1973,171.0
Venezuela,,1972,173.0
Venezuela,,1971,215.0
Venezuela,,1970,305.0
Venezuela,,1969,403.0
Venezuela,,1968,532.0
Venezuela,,1967,717.0
Venezuela,,1966,1087.0
Venezuela,,1965,1656.0
Venezuela,,1964,2410.0
Venezuela,,1963,3296.0
Venezuela,,1962,4386.0
Venezuela,,1961,6069.0
Venezuela,,1960,8369.0
Vietnam,,2025,-48171.0
Vietnam,,2024,-59645.0
Vietnam,,2023,-81789.0
Vietnam,,2022,-78977.0
Vietnam,,2021,-5418.0
Vietnam,,2020,-6457.0
Vietnam,,2019,-2051.0
Vietnam,,2018,96650.0
Vietnam,,2017,139245.0
Vietnam,,2016,167652.0
Vietnam,,2015,-4888.0
Vietnam,,2014,-4894.0
Vietnam,,2013,-4979.0
Vietnam,,2012,-4851.0
Vietnam,,2011,-4602.0
Vietnam,,2010,-4443.0
Vietnam,,2009,-18560.0
Vietnam,,2008,571113.0
Vietnam,,2007,523784.0
Vietnam,,2006,482399.0
Vietnam,,2005,-208337.0
Vietnam,,2004,-220458.0
Vietnam,,2003,-216062.0
Vietnam,,2002,-193766.0
Vietnam,,2001,-177586.0
Vietnam,,2000,-144298.0
Vietnam,,1999,-15010.0
Vietnam,,1998,106091.0
Vietnam,,1997,52382.0
Vietnam,,1996,-48235.0
Vietnam,,1995,-51147.0
Vietnam,,1994,-53012.0
Vietnam,,1993,-72931.0
Vietnam,,1992,-65285.0
Vietnam,,1991,-76829.0
Vietnam,,1990,-57221.0
Vietnam,,1989,-101113.0
Vietnam,,1988,-84361.0
Vietnam,,1987,-128095.0
Vietnam,,1986,-164183.0
Vietnam,,1985,-124910.0
Vietnam,,1984,-97339.0
Vietnam,,1983,-97706.0
Vietnam,,1982,-110901.0
Vietnam,,1981,-109259.0
Vietnam,,1980,-74791.0
Vietnam,,1979,-337597.0
Vietnam,,1978,-6592.0
Vietnam,,1977,49655.0
Vietnam,,1976,-1733.0
Vietnam,,1975,-2010.0
Vietnam,,1974,-34940.0
Vietnam,,1973,-19937.0
Vietnam,,1972,-1920.0
Vietnam,,1971,76961.0
Vietnam,,1970,1997.0
Vietnam,,1969,0.0
Vietnam,,1968,1489.0
Vietnam,,1967,394.0
Vietnam,,1966,1769.0
Vietnam,,1965,-1438.0
Vietnam,,1964,-6328.0
Vietnam,,1963,0.0
Vietnam,,1962,0.0
Vietnam,,1961,0.0
Vietnam,,1960,0.0
Palestine,,2025,-23156.0
Palestine,,2024,-23145.0
Palestine,,2023,-24996.0
Palestine,,2022,-5006.0
Palestine,,2021,-12369.0
Palestine,,2020,-12369.0
Palestine,,2019,-24733.0
Palestine,,2018,-25141.0
Palestine,,2017,-25452.0
Palestine,,2016,-22774.0
Palestine,,2015,-22903.0
Palestine,,2014,-27077.0
Palestine,,2013,-26979.0
Palestine,,2012,-26916.0
Palestine,,2011,-26662.0
Palestine,,2010,-26351.0
Palestine,,2009,-25906.0
Palestine,,2008,-23985.0
Palestine,,2007,-20337.0
Palestine,,2006,-23445.0
Palestine,,2005,-28161.0
Palestine,,2004,-32853.0
Palestine,,2003,-35968.0
Palestine,,2002,-35038.0
Palestine,,2001,-25652.0
Palestine,,2000,-11496.0
Palestine,,1999,-13860.0
Palestine,,1998,-13146.0
Palestine,,1997,10417.0
Palestine,,1996,9810.0
Palestine,,1995,8763.0
Palestine,,1994,7434.0
Palestine,,1993,5975.0
Palestine,,1992,4411.0
Palestine,,1991,2116.0
Palestine,,1990,-476.0
Palestine,,1989,-3026.0
Palestine,,1988,-3008.0
Palestine,,1987,50702.0
Palestine,,1986,-21071.0
Palestine,,1985,-31640.0
Palestine,,1984,9108.0
Palestine,,1983,684.0
Palestine,,1982,-9799.0
Palestine,,1981,-13892.0
Palestine,,1980,-15067.0
Palestine,,1979,-16058.0
Palestine,,1978,-16654.0
Palestine,,1977,-16444.0
Palestine,,1976,-14515.0
Palestine,,1975,-11596.0
Palestine,,1974,-8670.0
Palestine,,1973,-6736.0
Palestine,,1972,-7848.0
Palestine,,1971,-17235.0
Palestine,,1970,-31405.0
Palestine,,1969,-45586.0
Palestine,,1968,-54963.0
Palestine,,1967,-55265.0
Palestine,,1966,-47780.0
Palestine,,1965,-36419.0
Palestine,,1964,-31125.0
Palestine,,1963,-21220.0
Palestine,,1962,-18971.0
Palestine,,1961,-18224.0
Palestine,,1960,-17662.0
Yemen,,2025,-16291.0
Yemen,,2024,-10482.0
Yemen,,2023,-5233.0
Yemen,,2022,-10448.0
Yemen,,2021,-81248.0
Yemen,,2020,-97982.0
Yemen,,2019,2129.0
Yemen,,2018,-26335.0
Yemen,,2017,-12086.0
Yemen,,2016,-6492.0
Yemen,,2015,-9883.0
Yemen,,2014,15764.0
Yemen,,2013,5697.0
Yemen,,2012,22349.0
Yemen,,2011,27184.0
Yemen,,2010,20269.0
Yemen,,2009,30919.0
Yemen,,2008,22621.0
Yemen,,2007,21210.0
Yemen,,2006,13940.0
Yemen,,2005,15283.0
Yemen,,2004,-62641.0
Yemen,,2003,-64737.0
Yemen,,2002,-59648.0
Yemen,,2001,-53698.0
Yemen,,2000,-47713.0
Yemen,,1999,-42731.0
Yemen,,1998,-39096.0
Yemen,,1997,-36694.0
Yemen,,1996,-35043.0
Yemen,,1995,-15485.0
Yemen,,1994,-13040.0
Yemen,,1993,-14332.0
Yemen,,1992,-14372.0
Yemen,,1991,-14964.0
Yemen,,1990,-15847.0
Yemen,,1989,-16876.0
Yemen,,1988,-17952.0
Yemen,,1987,-9097.0
Yemen,,1986,-11151.0
Yemen,,1985,-14660.0
Yemen,,1984,-19143.0
Yemen,,1983,-22152.0
Yemen,,1982,-23981.0
Yemen,,1981,-25499.0
Yemen,,1980,-26740.0
Yemen,,1979,-27090.0
Yemen,,1978,-26524.0
Yemen,,1977,-25305.0
Yemen,,1976,-23669.0
Yemen,,1975,-23192.0
Yemen,,1974,-22726.0
Yemen,,1973,-22282.0
Yemen,,1972,-21826.0
Yemen,,1971,-21386.0
Yemen,,1970,-20966.0
Yemen,,1969,-4121.0
Yemen,,1968,-4031.0
Yemen,,1967,-3959.0
Yemen,,1966,-3874.0
Yemen,,1965,-3797.0
Yemen,,1964,-3712.0
Yemen,,1963,-3640.0
Yemen,,1962,-3572.0
Yemen,,1961,-3503.0
Yemen,,1960,-3431.0
Zambia,,2025,6562.0
Zambia,,2024,7381.0
Zambia,,2023,9521.0
Zambia,,2022,-8566.0
Zambia,,2021,8143.0
Zambia,,2020,8156.0
Zambia,,2019,18385.0
Zambia,,2018,18431.0
Zambia,,2017,25789.0
Zambia,,2016,25860.0
Zambia,,2015,16261.0
Zambia,,2014,16574.0
Zambia,,2013,15542.0
Zambia,,2012,8958.0
Zambia,,2011,13569.0
Zambia,,2010,22761.0
Zambia,,2009,44867.0
Zambia,,2008,39249.0
Zambia,,2007,49945.0
Zambia,,2006,29517.0
Zambia,,2005,35316.0
Zambia,,2004,7819.0
Zambia,,2003,20845.0
Zambia,,2002,3206.0
Zambia,,2001,23582.0
Zambia,,2000,-4338.0
Zambia,,1999,-16888.0
Zambia,,1998,-26796.0
Zambia,,1997,-26276.0
Zambia,,1996,-38358.0
Zambia,,1995,-45423.0
Zambia,,1994,-45504.0
Zambia,,1993,-47739.0
Zambia,,1992,-43656.0
Zambia,,1991,-44203.0
Zambia,,1990,-38619.0
Zambia,,1989,-36736.0
Zambia,,1988,-31270.0
Zambia,,1987,-26338.0
Zambia,,1986,-16610.0
Zambia,,1985,-18474.0
Zambia,,1984,-18652.0
Zambia,,1983,-11849.0
Zambia,,1982,-3676.0
Zambia,,1981,-16072.0
Zambia,,1980,-24664.0
Zambia,,1979,-29515.0
Zambia,,1978,-30284.0
Zambia,,1977,-30423.0
Zambia,,1976,-30612.0
Zambia,,1975,-30886.0
Zambia,,1974,-31178.0
Zambia,,1973,-31472.0
Zambia,,1972,-31672.0
Zambia,,1971,-31651.0
Zambia,,1970,-31370.0
Zambia,,1969,-11469.0
Zambia,,1968,-5447.0
Zambia,,1967,-5298.0
Zambia,,1966,-5129.0
Zambia,,1965,-5023.0
Zambia,,1964,-4851.0
Zambia,,1963,-4676.0
Zambia,,1962,-4428.0
Zambia,,1961,-4043.0
Zambia,,1960,-3898.0
Zimbabwe,,2025,-54555.0
Zimbabwe,,2024,-60528.0
Zimbabwe,,2023,-97380.0
Zimbabwe,,2022,-102828.0
Zimbabwe,,2021,-74623.0
Zimbabwe,,2020,-89440.0
Zimbabwe,,2019,-103107.0
Zimbabwe,,2018,-117758.0
Zimbabwe,,2017,-128241.0
Zimbabwe,,2016,-140181.0
Zimbabwe,,2015,-162220.0
Zimbabwe,,2014,-177029.0
Zimbabwe,,2013,-176972.0
Zimbabwe,,2012,-177061.0
Zimbabwe,,2011,-108714.0
Zimbabwe,,2010,-108671.0
Zimbabwe,,2009,-108689.0
Zimbabwe,,2008,-113858.0
Zimbabwe,,2007,-118299.0
Zimbabwe,,2006,-57257.0
Zimbabwe,,2005,-134212.0
Zimbabwe,,2004,-127550.0
Zimbabwe,,2003,-96667.0
Zimbabwe,,2002,-101212.0
Zimbabwe,,2001,-139361.0
Zimbabwe,,2000,-165181.0
Zimbabwe,,1999,-86343.0
Zimbabwe,,1998,6645.0
Zimbabwe,,1997,395.0
Zimbabwe,,1996,978.0
Zimbabwe,,1995,-45428.0
Zimbabwe,,1994,-174723.0
Zimbabwe,,1993,-243947.0
Zimbabwe,,1992,75788.0
Zimbabwe,,1991,3749.0
Zimbabwe,,1990,4948.0
Zimbabwe,,1989,3736.0
Zimbabwe,,1988,11327.0
Zimbabwe,,1987,21308.0
Zimbabwe,,1986,6154.0
Zimbabwe,,1985,4718.0
Zimbabwe,,1984,5124.0
Zimbabwe,,1983,4456.0
Zimbabwe,,1982,32899.0
Zimbabwe,,1981,11523.0
Zimbabwe,,1980,390593.0
Zimbabwe,,1979,-67937.0
Zimbabwe,,1978,-170727.0
Zimbabwe,,1977,-89270.0
Zimbabwe,,1976,-32495.0
Zimbabwe,,1975,-28988.0
Zimbabwe,,1974,-16105.0
Zimbabwe,,1973,-18733.0
Zimbabwe,,1972,-20959.0
Zimbabwe,,1971,-22719.0
Zimbabwe,,1970,-24102.0
Zimbabwe,,1969,-12028.0
Zimbabwe,,1968,-11997.0
Zimbabwe,,1967,-11814.0
Zimbabwe,,1966,-11211.0
Zimbabwe,,1965,-10465.0
Zimbabwe,,1964,-9631.0
Zimbabwe,,1963,-8936.0
Zimbabwe,,1962,-8529.0
Zimbabwe,,1961,-8204.0
Zimbabwe,,1960,-8260.0
