country,iso2,year,value
Afghanistan,AFG,1956,0.0
Afghanistan,AFG,1963,0.0
Afghanistan,AFG,1969,48000.0
Afghanistan,AFG,1971,0.0
Afghanistan,AFG,1972,250000.0
Afghanistan,AFG,1973,0.0
Afghanistan,AFG,1976,80000.0
Afghanistan,AFG,1978,271684.0
Afghanistan,AFG,1980,30000.0
Afghanistan,AFG,1988,161000.0
Afghanistan,AFG,1990,0.0
Afghanistan,AFG,1991,139600.0
Afghanistan,AFG,1992,4000.0
Afghanistan,AFG,1993,0.0
Afghanistan,AFG,1995,7500.0
Afghanistan,AFG,1996,9855.0
Afghanistan,AFG,1997,20750.0
Afghanistan,AFG,1998,300.0
Afghanistan,AFG,1999,500.0
Afghanistan,AFG,2000,648307.0
Afghanistan,AFG,2001,1165846.0
Afghanistan,AFG,2002,971392.0
Afghanistan,AFG,2003,3753.0
Afghanistan,AFG,2004,4500.0
Afghanistan,AFG,2005,40974.0
Afghanistan,AFG,2006,1932975.0
Afghanistan,AFG,2007,30255.0
Afghanistan,AFG,2008,451864.0
Afghanistan,AFG,2009,62516.0
Afghanistan,AFG,2010,45000.0
Afghanistan,AFG,2011,1762815.0
Afghanistan,AFG,2012,51218.0
Afghanistan,AFG,2013,17097.0
Afghanistan,AFG,2014,142055.0
Afghanistan,AFG,2015,3010.0
Afghanistan,AFG,2016,0.0
Afghanistan,AFG,2017,10877.0
Afghanistan,AFG,2018,7627203.0
Afghanistan,AFG,2019,6007739.0
Afghanistan,AFG,2020,51557.0
Afghanistan,AFG,2021,4592354.0
Afghanistan,AFG,2022,4824108.0
Afghanistan,AFG,2023,2012907.0
Afghanistan,AFG,2024,639926.0
Afghanistan,AFG,2025,2048.0
Albania,ALB,1985,7085.0
Albania,ALB,1989,1066666.0
Albania,ALB,1990,1066666.0
Albania,ALB,1991,1066668.0
Albania,ALB,1992,35000.0
Albania,ALB,1995,3500.0
Albania,ALB,1997,8000.0
Albania,ALB,2002,191884.0
Albania,ALB,2004,2500.0
Albania,ALB,2005,400500.0
Albania,ALB,2007,225.0
Albania,ALB,2009,3960.0
Albania,ALB,2010,16640.0
Albania,ALB,2012,230000.0
Albania,ALB,2013,2800.0
Albania,ALB,2015,42300.0
Albania,ALB,2016,4500.0
Albania,ALB,2017,21002.0
Albania,ALB,2018,800.0
Albania,ALB,2021,84.0
Albania,ALB,2022,0.0
Albania,ALB,2023,0.0
Albania,ALB,2025,840.0
Algeria,DZA,1927,0.0
Algeria,DZA,1952,0.0
Algeria,DZA,1963,45400.0
Algeria,DZA,1966,35912.0
Algeria,DZA,1967,30000.0
Algeria,DZA,1969,200237.0
Algeria,DZA,1973,146000.0
Algeria,DZA,1974,20000.0
Algeria,DZA,1979,30000.0
Algeria,DZA,1981,50.0
Algeria,DZA,1982,8514.0
Algeria,DZA,1984,1470.0
Algeria,DZA,1985,15000.0
Algeria,DZA,1988,10107.0
Algeria,DZA,1992,2258.0
Algeria,DZA,1993,16.0
Algeria,DZA,1994,31200.0
Algeria,DZA,1996,101.0
Algeria,DZA,1997,3000.0
Algeria,DZA,1999,702.0
Algeria,DZA,2000,100.0
Algeria,DZA,2001,45423.0
Algeria,DZA,2002,2305.0
Algeria,DZA,2003,50.0
Algeria,DZA,2004,27565.0
Algeria,DZA,2005,1825.0
Algeria,DZA,2006,60000.0
Algeria,DZA,2007,1305.0
Algeria,DZA,2008,59050.0
Algeria,DZA,2009,2548.0
Algeria,DZA,2011,793.0
Algeria,DZA,2012,101.0
Algeria,DZA,2015,35000.0
Algeria,DZA,2017,125000.0
Algeria,DZA,2018,200.0
Algeria,DZA,2019,125025.0
Algeria,DZA,2021,45423.0
Algeria,DZA,2022,6768.0
Algeria,DZA,2023,31694.0
Algeria,DZA,2024,12000.0
Algeria,DZA,2025,1350.0
Angola,AGO,1981,80000.0
Angola,AGO,1985,500000.0
Angola,AGO,1989,574674.0
Angola,AGO,1990,474674.0
Angola,AGO,1991,474674.0
Angola,AGO,1992,475978.0
Angola,AGO,1997,47883.0
Angola,AGO,1998,57117.0
Angola,AGO,2000,79011.0
Angola,AGO,2001,39928.0
Angola,AGO,2003,825.0
Angola,AGO,2004,339962.0
Angola,AGO,2005,28738.0
Angola,AGO,2006,225.0
Angola,AGO,2007,46000.0
Angola,AGO,2008,81400.0
Angola,AGO,2009,225065.0
Angola,AGO,2010,189781.0
Angola,AGO,2011,88780.0
Angola,AGO,2012,1229854.0
Angola,AGO,2013,606950.0
Angola,AGO,2015,5000.0
Angola,AGO,2016,9899.0
Angola,AGO,2017,1450250.0
Angola,AGO,2018,3000.0
Angola,AGO,2019,16165.0
Angola,AGO,2020,132917.0
Angola,AGO,2021,1328201.0
Angola,AGO,2022,213090.0
Angola,AGO,2023,160725.0
Angola,AGO,2024,1034887.0
Angola,AGO,2025,1765113.0
Antigua and Barbuda,ATG,1950,0.0
Antigua and Barbuda,ATG,1960,0.0
Antigua and Barbuda,ATG,1966,0.0
Antigua and Barbuda,ATG,1983,75000.0
Antigua and Barbuda,ATG,1989,8030.0
Antigua and Barbuda,ATG,1990,0.0
Antigua and Barbuda,ATG,1995,3702.0
Antigua and Barbuda,ATG,1998,2025.0
Antigua and Barbuda,ATG,1999,5957.0
Antigua and Barbuda,ATG,2008,25800.0
Antigua and Barbuda,ATG,2010,5000.0
Antigua and Barbuda,ATG,2017,1800.0
Argentina,ARG,1958,0.0
Argentina,ARG,1966,120000.0
Argentina,ARG,1967,212000.0
Argentina,ARG,1970,0.0
Argentina,ARG,1972,0.0
Argentina,ARG,1973,300.0
Argentina,ARG,1974,100000.0
Argentina,ARG,1975,0.0
Argentina,ARG,1977,2500.0
Argentina,ARG,1978,1700.0
Argentina,ARG,1979,20000.0
Argentina,ARG,1980,40000.0
Argentina,ARG,1982,50000.0
Argentina,ARG,1983,6080000.0
Argentina,ARG,1985,1206000.0
Argentina,ARG,1986,205000.0
Argentina,ARG,1987,165752.0
Argentina,ARG,1988,4600000.0
Argentina,ARG,1990,2000.0
Argentina,ARG,1992,88074.0
Argentina,ARG,1993,8000.0
Argentina,ARG,1994,0.0
Argentina,ARG,1995,33500.0
Argentina,ARG,1997,12500.0
Argentina,ARG,1998,364000.0
Argentina,ARG,1999,0.0
Argentina,ARG,2000,38570.0
Argentina,ARG,2001,256950.0
Argentina,ARG,2002,11200.0
Argentina,ARG,2003,163900.0
Argentina,ARG,2004,6307.0
Argentina,ARG,2005,252.0
Argentina,ARG,2006,4500.0
Argentina,ARG,2007,135000.0
Argentina,ARG,2008,85000.0
Argentina,ARG,2009,34152.0
Argentina,ARG,2010,0.0
Argentina,ARG,2012,19530.0
Argentina,ARG,2013,350012.0
Argentina,ARG,2014,7203.0
Argentina,ARG,2015,109221.0
Argentina,ARG,2016,122181.0
Argentina,ARG,2017,51777.0
Argentina,ARG,2018,64620.0
Argentina,ARG,2019,47017.0
Argentina,ARG,2020,14916.0
Argentina,ARG,2021,12997.0
Argentina,ARG,2022,124085.0
Argentina,ARG,2023,52820.0
Argentina,ARG,2024,802406.0
Argentina,ARG,2025,240000.0
Armenia,ARM,1997,7000.0
Armenia,ARM,1998,144.0
Armenia,ARM,2000,297000.0
Armenia,ARM,2004,0.0
Armenia,ARM,2013,68133.0
Armenia,ARM,2014,7867.0
Armenia,ARM,2018,9900.0
Armenia,ARM,2019,11700.0
Armenia,ARM,2020,2836.0
Armenia,ARM,2023,18000.0
Armenia,ARM,2024,429.0
Armenia,ARM,2025,20000.0
Australia,AUS,1939,3900.0
Australia,AUS,1944,2100.0
Australia,AUS,1955,15000.0
Australia,AUS,1967,3100.0
Australia,AUS,1968,1800.0
Australia,AUS,1969,0.0
Australia,AUS,1970,0.0
Australia,AUS,1971,257.0
Australia,AUS,1973,6000.0
Australia,AUS,1974,75940.0
Australia,AUS,1975,0.0
Australia,AUS,1976,10000.0
Australia,AUS,1977,0.0
Australia,AUS,1978,100.0
Australia,AUS,1979,0.0
Australia,AUS,1981,40000.0
Australia,AUS,1982,40000.0
Australia,AUS,1983,11000.0
Australia,AUS,1984,0.0
Australia,AUS,1985,100.0
Australia,AUS,1986,1012.0
Australia,AUS,1988,0.0
Australia,AUS,1989,0.0
Australia,AUS,1990,6243.0
Australia,AUS,1991,965.0
Australia,AUS,1992,192837.0
Australia,AUS,1993,5302194.0
Australia,AUS,1994,6275853.0
Australia,AUS,1995,3200964.0
Australia,AUS,1996,636032.0
Australia,AUS,1997,400.0
Australia,AUS,1998,15175.0
Australia,AUS,1999,12697.0
Australia,AUS,2000,2150.0
Australia,AUS,2001,5547.0
Australia,AUS,2002,3434.0
Australia,AUS,2003,5190.0
Australia,AUS,2004,4265.0
Australia,AUS,2005,4420.0
Australia,AUS,2006,10271.0
Australia,AUS,2007,5820.0
Australia,AUS,2008,20400.0
Australia,AUS,2009,36554.0
Australia,AUS,2010,40166.0
Australia,AUS,2011,153471.0
Australia,AUS,2012,16000.0
Australia,AUS,2013,8940.0
Australia,AUS,2014,52829.0
Australia,AUS,2015,8781.0
Australia,AUS,2016,820.0
Australia,AUS,2017,51143.0
Australia,AUS,2018,600.0
Australia,AUS,2019,16481.0
Australia,AUS,2020,2929.0
Australia,AUS,2021,28718.0
Australia,AUS,2022,247212.0
Australia,AUS,2023,4137.0
Australia,AUS,2024,9978.0
Australia,AUS,2025,51062.0
Austria,AUT,1980,0.0
Austria,AUT,1983,0.0
Austria,AUT,1984,0.0
Austria,AUT,1985,0.0
Austria,AUT,1990,0.0
Austria,AUT,1991,0.0
Austria,AUT,1993,0.0
Austria,AUT,1994,0.0
Austria,AUT,1996,0.0
Austria,AUT,1997,0.0
Austria,AUT,1999,0.0
Austria,AUT,2000,0.0
Austria,AUT,2002,60300.0
Austria,AUT,2003,0.0
Austria,AUT,2005,900.0
Austria,AUT,2006,516.0
Austria,AUT,2007,480.0
Austria,AUT,2008,0.0
Austria,AUT,2009,0.0
Austria,AUT,2012,0.0
Austria,AUT,2013,200.0
Austria,AUT,2016,0.0
Austria,AUT,2017,330.0
Austria,AUT,2019,0.0
Austria,AUT,2020,0.0
Austria,AUT,2021,0.0
Austria,AUT,2022,13.0
Austria,AUT,2023,0.0
Austria,AUT,2024,2220.0
Azerbaijan,AZE,1995,1658800.0
Azerbaijan,AZE,1997,75000.0
Azerbaijan,AZE,2000,0.0
Azerbaijan,AZE,2003,31500.0
Azerbaijan,AZE,2009,5000.0
Azerbaijan,AZE,2010,70000.0
Azerbaijan,AZE,2012,0.0
Bahamas,BHS,1926,0.0
Bahamas,BHS,1929,0.0
Bahamas,BHS,1935,0.0
Bahamas,BHS,1945,0.0
Bahamas,BHS,1956,0.0
Bahamas,BHS,1963,0.0
Bahamas,BHS,1965,1200.0
Bahamas,BHS,1966,3.0
Bahamas,BHS,1988,0.0
Bahamas,BHS,1990,0.0
Bahamas,BHS,1992,1700.0
Bahamas,BHS,1995,0.0
Bahamas,BHS,1999,0.0
Bahamas,BHS,2001,0.0
Bahamas,BHS,2004,9000.0
Bahamas,BHS,2005,1500.0
Bahamas,BHS,2007,7000.0
Bahamas,BHS,2008,3000.0
Bahamas,BHS,2011,10000.0
Bahamas,BHS,2012,0.0
Bahamas,BHS,2013,1000.0
Bahamas,BHS,2015,6710.0
Bahamas,BHS,2016,0.0
Bahamas,BHS,2017,0.0
Bahamas,BHS,2019,14940.0
Bahamas,BHS,2025,2600.0
Bangladesh,BGD,1904,0.0
Bangladesh,BGD,1909,0.0
Bangladesh,BGD,1911,0.0
Bangladesh,BGD,1919,0.0
Bangladesh,BGD,1922,0.0
Bangladesh,BGD,1923,25000.0
Bangladesh,BGD,1926,0.0
Bangladesh,BGD,1937,0.0
Bangladesh,BGD,1941,0.0
Bangladesh,BGD,1942,0.0
Bangladesh,BGD,1943,0.0
Bangladesh,BGD,1947,0.0
Bangladesh,BGD,1951,0.0
Bangladesh,BGD,1958,0.0
Bangladesh,BGD,1960,200000.0
Bangladesh,BGD,1961,0.0
Bangladesh,BGD,1963,1000000.0
Bangladesh,BGD,1964,1000800.0
Bangladesh,BGD,1965,15660000.0
Bangladesh,BGD,1966,2300000.0
Bangladesh,BGD,1967,200.0
Bangladesh,BGD,1968,15905754.0
Bangladesh,BGD,1969,199473.0
Bangladesh,BGD,1970,13648110.0
Bangladesh,BGD,1971,0.0
Bangladesh,BGD,1972,25000.0
Bangladesh,BGD,1973,50000.0
Bangladesh,BGD,1974,38000000.0
Bangladesh,BGD,1976,4000200.0
Bangladesh,BGD,1977,224250.0
Bangladesh,BGD,1978,400100.0
Bangladesh,BGD,1979,150.0
Bangladesh,BGD,1980,10001050.0
Bangladesh,BGD,1981,2037000.0
Bangladesh,BGD,1982,308000.0
Bangladesh,BGD,1983,27165350.0
Bangladesh,BGD,1984,30000000.0
Bangladesh,BGD,1985,2331300.0
Bangladesh,BGD,1986,3123100.0
Bangladesh,BGD,1987,29700000.0
Bangladesh,BGD,1988,55574060.0
Bangladesh,BGD,1989,5304000.0
Bangladesh,BGD,1990,2070170.0
Bangladesh,BGD,1991,18429149.0
Bangladesh,BGD,1992,85500.0
Bangladesh,BGD,1993,16619633.0
Bangladesh,BGD,1994,1054109.0
Bangladesh,BGD,1995,17091901.0
Bangladesh,BGD,1996,5947010.0
Bangladesh,BGD,1997,4703432.0
Bangladesh,BGD,1998,15264294.0
Bangladesh,BGD,1999,596930.0
Bangladesh,BGD,2000,2825797.0
Bangladesh,BGD,2001,730750.0
Bangladesh,BGD,2002,1619108.0
Bangladesh,BGD,2003,582762.0
Bangladesh,BGD,2004,36890030.0
Bangladesh,BGD,2005,1186106.0
Bangladesh,BGD,2006,230424.0
Bangladesh,BGD,2007,22930206.0
Bangladesh,BGD,2008,636040.0
Bangladesh,BGD,2009,4472258.0
Bangladesh,BGD,2010,864452.0
Bangladesh,BGD,2011,1672680.0
Bangladesh,BGD,2012,5608987.0
Bangladesh,BGD,2013,1581374.0
Bangladesh,BGD,2014,3205709.0
Bangladesh,BGD,2015,4072151.0
Bangladesh,BGD,2016,3103555.0
Bangladesh,BGD,2017,11386037.0
Bangladesh,BGD,2018,14000.0
Bangladesh,BGD,2019,7866051.0
Bangladesh,BGD,2020,8048271.0
Bangladesh,BGD,2021,1568744.0
Bangladesh,BGD,2022,8200000.0
Bangladesh,BGD,2023,3250018.0
Bangladesh,BGD,2024,48778944.0
Bangladesh,BGD,2025,25454.0
Barbados,BRB,1955,0.0
Barbados,BRB,1970,210.0
Barbados,BRB,1980,5007.0
Barbados,BRB,1984,100.0
Barbados,BRB,1987,230.0
Barbados,BRB,1995,0.0
Barbados,BRB,2002,2000.0
Barbados,BRB,2004,880.0
Barbados,BRB,2010,2500.0
Barbados,BRB,2017,0.0
Barbados,BRB,2021,3300.0
Barbados,BRB,2023,179.0
Barbados,BRB,2024,2500.0
Belarus,BLR,1993,40000.0
Belarus,BLR,1996,0.0
Belarus,BLR,1997,21390.0
Belarus,BLR,1999,2000.0
Belarus,BLR,2000,0.0
Belarus,BLR,2006,1820.0
Belarus,BLR,2007,0.0
Belarus,BLR,2012,130.0
Belarus,BLR,2013,11325.0
Belarus,BLR,2014,31500.0
Belarus,BLR,2017,50539.0
Belarus,BLR,2018,50000.0
Belarus,BLR,2023,420.0
Belgium,BEL,1926,0.0
Belgium,BEL,1928,6000.0
Belgium,BEL,1930,0.0
Belgium,BEL,1953,350.0
Belgium,BEL,1956,0.0
Belgium,BEL,1963,0.0
Belgium,BEL,1967,100.0
Belgium,BEL,1971,600.0
Belgium,BEL,1976,0.0
Belgium,BEL,1984,0.0
Belgium,BEL,1985,0.0
Belgium,BEL,1990,0.0
Belgium,BEL,1993,2907.0
Belgium,BEL,1994,328.0
Belgium,BEL,1995,800.0
Belgium,BEL,1998,140.0
Belgium,BEL,1999,905.0
Belgium,BEL,2002,2400.0
Belgium,BEL,2003,0.0
Belgium,BEL,2005,210.0
Belgium,BEL,2006,0.0
Belgium,BEL,2007,2.0
Belgium,BEL,2008,0.0
Belgium,BEL,2009,0.0
Belgium,BEL,2010,690.0
Belgium,BEL,2011,71.0
Belgium,BEL,2012,0.0
Belgium,BEL,2013,0.0
Belgium,BEL,2014,0.0
Belgium,BEL,2015,0.0
Belgium,BEL,2016,0.0
Belgium,BEL,2018,0.0
Belgium,BEL,2019,0.0
Belgium,BEL,2020,0.0
Belgium,BEL,2021,101950.0
Belgium,BEL,2022,0.0
Belgium,BEL,2023,3000.0
Belgium,BEL,2024,0.0
Belize,BLZ,1931,0.0
Belize,BLZ,1955,0.0
Belize,BLZ,1961,10000.0
Belize,BLZ,1974,70000.0
Belize,BLZ,1978,6000.0
Belize,BLZ,1979,17000.0
Belize,BLZ,1990,0.0
Belize,BLZ,1995,2600.0
Belize,BLZ,1998,60000.0
Belize,BLZ,2000,62570.0
Belize,BLZ,2001,20000.0
Belize,BLZ,2005,0.0
Belize,BLZ,2007,20000.0
Belize,BLZ,2008,48000.0
Belize,BLZ,2010,0.0
Belize,BLZ,2015,20000.0
Belize,BLZ,2016,10355.0
Belize,BLZ,2020,60000.0
Belize,BLZ,2022,172150.0
Belize,BLZ,2024,962.0
Benin,BEN,1970,0.0
Benin,BEN,1972,28809.0
Benin,BEN,1973,28730.0
Benin,BEN,1974,28730.0
Benin,BEN,1975,28731.0
Benin,BEN,1978,7200.0
Benin,BEN,1982,580000.0
Benin,BEN,1983,699361.0
Benin,BEN,1984,699361.0
Benin,BEN,1985,1176278.0
Benin,BEN,1988,84000.0
Benin,BEN,1991,0.0
Benin,BEN,1994,34000.0
Benin,BEN,1995,123000.0
Benin,BEN,1996,148727.0
Benin,BEN,1997,51000.0
Benin,BEN,1998,420000.0
Benin,BEN,1999,57469.0
Benin,BEN,2007,10884.0
Benin,BEN,2008,158235.0
Benin,BEN,2009,120457.0
Benin,BEN,2010,831000.0
Benin,BEN,2011,5840.0
Benin,BEN,2012,55000.0
Benin,BEN,2013,35494.0
Benin,BEN,2020,7000.0
Benin,BEN,2021,35850.0
Benin,BEN,2022,73000.0
Benin,BEN,2024,34052.0
Benin,BEN,2025,1368.0
Bhutan,BTN,1994,65600.0
Bhutan,BTN,1999,0.0
Bhutan,BTN,2000,1000.0
Bhutan,BTN,2004,0.0
Bhutan,BTN,2009,0.0
Bhutan,BTN,2021,0.0
Bolivia,BOL,1965,500.0
Bolivia,BOL,1966,6100.0
Bolivia,BOL,1968,26200.0
Bolivia,BOL,1974,18000.0
Bolivia,BOL,1977,90000.0
Bolivia,BOL,1978,178000.0
Bolivia,BOL,1980,15000.0
Bolivia,BOL,1982,30000.0
Bolivia,BOL,1983,3133049.0
Bolivia,BOL,1984,3000.0
Bolivia,BOL,1985,475.0
Bolivia,BOL,1986,310000.0
Bolivia,BOL,1987,20000.0
Bolivia,BOL,1988,0.0
Bolivia,BOL,1990,283160.0
Bolivia,BOL,1992,40050.0
Bolivia,BOL,1994,50000.0
Bolivia,BOL,1997,190000.0
Bolivia,BOL,1999,7900.0
Bolivia,BOL,2000,52287.0
Bolivia,BOL,2001,357250.0
Bolivia,BOL,2002,17231.0
Bolivia,BOL,2003,26588.0
Bolivia,BOL,2004,42013.0
Bolivia,BOL,2005,46928.0
Bolivia,BOL,2006,126600.0
Bolivia,BOL,2007,460751.0
Bolivia,BOL,2008,372575.0
Bolivia,BOL,2009,88348.0
Bolivia,BOL,2010,290660.0
Bolivia,BOL,2011,88825.0
Bolivia,BOL,2012,69085.0
Bolivia,BOL,2013,709385.0
Bolivia,BOL,2014,296423.0
Bolivia,BOL,2015,169222.0
Bolivia,BOL,2016,670420.0
Bolivia,BOL,2018,12186.0
Bolivia,BOL,2019,385540.0
Bolivia,BOL,2020,163611.0
Bolivia,BOL,2021,287807.0
Bolivia,BOL,2022,390790.0
Bolivia,BOL,2023,1383148.0
Bolivia,BOL,2024,908179.0
Bolivia,BOL,2025,3109642.0
Bosnia Herzegovina,BIH,1999,1090.0
Bosnia Herzegovina,BIH,2000,0.0
Bosnia Herzegovina,BIH,2001,9000.0
Bosnia Herzegovina,BIH,2003,62575.0
Bosnia Herzegovina,BIH,2004,278000.0
Bosnia Herzegovina,BIH,2005,3100.0
Bosnia Herzegovina,BIH,2007,0.0
Bosnia Herzegovina,BIH,2009,13730.0
Bosnia Herzegovina,BIH,2010,34910.0
Bosnia Herzegovina,BIH,2012,10347.0
Bosnia Herzegovina,BIH,2014,1000600.0
Bosnia Herzegovina,BIH,2015,0.0
Bosnia Herzegovina,BIH,2019,759.0
Bosnia Herzegovina,BIH,2020,15000.0
Bosnia Herzegovina,BIH,2021,250000.0
Bosnia Herzegovina,BIH,2022,3000.0
Bosnia Herzegovina,BIH,2023,10020.0
Bosnia Herzegovina,BIH,2024,5000.0
Bosnia Herzegovina,BIH,2025,3000.0
Botswana,BWA,1965,60000.0
Botswana,BWA,1968,60000.0
Botswana,BWA,1970,87600.0
Botswana,BWA,1972,1000.0
Botswana,BWA,1982,135772.0
Botswana,BWA,1983,180206.0
Botswana,BWA,1984,180206.0
Botswana,BWA,1985,180206.0
Botswana,BWA,1986,180206.0
Botswana,BWA,1987,180704.0
Botswana,BWA,1988,12007.0
Botswana,BWA,1992,100000.0
Botswana,BWA,1995,5500.0
Botswana,BWA,2000,138776.0
Botswana,BWA,2004,4960.0
Botswana,BWA,2009,5056.0
Botswana,BWA,2011,0.0
Botswana,BWA,2013,4210.0
Botswana,BWA,2015,0.0
Botswana,BWA,2017,3250.0
Botswana,BWA,2018,4225.0
Botswana,BWA,2019,38000.0
Botswana,BWA,2023,18601.0
Botswana,BWA,2024,123399.0
Botswana,BWA,2025,190343.0
Brazil,BRA,1948,0.0
Brazil,BRA,1949,0.0
Brazil,BRA,1957,0.0
Brazil,BRA,1959,0.0
Brazil,BRA,1964,120000.0
Brazil,BRA,1965,270000.0
Brazil,BRA,1966,208138.0
Brazil,BRA,1967,189543.0
Brazil,BRA,1968,0.0
Brazil,BRA,1969,38305.0
Brazil,BRA,1970,10104371.0
Brazil,BRA,1971,13000.0
Brazil,BRA,1973,0.0
Brazil,BRA,1974,325000.0
Brazil,BRA,1975,828600.0
Brazil,BRA,1977,131100.0
Brazil,BRA,1978,1000.0
Brazil,BRA,1979,6500000.0
Brazil,BRA,1980,271048.0
Brazil,BRA,1981,52300.0
Brazil,BRA,1982,4300.0
Brazil,BRA,1983,23338300.0
Brazil,BRA,1984,391700.0
Brazil,BRA,1985,615000.0
Brazil,BRA,1986,8335.0
Brazil,BRA,1987,287224.0
Brazil,BRA,1988,3545010.0
Brazil,BRA,1989,1078944.0
Brazil,BRA,1990,2800.0
Brazil,BRA,1991,17000.0
Brazil,BRA,1992,147493.0
Brazil,BRA,1994,1000.0
Brazil,BRA,1995,33800.0
Brazil,BRA,1996,7000.0
Brazil,BRA,1997,62876.0
Brazil,BRA,1998,4356375.0
Brazil,BRA,1999,5703125.0
Brazil,BRA,2000,87000.0
Brazil,BRA,2001,1014446.0
Brazil,BRA,2002,3500.0
Brazil,BRA,2003,97665.0
Brazil,BRA,2004,263630.0
Brazil,BRA,2005,41344.0
Brazil,BRA,2006,116000.0
Brazil,BRA,2007,1206352.0
Brazil,BRA,2008,1753991.0
Brazil,BRA,2009,1865012.0
Brazil,BRA,2010,302557.0
Brazil,BRA,2011,1212981.0
Brazil,BRA,2012,2780747.0
Brazil,BRA,2013,1777410.0
Brazil,BRA,2014,9619057.0
Brazil,BRA,2015,9301335.0
Brazil,BRA,2016,9066924.0
Brazil,BRA,2017,104140.0
Brazil,BRA,2018,1250.0
Brazil,BRA,2019,10048973.0
Brazil,BRA,2020,18280.0
Brazil,BRA,2021,1344896.0
Brazil,BRA,2022,487235.0
Brazil,BRA,2023,1239520.0
Brazil,BRA,2024,3363588.0
Brazil,BRA,2025,18380.0
Brunei,BRN,1998,0.0
Bulgaria,BGR,1981,0.0
Bulgaria,BGR,1993,5000.0
Bulgaria,BGR,1997,55.0
Bulgaria,BGR,1998,468.0
Bulgaria,BGR,1999,850.0
Bulgaria,BGR,2000,167.0
Bulgaria,BGR,2001,0.0
Bulgaria,BGR,2002,0.0
Bulgaria,BGR,2005,13240.0
Bulgaria,BGR,2006,20.0
Bulgaria,BGR,2007,1129.0
Bulgaria,BGR,2008,0.0
Bulgaria,BGR,2010,90.0
Bulgaria,BGR,2012,37950.0
Bulgaria,BGR,2014,8547.0
Bulgaria,BGR,2015,0.0
Bulgaria,BGR,2017,0.0
Bulgaria,BGR,2018,600.0
Bulgaria,BGR,2021,525.0
Bulgaria,BGR,2022,10937.0
Bulgaria,BGR,2023,4036.0
Bulgaria,BGR,2024,0.0
Bulgaria,BGR,2025,100.0
Burkina Faso,BFA,1910,0.0
Burkina Faso,BFA,1911,0.0
Burkina Faso,BFA,1912,0.0
Burkina Faso,BFA,1913,0.0
Burkina Faso,BFA,1914,0.0
Burkina Faso,BFA,1940,0.0
Burkina Faso,BFA,1941,0.0
Burkina Faso,BFA,1942,0.0
Burkina Faso,BFA,1943,0.0
Burkina Faso,BFA,1944,0.0
Burkina Faso,BFA,1966,0.0
Burkina Faso,BFA,1969,108728.0
Burkina Faso,BFA,1970,144312.0
Burkina Faso,BFA,1971,144312.0
Burkina Faso,BFA,1972,144312.0
Burkina Faso,BFA,1973,144312.0
Burkina Faso,BFA,1974,144312.0
Burkina Faso,BFA,1975,144712.0
Burkina Faso,BFA,1977,221900.0
Burkina Faso,BFA,1978,221000.0
Burkina Faso,BFA,1980,40408.0
Burkina Faso,BFA,1981,241785.0
Burkina Faso,BFA,1982,241785.0
Burkina Faso,BFA,1983,241785.0
Burkina Faso,BFA,1984,243285.0
Burkina Faso,BFA,1985,243024.0
Burkina Faso,BFA,1988,233324.0
Burkina Faso,BFA,1990,2600000.0
Burkina Faso,BFA,1994,66500.0
Burkina Faso,BFA,1995,5902.0
Burkina Faso,BFA,1996,69688.0
Burkina Faso,BFA,1998,20700.0
Burkina Faso,BFA,1999,1560.0
Burkina Faso,BFA,2001,0.0
Burkina Faso,BFA,2003,12120.0
Burkina Faso,BFA,2006,25610.0
Burkina Faso,BFA,2007,121043.0
Burkina Faso,BFA,2008,4870.0
Burkina Faso,BFA,2009,151500.0
Burkina Faso,BFA,2010,133362.0
Burkina Faso,BFA,2011,222544.0
Burkina Faso,BFA,2012,2648456.0
Burkina Faso,BFA,2013,11396.0
Burkina Faso,BFA,2014,4000000.0
Burkina Faso,BFA,2015,28925.0
Burkina Faso,BFA,2016,34893.0
Burkina Faso,BFA,2017,882.0
Burkina Faso,BFA,2020,3030452.0
Burkina Faso,BFA,2022,3500928.0
Burkina Faso,BFA,2024,7684.0
Burundi,BDI,1989,3600.0
Burundi,BDI,1999,103470.0
Burundi,BDI,2000,288774.0
Burundi,BDI,2001,289066.0
Burundi,BDI,2002,8000.0
Burundi,BDI,2003,0.0
Burundi,BDI,2004,25500.0
Burundi,BDI,2005,1986691.0
Burundi,BDI,2006,182566.0
Burundi,BDI,2007,27754.0
Burundi,BDI,2008,69059.0
Burundi,BDI,2009,86716.0
Burundi,BDI,2010,121490.0
Burundi,BDI,2011,735.0
Burundi,BDI,2014,12682.0
Burundi,BDI,2015,2741.0
Burundi,BDI,2016,1438.0
Burundi,BDI,2018,47956.0
Burundi,BDI,2019,3773.0
Burundi,BDI,2020,41762.0
Burundi,BDI,2021,52182.0
Burundi,BDI,2023,9585.0
Burundi,BDI,2024,237830.0
Cambodia,KHM,1987,0.0
Cambodia,KHM,1991,900000.0
Cambodia,KHM,1994,1161275.0
Cambodia,KHM,1995,1931216.0
Cambodia,KHM,1996,3236509.0
Cambodia,KHM,1997,0.0
Cambodia,KHM,1999,660379.0
Cambodia,KHM,2000,3448053.0
Cambodia,KHM,2001,1969182.0
Cambodia,KHM,2002,2120000.0
Cambodia,KHM,2004,0.0
Cambodia,KHM,2005,600000.0
Cambodia,KHM,2006,38000.0
Cambodia,KHM,2007,19000.0
Cambodia,KHM,2009,178091.0
Cambodia,KHM,2010,0.0
Cambodia,KHM,2011,1640023.0
Cambodia,KHM,2012,71500.0
Cambodia,KHM,2013,1500000.0
Cambodia,KHM,2014,530450.0
Cambodia,KHM,2015,28300.0
Cambodia,KHM,2016,2500000.0
Cambodia,KHM,2018,5817.0
Cambodia,KHM,2019,435000.0
Cambodia,KHM,2020,759360.0
Cambodia,KHM,2021,13726.0
Cambodia,KHM,2022,167770.0
Cambodia,KHM,2023,14100.0
Cambodia,KHM,2024,0.0
Cambodia,KHM,2025,67000.0
Cameroon,CMR,1971,400000.0
Cameroon,CMR,1988,1000.0
Cameroon,CMR,1990,93450.0
Cameroon,CMR,1991,93650.0
Cameroon,CMR,1994,0.0
Cameroon,CMR,1999,1000.0
Cameroon,CMR,2000,500.0
Cameroon,CMR,2001,1500.0
Cameroon,CMR,2005,0.0
Cameroon,CMR,2007,10296.0
Cameroon,CMR,2008,25000.0
Cameroon,CMR,2010,3095.0
Cameroon,CMR,2012,63980.0
Cameroon,CMR,2013,805.0
Cameroon,CMR,2014,250000.0
Cameroon,CMR,2015,30000.0
Cameroon,CMR,2017,12890.0
Cameroon,CMR,2020,26402.0
Cameroon,CMR,2022,2542222.0
Cameroon,CMR,2023,93260.0
Cameroon,CMR,2024,500008.0
Canada,CAN,1911,200.0
Canada,CAN,1912,2700.0
Canada,CAN,1922,11000.0
Canada,CAN,1931,2497.0
Canada,CAN,1932,2497.0
Canada,CAN,1933,2497.0
Canada,CAN,1934,2497.0
Canada,CAN,1935,2497.0
Canada,CAN,1936,2497.0
Canada,CAN,1937,2497.0
Canada,CAN,1938,2497.0
Canada,CAN,1939,2497.0
Canada,CAN,1940,2527.0
Canada,CAN,1946,0.0
Canada,CAN,1950,107000.0
Canada,CAN,1954,0.0
Canada,CAN,1955,0.0
Canada,CAN,1959,0.0
Canada,CAN,1961,0.0
Canada,CAN,1962,0.0
Canada,CAN,1966,0.0
Canada,CAN,1970,200.0
Canada,CAN,1971,150.0
Canada,CAN,1972,0.0
Canada,CAN,1974,0.0
Canada,CAN,1975,340.0
Canada,CAN,1977,0.0
Canada,CAN,1978,0.0
Canada,CAN,1979,0.0
Canada,CAN,1980,5000.0
Canada,CAN,1981,0.0
Canada,CAN,1982,200.0
Canada,CAN,1983,0.0
Canada,CAN,1984,24078.0
Canada,CAN,1985,6922.0
Canada,CAN,1986,8900.0
Canada,CAN,1987,250.0
Canada,CAN,1988,0.0
Canada,CAN,1989,25000.0
Canada,CAN,1990,0.0
Canada,CAN,1991,0.0
Canada,CAN,1992,0.0
Canada,CAN,1993,200.0
Canada,CAN,1994,4304.0
Canada,CAN,1995,12100.0
Canada,CAN,1996,12000.0
Canada,CAN,1997,30600.0
Canada,CAN,1998,13100.0
Canada,CAN,1999,5700.0
Canada,CAN,2000,840.0
Canada,CAN,2001,1230.0
Canada,CAN,2002,600.0
Canada,CAN,2003,2670.0
Canada,CAN,2004,1000.0
Canada,CAN,2005,5900.0
Canada,CAN,2006,3900.0
Canada,CAN,2007,500.0
Canada,CAN,2008,2400.0
Canada,CAN,2009,203.0
Canada,CAN,2011,9000.0
Canada,CAN,2012,1500.0
Canada,CAN,2013,100000.0
Canada,CAN,2014,6904.0
Canada,CAN,2015,13036.0
Canada,CAN,2016,88300.0
Canada,CAN,2017,62554.0
Canada,CAN,2018,7930.0
Canada,CAN,2019,19500.0
Canada,CAN,2020,72936.0
Canada,CAN,2021,15552.0
Canada,CAN,2022,6000.0
Canada,CAN,2023,31450.0
Canada,CAN,2024,3520.0
Canada,CAN,2025,396.0
Cape Verde,CPV,1900,0.0
Cape Verde,CPV,1910,0.0
Cape Verde,CPV,1911,0.0
Cape Verde,CPV,1912,0.0
Cape Verde,CPV,1913,0.0
Cape Verde,CPV,1914,0.0
Cape Verde,CPV,1920,0.0
Cape Verde,CPV,1940,0.0
Cape Verde,CPV,1941,0.0
Cape Verde,CPV,1942,0.0
Cape Verde,CPV,1943,0.0
Cape Verde,CPV,1944,0.0
Cape Verde,CPV,1946,0.0
Cape Verde,CPV,1972,0.0
Cape Verde,CPV,1973,0.0
Cape Verde,CPV,1974,0.0
Cape Verde,CPV,1975,0.0
Cape Verde,CPV,1982,2222.0
Cape Verde,CPV,1983,0.0
Cape Verde,CPV,1984,5500.0
Cape Verde,CPV,1985,0.0
Cape Verde,CPV,1992,0.0
Cape Verde,CPV,1998,10000.0
Cape Verde,CPV,2002,30000.0
Cape Verde,CPV,2009,150.0
Cape Verde,CPV,2015,0.0
Cape Verde,CPV,2017,70000.0
Cape Verde,CPV,2020,25000.0
Cape Verde,CPV,2022,46093.0
Cape Verde,CPV,2025,119000.0
Central African Republic,CAF,1973,13000.0
Central African Republic,CAF,1981,1850.0
Central African Republic,CAF,1983,0.0
Central African Republic,CAF,1984,0.0
Central African Republic,CAF,1995,3999.0
Central African Republic,CAF,1996,17500.0
Central African Republic,CAF,1998,9200.0
Central African Republic,CAF,1999,45919.0
Central African Republic,CAF,2001,3000.0
Central African Republic,CAF,2002,750.0
Central African Republic,CAF,2003,240.0
Central African Republic,CAF,2004,12702.0
Central African Republic,CAF,2005,23805.0
Central African Republic,CAF,2007,7812.0
Central African Republic,CAF,2008,795.0
Central African Republic,CAF,2009,23972.0
Central African Republic,CAF,2010,1585.0
Central African Republic,CAF,2011,4766.0
Central African Republic,CAF,2012,3893.0
Central African Republic,CAF,2013,41737.0
Central African Republic,CAF,2015,1116.0
Central African Republic,CAF,2017,7190.0
Central African Republic,CAF,2019,44918.0
Central African Republic,CAF,2021,3957.0
Central African Republic,CAF,2022,2369695.0
Central African Republic,CAF,2023,6066.0
Central African Republic,CAF,2024,2700.0
Central African Republic,CAF,2025,2500.0
Chad,TCD,1910,0.0
Chad,TCD,1911,0.0
Chad,TCD,1912,0.0
Chad,TCD,1913,0.0
Chad,TCD,1914,0.0
Chad,TCD,1940,0.0
Chad,TCD,1941,0.0
Chad,TCD,1942,0.0
Chad,TCD,1943,0.0
Chad,TCD,1944,0.0
Chad,TCD,1966,0.0
Chad,TCD,1969,24504.0
Chad,TCD,1970,97218.0
Chad,TCD,1971,97218.0
Chad,TCD,1972,97218.0
Chad,TCD,1973,97218.0
Chad,TCD,1974,97218.0
Chad,TCD,1975,97218.0
Chad,TCD,1976,97218.0
Chad,TCD,1977,97318.0
Chad,TCD,1978,97752.0
Chad,TCD,1981,60118.0
Chad,TCD,1982,359724.0
Chad,TCD,1983,359724.0
Chad,TCD,1984,359724.0
Chad,TCD,1985,361210.0
Chad,TCD,1988,48698.0
Chad,TCD,1991,14.0
Chad,TCD,1993,300000.0
Chad,TCD,1995,80686.0
Chad,TCD,1997,356000.0
Chad,TCD,1998,1000.0
Chad,TCD,1999,173506.0
Chad,TCD,2001,975763.0
Chad,TCD,2006,0.0
Chad,TCD,2007,173145.0
Chad,TCD,2008,14450.0
Chad,TCD,2009,319087.0
Chad,TCD,2010,2238407.0
Chad,TCD,2012,1867843.0
Chad,TCD,2013,345788.0
Chad,TCD,2017,1886800.0
Chad,TCD,2019,423.0
Chad,TCD,2020,36934.0
Chad,TCD,2021,269180.0
Chad,TCD,2022,3235591.0
Chad,TCD,2024,1945674.0
Chad,TCD,2025,123019.0
Chile,CHL,1965,375000.0
Chile,CHL,1968,11375.0
Chile,CHL,1969,27137.0
Chile,CHL,1970,27137.0
Chile,CHL,1971,117137.0
Chile,CHL,1972,27214.0
Chile,CHL,1974,40000.0
Chile,CHL,1977,16800.0
Chile,CHL,1978,6000.0
Chile,CHL,1982,8000.0
Chile,CHL,1984,323173.0
Chile,CHL,1986,84924.0
Chile,CHL,1987,197364.0
Chile,CHL,1989,0.0
Chile,CHL,1990,2500.0
Chile,CHL,1991,0.0
Chile,CHL,1992,38000.0
Chile,CHL,1993,3276.0
Chile,CHL,1995,10000.0
Chile,CHL,1997,79350.0
Chile,CHL,1999,1000.0
Chile,CHL,2000,181667.0
Chile,CHL,2001,14959.0
Chile,CHL,2002,255642.0
Chile,CHL,2003,285.0
Chile,CHL,2004,9000.0
Chile,CHL,2005,1460.0
Chile,CHL,2006,95862.0
Chile,CHL,2007,0.0
Chile,CHL,2008,144755.0
Chile,CHL,2010,150.0
Chile,CHL,2011,26235.0
Chile,CHL,2012,6104.0
Chile,CHL,2013,0.0
Chile,CHL,2014,25555.0
Chile,CHL,2015,194967.0
Chile,CHL,2016,100.0
Chile,CHL,2017,26832.0
Chile,CHL,2019,1347.0
Chile,CHL,2021,1131.0
Chile,CHL,2022,13051.0
Chile,CHL,2023,64589.0
Chile,CHL,2024,74117.0
Chile,CHL,2025,45786.0
China,CHN,1911,0.0
China,CHN,1912,500000.0
China,CHN,1915,3000000.0
China,CHN,1917,635000.0
China,CHN,1920,20000000.0
China,CHN,1922,0.0
China,CHN,1927,0.0
China,CHN,1928,0.0
China,CHN,1931,0.0
China,CHN,1933,3600000.0
China,CHN,1935,10030000.0
China,CHN,1939,0.0
China,CHN,1948,0.0
China,CHN,1949,0.0
China,CHN,1950,10000000.0
China,CHN,1951,0.0
China,CHN,1954,0.0
China,CHN,1956,11016617.0
China,CHN,1957,0.0
China,CHN,1959,0.0
China,CHN,1960,0.0
China,CHN,1961,0.0
China,CHN,1964,0.0
China,CHN,1965,0.0
China,CHN,1969,0.0
China,CHN,1970,14000.0
China,CHN,1975,11000000.0
China,CHN,1977,120000.0
China,CHN,1978,6000000.0
China,CHN,1979,0.0
China,CHN,1980,107200.0
China,CHN,1981,3187140.0
China,CHN,1982,816143.0
China,CHN,1983,21363.0
China,CHN,1984,28000.0
China,CHN,1985,219400.0
China,CHN,1986,14446056.0
China,CHN,1987,2383430.0
China,CHN,1988,74882937.0
China,CHN,1989,138028944.0
China,CHN,1990,48207591.0
China,CHN,1991,218592133.0
China,CHN,1992,28914168.0
China,CHN,1993,8657263.0
China,CHN,1994,222732011.0
China,CHN,1995,145837530.0
China,CHN,1996,169991482.0
China,CHN,1997,15064108.0
China,CHN,1998,253715764.0
China,CHN,1999,128378610.0
China,CHN,2000,23285296.0
China,CHN,2001,39845677.0
China,CHN,2002,285222290.0
China,CHN,2003,216405493.0
China,CHN,2004,52512204.0
China,CHN,2005,83309097.0
China,CHN,2006,88327885.0
China,CHN,2007,120098446.0
China,CHN,2008,87719105.0
China,CHN,2009,93218060.0
China,CHN,2010,186576918.0
China,CHN,2011,153081884.0
China,CHN,2012,43583827.0
China,CHN,2013,24029604.0
China,CHN,2014,62517194.0
China,CHN,2015,3563856.0
China,CHN,2016,71912695.0
China,CHN,2017,14640814.0
China,CHN,2018,8308100.0
China,CHN,2019,5040381.0
China,CHN,2020,14902655.0
China,CHN,2021,17798134.0
China,CHN,2022,6109200.0
China,CHN,2023,2253908.0
China,CHN,2024,190579.0
China,CHN,2025,400688.0
Colombia,COL,1959,0.0
Colombia,COL,1962,0.0
Colombia,COL,1968,1083.0
Colombia,COL,1969,70000.0
Colombia,COL,1970,5109000.0
Colombia,COL,1971,0.0
Colombia,COL,1973,5172.0
Colombia,COL,1976,0.0
Colombia,COL,1979,102000.0
Colombia,COL,1980,50.0
Colombia,COL,1981,0.0
Colombia,COL,1982,0.0
Colombia,COL,1983,540.0
Colombia,COL,1984,1940000.0
Colombia,COL,1986,278000.0
Colombia,COL,1987,850.0
Colombia,COL,1988,230800.0
Colombia,COL,1989,0.0
Colombia,COL,1990,20625.0
Colombia,COL,1991,0.0
Colombia,COL,1993,80283.0
Colombia,COL,1994,17969.0
Colombia,COL,1995,86000.0
Colombia,COL,1996,180200.0
Colombia,COL,1997,15000.0
Colombia,COL,1998,100000.0
Colombia,COL,1999,151390.0
Colombia,COL,2000,79000.0
Colombia,COL,2001,13700.0
Colombia,COL,2002,124538.0
Colombia,COL,2003,39752.0
Colombia,COL,2004,531482.0
Colombia,COL,2005,604940.0
Colombia,COL,2006,221465.0
Colombia,COL,2007,2671487.0
Colombia,COL,2008,1080081.0
Colombia,COL,2009,151260.0
Colombia,COL,2010,2248331.0
Colombia,COL,2011,2035952.0
Colombia,COL,2012,81518.0
Colombia,COL,2013,51781.0
Colombia,COL,2014,72232.0
Colombia,COL,2015,127105.0
Colombia,COL,2016,2272.0
Colombia,COL,2017,30853.0
Colombia,COL,2018,60000.0
Colombia,COL,2019,39897.0
Colombia,COL,2020,334417.0
Colombia,COL,2021,50457.0
Colombia,COL,2022,236812.0
Colombia,COL,2023,45588.0
Colombia,COL,2024,1405102.0
Colombia,COL,2025,427957.0
Comoros,COM,1951,0.0
Comoros,COM,1983,30052.0
Comoros,COM,1985,35000.0
Comoros,COM,1987,50000.0
Comoros,COM,1989,0.0
Comoros,COM,2003,300.0
Comoros,COM,2009,2500.0
Comoros,COM,2012,65137.0
Comoros,COM,2014,9511.0
Comoros,COM,2019,345311.0
Comoros,COM,2024,64155.0
Republic of the Congo,COG,1983,0.0
Republic of the Congo,COG,1994,16500.0
Republic of the Congo,COG,1998,20000.0
Republic of the Congo,COG,1999,42000.0
Republic of the Congo,COG,2002,48350.0
Republic of the Congo,COG,2003,4650.0
Republic of the Congo,COG,2005,2000.0
Republic of the Congo,COG,2006,5000.0
Republic of the Congo,COG,2007,25000.0
Republic of the Congo,COG,2012,9614.0
Republic of the Congo,COG,2019,94122.0
Republic of the Congo,COG,2020,224878.0
Republic of the Congo,COG,2021,46652.0
Republic of the Congo,COG,2022,164679.0
Republic of the Congo,COG,2023,1125000.0
Republic of the Congo,COG,2024,675000.0
Republic of the Congo,COG,2025,61555.0
Costa Rica,CRI,1969,4603.0
Costa Rica,CRI,1970,15240.0
Costa Rica,CRI,1973,0.0
Costa Rica,CRI,1976,0.0
Costa Rica,CRI,1980,1350.0
Costa Rica,CRI,1988,140000.0
Costa Rica,CRI,1991,185021.0
Costa Rica,CRI,1992,1200.0
Costa Rica,CRI,1993,38451.0
Costa Rica,CRI,1994,2556.0
Costa Rica,CRI,1995,8062.0
Costa Rica,CRI,1996,736000.0
Costa Rica,CRI,1998,16700.0
Costa Rica,CRI,1999,9993.0
Costa Rica,CRI,2001,1437.0
Costa Rica,CRI,2002,95040.0
Costa Rica,CRI,2003,2500.0
Costa Rica,CRI,2004,3056.0
Costa Rica,CRI,2005,4072.0
Costa Rica,CRI,2007,24500.0
Costa Rica,CRI,2008,209498.0
Costa Rica,CRI,2010,3106.0
Costa Rica,CRI,2011,46695.0
Costa Rica,CRI,2012,9523.0
Costa Rica,CRI,2015,9666.0
Costa Rica,CRI,2016,50000.0
Costa Rica,CRI,2017,11500.0
Costa Rica,CRI,2018,125190.0
Costa Rica,CRI,2019,0.0
Costa Rica,CRI,2020,25000.0
Costa Rica,CRI,2021,200000.0
Costa Rica,CRI,2022,300000.0
Costa Rica,CRI,2024,1102086.0
Costa Rica,CRI,2025,400000.0
Ivory Coast,CIV,1983,0.0
Ivory Coast,CIV,1989,7000.0
Ivory Coast,CIV,1996,0.0
Ivory Coast,CIV,2007,2000.0
Ivory Coast,CIV,2008,450.0
Ivory Coast,CIV,2010,6425.0
Ivory Coast,CIV,2014,0.0
Ivory Coast,CIV,2015,0.0
Ivory Coast,CIV,2016,0.0
Ivory Coast,CIV,2017,225.0
Ivory Coast,CIV,2018,25000.0
Ivory Coast,CIV,2019,14646.0
Ivory Coast,CIV,2020,18657.0
Ivory Coast,CIV,2022,11592.0
Ivory Coast,CIV,2024,227.0
Croatia,HRV,1997,0.0
Croatia,HRV,2000,800.0
Croatia,HRV,2001,1200.0
Croatia,HRV,2003,0.0
Croatia,HRV,2005,250.0
Croatia,HRV,2006,0.0
Croatia,HRV,2007,26.0
Croatia,HRV,2010,1110.0
Croatia,HRV,2012,1500.0
Croatia,HRV,2014,9116.0
Croatia,HRV,2015,1200.0
Croatia,HRV,2017,8080.0
Croatia,HRV,2018,471.0
Croatia,HRV,2019,65.0
Croatia,HRV,2022,0.0
Croatia,HRV,2023,6277.0
Croatia,HRV,2024,0.0
Croatia,HRV,2025,0.0
Cuba,CUB,1909,0.0
Cuba,CUB,1912,0.0
Cuba,CUB,1926,0.0
Cuba,CUB,1932,0.0
Cuba,CUB,1933,0.0
Cuba,CUB,1935,500.0
Cuba,CUB,1944,0.0
Cuba,CUB,1948,300.0
Cuba,CUB,1955,205.0
Cuba,CUB,1963,0.0
Cuba,CUB,1964,0.0
Cuba,CUB,1966,174030.0
Cuba,CUB,1968,0.0
Cuba,CUB,1970,0.0
Cuba,CUB,1972,0.0
Cuba,CUB,1977,18000.0
Cuba,CUB,1978,170.0
Cuba,CUB,1980,0.0
Cuba,CUB,1982,180000.0
Cuba,CUB,1983,164575.0
Cuba,CUB,1985,501891.0
Cuba,CUB,1986,7500.0
Cuba,CUB,1987,0.0
Cuba,CUB,1988,151512.0
Cuba,CUB,1990,11000.0
Cuba,CUB,1992,9127.0
Cuba,CUB,1993,721775.0
Cuba,CUB,1994,149158.0
Cuba,CUB,1995,33343.0
Cuba,CUB,1996,347542.0
Cuba,CUB,1997,35000.0
Cuba,CUB,1998,967000.0
Cuba,CUB,1999,254990.0
Cuba,CUB,2000,675.0
Cuba,CUB,2001,5900012.0
Cuba,CUB,2002,358970.0
Cuba,CUB,2003,600.0
Cuba,CUB,2004,247250.0
Cuba,CUB,2005,2600000.0
Cuba,CUB,2006,1768.0
Cuba,CUB,2007,210488.0
Cuba,CUB,2008,519464.0
Cuba,CUB,2012,211101.0
Cuba,CUB,2013,227.0
Cuba,CUB,2015,110089.0
Cuba,CUB,2016,190000.0
Cuba,CUB,2017,10000000.0
Cuba,CUB,2018,40540.0
Cuba,CUB,2019,10111.0
Cuba,CUB,2020,4333.0
Cuba,CUB,2021,0.0
Cuba,CUB,2022,3209080.0
Cuba,CUB,2023,18500.0
Cuba,CUB,2024,4590000.0
Cuba,CUB,2025,2200017.0
Cyprus,CYP,1969,3100.0
Cyprus,CYP,1983,0.0
Cyprus,CYP,1998,100.0
Cyprus,CYP,2000,400.0
Cyprus,CYP,2003,30.0
Cyprus,CYP,2004,10.0
Cyprus,CYP,2007,0.0
Cyprus,CYP,2021,150.0
Cyprus,CYP,2022,0.0
Cyprus,CYP,2023,0.0
Cyprus,CYP,2024,469.0
Cyprus,CYP,2025,599.0
Czechia,CZE,1996,60.0
Czechia,CZE,1997,102107.0
Czechia,CZE,1998,5380.0
Czechia,CZE,2000,0.0
Czechia,CZE,2002,200000.0
Czechia,CZE,2003,0.0
Czechia,CZE,2005,3.0
Czechia,CZE,2006,4315.0
Czechia,CZE,2007,300.0
Czechia,CZE,2008,0.0
Czechia,CZE,2009,14462.0
Czechia,CZE,2010,1400.0
Czechia,CZE,2012,0.0
Czechia,CZE,2013,1300000.0
Czechia,CZE,2017,600.0
Czechia,CZE,2018,0.0
Czechia,CZE,2020,29.0
Czechia,CZE,2021,3815.0
Czechia,CZE,2022,3.0
Czechia,CZE,2023,0.0
Czechia,CZE,2024,250000.0
Democratic Republic of the Congo,COD,1978,250000.0
Democratic Republic of the Congo,COD,1979,250000.0
Democratic Republic of the Congo,COD,1984,300000.0
Democratic Republic of the Congo,COD,1990,27500.0
Democratic Republic of the Congo,COD,1994,50.0
Democratic Republic of the Congo,COD,1997,35506.0
Democratic Republic of the Congo,COD,1999,78000.0
Democratic Republic of the Congo,COD,2001,13026.0
Democratic Republic of the Congo,COD,2002,2540.0
Democratic Republic of the Congo,COD,2003,24054.0
Democratic Republic of the Congo,COD,2005,5389.0
Democratic Republic of the Congo,COD,2006,88036.0
Democratic Republic of the Congo,COD,2007,1600.0
Democratic Republic of the Congo,COD,2008,510.0
Democratic Republic of the Congo,COD,2009,5125.0
Democratic Republic of the Congo,COD,2010,73270.0
Democratic Republic of the Congo,COD,2011,8000.0
Democratic Republic of the Congo,COD,2012,4535.0
Democratic Republic of the Congo,COD,2014,4750.0
Democratic Republic of the Congo,COD,2015,247563.0
Democratic Republic of the Congo,COD,2016,12635.0
Democratic Republic of the Congo,COD,2017,500.0
Democratic Republic of the Congo,COD,2018,15760.0
Democratic Republic of the Congo,COD,2019,399894.0
Democratic Republic of the Congo,COD,2020,231506.0
Democratic Republic of the Congo,COD,2022,26233517.0
Democratic Republic of the Congo,COD,2023,53845.0
Democratic Republic of the Congo,COD,2024,2479957.0
Democratic Republic of the Congo,COD,2025,283464.0
Denmark,DNK,1976,0.0
Denmark,DNK,1980,0.0
Denmark,DNK,1981,0.0
Denmark,DNK,1983,0.0
Denmark,DNK,1985,0.0
Denmark,DNK,1990,0.0
Denmark,DNK,1992,0.0
Denmark,DNK,1999,240.0
Denmark,DNK,2002,0.0
Denmark,DNK,2005,0.0
Denmark,DNK,2007,0.0
Denmark,DNK,2010,0.0
Denmark,DNK,2013,0.0
Denmark,DNK,2022,3.0
Denmark,DNK,2023,0.0
Denmark,DNK,2024,0.0
Djibouti,DJI,1977,91000.0
Djibouti,DJI,1978,106000.0
Djibouti,DJI,1980,145000.0
Djibouti,DJI,1981,102000.0
Djibouti,DJI,1983,39945.0
Djibouti,DJI,1984,40055.0
Djibouti,DJI,1988,30000.0
Djibouti,DJI,1989,150300.0
Djibouti,DJI,1993,20000.0
Djibouti,DJI,1994,120000.0
Djibouti,DJI,1995,775.0
Djibouti,DJI,1996,100000.0
Djibouti,DJI,2001,100000.0
Djibouti,DJI,2004,100000.0
Djibouti,DJI,2005,104430.0
Djibouti,DJI,2006,45570.0
Djibouti,DJI,2007,42750.0
Djibouti,DJI,2008,113952.0
Djibouti,DJI,2009,226048.0
Djibouti,DJI,2010,44746.0
Djibouti,DJI,2011,155512.0
Djibouti,DJI,2018,25000.0
Djibouti,DJI,2019,250000.0
Djibouti,DJI,2020,110000.0
Djibouti,DJI,2022,192168.0
Dominica,DMA,1956,0.0
Dominica,DMA,1963,0.0
Dominica,DMA,1970,0.0
Dominica,DMA,1979,72100.0
Dominica,DMA,1980,0.0
Dominica,DMA,1984,10000.0
Dominica,DMA,1989,710.0
Dominica,DMA,1995,5001.0
Dominica,DMA,1999,715.0
Dominica,DMA,2007,7530.0
Dominica,DMA,2011,240.0
Dominica,DMA,2015,28594.0
Dominica,DMA,2017,71393.0
Dominican Republic,DOM,1926,0.0
Dominican Republic,DOM,1930,12000.0
Dominican Republic,DOM,1963,0.0
Dominican Republic,DOM,1964,0.0
Dominican Republic,DOM,1965,0.0
Dominican Republic,DOM,1966,12942.0
Dominican Republic,DOM,1968,240000.0
Dominican Republic,DOM,1975,0.0
Dominican Republic,DOM,1979,1555000.0
Dominican Republic,DOM,1980,0.0
Dominican Republic,DOM,1981,150000.0
Dominican Republic,DOM,1983,0.0
Dominican Republic,DOM,1985,895.0
Dominican Republic,DOM,1986,2000.0
Dominican Republic,DOM,1987,0.0
Dominican Republic,DOM,1988,1191150.0
Dominican Republic,DOM,1989,0.0
Dominican Republic,DOM,1991,0.0
Dominican Republic,DOM,1993,20000.0
Dominican Republic,DOM,1995,2830.0
Dominican Republic,DOM,1996,26000.0
Dominican Republic,DOM,1998,975595.0
Dominican Republic,DOM,2001,175.0
Dominican Republic,DOM,2002,1750.0
Dominican Republic,DOM,2003,75463.0
Dominican Republic,DOM,2004,24261.0
Dominican Republic,DOM,2005,2450.0
Dominican Republic,DOM,2007,162763.0
Dominican Republic,DOM,2008,17002.0
Dominican Republic,DOM,2009,14565.0
Dominican Republic,DOM,2010,47200.0
Dominican Republic,DOM,2011,55200.0
Dominican Republic,DOM,2012,57085.0
Dominican Republic,DOM,2013,0.0
Dominican Republic,DOM,2014,300.0
Dominican Republic,DOM,2015,23333.0
Dominican Republic,DOM,2016,2795448.0
Dominican Republic,DOM,2017,42587.0
Dominican Republic,DOM,2018,15390.0
Dominican Republic,DOM,2020,15595.0
Dominican Republic,DOM,2021,4178.0
Dominican Republic,DOM,2022,1435269.0
Dominican Republic,DOM,2023,600402.0
Dominican Republic,DOM,2024,30000.0
Dominican Republic,DOM,2025,1277237.0
Germany,OWID_GDR,1985,0.0
Timor-Leste,TLS,2001,2508.0
Timor-Leste,TLS,2003,825.0
Timor-Leste,TLS,2004,225.0
Timor-Leste,TLS,2006,8730.0
Timor-Leste,TLS,2007,947.0
Timor-Leste,TLS,2016,120000.0
Timor-Leste,TLS,2020,9131.0
Timor-Leste,TLS,2021,143670.0
Ecuador,ECU,1950,0.0
Ecuador,ECU,1953,0.0
Ecuador,ECU,1964,600000.0
Ecuador,ECU,1965,50000.0
Ecuador,ECU,1967,20500.0
Ecuador,ECU,1970,150600.0
Ecuador,ECU,1971,2400.0
Ecuador,ECU,1973,30000.0
Ecuador,ECU,1982,156410.0
Ecuador,ECU,1983,743590.0
Ecuador,ECU,1985,800.0
Ecuador,ECU,1987,10000.0
Ecuador,ECU,1989,30000.0
Ecuador,ECU,1992,205000.0
Ecuador,ECU,1994,0.0
Ecuador,ECU,1997,65654.0
Ecuador,ECU,1998,17353.0
Ecuador,ECU,2000,32.0
Ecuador,ECU,2001,9530.0
Ecuador,ECU,2002,54633.0
Ecuador,ECU,2003,7905.0
Ecuador,ECU,2006,57670.0
Ecuador,ECU,2008,289122.0
Ecuador,ECU,2009,27200.0
Ecuador,ECU,2010,99047.0
Ecuador,ECU,2011,3600.0
Ecuador,ECU,2012,73805.0
Ecuador,ECU,2013,28732.0
Ecuador,ECU,2015,1185.0
Ecuador,ECU,2016,33955.0
Ecuador,ECU,2019,3000.0
Ecuador,ECU,2020,290.0
Ecuador,ECU,2021,18464.0
Ecuador,ECU,2022,35379.0
Ecuador,ECU,2023,80950.0
Ecuador,ECU,2024,117498.0
Ecuador,ECU,2025,189298.0
Egypt,EGY,1954,0.0
Egypt,EGY,1975,0.0
Egypt,EGY,1979,81000.0
Egypt,EGY,1987,11.0
Egypt,EGY,1991,208.0
Egypt,EGY,1994,160660.0
Egypt,EGY,1995,3000.0
Egypt,EGY,1996,260.0
Egypt,EGY,1997,60.0
Egypt,EGY,2000,105.0
Egypt,EGY,2002,870.0
Egypt,EGY,2004,42.0
Egypt,EGY,2010,3540.0
Egypt,EGY,2015,201.0
Egypt,EGY,2016,32572.0
Egypt,EGY,2020,20400.0
Egypt,EGY,2021,6235.0
Egypt,EGY,2025,6000.0
El Salvador,SLV,1934,0.0
El Salvador,SLV,1969,4640.0
El Salvador,SLV,1974,0.0
El Salvador,SLV,1982,68000.0
El Salvador,SLV,1988,39060.0
El Salvador,SLV,1989,0.0
El Salvador,SLV,1992,8000.0
El Salvador,SLV,1994,0.0
El Salvador,SLV,1995,1500.0
El Salvador,SLV,1996,0.0
El Salvador,SLV,1997,2000.0
El Salvador,SLV,1998,84000.0
El Salvador,SLV,1999,5450.0
El Salvador,SLV,2000,500.0
El Salvador,SLV,2001,401000.0
El Salvador,SLV,2002,600.0
El Salvador,SLV,2005,74473.0
El Salvador,SLV,2006,0.0
El Salvador,SLV,2007,3300.0
El Salvador,SLV,2008,3000.0
El Salvador,SLV,2009,90000.0
El Salvador,SLV,2010,11753.0
El Salvador,SLV,2011,300000.0
El Salvador,SLV,2015,320312.0
El Salvador,SLV,2016,399688.0
El Salvador,SLV,2017,584.0
El Salvador,SLV,2018,279252.0
El Salvador,SLV,2019,114457.0
El Salvador,SLV,2020,149840.0
El Salvador,SLV,2021,300.0
El Salvador,SLV,2022,9373.0
El Salvador,SLV,2023,500.0
El Salvador,SLV,2024,9050.0
Equatorial Guinea,GNQ,2025,23155.0
Eritrea,ERI,1993,1615675.0
Eritrea,ERI,1999,136252.0
Eritrea,ERI,2000,540566.0
Eritrea,ERI,2001,540566.0
Eritrea,ERI,2002,540566.0
Eritrea,ERI,2003,542050.0
Eritrea,ERI,2004,7013.0
Eritrea,ERI,2008,1700000.0
Estonia,EST,2005,100.0
Estonia,EST,2006,0.0
Estonia,EST,2011,6500.0
Estonia,EST,2012,0.0
Estonia,EST,2013,0.0
Estonia,EST,2018,0.0
Estonia,EST,2022,0.0
Estonia,EST,2023,0.0
Estonia,EST,2024,0.0
Eswatini,SWZ,1983,0.0
Eswatini,SWZ,1984,632500.0
Eswatini,SWZ,1990,8081.0
Eswatini,SWZ,1991,48357.0
Eswatini,SWZ,1992,48357.0
Eswatini,SWZ,1993,48357.0
Eswatini,SWZ,1994,48357.0
Eswatini,SWZ,1995,48491.0
Eswatini,SWZ,2000,272000.0
Eswatini,SWZ,2001,242334.0
Eswatini,SWZ,2002,242334.0
Eswatini,SWZ,2003,242334.0
Eswatini,SWZ,2004,242998.0
Eswatini,SWZ,2005,1150.0
Eswatini,SWZ,2006,6535.0
Eswatini,SWZ,2007,411500.0
Eswatini,SWZ,2008,2500.0
Eswatini,SWZ,2014,400.0
Eswatini,SWZ,2016,418324.0
Eswatini,SWZ,2017,73676.0
Eswatini,SWZ,2019,232000.0
Eswatini,SWZ,2021,0.0
Eswatini,SWZ,2022,1058.0
Ethiopia,ETH,1965,1500000.0
Ethiopia,ETH,1968,16000.0
Ethiopia,ETH,1969,1700000.0
Ethiopia,ETH,1973,50080.0
Ethiopia,ETH,1974,589660.0
Ethiopia,ETH,1975,589660.0
Ethiopia,ETH,1976,659660.0
Ethiopia,ETH,1977,605660.0
Ethiopia,ETH,1978,592280.0
Ethiopia,ETH,1981,20000.0
Ethiopia,ETH,1983,3107610.0
Ethiopia,ETH,1984,4642390.0
Ethiopia,ETH,1985,28000.0
Ethiopia,ETH,1987,7000000.0
Ethiopia,ETH,1988,47240.0
Ethiopia,ETH,1989,311783.0
Ethiopia,ETH,1990,1586965.0
Ethiopia,ETH,1991,1236965.0
Ethiopia,ETH,1992,1236965.0
Ethiopia,ETH,1993,1271765.0
Ethiopia,ETH,1994,1283371.0
Ethiopia,ETH,1995,93875.0
Ethiopia,ETH,1996,115000.0
Ethiopia,ETH,1997,1051222.0
Ethiopia,ETH,1998,0.0
Ethiopia,ETH,1999,1372255.0
Ethiopia,ETH,2000,3705005.0
Ethiopia,ETH,2001,39500.0
Ethiopia,ETH,2002,4000.0
Ethiopia,ETH,2003,6401381.0
Ethiopia,ETH,2004,6308619.0
Ethiopia,ETH,2005,614718.0
Ethiopia,ETH,2006,2661846.0
Ethiopia,ETH,2007,245386.0
Ethiopia,ETH,2008,2972542.0
Ethiopia,ETH,2009,7265937.0
Ethiopia,ETH,2010,2558661.0
Ethiopia,ETH,2011,4469676.0
Ethiopia,ETH,2012,1376203.0
Ethiopia,ETH,2013,51500.0
Ethiopia,ETH,2015,2257310.0
Ethiopia,ETH,2016,6616435.0
Ethiopia,ETH,2017,2029935.0
Ethiopia,ETH,2019,200000.0
Ethiopia,ETH,2020,1229854.0
Ethiopia,ETH,2021,5480263.0
Ethiopia,ETH,2022,22331030.0
Ethiopia,ETH,2023,5093538.0
Ethiopia,ETH,2024,181548.0
Ethiopia,ETH,2025,38624.0
Fiji,FJI,1931,0.0
Fiji,FJI,1941,0.0
Fiji,FJI,1952,800.0
Fiji,FJI,1958,0.0
Fiji,FJI,1964,18000.0
Fiji,FJI,1965,10000.0
Fiji,FJI,1972,120000.0
Fiji,FJI,1973,6150.0
Fiji,FJI,1975,23000.0
Fiji,FJI,1978,0.0
Fiji,FJI,1979,35900.0
Fiji,FJI,1980,35250.0
Fiji,FJI,1981,4700.0
Fiji,FJI,1983,242146.0
Fiji,FJI,1985,122000.0
Fiji,FJI,1986,218000.0
Fiji,FJI,1987,3369.0
Fiji,FJI,1989,0.0
Fiji,FJI,1990,6000.0
Fiji,FJI,1992,2000.0
Fiji,FJI,1993,160003.0
Fiji,FJI,1997,3500.0
Fiji,FJI,1998,263455.0
Fiji,FJI,1999,1772.0
Fiji,FJI,2003,30000.0
Fiji,FJI,2004,5600.0
Fiji,FJI,2006,392.0
Fiji,FJI,2007,969.0
Fiji,FJI,2008,0.0
Fiji,FJI,2009,14401.0
Fiji,FJI,2010,39101.0
Fiji,FJI,2012,27945.0
Fiji,FJI,2015,67000.0
Fiji,FJI,2016,545558.0
Fiji,FJI,2018,179200.0
Fiji,FJI,2019,7780.0
Fiji,FJI,2020,205115.0
Fiji,FJI,2021,82751.0
Fiji,FJI,2022,69564.0
Fiji,FJI,2023,230000.0
Finland,FIN,1990,0.0
Finland,FIN,2005,400.0
Finland,FIN,2022,0.0
Finland,FIN,2023,0.0
Finland,FIN,2024,0.0
France,FRA,1910,0.0
France,FRA,1930,16200.0
France,FRA,1940,9000.0
France,FRA,1949,0.0
France,FRA,1958,6900.0
France,FRA,1967,0.0
France,FRA,1969,0.0
France,FRA,1977,25000.0
France,FRA,1978,1000.0
France,FRA,1979,2.0
France,FRA,1980,313.0
France,FRA,1981,2300.0
France,FRA,1982,18.0
France,FRA,1983,3712.0
France,FRA,1984,2000.0
France,FRA,1985,130.0
France,FRA,1986,2000.0
France,FRA,1987,0.0
France,FRA,1988,45000.0
France,FRA,1989,0.0
France,FRA,1990,0.0
France,FRA,1991,0.0
France,FRA,1992,7000.0
France,FRA,1993,1720.0
France,FRA,1994,410.0
France,FRA,1995,5000.0
France,FRA,1996,1380.0
France,FRA,1997,11259.0
France,FRA,1998,690.0
France,FRA,1999,3504142.0
France,FRA,2000,2509.0
France,FRA,2001,17302.0
France,FRA,2002,13053.0
France,FRA,2003,30074.0
France,FRA,2004,0.0
France,FRA,2005,4000.0
France,FRA,2006,602.0
France,FRA,2007,900.0
France,FRA,2008,2706.0
France,FRA,2009,200.0
France,FRA,2010,501079.0
France,FRA,2011,2300.0
France,FRA,2012,0.0
France,FRA,2013,3200.0
France,FRA,2014,4000.0
France,FRA,2015,750.0
France,FRA,2016,24.0
France,FRA,2017,12183.0
France,FRA,2018,4256.0
France,FRA,2019,2558.0
France,FRA,2020,13917.0
France,FRA,2021,2402.0
France,FRA,2022,60378.0
France,FRA,2023,523126.0
France,FRA,2024,6893.0
France,FRA,2025,2142.0
Gabon,GAB,1988,10000.0
Gabon,GAB,2009,800.0
Gabon,GAB,2010,2647.0
Gabon,GAB,2011,883.0
Gabon,GAB,2012,77845.0
Gabon,GAB,2023,3000.0
Gabon,GAB,2024,13400.0
Gambia,GMB,1910,0.0
Gambia,GMB,1911,0.0
Gambia,GMB,1912,0.0
Gambia,GMB,1913,0.0
Gambia,GMB,1914,0.0
Gambia,GMB,1940,0.0
Gambia,GMB,1941,0.0
Gambia,GMB,1942,0.0
Gambia,GMB,1943,0.0
Gambia,GMB,1944,0.0
Gambia,GMB,1968,180000.0
Gambia,GMB,1971,29983.0
Gambia,GMB,1972,29983.0
Gambia,GMB,1973,34983.0
Gambia,GMB,1974,29983.0
Gambia,GMB,1975,30068.0
Gambia,GMB,1977,0.0
Gambia,GMB,1978,0.0
Gambia,GMB,1980,31314.0
Gambia,GMB,1981,93685.0
Gambia,GMB,1982,93685.0
Gambia,GMB,1983,93685.0
Gambia,GMB,1984,93685.0
Gambia,GMB,1985,93946.0
Gambia,GMB,1996,4000.0
Gambia,GMB,1999,32000.0
Gambia,GMB,2001,250.0
Gambia,GMB,2002,0.0
Gambia,GMB,2003,8019.0
Gambia,GMB,2004,6137.0
Gambia,GMB,2007,300.0
Gambia,GMB,2008,700.0
Gambia,GMB,2009,16608.0
Gambia,GMB,2010,38961.0
Gambia,GMB,2012,428000.0
Gambia,GMB,2013,3300.0
Gambia,GMB,2015,63100.0
Gambia,GMB,2017,20000.0
Gambia,GMB,2019,15101.0
Gambia,GMB,2021,16949.0
Gambia,GMB,2022,17201.0
Gambia,GMB,2025,21377.0
Georgia,GEO,1995,300.0
Georgia,GEO,1997,500.0
Georgia,GEO,2000,205575.0
Georgia,GEO,2001,491325.0
Georgia,GEO,2004,90.0
Georgia,GEO,2005,2500.0
Georgia,GEO,2006,600.0
Georgia,GEO,2011,1750.0
Georgia,GEO,2012,106036.0
Georgia,GEO,2013,26750.0
Georgia,GEO,2014,12000.0
Georgia,GEO,2015,10320.0
Georgia,GEO,2018,1143.0
Georgia,GEO,2019,5088.0
Georgia,GEO,2020,5133.0
Georgia,GEO,2021,1780.0
Georgia,GEO,2022,5200.0
Georgia,GEO,2023,350000.0
Georgia,GEO,2025,48870.0
Germany,DEU,1990,0.0
Germany,DEU,1991,0.0
Germany,DEU,1993,92307.0
Germany,DEU,1994,7693.0
Germany,DEU,1995,30000.0
Germany,DEU,1996,0.0
Germany,DEU,1997,6500.0
Germany,DEU,1998,15.0
Germany,DEU,1999,100000.0
Germany,DEU,2002,330127.0
Germany,DEU,2003,0.0
Germany,DEU,2004,0.0
Germany,DEU,2005,617.0
Germany,DEU,2006,1300.0
Germany,DEU,2007,130.0
Germany,DEU,2008,0.0
Germany,DEU,2009,0.0
Germany,DEU,2010,1400.0
Germany,DEU,2012,0.0
Germany,DEU,2013,6352.0
Germany,DEU,2014,1.0
Germany,DEU,2016,0.0
Germany,DEU,2017,624.0
Germany,DEU,2018,12.0
Germany,DEU,2019,0.0
Germany,DEU,2020,33.0
Germany,DEU,2021,1604.0
Germany,DEU,2022,2.0
Germany,DEU,2023,0.0
Germany,DEU,2024,3407.0
Ghana,GHA,1968,25000.0
Ghana,GHA,1971,12000.0
Ghana,GHA,1977,0.0
Ghana,GHA,1983,1397326.0
Ghana,GHA,1984,5543742.0
Ghana,GHA,1985,5560432.0
Ghana,GHA,1989,2800.0
Ghana,GHA,1991,2000000.0
Ghana,GHA,1995,700000.0
Ghana,GHA,1999,324602.0
Ghana,GHA,2001,144025.0
Ghana,GHA,2002,2200.0
Ghana,GHA,2007,332600.0
Ghana,GHA,2008,58000.0
Ghana,GHA,2009,159545.0
Ghana,GHA,2010,17174.0
Ghana,GHA,2011,94044.0
Ghana,GHA,2013,25000.0
Ghana,GHA,2015,5000.0
Ghana,GHA,2016,0.0
Ghana,GHA,2017,1000012.0
Ghana,GHA,2018,100000.0
Ghana,GHA,2019,26102.0
Ghana,GHA,2020,200.0
Ghana,GHA,2021,326.0
Ghana,GHA,2022,5000.0
Ghana,GHA,2023,41114.0
Greece,GRC,1907,6000.0
Greece,GRC,1924,0.0
Greece,GRC,1925,0.0
Greece,GRC,1930,0.0
Greece,GRC,1937,800.0
Greece,GRC,1961,0.0
Greece,GRC,1977,1600.0
Greece,GRC,1979,4000.0
Greece,GRC,1983,0.0
Greece,GRC,1984,200.0
Greece,GRC,1985,0.0
Greece,GRC,1987,0.0
Greece,GRC,1988,0.0
Greece,GRC,1990,0.0
Greece,GRC,1991,0.0
Greece,GRC,1994,1000.0
Greece,GRC,1995,2014.0
Greece,GRC,1997,0.0
Greece,GRC,1998,1200.0
Greece,GRC,2000,6885.0
Greece,GRC,2001,1050.0
Greece,GRC,2002,402.0
Greece,GRC,2003,450.0
Greece,GRC,2004,0.0
Greece,GRC,2006,3690.0
Greece,GRC,2007,5992.0
Greece,GRC,2009,1040.0
Greece,GRC,2010,150.0
Greece,GRC,2012,200.0
Greece,GRC,2014,2320.0
Greece,GRC,2015,500.0
Greece,GRC,2016,200.0
Greece,GRC,2017,6024.0
Greece,GRC,2018,4718.0
Greece,GRC,2019,123.0
Greece,GRC,2020,3450.0
Greece,GRC,2021,7500.0
Greece,GRC,2022,55000.0
Greece,GRC,2023,24521.0
Greece,GRC,2024,900.0
Greece,GRC,2025,0.0
Grenada,GRD,1963,0.0
Grenada,GRD,1975,0.0
Grenada,GRD,1980,0.0
Grenada,GRD,1990,1000.0
Grenada,GRD,1999,210.0
Grenada,GRD,2002,75.0
Grenada,GRD,2004,113700.0
Grenada,GRD,2005,0.0
Grenada,GRD,2010,0.0
Grenada,GRD,2024,112027.0
Guatemala,GTM,1949,0.0
Guatemala,GTM,1961,0.0
Guatemala,GTM,1969,10200.0
Guatemala,GTM,1973,1000.0
Guatemala,GTM,1974,0.0
Guatemala,GTM,1982,20256.0
Guatemala,GTM,1987,42965.0
Guatemala,GTM,1988,42550.0
Guatemala,GTM,1989,0.0
Guatemala,GTM,1994,600.0
Guatemala,GTM,1995,7435.0
Guatemala,GTM,1996,0.0
Guatemala,GTM,1998,105700.0
Guatemala,GTM,1999,6023.0
Guatemala,GTM,2000,2986.0
Guatemala,GTM,2001,121892.0
Guatemala,GTM,2002,100240.0
Guatemala,GTM,2003,0.0
Guatemala,GTM,2005,475314.0
Guatemala,GTM,2006,0.0
Guatemala,GTM,2007,6001.0
Guatemala,GTM,2008,197300.0
Guatemala,GTM,2009,2510800.0
Guatemala,GTM,2010,403412.0
Guatemala,GTM,2011,537471.0
Guatemala,GTM,2012,266485.0
Guatemala,GTM,2014,417897.0
Guatemala,GTM,2015,604644.0
Guatemala,GTM,2016,538291.0
Guatemala,GTM,2017,45734.0
Guatemala,GTM,2018,1132866.0
Guatemala,GTM,2019,522532.0
Guatemala,GTM,2020,2874142.0
Guatemala,GTM,2021,24616.0
Guatemala,GTM,2022,3347334.0
Guatemala,GTM,2023,4400005.0
Guatemala,GTM,2024,670955.0
Guatemala,GTM,2025,4726.0
Guinea,GIN,1981,5000.0
Guinea,GIN,1982,0.0
Guinea,GIN,1983,0.0
Guinea,GIN,1993,6066.0
Guinea,GIN,1998,0.0
Guinea,GIN,2001,220000.0
Guinea,GIN,2004,777.0
Guinea,GIN,2006,1200.0
Guinea,GIN,2007,20685.0
Guinea,GIN,2008,4200.0
Guinea,GIN,2009,40000.0
Guinea,GIN,2010,48026.0
Guinea,GIN,2011,20143.0
Guinea,GIN,2013,11106.0
Guinea,GIN,2015,29628.0
Guinea,GIN,2017,3287.0
Guinea,GIN,2020,49541.0
Guinea,GIN,2021,71664.0
Guinea,GIN,2022,49536.0
Guinea,GIN,2023,25072.0
Guinea,GIN,2024,176000.0
Guinea,GIN,2025,10.0
Guinea-Bissau,GNB,1910,0.0
Guinea-Bissau,GNB,1911,0.0
Guinea-Bissau,GNB,1912,0.0
Guinea-Bissau,GNB,1913,0.0
Guinea-Bissau,GNB,1914,0.0
Guinea-Bissau,GNB,1940,0.0
Guinea-Bissau,GNB,1941,0.0
Guinea-Bissau,GNB,1942,0.0
Guinea-Bissau,GNB,1943,0.0
Guinea-Bissau,GNB,1944,0.0
Guinea-Bissau,GNB,1972,0.0
Guinea-Bissau,GNB,1973,0.0
Guinea-Bissau,GNB,1974,0.0
Guinea-Bissau,GNB,1975,0.0
Guinea-Bissau,GNB,1982,0.0
Guinea-Bissau,GNB,1983,0.0
Guinea-Bissau,GNB,1984,0.0
Guinea-Bissau,GNB,1985,0.0
Guinea-Bissau,GNB,1987,3703.0
Guinea-Bissau,GNB,1993,1722.0
Guinea-Bissau,GNB,1998,1500.0
Guinea-Bissau,GNB,2002,100000.0
Guinea-Bissau,GNB,2003,0.0
Guinea-Bissau,GNB,2004,1000.0
Guinea-Bissau,GNB,2006,32000.0
Guinea-Bissau,GNB,2008,750.0
Guinea-Bissau,GNB,2010,56792.0
Guinea-Bissau,GNB,2018,11541.0
Guinea-Bissau,GNB,2025,3032.0
Guyana,GUY,1971,21000.0
Guyana,GUY,1989,0.0
Guyana,GUY,1996,38000.0
Guyana,GUY,1997,203506.0
Guyana,GUY,1998,403694.0
Guyana,GUY,2005,274774.0
Guyana,GUY,2006,35000.0
Guyana,GUY,2008,100000.0
Guyana,GUY,2010,0.0
Guyana,GUY,2015,199000.0
Guyana,GUY,2017,3274.0
Guyana,GUY,2021,34500.0
Guyana,GUY,2022,500.0
Haiti,HTI,1909,0.0
Haiti,HTI,1915,0.0
Haiti,HTI,1935,0.0
Haiti,HTI,1954,250000.0
Haiti,HTI,1959,0.0
Haiti,HTI,1962,0.0
Haiti,HTI,1963,0.0
Haiti,HTI,1964,80000.0
Haiti,HTI,1966,67881.0
Haiti,HTI,1968,210217.0
Haiti,HTI,1972,40000.0
Haiti,HTI,1974,507000.0
Haiti,HTI,1975,0.0
Haiti,HTI,1977,450000.0
Haiti,HTI,1979,1110.0
Haiti,HTI,1980,1190802.0
Haiti,HTI,1981,25732.0
Haiti,HTI,1982,25732.0
Haiti,HTI,1983,25734.0
Haiti,HTI,1986,143860.0
Haiti,HTI,1987,8910.0
Haiti,HTI,1988,873901.0
Haiti,HTI,1989,24930.0
Haiti,HTI,1990,0.0
Haiti,HTI,1992,1000000.0
Haiti,HTI,1993,5000.0
Haiti,HTI,1994,1587000.0
Haiti,HTI,1996,155.0
Haiti,HTI,1998,12029.0
Haiti,HTI,1999,50.0
Haiti,HTI,2000,1200.0
Haiti,HTI,2001,5081.0
Haiti,HTI,2002,38589.0
Haiti,HTI,2003,179245.0
Haiti,HTI,2004,371677.0
Haiti,HTI,2005,42061.0
Haiti,HTI,2006,39700.0
Haiti,HTI,2007,220042.0
Haiti,HTI,2008,246276.0
Haiti,HTI,2009,12706.0
Haiti,HTI,2010,100229.0
Haiti,HTI,2011,7482.0
Haiti,HTI,2012,236322.0
Haiti,HTI,2013,33265.0
Haiti,HTI,2014,662582.0
Haiti,HTI,2015,414387.0
Haiti,HTI,2016,5295179.0
Haiti,HTI,2017,590199.0
Haiti,HTI,2019,4433.0
Haiti,HTI,2020,44175.0
Haiti,HTI,2021,13383.0
Haiti,HTI,2022,13000.0
Haiti,HTI,2023,225143.0
Haiti,HTI,2024,173830.0
Haiti,HTI,2025,2304137.0
Honduras,HND,1931,0.0
Honduras,HND,1934,0.0
Honduras,HND,1961,0.0
Honduras,HND,1965,106000.0
Honduras,HND,1969,8002.0
Honduras,HND,1971,0.0
Honduras,HND,1972,150205.0
Honduras,HND,1973,149795.0
Honduras,HND,1974,600000.0
Honduras,HND,1976,15000.0
Honduras,HND,1978,7500.0
Honduras,HND,1979,40000.0
Honduras,HND,1981,0.0
Honduras,HND,1982,20000.0
Honduras,HND,1984,0.0
Honduras,HND,1986,30000.0
Honduras,HND,1988,16137.0
Honduras,HND,1990,48000.0
Honduras,HND,1993,82447.0
Honduras,HND,1994,15500.0
Honduras,HND,1995,25022.0
Honduras,HND,1996,75000.0
Honduras,HND,1997,0.0
Honduras,HND,1998,2112000.0
Honduras,HND,1999,503001.0
Honduras,HND,2000,1125.0
Honduras,HND,2001,114352.0
Honduras,HND,2002,278294.0
Honduras,HND,2003,58710.0
Honduras,HND,2004,193259.0
Honduras,HND,2005,104669.0
Honduras,HND,2006,1500.0
Honduras,HND,2007,35000.0
Honduras,HND,2008,313357.0
Honduras,HND,2009,5659.0
Honduras,HND,2010,63550.0
Honduras,HND,2011,75274.0
Honduras,HND,2012,125000.0
Honduras,HND,2014,1165351.0
Honduras,HND,2015,880649.0
Honduras,HND,2016,450151.0
Honduras,HND,2017,48140.0
Honduras,HND,2018,260369.0
Honduras,HND,2019,106579.0
Honduras,HND,2020,5163484.0
Honduras,HND,2021,2503.0
Honduras,HND,2022,222457.0
Honduras,HND,2023,56958.0
Honduras,HND,2024,129216.0
Honduras,HND,2025,59073.0
Hungary,HUN,1970,0.0
Hungary,HUN,1984,0.0
Hungary,HUN,1986,0.0
Hungary,HUN,1992,0.0
Hungary,HUN,1996,200.0
Hungary,HUN,1997,0.0
Hungary,HUN,1999,133495.0
Hungary,HUN,2000,2000.0
Hungary,HUN,2001,10000.0
Hungary,HUN,2002,1430.0
Hungary,HUN,2003,0.0
Hungary,HUN,2004,393.0
Hungary,HUN,2005,0.0
Hungary,HUN,2006,32300.0
Hungary,HUN,2007,0.0
Hungary,HUN,2008,500.0
Hungary,HUN,2010,5000.0
Hungary,HUN,2012,0.0
Hungary,HUN,2013,62565.0
Hungary,HUN,2014,6500.0
Hungary,HUN,2016,2282.0
Hungary,HUN,2017,1298.0
Hungary,HUN,2018,0.0
Hungary,HUN,2019,150000.0
Hungary,HUN,2022,0.0
Hungary,HUN,2023,0.0
Hungary,HUN,2024,0.0
Iceland,ISL,1988,280.0
Iceland,ISL,2023,0.0
India,IND,1900,0.0
India,IND,1916,0.0
India,IND,1924,1000000.0
India,IND,1925,0.0
India,IND,1926,0.0
India,IND,1927,40010.0
India,IND,1928,2000.0
India,IND,1935,0.0
India,IND,1936,0.0
India,IND,1942,0.0
India,IND,1943,30000.0
India,IND,1944,0.0
India,IND,1945,2000.0
India,IND,1949,0.0
India,IND,1950,25000.0
India,IND,1952,1000000.0
India,IND,1953,0.0
India,IND,1955,375000.0
India,IND,1956,1077000.0
India,IND,1957,10000.0
India,IND,1958,25000.0
India,IND,1959,13000.0
India,IND,1960,160000.0
India,IND,1961,2000.0
India,IND,1962,40000.0
India,IND,1963,5000000.0
India,IND,1964,1436610.0
India,IND,1965,33333333.0
India,IND,1966,34383333.0
India,IND,1967,34333334.0
India,IND,1968,8515000.0
India,IND,1969,280092.0
India,IND,1970,10353000.0
India,IND,1971,7065000.0
India,IND,1972,104666873.0
India,IND,1973,99863202.0
India,IND,1974,25100.0
India,IND,1975,34002000.0
India,IND,1976,600000.0
India,IND,1977,15524800.0
India,IND,1978,32003200.0
India,IND,1979,39615772.0
India,IND,1980,32051023.0
India,IND,1981,16131700.0
India,IND,1982,75760769.0
India,IND,1983,64846524.0
India,IND,1984,20335000.0
India,IND,1985,11432000.0
India,IND,1986,3695100.0
India,IND,1987,318380000.0
India,IND,1988,24221200.0
India,IND,1989,3702000.0
India,IND,1990,4102000.0
India,IND,1991,8725000.0
India,IND,1992,3071100.0
India,IND,1993,129310500.0
India,IND,1994,12491200.0
India,IND,1995,32719000.0
India,IND,1996,16447110.0
India,IND,1997,30259020.0
India,IND,1998,34313593.0
India,IND,1999,41490008.0
India,IND,2000,71900426.0
India,IND,2001,49152665.0
India,IND,2002,342023500.0
India,IND,2003,8095859.0
India,IND,2004,33206000.0
India,IND,2005,28350161.0
India,IND,2006,7384478.0
India,IND,2007,38143033.0
India,IND,2008,13989068.0
India,IND,2009,11095118.0
India,IND,2010,4279488.0
India,IND,2011,12254119.0
India,IND,2012,4318360.0
India,IND,2013,16649477.0
India,IND,2014,6154064.0
India,IND,2015,181322840.0
India,IND,2016,169031719.0
India,IND,2017,22395095.0
India,IND,2018,27462998.0
India,IND,2019,28098860.0
India,IND,2020,19492502.0
India,IND,2021,3830788.0
India,IND,2022,2196260.0
India,IND,2023,15241308.0
India,IND,2024,18851855.0
India,IND,2025,3763988.0
Indonesia,IDN,1953,0.0
Indonesia,IDN,1956,0.0
Indonesia,IDN,1966,728100.0
Indonesia,IDN,1967,204000.0
Indonesia,IDN,1968,150000.0
Indonesia,IDN,1970,0.0
Indonesia,IDN,1972,1752393.0
Indonesia,IDN,1973,1747607.0
Indonesia,IDN,1974,2000.0
Indonesia,IDN,1976,20020.0
Indonesia,IDN,1977,293060.0
Indonesia,IDN,1978,298820.0
Indonesia,IDN,1979,34850.0
Indonesia,IDN,1980,3746.0
Indonesia,IDN,1981,352000.0
Indonesia,IDN,1982,39123.0
Indonesia,IDN,1983,417497.0
Indonesia,IDN,1984,362200.0
Indonesia,IDN,1985,14300.0
Indonesia,IDN,1986,128000.0
Indonesia,IDN,1987,28884.0
Indonesia,IDN,1988,100000.0
Indonesia,IDN,1989,61500.0
Indonesia,IDN,1990,21000.0
Indonesia,IDN,1991,240008.0
Indonesia,IDN,1992,265553.0
Indonesia,IDN,1993,267553.0
Indonesia,IDN,1994,3328771.0
Indonesia,IDN,1995,193014.0
Indonesia,IDN,1996,891657.0
Indonesia,IDN,1997,1097070.0
Indonesia,IDN,1998,102000.0
Indonesia,IDN,1999,16000.0
Indonesia,IDN,2000,475873.0
Indonesia,IDN,2001,85294.0
Indonesia,IDN,2002,592170.0
Indonesia,IDN,2003,388613.0
Indonesia,IDN,2004,81530.0
Indonesia,IDN,2005,14931.0
Indonesia,IDN,2006,528256.0
Indonesia,IDN,2007,746258.0
Indonesia,IDN,2008,466195.0
Indonesia,IDN,2009,36804.0
Indonesia,IDN,2010,56590.0
Indonesia,IDN,2011,19864.0
Indonesia,IDN,2012,43870.0
Indonesia,IDN,2013,591276.0
Indonesia,IDN,2014,423227.0
Indonesia,IDN,2015,476973.0
Indonesia,IDN,2016,392009.0
Indonesia,IDN,2017,341915.0
Indonesia,IDN,2018,143464.0
Indonesia,IDN,2019,553054.0
Indonesia,IDN,2020,1263797.0
Indonesia,IDN,2021,1429579.0
Indonesia,IDN,2022,347463.0
Indonesia,IDN,2023,18928564.0
Indonesia,IDN,2024,110958.0
Indonesia,IDN,2025,3351266.0
Iran,IRN,1950,0.0
Iran,IRN,1951,0.0
Iran,IRN,1953,0.0
Iran,IRN,1954,0.0
Iran,IRN,1956,0.0
Iran,IRN,1957,0.0
Iran,IRN,1964,625000.0
Iran,IRN,1966,70.0
Iran,IRN,1968,0.0
Iran,IRN,1969,0.0
Iran,IRN,1972,0.0
Iran,IRN,1975,0.0
Iran,IRN,1980,950100.0
Iran,IRN,1981,100.0
Iran,IRN,1986,40000.0
Iran,IRN,1987,0.0
Iran,IRN,1988,150000.0
Iran,IRN,1989,150000.0
Iran,IRN,1990,0.0
Iran,IRN,1991,215014.0
Iran,IRN,1992,38700.0
Iran,IRN,1993,498728.0
Iran,IRN,1994,95000.0
Iran,IRN,1995,6261.0
Iran,IRN,1996,4085.0
Iran,IRN,1997,1400.0
Iran,IRN,1998,56600.0
Iran,IRN,1999,10139688.0
Iran,IRN,2000,13430353.0
Iran,IRN,2001,14666767.0
Iran,IRN,2002,204500.0
Iran,IRN,2003,1370.0
Iran,IRN,2004,6543.0
Iran,IRN,2005,12750.0
Iran,IRN,2006,2800.0
Iran,IRN,2007,185009.0
Iran,IRN,2008,1480.0
Iran,IRN,2012,1000.0
Iran,IRN,2014,440000.0
Iran,IRN,2015,26430.0
Iran,IRN,2016,2000.0
Iran,IRN,2017,2000.0
Iran,IRN,2018,7135.0
Iran,IRN,2019,10001202.0
Iran,IRN,2020,228575.0
Iran,IRN,2021,2946143.0
Iran,IRN,2022,2123179.0
Iran,IRN,2023,3467.0
Iran,IRN,2024,304837.0
Iran,IRN,2025,94001.0
Iraq,IRQ,1954,0.0
Iraq,IRQ,1967,260000.0
Iraq,IRQ,1968,150000.0
Iraq,IRQ,1969,166666.0
Iraq,IRQ,1970,166666.0
Iraq,IRQ,1971,166668.0
Iraq,IRQ,1998,0.0
Iraq,IRQ,1999,0.0
Iraq,IRQ,2000,0.0
Iraq,IRQ,2001,0.0
Iraq,IRQ,2006,59910.0
Iraq,IRQ,2008,600.0
Iraq,IRQ,2009,3000.0
Iraq,IRQ,2011,2001.0
Iraq,IRQ,2012,0.0
Iraq,IRQ,2013,0.0
Iraq,IRQ,2015,65000.0
Iraq,IRQ,2018,25000.0
Iraq,IRQ,2019,5865.0
Iraq,IRQ,2020,1500.0
Iraq,IRQ,2021,2636602.0
Iraq,IRQ,2022,2630899.0
Iraq,IRQ,2023,1748202.0
Iraq,IRQ,2024,18017.0
Iraq,IRQ,2025,49550.0
Ireland,IRL,1976,0.0
Ireland,IRL,1983,0.0
Ireland,IRL,1986,1900.0
Ireland,IRL,1987,0.0
Ireland,IRL,1990,0.0
Ireland,IRL,1991,0.0
Ireland,IRL,1993,3500.0
Ireland,IRL,1996,0.0
Ireland,IRL,1998,0.0
Ireland,IRL,1999,0.0
Ireland,IRL,2000,2800.0
Ireland,IRL,2002,300.0
Ireland,IRL,2004,200.0
Ireland,IRL,2005,0.0
Ireland,IRL,2007,0.0
Ireland,IRL,2009,6800.0
Ireland,IRL,2011,600.0
Ireland,IRL,2014,0.0
Ireland,IRL,2015,0.0
Ireland,IRL,2017,600.0
Ireland,IRL,2018,0.0
Ireland,IRL,2020,0.0
Ireland,IRL,2022,0.0
Ireland,IRL,2023,0.0
Ireland,IRL,2024,0.0
Israel,ISR,1983,0.0
Israel,ISR,1991,0.0
Israel,ISR,1992,0.0
Israel,ISR,1995,240.0
Israel,ISR,1997,0.0
Israel,ISR,1998,1000.0
Israel,ISR,1999,0.0
Israel,ISR,2000,410.0
Israel,ISR,2010,20022.0
Israel,ISR,2013,2003000.0
Israel,ISR,2015,200.0
Israel,ISR,2016,60137.0
Israel,ISR,2018,0.0
Israel,ISR,2020,21.0
Israel,ISR,2025,23.0
Italy,ITA,1948,5245.0
Italy,ITA,1951,177400.0
Italy,ITA,1953,4000.0
Italy,ITA,1965,1500.0
Italy,ITA,1966,1300000.0
Italy,ITA,1968,3000.0
Italy,ITA,1970,1301850.0
Italy,ITA,1973,5000.0
Italy,ITA,1977,1000.0
Italy,ITA,1978,19.0
Italy,ITA,1983,20.0
Italy,ITA,1985,30.0
Italy,ITA,1986,0.0
Italy,ITA,1987,3000.0
Italy,ITA,1990,0.0
Italy,ITA,1992,3530.0
Italy,ITA,1993,1500.0
Italy,ITA,1994,17700.0
Italy,ITA,1996,500.0
Italy,ITA,1997,0.0
Italy,ITA,1998,0.0
Italy,ITA,1999,0.0
Italy,ITA,2000,50322.0
Italy,ITA,2002,10020.0
Italy,ITA,2003,1350.0
Italy,ITA,2004,200.0
Italy,ITA,2005,0.0
Italy,ITA,2006,0.0
Italy,ITA,2007,0.0
Italy,ITA,2008,300.0
Italy,ITA,2009,5140.0
Italy,ITA,2010,31105.0
Italy,ITA,2011,0.0
Italy,ITA,2012,20000.0
Italy,ITA,2013,2700.0
Italy,ITA,2014,9691.0
Italy,ITA,2015,550.0
Italy,ITA,2016,400.0
Italy,ITA,2017,2000.0
Italy,ITA,2018,2223.0
Italy,ITA,2019,1742.0
Italy,ITA,2020,11882.0
Italy,ITA,2021,11600.0
Italy,ITA,2022,98.0
Italy,ITA,2023,47810.0
Italy,ITA,2024,1003.0
Italy,ITA,2025,550.0
Jamaica,JAM,1900,0.0
Jamaica,JAM,1903,0.0
Jamaica,JAM,1912,94820.0
Jamaica,JAM,1917,0.0
Jamaica,JAM,1923,1300.0
Jamaica,JAM,1933,0.0
Jamaica,JAM,1935,0.0
Jamaica,JAM,1937,0.0
Jamaica,JAM,1940,2000.0
Jamaica,JAM,1944,2000.0
Jamaica,JAM,1951,20200.0
Jamaica,JAM,1963,0.0
Jamaica,JAM,1968,100000.0
Jamaica,JAM,1973,2510.0
Jamaica,JAM,1974,0.0
Jamaica,JAM,1979,250000.0
Jamaica,JAM,1980,30009.0
Jamaica,JAM,1985,300.0
Jamaica,JAM,1986,40000.0
Jamaica,JAM,1987,26000.0
Jamaica,JAM,1988,810000.0
Jamaica,JAM,1991,551340.0
Jamaica,JAM,1993,4372.0
Jamaica,JAM,1994,0.0
Jamaica,JAM,1996,800.0
Jamaica,JAM,2000,0.0
Jamaica,JAM,2001,200.0
Jamaica,JAM,2002,26500.0
Jamaica,JAM,2004,350126.0
Jamaica,JAM,2005,10396.0
Jamaica,JAM,2006,5000.0
Jamaica,JAM,2007,33188.0
Jamaica,JAM,2008,4000.0
Jamaica,JAM,2010,2506.0
Jamaica,JAM,2012,215850.0
Jamaica,JAM,2014,91545.0
Jamaica,JAM,2016,125000.0
Jamaica,JAM,2017,5000.0
Jamaica,JAM,2024,160060.0
Jamaica,JAM,2025,1900340.0
Japan,JPN,1910,0.0
Japan,JPN,1912,0.0
Japan,JPN,1917,0.0
Japan,JPN,1923,0.0
Japan,JPN,1934,0.0
Japan,JPN,1938,0.0
Japan,JPN,1943,0.0
Japan,JPN,1945,1881672.0
Japan,JPN,1947,0.0
Japan,JPN,1948,414153.0
Japan,JPN,1949,194046.0
Japan,JPN,1950,642117.0
Japan,JPN,1951,444951.0
Japan,JPN,1952,0.0
Japan,JPN,1953,3633579.0
Japan,JPN,1954,160170.0
Japan,JPN,1955,0.0
Japan,JPN,1956,0.0
Japan,JPN,1957,258240.0
Japan,JPN,1958,0.0
Japan,JPN,1959,1709616.0
Japan,JPN,1960,63586.0
Japan,JPN,1961,1302249.0
Japan,JPN,1962,0.0
Japan,JPN,1963,0.0
Japan,JPN,1964,0.0
Japan,JPN,1965,3030770.0
Japan,JPN,1966,13885.0
Japan,JPN,1967,3235.0
Japan,JPN,1968,0.0
Japan,JPN,1969,0.0
Japan,JPN,1971,8568.0
Japan,JPN,1972,3158.0
Japan,JPN,1973,0.0
Japan,JPN,1974,50.0
Japan,JPN,1975,8626.0
Japan,JPN,1976,325107.0
Japan,JPN,1977,13045.0
Japan,JPN,1978,18100.0
Japan,JPN,1979,28050.0
Japan,JPN,1980,17033.0
Japan,JPN,1981,82600.0
Japan,JPN,1982,175599.0
Japan,JPN,1983,78.0
Japan,JPN,1984,0.0
Japan,JPN,1985,30200.0
Japan,JPN,1986,164358.0
Japan,JPN,1987,65010.0
Japan,JPN,1988,0.0
Japan,JPN,1989,0.0
Japan,JPN,1990,148366.0
Japan,JPN,1991,91128.0
Japan,JPN,1992,434.0
Japan,JPN,1993,35263.0
Japan,JPN,1994,127.0
Japan,JPN,1995,12500.0
Japan,JPN,1996,5738.0
Japan,JPN,1997,67000.0
Japan,JPN,1998,73897.0
Japan,JPN,1999,51477.0
Japan,JPN,2000,553151.0
Japan,JPN,2001,10026.0
Japan,JPN,2002,101047.0
Japan,JPN,2003,3217.0
Japan,JPN,2004,359436.0
Japan,JPN,2005,273441.0
Japan,JPN,2006,23936.0
Japan,JPN,2007,53994.0
Japan,JPN,2008,50003.0
Japan,JPN,2009,7119.0
Japan,JPN,2010,15000.0
Japan,JPN,2011,25663.0
Japan,JPN,2012,102288.0
Japan,JPN,2013,122590.0
Japan,JPN,2014,58282.0
Japan,JPN,2015,120946.0
Japan,JPN,2016,16803.0
Japan,JPN,2017,44799.0
Japan,JPN,2018,1575402.0
Japan,JPN,2019,537760.0
Japan,JPN,2020,250174.0
Japan,JPN,2021,30694.0
Japan,JPN,2022,40593.0
Japan,JPN,2023,8560.0
Japan,JPN,2024,44592.0
Japan,JPN,2025,11449.0
Jordan,JOR,1963,0.0
Jordan,JOR,1965,500.0
Jordan,JOR,1966,5792.0
Jordan,JOR,1987,29.0
Jordan,JOR,1991,18000.0
Jordan,JOR,1992,0.0
Jordan,JOR,1997,0.0
Jordan,JOR,1999,180000.0
Jordan,JOR,2000,150212.0
Jordan,JOR,2018,64.0
Jordan,JOR,2023,2000.0
Kazakhstan,KAZ,1993,30000.0
Kazakhstan,KAZ,1995,0.0
Kazakhstan,KAZ,1997,608000.0
Kazakhstan,KAZ,2000,2500.0
Kazakhstan,KAZ,2001,3680.0
Kazakhstan,KAZ,2005,25000.0
Kazakhstan,KAZ,2008,13000.0
Kazakhstan,KAZ,2010,29200.0
Kazakhstan,KAZ,2011,16000.0
Kazakhstan,KAZ,2012,10955.0
Kazakhstan,KAZ,2013,3445.0
Kazakhstan,KAZ,2014,2709.0
Kazakhstan,KAZ,2015,12670.0
Kazakhstan,KAZ,2017,7000.0
Kazakhstan,KAZ,2018,400.0
Kazakhstan,KAZ,2020,33000.0
Kazakhstan,KAZ,2021,71000.0
Kazakhstan,KAZ,2023,300.0
Kazakhstan,KAZ,2024,120000.0
Kenya,KEN,1964,15000.0
Kenya,KEN,1965,260000.0
Kenya,KEN,1968,0.0
Kenya,KEN,1971,150000.0
Kenya,KEN,1975,16000.0
Kenya,KEN,1977,20000.0
Kenya,KEN,1979,19972.0
Kenya,KEN,1980,20028.0
Kenya,KEN,1982,3000.0
Kenya,KEN,1984,600000.0
Kenya,KEN,1988,0.0
Kenya,KEN,1990,0.0
Kenya,KEN,1991,1348153.0
Kenya,KEN,1992,1351847.0
Kenya,KEN,1994,547242.0
Kenya,KEN,1995,652758.0
Kenya,KEN,1996,1000.0
Kenya,KEN,1997,1700000.0
Kenya,KEN,1998,800200.0
Kenya,KEN,1999,632653.0
Kenya,KEN,2000,7448979.0
Kenya,KEN,2001,7448979.0
Kenya,KEN,2002,7644397.0
Kenya,KEN,2003,60300.0
Kenya,KEN,2004,2312000.0
Kenya,KEN,2005,310189.0
Kenya,KEN,2006,4009311.0
Kenya,KEN,2007,42651.0
Kenya,KEN,2008,1336026.0
Kenya,KEN,2009,2607802.0
Kenya,KEN,2010,265974.0
Kenya,KEN,2011,6273127.0
Kenya,KEN,2012,2158235.0
Kenya,KEN,2013,115800.0
Kenya,KEN,2014,1131782.0
Kenya,KEN,2015,674468.0
Kenya,KEN,2016,1242835.0
Kenya,KEN,2017,2059426.0
Kenya,KEN,2018,383976.0
Kenya,KEN,2019,2833339.0
Kenya,KEN,2020,993966.0
Kenya,KEN,2021,2458344.0
Kenya,KEN,2022,2158345.0
Kenya,KEN,2023,283845.0
Kenya,KEN,2024,898996.0
Kenya,KEN,2025,1075000.0
Kiribati,KIR,1972,700.0
Kiribati,KIR,1999,84000.0
Kiribati,KIR,2008,85.0
Kiribati,KIR,2014,220.0
Kiribati,KIR,2015,1500.0
Kuwait,KWT,1997,200.0
Kuwait,KWT,2018,0.0
Kyrgyzstan,KGZ,1998,7728.0
Kyrgyzstan,KGZ,2000,0.0
Kyrgyzstan,KGZ,2005,2050.0
Kyrgyzstan,KGZ,2006,9075.0
Kyrgyzstan,KGZ,2007,845.0
Kyrgyzstan,KGZ,2009,2000000.0
Kyrgyzstan,KGZ,2012,11050.0
Kyrgyzstan,KGZ,2014,0.0
Kyrgyzstan,KGZ,2022,13850.0
Kyrgyzstan,KGZ,2024,107401.0
Laos,LAO,1966,72000.0
Laos,LAO,1968,9600.0
Laos,LAO,1969,0.0
Laos,LAO,1971,115000.0
Laos,LAO,1977,3500000.0
Laos,LAO,1978,459000.0
Laos,LAO,1981,0.0
Laos,LAO,1984,2000.0
Laos,LAO,1987,0.0
Laos,LAO,1988,730000.0
Laos,LAO,1991,370315.0
Laos,LAO,1992,269027.0
Laos,LAO,1993,120.0
Laos,LAO,1994,190000.0
Laos,LAO,1995,1591400.0
Laos,LAO,1996,420000.0
Laos,LAO,1999,20000.0
Laos,LAO,2000,450000.0
Laos,LAO,2001,453000.0
Laos,LAO,2002,150000.0
Laos,LAO,2008,204190.0
Laos,LAO,2009,128887.0
Laos,LAO,2011,467000.0
Laos,LAO,2013,574253.0
Laos,LAO,2014,750.0
Laos,LAO,2015,47940.0
Laos,LAO,2016,26328.0
Laos,LAO,2017,0.0
Laos,LAO,2018,748245.0
Laos,LAO,2019,507500.0
Laos,LAO,2020,70764.0
Laos,LAO,2021,26000.0
Laos,LAO,2022,42552.0
Laos,LAO,2023,110129.0
Laos,LAO,2024,312289.0
Laos,LAO,2025,182134.0
Latvia,LVA,1999,0.0
Latvia,LVA,2001,0.0
Latvia,LVA,2003,0.0
Latvia,LVA,2005,0.0
Latvia,LVA,2006,0.0
Latvia,LVA,2012,0.0
Latvia,LVA,2013,0.0
Latvia,LVA,2018,0.0
Latvia,LVA,2022,0.0
Latvia,LVA,2023,200.0
Latvia,LVA,2024,0.0
Lebanon,LBN,1955,0.0
Lebanon,LBN,1987,1500.0
Lebanon,LBN,1992,104075.0
Lebanon,LBN,2002,500.0
Lebanon,LBN,2003,17000.0
Lebanon,LBN,2007,15.0
Lebanon,LBN,2015,1001692.0
Lebanon,LBN,2018,0.0
Lebanon,LBN,2019,11009.0
Lebanon,LBN,2020,0.0
Lebanon,LBN,2023,1024200.0
Lebanon,LBN,2024,2975000.0
Lebanon,LBN,2025,0.0
Lesotho,LSO,1968,204000.0
Lesotho,LSO,1983,238571.0
Lesotho,LSO,1984,261429.0
Lesotho,LSO,1985,80000.0
Lesotho,LSO,1987,100000.0
Lesotho,LSO,1989,0.0
Lesotho,LSO,1990,0.0
Lesotho,LSO,1992,75149.0
Lesotho,LSO,1993,128175.0
Lesotho,LSO,1994,128176.0
Lesotho,LSO,1996,200.0
Lesotho,LSO,2001,2001.0
Lesotho,LSO,2002,214843.0
Lesotho,LSO,2003,285157.0
Lesotho,LSO,2007,158909.0
Lesotho,LSO,2008,320591.0
Lesotho,LSO,2011,71937.0
Lesotho,LSO,2012,658578.0
Lesotho,LSO,2014,2600.0
Lesotho,LSO,2016,648948.0
Lesotho,LSO,2017,60052.0
Lesotho,LSO,2019,433000.0
Lesotho,LSO,2020,109685.0
Lesotho,LSO,2021,330707.0
Lesotho,LSO,2022,328158.0
Lesotho,LSO,2023,29407.0
Lesotho,LSO,2024,334846.0
Lesotho,LSO,2025,335764.0
Liberia,LBR,1983,0.0
Liberia,LBR,1990,1000000.0
Liberia,LBR,1995,2000.0
Liberia,LBR,1998,5000.0
Liberia,LBR,2007,20500.0
Liberia,LBR,2008,340.0
Liberia,LBR,2009,584.0
Liberia,LBR,2010,15486.0
Liberia,LBR,2016,15431.0
Liberia,LBR,2023,15200.0
Liberia,LBR,2024,51000.0
Libya,LBY,1995,0.0
Libya,LBY,2013,2000.0
Libya,LBY,2019,20030.0
Libya,LBY,2023,1600000.0
Libya,LBY,2024,3335.0
Liechtenstein,LIE,2023,0.0
Lithuania,LTU,1992,0.0
Lithuania,LTU,1993,780000.0
Lithuania,LTU,1999,0.0
Lithuania,LTU,2001,0.0
Lithuania,LTU,2005,0.0
Lithuania,LTU,2006,0.0
Lithuania,LTU,2010,0.0
Lithuania,LTU,2012,0.0
Lithuania,LTU,2018,0.0
Lithuania,LTU,2022,0.0
Lithuania,LTU,2023,0.0
Lithuania,LTU,2024,0.0
Luxembourg,LUX,1983,0.0
Luxembourg,LUX,1990,0.0
Luxembourg,LUX,1993,0.0
Luxembourg,LUX,1995,0.0
Luxembourg,LUX,2003,0.0
Luxembourg,LUX,2010,0.0
Luxembourg,LUX,2019,1519.0
Luxembourg,LUX,2021,0.0
Luxembourg,LUX,2022,0.0
Luxembourg,LUX,2023,0.0
Luxembourg,LUX,2024,0.0
Madagascar,MDG,1968,75000.0
Madagascar,MDG,1969,43040.0
Madagascar,MDG,1970,10000.0
Madagascar,MDG,1972,2510056.0
Madagascar,MDG,1975,10050.0
Madagascar,MDG,1976,508876.0
Madagascar,MDG,1977,30000.0
Madagascar,MDG,1978,18000.0
Madagascar,MDG,1981,1118000.0
Madagascar,MDG,1982,70000.0
Madagascar,MDG,1983,13560.0
Madagascar,MDG,1984,100215.0
Madagascar,MDG,1986,112532.0
Madagascar,MDG,1988,150489.0
Madagascar,MDG,1989,255086.0
Madagascar,MDG,1990,199740.0
Madagascar,MDG,1991,449740.0
Madagascar,MDG,1992,200291.0
Madagascar,MDG,1994,540051.0
Madagascar,MDG,1996,100000.0
Madagascar,MDG,1997,600000.0
Madagascar,MDG,1998,20000.0
Madagascar,MDG,2000,1337499.0
Madagascar,MDG,2002,574312.0
Madagascar,MDG,2003,462635.0
Madagascar,MDG,2004,1309702.0
Madagascar,MDG,2005,69606.0
Madagascar,MDG,2006,18512.0
Madagascar,MDG,2007,255511.0
Madagascar,MDG,2008,713535.0
Madagascar,MDG,2009,310675.0
Madagascar,MDG,2010,372008.0
Madagascar,MDG,2011,295094.0
Madagascar,MDG,2012,335599.0
Madagascar,MDG,2013,44879.0
Madagascar,MDG,2014,11902.0
Madagascar,MDG,2015,244721.0
Madagascar,MDG,2016,1050982.0
Madagascar,MDG,2017,1153271.0
Madagascar,MDG,2018,842190.0
Madagascar,MDG,2019,21393.0
Madagascar,MDG,2020,514306.0
Madagascar,MDG,2021,405555.0
Madagascar,MDG,2022,893539.0
Madagascar,MDG,2023,793025.0
Madagascar,MDG,2024,317419.0
Madagascar,MDG,2025,1277838.0
Malawi,MWI,1967,1200.0
Malawi,MWI,1969,2300.0
Malawi,MWI,1979,20000.0
Malawi,MWI,1982,6000.0
Malawi,MWI,1987,713655.0
Malawi,MWI,1988,715612.0
Malawi,MWI,1989,100000.0
Malawi,MWI,1990,2800000.0
Malawi,MWI,1991,150000.0
Malawi,MWI,1992,1405109.0
Malawi,MWI,1993,1864963.0
Malawi,MWI,1994,1864963.0
Malawi,MWI,1995,1866265.0
Malawi,MWI,1997,400000.0
Malawi,MWI,1998,15000.0
Malawi,MWI,1999,2000.0
Malawi,MWI,2000,20000.0
Malawi,MWI,2001,508750.0
Malawi,MWI,2002,3225775.0
Malawi,MWI,2003,19500.0
Malawi,MWI,2005,2587299.0
Malawi,MWI,2006,2573209.0
Malawi,MWI,2007,617900.0
Malawi,MWI,2008,107427.0
Malawi,MWI,2009,13018.0
Malawi,MWI,2010,21290.0
Malawi,MWI,2011,74994.0
Malawi,MWI,2012,616540.0
Malawi,MWI,2013,1421788.0
Malawi,MWI,2015,1387962.0
Malawi,MWI,2016,2974245.0
Malawi,MWI,2017,3035509.0
Malawi,MWI,2018,9613.0
Malawi,MWI,2019,991646.0
Malawi,MWI,2020,2250.0
Malawi,MWI,2021,55551.0
Malawi,MWI,2022,3686575.0
Malawi,MWI,2023,2301381.0
Malawi,MWI,2024,2729116.0
Malawi,MWI,2025,3700574.0
Malaysia,MYS,1965,300000.0
Malaysia,MYS,1967,140000.0
Malaysia,MYS,1968,10000.0
Malaysia,MYS,1970,243000.0
Malaysia,MYS,1978,3000.0
Malaysia,MYS,1983,15000.0
Malaysia,MYS,1986,25000.0
Malaysia,MYS,1987,2576.0
Malaysia,MYS,1988,60000.0
Malaysia,MYS,1993,25000.0
Malaysia,MYS,1995,3000.0
Malaysia,MYS,1996,4594.0
Malaysia,MYS,1997,2115.0
Malaysia,MYS,1998,7500.0
Malaysia,MYS,1999,2000.0
Malaysia,MYS,2000,8500.0
Malaysia,MYS,2001,29046.0
Malaysia,MYS,2002,4309.0
Malaysia,MYS,2003,18300.0
Malaysia,MYS,2004,72538.0
Malaysia,MYS,2005,23541.0
Malaysia,MYS,2006,113577.0
Malaysia,MYS,2007,166533.0
Malaysia,MYS,2008,3043.0
Malaysia,MYS,2009,15832.0
Malaysia,MYS,2011,20000.0
Malaysia,MYS,2013,75000.0
Malaysia,MYS,2014,2430000.0
Malaysia,MYS,2015,3000.0
Malaysia,MYS,2016,12013.0
Malaysia,MYS,2017,42235.0
Malaysia,MYS,2018,16900.0
Malaysia,MYS,2019,22477.0
Malaysia,MYS,2020,21883.0
Malaysia,MYS,2021,144641.0
Malaysia,MYS,2022,110625.0
Malaysia,MYS,2023,84187.0
Malaysia,MYS,2025,52314.0
Maldives,MDV,1987,300.0
Maldives,MDV,1991,23849.0
Maldives,MDV,2007,1649.0
Maldives,MDV,2019,1800.0
Maldives,MDV,2021,1320.0
Mali,MLI,1910,0.0
Mali,MLI,1911,0.0
Mali,MLI,1912,0.0
Mali,MLI,1913,0.0
Mali,MLI,1914,0.0
Mali,MLI,1940,0.0
Mali,MLI,1941,0.0
Mali,MLI,1942,0.0
Mali,MLI,1943,0.0
Mali,MLI,1944,0.0
Mali,MLI,1966,0.0
Mali,MLI,1978,0.0
Mali,MLI,1980,250456.0
Mali,MLI,1981,249771.0
Mali,MLI,1982,249771.0
Mali,MLI,1983,249771.0
Mali,MLI,1984,249771.0
Mali,MLI,1985,250460.0
Mali,MLI,1988,10000.0
Mali,MLI,1989,14635.0
Mali,MLI,1991,302000.0
Mali,MLI,1998,6434.0
Mali,MLI,1999,2200.0
Mali,MLI,2000,0.0
Mali,MLI,2001,3500.0
Mali,MLI,2002,22519.0
Mali,MLI,2003,10000.0
Mali,MLI,2005,501860.0
Mali,MLI,2006,526000.0
Mali,MLI,2007,88858.0
Mali,MLI,2008,2500.0
Mali,MLI,2009,20406.0
Mali,MLI,2010,632000.0
Mali,MLI,2011,1763021.0
Mali,MLI,2012,1752394.0
Mali,MLI,2013,46000.0
Mali,MLI,2015,2000.0
Mali,MLI,2016,9500.0
Mali,MLI,2018,13150.0
Mali,MLI,2019,6981.0
Mali,MLI,2020,6800000.0
Mali,MLI,2022,1814765.0
Mali,MLI,2024,380154.0
Malta,MLT,2022,0.0
Malta,MLT,2023,0.0
Marshall Islands,MHL,1991,6000.0
Marshall Islands,MHL,2008,600.0
Marshall Islands,MHL,2013,6384.0
Marshall Islands,MHL,2014,360.0
Marshall Islands,MHL,2015,14825.0
Marshall Islands,MHL,2016,6175.0
Marshall Islands,MHL,2019,0.0
Marshall Islands,MHL,2022,4480.0
Marshall Islands,MHL,2024,33456.0
Mauritania,MRT,1910,0.0
Mauritania,MRT,1911,0.0
Mauritania,MRT,1912,0.0
Mauritania,MRT,1913,0.0
Mauritania,MRT,1914,0.0
Mauritania,MRT,1940,0.0
Mauritania,MRT,1941,0.0
Mauritania,MRT,1942,0.0
Mauritania,MRT,1943,0.0
Mauritania,MRT,1944,0.0
Mauritania,MRT,1965,46000.0
Mauritania,MRT,1969,185641.0
Mauritania,MRT,1970,185641.0
Mauritania,MRT,1971,185641.0
Mauritania,MRT,1972,185641.0
Mauritania,MRT,1973,185641.0
Mauritania,MRT,1974,185641.0
Mauritania,MRT,1975,186154.0
Mauritania,MRT,1976,710971.0
Mauritania,MRT,1977,709029.0
Mauritania,MRT,1978,20319.0
Mauritania,MRT,1979,6681.0
Mauritania,MRT,1980,167843.0
Mauritania,MRT,1981,286274.0
Mauritania,MRT,1982,286274.0
Mauritania,MRT,1983,286274.0
Mauritania,MRT,1984,289274.0
Mauritania,MRT,1985,293961.0
Mauritania,MRT,1991,300.0
Mauritania,MRT,1993,446507.0
Mauritania,MRT,1995,600.0
Mauritania,MRT,1997,9759.0
Mauritania,MRT,1998,11641.0
Mauritania,MRT,1999,23977.0
Mauritania,MRT,2001,276631.0
Mauritania,MRT,2002,390684.0
Mauritania,MRT,2003,384185.0
Mauritania,MRT,2005,7500.0
Mauritania,MRT,2006,10619.0
Mauritania,MRT,2007,54120.0
Mauritania,MRT,2009,10000.0
Mauritania,MRT,2010,427750.0
Mauritania,MRT,2011,780005.0
Mauritania,MRT,2012,361995.0
Mauritania,MRT,2013,6530.0
Mauritania,MRT,2017,3895814.0
Mauritania,MRT,2018,159886.0
Mauritania,MRT,2019,224314.0
Mauritania,MRT,2020,348130.0
Mauritania,MRT,2021,559693.0
Mauritania,MRT,2022,541085.0
Mauritania,MRT,2023,7200.0
Mauritius,MUS,1960,0.0
Mauritius,MUS,1967,23524.0
Mauritius,MUS,1972,25016.0
Mauritius,MUS,1975,826258.0
Mauritius,MUS,1979,105257.0
Mauritius,MUS,1982,32500.0
Mauritius,MUS,1983,351.0
Mauritius,MUS,1989,4507.0
Mauritius,MUS,1991,7500.0
Mauritius,MUS,1994,2300.0
Mauritius,MUS,1996,0.0
Mauritius,MUS,1999,1000.0
Mauritius,MUS,2002,1050.0
Mauritius,MUS,2007,0.0
Mauritius,MUS,2013,82.0
Mauritius,MUS,2018,30000.0
Mauritius,MUS,2022,139.0
Mauritius,MUS,2023,2500.0
Mauritius,MUS,2024,100000.0
Mexico,MEX,1929,0.0
Mexico,MEX,1951,0.0
Mexico,MEX,1952,0.0
Mexico,MEX,1955,15000.0
Mexico,MEX,1959,0.0
Mexico,MEX,1961,0.0
Mexico,MEX,1962,0.0
Mexico,MEX,1965,0.0
Mexico,MEX,1966,90069.0
Mexico,MEX,1967,279345.0
Mexico,MEX,1968,0.0
Mexico,MEX,1969,0.0
Mexico,MEX,1970,0.0
Mexico,MEX,1971,0.0
Mexico,MEX,1972,100070.0
Mexico,MEX,1973,150027.0
Mexico,MEX,1974,173032.0
Mexico,MEX,1975,30000.0
Mexico,MEX,1976,576400.0
Mexico,MEX,1977,50000.0
Mexico,MEX,1978,7000.0
Mexico,MEX,1979,60000.0
Mexico,MEX,1980,100000.0
Mexico,MEX,1981,0.0
Mexico,MEX,1982,55200.0
Mexico,MEX,1983,282500.0
Mexico,MEX,1984,30000.0
Mexico,MEX,1986,0.0
Mexico,MEX,1987,212.0
Mexico,MEX,1988,125000.0
Mexico,MEX,1989,0.0
Mexico,MEX,1990,17900.0
Mexico,MEX,1991,54000.0
Mexico,MEX,1992,26000.0
Mexico,MEX,1993,338290.0
Mexico,MEX,1995,66800.0
Mexico,MEX,1996,28830.0
Mexico,MEX,1997,804755.0
Mexico,MEX,1998,35460.0
Mexico,MEX,1999,648423.0
Mexico,MEX,2000,71237.0
Mexico,MEX,2001,6400.0
Mexico,MEX,2002,516530.0
Mexico,MEX,2003,62850.0
Mexico,MEX,2004,4090.0
Mexico,MEX,2005,2983571.0
Mexico,MEX,2006,270700.0
Mexico,MEX,2007,1858000.0
Mexico,MEX,2008,520000.0
Mexico,MEX,2009,252184.0
Mexico,MEX,2010,1575075.0
Mexico,MEX,2011,3650450.0
Mexico,MEX,2012,87000.0
Mexico,MEX,2013,172000.0
Mexico,MEX,2014,144135.0
Mexico,MEX,2015,21791.0
Mexico,MEX,2016,74500.0
Mexico,MEX,2017,3810.0
Mexico,MEX,2018,10120.0
Mexico,MEX,2019,4842.0
Mexico,MEX,2020,99206.0
Mexico,MEX,2021,15394.0
Mexico,MEX,2022,19150.0
Mexico,MEX,2023,988000.0
Mexico,MEX,2024,29617.0
Mexico,MEX,2025,211929.0
Micronesia,FSM,1987,203.0
Micronesia,FSM,1998,28800.0
Micronesia,FSM,2002,1623.0
Micronesia,FSM,2003,1000.0
Micronesia,FSM,2004,6008.0
Micronesia,FSM,2008,0.0
Micronesia,FSM,2015,35000.0
Micronesia,FSM,2016,100000.0
Micronesia,FSM,2019,10000.0
Micronesia,FSM,2023,34936.0
Micronesia,FSM,2024,78465.0
Moldova,MDA,1994,50580.0
Moldova,MDA,1997,2244.0
Moldova,MDA,1999,1713.0
Moldova,MDA,2000,2600000.0
Moldova,MDA,2002,500.0
Moldova,MDA,2005,6500.0
Moldova,MDA,2006,0.0
Moldova,MDA,2007,210394.0
Moldova,MDA,2008,4000.0
Moldova,MDA,2010,12000.0
Moldova,MDA,2012,13174.0
Moldova,MDA,2019,5460.0
Moldova,MDA,2023,10.0
Mongolia,MNG,1966,270000.0
Mongolia,MNG,1982,0.0
Mongolia,MNG,1986,0.0
Mongolia,MNG,1990,0.0
Mongolia,MNG,1991,0.0
Mongolia,MNG,1993,100000.0
Mongolia,MNG,1994,0.0
Mongolia,MNG,1996,5061.0
Mongolia,MNG,2000,1212549.0
Mongolia,MNG,2001,329225.0
Mongolia,MNG,2002,486726.0
Mongolia,MNG,2003,334150.0
Mongolia,MNG,2008,0.0
Mongolia,MNG,2009,146002.0
Mongolia,MNG,2010,638111.0
Mongolia,MNG,2015,323434.0
Mongolia,MNG,2016,750258.0
Mongolia,MNG,2017,48308.0
Mongolia,MNG,2018,272301.0
Mongolia,MNG,2019,3000.0
Mongolia,MNG,2020,49105.0
Mongolia,MNG,2021,14480.0
Mongolia,MNG,2022,33931.0
Mongolia,MNG,2023,624078.0
Mongolia,MNG,2024,340357.0
Montenegro,MNE,2007,1086.0
Montenegro,MNE,2009,452.0
Montenegro,MNE,2010,6998.0
Montenegro,MNE,2012,4500.0
Montenegro,MNE,2017,200.0
Montenegro,MNE,2022,0.0
Montenegro,MNE,2023,0.0
Montenegro,MNE,2024,0.0
Morocco,MAR,1951,0.0
Morocco,MAR,1954,0.0
Morocco,MAR,1963,35010.0
Morocco,MAR,1964,0.0
Morocco,MAR,1965,47813.0
Morocco,MAR,1966,0.0
Morocco,MAR,1970,266444.0
Morocco,MAR,1971,137000.0
Morocco,MAR,1975,12000.0
Morocco,MAR,1977,38000.0
Morocco,MAR,1979,6292.0
Morocco,MAR,1995,38000.0
Morocco,MAR,1996,60000.0
Morocco,MAR,1997,0.0
Morocco,MAR,1999,62275.0
Morocco,MAR,2000,107166.0
Morocco,MAR,2001,106809.0
Morocco,MAR,2002,15017.0
Morocco,MAR,2003,10000.0
Morocco,MAR,2005,0.0
Morocco,MAR,2006,2100.0
Morocco,MAR,2008,20000.0
Morocco,MAR,2009,9520.0
Morocco,MAR,2010,77009.0
Morocco,MAR,2012,7500.0
Morocco,MAR,2014,117000.0
Morocco,MAR,2016,750000.0
Morocco,MAR,2017,1650000.0
Morocco,MAR,2018,70000.0
Morocco,MAR,2019,229.0
Morocco,MAR,2021,1385.0
Morocco,MAR,2024,168.0
Morocco,MAR,2025,2838.0
Mozambique,MOZ,1956,0.0
Mozambique,MOZ,1967,50000.0
Mozambique,MOZ,1971,500000.0
Mozambique,MOZ,1975,75000.0
Mozambique,MOZ,1977,440051.0
Mozambique,MOZ,1978,305000.0
Mozambique,MOZ,1979,1498973.0
Mozambique,MOZ,1980,1498973.0
Mozambique,MOZ,1981,2948452.0
Mozambique,MOZ,1982,2452560.0
Mozambique,MOZ,1983,949479.0
Mozambique,MOZ,1984,1299479.0
Mozambique,MOZ,1985,1452084.0
Mozambique,MOZ,1987,8000.0
Mozambique,MOZ,1988,4000.0
Mozambique,MOZ,1989,0.0
Mozambique,MOZ,1991,2543576.0
Mozambique,MOZ,1992,756424.0
Mozambique,MOZ,1994,2502000.0
Mozambique,MOZ,1996,200000.0
Mozambique,MOZ,1997,400000.0
Mozambique,MOZ,1998,0.0
Mozambique,MOZ,1999,70000.0
Mozambique,MOZ,2000,4501404.0
Mozambique,MOZ,2001,849326.0
Mozambique,MOZ,2002,604517.0
Mozambique,MOZ,2003,657513.0
Mozambique,MOZ,2005,587163.0
Mozambique,MOZ,2006,860674.0
Mozambique,MOZ,2007,1070613.0
Mozambique,MOZ,2008,276977.0
Mozambique,MOZ,2009,477779.0
Mozambique,MOZ,2010,477000.0
Mozambique,MOZ,2011,63946.0
Mozambique,MOZ,2012,110000.0
Mozambique,MOZ,2013,240000.0
Mozambique,MOZ,2014,76286.0
Mozambique,MOZ,2015,177645.0
Mozambique,MOZ,2016,2252117.0
Mozambique,MOZ,2017,971285.0
Mozambique,MOZ,2018,77150.0
Mozambique,MOZ,2019,1974962.0
Mozambique,MOZ,2020,2901398.0
Mozambique,MOZ,2021,1103590.0
Mozambique,MOZ,2022,1945671.0
Mozambique,MOZ,2023,2595328.0
Mozambique,MOZ,2024,2603902.0
Mozambique,MOZ,2025,1393798.0
Myanmar,MMR,1902,0.0
Myanmar,MMR,1923,0.0
Myanmar,MMR,1926,40000.0
Myanmar,MMR,1936,150000.0
Myanmar,MMR,1963,200.0
Myanmar,MMR,1965,500000.0
Myanmar,MMR,1967,157519.0
Myanmar,MMR,1968,90000.0
Myanmar,MMR,1970,0.0
Myanmar,MMR,1974,1400000.0
Myanmar,MMR,1975,0.0
Myanmar,MMR,1976,200000.0
Myanmar,MMR,1977,3000.0
Myanmar,MMR,1978,132000.0
Myanmar,MMR,1979,40000.0
Myanmar,MMR,1981,48588.0
Myanmar,MMR,1982,36000.0
Myanmar,MMR,1991,359976.0
Myanmar,MMR,1992,4625.0
Myanmar,MMR,1994,64970.0
Myanmar,MMR,1995,31945.0
Myanmar,MMR,1997,137418.0
Myanmar,MMR,1999,50000.0
Myanmar,MMR,2001,3750.0
Myanmar,MMR,2002,50000.0
Myanmar,MMR,2004,25000.0
Myanmar,MMR,2006,70106.0
Myanmar,MMR,2007,166664.0
Myanmar,MMR,2008,2420000.0
Myanmar,MMR,2010,261531.0
Myanmar,MMR,2011,35734.0
Myanmar,MMR,2012,85000.0
Myanmar,MMR,2013,73300.0
Myanmar,MMR,2014,40000.0
Myanmar,MMR,2015,1635703.0
Myanmar,MMR,2016,952183.0
Myanmar,MMR,2017,199520.0
Myanmar,MMR,2018,173050.0
Myanmar,MMR,2019,8075.0
Myanmar,MMR,2020,25000.0
Myanmar,MMR,2021,125000.0
Myanmar,MMR,2023,1276747.0
Myanmar,MMR,2024,1106940.0
Myanmar,MMR,2025,167010.0
Namibia,NAM,1982,0.0
Namibia,NAM,1983,0.0
Namibia,NAM,1984,0.0
Namibia,NAM,1991,200109.0
Namibia,NAM,1992,49891.0
Namibia,NAM,1995,81488.0
Namibia,NAM,1996,81712.0
Namibia,NAM,1998,1957.0
Namibia,NAM,1999,23043.0
Namibia,NAM,2000,5000.0
Namibia,NAM,2001,0.0
Namibia,NAM,2002,115628.0
Namibia,NAM,2003,241372.0
Namibia,NAM,2004,25000.0
Namibia,NAM,2006,2300.0
Namibia,NAM,2007,15000.0
Namibia,NAM,2008,65000.0
Namibia,NAM,2009,350000.0
Namibia,NAM,2010,110000.0
Namibia,NAM,2011,500000.0
Namibia,NAM,2012,650.0
Namibia,NAM,2013,733439.0
Namibia,NAM,2014,61061.0
Namibia,NAM,2015,464254.0
Namibia,NAM,2016,115746.0
Namibia,NAM,2017,2502.0
Namibia,NAM,2018,62153.0
Namibia,NAM,2019,246585.0
Namibia,NAM,2020,248262.0
Namibia,NAM,2021,401.0
Namibia,NAM,2023,2190.0
Namibia,NAM,2024,664713.0
Namibia,NAM,2025,990287.0
Nepal,NPL,1954,0.0
Nepal,NPL,1964,0.0
Nepal,NPL,1967,0.0
Nepal,NPL,1968,1000.0
Nepal,NPL,1970,20000.0
Nepal,NPL,1972,450615.0
Nepal,NPL,1973,449385.0
Nepal,NPL,1978,27748.0
Nepal,NPL,1979,1747606.0
Nepal,NPL,1980,1752394.0
Nepal,NPL,1981,10000.0
Nepal,NPL,1982,0.0
Nepal,NPL,1983,200050.0
Nepal,NPL,1984,0.0
Nepal,NPL,1985,62557.0
Nepal,NPL,1986,0.0
Nepal,NPL,1987,351000.0
Nepal,NPL,1988,0.0
Nepal,NPL,1990,2500.0
Nepal,NPL,1991,647.0
Nepal,NPL,1992,50000.0
Nepal,NPL,1993,553268.0
Nepal,NPL,1995,13000.0
Nepal,NPL,1996,152401.0
Nepal,NPL,1998,70000.0
Nepal,NPL,1999,22068.0
Nepal,NPL,2000,50070.0
Nepal,NPL,2002,200.0
Nepal,NPL,2003,59254.0
Nepal,NPL,2004,800015.0
Nepal,NPL,2005,31600.0
Nepal,NPL,2006,200000.0
Nepal,NPL,2007,640706.0
Nepal,NPL,2008,250003.0
Nepal,NPL,2009,560786.0
Nepal,NPL,2010,8000.0
Nepal,NPL,2011,14358.0
Nepal,NPL,2012,12505.0
Nepal,NPL,2013,16823.0
Nepal,NPL,2014,187469.0
Nepal,NPL,2016,20574.0
Nepal,NPL,2017,1706134.0
Nepal,NPL,2018,1406.0
Nepal,NPL,2019,97395.0
Nepal,NPL,2020,117677.0
Nepal,NPL,2021,3941.0
Nepal,NPL,2022,6555.0
Nepal,NPL,2023,1506.0
Nepal,NPL,2024,2593047.0
Nepal,NPL,2025,1226614.0
Netherlands,NLD,1916,0.0
Netherlands,NLD,1953,300000.0
Netherlands,NLD,1976,0.0
Netherlands,NLD,1984,0.0
Netherlands,NLD,1985,0.0
Netherlands,NLD,1986,0.0
Netherlands,NLD,1990,0.0
Netherlands,NLD,1992,0.0
Netherlands,NLD,1993,13000.0
Netherlands,NLD,1994,0.0
Netherlands,NLD,1995,200000.0
Netherlands,NLD,1997,100.0
Netherlands,NLD,1998,2000.0
Netherlands,NLD,2002,0.0
Netherlands,NLD,2003,0.0
Netherlands,NLD,2005,1.0
Netherlands,NLD,2006,0.0
Netherlands,NLD,2007,0.0
Netherlands,NLD,2008,0.0
Netherlands,NLD,2010,0.0
Netherlands,NLD,2012,0.0
Netherlands,NLD,2013,0.0
Netherlands,NLD,2016,0.0
Netherlands,NLD,2018,0.0
Netherlands,NLD,2019,0.0
Netherlands,NLD,2020,0.0
Netherlands,NLD,2021,4.0
Netherlands,NLD,2022,0.0
Netherlands,NLD,2023,0.0
Netherlands,NLD,2024,0.0
New Zealand,NZL,1938,0.0
New Zealand,NZL,1968,1000.0
New Zealand,NZL,1976,129.0
New Zealand,NZL,1977,120.0
New Zealand,NZL,1978,2726.0
New Zealand,NZL,1980,2900.0
New Zealand,NZL,1981,2250.0
New Zealand,NZL,1983,140.0
New Zealand,NZL,1984,6805.0
New Zealand,NZL,1985,270.0
New Zealand,NZL,1986,1830.0
New Zealand,NZL,1987,830.0
New Zealand,NZL,1988,1958.0
New Zealand,NZL,1989,154.0
New Zealand,NZL,1991,128.0
New Zealand,NZL,1992,0.0
New Zealand,NZL,1994,157.0
New Zealand,NZL,1996,2000.0
New Zealand,NZL,1997,340.0
New Zealand,NZL,1998,200.0
New Zealand,NZL,1999,350.0
New Zealand,NZL,2000,0.0
New Zealand,NZL,2001,0.0
New Zealand,NZL,2002,300.0
New Zealand,NZL,2003,0.0
New Zealand,NZL,2004,5350.0
New Zealand,NZL,2005,500.0
New Zealand,NZL,2006,1200.0
New Zealand,NZL,2007,300.0
New Zealand,NZL,2012,457.0
New Zealand,NZL,2013,0.0
New Zealand,NZL,2015,500.0
New Zealand,NZL,2016,300.0
New Zealand,NZL,2017,2383.0
New Zealand,NZL,2018,100.0
New Zealand,NZL,2020,2895.0
New Zealand,NZL,2021,1880.0
New Zealand,NZL,2022,690.0
New Zealand,NZL,2023,16203.0
New Zealand,NZL,2024,1200.0
Nicaragua,NIC,1960,0.0
Nicaragua,NIC,1961,15.0
Nicaragua,NIC,1968,1560.0
Nicaragua,NIC,1971,4650.0
Nicaragua,NIC,1976,8000.0
Nicaragua,NIC,1979,30000.0
Nicaragua,NIC,1980,40000.0
Nicaragua,NIC,1982,52000.0
Nicaragua,NIC,1988,360278.0
Nicaragua,NIC,1990,106411.0
Nicaragua,NIC,1991,0.0
Nicaragua,NIC,1993,123000.0
Nicaragua,NIC,1994,75000.0
Nicaragua,NIC,1995,15085.0
Nicaragua,NIC,1996,10724.0
Nicaragua,NIC,1997,290000.0
Nicaragua,NIC,1998,868228.0
Nicaragua,NIC,1999,107105.0
Nicaragua,NIC,2000,8010.0
Nicaragua,NIC,2001,212866.0
Nicaragua,NIC,2002,29846.0
Nicaragua,NIC,2004,200.0
Nicaragua,NIC,2005,13643.0
Nicaragua,NIC,2007,212726.0
Nicaragua,NIC,2008,39188.0
Nicaragua,NIC,2009,26782.0
Nicaragua,NIC,2010,75860.0
Nicaragua,NIC,2011,143018.0
Nicaragua,NIC,2012,29500.0
Nicaragua,NIC,2013,14149.0
Nicaragua,NIC,2014,392326.0
Nicaragua,NIC,2015,131769.0
Nicaragua,NIC,2016,10570.0
Nicaragua,NIC,2017,52915.0
Nicaragua,NIC,2018,224184.0
Nicaragua,NIC,2019,88816.0
Nicaragua,NIC,2020,930000.0
Nicaragua,NIC,2022,50112.0
Nicaragua,NIC,2024,0.0
Niger,NER,1903,0.0
Niger,NER,1906,0.0
Niger,NER,1907,0.0
Niger,NER,1910,6396.0
Niger,NER,1911,6396.0
Niger,NER,1912,6396.0
Niger,NER,1913,6396.0
Niger,NER,1914,6416.0
Niger,NER,1940,0.0
Niger,NER,1941,0.0
Niger,NER,1942,0.0
Niger,NER,1943,0.0
Niger,NER,1944,0.0
Niger,NER,1966,0.0
Niger,NER,1967,0.0
Niger,NER,1974,16000.0
Niger,NER,1980,367156.0
Niger,NER,1981,626225.0
Niger,NER,1982,626225.0
Niger,NER,1983,626225.0
Niger,NER,1984,626225.0
Niger,NER,1985,627944.0
Niger,NER,1988,1080000.0
Niger,NER,1990,815000.0
Niger,NER,1991,815000.0
Niger,NER,1994,61992.0
Niger,NER,1997,3652.0
Niger,NER,1998,24848.0
Niger,NER,1999,24395.0
Niger,NER,2000,4159.0
Niger,NER,2001,1560239.0
Niger,NER,2002,2045572.0
Niger,NER,2003,30000.0
Niger,NER,2005,1393939.0
Niger,NER,2006,1652533.0
Niger,NER,2007,57274.0
Niger,NER,2008,32000.0
Niger,NER,2009,4625355.0
Niger,NER,2010,3587000.0
Niger,NER,2011,1539123.0
Niger,NER,2012,2033004.0
Niger,NER,2013,181029.0
Niger,NER,2014,165578.0
Niger,NER,2015,1060682.0
Niger,NER,2016,1418559.0
Niger,NER,2017,1663003.0
Niger,NER,2018,130468.0
Niger,NER,2019,223000.0
Niger,NER,2020,4382620.0
Niger,NER,2021,105750.0
Niger,NER,2022,4722185.0
Niger,NER,2023,169651.0
Niger,NER,2024,1527058.0
Niger,NER,2025,268215.0
Nigeria,NGA,1978,0.0
Nigeria,NGA,1983,679365.0
Nigeria,NGA,1984,1158730.0
Nigeria,NGA,1985,1167905.0
Nigeria,NGA,1988,300000.0
Nigeria,NGA,1992,0.0
Nigeria,NGA,1994,580000.0
Nigeria,NGA,1998,107000.0
Nigeria,NGA,1999,117000.0
Nigeria,NGA,2000,6500.0
Nigeria,NGA,2001,89917.0
Nigeria,NGA,2002,200.0
Nigeria,NGA,2003,210000.0
Nigeria,NGA,2004,29900.0
Nigeria,NGA,2005,4004.0
Nigeria,NGA,2006,13000.0
Nigeria,NGA,2007,55000.0
Nigeria,NGA,2009,150000.0
Nigeria,NGA,2010,1500200.0
Nigeria,NGA,2011,30927.0
Nigeria,NGA,2012,7015867.0
Nigeria,NGA,2013,81506.0
Nigeria,NGA,2014,10000.0
Nigeria,NGA,2015,100420.0
Nigeria,NGA,2016,13000.0
Nigeria,NGA,2017,10500.0
Nigeria,NGA,2018,1938204.0
Nigeria,NGA,2019,71140.0
Nigeria,NGA,2020,193725.0
Nigeria,NGA,2021,8330.0
Nigeria,NGA,2022,21914398.0
Nigeria,NGA,2023,31336.0
Nigeria,NGA,2024,1791976.0
Nigeria,NGA,2025,427406.0
North Korea,PRK,1987,20071.0
North Korea,PRK,1993,2500.0
North Korea,PRK,1995,6200000.0
North Korea,PRK,1996,3270000.0
North Korea,PRK,1997,29000.0
North Korea,PRK,1998,10172.0
North Korea,PRK,1999,42135.0
North Korea,PRK,2000,627180.0
North Korea,PRK,2001,187584.0
North Korea,PRK,2002,65844.0
North Korea,PRK,2004,199705.0
North Korea,PRK,2005,16298.0
North Korea,PRK,2006,91824.0
North Korea,PRK,2007,1172167.0
North Korea,PRK,2010,95785.0
North Korea,PRK,2011,57592.0
North Korea,PRK,2012,3137550.0
North Korea,PRK,2013,848690.0
North Korea,PRK,2015,18003541.0
North Korea,PRK,2016,667715.0
North Korea,PRK,2018,653179.0
North Korea,PRK,2019,15400000.0
North Korea,PRK,2020,85000.0
North Korea,PRK,2021,5000.0
North Korea,PRK,2024,4200.0
North Macedonia,MKD,1993,10000.0
North Macedonia,MKD,1995,1500.0
North Macedonia,MKD,2000,0.0
North Macedonia,MKD,2001,0.0
North Macedonia,MKD,2002,1650.0
North Macedonia,MKD,2003,4750.0
North Macedonia,MKD,2004,100000.0
North Macedonia,MKD,2005,2003.0
North Macedonia,MKD,2006,1500.0
North Macedonia,MKD,2007,1000202.0
North Macedonia,MKD,2012,5100.0
North Macedonia,MKD,2013,4864.0
North Macedonia,MKD,2014,5028.0
North Macedonia,MKD,2015,108802.0
North Macedonia,MKD,2016,33582.0
North Macedonia,MKD,2017,2220.0
North Macedonia,MKD,2021,80000.0
Norway,NOR,1990,0.0
Norway,NOR,1992,0.0
Norway,NOR,1993,0.0
Norway,NOR,1995,4000.0
Norway,NOR,2000,600.0
Norway,NOR,2001,1500.0
Norway,NOR,2005,0.0
Norway,NOR,2006,200.0
Norway,NOR,2008,100.0
Norway,NOR,2011,500.0
Norway,NOR,2013,500.0
Norway,NOR,2022,0.0
Norway,NOR,2023,0.0
Norway,NOR,2024,0.0
Oman,OMN,1977,6596.0
Oman,OMN,1981,0.0
Oman,OMN,2003,0.0
Oman,OMN,2007,20000.0
Oman,OMN,2010,0.0
Oman,OMN,2011,200.0
Oman,OMN,2015,6000.0
Oman,OMN,2016,0.0
Oman,OMN,2017,200.0
Oman,OMN,2018,0.0
Oman,OMN,2019,0.0
Oman,OMN,2020,100.0
Oman,OMN,2021,90.0
Oman,OMN,2024,1391.0
Pakistan,PAK,1926,0.0
Pakistan,PAK,1939,0.0
Pakistan,PAK,1944,10000.0
Pakistan,PAK,1950,0.0
Pakistan,PAK,1953,0.0
Pakistan,PAK,1954,0.0
Pakistan,PAK,1956,0.0
Pakistan,PAK,1957,0.0
Pakistan,PAK,1959,0.0
Pakistan,PAK,1964,474427.0
Pakistan,PAK,1965,0.0
Pakistan,PAK,1967,150000.0
Pakistan,PAK,1973,4800000.0
Pakistan,PAK,1975,0.0
Pakistan,PAK,1976,5566000.0
Pakistan,PAK,1977,1022000.0
Pakistan,PAK,1978,2246000.0
Pakistan,PAK,1979,3200.0
Pakistan,PAK,1980,86223.0
Pakistan,PAK,1981,600.0
Pakistan,PAK,1982,10000.0
Pakistan,PAK,1983,64300.0
Pakistan,PAK,1984,2000.0
Pakistan,PAK,1986,250.0
Pakistan,PAK,1988,1000000.0
Pakistan,PAK,1989,142400.0
Pakistan,PAK,1990,0.0
Pakistan,PAK,1991,250.0
Pakistan,PAK,1992,12839868.0
Pakistan,PAK,1993,261295.0
Pakistan,PAK,1994,840036.0
Pakistan,PAK,1995,1855000.0
Pakistan,PAK,1996,1300000.0
Pakistan,PAK,1997,851384.0
Pakistan,PAK,1998,200000.0
Pakistan,PAK,1999,625567.0
Pakistan,PAK,2000,527595.0
Pakistan,PAK,2001,928274.0
Pakistan,PAK,2002,531641.0
Pakistan,PAK,2003,1797842.0
Pakistan,PAK,2004,0.0
Pakistan,PAK,2005,7527243.0
Pakistan,PAK,2006,8225.0
Pakistan,PAK,2007,1652706.0
Pakistan,PAK,2008,290764.0
Pakistan,PAK,2009,75080.0
Pakistan,PAK,2010,20367496.0
Pakistan,PAK,2011,5400755.0
Pakistan,PAK,2012,5050564.0
Pakistan,PAK,2013,1497782.0
Pakistan,PAK,2014,2530755.0
Pakistan,PAK,2015,1657490.0
Pakistan,PAK,2016,10953.0
Pakistan,PAK,2017,63130.0
Pakistan,PAK,2018,5000.0
Pakistan,PAK,2019,4681944.0
Pakistan,PAK,2020,2560289.0
Pakistan,PAK,2021,385.0
Pakistan,PAK,2022,33016869.0
Pakistan,PAK,2023,119804.0
Pakistan,PAK,2024,580808.0
Pakistan,PAK,2025,6901238.0
Palau,PLW,2012,1250.0
Palau,PLW,2013,0.0
Palau,PLW,2015,7138.0
Palau,PLW,2016,7062.0
Palau,PLW,2021,7288.0
Palestine,PSE,2010,500.0
Palestine,PSE,2012,1500.0
Palestine,PSE,2013,62571.0
Palestine,PSE,2015,31050.0
Palestine,PSE,2020,30000.0
Palestine,PSE,2022,3500.0
Palestine,PSE,2025,235020.0
Panama,PAN,1964,518.0
Panama,PAN,1966,2600.0
Panama,PAN,1970,44345.0
Panama,PAN,1972,300.0
Panama,PAN,1973,4000.0
Panama,PAN,1978,2000.0
Panama,PAN,1983,81000.0
Panama,PAN,1984,1000.0
Panama,PAN,1986,6000.0
Panama,PAN,1988,8732.0
Panama,PAN,1991,20061.0
Panama,PAN,1992,50.0
Panama,PAN,1995,500.0
Panama,PAN,1998,7500.0
Panama,PAN,1999,895.0
Panama,PAN,2000,1000.0
Panama,PAN,2001,775.0
Panama,PAN,2002,26500.0
Panama,PAN,2003,1000.0
Panama,PAN,2004,22748.0
Panama,PAN,2005,7000.0
Panama,PAN,2006,7866.0
Panama,PAN,2007,129.0
Panama,PAN,2008,23837.0
Panama,PAN,2009,4248.0
Panama,PAN,2010,32941.0
Panama,PAN,2011,4000.0
Panama,PAN,2012,9448.0
Panama,PAN,2013,0.0
Panama,PAN,2014,116.0
Panama,PAN,2015,3500.0
Panama,PAN,2016,12000.0
Panama,PAN,2017,12000.0
Panama,PAN,2018,0.0
Panama,PAN,2019,0.0
Panama,PAN,2020,5150.0
Panama,PAN,2021,30190.0
Panama,PAN,2022,150.0
Panama,PAN,2024,3895.0
Panama,PAN,2025,800.0
Papua New Guinea,PNG,1972,0.0
Papua New Guinea,PNG,1980,8052.0
Papua New Guinea,PNG,1981,31948.0
Papua New Guinea,PNG,1983,13000.0
Papua New Guinea,PNG,1992,90000.0
Papua New Guinea,PNG,1993,94040.0
Papua New Guinea,PNG,1997,140756.0
Papua New Guinea,PNG,1998,374744.0
Papua New Guinea,PNG,1999,38000.0
Papua New Guinea,PNG,2004,10000.0
Papua New Guinea,PNG,2005,2493.0
Papua New Guinea,PNG,2006,12400.0
Papua New Guinea,PNG,2007,162140.0
Papua New Guinea,PNG,2008,75300.0
Papua New Guinea,PNG,2011,0.0
Papua New Guinea,PNG,2012,200000.0
Papua New Guinea,PNG,2013,35000.0
Papua New Guinea,PNG,2014,39346.0
Papua New Guinea,PNG,2015,2549199.0
Papua New Guinea,PNG,2016,6600.0
Papua New Guinea,PNG,2019,350.0
Papua New Guinea,PNG,2020,60900.0
Paraguay,PRY,1963,6690.0
Paraguay,PRY,1964,6710.0
Paraguay,PRY,1965,25000.0
Paraguay,PRY,1966,7390.0
Paraguay,PRY,1971,27000.0
Paraguay,PRY,1979,190000.0
Paraguay,PRY,1982,85000.0
Paraguay,PRY,1983,100000.0
Paraguay,PRY,1988,45000.0
Paraguay,PRY,1990,15000.0
Paraguay,PRY,1992,65575.0
Paraguay,PRY,1995,275000.0
Paraguay,PRY,1997,75077.0
Paraguay,PRY,1998,0.0
Paraguay,PRY,1999,6534.0
Paraguay,PRY,2000,11145.0
Paraguay,PRY,2001,11145.0
Paraguay,PRY,2002,26441.0
Paraguay,PRY,2004,0.0
Paraguay,PRY,2005,52990.0
Paraguay,PRY,2007,125000.0
Paraguay,PRY,2008,65655.0
Paraguay,PRY,2009,212735.0
Paraguay,PRY,2010,0.0
Paraguay,PRY,2011,2000.0
Paraguay,PRY,2012,1495945.0
Paraguay,PRY,2013,136468.0
Paraguay,PRY,2014,283292.0
Paraguay,PRY,2015,108309.0
Paraguay,PRY,2016,41866.0
Paraguay,PRY,2018,46300.0
Paraguay,PRY,2019,525197.0
Paraguay,PRY,2021,6000.0
Paraguay,PRY,2023,46675.0
Paraguay,PRY,2025,0.0
Peru,PER,1962,0.0
Peru,PER,1965,0.0
Peru,PER,1966,156000.0
Peru,PER,1967,50300.0
Peru,PER,1969,128604.0
Peru,PER,1970,136050.0
Peru,PER,1971,330000.0
Peru,PER,1977,940.0
Peru,PER,1978,22000.0
Peru,PER,1980,36000.0
Peru,PER,1981,5000.0
Peru,PER,1982,55000.0
Peru,PER,1983,622700.0
Peru,PER,1986,200000.0
Peru,PER,1987,28519.0
Peru,PER,1988,0.0
Peru,PER,1989,500.0
Peru,PER,1990,2202600.0
Peru,PER,1991,0.0
Peru,PER,1992,1130000.0
Peru,PER,1993,219000.0
Peru,PER,1994,101130.0
Peru,PER,1997,48405.0
Peru,PER,1998,533325.0
Peru,PER,1999,491200.0
Peru,PER,2000,50.0
Peru,PER,2001,66310.0
Peru,PER,2002,119050.0
Peru,PER,2003,1901110.0
Peru,PER,2004,2149207.0
Peru,PER,2006,15325.0
Peru,PER,2007,932286.0
Peru,PER,2008,450012.0
Peru,PER,2009,84803.0
Peru,PER,2010,305061.0
Peru,PER,2011,171949.0
Peru,PER,2012,752884.0
Peru,PER,2013,273822.0
Peru,PER,2014,180995.0
Peru,PER,2015,372400.0
Peru,PER,2016,10000.0
Peru,PER,2017,2188505.0
Peru,PER,2019,8945.0
Peru,PER,2020,7585.0
Peru,PER,2021,29204.0
Peru,PER,2022,500.0
Peru,PER,2023,579494.0
Peru,PER,2024,2583.0
Peru,PER,2025,65116.0
Philippines,PHL,1905,0.0
Philippines,PHL,1912,0.0
Philippines,PHL,1931,0.0
Philippines,PHL,1932,2500.0
Philippines,PHL,1934,0.0
Philippines,PHL,1936,0.0
Philippines,PHL,1937,0.0
Philippines,PHL,1938,0.0
Philippines,PHL,1940,0.0
Philippines,PHL,1946,0.0
Philippines,PHL,1949,0.0
Philippines,PHL,1951,50000.0
Philippines,PHL,1952,500452.0
Philippines,PHL,1955,0.0
Philippines,PHL,1956,0.0
Philippines,PHL,1957,0.0
Philippines,PHL,1959,0.0
Philippines,PHL,1960,445000.0
Philippines,PHL,1962,0.0
Philippines,PHL,1963,2000.0
Philippines,PHL,1964,1225546.0
Philippines,PHL,1965,0.0
Philippines,PHL,1966,286000.0
Philippines,PHL,1967,137000.0
Philippines,PHL,1968,226643.0
Philippines,PHL,1969,0.0
Philippines,PHL,1970,1812547.0
Philippines,PHL,1971,46511.0
Philippines,PHL,1972,3263325.0
Philippines,PHL,1973,4450024.0
Philippines,PHL,1974,1333896.0
Philippines,PHL,1975,5323.0
Philippines,PHL,1976,2720448.0
Philippines,PHL,1977,165518.0
Philippines,PHL,1978,2156784.0
Philippines,PHL,1979,601521.0
Philippines,PHL,1980,2895045.0
Philippines,PHL,1981,1411240.0
Philippines,PHL,1982,1316615.0
Philippines,PHL,1983,1863425.0
Philippines,PHL,1984,4535206.0
Philippines,PHL,1985,1609418.0
Philippines,PHL,1986,1243351.0
Philippines,PHL,1987,4239732.0
Philippines,PHL,1988,4517505.0
Philippines,PHL,1989,2444376.0
Philippines,PHL,1990,7045262.0
Philippines,PHL,1991,1725090.0
Philippines,PHL,1992,2189063.0
Philippines,PHL,1993,3929411.0
Philippines,PHL,1994,2802800.0
Philippines,PHL,1995,3405997.0
Philippines,PHL,1996,133628.0
Philippines,PHL,1997,471770.0
Philippines,PHL,1998,9923299.0
Philippines,PHL,1999,3492306.0
Philippines,PHL,2000,6353074.0
Philippines,PHL,2001,3541737.0
Philippines,PHL,2002,1137761.0
Philippines,PHL,2003,469761.0
Philippines,PHL,2004,3262972.0
Philippines,PHL,2005,213057.0
Philippines,PHL,2006,8554317.0
Philippines,PHL,2007,1996541.0
Philippines,PHL,2008,8454868.0
Philippines,PHL,2009,13304939.0
Philippines,PHL,2010,3948202.0
Philippines,PHL,2011,13181782.0
Philippines,PHL,2012,12175108.0
Philippines,PHL,2013,22444909.0
Philippines,PHL,2014,13214113.0
Philippines,PHL,2015,3938966.0
Philippines,PHL,2016,5614845.0
Philippines,PHL,2017,4811448.0
Philippines,PHL,2018,9528889.0
Philippines,PHL,2019,6086139.0
Philippines,PHL,2020,5374740.0
Philippines,PHL,2021,12762619.0
Philippines,PHL,2022,7256213.0
Philippines,PHL,2023,10427092.0
Philippines,PHL,2024,25600800.0
Philippines,PHL,2025,31534542.0
Poland,POL,1928,0.0
Poland,POL,1934,0.0
Poland,POL,1977,1000.0
Poland,POL,1980,104000.0
Poland,POL,1982,16824.0
Poland,POL,1983,900.0
Poland,POL,1987,6000.0
Poland,POL,1990,0.0
Poland,POL,1992,0.0
Poland,POL,1994,0.0
Poland,POL,1997,224500.0
Poland,POL,1998,1200.0
Poland,POL,1999,0.0
Poland,POL,2000,0.0
Poland,POL,2001,15000.0
Poland,POL,2002,0.0
Poland,POL,2003,0.0
Poland,POL,2004,600.0
Poland,POL,2005,3600.0
Poland,POL,2006,500.0
Poland,POL,2007,0.0
Poland,POL,2008,1060.0
Poland,POL,2009,232.0
Poland,POL,2010,101700.0
Poland,POL,2011,0.0
Poland,POL,2012,310.0
Poland,POL,2013,53.0
Poland,POL,2014,0.0
Poland,POL,2015,1217.0
Poland,POL,2016,3.0
Poland,POL,2017,5844.0
Poland,POL,2018,0.0
Poland,POL,2019,157.0
Poland,POL,2020,5206.0
Poland,POL,2021,2015.0
Poland,POL,2022,1512.0
Poland,POL,2023,0.0
Poland,POL,2024,57000.0
Portugal,PRT,1941,142.0
Portugal,PRT,1946,0.0
Portugal,PRT,1966,0.0
Portugal,PRT,1967,1100.0
Portugal,PRT,1973,0.0
Portugal,PRT,1979,45220.0
Portugal,PRT,1981,900.0
Portugal,PRT,1983,2000.0
Portugal,PRT,1985,0.0
Portugal,PRT,1986,50.0
Portugal,PRT,1991,0.0
Portugal,PRT,1996,3110.0
Portugal,PRT,1997,496.0
Portugal,PRT,2000,183.0
Portugal,PRT,2001,983.0
Portugal,PRT,2002,168.0
Portugal,PRT,2003,150120.0
Portugal,PRT,2004,0.0
Portugal,PRT,2005,136.0
Portugal,PRT,2006,367.0
Portugal,PRT,2008,110.0
Portugal,PRT,2009,0.0
Portugal,PRT,2010,618.0
Portugal,PRT,2013,3967.0
Portugal,PRT,2014,54.0
Portugal,PRT,2016,1361.0
Portugal,PRT,2017,3475.0
Portugal,PRT,2018,417.0
Portugal,PRT,2019,51.0
Portugal,PRT,2022,187.0
Portugal,PRT,2023,1435.0
Portugal,PRT,2024,41499.0
Portugal,PRT,2025,846.0
Qatar,QAT,2018,1500.0
Romania,ROU,1926,0.0
Romania,ROU,1928,0.0
Romania,ROU,1970,238755.0
Romania,ROU,1975,1000000.0
Romania,ROU,1984,2000.0
Romania,ROU,1991,15000.0
Romania,ROU,1993,200.0
Romania,ROU,1994,5406.0
Romania,ROU,1995,10687.0
Romania,ROU,1996,8513.0
Romania,ROU,1997,122780.0
Romania,ROU,1998,13700.0
Romania,ROU,1999,9033.0
Romania,ROU,2000,63831.0
Romania,ROU,2001,14803.0
Romania,ROU,2002,19201.0
Romania,ROU,2003,850.0
Romania,ROU,2004,30528.0
Romania,ROU,2005,91671.0
Romania,ROU,2006,35531.0
Romania,ROU,2007,6976.0
Romania,ROU,2008,11090.0
Romania,ROU,2009,24.0
Romania,ROU,2010,12237.0
Romania,ROU,2012,7539.0
Romania,ROU,2013,6901.0
Romania,ROU,2014,2525.0
Romania,ROU,2015,2000.0
Romania,ROU,2016,300.0
Romania,ROU,2017,137.0
Romania,ROU,2018,3900.0
Romania,ROU,2019,362.0
Romania,ROU,2020,1550.0
Romania,ROU,2021,100.0
Romania,ROU,2022,0.0
Romania,ROU,2023,0.0
Romania,ROU,2024,15000.0
Romania,ROU,2025,2500.0
Russia,RUS,1992,0.0
Russia,RUS,1993,15013.0
Russia,RUS,1994,797695.0
Russia,RUS,1995,2668.0
Russia,RUS,1996,234600.0
Russia,RUS,1997,500.0
Russia,RUS,1998,291206.0
Russia,RUS,1999,726446.0
Russia,RUS,2000,76847.0
Russia,RUS,2001,394027.0
Russia,RUS,2002,409795.0
Russia,RUS,2003,1000600.0
Russia,RUS,2004,13582.0
Russia,RUS,2005,9047.0
Russia,RUS,2006,7734.0
Russia,RUS,2007,14000.0
Russia,RUS,2010,55671.0
Russia,RUS,2011,14183.0
Russia,RUS,2012,48999.0
Russia,RUS,2013,35635.0
Russia,RUS,2014,24545.0
Russia,RUS,2015,7477.0
Russia,RUS,2016,11696.0
Russia,RUS,2017,15922.0
Russia,RUS,2018,14975.0
Russia,RUS,2019,50204.0
Russia,RUS,2021,28758.0
Russia,RUS,2022,3252.0
Russia,RUS,2023,28276.0
Russia,RUS,2024,38400.0
Rwanda,RWA,1974,1900000.0
Rwanda,RWA,1976,851162.0
Rwanda,RWA,1977,848838.0
Rwanda,RWA,1984,420000.0
Rwanda,RWA,1988,21678.0
Rwanda,RWA,1989,60000.0
Rwanda,RWA,1996,6419.0
Rwanda,RWA,1997,75581.0
Rwanda,RWA,1999,127792.0
Rwanda,RWA,2000,766753.0
Rwanda,RWA,2001,3000.0
Rwanda,RWA,2002,20000.0
Rwanda,RWA,2003,180190.0
Rwanda,RWA,2004,206564.0
Rwanda,RWA,2005,206564.0
Rwanda,RWA,2006,206564.0
Rwanda,RWA,2007,211634.0
Rwanda,RWA,2008,11346.0
Rwanda,RWA,2011,3608.0
Rwanda,RWA,2012,11160.0
Rwanda,RWA,2015,3431.0
Rwanda,RWA,2016,0.0
Rwanda,RWA,2017,6553.0
Rwanda,RWA,2018,26411.0
Rwanda,RWA,2019,5958.0
Rwanda,RWA,2020,22455.0
Rwanda,RWA,2021,6500.0
Rwanda,RWA,2022,1300.0
Rwanda,RWA,2023,51982.0
Rwanda,RWA,2024,27.0
Saint Kitts and Nevis,KNA,1928,0.0
Saint Kitts and Nevis,KNA,1955,0.0
Saint Kitts and Nevis,KNA,1984,0.0
Saint Kitts and Nevis,KNA,1987,0.0
Saint Kitts and Nevis,KNA,1989,1300.0
Saint Kitts and Nevis,KNA,1990,0.0
Saint Kitts and Nevis,KNA,1995,1800.0
Saint Kitts and Nevis,KNA,1998,10000.0
Saint Kitts and Nevis,KNA,1999,1180.0
Saint Kitts and Nevis,KNA,2008,0.0
Saint Kitts and Nevis,KNA,2017,500.0
Saint Lucia,LCA,1960,0.0
Saint Lucia,LCA,1963,0.0
Saint Lucia,LCA,1967,0.0
Saint Lucia,LCA,1980,80000.0
Saint Lucia,LCA,1983,3000.0
Saint Lucia,LCA,1986,0.0
Saint Lucia,LCA,1987,0.0
Saint Lucia,LCA,1988,0.0
Saint Lucia,LCA,1994,750.0
Saint Lucia,LCA,1999,200.0
Saint Lucia,LCA,2004,0.0
Saint Lucia,LCA,2007,0.0
Saint Lucia,LCA,2010,183000.0
Saint Lucia,LCA,2013,19984.0
Saint Lucia,LCA,2016,25000.0
Saint Lucia,LCA,2021,0.0
Saint Lucia,LCA,2022,5500.0
Saint Vincent-Grenadines,VCT,1955,0.0
Saint Vincent-Grenadines,VCT,1967,0.0
Saint Vincent-Grenadines,VCT,1977,0.0
Saint Vincent-Grenadines,VCT,1980,20500.0
Saint Vincent-Grenadines,VCT,1986,152.0
Saint Vincent-Grenadines,VCT,1987,1208.0
Saint Vincent-Grenadines,VCT,1992,200.0
Saint Vincent-Grenadines,VCT,1999,100.0
Saint Vincent-Grenadines,VCT,2002,1000.0
Saint Vincent-Grenadines,VCT,2004,1004.0
Saint Vincent-Grenadines,VCT,2005,530.0
Saint Vincent-Grenadines,VCT,2010,6100.0
Saint Vincent-Grenadines,VCT,2011,275.0
Saint Vincent-Grenadines,VCT,2013,17422.0
Saint Vincent-Grenadines,VCT,2016,25000.0
Saint Vincent-Grenadines,VCT,2021,129.0
Saint Vincent-Grenadines,VCT,2023,150.0
Saint Vincent-Grenadines,VCT,2024,40028.0
Samoa,WSM,1964,0.0
Samoa,WSM,1966,95000.0
Samoa,WSM,1968,4.0
Samoa,WSM,1983,2000.0
Samoa,WSM,1989,0.0
Samoa,WSM,1990,195000.0
Samoa,WSM,1991,88000.0
Samoa,WSM,2001,0.0
Samoa,WSM,2004,0.0
Samoa,WSM,2005,0.0
Samoa,WSM,2012,12703.0
Samoa,WSM,2015,0.0
Samoa,WSM,2018,0.0
São Tomé and Príncipe,STP,1983,30971.0
São Tomé and Príncipe,STP,1984,30971.0
São Tomé and Príncipe,STP,1985,31058.0
São Tomé and Príncipe,STP,2021,219668.0
Saudi Arabia,SAU,1964,1000.0
Saudi Arabia,SAU,1982,0.0
Saudi Arabia,SAU,1985,5000.0
Saudi Arabia,SAU,2002,0.0
Saudi Arabia,SAU,2003,13050.0
Saudi Arabia,SAU,2004,430.0
Saudi Arabia,SAU,2005,67.0
Saudi Arabia,SAU,2009,10000.0
Saudi Arabia,SAU,2010,85.0
Saudi Arabia,SAU,2011,0.0
Saudi Arabia,SAU,2012,0.0
Saudi Arabia,SAU,2013,1021.0
Saudi Arabia,SAU,2015,0.0
Saudi Arabia,SAU,2016,1037.0
Saudi Arabia,SAU,2017,481.0
Saudi Arabia,SAU,2019,1418.0
Saudi Arabia,SAU,2020,600.0
Saudi Arabia,SAU,2024,2764.0
Senegal,SEN,1910,0.0
Senegal,SEN,1911,0.0
Senegal,SEN,1912,0.0
Senegal,SEN,1913,0.0
Senegal,SEN,1914,0.0
Senegal,SEN,1940,0.0
Senegal,SEN,1941,0.0
Senegal,SEN,1942,0.0
Senegal,SEN,1943,0.0
Senegal,SEN,1944,0.0
Senegal,SEN,1966,2000.0
Senegal,SEN,1967,0.0
Senegal,SEN,1969,199921.0
Senegal,SEN,1970,199921.0
Senegal,SEN,1971,199921.0
Senegal,SEN,1972,199921.0
Senegal,SEN,1973,199921.0
Senegal,SEN,1974,199921.0
Senegal,SEN,1975,200474.0
Senegal,SEN,1977,1857500.0
Senegal,SEN,1978,1857500.0
Senegal,SEN,1979,474350.0
Senegal,SEN,1980,475650.0
Senegal,SEN,1982,299794.0
Senegal,SEN,1983,304794.0
Senegal,SEN,1984,299794.0
Senegal,SEN,1985,303618.0
Senegal,SEN,1988,10000.0
Senegal,SEN,1993,5000.0
Senegal,SEN,1994,17500.0
Senegal,SEN,1998,300000.0
Senegal,SEN,1999,95853.0
Senegal,SEN,2002,463000.0
Senegal,SEN,2003,7769.0
Senegal,SEN,2004,1000.0
Senegal,SEN,2005,50000.0
Senegal,SEN,2007,5300.0
Senegal,SEN,2008,23600.0
Senegal,SEN,2009,264000.0
Senegal,SEN,2010,102516.0
Senegal,SEN,2011,39800.0
Senegal,SEN,2012,464152.0
Senegal,SEN,2013,571574.0
Senegal,SEN,2014,322494.0
Senegal,SEN,2015,317208.0
Senegal,SEN,2016,10646.0
Senegal,SEN,2018,64186.0
Senegal,SEN,2019,94161.0
Senegal,SEN,2020,102193.0
Senegal,SEN,2021,85428.0
Senegal,SEN,2022,20010.0
Senegal,SEN,2024,55600.0
Serbia,SRB,2007,12370.0
Serbia,SRB,2009,3710.0
Serbia,SRB,2010,5300.0
Serbia,SRB,2011,5000.0
Serbia,SRB,2012,88234.0
Serbia,SRB,2013,3000.0
Serbia,SRB,2014,62600.0
Serbia,SRB,2016,8655.0
Serbia,SRB,2017,0.0
Serbia,SRB,2018,231.0
Serbia,SRB,2019,11650.0
Serbia,SRB,2020,3600.0
Serbia,SRB,2021,22.0
Serbia,SRB,2022,0.0
Serbia,SRB,2023,15662.0
Serbia,SRB,2024,0.0
Seychelles,SYC,1997,1237.0
Seychelles,SYC,2002,6800.0
Seychelles,SYC,2013,3000.0
Seychelles,SYC,2014,4435.0
Sierra Leone,SLE,1975,10000.0
Sierra Leone,SLE,1984,0.0
Sierra Leone,SLE,1996,200000.0
Sierra Leone,SLE,1999,3.0
Sierra Leone,SLE,2004,0.0
Sierra Leone,SLE,2005,15000.0
Sierra Leone,SLE,2007,4500.0
Sierra Leone,SLE,2009,1470.0
Sierra Leone,SLE,2010,234.0
Sierra Leone,SLE,2011,0.0
Sierra Leone,SLE,2013,2257.0
Sierra Leone,SLE,2015,24303.0
Sierra Leone,SLE,2019,10381.0
Sierra Leone,SLE,2022,12982.0
Sierra Leone,SLE,2023,17.0
Sierra Leone,SLE,2024,23596.0
Sierra Leone,SLE,2025,15260.0
Slovakia,SVK,1997,10000.0
Slovakia,SVK,1998,11667.0
Slovakia,SVK,1999,36148.0
Slovakia,SVK,2000,0.0
Slovakia,SVK,2001,0.0
Slovakia,SVK,2002,0.0
Slovakia,SVK,2003,0.0
Slovakia,SVK,2004,10554.0
Slovakia,SVK,2005,0.0
Slovakia,SVK,2006,100.0
Slovakia,SVK,2007,89.0
Slovakia,SVK,2010,850.0
Slovakia,SVK,2011,0.0
Slovakia,SVK,2012,0.0
Slovakia,SVK,2013,0.0
Slovakia,SVK,2017,0.0
Slovakia,SVK,2019,0.0
Slovakia,SVK,2020,250.0
Slovakia,SVK,2021,0.0
Slovakia,SVK,2022,0.0
Slovakia,SVK,2023,0.0
Slovakia,SVK,2024,0.0
Slovenia,SVN,2003,0.0
Slovenia,SVN,2005,0.0
Slovenia,SVN,2007,1050.0
Slovenia,SVN,2010,2000.0
Slovenia,SVN,2012,12000.0
Slovenia,SVN,2014,54400.0
Slovenia,SVN,2020,0.0
Slovenia,SVN,2021,1500.0
Slovenia,SVN,2022,0.0
Slovenia,SVN,2023,1503123.0
Slovenia,SVN,2024,0.0
Slovenia,SVN,2025,0.0
Solomon Islands,SLB,1956,0.0
Solomon Islands,SLB,1966,1000.0
Solomon Islands,SLB,1967,0.0
Solomon Islands,SLB,1968,200.0
Solomon Islands,SLB,1979,6000.0
Solomon Islands,SLB,1982,30000.0
Solomon Islands,SLB,1985,650.0
Solomon Islands,SLB,1986,150000.0
Solomon Islands,SLB,1992,0.0
Solomon Islands,SLB,1993,88500.0
Solomon Islands,SLB,1997,0.0
Solomon Islands,SLB,1998,380.0
Solomon Islands,SLB,2002,1110.0
Solomon Islands,SLB,2003,425.0
Solomon Islands,SLB,2009,7000.0
Solomon Islands,SLB,2010,16812.0
Solomon Islands,SLB,2011,0.0
Solomon Islands,SLB,2012,4836.0
Solomon Islands,SLB,2013,10227.0
Solomon Islands,SLB,2014,52000.0
Solomon Islands,SLB,2015,44496.0
Solomon Islands,SLB,2018,1000.0
Solomon Islands,SLB,2020,150000.0
Solomon Islands,SLB,2023,22319.0
Somalia,SOM,1961,0.0
Somalia,SOM,1964,700000.0
Somalia,SOM,1969,30000.0
Somalia,SOM,1974,9356.0
Somalia,SOM,1975,110170.0
Somalia,SOM,1976,110474.0
Somalia,SOM,1977,40000.0
Somalia,SOM,1980,0.0
Somalia,SOM,1981,30000.0
Somalia,SOM,1983,0.0
Somalia,SOM,1987,530000.0
Somalia,SOM,1988,53500.0
Somalia,SOM,1989,50000.0
Somalia,SOM,1994,0.0
Somalia,SOM,1995,8500.0
Somalia,SOM,1996,100.0
Somalia,SOM,1997,1232000.0
Somalia,SOM,2000,974320.0
Somalia,SOM,2001,605680.0
Somalia,SOM,2003,300.0
Somalia,SOM,2004,201500.0
Somalia,SOM,2005,7520.0
Somalia,SOM,2006,486500.0
Somalia,SOM,2007,10012.0
Somalia,SOM,2008,2537185.0
Somalia,SOM,2009,816565.0
Somalia,SOM,2010,2016200.0
Somalia,SOM,2011,2002800.0
Somalia,SOM,2012,3032200.0
Somalia,SOM,2013,247380.0
Somalia,SOM,2014,166995.0
Somalia,SOM,2015,2603032.0
Somalia,SOM,2016,3802736.0
Somalia,SOM,2017,1673157.0
Somalia,SOM,2018,928000.0
Somalia,SOM,2019,2030000.0
Somalia,SOM,2020,1311020.0
Somalia,SOM,2021,3637853.0
Somalia,SOM,2022,3866563.0
Somalia,SOM,2023,3326003.0
Somalia,SOM,2024,226000.0
Somalia,SOM,2025,5724528.0
South Africa,ZAF,1952,0.0
South Africa,ZAF,1959,0.0
South Africa,ZAF,1964,5000.0
South Africa,ZAF,1968,0.0
South Africa,ZAF,1974,0.0
South Africa,ZAF,1977,1000.0
South Africa,ZAF,1978,0.0
South Africa,ZAF,1981,185.0
South Africa,ZAF,1982,0.0
South Africa,ZAF,1983,200.0
South Africa,ZAF,1984,500000.0
South Africa,ZAF,1986,850000.0
South Africa,ZAF,1987,65000.0
South Africa,ZAF,1988,1320000.0
South Africa,ZAF,1990,0.0
South Africa,ZAF,1991,0.0
South Africa,ZAF,1992,0.0
South Africa,ZAF,1993,15000.0
South Africa,ZAF,1994,13000.0
South Africa,ZAF,1995,303500.0
South Africa,ZAF,1996,8530.0
South Africa,ZAF,1997,307.0
South Africa,ZAF,1998,160.0
South Africa,ZAF,1999,24085.0
South Africa,ZAF,2000,4750.0
South Africa,ZAF,2001,43308.0
South Africa,ZAF,2002,105216.0
South Africa,ZAF,2003,1100.0
South Africa,ZAF,2004,15015000.0
South Africa,ZAF,2006,7160.0
South Africa,ZAF,2007,39600.0
South Africa,ZAF,2008,7601.0
South Africa,ZAF,2009,20300.0
South Africa,ZAF,2010,3517.0
South Africa,ZAF,2011,209127.0
South Africa,ZAF,2012,126350.0
South Africa,ZAF,2013,2870.0
South Africa,ZAF,2014,7185.0
South Africa,ZAF,2015,1117346.0
South Africa,ZAF,2016,1124866.0
South Africa,ZAF,2017,478444.0
South Africa,ZAF,2018,0.0
South Africa,ZAF,2019,754520.0
South Africa,ZAF,2020,410.0
South Africa,ZAF,2021,12012437.0
South Africa,ZAF,2022,199296.0
South Africa,ZAF,2023,9667.0
South Africa,ZAF,2024,72424.0
South Africa,ZAF,2025,12524.0
South Korea,KOR,1936,0.0
South Korea,KOR,1954,0.0
South Korea,KOR,1957,0.0
South Korea,KOR,1959,782126.0
South Korea,KOR,1961,0.0
South Korea,KOR,1962,0.0
South Korea,KOR,1964,86830.0
South Korea,KOR,1965,344459.0
South Korea,KOR,1966,197619.0
South Korea,KOR,1967,1398084.0
South Korea,KOR,1968,1401916.0
South Korea,KOR,1969,347688.0
South Korea,KOR,1970,9500.0
South Korea,KOR,1971,50.0
South Korea,KOR,1972,1128339.0
South Korea,KOR,1974,0.0
South Korea,KOR,1977,76000.0
South Korea,KOR,1978,6000.0
South Korea,KOR,1979,35000.0
South Korea,KOR,1980,20017.0
South Korea,KOR,1981,14253.0
South Korea,KOR,1982,5042.0
South Korea,KOR,1984,351171.0
South Korea,KOR,1985,20.0
South Korea,KOR,1986,6696.0
South Korea,KOR,1987,210000.0
South Korea,KOR,1989,75194.0
South Korea,KOR,1990,189260.0
South Korea,KOR,1991,22286.0
South Korea,KOR,1992,711.0
South Korea,KOR,1993,8630.0
South Korea,KOR,1994,88.0
South Korea,KOR,1995,5160.0
South Korea,KOR,1996,60365.0
South Korea,KOR,1997,115.0
South Korea,KOR,1998,125379.0
South Korea,KOR,1999,30722.0
South Korea,KOR,2000,5333.0
South Korea,KOR,2001,310300.0
South Korea,KOR,2002,92632.0
South Korea,KOR,2003,80000.0
South Korea,KOR,2004,9768.0
South Korea,KOR,2005,17750.0
South Korea,KOR,2006,4630.0
South Korea,KOR,2007,1602.0
South Korea,KOR,2008,13.0
South Korea,KOR,2010,41500.0
South Korea,KOR,2011,29000.0
South Korea,KOR,2012,3120.0
South Korea,KOR,2014,101.0
South Korea,KOR,2016,1500.0
South Korea,KOR,2018,0.0
South Korea,KOR,2019,87887.0
South Korea,KOR,2020,18407.0
South Korea,KOR,2021,600.0
South Korea,KOR,2022,55856.0
South Korea,KOR,2023,11034.0
South Korea,KOR,2024,6070.0
South Korea,KOR,2025,27664.0
South Sudan,SSD,2008,92791.0
South Sudan,SSD,2009,2150000.0
South Sudan,SSD,2010,2440000.0
South Sudan,SSD,2012,157000.0
South Sudan,SSD,2013,581000.0
South Sudan,SSD,2016,3622000.0
South Sudan,SSD,2019,934812.0
South Sudan,SSD,2020,1042000.0
South Sudan,SSD,2021,4868103.0
South Sudan,SSD,2022,4690567.0
South Sudan,SSD,2024,1400000.0
South Sudan,SSD,2025,960000.0
Spain,ESP,1907,0.0
Spain,ESP,1940,6000.0
Spain,ESP,1941,120.0
Spain,ESP,1953,0.0
Spain,ESP,1957,23200.0
Spain,ESP,1962,20000.0
Spain,ESP,1971,0.0
Spain,ESP,1972,0.0
Spain,ESP,1973,20000.0
Spain,ESP,1978,325.0
Spain,ESP,1979,325.0
Spain,ESP,1980,0.0
Spain,ESP,1981,0.0
Spain,ESP,1982,226600.0
Spain,ESP,1983,507600.0
Spain,ESP,1984,60060.0
Spain,ESP,1985,300.0
Spain,ESP,1987,28000.0
Spain,ESP,1989,6800.0
Spain,ESP,1990,375770.0
Spain,ESP,1991,1124229.0
Spain,ESP,1992,1124229.0
Spain,ESP,1993,1124229.0
Spain,ESP,1994,1140749.0
Spain,ESP,1995,1127384.0
Spain,ESP,1996,0.0
Spain,ESP,1997,750.0
Spain,ESP,1998,600.0
Spain,ESP,1999,0.0
Spain,ESP,2000,8500.0
Spain,ESP,2001,300.0
Spain,ESP,2002,430.0
Spain,ESP,2003,200.0
Spain,ESP,2004,1813.0
Spain,ESP,2005,1.0
Spain,ESP,2006,289.0
Spain,ESP,2007,17005.0
Spain,ESP,2009,1793.0
Spain,ESP,2010,14000.0
Spain,ESP,2011,2400.0
Spain,ESP,2012,761.0
Spain,ESP,2013,600.0
Spain,ESP,2014,0.0
Spain,ESP,2015,1750.0
Spain,ESP,2016,150.0
Spain,ESP,2017,1500.0
Spain,ESP,2018,200.0
Spain,ESP,2019,3893.0
Spain,ESP,2020,2000.0
Spain,ESP,2021,250.0
Spain,ESP,2022,3500.0
Spain,ESP,2023,29129.0
Spain,ESP,2024,40286.0
Spain,ESP,2025,1018.0
Sri Lanka,LKA,1957,250000.0
Sri Lanka,LKA,1964,380000.0
Sri Lanka,LKA,1966,352347.0
Sri Lanka,LKA,1967,47000.0
Sri Lanka,LKA,1969,1000000.0
Sri Lanka,LKA,1977,250000.0
Sri Lanka,LKA,1978,1007000.0
Sri Lanka,LKA,1980,0.0
Sri Lanka,LKA,1981,20000.0
Sri Lanka,LKA,1982,631026.0
Sri Lanka,LKA,1983,2748974.0
Sri Lanka,LKA,1984,575000.0
Sri Lanka,LKA,1985,8000.0
Sri Lanka,LKA,1986,64485.0
Sri Lanka,LKA,1987,2200000.0
Sri Lanka,LKA,1988,238065.0
Sri Lanka,LKA,1989,1068935.0
Sri Lanka,LKA,1990,440000.0
Sri Lanka,LKA,1991,297151.0
Sri Lanka,LKA,1992,655950.0
Sri Lanka,LKA,1993,330000.0
Sri Lanka,LKA,1994,728150.0
Sri Lanka,LKA,1995,120000.0
Sri Lanka,LKA,1996,10000.0
Sri Lanka,LKA,1997,5000.0
Sri Lanka,LKA,1998,161226.0
Sri Lanka,LKA,1999,578259.0
Sri Lanka,LKA,2000,775000.0
Sri Lanka,LKA,2001,250673.0
Sri Lanka,LKA,2002,1249487.0
Sri Lanka,LKA,2003,695000.0
Sri Lanka,LKA,2004,200000.0
Sri Lanka,LKA,2005,145000.0
Sri Lanka,LKA,2006,333002.0
Sri Lanka,LKA,2007,391294.0
Sri Lanka,LKA,2008,841611.0
Sri Lanka,LKA,2009,380000.0
Sri Lanka,LKA,2010,770265.0
Sri Lanka,LKA,2011,1328965.0
Sri Lanka,LKA,2012,2316021.0
Sri Lanka,LKA,2013,81300.0
Sri Lanka,LKA,2014,2851248.0
Sri Lanka,LKA,2015,180090.0
Sri Lanka,LKA,2016,642342.0
Sri Lanka,LKA,2017,1612466.0
Sri Lanka,LKA,2018,303712.0
Sri Lanka,LKA,2019,671835.0
Sri Lanka,LKA,2020,235595.0
Sri Lanka,LKA,2021,330777.0
Sri Lanka,LKA,2022,178176.0
Sri Lanka,LKA,2023,288848.0
Sri Lanka,LKA,2024,1008055.0
Sri Lanka,LKA,2025,1702737.0
Sudan,SDN,1975,145000.0
Sudan,SDN,1978,100000.0
Sudan,SDN,1980,0.0
Sudan,SDN,1983,2428222.0
Sudan,SDN,1984,3047713.0
Sudan,SDN,1985,3056065.0
Sudan,SDN,1987,3450000.0
Sudan,SDN,1988,2500000.0
Sudan,SDN,1990,600000.0
Sudan,SDN,1991,1727510.0
Sudan,SDN,1992,6872490.0
Sudan,SDN,1993,2000.0
Sudan,SDN,1994,5965.0
Sudan,SDN,1996,280400.0
Sudan,SDN,1997,100000.0
Sudan,SDN,1998,1000000.0
Sudan,SDN,1999,280841.0
Sudan,SDN,2000,1001367.0
Sudan,SDN,2001,1095633.0
Sudan,SDN,2002,100000.0
Sudan,SDN,2003,325056.0
Sudan,SDN,2005,160780.0
Sudan,SDN,2006,167000.0
Sudan,SDN,2007,565335.0
Sudan,SDN,2009,111455.0
Sudan,SDN,2010,26362.0
Sudan,SDN,2011,30.0
Sudan,SDN,2012,3335135.0
Sudan,SDN,2013,500133.0
Sudan,SDN,2014,266204.0
Sudan,SDN,2015,800000.0
Sudan,SDN,2016,200004.0
Sudan,SDN,2017,55647.0
Sudan,SDN,2018,127476.0
Sudan,SDN,2019,352498.0
Sudan,SDN,2020,875013.0
Sudan,SDN,2021,319045.0
Sudan,SDN,2022,12188422.0
Sudan,SDN,2024,317107.0
Sudan,SDN,2025,10000.0
Suriname,SUR,1969,4600.0
Suriname,SUR,2006,25000.0
Suriname,SUR,2008,6548.0
Suriname,SUR,2021,10100.0
Suriname,SUR,2022,9000.0
Sweden,SWE,1976,0.0
Sweden,SWE,1977,236.0
Sweden,SWE,1985,0.0
Sweden,SWE,1990,0.0
Sweden,SWE,1999,0.0
Sweden,SWE,2002,0.0
Sweden,SWE,2005,0.0
Sweden,SWE,2013,0.0
Sweden,SWE,2018,0.0
Sweden,SWE,2020,0.0
Sweden,SWE,2021,13500.0
Sweden,SWE,2022,0.0
Sweden,SWE,2023,0.0
Sweden,SWE,2024,0.0
Switzerland,CHE,1977,0.0
Switzerland,CHE,1982,0.0
Switzerland,CHE,1983,140.0
Switzerland,CHE,1984,0.0
Switzerland,CHE,1985,0.0
Switzerland,CHE,1986,0.0
Switzerland,CHE,1987,0.0
Switzerland,CHE,1990,0.0
Switzerland,CHE,1993,0.0
Switzerland,CHE,1994,0.0
Switzerland,CHE,1995,800.0
Switzerland,CHE,1997,0.0
Switzerland,CHE,1998,0.0
Switzerland,CHE,1999,0.0
Switzerland,CHE,2002,2.0
Switzerland,CHE,2003,7.0
Switzerland,CHE,2005,2500.0
Switzerland,CHE,2006,3000.0
Switzerland,CHE,2007,101.0
Switzerland,CHE,2009,0.0
Switzerland,CHE,2010,0.0
Switzerland,CHE,2012,0.0
Switzerland,CHE,2013,84.0
Switzerland,CHE,2014,0.0
Switzerland,CHE,2018,16.0
Switzerland,CHE,2019,0.0
Switzerland,CHE,2020,13.0
Switzerland,CHE,2021,5.0
Switzerland,CHE,2022,0.0
Switzerland,CHE,2023,15040.0
Switzerland,CHE,2024,0.0
Switzerland,CHE,2025,0.0
Syria,SYR,1967,40000.0
Syria,SYR,1974,205000.0
Syria,SYR,1999,131923.0
Syria,SYR,2000,197077.0
Syria,SYR,2001,172.0
Syria,SYR,2004,180.0
Syria,SYR,2006,0.0
Syria,SYR,2008,434124.0
Syria,SYR,2009,432937.0
Syria,SYR,2010,432939.0
Syria,SYR,2015,3500.0
Syria,SYR,2019,235000.0
Syria,SYR,2020,140079.0
Syria,SYR,2021,3621205.0
Syria,SYR,2022,2383498.0
Syria,SYR,2023,702856.0
Syria,SYR,2024,24700.0
Syria,SYR,2025,16307666.0
Taiwan,TWN,1911,0.0
Taiwan,TWN,1924,0.0
Taiwan,TWN,1951,0.0
Taiwan,TWN,1953,0.0
Taiwan,TWN,1958,0.0
Taiwan,TWN,1959,0.0
Taiwan,TWN,1960,0.0
Taiwan,TWN,1961,0.0
Taiwan,TWN,1962,0.0
Taiwan,TWN,1965,166.0
Taiwan,TWN,1966,5021.0
Taiwan,TWN,1967,167.0
Taiwan,TWN,1969,40408.0
Taiwan,TWN,1973,8000.0
Taiwan,TWN,1975,0.0
Taiwan,TWN,1977,37528.0
Taiwan,TWN,1981,0.0
Taiwan,TWN,1983,0.0
Taiwan,TWN,1984,15.0
Taiwan,TWN,1986,0.0
Taiwan,TWN,1987,2200.0
Taiwan,TWN,1989,0.0
Taiwan,TWN,1990,20000.0
Taiwan,TWN,1991,4.0
Taiwan,TWN,1992,0.0
Taiwan,TWN,1994,588.0
Taiwan,TWN,1996,0.0
Taiwan,TWN,1997,78.0
Taiwan,TWN,1998,400300.0
Taiwan,TWN,2000,2102.0
Taiwan,TWN,2001,652333.0
Taiwan,TWN,2002,0.0
Taiwan,TWN,2003,0.0
Taiwan,TWN,2004,8873.0
Taiwan,TWN,2005,4339.0
Taiwan,TWN,2006,1100.0
Taiwan,TWN,2007,2879.0
Taiwan,TWN,2008,88.0
Taiwan,TWN,2009,2307523.0
Taiwan,TWN,2010,100.0
Taiwan,TWN,2012,35000.0
Taiwan,TWN,2013,54.0
Taiwan,TWN,2014,0.0
Taiwan,TWN,2015,762.0
Taiwan,TWN,2016,460.0
Taiwan,TWN,2017,4205.0
Taiwan,TWN,2018,6140.0
Taiwan,TWN,2019,0.0
Taiwan,TWN,2020,1.0
Taiwan,TWN,2021,0.0
Taiwan,TWN,2022,100.0
Taiwan,TWN,2023,258.0
Taiwan,TWN,2024,2092.0
Taiwan,TWN,2025,6461.0
Tajikistan,TJK,1992,63500.0
Tajikistan,TJK,1994,6051.0
Tajikistan,TJK,1996,180000.0
Tajikistan,TJK,1998,41890.0
Tajikistan,TJK,1999,10892.0
Tajikistan,TJK,2000,1204918.0
Tajikistan,TJK,2001,1798102.0
Tajikistan,TJK,2002,4251.0
Tajikistan,TJK,2003,1755.0
Tajikistan,TJK,2004,400000.0
Tajikistan,TJK,2005,5112.0
Tajikistan,TJK,2007,17309.0
Tajikistan,TJK,2008,2800000.0
Tajikistan,TJK,2009,15000.0
Tajikistan,TJK,2010,8622.0
Tajikistan,TJK,2011,2130.0
Tajikistan,TJK,2012,5556.0
Tajikistan,TJK,2013,2500.0
Tajikistan,TJK,2014,13223.0
Tajikistan,TJK,2015,10802.0
Tajikistan,TJK,2016,12750.0
Tajikistan,TJK,2017,700.0
Tajikistan,TJK,2018,5725.0
Tajikistan,TJK,2019,6750.0
Tajikistan,TJK,2020,2690.0
Tajikistan,TJK,2021,25010.0
Tajikistan,TJK,2023,0.0
Tajikistan,TJK,2024,40.0
Tanzania,TZA,1964,13900.0
Tanzania,TZA,1967,53483.0
Tanzania,TZA,1968,57000.0
Tanzania,TZA,1974,68000.0
Tanzania,TZA,1977,20000.0
Tanzania,TZA,1978,9000.0
Tanzania,TZA,1979,90000.0
Tanzania,TZA,1982,40000.0
Tanzania,TZA,1984,1900000.0
Tanzania,TZA,1986,6000.0
Tanzania,TZA,1988,6500.0
Tanzania,TZA,1989,141056.0
Tanzania,TZA,1990,162868.0
Tanzania,TZA,1991,399452.0
Tanzania,TZA,1992,400548.0
Tanzania,TZA,1993,201823.0
Tanzania,TZA,1994,9500.0
Tanzania,TZA,1995,21850.0
Tanzania,TZA,1996,600985.0
Tanzania,TZA,1997,609475.0
Tanzania,TZA,1998,603943.0
Tanzania,TZA,1999,599343.0
Tanzania,TZA,2000,602803.0
Tanzania,TZA,2001,200.0
Tanzania,TZA,2002,1200.0
Tanzania,TZA,2003,562115.0
Tanzania,TZA,2004,1593885.0
Tanzania,TZA,2005,10548.0
Tanzania,TZA,2006,3721528.0
Tanzania,TZA,2008,10134.0
Tanzania,TZA,2009,21193.0
Tanzania,TZA,2010,29412.0
Tanzania,TZA,2011,360773.0
Tanzania,TZA,2012,705203.0
Tanzania,TZA,2014,40000.0
Tanzania,TZA,2015,10112.0
Tanzania,TZA,2016,140275.0
Tanzania,TZA,2017,0.0
Tanzania,TZA,2018,15873.0
Tanzania,TZA,2019,2005000.0
Tanzania,TZA,2020,65081.0
Tanzania,TZA,2021,332705.0
Tanzania,TZA,2022,1802796.0
Tanzania,TZA,2023,2898500.0
Tanzania,TZA,2024,208151.0
Tanzania,TZA,2025,11001.0
Thailand,THA,1962,0.0
Thailand,THA,1966,205200.0
Thailand,THA,1975,3000093.0
Thailand,THA,1978,2028400.0
Thailand,THA,1980,630000.0
Thailand,THA,1981,43000.0
Thailand,THA,1983,1000000.0
Thailand,THA,1984,786171.0
Thailand,THA,1985,7640.0
Thailand,THA,1986,27801.0
Thailand,THA,1987,0.0
Thailand,THA,1988,1114819.0
Thailand,THA,1989,199000.0
Thailand,THA,1990,0.0
Thailand,THA,1991,4410812.0
Thailand,THA,1992,386446.0
Thailand,THA,1993,1103261.0
Thailand,THA,1994,186257.0
Thailand,THA,1995,4280984.0
Thailand,THA,1996,5343386.0
Thailand,THA,1997,50394.0
Thailand,THA,1999,6283762.0
Thailand,THA,2000,3365020.0
Thailand,THA,2001,465389.0
Thailand,THA,2002,8321124.0
Thailand,THA,2003,112700.0
Thailand,THA,2004,516050.0
Thailand,THA,2005,658104.0
Thailand,THA,2006,2722014.0
Thailand,THA,2007,183000.0
Thailand,THA,2008,11545016.0
Thailand,THA,2009,228141.0
Thailand,THA,2010,13979936.0
Thailand,THA,2011,12441062.0
Thailand,THA,2012,12483912.0
Thailand,THA,2013,3515254.0
Thailand,THA,2014,1133288.0
Thailand,THA,2015,1440.0
Thailand,THA,2016,808843.0
Thailand,THA,2017,3819058.0
Thailand,THA,2019,878885.0
Thailand,THA,2020,1196084.0
Thailand,THA,2021,958594.0
Thailand,THA,2022,1381745.0
Thailand,THA,2023,271323.0
Thailand,THA,2024,781568.0
Thailand,THA,2025,5806132.0
Togo,TGO,1966,15.0
Togo,TGO,1971,150000.0
Togo,TGO,1983,0.0
Togo,TGO,1989,400000.0
Togo,TGO,1994,11500.0
Togo,TGO,1995,185000.0
Togo,TGO,1998,30405.0
Togo,TGO,1999,65000.0
Togo,TGO,2006,2000.0
Togo,TGO,2007,141331.0
Togo,TGO,2008,44814.0
Togo,TGO,2009,0.0
Togo,TGO,2010,111550.0
Togo,TGO,2017,16060.0
Togo,TGO,2020,57000.0
Togo,TGO,2022,18596.0
Togo,TGO,2024,12700.0
Tonga,TON,1961,8000.0
Tonga,TON,1973,900.0
Tonga,TON,1977,10005.0
Tonga,TON,1982,146514.0
Tonga,TON,1990,3103.0
Tonga,TON,1997,3000.0
Tonga,TON,1998,3571.0
Tonga,TON,2001,16500.0
Tonga,TON,2004,0.0
Tonga,TON,2011,7600.0
Tonga,TON,2014,4014.0
Tonga,TON,2015,0.0
Tonga,TON,2016,392.0
Tonga,TON,2018,87000.0
Tonga,TON,2020,25000.0
Trinidad and Tobago,TTO,1933,1000.0
Trinidad and Tobago,TTO,1963,0.0
Trinidad and Tobago,TTO,1974,50000.0
Trinidad and Tobago,TTO,1990,1000.0
Trinidad and Tobago,TTO,1993,10.0
Trinidad and Tobago,TTO,1996,200.0
Trinidad and Tobago,TTO,2004,560.0
Trinidad and Tobago,TTO,2005,0.0
Trinidad and Tobago,TTO,2010,0.0
Trinidad and Tobago,TTO,2018,150000.0
Trinidad and Tobago,TTO,2022,100000.0
Tunisia,TUN,1962,0.0
Tunisia,TUN,1964,21000.0
Tunisia,TUN,1969,271269.0
Tunisia,TUN,1973,44240.0
Tunisia,TUN,1977,31400.0
Tunisia,TUN,1979,750.0
Tunisia,TUN,1982,30000.0
Tunisia,TUN,1986,2500.0
Tunisia,TUN,1988,0.0
Tunisia,TUN,1990,152000.0
Tunisia,TUN,2003,27000.0
Tunisia,TUN,2007,6500.0
Tunisia,TUN,2009,5008.0
Tunisia,TUN,2017,2000.0
Tunisia,TUN,2018,30000.0
Tunisia,TUN,2020,40000.0
Tunisia,TUN,2021,1000.0
Tunisia,TUN,2022,4000.0
Turkey,TUR,1948,0.0
Turkey,TUR,1956,0.0
Turkey,TUR,1957,0.0
Turkey,TUR,1964,15000.0
Turkey,TUR,1968,0.0
Turkey,TUR,1972,0.0
Turkey,TUR,1974,0.0
Turkey,TUR,1980,60000.0
Turkey,TUR,1981,0.0
Turkey,TUR,1984,200.0
Turkey,TUR,1985,0.0
Turkey,TUR,1987,0.0
Turkey,TUR,1988,1500.0
Turkey,TUR,1990,4500.0
Turkey,TUR,1991,503.0
Turkey,TUR,1994,8000.0
Turkey,TUR,1995,306818.0
Turkey,TUR,1996,500.0
Turkey,TUR,1998,1241047.0
Turkey,TUR,2000,1650.0
Turkey,TUR,2001,2520.0
Turkey,TUR,2002,3000.0
Turkey,TUR,2004,51736.0
Turkey,TUR,2005,3020.0
Turkey,TUR,2006,63145.0
Turkey,TUR,2007,3186.0
Turkey,TUR,2008,300.0
Turkey,TUR,2009,35131.0
Turkey,TUR,2012,0.0
Turkey,TUR,2015,6500.0
Turkey,TUR,2017,270.0
Turkey,TUR,2019,15290.0
Turkey,TUR,2020,1122.0
Turkey,TUR,2021,568248.0
Turkey,TUR,2022,3115.0
Turkey,TUR,2023,585.0
Turkey,TUR,2024,900.0
Turkey,TUR,2025,1208.0
Turkmenistan,TKM,1993,420.0
Tuvalu,TUV,1972,700.0
Tuvalu,TUV,1984,0.0
Tuvalu,TUV,1987,0.0
Tuvalu,TUV,1990,700.0
Tuvalu,TUV,1993,150.0
Tuvalu,TUV,2011,0.0
Tuvalu,TUV,2015,4613.0
Tuvalu,TUV,2020,5500.0
Tuvalu,TUV,2021,10204.0
Uganda,UGA,1967,25000.0
Uganda,UGA,1979,249658.0
Uganda,UGA,1980,250342.0
Uganda,UGA,1987,46851.0
Uganda,UGA,1988,553149.0
Uganda,UGA,1997,153500.0
Uganda,UGA,1998,78200.0
Uganda,UGA,1999,184153.0
Uganda,UGA,2000,299027.0
Uganda,UGA,2001,290620.0
Uganda,UGA,2002,655960.0
Uganda,UGA,2003,2200.0
Uganda,UGA,2004,30000.0
Uganda,UGA,2005,463636.0
Uganda,UGA,2006,142044.0
Uganda,UGA,2007,721045.0
Uganda,UGA,2008,444794.0
Uganda,UGA,2009,685246.0
Uganda,UGA,2011,732122.0
Uganda,UGA,2012,15000.0
Uganda,UGA,2013,25445.0
Uganda,UGA,2016,10000.0
Uganda,UGA,2017,14.0
Uganda,UGA,2019,78600.0
Uganda,UGA,2020,140200.0
Uganda,UGA,2021,117464.0
Uganda,UGA,2022,597968.0
Uganda,UGA,2023,1016.0
Uganda,UGA,2024,57838.0
Uganda,UGA,2025,15050.0
Ukraine,UKR,1992,1000.0
Ukraine,UKR,1993,325000.0
Ukraine,UKR,1995,1700000.0
Ukraine,UKR,1996,10000.0
Ukraine,UKR,1997,0.0
Ukraine,UKR,1998,24570.0
Ukraine,UKR,2000,48110.0
Ukraine,UKR,2001,300000.0
Ukraine,UKR,2003,600.0
Ukraine,UKR,2005,8340.0
Ukraine,UKR,2006,64600.0
Ukraine,UKR,2007,7552.0
Ukraine,UKR,2008,224725.0
Ukraine,UKR,2009,0.0
Ukraine,UKR,2010,40059.0
Ukraine,UKR,2012,88026.0
Ukraine,UKR,2013,2260.0
Ukraine,UKR,2016,200.0
Ukraine,UKR,2017,0.0
Ukraine,UKR,2018,600.0
Ukraine,UKR,2020,56968.0
Ukraine,UKR,2021,1700.0
Ukraine,UKR,2023,2873.0
Ukraine,UKR,2025,2010.0
United Arab Emirates,ARE,2017,188.0
United Arab Emirates,ARE,2024,346.0
United Kingdom,GBR,1920,0.0
United Kingdom,GBR,1952,660.0
United Kingdom,GBR,1968,700.0
United Kingdom,GBR,1976,0.0
United Kingdom,GBR,1977,20000.0
United Kingdom,GBR,1981,0.0
United Kingdom,GBR,1983,12.0
United Kingdom,GBR,1984,0.0
United Kingdom,GBR,1986,0.0
United Kingdom,GBR,1987,1600.0
United Kingdom,GBR,1989,0.0
United Kingdom,GBR,1990,0.0
United Kingdom,GBR,1991,0.0
United Kingdom,GBR,1993,6000.0
United Kingdom,GBR,1994,700.0
United Kingdom,GBR,1995,0.0
United Kingdom,GBR,1996,12000.0
United Kingdom,GBR,1997,1200.0
United Kingdom,GBR,1998,274000.0
United Kingdom,GBR,1999,1000.0
United Kingdom,GBR,2000,64104.0
United Kingdom,GBR,2001,1150.0
United Kingdom,GBR,2002,1070.0
United Kingdom,GBR,2003,0.0
United Kingdom,GBR,2004,1008.0
United Kingdom,GBR,2005,3800.0
United Kingdom,GBR,2007,370200.0
United Kingdom,GBR,2008,5000.0
United Kingdom,GBR,2009,4127.0
United Kingdom,GBR,2010,400.0
United Kingdom,GBR,2011,0.0
United Kingdom,GBR,2012,3995.0
United Kingdom,GBR,2013,4279.0
United Kingdom,GBR,2014,19521.0
United Kingdom,GBR,2015,63600.0
United Kingdom,GBR,2016,7200.0
United Kingdom,GBR,2017,300.0
United Kingdom,GBR,2018,784.0
United Kingdom,GBR,2019,4800.0
United Kingdom,GBR,2020,6880.0
United Kingdom,GBR,2021,0.0
United Kingdom,GBR,2022,0.0
United Kingdom,GBR,2023,0.0
United Kingdom,GBR,2024,750.0
United Kingdom,GBR,2025,2055.0
United States,USA,1900,0.0
United States,USA,1903,1380.0
United States,USA,1906,0.0
United States,USA,1909,15000.0
United States,USA,1910,0.0
United States,USA,1913,0.0
United States,USA,1915,0.0
United States,USA,1918,0.0
United States,USA,1919,0.0
United States,USA,1920,1374.0
United States,USA,1925,0.0
United States,USA,1926,0.0
United States,USA,1927,620.0
United States,USA,1928,0.0
United States,USA,1932,0.0
United States,USA,1933,0.0
United States,USA,1934,15000.0
United States,USA,1935,0.0
United States,USA,1936,0.0
United States,USA,1937,1000000.0
United States,USA,1938,0.0
United States,USA,1940,0.0
United States,USA,1943,0.0
United States,USA,1944,0.0
United States,USA,1945,1001.0
United States,USA,1946,0.0
United States,USA,1947,0.0
United States,USA,1948,0.0
United States,USA,1949,0.0
United States,USA,1950,228.0
United States,USA,1951,518000.0
United States,USA,1952,0.0
United States,USA,1953,11288.0
United States,USA,1954,34795.0
United States,USA,1955,105000.0
United States,USA,1956,200.0
United States,USA,1957,0.0
United States,USA,1958,0.0
United States,USA,1959,0.0
United States,USA,1960,0.0
United States,USA,1961,0.0
United States,USA,1962,56977.0
United States,USA,1963,0.0
United States,USA,1964,0.0
United States,USA,1965,1000.0
United States,USA,1966,0.0
United States,USA,1967,0.0
United States,USA,1968,458.0
United States,USA,1969,0.0
United States,USA,1970,197100.0
United States,USA,1971,0.0
United States,USA,1972,3000.0
United States,USA,1973,246.0
United States,USA,1974,0.0
United States,USA,1975,577.0
United States,USA,1976,250.0
United States,USA,1977,2700.0
United States,USA,1978,4500.0
United States,USA,1979,2160.0
United States,USA,1980,117570.0
United States,USA,1981,0.0
United States,USA,1982,51500.0
United States,USA,1983,6000.0
United States,USA,1984,20157.0
United States,USA,1985,1026050.0
United States,USA,1986,2080.0
United States,USA,1987,3200.0
United States,USA,1988,0.0
United States,USA,1989,25100.0
United States,USA,1990,14018.0
United States,USA,1991,3300.0
United States,USA,1992,296045.0
United States,USA,1993,44630.0
United States,USA,1994,37252.0
United States,USA,1995,207460.0
United States,USA,1996,240508.0
United States,USA,1997,204054.0
United States,USA,1998,231842.0
United States,USA,1999,3059989.0
United States,USA,2000,62887.0
United States,USA,2001,204992.0
United States,USA,2002,173137.0
United States,USA,2003,274741.0
United States,USA,2004,5100537.0
United States,USA,2005,845966.0
United States,USA,2006,84346.0
United States,USA,2007,668118.0
United States,USA,2008,13363851.0
United States,USA,2009,36587.0
United States,USA,2010,11934.0
United States,USA,2011,431405.0
United States,USA,2012,93551.0
United States,USA,2013,214574.0
United States,USA,2014,103684.0
United States,USA,2015,45532.0
United States,USA,2016,85119978.0
United States,USA,2017,867075.0
United States,USA,2018,1759929.0
United States,USA,2019,19351.0
United States,USA,2020,41431.0
United States,USA,2021,77751.0
United States,USA,2022,7470.0
United States,USA,2023,28703.0
United States,USA,2024,13536.0
United States,USA,2025,27092.0
Uruguay,URY,1967,38063.0
Uruguay,URY,1986,18500.0
Uruguay,URY,1991,1500.0
Uruguay,URY,1992,4700.0
Uruguay,URY,1993,2000.0
Uruguay,URY,1997,500.0
Uruguay,URY,1998,9300.0
Uruguay,URY,1999,1000.0
Uruguay,URY,2000,5500.0
Uruguay,URY,2001,5000.0
Uruguay,URY,2002,4000.0
Uruguay,URY,2003,200.0
Uruguay,URY,2004,2000.0
Uruguay,URY,2005,12.0
Uruguay,URY,2007,120000.0
Uruguay,URY,2009,4000.0
Uruguay,URY,2010,0.0
Uruguay,URY,2015,35326.0
Uruguay,URY,2016,10605.0
Uruguay,URY,2017,6639.0
Uruguay,URY,2018,14741.0
Uruguay,URY,2019,27844.0
Uruguay,URY,2020,15461.0
Uruguay,URY,2021,14741.0
Uruguay,URY,2022,14901.0
Uruguay,URY,2023,413882.0
Uruguay,URY,2024,103588.0
Uruguay,URY,2025,3000.0
Uzbekistan,UZB,2000,231818.0
Uzbekistan,UZB,2001,368182.0
Uzbekistan,UZB,2005,1500.0
Uzbekistan,UZB,2020,70060.0
Uzbekistan,UZB,2022,165.0
Vanuatu,VUT,1940,0.0
Vanuatu,VUT,1951,0.0
Vanuatu,VUT,1959,0.0
Vanuatu,VUT,1972,0.0
Vanuatu,VUT,1975,0.0
Vanuatu,VUT,1977,0.0
Vanuatu,VUT,1979,0.0
Vanuatu,VUT,1981,0.0
Vanuatu,VUT,1985,117500.0
Vanuatu,VUT,1987,48000.0
Vanuatu,VUT,1988,6700.0
Vanuatu,VUT,1992,1160.0
Vanuatu,VUT,1993,12005.0
Vanuatu,VUT,1998,2400.0
Vanuatu,VUT,1999,0.0
Vanuatu,VUT,2001,800.0
Vanuatu,VUT,2002,3001.0
Vanuatu,VUT,2004,54008.0
Vanuatu,VUT,2009,950.0
Vanuatu,VUT,2011,32000.0
Vanuatu,VUT,2014,20006.0
Vanuatu,VUT,2015,188000.0
Vanuatu,VUT,2017,2564.0
Vanuatu,VUT,2020,130120.0
Vanuatu,VUT,2023,593702.0
Venezuela,VEN,1933,0.0
Venezuela,VEN,1967,23000.0
Venezuela,VEN,1985,15000.0
Venezuela,VEN,1987,29.0
Venezuela,VEN,1988,5480.0
Venezuela,VEN,1993,5900.0
Venezuela,VEN,1994,0.0
Venezuela,VEN,1996,51500.0
Venezuela,VEN,1997,18000.0
Venezuela,VEN,1999,543503.0
Venezuela,VEN,2000,27004.0
Venezuela,VEN,2002,55376.0
Venezuela,VEN,2003,650.0
Venezuela,VEN,2004,5730.0
Venezuela,VEN,2005,45797.0
Venezuela,VEN,2006,135.0
Venezuela,VEN,2008,1500.0
Venezuela,VEN,2009,0.0
Venezuela,VEN,2010,94800.0
Venezuela,VEN,2011,3668.0
Venezuela,VEN,2012,11000.0
Venezuela,VEN,2015,45297.0
Venezuela,VEN,2016,0.0
Venezuela,VEN,2018,10700.0
Venezuela,VEN,2019,2000.0
Venezuela,VEN,2020,3690.0
Venezuela,VEN,2021,1401300.0
Venezuela,VEN,2022,121700.0
Venezuela,VEN,2023,112.0
Venezuela,VEN,2024,29000.0
Venezuela,VEN,2025,24095.0
Vietnam,VNM,1952,0.0
Vietnam,VNM,1953,0.0
Vietnam,VNM,1956,0.0
Vietnam,VNM,1964,700000.0
Vietnam,VNM,1966,195902.0
Vietnam,VNM,1970,204000.0
Vietnam,VNM,1971,250000.0
Vietnam,VNM,1973,150000.0
Vietnam,VNM,1977,1000.0
Vietnam,VNM,1978,4079000.0
Vietnam,VNM,1980,16279884.0
Vietnam,VNM,1982,1300290.0
Vietnam,VNM,1983,1181868.0
Vietnam,VNM,1984,689799.0
Vietnam,VNM,1985,3250257.0
Vietnam,VNM,1986,2502502.0
Vietnam,VNM,1987,937011.0
Vietnam,VNM,1988,1320000.0
Vietnam,VNM,1989,6417359.0
Vietnam,VNM,1990,512308.0
Vietnam,VNM,1991,773219.0
Vietnam,VNM,1992,189056.0
Vietnam,VNM,1993,53757.0
Vietnam,VNM,1994,393000.0
Vietnam,VNM,1995,423051.0
Vietnam,VNM,1996,1042091.0
Vietnam,VNM,1997,1519856.0
Vietnam,VNM,1998,5119063.0
Vietnam,VNM,1999,7183281.0
Vietnam,VNM,2000,5039541.0
Vietnam,VNM,2001,1809090.0
Vietnam,VNM,2002,2733616.0
Vietnam,VNM,2003,421841.0
Vietnam,VNM,2004,535923.0
Vietnam,VNM,2005,870053.0
Vietnam,VNM,2006,3349410.0
Vietnam,VNM,2007,1647602.0
Vietnam,VNM,2008,780819.0
Vietnam,VNM,2009,3725794.0
Vietnam,VNM,2010,1524433.0
Vietnam,VNM,2011,1361647.0
Vietnam,VNM,2012,356512.0
Vietnam,VNM,2013,4124445.0
Vietnam,VNM,2014,48075.0
Vietnam,VNM,2015,134184.0
Vietnam,VNM,2016,3824692.0
Vietnam,VNM,2017,5363480.0
Vietnam,VNM,2018,283756.0
Vietnam,VNM,2019,665152.0
Vietnam,VNM,2020,2366650.0
Vietnam,VNM,2021,398343.0
Vietnam,VNM,2022,515165.0
Vietnam,VNM,2023,305153.0
Vietnam,VNM,2024,4033734.0
Vietnam,VNM,2025,3505378.0
Germany,OWID_GFR,1920,0.0
Germany,OWID_GFR,1925,0.0
Germany,OWID_GFR,1926,0.0
Germany,OWID_GFR,1929,0.0
Germany,OWID_GFR,1953,0.0
Germany,OWID_GFR,1962,180000.0
Germany,OWID_GFR,1968,0.0
Germany,OWID_GFR,1972,0.0
Germany,OWID_GFR,1974,0.0
Germany,OWID_GFR,1976,0.0
Germany,OWID_GFR,1978,1000.0
Germany,OWID_GFR,1979,0.0
Germany,OWID_GFR,1983,12.0
Germany,OWID_GFR,1984,250.0
Germany,OWID_GFR,1985,0.0
Germany,OWID_GFR,1988,3500.0
World,OWID_WRL,1900,0.0
World,OWID_WRL,1902,0.0
World,OWID_WRL,1903,7380.0
World,OWID_WRL,1904,0.0
World,OWID_WRL,1905,0.0
World,OWID_WRL,1906,0.0
World,OWID_WRL,1907,6000.0
World,OWID_WRL,1909,15000.0
World,OWID_WRL,1910,6396.0
World,OWID_WRL,1911,6596.0
World,OWID_WRL,1912,603916.0
World,OWID_WRL,1913,6396.0
World,OWID_WRL,1914,6416.0
World,OWID_WRL,1915,3000000.0
World,OWID_WRL,1916,0.0
World,OWID_WRL,1917,635000.0
World,OWID_WRL,1918,0.0
World,OWID_WRL,1919,0.0
World,OWID_WRL,1920,20001374.0
World,OWID_WRL,1921,5000000.0
World,OWID_WRL,1922,11000.0
World,OWID_WRL,1923,26300.0
World,OWID_WRL,1924,1000000.0
World,OWID_WRL,1925,0.0
World,OWID_WRL,1926,40000.0
World,OWID_WRL,1927,40630.0
World,OWID_WRL,1928,8000.0
World,OWID_WRL,1929,0.0
World,OWID_WRL,1930,28200.0
World,OWID_WRL,1931,2497.0
World,OWID_WRL,1932,84817.0
World,OWID_WRL,1933,3603497.0
World,OWID_WRL,1934,17497.0
World,OWID_WRL,1935,10032997.0
World,OWID_WRL,1936,152497.0
World,OWID_WRL,1937,1003297.0
World,OWID_WRL,1938,2497.0
World,OWID_WRL,1939,6397.0
World,OWID_WRL,1940,19527.0
World,OWID_WRL,1941,262.0
World,OWID_WRL,1942,0.0
World,OWID_WRL,1943,30000.0
World,OWID_WRL,1944,14100.0
World,OWID_WRL,1945,1884673.0
World,OWID_WRL,1946,0.0
World,OWID_WRL,1947,0.0
World,OWID_WRL,1948,419698.0
World,OWID_WRL,1949,194046.0
World,OWID_WRL,1950,10774345.0
World,OWID_WRL,1951,1210551.0
World,OWID_WRL,1952,1501912.0
World,OWID_WRL,1953,3949217.0
World,OWID_WRL,1954,444965.0
World,OWID_WRL,1955,510205.0
World,OWID_WRL,1956,12143910.0
World,OWID_WRL,1957,541551.0
World,OWID_WRL,1958,31900.0
World,OWID_WRL,1959,2506342.0
World,OWID_WRL,1960,895963.0
World,OWID_WRL,1961,1323570.0
World,OWID_WRL,1962,368977.0
World,OWID_WRL,1963,6146350.0
World,OWID_WRL,1964,7775826.0
World,OWID_WRL,1965,56018444.0
World,OWID_WRL,1966,41315650.0
World,OWID_WRL,1967,37873300.0
World,OWID_WRL,1968,27677514.0
World,OWID_WRL,1969,5822864.0
World,OWID_WRL,1970,45476587.0
World,OWID_WRL,1971,10848888.0
World,OWID_WRL,1972,115226020.0
World,OWID_WRL,1973,112846581.0
World,OWID_WRL,1974,46216239.0
World,OWID_WRL,1975,52435307.0
World,OWID_WRL,1976,17062607.0
World,OWID_WRL,1977,27109699.0
World,OWID_WRL,1978,54996023.0
World,OWID_WRL,1979,53918992.0
World,OWID_WRL,1980,70241104.0
World,OWID_WRL,1981,29568346.0
World,OWID_WRL,1982,87598657.0
World,OWID_WRL,1983,146929800.0
World,OWID_WRL,1984,84006804.0
World,OWID_WRL,1985,38059429.0
World,OWID_WRL,1986,28351021.0
World,OWID_WRL,1987,371598661.0
World,OWID_WRL,1988,183514542.0
World,OWID_WRL,1989,163272180.0
World,OWID_WRL,1990,77710921.0
World,OWID_WRL,1991,271977623.0
World,OWID_WRL,1992,68541693.0
World,OWID_WRL,1993,178568905.0
World,OWID_WRL,1994,265588634.0
World,OWID_WRL,1995,231516016.0
World,OWID_WRL,1996,213483476.0
World,OWID_WRL,1997,64605521.0
World,OWID_WRL,1998,338338628.0
World,OWID_WRL,1999,220953269.0
World,OWID_WRL,2000,163290107.0
World,OWID_WRL,2001,146757709.0
World,OWID_WRL,2002,670584528.0
World,OWID_WRL,2003,246580557.0
World,OWID_WRL,2004,167147270.0
World,OWID_WRL,2005,142494317.0
World,OWID_WRL,2006,132901565.0
World,OWID_WRL,2007,209212918.0
World,OWID_WRL,2008,163812612.0
World,OWID_WRL,2009,160315571.0
World,OWID_WRL,2010,259753210.0
World,OWID_WRL,2011,234127065.0
World,OWID_WRL,2012,128222553.0
World,OWID_WRL,2013,92834394.0
World,OWID_WRL,2014,118556724.0
World,OWID_WRL,2015,246009128.0
World,OWID_WRL,2016,394002433.0
World,OWID_WRL,2017,107390370.0
World,OWID_WRL,2018,69086810.0
World,OWID_WRL,2019,118571086.0
World,OWID_WRL,2020,95635256.0
World,OWID_WRL,2021,93260891.0
World,OWID_WRL,2022,206072407.0
World,OWID_WRL,2023,93842051.0
World,OWID_WRL,2024,161302275.0
World,OWID_WRL,2025,108872386.0
Yemen,YEM,1991,30000.0
Yemen,YEM,1993,21500.0
Yemen,YEM,1996,243210.0
Yemen,YEM,1998,3240.0
Yemen,YEM,1999,19750.0
Yemen,YEM,2001,0.0
Yemen,YEM,2002,700.0
Yemen,YEM,2003,0.0
Yemen,YEM,2005,721.0
Yemen,YEM,2006,2320.0
Yemen,YEM,2007,2618.0
Yemen,YEM,2008,25064.0
Yemen,YEM,2010,1002.0
Yemen,YEM,2013,49092.0
Yemen,YEM,2015,125065.0
Yemen,YEM,2016,29750.0
Yemen,YEM,2017,8.0
Yemen,YEM,2018,15874.0
Yemen,YEM,2019,80500.0
Yemen,YEM,2020,173374.0
Yemen,YEM,2021,228208.0
Yemen,YEM,2022,219400.0
Yemen,YEM,2023,308333.0
Yemen,YEM,2024,867160.0
Yemen,YEM,2025,455095.0
Yemen,OWID_YAR,1969,673332.0
Yemen,OWID_YAR,1970,673332.0
Yemen,OWID_YAR,1971,673336.0
Yemen,OWID_YAR,1973,2862.0
Yemen,OWID_YAR,1975,50000.0
Yemen,OWID_YAR,1977,0.0
Yemen,OWID_YAR,1989,150000.0
Yemen,OWID_YPR,1972,0.0
Yemen,OWID_YPR,1977,0.0
Yemen,OWID_YPR,1981,15000.0
Yemen,OWID_YPR,1982,350000.0
Yemen,OWID_YPR,1989,340000.0
Zambia,ZMB,1978,30900.0
Zambia,ZMB,1982,0.0
Zambia,ZMB,1989,800000.0
Zambia,ZMB,1991,848837.0
Zambia,ZMB,1992,851163.0
Zambia,ZMB,1995,1273204.0
Zambia,ZMB,1998,1300000.0
Zambia,ZMB,2000,12000.0
Zambia,ZMB,2001,617900.0
Zambia,ZMB,2003,11000.0
Zambia,ZMB,2004,196398.0
Zambia,ZMB,2005,1204000.0
Zambia,ZMB,2007,1519913.0
Zambia,ZMB,2008,48608.0
Zambia,ZMB,2009,614814.0
Zambia,ZMB,2010,1200.0
Zambia,ZMB,2011,1375.0
Zambia,ZMB,2013,1800.0
Zambia,ZMB,2014,20000.0
Zambia,ZMB,2019,714021.0
Zambia,ZMB,2020,1421751.0
Zambia,ZMB,2021,636148.0
Zambia,ZMB,2022,965434.0
Zambia,ZMB,2023,176608.0
Zambia,ZMB,2024,8332487.0
Zambia,ZMB,2025,1486888.0
Zimbabwe,ZWE,1975,0.0
Zimbabwe,ZWE,1982,0.0
Zimbabwe,ZWE,1983,0.0
Zimbabwe,ZWE,1984,0.0
Zimbabwe,ZWE,1991,792050.0
Zimbabwe,ZWE,1992,1051267.0
Zimbabwe,ZWE,1993,1051267.0
Zimbabwe,ZWE,1994,1051267.0
Zimbabwe,ZWE,1995,1054149.0
Zimbabwe,ZWE,1998,55000.0
Zimbabwe,ZWE,2000,266000.0
Zimbabwe,ZWE,2001,1802200.0
Zimbabwe,ZWE,2002,2113899.0
Zimbabwe,ZWE,2003,2131901.0
Zimbabwe,ZWE,2007,857193.0
Zimbabwe,ZWE,2008,840727.0
Zimbabwe,ZWE,2009,419080.0
Zimbabwe,ZWE,2010,305492.0
Zimbabwe,ZWE,2011,453900.0
Zimbabwe,ZWE,2012,453900.0
Zimbabwe,ZWE,2013,1516789.0
Zimbabwe,ZWE,2014,1053695.0
Zimbabwe,ZWE,2015,1053168.0
Zimbabwe,ZWE,2016,1053943.0
Zimbabwe,ZWE,2017,2200575.0
Zimbabwe,ZWE,2018,2180519.0
Zimbabwe,ZWE,2019,2451005.0
Zimbabwe,ZWE,2020,543638.0
Zimbabwe,ZWE,2021,123284.0
Zimbabwe,ZWE,2022,49616.0
Zimbabwe,ZWE,2023,0.0
Zimbabwe,ZWE,2024,7600000.0
