country,iso2,year,value
Afghanistan,AFG,1900,0.508
Afghanistan,AFG,1901,0.508
Afghanistan,AFG,1902,0.495
Afghanistan,AFG,1903,0.495
Afghanistan,AFG,1904,0.495
Afghanistan,AFG,1905,0.495
Afghanistan,AFG,1906,0.495
Afghanistan,AFG,1907,0.495
Afghanistan,AFG,1908,0.495
Afghanistan,AFG,1909,0.495
Afghanistan,AFG,1910,0.495
Afghanistan,AFG,1911,0.495
Afghanistan,AFG,1912,0.495
Afghanistan,AFG,1913,0.495
Afghanistan,AFG,1914,0.495
Afghanistan,AFG,1915,0.495
Afghanistan,AFG,1916,0.495
Afghanistan,AFG,1917,0.495
Afghanistan,AFG,1918,0.49
Afghanistan,AFG,1919,0.476
Afghanistan,AFG,1920,0.476
Afghanistan,AFG,1921,0.476
Afghanistan,AFG,1922,0.476
Afghanistan,AFG,1923,0.532
Afghanistan,AFG,1924,0.532
Afghanistan,AFG,1925,0.532
Afghanistan,AFG,1926,0.532
Afghanistan,AFG,1927,0.532
Afghanistan,AFG,1928,0.532
Afghanistan,AFG,1929,0.532
Afghanistan,AFG,1930,0.532
Afghanistan,AFG,1931,0.532
Afghanistan,AFG,1932,0.532
Afghanistan,AFG,1933,0.532
Afghanistan,AFG,1934,0.532
Afghanistan,AFG,1935,0.532
Afghanistan,AFG,1936,0.532
Afghanistan,AFG,1937,0.532
Afghanistan,AFG,1938,0.532
Afghanistan,AFG,1939,0.532
Afghanistan,AFG,1940,0.532
Afghanistan,AFG,1941,0.532
Afghanistan,AFG,1942,0.532
Afghanistan,AFG,1943,0.532
Afghanistan,AFG,1944,0.532
Afghanistan,AFG,1945,0.532
Afghanistan,AFG,1946,0.532
Afghanistan,AFG,1947,0.532
Afghanistan,AFG,1948,0.532
Afghanistan,AFG,1949,0.532
Afghanistan,AFG,1950,0.532
Afghanistan,AFG,1951,0.532
Afghanistan,AFG,1952,0.532
Afghanistan,AFG,1953,0.532
Afghanistan,AFG,1954,0.532
Afghanistan,AFG,1955,0.532
Afghanistan,AFG,1956,0.532
Afghanistan,AFG,1957,0.532
Afghanistan,AFG,1958,0.532
Afghanistan,AFG,1959,0.532
Afghanistan,AFG,1960,0.532
Afghanistan,AFG,1961,0.532
Afghanistan,AFG,1962,0.532
Afghanistan,AFG,1963,0.532
Afghanistan,AFG,1964,0.532
Afghanistan,AFG,1965,0.532
Afghanistan,AFG,1966,0.532
Afghanistan,AFG,1967,0.532
Afghanistan,AFG,1968,0.532
Afghanistan,AFG,1969,0.532
Afghanistan,AFG,1970,0.532
Afghanistan,AFG,1971,0.532
Afghanistan,AFG,1972,0.514
Afghanistan,AFG,1973,0.472
Afghanistan,AFG,1974,0.466
Afghanistan,AFG,1975,0.466
Afghanistan,AFG,1976,0.466
Afghanistan,AFG,1977,0.466
Afghanistan,AFG,1978,0.439
Afghanistan,AFG,1979,0.439
Afghanistan,AFG,1980,0.439
Afghanistan,AFG,1981,0.439
Afghanistan,AFG,1982,0.439
Afghanistan,AFG,1983,0.439
Afghanistan,AFG,1984,0.439
Afghanistan,AFG,1985,0.439
Afghanistan,AFG,1986,0.439
Afghanistan,AFG,1987,0.439
Afghanistan,AFG,1988,0.439
Afghanistan,AFG,1989,0.439
Afghanistan,AFG,1990,0.445
Afghanistan,AFG,1991,0.445
Afghanistan,AFG,1992,0.291
Afghanistan,AFG,1993,0.11
Afghanistan,AFG,1994,0.11
Afghanistan,AFG,1995,0.106
Afghanistan,AFG,1996,0.151
Afghanistan,AFG,1997,0.213
Afghanistan,AFG,1998,0.213
Afghanistan,AFG,1999,0.213
Afghanistan,AFG,2000,0.213
Afghanistan,AFG,2001,0.198
Afghanistan,AFG,2002,0.082
Afghanistan,AFG,2003,0.082
Afghanistan,AFG,2004,0.07
Afghanistan,AFG,2005,0.058
Afghanistan,AFG,2006,0.046
Afghanistan,AFG,2007,0.043
Afghanistan,AFG,2008,0.043
Afghanistan,AFG,2009,0.043
Afghanistan,AFG,2010,0.041
Afghanistan,AFG,2011,0.041
Afghanistan,AFG,2012,0.038
Afghanistan,AFG,2013,0.06
Afghanistan,AFG,2014,0.075
Afghanistan,AFG,2015,0.096
Afghanistan,AFG,2016,0.094
Afghanistan,AFG,2017,0.102
Afghanistan,AFG,2018,0.104
Afghanistan,AFG,2019,0.102
Afghanistan,AFG,2020,0.128
Afghanistan,AFG,2021,0.335
Afghanistan,AFG,2022,0.432
Afghanistan,AFG,2023,0.381
Afghanistan,AFG,2024,0.319
Afghanistan,AFG,2025,0.231
Albania,ALB,1912,0.64
Albania,ALB,1913,0.652
Albania,ALB,1914,0.648
Albania,ALB,1915,0.541
Albania,ALB,1916,0.69
Albania,ALB,1917,0.69
Albania,ALB,1918,0.639
Albania,ALB,1919,0.57
Albania,ALB,1920,0.539
Albania,ALB,1921,0.539
Albania,ALB,1922,0.507
Albania,ALB,1923,0.507
Albania,ALB,1924,0.47
Albania,ALB,1925,0.502
Albania,ALB,1926,0.54
Albania,ALB,1927,0.54
Albania,ALB,1928,0.54
Albania,ALB,1929,0.521
Albania,ALB,1930,0.521
Albania,ALB,1931,0.521
Albania,ALB,1932,0.521
Albania,ALB,1933,0.521
Albania,ALB,1934,0.521
Albania,ALB,1935,0.521
Albania,ALB,1936,0.521
Albania,ALB,1937,0.521
Albania,ALB,1938,0.479
Albania,ALB,1939,0.465
Albania,ALB,1940,0.533
Albania,ALB,1941,0.533
Albania,ALB,1942,0.533
Albania,ALB,1943,0.533
Albania,ALB,1944,0.704
Albania,ALB,1945,0.948
Albania,ALB,1946,0.948
Albania,ALB,1947,0.948
Albania,ALB,1948,0.948
Albania,ALB,1949,0.942
Albania,ALB,1950,0.947
Albania,ALB,1951,0.947
Albania,ALB,1952,0.947
Albania,ALB,1953,0.947
Albania,ALB,1954,0.947
Albania,ALB,1955,0.947
Albania,ALB,1956,0.947
Albania,ALB,1957,0.947
Albania,ALB,1958,0.947
Albania,ALB,1959,0.947
Albania,ALB,1960,0.947
Albania,ALB,1961,0.947
Albania,ALB,1962,0.947
Albania,ALB,1963,0.947
Albania,ALB,1964,0.947
Albania,ALB,1965,0.947
Albania,ALB,1966,0.947
Albania,ALB,1967,0.947
Albania,ALB,1968,0.947
Albania,ALB,1969,0.947
Albania,ALB,1970,0.947
Albania,ALB,1971,0.947
Albania,ALB,1972,0.947
Albania,ALB,1973,0.947
Albania,ALB,1974,0.947
Albania,ALB,1975,0.947
Albania,ALB,1976,0.947
Albania,ALB,1977,0.938
Albania,ALB,1978,0.938
Albania,ALB,1979,0.938
Albania,ALB,1980,0.938
Albania,ALB,1981,0.932
Albania,ALB,1982,0.932
Albania,ALB,1983,0.932
Albania,ALB,1984,0.926
Albania,ALB,1985,0.914
Albania,ALB,1986,0.914
Albania,ALB,1987,0.914
Albania,ALB,1988,0.914
Albania,ALB,1989,0.908
Albania,ALB,1990,0.87
Albania,ALB,1991,0.498
Albania,ALB,1992,0.316
Albania,ALB,1993,0.409
Albania,ALB,1994,0.318
Albania,ALB,1995,0.318
Albania,ALB,1996,0.318
Albania,ALB,1997,0.292
Albania,ALB,1998,0.25
Albania,ALB,1999,0.231
Albania,ALB,2000,0.26
Albania,ALB,2001,0.272
Albania,ALB,2002,0.256
Albania,ALB,2003,0.256
Albania,ALB,2004,0.256
Albania,ALB,2005,0.278
Albania,ALB,2006,0.278
Albania,ALB,2007,0.278
Albania,ALB,2008,0.243
Albania,ALB,2009,0.243
Albania,ALB,2010,0.233
Albania,ALB,2011,0.233
Albania,ALB,2012,0.234
Albania,ALB,2013,0.242
Albania,ALB,2014,0.233
Albania,ALB,2015,0.233
Albania,ALB,2016,0.233
Albania,ALB,2017,0.237
Albania,ALB,2018,0.255
Albania,ALB,2019,0.312
Albania,ALB,2020,0.312
Albania,ALB,2021,0.385
Albania,ALB,2022,0.437
Albania,ALB,2023,0.404
Albania,ALB,2024,0.373
Albania,ALB,2025,0.376
Algeria,DZA,1900,0.6
Algeria,DZA,1901,0.6
Algeria,DZA,1902,0.6
Algeria,DZA,1903,0.6
Algeria,DZA,1904,0.6
Algeria,DZA,1905,0.6
Algeria,DZA,1906,0.6
Algeria,DZA,1907,0.6
Algeria,DZA,1908,0.6
Algeria,DZA,1909,0.6
Algeria,DZA,1910,0.6
Algeria,DZA,1911,0.6
Algeria,DZA,1912,0.6
Algeria,DZA,1913,0.6
Algeria,DZA,1914,0.6
Algeria,DZA,1915,0.6
Algeria,DZA,1916,0.6
Algeria,DZA,1917,0.6
Algeria,DZA,1918,0.6
Algeria,DZA,1919,0.6
Algeria,DZA,1920,0.6
Algeria,DZA,1921,0.6
Algeria,DZA,1922,0.6
Algeria,DZA,1923,0.6
Algeria,DZA,1924,0.6
Algeria,DZA,1925,0.6
Algeria,DZA,1926,0.6
Algeria,DZA,1927,0.6
Algeria,DZA,1928,0.6
Algeria,DZA,1929,0.6
Algeria,DZA,1930,0.6
Algeria,DZA,1931,0.6
Algeria,DZA,1932,0.6
Algeria,DZA,1933,0.6
Algeria,DZA,1934,0.6
Algeria,DZA,1935,0.6
Algeria,DZA,1936,0.6
Algeria,DZA,1937,0.6
Algeria,DZA,1938,0.6
Algeria,DZA,1939,0.6
Algeria,DZA,1940,0.6
Algeria,DZA,1941,0.6
Algeria,DZA,1942,0.6
Algeria,DZA,1943,0.6
Algeria,DZA,1944,0.6
Algeria,DZA,1945,0.6
Algeria,DZA,1946,0.6
Algeria,DZA,1947,0.6
Algeria,DZA,1948,0.6
Algeria,DZA,1949,0.6
Algeria,DZA,1950,0.6
Algeria,DZA,1951,0.6
Algeria,DZA,1952,0.6
Algeria,DZA,1953,0.6
Algeria,DZA,1954,0.6
Algeria,DZA,1955,0.606
Algeria,DZA,1956,0.606
Algeria,DZA,1957,0.721
Algeria,DZA,1958,0.721
Algeria,DZA,1959,0.721
Algeria,DZA,1960,0.721
Algeria,DZA,1961,0.721
Algeria,DZA,1962,0.711
Algeria,DZA,1963,0.602
Algeria,DZA,1964,0.602
Algeria,DZA,1965,0.757
Algeria,DZA,1966,0.68
Algeria,DZA,1967,0.68
Algeria,DZA,1968,0.68
Algeria,DZA,1969,0.68
Algeria,DZA,1970,0.68
Algeria,DZA,1971,0.68
Algeria,DZA,1972,0.68
Algeria,DZA,1973,0.68
Algeria,DZA,1974,0.68
Algeria,DZA,1975,0.68
Algeria,DZA,1976,0.68
Algeria,DZA,1977,0.679
Algeria,DZA,1978,0.538
Algeria,DZA,1979,0.456
Algeria,DZA,1980,0.414
Algeria,DZA,1981,0.414
Algeria,DZA,1982,0.414
Algeria,DZA,1983,0.414
Algeria,DZA,1984,0.414
Algeria,DZA,1985,0.414
Algeria,DZA,1986,0.414
Algeria,DZA,1987,0.414
Algeria,DZA,1988,0.414
Algeria,DZA,1989,0.468
Algeria,DZA,1990,0.468
Algeria,DZA,1991,0.468
Algeria,DZA,1992,0.488
Algeria,DZA,1993,0.433
Algeria,DZA,1994,0.423
Algeria,DZA,1995,0.418
Algeria,DZA,1996,0.418
Algeria,DZA,1997,0.418
Algeria,DZA,1998,0.418
Algeria,DZA,1999,0.353
Algeria,DZA,2000,0.346
Algeria,DZA,2001,0.346
Algeria,DZA,2002,0.346
Algeria,DZA,2003,0.346
Algeria,DZA,2004,0.346
Algeria,DZA,2005,0.346
Algeria,DZA,2006,0.346
Algeria,DZA,2007,0.346
Algeria,DZA,2008,0.346
Algeria,DZA,2009,0.346
Algeria,DZA,2010,0.33
Algeria,DZA,2011,0.33
Algeria,DZA,2012,0.33
Algeria,DZA,2013,0.358
Algeria,DZA,2014,0.358
Algeria,DZA,2015,0.358
Algeria,DZA,2016,0.366
Algeria,DZA,2017,0.349
Algeria,DZA,2018,0.338
Algeria,DZA,2019,0.346
Algeria,DZA,2020,0.325
Algeria,DZA,2021,0.317
Algeria,DZA,2022,0.334
Algeria,DZA,2023,0.338
Algeria,DZA,2024,0.338
Algeria,DZA,2025,0.338
Angola,AGO,1900,0.656
Angola,AGO,1901,0.656
Angola,AGO,1902,0.656
Angola,AGO,1903,0.656
Angola,AGO,1904,0.656
Angola,AGO,1905,0.656
Angola,AGO,1906,0.656
Angola,AGO,1907,0.656
Angola,AGO,1908,0.656
Angola,AGO,1909,0.656
Angola,AGO,1910,0.656
Angola,AGO,1911,0.656
Angola,AGO,1912,0.656
Angola,AGO,1913,0.656
Angola,AGO,1914,0.656
Angola,AGO,1915,0.656
Angola,AGO,1916,0.656
Angola,AGO,1917,0.656
Angola,AGO,1918,0.656
Angola,AGO,1919,0.656
Angola,AGO,1920,0.656
Angola,AGO,1921,0.656
Angola,AGO,1922,0.656
Angola,AGO,1923,0.656
Angola,AGO,1924,0.656
Angola,AGO,1925,0.656
Angola,AGO,1926,0.656
Angola,AGO,1927,0.656
Angola,AGO,1928,0.656
Angola,AGO,1929,0.656
Angola,AGO,1930,0.656
Angola,AGO,1931,0.656
Angola,AGO,1932,0.656
Angola,AGO,1933,0.656
Angola,AGO,1934,0.656
Angola,AGO,1935,0.656
Angola,AGO,1936,0.656
Angola,AGO,1937,0.656
Angola,AGO,1938,0.656
Angola,AGO,1939,0.656
Angola,AGO,1940,0.656
Angola,AGO,1941,0.656
Angola,AGO,1942,0.656
Angola,AGO,1943,0.656
Angola,AGO,1944,0.656
Angola,AGO,1945,0.656
Angola,AGO,1946,0.656
Angola,AGO,1947,0.656
Angola,AGO,1948,0.656
Angola,AGO,1949,0.656
Angola,AGO,1950,0.656
Angola,AGO,1951,0.656
Angola,AGO,1952,0.656
Angola,AGO,1953,0.656
Angola,AGO,1954,0.656
Angola,AGO,1955,0.656
Angola,AGO,1956,0.656
Angola,AGO,1957,0.656
Angola,AGO,1958,0.656
Angola,AGO,1959,0.656
Angola,AGO,1960,0.656
Angola,AGO,1961,0.656
Angola,AGO,1962,0.656
Angola,AGO,1963,0.656
Angola,AGO,1964,0.656
Angola,AGO,1965,0.656
Angola,AGO,1966,0.656
Angola,AGO,1967,0.656
Angola,AGO,1968,0.656
Angola,AGO,1969,0.656
Angola,AGO,1970,0.656
Angola,AGO,1971,0.656
Angola,AGO,1972,0.656
Angola,AGO,1973,0.656
Angola,AGO,1974,0.688
Angola,AGO,1975,0.56
Angola,AGO,1976,0.56
Angola,AGO,1977,0.56
Angola,AGO,1978,0.549
Angola,AGO,1979,0.529
Angola,AGO,1980,0.436
Angola,AGO,1981,0.436
Angola,AGO,1982,0.428
Angola,AGO,1983,0.428
Angola,AGO,1984,0.428
Angola,AGO,1985,0.428
Angola,AGO,1986,0.428
Angola,AGO,1987,0.384
Angola,AGO,1988,0.362
Angola,AGO,1989,0.362
Angola,AGO,1990,0.362
Angola,AGO,1991,0.299
Angola,AGO,1992,0.22
Angola,AGO,1993,0.201
Angola,AGO,1994,0.201
Angola,AGO,1995,0.181
Angola,AGO,1996,0.181
Angola,AGO,1997,0.181
Angola,AGO,1998,0.181
Angola,AGO,1999,0.181
Angola,AGO,2000,0.181
Angola,AGO,2001,0.181
Angola,AGO,2002,0.156
Angola,AGO,2003,0.132
Angola,AGO,2004,0.132
Angola,AGO,2005,0.132
Angola,AGO,2006,0.132
Angola,AGO,2007,0.132
Angola,AGO,2008,0.132
Angola,AGO,2009,0.132
Angola,AGO,2010,0.132
Angola,AGO,2011,0.132
Angola,AGO,2012,0.132
Angola,AGO,2013,0.135
Angola,AGO,2014,0.135
Angola,AGO,2015,0.135
Angola,AGO,2016,0.135
Angola,AGO,2017,0.276
Angola,AGO,2018,0.373
Angola,AGO,2019,0.401
Angola,AGO,2020,0.383
Angola,AGO,2021,0.425
Angola,AGO,2022,0.438
Angola,AGO,2023,0.421
Angola,AGO,2024,0.454
Angola,AGO,2025,0.43
Argentina,ARG,1900,0.731
Argentina,ARG,1901,0.731
Argentina,ARG,1902,0.731
Argentina,ARG,1903,0.731
Argentina,ARG,1904,0.731
Argentina,ARG,1905,0.731
Argentina,ARG,1906,0.731
Argentina,ARG,1907,0.731
Argentina,ARG,1908,0.731
Argentina,ARG,1909,0.731
Argentina,ARG,1910,0.731
Argentina,ARG,1911,0.731
Argentina,ARG,1912,0.731
Argentina,ARG,1913,0.731
Argentina,ARG,1914,0.731
Argentina,ARG,1915,0.731
Argentina,ARG,1916,0.743
Argentina,ARG,1917,0.756
Argentina,ARG,1918,0.756
Argentina,ARG,1919,0.756
Argentina,ARG,1920,0.756
Argentina,ARG,1921,0.756
Argentina,ARG,1922,0.785
Argentina,ARG,1923,0.785
Argentina,ARG,1924,0.785
Argentina,ARG,1925,0.785
Argentina,ARG,1926,0.785
Argentina,ARG,1927,0.785
Argentina,ARG,1928,0.779
Argentina,ARG,1929,0.769
Argentina,ARG,1930,0.734
Argentina,ARG,1931,0.699
Argentina,ARG,1932,0.67
Argentina,ARG,1933,0.636
Argentina,ARG,1934,0.636
Argentina,ARG,1935,0.636
Argentina,ARG,1936,0.636
Argentina,ARG,1937,0.636
Argentina,ARG,1938,0.636
Argentina,ARG,1939,0.636
Argentina,ARG,1940,0.636
Argentina,ARG,1941,0.636
Argentina,ARG,1942,0.636
Argentina,ARG,1943,0.625
Argentina,ARG,1944,0.568
Argentina,ARG,1945,0.538
Argentina,ARG,1946,0.541
Argentina,ARG,1947,0.541
Argentina,ARG,1948,0.541
Argentina,ARG,1949,0.541
Argentina,ARG,1950,0.541
Argentina,ARG,1951,0.541
Argentina,ARG,1952,0.541
Argentina,ARG,1953,0.541
Argentina,ARG,1954,0.541
Argentina,ARG,1955,0.541
Argentina,ARG,1956,0.59
Argentina,ARG,1957,0.59
Argentina,ARG,1958,0.662
Argentina,ARG,1959,0.768
Argentina,ARG,1960,0.768
Argentina,ARG,1961,0.768
Argentina,ARG,1962,0.768
Argentina,ARG,1963,0.858
Argentina,ARG,1964,0.876
Argentina,ARG,1965,0.876
Argentina,ARG,1966,0.805
Argentina,ARG,1967,0.57
Argentina,ARG,1968,0.57
Argentina,ARG,1969,0.57
Argentina,ARG,1970,0.584
Argentina,ARG,1971,0.584
Argentina,ARG,1972,0.584
Argentina,ARG,1973,0.589
Argentina,ARG,1974,0.577
Argentina,ARG,1975,0.577
Argentina,ARG,1976,0.559
Argentina,ARG,1977,0.482
Argentina,ARG,1978,0.482
Argentina,ARG,1979,0.482
Argentina,ARG,1980,0.482
Argentina,ARG,1981,0.482
Argentina,ARG,1982,0.482
Argentina,ARG,1983,0.748
Argentina,ARG,1984,0.668
Argentina,ARG,1985,0.668
Argentina,ARG,1986,0.668
Argentina,ARG,1987,0.668
Argentina,ARG,1988,0.668
Argentina,ARG,1989,0.491
Argentina,ARG,1990,0.369
Argentina,ARG,1991,0.369
Argentina,ARG,1992,0.369
Argentina,ARG,1993,0.389
Argentina,ARG,1994,0.389
Argentina,ARG,1995,0.389
Argentina,ARG,1996,0.389
Argentina,ARG,1997,0.389
Argentina,ARG,1998,0.389
Argentina,ARG,1999,0.4
Argentina,ARG,2000,0.541
Argentina,ARG,2001,0.541
Argentina,ARG,2002,0.47
Argentina,ARG,2003,0.449
Argentina,ARG,2004,0.449
Argentina,ARG,2005,0.449
Argentina,ARG,2006,0.449
Argentina,ARG,2007,0.449
Argentina,ARG,2008,0.449
Argentina,ARG,2009,0.449
Argentina,ARG,2010,0.456
Argentina,ARG,2011,0.456
Argentina,ARG,2012,0.456
Argentina,ARG,2013,0.449
Argentina,ARG,2014,0.449
Argentina,ARG,2015,0.475
Argentina,ARG,2016,0.564
Argentina,ARG,2017,0.589
Argentina,ARG,2018,0.59
Argentina,ARG,2019,0.592
Argentina,ARG,2020,0.521
Argentina,ARG,2021,0.521
Argentina,ARG,2022,0.521
Argentina,ARG,2023,0.596
Argentina,ARG,2024,0.61
Argentina,ARG,2025,0.585
Armenia,ARM,1990,0.662
Armenia,ARM,1991,0.602
Armenia,ARM,1992,0.58
Armenia,ARM,1993,0.508
Armenia,ARM,1994,0.508
Armenia,ARM,1995,0.396
Armenia,ARM,1996,0.327
Armenia,ARM,1997,0.312
Armenia,ARM,1998,0.21
Armenia,ARM,1999,0.229
Armenia,ARM,2000,0.191
Armenia,ARM,2001,0.134
Armenia,ARM,2002,0.134
Armenia,ARM,2003,0.134
Armenia,ARM,2004,0.134
Armenia,ARM,2005,0.134
Armenia,ARM,2006,0.134
Armenia,ARM,2007,0.134
Armenia,ARM,2008,0.142
Armenia,ARM,2009,0.142
Armenia,ARM,2010,0.146
Armenia,ARM,2011,0.146
Armenia,ARM,2012,0.152
Armenia,ARM,2013,0.153
Armenia,ARM,2014,0.153
Armenia,ARM,2015,0.153
Armenia,ARM,2016,0.153
Armenia,ARM,2017,0.187
Armenia,ARM,2018,0.656
Armenia,ARM,2019,0.709
Armenia,ARM,2020,0.7
Armenia,ARM,2021,0.689
Armenia,ARM,2022,0.681
Armenia,ARM,2023,0.628
Armenia,ARM,2024,0.628
Armenia,ARM,2025,0.528
Australia,AUS,1900,0.967
Australia,AUS,1901,0.958
Australia,AUS,1902,0.958
Australia,AUS,1903,0.958
Australia,AUS,1904,0.958
Australia,AUS,1905,0.958
Australia,AUS,1906,0.958
Australia,AUS,1907,0.958
Australia,AUS,1908,0.958
Australia,AUS,1909,0.958
Australia,AUS,1910,0.958
Australia,AUS,1911,0.958
Australia,AUS,1912,0.958
Australia,AUS,1913,0.958
Australia,AUS,1914,0.958
Australia,AUS,1915,0.958
Australia,AUS,1916,0.958
Australia,AUS,1917,0.958
Australia,AUS,1918,0.958
Australia,AUS,1919,0.958
Australia,AUS,1920,0.958
Australia,AUS,1921,0.958
Australia,AUS,1922,0.958
Australia,AUS,1923,0.958
Australia,AUS,1924,0.958
Australia,AUS,1925,0.958
Australia,AUS,1926,0.958
Australia,AUS,1927,0.958
Australia,AUS,1928,0.958
Australia,AUS,1929,0.958
Australia,AUS,1930,0.958
Australia,AUS,1931,0.958
Australia,AUS,1932,0.958
Australia,AUS,1933,0.958
Australia,AUS,1934,0.958
Australia,AUS,1935,0.958
Australia,AUS,1936,0.958
Australia,AUS,1937,0.958
Australia,AUS,1938,0.958
Australia,AUS,1939,0.958
Australia,AUS,1940,0.958
Australia,AUS,1941,0.958
Australia,AUS,1942,0.958
Australia,AUS,1943,0.958
Australia,AUS,1944,0.958
Australia,AUS,1945,0.958
Australia,AUS,1946,0.958
Australia,AUS,1947,0.958
Australia,AUS,1948,0.958
Australia,AUS,1949,0.958
Australia,AUS,1950,0.953
Australia,AUS,1951,0.953
Australia,AUS,1952,0.953
Australia,AUS,1953,0.953
Australia,AUS,1954,0.953
Australia,AUS,1955,0.953
Australia,AUS,1956,0.953
Australia,AUS,1957,0.953
Australia,AUS,1958,0.953
Australia,AUS,1959,0.953
Australia,AUS,1960,0.953
Australia,AUS,1961,0.953
Australia,AUS,1962,0.953
Australia,AUS,1963,0.953
Australia,AUS,1964,0.953
Australia,AUS,1965,0.953
Australia,AUS,1966,0.953
Australia,AUS,1967,0.953
Australia,AUS,1968,0.953
Australia,AUS,1969,0.953
Australia,AUS,1970,0.953
Australia,AUS,1971,0.953
Australia,AUS,1972,0.953
Australia,AUS,1973,0.953
Australia,AUS,1974,0.953
Australia,AUS,1975,0.953
Australia,AUS,1976,0.953
Australia,AUS,1977,0.953
Australia,AUS,1978,0.953
Australia,AUS,1979,0.953
Australia,AUS,1980,0.965
Australia,AUS,1981,0.965
Australia,AUS,1982,0.965
Australia,AUS,1983,0.965
Australia,AUS,1984,0.965
Australia,AUS,1985,0.965
Australia,AUS,1986,0.965
Australia,AUS,1987,0.965
Australia,AUS,1988,0.965
Australia,AUS,1989,0.965
Australia,AUS,1990,0.965
Australia,AUS,1991,0.965
Australia,AUS,1992,0.965
Australia,AUS,1993,0.965
Australia,AUS,1994,0.965
Australia,AUS,1995,0.965
Australia,AUS,1996,0.965
Australia,AUS,1997,0.965
Australia,AUS,1998,0.965
Australia,AUS,1999,0.965
Australia,AUS,2000,0.965
Australia,AUS,2001,0.965
Australia,AUS,2002,0.965
Australia,AUS,2003,0.965
Australia,AUS,2004,0.965
Australia,AUS,2005,0.965
Australia,AUS,2006,0.965
Australia,AUS,2007,0.965
Australia,AUS,2008,0.965
Australia,AUS,2009,0.965
Australia,AUS,2010,0.965
Australia,AUS,2011,0.965
Australia,AUS,2012,0.965
Australia,AUS,2013,0.96
Australia,AUS,2014,0.961
Australia,AUS,2015,0.961
Australia,AUS,2016,0.962
Australia,AUS,2017,0.969
Australia,AUS,2018,0.965
Australia,AUS,2019,0.967
Australia,AUS,2020,0.967
Australia,AUS,2021,0.967
Australia,AUS,2022,0.967
Australia,AUS,2023,0.971
Australia,AUS,2024,0.971
Australia,AUS,2025,0.971
Austria,AUT,1900,0.888
Austria,AUT,1901,0.888
Austria,AUT,1902,0.888
Austria,AUT,1903,0.888
Austria,AUT,1904,0.888
Austria,AUT,1905,0.888
Austria,AUT,1906,0.888
Austria,AUT,1907,0.888
Austria,AUT,1908,0.888
Austria,AUT,1909,0.888
Austria,AUT,1910,0.888
Austria,AUT,1911,0.888
Austria,AUT,1912,0.888
Austria,AUT,1913,0.884
Austria,AUT,1914,0.884
Austria,AUT,1915,0.884
Austria,AUT,1916,0.884
Austria,AUT,1917,0.884
Austria,AUT,1918,0.884
Austria,AUT,1919,0.942
Austria,AUT,1920,0.942
Austria,AUT,1921,0.942
Austria,AUT,1922,0.942
Austria,AUT,1923,0.942
Austria,AUT,1924,0.942
Austria,AUT,1925,0.942
Austria,AUT,1926,0.942
Austria,AUT,1927,0.942
Austria,AUT,1928,0.942
Austria,AUT,1929,0.942
Austria,AUT,1930,0.94
Austria,AUT,1931,0.94
Austria,AUT,1932,0.94
Austria,AUT,1933,0.836
Austria,AUT,1934,0.944
Austria,AUT,1935,0.944
Austria,AUT,1936,0.944
Austria,AUT,1937,0.944
Austria,AUT,1945,0.966
Austria,AUT,1946,0.956
Austria,AUT,1947,0.956
Austria,AUT,1948,0.956
Austria,AUT,1949,0.956
Austria,AUT,1950,0.956
Austria,AUT,1951,0.956
Austria,AUT,1952,0.956
Austria,AUT,1953,0.956
Austria,AUT,1954,0.961
Austria,AUT,1955,0.961
Austria,AUT,1956,0.952
Austria,AUT,1957,0.952
Austria,AUT,1958,0.952
Austria,AUT,1959,0.952
Austria,AUT,1960,0.952
Austria,AUT,1961,0.952
Austria,AUT,1962,0.952
Austria,AUT,1963,0.952
Austria,AUT,1964,0.952
Austria,AUT,1965,0.952
Austria,AUT,1966,0.952
Austria,AUT,1967,0.952
Austria,AUT,1968,0.952
Austria,AUT,1969,0.952
Austria,AUT,1970,0.952
Austria,AUT,1971,0.952
Austria,AUT,1972,0.952
Austria,AUT,1973,0.941
Austria,AUT,1974,0.941
Austria,AUT,1975,0.941
Austria,AUT,1976,0.941
Austria,AUT,1977,0.941
Austria,AUT,1978,0.941
Austria,AUT,1979,0.941
Austria,AUT,1980,0.922
Austria,AUT,1981,0.922
Austria,AUT,1982,0.922
Austria,AUT,1983,0.922
Austria,AUT,1984,0.922
Austria,AUT,1985,0.922
Austria,AUT,1986,0.922
Austria,AUT,1987,0.935
Austria,AUT,1988,0.935
Austria,AUT,1989,0.935
Austria,AUT,1990,0.935
Austria,AUT,1991,0.935
Austria,AUT,1992,0.935
Austria,AUT,1993,0.935
Austria,AUT,1994,0.935
Austria,AUT,1995,0.935
Austria,AUT,1996,0.935
Austria,AUT,1997,0.935
Austria,AUT,1998,0.935
Austria,AUT,1999,0.935
Austria,AUT,2000,0.927
Austria,AUT,2001,0.915
Austria,AUT,2002,0.915
Austria,AUT,2003,0.925
Austria,AUT,2004,0.908
Austria,AUT,2005,0.908
Austria,AUT,2006,0.923
Austria,AUT,2007,0.94
Austria,AUT,2008,0.94
Austria,AUT,2009,0.94
Austria,AUT,2010,0.94
Austria,AUT,2011,0.935
Austria,AUT,2012,0.94
Austria,AUT,2013,0.957
Austria,AUT,2014,0.957
Austria,AUT,2015,0.957
Austria,AUT,2016,0.957
Austria,AUT,2017,0.951
Austria,AUT,2018,0.947
Austria,AUT,2019,0.926
Austria,AUT,2020,0.926
Austria,AUT,2021,0.895
Austria,AUT,2022,0.893
Austria,AUT,2023,0.895
Austria,AUT,2024,0.886
Austria,AUT,2025,0.905
Azerbaijan,AZE,1990,0.344
Azerbaijan,AZE,1991,0.344
Azerbaijan,AZE,1992,0.37
Azerbaijan,AZE,1993,0.159
Azerbaijan,AZE,1994,0.072
Azerbaijan,AZE,1995,0.072
Azerbaijan,AZE,1996,0.072
Azerbaijan,AZE,1997,0.072
Azerbaijan,AZE,1998,0.047
Azerbaijan,AZE,1999,0.047
Azerbaijan,AZE,2000,0.041
Azerbaijan,AZE,2001,0.041
Azerbaijan,AZE,2002,0.041
Azerbaijan,AZE,2003,0.041
Azerbaijan,AZE,2004,0.041
Azerbaijan,AZE,2005,0.041
Azerbaijan,AZE,2006,0.041
Azerbaijan,AZE,2007,0.042
Azerbaijan,AZE,2008,0.044
Azerbaijan,AZE,2009,0.044
Azerbaijan,AZE,2010,0.048
Azerbaijan,AZE,2011,0.048
Azerbaijan,AZE,2012,0.051
Azerbaijan,AZE,2013,0.054
Azerbaijan,AZE,2014,0.054
Azerbaijan,AZE,2015,0.054
Azerbaijan,AZE,2016,0.058
Azerbaijan,AZE,2017,0.057
Azerbaijan,AZE,2018,0.061
Azerbaijan,AZE,2019,0.076
Azerbaijan,AZE,2020,0.064
Azerbaijan,AZE,2021,0.087
Azerbaijan,AZE,2022,0.087
Azerbaijan,AZE,2023,0.118
Azerbaijan,AZE,2024,0.098
Azerbaijan,AZE,2025,0.11
Bahrain,BHR,2005,0.493
Bahrain,BHR,2006,0.493
Bahrain,BHR,2007,0.493
Bahrain,BHR,2008,0.493
Bahrain,BHR,2009,0.493
Bahrain,BHR,2010,0.493
Bahrain,BHR,2011,0.493
Bahrain,BHR,2012,0.489
Bahrain,BHR,2013,0.489
Bahrain,BHR,2014,0.489
Bahrain,BHR,2015,0.489
Bahrain,BHR,2016,0.489
Bahrain,BHR,2017,0.489
Bahrain,BHR,2018,0.493
Bahrain,BHR,2019,0.493
Bahrain,BHR,2020,0.493
Bahrain,BHR,2021,0.501
Bahrain,BHR,2022,0.501
Bahrain,BHR,2023,0.53
Bahrain,BHR,2024,0.53
Bahrain,BHR,2025,0.523
Bangladesh,BGD,1971,0.289
Bangladesh,BGD,1972,0.272
Bangladesh,BGD,1973,0.351
Bangladesh,BGD,1974,0.271
Bangladesh,BGD,1975,0.24
Bangladesh,BGD,1976,0.214
Bangladesh,BGD,1977,0.214
Bangladesh,BGD,1978,0.214
Bangladesh,BGD,1979,0.234
Bangladesh,BGD,1980,0.241
Bangladesh,BGD,1981,0.241
Bangladesh,BGD,1982,0.197
Bangladesh,BGD,1983,0.157
Bangladesh,BGD,1984,0.157
Bangladesh,BGD,1985,0.157
Bangladesh,BGD,1986,0.157
Bangladesh,BGD,1987,0.136
Bangladesh,BGD,1988,0.136
Bangladesh,BGD,1989,0.136
Bangladesh,BGD,1990,0.136
Bangladesh,BGD,1991,0.212
Bangladesh,BGD,1992,0.187
Bangladesh,BGD,1993,0.187
Bangladesh,BGD,1994,0.187
Bangladesh,BGD,1995,0.187
Bangladesh,BGD,1996,0.204
Bangladesh,BGD,1997,0.204
Bangladesh,BGD,1998,0.204
Bangladesh,BGD,1999,0.204
Bangladesh,BGD,2000,0.196
Bangladesh,BGD,2001,0.196
Bangladesh,BGD,2002,0.155
Bangladesh,BGD,2003,0.155
Bangladesh,BGD,2004,0.155
Bangladesh,BGD,2005,0.155
Bangladesh,BGD,2006,0.155
Bangladesh,BGD,2007,0.205
Bangladesh,BGD,2008,0.205
Bangladesh,BGD,2009,0.098
Bangladesh,BGD,2010,0.088
Bangladesh,BGD,2011,0.088
Bangladesh,BGD,2012,0.088
Bangladesh,BGD,2013,0.1
Bangladesh,BGD,2014,0.101
Bangladesh,BGD,2015,0.115
Bangladesh,BGD,2016,0.112
Bangladesh,BGD,2017,0.103
Bangladesh,BGD,2018,0.101
Bangladesh,BGD,2019,0.1
Bangladesh,BGD,2020,0.105
Bangladesh,BGD,2021,0.094
Bangladesh,BGD,2022,0.081
Bangladesh,BGD,2023,0.092
Bangladesh,BGD,2024,0.078
Bangladesh,BGD,2025,0.22
Barbados,BRB,1900,0.839
Barbados,BRB,1901,0.839
Barbados,BRB,1902,0.839
Barbados,BRB,1903,0.839
Barbados,BRB,1904,0.839
Barbados,BRB,1905,0.839
Barbados,BRB,1906,0.839
Barbados,BRB,1907,0.839
Barbados,BRB,1908,0.839
Barbados,BRB,1909,0.839
Barbados,BRB,1910,0.839
Barbados,BRB,1911,0.839
Barbados,BRB,1912,0.839
Barbados,BRB,1913,0.839
Barbados,BRB,1914,0.839
Barbados,BRB,1915,0.839
Barbados,BRB,1916,0.839
Barbados,BRB,1917,0.839
Barbados,BRB,1918,0.839
Barbados,BRB,1919,0.839
Barbados,BRB,1920,0.839
Barbados,BRB,1921,0.839
Barbados,BRB,1922,0.839
Barbados,BRB,1923,0.839
Barbados,BRB,1924,0.839
Barbados,BRB,1925,0.839
Barbados,BRB,1926,0.839
Barbados,BRB,1927,0.839
Barbados,BRB,1928,0.839
Barbados,BRB,1929,0.839
Barbados,BRB,1930,0.839
Barbados,BRB,1931,0.839
Barbados,BRB,1932,0.839
Barbados,BRB,1933,0.839
Barbados,BRB,1934,0.839
Barbados,BRB,1935,0.839
Barbados,BRB,1936,0.839
Barbados,BRB,1937,0.839
Barbados,BRB,1938,0.839
Barbados,BRB,1939,0.839
Barbados,BRB,1940,0.839
Barbados,BRB,1941,0.839
Barbados,BRB,1942,0.839
Barbados,BRB,1943,0.839
Barbados,BRB,1944,0.839
Barbados,BRB,1945,0.839
Barbados,BRB,1946,0.839
Barbados,BRB,1947,0.839
Barbados,BRB,1948,0.839
Barbados,BRB,1949,0.839
Barbados,BRB,1950,0.839
Barbados,BRB,1951,0.839
Barbados,BRB,1952,0.839
Barbados,BRB,1953,0.839
Barbados,BRB,1954,0.839
Barbados,BRB,1955,0.839
Barbados,BRB,1956,0.902
Barbados,BRB,1957,0.902
Barbados,BRB,1958,0.902
Barbados,BRB,1959,0.902
Barbados,BRB,1960,0.902
Barbados,BRB,1961,0.902
Barbados,BRB,1962,0.902
Barbados,BRB,1963,0.902
Barbados,BRB,1964,0.902
Barbados,BRB,1965,0.902
Barbados,BRB,1966,0.889
Barbados,BRB,1967,0.889
Barbados,BRB,1968,0.889
Barbados,BRB,1969,0.889
Barbados,BRB,1970,0.889
Barbados,BRB,1971,0.889
Barbados,BRB,1972,0.913
Barbados,BRB,1973,0.913
Barbados,BRB,1974,0.913
Barbados,BRB,1975,0.913
Barbados,BRB,1976,0.913
Barbados,BRB,1977,0.913
Barbados,BRB,1978,0.913
Barbados,BRB,1979,0.913
Barbados,BRB,1980,0.913
Barbados,BRB,1981,0.913
Barbados,BRB,1982,0.913
Barbados,BRB,1983,0.913
Barbados,BRB,1984,0.913
Barbados,BRB,1985,0.913
Barbados,BRB,1986,0.913
Barbados,BRB,1987,0.913
Barbados,BRB,1988,0.913
Barbados,BRB,1989,0.913
Barbados,BRB,1990,0.913
Barbados,BRB,1991,0.913
Barbados,BRB,1992,0.909
Barbados,BRB,1993,0.909
Barbados,BRB,1994,0.909
Barbados,BRB,1995,0.909
Barbados,BRB,1996,0.909
Barbados,BRB,1997,0.909
Barbados,BRB,1998,0.909
Barbados,BRB,1999,0.909
Barbados,BRB,2000,0.909
Barbados,BRB,2001,0.909
Barbados,BRB,2002,0.909
Barbados,BRB,2003,0.909
Barbados,BRB,2004,0.909
Barbados,BRB,2005,0.909
Barbados,BRB,2006,0.909
Barbados,BRB,2007,0.909
Barbados,BRB,2008,0.909
Barbados,BRB,2009,0.909
Barbados,BRB,2010,0.903
Barbados,BRB,2011,0.903
Barbados,BRB,2012,0.903
Barbados,BRB,2013,0.903
Barbados,BRB,2014,0.903
Barbados,BRB,2015,0.889
Barbados,BRB,2016,0.878
Barbados,BRB,2017,0.878
Barbados,BRB,2018,0.913
Barbados,BRB,2019,0.924
Barbados,BRB,2020,0.924
Barbados,BRB,2021,0.935
Barbados,BRB,2022,0.935
Barbados,BRB,2023,0.935
Barbados,BRB,2024,0.927
Barbados,BRB,2025,0.927
Belarus,BLR,1990,0.588
Belarus,BLR,1991,0.581
Belarus,BLR,1992,0.578
Belarus,BLR,1993,0.545
Belarus,BLR,1994,0.512
Belarus,BLR,1995,0.525
Belarus,BLR,1996,0.524
Belarus,BLR,1997,0.602
Belarus,BLR,1998,0.602
Belarus,BLR,1999,0.631
Belarus,BLR,2000,0.631
Belarus,BLR,2001,0.641
Belarus,BLR,2002,0.641
Belarus,BLR,2003,0.641
Belarus,BLR,2004,0.641
Belarus,BLR,2005,0.641
Belarus,BLR,2006,0.641
Belarus,BLR,2007,0.641
Belarus,BLR,2008,0.641
Belarus,BLR,2009,0.641
Belarus,BLR,2010,0.641
Belarus,BLR,2011,0.641
Belarus,BLR,2012,0.641
Belarus,BLR,2013,0.655
Belarus,BLR,2014,0.655
Belarus,BLR,2015,0.655
Belarus,BLR,2016,0.67
Belarus,BLR,2017,0.666
Belarus,BLR,2018,0.666
Belarus,BLR,2019,0.667
Belarus,BLR,2020,0.628
Belarus,BLR,2021,0.628
Belarus,BLR,2022,0.59
Belarus,BLR,2023,0.581
Belarus,BLR,2024,0.581
Belarus,BLR,2025,0.59
Belgium,BEL,1900,0.952
Belgium,BEL,1901,0.952
Belgium,BEL,1902,0.952
Belgium,BEL,1903,0.952
Belgium,BEL,1904,0.952
Belgium,BEL,1905,0.952
Belgium,BEL,1906,0.952
Belgium,BEL,1907,0.952
Belgium,BEL,1908,0.952
Belgium,BEL,1909,0.952
Belgium,BEL,1910,0.952
Belgium,BEL,1911,0.952
Belgium,BEL,1912,0.952
Belgium,BEL,1913,0.952
Belgium,BEL,1914,0.952
Belgium,BEL,1915,0.97
Belgium,BEL,1916,0.97
Belgium,BEL,1917,0.97
Belgium,BEL,1918,0.97
Belgium,BEL,1919,0.968
Belgium,BEL,1920,0.953
Belgium,BEL,1921,0.953
Belgium,BEL,1922,0.953
Belgium,BEL,1923,0.953
Belgium,BEL,1924,0.953
Belgium,BEL,1925,0.953
Belgium,BEL,1926,0.953
Belgium,BEL,1927,0.953
Belgium,BEL,1928,0.953
Belgium,BEL,1929,0.953
Belgium,BEL,1930,0.953
Belgium,BEL,1931,0.953
Belgium,BEL,1932,0.953
Belgium,BEL,1933,0.953
Belgium,BEL,1934,0.953
Belgium,BEL,1935,0.953
Belgium,BEL,1936,0.953
Belgium,BEL,1937,0.953
Belgium,BEL,1938,0.953
Belgium,BEL,1939,0.953
Belgium,BEL,1940,0.953
Belgium,BEL,1941,0.97
Belgium,BEL,1942,0.97
Belgium,BEL,1943,0.97
Belgium,BEL,1944,0.966
Belgium,BEL,1945,0.958
Belgium,BEL,1946,0.958
Belgium,BEL,1947,0.958
Belgium,BEL,1948,0.958
Belgium,BEL,1949,0.958
Belgium,BEL,1950,0.958
Belgium,BEL,1951,0.958
Belgium,BEL,1952,0.958
Belgium,BEL,1953,0.958
Belgium,BEL,1954,0.958
Belgium,BEL,1955,0.958
Belgium,BEL,1956,0.958
Belgium,BEL,1957,0.958
Belgium,BEL,1958,0.958
Belgium,BEL,1959,0.958
Belgium,BEL,1960,0.958
Belgium,BEL,1961,0.958
Belgium,BEL,1962,0.958
Belgium,BEL,1963,0.958
Belgium,BEL,1964,0.958
Belgium,BEL,1965,0.958
Belgium,BEL,1966,0.958
Belgium,BEL,1967,0.958
Belgium,BEL,1968,0.958
Belgium,BEL,1969,0.958
Belgium,BEL,1970,0.958
Belgium,BEL,1971,0.958
Belgium,BEL,1972,0.958
Belgium,BEL,1973,0.958
Belgium,BEL,1974,0.958
Belgium,BEL,1975,0.958
Belgium,BEL,1976,0.958
Belgium,BEL,1977,0.958
Belgium,BEL,1978,0.958
Belgium,BEL,1979,0.958
Belgium,BEL,1980,0.958
Belgium,BEL,1981,0.958
Belgium,BEL,1982,0.958
Belgium,BEL,1983,0.958
Belgium,BEL,1984,0.958
Belgium,BEL,1985,0.958
Belgium,BEL,1986,0.958
Belgium,BEL,1987,0.958
Belgium,BEL,1988,0.958
Belgium,BEL,1989,0.958
Belgium,BEL,1990,0.953
Belgium,BEL,1991,0.953
Belgium,BEL,1992,0.953
Belgium,BEL,1993,0.953
Belgium,BEL,1994,0.953
Belgium,BEL,1995,0.953
Belgium,BEL,1996,0.953
Belgium,BEL,1997,0.969
Belgium,BEL,1998,0.969
Belgium,BEL,1999,0.969
Belgium,BEL,2000,0.969
Belgium,BEL,2001,0.969
Belgium,BEL,2002,0.969
Belgium,BEL,2003,0.969
Belgium,BEL,2004,0.969
Belgium,BEL,2005,0.969
Belgium,BEL,2006,0.969
Belgium,BEL,2007,0.969
Belgium,BEL,2008,0.969
Belgium,BEL,2009,0.969
Belgium,BEL,2010,0.969
Belgium,BEL,2011,0.969
Belgium,BEL,2012,0.969
Belgium,BEL,2013,0.969
Belgium,BEL,2014,0.969
Belgium,BEL,2015,0.969
Belgium,BEL,2016,0.969
Belgium,BEL,2017,0.969
Belgium,BEL,2018,0.969
Belgium,BEL,2019,0.969
Belgium,BEL,2020,0.969
Belgium,BEL,2021,0.969
Belgium,BEL,2022,0.969
Belgium,BEL,2023,0.969
Belgium,BEL,2024,0.969
Belgium,BEL,2025,0.969
Benin,BEN,1900,0.515
Benin,BEN,1901,0.515
Benin,BEN,1902,0.515
Benin,BEN,1903,0.515
Benin,BEN,1904,0.515
Benin,BEN,1905,0.515
Benin,BEN,1906,0.515
Benin,BEN,1907,0.515
Benin,BEN,1908,0.515
Benin,BEN,1909,0.515
Benin,BEN,1910,0.515
Benin,BEN,1911,0.515
Benin,BEN,1912,0.515
Benin,BEN,1913,0.515
Benin,BEN,1914,0.515
Benin,BEN,1915,0.515
Benin,BEN,1916,0.515
Benin,BEN,1917,0.515
Benin,BEN,1918,0.515
Benin,BEN,1919,0.515
Benin,BEN,1920,0.515
Benin,BEN,1921,0.515
Benin,BEN,1922,0.515
Benin,BEN,1923,0.515
Benin,BEN,1924,0.515
Benin,BEN,1925,0.515
Benin,BEN,1926,0.515
Benin,BEN,1927,0.515
Benin,BEN,1928,0.515
Benin,BEN,1929,0.515
Benin,BEN,1930,0.515
Benin,BEN,1931,0.515
Benin,BEN,1932,0.515
Benin,BEN,1933,0.515
Benin,BEN,1934,0.515
Benin,BEN,1935,0.515
Benin,BEN,1936,0.515
Benin,BEN,1937,0.515
Benin,BEN,1938,0.515
Benin,BEN,1939,0.515
Benin,BEN,1940,0.515
Benin,BEN,1941,0.515
Benin,BEN,1942,0.515
Benin,BEN,1943,0.515
Benin,BEN,1944,0.515
Benin,BEN,1945,0.515
Benin,BEN,1946,0.515
Benin,BEN,1947,0.515
Benin,BEN,1948,0.515
Benin,BEN,1949,0.515
Benin,BEN,1950,0.515
Benin,BEN,1951,0.515
Benin,BEN,1952,0.515
Benin,BEN,1953,0.542
Benin,BEN,1954,0.542
Benin,BEN,1955,0.542
Benin,BEN,1956,0.542
Benin,BEN,1957,0.542
Benin,BEN,1958,0.542
Benin,BEN,1959,0.542
Benin,BEN,1960,0.452
Benin,BEN,1961,0.452
Benin,BEN,1962,0.452
Benin,BEN,1963,0.452
Benin,BEN,1964,0.452
Benin,BEN,1965,0.333
Benin,BEN,1966,0.333
Benin,BEN,1967,0.333
Benin,BEN,1968,0.333
Benin,BEN,1969,0.333
Benin,BEN,1970,0.333
Benin,BEN,1971,0.333
Benin,BEN,1972,0.313
Benin,BEN,1973,0.469
Benin,BEN,1974,0.469
Benin,BEN,1975,0.469
Benin,BEN,1976,0.469
Benin,BEN,1977,0.469
Benin,BEN,1978,0.469
Benin,BEN,1979,0.469
Benin,BEN,1980,0.56
Benin,BEN,1981,0.56
Benin,BEN,1982,0.56
Benin,BEN,1983,0.56
Benin,BEN,1984,0.56
Benin,BEN,1985,0.56
Benin,BEN,1986,0.56
Benin,BEN,1987,0.553
Benin,BEN,1988,0.553
Benin,BEN,1989,0.553
Benin,BEN,1990,0.44
Benin,BEN,1991,0.46
Benin,BEN,1992,0.414
Benin,BEN,1993,0.414
Benin,BEN,1994,0.414
Benin,BEN,1995,0.414
Benin,BEN,1996,0.394
Benin,BEN,1997,0.36
Benin,BEN,1998,0.36
Benin,BEN,1999,0.36
Benin,BEN,2000,0.36
Benin,BEN,2001,0.36
Benin,BEN,2002,0.36
Benin,BEN,2003,0.36
Benin,BEN,2004,0.36
Benin,BEN,2005,0.398
Benin,BEN,2006,0.396
Benin,BEN,2007,0.396
Benin,BEN,2008,0.395
Benin,BEN,2009,0.395
Benin,BEN,2010,0.395
Benin,BEN,2011,0.395
Benin,BEN,2012,0.395
Benin,BEN,2013,0.485
Benin,BEN,2014,0.485
Benin,BEN,2015,0.473
Benin,BEN,2016,0.61
Benin,BEN,2017,0.674
Benin,BEN,2018,0.613
Benin,BEN,2019,0.615
Benin,BEN,2020,0.81
Benin,BEN,2021,0.815
Benin,BEN,2022,0.812
Benin,BEN,2023,0.817
Benin,BEN,2024,0.809
Benin,BEN,2025,0.809
Bhutan,BTN,1900,0.615
Bhutan,BTN,1901,0.615
Bhutan,BTN,1902,0.615
Bhutan,BTN,1903,0.615
Bhutan,BTN,1904,0.615
Bhutan,BTN,1905,0.615
Bhutan,BTN,1906,0.615
Bhutan,BTN,1907,0.745
Bhutan,BTN,1908,0.745
Bhutan,BTN,1909,0.745
Bhutan,BTN,1910,0.745
Bhutan,BTN,1911,0.745
Bhutan,BTN,1912,0.745
Bhutan,BTN,1913,0.745
Bhutan,BTN,1914,0.745
Bhutan,BTN,1915,0.745
Bhutan,BTN,1916,0.745
Bhutan,BTN,1917,0.745
Bhutan,BTN,1918,0.745
Bhutan,BTN,1919,0.745
Bhutan,BTN,1920,0.745
Bhutan,BTN,1921,0.745
Bhutan,BTN,1922,0.745
Bhutan,BTN,1923,0.745
Bhutan,BTN,1924,0.745
Bhutan,BTN,1925,0.745
Bhutan,BTN,1926,0.751
Bhutan,BTN,1927,0.751
Bhutan,BTN,1928,0.751
Bhutan,BTN,1929,0.751
Bhutan,BTN,1930,0.751
Bhutan,BTN,1931,0.751
Bhutan,BTN,1932,0.751
Bhutan,BTN,1933,0.751
Bhutan,BTN,1934,0.751
Bhutan,BTN,1935,0.751
Bhutan,BTN,1936,0.751
Bhutan,BTN,1937,0.751
Bhutan,BTN,1938,0.751
Bhutan,BTN,1939,0.751
Bhutan,BTN,1940,0.751
Bhutan,BTN,1941,0.751
Bhutan,BTN,1942,0.751
Bhutan,BTN,1943,0.751
Bhutan,BTN,1944,0.751
Bhutan,BTN,1945,0.751
Bhutan,BTN,1946,0.751
Bhutan,BTN,1947,0.751
Bhutan,BTN,1948,0.751
Bhutan,BTN,1949,0.751
Bhutan,BTN,1950,0.751
Bhutan,BTN,1951,0.751
Bhutan,BTN,1952,0.783
Bhutan,BTN,1953,0.794
Bhutan,BTN,1954,0.794
Bhutan,BTN,1955,0.794
Bhutan,BTN,1956,0.794
Bhutan,BTN,1957,0.794
Bhutan,BTN,1958,0.794
Bhutan,BTN,1959,0.823
Bhutan,BTN,1960,0.823
Bhutan,BTN,1961,0.823
Bhutan,BTN,1962,0.823
Bhutan,BTN,1963,0.823
Bhutan,BTN,1964,0.823
Bhutan,BTN,1965,0.823
Bhutan,BTN,1966,0.823
Bhutan,BTN,1967,0.823
Bhutan,BTN,1968,0.823
Bhutan,BTN,1969,0.823
Bhutan,BTN,1970,0.823
Bhutan,BTN,1971,0.823
Bhutan,BTN,1972,0.826
Bhutan,BTN,1973,0.826
Bhutan,BTN,1974,0.826
Bhutan,BTN,1975,0.826
Bhutan,BTN,1976,0.826
Bhutan,BTN,1977,0.826
Bhutan,BTN,1978,0.826
Bhutan,BTN,1979,0.826
Bhutan,BTN,1980,0.826
Bhutan,BTN,1981,0.826
Bhutan,BTN,1982,0.826
Bhutan,BTN,1983,0.826
Bhutan,BTN,1984,0.826
Bhutan,BTN,1985,0.826
Bhutan,BTN,1986,0.826
Bhutan,BTN,1987,0.826
Bhutan,BTN,1988,0.826
Bhutan,BTN,1989,0.826
Bhutan,BTN,1990,0.826
Bhutan,BTN,1991,0.826
Bhutan,BTN,1992,0.834
Bhutan,BTN,1993,0.834
Bhutan,BTN,1994,0.834
Bhutan,BTN,1995,0.834
Bhutan,BTN,1996,0.834
Bhutan,BTN,1997,0.834
Bhutan,BTN,1998,0.824
Bhutan,BTN,1999,0.821
Bhutan,BTN,2000,0.821
Bhutan,BTN,2001,0.821
Bhutan,BTN,2002,0.84
Bhutan,BTN,2003,0.845
Bhutan,BTN,2004,0.849
Bhutan,BTN,2005,0.849
Bhutan,BTN,2006,0.855
Bhutan,BTN,2007,0.855
Bhutan,BTN,2008,0.905
Bhutan,BTN,2009,0.907
Bhutan,BTN,2010,0.907
Bhutan,BTN,2011,0.907
Bhutan,BTN,2012,0.907
Bhutan,BTN,2013,0.903
Bhutan,BTN,2014,0.903
Bhutan,BTN,2015,0.903
Bhutan,BTN,2016,0.896
Bhutan,BTN,2017,0.896
Bhutan,BTN,2018,0.896
Bhutan,BTN,2019,0.896
Bhutan,BTN,2020,0.894
Bhutan,BTN,2021,0.885
Bhutan,BTN,2022,0.876
Bhutan,BTN,2023,0.876
Bhutan,BTN,2024,0.852
Bhutan,BTN,2025,0.852
Bolivia,BOL,1900,0.262
Bolivia,BOL,1901,0.262
Bolivia,BOL,1902,0.262
Bolivia,BOL,1903,0.262
Bolivia,BOL,1904,0.262
Bolivia,BOL,1905,0.262
Bolivia,BOL,1906,0.262
Bolivia,BOL,1907,0.262
Bolivia,BOL,1908,0.262
Bolivia,BOL,1909,0.262
Bolivia,BOL,1910,0.262
Bolivia,BOL,1911,0.262
Bolivia,BOL,1912,0.262
Bolivia,BOL,1913,0.262
Bolivia,BOL,1914,0.262
Bolivia,BOL,1915,0.262
Bolivia,BOL,1916,0.262
Bolivia,BOL,1917,0.262
Bolivia,BOL,1918,0.262
Bolivia,BOL,1919,0.262
Bolivia,BOL,1920,0.262
Bolivia,BOL,1921,0.262
Bolivia,BOL,1922,0.262
Bolivia,BOL,1923,0.262
Bolivia,BOL,1924,0.262
Bolivia,BOL,1925,0.262
Bolivia,BOL,1926,0.262
Bolivia,BOL,1927,0.262
Bolivia,BOL,1928,0.262
Bolivia,BOL,1929,0.262
Bolivia,BOL,1930,0.262
Bolivia,BOL,1931,0.258
Bolivia,BOL,1932,0.258
Bolivia,BOL,1933,0.258
Bolivia,BOL,1934,0.258
Bolivia,BOL,1935,0.258
Bolivia,BOL,1936,0.274
Bolivia,BOL,1937,0.243
Bolivia,BOL,1938,0.251
Bolivia,BOL,1939,0.242
Bolivia,BOL,1940,0.24
Bolivia,BOL,1941,0.24
Bolivia,BOL,1942,0.24
Bolivia,BOL,1943,0.249
Bolivia,BOL,1944,0.251
Bolivia,BOL,1945,0.241
Bolivia,BOL,1946,0.252
Bolivia,BOL,1947,0.241
Bolivia,BOL,1948,0.241
Bolivia,BOL,1949,0.241
Bolivia,BOL,1950,0.241
Bolivia,BOL,1951,0.241
Bolivia,BOL,1952,0.212
Bolivia,BOL,1953,0.227
Bolivia,BOL,1954,0.227
Bolivia,BOL,1955,0.227
Bolivia,BOL,1956,0.227
Bolivia,BOL,1957,0.227
Bolivia,BOL,1958,0.227
Bolivia,BOL,1959,0.227
Bolivia,BOL,1960,0.227
Bolivia,BOL,1961,0.227
Bolivia,BOL,1962,0.227
Bolivia,BOL,1963,0.227
Bolivia,BOL,1964,0.219
Bolivia,BOL,1965,0.178
Bolivia,BOL,1966,0.173
Bolivia,BOL,1967,0.184
Bolivia,BOL,1968,0.184
Bolivia,BOL,1969,0.162
Bolivia,BOL,1970,0.167
Bolivia,BOL,1971,0.152
Bolivia,BOL,1972,0.152
Bolivia,BOL,1973,0.152
Bolivia,BOL,1974,0.152
Bolivia,BOL,1975,0.152
Bolivia,BOL,1976,0.152
Bolivia,BOL,1977,0.152
Bolivia,BOL,1978,0.152
Bolivia,BOL,1979,0.176
Bolivia,BOL,1980,0.168
Bolivia,BOL,1981,0.131
Bolivia,BOL,1982,0.254
Bolivia,BOL,1983,0.275
Bolivia,BOL,1984,0.29
Bolivia,BOL,1985,0.279
Bolivia,BOL,1986,0.288
Bolivia,BOL,1987,0.305
Bolivia,BOL,1988,0.305
Bolivia,BOL,1989,0.305
Bolivia,BOL,1990,0.303
Bolivia,BOL,1991,0.303
Bolivia,BOL,1992,0.303
Bolivia,BOL,1993,0.303
Bolivia,BOL,1994,0.304
Bolivia,BOL,1995,0.304
Bolivia,BOL,1996,0.304
Bolivia,BOL,1997,0.287
Bolivia,BOL,1998,0.287
Bolivia,BOL,1999,0.287
Bolivia,BOL,2000,0.287
Bolivia,BOL,2001,0.287
Bolivia,BOL,2002,0.279
Bolivia,BOL,2003,0.287
Bolivia,BOL,2004,0.33
Bolivia,BOL,2005,0.328
Bolivia,BOL,2006,0.304
Bolivia,BOL,2007,0.304
Bolivia,BOL,2008,0.304
Bolivia,BOL,2009,0.304
Bolivia,BOL,2010,0.277
Bolivia,BOL,2011,0.277
Bolivia,BOL,2012,0.277
Bolivia,BOL,2013,0.309
Bolivia,BOL,2014,0.306
Bolivia,BOL,2015,0.339
Bolivia,BOL,2016,0.338
Bolivia,BOL,2017,0.34
Bolivia,BOL,2018,0.346
Bolivia,BOL,2019,0.332
Bolivia,BOL,2020,0.345
Bolivia,BOL,2021,0.425
Bolivia,BOL,2022,0.326
Bolivia,BOL,2023,0.397
Bolivia,BOL,2024,0.346
Bolivia,BOL,2025,0.237
Bosnia Herzegovina,BIH,1992,0.556
Bosnia Herzegovina,BIH,1993,0.556
Bosnia Herzegovina,BIH,1994,0.429
Bosnia Herzegovina,BIH,1995,0.41
Bosnia Herzegovina,BIH,1996,0.283
Bosnia Herzegovina,BIH,1997,0.283
Bosnia Herzegovina,BIH,1998,0.295
Bosnia Herzegovina,BIH,1999,0.295
Bosnia Herzegovina,BIH,2000,0.295
Bosnia Herzegovina,BIH,2001,0.336
Bosnia Herzegovina,BIH,2002,0.336
Bosnia Herzegovina,BIH,2003,0.336
Bosnia Herzegovina,BIH,2004,0.317
Bosnia Herzegovina,BIH,2005,0.317
Bosnia Herzegovina,BIH,2006,0.317
Bosnia Herzegovina,BIH,2007,0.317
Bosnia Herzegovina,BIH,2008,0.319
Bosnia Herzegovina,BIH,2009,0.32
Bosnia Herzegovina,BIH,2010,0.322
Bosnia Herzegovina,BIH,2011,0.322
Bosnia Herzegovina,BIH,2012,0.322
Bosnia Herzegovina,BIH,2013,0.326
Bosnia Herzegovina,BIH,2014,0.326
Bosnia Herzegovina,BIH,2015,0.327
Bosnia Herzegovina,BIH,2016,0.299
Bosnia Herzegovina,BIH,2017,0.292
Bosnia Herzegovina,BIH,2018,0.304
Bosnia Herzegovina,BIH,2019,0.247
Bosnia Herzegovina,BIH,2020,0.261
Bosnia Herzegovina,BIH,2021,0.24
Bosnia Herzegovina,BIH,2022,0.239
Bosnia Herzegovina,BIH,2023,0.264
Bosnia Herzegovina,BIH,2024,0.231
Bosnia Herzegovina,BIH,2025,0.274
Botswana,BWA,1900,0.95
Botswana,BWA,1901,0.95
Botswana,BWA,1902,0.95
Botswana,BWA,1903,0.95
Botswana,BWA,1904,0.95
Botswana,BWA,1905,0.95
Botswana,BWA,1906,0.95
Botswana,BWA,1907,0.95
Botswana,BWA,1908,0.95
Botswana,BWA,1909,0.95
Botswana,BWA,1910,0.95
Botswana,BWA,1911,0.95
Botswana,BWA,1912,0.95
Botswana,BWA,1913,0.95
Botswana,BWA,1914,0.95
Botswana,BWA,1915,0.95
Botswana,BWA,1916,0.95
Botswana,BWA,1917,0.95
Botswana,BWA,1918,0.95
Botswana,BWA,1919,0.95
Botswana,BWA,1920,0.95
Botswana,BWA,1921,0.95
Botswana,BWA,1922,0.95
Botswana,BWA,1923,0.95
Botswana,BWA,1924,0.95
Botswana,BWA,1925,0.95
Botswana,BWA,1926,0.95
Botswana,BWA,1927,0.95
Botswana,BWA,1928,0.95
Botswana,BWA,1929,0.95
Botswana,BWA,1930,0.95
Botswana,BWA,1931,0.95
Botswana,BWA,1932,0.95
Botswana,BWA,1933,0.95
Botswana,BWA,1934,0.95
Botswana,BWA,1935,0.95
Botswana,BWA,1936,0.95
Botswana,BWA,1937,0.95
Botswana,BWA,1938,0.95
Botswana,BWA,1939,0.95
Botswana,BWA,1940,0.95
Botswana,BWA,1941,0.95
Botswana,BWA,1942,0.95
Botswana,BWA,1943,0.95
Botswana,BWA,1944,0.95
Botswana,BWA,1945,0.95
Botswana,BWA,1946,0.95
Botswana,BWA,1947,0.95
Botswana,BWA,1948,0.95
Botswana,BWA,1949,0.95
Botswana,BWA,1950,0.95
Botswana,BWA,1951,0.95
Botswana,BWA,1952,0.95
Botswana,BWA,1953,0.95
Botswana,BWA,1954,0.95
Botswana,BWA,1955,0.95
Botswana,BWA,1956,0.95
Botswana,BWA,1957,0.95
Botswana,BWA,1958,0.95
Botswana,BWA,1959,0.95
Botswana,BWA,1960,0.945
Botswana,BWA,1961,0.945
Botswana,BWA,1962,0.954
Botswana,BWA,1963,0.954
Botswana,BWA,1964,0.954
Botswana,BWA,1965,0.954
Botswana,BWA,1966,0.814
Botswana,BWA,1967,0.814
Botswana,BWA,1968,0.814
Botswana,BWA,1969,0.814
Botswana,BWA,1970,0.814
Botswana,BWA,1971,0.814
Botswana,BWA,1972,0.814
Botswana,BWA,1973,0.814
Botswana,BWA,1974,0.814
Botswana,BWA,1975,0.814
Botswana,BWA,1976,0.814
Botswana,BWA,1977,0.814
Botswana,BWA,1978,0.814
Botswana,BWA,1979,0.814
Botswana,BWA,1980,0.814
Botswana,BWA,1981,0.825
Botswana,BWA,1982,0.825
Botswana,BWA,1983,0.825
Botswana,BWA,1984,0.825
Botswana,BWA,1985,0.825
Botswana,BWA,1986,0.825
Botswana,BWA,1987,0.825
Botswana,BWA,1988,0.862
Botswana,BWA,1989,0.862
Botswana,BWA,1990,0.862
Botswana,BWA,1991,0.862
Botswana,BWA,1992,0.862
Botswana,BWA,1993,0.862
Botswana,BWA,1994,0.862
Botswana,BWA,1995,0.862
Botswana,BWA,1996,0.862
Botswana,BWA,1997,0.862
Botswana,BWA,1998,0.862
Botswana,BWA,1999,0.862
Botswana,BWA,2000,0.855
Botswana,BWA,2001,0.855
Botswana,BWA,2002,0.855
Botswana,BWA,2003,0.855
Botswana,BWA,2004,0.855
Botswana,BWA,2005,0.855
Botswana,BWA,2006,0.855
Botswana,BWA,2007,0.855
Botswana,BWA,2008,0.854
Botswana,BWA,2009,0.854
Botswana,BWA,2010,0.854
Botswana,BWA,2011,0.854
Botswana,BWA,2012,0.856
Botswana,BWA,2013,0.865
Botswana,BWA,2014,0.86
Botswana,BWA,2015,0.851
Botswana,BWA,2016,0.851
Botswana,BWA,2017,0.871
Botswana,BWA,2018,0.855
Botswana,BWA,2019,0.871
Botswana,BWA,2020,0.908
Botswana,BWA,2021,0.841
Botswana,BWA,2022,0.723
Botswana,BWA,2023,0.758
Botswana,BWA,2024,0.758
Botswana,BWA,2025,0.796
Brazil,BRA,1900,0.219
Brazil,BRA,1901,0.219
Brazil,BRA,1902,0.219
Brazil,BRA,1903,0.219
Brazil,BRA,1904,0.219
Brazil,BRA,1905,0.219
Brazil,BRA,1906,0.219
Brazil,BRA,1907,0.219
Brazil,BRA,1908,0.219
Brazil,BRA,1909,0.219
Brazil,BRA,1910,0.219
Brazil,BRA,1911,0.219
Brazil,BRA,1912,0.219
Brazil,BRA,1913,0.219
Brazil,BRA,1914,0.219
Brazil,BRA,1915,0.219
Brazil,BRA,1916,0.219
Brazil,BRA,1917,0.219
Brazil,BRA,1918,0.219
Brazil,BRA,1919,0.219
Brazil,BRA,1920,0.219
Brazil,BRA,1921,0.219
Brazil,BRA,1922,0.219
Brazil,BRA,1923,0.219
Brazil,BRA,1924,0.219
Brazil,BRA,1925,0.219
Brazil,BRA,1926,0.219
Brazil,BRA,1927,0.219
Brazil,BRA,1928,0.219
Brazil,BRA,1929,0.219
Brazil,BRA,1930,0.296
Brazil,BRA,1931,0.296
Brazil,BRA,1932,0.296
Brazil,BRA,1933,0.296
Brazil,BRA,1934,0.296
Brazil,BRA,1935,0.261
Brazil,BRA,1936,0.261
Brazil,BRA,1937,0.296
Brazil,BRA,1938,0.296
Brazil,BRA,1939,0.296
Brazil,BRA,1940,0.296
Brazil,BRA,1941,0.296
Brazil,BRA,1942,0.296
Brazil,BRA,1943,0.296
Brazil,BRA,1944,0.296
Brazil,BRA,1945,0.296
Brazil,BRA,1946,0.332
Brazil,BRA,1947,0.28
Brazil,BRA,1948,0.28
Brazil,BRA,1949,0.28
Brazil,BRA,1950,0.28
Brazil,BRA,1951,0.28
Brazil,BRA,1952,0.28
Brazil,BRA,1953,0.28
Brazil,BRA,1954,0.28
Brazil,BRA,1955,0.28
Brazil,BRA,1956,0.28
Brazil,BRA,1957,0.28
Brazil,BRA,1958,0.28
Brazil,BRA,1959,0.28
Brazil,BRA,1960,0.28
Brazil,BRA,1961,0.28
Brazil,BRA,1962,0.28
Brazil,BRA,1963,0.28
Brazil,BRA,1964,0.308
Brazil,BRA,1965,0.304
Brazil,BRA,1966,0.304
Brazil,BRA,1967,0.304
Brazil,BRA,1968,0.304
Brazil,BRA,1969,0.304
Brazil,BRA,1970,0.304
Brazil,BRA,1971,0.304
Brazil,BRA,1972,0.304
Brazil,BRA,1973,0.304
Brazil,BRA,1974,0.304
Brazil,BRA,1975,0.304
Brazil,BRA,1976,0.304
Brazil,BRA,1977,0.304
Brazil,BRA,1978,0.304
Brazil,BRA,1979,0.304
Brazil,BRA,1980,0.304
Brazil,BRA,1981,0.304
Brazil,BRA,1982,0.304
Brazil,BRA,1983,0.304
Brazil,BRA,1984,0.304
Brazil,BRA,1985,0.314
Brazil,BRA,1986,0.325
Brazil,BRA,1987,0.325
Brazil,BRA,1988,0.339
Brazil,BRA,1989,0.329
Brazil,BRA,1990,0.395
Brazil,BRA,1991,0.395
Brazil,BRA,1992,0.395
Brazil,BRA,1993,0.437
Brazil,BRA,1994,0.489
Brazil,BRA,1995,0.486
Brazil,BRA,1996,0.493
Brazil,BRA,1997,0.494
Brazil,BRA,1998,0.494
Brazil,BRA,1999,0.494
Brazil,BRA,2000,0.494
Brazil,BRA,2001,0.494
Brazil,BRA,2002,0.455
Brazil,BRA,2003,0.455
Brazil,BRA,2004,0.455
Brazil,BRA,2005,0.505
Brazil,BRA,2006,0.506
Brazil,BRA,2007,0.506
Brazil,BRA,2008,0.506
Brazil,BRA,2009,0.506
Brazil,BRA,2010,0.506
Brazil,BRA,2011,0.507
Brazil,BRA,2012,0.507
Brazil,BRA,2013,0.507
Brazil,BRA,2014,0.494
Brazil,BRA,2015,0.494
Brazil,BRA,2016,0.465
Brazil,BRA,2017,0.465
Brazil,BRA,2018,0.465
Brazil,BRA,2019,0.454
Brazil,BRA,2020,0.463
Brazil,BRA,2021,0.459
Brazil,BRA,2022,0.455
Brazil,BRA,2023,0.539
Brazil,BRA,2024,0.562
Brazil,BRA,2025,0.577
Bulgaria,BGR,1900,0.627
Bulgaria,BGR,1901,0.627
Bulgaria,BGR,1902,0.627
Bulgaria,BGR,1903,0.627
Bulgaria,BGR,1904,0.627
Bulgaria,BGR,1905,0.627
Bulgaria,BGR,1906,0.627
Bulgaria,BGR,1907,0.627
Bulgaria,BGR,1908,0.627
Bulgaria,BGR,1909,0.627
Bulgaria,BGR,1910,0.627
Bulgaria,BGR,1911,0.627
Bulgaria,BGR,1912,0.627
Bulgaria,BGR,1913,0.627
Bulgaria,BGR,1914,0.627
Bulgaria,BGR,1915,0.627
Bulgaria,BGR,1916,0.627
Bulgaria,BGR,1917,0.627
Bulgaria,BGR,1918,0.62
Bulgaria,BGR,1919,0.617
Bulgaria,BGR,1920,0.617
Bulgaria,BGR,1921,0.617
Bulgaria,BGR,1922,0.617
Bulgaria,BGR,1923,0.71
Bulgaria,BGR,1924,0.71
Bulgaria,BGR,1925,0.66
Bulgaria,BGR,1926,0.66
Bulgaria,BGR,1927,0.66
Bulgaria,BGR,1928,0.66
Bulgaria,BGR,1929,0.66
Bulgaria,BGR,1930,0.66
Bulgaria,BGR,1931,0.66
Bulgaria,BGR,1932,0.66
Bulgaria,BGR,1933,0.66
Bulgaria,BGR,1934,0.71
Bulgaria,BGR,1935,0.71
Bulgaria,BGR,1936,0.71
Bulgaria,BGR,1937,0.71
Bulgaria,BGR,1938,0.71
Bulgaria,BGR,1939,0.71
Bulgaria,BGR,1940,0.669
Bulgaria,BGR,1941,0.662
Bulgaria,BGR,1942,0.662
Bulgaria,BGR,1943,0.662
Bulgaria,BGR,1944,0.692
Bulgaria,BGR,1945,0.553
Bulgaria,BGR,1946,0.655
Bulgaria,BGR,1947,0.647
Bulgaria,BGR,1948,0.667
Bulgaria,BGR,1949,0.667
Bulgaria,BGR,1950,0.667
Bulgaria,BGR,1951,0.667
Bulgaria,BGR,1952,0.667
Bulgaria,BGR,1953,0.667
Bulgaria,BGR,1954,0.667
Bulgaria,BGR,1955,0.667
Bulgaria,BGR,1956,0.667
Bulgaria,BGR,1957,0.667
Bulgaria,BGR,1958,0.667
Bulgaria,BGR,1959,0.667
Bulgaria,BGR,1960,0.667
Bulgaria,BGR,1961,0.667
Bulgaria,BGR,1962,0.667
Bulgaria,BGR,1963,0.667
Bulgaria,BGR,1964,0.667
Bulgaria,BGR,1965,0.667
Bulgaria,BGR,1966,0.667
Bulgaria,BGR,1967,0.667
Bulgaria,BGR,1968,0.667
Bulgaria,BGR,1969,0.667
Bulgaria,BGR,1970,0.667
Bulgaria,BGR,1971,0.667
Bulgaria,BGR,1972,0.667
Bulgaria,BGR,1973,0.667
Bulgaria,BGR,1974,0.667
Bulgaria,BGR,1975,0.667
Bulgaria,BGR,1976,0.667
Bulgaria,BGR,1977,0.667
Bulgaria,BGR,1978,0.667
Bulgaria,BGR,1979,0.667
Bulgaria,BGR,1980,0.667
Bulgaria,BGR,1981,0.667
Bulgaria,BGR,1982,0.667
Bulgaria,BGR,1983,0.665
Bulgaria,BGR,1984,0.665
Bulgaria,BGR,1985,0.665
Bulgaria,BGR,1986,0.653
Bulgaria,BGR,1987,0.653
Bulgaria,BGR,1988,0.653
Bulgaria,BGR,1989,0.653
Bulgaria,BGR,1990,0.673
Bulgaria,BGR,1991,0.677
Bulgaria,BGR,1992,0.645
Bulgaria,BGR,1993,0.626
Bulgaria,BGR,1994,0.626
Bulgaria,BGR,1995,0.626
Bulgaria,BGR,1996,0.632
Bulgaria,BGR,1997,0.652
Bulgaria,BGR,1998,0.67
Bulgaria,BGR,1999,0.67
Bulgaria,BGR,2000,0.67
Bulgaria,BGR,2001,0.62
Bulgaria,BGR,2002,0.62
Bulgaria,BGR,2003,0.62
Bulgaria,BGR,2004,0.62
Bulgaria,BGR,2005,0.62
Bulgaria,BGR,2006,0.622
Bulgaria,BGR,2007,0.652
Bulgaria,BGR,2008,0.648
Bulgaria,BGR,2009,0.5
Bulgaria,BGR,2010,0.489
Bulgaria,BGR,2011,0.489
Bulgaria,BGR,2012,0.502
Bulgaria,BGR,2013,0.588
Bulgaria,BGR,2014,0.594
Bulgaria,BGR,2015,0.473
Bulgaria,BGR,2016,0.473
Bulgaria,BGR,2017,0.461
Bulgaria,BGR,2018,0.46
Bulgaria,BGR,2019,0.439
Bulgaria,BGR,2020,0.435
Bulgaria,BGR,2021,0.46
Bulgaria,BGR,2022,0.699
Bulgaria,BGR,2023,0.664
Bulgaria,BGR,2024,0.421
Bulgaria,BGR,2025,0.357
Burkina Faso,BFA,1919,0.699
Burkina Faso,BFA,1920,0.699
Burkina Faso,BFA,1921,0.699
Burkina Faso,BFA,1922,0.699
Burkina Faso,BFA,1923,0.699
Burkina Faso,BFA,1924,0.699
Burkina Faso,BFA,1925,0.699
Burkina Faso,BFA,1926,0.699
Burkina Faso,BFA,1927,0.699
Burkina Faso,BFA,1928,0.699
Burkina Faso,BFA,1929,0.699
Burkina Faso,BFA,1930,0.699
Burkina Faso,BFA,1931,0.699
Burkina Faso,BFA,1947,0.572
Burkina Faso,BFA,1948,0.572
Burkina Faso,BFA,1949,0.674
Burkina Faso,BFA,1950,0.674
Burkina Faso,BFA,1951,0.674
Burkina Faso,BFA,1952,0.674
Burkina Faso,BFA,1953,0.674
Burkina Faso,BFA,1954,0.674
Burkina Faso,BFA,1955,0.674
Burkina Faso,BFA,1956,0.674
Burkina Faso,BFA,1957,0.674
Burkina Faso,BFA,1958,0.674
Burkina Faso,BFA,1959,0.674
Burkina Faso,BFA,1960,0.562
Burkina Faso,BFA,1961,0.562
Burkina Faso,BFA,1962,0.562
Burkina Faso,BFA,1963,0.562
Burkina Faso,BFA,1964,0.562
Burkina Faso,BFA,1965,0.562
Burkina Faso,BFA,1966,0.422
Burkina Faso,BFA,1967,0.435
Burkina Faso,BFA,1968,0.435
Burkina Faso,BFA,1969,0.435
Burkina Faso,BFA,1970,0.453
Burkina Faso,BFA,1971,0.453
Burkina Faso,BFA,1972,0.579
Burkina Faso,BFA,1973,0.579
Burkina Faso,BFA,1974,0.579
Burkina Faso,BFA,1975,0.453
Burkina Faso,BFA,1976,0.453
Burkina Faso,BFA,1977,0.453
Burkina Faso,BFA,1978,0.472
Burkina Faso,BFA,1979,0.599
Burkina Faso,BFA,1980,0.618
Burkina Faso,BFA,1981,0.497
Burkina Faso,BFA,1982,0.497
Burkina Faso,BFA,1983,0.806
Burkina Faso,BFA,1984,0.806
Burkina Faso,BFA,1985,0.806
Burkina Faso,BFA,1986,0.806
Burkina Faso,BFA,1987,0.806
Burkina Faso,BFA,1988,0.346
Burkina Faso,BFA,1989,0.346
Burkina Faso,BFA,1990,0.286
Burkina Faso,BFA,1991,0.286
Burkina Faso,BFA,1992,0.355
Burkina Faso,BFA,1993,0.46
Burkina Faso,BFA,1994,0.46
Burkina Faso,BFA,1995,0.46
Burkina Faso,BFA,1996,0.46
Burkina Faso,BFA,1997,0.46
Burkina Faso,BFA,1998,0.46
Burkina Faso,BFA,1999,0.46
Burkina Faso,BFA,2000,0.485
Burkina Faso,BFA,2001,0.485
Burkina Faso,BFA,2002,0.485
Burkina Faso,BFA,2003,0.475
Burkina Faso,BFA,2004,0.475
Burkina Faso,BFA,2005,0.475
Burkina Faso,BFA,2006,0.475
Burkina Faso,BFA,2007,0.475
Burkina Faso,BFA,2008,0.475
Burkina Faso,BFA,2009,0.475
Burkina Faso,BFA,2010,0.484
Burkina Faso,BFA,2011,0.479
Burkina Faso,BFA,2012,0.473
Burkina Faso,BFA,2013,0.528
Burkina Faso,BFA,2014,0.57
Burkina Faso,BFA,2015,0.614
Burkina Faso,BFA,2016,0.608
Burkina Faso,BFA,2017,0.614
Burkina Faso,BFA,2018,0.603
Burkina Faso,BFA,2019,0.551
Burkina Faso,BFA,2020,0.551
Burkina Faso,BFA,2021,0.551
Burkina Faso,BFA,2022,0.567
Burkina Faso,BFA,2023,0.621
Burkina Faso,BFA,2024,0.616
Burkina Faso,BFA,2025,0.627
Burundi,BDI,1916,0.522
Burundi,BDI,1917,0.522
Burundi,BDI,1918,0.522
Burundi,BDI,1919,0.522
Burundi,BDI,1920,0.522
Burundi,BDI,1921,0.522
Burundi,BDI,1922,0.522
Burundi,BDI,1923,0.522
Burundi,BDI,1924,0.522
Burundi,BDI,1925,0.522
Burundi,BDI,1926,0.522
Burundi,BDI,1927,0.522
Burundi,BDI,1928,0.522
Burundi,BDI,1929,0.522
Burundi,BDI,1930,0.522
Burundi,BDI,1931,0.522
Burundi,BDI,1932,0.522
Burundi,BDI,1933,0.522
Burundi,BDI,1934,0.522
Burundi,BDI,1935,0.522
Burundi,BDI,1936,0.522
Burundi,BDI,1937,0.522
Burundi,BDI,1938,0.522
Burundi,BDI,1939,0.522
Burundi,BDI,1940,0.522
Burundi,BDI,1941,0.522
Burundi,BDI,1942,0.522
Burundi,BDI,1943,0.522
Burundi,BDI,1944,0.522
Burundi,BDI,1945,0.522
Burundi,BDI,1946,0.522
Burundi,BDI,1947,0.509
Burundi,BDI,1948,0.509
Burundi,BDI,1949,0.509
Burundi,BDI,1950,0.509
Burundi,BDI,1951,0.509
Burundi,BDI,1952,0.509
Burundi,BDI,1953,0.509
Burundi,BDI,1954,0.509
Burundi,BDI,1955,0.509
Burundi,BDI,1956,0.509
Burundi,BDI,1957,0.509
Burundi,BDI,1958,0.509
Burundi,BDI,1959,0.509
Burundi,BDI,1960,0.509
Burundi,BDI,1961,0.509
Burundi,BDI,1962,0.642
Burundi,BDI,1963,0.623
Burundi,BDI,1964,0.605
Burundi,BDI,1965,0.605
Burundi,BDI,1966,0.522
Burundi,BDI,1967,0.522
Burundi,BDI,1968,0.522
Burundi,BDI,1969,0.522
Burundi,BDI,1970,0.522
Burundi,BDI,1971,0.522
Burundi,BDI,1972,0.522
Burundi,BDI,1973,0.522
Burundi,BDI,1974,0.522
Burundi,BDI,1975,0.522
Burundi,BDI,1976,0.584
Burundi,BDI,1977,0.619
Burundi,BDI,1978,0.619
Burundi,BDI,1979,0.619
Burundi,BDI,1980,0.619
Burundi,BDI,1981,0.619
Burundi,BDI,1982,0.62
Burundi,BDI,1983,0.698
Burundi,BDI,1984,0.698
Burundi,BDI,1985,0.698
Burundi,BDI,1986,0.698
Burundi,BDI,1987,0.619
Burundi,BDI,1988,0.585
Burundi,BDI,1989,0.585
Burundi,BDI,1990,0.585
Burundi,BDI,1991,0.585
Burundi,BDI,1992,0.558
Burundi,BDI,1993,0.515
Burundi,BDI,1994,0.521
Burundi,BDI,1995,0.521
Burundi,BDI,1996,0.521
Burundi,BDI,1997,0.521
Burundi,BDI,1998,0.521
Burundi,BDI,1999,0.521
Burundi,BDI,2000,0.499
Burundi,BDI,2001,0.499
Burundi,BDI,2002,0.453
Burundi,BDI,2003,0.453
Burundi,BDI,2004,0.434
Burundi,BDI,2005,0.154
Burundi,BDI,2006,0.151
Burundi,BDI,2007,0.154
Burundi,BDI,2008,0.146
Burundi,BDI,2009,0.146
Burundi,BDI,2010,0.133
Burundi,BDI,2011,0.133
Burundi,BDI,2012,0.131
Burundi,BDI,2013,0.118
Burundi,BDI,2014,0.109
Burundi,BDI,2015,0.109
Burundi,BDI,2016,0.052
Burundi,BDI,2017,0.052
Burundi,BDI,2018,0.052
Burundi,BDI,2019,0.072
Burundi,BDI,2020,0.106
Burundi,BDI,2021,0.228
Burundi,BDI,2022,0.275
Burundi,BDI,2023,0.21
Burundi,BDI,2024,0.173
Burundi,BDI,2025,0.155
Cambodia,KHM,1900,0.401
Cambodia,KHM,1901,0.401
Cambodia,KHM,1902,0.401
Cambodia,KHM,1903,0.401
Cambodia,KHM,1904,0.401
Cambodia,KHM,1905,0.401
Cambodia,KHM,1906,0.401
Cambodia,KHM,1907,0.401
Cambodia,KHM,1908,0.401
Cambodia,KHM,1909,0.401
Cambodia,KHM,1910,0.401
Cambodia,KHM,1911,0.401
Cambodia,KHM,1912,0.401
Cambodia,KHM,1913,0.401
Cambodia,KHM,1914,0.401
Cambodia,KHM,1915,0.401
Cambodia,KHM,1916,0.401
Cambodia,KHM,1917,0.401
Cambodia,KHM,1918,0.401
Cambodia,KHM,1919,0.401
Cambodia,KHM,1920,0.401
Cambodia,KHM,1921,0.401
Cambodia,KHM,1922,0.401
Cambodia,KHM,1923,0.401
Cambodia,KHM,1924,0.401
Cambodia,KHM,1925,0.401
Cambodia,KHM,1926,0.401
Cambodia,KHM,1927,0.401
Cambodia,KHM,1928,0.401
Cambodia,KHM,1929,0.401
Cambodia,KHM,1930,0.401
Cambodia,KHM,1931,0.401
Cambodia,KHM,1932,0.401
Cambodia,KHM,1933,0.401
Cambodia,KHM,1934,0.401
Cambodia,KHM,1935,0.401
Cambodia,KHM,1936,0.401
Cambodia,KHM,1937,0.401
Cambodia,KHM,1938,0.401
Cambodia,KHM,1939,0.401
Cambodia,KHM,1940,0.401
Cambodia,KHM,1941,0.401
Cambodia,KHM,1942,0.401
Cambodia,KHM,1943,0.401
Cambodia,KHM,1944,0.401
Cambodia,KHM,1945,0.401
Cambodia,KHM,1946,0.407
Cambodia,KHM,1947,0.407
Cambodia,KHM,1948,0.374
Cambodia,KHM,1949,0.374
Cambodia,KHM,1950,0.39
Cambodia,KHM,1951,0.382
Cambodia,KHM,1952,0.358
Cambodia,KHM,1953,0.397
Cambodia,KHM,1954,0.651
Cambodia,KHM,1955,0.65
Cambodia,KHM,1956,0.6
Cambodia,KHM,1957,0.6
Cambodia,KHM,1958,0.6
Cambodia,KHM,1959,0.6
Cambodia,KHM,1960,0.579
Cambodia,KHM,1961,0.579
Cambodia,KHM,1962,0.579
Cambodia,KHM,1963,0.579
Cambodia,KHM,1964,0.579
Cambodia,KHM,1965,0.579
Cambodia,KHM,1966,0.579
Cambodia,KHM,1967,0.579
Cambodia,KHM,1968,0.579
Cambodia,KHM,1969,0.579
Cambodia,KHM,1970,0.349
Cambodia,KHM,1971,0.45
Cambodia,KHM,1972,0.45
Cambodia,KHM,1973,0.392
Cambodia,KHM,1974,0.392
Cambodia,KHM,1975,0.86
Cambodia,KHM,1976,0.86
Cambodia,KHM,1977,0.86
Cambodia,KHM,1978,0.86
Cambodia,KHM,1979,0.829
Cambodia,KHM,1980,0.612
Cambodia,KHM,1981,0.612
Cambodia,KHM,1982,0.419
Cambodia,KHM,1983,0.419
Cambodia,KHM,1984,0.419
Cambodia,KHM,1985,0.419
Cambodia,KHM,1986,0.419
Cambodia,KHM,1987,0.419
Cambodia,KHM,1988,0.419
Cambodia,KHM,1989,0.411
Cambodia,KHM,1990,0.371
Cambodia,KHM,1991,0.371
Cambodia,KHM,1992,0.403
Cambodia,KHM,1993,0.125
Cambodia,KHM,1994,0.099
Cambodia,KHM,1995,0.099
Cambodia,KHM,1996,0.099
Cambodia,KHM,1997,0.099
Cambodia,KHM,1998,0.099
Cambodia,KHM,1999,0.099
Cambodia,KHM,2000,0.099
Cambodia,KHM,2001,0.099
Cambodia,KHM,2002,0.099
Cambodia,KHM,2003,0.099
Cambodia,KHM,2004,0.099
Cambodia,KHM,2005,0.099
Cambodia,KHM,2006,0.099
Cambodia,KHM,2007,0.099
Cambodia,KHM,2008,0.099
Cambodia,KHM,2009,0.099
Cambodia,KHM,2010,0.099
Cambodia,KHM,2011,0.099
Cambodia,KHM,2012,0.099
Cambodia,KHM,2013,0.105
Cambodia,KHM,2014,0.129
Cambodia,KHM,2015,0.129
Cambodia,KHM,2016,0.129
Cambodia,KHM,2017,0.106
Cambodia,KHM,2018,0.093
Cambodia,KHM,2019,0.09
Cambodia,KHM,2020,0.098
Cambodia,KHM,2021,0.096
Cambodia,KHM,2022,0.096
Cambodia,KHM,2023,0.096
Cambodia,KHM,2024,0.096
Cambodia,KHM,2025,0.096
Cameroon,CMR,1961,0.435
Cameroon,CMR,1962,0.435
Cameroon,CMR,1963,0.435
Cameroon,CMR,1964,0.435
Cameroon,CMR,1965,0.435
Cameroon,CMR,1966,0.435
Cameroon,CMR,1967,0.435
Cameroon,CMR,1968,0.435
Cameroon,CMR,1969,0.435
Cameroon,CMR,1970,0.435
Cameroon,CMR,1971,0.435
Cameroon,CMR,1972,0.435
Cameroon,CMR,1973,0.435
Cameroon,CMR,1974,0.435
Cameroon,CMR,1975,0.435
Cameroon,CMR,1976,0.435
Cameroon,CMR,1977,0.435
Cameroon,CMR,1978,0.435
Cameroon,CMR,1979,0.435
Cameroon,CMR,1980,0.379
Cameroon,CMR,1981,0.369
Cameroon,CMR,1982,0.302
Cameroon,CMR,1983,0.282
Cameroon,CMR,1984,0.282
Cameroon,CMR,1985,0.267
Cameroon,CMR,1986,0.256
Cameroon,CMR,1987,0.247
Cameroon,CMR,1988,0.247
Cameroon,CMR,1989,0.247
Cameroon,CMR,1990,0.151
Cameroon,CMR,1991,0.137
Cameroon,CMR,1992,0.11
Cameroon,CMR,1993,0.076
Cameroon,CMR,1994,0.076
Cameroon,CMR,1995,0.076
Cameroon,CMR,1996,0.083
Cameroon,CMR,1997,0.083
Cameroon,CMR,1998,0.083
Cameroon,CMR,1999,0.083
Cameroon,CMR,2000,0.083
Cameroon,CMR,2001,0.083
Cameroon,CMR,2002,0.083
Cameroon,CMR,2003,0.083
Cameroon,CMR,2004,0.083
Cameroon,CMR,2005,0.083
Cameroon,CMR,2006,0.067
Cameroon,CMR,2007,0.067
Cameroon,CMR,2008,0.067
Cameroon,CMR,2009,0.067
Cameroon,CMR,2010,0.067
Cameroon,CMR,2011,0.07
Cameroon,CMR,2012,0.066
Cameroon,CMR,2013,0.062
Cameroon,CMR,2014,0.062
Cameroon,CMR,2015,0.062
Cameroon,CMR,2016,0.054
Cameroon,CMR,2017,0.068
Cameroon,CMR,2018,0.054
Cameroon,CMR,2019,0.05
Cameroon,CMR,2020,0.054
Cameroon,CMR,2021,0.07
Cameroon,CMR,2022,0.07
Cameroon,CMR,2023,0.053
Cameroon,CMR,2024,0.068
Cameroon,CMR,2025,0.061
Canada,CAN,1900,0.931
Canada,CAN,1901,0.931
Canada,CAN,1902,0.931
Canada,CAN,1903,0.931
Canada,CAN,1904,0.931
Canada,CAN,1905,0.931
Canada,CAN,1906,0.931
Canada,CAN,1907,0.931
Canada,CAN,1908,0.931
Canada,CAN,1909,0.931
Canada,CAN,1910,0.931
Canada,CAN,1911,0.932
Canada,CAN,1912,0.932
Canada,CAN,1913,0.932
Canada,CAN,1914,0.936
Canada,CAN,1915,0.937
Canada,CAN,1916,0.937
Canada,CAN,1917,0.937
Canada,CAN,1918,0.937
Canada,CAN,1919,0.937
Canada,CAN,1920,0.937
Canada,CAN,1921,0.937
Canada,CAN,1922,0.934
Canada,CAN,1923,0.934
Canada,CAN,1924,0.934
Canada,CAN,1925,0.934
Canada,CAN,1926,0.934
Canada,CAN,1927,0.934
Canada,CAN,1928,0.934
Canada,CAN,1929,0.934
Canada,CAN,1930,0.934
Canada,CAN,1931,0.934
Canada,CAN,1932,0.934
Canada,CAN,1933,0.934
Canada,CAN,1934,0.934
Canada,CAN,1935,0.934
Canada,CAN,1936,0.934
Canada,CAN,1937,0.934
Canada,CAN,1938,0.934
Canada,CAN,1939,0.931
Canada,CAN,1940,0.931
Canada,CAN,1941,0.931
Canada,CAN,1942,0.931
Canada,CAN,1943,0.931
Canada,CAN,1944,0.931
Canada,CAN,1945,0.931
Canada,CAN,1946,0.931
Canada,CAN,1947,0.931
Canada,CAN,1948,0.931
Canada,CAN,1949,0.931
Canada,CAN,1950,0.95
Canada,CAN,1951,0.95
Canada,CAN,1952,0.95
Canada,CAN,1953,0.95
Canada,CAN,1954,0.95
Canada,CAN,1955,0.95
Canada,CAN,1956,0.95
Canada,CAN,1957,0.95
Canada,CAN,1958,0.95
Canada,CAN,1959,0.95
Canada,CAN,1960,0.95
Canada,CAN,1961,0.95
Canada,CAN,1962,0.95
Canada,CAN,1963,0.95
Canada,CAN,1964,0.95
Canada,CAN,1965,0.95
Canada,CAN,1966,0.95
Canada,CAN,1967,0.963
Canada,CAN,1968,0.963
Canada,CAN,1969,0.961
Canada,CAN,1970,0.957
Canada,CAN,1971,0.957
Canada,CAN,1972,0.957
Canada,CAN,1973,0.957
Canada,CAN,1974,0.957
Canada,CAN,1975,0.957
Canada,CAN,1976,0.957
Canada,CAN,1977,0.957
Canada,CAN,1978,0.957
Canada,CAN,1979,0.957
Canada,CAN,1980,0.96
Canada,CAN,1981,0.96
Canada,CAN,1982,0.96
Canada,CAN,1983,0.96
Canada,CAN,1984,0.96
Canada,CAN,1985,0.963
Canada,CAN,1986,0.963
Canada,CAN,1987,0.967
Canada,CAN,1988,0.967
Canada,CAN,1989,0.967
Canada,CAN,1990,0.967
Canada,CAN,1991,0.967
Canada,CAN,1992,0.967
Canada,CAN,1993,0.967
Canada,CAN,1994,0.965
Canada,CAN,1995,0.965
Canada,CAN,1996,0.965
Canada,CAN,1997,0.965
Canada,CAN,1998,0.965
Canada,CAN,1999,0.965
Canada,CAN,2000,0.965
Canada,CAN,2001,0.965
Canada,CAN,2002,0.965
Canada,CAN,2003,0.965
Canada,CAN,2004,0.965
Canada,CAN,2005,0.965
Canada,CAN,2006,0.965
Canada,CAN,2007,0.968
Canada,CAN,2008,0.967
Canada,CAN,2009,0.967
Canada,CAN,2010,0.97
Canada,CAN,2011,0.97
Canada,CAN,2012,0.97
Canada,CAN,2013,0.978
Canada,CAN,2014,0.978
Canada,CAN,2015,0.979
Canada,CAN,2016,0.979
Canada,CAN,2017,0.979
Canada,CAN,2018,0.979
Canada,CAN,2019,0.977
Canada,CAN,2020,0.97
Canada,CAN,2021,0.97
Canada,CAN,2022,0.97
Canada,CAN,2023,0.97
Canada,CAN,2024,0.97
Canada,CAN,2025,0.974
Cape Verde,CPV,1900,0.319
Cape Verde,CPV,1901,0.319
Cape Verde,CPV,1902,0.319
Cape Verde,CPV,1903,0.319
Cape Verde,CPV,1904,0.319
Cape Verde,CPV,1905,0.319
Cape Verde,CPV,1906,0.319
Cape Verde,CPV,1907,0.319
Cape Verde,CPV,1908,0.319
Cape Verde,CPV,1909,0.319
Cape Verde,CPV,1910,0.319
Cape Verde,CPV,1911,0.319
Cape Verde,CPV,1912,0.319
Cape Verde,CPV,1913,0.319
Cape Verde,CPV,1914,0.319
Cape Verde,CPV,1915,0.319
Cape Verde,CPV,1916,0.319
Cape Verde,CPV,1917,0.319
Cape Verde,CPV,1918,0.319
Cape Verde,CPV,1919,0.319
Cape Verde,CPV,1920,0.319
Cape Verde,CPV,1921,0.319
Cape Verde,CPV,1922,0.319
Cape Verde,CPV,1923,0.319
Cape Verde,CPV,1924,0.319
Cape Verde,CPV,1925,0.319
Cape Verde,CPV,1926,0.319
Cape Verde,CPV,1927,0.319
Cape Verde,CPV,1928,0.319
Cape Verde,CPV,1929,0.319
Cape Verde,CPV,1930,0.319
Cape Verde,CPV,1931,0.319
Cape Verde,CPV,1932,0.319
Cape Verde,CPV,1933,0.319
Cape Verde,CPV,1934,0.319
Cape Verde,CPV,1935,0.319
Cape Verde,CPV,1936,0.319
Cape Verde,CPV,1937,0.319
Cape Verde,CPV,1938,0.319
Cape Verde,CPV,1939,0.319
Cape Verde,CPV,1940,0.319
Cape Verde,CPV,1941,0.319
Cape Verde,CPV,1942,0.319
Cape Verde,CPV,1943,0.319
Cape Verde,CPV,1944,0.319
Cape Verde,CPV,1945,0.319
Cape Verde,CPV,1946,0.319
Cape Verde,CPV,1947,0.319
Cape Verde,CPV,1948,0.319
Cape Verde,CPV,1949,0.319
Cape Verde,CPV,1950,0.319
Cape Verde,CPV,1951,0.319
Cape Verde,CPV,1952,0.319
Cape Verde,CPV,1953,0.319
Cape Verde,CPV,1954,0.319
Cape Verde,CPV,1955,0.319
Cape Verde,CPV,1956,0.319
Cape Verde,CPV,1957,0.319
Cape Verde,CPV,1958,0.319
Cape Verde,CPV,1959,0.319
Cape Verde,CPV,1960,0.319
Cape Verde,CPV,1961,0.319
Cape Verde,CPV,1962,0.319
Cape Verde,CPV,1963,0.319
Cape Verde,CPV,1964,0.319
Cape Verde,CPV,1965,0.319
Cape Verde,CPV,1966,0.319
Cape Verde,CPV,1967,0.319
Cape Verde,CPV,1968,0.319
Cape Verde,CPV,1969,0.319
Cape Verde,CPV,1970,0.319
Cape Verde,CPV,1971,0.319
Cape Verde,CPV,1972,0.319
Cape Verde,CPV,1973,0.319
Cape Verde,CPV,1974,0.449
Cape Verde,CPV,1975,0.753
Cape Verde,CPV,1976,0.763
Cape Verde,CPV,1977,0.763
Cape Verde,CPV,1978,0.763
Cape Verde,CPV,1979,0.763
Cape Verde,CPV,1980,0.763
Cape Verde,CPV,1981,0.777
Cape Verde,CPV,1982,0.734
Cape Verde,CPV,1983,0.734
Cape Verde,CPV,1984,0.734
Cape Verde,CPV,1985,0.734
Cape Verde,CPV,1986,0.734
Cape Verde,CPV,1987,0.734
Cape Verde,CPV,1988,0.734
Cape Verde,CPV,1989,0.734
Cape Verde,CPV,1990,0.734
Cape Verde,CPV,1991,0.764
Cape Verde,CPV,1992,0.764
Cape Verde,CPV,1993,0.763
Cape Verde,CPV,1994,0.763
Cape Verde,CPV,1995,0.763
Cape Verde,CPV,1996,0.763
Cape Verde,CPV,1997,0.763
Cape Verde,CPV,1998,0.763
Cape Verde,CPV,1999,0.763
Cape Verde,CPV,2000,0.793
Cape Verde,CPV,2001,0.793
Cape Verde,CPV,2002,0.793
Cape Verde,CPV,2003,0.793
Cape Verde,CPV,2004,0.793
Cape Verde,CPV,2005,0.793
Cape Verde,CPV,2006,0.793
Cape Verde,CPV,2007,0.793
Cape Verde,CPV,2008,0.793
Cape Verde,CPV,2009,0.793
Cape Verde,CPV,2010,0.793
Cape Verde,CPV,2011,0.812
Cape Verde,CPV,2012,0.792
Cape Verde,CPV,2013,0.801
Cape Verde,CPV,2014,0.792
Cape Verde,CPV,2015,0.793
Cape Verde,CPV,2016,0.793
Cape Verde,CPV,2017,0.796
Cape Verde,CPV,2018,0.789
Cape Verde,CPV,2019,0.789
Cape Verde,CPV,2020,0.733
Cape Verde,CPV,2021,0.741
Cape Verde,CPV,2022,0.741
Cape Verde,CPV,2023,0.739
Cape Verde,CPV,2024,0.739
Cape Verde,CPV,2025,0.712
Central African Republic,CAF,1920,0.527
Central African Republic,CAF,1921,0.527
Central African Republic,CAF,1922,0.527
Central African Republic,CAF,1923,0.527
Central African Republic,CAF,1924,0.527
Central African Republic,CAF,1925,0.527
Central African Republic,CAF,1926,0.527
Central African Republic,CAF,1927,0.527
Central African Republic,CAF,1928,0.527
Central African Republic,CAF,1929,0.527
Central African Republic,CAF,1930,0.527
Central African Republic,CAF,1931,0.527
Central African Republic,CAF,1932,0.527
Central African Republic,CAF,1933,0.527
Central African Republic,CAF,1934,0.527
Central African Republic,CAF,1935,0.527
Central African Republic,CAF,1936,0.527
Central African Republic,CAF,1937,0.527
Central African Republic,CAF,1938,0.527
Central African Republic,CAF,1939,0.527
Central African Republic,CAF,1940,0.527
Central African Republic,CAF,1941,0.527
Central African Republic,CAF,1942,0.527
Central African Republic,CAF,1943,0.527
Central African Republic,CAF,1944,0.527
Central African Republic,CAF,1945,0.527
Central African Republic,CAF,1946,0.527
Central African Republic,CAF,1947,0.629
Central African Republic,CAF,1948,0.629
Central African Republic,CAF,1949,0.629
Central African Republic,CAF,1950,0.629
Central African Republic,CAF,1951,0.629
Central African Republic,CAF,1952,0.638
Central African Republic,CAF,1953,0.638
Central African Republic,CAF,1954,0.638
Central African Republic,CAF,1955,0.638
Central African Republic,CAF,1956,0.638
Central African Republic,CAF,1957,0.645
Central African Republic,CAF,1958,0.537
Central African Republic,CAF,1959,0.541
Central African Republic,CAF,1960,0.317
Central African Republic,CAF,1961,0.317
Central African Republic,CAF,1962,0.317
Central African Republic,CAF,1963,0.317
Central African Republic,CAF,1964,0.142
Central African Republic,CAF,1965,0.142
Central African Republic,CAF,1966,0.117
Central African Republic,CAF,1967,0.117
Central African Republic,CAF,1968,0.117
Central African Republic,CAF,1969,0.117
Central African Republic,CAF,1970,0.113
Central African Republic,CAF,1971,0.113
Central African Republic,CAF,1972,0.113
Central African Republic,CAF,1973,0.113
Central African Republic,CAF,1974,0.113
Central African Republic,CAF,1975,0.113
Central African Republic,CAF,1976,0.113
Central African Republic,CAF,1977,0.113
Central African Republic,CAF,1978,0.113
Central African Republic,CAF,1979,0.113
Central African Republic,CAF,1980,0.113
Central African Republic,CAF,1981,0.113
Central African Republic,CAF,1982,0.113
Central African Republic,CAF,1983,0.113
Central African Republic,CAF,1984,0.113
Central African Republic,CAF,1985,0.113
Central African Republic,CAF,1986,0.113
Central African Republic,CAF,1987,0.134
Central African Republic,CAF,1988,0.162
Central African Republic,CAF,1989,0.162
Central African Republic,CAF,1990,0.162
Central African Republic,CAF,1991,0.162
Central African Republic,CAF,1992,0.162
Central African Republic,CAF,1993,0.274
Central African Republic,CAF,1994,0.274
Central African Republic,CAF,1995,0.274
Central African Republic,CAF,1996,0.274
Central African Republic,CAF,1997,0.274
Central African Republic,CAF,1998,0.274
Central African Republic,CAF,1999,0.274
Central African Republic,CAF,2000,0.265
Central African Republic,CAF,2001,0.265
Central African Republic,CAF,2002,0.265
Central African Republic,CAF,2003,0.153
Central African Republic,CAF,2004,0.113
Central African Republic,CAF,2005,0.118
Central African Republic,CAF,2006,0.118
Central African Republic,CAF,2007,0.118
Central African Republic,CAF,2008,0.118
Central African Republic,CAF,2009,0.118
Central African Republic,CAF,2010,0.118
Central African Republic,CAF,2011,0.118
Central African Republic,CAF,2012,0.118
Central African Republic,CAF,2013,0.122
Central African Republic,CAF,2014,0.162
Central African Republic,CAF,2015,0.168
Central African Republic,CAF,2016,0.2
Central African Republic,CAF,2017,0.222
Central African Republic,CAF,2018,0.245
Central African Republic,CAF,2019,0.305
Central African Republic,CAF,2020,0.172
Central African Republic,CAF,2021,0.185
Central African Republic,CAF,2022,0.167
Central African Republic,CAF,2023,0.175
Central African Republic,CAF,2024,0.149
Central African Republic,CAF,2025,0.146
Chad,TCD,1920,0.726
Chad,TCD,1921,0.726
Chad,TCD,1922,0.726
Chad,TCD,1923,0.726
Chad,TCD,1924,0.726
Chad,TCD,1925,0.726
Chad,TCD,1926,0.726
Chad,TCD,1927,0.726
Chad,TCD,1928,0.726
Chad,TCD,1929,0.726
Chad,TCD,1930,0.726
Chad,TCD,1931,0.726
Chad,TCD,1932,0.726
Chad,TCD,1933,0.726
Chad,TCD,1934,0.726
Chad,TCD,1935,0.726
Chad,TCD,1936,0.726
Chad,TCD,1937,0.726
Chad,TCD,1938,0.726
Chad,TCD,1939,0.726
Chad,TCD,1940,0.726
Chad,TCD,1941,0.726
Chad,TCD,1942,0.726
Chad,TCD,1943,0.726
Chad,TCD,1944,0.726
Chad,TCD,1945,0.726
Chad,TCD,1946,0.726
Chad,TCD,1947,0.675
Chad,TCD,1948,0.675
Chad,TCD,1949,0.675
Chad,TCD,1950,0.675
Chad,TCD,1951,0.675
Chad,TCD,1952,0.675
Chad,TCD,1953,0.675
Chad,TCD,1954,0.675
Chad,TCD,1955,0.675
Chad,TCD,1956,0.675
Chad,TCD,1957,0.675
Chad,TCD,1958,0.675
Chad,TCD,1959,0.669
Chad,TCD,1960,0.467
Chad,TCD,1961,0.467
Chad,TCD,1962,0.467
Chad,TCD,1963,0.467
Chad,TCD,1964,0.467
Chad,TCD,1965,0.467
Chad,TCD,1966,0.467
Chad,TCD,1967,0.467
Chad,TCD,1968,0.467
Chad,TCD,1969,0.467
Chad,TCD,1970,0.467
Chad,TCD,1971,0.467
Chad,TCD,1972,0.467
Chad,TCD,1973,0.467
Chad,TCD,1974,0.467
Chad,TCD,1975,0.42
Chad,TCD,1976,0.403
Chad,TCD,1977,0.403
Chad,TCD,1978,0.403
Chad,TCD,1979,0.403
Chad,TCD,1980,0.346
Chad,TCD,1981,0.346
Chad,TCD,1982,0.344
Chad,TCD,1983,0.299
Chad,TCD,1984,0.299
Chad,TCD,1985,0.299
Chad,TCD,1986,0.299
Chad,TCD,1987,0.299
Chad,TCD,1988,0.299
Chad,TCD,1989,0.275
Chad,TCD,1990,0.24
Chad,TCD,1991,0.041
Chad,TCD,1992,0.041
Chad,TCD,1993,0.041
Chad,TCD,1994,0.045
Chad,TCD,1995,0.045
Chad,TCD,1996,0.043
Chad,TCD,1997,0.043
Chad,TCD,1998,0.043
Chad,TCD,1999,0.043
Chad,TCD,2000,0.043
Chad,TCD,2001,0.043
Chad,TCD,2002,0.043
Chad,TCD,2003,0.043
Chad,TCD,2004,0.043
Chad,TCD,2005,0.043
Chad,TCD,2006,0.041
Chad,TCD,2007,0.041
Chad,TCD,2008,0.041
Chad,TCD,2009,0.041
Chad,TCD,2010,0.041
Chad,TCD,2011,0.041
Chad,TCD,2012,0.041
Chad,TCD,2013,0.035
Chad,TCD,2014,0.035
Chad,TCD,2015,0.035
Chad,TCD,2016,0.035
Chad,TCD,2017,0.06
Chad,TCD,2018,0.062
Chad,TCD,2019,0.062
Chad,TCD,2020,0.062
Chad,TCD,2021,0.05
Chad,TCD,2022,0.043
Chad,TCD,2023,0.048
Chad,TCD,2024,0.048
Chad,TCD,2025,0.048
Chile,CHL,1900,0.73
Chile,CHL,1901,0.73
Chile,CHL,1902,0.73
Chile,CHL,1903,0.73
Chile,CHL,1904,0.73
Chile,CHL,1905,0.73
Chile,CHL,1906,0.73
Chile,CHL,1907,0.73
Chile,CHL,1908,0.73
Chile,CHL,1909,0.73
Chile,CHL,1910,0.73
Chile,CHL,1911,0.73
Chile,CHL,1912,0.73
Chile,CHL,1913,0.73
Chile,CHL,1914,0.73
Chile,CHL,1915,0.73
Chile,CHL,1916,0.73
Chile,CHL,1917,0.73
Chile,CHL,1918,0.73
Chile,CHL,1919,0.73
Chile,CHL,1920,0.823
Chile,CHL,1921,0.823
Chile,CHL,1922,0.823
Chile,CHL,1923,0.823
Chile,CHL,1924,0.823
Chile,CHL,1925,0.797
Chile,CHL,1926,0.855
Chile,CHL,1927,0.878
Chile,CHL,1928,0.878
Chile,CHL,1929,0.878
Chile,CHL,1930,0.878
Chile,CHL,1931,0.878
Chile,CHL,1932,0.894
Chile,CHL,1933,0.919
Chile,CHL,1934,0.919
Chile,CHL,1935,0.919
Chile,CHL,1936,0.919
Chile,CHL,1937,0.919
Chile,CHL,1938,0.919
Chile,CHL,1939,0.919
Chile,CHL,1940,0.919
Chile,CHL,1941,0.919
Chile,CHL,1942,0.919
Chile,CHL,1943,0.91
Chile,CHL,1944,0.91
Chile,CHL,1945,0.91
Chile,CHL,1946,0.885
Chile,CHL,1947,0.885
Chile,CHL,1948,0.885
Chile,CHL,1949,0.885
Chile,CHL,1950,0.885
Chile,CHL,1951,0.885
Chile,CHL,1952,0.894
Chile,CHL,1953,0.894
Chile,CHL,1954,0.894
Chile,CHL,1955,0.894
Chile,CHL,1956,0.894
Chile,CHL,1957,0.9
Chile,CHL,1958,0.913
Chile,CHL,1959,0.92
Chile,CHL,1960,0.932
Chile,CHL,1961,0.932
Chile,CHL,1962,0.932
Chile,CHL,1963,0.943
Chile,CHL,1964,0.943
Chile,CHL,1965,0.943
Chile,CHL,1966,0.943
Chile,CHL,1967,0.943
Chile,CHL,1968,0.943
Chile,CHL,1969,0.943
Chile,CHL,1970,0.933
Chile,CHL,1971,0.933
Chile,CHL,1972,0.933
Chile,CHL,1973,0.882
Chile,CHL,1974,0.705
Chile,CHL,1975,0.717
Chile,CHL,1976,0.717
Chile,CHL,1977,0.717
Chile,CHL,1978,0.717
Chile,CHL,1979,0.717
Chile,CHL,1980,0.717
Chile,CHL,1981,0.717
Chile,CHL,1982,0.717
Chile,CHL,1983,0.717
Chile,CHL,1984,0.717
Chile,CHL,1985,0.717
Chile,CHL,1986,0.717
Chile,CHL,1987,0.717
Chile,CHL,1988,0.717
Chile,CHL,1989,0.717
Chile,CHL,1990,0.933
Chile,CHL,1991,0.939
Chile,CHL,1992,0.939
Chile,CHL,1993,0.939
Chile,CHL,1994,0.939
Chile,CHL,1995,0.939
Chile,CHL,1996,0.939
Chile,CHL,1997,0.939
Chile,CHL,1998,0.939
Chile,CHL,1999,0.939
Chile,CHL,2000,0.939
Chile,CHL,2001,0.939
Chile,CHL,2002,0.939
Chile,CHL,2003,0.939
Chile,CHL,2004,0.939
Chile,CHL,2005,0.939
Chile,CHL,2006,0.939
Chile,CHL,2007,0.939
Chile,CHL,2008,0.939
Chile,CHL,2009,0.939
Chile,CHL,2010,0.932
Chile,CHL,2011,0.932
Chile,CHL,2012,0.932
Chile,CHL,2013,0.924
Chile,CHL,2014,0.923
Chile,CHL,2015,0.915
Chile,CHL,2016,0.915
Chile,CHL,2017,0.927
Chile,CHL,2018,0.945
Chile,CHL,2019,0.945
Chile,CHL,2020,0.945
Chile,CHL,2021,0.932
Chile,CHL,2022,0.936
Chile,CHL,2023,0.932
Chile,CHL,2024,0.925
Chile,CHL,2025,0.925
China,CHN,1900,0.063
China,CHN,1901,0.063
China,CHN,1902,0.063
China,CHN,1903,0.063
China,CHN,1904,0.063
China,CHN,1905,0.063
China,CHN,1906,0.063
China,CHN,1907,0.063
China,CHN,1908,0.063
China,CHN,1909,0.063
China,CHN,1910,0.063
China,CHN,1911,0.074
China,CHN,1912,0.115
China,CHN,1913,0.282
China,CHN,1914,0.12
China,CHN,1915,0.12
China,CHN,1916,0.12
China,CHN,1917,0.124
China,CHN,1918,0.125
China,CHN,1919,0.272
China,CHN,1920,0.133
China,CHN,1921,0.133
China,CHN,1922,0.133
China,CHN,1923,0.269
China,CHN,1924,0.133
China,CHN,1925,0.133
China,CHN,1926,0.133
China,CHN,1927,0.209
China,CHN,1928,0.248
China,CHN,1929,0.248
China,CHN,1930,0.248
China,CHN,1931,0.248
China,CHN,1932,0.248
China,CHN,1933,0.248
China,CHN,1934,0.248
China,CHN,1935,0.248
China,CHN,1936,0.248
China,CHN,1937,0.248
China,CHN,1938,0.248
China,CHN,1939,0.248
China,CHN,1940,0.248
China,CHN,1941,0.248
China,CHN,1942,0.248
China,CHN,1943,0.187
China,CHN,1944,0.187
China,CHN,1945,0.187
China,CHN,1946,0.187
China,CHN,1947,0.187
China,CHN,1948,0.304
China,CHN,1949,0.439
China,CHN,1950,0.696
China,CHN,1951,0.696
China,CHN,1952,0.696
China,CHN,1953,0.696
China,CHN,1954,0.769
China,CHN,1955,0.769
China,CHN,1956,0.769
China,CHN,1957,0.766
China,CHN,1958,0.755
China,CHN,1959,0.755
China,CHN,1960,0.75
China,CHN,1961,0.75
China,CHN,1962,0.75
China,CHN,1963,0.75
China,CHN,1964,0.75
China,CHN,1965,0.75
China,CHN,1966,0.743
China,CHN,1967,0.743
China,CHN,1968,0.73
China,CHN,1969,0.73
China,CHN,1970,0.73
China,CHN,1971,0.73
China,CHN,1972,0.73
China,CHN,1973,0.73
China,CHN,1974,0.73
China,CHN,1975,0.73
China,CHN,1976,0.73
China,CHN,1977,0.719
China,CHN,1978,0.702
China,CHN,1979,0.678
China,CHN,1980,0.587
China,CHN,1981,0.575
China,CHN,1982,0.575
China,CHN,1983,0.544
China,CHN,1984,0.544
China,CHN,1985,0.529
China,CHN,1986,0.525
China,CHN,1987,0.525
China,CHN,1988,0.525
China,CHN,1989,0.525
China,CHN,1990,0.488
China,CHN,1991,0.488
China,CHN,1992,0.475
China,CHN,1993,0.443
China,CHN,1994,0.426
China,CHN,1995,0.426
China,CHN,1996,0.426
China,CHN,1997,0.426
China,CHN,1998,0.426
China,CHN,1999,0.411
China,CHN,2000,0.403
China,CHN,2001,0.403
China,CHN,2002,0.403
China,CHN,2003,0.403
China,CHN,2004,0.403
China,CHN,2005,0.448
China,CHN,2006,0.448
China,CHN,2007,0.448
China,CHN,2008,0.452
China,CHN,2009,0.453
China,CHN,2010,0.451
China,CHN,2011,0.451
China,CHN,2012,0.463
China,CHN,2013,0.509
China,CHN,2014,0.517
China,CHN,2015,0.52
China,CHN,2016,0.52
China,CHN,2017,0.519
China,CHN,2018,0.525
China,CHN,2019,0.537
China,CHN,2020,0.545
China,CHN,2021,0.533
China,CHN,2022,0.537
China,CHN,2023,0.475
China,CHN,2024,0.45
China,CHN,2025,0.446
Colombia,COL,1900,0.568
Colombia,COL,1901,0.568
Colombia,COL,1902,0.568
Colombia,COL,1903,0.454
Colombia,COL,1904,0.568
Colombia,COL,1905,0.568
Colombia,COL,1906,0.456
Colombia,COL,1907,0.456
Colombia,COL,1908,0.456
Colombia,COL,1909,0.456
Colombia,COL,1910,0.456
Colombia,COL,1911,0.456
Colombia,COL,1912,0.456
Colombia,COL,1913,0.456
Colombia,COL,1914,0.456
Colombia,COL,1915,0.456
Colombia,COL,1916,0.456
Colombia,COL,1917,0.456
Colombia,COL,1918,0.456
Colombia,COL,1919,0.456
Colombia,COL,1920,0.456
Colombia,COL,1921,0.456
Colombia,COL,1922,0.456
Colombia,COL,1923,0.456
Colombia,COL,1924,0.456
Colombia,COL,1925,0.456
Colombia,COL,1926,0.456
Colombia,COL,1927,0.456
Colombia,COL,1928,0.456
Colombia,COL,1929,0.456
Colombia,COL,1930,0.456
Colombia,COL,1931,0.499
Colombia,COL,1932,0.499
Colombia,COL,1933,0.499
Colombia,COL,1934,0.499
Colombia,COL,1935,0.499
Colombia,COL,1936,0.499
Colombia,COL,1937,0.499
Colombia,COL,1938,0.499
Colombia,COL,1939,0.499
Colombia,COL,1940,0.499
Colombia,COL,1941,0.499
Colombia,COL,1942,0.499
Colombia,COL,1943,0.499
Colombia,COL,1944,0.499
Colombia,COL,1945,0.499
Colombia,COL,1946,0.499
Colombia,COL,1947,0.499
Colombia,COL,1948,0.499
Colombia,COL,1949,0.499
Colombia,COL,1950,0.624
Colombia,COL,1951,0.504
Colombia,COL,1952,0.504
Colombia,COL,1953,0.504
Colombia,COL,1954,0.502
Colombia,COL,1955,0.502
Colombia,COL,1956,0.502
Colombia,COL,1957,0.509
Colombia,COL,1958,0.515
Colombia,COL,1959,0.515
Colombia,COL,1960,0.515
Colombia,COL,1961,0.515
Colombia,COL,1962,0.515
Colombia,COL,1963,0.515
Colombia,COL,1964,0.515
Colombia,COL,1965,0.515
Colombia,COL,1966,0.515
Colombia,COL,1967,0.515
Colombia,COL,1968,0.515
Colombia,COL,1969,0.515
Colombia,COL,1970,0.515
Colombia,COL,1971,0.515
Colombia,COL,1972,0.515
Colombia,COL,1973,0.515
Colombia,COL,1974,0.515
Colombia,COL,1975,0.515
Colombia,COL,1976,0.515
Colombia,COL,1977,0.515
Colombia,COL,1978,0.52
Colombia,COL,1979,0.52
Colombia,COL,1980,0.52
Colombia,COL,1981,0.52
Colombia,COL,1982,0.52
Colombia,COL,1983,0.52
Colombia,COL,1984,0.52
Colombia,COL,1985,0.52
Colombia,COL,1986,0.52
Colombia,COL,1987,0.52
Colombia,COL,1988,0.522
Colombia,COL,1989,0.522
Colombia,COL,1990,0.522
Colombia,COL,1991,0.522
Colombia,COL,1992,0.566
Colombia,COL,1993,0.566
Colombia,COL,1994,0.566
Colombia,COL,1995,0.566
Colombia,COL,1996,0.566
Colombia,COL,1997,0.566
Colombia,COL,1998,0.566
Colombia,COL,1999,0.566
Colombia,COL,2000,0.592
Colombia,COL,2001,0.592
Colombia,COL,2002,0.592
Colombia,COL,2003,0.592
Colombia,COL,2004,0.592
Colombia,COL,2005,0.592
Colombia,COL,2006,0.592
Colombia,COL,2007,0.592
Colombia,COL,2008,0.592
Colombia,COL,2009,0.583
Colombia,COL,2010,0.601
Colombia,COL,2011,0.607
Colombia,COL,2012,0.616
Colombia,COL,2013,0.615
Colombia,COL,2014,0.615
Colombia,COL,2015,0.611
Colombia,COL,2016,0.612
Colombia,COL,2017,0.601
Colombia,COL,2018,0.619
Colombia,COL,2019,0.618
Colombia,COL,2020,0.603
Colombia,COL,2021,0.608
Colombia,COL,2022,0.617
Colombia,COL,2023,0.613
Colombia,COL,2024,0.604
Colombia,COL,2025,0.612
Comoros,COM,1900,0.887
Comoros,COM,1901,0.887
Comoros,COM,1902,0.887
Comoros,COM,1903,0.887
Comoros,COM,1904,0.887
Comoros,COM,1905,0.887
Comoros,COM,1906,0.887
Comoros,COM,1907,0.887
Comoros,COM,1908,0.887
Comoros,COM,1909,0.887
Comoros,COM,1910,0.887
Comoros,COM,1911,0.887
Comoros,COM,1912,0.887
Comoros,COM,1913,0.887
Comoros,COM,1946,0.825
Comoros,COM,1947,0.825
Comoros,COM,1948,0.816
Comoros,COM,1949,0.816
Comoros,COM,1950,0.816
Comoros,COM,1951,0.816
Comoros,COM,1952,0.816
Comoros,COM,1953,0.816
Comoros,COM,1954,0.816
Comoros,COM,1955,0.816
Comoros,COM,1956,0.816
Comoros,COM,1957,0.816
Comoros,COM,1958,0.807
Comoros,COM,1959,0.807
Comoros,COM,1960,0.796
Comoros,COM,1961,0.796
Comoros,COM,1962,0.788
Comoros,COM,1963,0.788
Comoros,COM,1964,0.788
Comoros,COM,1965,0.788
Comoros,COM,1966,0.788
Comoros,COM,1967,0.788
Comoros,COM,1968,0.747
Comoros,COM,1969,0.747
Comoros,COM,1970,0.747
Comoros,COM,1971,0.747
Comoros,COM,1972,0.671
Comoros,COM,1973,0.679
Comoros,COM,1974,0.693
Comoros,COM,1975,0.621
Comoros,COM,1976,0.551
Comoros,COM,1977,0.559
Comoros,COM,1978,0.559
Comoros,COM,1979,0.341
Comoros,COM,1980,0.27
Comoros,COM,1981,0.27
Comoros,COM,1982,0.27
Comoros,COM,1983,0.27
Comoros,COM,1984,0.27
Comoros,COM,1985,0.27
Comoros,COM,1986,0.27
Comoros,COM,1987,0.27
Comoros,COM,1988,0.27
Comoros,COM,1989,0.27
Comoros,COM,1990,0.209
Comoros,COM,1991,0.209
Comoros,COM,1992,0.209
Comoros,COM,1993,0.209
Comoros,COM,1994,0.209
Comoros,COM,1995,0.209
Comoros,COM,1996,0.218
Comoros,COM,1997,0.208
Comoros,COM,1998,0.208
Comoros,COM,1999,0.208
Comoros,COM,2000,0.256
Comoros,COM,2001,0.271
Comoros,COM,2002,0.271
Comoros,COM,2003,0.271
Comoros,COM,2004,0.271
Comoros,COM,2005,0.29
Comoros,COM,2006,0.271
Comoros,COM,2007,0.271
Comoros,COM,2008,0.271
Comoros,COM,2009,0.271
Comoros,COM,2010,0.27
Comoros,COM,2011,0.27
Comoros,COM,2012,0.27
Comoros,COM,2013,0.307
Comoros,COM,2014,0.307
Comoros,COM,2015,0.273
Comoros,COM,2016,0.273
Comoros,COM,2017,0.242
Comoros,COM,2018,0.23
Comoros,COM,2019,0.199
Comoros,COM,2020,0.186
Comoros,COM,2021,0.197
Comoros,COM,2022,0.228
Comoros,COM,2023,0.191
Comoros,COM,2024,0.191
Comoros,COM,2025,0.226
Republic of the Congo,COG,1903,0.54
Republic of the Congo,COG,1904,0.54
Republic of the Congo,COG,1905,0.54
Republic of the Congo,COG,1906,0.54
Republic of the Congo,COG,1907,0.54
Republic of the Congo,COG,1908,0.54
Republic of the Congo,COG,1909,0.54
Republic of the Congo,COG,1910,0.54
Republic of the Congo,COG,1911,0.54
Republic of the Congo,COG,1912,0.54
Republic of the Congo,COG,1913,0.54
Republic of the Congo,COG,1914,0.54
Republic of the Congo,COG,1915,0.54
Republic of the Congo,COG,1916,0.54
Republic of the Congo,COG,1917,0.54
Republic of the Congo,COG,1918,0.54
Republic of the Congo,COG,1919,0.54
Republic of the Congo,COG,1920,0.54
Republic of the Congo,COG,1921,0.54
Republic of the Congo,COG,1922,0.54
Republic of the Congo,COG,1923,0.54
Republic of the Congo,COG,1924,0.54
Republic of the Congo,COG,1925,0.54
Republic of the Congo,COG,1926,0.54
Republic of the Congo,COG,1927,0.54
Republic of the Congo,COG,1928,0.54
Republic of the Congo,COG,1929,0.54
Republic of the Congo,COG,1930,0.54
Republic of the Congo,COG,1931,0.54
Republic of the Congo,COG,1932,0.54
Republic of the Congo,COG,1933,0.54
Republic of the Congo,COG,1934,0.54
Republic of the Congo,COG,1935,0.54
Republic of the Congo,COG,1936,0.54
Republic of the Congo,COG,1937,0.54
Republic of the Congo,COG,1938,0.54
Republic of the Congo,COG,1939,0.54
Republic of the Congo,COG,1940,0.54
Republic of the Congo,COG,1941,0.545
Republic of the Congo,COG,1942,0.541
Republic of the Congo,COG,1943,0.541
Republic of the Congo,COG,1944,0.541
Republic of the Congo,COG,1945,0.518
Republic of the Congo,COG,1946,0.495
Republic of the Congo,COG,1947,0.49
Republic of the Congo,COG,1948,0.49
Republic of the Congo,COG,1949,0.49
Republic of the Congo,COG,1950,0.49
Republic of the Congo,COG,1951,0.49
Republic of the Congo,COG,1952,0.49
Republic of the Congo,COG,1953,0.49
Republic of the Congo,COG,1954,0.49
Republic of the Congo,COG,1955,0.49
Republic of the Congo,COG,1956,0.483
Republic of the Congo,COG,1957,0.483
Republic of the Congo,COG,1958,0.392
Republic of the Congo,COG,1959,0.392
Republic of the Congo,COG,1960,0.326
Republic of the Congo,COG,1961,0.33
Republic of the Congo,COG,1962,0.33
Republic of the Congo,COG,1963,0.284
Republic of the Congo,COG,1964,0.309
Republic of the Congo,COG,1965,0.309
Republic of the Congo,COG,1966,0.309
Republic of the Congo,COG,1967,0.309
Republic of the Congo,COG,1968,0.155
Republic of the Congo,COG,1969,0.126
Republic of the Congo,COG,1970,0.126
Republic of the Congo,COG,1971,0.126
Republic of the Congo,COG,1972,0.126
Republic of the Congo,COG,1973,0.113
Republic of the Congo,COG,1974,0.107
Republic of the Congo,COG,1975,0.107
Republic of the Congo,COG,1976,0.107
Republic of the Congo,COG,1977,0.12
Republic of the Congo,COG,1978,0.116
Republic of the Congo,COG,1979,0.101
Republic of the Congo,COG,1980,0.092
Republic of the Congo,COG,1981,0.092
Republic of the Congo,COG,1982,0.097
Republic of the Congo,COG,1983,0.097
Republic of the Congo,COG,1984,0.097
Republic of the Congo,COG,1985,0.097
Republic of the Congo,COG,1986,0.097
Republic of the Congo,COG,1987,0.097
Republic of the Congo,COG,1988,0.097
Republic of the Congo,COG,1989,0.097
Republic of the Congo,COG,1990,0.088
Republic of the Congo,COG,1991,0.314
Republic of the Congo,COG,1992,0.336
Republic of the Congo,COG,1993,0.371
Republic of the Congo,COG,1994,0.371
Republic of the Congo,COG,1995,0.371
Republic of the Congo,COG,1996,0.371
Republic of the Congo,COG,1997,0.195
Republic of the Congo,COG,1998,0.195
Republic of the Congo,COG,1999,0.165
Republic of the Congo,COG,2000,0.165
Republic of the Congo,COG,2001,0.165
Republic of the Congo,COG,2002,0.165
Republic of the Congo,COG,2003,0.165
Republic of the Congo,COG,2004,0.165
Republic of the Congo,COG,2005,0.165
Republic of the Congo,COG,2006,0.165
Republic of the Congo,COG,2007,0.165
Republic of the Congo,COG,2008,0.165
Republic of the Congo,COG,2009,0.165
Republic of the Congo,COG,2010,0.165
Republic of the Congo,COG,2011,0.165
Republic of the Congo,COG,2012,0.165
Republic of the Congo,COG,2013,0.165
Republic of the Congo,COG,2014,0.165
Republic of the Congo,COG,2015,0.165
Republic of the Congo,COG,2016,0.165
Republic of the Congo,COG,2017,0.168
Republic of the Congo,COG,2018,0.168
Republic of the Congo,COG,2019,0.168
Republic of the Congo,COG,2020,0.197
Republic of the Congo,COG,2021,0.177
Republic of the Congo,COG,2022,0.174
Republic of the Congo,COG,2023,0.174
Republic of the Congo,COG,2024,0.161
Republic of the Congo,COG,2025,0.159
Costa Rica,CRI,1900,0.556
Costa Rica,CRI,1901,0.556
Costa Rica,CRI,1902,0.567
Costa Rica,CRI,1903,0.567
Costa Rica,CRI,1904,0.567
Costa Rica,CRI,1905,0.567
Costa Rica,CRI,1906,0.567
Costa Rica,CRI,1907,0.567
Costa Rica,CRI,1908,0.567
Costa Rica,CRI,1909,0.567
Costa Rica,CRI,1910,0.567
Costa Rica,CRI,1911,0.567
Costa Rica,CRI,1912,0.567
Costa Rica,CRI,1913,0.567
Costa Rica,CRI,1914,0.567
Costa Rica,CRI,1915,0.567
Costa Rica,CRI,1916,0.567
Costa Rica,CRI,1917,0.539
Costa Rica,CRI,1918,0.669
Costa Rica,CRI,1919,0.668
Costa Rica,CRI,1920,0.582
Costa Rica,CRI,1921,0.582
Costa Rica,CRI,1922,0.582
Costa Rica,CRI,1923,0.582
Costa Rica,CRI,1924,0.582
Costa Rica,CRI,1925,0.582
Costa Rica,CRI,1926,0.582
Costa Rica,CRI,1927,0.582
Costa Rica,CRI,1928,0.582
Costa Rica,CRI,1929,0.582
Costa Rica,CRI,1930,0.582
Costa Rica,CRI,1931,0.582
Costa Rica,CRI,1932,0.582
Costa Rica,CRI,1933,0.582
Costa Rica,CRI,1934,0.582
Costa Rica,CRI,1935,0.582
Costa Rica,CRI,1936,0.582
Costa Rica,CRI,1937,0.582
Costa Rica,CRI,1938,0.582
Costa Rica,CRI,1939,0.582
Costa Rica,CRI,1940,0.591
Costa Rica,CRI,1941,0.591
Costa Rica,CRI,1942,0.591
Costa Rica,CRI,1943,0.591
Costa Rica,CRI,1944,0.591
Costa Rica,CRI,1945,0.591
Costa Rica,CRI,1946,0.591
Costa Rica,CRI,1947,0.591
Costa Rica,CRI,1948,0.582
Costa Rica,CRI,1949,0.63
Costa Rica,CRI,1950,0.741
Costa Rica,CRI,1951,0.741
Costa Rica,CRI,1952,0.741
Costa Rica,CRI,1953,0.741
Costa Rica,CRI,1954,0.741
Costa Rica,CRI,1955,0.741
Costa Rica,CRI,1956,0.741
Costa Rica,CRI,1957,0.741
Costa Rica,CRI,1958,0.741
Costa Rica,CRI,1959,0.7
Costa Rica,CRI,1960,0.7
Costa Rica,CRI,1961,0.7
Costa Rica,CRI,1962,0.7
Costa Rica,CRI,1963,0.7
Costa Rica,CRI,1964,0.7
Costa Rica,CRI,1965,0.7
Costa Rica,CRI,1966,0.7
Costa Rica,CRI,1967,0.718
Costa Rica,CRI,1968,0.718
Costa Rica,CRI,1969,0.718
Costa Rica,CRI,1970,0.718
Costa Rica,CRI,1971,0.718
Costa Rica,CRI,1972,0.718
Costa Rica,CRI,1973,0.718
Costa Rica,CRI,1974,0.718
Costa Rica,CRI,1975,0.716
Costa Rica,CRI,1976,0.716
Costa Rica,CRI,1977,0.716
Costa Rica,CRI,1978,0.716
Costa Rica,CRI,1979,0.716
Costa Rica,CRI,1980,0.715
Costa Rica,CRI,1981,0.715
Costa Rica,CRI,1982,0.715
Costa Rica,CRI,1983,0.715
Costa Rica,CRI,1984,0.715
Costa Rica,CRI,1985,0.715
Costa Rica,CRI,1986,0.715
Costa Rica,CRI,1987,0.715
Costa Rica,CRI,1988,0.715
Costa Rica,CRI,1989,0.715
Costa Rica,CRI,1990,0.736
Costa Rica,CRI,1991,0.736
Costa Rica,CRI,1992,0.736
Costa Rica,CRI,1993,0.736
Costa Rica,CRI,1994,0.736
Costa Rica,CRI,1995,0.8
Costa Rica,CRI,1996,0.8
Costa Rica,CRI,1997,0.8
Costa Rica,CRI,1998,0.8
Costa Rica,CRI,1999,0.824
Costa Rica,CRI,2000,0.824
Costa Rica,CRI,2001,0.824
Costa Rica,CRI,2002,0.824
Costa Rica,CRI,2003,0.826
Costa Rica,CRI,2004,0.826
Costa Rica,CRI,2005,0.826
Costa Rica,CRI,2006,0.812
Costa Rica,CRI,2007,0.812
Costa Rica,CRI,2008,0.812
Costa Rica,CRI,2009,0.812
Costa Rica,CRI,2010,0.812
Costa Rica,CRI,2011,0.815
Costa Rica,CRI,2012,0.812
Costa Rica,CRI,2013,0.812
Costa Rica,CRI,2014,0.821
Costa Rica,CRI,2015,0.816
Costa Rica,CRI,2016,0.812
Costa Rica,CRI,2017,0.796
Costa Rica,CRI,2018,0.802
Costa Rica,CRI,2019,0.807
Costa Rica,CRI,2020,0.807
Costa Rica,CRI,2021,0.807
Costa Rica,CRI,2022,0.807
Costa Rica,CRI,2023,0.807
Costa Rica,CRI,2024,0.794
Costa Rica,CRI,2025,0.794
Ivory Coast,CIV,1900,0.612
Ivory Coast,CIV,1901,0.612
Ivory Coast,CIV,1902,0.612
Ivory Coast,CIV,1903,0.612
Ivory Coast,CIV,1904,0.612
Ivory Coast,CIV,1905,0.612
Ivory Coast,CIV,1906,0.612
Ivory Coast,CIV,1907,0.612
Ivory Coast,CIV,1908,0.612
Ivory Coast,CIV,1909,0.612
Ivory Coast,CIV,1910,0.612
Ivory Coast,CIV,1911,0.612
Ivory Coast,CIV,1912,0.612
Ivory Coast,CIV,1913,0.612
Ivory Coast,CIV,1914,0.612
Ivory Coast,CIV,1915,0.612
Ivory Coast,CIV,1916,0.612
Ivory Coast,CIV,1917,0.612
Ivory Coast,CIV,1918,0.612
Ivory Coast,CIV,1919,0.612
Ivory Coast,CIV,1920,0.612
Ivory Coast,CIV,1921,0.612
Ivory Coast,CIV,1922,0.612
Ivory Coast,CIV,1923,0.612
Ivory Coast,CIV,1924,0.612
Ivory Coast,CIV,1925,0.612
Ivory Coast,CIV,1926,0.612
Ivory Coast,CIV,1927,0.612
Ivory Coast,CIV,1928,0.612
Ivory Coast,CIV,1929,0.612
Ivory Coast,CIV,1930,0.612
Ivory Coast,CIV,1931,0.612
Ivory Coast,CIV,1932,0.612
Ivory Coast,CIV,1933,0.612
Ivory Coast,CIV,1934,0.612
Ivory Coast,CIV,1935,0.612
Ivory Coast,CIV,1936,0.612
Ivory Coast,CIV,1937,0.612
Ivory Coast,CIV,1938,0.612
Ivory Coast,CIV,1939,0.612
Ivory Coast,CIV,1940,0.612
Ivory Coast,CIV,1941,0.612
Ivory Coast,CIV,1942,0.612
Ivory Coast,CIV,1943,0.612
Ivory Coast,CIV,1944,0.612
Ivory Coast,CIV,1945,0.612
Ivory Coast,CIV,1946,0.613
Ivory Coast,CIV,1947,0.71
Ivory Coast,CIV,1948,0.71
Ivory Coast,CIV,1949,0.71
Ivory Coast,CIV,1950,0.71
Ivory Coast,CIV,1951,0.71
Ivory Coast,CIV,1952,0.71
Ivory Coast,CIV,1953,0.71
Ivory Coast,CIV,1954,0.71
Ivory Coast,CIV,1955,0.71
Ivory Coast,CIV,1956,0.71
Ivory Coast,CIV,1957,0.71
Ivory Coast,CIV,1958,0.71
Ivory Coast,CIV,1959,0.71
Ivory Coast,CIV,1960,0.279
Ivory Coast,CIV,1961,0.279
Ivory Coast,CIV,1962,0.279
Ivory Coast,CIV,1963,0.279
Ivory Coast,CIV,1964,0.279
Ivory Coast,CIV,1965,0.279
Ivory Coast,CIV,1966,0.279
Ivory Coast,CIV,1967,0.279
Ivory Coast,CIV,1968,0.279
Ivory Coast,CIV,1969,0.279
Ivory Coast,CIV,1970,0.292
Ivory Coast,CIV,1971,0.292
Ivory Coast,CIV,1972,0.292
Ivory Coast,CIV,1973,0.292
Ivory Coast,CIV,1974,0.292
Ivory Coast,CIV,1975,0.292
Ivory Coast,CIV,1976,0.292
Ivory Coast,CIV,1977,0.292
Ivory Coast,CIV,1978,0.292
Ivory Coast,CIV,1979,0.292
Ivory Coast,CIV,1980,0.292
Ivory Coast,CIV,1981,0.292
Ivory Coast,CIV,1982,0.292
Ivory Coast,CIV,1983,0.292
Ivory Coast,CIV,1984,0.292
Ivory Coast,CIV,1985,0.292
Ivory Coast,CIV,1986,0.292
Ivory Coast,CIV,1987,0.292
Ivory Coast,CIV,1988,0.292
Ivory Coast,CIV,1989,0.292
Ivory Coast,CIV,1990,0.384
Ivory Coast,CIV,1991,0.411
Ivory Coast,CIV,1992,0.411
Ivory Coast,CIV,1993,0.411
Ivory Coast,CIV,1994,0.378
Ivory Coast,CIV,1995,0.378
Ivory Coast,CIV,1996,0.378
Ivory Coast,CIV,1997,0.378
Ivory Coast,CIV,1998,0.378
Ivory Coast,CIV,1999,0.373
Ivory Coast,CIV,2000,0.35
Ivory Coast,CIV,2001,0.38
Ivory Coast,CIV,2002,0.342
Ivory Coast,CIV,2003,0.362
Ivory Coast,CIV,2004,0.362
Ivory Coast,CIV,2005,0.362
Ivory Coast,CIV,2006,0.362
Ivory Coast,CIV,2007,0.362
Ivory Coast,CIV,2008,0.362
Ivory Coast,CIV,2009,0.364
Ivory Coast,CIV,2010,0.371
Ivory Coast,CIV,2011,0.417
Ivory Coast,CIV,2012,0.435
Ivory Coast,CIV,2013,0.495
Ivory Coast,CIV,2014,0.495
Ivory Coast,CIV,2015,0.493
Ivory Coast,CIV,2016,0.493
Ivory Coast,CIV,2017,0.482
Ivory Coast,CIV,2018,0.482
Ivory Coast,CIV,2019,0.446
Ivory Coast,CIV,2020,0.405
Ivory Coast,CIV,2021,0.402
Ivory Coast,CIV,2022,0.412
Ivory Coast,CIV,2023,0.412
Ivory Coast,CIV,2024,0.401
Ivory Coast,CIV,2025,0.402
Croatia,HRV,1941,0.099
Croatia,HRV,1942,0.099
Croatia,HRV,1943,0.099
Croatia,HRV,1944,0.099
Croatia,HRV,1991,0.412
Croatia,HRV,1992,0.412
Croatia,HRV,1993,0.412
Croatia,HRV,1994,0.412
Croatia,HRV,1995,0.412
Croatia,HRV,1996,0.42
Croatia,HRV,1997,0.42
Croatia,HRV,1998,0.427
Croatia,HRV,1999,0.427
Croatia,HRV,2000,0.698
Croatia,HRV,2001,0.698
Croatia,HRV,2002,0.713
Croatia,HRV,2003,0.691
Croatia,HRV,2004,0.543
Croatia,HRV,2005,0.543
Croatia,HRV,2006,0.543
Croatia,HRV,2007,0.544
Croatia,HRV,2008,0.558
Croatia,HRV,2009,0.632
Croatia,HRV,2010,0.709
Croatia,HRV,2011,0.727
Croatia,HRV,2012,0.727
Croatia,HRV,2013,0.698
Croatia,HRV,2014,0.698
Croatia,HRV,2015,0.698
Croatia,HRV,2016,0.675
Croatia,HRV,2017,0.658
Croatia,HRV,2018,0.643
Croatia,HRV,2019,0.707
Croatia,HRV,2020,0.707
Croatia,HRV,2021,0.715
Croatia,HRV,2022,0.753
Croatia,HRV,2023,0.748
Croatia,HRV,2024,0.746
Croatia,HRV,2025,0.746
Cuba,CUB,1900,0.403
Cuba,CUB,1901,0.359
Cuba,CUB,1902,0.392
Cuba,CUB,1903,0.392
Cuba,CUB,1904,0.392
Cuba,CUB,1905,0.392
Cuba,CUB,1906,0.392
Cuba,CUB,1907,0.359
Cuba,CUB,1908,0.359
Cuba,CUB,1909,0.359
Cuba,CUB,1910,0.359
Cuba,CUB,1911,0.359
Cuba,CUB,1912,0.359
Cuba,CUB,1913,0.368
Cuba,CUB,1914,0.377
Cuba,CUB,1915,0.377
Cuba,CUB,1916,0.377
Cuba,CUB,1917,0.377
Cuba,CUB,1918,0.377
Cuba,CUB,1919,0.377
Cuba,CUB,1920,0.377
Cuba,CUB,1921,0.377
Cuba,CUB,1922,0.367
Cuba,CUB,1923,0.367
Cuba,CUB,1924,0.367
Cuba,CUB,1925,0.367
Cuba,CUB,1926,0.367
Cuba,CUB,1927,0.367
Cuba,CUB,1928,0.367
Cuba,CUB,1929,0.36
Cuba,CUB,1930,0.339
Cuba,CUB,1931,0.339
Cuba,CUB,1932,0.339
Cuba,CUB,1933,0.348
Cuba,CUB,1934,0.354
Cuba,CUB,1935,0.354
Cuba,CUB,1936,0.354
Cuba,CUB,1937,0.354
Cuba,CUB,1938,0.354
Cuba,CUB,1939,0.354
Cuba,CUB,1940,0.435
Cuba,CUB,1941,0.435
Cuba,CUB,1942,0.435
Cuba,CUB,1943,0.435
Cuba,CUB,1944,0.435
Cuba,CUB,1945,0.418
Cuba,CUB,1946,0.407
Cuba,CUB,1947,0.407
Cuba,CUB,1948,0.386
Cuba,CUB,1949,0.386
Cuba,CUB,1950,0.386
Cuba,CUB,1951,0.38
Cuba,CUB,1952,0.318
Cuba,CUB,1953,0.203
Cuba,CUB,1954,0.213
Cuba,CUB,1955,0.213
Cuba,CUB,1956,0.213
Cuba,CUB,1957,0.213
Cuba,CUB,1958,0.213
Cuba,CUB,1959,0.434
Cuba,CUB,1960,0.508
Cuba,CUB,1961,0.508
Cuba,CUB,1962,0.508
Cuba,CUB,1963,0.508
Cuba,CUB,1964,0.508
Cuba,CUB,1965,0.508
Cuba,CUB,1966,0.508
Cuba,CUB,1967,0.508
Cuba,CUB,1968,0.508
Cuba,CUB,1969,0.508
Cuba,CUB,1970,0.508
Cuba,CUB,1971,0.508
Cuba,CUB,1972,0.508
Cuba,CUB,1973,0.508
Cuba,CUB,1974,0.508
Cuba,CUB,1975,0.508
Cuba,CUB,1976,0.508
Cuba,CUB,1977,0.438
Cuba,CUB,1978,0.438
Cuba,CUB,1979,0.438
Cuba,CUB,1980,0.438
Cuba,CUB,1981,0.438
Cuba,CUB,1982,0.438
Cuba,CUB,1983,0.438
Cuba,CUB,1984,0.438
Cuba,CUB,1985,0.438
Cuba,CUB,1986,0.438
Cuba,CUB,1987,0.438
Cuba,CUB,1988,0.438
Cuba,CUB,1989,0.438
Cuba,CUB,1990,0.438
Cuba,CUB,1991,0.438
Cuba,CUB,1992,0.381
Cuba,CUB,1993,0.381
Cuba,CUB,1994,0.381
Cuba,CUB,1995,0.381
Cuba,CUB,1996,0.381
Cuba,CUB,1997,0.381
Cuba,CUB,1998,0.381
Cuba,CUB,1999,0.381
Cuba,CUB,2000,0.381
Cuba,CUB,2001,0.381
Cuba,CUB,2002,0.381
Cuba,CUB,2003,0.381
Cuba,CUB,2004,0.381
Cuba,CUB,2005,0.381
Cuba,CUB,2006,0.381
Cuba,CUB,2007,0.381
Cuba,CUB,2008,0.381
Cuba,CUB,2009,0.381
Cuba,CUB,2010,0.381
Cuba,CUB,2011,0.381
Cuba,CUB,2012,0.381
Cuba,CUB,2013,0.395
Cuba,CUB,2014,0.395
Cuba,CUB,2015,0.388
Cuba,CUB,2016,0.417
Cuba,CUB,2017,0.369
Cuba,CUB,2018,0.384
Cuba,CUB,2019,0.384
Cuba,CUB,2020,0.384
Cuba,CUB,2021,0.384
Cuba,CUB,2022,0.38
Cuba,CUB,2023,0.369
Cuba,CUB,2024,0.369
Cuba,CUB,2025,0.359
Cyprus,CYP,1900,0.593
Cyprus,CYP,1901,0.593
Cyprus,CYP,1902,0.593
Cyprus,CYP,1903,0.593
Cyprus,CYP,1904,0.593
Cyprus,CYP,1905,0.593
Cyprus,CYP,1906,0.593
Cyprus,CYP,1907,0.593
Cyprus,CYP,1908,0.593
Cyprus,CYP,1909,0.593
Cyprus,CYP,1910,0.593
Cyprus,CYP,1911,0.593
Cyprus,CYP,1912,0.593
Cyprus,CYP,1913,0.593
Cyprus,CYP,1914,0.593
Cyprus,CYP,1915,0.593
Cyprus,CYP,1916,0.593
Cyprus,CYP,1917,0.593
Cyprus,CYP,1918,0.593
Cyprus,CYP,1919,0.593
Cyprus,CYP,1920,0.593
Cyprus,CYP,1921,0.593
Cyprus,CYP,1922,0.593
Cyprus,CYP,1923,0.593
Cyprus,CYP,1924,0.593
Cyprus,CYP,1925,0.593
Cyprus,CYP,1926,0.593
Cyprus,CYP,1927,0.593
Cyprus,CYP,1928,0.593
Cyprus,CYP,1929,0.593
Cyprus,CYP,1930,0.593
Cyprus,CYP,1931,0.593
Cyprus,CYP,1932,0.593
Cyprus,CYP,1933,0.593
Cyprus,CYP,1934,0.593
Cyprus,CYP,1935,0.593
Cyprus,CYP,1936,0.593
Cyprus,CYP,1937,0.593
Cyprus,CYP,1938,0.593
Cyprus,CYP,1939,0.593
Cyprus,CYP,1940,0.582
Cyprus,CYP,1941,0.582
Cyprus,CYP,1942,0.582
Cyprus,CYP,1943,0.582
Cyprus,CYP,1944,0.582
Cyprus,CYP,1945,0.582
Cyprus,CYP,1946,0.582
Cyprus,CYP,1947,0.582
Cyprus,CYP,1948,0.582
Cyprus,CYP,1949,0.582
Cyprus,CYP,1950,0.582
Cyprus,CYP,1951,0.582
Cyprus,CYP,1952,0.582
Cyprus,CYP,1953,0.582
Cyprus,CYP,1954,0.582
Cyprus,CYP,1955,0.582
Cyprus,CYP,1956,0.582
Cyprus,CYP,1957,0.582
Cyprus,CYP,1958,0.582
Cyprus,CYP,1959,0.582
Cyprus,CYP,1960,0.692
Cyprus,CYP,1961,0.667
Cyprus,CYP,1962,0.667
Cyprus,CYP,1963,0.667
Cyprus,CYP,1964,0.667
Cyprus,CYP,1965,0.667
Cyprus,CYP,1966,0.667
Cyprus,CYP,1967,0.667
Cyprus,CYP,1968,0.667
Cyprus,CYP,1969,0.667
Cyprus,CYP,1970,0.667
Cyprus,CYP,1971,0.667
Cyprus,CYP,1972,0.667
Cyprus,CYP,1973,0.667
Cyprus,CYP,1974,0.667
Cyprus,CYP,1975,0.764
Cyprus,CYP,1976,0.768
Cyprus,CYP,1977,0.768
Cyprus,CYP,1978,0.767
Cyprus,CYP,1979,0.767
Cyprus,CYP,1980,0.767
Cyprus,CYP,1981,0.767
Cyprus,CYP,1982,0.767
Cyprus,CYP,1983,0.767
Cyprus,CYP,1984,0.767
Cyprus,CYP,1985,0.767
Cyprus,CYP,1986,0.767
Cyprus,CYP,1987,0.767
Cyprus,CYP,1988,0.767
Cyprus,CYP,1989,0.767
Cyprus,CYP,1990,0.767
Cyprus,CYP,1991,0.816
Cyprus,CYP,1992,0.816
Cyprus,CYP,1993,0.816
Cyprus,CYP,1994,0.816
Cyprus,CYP,1995,0.816
Cyprus,CYP,1996,0.816
Cyprus,CYP,1997,0.816
Cyprus,CYP,1998,0.816
Cyprus,CYP,1999,0.81
Cyprus,CYP,2000,0.816
Cyprus,CYP,2001,0.816
Cyprus,CYP,2002,0.816
Cyprus,CYP,2003,0.816
Cyprus,CYP,2004,0.862
Cyprus,CYP,2005,0.862
Cyprus,CYP,2006,0.86
Cyprus,CYP,2007,0.861
Cyprus,CYP,2008,0.865
Cyprus,CYP,2009,0.863
Cyprus,CYP,2010,0.863
Cyprus,CYP,2011,0.868
Cyprus,CYP,2012,0.868
Cyprus,CYP,2013,0.863
Cyprus,CYP,2014,0.858
Cyprus,CYP,2015,0.858
Cyprus,CYP,2016,0.86
Cyprus,CYP,2017,0.853
Cyprus,CYP,2018,0.853
Cyprus,CYP,2019,0.846
Cyprus,CYP,2020,0.801
Cyprus,CYP,2021,0.801
Cyprus,CYP,2022,0.801
Cyprus,CYP,2023,0.804
Cyprus,CYP,2024,0.839
Cyprus,CYP,2025,0.834
Czechia,CZE,1918,0.683
Czechia,CZE,1919,0.666
Czechia,CZE,1920,0.666
Czechia,CZE,1921,0.666
Czechia,CZE,1922,0.666
Czechia,CZE,1923,0.666
Czechia,CZE,1924,0.666
Czechia,CZE,1925,0.666
Czechia,CZE,1926,0.666
Czechia,CZE,1927,0.666
Czechia,CZE,1928,0.666
Czechia,CZE,1929,0.666
Czechia,CZE,1930,0.666
Czechia,CZE,1931,0.666
Czechia,CZE,1932,0.666
Czechia,CZE,1933,0.666
Czechia,CZE,1934,0.666
Czechia,CZE,1935,0.666
Czechia,CZE,1936,0.666
Czechia,CZE,1937,0.666
Czechia,CZE,1938,0.543
Czechia,CZE,1939,0.526
Czechia,CZE,1940,0.489
Czechia,CZE,1941,0.489
Czechia,CZE,1942,0.489
Czechia,CZE,1943,0.489
Czechia,CZE,1944,0.489
Czechia,CZE,1945,0.519
Czechia,CZE,1946,0.593
Czechia,CZE,1947,0.575
Czechia,CZE,1948,0.5
Czechia,CZE,1949,0.412
Czechia,CZE,1950,0.412
Czechia,CZE,1951,0.412
Czechia,CZE,1952,0.412
Czechia,CZE,1953,0.412
Czechia,CZE,1954,0.412
Czechia,CZE,1955,0.412
Czechia,CZE,1956,0.412
Czechia,CZE,1957,0.412
Czechia,CZE,1958,0.412
Czechia,CZE,1959,0.412
Czechia,CZE,1960,0.412
Czechia,CZE,1961,0.412
Czechia,CZE,1962,0.412
Czechia,CZE,1963,0.412
Czechia,CZE,1964,0.412
Czechia,CZE,1965,0.412
Czechia,CZE,1966,0.412
Czechia,CZE,1967,0.412
Czechia,CZE,1968,0.412
Czechia,CZE,1969,0.412
Czechia,CZE,1970,0.427
Czechia,CZE,1971,0.427
Czechia,CZE,1972,0.427
Czechia,CZE,1973,0.427
Czechia,CZE,1974,0.427
Czechia,CZE,1975,0.427
Czechia,CZE,1976,0.427
Czechia,CZE,1977,0.427
Czechia,CZE,1978,0.427
Czechia,CZE,1979,0.427
Czechia,CZE,1980,0.465
Czechia,CZE,1981,0.465
Czechia,CZE,1982,0.465
Czechia,CZE,1983,0.465
Czechia,CZE,1984,0.465
Czechia,CZE,1985,0.465
Czechia,CZE,1986,0.465
Czechia,CZE,1987,0.465
Czechia,CZE,1988,0.465
Czechia,CZE,1989,0.465
Czechia,CZE,1990,0.745
Czechia,CZE,1991,0.745
Czechia,CZE,1992,0.738
Czechia,CZE,1993,0.738
Czechia,CZE,1994,0.738
Czechia,CZE,1995,0.738
Czechia,CZE,1996,0.738
Czechia,CZE,1997,0.738
Czechia,CZE,1998,0.738
Czechia,CZE,1999,0.734
Czechia,CZE,2000,0.742
Czechia,CZE,2001,0.742
Czechia,CZE,2002,0.742
Czechia,CZE,2003,0.742
Czechia,CZE,2004,0.742
Czechia,CZE,2005,0.742
Czechia,CZE,2006,0.742
Czechia,CZE,2007,0.742
Czechia,CZE,2008,0.742
Czechia,CZE,2009,0.732
Czechia,CZE,2010,0.754
Czechia,CZE,2011,0.752
Czechia,CZE,2012,0.766
Czechia,CZE,2013,0.762
Czechia,CZE,2014,0.772
Czechia,CZE,2015,0.778
Czechia,CZE,2016,0.778
Czechia,CZE,2017,0.79
Czechia,CZE,2018,0.8
Czechia,CZE,2019,0.775
Czechia,CZE,2020,0.783
Czechia,CZE,2021,0.836
Czechia,CZE,2022,0.842
Czechia,CZE,2023,0.868
Czechia,CZE,2024,0.905
Czechia,CZE,2025,0.829
Democratic Republic of the Congo,COD,1900,0.703
Democratic Republic of the Congo,COD,1901,0.703
Democratic Republic of the Congo,COD,1902,0.703
Democratic Republic of the Congo,COD,1903,0.703
Democratic Republic of the Congo,COD,1904,0.703
Democratic Republic of the Congo,COD,1905,0.703
Democratic Republic of the Congo,COD,1906,0.703
Democratic Republic of the Congo,COD,1907,0.703
Democratic Republic of the Congo,COD,1908,0.703
Democratic Republic of the Congo,COD,1909,0.695
Democratic Republic of the Congo,COD,1910,0.695
Democratic Republic of the Congo,COD,1911,0.695
Democratic Republic of the Congo,COD,1912,0.695
Democratic Republic of the Congo,COD,1913,0.695
Democratic Republic of the Congo,COD,1914,0.695
Democratic Republic of the Congo,COD,1915,0.695
Democratic Republic of the Congo,COD,1916,0.695
Democratic Republic of the Congo,COD,1917,0.695
Democratic Republic of the Congo,COD,1918,0.695
Democratic Republic of the Congo,COD,1919,0.695
Democratic Republic of the Congo,COD,1920,0.755
Democratic Republic of the Congo,COD,1921,0.755
Democratic Republic of the Congo,COD,1922,0.755
Democratic Republic of the Congo,COD,1923,0.755
Democratic Republic of the Congo,COD,1924,0.755
Democratic Republic of the Congo,COD,1925,0.755
Democratic Republic of the Congo,COD,1926,0.755
Democratic Republic of the Congo,COD,1927,0.755
Democratic Republic of the Congo,COD,1928,0.755
Democratic Republic of the Congo,COD,1929,0.755
Democratic Republic of the Congo,COD,1930,0.755
Democratic Republic of the Congo,COD,1931,0.755
Democratic Republic of the Congo,COD,1932,0.755
Democratic Republic of the Congo,COD,1933,0.755
Democratic Republic of the Congo,COD,1934,0.755
Democratic Republic of the Congo,COD,1935,0.755
Democratic Republic of the Congo,COD,1936,0.755
Democratic Republic of the Congo,COD,1937,0.755
Democratic Republic of the Congo,COD,1938,0.755
Democratic Republic of the Congo,COD,1939,0.755
Democratic Republic of the Congo,COD,1940,0.755
Democratic Republic of the Congo,COD,1941,0.755
Democratic Republic of the Congo,COD,1942,0.755
Democratic Republic of the Congo,COD,1943,0.755
Democratic Republic of the Congo,COD,1944,0.755
Democratic Republic of the Congo,COD,1945,0.755
Democratic Republic of the Congo,COD,1946,0.755
Democratic Republic of the Congo,COD,1947,0.755
Democratic Republic of the Congo,COD,1948,0.755
Democratic Republic of the Congo,COD,1949,0.755
Democratic Republic of the Congo,COD,1950,0.755
Democratic Republic of the Congo,COD,1951,0.755
Democratic Republic of the Congo,COD,1952,0.755
Democratic Republic of the Congo,COD,1953,0.755
Democratic Republic of the Congo,COD,1954,0.755
Democratic Republic of the Congo,COD,1955,0.755
Democratic Republic of the Congo,COD,1956,0.755
Democratic Republic of the Congo,COD,1957,0.755
Democratic Republic of the Congo,COD,1958,0.755
Democratic Republic of the Congo,COD,1959,0.755
Democratic Republic of the Congo,COD,1960,0.512
Democratic Republic of the Congo,COD,1961,0.516
Democratic Republic of the Congo,COD,1962,0.516
Democratic Republic of the Congo,COD,1963,0.516
Democratic Republic of the Congo,COD,1964,0.5
Democratic Republic of the Congo,COD,1965,0.433
Democratic Republic of the Congo,COD,1966,0.326
Democratic Republic of the Congo,COD,1967,0.326
Democratic Republic of the Congo,COD,1968,0.302
Democratic Republic of the Congo,COD,1969,0.291
Democratic Republic of the Congo,COD,1970,0.268
Democratic Republic of the Congo,COD,1971,0.268
Democratic Republic of the Congo,COD,1972,0.259
Democratic Republic of the Congo,COD,1973,0.259
Democratic Republic of the Congo,COD,1974,0.21
Democratic Republic of the Congo,COD,1975,0.191
Democratic Republic of the Congo,COD,1976,0.191
Democratic Republic of the Congo,COD,1977,0.191
Democratic Republic of the Congo,COD,1978,0.191
Democratic Republic of the Congo,COD,1979,0.191
Democratic Republic of the Congo,COD,1980,0.173
Democratic Republic of the Congo,COD,1981,0.173
Democratic Republic of the Congo,COD,1982,0.173
Democratic Republic of the Congo,COD,1983,0.173
Democratic Republic of the Congo,COD,1984,0.173
Democratic Republic of the Congo,COD,1985,0.173
Democratic Republic of the Congo,COD,1986,0.173
Democratic Republic of the Congo,COD,1987,0.173
Democratic Republic of the Congo,COD,1988,0.173
Democratic Republic of the Congo,COD,1989,0.173
Democratic Republic of the Congo,COD,1990,0.171
Democratic Republic of the Congo,COD,1991,0.171
Democratic Republic of the Congo,COD,1992,0.07
Democratic Republic of the Congo,COD,1993,0.085
Democratic Republic of the Congo,COD,1994,0.085
Democratic Republic of the Congo,COD,1995,0.085
Democratic Republic of the Congo,COD,1996,0.085
Democratic Republic of the Congo,COD,1997,0.085
Democratic Republic of the Congo,COD,1998,0.061
Democratic Republic of the Congo,COD,1999,0.061
Democratic Republic of the Congo,COD,2000,0.061
Democratic Republic of the Congo,COD,2001,0.061
Democratic Republic of the Congo,COD,2002,0.061
Democratic Republic of the Congo,COD,2003,0.062
Democratic Republic of the Congo,COD,2004,0.062
Democratic Republic of the Congo,COD,2005,0.062
Democratic Republic of the Congo,COD,2006,0.072
Democratic Republic of the Congo,COD,2007,0.072
Democratic Republic of the Congo,COD,2008,0.072
Democratic Republic of the Congo,COD,2009,0.079
Democratic Republic of the Congo,COD,2010,0.075
Democratic Republic of the Congo,COD,2011,0.075
Democratic Republic of the Congo,COD,2012,0.079
Democratic Republic of the Congo,COD,2013,0.051
Democratic Republic of the Congo,COD,2014,0.047
Democratic Republic of the Congo,COD,2015,0.039
Democratic Republic of the Congo,COD,2016,0.039
Democratic Republic of the Congo,COD,2017,0.035
Democratic Republic of the Congo,COD,2018,0.034
Democratic Republic of the Congo,COD,2019,0.06
Democratic Republic of the Congo,COD,2020,0.089
Democratic Republic of the Congo,COD,2021,0.069
Democratic Republic of the Congo,COD,2022,0.048
Democratic Republic of the Congo,COD,2023,0.067
Democratic Republic of the Congo,COD,2024,0.095
Democratic Republic of the Congo,COD,2025,0.114
Vietnam,OWID_DRV,1945,0.811
Vietnam,OWID_DRV,1946,0.811
Vietnam,OWID_DRV,1947,0.825
Vietnam,OWID_DRV,1948,0.825
Vietnam,OWID_DRV,1949,0.825
Vietnam,OWID_DRV,1950,0.825
Vietnam,OWID_DRV,1951,0.825
Vietnam,OWID_DRV,1952,0.825
Vietnam,OWID_DRV,1953,0.825
Vietnam,OWID_DRV,1954,0.825
Vietnam,OWID_DRV,1955,0.804
Vietnam,OWID_DRV,1956,0.804
Vietnam,OWID_DRV,1957,0.804
Vietnam,OWID_DRV,1958,0.804
Vietnam,OWID_DRV,1959,0.804
Vietnam,OWID_DRV,1960,0.804
Vietnam,OWID_DRV,1961,0.804
Vietnam,OWID_DRV,1962,0.804
Vietnam,OWID_DRV,1963,0.804
Vietnam,OWID_DRV,1964,0.804
Vietnam,OWID_DRV,1965,0.804
Vietnam,OWID_DRV,1966,0.789
Vietnam,OWID_DRV,1967,0.789
Vietnam,OWID_DRV,1968,0.789
Vietnam,OWID_DRV,1969,0.789
Vietnam,OWID_DRV,1970,0.789
Vietnam,OWID_DRV,1971,0.789
Vietnam,OWID_DRV,1972,0.789
Vietnam,OWID_DRV,1973,0.789
Vietnam,OWID_DRV,1974,0.789
Vietnam,OWID_DRV,1975,0.789
Denmark,DNK,1900,0.972
Denmark,DNK,1901,0.969
Denmark,DNK,1902,0.969
Denmark,DNK,1903,0.969
Denmark,DNK,1904,0.969
Denmark,DNK,1905,0.969
Denmark,DNK,1906,0.969
Denmark,DNK,1907,0.969
Denmark,DNK,1908,0.969
Denmark,DNK,1909,0.974
Denmark,DNK,1910,0.974
Denmark,DNK,1911,0.974
Denmark,DNK,1912,0.974
Denmark,DNK,1913,0.974
Denmark,DNK,1914,0.974
Denmark,DNK,1915,0.974
Denmark,DNK,1916,0.974
Denmark,DNK,1917,0.974
Denmark,DNK,1918,0.974
Denmark,DNK,1919,0.974
Denmark,DNK,1920,0.974
Denmark,DNK,1921,0.975
Denmark,DNK,1922,0.975
Denmark,DNK,1923,0.991
Denmark,DNK,1924,0.991
Denmark,DNK,1925,0.991
Denmark,DNK,1926,0.991
Denmark,DNK,1927,0.991
Denmark,DNK,1928,0.991
Denmark,DNK,1929,0.991
Denmark,DNK,1930,0.993
Denmark,DNK,1931,0.993
Denmark,DNK,1932,0.993
Denmark,DNK,1933,0.993
Denmark,DNK,1934,0.993
Denmark,DNK,1935,0.993
Denmark,DNK,1936,0.993
Denmark,DNK,1937,0.993
Denmark,DNK,1938,0.993
Denmark,DNK,1939,0.993
Denmark,DNK,1940,0.993
Denmark,DNK,1941,0.993
Denmark,DNK,1942,0.993
Denmark,DNK,1943,0.998
Denmark,DNK,1944,0.998
Denmark,DNK,1945,0.998
Denmark,DNK,1946,0.993
Denmark,DNK,1947,0.993
Denmark,DNK,1948,0.993
Denmark,DNK,1949,0.993
Denmark,DNK,1950,0.993
Denmark,DNK,1951,0.993
Denmark,DNK,1952,0.993
Denmark,DNK,1953,0.993
Denmark,DNK,1954,0.993
Denmark,DNK,1955,0.993
Denmark,DNK,1956,0.993
Denmark,DNK,1957,0.993
Denmark,DNK,1958,0.993
Denmark,DNK,1959,0.993
Denmark,DNK,1960,0.993
Denmark,DNK,1961,0.993
Denmark,DNK,1962,0.993
Denmark,DNK,1963,0.993
Denmark,DNK,1964,0.993
Denmark,DNK,1965,0.993
Denmark,DNK,1966,0.993
Denmark,DNK,1967,0.993
Denmark,DNK,1968,0.993
Denmark,DNK,1969,0.998
Denmark,DNK,1970,0.998
Denmark,DNK,1971,0.998
Denmark,DNK,1972,0.998
Denmark,DNK,1973,0.998
Denmark,DNK,1974,0.998
Denmark,DNK,1975,0.998
Denmark,DNK,1976,0.998
Denmark,DNK,1977,0.998
Denmark,DNK,1978,0.998
Denmark,DNK,1979,0.998
Denmark,DNK,1980,0.998
Denmark,DNK,1981,0.998
Denmark,DNK,1982,0.998
Denmark,DNK,1983,0.998
Denmark,DNK,1984,0.998
Denmark,DNK,1985,0.998
Denmark,DNK,1986,0.998
Denmark,DNK,1987,0.998
Denmark,DNK,1988,0.998
Denmark,DNK,1989,0.998
Denmark,DNK,1990,0.998
Denmark,DNK,1991,0.998
Denmark,DNK,1992,0.998
Denmark,DNK,1993,0.998
Denmark,DNK,1994,0.998
Denmark,DNK,1995,0.998
Denmark,DNK,1996,0.998
Denmark,DNK,1997,0.998
Denmark,DNK,1998,0.998
Denmark,DNK,1999,0.998
Denmark,DNK,2000,0.998
Denmark,DNK,2001,0.998
Denmark,DNK,2002,0.998
Denmark,DNK,2003,0.998
Denmark,DNK,2004,0.998
Denmark,DNK,2005,0.998
Denmark,DNK,2006,0.998
Denmark,DNK,2007,0.998
Denmark,DNK,2008,0.998
Denmark,DNK,2009,0.998
Denmark,DNK,2010,0.998
Denmark,DNK,2011,0.998
Denmark,DNK,2012,0.998
Denmark,DNK,2013,0.998
Denmark,DNK,2014,0.998
Denmark,DNK,2015,0.998
Denmark,DNK,2016,0.998
Denmark,DNK,2017,0.998
Denmark,DNK,2018,0.998
Denmark,DNK,2019,0.998
Denmark,DNK,2020,0.998
Denmark,DNK,2021,0.998
Denmark,DNK,2022,0.998
Denmark,DNK,2023,0.997
Denmark,DNK,2024,0.996
Denmark,DNK,2025,0.996
Djibouti,DJI,1900,0.478
Djibouti,DJI,1901,0.478
Djibouti,DJI,1902,0.478
Djibouti,DJI,1903,0.478
Djibouti,DJI,1904,0.478
Djibouti,DJI,1905,0.478
Djibouti,DJI,1906,0.478
Djibouti,DJI,1907,0.478
Djibouti,DJI,1908,0.478
Djibouti,DJI,1909,0.478
Djibouti,DJI,1910,0.478
Djibouti,DJI,1911,0.478
Djibouti,DJI,1912,0.478
Djibouti,DJI,1913,0.478
Djibouti,DJI,1914,0.478
Djibouti,DJI,1915,0.478
Djibouti,DJI,1916,0.478
Djibouti,DJI,1917,0.478
Djibouti,DJI,1918,0.478
Djibouti,DJI,1919,0.478
Djibouti,DJI,1920,0.478
Djibouti,DJI,1921,0.478
Djibouti,DJI,1922,0.478
Djibouti,DJI,1923,0.478
Djibouti,DJI,1924,0.478
Djibouti,DJI,1925,0.478
Djibouti,DJI,1926,0.478
Djibouti,DJI,1927,0.478
Djibouti,DJI,1928,0.478
Djibouti,DJI,1929,0.478
Djibouti,DJI,1930,0.478
Djibouti,DJI,1931,0.478
Djibouti,DJI,1932,0.478
Djibouti,DJI,1933,0.478
Djibouti,DJI,1934,0.478
Djibouti,DJI,1935,0.478
Djibouti,DJI,1936,0.478
Djibouti,DJI,1937,0.478
Djibouti,DJI,1938,0.478
Djibouti,DJI,1939,0.478
Djibouti,DJI,1940,0.478
Djibouti,DJI,1941,0.478
Djibouti,DJI,1942,0.478
Djibouti,DJI,1943,0.478
Djibouti,DJI,1944,0.478
Djibouti,DJI,1945,0.478
Djibouti,DJI,1946,0.478
Djibouti,DJI,1947,0.367
Djibouti,DJI,1948,0.367
Djibouti,DJI,1949,0.367
Djibouti,DJI,1950,0.367
Djibouti,DJI,1951,0.367
Djibouti,DJI,1952,0.367
Djibouti,DJI,1953,0.367
Djibouti,DJI,1954,0.367
Djibouti,DJI,1955,0.367
Djibouti,DJI,1956,0.367
Djibouti,DJI,1957,0.367
Djibouti,DJI,1958,0.361
Djibouti,DJI,1959,0.361
Djibouti,DJI,1960,0.361
Djibouti,DJI,1961,0.361
Djibouti,DJI,1962,0.361
Djibouti,DJI,1963,0.361
Djibouti,DJI,1964,0.361
Djibouti,DJI,1965,0.361
Djibouti,DJI,1966,0.361
Djibouti,DJI,1967,0.361
Djibouti,DJI,1968,0.361
Djibouti,DJI,1969,0.361
Djibouti,DJI,1970,0.408
Djibouti,DJI,1971,0.399
Djibouti,DJI,1972,0.399
Djibouti,DJI,1973,0.394
Djibouti,DJI,1974,0.388
Djibouti,DJI,1975,0.388
Djibouti,DJI,1976,0.388
Djibouti,DJI,1977,0.458
Djibouti,DJI,1978,0.28
Djibouti,DJI,1979,0.28
Djibouti,DJI,1980,0.28
Djibouti,DJI,1981,0.28
Djibouti,DJI,1982,0.28
Djibouti,DJI,1983,0.28
Djibouti,DJI,1984,0.28
Djibouti,DJI,1985,0.28
Djibouti,DJI,1986,0.28
Djibouti,DJI,1987,0.28
Djibouti,DJI,1988,0.28
Djibouti,DJI,1989,0.28
Djibouti,DJI,1990,0.28
Djibouti,DJI,1991,0.28
Djibouti,DJI,1992,0.299
Djibouti,DJI,1993,0.299
Djibouti,DJI,1994,0.299
Djibouti,DJI,1995,0.299
Djibouti,DJI,1996,0.299
Djibouti,DJI,1997,0.296
Djibouti,DJI,1998,0.296
Djibouti,DJI,1999,0.296
Djibouti,DJI,2000,0.303
Djibouti,DJI,2001,0.303
Djibouti,DJI,2002,0.303
Djibouti,DJI,2003,0.303
Djibouti,DJI,2004,0.303
Djibouti,DJI,2005,0.303
Djibouti,DJI,2006,0.303
Djibouti,DJI,2007,0.303
Djibouti,DJI,2008,0.303
Djibouti,DJI,2009,0.303
Djibouti,DJI,2010,0.303
Djibouti,DJI,2011,0.303
Djibouti,DJI,2012,0.303
Djibouti,DJI,2013,0.303
Djibouti,DJI,2014,0.303
Djibouti,DJI,2015,0.303
Djibouti,DJI,2016,0.303
Djibouti,DJI,2017,0.303
Djibouti,DJI,2018,0.3
Djibouti,DJI,2019,0.33
Djibouti,DJI,2020,0.343
Djibouti,DJI,2021,0.314
Djibouti,DJI,2022,0.314
Djibouti,DJI,2023,0.314
Djibouti,DJI,2024,0.314
Djibouti,DJI,2025,0.294
Dominican Republic,DOM,1900,0.111
Dominican Republic,DOM,1901,0.111
Dominican Republic,DOM,1902,0.111
Dominican Republic,DOM,1903,0.111
Dominican Republic,DOM,1904,0.111
Dominican Republic,DOM,1905,0.111
Dominican Republic,DOM,1906,0.117
Dominican Republic,DOM,1907,0.117
Dominican Republic,DOM,1908,0.117
Dominican Republic,DOM,1909,0.117
Dominican Republic,DOM,1910,0.117
Dominican Republic,DOM,1911,0.117
Dominican Republic,DOM,1912,0.108
Dominican Republic,DOM,1913,0.108
Dominican Republic,DOM,1914,0.108
Dominican Republic,DOM,1915,0.108
Dominican Republic,DOM,1916,0.205
Dominican Republic,DOM,1917,0.212
Dominican Republic,DOM,1918,0.212
Dominican Republic,DOM,1919,0.212
Dominican Republic,DOM,1920,0.212
Dominican Republic,DOM,1921,0.212
Dominican Republic,DOM,1922,0.212
Dominican Republic,DOM,1923,0.212
Dominican Republic,DOM,1924,0.115
Dominican Republic,DOM,1925,0.115
Dominican Republic,DOM,1926,0.115
Dominican Republic,DOM,1927,0.115
Dominican Republic,DOM,1928,0.115
Dominican Republic,DOM,1929,0.115
Dominican Republic,DOM,1930,0.16
Dominican Republic,DOM,1931,0.129
Dominican Republic,DOM,1932,0.129
Dominican Republic,DOM,1933,0.129
Dominican Republic,DOM,1934,0.129
Dominican Republic,DOM,1935,0.129
Dominican Republic,DOM,1936,0.129
Dominican Republic,DOM,1937,0.129
Dominican Republic,DOM,1938,0.129
Dominican Republic,DOM,1939,0.129
Dominican Republic,DOM,1940,0.129
Dominican Republic,DOM,1941,0.129
Dominican Republic,DOM,1942,0.129
Dominican Republic,DOM,1943,0.129
Dominican Republic,DOM,1944,0.129
Dominican Republic,DOM,1945,0.129
Dominican Republic,DOM,1946,0.129
Dominican Republic,DOM,1947,0.129
Dominican Republic,DOM,1948,0.129
Dominican Republic,DOM,1949,0.129
Dominican Republic,DOM,1950,0.129
Dominican Republic,DOM,1951,0.129
Dominican Republic,DOM,1952,0.129
Dominican Republic,DOM,1953,0.129
Dominican Republic,DOM,1954,0.129
Dominican Republic,DOM,1955,0.129
Dominican Republic,DOM,1956,0.129
Dominican Republic,DOM,1957,0.129
Dominican Republic,DOM,1958,0.129
Dominican Republic,DOM,1959,0.129
Dominican Republic,DOM,1960,0.129
Dominican Republic,DOM,1961,0.138
Dominican Republic,DOM,1962,0.169
Dominican Republic,DOM,1963,0.224
Dominican Republic,DOM,1964,0.167
Dominican Republic,DOM,1965,0.167
Dominican Republic,DOM,1966,0.139
Dominican Republic,DOM,1967,0.139
Dominican Republic,DOM,1968,0.139
Dominican Republic,DOM,1969,0.139
Dominican Republic,DOM,1970,0.139
Dominican Republic,DOM,1971,0.139
Dominican Republic,DOM,1972,0.139
Dominican Republic,DOM,1973,0.145
Dominican Republic,DOM,1974,0.139
Dominican Republic,DOM,1975,0.139
Dominican Republic,DOM,1976,0.139
Dominican Republic,DOM,1977,0.139
Dominican Republic,DOM,1978,0.139
Dominican Republic,DOM,1979,0.18
Dominican Republic,DOM,1980,0.18
Dominican Republic,DOM,1981,0.18
Dominican Republic,DOM,1982,0.18
Dominican Republic,DOM,1983,0.18
Dominican Republic,DOM,1984,0.18
Dominican Republic,DOM,1985,0.18
Dominican Republic,DOM,1986,0.18
Dominican Republic,DOM,1987,0.178
Dominican Republic,DOM,1988,0.178
Dominican Republic,DOM,1989,0.178
Dominican Republic,DOM,1990,0.178
Dominican Republic,DOM,1991,0.178
Dominican Republic,DOM,1992,0.178
Dominican Republic,DOM,1993,0.178
Dominican Republic,DOM,1994,0.178
Dominican Republic,DOM,1995,0.178
Dominican Republic,DOM,1996,0.216
Dominican Republic,DOM,1997,0.244
Dominican Republic,DOM,1998,0.244
Dominican Republic,DOM,1999,0.244
Dominican Republic,DOM,2000,0.244
Dominican Republic,DOM,2001,0.244
Dominican Republic,DOM,2002,0.244
Dominican Republic,DOM,2003,0.244
Dominican Republic,DOM,2004,0.244
Dominican Republic,DOM,2005,0.244
Dominican Republic,DOM,2006,0.244
Dominican Republic,DOM,2007,0.244
Dominican Republic,DOM,2008,0.244
Dominican Republic,DOM,2009,0.244
Dominican Republic,DOM,2010,0.244
Dominican Republic,DOM,2011,0.244
Dominican Republic,DOM,2012,0.244
Dominican Republic,DOM,2013,0.261
Dominican Republic,DOM,2014,0.261
Dominican Republic,DOM,2015,0.272
Dominican Republic,DOM,2016,0.272
Dominican Republic,DOM,2017,0.264
Dominican Republic,DOM,2018,0.251
Dominican Republic,DOM,2019,0.242
Dominican Republic,DOM,2020,0.402
Dominican Republic,DOM,2021,0.416
Dominican Republic,DOM,2022,0.42
Dominican Republic,DOM,2023,0.428
Dominican Republic,DOM,2024,0.438
Dominican Republic,DOM,2025,0.412
Germany,OWID_GDR,1949,0.767
Germany,OWID_GDR,1950,0.802
Germany,OWID_GDR,1951,0.802
Germany,OWID_GDR,1952,0.802
Germany,OWID_GDR,1953,0.802
Germany,OWID_GDR,1954,0.802
Germany,OWID_GDR,1955,0.802
Germany,OWID_GDR,1956,0.802
Germany,OWID_GDR,1957,0.802
Germany,OWID_GDR,1958,0.802
Germany,OWID_GDR,1959,0.802
Germany,OWID_GDR,1960,0.802
Germany,OWID_GDR,1961,0.802
Germany,OWID_GDR,1962,0.802
Germany,OWID_GDR,1963,0.802
Germany,OWID_GDR,1964,0.802
Germany,OWID_GDR,1965,0.802
Germany,OWID_GDR,1966,0.802
Germany,OWID_GDR,1967,0.802
Germany,OWID_GDR,1968,0.802
Germany,OWID_GDR,1969,0.802
Germany,OWID_GDR,1970,0.802
Germany,OWID_GDR,1971,0.802
Germany,OWID_GDR,1972,0.802
Germany,OWID_GDR,1973,0.802
Germany,OWID_GDR,1974,0.802
Germany,OWID_GDR,1975,0.802
Germany,OWID_GDR,1976,0.802
Germany,OWID_GDR,1977,0.802
Germany,OWID_GDR,1978,0.802
Germany,OWID_GDR,1979,0.802
Germany,OWID_GDR,1980,0.802
Germany,OWID_GDR,1981,0.802
Germany,OWID_GDR,1982,0.802
Germany,OWID_GDR,1983,0.802
Germany,OWID_GDR,1984,0.802
Germany,OWID_GDR,1985,0.802
Germany,OWID_GDR,1986,0.802
Germany,OWID_GDR,1987,0.802
Germany,OWID_GDR,1988,0.802
Germany,OWID_GDR,1989,0.802
Germany,OWID_GDR,1990,0.838
Timor-Leste,TLS,2001,0.684
Timor-Leste,TLS,2002,0.685
Timor-Leste,TLS,2003,0.685
Timor-Leste,TLS,2004,0.685
Timor-Leste,TLS,2005,0.741
Timor-Leste,TLS,2006,0.741
Timor-Leste,TLS,2007,0.741
Timor-Leste,TLS,2008,0.73
Timor-Leste,TLS,2009,0.727
Timor-Leste,TLS,2010,0.727
Timor-Leste,TLS,2011,0.727
Timor-Leste,TLS,2012,0.727
Timor-Leste,TLS,2013,0.722
Timor-Leste,TLS,2014,0.701
Timor-Leste,TLS,2015,0.709
Timor-Leste,TLS,2016,0.72
Timor-Leste,TLS,2017,0.651
Timor-Leste,TLS,2018,0.652
Timor-Leste,TLS,2019,0.681
Timor-Leste,TLS,2020,0.705
Timor-Leste,TLS,2021,0.746
Timor-Leste,TLS,2022,0.746
Timor-Leste,TLS,2023,0.779
Timor-Leste,TLS,2024,0.779
Timor-Leste,TLS,2025,0.75
Ecuador,ECU,1900,0.341
Ecuador,ECU,1901,0.199
Ecuador,ECU,1902,0.199
Ecuador,ECU,1903,0.199
Ecuador,ECU,1904,0.199
Ecuador,ECU,1905,0.199
Ecuador,ECU,1906,0.309
Ecuador,ECU,1907,0.299
Ecuador,ECU,1908,0.299
Ecuador,ECU,1909,0.299
Ecuador,ECU,1910,0.299
Ecuador,ECU,1911,0.299
Ecuador,ECU,1912,0.299
Ecuador,ECU,1913,0.136
Ecuador,ECU,1914,0.136
Ecuador,ECU,1915,0.136
Ecuador,ECU,1916,0.184
Ecuador,ECU,1917,0.184
Ecuador,ECU,1918,0.184
Ecuador,ECU,1919,0.184
Ecuador,ECU,1920,0.184
Ecuador,ECU,1921,0.184
Ecuador,ECU,1922,0.184
Ecuador,ECU,1923,0.184
Ecuador,ECU,1924,0.184
Ecuador,ECU,1925,0.184
Ecuador,ECU,1926,0.184
Ecuador,ECU,1927,0.184
Ecuador,ECU,1928,0.184
Ecuador,ECU,1929,0.184
Ecuador,ECU,1930,0.184
Ecuador,ECU,1931,0.184
Ecuador,ECU,1932,0.187
Ecuador,ECU,1933,0.182
Ecuador,ECU,1934,0.182
Ecuador,ECU,1935,0.211
Ecuador,ECU,1936,0.195
Ecuador,ECU,1937,0.195
Ecuador,ECU,1938,0.201
Ecuador,ECU,1939,0.166
Ecuador,ECU,1940,0.178
Ecuador,ECU,1941,0.174
Ecuador,ECU,1942,0.174
Ecuador,ECU,1943,0.174
Ecuador,ECU,1944,0.175
Ecuador,ECU,1945,0.175
Ecuador,ECU,1946,0.175
Ecuador,ECU,1947,0.175
Ecuador,ECU,1948,0.242
Ecuador,ECU,1949,0.242
Ecuador,ECU,1950,0.242
Ecuador,ECU,1951,0.242
Ecuador,ECU,1952,0.219
Ecuador,ECU,1953,0.219
Ecuador,ECU,1954,0.219
Ecuador,ECU,1955,0.219
Ecuador,ECU,1956,0.24
Ecuador,ECU,1957,0.248
Ecuador,ECU,1958,0.248
Ecuador,ECU,1959,0.248
Ecuador,ECU,1960,0.223
Ecuador,ECU,1961,0.211
Ecuador,ECU,1962,0.223
Ecuador,ECU,1963,0.26
Ecuador,ECU,1964,0.26
Ecuador,ECU,1965,0.26
Ecuador,ECU,1966,0.26
Ecuador,ECU,1967,0.23
Ecuador,ECU,1968,0.23
Ecuador,ECU,1969,0.215
Ecuador,ECU,1970,0.24
Ecuador,ECU,1971,0.24
Ecuador,ECU,1972,0.277
Ecuador,ECU,1973,0.277
Ecuador,ECU,1974,0.261
Ecuador,ECU,1975,0.261
Ecuador,ECU,1976,0.269
Ecuador,ECU,1977,0.269
Ecuador,ECU,1978,0.28
Ecuador,ECU,1979,0.488
Ecuador,ECU,1980,0.411
Ecuador,ECU,1981,0.411
Ecuador,ECU,1982,0.411
Ecuador,ECU,1983,0.411
Ecuador,ECU,1984,0.403
Ecuador,ECU,1985,0.317
Ecuador,ECU,1986,0.317
Ecuador,ECU,1987,0.317
Ecuador,ECU,1988,0.317
Ecuador,ECU,1989,0.374
Ecuador,ECU,1990,0.37
Ecuador,ECU,1991,0.37
Ecuador,ECU,1992,0.37
Ecuador,ECU,1993,0.349
Ecuador,ECU,1994,0.354
Ecuador,ECU,1995,0.34
Ecuador,ECU,1996,0.33
Ecuador,ECU,1997,0.293
Ecuador,ECU,1998,0.296
Ecuador,ECU,1999,0.286
Ecuador,ECU,2000,0.297
Ecuador,ECU,2001,0.297
Ecuador,ECU,2002,0.297
Ecuador,ECU,2003,0.285
Ecuador,ECU,2004,0.287
Ecuador,ECU,2005,0.285
Ecuador,ECU,2006,0.291
Ecuador,ECU,2007,0.32
Ecuador,ECU,2008,0.34
Ecuador,ECU,2009,0.34
Ecuador,ECU,2010,0.33
Ecuador,ECU,2011,0.326
Ecuador,ECU,2012,0.325
Ecuador,ECU,2013,0.297
Ecuador,ECU,2014,0.296
Ecuador,ECU,2015,0.291
Ecuador,ECU,2016,0.293
Ecuador,ECU,2017,0.373
Ecuador,ECU,2018,0.362
Ecuador,ECU,2019,0.371
Ecuador,ECU,2020,0.364
Ecuador,ECU,2021,0.373
Ecuador,ECU,2022,0.372
Ecuador,ECU,2023,0.34
Ecuador,ECU,2024,0.345
Ecuador,ECU,2025,0.348
Egypt,EGY,1900,0.466
Egypt,EGY,1901,0.466
Egypt,EGY,1902,0.466
Egypt,EGY,1903,0.466
Egypt,EGY,1904,0.466
Egypt,EGY,1905,0.466
Egypt,EGY,1906,0.466
Egypt,EGY,1907,0.466
Egypt,EGY,1908,0.476
Egypt,EGY,1909,0.476
Egypt,EGY,1910,0.476
Egypt,EGY,1911,0.476
Egypt,EGY,1912,0.476
Egypt,EGY,1913,0.476
Egypt,EGY,1914,0.435
Egypt,EGY,1915,0.435
Egypt,EGY,1916,0.435
Egypt,EGY,1917,0.435
Egypt,EGY,1918,0.435
Egypt,EGY,1919,0.435
Egypt,EGY,1920,0.435
Egypt,EGY,1921,0.435
Egypt,EGY,1922,0.435
Egypt,EGY,1923,0.435
Egypt,EGY,1924,0.47
Egypt,EGY,1925,0.47
Egypt,EGY,1926,0.47
Egypt,EGY,1927,0.47
Egypt,EGY,1928,0.47
Egypt,EGY,1929,0.47
Egypt,EGY,1930,0.47
Egypt,EGY,1931,0.47
Egypt,EGY,1932,0.47
Egypt,EGY,1933,0.47
Egypt,EGY,1934,0.47
Egypt,EGY,1935,0.47
Egypt,EGY,1936,0.47
Egypt,EGY,1937,0.47
Egypt,EGY,1938,0.47
Egypt,EGY,1939,0.47
Egypt,EGY,1940,0.484
Egypt,EGY,1941,0.484
Egypt,EGY,1942,0.484
Egypt,EGY,1943,0.484
Egypt,EGY,1944,0.484
Egypt,EGY,1945,0.484
Egypt,EGY,1946,0.484
Egypt,EGY,1947,0.484
Egypt,EGY,1948,0.484
Egypt,EGY,1949,0.484
Egypt,EGY,1950,0.496
Egypt,EGY,1951,0.496
Egypt,EGY,1952,0.611
Egypt,EGY,1953,0.552
Egypt,EGY,1954,0.481
Egypt,EGY,1955,0.474
Egypt,EGY,1956,0.469
Egypt,EGY,1957,0.468
Egypt,EGY,1958,0.441
Egypt,EGY,1959,0.469
Egypt,EGY,1960,0.468
Egypt,EGY,1961,0.442
Egypt,EGY,1962,0.469
Egypt,EGY,1963,0.469
Egypt,EGY,1964,0.45
Egypt,EGY,1965,0.444
Egypt,EGY,1966,0.444
Egypt,EGY,1967,0.444
Egypt,EGY,1968,0.444
Egypt,EGY,1969,0.444
Egypt,EGY,1970,0.389
Egypt,EGY,1971,0.379
Egypt,EGY,1972,0.373
Egypt,EGY,1973,0.373
Egypt,EGY,1974,0.373
Egypt,EGY,1975,0.373
Egypt,EGY,1976,0.373
Egypt,EGY,1977,0.373
Egypt,EGY,1978,0.373
Egypt,EGY,1979,0.373
Egypt,EGY,1980,0.312
Egypt,EGY,1981,0.262
Egypt,EGY,1982,0.231
Egypt,EGY,1983,0.231
Egypt,EGY,1984,0.231
Egypt,EGY,1985,0.231
Egypt,EGY,1986,0.231
Egypt,EGY,1987,0.231
Egypt,EGY,1988,0.231
Egypt,EGY,1989,0.231
Egypt,EGY,1990,0.18
Egypt,EGY,1991,0.18
Egypt,EGY,1992,0.18
Egypt,EGY,1993,0.18
Egypt,EGY,1994,0.189
Egypt,EGY,1995,0.17
Egypt,EGY,1996,0.169
Egypt,EGY,1997,0.169
Egypt,EGY,1998,0.169
Egypt,EGY,1999,0.169
Egypt,EGY,2000,0.169
Egypt,EGY,2001,0.169
Egypt,EGY,2002,0.169
Egypt,EGY,2003,0.169
Egypt,EGY,2004,0.169
Egypt,EGY,2005,0.169
Egypt,EGY,2006,0.169
Egypt,EGY,2007,0.169
Egypt,EGY,2008,0.169
Egypt,EGY,2009,0.169
Egypt,EGY,2010,0.169
Egypt,EGY,2011,0.378
Egypt,EGY,2012,0.286
Egypt,EGY,2013,0.304
Egypt,EGY,2014,0.311
Egypt,EGY,2015,0.269
Egypt,EGY,2016,0.271
Egypt,EGY,2017,0.26
Egypt,EGY,2018,0.267
Egypt,EGY,2019,0.265
Egypt,EGY,2020,0.265
Egypt,EGY,2021,0.272
Egypt,EGY,2022,0.286
Egypt,EGY,2023,0.271
Egypt,EGY,2024,0.271
Egypt,EGY,2025,0.271
El Salvador,SLV,1900,0.185
El Salvador,SLV,1901,0.185
El Salvador,SLV,1902,0.185
El Salvador,SLV,1903,0.185
El Salvador,SLV,1904,0.185
El Salvador,SLV,1905,0.185
El Salvador,SLV,1906,0.185
El Salvador,SLV,1907,0.185
El Salvador,SLV,1908,0.185
El Salvador,SLV,1909,0.185
El Salvador,SLV,1910,0.185
El Salvador,SLV,1911,0.185
El Salvador,SLV,1912,0.185
El Salvador,SLV,1913,0.185
El Salvador,SLV,1914,0.185
El Salvador,SLV,1915,0.185
El Salvador,SLV,1916,0.185
El Salvador,SLV,1917,0.185
El Salvador,SLV,1918,0.185
El Salvador,SLV,1919,0.185
El Salvador,SLV,1920,0.176
El Salvador,SLV,1921,0.176
El Salvador,SLV,1922,0.176
El Salvador,SLV,1923,0.176
El Salvador,SLV,1924,0.176
El Salvador,SLV,1925,0.176
El Salvador,SLV,1926,0.176
El Salvador,SLV,1927,0.176
El Salvador,SLV,1928,0.176
El Salvador,SLV,1929,0.176
El Salvador,SLV,1930,0.176
El Salvador,SLV,1931,0.164
El Salvador,SLV,1932,0.127
El Salvador,SLV,1933,0.127
El Salvador,SLV,1934,0.127
El Salvador,SLV,1935,0.127
El Salvador,SLV,1936,0.127
El Salvador,SLV,1937,0.127
El Salvador,SLV,1938,0.127
El Salvador,SLV,1939,0.127
El Salvador,SLV,1940,0.126
El Salvador,SLV,1941,0.126
El Salvador,SLV,1942,0.126
El Salvador,SLV,1943,0.126
El Salvador,SLV,1944,0.126
El Salvador,SLV,1945,0.142
El Salvador,SLV,1946,0.142
El Salvador,SLV,1947,0.142
El Salvador,SLV,1948,0.142
El Salvador,SLV,1949,0.142
El Salvador,SLV,1950,0.142
El Salvador,SLV,1951,0.142
El Salvador,SLV,1952,0.142
El Salvador,SLV,1953,0.142
El Salvador,SLV,1954,0.142
El Salvador,SLV,1955,0.142
El Salvador,SLV,1956,0.142
El Salvador,SLV,1957,0.142
El Salvador,SLV,1958,0.142
El Salvador,SLV,1959,0.142
El Salvador,SLV,1960,0.183
El Salvador,SLV,1961,0.183
El Salvador,SLV,1962,0.141
El Salvador,SLV,1963,0.141
El Salvador,SLV,1964,0.141
El Salvador,SLV,1965,0.141
El Salvador,SLV,1966,0.141
El Salvador,SLV,1967,0.141
El Salvador,SLV,1968,0.141
El Salvador,SLV,1969,0.141
El Salvador,SLV,1970,0.141
El Salvador,SLV,1971,0.134
El Salvador,SLV,1972,0.134
El Salvador,SLV,1973,0.134
El Salvador,SLV,1974,0.134
El Salvador,SLV,1975,0.134
El Salvador,SLV,1976,0.134
El Salvador,SLV,1977,0.134
El Salvador,SLV,1978,0.134
El Salvador,SLV,1979,0.188
El Salvador,SLV,1980,0.237
El Salvador,SLV,1981,0.237
El Salvador,SLV,1982,0.237
El Salvador,SLV,1983,0.237
El Salvador,SLV,1984,0.206
El Salvador,SLV,1985,0.206
El Salvador,SLV,1986,0.163
El Salvador,SLV,1987,0.163
El Salvador,SLV,1988,0.163
El Salvador,SLV,1989,0.185
El Salvador,SLV,1990,0.185
El Salvador,SLV,1991,0.185
El Salvador,SLV,1992,0.229
El Salvador,SLV,1993,0.263
El Salvador,SLV,1994,0.281
El Salvador,SLV,1995,0.281
El Salvador,SLV,1996,0.281
El Salvador,SLV,1997,0.281
El Salvador,SLV,1998,0.281
El Salvador,SLV,1999,0.281
El Salvador,SLV,2000,0.281
El Salvador,SLV,2001,0.281
El Salvador,SLV,2002,0.281
El Salvador,SLV,2003,0.281
El Salvador,SLV,2004,0.247
El Salvador,SLV,2005,0.255
El Salvador,SLV,2006,0.255
El Salvador,SLV,2007,0.255
El Salvador,SLV,2008,0.26
El Salvador,SLV,2009,0.281
El Salvador,SLV,2010,0.307
El Salvador,SLV,2011,0.307
El Salvador,SLV,2012,0.307
El Salvador,SLV,2013,0.377
El Salvador,SLV,2014,0.392
El Salvador,SLV,2015,0.395
El Salvador,SLV,2016,0.389
El Salvador,SLV,2017,0.371
El Salvador,SLV,2018,0.315
El Salvador,SLV,2019,0.404
El Salvador,SLV,2020,0.332
El Salvador,SLV,2021,0.287
El Salvador,SLV,2022,0.252
El Salvador,SLV,2023,0.302
El Salvador,SLV,2024,0.316
El Salvador,SLV,2025,0.318
Equatorial Guinea,GNQ,1900,0.455
Equatorial Guinea,GNQ,1901,0.455
Equatorial Guinea,GNQ,1902,0.455
Equatorial Guinea,GNQ,1903,0.455
Equatorial Guinea,GNQ,1904,0.455
Equatorial Guinea,GNQ,1905,0.455
Equatorial Guinea,GNQ,1906,0.455
Equatorial Guinea,GNQ,1907,0.455
Equatorial Guinea,GNQ,1908,0.455
Equatorial Guinea,GNQ,1909,0.455
Equatorial Guinea,GNQ,1910,0.455
Equatorial Guinea,GNQ,1911,0.455
Equatorial Guinea,GNQ,1912,0.455
Equatorial Guinea,GNQ,1913,0.455
Equatorial Guinea,GNQ,1914,0.455
Equatorial Guinea,GNQ,1915,0.455
Equatorial Guinea,GNQ,1916,0.455
Equatorial Guinea,GNQ,1917,0.455
Equatorial Guinea,GNQ,1918,0.455
Equatorial Guinea,GNQ,1919,0.455
Equatorial Guinea,GNQ,1920,0.455
Equatorial Guinea,GNQ,1921,0.455
Equatorial Guinea,GNQ,1922,0.455
Equatorial Guinea,GNQ,1923,0.455
Equatorial Guinea,GNQ,1924,0.455
Equatorial Guinea,GNQ,1925,0.455
Equatorial Guinea,GNQ,1926,0.455
Equatorial Guinea,GNQ,1927,0.455
Equatorial Guinea,GNQ,1928,0.455
Equatorial Guinea,GNQ,1929,0.455
Equatorial Guinea,GNQ,1930,0.455
Equatorial Guinea,GNQ,1931,0.455
Equatorial Guinea,GNQ,1932,0.455
Equatorial Guinea,GNQ,1933,0.455
Equatorial Guinea,GNQ,1934,0.455
Equatorial Guinea,GNQ,1935,0.455
Equatorial Guinea,GNQ,1936,0.455
Equatorial Guinea,GNQ,1937,0.455
Equatorial Guinea,GNQ,1938,0.455
Equatorial Guinea,GNQ,1939,0.455
Equatorial Guinea,GNQ,1940,0.455
Equatorial Guinea,GNQ,1941,0.455
Equatorial Guinea,GNQ,1942,0.455
Equatorial Guinea,GNQ,1943,0.455
Equatorial Guinea,GNQ,1944,0.455
Equatorial Guinea,GNQ,1945,0.455
Equatorial Guinea,GNQ,1946,0.455
Equatorial Guinea,GNQ,1947,0.455
Equatorial Guinea,GNQ,1948,0.455
Equatorial Guinea,GNQ,1949,0.455
Equatorial Guinea,GNQ,1950,0.524
Equatorial Guinea,GNQ,1951,0.524
Equatorial Guinea,GNQ,1952,0.524
Equatorial Guinea,GNQ,1953,0.524
Equatorial Guinea,GNQ,1954,0.524
Equatorial Guinea,GNQ,1955,0.524
Equatorial Guinea,GNQ,1956,0.524
Equatorial Guinea,GNQ,1957,0.524
Equatorial Guinea,GNQ,1958,0.524
Equatorial Guinea,GNQ,1959,0.524
Equatorial Guinea,GNQ,1960,0.498
Equatorial Guinea,GNQ,1961,0.498
Equatorial Guinea,GNQ,1962,0.498
Equatorial Guinea,GNQ,1963,0.498
Equatorial Guinea,GNQ,1964,0.498
Equatorial Guinea,GNQ,1965,0.498
Equatorial Guinea,GNQ,1966,0.498
Equatorial Guinea,GNQ,1967,0.498
Equatorial Guinea,GNQ,1968,0.384
Equatorial Guinea,GNQ,1969,0.305
Equatorial Guinea,GNQ,1970,0.1
Equatorial Guinea,GNQ,1971,0.1
Equatorial Guinea,GNQ,1972,0.122
Equatorial Guinea,GNQ,1973,0.1
Equatorial Guinea,GNQ,1974,0.083
Equatorial Guinea,GNQ,1975,0.083
Equatorial Guinea,GNQ,1976,0.083
Equatorial Guinea,GNQ,1977,0.083
Equatorial Guinea,GNQ,1978,0.083
Equatorial Guinea,GNQ,1979,0.03
Equatorial Guinea,GNQ,1980,0.114
Equatorial Guinea,GNQ,1981,0.114
Equatorial Guinea,GNQ,1982,0.114
Equatorial Guinea,GNQ,1983,0.114
Equatorial Guinea,GNQ,1984,0.147
Equatorial Guinea,GNQ,1985,0.147
Equatorial Guinea,GNQ,1986,0.147
Equatorial Guinea,GNQ,1987,0.147
Equatorial Guinea,GNQ,1988,0.147
Equatorial Guinea,GNQ,1989,0.147
Equatorial Guinea,GNQ,1990,0.147
Equatorial Guinea,GNQ,1991,0.147
Equatorial Guinea,GNQ,1992,0.147
Equatorial Guinea,GNQ,1993,0.147
Equatorial Guinea,GNQ,1994,0.147
Equatorial Guinea,GNQ,1995,0.147
Equatorial Guinea,GNQ,1996,0.147
Equatorial Guinea,GNQ,1997,0.147
Equatorial Guinea,GNQ,1998,0.147
Equatorial Guinea,GNQ,1999,0.147
Equatorial Guinea,GNQ,2000,0.147
Equatorial Guinea,GNQ,2001,0.147
Equatorial Guinea,GNQ,2002,0.147
Equatorial Guinea,GNQ,2003,0.147
Equatorial Guinea,GNQ,2004,0.147
Equatorial Guinea,GNQ,2005,0.154
Equatorial Guinea,GNQ,2006,0.154
Equatorial Guinea,GNQ,2007,0.154
Equatorial Guinea,GNQ,2008,0.154
Equatorial Guinea,GNQ,2009,0.154
Equatorial Guinea,GNQ,2010,0.145
Equatorial Guinea,GNQ,2011,0.145
Equatorial Guinea,GNQ,2012,0.145
Equatorial Guinea,GNQ,2013,0.145
Equatorial Guinea,GNQ,2014,0.145
Equatorial Guinea,GNQ,2015,0.145
Equatorial Guinea,GNQ,2016,0.145
Equatorial Guinea,GNQ,2017,0.145
Equatorial Guinea,GNQ,2018,0.145
Equatorial Guinea,GNQ,2019,0.145
Equatorial Guinea,GNQ,2020,0.145
Equatorial Guinea,GNQ,2021,0.145
Equatorial Guinea,GNQ,2022,0.145
Equatorial Guinea,GNQ,2023,0.137
Equatorial Guinea,GNQ,2024,0.163
Equatorial Guinea,GNQ,2025,0.142
Eritrea,ERI,1900,0.659
Eritrea,ERI,1901,0.659
Eritrea,ERI,1902,0.659
Eritrea,ERI,1903,0.659
Eritrea,ERI,1904,0.659
Eritrea,ERI,1905,0.659
Eritrea,ERI,1906,0.659
Eritrea,ERI,1907,0.659
Eritrea,ERI,1908,0.659
Eritrea,ERI,1909,0.659
Eritrea,ERI,1910,0.659
Eritrea,ERI,1911,0.659
Eritrea,ERI,1912,0.659
Eritrea,ERI,1913,0.659
Eritrea,ERI,1914,0.659
Eritrea,ERI,1915,0.659
Eritrea,ERI,1916,0.659
Eritrea,ERI,1917,0.659
Eritrea,ERI,1918,0.659
Eritrea,ERI,1919,0.659
Eritrea,ERI,1920,0.659
Eritrea,ERI,1921,0.659
Eritrea,ERI,1922,0.659
Eritrea,ERI,1923,0.659
Eritrea,ERI,1924,0.659
Eritrea,ERI,1925,0.659
Eritrea,ERI,1926,0.659
Eritrea,ERI,1927,0.659
Eritrea,ERI,1928,0.659
Eritrea,ERI,1929,0.659
Eritrea,ERI,1930,0.659
Eritrea,ERI,1931,0.659
Eritrea,ERI,1932,0.659
Eritrea,ERI,1933,0.659
Eritrea,ERI,1934,0.659
Eritrea,ERI,1935,0.659
Eritrea,ERI,1936,0.659
Eritrea,ERI,1937,0.659
Eritrea,ERI,1938,0.659
Eritrea,ERI,1939,0.659
Eritrea,ERI,1940,0.659
Eritrea,ERI,1941,0.659
Eritrea,ERI,1942,0.704
Eritrea,ERI,1943,0.704
Eritrea,ERI,1944,0.704
Eritrea,ERI,1945,0.704
Eritrea,ERI,1946,0.704
Eritrea,ERI,1947,0.704
Eritrea,ERI,1948,0.704
Eritrea,ERI,1949,0.704
Eritrea,ERI,1950,0.701
Eritrea,ERI,1951,0.701
Eritrea,ERI,1952,0.536
Eritrea,ERI,1953,0.406
Eritrea,ERI,1954,0.406
Eritrea,ERI,1955,0.406
Eritrea,ERI,1956,0.406
Eritrea,ERI,1957,0.406
Eritrea,ERI,1958,0.406
Eritrea,ERI,1959,0.406
Eritrea,ERI,1960,0.373
Eritrea,ERI,1961,0.373
Eritrea,ERI,1962,0.273
Eritrea,ERI,1963,0.245
Eritrea,ERI,1964,0.245
Eritrea,ERI,1965,0.245
Eritrea,ERI,1966,0.245
Eritrea,ERI,1967,0.245
Eritrea,ERI,1968,0.245
Eritrea,ERI,1969,0.245
Eritrea,ERI,1970,0.211
Eritrea,ERI,1971,0.211
Eritrea,ERI,1972,0.211
Eritrea,ERI,1973,0.211
Eritrea,ERI,1974,0.173
Eritrea,ERI,1975,0.134
Eritrea,ERI,1976,0.134
Eritrea,ERI,1977,0.134
Eritrea,ERI,1978,0.134
Eritrea,ERI,1979,0.134
Eritrea,ERI,1980,0.134
Eritrea,ERI,1981,0.134
Eritrea,ERI,1982,0.134
Eritrea,ERI,1983,0.134
Eritrea,ERI,1984,0.134
Eritrea,ERI,1985,0.134
Eritrea,ERI,1986,0.134
Eritrea,ERI,1987,0.134
Eritrea,ERI,1988,0.134
Eritrea,ERI,1989,0.134
Eritrea,ERI,1990,0.152
Eritrea,ERI,1991,0.503
Eritrea,ERI,1992,0.681
Eritrea,ERI,1993,0.66
Eritrea,ERI,1994,0.66
Eritrea,ERI,1995,0.66
Eritrea,ERI,1996,0.66
Eritrea,ERI,1997,0.66
Eritrea,ERI,1998,0.66
Eritrea,ERI,1999,0.66
Eritrea,ERI,2000,0.66
Eritrea,ERI,2001,0.564
Eritrea,ERI,2002,0.389
Eritrea,ERI,2003,0.32
Eritrea,ERI,2004,0.32
Eritrea,ERI,2005,0.32
Eritrea,ERI,2006,0.32
Eritrea,ERI,2007,0.32
Eritrea,ERI,2008,0.32
Eritrea,ERI,2009,0.32
Eritrea,ERI,2010,0.32
Eritrea,ERI,2011,0.326
Eritrea,ERI,2012,0.32
Eritrea,ERI,2013,0.288
Eritrea,ERI,2014,0.288
Eritrea,ERI,2015,0.288
Eritrea,ERI,2016,0.262
Eritrea,ERI,2017,0.334
Eritrea,ERI,2018,0.304
Eritrea,ERI,2019,0.32
Eritrea,ERI,2020,0.342
Eritrea,ERI,2021,0.286
Eritrea,ERI,2022,0.295
Eritrea,ERI,2023,0.285
Eritrea,ERI,2024,0.272
Eritrea,ERI,2025,0.248
Estonia,EST,1918,0.857
Estonia,EST,1919,0.857
Estonia,EST,1920,0.864
Estonia,EST,1921,0.864
Estonia,EST,1922,0.864
Estonia,EST,1923,0.864
Estonia,EST,1924,0.864
Estonia,EST,1925,0.864
Estonia,EST,1926,0.864
Estonia,EST,1927,0.864
Estonia,EST,1928,0.865
Estonia,EST,1929,0.865
Estonia,EST,1930,0.873
Estonia,EST,1931,0.873
Estonia,EST,1932,0.865
Estonia,EST,1933,0.865
Estonia,EST,1934,0.866
Estonia,EST,1935,0.866
Estonia,EST,1936,0.866
Estonia,EST,1937,0.866
Estonia,EST,1938,0.865
Estonia,EST,1939,0.874
Estonia,EST,1990,0.829
Estonia,EST,1991,0.829
Estonia,EST,1992,0.839
Estonia,EST,1993,0.827
Estonia,EST,1994,0.827
Estonia,EST,1995,0.817
Estonia,EST,1996,0.848
Estonia,EST,1997,0.848
Estonia,EST,1998,0.841
Estonia,EST,1999,0.897
Estonia,EST,2000,0.945
Estonia,EST,2001,0.945
Estonia,EST,2002,0.947
Estonia,EST,2003,0.946
Estonia,EST,2004,0.954
Estonia,EST,2005,0.962
Estonia,EST,2006,0.959
Estonia,EST,2007,0.959
Estonia,EST,2008,0.967
Estonia,EST,2009,0.967
Estonia,EST,2010,0.972
Estonia,EST,2011,0.972
Estonia,EST,2012,0.972
Estonia,EST,2013,0.973
Estonia,EST,2014,0.973
Estonia,EST,2015,0.973
Estonia,EST,2016,0.973
Estonia,EST,2017,0.973
Estonia,EST,2018,0.97
Estonia,EST,2019,0.969
Estonia,EST,2020,0.969
Estonia,EST,2021,0.969
Estonia,EST,2022,0.969
Estonia,EST,2023,0.969
Estonia,EST,2024,0.975
Estonia,EST,2025,0.975
Eswatini,SWZ,1900,0.521
Eswatini,SWZ,1901,0.521
Eswatini,SWZ,1902,0.521
Eswatini,SWZ,1903,0.521
Eswatini,SWZ,1904,0.521
Eswatini,SWZ,1905,0.521
Eswatini,SWZ,1906,0.521
Eswatini,SWZ,1907,0.521
Eswatini,SWZ,1908,0.521
Eswatini,SWZ,1909,0.545
Eswatini,SWZ,1910,0.545
Eswatini,SWZ,1911,0.545
Eswatini,SWZ,1912,0.545
Eswatini,SWZ,1913,0.545
Eswatini,SWZ,1914,0.545
Eswatini,SWZ,1915,0.545
Eswatini,SWZ,1916,0.545
Eswatini,SWZ,1917,0.545
Eswatini,SWZ,1918,0.545
Eswatini,SWZ,1919,0.545
Eswatini,SWZ,1920,0.545
Eswatini,SWZ,1921,0.545
Eswatini,SWZ,1922,0.545
Eswatini,SWZ,1923,0.545
Eswatini,SWZ,1924,0.545
Eswatini,SWZ,1925,0.545
Eswatini,SWZ,1926,0.545
Eswatini,SWZ,1927,0.545
Eswatini,SWZ,1928,0.545
Eswatini,SWZ,1929,0.545
Eswatini,SWZ,1930,0.545
Eswatini,SWZ,1931,0.545
Eswatini,SWZ,1932,0.545
Eswatini,SWZ,1933,0.545
Eswatini,SWZ,1934,0.545
Eswatini,SWZ,1935,0.545
Eswatini,SWZ,1936,0.545
Eswatini,SWZ,1937,0.545
Eswatini,SWZ,1938,0.545
Eswatini,SWZ,1939,0.545
Eswatini,SWZ,1940,0.545
Eswatini,SWZ,1941,0.545
Eswatini,SWZ,1942,0.545
Eswatini,SWZ,1943,0.545
Eswatini,SWZ,1944,0.545
Eswatini,SWZ,1945,0.545
Eswatini,SWZ,1946,0.545
Eswatini,SWZ,1947,0.545
Eswatini,SWZ,1948,0.545
Eswatini,SWZ,1949,0.545
Eswatini,SWZ,1950,0.545
Eswatini,SWZ,1951,0.545
Eswatini,SWZ,1952,0.545
Eswatini,SWZ,1953,0.545
Eswatini,SWZ,1954,0.545
Eswatini,SWZ,1955,0.545
Eswatini,SWZ,1956,0.545
Eswatini,SWZ,1957,0.545
Eswatini,SWZ,1958,0.545
Eswatini,SWZ,1959,0.545
Eswatini,SWZ,1960,0.545
Eswatini,SWZ,1961,0.545
Eswatini,SWZ,1962,0.545
Eswatini,SWZ,1963,0.545
Eswatini,SWZ,1964,0.545
Eswatini,SWZ,1965,0.641
Eswatini,SWZ,1966,0.641
Eswatini,SWZ,1967,0.649
Eswatini,SWZ,1968,0.626
Eswatini,SWZ,1969,0.626
Eswatini,SWZ,1970,0.626
Eswatini,SWZ,1971,0.626
Eswatini,SWZ,1972,0.626
Eswatini,SWZ,1973,0.626
Eswatini,SWZ,1974,0.527
Eswatini,SWZ,1975,0.527
Eswatini,SWZ,1976,0.527
Eswatini,SWZ,1977,0.527
Eswatini,SWZ,1978,0.527
Eswatini,SWZ,1979,0.626
Eswatini,SWZ,1980,0.626
Eswatini,SWZ,1981,0.626
Eswatini,SWZ,1982,0.626
Eswatini,SWZ,1983,0.575
Eswatini,SWZ,1984,0.575
Eswatini,SWZ,1985,0.575
Eswatini,SWZ,1986,0.575
Eswatini,SWZ,1987,0.575
Eswatini,SWZ,1988,0.575
Eswatini,SWZ,1989,0.575
Eswatini,SWZ,1990,0.575
Eswatini,SWZ,1991,0.575
Eswatini,SWZ,1992,0.575
Eswatini,SWZ,1993,0.575
Eswatini,SWZ,1994,0.575
Eswatini,SWZ,1995,0.575
Eswatini,SWZ,1996,0.575
Eswatini,SWZ,1997,0.575
Eswatini,SWZ,1998,0.575
Eswatini,SWZ,1999,0.575
Eswatini,SWZ,2000,0.551
Eswatini,SWZ,2001,0.551
Eswatini,SWZ,2002,0.551
Eswatini,SWZ,2003,0.551
Eswatini,SWZ,2004,0.551
Eswatini,SWZ,2005,0.551
Eswatini,SWZ,2006,0.551
Eswatini,SWZ,2007,0.525
Eswatini,SWZ,2008,0.525
Eswatini,SWZ,2009,0.525
Eswatini,SWZ,2010,0.525
Eswatini,SWZ,2011,0.522
Eswatini,SWZ,2012,0.522
Eswatini,SWZ,2013,0.507
Eswatini,SWZ,2014,0.507
Eswatini,SWZ,2015,0.507
Eswatini,SWZ,2016,0.507
Eswatini,SWZ,2017,0.547
Eswatini,SWZ,2018,0.529
Eswatini,SWZ,2019,0.529
Eswatini,SWZ,2020,0.529
Eswatini,SWZ,2021,0.453
Eswatini,SWZ,2022,0.475
Eswatini,SWZ,2023,0.46
Eswatini,SWZ,2024,0.46
Eswatini,SWZ,2025,0.446
Ethiopia,ETH,1900,0.172
Ethiopia,ETH,1901,0.172
Ethiopia,ETH,1902,0.172
Ethiopia,ETH,1903,0.172
Ethiopia,ETH,1904,0.172
Ethiopia,ETH,1905,0.172
Ethiopia,ETH,1906,0.172
Ethiopia,ETH,1907,0.172
Ethiopia,ETH,1908,0.172
Ethiopia,ETH,1909,0.172
Ethiopia,ETH,1910,0.172
Ethiopia,ETH,1911,0.172
Ethiopia,ETH,1912,0.172
Ethiopia,ETH,1913,0.172
Ethiopia,ETH,1914,0.172
Ethiopia,ETH,1915,0.172
Ethiopia,ETH,1916,0.172
Ethiopia,ETH,1917,0.172
Ethiopia,ETH,1918,0.172
Ethiopia,ETH,1919,0.172
Ethiopia,ETH,1920,0.172
Ethiopia,ETH,1921,0.172
Ethiopia,ETH,1922,0.172
Ethiopia,ETH,1923,0.172
Ethiopia,ETH,1924,0.172
Ethiopia,ETH,1925,0.172
Ethiopia,ETH,1926,0.172
Ethiopia,ETH,1927,0.172
Ethiopia,ETH,1928,0.172
Ethiopia,ETH,1929,0.172
Ethiopia,ETH,1930,0.172
Ethiopia,ETH,1931,0.263
Ethiopia,ETH,1932,0.263
Ethiopia,ETH,1933,0.263
Ethiopia,ETH,1934,0.263
Ethiopia,ETH,1935,0.263
Ethiopia,ETH,1936,0.211
Ethiopia,ETH,1937,0.211
Ethiopia,ETH,1938,0.211
Ethiopia,ETH,1939,0.211
Ethiopia,ETH,1940,0.211
Ethiopia,ETH,1941,0.281
Ethiopia,ETH,1942,0.345
Ethiopia,ETH,1943,0.345
Ethiopia,ETH,1944,0.345
Ethiopia,ETH,1945,0.345
Ethiopia,ETH,1946,0.345
Ethiopia,ETH,1947,0.345
Ethiopia,ETH,1948,0.337
Ethiopia,ETH,1949,0.337
Ethiopia,ETH,1950,0.337
Ethiopia,ETH,1951,0.337
Ethiopia,ETH,1952,0.337
Ethiopia,ETH,1953,0.337
Ethiopia,ETH,1954,0.337
Ethiopia,ETH,1955,0.337
Ethiopia,ETH,1956,0.337
Ethiopia,ETH,1957,0.337
Ethiopia,ETH,1958,0.337
Ethiopia,ETH,1959,0.337
Ethiopia,ETH,1960,0.337
Ethiopia,ETH,1961,0.337
Ethiopia,ETH,1962,0.337
Ethiopia,ETH,1963,0.337
Ethiopia,ETH,1964,0.337
Ethiopia,ETH,1965,0.337
Ethiopia,ETH,1966,0.337
Ethiopia,ETH,1967,0.337
Ethiopia,ETH,1968,0.346
Ethiopia,ETH,1969,0.346
Ethiopia,ETH,1970,0.335
Ethiopia,ETH,1971,0.335
Ethiopia,ETH,1972,0.335
Ethiopia,ETH,1973,0.332
Ethiopia,ETH,1974,0.387
Ethiopia,ETH,1975,0.463
Ethiopia,ETH,1976,0.463
Ethiopia,ETH,1977,0.463
Ethiopia,ETH,1978,0.463
Ethiopia,ETH,1979,0.463
Ethiopia,ETH,1980,0.463
Ethiopia,ETH,1981,0.463
Ethiopia,ETH,1982,0.463
Ethiopia,ETH,1983,0.463
Ethiopia,ETH,1984,0.463
Ethiopia,ETH,1985,0.463
Ethiopia,ETH,1986,0.463
Ethiopia,ETH,1987,0.476
Ethiopia,ETH,1988,0.57
Ethiopia,ETH,1989,0.57
Ethiopia,ETH,1990,0.57
Ethiopia,ETH,1991,0.504
Ethiopia,ETH,1992,0.504
Ethiopia,ETH,1993,0.504
Ethiopia,ETH,1994,0.504
Ethiopia,ETH,1995,0.428
Ethiopia,ETH,1996,0.439
Ethiopia,ETH,1997,0.439
Ethiopia,ETH,1998,0.439
Ethiopia,ETH,1999,0.439
Ethiopia,ETH,2000,0.439
Ethiopia,ETH,2001,0.439
Ethiopia,ETH,2002,0.439
Ethiopia,ETH,2003,0.439
Ethiopia,ETH,2004,0.439
Ethiopia,ETH,2005,0.439
Ethiopia,ETH,2006,0.439
Ethiopia,ETH,2007,0.471
Ethiopia,ETH,2008,0.448
Ethiopia,ETH,2009,0.43
Ethiopia,ETH,2010,0.43
Ethiopia,ETH,2011,0.43
Ethiopia,ETH,2012,0.429
Ethiopia,ETH,2013,0.433
Ethiopia,ETH,2014,0.432
Ethiopia,ETH,2015,0.434
Ethiopia,ETH,2016,0.434
Ethiopia,ETH,2017,0.446
Ethiopia,ETH,2018,0.447
Ethiopia,ETH,2019,0.447
Ethiopia,ETH,2020,0.448
Ethiopia,ETH,2021,0.437
Ethiopia,ETH,2022,0.439
Ethiopia,ETH,2023,0.435
Ethiopia,ETH,2024,0.48
Ethiopia,ETH,2025,0.471
Fiji,FJI,1900,0.754
Fiji,FJI,1901,0.754
Fiji,FJI,1902,0.754
Fiji,FJI,1903,0.754
Fiji,FJI,1904,0.751
Fiji,FJI,1905,0.751
Fiji,FJI,1906,0.751
Fiji,FJI,1907,0.751
Fiji,FJI,1908,0.751
Fiji,FJI,1909,0.751
Fiji,FJI,1910,0.751
Fiji,FJI,1911,0.751
Fiji,FJI,1912,0.751
Fiji,FJI,1913,0.751
Fiji,FJI,1914,0.751
Fiji,FJI,1915,0.751
Fiji,FJI,1916,0.751
Fiji,FJI,1917,0.751
Fiji,FJI,1918,0.751
Fiji,FJI,1919,0.751
Fiji,FJI,1920,0.751
Fiji,FJI,1921,0.751
Fiji,FJI,1922,0.751
Fiji,FJI,1923,0.751
Fiji,FJI,1924,0.751
Fiji,FJI,1925,0.751
Fiji,FJI,1926,0.751
Fiji,FJI,1927,0.751
Fiji,FJI,1928,0.751
Fiji,FJI,1929,0.751
Fiji,FJI,1930,0.751
Fiji,FJI,1931,0.751
Fiji,FJI,1932,0.751
Fiji,FJI,1933,0.751
Fiji,FJI,1934,0.751
Fiji,FJI,1935,0.751
Fiji,FJI,1936,0.751
Fiji,FJI,1937,0.751
Fiji,FJI,1938,0.751
Fiji,FJI,1939,0.751
Fiji,FJI,1940,0.751
Fiji,FJI,1941,0.751
Fiji,FJI,1942,0.751
Fiji,FJI,1943,0.751
Fiji,FJI,1944,0.751
Fiji,FJI,1945,0.751
Fiji,FJI,1946,0.751
Fiji,FJI,1947,0.751
Fiji,FJI,1948,0.751
Fiji,FJI,1949,0.751
Fiji,FJI,1950,0.751
Fiji,FJI,1951,0.751
Fiji,FJI,1952,0.751
Fiji,FJI,1953,0.751
Fiji,FJI,1954,0.751
Fiji,FJI,1955,0.751
Fiji,FJI,1956,0.751
Fiji,FJI,1957,0.751
Fiji,FJI,1958,0.751
Fiji,FJI,1959,0.751
Fiji,FJI,1960,0.751
Fiji,FJI,1961,0.751
Fiji,FJI,1962,0.751
Fiji,FJI,1963,0.751
Fiji,FJI,1964,0.751
Fiji,FJI,1965,0.751
Fiji,FJI,1966,0.751
Fiji,FJI,1967,0.751
Fiji,FJI,1968,0.751
Fiji,FJI,1969,0.751
Fiji,FJI,1970,0.691
Fiji,FJI,1971,0.691
Fiji,FJI,1972,0.691
Fiji,FJI,1973,0.691
Fiji,FJI,1974,0.691
Fiji,FJI,1975,0.691
Fiji,FJI,1976,0.691
Fiji,FJI,1977,0.691
Fiji,FJI,1978,0.691
Fiji,FJI,1979,0.691
Fiji,FJI,1980,0.691
Fiji,FJI,1981,0.691
Fiji,FJI,1982,0.691
Fiji,FJI,1983,0.691
Fiji,FJI,1984,0.691
Fiji,FJI,1985,0.691
Fiji,FJI,1986,0.691
Fiji,FJI,1987,0.742
Fiji,FJI,1988,0.742
Fiji,FJI,1989,0.742
Fiji,FJI,1990,0.742
Fiji,FJI,1991,0.742
Fiji,FJI,1992,0.742
Fiji,FJI,1993,0.691
Fiji,FJI,1994,0.691
Fiji,FJI,1995,0.691
Fiji,FJI,1996,0.691
Fiji,FJI,1997,0.691
Fiji,FJI,1998,0.691
Fiji,FJI,1999,0.691
Fiji,FJI,2000,0.742
Fiji,FJI,2001,0.742
Fiji,FJI,2002,0.685
Fiji,FJI,2003,0.685
Fiji,FJI,2004,0.685
Fiji,FJI,2005,0.685
Fiji,FJI,2006,0.681
Fiji,FJI,2007,0.766
Fiji,FJI,2008,0.771
Fiji,FJI,2009,0.771
Fiji,FJI,2010,0.766
Fiji,FJI,2011,0.766
Fiji,FJI,2012,0.759
Fiji,FJI,2013,0.762
Fiji,FJI,2014,0.781
Fiji,FJI,2015,0.753
Fiji,FJI,2016,0.752
Fiji,FJI,2017,0.753
Fiji,FJI,2018,0.748
Fiji,FJI,2019,0.726
Fiji,FJI,2020,0.707
Fiji,FJI,2021,0.669
Fiji,FJI,2022,0.643
Fiji,FJI,2023,0.711
Fiji,FJI,2024,0.711
Fiji,FJI,2025,0.711
Finland,FIN,1900,0.947
Finland,FIN,1901,0.947
Finland,FIN,1902,0.947
Finland,FIN,1903,0.947
Finland,FIN,1904,0.947
Finland,FIN,1905,0.947
Finland,FIN,1906,0.956
Finland,FIN,1907,0.956
Finland,FIN,1908,0.956
Finland,FIN,1909,0.956
Finland,FIN,1910,0.956
Finland,FIN,1911,0.956
Finland,FIN,1912,0.956
Finland,FIN,1913,0.956
Finland,FIN,1914,0.956
Finland,FIN,1915,0.956
Finland,FIN,1916,0.956
Finland,FIN,1917,0.97
Finland,FIN,1918,0.966
Finland,FIN,1919,0.985
Finland,FIN,1920,0.985
Finland,FIN,1921,0.985
Finland,FIN,1922,0.985
Finland,FIN,1923,0.985
Finland,FIN,1924,0.985
Finland,FIN,1925,0.985
Finland,FIN,1926,0.985
Finland,FIN,1927,0.985
Finland,FIN,1928,0.985
Finland,FIN,1929,0.985
Finland,FIN,1930,0.985
Finland,FIN,1931,0.985
Finland,FIN,1932,0.985
Finland,FIN,1933,0.985
Finland,FIN,1934,0.985
Finland,FIN,1935,0.985
Finland,FIN,1936,0.985
Finland,FIN,1937,0.985
Finland,FIN,1938,0.985
Finland,FIN,1939,0.971
Finland,FIN,1940,0.971
Finland,FIN,1941,0.971
Finland,FIN,1942,0.971
Finland,FIN,1943,0.971
Finland,FIN,1944,0.971
Finland,FIN,1945,0.985
Finland,FIN,1946,0.985
Finland,FIN,1947,0.985
Finland,FIN,1948,0.985
Finland,FIN,1949,0.985
Finland,FIN,1950,0.985
Finland,FIN,1951,0.985
Finland,FIN,1952,0.985
Finland,FIN,1953,0.985
Finland,FIN,1954,0.985
Finland,FIN,1955,0.985
Finland,FIN,1956,0.985
Finland,FIN,1957,0.985
Finland,FIN,1958,0.985
Finland,FIN,1959,0.985
Finland,FIN,1960,0.985
Finland,FIN,1961,0.985
Finland,FIN,1962,0.985
Finland,FIN,1963,0.985
Finland,FIN,1964,0.985
Finland,FIN,1965,0.985
Finland,FIN,1966,0.985
Finland,FIN,1967,0.985
Finland,FIN,1968,0.985
Finland,FIN,1969,0.985
Finland,FIN,1970,0.985
Finland,FIN,1971,0.985
Finland,FIN,1972,0.985
Finland,FIN,1973,0.985
Finland,FIN,1974,0.985
Finland,FIN,1975,0.985
Finland,FIN,1976,0.985
Finland,FIN,1977,0.985
Finland,FIN,1978,0.985
Finland,FIN,1979,0.985
Finland,FIN,1980,0.985
Finland,FIN,1981,0.985
Finland,FIN,1982,0.985
Finland,FIN,1983,0.985
Finland,FIN,1984,0.985
Finland,FIN,1985,0.985
Finland,FIN,1986,0.985
Finland,FIN,1987,0.985
Finland,FIN,1988,0.985
Finland,FIN,1989,0.985
Finland,FIN,1990,0.985
Finland,FIN,1991,0.985
Finland,FIN,1992,0.985
Finland,FIN,1993,0.985
Finland,FIN,1994,0.985
Finland,FIN,1995,0.985
Finland,FIN,1996,0.985
Finland,FIN,1997,0.985
Finland,FIN,1998,0.985
Finland,FIN,1999,0.985
Finland,FIN,2000,0.985
Finland,FIN,2001,0.985
Finland,FIN,2002,0.985
Finland,FIN,2003,0.985
Finland,FIN,2004,0.985
Finland,FIN,2005,0.985
Finland,FIN,2006,0.985
Finland,FIN,2007,0.985
Finland,FIN,2008,0.985
Finland,FIN,2009,0.985
Finland,FIN,2010,0.985
Finland,FIN,2011,0.985
Finland,FIN,2012,0.985
Finland,FIN,2013,0.989
Finland,FIN,2014,0.989
Finland,FIN,2015,0.988
Finland,FIN,2016,0.988
Finland,FIN,2017,0.988
Finland,FIN,2018,0.982
Finland,FIN,2019,0.99
Finland,FIN,2020,0.989
Finland,FIN,2021,0.989
Finland,FIN,2022,0.989
Finland,FIN,2023,0.985
Finland,FIN,2024,0.977
Finland,FIN,2025,0.969
France,FRA,1900,0.87
France,FRA,1901,0.87
France,FRA,1902,0.87
France,FRA,1903,0.87
France,FRA,1904,0.87
France,FRA,1905,0.87
France,FRA,1906,0.87
France,FRA,1907,0.87
France,FRA,1908,0.87
France,FRA,1909,0.87
France,FRA,1910,0.87
France,FRA,1911,0.87
France,FRA,1912,0.87
France,FRA,1913,0.87
France,FRA,1914,0.87
France,FRA,1915,0.87
France,FRA,1916,0.87
France,FRA,1917,0.87
France,FRA,1918,0.87
France,FRA,1919,0.87
France,FRA,1920,0.87
France,FRA,1921,0.87
France,FRA,1922,0.87
France,FRA,1923,0.87
France,FRA,1924,0.87
France,FRA,1925,0.87
France,FRA,1926,0.87
France,FRA,1927,0.87
France,FRA,1928,0.87
France,FRA,1929,0.87
France,FRA,1930,0.87
France,FRA,1931,0.87
France,FRA,1932,0.87
France,FRA,1933,0.87
France,FRA,1934,0.87
France,FRA,1935,0.87
France,FRA,1936,0.87
France,FRA,1937,0.87
France,FRA,1938,0.87
France,FRA,1939,0.87
France,FRA,1940,0.771
France,FRA,1941,0.816
France,FRA,1942,0.816
France,FRA,1943,0.816
France,FRA,1944,0.816
France,FRA,1945,0.949
France,FRA,1946,0.949
France,FRA,1947,0.916
France,FRA,1948,0.916
France,FRA,1949,0.916
France,FRA,1950,0.916
France,FRA,1951,0.916
France,FRA,1952,0.916
France,FRA,1953,0.916
France,FRA,1954,0.916
France,FRA,1955,0.916
France,FRA,1956,0.916
France,FRA,1957,0.916
France,FRA,1958,0.92
France,FRA,1959,0.941
France,FRA,1960,0.941
France,FRA,1961,0.941
France,FRA,1962,0.941
France,FRA,1963,0.941
France,FRA,1964,0.941
France,FRA,1965,0.941
France,FRA,1966,0.941
France,FRA,1967,0.941
France,FRA,1968,0.941
France,FRA,1969,0.941
France,FRA,1970,0.941
France,FRA,1971,0.941
France,FRA,1972,0.941
France,FRA,1973,0.941
France,FRA,1974,0.941
France,FRA,1975,0.941
France,FRA,1976,0.941
France,FRA,1977,0.941
France,FRA,1978,0.941
France,FRA,1979,0.941
France,FRA,1980,0.941
France,FRA,1981,0.941
France,FRA,1982,0.941
France,FRA,1983,0.941
France,FRA,1984,0.941
France,FRA,1985,0.941
France,FRA,1986,0.941
France,FRA,1987,0.941
France,FRA,1988,0.941
France,FRA,1989,0.941
France,FRA,1990,0.941
France,FRA,1991,0.941
France,FRA,1992,0.941
France,FRA,1993,0.941
France,FRA,1994,0.941
France,FRA,1995,0.941
France,FRA,1996,0.941
France,FRA,1997,0.941
France,FRA,1998,0.941
France,FRA,1999,0.941
France,FRA,2000,0.941
France,FRA,2001,0.941
France,FRA,2002,0.941
France,FRA,2003,0.941
France,FRA,2004,0.941
France,FRA,2005,0.941
France,FRA,2006,0.941
France,FRA,2007,0.941
France,FRA,2008,0.941
France,FRA,2009,0.941
France,FRA,2010,0.941
France,FRA,2011,0.941
France,FRA,2012,0.941
France,FRA,2013,0.947
France,FRA,2014,0.947
France,FRA,2015,0.947
France,FRA,2016,0.947
France,FRA,2017,0.947
France,FRA,2018,0.942
France,FRA,2019,0.939
France,FRA,2020,0.946
France,FRA,2021,0.946
France,FRA,2022,0.955
France,FRA,2023,0.955
France,FRA,2024,0.951
France,FRA,2025,0.944
Gabon,GAB,1910,0.716
Gabon,GAB,1911,0.716
Gabon,GAB,1912,0.716
Gabon,GAB,1913,0.716
Gabon,GAB,1914,0.716
Gabon,GAB,1915,0.716
Gabon,GAB,1916,0.716
Gabon,GAB,1917,0.716
Gabon,GAB,1918,0.716
Gabon,GAB,1919,0.716
Gabon,GAB,1920,0.716
Gabon,GAB,1921,0.716
Gabon,GAB,1922,0.716
Gabon,GAB,1923,0.716
Gabon,GAB,1924,0.716
Gabon,GAB,1925,0.716
Gabon,GAB,1926,0.716
Gabon,GAB,1927,0.716
Gabon,GAB,1928,0.716
Gabon,GAB,1929,0.716
Gabon,GAB,1930,0.716
Gabon,GAB,1931,0.716
Gabon,GAB,1932,0.716
Gabon,GAB,1933,0.716
Gabon,GAB,1934,0.716
Gabon,GAB,1935,0.716
Gabon,GAB,1936,0.716
Gabon,GAB,1937,0.716
Gabon,GAB,1938,0.716
Gabon,GAB,1939,0.716
Gabon,GAB,1940,0.716
Gabon,GAB,1941,0.716
Gabon,GAB,1942,0.716
Gabon,GAB,1943,0.716
Gabon,GAB,1944,0.716
Gabon,GAB,1945,0.689
Gabon,GAB,1946,0.601
Gabon,GAB,1947,0.601
Gabon,GAB,1948,0.601
Gabon,GAB,1949,0.601
Gabon,GAB,1950,0.445
Gabon,GAB,1951,0.445
Gabon,GAB,1952,0.445
Gabon,GAB,1953,0.445
Gabon,GAB,1954,0.445
Gabon,GAB,1955,0.445
Gabon,GAB,1956,0.445
Gabon,GAB,1957,0.445
Gabon,GAB,1958,0.424
Gabon,GAB,1959,0.424
Gabon,GAB,1960,0.198
Gabon,GAB,1961,0.179
Gabon,GAB,1962,0.179
Gabon,GAB,1963,0.179
Gabon,GAB,1964,0.184
Gabon,GAB,1965,0.181
Gabon,GAB,1966,0.181
Gabon,GAB,1967,0.181
Gabon,GAB,1968,0.174
Gabon,GAB,1969,0.174
Gabon,GAB,1970,0.132
Gabon,GAB,1971,0.132
Gabon,GAB,1972,0.132
Gabon,GAB,1973,0.132
Gabon,GAB,1974,0.132
Gabon,GAB,1975,0.132
Gabon,GAB,1976,0.132
Gabon,GAB,1977,0.132
Gabon,GAB,1978,0.132
Gabon,GAB,1979,0.132
Gabon,GAB,1980,0.132
Gabon,GAB,1981,0.132
Gabon,GAB,1982,0.132
Gabon,GAB,1983,0.132
Gabon,GAB,1984,0.132
Gabon,GAB,1985,0.132
Gabon,GAB,1986,0.132
Gabon,GAB,1987,0.132
Gabon,GAB,1988,0.132
Gabon,GAB,1989,0.132
Gabon,GAB,1990,0.133
Gabon,GAB,1991,0.118
Gabon,GAB,1992,0.118
Gabon,GAB,1993,0.118
Gabon,GAB,1994,0.118
Gabon,GAB,1995,0.118
Gabon,GAB,1996,0.118
Gabon,GAB,1997,0.118
Gabon,GAB,1998,0.118
Gabon,GAB,1999,0.118
Gabon,GAB,2000,0.118
Gabon,GAB,2001,0.118
Gabon,GAB,2002,0.118
Gabon,GAB,2003,0.118
Gabon,GAB,2004,0.118
Gabon,GAB,2005,0.118
Gabon,GAB,2006,0.118
Gabon,GAB,2007,0.118
Gabon,GAB,2008,0.118
Gabon,GAB,2009,0.118
Gabon,GAB,2010,0.127
Gabon,GAB,2011,0.127
Gabon,GAB,2012,0.112
Gabon,GAB,2013,0.225
Gabon,GAB,2014,0.225
Gabon,GAB,2015,0.225
Gabon,GAB,2016,0.225
Gabon,GAB,2017,0.171
Gabon,GAB,2018,0.196
Gabon,GAB,2019,0.157
Gabon,GAB,2020,0.179
Gabon,GAB,2021,0.177
Gabon,GAB,2022,0.17
Gabon,GAB,2023,0.17
Gabon,GAB,2024,0.276
Gabon,GAB,2025,0.28
Gambia,GMB,1900,0.898
Gambia,GMB,1901,0.913
Gambia,GMB,1902,0.913
Gambia,GMB,1903,0.913
Gambia,GMB,1904,0.913
Gambia,GMB,1905,0.913
Gambia,GMB,1906,0.913
Gambia,GMB,1907,0.913
Gambia,GMB,1908,0.913
Gambia,GMB,1909,0.913
Gambia,GMB,1910,0.913
Gambia,GMB,1911,0.913
Gambia,GMB,1912,0.913
Gambia,GMB,1913,0.913
Gambia,GMB,1914,0.913
Gambia,GMB,1915,0.913
Gambia,GMB,1916,0.913
Gambia,GMB,1917,0.913
Gambia,GMB,1918,0.913
Gambia,GMB,1919,0.913
Gambia,GMB,1920,0.913
Gambia,GMB,1921,0.913
Gambia,GMB,1922,0.913
Gambia,GMB,1923,0.913
Gambia,GMB,1924,0.913
Gambia,GMB,1925,0.913
Gambia,GMB,1926,0.913
Gambia,GMB,1927,0.913
Gambia,GMB,1928,0.913
Gambia,GMB,1929,0.913
Gambia,GMB,1930,0.913
Gambia,GMB,1931,0.913
Gambia,GMB,1932,0.913
Gambia,GMB,1933,0.913
Gambia,GMB,1934,0.913
Gambia,GMB,1935,0.913
Gambia,GMB,1936,0.913
Gambia,GMB,1937,0.913
Gambia,GMB,1938,0.913
Gambia,GMB,1939,0.913
Gambia,GMB,1940,0.913
Gambia,GMB,1941,0.913
Gambia,GMB,1942,0.913
Gambia,GMB,1943,0.913
Gambia,GMB,1944,0.913
Gambia,GMB,1945,0.913
Gambia,GMB,1946,0.913
Gambia,GMB,1947,0.913
Gambia,GMB,1948,0.913
Gambia,GMB,1949,0.913
Gambia,GMB,1950,0.907
Gambia,GMB,1951,0.907
Gambia,GMB,1952,0.907
Gambia,GMB,1953,0.907
Gambia,GMB,1954,0.907
Gambia,GMB,1955,0.907
Gambia,GMB,1956,0.907
Gambia,GMB,1957,0.907
Gambia,GMB,1958,0.907
Gambia,GMB,1959,0.907
Gambia,GMB,1960,0.898
Gambia,GMB,1961,0.898
Gambia,GMB,1962,0.904
Gambia,GMB,1963,0.904
Gambia,GMB,1964,0.904
Gambia,GMB,1965,0.842
Gambia,GMB,1966,0.84
Gambia,GMB,1967,0.84
Gambia,GMB,1968,0.84
Gambia,GMB,1969,0.829
Gambia,GMB,1970,0.752
Gambia,GMB,1971,0.752
Gambia,GMB,1972,0.743
Gambia,GMB,1973,0.743
Gambia,GMB,1974,0.743
Gambia,GMB,1975,0.743
Gambia,GMB,1976,0.723
Gambia,GMB,1977,0.683
Gambia,GMB,1978,0.664
Gambia,GMB,1979,0.664
Gambia,GMB,1980,0.664
Gambia,GMB,1981,0.645
Gambia,GMB,1982,0.645
Gambia,GMB,1983,0.636
Gambia,GMB,1984,0.636
Gambia,GMB,1985,0.636
Gambia,GMB,1986,0.636
Gambia,GMB,1987,0.636
Gambia,GMB,1988,0.636
Gambia,GMB,1989,0.636
Gambia,GMB,1990,0.636
Gambia,GMB,1991,0.636
Gambia,GMB,1992,0.636
Gambia,GMB,1993,0.636
Gambia,GMB,1994,0.571
Gambia,GMB,1995,0.489
Gambia,GMB,1996,0.397
Gambia,GMB,1997,0.432
Gambia,GMB,1998,0.432
Gambia,GMB,1999,0.432
Gambia,GMB,2000,0.437
Gambia,GMB,2001,0.437
Gambia,GMB,2002,0.437
Gambia,GMB,2003,0.437
Gambia,GMB,2004,0.437
Gambia,GMB,2005,0.437
Gambia,GMB,2006,0.437
Gambia,GMB,2007,0.437
Gambia,GMB,2008,0.437
Gambia,GMB,2009,0.437
Gambia,GMB,2010,0.437
Gambia,GMB,2011,0.437
Gambia,GMB,2012,0.437
Gambia,GMB,2013,0.419
Gambia,GMB,2014,0.419
Gambia,GMB,2015,0.419
Gambia,GMB,2016,0.435
Gambia,GMB,2017,0.707
Gambia,GMB,2018,0.699
Gambia,GMB,2019,0.644
Gambia,GMB,2020,0.672
Gambia,GMB,2021,0.703
Gambia,GMB,2022,0.725
Gambia,GMB,2023,0.74
Gambia,GMB,2024,0.72
Gambia,GMB,2025,0.729
Georgia,GEO,1990,0.268
Georgia,GEO,1991,0.252
Georgia,GEO,1992,0.104
Georgia,GEO,1993,0.142
Georgia,GEO,1994,0.142
Georgia,GEO,1995,0.134
Georgia,GEO,1996,0.099
Georgia,GEO,1997,0.109
Georgia,GEO,1998,0.111
Georgia,GEO,1999,0.115
Georgia,GEO,2000,0.126
Georgia,GEO,2001,0.126
Georgia,GEO,2002,0.126
Georgia,GEO,2003,0.126
Georgia,GEO,2004,0.8
Georgia,GEO,2005,0.853
Georgia,GEO,2006,0.864
Georgia,GEO,2007,0.875
Georgia,GEO,2008,0.893
Georgia,GEO,2009,0.895
Georgia,GEO,2010,0.898
Georgia,GEO,2011,0.899
Georgia,GEO,2012,0.904
Georgia,GEO,2013,0.91
Georgia,GEO,2014,0.906
Georgia,GEO,2015,0.899
Georgia,GEO,2016,0.892
Georgia,GEO,2017,0.893
Georgia,GEO,2018,0.884
Georgia,GEO,2019,0.886
Georgia,GEO,2020,0.877
Georgia,GEO,2021,0.859
Georgia,GEO,2022,0.853
Georgia,GEO,2023,0.84
Georgia,GEO,2024,0.812
Georgia,GEO,2025,0.711
Germany,DEU,1900,0.923
Germany,DEU,1901,0.923
Germany,DEU,1902,0.923
Germany,DEU,1903,0.923
Germany,DEU,1904,0.923
Germany,DEU,1905,0.923
Germany,DEU,1906,0.923
Germany,DEU,1907,0.923
Germany,DEU,1908,0.923
Germany,DEU,1909,0.923
Germany,DEU,1910,0.923
Germany,DEU,1911,0.923
Germany,DEU,1912,0.923
Germany,DEU,1913,0.923
Germany,DEU,1914,0.913
Germany,DEU,1915,0.908
Germany,DEU,1916,0.907
Germany,DEU,1917,0.906
Germany,DEU,1918,0.893
Germany,DEU,1919,0.898
Germany,DEU,1920,0.917
Germany,DEU,1921,0.917
Germany,DEU,1922,0.917
Germany,DEU,1923,0.917
Germany,DEU,1924,0.917
Germany,DEU,1925,0.917
Germany,DEU,1926,0.917
Germany,DEU,1927,0.917
Germany,DEU,1928,0.917
Germany,DEU,1929,0.917
Germany,DEU,1930,0.917
Germany,DEU,1931,0.917
Germany,DEU,1932,0.903
Germany,DEU,1933,0.781
Germany,DEU,1934,0.731
Germany,DEU,1935,0.735
Germany,DEU,1936,0.735
Germany,DEU,1937,0.735
Germany,DEU,1938,0.735
Germany,DEU,1939,0.735
Germany,DEU,1940,0.735
Germany,DEU,1941,0.735
Germany,DEU,1942,0.735
Germany,DEU,1943,0.735
Germany,DEU,1944,0.735
Germany,DEU,1991,0.989
Germany,DEU,1992,0.989
Germany,DEU,1993,0.989
Germany,DEU,1994,0.989
Germany,DEU,1995,0.989
Germany,DEU,1996,0.989
Germany,DEU,1997,0.989
Germany,DEU,1998,0.989
Germany,DEU,1999,0.989
Germany,DEU,2000,0.989
Germany,DEU,2001,0.989
Germany,DEU,2002,0.989
Germany,DEU,2003,0.989
Germany,DEU,2004,0.989
Germany,DEU,2005,0.989
Germany,DEU,2006,0.989
Germany,DEU,2007,0.989
Germany,DEU,2008,0.989
Germany,DEU,2009,0.989
Germany,DEU,2010,0.989
Germany,DEU,2011,0.989
Germany,DEU,2012,0.989
Germany,DEU,2013,0.989
Germany,DEU,2014,0.989
Germany,DEU,2015,0.989
Germany,DEU,2016,0.988
Germany,DEU,2017,0.988
Germany,DEU,2018,0.987
Germany,DEU,2019,0.987
Germany,DEU,2020,0.984
Germany,DEU,2021,0.984
Germany,DEU,2022,0.982
Germany,DEU,2023,0.985
Germany,DEU,2024,0.976
Germany,DEU,2025,0.976
Ghana,GHA,1902,0.73
Ghana,GHA,1903,0.73
Ghana,GHA,1904,0.73
Ghana,GHA,1905,0.73
Ghana,GHA,1906,0.73
Ghana,GHA,1907,0.73
Ghana,GHA,1908,0.73
Ghana,GHA,1909,0.73
Ghana,GHA,1910,0.73
Ghana,GHA,1911,0.73
Ghana,GHA,1912,0.73
Ghana,GHA,1913,0.73
Ghana,GHA,1914,0.73
Ghana,GHA,1915,0.73
Ghana,GHA,1916,0.73
Ghana,GHA,1917,0.73
Ghana,GHA,1918,0.73
Ghana,GHA,1919,0.73
Ghana,GHA,1920,0.73
Ghana,GHA,1921,0.73
Ghana,GHA,1922,0.73
Ghana,GHA,1923,0.73
Ghana,GHA,1924,0.73
Ghana,GHA,1925,0.73
Ghana,GHA,1926,0.73
Ghana,GHA,1927,0.73
Ghana,GHA,1928,0.73
Ghana,GHA,1929,0.73
Ghana,GHA,1930,0.73
Ghana,GHA,1931,0.73
Ghana,GHA,1932,0.73
Ghana,GHA,1933,0.73
Ghana,GHA,1934,0.73
Ghana,GHA,1935,0.73
Ghana,GHA,1936,0.73
Ghana,GHA,1937,0.73
Ghana,GHA,1938,0.73
Ghana,GHA,1939,0.73
Ghana,GHA,1940,0.73
Ghana,GHA,1941,0.73
Ghana,GHA,1942,0.73
Ghana,GHA,1943,0.73
Ghana,GHA,1944,0.73
Ghana,GHA,1945,0.73
Ghana,GHA,1946,0.73
Ghana,GHA,1947,0.73
Ghana,GHA,1948,0.73
Ghana,GHA,1949,0.73
Ghana,GHA,1950,0.61
Ghana,GHA,1951,0.702
Ghana,GHA,1952,0.702
Ghana,GHA,1953,0.702
Ghana,GHA,1954,0.702
Ghana,GHA,1955,0.702
Ghana,GHA,1956,0.702
Ghana,GHA,1957,0.666
Ghana,GHA,1958,0.665
Ghana,GHA,1959,0.665
Ghana,GHA,1960,0.649
Ghana,GHA,1961,0.482
Ghana,GHA,1962,0.482
Ghana,GHA,1963,0.482
Ghana,GHA,1964,0.482
Ghana,GHA,1965,0.482
Ghana,GHA,1966,0.479
Ghana,GHA,1967,0.365
Ghana,GHA,1968,0.365
Ghana,GHA,1969,0.379
Ghana,GHA,1970,0.348
Ghana,GHA,1971,0.357
Ghana,GHA,1972,0.353
Ghana,GHA,1973,0.271
Ghana,GHA,1974,0.271
Ghana,GHA,1975,0.271
Ghana,GHA,1976,0.271
Ghana,GHA,1977,0.271
Ghana,GHA,1978,0.271
Ghana,GHA,1979,0.303
Ghana,GHA,1980,0.307
Ghana,GHA,1981,0.316
Ghana,GHA,1982,0.267
Ghana,GHA,1983,0.267
Ghana,GHA,1984,0.267
Ghana,GHA,1985,0.267
Ghana,GHA,1986,0.262
Ghana,GHA,1987,0.262
Ghana,GHA,1988,0.262
Ghana,GHA,1989,0.257
Ghana,GHA,1990,0.257
Ghana,GHA,1991,0.257
Ghana,GHA,1992,0.235
Ghana,GHA,1993,0.31
Ghana,GHA,1994,0.359
Ghana,GHA,1995,0.359
Ghana,GHA,1996,0.359
Ghana,GHA,1997,0.359
Ghana,GHA,1998,0.36
Ghana,GHA,1999,0.36
Ghana,GHA,2000,0.415
Ghana,GHA,2001,0.415
Ghana,GHA,2002,0.377
Ghana,GHA,2003,0.377
Ghana,GHA,2004,0.377
Ghana,GHA,2005,0.375
Ghana,GHA,2006,0.375
Ghana,GHA,2007,0.375
Ghana,GHA,2008,0.375
Ghana,GHA,2009,0.375
Ghana,GHA,2010,0.376
Ghana,GHA,2011,0.376
Ghana,GHA,2012,0.376
Ghana,GHA,2013,0.398
Ghana,GHA,2014,0.398
Ghana,GHA,2015,0.392
Ghana,GHA,2016,0.385
Ghana,GHA,2017,0.386
Ghana,GHA,2018,0.379
Ghana,GHA,2019,0.386
Ghana,GHA,2020,0.374
Ghana,GHA,2021,0.394
Ghana,GHA,2022,0.367
Ghana,GHA,2023,0.367
Ghana,GHA,2024,0.362
Ghana,GHA,2025,0.385
Greece,GRC,1900,0.545
Greece,GRC,1901,0.545
Greece,GRC,1902,0.545
Greece,GRC,1903,0.545
Greece,GRC,1904,0.545
Greece,GRC,1905,0.545
Greece,GRC,1906,0.545
Greece,GRC,1907,0.545
Greece,GRC,1908,0.545
Greece,GRC,1909,0.545
Greece,GRC,1910,0.545
Greece,GRC,1911,0.559
Greece,GRC,1912,0.555
Greece,GRC,1913,0.555
Greece,GRC,1914,0.555
Greece,GRC,1915,0.555
Greece,GRC,1916,0.555
Greece,GRC,1917,0.555
Greece,GRC,1918,0.555
Greece,GRC,1919,0.555
Greece,GRC,1920,0.551
Greece,GRC,1921,0.551
Greece,GRC,1922,0.551
Greece,GRC,1923,0.551
Greece,GRC,1924,0.551
Greece,GRC,1925,0.551
Greece,GRC,1926,0.514
Greece,GRC,1927,0.582
Greece,GRC,1928,0.582
Greece,GRC,1929,0.582
Greece,GRC,1930,0.582
Greece,GRC,1931,0.582
Greece,GRC,1932,0.582
Greece,GRC,1933,0.582
Greece,GRC,1934,0.582
Greece,GRC,1935,0.589
Greece,GRC,1936,0.475
Greece,GRC,1937,0.475
Greece,GRC,1938,0.475
Greece,GRC,1939,0.475
Greece,GRC,1940,0.449
Greece,GRC,1941,0.449
Greece,GRC,1942,0.449
Greece,GRC,1943,0.449
Greece,GRC,1944,0.449
Greece,GRC,1945,0.509
Greece,GRC,1946,0.57
Greece,GRC,1947,0.59
Greece,GRC,1948,0.59
Greece,GRC,1949,0.59
Greece,GRC,1950,0.59
Greece,GRC,1951,0.59
Greece,GRC,1952,0.59
Greece,GRC,1953,0.59
Greece,GRC,1954,0.65
Greece,GRC,1955,0.65
Greece,GRC,1956,0.65
Greece,GRC,1957,0.65
Greece,GRC,1958,0.65
Greece,GRC,1959,0.65
Greece,GRC,1960,0.65
Greece,GRC,1961,0.65
Greece,GRC,1962,0.65
Greece,GRC,1963,0.65
Greece,GRC,1964,0.65
Greece,GRC,1965,0.65
Greece,GRC,1966,0.658
Greece,GRC,1967,0.588
Greece,GRC,1968,0.504
Greece,GRC,1969,0.504
Greece,GRC,1970,0.504
Greece,GRC,1971,0.504
Greece,GRC,1972,0.504
Greece,GRC,1973,0.504
Greece,GRC,1974,0.514
Greece,GRC,1975,0.599
Greece,GRC,1976,0.726
Greece,GRC,1977,0.726
Greece,GRC,1978,0.726
Greece,GRC,1979,0.726
Greece,GRC,1980,0.726
Greece,GRC,1981,0.732
Greece,GRC,1982,0.732
Greece,GRC,1983,0.729
Greece,GRC,1984,0.729
Greece,GRC,1985,0.729
Greece,GRC,1986,0.729
Greece,GRC,1987,0.729
Greece,GRC,1988,0.729
Greece,GRC,1989,0.729
Greece,GRC,1990,0.729
Greece,GRC,1991,0.729
Greece,GRC,1992,0.729
Greece,GRC,1993,0.729
Greece,GRC,1994,0.729
Greece,GRC,1995,0.732
Greece,GRC,1996,0.732
Greece,GRC,1997,0.732
Greece,GRC,1998,0.745
Greece,GRC,1999,0.745
Greece,GRC,2000,0.745
Greece,GRC,2001,0.745
Greece,GRC,2002,0.745
Greece,GRC,2003,0.745
Greece,GRC,2004,0.745
Greece,GRC,2005,0.745
Greece,GRC,2006,0.745
Greece,GRC,2007,0.745
Greece,GRC,2008,0.738
Greece,GRC,2009,0.744
Greece,GRC,2010,0.784
Greece,GRC,2011,0.791
Greece,GRC,2012,0.788
Greece,GRC,2013,0.831
Greece,GRC,2014,0.831
Greece,GRC,2015,0.855
Greece,GRC,2016,0.855
Greece,GRC,2017,0.852
Greece,GRC,2018,0.834
Greece,GRC,2019,0.827
Greece,GRC,2020,0.791
Greece,GRC,2021,0.828
Greece,GRC,2022,0.755
Greece,GRC,2023,0.76
Greece,GRC,2024,0.763
Greece,GRC,2025,0.724
Guatemala,GTM,1900,0.078
Guatemala,GTM,1901,0.078
Guatemala,GTM,1902,0.078
Guatemala,GTM,1903,0.078
Guatemala,GTM,1904,0.078
Guatemala,GTM,1905,0.078
Guatemala,GTM,1906,0.078
Guatemala,GTM,1907,0.078
Guatemala,GTM,1908,0.078
Guatemala,GTM,1909,0.078
Guatemala,GTM,1910,0.104
Guatemala,GTM,1911,0.104
Guatemala,GTM,1912,0.104
Guatemala,GTM,1913,0.104
Guatemala,GTM,1914,0.104
Guatemala,GTM,1915,0.104
Guatemala,GTM,1916,0.104
Guatemala,GTM,1917,0.104
Guatemala,GTM,1918,0.104
Guatemala,GTM,1919,0.104
Guatemala,GTM,1920,0.132
Guatemala,GTM,1921,0.145
Guatemala,GTM,1922,0.145
Guatemala,GTM,1923,0.145
Guatemala,GTM,1924,0.145
Guatemala,GTM,1925,0.145
Guatemala,GTM,1926,0.144
Guatemala,GTM,1927,0.144
Guatemala,GTM,1928,0.144
Guatemala,GTM,1929,0.144
Guatemala,GTM,1930,0.144
Guatemala,GTM,1931,0.289
Guatemala,GTM,1932,0.289
Guatemala,GTM,1933,0.289
Guatemala,GTM,1934,0.289
Guatemala,GTM,1935,0.289
Guatemala,GTM,1936,0.289
Guatemala,GTM,1937,0.289
Guatemala,GTM,1938,0.289
Guatemala,GTM,1939,0.289
Guatemala,GTM,1940,0.289
Guatemala,GTM,1941,0.289
Guatemala,GTM,1942,0.289
Guatemala,GTM,1943,0.289
Guatemala,GTM,1944,0.265
Guatemala,GTM,1945,0.429
Guatemala,GTM,1946,0.429
Guatemala,GTM,1947,0.429
Guatemala,GTM,1948,0.429
Guatemala,GTM,1949,0.429
Guatemala,GTM,1950,0.429
Guatemala,GTM,1951,0.429
Guatemala,GTM,1952,0.429
Guatemala,GTM,1953,0.507
Guatemala,GTM,1954,0.412
Guatemala,GTM,1955,0.276
Guatemala,GTM,1956,0.181
Guatemala,GTM,1957,0.166
Guatemala,GTM,1958,0.171
Guatemala,GTM,1959,0.171
Guatemala,GTM,1960,0.171
Guatemala,GTM,1961,0.171
Guatemala,GTM,1962,0.172
Guatemala,GTM,1963,0.178
Guatemala,GTM,1964,0.201
Guatemala,GTM,1965,0.201
Guatemala,GTM,1966,0.193
Guatemala,GTM,1967,0.195
Guatemala,GTM,1968,0.195
Guatemala,GTM,1969,0.195
Guatemala,GTM,1970,0.188
Guatemala,GTM,1971,0.188
Guatemala,GTM,1972,0.188
Guatemala,GTM,1973,0.188
Guatemala,GTM,1974,0.193
Guatemala,GTM,1975,0.193
Guatemala,GTM,1976,0.193
Guatemala,GTM,1977,0.193
Guatemala,GTM,1978,0.187
Guatemala,GTM,1979,0.187
Guatemala,GTM,1980,0.187
Guatemala,GTM,1981,0.197
Guatemala,GTM,1982,0.186
Guatemala,GTM,1983,0.27
Guatemala,GTM,1984,0.218
Guatemala,GTM,1985,0.218
Guatemala,GTM,1986,0.18
Guatemala,GTM,1987,0.148
Guatemala,GTM,1988,0.148
Guatemala,GTM,1989,0.148
Guatemala,GTM,1990,0.148
Guatemala,GTM,1991,0.148
Guatemala,GTM,1992,0.148
Guatemala,GTM,1993,0.184
Guatemala,GTM,1994,0.188
Guatemala,GTM,1995,0.188
Guatemala,GTM,1996,0.221
Guatemala,GTM,1997,0.221
Guatemala,GTM,1998,0.221
Guatemala,GTM,1999,0.202
Guatemala,GTM,2000,0.173
Guatemala,GTM,2001,0.173
Guatemala,GTM,2002,0.173
Guatemala,GTM,2003,0.173
Guatemala,GTM,2004,0.197
Guatemala,GTM,2005,0.197
Guatemala,GTM,2006,0.197
Guatemala,GTM,2007,0.197
Guatemala,GTM,2008,0.203
Guatemala,GTM,2009,0.203
Guatemala,GTM,2010,0.207
Guatemala,GTM,2011,0.205
Guatemala,GTM,2012,0.205
Guatemala,GTM,2013,0.196
Guatemala,GTM,2014,0.196
Guatemala,GTM,2015,0.239
Guatemala,GTM,2016,0.273
Guatemala,GTM,2017,0.259
Guatemala,GTM,2018,0.212
Guatemala,GTM,2019,0.223
Guatemala,GTM,2020,0.235
Guatemala,GTM,2021,0.237
Guatemala,GTM,2022,0.221
Guatemala,GTM,2023,0.211
Guatemala,GTM,2024,0.309
Guatemala,GTM,2025,0.384
Guinea,GIN,1900,0.311
Guinea,GIN,1901,0.311
Guinea,GIN,1902,0.311
Guinea,GIN,1903,0.311
Guinea,GIN,1904,0.311
Guinea,GIN,1905,0.311
Guinea,GIN,1906,0.311
Guinea,GIN,1907,0.311
Guinea,GIN,1908,0.311
Guinea,GIN,1909,0.311
Guinea,GIN,1910,0.311
Guinea,GIN,1911,0.311
Guinea,GIN,1912,0.311
Guinea,GIN,1913,0.311
Guinea,GIN,1914,0.311
Guinea,GIN,1915,0.311
Guinea,GIN,1916,0.311
Guinea,GIN,1917,0.311
Guinea,GIN,1918,0.311
Guinea,GIN,1919,0.311
Guinea,GIN,1920,0.311
Guinea,GIN,1921,0.311
Guinea,GIN,1922,0.311
Guinea,GIN,1923,0.311
Guinea,GIN,1924,0.311
Guinea,GIN,1925,0.311
Guinea,GIN,1926,0.311
Guinea,GIN,1927,0.311
Guinea,GIN,1928,0.311
Guinea,GIN,1929,0.311
Guinea,GIN,1930,0.335
Guinea,GIN,1931,0.335
Guinea,GIN,1932,0.335
Guinea,GIN,1933,0.335
Guinea,GIN,1934,0.335
Guinea,GIN,1935,0.335
Guinea,GIN,1936,0.335
Guinea,GIN,1937,0.335
Guinea,GIN,1938,0.335
Guinea,GIN,1939,0.335
Guinea,GIN,1940,0.335
Guinea,GIN,1941,0.335
Guinea,GIN,1942,0.335
Guinea,GIN,1943,0.335
Guinea,GIN,1944,0.335
Guinea,GIN,1945,0.335
Guinea,GIN,1946,0.335
Guinea,GIN,1947,0.441
Guinea,GIN,1948,0.441
Guinea,GIN,1949,0.441
Guinea,GIN,1950,0.441
Guinea,GIN,1951,0.441
Guinea,GIN,1952,0.441
Guinea,GIN,1953,0.441
Guinea,GIN,1954,0.441
Guinea,GIN,1955,0.441
Guinea,GIN,1956,0.441
Guinea,GIN,1957,0.477
Guinea,GIN,1958,0.466
Guinea,GIN,1959,0.457
Guinea,GIN,1960,0.376
Guinea,GIN,1961,0.351
Guinea,GIN,1962,0.382
Guinea,GIN,1963,0.382
Guinea,GIN,1964,0.382
Guinea,GIN,1965,0.391
Guinea,GIN,1966,0.391
Guinea,GIN,1967,0.391
Guinea,GIN,1968,0.391
Guinea,GIN,1969,0.391
Guinea,GIN,1970,0.391
Guinea,GIN,1971,0.391
Guinea,GIN,1972,0.391
Guinea,GIN,1973,0.391
Guinea,GIN,1974,0.391
Guinea,GIN,1975,0.391
Guinea,GIN,1976,0.391
Guinea,GIN,1977,0.391
Guinea,GIN,1978,0.391
Guinea,GIN,1979,0.391
Guinea,GIN,1980,0.391
Guinea,GIN,1981,0.391
Guinea,GIN,1982,0.391
Guinea,GIN,1983,0.391
Guinea,GIN,1984,0.371
Guinea,GIN,1985,0.14
Guinea,GIN,1986,0.089
Guinea,GIN,1987,0.089
Guinea,GIN,1988,0.089
Guinea,GIN,1989,0.089
Guinea,GIN,1990,0.089
Guinea,GIN,1991,0.181
Guinea,GIN,1992,0.181
Guinea,GIN,1993,0.181
Guinea,GIN,1994,0.154
Guinea,GIN,1995,0.147
Guinea,GIN,1996,0.077
Guinea,GIN,1997,0.077
Guinea,GIN,1998,0.077
Guinea,GIN,1999,0.077
Guinea,GIN,2000,0.077
Guinea,GIN,2001,0.077
Guinea,GIN,2002,0.077
Guinea,GIN,2003,0.077
Guinea,GIN,2004,0.077
Guinea,GIN,2005,0.077
Guinea,GIN,2006,0.077
Guinea,GIN,2007,0.077
Guinea,GIN,2008,0.077
Guinea,GIN,2009,0.055
Guinea,GIN,2010,0.059
Guinea,GIN,2011,0.092
Guinea,GIN,2012,0.097
Guinea,GIN,2013,0.133
Guinea,GIN,2014,0.133
Guinea,GIN,2015,0.131
Guinea,GIN,2016,0.131
Guinea,GIN,2017,0.127
Guinea,GIN,2018,0.112
Guinea,GIN,2019,0.11
Guinea,GIN,2020,0.149
Guinea,GIN,2021,0.149
Guinea,GIN,2022,0.149
Guinea,GIN,2023,0.148
Guinea,GIN,2024,0.138
Guinea,GIN,2025,0.192
Guinea-Bissau,GNB,1900,0.797
Guinea-Bissau,GNB,1901,0.797
Guinea-Bissau,GNB,1902,0.797
Guinea-Bissau,GNB,1903,0.797
Guinea-Bissau,GNB,1904,0.797
Guinea-Bissau,GNB,1905,0.797
Guinea-Bissau,GNB,1906,0.797
Guinea-Bissau,GNB,1907,0.797
Guinea-Bissau,GNB,1908,0.797
Guinea-Bissau,GNB,1909,0.797
Guinea-Bissau,GNB,1910,0.797
Guinea-Bissau,GNB,1911,0.797
Guinea-Bissau,GNB,1912,0.797
Guinea-Bissau,GNB,1913,0.797
Guinea-Bissau,GNB,1914,0.797
Guinea-Bissau,GNB,1915,0.797
Guinea-Bissau,GNB,1916,0.797
Guinea-Bissau,GNB,1917,0.797
Guinea-Bissau,GNB,1918,0.797
Guinea-Bissau,GNB,1919,0.797
Guinea-Bissau,GNB,1920,0.797
Guinea-Bissau,GNB,1921,0.797
Guinea-Bissau,GNB,1922,0.797
Guinea-Bissau,GNB,1923,0.797
Guinea-Bissau,GNB,1924,0.797
Guinea-Bissau,GNB,1925,0.797
Guinea-Bissau,GNB,1926,0.797
Guinea-Bissau,GNB,1927,0.797
Guinea-Bissau,GNB,1928,0.797
Guinea-Bissau,GNB,1929,0.807
Guinea-Bissau,GNB,1930,0.807
Guinea-Bissau,GNB,1931,0.807
Guinea-Bissau,GNB,1932,0.807
Guinea-Bissau,GNB,1933,0.818
Guinea-Bissau,GNB,1934,0.818
Guinea-Bissau,GNB,1935,0.818
Guinea-Bissau,GNB,1936,0.818
Guinea-Bissau,GNB,1937,0.818
Guinea-Bissau,GNB,1938,0.818
Guinea-Bissau,GNB,1939,0.818
Guinea-Bissau,GNB,1940,0.818
Guinea-Bissau,GNB,1941,0.818
Guinea-Bissau,GNB,1942,0.818
Guinea-Bissau,GNB,1943,0.818
Guinea-Bissau,GNB,1944,0.818
Guinea-Bissau,GNB,1945,0.818
Guinea-Bissau,GNB,1946,0.818
Guinea-Bissau,GNB,1947,0.818
Guinea-Bissau,GNB,1948,0.818
Guinea-Bissau,GNB,1949,0.818
Guinea-Bissau,GNB,1950,0.818
Guinea-Bissau,GNB,1951,0.818
Guinea-Bissau,GNB,1952,0.818
Guinea-Bissau,GNB,1953,0.818
Guinea-Bissau,GNB,1954,0.818
Guinea-Bissau,GNB,1955,0.818
Guinea-Bissau,GNB,1956,0.818
Guinea-Bissau,GNB,1957,0.818
Guinea-Bissau,GNB,1958,0.818
Guinea-Bissau,GNB,1959,0.818
Guinea-Bissau,GNB,1960,0.818
Guinea-Bissau,GNB,1961,0.818
Guinea-Bissau,GNB,1962,0.818
Guinea-Bissau,GNB,1963,0.818
Guinea-Bissau,GNB,1964,0.818
Guinea-Bissau,GNB,1965,0.818
Guinea-Bissau,GNB,1966,0.818
Guinea-Bissau,GNB,1967,0.818
Guinea-Bissau,GNB,1968,0.818
Guinea-Bissau,GNB,1969,0.818
Guinea-Bissau,GNB,1970,0.818
Guinea-Bissau,GNB,1971,0.818
Guinea-Bissau,GNB,1972,0.733
Guinea-Bissau,GNB,1973,0.739
Guinea-Bissau,GNB,1974,0.436
Guinea-Bissau,GNB,1975,0.436
Guinea-Bissau,GNB,1976,0.436
Guinea-Bissau,GNB,1977,0.436
Guinea-Bissau,GNB,1978,0.436
Guinea-Bissau,GNB,1979,0.436
Guinea-Bissau,GNB,1980,0.352
Guinea-Bissau,GNB,1981,0.324
Guinea-Bissau,GNB,1982,0.324
Guinea-Bissau,GNB,1983,0.324
Guinea-Bissau,GNB,1984,0.324
Guinea-Bissau,GNB,1985,0.324
Guinea-Bissau,GNB,1986,0.369
Guinea-Bissau,GNB,1987,0.369
Guinea-Bissau,GNB,1988,0.369
Guinea-Bissau,GNB,1989,0.369
Guinea-Bissau,GNB,1990,0.369
Guinea-Bissau,GNB,1991,0.369
Guinea-Bissau,GNB,1992,0.291
Guinea-Bissau,GNB,1993,0.27
Guinea-Bissau,GNB,1994,0.159
Guinea-Bissau,GNB,1995,0.159
Guinea-Bissau,GNB,1996,0.159
Guinea-Bissau,GNB,1997,0.159
Guinea-Bissau,GNB,1998,0.161
Guinea-Bissau,GNB,1999,0.161
Guinea-Bissau,GNB,2000,0.147
Guinea-Bissau,GNB,2001,0.147
Guinea-Bissau,GNB,2002,0.1
Guinea-Bissau,GNB,2003,0.086
Guinea-Bissau,GNB,2004,0.133
Guinea-Bissau,GNB,2005,0.138
Guinea-Bissau,GNB,2006,0.134
Guinea-Bissau,GNB,2007,0.137
Guinea-Bissau,GNB,2008,0.142
Guinea-Bissau,GNB,2009,0.142
Guinea-Bissau,GNB,2010,0.142
Guinea-Bissau,GNB,2011,0.139
Guinea-Bissau,GNB,2012,0.126
Guinea-Bissau,GNB,2013,0.148
Guinea-Bissau,GNB,2014,0.165
Guinea-Bissau,GNB,2015,0.165
Guinea-Bissau,GNB,2016,0.148
Guinea-Bissau,GNB,2017,0.148
Guinea-Bissau,GNB,2018,0.146
Guinea-Bissau,GNB,2019,0.136
Guinea-Bissau,GNB,2020,0.163
Guinea-Bissau,GNB,2021,0.182
Guinea-Bissau,GNB,2022,0.177
Guinea-Bissau,GNB,2023,0.188
Guinea-Bissau,GNB,2024,0.253
Guinea-Bissau,GNB,2025,0.172
Guyana,GUY,1900,0.873
Guyana,GUY,1901,0.873
Guyana,GUY,1902,0.873
Guyana,GUY,1903,0.873
Guyana,GUY,1904,0.873
Guyana,GUY,1905,0.873
Guyana,GUY,1906,0.873
Guyana,GUY,1907,0.873
Guyana,GUY,1908,0.873
Guyana,GUY,1909,0.873
Guyana,GUY,1910,0.873
Guyana,GUY,1911,0.873
Guyana,GUY,1912,0.873
Guyana,GUY,1913,0.873
Guyana,GUY,1914,0.873
Guyana,GUY,1915,0.873
Guyana,GUY,1916,0.873
Guyana,GUY,1917,0.873
Guyana,GUY,1918,0.873
Guyana,GUY,1919,0.873
Guyana,GUY,1920,0.873
Guyana,GUY,1921,0.873
Guyana,GUY,1922,0.873
Guyana,GUY,1923,0.873
Guyana,GUY,1924,0.873
Guyana,GUY,1925,0.873
Guyana,GUY,1926,0.873
Guyana,GUY,1927,0.873
Guyana,GUY,1928,0.873
Guyana,GUY,1929,0.873
Guyana,GUY,1930,0.873
Guyana,GUY,1931,0.873
Guyana,GUY,1932,0.873
Guyana,GUY,1933,0.873
Guyana,GUY,1934,0.873
Guyana,GUY,1935,0.873
Guyana,GUY,1936,0.873
Guyana,GUY,1937,0.873
Guyana,GUY,1938,0.873
Guyana,GUY,1939,0.873
Guyana,GUY,1940,0.873
Guyana,GUY,1941,0.873
Guyana,GUY,1942,0.873
Guyana,GUY,1943,0.873
Guyana,GUY,1944,0.873
Guyana,GUY,1945,0.873
Guyana,GUY,1946,0.873
Guyana,GUY,1947,0.873
Guyana,GUY,1948,0.873
Guyana,GUY,1949,0.873
Guyana,GUY,1950,0.873
Guyana,GUY,1951,0.873
Guyana,GUY,1952,0.873
Guyana,GUY,1953,0.849
Guyana,GUY,1954,0.849
Guyana,GUY,1955,0.849
Guyana,GUY,1956,0.849
Guyana,GUY,1957,0.856
Guyana,GUY,1958,0.867
Guyana,GUY,1959,0.867
Guyana,GUY,1960,0.867
Guyana,GUY,1961,0.867
Guyana,GUY,1962,0.867
Guyana,GUY,1963,0.867
Guyana,GUY,1964,0.762
Guyana,GUY,1965,0.762
Guyana,GUY,1966,0.634
Guyana,GUY,1967,0.634
Guyana,GUY,1968,0.634
Guyana,GUY,1969,0.634
Guyana,GUY,1970,0.566
Guyana,GUY,1971,0.566
Guyana,GUY,1972,0.566
Guyana,GUY,1973,0.566
Guyana,GUY,1974,0.566
Guyana,GUY,1975,0.566
Guyana,GUY,1976,0.566
Guyana,GUY,1977,0.566
Guyana,GUY,1978,0.566
Guyana,GUY,1979,0.566
Guyana,GUY,1980,0.48
Guyana,GUY,1981,0.504
Guyana,GUY,1982,0.504
Guyana,GUY,1983,0.504
Guyana,GUY,1984,0.504
Guyana,GUY,1985,0.504
Guyana,GUY,1986,0.493
Guyana,GUY,1987,0.493
Guyana,GUY,1988,0.493
Guyana,GUY,1989,0.493
Guyana,GUY,1990,0.466
Guyana,GUY,1991,0.466
Guyana,GUY,1992,0.466
Guyana,GUY,1993,0.551
Guyana,GUY,1994,0.566
Guyana,GUY,1995,0.566
Guyana,GUY,1996,0.566
Guyana,GUY,1997,0.445
Guyana,GUY,1998,0.488
Guyana,GUY,1999,0.506
Guyana,GUY,2000,0.431
Guyana,GUY,2001,0.431
Guyana,GUY,2002,0.431
Guyana,GUY,2003,0.431
Guyana,GUY,2004,0.431
Guyana,GUY,2005,0.431
Guyana,GUY,2006,0.431
Guyana,GUY,2007,0.431
Guyana,GUY,2008,0.431
Guyana,GUY,2009,0.431
Guyana,GUY,2010,0.43
Guyana,GUY,2011,0.43
Guyana,GUY,2012,0.43
Guyana,GUY,2013,0.44
Guyana,GUY,2014,0.44
Guyana,GUY,2015,0.584
Guyana,GUY,2016,0.608
Guyana,GUY,2017,0.606
Guyana,GUY,2018,0.616
Guyana,GUY,2019,0.585
Guyana,GUY,2020,0.524
Guyana,GUY,2021,0.536
Guyana,GUY,2022,0.536
Guyana,GUY,2023,0.493
Guyana,GUY,2024,0.493
Guyana,GUY,2025,0.493
Haiti,HTI,1900,0.097
Haiti,HTI,1901,0.097
Haiti,HTI,1902,0.097
Haiti,HTI,1903,0.097
Haiti,HTI,1904,0.097
Haiti,HTI,1905,0.097
Haiti,HTI,1906,0.097
Haiti,HTI,1907,0.097
Haiti,HTI,1908,0.097
Haiti,HTI,1909,0.097
Haiti,HTI,1910,0.097
Haiti,HTI,1911,0.097
Haiti,HTI,1912,0.097
Haiti,HTI,1913,0.097
Haiti,HTI,1914,0.097
Haiti,HTI,1915,0.154
Haiti,HTI,1916,0.161
Haiti,HTI,1917,0.161
Haiti,HTI,1918,0.189
Haiti,HTI,1919,0.189
Haiti,HTI,1920,0.189
Haiti,HTI,1921,0.189
Haiti,HTI,1922,0.189
Haiti,HTI,1923,0.189
Haiti,HTI,1924,0.189
Haiti,HTI,1925,0.189
Haiti,HTI,1926,0.189
Haiti,HTI,1927,0.189
Haiti,HTI,1928,0.189
Haiti,HTI,1929,0.189
Haiti,HTI,1930,0.189
Haiti,HTI,1931,0.176
Haiti,HTI,1932,0.176
Haiti,HTI,1933,0.176
Haiti,HTI,1934,0.176
Haiti,HTI,1935,0.176
Haiti,HTI,1936,0.166
Haiti,HTI,1937,0.166
Haiti,HTI,1938,0.166
Haiti,HTI,1939,0.166
Haiti,HTI,1940,0.166
Haiti,HTI,1941,0.166
Haiti,HTI,1942,0.166
Haiti,HTI,1943,0.166
Haiti,HTI,1944,0.166
Haiti,HTI,1945,0.166
Haiti,HTI,1946,0.166
Haiti,HTI,1947,0.166
Haiti,HTI,1948,0.166
Haiti,HTI,1949,0.166
Haiti,HTI,1950,0.166
Haiti,HTI,1951,0.166
Haiti,HTI,1952,0.166
Haiti,HTI,1953,0.166
Haiti,HTI,1954,0.166
Haiti,HTI,1955,0.166
Haiti,HTI,1956,0.176
Haiti,HTI,1957,0.157
Haiti,HTI,1958,0.132
Haiti,HTI,1959,0.132
Haiti,HTI,1960,0.132
Haiti,HTI,1961,0.132
Haiti,HTI,1962,0.132
Haiti,HTI,1963,0.132
Haiti,HTI,1964,0.132
Haiti,HTI,1965,0.132
Haiti,HTI,1966,0.132
Haiti,HTI,1967,0.132
Haiti,HTI,1968,0.132
Haiti,HTI,1969,0.132
Haiti,HTI,1970,0.132
Haiti,HTI,1971,0.132
Haiti,HTI,1972,0.132
Haiti,HTI,1973,0.132
Haiti,HTI,1974,0.132
Haiti,HTI,1975,0.132
Haiti,HTI,1976,0.132
Haiti,HTI,1977,0.132
Haiti,HTI,1978,0.132
Haiti,HTI,1979,0.132
Haiti,HTI,1980,0.132
Haiti,HTI,1981,0.132
Haiti,HTI,1982,0.132
Haiti,HTI,1983,0.132
Haiti,HTI,1984,0.132
Haiti,HTI,1985,0.132
Haiti,HTI,1986,0.132
Haiti,HTI,1987,0.15
Haiti,HTI,1988,0.15
Haiti,HTI,1989,0.15
Haiti,HTI,1990,0.149
Haiti,HTI,1991,0.143
Haiti,HTI,1992,0.16
Haiti,HTI,1993,0.16
Haiti,HTI,1994,0.16
Haiti,HTI,1995,0.16
Haiti,HTI,1996,0.16
Haiti,HTI,1997,0.188
Haiti,HTI,1998,0.188
Haiti,HTI,1999,0.188
Haiti,HTI,2000,0.188
Haiti,HTI,2001,0.169
Haiti,HTI,2002,0.169
Haiti,HTI,2003,0.169
Haiti,HTI,2004,0.182
Haiti,HTI,2005,0.17
Haiti,HTI,2006,0.211
Haiti,HTI,2007,0.167
Haiti,HTI,2008,0.167
Haiti,HTI,2009,0.167
Haiti,HTI,2010,0.154
Haiti,HTI,2011,0.147
Haiti,HTI,2012,0.15
Haiti,HTI,2013,0.168
Haiti,HTI,2014,0.151
Haiti,HTI,2015,0.14
Haiti,HTI,2016,0.165
Haiti,HTI,2017,0.149
Haiti,HTI,2018,0.11
Haiti,HTI,2019,0.118
Haiti,HTI,2020,0.146
Haiti,HTI,2021,0.131
Haiti,HTI,2022,0.159
Haiti,HTI,2023,0.214
Haiti,HTI,2024,0.214
Haiti,HTI,2025,0.214
Honduras,HND,1900,0.101
Honduras,HND,1901,0.101
Honduras,HND,1902,0.101
Honduras,HND,1903,0.101
Honduras,HND,1904,0.101
Honduras,HND,1905,0.101
Honduras,HND,1906,0.101
Honduras,HND,1907,0.126
Honduras,HND,1908,0.1
Honduras,HND,1909,0.1
Honduras,HND,1910,0.1
Honduras,HND,1911,0.1
Honduras,HND,1912,0.1
Honduras,HND,1913,0.1
Honduras,HND,1914,0.1
Honduras,HND,1915,0.1
Honduras,HND,1916,0.1
Honduras,HND,1917,0.1
Honduras,HND,1918,0.1
Honduras,HND,1919,0.1
Honduras,HND,1920,0.1
Honduras,HND,1921,0.1
Honduras,HND,1922,0.1
Honduras,HND,1923,0.1
Honduras,HND,1924,0.1
Honduras,HND,1925,0.104
Honduras,HND,1926,0.114
Honduras,HND,1927,0.117
Honduras,HND,1928,0.117
Honduras,HND,1929,0.117
Honduras,HND,1930,0.117
Honduras,HND,1931,0.117
Honduras,HND,1932,0.117
Honduras,HND,1933,0.117
Honduras,HND,1934,0.126
Honduras,HND,1935,0.126
Honduras,HND,1936,0.126
Honduras,HND,1937,0.126
Honduras,HND,1938,0.126
Honduras,HND,1939,0.126
Honduras,HND,1940,0.126
Honduras,HND,1941,0.126
Honduras,HND,1942,0.126
Honduras,HND,1943,0.126
Honduras,HND,1944,0.126
Honduras,HND,1945,0.126
Honduras,HND,1946,0.126
Honduras,HND,1947,0.126
Honduras,HND,1948,0.126
Honduras,HND,1949,0.126
Honduras,HND,1950,0.131
Honduras,HND,1951,0.131
Honduras,HND,1952,0.131
Honduras,HND,1953,0.131
Honduras,HND,1954,0.355
Honduras,HND,1955,0.167
Honduras,HND,1956,0.157
Honduras,HND,1957,0.157
Honduras,HND,1958,0.169
Honduras,HND,1959,0.169
Honduras,HND,1960,0.169
Honduras,HND,1961,0.169
Honduras,HND,1962,0.169
Honduras,HND,1963,0.169
Honduras,HND,1964,0.164
Honduras,HND,1965,0.164
Honduras,HND,1966,0.164
Honduras,HND,1967,0.164
Honduras,HND,1968,0.164
Honduras,HND,1969,0.164
Honduras,HND,1970,0.164
Honduras,HND,1971,0.163
Honduras,HND,1972,0.164
Honduras,HND,1973,0.164
Honduras,HND,1974,0.164
Honduras,HND,1975,0.164
Honduras,HND,1976,0.164
Honduras,HND,1977,0.164
Honduras,HND,1978,0.164
Honduras,HND,1979,0.164
Honduras,HND,1980,0.164
Honduras,HND,1981,0.163
Honduras,HND,1982,0.145
Honduras,HND,1983,0.149
Honduras,HND,1984,0.149
Honduras,HND,1985,0.149
Honduras,HND,1986,0.149
Honduras,HND,1987,0.149
Honduras,HND,1988,0.149
Honduras,HND,1989,0.149
Honduras,HND,1990,0.149
Honduras,HND,1991,0.147
Honduras,HND,1992,0.147
Honduras,HND,1993,0.147
Honduras,HND,1994,0.155
Honduras,HND,1995,0.155
Honduras,HND,1996,0.155
Honduras,HND,1997,0.155
Honduras,HND,1998,0.155
Honduras,HND,1999,0.155
Honduras,HND,2000,0.159
Honduras,HND,2001,0.159
Honduras,HND,2002,0.156
Honduras,HND,2003,0.156
Honduras,HND,2004,0.156
Honduras,HND,2005,0.156
Honduras,HND,2006,0.156
Honduras,HND,2007,0.154
Honduras,HND,2008,0.154
Honduras,HND,2009,0.154
Honduras,HND,2010,0.153
Honduras,HND,2011,0.146
Honduras,HND,2012,0.146
Honduras,HND,2013,0.144
Honduras,HND,2014,0.144
Honduras,HND,2015,0.144
Honduras,HND,2016,0.144
Honduras,HND,2017,0.16
Honduras,HND,2018,0.155
Honduras,HND,2019,0.158
Honduras,HND,2020,0.172
Honduras,HND,2021,0.186
Honduras,HND,2022,0.228
Honduras,HND,2023,0.25
Honduras,HND,2024,0.251
Honduras,HND,2025,0.248
Hungary,HUN,1900,0.703
Hungary,HUN,1901,0.703
Hungary,HUN,1902,0.703
Hungary,HUN,1903,0.703
Hungary,HUN,1904,0.703
Hungary,HUN,1905,0.703
Hungary,HUN,1906,0.703
Hungary,HUN,1907,0.703
Hungary,HUN,1908,0.703
Hungary,HUN,1909,0.703
Hungary,HUN,1910,0.703
Hungary,HUN,1911,0.703
Hungary,HUN,1912,0.703
Hungary,HUN,1913,0.703
Hungary,HUN,1914,0.703
Hungary,HUN,1915,0.703
Hungary,HUN,1916,0.703
Hungary,HUN,1917,0.703
Hungary,HUN,1918,0.703
Hungary,HUN,1919,0.694
Hungary,HUN,1920,0.717
Hungary,HUN,1921,0.717
Hungary,HUN,1922,0.727
Hungary,HUN,1923,0.729
Hungary,HUN,1924,0.729
Hungary,HUN,1925,0.729
Hungary,HUN,1926,0.729
Hungary,HUN,1927,0.729
Hungary,HUN,1928,0.729
Hungary,HUN,1929,0.729
Hungary,HUN,1930,0.729
Hungary,HUN,1931,0.729
Hungary,HUN,1932,0.729
Hungary,HUN,1933,0.729
Hungary,HUN,1934,0.729
Hungary,HUN,1935,0.729
Hungary,HUN,1936,0.729
Hungary,HUN,1937,0.729
Hungary,HUN,1938,0.729
Hungary,HUN,1939,0.729
Hungary,HUN,1940,0.729
Hungary,HUN,1941,0.74
Hungary,HUN,1942,0.729
Hungary,HUN,1943,0.729
Hungary,HUN,1944,0.61
Hungary,HUN,1945,0.512
Hungary,HUN,1946,0.541
Hungary,HUN,1947,0.556
Hungary,HUN,1948,0.544
Hungary,HUN,1949,0.543
Hungary,HUN,1950,0.589
Hungary,HUN,1951,0.589
Hungary,HUN,1952,0.589
Hungary,HUN,1953,0.589
Hungary,HUN,1954,0.589
Hungary,HUN,1955,0.622
Hungary,HUN,1956,0.622
Hungary,HUN,1957,0.622
Hungary,HUN,1958,0.653
Hungary,HUN,1959,0.64
Hungary,HUN,1960,0.648
Hungary,HUN,1961,0.648
Hungary,HUN,1962,0.648
Hungary,HUN,1963,0.648
Hungary,HUN,1964,0.648
Hungary,HUN,1965,0.648
Hungary,HUN,1966,0.648
Hungary,HUN,1967,0.648
Hungary,HUN,1968,0.64
Hungary,HUN,1969,0.64
Hungary,HUN,1970,0.629
Hungary,HUN,1971,0.629
Hungary,HUN,1972,0.629
Hungary,HUN,1973,0.629
Hungary,HUN,1974,0.629
Hungary,HUN,1975,0.623
Hungary,HUN,1976,0.623
Hungary,HUN,1977,0.623
Hungary,HUN,1978,0.623
Hungary,HUN,1979,0.592
Hungary,HUN,1980,0.557
Hungary,HUN,1981,0.557
Hungary,HUN,1982,0.557
Hungary,HUN,1983,0.551
Hungary,HUN,1984,0.551
Hungary,HUN,1985,0.551
Hungary,HUN,1986,0.551
Hungary,HUN,1987,0.556
Hungary,HUN,1988,0.556
Hungary,HUN,1989,0.552
Hungary,HUN,1990,0.738
Hungary,HUN,1991,0.747
Hungary,HUN,1992,0.738
Hungary,HUN,1993,0.747
Hungary,HUN,1994,0.755
Hungary,HUN,1995,0.755
Hungary,HUN,1996,0.755
Hungary,HUN,1997,0.755
Hungary,HUN,1998,0.755
Hungary,HUN,1999,0.727
Hungary,HUN,2000,0.723
Hungary,HUN,2001,0.723
Hungary,HUN,2002,0.723
Hungary,HUN,2003,0.726
Hungary,HUN,2004,0.726
Hungary,HUN,2005,0.726
Hungary,HUN,2006,0.726
Hungary,HUN,2007,0.715
Hungary,HUN,2008,0.715
Hungary,HUN,2009,0.725
Hungary,HUN,2010,0.65
Hungary,HUN,2011,0.615
Hungary,HUN,2012,0.591
Hungary,HUN,2013,0.566
Hungary,HUN,2014,0.558
Hungary,HUN,2015,0.549
Hungary,HUN,2016,0.547
Hungary,HUN,2017,0.535
Hungary,HUN,2018,0.532
Hungary,HUN,2019,0.532
Hungary,HUN,2020,0.52
Hungary,HUN,2021,0.525
Hungary,HUN,2022,0.495
Hungary,HUN,2023,0.495
Hungary,HUN,2024,0.506
Hungary,HUN,2025,0.512
Iceland,ISL,1900,0.958
Iceland,ISL,1901,0.958
Iceland,ISL,1902,0.958
Iceland,ISL,1903,0.958
Iceland,ISL,1904,0.958
Iceland,ISL,1905,0.958
Iceland,ISL,1906,0.958
Iceland,ISL,1907,0.958
Iceland,ISL,1908,0.958
Iceland,ISL,1909,0.958
Iceland,ISL,1910,0.958
Iceland,ISL,1911,0.958
Iceland,ISL,1912,0.958
Iceland,ISL,1913,0.958
Iceland,ISL,1914,0.958
Iceland,ISL,1915,0.958
Iceland,ISL,1916,0.958
Iceland,ISL,1917,0.958
Iceland,ISL,1918,0.958
Iceland,ISL,1919,0.958
Iceland,ISL,1920,0.958
Iceland,ISL,1921,0.958
Iceland,ISL,1922,0.958
Iceland,ISL,1923,0.958
Iceland,ISL,1924,0.958
Iceland,ISL,1925,0.958
Iceland,ISL,1926,0.958
Iceland,ISL,1927,0.958
Iceland,ISL,1928,0.958
Iceland,ISL,1929,0.958
Iceland,ISL,1930,0.961
Iceland,ISL,1931,0.961
Iceland,ISL,1932,0.961
Iceland,ISL,1933,0.961
Iceland,ISL,1934,0.961
Iceland,ISL,1935,0.961
Iceland,ISL,1936,0.967
Iceland,ISL,1937,0.967
Iceland,ISL,1938,0.967
Iceland,ISL,1939,0.967
Iceland,ISL,1940,0.967
Iceland,ISL,1941,0.967
Iceland,ISL,1942,0.967
Iceland,ISL,1943,0.967
Iceland,ISL,1944,0.967
Iceland,ISL,1945,0.973
Iceland,ISL,1946,0.979
Iceland,ISL,1947,0.979
Iceland,ISL,1948,0.979
Iceland,ISL,1949,0.979
Iceland,ISL,1950,0.979
Iceland,ISL,1951,0.979
Iceland,ISL,1952,0.979
Iceland,ISL,1953,0.979
Iceland,ISL,1954,0.979
Iceland,ISL,1955,0.979
Iceland,ISL,1956,0.979
Iceland,ISL,1957,0.979
Iceland,ISL,1958,0.979
Iceland,ISL,1959,0.979
Iceland,ISL,1960,0.979
Iceland,ISL,1961,0.979
Iceland,ISL,1962,0.979
Iceland,ISL,1963,0.979
Iceland,ISL,1964,0.979
Iceland,ISL,1965,0.979
Iceland,ISL,1966,0.979
Iceland,ISL,1967,0.979
Iceland,ISL,1968,0.979
Iceland,ISL,1969,0.979
Iceland,ISL,1970,0.979
Iceland,ISL,1971,0.979
Iceland,ISL,1972,0.979
Iceland,ISL,1973,0.979
Iceland,ISL,1974,0.979
Iceland,ISL,1975,0.979
Iceland,ISL,1976,0.979
Iceland,ISL,1977,0.979
Iceland,ISL,1978,0.979
Iceland,ISL,1979,0.979
Iceland,ISL,1980,0.979
Iceland,ISL,1981,0.979
Iceland,ISL,1982,0.979
Iceland,ISL,1983,0.979
Iceland,ISL,1984,0.979
Iceland,ISL,1985,0.979
Iceland,ISL,1986,0.979
Iceland,ISL,1987,0.984
Iceland,ISL,1988,0.984
Iceland,ISL,1989,0.984
Iceland,ISL,1990,0.987
Iceland,ISL,1991,0.987
Iceland,ISL,1992,0.987
Iceland,ISL,1993,0.987
Iceland,ISL,1994,0.987
Iceland,ISL,1995,0.987
Iceland,ISL,1996,0.987
Iceland,ISL,1997,0.987
Iceland,ISL,1998,0.987
Iceland,ISL,1999,0.987
Iceland,ISL,2000,0.987
Iceland,ISL,2001,0.987
Iceland,ISL,2002,0.987
Iceland,ISL,2003,0.987
Iceland,ISL,2004,0.987
Iceland,ISL,2005,0.987
Iceland,ISL,2006,0.987
Iceland,ISL,2007,0.987
Iceland,ISL,2008,0.987
Iceland,ISL,2009,0.987
Iceland,ISL,2010,0.987
Iceland,ISL,2011,0.987
Iceland,ISL,2012,0.987
Iceland,ISL,2013,0.988
Iceland,ISL,2014,0.988
Iceland,ISL,2015,0.988
Iceland,ISL,2016,0.988
Iceland,ISL,2017,0.988
Iceland,ISL,2018,0.988
Iceland,ISL,2019,0.988
Iceland,ISL,2020,0.988
Iceland,ISL,2021,0.977
Iceland,ISL,2022,0.977
Iceland,ISL,2023,0.977
Iceland,ISL,2024,0.977
Iceland,ISL,2025,0.986
India,IND,1900,0.969
India,IND,1901,0.969
India,IND,1902,0.969
India,IND,1903,0.969
India,IND,1904,0.969
India,IND,1905,0.969
India,IND,1906,0.969
India,IND,1907,0.969
India,IND,1908,0.969
India,IND,1909,0.969
India,IND,1910,0.969
India,IND,1911,0.969
India,IND,1912,0.969
India,IND,1913,0.969
India,IND,1914,0.969
India,IND,1915,0.969
India,IND,1916,0.969
India,IND,1917,0.969
India,IND,1918,0.969
India,IND,1919,0.969
India,IND,1920,0.969
India,IND,1921,0.969
India,IND,1922,0.969
India,IND,1923,0.969
India,IND,1924,0.969
India,IND,1925,0.969
India,IND,1926,0.969
India,IND,1927,0.969
India,IND,1928,0.969
India,IND,1929,0.969
India,IND,1930,0.969
India,IND,1931,0.969
India,IND,1932,0.969
India,IND,1933,0.969
India,IND,1934,0.969
India,IND,1935,0.969
India,IND,1936,0.969
India,IND,1937,0.969
India,IND,1938,0.969
India,IND,1939,0.969
India,IND,1940,0.969
India,IND,1941,0.969
India,IND,1942,0.969
India,IND,1943,0.969
India,IND,1944,0.969
India,IND,1945,0.969
India,IND,1946,0.969
India,IND,1947,0.931
India,IND,1948,0.871
India,IND,1949,0.871
India,IND,1950,0.871
India,IND,1951,0.854
India,IND,1952,0.854
India,IND,1953,0.854
India,IND,1954,0.854
India,IND,1955,0.854
India,IND,1956,0.854
India,IND,1957,0.854
India,IND,1958,0.854
India,IND,1959,0.854
India,IND,1960,0.854
India,IND,1961,0.854
India,IND,1962,0.854
India,IND,1963,0.854
India,IND,1964,0.854
India,IND,1965,0.814
India,IND,1966,0.722
India,IND,1967,0.707
India,IND,1968,0.662
India,IND,1969,0.662
India,IND,1970,0.641
India,IND,1971,0.641
India,IND,1972,0.641
India,IND,1973,0.641
India,IND,1974,0.641
India,IND,1975,0.641
India,IND,1976,0.641
India,IND,1977,0.641
India,IND,1978,0.611
India,IND,1979,0.605
India,IND,1980,0.605
India,IND,1981,0.605
India,IND,1982,0.605
India,IND,1983,0.605
India,IND,1984,0.605
India,IND,1985,0.605
India,IND,1986,0.605
India,IND,1987,0.547
India,IND,1988,0.547
India,IND,1989,0.547
India,IND,1990,0.503
India,IND,1991,0.503
India,IND,1992,0.449
India,IND,1993,0.449
India,IND,1994,0.449
India,IND,1995,0.449
India,IND,1996,0.449
India,IND,1997,0.449
India,IND,1998,0.449
India,IND,1999,0.449
India,IND,2000,0.449
India,IND,2001,0.449
India,IND,2002,0.449
India,IND,2003,0.449
India,IND,2004,0.449
India,IND,2005,0.449
India,IND,2006,0.449
India,IND,2007,0.449
India,IND,2008,0.449
India,IND,2009,0.449
India,IND,2010,0.421
India,IND,2011,0.418
India,IND,2012,0.418
India,IND,2013,0.418
India,IND,2014,0.424
India,IND,2015,0.384
India,IND,2016,0.384
India,IND,2017,0.381
India,IND,2018,0.375
India,IND,2019,0.375
India,IND,2020,0.337
India,IND,2021,0.313
India,IND,2022,0.306
India,IND,2023,0.314
India,IND,2024,0.319
India,IND,2025,0.316
Indonesia,IDN,1900,0.229
Indonesia,IDN,1901,0.229
Indonesia,IDN,1902,0.229
Indonesia,IDN,1903,0.229
Indonesia,IDN,1904,0.229
Indonesia,IDN,1905,0.229
Indonesia,IDN,1906,0.229
Indonesia,IDN,1907,0.229
Indonesia,IDN,1908,0.229
Indonesia,IDN,1909,0.229
Indonesia,IDN,1910,0.229
Indonesia,IDN,1911,0.229
Indonesia,IDN,1912,0.229
Indonesia,IDN,1913,0.229
Indonesia,IDN,1914,0.229
Indonesia,IDN,1915,0.229
Indonesia,IDN,1916,0.229
Indonesia,IDN,1917,0.229
Indonesia,IDN,1918,0.229
Indonesia,IDN,1919,0.229
Indonesia,IDN,1920,0.229
Indonesia,IDN,1921,0.229
Indonesia,IDN,1922,0.229
Indonesia,IDN,1923,0.229
Indonesia,IDN,1924,0.229
Indonesia,IDN,1925,0.229
Indonesia,IDN,1926,0.229
Indonesia,IDN,1927,0.229
Indonesia,IDN,1928,0.229
Indonesia,IDN,1929,0.229
Indonesia,IDN,1930,0.229
Indonesia,IDN,1931,0.229
Indonesia,IDN,1932,0.229
Indonesia,IDN,1933,0.229
Indonesia,IDN,1934,0.229
Indonesia,IDN,1935,0.229
Indonesia,IDN,1936,0.229
Indonesia,IDN,1937,0.229
Indonesia,IDN,1938,0.229
Indonesia,IDN,1939,0.229
Indonesia,IDN,1940,0.229
Indonesia,IDN,1941,0.229
Indonesia,IDN,1942,0.229
Indonesia,IDN,1943,0.229
Indonesia,IDN,1944,0.229
Indonesia,IDN,1945,0.442
Indonesia,IDN,1946,0.441
Indonesia,IDN,1947,0.441
Indonesia,IDN,1948,0.441
Indonesia,IDN,1949,0.269
Indonesia,IDN,1950,0.262
Indonesia,IDN,1951,0.262
Indonesia,IDN,1952,0.262
Indonesia,IDN,1953,0.262
Indonesia,IDN,1954,0.262
Indonesia,IDN,1955,0.249
Indonesia,IDN,1956,0.249
Indonesia,IDN,1957,0.249
Indonesia,IDN,1958,0.249
Indonesia,IDN,1959,0.235
Indonesia,IDN,1960,0.217
Indonesia,IDN,1961,0.217
Indonesia,IDN,1962,0.217
Indonesia,IDN,1963,0.217
Indonesia,IDN,1964,0.217
Indonesia,IDN,1965,0.184
Indonesia,IDN,1966,0.152
Indonesia,IDN,1967,0.142
Indonesia,IDN,1968,0.142
Indonesia,IDN,1969,0.142
Indonesia,IDN,1970,0.134
Indonesia,IDN,1971,0.119
Indonesia,IDN,1972,0.119
Indonesia,IDN,1973,0.117
Indonesia,IDN,1974,0.117
Indonesia,IDN,1975,0.117
Indonesia,IDN,1976,0.117
Indonesia,IDN,1977,0.11
Indonesia,IDN,1978,0.086
Indonesia,IDN,1979,0.084
Indonesia,IDN,1980,0.084
Indonesia,IDN,1981,0.084
Indonesia,IDN,1982,0.065
Indonesia,IDN,1983,0.065
Indonesia,IDN,1984,0.065
Indonesia,IDN,1985,0.065
Indonesia,IDN,1986,0.065
Indonesia,IDN,1987,0.06
Indonesia,IDN,1988,0.06
Indonesia,IDN,1989,0.06
Indonesia,IDN,1990,0.06
Indonesia,IDN,1991,0.06
Indonesia,IDN,1992,0.06
Indonesia,IDN,1993,0.06
Indonesia,IDN,1994,0.06
Indonesia,IDN,1995,0.06
Indonesia,IDN,1996,0.06
Indonesia,IDN,1997,0.06
Indonesia,IDN,1998,0.154
Indonesia,IDN,1999,0.242
Indonesia,IDN,2000,0.241
Indonesia,IDN,2001,0.241
Indonesia,IDN,2002,0.241
Indonesia,IDN,2003,0.241
Indonesia,IDN,2004,0.246
Indonesia,IDN,2005,0.253
Indonesia,IDN,2006,0.255
Indonesia,IDN,2007,0.257
Indonesia,IDN,2008,0.251
Indonesia,IDN,2009,0.252
Indonesia,IDN,2010,0.253
Indonesia,IDN,2011,0.251
Indonesia,IDN,2012,0.25
Indonesia,IDN,2013,0.247
Indonesia,IDN,2014,0.244
Indonesia,IDN,2015,0.309
Indonesia,IDN,2016,0.302
Indonesia,IDN,2017,0.298
Indonesia,IDN,2018,0.27
Indonesia,IDN,2019,0.259
Indonesia,IDN,2020,0.238
Indonesia,IDN,2021,0.246
Indonesia,IDN,2022,0.264
Indonesia,IDN,2023,0.231
Indonesia,IDN,2024,0.233
Indonesia,IDN,2025,0.205
Iran,IRN,1900,0.256
Iran,IRN,1901,0.256
Iran,IRN,1902,0.256
Iran,IRN,1903,0.256
Iran,IRN,1904,0.256
Iran,IRN,1905,0.256
Iran,IRN,1906,0.327
Iran,IRN,1907,0.427
Iran,IRN,1908,0.327
Iran,IRN,1909,0.327
Iran,IRN,1910,0.396
Iran,IRN,1911,0.289
Iran,IRN,1912,0.289
Iran,IRN,1913,0.289
Iran,IRN,1914,0.296
Iran,IRN,1915,0.4
Iran,IRN,1916,0.289
Iran,IRN,1917,0.289
Iran,IRN,1918,0.289
Iran,IRN,1919,0.289
Iran,IRN,1920,0.289
Iran,IRN,1921,0.289
Iran,IRN,1922,0.345
Iran,IRN,1923,0.406
Iran,IRN,1924,0.406
Iran,IRN,1925,0.542
Iran,IRN,1926,0.542
Iran,IRN,1927,0.542
Iran,IRN,1928,0.542
Iran,IRN,1929,0.542
Iran,IRN,1930,0.542
Iran,IRN,1931,0.542
Iran,IRN,1932,0.542
Iran,IRN,1933,0.542
Iran,IRN,1934,0.557
Iran,IRN,1935,0.557
Iran,IRN,1936,0.557
Iran,IRN,1937,0.557
Iran,IRN,1938,0.557
Iran,IRN,1939,0.557
Iran,IRN,1940,0.557
Iran,IRN,1941,0.557
Iran,IRN,1942,0.611
Iran,IRN,1943,0.611
Iran,IRN,1944,0.611
Iran,IRN,1945,0.611
Iran,IRN,1946,0.611
Iran,IRN,1947,0.611
Iran,IRN,1948,0.611
Iran,IRN,1949,0.611
Iran,IRN,1950,0.66
Iran,IRN,1951,0.66
Iran,IRN,1952,0.66
Iran,IRN,1953,0.712
Iran,IRN,1954,0.591
Iran,IRN,1955,0.583
Iran,IRN,1956,0.583
Iran,IRN,1957,0.583
Iran,IRN,1958,0.583
Iran,IRN,1959,0.583
Iran,IRN,1960,0.583
Iran,IRN,1961,0.583
Iran,IRN,1962,0.601
Iran,IRN,1963,0.601
Iran,IRN,1964,0.601
Iran,IRN,1965,0.601
Iran,IRN,1966,0.601
Iran,IRN,1967,0.601
Iran,IRN,1968,0.601
Iran,IRN,1969,0.601
Iran,IRN,1970,0.601
Iran,IRN,1971,0.601
Iran,IRN,1972,0.601
Iran,IRN,1973,0.601
Iran,IRN,1974,0.601
Iran,IRN,1975,0.601
Iran,IRN,1976,0.601
Iran,IRN,1977,0.621
Iran,IRN,1978,0.621
Iran,IRN,1979,0.462
Iran,IRN,1980,0.34
Iran,IRN,1981,0.344
Iran,IRN,1982,0.344
Iran,IRN,1983,0.344
Iran,IRN,1984,0.395
Iran,IRN,1985,0.395
Iran,IRN,1986,0.395
Iran,IRN,1987,0.377
Iran,IRN,1988,0.377
Iran,IRN,1989,0.367
Iran,IRN,1990,0.367
Iran,IRN,1991,0.367
Iran,IRN,1992,0.367
Iran,IRN,1993,0.367
Iran,IRN,1994,0.367
Iran,IRN,1995,0.367
Iran,IRN,1996,0.367
Iran,IRN,1997,0.484
Iran,IRN,1998,0.484
Iran,IRN,1999,0.484
Iran,IRN,2000,0.484
Iran,IRN,2001,0.484
Iran,IRN,2002,0.484
Iran,IRN,2003,0.467
Iran,IRN,2004,0.467
Iran,IRN,2005,0.272
Iran,IRN,2006,0.272
Iran,IRN,2007,0.272
Iran,IRN,2008,0.272
Iran,IRN,2009,0.264
Iran,IRN,2010,0.264
Iran,IRN,2011,0.264
Iran,IRN,2012,0.264
Iran,IRN,2013,0.271
Iran,IRN,2014,0.272
Iran,IRN,2015,0.272
Iran,IRN,2016,0.278
Iran,IRN,2017,0.243
Iran,IRN,2018,0.232
Iran,IRN,2019,0.233
Iran,IRN,2020,0.222
Iran,IRN,2021,0.219
Iran,IRN,2022,0.231
Iran,IRN,2023,0.213
Iran,IRN,2024,0.217
Iran,IRN,2025,0.232
Iraq,IRQ,1920,0.504
Iraq,IRQ,1921,0.504
Iraq,IRQ,1922,0.504
Iraq,IRQ,1923,0.504
Iraq,IRQ,1924,0.504
Iraq,IRQ,1925,0.504
Iraq,IRQ,1926,0.425
Iraq,IRQ,1927,0.425
Iraq,IRQ,1928,0.425
Iraq,IRQ,1929,0.425
Iraq,IRQ,1930,0.425
Iraq,IRQ,1931,0.425
Iraq,IRQ,1932,0.387
Iraq,IRQ,1933,0.384
Iraq,IRQ,1934,0.384
Iraq,IRQ,1935,0.384
Iraq,IRQ,1936,0.384
Iraq,IRQ,1937,0.384
Iraq,IRQ,1938,0.384
Iraq,IRQ,1939,0.384
Iraq,IRQ,1940,0.384
Iraq,IRQ,1941,0.383
Iraq,IRQ,1942,0.383
Iraq,IRQ,1943,0.383
Iraq,IRQ,1944,0.383
Iraq,IRQ,1945,0.383
Iraq,IRQ,1946,0.383
Iraq,IRQ,1947,0.383
Iraq,IRQ,1948,0.383
Iraq,IRQ,1949,0.383
Iraq,IRQ,1950,0.383
Iraq,IRQ,1951,0.383
Iraq,IRQ,1952,0.383
Iraq,IRQ,1953,0.383
Iraq,IRQ,1954,0.383
Iraq,IRQ,1955,0.383
Iraq,IRQ,1956,0.383
Iraq,IRQ,1957,0.383
Iraq,IRQ,1958,0.438
Iraq,IRQ,1959,0.459
Iraq,IRQ,1960,0.464
Iraq,IRQ,1961,0.464
Iraq,IRQ,1962,0.464
Iraq,IRQ,1963,0.371
Iraq,IRQ,1964,0.413
Iraq,IRQ,1965,0.413
Iraq,IRQ,1966,0.413
Iraq,IRQ,1967,0.413
Iraq,IRQ,1968,0.411
Iraq,IRQ,1969,0.411
Iraq,IRQ,1970,0.422
Iraq,IRQ,1971,0.423
Iraq,IRQ,1972,0.423
Iraq,IRQ,1973,0.423
Iraq,IRQ,1974,0.423
Iraq,IRQ,1975,0.423
Iraq,IRQ,1976,0.423
Iraq,IRQ,1977,0.402
Iraq,IRQ,1978,0.402
Iraq,IRQ,1979,0.387
Iraq,IRQ,1980,0.22
Iraq,IRQ,1981,0.198
Iraq,IRQ,1982,0.198
Iraq,IRQ,1983,0.198
Iraq,IRQ,1984,0.198
Iraq,IRQ,1985,0.198
Iraq,IRQ,1986,0.198
Iraq,IRQ,1987,0.198
Iraq,IRQ,1988,0.198
Iraq,IRQ,1989,0.198
Iraq,IRQ,1990,0.171
Iraq,IRQ,1991,0.112
Iraq,IRQ,1992,0.112
Iraq,IRQ,1993,0.112
Iraq,IRQ,1994,0.112
Iraq,IRQ,1995,0.112
Iraq,IRQ,1996,0.112
Iraq,IRQ,1997,0.112
Iraq,IRQ,1998,0.112
Iraq,IRQ,1999,0.112
Iraq,IRQ,2000,0.111
Iraq,IRQ,2001,0.111
Iraq,IRQ,2002,0.13
Iraq,IRQ,2003,0.201
Iraq,IRQ,2004,0.251
Iraq,IRQ,2005,0.197
Iraq,IRQ,2006,0.197
Iraq,IRQ,2007,0.159
Iraq,IRQ,2008,0.161
Iraq,IRQ,2009,0.161
Iraq,IRQ,2010,0.158
Iraq,IRQ,2011,0.158
Iraq,IRQ,2012,0.158
Iraq,IRQ,2013,0.126
Iraq,IRQ,2014,0.138
Iraq,IRQ,2015,0.128
Iraq,IRQ,2016,0.122
Iraq,IRQ,2017,0.133
Iraq,IRQ,2018,0.146
Iraq,IRQ,2019,0.123
Iraq,IRQ,2020,0.13
Iraq,IRQ,2021,0.142
Iraq,IRQ,2022,0.136
Iraq,IRQ,2023,0.16
Iraq,IRQ,2024,0.15
Iraq,IRQ,2025,0.108
Ireland,IRL,1919,0.96
Ireland,IRL,1920,0.952
Ireland,IRL,1921,0.952
Ireland,IRL,1922,0.943
Ireland,IRL,1923,0.92
Ireland,IRL,1924,0.92
Ireland,IRL,1925,0.929
Ireland,IRL,1926,0.935
Ireland,IRL,1927,0.935
Ireland,IRL,1928,0.935
Ireland,IRL,1929,0.935
Ireland,IRL,1930,0.935
Ireland,IRL,1931,0.935
Ireland,IRL,1932,0.935
Ireland,IRL,1933,0.928
Ireland,IRL,1934,0.928
Ireland,IRL,1935,0.928
Ireland,IRL,1936,0.928
Ireland,IRL,1937,0.928
Ireland,IRL,1938,0.926
Ireland,IRL,1939,0.926
Ireland,IRL,1940,0.926
Ireland,IRL,1941,0.926
Ireland,IRL,1942,0.926
Ireland,IRL,1943,0.926
Ireland,IRL,1944,0.926
Ireland,IRL,1945,0.926
Ireland,IRL,1946,0.926
Ireland,IRL,1947,0.926
Ireland,IRL,1948,0.926
Ireland,IRL,1949,0.924
Ireland,IRL,1950,0.924
Ireland,IRL,1951,0.924
Ireland,IRL,1952,0.924
Ireland,IRL,1953,0.924
Ireland,IRL,1954,0.924
Ireland,IRL,1955,0.924
Ireland,IRL,1956,0.924
Ireland,IRL,1957,0.924
Ireland,IRL,1958,0.924
Ireland,IRL,1959,0.921
Ireland,IRL,1960,0.921
Ireland,IRL,1961,0.921
Ireland,IRL,1962,0.916
Ireland,IRL,1963,0.916
Ireland,IRL,1964,0.912
Ireland,IRL,1965,0.891
Ireland,IRL,1966,0.889
Ireland,IRL,1967,0.867
Ireland,IRL,1968,0.867
Ireland,IRL,1969,0.867
Ireland,IRL,1970,0.867
Ireland,IRL,1971,0.867
Ireland,IRL,1972,0.867
Ireland,IRL,1973,0.867
Ireland,IRL,1974,0.867
Ireland,IRL,1975,0.867
Ireland,IRL,1976,0.867
Ireland,IRL,1977,0.867
Ireland,IRL,1978,0.867
Ireland,IRL,1979,0.862
Ireland,IRL,1980,0.851
Ireland,IRL,1981,0.851
Ireland,IRL,1982,0.854
Ireland,IRL,1983,0.851
Ireland,IRL,1984,0.851
Ireland,IRL,1985,0.851
Ireland,IRL,1986,0.851
Ireland,IRL,1987,0.854
Ireland,IRL,1988,0.859
Ireland,IRL,1989,0.859
Ireland,IRL,1990,0.859
Ireland,IRL,1991,0.859
Ireland,IRL,1992,0.92
Ireland,IRL,1993,0.92
Ireland,IRL,1994,0.92
Ireland,IRL,1995,0.92
Ireland,IRL,1996,0.937
Ireland,IRL,1997,0.937
Ireland,IRL,1998,0.942
Ireland,IRL,1999,0.949
Ireland,IRL,2000,0.949
Ireland,IRL,2001,0.949
Ireland,IRL,2002,0.949
Ireland,IRL,2003,0.949
Ireland,IRL,2004,0.949
Ireland,IRL,2005,0.949
Ireland,IRL,2006,0.949
Ireland,IRL,2007,0.949
Ireland,IRL,2008,0.95
Ireland,IRL,2009,0.957
Ireland,IRL,2010,0.958
Ireland,IRL,2011,0.964
Ireland,IRL,2012,0.967
Ireland,IRL,2013,0.97
Ireland,IRL,2014,0.97
Ireland,IRL,2015,0.97
Ireland,IRL,2016,0.97
Ireland,IRL,2017,0.974
Ireland,IRL,2018,0.974
Ireland,IRL,2019,0.968
Ireland,IRL,2020,0.968
Ireland,IRL,2021,0.968
Ireland,IRL,2022,0.968
Ireland,IRL,2023,0.968
Ireland,IRL,2024,0.968
Ireland,IRL,2025,0.968
Israel,ISR,1948,0.842
Israel,ISR,1949,0.842
Israel,ISR,1950,0.842
Israel,ISR,1951,0.842
Israel,ISR,1952,0.842
Israel,ISR,1953,0.842
Israel,ISR,1954,0.842
Israel,ISR,1955,0.842
Israel,ISR,1956,0.842
Israel,ISR,1957,0.842
Israel,ISR,1958,0.842
Israel,ISR,1959,0.842
Israel,ISR,1960,0.842
Israel,ISR,1961,0.842
Israel,ISR,1962,0.842
Israel,ISR,1963,0.842
Israel,ISR,1964,0.842
Israel,ISR,1965,0.842
Israel,ISR,1966,0.842
Israel,ISR,1967,0.854
Israel,ISR,1968,0.854
Israel,ISR,1969,0.854
Israel,ISR,1970,0.854
Israel,ISR,1971,0.854
Israel,ISR,1972,0.854
Israel,ISR,1973,0.854
Israel,ISR,1974,0.854
Israel,ISR,1975,0.779
Israel,ISR,1976,0.779
Israel,ISR,1977,0.845
Israel,ISR,1978,0.857
Israel,ISR,1979,0.857
Israel,ISR,1980,0.857
Israel,ISR,1981,0.857
Israel,ISR,1982,0.857
Israel,ISR,1983,0.857
Israel,ISR,1984,0.857
Israel,ISR,1985,0.883
Israel,ISR,1986,0.883
Israel,ISR,1987,0.883
Israel,ISR,1988,0.883
Israel,ISR,1989,0.883
Israel,ISR,1990,0.883
Israel,ISR,1991,0.883
Israel,ISR,1992,0.883
Israel,ISR,1993,0.883
Israel,ISR,1994,0.883
Israel,ISR,1995,0.883
Israel,ISR,1996,0.883
Israel,ISR,1997,0.883
Israel,ISR,1998,0.883
Israel,ISR,1999,0.883
Israel,ISR,2000,0.88
Israel,ISR,2001,0.88
Israel,ISR,2002,0.88
Israel,ISR,2003,0.88
Israel,ISR,2004,0.88
Israel,ISR,2005,0.88
Israel,ISR,2006,0.877
Israel,ISR,2007,0.877
Israel,ISR,2008,0.896
Israel,ISR,2009,0.896
Israel,ISR,2010,0.893
Israel,ISR,2011,0.893
Israel,ISR,2012,0.893
Israel,ISR,2013,0.893
Israel,ISR,2014,0.893
Israel,ISR,2015,0.893
Israel,ISR,2016,0.89
Israel,ISR,2017,0.89
Israel,ISR,2018,0.885
Israel,ISR,2019,0.876
Israel,ISR,2020,0.891
Israel,ISR,2021,0.9
Israel,ISR,2022,0.895
Israel,ISR,2023,0.882
Israel,ISR,2024,0.889
Israel,ISR,2025,0.893
Italy,ITA,1900,0.664
Italy,ITA,1901,0.664
Italy,ITA,1902,0.664
Italy,ITA,1903,0.664
Italy,ITA,1904,0.664
Italy,ITA,1905,0.664
Italy,ITA,1906,0.664
Italy,ITA,1907,0.664
Italy,ITA,1908,0.664
Italy,ITA,1909,0.664
Italy,ITA,1910,0.664
Italy,ITA,1911,0.664
Italy,ITA,1912,0.664
Italy,ITA,1913,0.664
Italy,ITA,1914,0.664
Italy,ITA,1915,0.664
Italy,ITA,1916,0.664
Italy,ITA,1917,0.664
Italy,ITA,1918,0.664
Italy,ITA,1919,0.664
Italy,ITA,1920,0.664
Italy,ITA,1921,0.664
Italy,ITA,1922,0.676
Italy,ITA,1923,0.599
Italy,ITA,1924,0.553
Italy,ITA,1925,0.553
Italy,ITA,1926,0.552
Italy,ITA,1927,0.552
Italy,ITA,1928,0.552
Italy,ITA,1929,0.552
Italy,ITA,1930,0.549
Italy,ITA,1931,0.549
Italy,ITA,1932,0.549
Italy,ITA,1933,0.549
Italy,ITA,1934,0.549
Italy,ITA,1935,0.549
Italy,ITA,1936,0.549
Italy,ITA,1937,0.549
Italy,ITA,1938,0.549
Italy,ITA,1939,0.549
Italy,ITA,1940,0.54
Italy,ITA,1941,0.54
Italy,ITA,1942,0.54
Italy,ITA,1943,0.54
Italy,ITA,1944,0.596
Italy,ITA,1945,0.662
Italy,ITA,1946,0.803
Italy,ITA,1947,0.827
Italy,ITA,1948,0.806
Italy,ITA,1949,0.806
Italy,ITA,1950,0.806
Italy,ITA,1951,0.806
Italy,ITA,1952,0.806
Italy,ITA,1953,0.806
Italy,ITA,1954,0.806
Italy,ITA,1955,0.806
Italy,ITA,1956,0.806
Italy,ITA,1957,0.806
Italy,ITA,1958,0.806
Italy,ITA,1959,0.806
Italy,ITA,1960,0.814
Italy,ITA,1961,0.814
Italy,ITA,1962,0.814
Italy,ITA,1963,0.814
Italy,ITA,1964,0.814
Italy,ITA,1965,0.814
Italy,ITA,1966,0.814
Italy,ITA,1967,0.814
Italy,ITA,1968,0.814
Italy,ITA,1969,0.814
Italy,ITA,1970,0.814
Italy,ITA,1971,0.814
Italy,ITA,1972,0.814
Italy,ITA,1973,0.814
Italy,ITA,1974,0.814
Italy,ITA,1975,0.814
Italy,ITA,1976,0.814
Italy,ITA,1977,0.814
Italy,ITA,1978,0.814
Italy,ITA,1979,0.814
Italy,ITA,1980,0.705
Italy,ITA,1981,0.705
Italy,ITA,1982,0.705
Italy,ITA,1983,0.705
Italy,ITA,1984,0.667
Italy,ITA,1985,0.667
Italy,ITA,1986,0.667
Italy,ITA,1987,0.667
Italy,ITA,1988,0.667
Italy,ITA,1989,0.66
Italy,ITA,1990,0.66
Italy,ITA,1991,0.66
Italy,ITA,1992,0.669
Italy,ITA,1993,0.739
Italy,ITA,1994,0.724
Italy,ITA,1995,0.724
Italy,ITA,1996,0.755
Italy,ITA,1997,0.755
Italy,ITA,1998,0.755
Italy,ITA,1999,0.755
Italy,ITA,2000,0.748
Italy,ITA,2001,0.729
Italy,ITA,2002,0.729
Italy,ITA,2003,0.729
Italy,ITA,2004,0.729
Italy,ITA,2005,0.729
Italy,ITA,2006,0.769
Italy,ITA,2007,0.769
Italy,ITA,2008,0.727
Italy,ITA,2009,0.727
Italy,ITA,2010,0.759
Italy,ITA,2011,0.789
Italy,ITA,2012,0.792
Italy,ITA,2013,0.804
Italy,ITA,2014,0.802
Italy,ITA,2015,0.802
Italy,ITA,2016,0.806
Italy,ITA,2017,0.814
Italy,ITA,2018,0.814
Italy,ITA,2019,0.814
Italy,ITA,2020,0.836
Italy,ITA,2021,0.866
Italy,ITA,2022,0.866
Italy,ITA,2023,0.849
Italy,ITA,2024,0.818
Italy,ITA,2025,0.843
Jamaica,JAM,1900,0.813
Jamaica,JAM,1901,0.813
Jamaica,JAM,1902,0.813
Jamaica,JAM,1903,0.813
Jamaica,JAM,1904,0.813
Jamaica,JAM,1905,0.813
Jamaica,JAM,1906,0.813
Jamaica,JAM,1907,0.813
Jamaica,JAM,1908,0.813
Jamaica,JAM,1909,0.813
Jamaica,JAM,1910,0.813
Jamaica,JAM,1911,0.813
Jamaica,JAM,1912,0.813
Jamaica,JAM,1913,0.813
Jamaica,JAM,1914,0.813
Jamaica,JAM,1915,0.813
Jamaica,JAM,1916,0.813
Jamaica,JAM,1917,0.813
Jamaica,JAM,1918,0.813
Jamaica,JAM,1919,0.813
Jamaica,JAM,1920,0.813
Jamaica,JAM,1921,0.813
Jamaica,JAM,1922,0.813
Jamaica,JAM,1923,0.813
Jamaica,JAM,1924,0.802
Jamaica,JAM,1925,0.802
Jamaica,JAM,1926,0.802
Jamaica,JAM,1927,0.802
Jamaica,JAM,1928,0.802
Jamaica,JAM,1929,0.802
Jamaica,JAM,1930,0.802
Jamaica,JAM,1931,0.802
Jamaica,JAM,1932,0.802
Jamaica,JAM,1933,0.802
Jamaica,JAM,1934,0.802
Jamaica,JAM,1935,0.802
Jamaica,JAM,1936,0.802
Jamaica,JAM,1937,0.802
Jamaica,JAM,1938,0.802
Jamaica,JAM,1939,0.802
Jamaica,JAM,1940,0.802
Jamaica,JAM,1941,0.802
Jamaica,JAM,1942,0.802
Jamaica,JAM,1943,0.802
Jamaica,JAM,1944,0.824
Jamaica,JAM,1945,0.824
Jamaica,JAM,1946,0.824
Jamaica,JAM,1947,0.824
Jamaica,JAM,1948,0.824
Jamaica,JAM,1949,0.824
Jamaica,JAM,1950,0.824
Jamaica,JAM,1951,0.824
Jamaica,JAM,1952,0.824
Jamaica,JAM,1953,0.824
Jamaica,JAM,1954,0.824
Jamaica,JAM,1955,0.842
Jamaica,JAM,1956,0.842
Jamaica,JAM,1957,0.842
Jamaica,JAM,1958,0.842
Jamaica,JAM,1959,0.842
Jamaica,JAM,1960,0.855
Jamaica,JAM,1961,0.855
Jamaica,JAM,1962,0.811
Jamaica,JAM,1963,0.809
Jamaica,JAM,1964,0.809
Jamaica,JAM,1965,0.809
Jamaica,JAM,1966,0.809
Jamaica,JAM,1967,0.809
Jamaica,JAM,1968,0.809
Jamaica,JAM,1969,0.809
Jamaica,JAM,1970,0.809
Jamaica,JAM,1971,0.809
Jamaica,JAM,1972,0.809
Jamaica,JAM,1973,0.809
Jamaica,JAM,1974,0.809
Jamaica,JAM,1975,0.809
Jamaica,JAM,1976,0.809
Jamaica,JAM,1977,0.809
Jamaica,JAM,1978,0.809
Jamaica,JAM,1979,0.809
Jamaica,JAM,1980,0.809
Jamaica,JAM,1981,0.809
Jamaica,JAM,1982,0.809
Jamaica,JAM,1983,0.809
Jamaica,JAM,1984,0.809
Jamaica,JAM,1985,0.809
Jamaica,JAM,1986,0.809
Jamaica,JAM,1987,0.809
Jamaica,JAM,1988,0.809
Jamaica,JAM,1989,0.809
Jamaica,JAM,1990,0.831
Jamaica,JAM,1991,0.831
Jamaica,JAM,1992,0.831
Jamaica,JAM,1993,0.831
Jamaica,JAM,1994,0.831
Jamaica,JAM,1995,0.831
Jamaica,JAM,1996,0.831
Jamaica,JAM,1997,0.831
Jamaica,JAM,1998,0.831
Jamaica,JAM,1999,0.831
Jamaica,JAM,2000,0.831
Jamaica,JAM,2001,0.831
Jamaica,JAM,2002,0.831
Jamaica,JAM,2003,0.831
Jamaica,JAM,2004,0.831
Jamaica,JAM,2005,0.831
Jamaica,JAM,2006,0.831
Jamaica,JAM,2007,0.831
Jamaica,JAM,2008,0.831
Jamaica,JAM,2009,0.831
Jamaica,JAM,2010,0.831
Jamaica,JAM,2011,0.831
Jamaica,JAM,2012,0.833
Jamaica,JAM,2013,0.869
Jamaica,JAM,2014,0.869
Jamaica,JAM,2015,0.869
Jamaica,JAM,2016,0.874
Jamaica,JAM,2017,0.874
Jamaica,JAM,2018,0.88
Jamaica,JAM,2019,0.88
Jamaica,JAM,2020,0.829
Jamaica,JAM,2021,0.825
Jamaica,JAM,2022,0.833
Jamaica,JAM,2023,0.787
Jamaica,JAM,2024,0.81
Jamaica,JAM,2025,0.793
Japan,JPN,1900,0.75
Japan,JPN,1901,0.75
Japan,JPN,1902,0.75
Japan,JPN,1903,0.75
Japan,JPN,1904,0.75
Japan,JPN,1905,0.75
Japan,JPN,1906,0.75
Japan,JPN,1907,0.75
Japan,JPN,1908,0.75
Japan,JPN,1909,0.75
Japan,JPN,1910,0.75
Japan,JPN,1911,0.75
Japan,JPN,1912,0.75
Japan,JPN,1913,0.75
Japan,JPN,1914,0.75
Japan,JPN,1915,0.75
Japan,JPN,1916,0.75
Japan,JPN,1917,0.75
Japan,JPN,1918,0.75
Japan,JPN,1919,0.75
Japan,JPN,1920,0.75
Japan,JPN,1921,0.75
Japan,JPN,1922,0.75
Japan,JPN,1923,0.75
Japan,JPN,1924,0.75
Japan,JPN,1925,0.75
Japan,JPN,1926,0.75
Japan,JPN,1927,0.75
Japan,JPN,1928,0.75
Japan,JPN,1929,0.75
Japan,JPN,1930,0.75
Japan,JPN,1931,0.75
Japan,JPN,1932,0.75
Japan,JPN,1933,0.75
Japan,JPN,1934,0.75
Japan,JPN,1935,0.75
Japan,JPN,1936,0.75
Japan,JPN,1937,0.75
Japan,JPN,1938,0.75
Japan,JPN,1939,0.75
Japan,JPN,1940,0.75
Japan,JPN,1941,0.75
Japan,JPN,1942,0.75
Japan,JPN,1943,0.75
Japan,JPN,1944,0.75
Japan,JPN,1945,0.75
Japan,JPN,1946,0.845
Japan,JPN,1947,0.845
Japan,JPN,1948,0.859
Japan,JPN,1949,0.859
Japan,JPN,1950,0.859
Japan,JPN,1951,0.859
Japan,JPN,1952,0.859
Japan,JPN,1953,0.87
Japan,JPN,1954,0.87
Japan,JPN,1955,0.87
Japan,JPN,1956,0.87
Japan,JPN,1957,0.862
Japan,JPN,1958,0.87
Japan,JPN,1959,0.87
Japan,JPN,1960,0.87
Japan,JPN,1961,0.87
Japan,JPN,1962,0.87
Japan,JPN,1963,0.87
Japan,JPN,1964,0.87
Japan,JPN,1965,0.87
Japan,JPN,1966,0.87
Japan,JPN,1967,0.87
Japan,JPN,1968,0.87
Japan,JPN,1969,0.87
Japan,JPN,1970,0.87
Japan,JPN,1971,0.885
Japan,JPN,1972,0.885
Japan,JPN,1973,0.885
Japan,JPN,1974,0.885
Japan,JPN,1975,0.885
Japan,JPN,1976,0.885
Japan,JPN,1977,0.885
Japan,JPN,1978,0.885
Japan,JPN,1979,0.885
Japan,JPN,1980,0.877
Japan,JPN,1981,0.877
Japan,JPN,1982,0.885
Japan,JPN,1983,0.885
Japan,JPN,1984,0.885
Japan,JPN,1985,0.885
Japan,JPN,1986,0.885
Japan,JPN,1987,0.885
Japan,JPN,1988,0.885
Japan,JPN,1989,0.885
Japan,JPN,1990,0.885
Japan,JPN,1991,0.885
Japan,JPN,1992,0.885
Japan,JPN,1993,0.885
Japan,JPN,1994,0.889
Japan,JPN,1995,0.889
Japan,JPN,1996,0.889
Japan,JPN,1997,0.889
Japan,JPN,1998,0.892
Japan,JPN,1999,0.892
Japan,JPN,2000,0.892
Japan,JPN,2001,0.892
Japan,JPN,2002,0.892
Japan,JPN,2003,0.892
Japan,JPN,2004,0.892
Japan,JPN,2005,0.892
Japan,JPN,2006,0.892
Japan,JPN,2007,0.892
Japan,JPN,2008,0.892
Japan,JPN,2009,0.892
Japan,JPN,2010,0.892
Japan,JPN,2011,0.892
Japan,JPN,2012,0.892
Japan,JPN,2013,0.902
Japan,JPN,2014,0.902
Japan,JPN,2015,0.92
Japan,JPN,2016,0.907
Japan,JPN,2017,0.907
Japan,JPN,2018,0.907
Japan,JPN,2019,0.925
Japan,JPN,2020,0.925
Japan,JPN,2021,0.955
Japan,JPN,2022,0.955
Japan,JPN,2023,0.95
Japan,JPN,2024,0.95
Japan,JPN,2025,0.95
Jordan,JOR,1922,0.656
Jordan,JOR,1923,0.656
Jordan,JOR,1924,0.656
Jordan,JOR,1925,0.656
Jordan,JOR,1926,0.656
Jordan,JOR,1927,0.656
Jordan,JOR,1928,0.656
Jordan,JOR,1929,0.54
Jordan,JOR,1930,0.54
Jordan,JOR,1931,0.54
Jordan,JOR,1932,0.54
Jordan,JOR,1933,0.54
Jordan,JOR,1934,0.54
Jordan,JOR,1935,0.54
Jordan,JOR,1936,0.54
Jordan,JOR,1937,0.54
Jordan,JOR,1938,0.54
Jordan,JOR,1939,0.54
Jordan,JOR,1940,0.54
Jordan,JOR,1941,0.54
Jordan,JOR,1942,0.54
Jordan,JOR,1943,0.54
Jordan,JOR,1944,0.54
Jordan,JOR,1945,0.54
Jordan,JOR,1946,0.54
Jordan,JOR,1947,0.54
Jordan,JOR,1948,0.54
Jordan,JOR,1949,0.54
Jordan,JOR,1950,0.54
Jordan,JOR,1951,0.525
Jordan,JOR,1952,0.525
Jordan,JOR,1953,0.542
Jordan,JOR,1954,0.542
Jordan,JOR,1955,0.542
Jordan,JOR,1956,0.542
Jordan,JOR,1957,0.542
Jordan,JOR,1958,0.542
Jordan,JOR,1959,0.542
Jordan,JOR,1960,0.542
Jordan,JOR,1961,0.542
Jordan,JOR,1962,0.542
Jordan,JOR,1963,0.542
Jordan,JOR,1964,0.542
Jordan,JOR,1965,0.542
Jordan,JOR,1966,0.542
Jordan,JOR,1967,0.542
Jordan,JOR,1968,0.542
Jordan,JOR,1969,0.542
Jordan,JOR,1970,0.542
Jordan,JOR,1971,0.542
Jordan,JOR,1972,0.542
Jordan,JOR,1973,0.542
Jordan,JOR,1974,0.542
Jordan,JOR,1975,0.658
Jordan,JOR,1976,0.658
Jordan,JOR,1977,0.658
Jordan,JOR,1978,0.658
Jordan,JOR,1979,0.658
Jordan,JOR,1980,0.658
Jordan,JOR,1981,0.658
Jordan,JOR,1982,0.658
Jordan,JOR,1983,0.658
Jordan,JOR,1984,0.52
Jordan,JOR,1985,0.52
Jordan,JOR,1986,0.52
Jordan,JOR,1987,0.52
Jordan,JOR,1988,0.52
Jordan,JOR,1989,0.52
Jordan,JOR,1990,0.536
Jordan,JOR,1991,0.536
Jordan,JOR,1992,0.536
Jordan,JOR,1993,0.536
Jordan,JOR,1994,0.536
Jordan,JOR,1995,0.536
Jordan,JOR,1996,0.536
Jordan,JOR,1997,0.536
Jordan,JOR,1998,0.536
Jordan,JOR,1999,0.537
Jordan,JOR,2000,0.68
Jordan,JOR,2001,0.628
Jordan,JOR,2002,0.628
Jordan,JOR,2003,0.628
Jordan,JOR,2004,0.495
Jordan,JOR,2005,0.495
Jordan,JOR,2006,0.495
Jordan,JOR,2007,0.495
Jordan,JOR,2008,0.495
Jordan,JOR,2009,0.495
Jordan,JOR,2010,0.497
Jordan,JOR,2011,0.5
Jordan,JOR,2012,0.5
Jordan,JOR,2013,0.479
Jordan,JOR,2014,0.481
Jordan,JOR,2015,0.481
Jordan,JOR,2016,0.481
Jordan,JOR,2017,0.496
Jordan,JOR,2018,0.516
Jordan,JOR,2019,0.506
Jordan,JOR,2020,0.506
Jordan,JOR,2021,0.509
Jordan,JOR,2022,0.521
Jordan,JOR,2023,0.521
Jordan,JOR,2024,0.57
Jordan,JOR,2025,0.578
Kazakhstan,KAZ,1990,0.318
Kazakhstan,KAZ,1991,0.318
Kazakhstan,KAZ,1992,0.311
Kazakhstan,KAZ,1993,0.287
Kazakhstan,KAZ,1994,0.287
Kazakhstan,KAZ,1995,0.287
Kazakhstan,KAZ,1996,0.185
Kazakhstan,KAZ,1997,0.185
Kazakhstan,KAZ,1998,0.185
Kazakhstan,KAZ,1999,0.185
Kazakhstan,KAZ,2000,0.185
Kazakhstan,KAZ,2001,0.185
Kazakhstan,KAZ,2002,0.161
Kazakhstan,KAZ,2003,0.161
Kazakhstan,KAZ,2004,0.161
Kazakhstan,KAZ,2005,0.161
Kazakhstan,KAZ,2006,0.161
Kazakhstan,KAZ,2007,0.154
Kazakhstan,KAZ,2008,0.158
Kazakhstan,KAZ,2009,0.158
Kazakhstan,KAZ,2010,0.158
Kazakhstan,KAZ,2011,0.158
Kazakhstan,KAZ,2012,0.158
Kazakhstan,KAZ,2013,0.157
Kazakhstan,KAZ,2014,0.157
Kazakhstan,KAZ,2015,0.157
Kazakhstan,KAZ,2016,0.157
Kazakhstan,KAZ,2017,0.145
Kazakhstan,KAZ,2018,0.142
Kazakhstan,KAZ,2019,0.151
Kazakhstan,KAZ,2020,0.174
Kazakhstan,KAZ,2021,0.16
Kazakhstan,KAZ,2022,0.293
Kazakhstan,KAZ,2023,0.273
Kazakhstan,KAZ,2024,0.271
Kazakhstan,KAZ,2025,0.264
Kenya,KEN,1900,0.837
Kenya,KEN,1901,0.837
Kenya,KEN,1902,0.837
Kenya,KEN,1903,0.837
Kenya,KEN,1904,0.837
Kenya,KEN,1905,0.837
Kenya,KEN,1906,0.837
Kenya,KEN,1907,0.837
Kenya,KEN,1908,0.798
Kenya,KEN,1909,0.798
Kenya,KEN,1910,0.798
Kenya,KEN,1911,0.798
Kenya,KEN,1912,0.798
Kenya,KEN,1913,0.798
Kenya,KEN,1914,0.798
Kenya,KEN,1915,0.798
Kenya,KEN,1916,0.798
Kenya,KEN,1917,0.798
Kenya,KEN,1918,0.798
Kenya,KEN,1919,0.798
Kenya,KEN,1920,0.792
Kenya,KEN,1921,0.796
Kenya,KEN,1922,0.796
Kenya,KEN,1923,0.796
Kenya,KEN,1924,0.796
Kenya,KEN,1925,0.796
Kenya,KEN,1926,0.796
Kenya,KEN,1927,0.796
Kenya,KEN,1928,0.796
Kenya,KEN,1929,0.796
Kenya,KEN,1930,0.796
Kenya,KEN,1931,0.796
Kenya,KEN,1932,0.796
Kenya,KEN,1933,0.796
Kenya,KEN,1934,0.796
Kenya,KEN,1935,0.796
Kenya,KEN,1936,0.796
Kenya,KEN,1937,0.796
Kenya,KEN,1938,0.796
Kenya,KEN,1939,0.796
Kenya,KEN,1940,0.796
Kenya,KEN,1941,0.796
Kenya,KEN,1942,0.796
Kenya,KEN,1943,0.796
Kenya,KEN,1944,0.796
Kenya,KEN,1945,0.796
Kenya,KEN,1946,0.796
Kenya,KEN,1947,0.796
Kenya,KEN,1948,0.796
Kenya,KEN,1949,0.796
Kenya,KEN,1950,0.791
Kenya,KEN,1951,0.791
Kenya,KEN,1952,0.791
Kenya,KEN,1953,0.791
Kenya,KEN,1954,0.791
Kenya,KEN,1955,0.791
Kenya,KEN,1956,0.791
Kenya,KEN,1957,0.791
Kenya,KEN,1958,0.791
Kenya,KEN,1959,0.791
Kenya,KEN,1960,0.791
Kenya,KEN,1961,0.791
Kenya,KEN,1962,0.791
Kenya,KEN,1963,0.453
Kenya,KEN,1964,0.371
Kenya,KEN,1965,0.36
Kenya,KEN,1966,0.36
Kenya,KEN,1967,0.36
Kenya,KEN,1968,0.36
Kenya,KEN,1969,0.334
Kenya,KEN,1970,0.243
Kenya,KEN,1971,0.243
Kenya,KEN,1972,0.211
Kenya,KEN,1973,0.211
Kenya,KEN,1974,0.211
Kenya,KEN,1975,0.211
Kenya,KEN,1976,0.211
Kenya,KEN,1977,0.211
Kenya,KEN,1978,0.179
Kenya,KEN,1979,0.179
Kenya,KEN,1980,0.121
Kenya,KEN,1981,0.121
Kenya,KEN,1982,0.121
Kenya,KEN,1983,0.105
Kenya,KEN,1984,0.105
Kenya,KEN,1985,0.105
Kenya,KEN,1986,0.105
Kenya,KEN,1987,0.105
Kenya,KEN,1988,0.105
Kenya,KEN,1989,0.105
Kenya,KEN,1990,0.12
Kenya,KEN,1991,0.12
Kenya,KEN,1992,0.12
Kenya,KEN,1993,0.138
Kenya,KEN,1994,0.138
Kenya,KEN,1995,0.138
Kenya,KEN,1996,0.138
Kenya,KEN,1997,0.138
Kenya,KEN,1998,0.138
Kenya,KEN,1999,0.138
Kenya,KEN,2000,0.154
Kenya,KEN,2001,0.154
Kenya,KEN,2002,0.157
Kenya,KEN,2003,0.189
Kenya,KEN,2004,0.195
Kenya,KEN,2005,0.228
Kenya,KEN,2006,0.228
Kenya,KEN,2007,0.241
Kenya,KEN,2008,0.261
Kenya,KEN,2009,0.261
Kenya,KEN,2010,0.35
Kenya,KEN,2011,0.359
Kenya,KEN,2012,0.368
Kenya,KEN,2013,0.396
Kenya,KEN,2014,0.396
Kenya,KEN,2015,0.396
Kenya,KEN,2016,0.402
Kenya,KEN,2017,0.399
Kenya,KEN,2018,0.399
Kenya,KEN,2019,0.415
Kenya,KEN,2020,0.384
Kenya,KEN,2021,0.469
Kenya,KEN,2022,0.455
Kenya,KEN,2023,0.472
Kenya,KEN,2024,0.444
Kenya,KEN,2025,0.436
Kosovo,OWID_KOS,1999,0.431
Kosovo,OWID_KOS,2000,0.62
Kosovo,OWID_KOS,2001,0.652
Kosovo,OWID_KOS,2002,0.604
Kosovo,OWID_KOS,2003,0.604
Kosovo,OWID_KOS,2004,0.577
Kosovo,OWID_KOS,2005,0.45
Kosovo,OWID_KOS,2006,0.45
Kosovo,OWID_KOS,2007,0.45
Kosovo,OWID_KOS,2008,0.429
Kosovo,OWID_KOS,2009,0.43
Kosovo,OWID_KOS,2010,0.431
Kosovo,OWID_KOS,2011,0.439
Kosovo,OWID_KOS,2012,0.445
Kosovo,OWID_KOS,2013,0.457
Kosovo,OWID_KOS,2014,0.461
Kosovo,OWID_KOS,2015,0.488
Kosovo,OWID_KOS,2016,0.562
Kosovo,OWID_KOS,2017,0.608
Kosovo,OWID_KOS,2018,0.674
Kosovo,OWID_KOS,2019,0.682
Kosovo,OWID_KOS,2020,0.695
Kosovo,OWID_KOS,2021,0.718
Kosovo,OWID_KOS,2022,0.707
Kosovo,OWID_KOS,2023,0.709
Kosovo,OWID_KOS,2024,0.728
Kosovo,OWID_KOS,2025,0.652
Kuwait,KWT,1900,0.684
Kuwait,KWT,1901,0.684
Kuwait,KWT,1902,0.684
Kuwait,KWT,1903,0.684
Kuwait,KWT,1904,0.684
Kuwait,KWT,1905,0.684
Kuwait,KWT,1906,0.684
Kuwait,KWT,1907,0.684
Kuwait,KWT,1908,0.684
Kuwait,KWT,1909,0.684
Kuwait,KWT,1910,0.684
Kuwait,KWT,1911,0.684
Kuwait,KWT,1912,0.684
Kuwait,KWT,1913,0.684
Kuwait,KWT,1914,0.684
Kuwait,KWT,1915,0.684
Kuwait,KWT,1916,0.684
Kuwait,KWT,1917,0.684
Kuwait,KWT,1918,0.684
Kuwait,KWT,1919,0.684
Kuwait,KWT,1920,0.684
Kuwait,KWT,1921,0.684
Kuwait,KWT,1922,0.684
Kuwait,KWT,1923,0.684
Kuwait,KWT,1924,0.684
Kuwait,KWT,1925,0.684
Kuwait,KWT,1926,0.684
Kuwait,KWT,1927,0.684
Kuwait,KWT,1928,0.684
Kuwait,KWT,1929,0.684
Kuwait,KWT,1930,0.684
Kuwait,KWT,1931,0.684
Kuwait,KWT,1932,0.684
Kuwait,KWT,1933,0.684
Kuwait,KWT,1934,0.684
Kuwait,KWT,1935,0.684
Kuwait,KWT,1936,0.684
Kuwait,KWT,1937,0.684
Kuwait,KWT,1938,0.684
Kuwait,KWT,1939,0.684
Kuwait,KWT,1940,0.684
Kuwait,KWT,1941,0.684
Kuwait,KWT,1942,0.684
Kuwait,KWT,1943,0.684
Kuwait,KWT,1944,0.684
Kuwait,KWT,1945,0.684
Kuwait,KWT,1946,0.684
Kuwait,KWT,1947,0.684
Kuwait,KWT,1948,0.684
Kuwait,KWT,1949,0.684
Kuwait,KWT,1950,0.684
Kuwait,KWT,1951,0.684
Kuwait,KWT,1952,0.684
Kuwait,KWT,1953,0.684
Kuwait,KWT,1954,0.684
Kuwait,KWT,1955,0.684
Kuwait,KWT,1956,0.684
Kuwait,KWT,1957,0.684
Kuwait,KWT,1958,0.684
Kuwait,KWT,1959,0.684
Kuwait,KWT,1960,0.644
Kuwait,KWT,1961,0.646
Kuwait,KWT,1962,0.542
Kuwait,KWT,1963,0.53
Kuwait,KWT,1964,0.53
Kuwait,KWT,1965,0.53
Kuwait,KWT,1966,0.53
Kuwait,KWT,1967,0.53
Kuwait,KWT,1968,0.53
Kuwait,KWT,1969,0.53
Kuwait,KWT,1970,0.53
Kuwait,KWT,1971,0.53
Kuwait,KWT,1972,0.53
Kuwait,KWT,1973,0.53
Kuwait,KWT,1974,0.53
Kuwait,KWT,1975,0.53
Kuwait,KWT,1976,0.645
Kuwait,KWT,1977,0.645
Kuwait,KWT,1978,0.645
Kuwait,KWT,1979,0.645
Kuwait,KWT,1980,0.631
Kuwait,KWT,1981,0.512
Kuwait,KWT,1982,0.512
Kuwait,KWT,1983,0.512
Kuwait,KWT,1984,0.512
Kuwait,KWT,1985,0.512
Kuwait,KWT,1986,0.625
Kuwait,KWT,1987,0.625
Kuwait,KWT,1988,0.625
Kuwait,KWT,1989,0.625
Kuwait,KWT,1990,0.625
Kuwait,KWT,1991,0.625
Kuwait,KWT,1992,0.5
Kuwait,KWT,1993,0.5
Kuwait,KWT,1994,0.5
Kuwait,KWT,1995,0.5
Kuwait,KWT,1996,0.5
Kuwait,KWT,1997,0.5
Kuwait,KWT,1998,0.5
Kuwait,KWT,1999,0.5
Kuwait,KWT,2000,0.5
Kuwait,KWT,2001,0.5
Kuwait,KWT,2002,0.5
Kuwait,KWT,2003,0.5
Kuwait,KWT,2004,0.487
Kuwait,KWT,2005,0.487
Kuwait,KWT,2006,0.487
Kuwait,KWT,2007,0.487
Kuwait,KWT,2008,0.487
Kuwait,KWT,2009,0.487
Kuwait,KWT,2010,0.479
Kuwait,KWT,2011,0.479
Kuwait,KWT,2012,0.479
Kuwait,KWT,2013,0.479
Kuwait,KWT,2014,0.479
Kuwait,KWT,2015,0.479
Kuwait,KWT,2016,0.479
Kuwait,KWT,2017,0.5
Kuwait,KWT,2018,0.5
Kuwait,KWT,2019,0.54
Kuwait,KWT,2020,0.538
Kuwait,KWT,2021,0.538
Kuwait,KWT,2022,0.685
Kuwait,KWT,2023,0.685
Kuwait,KWT,2024,0.685
Kuwait,KWT,2025,0.654
Kyrgyzstan,KGZ,1990,0.473
Kyrgyzstan,KGZ,1991,0.395
Kyrgyzstan,KGZ,1992,0.257
Kyrgyzstan,KGZ,1993,0.236
Kyrgyzstan,KGZ,1994,0.164
Kyrgyzstan,KGZ,1995,0.131
Kyrgyzstan,KGZ,1996,0.123
Kyrgyzstan,KGZ,1997,0.119
Kyrgyzstan,KGZ,1998,0.119
Kyrgyzstan,KGZ,1999,0.119
Kyrgyzstan,KGZ,2000,0.111
Kyrgyzstan,KGZ,2001,0.108
Kyrgyzstan,KGZ,2002,0.1
Kyrgyzstan,KGZ,2003,0.1
Kyrgyzstan,KGZ,2004,0.1
Kyrgyzstan,KGZ,2005,0.077
Kyrgyzstan,KGZ,2006,0.077
Kyrgyzstan,KGZ,2007,0.077
Kyrgyzstan,KGZ,2008,0.077
Kyrgyzstan,KGZ,2009,0.077
Kyrgyzstan,KGZ,2010,0.15
Kyrgyzstan,KGZ,2011,0.155
Kyrgyzstan,KGZ,2012,0.15
Kyrgyzstan,KGZ,2013,0.179
Kyrgyzstan,KGZ,2014,0.179
Kyrgyzstan,KGZ,2015,0.144
Kyrgyzstan,KGZ,2016,0.144
Kyrgyzstan,KGZ,2017,0.157
Kyrgyzstan,KGZ,2018,0.168
Kyrgyzstan,KGZ,2019,0.208
Kyrgyzstan,KGZ,2020,0.187
Kyrgyzstan,KGZ,2021,0.167
Kyrgyzstan,KGZ,2022,0.174
Kyrgyzstan,KGZ,2023,0.192
Kyrgyzstan,KGZ,2024,0.207
Kyrgyzstan,KGZ,2025,0.207
Laos,LAO,1900,0.309
Laos,LAO,1901,0.309
Laos,LAO,1902,0.309
Laos,LAO,1903,0.309
Laos,LAO,1904,0.309
Laos,LAO,1905,0.309
Laos,LAO,1906,0.309
Laos,LAO,1907,0.309
Laos,LAO,1908,0.309
Laos,LAO,1909,0.309
Laos,LAO,1910,0.309
Laos,LAO,1911,0.309
Laos,LAO,1912,0.309
Laos,LAO,1913,0.309
Laos,LAO,1914,0.309
Laos,LAO,1915,0.309
Laos,LAO,1916,0.309
Laos,LAO,1917,0.309
Laos,LAO,1918,0.309
Laos,LAO,1919,0.309
Laos,LAO,1920,0.309
Laos,LAO,1921,0.309
Laos,LAO,1922,0.309
Laos,LAO,1923,0.309
Laos,LAO,1924,0.309
Laos,LAO,1925,0.309
Laos,LAO,1926,0.309
Laos,LAO,1927,0.309
Laos,LAO,1928,0.309
Laos,LAO,1929,0.309
Laos,LAO,1930,0.309
Laos,LAO,1931,0.309
Laos,LAO,1932,0.309
Laos,LAO,1933,0.309
Laos,LAO,1934,0.309
Laos,LAO,1935,0.309
Laos,LAO,1936,0.309
Laos,LAO,1937,0.309
Laos,LAO,1938,0.309
Laos,LAO,1939,0.309
Laos,LAO,1940,0.309
Laos,LAO,1941,0.36
Laos,LAO,1942,0.36
Laos,LAO,1943,0.36
Laos,LAO,1944,0.36
Laos,LAO,1945,0.299
Laos,LAO,1946,0.267
Laos,LAO,1947,0.277
Laos,LAO,1948,0.239
Laos,LAO,1949,0.239
Laos,LAO,1950,0.231
Laos,LAO,1951,0.231
Laos,LAO,1952,0.231
Laos,LAO,1953,0.22
Laos,LAO,1954,0.193
Laos,LAO,1955,0.193
Laos,LAO,1956,0.193
Laos,LAO,1957,0.193
Laos,LAO,1958,0.193
Laos,LAO,1959,0.193
Laos,LAO,1960,0.193
Laos,LAO,1961,0.193
Laos,LAO,1962,0.193
Laos,LAO,1963,0.193
Laos,LAO,1964,0.193
Laos,LAO,1965,0.193
Laos,LAO,1966,0.193
Laos,LAO,1967,0.193
Laos,LAO,1968,0.193
Laos,LAO,1969,0.193
Laos,LAO,1970,0.156
Laos,LAO,1971,0.156
Laos,LAO,1972,0.156
Laos,LAO,1973,0.156
Laos,LAO,1974,0.156
Laos,LAO,1975,0.251
Laos,LAO,1976,0.294
Laos,LAO,1977,0.294
Laos,LAO,1978,0.294
Laos,LAO,1979,0.294
Laos,LAO,1980,0.294
Laos,LAO,1981,0.294
Laos,LAO,1982,0.294
Laos,LAO,1983,0.294
Laos,LAO,1984,0.294
Laos,LAO,1985,0.294
Laos,LAO,1986,0.264
Laos,LAO,1987,0.264
Laos,LAO,1988,0.264
Laos,LAO,1989,0.224
Laos,LAO,1990,0.224
Laos,LAO,1991,0.224
Laos,LAO,1992,0.221
Laos,LAO,1993,0.221
Laos,LAO,1994,0.221
Laos,LAO,1995,0.221
Laos,LAO,1996,0.221
Laos,LAO,1997,0.221
Laos,LAO,1998,0.221
Laos,LAO,1999,0.221
Laos,LAO,2000,0.221
Laos,LAO,2001,0.221
Laos,LAO,2002,0.221
Laos,LAO,2003,0.221
Laos,LAO,2004,0.221
Laos,LAO,2005,0.221
Laos,LAO,2006,0.222
Laos,LAO,2007,0.222
Laos,LAO,2008,0.222
Laos,LAO,2009,0.222
Laos,LAO,2010,0.215
Laos,LAO,2011,0.215
Laos,LAO,2012,0.215
Laos,LAO,2013,0.215
Laos,LAO,2014,0.215
Laos,LAO,2015,0.215
Laos,LAO,2016,0.215
Laos,LAO,2017,0.22
Laos,LAO,2018,0.22
Laos,LAO,2019,0.221
Laos,LAO,2020,0.245
Laos,LAO,2021,0.237
Laos,LAO,2022,0.248
Laos,LAO,2023,0.267
Laos,LAO,2024,0.248
Laos,LAO,2025,0.235
Latvia,LVA,1920,0.874
Latvia,LVA,1921,0.874
Latvia,LVA,1922,0.874
Latvia,LVA,1923,0.802
Latvia,LVA,1924,0.802
Latvia,LVA,1925,0.802
Latvia,LVA,1926,0.802
Latvia,LVA,1927,0.802
Latvia,LVA,1928,0.802
Latvia,LVA,1929,0.802
Latvia,LVA,1930,0.802
Latvia,LVA,1931,0.802
Latvia,LVA,1932,0.802
Latvia,LVA,1933,0.802
Latvia,LVA,1934,0.804
Latvia,LVA,1935,0.889
Latvia,LVA,1936,0.889
Latvia,LVA,1937,0.889
Latvia,LVA,1938,0.889
Latvia,LVA,1939,0.889
Latvia,LVA,1990,0.798
Latvia,LVA,1991,0.636
Latvia,LVA,1992,0.629
Latvia,LVA,1993,0.629
Latvia,LVA,1994,0.632
Latvia,LVA,1995,0.652
Latvia,LVA,1996,0.662
Latvia,LVA,1997,0.667
Latvia,LVA,1998,0.674
Latvia,LVA,1999,0.686
Latvia,LVA,2000,0.709
Latvia,LVA,2001,0.709
Latvia,LVA,2002,0.829
Latvia,LVA,2003,0.835
Latvia,LVA,2004,0.838
Latvia,LVA,2005,0.849
Latvia,LVA,2006,0.818
Latvia,LVA,2007,0.85
Latvia,LVA,2008,0.854
Latvia,LVA,2009,0.859
Latvia,LVA,2010,0.882
Latvia,LVA,2011,0.882
Latvia,LVA,2012,0.883
Latvia,LVA,2013,0.915
Latvia,LVA,2014,0.918
Latvia,LVA,2015,0.918
Latvia,LVA,2016,0.893
Latvia,LVA,2017,0.871
Latvia,LVA,2018,0.871
Latvia,LVA,2019,0.882
Latvia,LVA,2020,0.901
Latvia,LVA,2021,0.913
Latvia,LVA,2022,0.913
Latvia,LVA,2023,0.929
Latvia,LVA,2024,0.929
Latvia,LVA,2025,0.93
Lebanon,LBN,1918,0.39
Lebanon,LBN,1919,0.39
Lebanon,LBN,1920,0.39
Lebanon,LBN,1921,0.39
Lebanon,LBN,1922,0.397
Lebanon,LBN,1923,0.397
Lebanon,LBN,1924,0.397
Lebanon,LBN,1925,0.397
Lebanon,LBN,1926,0.397
Lebanon,LBN,1927,0.397
Lebanon,LBN,1928,0.397
Lebanon,LBN,1929,0.397
Lebanon,LBN,1930,0.397
Lebanon,LBN,1931,0.397
Lebanon,LBN,1932,0.397
Lebanon,LBN,1933,0.397
Lebanon,LBN,1934,0.397
Lebanon,LBN,1935,0.397
Lebanon,LBN,1936,0.397
Lebanon,LBN,1937,0.397
Lebanon,LBN,1938,0.397
Lebanon,LBN,1939,0.397
Lebanon,LBN,1940,0.385
Lebanon,LBN,1941,0.385
Lebanon,LBN,1942,0.385
Lebanon,LBN,1943,0.382
Lebanon,LBN,1944,0.382
Lebanon,LBN,1945,0.382
Lebanon,LBN,1946,0.382
Lebanon,LBN,1947,0.382
Lebanon,LBN,1948,0.382
Lebanon,LBN,1949,0.382
Lebanon,LBN,1950,0.382
Lebanon,LBN,1951,0.382
Lebanon,LBN,1952,0.382
Lebanon,LBN,1953,0.422
Lebanon,LBN,1954,0.422
Lebanon,LBN,1955,0.422
Lebanon,LBN,1956,0.422
Lebanon,LBN,1957,0.422
Lebanon,LBN,1958,0.422
Lebanon,LBN,1959,0.48
Lebanon,LBN,1960,0.48
Lebanon,LBN,1961,0.48
Lebanon,LBN,1962,0.48
Lebanon,LBN,1963,0.48
Lebanon,LBN,1964,0.48
Lebanon,LBN,1965,0.48
Lebanon,LBN,1966,0.48
Lebanon,LBN,1967,0.48
Lebanon,LBN,1968,0.48
Lebanon,LBN,1969,0.48
Lebanon,LBN,1970,0.365
Lebanon,LBN,1971,0.365
Lebanon,LBN,1972,0.345
Lebanon,LBN,1973,0.345
Lebanon,LBN,1974,0.345
Lebanon,LBN,1975,0.239
Lebanon,LBN,1976,0.355
Lebanon,LBN,1977,0.355
Lebanon,LBN,1978,0.355
Lebanon,LBN,1979,0.355
Lebanon,LBN,1980,0.355
Lebanon,LBN,1981,0.355
Lebanon,LBN,1982,0.328
Lebanon,LBN,1983,0.211
Lebanon,LBN,1984,0.211
Lebanon,LBN,1985,0.211
Lebanon,LBN,1986,0.211
Lebanon,LBN,1987,0.211
Lebanon,LBN,1988,0.211
Lebanon,LBN,1989,0.211
Lebanon,LBN,1990,0.205
Lebanon,LBN,1991,0.205
Lebanon,LBN,1992,0.205
Lebanon,LBN,1993,0.205
Lebanon,LBN,1994,0.205
Lebanon,LBN,1995,0.205
Lebanon,LBN,1996,0.205
Lebanon,LBN,1997,0.205
Lebanon,LBN,1998,0.205
Lebanon,LBN,1999,0.205
Lebanon,LBN,2000,0.205
Lebanon,LBN,2001,0.205
Lebanon,LBN,2002,0.205
Lebanon,LBN,2003,0.205
Lebanon,LBN,2004,0.205
Lebanon,LBN,2005,0.263
Lebanon,LBN,2006,0.263
Lebanon,LBN,2007,0.263
Lebanon,LBN,2008,0.263
Lebanon,LBN,2009,0.263
Lebanon,LBN,2010,0.263
Lebanon,LBN,2011,0.263
Lebanon,LBN,2012,0.268
Lebanon,LBN,2013,0.268
Lebanon,LBN,2014,0.268
Lebanon,LBN,2015,0.268
Lebanon,LBN,2016,0.244
Lebanon,LBN,2017,0.253
Lebanon,LBN,2018,0.24
Lebanon,LBN,2019,0.239
Lebanon,LBN,2020,0.237
Lebanon,LBN,2021,0.224
Lebanon,LBN,2022,0.224
Lebanon,LBN,2023,0.235
Lebanon,LBN,2024,0.158
Lebanon,LBN,2025,0.17
Lesotho,LSO,1900,0.789
Lesotho,LSO,1901,0.789
Lesotho,LSO,1902,0.789
Lesotho,LSO,1903,0.789
Lesotho,LSO,1904,0.839
Lesotho,LSO,1905,0.789
Lesotho,LSO,1906,0.839
Lesotho,LSO,1907,0.839
Lesotho,LSO,1908,0.789
Lesotho,LSO,1909,0.789
Lesotho,LSO,1910,0.789
Lesotho,LSO,1911,0.789
Lesotho,LSO,1912,0.789
Lesotho,LSO,1913,0.789
Lesotho,LSO,1914,0.789
Lesotho,LSO,1915,0.789
Lesotho,LSO,1916,0.789
Lesotho,LSO,1917,0.789
Lesotho,LSO,1918,0.789
Lesotho,LSO,1919,0.789
Lesotho,LSO,1920,0.789
Lesotho,LSO,1921,0.789
Lesotho,LSO,1922,0.789
Lesotho,LSO,1923,0.789
Lesotho,LSO,1924,0.789
Lesotho,LSO,1925,0.789
Lesotho,LSO,1926,0.789
Lesotho,LSO,1927,0.789
Lesotho,LSO,1928,0.789
Lesotho,LSO,1929,0.789
Lesotho,LSO,1930,0.789
Lesotho,LSO,1931,0.789
Lesotho,LSO,1932,0.789
Lesotho,LSO,1933,0.789
Lesotho,LSO,1934,0.789
Lesotho,LSO,1935,0.789
Lesotho,LSO,1936,0.789
Lesotho,LSO,1937,0.789
Lesotho,LSO,1938,0.789
Lesotho,LSO,1939,0.789
Lesotho,LSO,1940,0.789
Lesotho,LSO,1941,0.789
Lesotho,LSO,1942,0.789
Lesotho,LSO,1943,0.789
Lesotho,LSO,1944,0.789
Lesotho,LSO,1945,0.789
Lesotho,LSO,1946,0.789
Lesotho,LSO,1947,0.789
Lesotho,LSO,1948,0.789
Lesotho,LSO,1949,0.789
Lesotho,LSO,1950,0.809
Lesotho,LSO,1951,0.809
Lesotho,LSO,1952,0.809
Lesotho,LSO,1953,0.809
Lesotho,LSO,1954,0.809
Lesotho,LSO,1955,0.809
Lesotho,LSO,1956,0.809
Lesotho,LSO,1957,0.809
Lesotho,LSO,1958,0.809
Lesotho,LSO,1959,0.809
Lesotho,LSO,1960,0.747
Lesotho,LSO,1961,0.747
Lesotho,LSO,1962,0.747
Lesotho,LSO,1963,0.747
Lesotho,LSO,1964,0.747
Lesotho,LSO,1965,0.724
Lesotho,LSO,1966,0.692
Lesotho,LSO,1967,0.692
Lesotho,LSO,1968,0.692
Lesotho,LSO,1969,0.665
Lesotho,LSO,1970,0.404
Lesotho,LSO,1971,0.404
Lesotho,LSO,1972,0.404
Lesotho,LSO,1973,0.472
Lesotho,LSO,1974,0.472
Lesotho,LSO,1975,0.472
Lesotho,LSO,1976,0.472
Lesotho,LSO,1977,0.472
Lesotho,LSO,1978,0.472
Lesotho,LSO,1979,0.472
Lesotho,LSO,1980,0.472
Lesotho,LSO,1981,0.472
Lesotho,LSO,1982,0.472
Lesotho,LSO,1983,0.472
Lesotho,LSO,1984,0.472
Lesotho,LSO,1985,0.472
Lesotho,LSO,1986,0.355
Lesotho,LSO,1987,0.379
Lesotho,LSO,1988,0.379
Lesotho,LSO,1989,0.379
Lesotho,LSO,1990,0.363
Lesotho,LSO,1991,0.417
Lesotho,LSO,1992,0.417
Lesotho,LSO,1993,0.541
Lesotho,LSO,1994,0.541
Lesotho,LSO,1995,0.541
Lesotho,LSO,1996,0.541
Lesotho,LSO,1997,0.541
Lesotho,LSO,1998,0.408
Lesotho,LSO,1999,0.408
Lesotho,LSO,2000,0.408
Lesotho,LSO,2001,0.408
Lesotho,LSO,2002,0.429
Lesotho,LSO,2003,0.43
Lesotho,LSO,2004,0.43
Lesotho,LSO,2005,0.43
Lesotho,LSO,2006,0.43
Lesotho,LSO,2007,0.43
Lesotho,LSO,2008,0.43
Lesotho,LSO,2009,0.43
Lesotho,LSO,2010,0.43
Lesotho,LSO,2011,0.43
Lesotho,LSO,2012,0.445
Lesotho,LSO,2013,0.51
Lesotho,LSO,2014,0.51
Lesotho,LSO,2015,0.441
Lesotho,LSO,2016,0.463
Lesotho,LSO,2017,0.505
Lesotho,LSO,2018,0.488
Lesotho,LSO,2019,0.531
Lesotho,LSO,2020,0.513
Lesotho,LSO,2021,0.464
Lesotho,LSO,2022,0.466
Lesotho,LSO,2023,0.445
Lesotho,LSO,2024,0.446
Lesotho,LSO,2025,0.528
Liberia,LBR,1900,0.383
Liberia,LBR,1901,0.383
Liberia,LBR,1902,0.383
Liberia,LBR,1903,0.383
Liberia,LBR,1904,0.383
Liberia,LBR,1905,0.383
Liberia,LBR,1906,0.383
Liberia,LBR,1907,0.383
Liberia,LBR,1908,0.383
Liberia,LBR,1909,0.383
Liberia,LBR,1910,0.383
Liberia,LBR,1911,0.383
Liberia,LBR,1912,0.383
Liberia,LBR,1913,0.383
Liberia,LBR,1914,0.383
Liberia,LBR,1915,0.383
Liberia,LBR,1916,0.383
Liberia,LBR,1917,0.383
Liberia,LBR,1918,0.383
Liberia,LBR,1919,0.383
Liberia,LBR,1920,0.383
Liberia,LBR,1921,0.383
Liberia,LBR,1922,0.383
Liberia,LBR,1923,0.383
Liberia,LBR,1924,0.383
Liberia,LBR,1925,0.383
Liberia,LBR,1926,0.383
Liberia,LBR,1927,0.383
Liberia,LBR,1928,0.383
Liberia,LBR,1929,0.383
Liberia,LBR,1930,0.371
Liberia,LBR,1931,0.371
Liberia,LBR,1932,0.371
Liberia,LBR,1933,0.371
Liberia,LBR,1934,0.371
Liberia,LBR,1935,0.371
Liberia,LBR,1936,0.371
Liberia,LBR,1937,0.371
Liberia,LBR,1938,0.371
Liberia,LBR,1939,0.371
Liberia,LBR,1940,0.371
Liberia,LBR,1941,0.371
Liberia,LBR,1942,0.371
Liberia,LBR,1943,0.371
Liberia,LBR,1944,0.272
Liberia,LBR,1945,0.272
Liberia,LBR,1946,0.272
Liberia,LBR,1947,0.272
Liberia,LBR,1948,0.272
Liberia,LBR,1949,0.272
Liberia,LBR,1950,0.272
Liberia,LBR,1951,0.272
Liberia,LBR,1952,0.272
Liberia,LBR,1953,0.272
Liberia,LBR,1954,0.272
Liberia,LBR,1955,0.272
Liberia,LBR,1956,0.272
Liberia,LBR,1957,0.272
Liberia,LBR,1958,0.272
Liberia,LBR,1959,0.272
Liberia,LBR,1960,0.272
Liberia,LBR,1961,0.272
Liberia,LBR,1962,0.272
Liberia,LBR,1963,0.272
Liberia,LBR,1964,0.272
Liberia,LBR,1965,0.272
Liberia,LBR,1966,0.272
Liberia,LBR,1967,0.272
Liberia,LBR,1968,0.272
Liberia,LBR,1969,0.272
Liberia,LBR,1970,0.272
Liberia,LBR,1971,0.279
Liberia,LBR,1972,0.279
Liberia,LBR,1973,0.279
Liberia,LBR,1974,0.279
Liberia,LBR,1975,0.279
Liberia,LBR,1976,0.279
Liberia,LBR,1977,0.279
Liberia,LBR,1978,0.279
Liberia,LBR,1979,0.279
Liberia,LBR,1980,0.129
Liberia,LBR,1981,0.129
Liberia,LBR,1982,0.129
Liberia,LBR,1983,0.129
Liberia,LBR,1984,0.124
Liberia,LBR,1985,0.124
Liberia,LBR,1986,0.14
Liberia,LBR,1987,0.14
Liberia,LBR,1988,0.14
Liberia,LBR,1989,0.118
Liberia,LBR,1990,0.075
Liberia,LBR,1991,0.182
Liberia,LBR,1992,0.182
Liberia,LBR,1993,0.182
Liberia,LBR,1994,0.182
Liberia,LBR,1995,0.164
Liberia,LBR,1996,0.151
Liberia,LBR,1997,0.07
Liberia,LBR,1998,0.07
Liberia,LBR,1999,0.07
Liberia,LBR,2000,0.08
Liberia,LBR,2001,0.08
Liberia,LBR,2002,0.08
Liberia,LBR,2003,0.08
Liberia,LBR,2004,0.104
Liberia,LBR,2005,0.143
Liberia,LBR,2006,0.176
Liberia,LBR,2007,0.176
Liberia,LBR,2008,0.176
Liberia,LBR,2009,0.176
Liberia,LBR,2010,0.176
Liberia,LBR,2011,0.176
Liberia,LBR,2012,0.15
Liberia,LBR,2013,0.15
Liberia,LBR,2014,0.15
Liberia,LBR,2015,0.15
Liberia,LBR,2016,0.15
Liberia,LBR,2017,0.142
Liberia,LBR,2018,0.109
Liberia,LBR,2019,0.109
Liberia,LBR,2020,0.138
Liberia,LBR,2021,0.134
Liberia,LBR,2022,0.134
Liberia,LBR,2023,0.123
Liberia,LBR,2024,0.123
Liberia,LBR,2025,0.123
Libya,LBY,1934,0.296
Libya,LBY,1935,0.296
Libya,LBY,1936,0.296
Libya,LBY,1937,0.296
Libya,LBY,1938,0.296
Libya,LBY,1939,0.296
Libya,LBY,1940,0.296
Libya,LBY,1941,0.281
Libya,LBY,1951,0.52
Libya,LBY,1952,0.52
Libya,LBY,1953,0.467
Libya,LBY,1954,0.409
Libya,LBY,1955,0.424
Libya,LBY,1956,0.48
Libya,LBY,1957,0.48
Libya,LBY,1958,0.48
Libya,LBY,1959,0.48
Libya,LBY,1960,0.48
Libya,LBY,1961,0.48
Libya,LBY,1962,0.48
Libya,LBY,1963,0.48
Libya,LBY,1964,0.48
Libya,LBY,1965,0.48
Libya,LBY,1966,0.48
Libya,LBY,1967,0.48
Libya,LBY,1968,0.48
Libya,LBY,1969,0.498
Libya,LBY,1970,0.188
Libya,LBY,1971,0.135
Libya,LBY,1972,0.135
Libya,LBY,1973,0.135
Libya,LBY,1974,0.135
Libya,LBY,1975,0.135
Libya,LBY,1976,0.135
Libya,LBY,1977,0.135
Libya,LBY,1978,0.142
Libya,LBY,1979,0.142
Libya,LBY,1980,0.142
Libya,LBY,1981,0.142
Libya,LBY,1982,0.142
Libya,LBY,1983,0.142
Libya,LBY,1984,0.142
Libya,LBY,1985,0.142
Libya,LBY,1986,0.142
Libya,LBY,1987,0.142
Libya,LBY,1988,0.142
Libya,LBY,1989,0.14
Libya,LBY,1990,0.14
Libya,LBY,1991,0.14
Libya,LBY,1992,0.14
Libya,LBY,1993,0.14
Libya,LBY,1994,0.14
Libya,LBY,1995,0.14
Libya,LBY,1996,0.14
Libya,LBY,1997,0.14
Libya,LBY,1998,0.14
Libya,LBY,1999,0.14
Libya,LBY,2000,0.14
Libya,LBY,2001,0.14
Libya,LBY,2002,0.14
Libya,LBY,2003,0.14
Libya,LBY,2004,0.14
Libya,LBY,2005,0.14
Libya,LBY,2006,0.14
Libya,LBY,2007,0.14
Libya,LBY,2008,0.14
Libya,LBY,2009,0.14
Libya,LBY,2010,0.14
Libya,LBY,2011,0.164
Libya,LBY,2012,0.232
Libya,LBY,2013,0.215
Libya,LBY,2014,0.199
Libya,LBY,2015,0.223
Libya,LBY,2016,0.201
Libya,LBY,2017,0.224
Libya,LBY,2018,0.207
Libya,LBY,2019,0.192
Libya,LBY,2020,0.192
Libya,LBY,2021,0.17
Libya,LBY,2022,0.219
Libya,LBY,2023,0.181
Libya,LBY,2024,0.181
Libya,LBY,2025,0.189
Lithuania,LTU,1918,0.766
Lithuania,LTU,1919,0.77
Lithuania,LTU,1920,0.77
Lithuania,LTU,1921,0.794
Lithuania,LTU,1922,0.794
Lithuania,LTU,1923,0.794
Lithuania,LTU,1924,0.794
Lithuania,LTU,1925,0.794
Lithuania,LTU,1926,0.77
Lithuania,LTU,1927,0.739
Lithuania,LTU,1928,0.739
Lithuania,LTU,1929,0.739
Lithuania,LTU,1930,0.739
Lithuania,LTU,1931,0.739
Lithuania,LTU,1932,0.739
Lithuania,LTU,1933,0.739
Lithuania,LTU,1934,0.739
Lithuania,LTU,1935,0.739
Lithuania,LTU,1936,0.739
Lithuania,LTU,1937,0.739
Lithuania,LTU,1938,0.739
Lithuania,LTU,1939,0.739
Lithuania,LTU,1990,0.837
Lithuania,LTU,1991,0.869
Lithuania,LTU,1992,0.858
Lithuania,LTU,1993,0.808
Lithuania,LTU,1994,0.808
Lithuania,LTU,1995,0.808
Lithuania,LTU,1996,0.808
Lithuania,LTU,1997,0.808
Lithuania,LTU,1998,0.808
Lithuania,LTU,1999,0.808
Lithuania,LTU,2000,0.808
Lithuania,LTU,2001,0.809
Lithuania,LTU,2002,0.809
Lithuania,LTU,2003,0.801
Lithuania,LTU,2004,0.808
Lithuania,LTU,2005,0.848
Lithuania,LTU,2006,0.848
Lithuania,LTU,2007,0.853
Lithuania,LTU,2008,0.855
Lithuania,LTU,2009,0.856
Lithuania,LTU,2010,0.856
Lithuania,LTU,2011,0.856
Lithuania,LTU,2012,0.853
Lithuania,LTU,2013,0.845
Lithuania,LTU,2014,0.847
Lithuania,LTU,2015,0.853
Lithuania,LTU,2016,0.864
Lithuania,LTU,2017,0.872
Lithuania,LTU,2018,0.845
Lithuania,LTU,2019,0.877
Lithuania,LTU,2020,0.884
Lithuania,LTU,2021,0.889
Lithuania,LTU,2022,0.899
Lithuania,LTU,2023,0.88
Lithuania,LTU,2024,0.831
Lithuania,LTU,2025,0.841
Luxembourg,LUX,1900,0.94
Luxembourg,LUX,1901,0.94
Luxembourg,LUX,1902,0.94
Luxembourg,LUX,1903,0.94
Luxembourg,LUX,1904,0.94
Luxembourg,LUX,1905,0.94
Luxembourg,LUX,1906,0.94
Luxembourg,LUX,1907,0.94
Luxembourg,LUX,1908,0.94
Luxembourg,LUX,1909,0.94
Luxembourg,LUX,1910,0.94
Luxembourg,LUX,1911,0.94
Luxembourg,LUX,1912,0.94
Luxembourg,LUX,1913,0.94
Luxembourg,LUX,1914,0.94
Luxembourg,LUX,1915,0.94
Luxembourg,LUX,1916,0.94
Luxembourg,LUX,1917,0.94
Luxembourg,LUX,1918,0.94
Luxembourg,LUX,1919,0.94
Luxembourg,LUX,1920,0.94
Luxembourg,LUX,1921,0.94
Luxembourg,LUX,1922,0.94
Luxembourg,LUX,1923,0.94
Luxembourg,LUX,1924,0.94
Luxembourg,LUX,1925,0.94
Luxembourg,LUX,1926,0.94
Luxembourg,LUX,1927,0.94
Luxembourg,LUX,1928,0.94
Luxembourg,LUX,1929,0.94
Luxembourg,LUX,1930,0.94
Luxembourg,LUX,1931,0.94
Luxembourg,LUX,1932,0.94
Luxembourg,LUX,1933,0.94
Luxembourg,LUX,1934,0.94
Luxembourg,LUX,1935,0.94
Luxembourg,LUX,1936,0.94
Luxembourg,LUX,1937,0.94
Luxembourg,LUX,1938,0.94
Luxembourg,LUX,1939,0.94
Luxembourg,LUX,1940,0.905
Luxembourg,LUX,1941,0.894
Luxembourg,LUX,1942,0.894
Luxembourg,LUX,1943,0.894
Luxembourg,LUX,1944,0.904
Luxembourg,LUX,1945,0.943
Luxembourg,LUX,1946,0.943
Luxembourg,LUX,1947,0.943
Luxembourg,LUX,1948,0.943
Luxembourg,LUX,1949,0.943
Luxembourg,LUX,1950,0.943
Luxembourg,LUX,1951,0.943
Luxembourg,LUX,1952,0.943
Luxembourg,LUX,1953,0.943
Luxembourg,LUX,1954,0.943
Luxembourg,LUX,1955,0.943
Luxembourg,LUX,1956,0.943
Luxembourg,LUX,1957,0.943
Luxembourg,LUX,1958,0.943
Luxembourg,LUX,1959,0.943
Luxembourg,LUX,1960,0.943
Luxembourg,LUX,1961,0.943
Luxembourg,LUX,1962,0.943
Luxembourg,LUX,1963,0.943
Luxembourg,LUX,1964,0.943
Luxembourg,LUX,1965,0.943
Luxembourg,LUX,1966,0.943
Luxembourg,LUX,1967,0.943
Luxembourg,LUX,1968,0.943
Luxembourg,LUX,1969,0.943
Luxembourg,LUX,1970,0.943
Luxembourg,LUX,1971,0.943
Luxembourg,LUX,1972,0.943
Luxembourg,LUX,1973,0.943
Luxembourg,LUX,1974,0.943
Luxembourg,LUX,1975,0.943
Luxembourg,LUX,1976,0.943
Luxembourg,LUX,1977,0.943
Luxembourg,LUX,1978,0.943
Luxembourg,LUX,1979,0.943
Luxembourg,LUX,1980,0.943
Luxembourg,LUX,1981,0.943
Luxembourg,LUX,1982,0.943
Luxembourg,LUX,1983,0.943
Luxembourg,LUX,1984,0.943
Luxembourg,LUX,1985,0.943
Luxembourg,LUX,1986,0.943
Luxembourg,LUX,1987,0.943
Luxembourg,LUX,1988,0.943
Luxembourg,LUX,1989,0.943
Luxembourg,LUX,1990,0.943
Luxembourg,LUX,1991,0.943
Luxembourg,LUX,1992,0.943
Luxembourg,LUX,1993,0.943
Luxembourg,LUX,1994,0.943
Luxembourg,LUX,1995,0.943
Luxembourg,LUX,1996,0.943
Luxembourg,LUX,1997,0.943
Luxembourg,LUX,1998,0.943
Luxembourg,LUX,1999,0.943
Luxembourg,LUX,2000,0.943
Luxembourg,LUX,2001,0.943
Luxembourg,LUX,2002,0.943
Luxembourg,LUX,2003,0.943
Luxembourg,LUX,2004,0.943
Luxembourg,LUX,2005,0.943
Luxembourg,LUX,2006,0.943
Luxembourg,LUX,2007,0.943
Luxembourg,LUX,2008,0.943
Luxembourg,LUX,2009,0.943
Luxembourg,LUX,2010,0.972
Luxembourg,LUX,2011,0.972
Luxembourg,LUX,2012,0.974
Luxembourg,LUX,2013,0.974
Luxembourg,LUX,2014,0.974
Luxembourg,LUX,2015,0.974
Luxembourg,LUX,2016,0.974
Luxembourg,LUX,2017,0.974
Luxembourg,LUX,2018,0.974
Luxembourg,LUX,2019,0.974
Luxembourg,LUX,2020,0.974
Luxembourg,LUX,2021,0.974
Luxembourg,LUX,2022,0.974
Luxembourg,LUX,2023,0.974
Luxembourg,LUX,2024,0.971
Luxembourg,LUX,2025,0.975
Madagascar,MDG,1900,0.762
Madagascar,MDG,1901,0.762
Madagascar,MDG,1902,0.762
Madagascar,MDG,1903,0.762
Madagascar,MDG,1904,0.762
Madagascar,MDG,1905,0.762
Madagascar,MDG,1906,0.787
Madagascar,MDG,1907,0.785
Madagascar,MDG,1908,0.785
Madagascar,MDG,1909,0.785
Madagascar,MDG,1910,0.785
Madagascar,MDG,1911,0.785
Madagascar,MDG,1912,0.785
Madagascar,MDG,1913,0.785
Madagascar,MDG,1914,0.785
Madagascar,MDG,1915,0.785
Madagascar,MDG,1916,0.785
Madagascar,MDG,1917,0.785
Madagascar,MDG,1918,0.785
Madagascar,MDG,1919,0.785
Madagascar,MDG,1920,0.785
Madagascar,MDG,1921,0.806
Madagascar,MDG,1922,0.806
Madagascar,MDG,1923,0.806
Madagascar,MDG,1924,0.806
Madagascar,MDG,1925,0.806
Madagascar,MDG,1926,0.806
Madagascar,MDG,1927,0.806
Madagascar,MDG,1928,0.806
Madagascar,MDG,1929,0.806
Madagascar,MDG,1930,0.806
Madagascar,MDG,1931,0.806
Madagascar,MDG,1932,0.806
Madagascar,MDG,1933,0.806
Madagascar,MDG,1934,0.806
Madagascar,MDG,1935,0.806
Madagascar,MDG,1936,0.806
Madagascar,MDG,1937,0.806
Madagascar,MDG,1938,0.806
Madagascar,MDG,1939,0.806
Madagascar,MDG,1940,0.806
Madagascar,MDG,1941,0.806
Madagascar,MDG,1942,0.806
Madagascar,MDG,1943,0.806
Madagascar,MDG,1944,0.806
Madagascar,MDG,1945,0.806
Madagascar,MDG,1946,0.806
Madagascar,MDG,1947,0.806
Madagascar,MDG,1948,0.772
Madagascar,MDG,1949,0.772
Madagascar,MDG,1950,0.772
Madagascar,MDG,1951,0.772
Madagascar,MDG,1952,0.772
Madagascar,MDG,1953,0.772
Madagascar,MDG,1954,0.772
Madagascar,MDG,1955,0.772
Madagascar,MDG,1956,0.772
Madagascar,MDG,1957,0.772
Madagascar,MDG,1958,0.772
Madagascar,MDG,1959,0.753
Madagascar,MDG,1960,0.391
Madagascar,MDG,1961,0.363
Madagascar,MDG,1962,0.363
Madagascar,MDG,1963,0.363
Madagascar,MDG,1964,0.363
Madagascar,MDG,1965,0.363
Madagascar,MDG,1966,0.363
Madagascar,MDG,1967,0.363
Madagascar,MDG,1968,0.363
Madagascar,MDG,1969,0.363
Madagascar,MDG,1970,0.363
Madagascar,MDG,1971,0.363
Madagascar,MDG,1972,0.436
Madagascar,MDG,1973,0.433
Madagascar,MDG,1974,0.433
Madagascar,MDG,1975,0.41
Madagascar,MDG,1976,0.325
Madagascar,MDG,1977,0.301
Madagascar,MDG,1978,0.287
Madagascar,MDG,1979,0.287
Madagascar,MDG,1980,0.259
Madagascar,MDG,1981,0.259
Madagascar,MDG,1982,0.259
Madagascar,MDG,1983,0.259
Madagascar,MDG,1984,0.259
Madagascar,MDG,1985,0.259
Madagascar,MDG,1986,0.259
Madagascar,MDG,1987,0.265
Madagascar,MDG,1988,0.265
Madagascar,MDG,1989,0.265
Madagascar,MDG,1990,0.265
Madagascar,MDG,1991,0.28
Madagascar,MDG,1992,0.293
Madagascar,MDG,1993,0.279
Madagascar,MDG,1994,0.271
Madagascar,MDG,1995,0.271
Madagascar,MDG,1996,0.271
Madagascar,MDG,1997,0.222
Madagascar,MDG,1998,0.181
Madagascar,MDG,1999,0.181
Madagascar,MDG,2000,0.181
Madagascar,MDG,2001,0.181
Madagascar,MDG,2002,0.269
Madagascar,MDG,2003,0.273
Madagascar,MDG,2004,0.273
Madagascar,MDG,2005,0.273
Madagascar,MDG,2006,0.273
Madagascar,MDG,2007,0.273
Madagascar,MDG,2008,0.266
Madagascar,MDG,2009,0.054
Madagascar,MDG,2010,0.051
Madagascar,MDG,2011,0.034
Madagascar,MDG,2012,0.034
Madagascar,MDG,2013,0.061
Madagascar,MDG,2014,0.152
Madagascar,MDG,2015,0.174
Madagascar,MDG,2016,0.174
Madagascar,MDG,2017,0.179
Madagascar,MDG,2018,0.248
Madagascar,MDG,2019,0.136
Madagascar,MDG,2020,0.117
Madagascar,MDG,2021,0.117
Madagascar,MDG,2022,0.117
Madagascar,MDG,2023,0.117
Madagascar,MDG,2024,0.117
Madagascar,MDG,2025,0.118
Malawi,MWI,1900,0.834
Malawi,MWI,1901,0.834
Malawi,MWI,1902,0.834
Malawi,MWI,1903,0.834
Malawi,MWI,1904,0.834
Malawi,MWI,1905,0.834
Malawi,MWI,1906,0.834
Malawi,MWI,1907,0.845
Malawi,MWI,1908,0.845
Malawi,MWI,1909,0.845
Malawi,MWI,1910,0.845
Malawi,MWI,1911,0.845
Malawi,MWI,1912,0.845
Malawi,MWI,1913,0.845
Malawi,MWI,1914,0.845
Malawi,MWI,1915,0.845
Malawi,MWI,1916,0.845
Malawi,MWI,1917,0.845
Malawi,MWI,1918,0.845
Malawi,MWI,1919,0.845
Malawi,MWI,1920,0.845
Malawi,MWI,1921,0.845
Malawi,MWI,1922,0.845
Malawi,MWI,1923,0.845
Malawi,MWI,1924,0.845
Malawi,MWI,1925,0.845
Malawi,MWI,1926,0.845
Malawi,MWI,1927,0.845
Malawi,MWI,1928,0.845
Malawi,MWI,1929,0.845
Malawi,MWI,1930,0.845
Malawi,MWI,1931,0.845
Malawi,MWI,1932,0.845
Malawi,MWI,1933,0.845
Malawi,MWI,1934,0.845
Malawi,MWI,1935,0.845
Malawi,MWI,1936,0.845
Malawi,MWI,1937,0.845
Malawi,MWI,1938,0.845
Malawi,MWI,1939,0.845
Malawi,MWI,1940,0.845
Malawi,MWI,1941,0.845
Malawi,MWI,1942,0.845
Malawi,MWI,1943,0.845
Malawi,MWI,1944,0.845
Malawi,MWI,1945,0.845
Malawi,MWI,1946,0.845
Malawi,MWI,1947,0.845
Malawi,MWI,1948,0.845
Malawi,MWI,1949,0.845
Malawi,MWI,1950,0.845
Malawi,MWI,1951,0.845
Malawi,MWI,1952,0.845
Malawi,MWI,1953,0.845
Malawi,MWI,1954,0.845
Malawi,MWI,1955,0.845
Malawi,MWI,1956,0.845
Malawi,MWI,1957,0.845
Malawi,MWI,1958,0.845
Malawi,MWI,1959,0.845
Malawi,MWI,1960,0.845
Malawi,MWI,1961,0.859
Malawi,MWI,1962,0.859
Malawi,MWI,1963,0.859
Malawi,MWI,1964,0.855
Malawi,MWI,1965,0.881
Malawi,MWI,1966,0.881
Malawi,MWI,1967,0.865
Malawi,MWI,1968,0.865
Malawi,MWI,1969,0.865
Malawi,MWI,1970,0.865
Malawi,MWI,1971,0.862
Malawi,MWI,1972,0.862
Malawi,MWI,1973,0.862
Malawi,MWI,1974,0.862
Malawi,MWI,1975,0.862
Malawi,MWI,1976,0.862
Malawi,MWI,1977,0.862
Malawi,MWI,1978,0.862
Malawi,MWI,1979,0.862
Malawi,MWI,1980,0.862
Malawi,MWI,1981,0.862
Malawi,MWI,1982,0.862
Malawi,MWI,1983,0.862
Malawi,MWI,1984,0.862
Malawi,MWI,1985,0.862
Malawi,MWI,1986,0.862
Malawi,MWI,1987,0.862
Malawi,MWI,1988,0.862
Malawi,MWI,1989,0.862
Malawi,MWI,1990,0.862
Malawi,MWI,1991,0.859
Malawi,MWI,1992,0.859
Malawi,MWI,1993,0.856
Malawi,MWI,1994,0.467
Malawi,MWI,1995,0.339
Malawi,MWI,1996,0.339
Malawi,MWI,1997,0.339
Malawi,MWI,1998,0.339
Malawi,MWI,1999,0.339
Malawi,MWI,2000,0.354
Malawi,MWI,2001,0.354
Malawi,MWI,2002,0.354
Malawi,MWI,2003,0.354
Malawi,MWI,2004,0.354
Malawi,MWI,2005,0.366
Malawi,MWI,2006,0.369
Malawi,MWI,2007,0.369
Malawi,MWI,2008,0.369
Malawi,MWI,2009,0.368
Malawi,MWI,2010,0.34
Malawi,MWI,2011,0.34
Malawi,MWI,2012,0.34
Malawi,MWI,2013,0.355
Malawi,MWI,2014,0.359
Malawi,MWI,2015,0.359
Malawi,MWI,2016,0.339
Malawi,MWI,2017,0.388
Malawi,MWI,2018,0.343
Malawi,MWI,2019,0.316
Malawi,MWI,2020,0.321
Malawi,MWI,2021,0.328
Malawi,MWI,2022,0.282
Malawi,MWI,2023,0.32
Malawi,MWI,2024,0.279
Malawi,MWI,2025,0.372
Malaysia,MYS,1900,0.734
Malaysia,MYS,1901,0.734
Malaysia,MYS,1902,0.734
Malaysia,MYS,1903,0.734
Malaysia,MYS,1904,0.734
Malaysia,MYS,1905,0.734
Malaysia,MYS,1906,0.734
Malaysia,MYS,1907,0.734
Malaysia,MYS,1908,0.734
Malaysia,MYS,1909,0.734
Malaysia,MYS,1910,0.734
Malaysia,MYS,1911,0.734
Malaysia,MYS,1912,0.734
Malaysia,MYS,1913,0.734
Malaysia,MYS,1914,0.734
Malaysia,MYS,1915,0.734
Malaysia,MYS,1916,0.734
Malaysia,MYS,1917,0.734
Malaysia,MYS,1918,0.734
Malaysia,MYS,1919,0.734
Malaysia,MYS,1920,0.734
Malaysia,MYS,1921,0.734
Malaysia,MYS,1922,0.734
Malaysia,MYS,1923,0.734
Malaysia,MYS,1924,0.734
Malaysia,MYS,1925,0.734
Malaysia,MYS,1926,0.734
Malaysia,MYS,1927,0.734
Malaysia,MYS,1928,0.734
Malaysia,MYS,1929,0.734
Malaysia,MYS,1930,0.734
Malaysia,MYS,1931,0.734
Malaysia,MYS,1932,0.734
Malaysia,MYS,1933,0.734
Malaysia,MYS,1934,0.734
Malaysia,MYS,1935,0.734
Malaysia,MYS,1936,0.734
Malaysia,MYS,1937,0.734
Malaysia,MYS,1938,0.734
Malaysia,MYS,1939,0.734
Malaysia,MYS,1940,0.685
Malaysia,MYS,1941,0.685
Malaysia,MYS,1942,0.529
Malaysia,MYS,1943,0.529
Malaysia,MYS,1944,0.529
Malaysia,MYS,1945,0.536
Malaysia,MYS,1946,0.732
Malaysia,MYS,1947,0.76
Malaysia,MYS,1948,0.76
Malaysia,MYS,1949,0.703
Malaysia,MYS,1950,0.703
Malaysia,MYS,1951,0.703
Malaysia,MYS,1952,0.703
Malaysia,MYS,1953,0.703
Malaysia,MYS,1954,0.72
Malaysia,MYS,1955,0.736
Malaysia,MYS,1956,0.754
Malaysia,MYS,1957,0.782
Malaysia,MYS,1958,0.752
Malaysia,MYS,1959,0.752
Malaysia,MYS,1960,0.752
Malaysia,MYS,1961,0.752
Malaysia,MYS,1962,0.752
Malaysia,MYS,1963,0.752
Malaysia,MYS,1964,0.752
Malaysia,MYS,1965,0.752
Malaysia,MYS,1966,0.752
Malaysia,MYS,1967,0.752
Malaysia,MYS,1968,0.752
Malaysia,MYS,1969,0.752
Malaysia,MYS,1970,0.733
Malaysia,MYS,1971,0.733
Malaysia,MYS,1972,0.661
Malaysia,MYS,1973,0.661
Malaysia,MYS,1974,0.661
Malaysia,MYS,1975,0.661
Malaysia,MYS,1976,0.661
Malaysia,MYS,1977,0.661
Malaysia,MYS,1978,0.661
Malaysia,MYS,1979,0.661
Malaysia,MYS,1980,0.661
Malaysia,MYS,1981,0.611
Malaysia,MYS,1982,0.537
Malaysia,MYS,1983,0.531
Malaysia,MYS,1984,0.531
Malaysia,MYS,1985,0.531
Malaysia,MYS,1986,0.531
Malaysia,MYS,1987,0.531
Malaysia,MYS,1988,0.47
Malaysia,MYS,1989,0.47
Malaysia,MYS,1990,0.47
Malaysia,MYS,1991,0.45
Malaysia,MYS,1992,0.45
Malaysia,MYS,1993,0.45
Malaysia,MYS,1994,0.45
Malaysia,MYS,1995,0.443
Malaysia,MYS,1996,0.443
Malaysia,MYS,1997,0.443
Malaysia,MYS,1998,0.443
Malaysia,MYS,1999,0.443
Malaysia,MYS,2000,0.431
Malaysia,MYS,2001,0.431
Malaysia,MYS,2002,0.405
Malaysia,MYS,2003,0.4
Malaysia,MYS,2004,0.4
Malaysia,MYS,2005,0.406
Malaysia,MYS,2006,0.406
Malaysia,MYS,2007,0.406
Malaysia,MYS,2008,0.406
Malaysia,MYS,2009,0.4
Malaysia,MYS,2010,0.398
Malaysia,MYS,2011,0.403
Malaysia,MYS,2012,0.403
Malaysia,MYS,2013,0.426
Malaysia,MYS,2014,0.426
Malaysia,MYS,2015,0.426
Malaysia,MYS,2016,0.426
Malaysia,MYS,2017,0.495
Malaysia,MYS,2018,0.729
Malaysia,MYS,2019,0.705
Malaysia,MYS,2020,0.582
Malaysia,MYS,2021,0.582
Malaysia,MYS,2022,0.632
Malaysia,MYS,2023,0.678
Malaysia,MYS,2024,0.678
Malaysia,MYS,2025,0.678
Maldives,MDV,1900,0.35
Maldives,MDV,1901,0.35
Maldives,MDV,1902,0.35
Maldives,MDV,1903,0.35
Maldives,MDV,1904,0.35
Maldives,MDV,1905,0.35
Maldives,MDV,1906,0.35
Maldives,MDV,1907,0.35
Maldives,MDV,1908,0.35
Maldives,MDV,1909,0.35
Maldives,MDV,1910,0.35
Maldives,MDV,1911,0.35
Maldives,MDV,1912,0.35
Maldives,MDV,1913,0.35
Maldives,MDV,1914,0.35
Maldives,MDV,1915,0.35
Maldives,MDV,1916,0.35
Maldives,MDV,1917,0.35
Maldives,MDV,1918,0.35
Maldives,MDV,1919,0.35
Maldives,MDV,1920,0.35
Maldives,MDV,1921,0.35
Maldives,MDV,1922,0.35
Maldives,MDV,1923,0.35
Maldives,MDV,1924,0.357
Maldives,MDV,1925,0.357
Maldives,MDV,1926,0.357
Maldives,MDV,1927,0.357
Maldives,MDV,1928,0.357
Maldives,MDV,1929,0.357
Maldives,MDV,1930,0.357
Maldives,MDV,1931,0.357
Maldives,MDV,1932,0.345
Maldives,MDV,1933,0.297
Maldives,MDV,1934,0.297
Maldives,MDV,1935,0.297
Maldives,MDV,1936,0.297
Maldives,MDV,1937,0.297
Maldives,MDV,1938,0.297
Maldives,MDV,1939,0.297
Maldives,MDV,1940,0.297
Maldives,MDV,1941,0.297
Maldives,MDV,1942,0.297
Maldives,MDV,1943,0.297
Maldives,MDV,1944,0.297
Maldives,MDV,1945,0.297
Maldives,MDV,1946,0.297
Maldives,MDV,1947,0.297
Maldives,MDV,1948,0.297
Maldives,MDV,1949,0.297
Maldives,MDV,1950,0.297
Maldives,MDV,1951,0.297
Maldives,MDV,1952,0.297
Maldives,MDV,1953,0.297
Maldives,MDV,1954,0.297
Maldives,MDV,1955,0.297
Maldives,MDV,1956,0.297
Maldives,MDV,1957,0.297
Maldives,MDV,1958,0.297
Maldives,MDV,1959,0.297
Maldives,MDV,1960,0.297
Maldives,MDV,1961,0.297
Maldives,MDV,1962,0.297
Maldives,MDV,1963,0.297
Maldives,MDV,1964,0.297
Maldives,MDV,1965,0.297
Maldives,MDV,1966,0.297
Maldives,MDV,1967,0.297
Maldives,MDV,1968,0.293
Maldives,MDV,1969,0.291
Maldives,MDV,1970,0.291
Maldives,MDV,1971,0.291
Maldives,MDV,1972,0.291
Maldives,MDV,1973,0.291
Maldives,MDV,1974,0.291
Maldives,MDV,1975,0.291
Maldives,MDV,1976,0.291
Maldives,MDV,1977,0.291
Maldives,MDV,1978,0.243
Maldives,MDV,1979,0.238
Maldives,MDV,1980,0.238
Maldives,MDV,1981,0.238
Maldives,MDV,1982,0.238
Maldives,MDV,1983,0.238
Maldives,MDV,1984,0.238
Maldives,MDV,1985,0.238
Maldives,MDV,1986,0.238
Maldives,MDV,1987,0.238
Maldives,MDV,1988,0.238
Maldives,MDV,1989,0.238
Maldives,MDV,1990,0.226
Maldives,MDV,1991,0.226
Maldives,MDV,1992,0.226
Maldives,MDV,1993,0.226
Maldives,MDV,1994,0.226
Maldives,MDV,1995,0.224
Maldives,MDV,1996,0.224
Maldives,MDV,1997,0.224
Maldives,MDV,1998,0.217
Maldives,MDV,1999,0.217
Maldives,MDV,2000,0.217
Maldives,MDV,2001,0.217
Maldives,MDV,2002,0.217
Maldives,MDV,2003,0.217
Maldives,MDV,2004,0.213
Maldives,MDV,2005,0.267
Maldives,MDV,2006,0.303
Maldives,MDV,2007,0.303
Maldives,MDV,2008,0.373
Maldives,MDV,2009,0.395
Maldives,MDV,2010,0.393
Maldives,MDV,2011,0.393
Maldives,MDV,2012,0.343
Maldives,MDV,2013,0.286
Maldives,MDV,2014,0.28
Maldives,MDV,2015,0.264
Maldives,MDV,2016,0.284
Maldives,MDV,2017,0.295
Maldives,MDV,2018,0.294
Maldives,MDV,2019,0.504
Maldives,MDV,2020,0.53
Maldives,MDV,2021,0.534
Maldives,MDV,2022,0.534
Maldives,MDV,2023,0.537
Maldives,MDV,2024,0.589
Maldives,MDV,2025,0.688
Mali,MLI,1900,0.89
Mali,MLI,1901,0.89
Mali,MLI,1902,0.89
Mali,MLI,1903,0.89
Mali,MLI,1904,0.89
Mali,MLI,1905,0.89
Mali,MLI,1906,0.89
Mali,MLI,1907,0.89
Mali,MLI,1908,0.89
Mali,MLI,1909,0.89
Mali,MLI,1910,0.89
Mali,MLI,1911,0.89
Mali,MLI,1912,0.89
Mali,MLI,1913,0.89
Mali,MLI,1914,0.89
Mali,MLI,1915,0.89
Mali,MLI,1916,0.89
Mali,MLI,1917,0.89
Mali,MLI,1918,0.89
Mali,MLI,1919,0.89
Mali,MLI,1920,0.89
Mali,MLI,1921,0.89
Mali,MLI,1922,0.89
Mali,MLI,1923,0.89
Mali,MLI,1924,0.89
Mali,MLI,1925,0.89
Mali,MLI,1926,0.89
Mali,MLI,1927,0.89
Mali,MLI,1928,0.89
Mali,MLI,1929,0.89
Mali,MLI,1930,0.89
Mali,MLI,1931,0.89
Mali,MLI,1932,0.89
Mali,MLI,1933,0.89
Mali,MLI,1934,0.89
Mali,MLI,1935,0.89
Mali,MLI,1936,0.89
Mali,MLI,1937,0.89
Mali,MLI,1938,0.89
Mali,MLI,1939,0.89
Mali,MLI,1940,0.89
Mali,MLI,1941,0.89
Mali,MLI,1942,0.89
Mali,MLI,1943,0.89
Mali,MLI,1944,0.89
Mali,MLI,1945,0.89
Mali,MLI,1946,0.89
Mali,MLI,1947,0.859
Mali,MLI,1948,0.859
Mali,MLI,1949,0.859
Mali,MLI,1950,0.859
Mali,MLI,1951,0.859
Mali,MLI,1952,0.859
Mali,MLI,1953,0.859
Mali,MLI,1954,0.859
Mali,MLI,1955,0.859
Mali,MLI,1956,0.859
Mali,MLI,1957,0.859
Mali,MLI,1958,0.859
Mali,MLI,1959,0.825
Mali,MLI,1960,0.588
Mali,MLI,1961,0.588
Mali,MLI,1962,0.588
Mali,MLI,1963,0.588
Mali,MLI,1964,0.588
Mali,MLI,1965,0.588
Mali,MLI,1966,0.588
Mali,MLI,1967,0.588
Mali,MLI,1968,0.554
Mali,MLI,1969,0.201
Mali,MLI,1970,0.201
Mali,MLI,1971,0.201
Mali,MLI,1972,0.201
Mali,MLI,1973,0.201
Mali,MLI,1974,0.201
Mali,MLI,1975,0.201
Mali,MLI,1976,0.201
Mali,MLI,1977,0.201
Mali,MLI,1978,0.201
Mali,MLI,1979,0.22
Mali,MLI,1980,0.236
Mali,MLI,1981,0.236
Mali,MLI,1982,0.236
Mali,MLI,1983,0.236
Mali,MLI,1984,0.236
Mali,MLI,1985,0.236
Mali,MLI,1986,0.236
Mali,MLI,1987,0.236
Mali,MLI,1988,0.236
Mali,MLI,1989,0.236
Mali,MLI,1990,0.243
Mali,MLI,1991,0.296
Mali,MLI,1992,0.223
Mali,MLI,1993,0.185
Mali,MLI,1994,0.185
Mali,MLI,1995,0.185
Mali,MLI,1996,0.185
Mali,MLI,1997,0.151
Mali,MLI,1998,0.151
Mali,MLI,1999,0.151
Mali,MLI,2000,0.151
Mali,MLI,2001,0.151
Mali,MLI,2002,0.148
Mali,MLI,2003,0.147
Mali,MLI,2004,0.147
Mali,MLI,2005,0.147
Mali,MLI,2006,0.147
Mali,MLI,2007,0.145
Mali,MLI,2008,0.145
Mali,MLI,2009,0.145
Mali,MLI,2010,0.135
Mali,MLI,2011,0.135
Mali,MLI,2012,0.154
Mali,MLI,2013,0.194
Mali,MLI,2014,0.194
Mali,MLI,2015,0.207
Mali,MLI,2016,0.207
Mali,MLI,2017,0.178
Mali,MLI,2018,0.176
Mali,MLI,2019,0.195
Mali,MLI,2020,0.189
Mali,MLI,2021,0.173
Mali,MLI,2022,0.173
Mali,MLI,2023,0.139
Mali,MLI,2024,0.282
Mali,MLI,2025,0.28
Malta,MLT,1900,0.737
Malta,MLT,1901,0.737
Malta,MLT,1902,0.737
Malta,MLT,1903,0.737
Malta,MLT,1904,0.737
Malta,MLT,1905,0.737
Malta,MLT,1906,0.737
Malta,MLT,1907,0.737
Malta,MLT,1908,0.737
Malta,MLT,1909,0.737
Malta,MLT,1910,0.737
Malta,MLT,1911,0.737
Malta,MLT,1912,0.737
Malta,MLT,1913,0.737
Malta,MLT,1914,0.737
Malta,MLT,1915,0.737
Malta,MLT,1916,0.737
Malta,MLT,1917,0.737
Malta,MLT,1918,0.737
Malta,MLT,1919,0.737
Malta,MLT,1920,0.737
Malta,MLT,1921,0.737
Malta,MLT,1922,0.794
Malta,MLT,1923,0.794
Malta,MLT,1924,0.794
Malta,MLT,1925,0.794
Malta,MLT,1926,0.794
Malta,MLT,1927,0.794
Malta,MLT,1928,0.794
Malta,MLT,1929,0.794
Malta,MLT,1930,0.794
Malta,MLT,1931,0.737
Malta,MLT,1932,0.737
Malta,MLT,1933,0.795
Malta,MLT,1934,0.737
Malta,MLT,1935,0.737
Malta,MLT,1936,0.737
Malta,MLT,1937,0.737
Malta,MLT,1938,0.737
Malta,MLT,1939,0.737
Malta,MLT,1940,0.737
Malta,MLT,1941,0.737
Malta,MLT,1942,0.737
Malta,MLT,1943,0.737
Malta,MLT,1944,0.737
Malta,MLT,1945,0.737
Malta,MLT,1946,0.737
Malta,MLT,1947,0.737
Malta,MLT,1948,0.795
Malta,MLT,1949,0.795
Malta,MLT,1950,0.795
Malta,MLT,1951,0.795
Malta,MLT,1952,0.795
Malta,MLT,1953,0.795
Malta,MLT,1954,0.795
Malta,MLT,1955,0.795
Malta,MLT,1956,0.795
Malta,MLT,1957,0.795
Malta,MLT,1958,0.795
Malta,MLT,1959,0.737
Malta,MLT,1960,0.737
Malta,MLT,1961,0.737
Malta,MLT,1962,0.737
Malta,MLT,1963,0.771
Malta,MLT,1964,0.808
Malta,MLT,1965,0.752
Malta,MLT,1966,0.752
Malta,MLT,1967,0.752
Malta,MLT,1968,0.752
Malta,MLT,1969,0.752
Malta,MLT,1970,0.752
Malta,MLT,1971,0.752
Malta,MLT,1972,0.752
Malta,MLT,1973,0.752
Malta,MLT,1974,0.752
Malta,MLT,1975,0.752
Malta,MLT,1976,0.752
Malta,MLT,1977,0.752
Malta,MLT,1978,0.752
Malta,MLT,1979,0.752
Malta,MLT,1980,0.752
Malta,MLT,1981,0.752
Malta,MLT,1982,0.752
Malta,MLT,1983,0.752
Malta,MLT,1984,0.752
Malta,MLT,1985,0.752
Malta,MLT,1986,0.752
Malta,MLT,1987,0.752
Malta,MLT,1988,0.827
Malta,MLT,1989,0.827
Malta,MLT,1990,0.827
Malta,MLT,1991,0.827
Malta,MLT,1992,0.827
Malta,MLT,1993,0.827
Malta,MLT,1994,0.827
Malta,MLT,1995,0.827
Malta,MLT,1996,0.827
Malta,MLT,1997,0.827
Malta,MLT,1998,0.827
Malta,MLT,1999,0.827
Malta,MLT,2000,0.827
Malta,MLT,2001,0.827
Malta,MLT,2002,0.827
Malta,MLT,2003,0.827
Malta,MLT,2004,0.827
Malta,MLT,2005,0.827
Malta,MLT,2006,0.827
Malta,MLT,2007,0.813
Malta,MLT,2008,0.813
Malta,MLT,2009,0.827
Malta,MLT,2010,0.827
Malta,MLT,2011,0.827
Malta,MLT,2012,0.827
Malta,MLT,2013,0.786
Malta,MLT,2014,0.786
Malta,MLT,2015,0.786
Malta,MLT,2016,0.747
Malta,MLT,2017,0.747
Malta,MLT,2018,0.747
Malta,MLT,2019,0.739
Malta,MLT,2020,0.814
Malta,MLT,2021,0.814
Malta,MLT,2022,0.814
Malta,MLT,2023,0.814
Malta,MLT,2024,0.814
Malta,MLT,2025,0.814
Mauritania,MRT,1904,0.593
Mauritania,MRT,1905,0.593
Mauritania,MRT,1906,0.593
Mauritania,MRT,1907,0.593
Mauritania,MRT,1908,0.593
Mauritania,MRT,1909,0.593
Mauritania,MRT,1910,0.593
Mauritania,MRT,1911,0.593
Mauritania,MRT,1912,0.593
Mauritania,MRT,1913,0.593
Mauritania,MRT,1914,0.593
Mauritania,MRT,1915,0.593
Mauritania,MRT,1916,0.593
Mauritania,MRT,1917,0.593
Mauritania,MRT,1918,0.593
Mauritania,MRT,1919,0.593
Mauritania,MRT,1920,0.593
Mauritania,MRT,1921,0.593
Mauritania,MRT,1922,0.593
Mauritania,MRT,1923,0.593
Mauritania,MRT,1924,0.593
Mauritania,MRT,1925,0.593
Mauritania,MRT,1926,0.593
Mauritania,MRT,1927,0.593
Mauritania,MRT,1928,0.593
Mauritania,MRT,1929,0.593
Mauritania,MRT,1930,0.593
Mauritania,MRT,1931,0.593
Mauritania,MRT,1932,0.593
Mauritania,MRT,1933,0.593
Mauritania,MRT,1934,0.593
Mauritania,MRT,1935,0.593
Mauritania,MRT,1936,0.593
Mauritania,MRT,1937,0.593
Mauritania,MRT,1938,0.593
Mauritania,MRT,1939,0.593
Mauritania,MRT,1940,0.593
Mauritania,MRT,1941,0.593
Mauritania,MRT,1942,0.593
Mauritania,MRT,1943,0.593
Mauritania,MRT,1944,0.593
Mauritania,MRT,1945,0.593
Mauritania,MRT,1946,0.593
Mauritania,MRT,1947,0.588
Mauritania,MRT,1948,0.588
Mauritania,MRT,1949,0.588
Mauritania,MRT,1950,0.574
Mauritania,MRT,1951,0.574
Mauritania,MRT,1952,0.574
Mauritania,MRT,1953,0.574
Mauritania,MRT,1954,0.574
Mauritania,MRT,1955,0.574
Mauritania,MRT,1956,0.574
Mauritania,MRT,1957,0.574
Mauritania,MRT,1958,0.558
Mauritania,MRT,1959,0.558
Mauritania,MRT,1960,0.512
Mauritania,MRT,1961,0.406
Mauritania,MRT,1962,0.406
Mauritania,MRT,1963,0.406
Mauritania,MRT,1964,0.406
Mauritania,MRT,1965,0.406
Mauritania,MRT,1966,0.406
Mauritania,MRT,1967,0.406
Mauritania,MRT,1968,0.406
Mauritania,MRT,1969,0.406
Mauritania,MRT,1970,0.406
Mauritania,MRT,1971,0.406
Mauritania,MRT,1972,0.406
Mauritania,MRT,1973,0.406
Mauritania,MRT,1974,0.406
Mauritania,MRT,1975,0.406
Mauritania,MRT,1976,0.406
Mauritania,MRT,1977,0.406
Mauritania,MRT,1978,0.26
Mauritania,MRT,1979,0.287
Mauritania,MRT,1980,0.287
Mauritania,MRT,1981,0.287
Mauritania,MRT,1982,0.287
Mauritania,MRT,1983,0.287
Mauritania,MRT,1984,0.287
Mauritania,MRT,1985,0.141
Mauritania,MRT,1986,0.141
Mauritania,MRT,1987,0.141
Mauritania,MRT,1988,0.141
Mauritania,MRT,1989,0.141
Mauritania,MRT,1990,0.141
Mauritania,MRT,1991,0.141
Mauritania,MRT,1992,0.139
Mauritania,MRT,1993,0.139
Mauritania,MRT,1994,0.139
Mauritania,MRT,1995,0.139
Mauritania,MRT,1996,0.139
Mauritania,MRT,1997,0.139
Mauritania,MRT,1998,0.139
Mauritania,MRT,1999,0.139
Mauritania,MRT,2000,0.139
Mauritania,MRT,2001,0.139
Mauritania,MRT,2002,0.139
Mauritania,MRT,2003,0.139
Mauritania,MRT,2004,0.139
Mauritania,MRT,2005,0.125
Mauritania,MRT,2006,0.183
Mauritania,MRT,2007,0.169
Mauritania,MRT,2008,0.158
Mauritania,MRT,2009,0.156
Mauritania,MRT,2010,0.156
Mauritania,MRT,2011,0.156
Mauritania,MRT,2012,0.156
Mauritania,MRT,2013,0.141
Mauritania,MRT,2014,0.141
Mauritania,MRT,2015,0.141
Mauritania,MRT,2016,0.141
Mauritania,MRT,2017,0.132
Mauritania,MRT,2018,0.114
Mauritania,MRT,2019,0.212
Mauritania,MRT,2020,0.157
Mauritania,MRT,2021,0.136
Mauritania,MRT,2022,0.168
Mauritania,MRT,2023,0.148
Mauritania,MRT,2024,0.147
Mauritania,MRT,2025,0.175
Mauritius,MUS,1900,0.863
Mauritius,MUS,1901,0.863
Mauritius,MUS,1902,0.863
Mauritius,MUS,1903,0.863
Mauritius,MUS,1904,0.863
Mauritius,MUS,1905,0.863
Mauritius,MUS,1906,0.863
Mauritius,MUS,1907,0.863
Mauritius,MUS,1908,0.863
Mauritius,MUS,1909,0.863
Mauritius,MUS,1910,0.863
Mauritius,MUS,1911,0.863
Mauritius,MUS,1912,0.863
Mauritius,MUS,1913,0.863
Mauritius,MUS,1914,0.863
Mauritius,MUS,1915,0.863
Mauritius,MUS,1916,0.863
Mauritius,MUS,1917,0.863
Mauritius,MUS,1918,0.863
Mauritius,MUS,1919,0.863
Mauritius,MUS,1920,0.863
Mauritius,MUS,1921,0.863
Mauritius,MUS,1922,0.863
Mauritius,MUS,1923,0.863
Mauritius,MUS,1924,0.863
Mauritius,MUS,1925,0.863
Mauritius,MUS,1926,0.863
Mauritius,MUS,1927,0.863
Mauritius,MUS,1928,0.863
Mauritius,MUS,1929,0.863
Mauritius,MUS,1930,0.863
Mauritius,MUS,1931,0.863
Mauritius,MUS,1932,0.863
Mauritius,MUS,1933,0.863
Mauritius,MUS,1934,0.863
Mauritius,MUS,1935,0.863
Mauritius,MUS,1936,0.863
Mauritius,MUS,1937,0.863
Mauritius,MUS,1938,0.863
Mauritius,MUS,1939,0.863
Mauritius,MUS,1940,0.863
Mauritius,MUS,1941,0.863
Mauritius,MUS,1942,0.863
Mauritius,MUS,1943,0.863
Mauritius,MUS,1944,0.863
Mauritius,MUS,1945,0.863
Mauritius,MUS,1946,0.863
Mauritius,MUS,1947,0.863
Mauritius,MUS,1948,0.862
Mauritius,MUS,1949,0.717
Mauritius,MUS,1950,0.717
Mauritius,MUS,1951,0.717
Mauritius,MUS,1952,0.717
Mauritius,MUS,1953,0.717
Mauritius,MUS,1954,0.717
Mauritius,MUS,1955,0.717
Mauritius,MUS,1956,0.717
Mauritius,MUS,1957,0.717
Mauritius,MUS,1958,0.717
Mauritius,MUS,1959,0.717
Mauritius,MUS,1960,0.697
Mauritius,MUS,1961,0.697
Mauritius,MUS,1962,0.697
Mauritius,MUS,1963,0.697
Mauritius,MUS,1964,0.697
Mauritius,MUS,1965,0.697
Mauritius,MUS,1966,0.697
Mauritius,MUS,1967,0.697
Mauritius,MUS,1968,0.523
Mauritius,MUS,1969,0.515
Mauritius,MUS,1970,0.459
Mauritius,MUS,1971,0.459
Mauritius,MUS,1972,0.459
Mauritius,MUS,1973,0.459
Mauritius,MUS,1974,0.459
Mauritius,MUS,1975,0.459
Mauritius,MUS,1976,0.459
Mauritius,MUS,1977,0.459
Mauritius,MUS,1978,0.459
Mauritius,MUS,1979,0.459
Mauritius,MUS,1980,0.459
Mauritius,MUS,1981,0.459
Mauritius,MUS,1982,0.459
Mauritius,MUS,1983,0.459
Mauritius,MUS,1984,0.459
Mauritius,MUS,1985,0.459
Mauritius,MUS,1986,0.459
Mauritius,MUS,1987,0.459
Mauritius,MUS,1988,0.459
Mauritius,MUS,1989,0.459
Mauritius,MUS,1990,0.535
Mauritius,MUS,1991,0.535
Mauritius,MUS,1992,0.535
Mauritius,MUS,1993,0.535
Mauritius,MUS,1994,0.535
Mauritius,MUS,1995,0.535
Mauritius,MUS,1996,0.535
Mauritius,MUS,1997,0.535
Mauritius,MUS,1998,0.535
Mauritius,MUS,1999,0.535
Mauritius,MUS,2000,0.535
Mauritius,MUS,2001,0.535
Mauritius,MUS,2002,0.535
Mauritius,MUS,2003,0.535
Mauritius,MUS,2004,0.535
Mauritius,MUS,2005,0.535
Mauritius,MUS,2006,0.535
Mauritius,MUS,2007,0.535
Mauritius,MUS,2008,0.535
Mauritius,MUS,2009,0.535
Mauritius,MUS,2010,0.576
Mauritius,MUS,2011,0.576
Mauritius,MUS,2012,0.576
Mauritius,MUS,2013,0.56
Mauritius,MUS,2014,0.56
Mauritius,MUS,2015,0.542
Mauritius,MUS,2016,0.542
Mauritius,MUS,2017,0.51
Mauritius,MUS,2018,0.501
Mauritius,MUS,2019,0.511
Mauritius,MUS,2020,0.51
Mauritius,MUS,2021,0.51
Mauritius,MUS,2022,0.509
Mauritius,MUS,2023,0.501
Mauritius,MUS,2024,0.545
Mauritius,MUS,2025,0.644
Mexico,MEX,1900,0.147
Mexico,MEX,1901,0.147
Mexico,MEX,1902,0.147
Mexico,MEX,1903,0.147
Mexico,MEX,1904,0.147
Mexico,MEX,1905,0.147
Mexico,MEX,1906,0.147
Mexico,MEX,1907,0.147
Mexico,MEX,1908,0.147
Mexico,MEX,1909,0.147
Mexico,MEX,1910,0.147
Mexico,MEX,1911,0.185
Mexico,MEX,1912,0.189
Mexico,MEX,1913,0.231
Mexico,MEX,1914,0.231
Mexico,MEX,1915,0.231
Mexico,MEX,1916,0.231
Mexico,MEX,1917,0.217
Mexico,MEX,1918,0.213
Mexico,MEX,1919,0.213
Mexico,MEX,1920,0.213
Mexico,MEX,1921,0.213
Mexico,MEX,1922,0.213
Mexico,MEX,1923,0.213
Mexico,MEX,1924,0.213
Mexico,MEX,1925,0.213
Mexico,MEX,1926,0.213
Mexico,MEX,1927,0.213
Mexico,MEX,1928,0.213
Mexico,MEX,1929,0.178
Mexico,MEX,1930,0.178
Mexico,MEX,1931,0.178
Mexico,MEX,1932,0.178
Mexico,MEX,1933,0.178
Mexico,MEX,1934,0.178
Mexico,MEX,1935,0.18
Mexico,MEX,1936,0.18
Mexico,MEX,1937,0.18
Mexico,MEX,1938,0.18
Mexico,MEX,1939,0.18
Mexico,MEX,1940,0.18
Mexico,MEX,1941,0.18
Mexico,MEX,1942,0.18
Mexico,MEX,1943,0.18
Mexico,MEX,1944,0.18
Mexico,MEX,1945,0.18
Mexico,MEX,1946,0.18
Mexico,MEX,1947,0.18
Mexico,MEX,1948,0.18
Mexico,MEX,1949,0.18
Mexico,MEX,1950,0.18
Mexico,MEX,1951,0.18
Mexico,MEX,1952,0.18
Mexico,MEX,1953,0.18
Mexico,MEX,1954,0.18
Mexico,MEX,1955,0.18
Mexico,MEX,1956,0.18
Mexico,MEX,1957,0.18
Mexico,MEX,1958,0.18
Mexico,MEX,1959,0.18
Mexico,MEX,1960,0.18
Mexico,MEX,1961,0.18
Mexico,MEX,1962,0.18
Mexico,MEX,1963,0.18
Mexico,MEX,1964,0.18
Mexico,MEX,1965,0.18
Mexico,MEX,1966,0.18
Mexico,MEX,1967,0.18
Mexico,MEX,1968,0.18
Mexico,MEX,1969,0.18
Mexico,MEX,1970,0.18
Mexico,MEX,1971,0.18
Mexico,MEX,1972,0.18
Mexico,MEX,1973,0.18
Mexico,MEX,1974,0.18
Mexico,MEX,1975,0.18
Mexico,MEX,1976,0.18
Mexico,MEX,1977,0.18
Mexico,MEX,1978,0.18
Mexico,MEX,1979,0.18
Mexico,MEX,1980,0.18
Mexico,MEX,1981,0.18
Mexico,MEX,1982,0.218
Mexico,MEX,1983,0.228
Mexico,MEX,1984,0.228
Mexico,MEX,1985,0.228
Mexico,MEX,1986,0.228
Mexico,MEX,1987,0.228
Mexico,MEX,1988,0.228
Mexico,MEX,1989,0.231
Mexico,MEX,1990,0.231
Mexico,MEX,1991,0.231
Mexico,MEX,1992,0.231
Mexico,MEX,1993,0.231
Mexico,MEX,1994,0.321
Mexico,MEX,1995,0.338
Mexico,MEX,1996,0.338
Mexico,MEX,1997,0.357
Mexico,MEX,1998,0.36
Mexico,MEX,1999,0.36
Mexico,MEX,2000,0.45
Mexico,MEX,2001,0.451
Mexico,MEX,2002,0.427
Mexico,MEX,2003,0.389
Mexico,MEX,2004,0.389
Mexico,MEX,2005,0.389
Mexico,MEX,2006,0.391
Mexico,MEX,2007,0.391
Mexico,MEX,2008,0.391
Mexico,MEX,2009,0.391
Mexico,MEX,2010,0.367
Mexico,MEX,2011,0.367
Mexico,MEX,2012,0.337
Mexico,MEX,2013,0.242
Mexico,MEX,2014,0.242
Mexico,MEX,2015,0.276
Mexico,MEX,2016,0.276
Mexico,MEX,2017,0.318
Mexico,MEX,2018,0.348
Mexico,MEX,2019,0.393
Mexico,MEX,2020,0.408
Mexico,MEX,2021,0.493
Mexico,MEX,2022,0.454
Mexico,MEX,2023,0.471
Mexico,MEX,2024,0.419
Mexico,MEX,2025,0.426
Moldova,MDA,1990,0.351
Moldova,MDA,1991,0.351
Moldova,MDA,1992,0.323
Moldova,MDA,1993,0.323
Moldova,MDA,1994,0.244
Moldova,MDA,1995,0.244
Moldova,MDA,1996,0.244
Moldova,MDA,1997,0.244
Moldova,MDA,1998,0.254
Moldova,MDA,1999,0.29
Moldova,MDA,2000,0.29
Moldova,MDA,2001,0.223
Moldova,MDA,2002,0.175
Moldova,MDA,2003,0.175
Moldova,MDA,2004,0.175
Moldova,MDA,2005,0.192
Moldova,MDA,2006,0.194
Moldova,MDA,2007,0.194
Moldova,MDA,2008,0.194
Moldova,MDA,2009,0.232
Moldova,MDA,2010,0.311
Moldova,MDA,2011,0.311
Moldova,MDA,2012,0.323
Moldova,MDA,2013,0.277
Moldova,MDA,2014,0.277
Moldova,MDA,2015,0.202
Moldova,MDA,2016,0.206
Moldova,MDA,2017,0.227
Moldova,MDA,2018,0.212
Moldova,MDA,2019,0.309
Moldova,MDA,2020,0.445
Moldova,MDA,2021,0.579
Moldova,MDA,2022,0.773
Moldova,MDA,2023,0.761
Moldova,MDA,2024,0.675
Moldova,MDA,2025,0.675
Mongolia,MNG,1911,0.378
Mongolia,MNG,1912,0.378
Mongolia,MNG,1913,0.378
Mongolia,MNG,1914,0.378
Mongolia,MNG,1915,0.378
Mongolia,MNG,1916,0.378
Mongolia,MNG,1917,0.378
Mongolia,MNG,1918,0.378
Mongolia,MNG,1919,0.378
Mongolia,MNG,1920,0.378
Mongolia,MNG,1921,0.601
Mongolia,MNG,1922,0.601
Mongolia,MNG,1923,0.601
Mongolia,MNG,1924,0.638
Mongolia,MNG,1925,0.736
Mongolia,MNG,1926,0.774
Mongolia,MNG,1927,0.774
Mongolia,MNG,1928,0.774
Mongolia,MNG,1929,0.774
Mongolia,MNG,1930,0.774
Mongolia,MNG,1931,0.774
Mongolia,MNG,1932,0.774
Mongolia,MNG,1933,0.774
Mongolia,MNG,1934,0.774
Mongolia,MNG,1935,0.774
Mongolia,MNG,1936,0.774
Mongolia,MNG,1937,0.774
Mongolia,MNG,1938,0.774
Mongolia,MNG,1939,0.774
Mongolia,MNG,1940,0.784
Mongolia,MNG,1941,0.784
Mongolia,MNG,1942,0.784
Mongolia,MNG,1943,0.784
Mongolia,MNG,1944,0.784
Mongolia,MNG,1945,0.784
Mongolia,MNG,1946,0.784
Mongolia,MNG,1947,0.784
Mongolia,MNG,1948,0.784
Mongolia,MNG,1949,0.784
Mongolia,MNG,1950,0.831
Mongolia,MNG,1951,0.831
Mongolia,MNG,1952,0.831
Mongolia,MNG,1953,0.831
Mongolia,MNG,1954,0.831
Mongolia,MNG,1955,0.831
Mongolia,MNG,1956,0.831
Mongolia,MNG,1957,0.831
Mongolia,MNG,1958,0.831
Mongolia,MNG,1959,0.831
Mongolia,MNG,1960,0.818
Mongolia,MNG,1961,0.818
Mongolia,MNG,1962,0.818
Mongolia,MNG,1963,0.818
Mongolia,MNG,1964,0.818
Mongolia,MNG,1965,0.818
Mongolia,MNG,1966,0.818
Mongolia,MNG,1967,0.818
Mongolia,MNG,1968,0.818
Mongolia,MNG,1969,0.818
Mongolia,MNG,1970,0.818
Mongolia,MNG,1971,0.818
Mongolia,MNG,1972,0.818
Mongolia,MNG,1973,0.818
Mongolia,MNG,1974,0.818
Mongolia,MNG,1975,0.818
Mongolia,MNG,1976,0.818
Mongolia,MNG,1977,0.818
Mongolia,MNG,1978,0.818
Mongolia,MNG,1979,0.818
Mongolia,MNG,1980,0.818
Mongolia,MNG,1981,0.818
Mongolia,MNG,1982,0.818
Mongolia,MNG,1983,0.818
Mongolia,MNG,1984,0.818
Mongolia,MNG,1985,0.818
Mongolia,MNG,1986,0.818
Mongolia,MNG,1987,0.818
Mongolia,MNG,1988,0.818
Mongolia,MNG,1989,0.816
Mongolia,MNG,1990,0.709
Mongolia,MNG,1991,0.731
Mongolia,MNG,1992,0.718
Mongolia,MNG,1993,0.706
Mongolia,MNG,1994,0.706
Mongolia,MNG,1995,0.706
Mongolia,MNG,1996,0.628
Mongolia,MNG,1997,0.628
Mongolia,MNG,1998,0.628
Mongolia,MNG,1999,0.628
Mongolia,MNG,2000,0.424
Mongolia,MNG,2001,0.424
Mongolia,MNG,2002,0.391
Mongolia,MNG,2003,0.391
Mongolia,MNG,2004,0.376
Mongolia,MNG,2005,0.353
Mongolia,MNG,2006,0.353
Mongolia,MNG,2007,0.353
Mongolia,MNG,2008,0.35
Mongolia,MNG,2009,0.352
Mongolia,MNG,2010,0.355
Mongolia,MNG,2011,0.363
Mongolia,MNG,2012,0.354
Mongolia,MNG,2013,0.378
Mongolia,MNG,2014,0.375
Mongolia,MNG,2015,0.36
Mongolia,MNG,2016,0.359
Mongolia,MNG,2017,0.334
Mongolia,MNG,2018,0.317
Mongolia,MNG,2019,0.303
Mongolia,MNG,2020,0.323
Mongolia,MNG,2021,0.294
Mongolia,MNG,2022,0.276
Mongolia,MNG,2023,0.293
Mongolia,MNG,2024,0.313
Mongolia,MNG,2025,0.307
Montenegro,MNE,1900,0.582
Montenegro,MNE,1901,0.582
Montenegro,MNE,1902,0.582
Montenegro,MNE,1903,0.582
Montenegro,MNE,1904,0.582
Montenegro,MNE,1905,0.582
Montenegro,MNE,1906,0.582
Montenegro,MNE,1907,0.611
Montenegro,MNE,1908,0.611
Montenegro,MNE,1909,0.611
Montenegro,MNE,1910,0.611
Montenegro,MNE,1911,0.611
Montenegro,MNE,1912,0.611
Montenegro,MNE,1913,0.611
Montenegro,MNE,1914,0.618
Montenegro,MNE,1915,0.618
Montenegro,MNE,1916,0.656
Montenegro,MNE,1917,0.673
Montenegro,MNE,1998,0.512
Montenegro,MNE,1999,0.456
Montenegro,MNE,2000,0.456
Montenegro,MNE,2001,0.456
Montenegro,MNE,2002,0.456
Montenegro,MNE,2003,0.456
Montenegro,MNE,2004,0.456
Montenegro,MNE,2005,0.456
Montenegro,MNE,2006,0.456
Montenegro,MNE,2007,0.461
Montenegro,MNE,2008,0.461
Montenegro,MNE,2009,0.461
Montenegro,MNE,2010,0.461
Montenegro,MNE,2011,0.484
Montenegro,MNE,2012,0.484
Montenegro,MNE,2013,0.475
Montenegro,MNE,2014,0.475
Montenegro,MNE,2015,0.475
Montenegro,MNE,2016,0.475
Montenegro,MNE,2017,0.475
Montenegro,MNE,2018,0.466
Montenegro,MNE,2019,0.461
Montenegro,MNE,2020,0.5
Montenegro,MNE,2021,0.513
Montenegro,MNE,2022,0.509
Montenegro,MNE,2023,0.521
Montenegro,MNE,2024,0.525
Montenegro,MNE,2025,0.57
Morocco,MAR,1900,0.213
Morocco,MAR,1901,0.213
Morocco,MAR,1902,0.213
Morocco,MAR,1903,0.213
Morocco,MAR,1904,0.213
Morocco,MAR,1905,0.213
Morocco,MAR,1906,0.213
Morocco,MAR,1907,0.213
Morocco,MAR,1908,0.213
Morocco,MAR,1909,0.213
Morocco,MAR,1910,0.213
Morocco,MAR,1911,0.213
Morocco,MAR,1912,0.253
Morocco,MAR,1913,0.275
Morocco,MAR,1914,0.275
Morocco,MAR,1915,0.278
Morocco,MAR,1916,0.287
Morocco,MAR,1917,0.287
Morocco,MAR,1918,0.287
Morocco,MAR,1919,0.287
Morocco,MAR,1920,0.293
Morocco,MAR,1921,0.293
Morocco,MAR,1922,0.293
Morocco,MAR,1923,0.293
Morocco,MAR,1924,0.293
Morocco,MAR,1925,0.293
Morocco,MAR,1926,0.293
Morocco,MAR,1927,0.293
Morocco,MAR,1928,0.293
Morocco,MAR,1929,0.293
Morocco,MAR,1930,0.293
Morocco,MAR,1931,0.293
Morocco,MAR,1932,0.293
Morocco,MAR,1933,0.293
Morocco,MAR,1934,0.293
Morocco,MAR,1935,0.293
Morocco,MAR,1936,0.293
Morocco,MAR,1937,0.293
Morocco,MAR,1938,0.293
Morocco,MAR,1939,0.293
Morocco,MAR,1940,0.293
Morocco,MAR,1941,0.293
Morocco,MAR,1942,0.293
Morocco,MAR,1943,0.293
Morocco,MAR,1944,0.293
Morocco,MAR,1945,0.293
Morocco,MAR,1946,0.293
Morocco,MAR,1947,0.293
Morocco,MAR,1948,0.293
Morocco,MAR,1949,0.293
Morocco,MAR,1950,0.293
Morocco,MAR,1951,0.293
Morocco,MAR,1952,0.293
Morocco,MAR,1953,0.293
Morocco,MAR,1954,0.293
Morocco,MAR,1955,0.293
Morocco,MAR,1956,0.277
Morocco,MAR,1957,0.253
Morocco,MAR,1958,0.253
Morocco,MAR,1959,0.253
Morocco,MAR,1960,0.253
Morocco,MAR,1961,0.238
Morocco,MAR,1962,0.238
Morocco,MAR,1963,0.238
Morocco,MAR,1964,0.232
Morocco,MAR,1965,0.232
Morocco,MAR,1966,0.238
Morocco,MAR,1967,0.238
Morocco,MAR,1968,0.238
Morocco,MAR,1969,0.226
Morocco,MAR,1970,0.226
Morocco,MAR,1971,0.209
Morocco,MAR,1972,0.209
Morocco,MAR,1973,0.209
Morocco,MAR,1974,0.226
Morocco,MAR,1975,0.226
Morocco,MAR,1976,0.226
Morocco,MAR,1977,0.226
Morocco,MAR,1978,0.21
Morocco,MAR,1979,0.21
Morocco,MAR,1980,0.21
Morocco,MAR,1981,0.21
Morocco,MAR,1982,0.21
Morocco,MAR,1983,0.21
Morocco,MAR,1984,0.21
Morocco,MAR,1985,0.21
Morocco,MAR,1986,0.21
Morocco,MAR,1987,0.21
Morocco,MAR,1988,0.21
Morocco,MAR,1989,0.21
Morocco,MAR,1990,0.21
Morocco,MAR,1991,0.21
Morocco,MAR,1992,0.21
Morocco,MAR,1993,0.21
Morocco,MAR,1994,0.21
Morocco,MAR,1995,0.21
Morocco,MAR,1996,0.21
Morocco,MAR,1997,0.214
Morocco,MAR,1998,0.232
Morocco,MAR,1999,0.232
Morocco,MAR,2000,0.25
Morocco,MAR,2001,0.25
Morocco,MAR,2002,0.271
Morocco,MAR,2003,0.271
Morocco,MAR,2004,0.271
Morocco,MAR,2005,0.293
Morocco,MAR,2006,0.293
Morocco,MAR,2007,0.293
Morocco,MAR,2008,0.293
Morocco,MAR,2009,0.293
Morocco,MAR,2010,0.293
Morocco,MAR,2011,0.308
Morocco,MAR,2012,0.306
Morocco,MAR,2013,0.306
Morocco,MAR,2014,0.301
Morocco,MAR,2015,0.293
Morocco,MAR,2016,0.301
Morocco,MAR,2017,0.334
Morocco,MAR,2018,0.334
Morocco,MAR,2019,0.334
Morocco,MAR,2020,0.334
Morocco,MAR,2021,0.331
Morocco,MAR,2022,0.331
Morocco,MAR,2023,0.331
Morocco,MAR,2024,0.336
Morocco,MAR,2025,0.329
Mozambique,MOZ,1900,0.659
Mozambique,MOZ,1901,0.659
Mozambique,MOZ,1902,0.659
Mozambique,MOZ,1903,0.659
Mozambique,MOZ,1904,0.659
Mozambique,MOZ,1905,0.659
Mozambique,MOZ,1906,0.659
Mozambique,MOZ,1907,0.659
Mozambique,MOZ,1908,0.659
Mozambique,MOZ,1909,0.659
Mozambique,MOZ,1910,0.659
Mozambique,MOZ,1911,0.659
Mozambique,MOZ,1912,0.659
Mozambique,MOZ,1913,0.659
Mozambique,MOZ,1914,0.659
Mozambique,MOZ,1915,0.659
Mozambique,MOZ,1916,0.659
Mozambique,MOZ,1917,0.659
Mozambique,MOZ,1918,0.659
Mozambique,MOZ,1919,0.659
Mozambique,MOZ,1920,0.659
Mozambique,MOZ,1921,0.659
Mozambique,MOZ,1922,0.659
Mozambique,MOZ,1923,0.659
Mozambique,MOZ,1924,0.659
Mozambique,MOZ,1925,0.659
Mozambique,MOZ,1926,0.659
Mozambique,MOZ,1927,0.659
Mozambique,MOZ,1928,0.659
Mozambique,MOZ,1929,0.659
Mozambique,MOZ,1930,0.659
Mozambique,MOZ,1931,0.659
Mozambique,MOZ,1932,0.659
Mozambique,MOZ,1933,0.659
Mozambique,MOZ,1934,0.659
Mozambique,MOZ,1935,0.659
Mozambique,MOZ,1936,0.659
Mozambique,MOZ,1937,0.659
Mozambique,MOZ,1938,0.659
Mozambique,MOZ,1939,0.659
Mozambique,MOZ,1940,0.659
Mozambique,MOZ,1941,0.659
Mozambique,MOZ,1942,0.659
Mozambique,MOZ,1943,0.659
Mozambique,MOZ,1944,0.659
Mozambique,MOZ,1945,0.659
Mozambique,MOZ,1946,0.659
Mozambique,MOZ,1947,0.659
Mozambique,MOZ,1948,0.659
Mozambique,MOZ,1949,0.659
Mozambique,MOZ,1950,0.659
Mozambique,MOZ,1951,0.659
Mozambique,MOZ,1952,0.659
Mozambique,MOZ,1953,0.659
Mozambique,MOZ,1954,0.659
Mozambique,MOZ,1955,0.659
Mozambique,MOZ,1956,0.659
Mozambique,MOZ,1957,0.659
Mozambique,MOZ,1958,0.659
Mozambique,MOZ,1959,0.659
Mozambique,MOZ,1960,0.659
Mozambique,MOZ,1961,0.659
Mozambique,MOZ,1962,0.659
Mozambique,MOZ,1963,0.659
Mozambique,MOZ,1964,0.659
Mozambique,MOZ,1965,0.659
Mozambique,MOZ,1966,0.659
Mozambique,MOZ,1967,0.659
Mozambique,MOZ,1968,0.659
Mozambique,MOZ,1969,0.659
Mozambique,MOZ,1970,0.659
Mozambique,MOZ,1971,0.659
Mozambique,MOZ,1972,0.659
Mozambique,MOZ,1973,0.659
Mozambique,MOZ,1974,0.676
Mozambique,MOZ,1975,0.808
Mozambique,MOZ,1976,0.814
Mozambique,MOZ,1977,0.817
Mozambique,MOZ,1978,0.817
Mozambique,MOZ,1979,0.817
Mozambique,MOZ,1980,0.817
Mozambique,MOZ,1981,0.817
Mozambique,MOZ,1982,0.817
Mozambique,MOZ,1983,0.817
Mozambique,MOZ,1984,0.817
Mozambique,MOZ,1985,0.817
Mozambique,MOZ,1986,0.817
Mozambique,MOZ,1987,0.78
Mozambique,MOZ,1988,0.78
Mozambique,MOZ,1989,0.78
Mozambique,MOZ,1990,0.607
Mozambique,MOZ,1991,0.599
Mozambique,MOZ,1992,0.599
Mozambique,MOZ,1993,0.599
Mozambique,MOZ,1994,0.56
Mozambique,MOZ,1995,0.494
Mozambique,MOZ,1996,0.494
Mozambique,MOZ,1997,0.494
Mozambique,MOZ,1998,0.494
Mozambique,MOZ,1999,0.494
Mozambique,MOZ,2000,0.481
Mozambique,MOZ,2001,0.481
Mozambique,MOZ,2002,0.481
Mozambique,MOZ,2003,0.481
Mozambique,MOZ,2004,0.481
Mozambique,MOZ,2005,0.481
Mozambique,MOZ,2006,0.481
Mozambique,MOZ,2007,0.481
Mozambique,MOZ,2008,0.481
Mozambique,MOZ,2009,0.481
Mozambique,MOZ,2010,0.481
Mozambique,MOZ,2011,0.481
Mozambique,MOZ,2012,0.481
Mozambique,MOZ,2013,0.496
Mozambique,MOZ,2014,0.496
Mozambique,MOZ,2015,0.501
Mozambique,MOZ,2016,0.504
Mozambique,MOZ,2017,0.48
Mozambique,MOZ,2018,0.465
Mozambique,MOZ,2019,0.458
Mozambique,MOZ,2020,0.461
Mozambique,MOZ,2021,0.43
Mozambique,MOZ,2022,0.398
Mozambique,MOZ,2023,0.363
Mozambique,MOZ,2024,0.302
Mozambique,MOZ,2025,0.305
Myanmar,MMR,1900,0.652
Myanmar,MMR,1901,0.652
Myanmar,MMR,1902,0.652
Myanmar,MMR,1903,0.652
Myanmar,MMR,1904,0.652
Myanmar,MMR,1905,0.652
Myanmar,MMR,1906,0.652
Myanmar,MMR,1907,0.652
Myanmar,MMR,1908,0.652
Myanmar,MMR,1909,0.652
Myanmar,MMR,1910,0.652
Myanmar,MMR,1911,0.652
Myanmar,MMR,1912,0.652
Myanmar,MMR,1913,0.652
Myanmar,MMR,1914,0.652
Myanmar,MMR,1915,0.652
Myanmar,MMR,1916,0.652
Myanmar,MMR,1917,0.652
Myanmar,MMR,1918,0.652
Myanmar,MMR,1919,0.652
Myanmar,MMR,1920,0.652
Myanmar,MMR,1921,0.652
Myanmar,MMR,1922,0.652
Myanmar,MMR,1923,0.677
Myanmar,MMR,1924,0.677
Myanmar,MMR,1925,0.677
Myanmar,MMR,1926,0.677
Myanmar,MMR,1927,0.677
Myanmar,MMR,1928,0.677
Myanmar,MMR,1929,0.677
Myanmar,MMR,1930,0.677
Myanmar,MMR,1931,0.677
Myanmar,MMR,1932,0.677
Myanmar,MMR,1933,0.677
Myanmar,MMR,1934,0.677
Myanmar,MMR,1935,0.661
Myanmar,MMR,1936,0.661
Myanmar,MMR,1937,0.661
Myanmar,MMR,1938,0.661
Myanmar,MMR,1939,0.661
Myanmar,MMR,1940,0.661
Myanmar,MMR,1941,0.661
Myanmar,MMR,1942,0.641
Myanmar,MMR,1943,0.641
Myanmar,MMR,1944,0.641
Myanmar,MMR,1945,0.65
Myanmar,MMR,1946,0.65
Myanmar,MMR,1947,0.657
Myanmar,MMR,1948,0.59
Myanmar,MMR,1949,0.59
Myanmar,MMR,1950,0.59
Myanmar,MMR,1951,0.59
Myanmar,MMR,1952,0.59
Myanmar,MMR,1953,0.585
Myanmar,MMR,1954,0.585
Myanmar,MMR,1955,0.585
Myanmar,MMR,1956,0.585
Myanmar,MMR,1957,0.585
Myanmar,MMR,1958,0.573
Myanmar,MMR,1959,0.573
Myanmar,MMR,1960,0.573
Myanmar,MMR,1961,0.573
Myanmar,MMR,1962,0.365
Myanmar,MMR,1963,0.193
Myanmar,MMR,1964,0.193
Myanmar,MMR,1965,0.193
Myanmar,MMR,1966,0.193
Myanmar,MMR,1967,0.193
Myanmar,MMR,1968,0.193
Myanmar,MMR,1969,0.193
Myanmar,MMR,1970,0.193
Myanmar,MMR,1971,0.193
Myanmar,MMR,1972,0.193
Myanmar,MMR,1973,0.193
Myanmar,MMR,1974,0.193
Myanmar,MMR,1975,0.175
Myanmar,MMR,1976,0.175
Myanmar,MMR,1977,0.175
Myanmar,MMR,1978,0.175
Myanmar,MMR,1979,0.175
Myanmar,MMR,1980,0.175
Myanmar,MMR,1981,0.175
Myanmar,MMR,1982,0.175
Myanmar,MMR,1983,0.175
Myanmar,MMR,1984,0.175
Myanmar,MMR,1985,0.175
Myanmar,MMR,1986,0.175
Myanmar,MMR,1987,0.175
Myanmar,MMR,1988,0.126
Myanmar,MMR,1989,0.122
Myanmar,MMR,1990,0.122
Myanmar,MMR,1991,0.122
Myanmar,MMR,1992,0.122
Myanmar,MMR,1993,0.122
Myanmar,MMR,1994,0.122
Myanmar,MMR,1995,0.122
Myanmar,MMR,1996,0.122
Myanmar,MMR,1997,0.122
Myanmar,MMR,1998,0.122
Myanmar,MMR,1999,0.122
Myanmar,MMR,2000,0.122
Myanmar,MMR,2001,0.122
Myanmar,MMR,2002,0.122
Myanmar,MMR,2003,0.122
Myanmar,MMR,2004,0.122
Myanmar,MMR,2005,0.122
Myanmar,MMR,2006,0.122
Myanmar,MMR,2007,0.122
Myanmar,MMR,2008,0.122
Myanmar,MMR,2009,0.122
Myanmar,MMR,2010,0.153
Myanmar,MMR,2011,0.261
Myanmar,MMR,2012,0.258
Myanmar,MMR,2013,0.34
Myanmar,MMR,2014,0.34
Myanmar,MMR,2015,0.468
Myanmar,MMR,2016,0.591
Myanmar,MMR,2017,0.608
Myanmar,MMR,2018,0.688
Myanmar,MMR,2019,0.667
Myanmar,MMR,2020,0.67
Myanmar,MMR,2021,0.338
Myanmar,MMR,2022,0.187
Myanmar,MMR,2023,0.158
Myanmar,MMR,2024,0.141
Myanmar,MMR,2025,0.141
Namibia,NAM,1900,0.538
Namibia,NAM,1901,0.538
Namibia,NAM,1902,0.538
Namibia,NAM,1903,0.538
Namibia,NAM,1904,0.538
Namibia,NAM,1905,0.538
Namibia,NAM,1906,0.538
Namibia,NAM,1907,0.538
Namibia,NAM,1908,0.538
Namibia,NAM,1909,0.538
Namibia,NAM,1910,0.538
Namibia,NAM,1911,0.538
Namibia,NAM,1912,0.538
Namibia,NAM,1913,0.538
Namibia,NAM,1914,0.538
Namibia,NAM,1915,0.538
Namibia,NAM,1916,0.538
Namibia,NAM,1917,0.538
Namibia,NAM,1918,0.538
Namibia,NAM,1919,0.538
Namibia,NAM,1920,0.538
Namibia,NAM,1921,0.538
Namibia,NAM,1922,0.538
Namibia,NAM,1923,0.538
Namibia,NAM,1924,0.538
Namibia,NAM,1925,0.538
Namibia,NAM,1926,0.538
Namibia,NAM,1927,0.642
Namibia,NAM,1928,0.642
Namibia,NAM,1929,0.642
Namibia,NAM,1930,0.642
Namibia,NAM,1931,0.642
Namibia,NAM,1932,0.642
Namibia,NAM,1933,0.642
Namibia,NAM,1934,0.642
Namibia,NAM,1935,0.642
Namibia,NAM,1936,0.642
Namibia,NAM,1937,0.642
Namibia,NAM,1938,0.642
Namibia,NAM,1939,0.642
Namibia,NAM,1940,0.642
Namibia,NAM,1941,0.642
Namibia,NAM,1942,0.642
Namibia,NAM,1943,0.642
Namibia,NAM,1944,0.642
Namibia,NAM,1945,0.642
Namibia,NAM,1946,0.642
Namibia,NAM,1947,0.642
Namibia,NAM,1948,0.642
Namibia,NAM,1949,0.642
Namibia,NAM,1950,0.642
Namibia,NAM,1951,0.642
Namibia,NAM,1952,0.642
Namibia,NAM,1953,0.642
Namibia,NAM,1954,0.642
Namibia,NAM,1955,0.642
Namibia,NAM,1956,0.642
Namibia,NAM,1957,0.642
Namibia,NAM,1958,0.642
Namibia,NAM,1959,0.642
Namibia,NAM,1960,0.642
Namibia,NAM,1961,0.642
Namibia,NAM,1962,0.642
Namibia,NAM,1963,0.642
Namibia,NAM,1964,0.642
Namibia,NAM,1965,0.642
Namibia,NAM,1966,0.642
Namibia,NAM,1967,0.642
Namibia,NAM,1968,0.642
Namibia,NAM,1969,0.642
Namibia,NAM,1970,0.642
Namibia,NAM,1971,0.642
Namibia,NAM,1972,0.642
Namibia,NAM,1973,0.642
Namibia,NAM,1974,0.642
Namibia,NAM,1975,0.642
Namibia,NAM,1976,0.642
Namibia,NAM,1977,0.642
Namibia,NAM,1978,0.642
Namibia,NAM,1979,0.538
Namibia,NAM,1980,0.616
Namibia,NAM,1981,0.616
Namibia,NAM,1982,0.616
Namibia,NAM,1983,0.511
Namibia,NAM,1984,0.511
Namibia,NAM,1985,0.511
Namibia,NAM,1986,0.623
Namibia,NAM,1987,0.623
Namibia,NAM,1988,0.629
Namibia,NAM,1989,0.64
Namibia,NAM,1990,0.81
Namibia,NAM,1991,0.81
Namibia,NAM,1992,0.81
Namibia,NAM,1993,0.81
Namibia,NAM,1994,0.81
Namibia,NAM,1995,0.81
Namibia,NAM,1996,0.81
Namibia,NAM,1997,0.81
Namibia,NAM,1998,0.81
Namibia,NAM,1999,0.81
Namibia,NAM,2000,0.81
Namibia,NAM,2001,0.81
Namibia,NAM,2002,0.81
Namibia,NAM,2003,0.81
Namibia,NAM,2004,0.81
Namibia,NAM,2005,0.81
Namibia,NAM,2006,0.81
Namibia,NAM,2007,0.81
Namibia,NAM,2008,0.81
Namibia,NAM,2009,0.81
Namibia,NAM,2010,0.81
Namibia,NAM,2011,0.81
Namibia,NAM,2012,0.81
Namibia,NAM,2013,0.81
Namibia,NAM,2014,0.81
Namibia,NAM,2015,0.812
Namibia,NAM,2016,0.812
Namibia,NAM,2017,0.808
Namibia,NAM,2018,0.81
Namibia,NAM,2019,0.738
Namibia,NAM,2020,0.715
Namibia,NAM,2021,0.706
Namibia,NAM,2022,0.669
Namibia,NAM,2023,0.662
Namibia,NAM,2024,0.717
Namibia,NAM,2025,0.726
Nepal,NPL,1900,0.183
Nepal,NPL,1901,0.183
Nepal,NPL,1902,0.183
Nepal,NPL,1903,0.183
Nepal,NPL,1904,0.183
Nepal,NPL,1905,0.183
Nepal,NPL,1906,0.183
Nepal,NPL,1907,0.183
Nepal,NPL,1908,0.183
Nepal,NPL,1909,0.183
Nepal,NPL,1910,0.183
Nepal,NPL,1911,0.183
Nepal,NPL,1912,0.183
Nepal,NPL,1913,0.183
Nepal,NPL,1914,0.183
Nepal,NPL,1915,0.183
Nepal,NPL,1916,0.183
Nepal,NPL,1917,0.183
Nepal,NPL,1918,0.183
Nepal,NPL,1919,0.183
Nepal,NPL,1920,0.183
Nepal,NPL,1921,0.183
Nepal,NPL,1922,0.183
Nepal,NPL,1923,0.183
Nepal,NPL,1924,0.183
Nepal,NPL,1925,0.183
Nepal,NPL,1926,0.183
Nepal,NPL,1927,0.183
Nepal,NPL,1928,0.183
Nepal,NPL,1929,0.183
Nepal,NPL,1930,0.183
Nepal,NPL,1931,0.183
Nepal,NPL,1932,0.183
Nepal,NPL,1933,0.183
Nepal,NPL,1934,0.183
Nepal,NPL,1935,0.183
Nepal,NPL,1936,0.183
Nepal,NPL,1937,0.183
Nepal,NPL,1938,0.183
Nepal,NPL,1939,0.183
Nepal,NPL,1940,0.183
Nepal,NPL,1941,0.183
Nepal,NPL,1942,0.183
Nepal,NPL,1943,0.183
Nepal,NPL,1944,0.183
Nepal,NPL,1945,0.183
Nepal,NPL,1946,0.183
Nepal,NPL,1947,0.183
Nepal,NPL,1948,0.183
Nepal,NPL,1949,0.183
Nepal,NPL,1950,0.217
Nepal,NPL,1951,0.245
Nepal,NPL,1952,0.245
Nepal,NPL,1953,0.245
Nepal,NPL,1954,0.245
Nepal,NPL,1955,0.245
Nepal,NPL,1956,0.245
Nepal,NPL,1957,0.245
Nepal,NPL,1958,0.245
Nepal,NPL,1959,0.245
Nepal,NPL,1960,0.198
Nepal,NPL,1961,0.194
Nepal,NPL,1962,0.197
Nepal,NPL,1963,0.16
Nepal,NPL,1964,0.16
Nepal,NPL,1965,0.16
Nepal,NPL,1966,0.16
Nepal,NPL,1967,0.16
Nepal,NPL,1968,0.16
Nepal,NPL,1969,0.16
Nepal,NPL,1970,0.151
Nepal,NPL,1971,0.151
Nepal,NPL,1972,0.151
Nepal,NPL,1973,0.151
Nepal,NPL,1974,0.151
Nepal,NPL,1975,0.151
Nepal,NPL,1976,0.151
Nepal,NPL,1977,0.151
Nepal,NPL,1978,0.151
Nepal,NPL,1979,0.151
Nepal,NPL,1980,0.151
Nepal,NPL,1981,0.158
Nepal,NPL,1982,0.158
Nepal,NPL,1983,0.158
Nepal,NPL,1984,0.158
Nepal,NPL,1985,0.158
Nepal,NPL,1986,0.158
Nepal,NPL,1987,0.158
Nepal,NPL,1988,0.158
Nepal,NPL,1989,0.158
Nepal,NPL,1990,0.161
Nepal,NPL,1991,0.174
Nepal,NPL,1992,0.174
Nepal,NPL,1993,0.174
Nepal,NPL,1994,0.174
Nepal,NPL,1995,0.174
Nepal,NPL,1996,0.174
Nepal,NPL,1997,0.174
Nepal,NPL,1998,0.174
Nepal,NPL,1999,0.192
Nepal,NPL,2000,0.174
Nepal,NPL,2001,0.183
Nepal,NPL,2002,0.183
Nepal,NPL,2003,0.226
Nepal,NPL,2004,0.226
Nepal,NPL,2005,0.226
Nepal,NPL,2006,0.242
Nepal,NPL,2007,0.245
Nepal,NPL,2008,0.273
Nepal,NPL,2009,0.277
Nepal,NPL,2010,0.277
Nepal,NPL,2011,0.284
Nepal,NPL,2012,0.275
Nepal,NPL,2013,0.28
Nepal,NPL,2014,0.281
Nepal,NPL,2015,0.353
Nepal,NPL,2016,0.341
Nepal,NPL,2017,0.347
Nepal,NPL,2018,0.373
Nepal,NPL,2019,0.34
Nepal,NPL,2020,0.328
Nepal,NPL,2021,0.35
Nepal,NPL,2022,0.387
Nepal,NPL,2023,0.407
Nepal,NPL,2024,0.378
Nepal,NPL,2025,0.439
Netherlands,NLD,1900,0.973
Netherlands,NLD,1901,0.973
Netherlands,NLD,1902,0.973
Netherlands,NLD,1903,0.973
Netherlands,NLD,1904,0.973
Netherlands,NLD,1905,0.973
Netherlands,NLD,1906,0.973
Netherlands,NLD,1907,0.973
Netherlands,NLD,1908,0.973
Netherlands,NLD,1909,0.973
Netherlands,NLD,1910,0.973
Netherlands,NLD,1911,0.973
Netherlands,NLD,1912,0.973
Netherlands,NLD,1913,0.973
Netherlands,NLD,1914,0.973
Netherlands,NLD,1915,0.973
Netherlands,NLD,1916,0.973
Netherlands,NLD,1917,0.973
Netherlands,NLD,1918,0.973
Netherlands,NLD,1919,0.973
Netherlands,NLD,1920,0.973
Netherlands,NLD,1921,0.973
Netherlands,NLD,1922,0.973
Netherlands,NLD,1923,0.973
Netherlands,NLD,1924,0.973
Netherlands,NLD,1925,0.973
Netherlands,NLD,1926,0.973
Netherlands,NLD,1927,0.973
Netherlands,NLD,1928,0.973
Netherlands,NLD,1929,0.973
Netherlands,NLD,1930,0.973
Netherlands,NLD,1931,0.973
Netherlands,NLD,1932,0.973
Netherlands,NLD,1933,0.973
Netherlands,NLD,1934,0.973
Netherlands,NLD,1935,0.973
Netherlands,NLD,1936,0.973
Netherlands,NLD,1937,0.973
Netherlands,NLD,1938,0.973
Netherlands,NLD,1939,0.973
Netherlands,NLD,1940,0.974
Netherlands,NLD,1941,0.966
Netherlands,NLD,1942,0.966
Netherlands,NLD,1943,0.966
Netherlands,NLD,1944,0.966
Netherlands,NLD,1945,0.98
Netherlands,NLD,1946,0.984
Netherlands,NLD,1947,0.984
Netherlands,NLD,1948,0.984
Netherlands,NLD,1949,0.984
Netherlands,NLD,1950,0.984
Netherlands,NLD,1951,0.984
Netherlands,NLD,1952,0.984
Netherlands,NLD,1953,0.984
Netherlands,NLD,1954,0.984
Netherlands,NLD,1955,0.984
Netherlands,NLD,1956,0.984
Netherlands,NLD,1957,0.984
Netherlands,NLD,1958,0.984
Netherlands,NLD,1959,0.98
Netherlands,NLD,1960,0.984
Netherlands,NLD,1961,0.984
Netherlands,NLD,1962,0.984
Netherlands,NLD,1963,0.984
Netherlands,NLD,1964,0.984
Netherlands,NLD,1965,0.984
Netherlands,NLD,1966,0.984
Netherlands,NLD,1967,0.984
Netherlands,NLD,1968,0.984
Netherlands,NLD,1969,0.984
Netherlands,NLD,1970,0.984
Netherlands,NLD,1971,0.984
Netherlands,NLD,1972,0.984
Netherlands,NLD,1973,0.98
Netherlands,NLD,1974,0.984
Netherlands,NLD,1975,0.984
Netherlands,NLD,1976,0.984
Netherlands,NLD,1977,0.984
Netherlands,NLD,1978,0.984
Netherlands,NLD,1979,0.984
Netherlands,NLD,1980,0.982
Netherlands,NLD,1981,0.982
Netherlands,NLD,1982,0.982
Netherlands,NLD,1983,0.982
Netherlands,NLD,1984,0.982
Netherlands,NLD,1985,0.982
Netherlands,NLD,1986,0.982
Netherlands,NLD,1987,0.982
Netherlands,NLD,1988,0.982
Netherlands,NLD,1989,0.982
Netherlands,NLD,1990,0.982
Netherlands,NLD,1991,0.982
Netherlands,NLD,1992,0.982
Netherlands,NLD,1993,0.982
Netherlands,NLD,1994,0.982
Netherlands,NLD,1995,0.982
Netherlands,NLD,1996,0.982
Netherlands,NLD,1997,0.982
Netherlands,NLD,1998,0.982
Netherlands,NLD,1999,0.982
Netherlands,NLD,2000,0.982
Netherlands,NLD,2001,0.982
Netherlands,NLD,2002,0.978
Netherlands,NLD,2003,0.984
Netherlands,NLD,2004,0.984
Netherlands,NLD,2005,0.984
Netherlands,NLD,2006,0.984
Netherlands,NLD,2007,0.984
Netherlands,NLD,2008,0.984
Netherlands,NLD,2009,0.984
Netherlands,NLD,2010,0.984
Netherlands,NLD,2011,0.984
Netherlands,NLD,2012,0.984
Netherlands,NLD,2013,0.977
Netherlands,NLD,2014,0.977
Netherlands,NLD,2015,0.981
Netherlands,NLD,2016,0.981
Netherlands,NLD,2017,0.981
Netherlands,NLD,2018,0.983
Netherlands,NLD,2019,0.983
Netherlands,NLD,2020,0.981
Netherlands,NLD,2021,0.981
Netherlands,NLD,2022,0.981
Netherlands,NLD,2023,0.981
Netherlands,NLD,2024,0.982
Netherlands,NLD,2025,0.973
New Zealand,NZL,1900,0.968
New Zealand,NZL,1901,0.968
New Zealand,NZL,1902,0.968
New Zealand,NZL,1903,0.968
New Zealand,NZL,1904,0.968
New Zealand,NZL,1905,0.968
New Zealand,NZL,1906,0.968
New Zealand,NZL,1907,0.968
New Zealand,NZL,1908,0.968
New Zealand,NZL,1909,0.968
New Zealand,NZL,1910,0.968
New Zealand,NZL,1911,0.968
New Zealand,NZL,1912,0.981
New Zealand,NZL,1913,0.988
New Zealand,NZL,1914,0.988
New Zealand,NZL,1915,0.988
New Zealand,NZL,1916,0.988
New Zealand,NZL,1917,0.988
New Zealand,NZL,1918,0.988
New Zealand,NZL,1919,0.988
New Zealand,NZL,1920,0.988
New Zealand,NZL,1921,0.988
New Zealand,NZL,1922,0.988
New Zealand,NZL,1923,0.988
New Zealand,NZL,1924,0.988
New Zealand,NZL,1925,0.988
New Zealand,NZL,1926,0.988
New Zealand,NZL,1927,0.988
New Zealand,NZL,1928,0.988
New Zealand,NZL,1929,0.988
New Zealand,NZL,1930,0.988
New Zealand,NZL,1931,0.988
New Zealand,NZL,1932,0.988
New Zealand,NZL,1933,0.988
New Zealand,NZL,1934,0.988
New Zealand,NZL,1935,0.988
New Zealand,NZL,1936,0.988
New Zealand,NZL,1937,0.988
New Zealand,NZL,1938,0.988
New Zealand,NZL,1939,0.988
New Zealand,NZL,1940,0.988
New Zealand,NZL,1941,0.988
New Zealand,NZL,1942,0.988
New Zealand,NZL,1943,0.988
New Zealand,NZL,1944,0.988
New Zealand,NZL,1945,0.988
New Zealand,NZL,1946,0.988
New Zealand,NZL,1947,0.988
New Zealand,NZL,1948,0.988
New Zealand,NZL,1949,0.988
New Zealand,NZL,1950,0.988
New Zealand,NZL,1951,0.988
New Zealand,NZL,1952,0.988
New Zealand,NZL,1953,0.988
New Zealand,NZL,1954,0.988
New Zealand,NZL,1955,0.988
New Zealand,NZL,1956,0.988
New Zealand,NZL,1957,0.988
New Zealand,NZL,1958,0.988
New Zealand,NZL,1959,0.988
New Zealand,NZL,1960,0.991
New Zealand,NZL,1961,0.991
New Zealand,NZL,1962,0.991
New Zealand,NZL,1963,0.991
New Zealand,NZL,1964,0.991
New Zealand,NZL,1965,0.991
New Zealand,NZL,1966,0.991
New Zealand,NZL,1967,0.991
New Zealand,NZL,1968,0.991
New Zealand,NZL,1969,0.991
New Zealand,NZL,1970,0.991
New Zealand,NZL,1971,0.991
New Zealand,NZL,1972,0.991
New Zealand,NZL,1973,0.991
New Zealand,NZL,1974,0.991
New Zealand,NZL,1975,0.991
New Zealand,NZL,1976,0.991
New Zealand,NZL,1977,0.991
New Zealand,NZL,1978,0.991
New Zealand,NZL,1979,0.991
New Zealand,NZL,1980,0.991
New Zealand,NZL,1981,0.991
New Zealand,NZL,1982,0.991
New Zealand,NZL,1983,0.991
New Zealand,NZL,1984,0.991
New Zealand,NZL,1985,0.991
New Zealand,NZL,1986,0.991
New Zealand,NZL,1987,0.991
New Zealand,NZL,1988,0.991
New Zealand,NZL,1989,0.991
New Zealand,NZL,1990,0.991
New Zealand,NZL,1991,0.991
New Zealand,NZL,1992,0.991
New Zealand,NZL,1993,0.991
New Zealand,NZL,1994,0.991
New Zealand,NZL,1995,0.991
New Zealand,NZL,1996,0.991
New Zealand,NZL,1997,0.991
New Zealand,NZL,1998,0.991
New Zealand,NZL,1999,0.991
New Zealand,NZL,2000,0.991
New Zealand,NZL,2001,0.991
New Zealand,NZL,2002,0.991
New Zealand,NZL,2003,0.991
New Zealand,NZL,2004,0.991
New Zealand,NZL,2005,0.991
New Zealand,NZL,2006,0.991
New Zealand,NZL,2007,0.991
New Zealand,NZL,2008,0.991
New Zealand,NZL,2009,0.991
New Zealand,NZL,2010,0.991
New Zealand,NZL,2011,0.991
New Zealand,NZL,2012,0.991
New Zealand,NZL,2013,0.991
New Zealand,NZL,2014,0.991
New Zealand,NZL,2015,0.991
New Zealand,NZL,2016,0.991
New Zealand,NZL,2017,0.991
New Zealand,NZL,2018,0.991
New Zealand,NZL,2019,0.991
New Zealand,NZL,2020,0.991
New Zealand,NZL,2021,0.992
New Zealand,NZL,2022,0.992
New Zealand,NZL,2023,0.992
New Zealand,NZL,2024,0.989
New Zealand,NZL,2025,0.986
Nicaragua,NIC,1900,0.117
Nicaragua,NIC,1901,0.117
Nicaragua,NIC,1902,0.117
Nicaragua,NIC,1903,0.117
Nicaragua,NIC,1904,0.117
Nicaragua,NIC,1905,0.117
Nicaragua,NIC,1906,0.117
Nicaragua,NIC,1907,0.117
Nicaragua,NIC,1908,0.117
Nicaragua,NIC,1909,0.117
Nicaragua,NIC,1910,0.117
Nicaragua,NIC,1911,0.111
Nicaragua,NIC,1912,0.114
Nicaragua,NIC,1913,0.114
Nicaragua,NIC,1914,0.117
Nicaragua,NIC,1915,0.117
Nicaragua,NIC,1916,0.117
Nicaragua,NIC,1917,0.117
Nicaragua,NIC,1918,0.117
Nicaragua,NIC,1919,0.117
Nicaragua,NIC,1920,0.117
Nicaragua,NIC,1921,0.117
Nicaragua,NIC,1922,0.117
Nicaragua,NIC,1923,0.117
Nicaragua,NIC,1924,0.117
Nicaragua,NIC,1925,0.117
Nicaragua,NIC,1926,0.117
Nicaragua,NIC,1927,0.117
Nicaragua,NIC,1928,0.14
Nicaragua,NIC,1929,0.14
Nicaragua,NIC,1930,0.14
Nicaragua,NIC,1931,0.14
Nicaragua,NIC,1932,0.14
Nicaragua,NIC,1933,0.121
Nicaragua,NIC,1934,0.118
Nicaragua,NIC,1935,0.118
Nicaragua,NIC,1936,0.066
Nicaragua,NIC,1937,0.062
Nicaragua,NIC,1938,0.062
Nicaragua,NIC,1939,0.062
Nicaragua,NIC,1940,0.062
Nicaragua,NIC,1941,0.062
Nicaragua,NIC,1942,0.062
Nicaragua,NIC,1943,0.062
Nicaragua,NIC,1944,0.062
Nicaragua,NIC,1945,0.062
Nicaragua,NIC,1946,0.062
Nicaragua,NIC,1947,0.062
Nicaragua,NIC,1948,0.059
Nicaragua,NIC,1949,0.059
Nicaragua,NIC,1950,0.058
Nicaragua,NIC,1951,0.058
Nicaragua,NIC,1952,0.058
Nicaragua,NIC,1953,0.058
Nicaragua,NIC,1954,0.058
Nicaragua,NIC,1955,0.058
Nicaragua,NIC,1956,0.058
Nicaragua,NIC,1957,0.058
Nicaragua,NIC,1958,0.058
Nicaragua,NIC,1959,0.058
Nicaragua,NIC,1960,0.058
Nicaragua,NIC,1961,0.058
Nicaragua,NIC,1962,0.058
Nicaragua,NIC,1963,0.058
Nicaragua,NIC,1964,0.058
Nicaragua,NIC,1965,0.058
Nicaragua,NIC,1966,0.058
Nicaragua,NIC,1967,0.058
Nicaragua,NIC,1968,0.058
Nicaragua,NIC,1969,0.058
Nicaragua,NIC,1970,0.058
Nicaragua,NIC,1971,0.058
Nicaragua,NIC,1972,0.058
Nicaragua,NIC,1973,0.058
Nicaragua,NIC,1974,0.058
Nicaragua,NIC,1975,0.058
Nicaragua,NIC,1976,0.058
Nicaragua,NIC,1977,0.058
Nicaragua,NIC,1978,0.058
Nicaragua,NIC,1979,0.154
Nicaragua,NIC,1980,0.452
Nicaragua,NIC,1981,0.452
Nicaragua,NIC,1982,0.452
Nicaragua,NIC,1983,0.452
Nicaragua,NIC,1984,0.438
Nicaragua,NIC,1985,0.427
Nicaragua,NIC,1986,0.375
Nicaragua,NIC,1987,0.332
Nicaragua,NIC,1988,0.31
Nicaragua,NIC,1989,0.31
Nicaragua,NIC,1990,0.43
Nicaragua,NIC,1991,0.434
Nicaragua,NIC,1992,0.443
Nicaragua,NIC,1993,0.443
Nicaragua,NIC,1994,0.443
Nicaragua,NIC,1995,0.463
Nicaragua,NIC,1996,0.342
Nicaragua,NIC,1997,0.195
Nicaragua,NIC,1998,0.195
Nicaragua,NIC,1999,0.195
Nicaragua,NIC,2000,0.195
Nicaragua,NIC,2001,0.267
Nicaragua,NIC,2002,0.267
Nicaragua,NIC,2003,0.267
Nicaragua,NIC,2004,0.247
Nicaragua,NIC,2005,0.247
Nicaragua,NIC,2006,0.242
Nicaragua,NIC,2007,0.151
Nicaragua,NIC,2008,0.155
Nicaragua,NIC,2009,0.155
Nicaragua,NIC,2010,0.161
Nicaragua,NIC,2011,0.161
Nicaragua,NIC,2012,0.161
Nicaragua,NIC,2013,0.138
Nicaragua,NIC,2014,0.135
Nicaragua,NIC,2015,0.127
Nicaragua,NIC,2016,0.127
Nicaragua,NIC,2017,0.122
Nicaragua,NIC,2018,0.104
Nicaragua,NIC,2019,0.099
Nicaragua,NIC,2020,0.062
Nicaragua,NIC,2021,0.068
Nicaragua,NIC,2022,0.063
Nicaragua,NIC,2023,0.092
Nicaragua,NIC,2024,0.058
Nicaragua,NIC,2025,0.058
Niger,NER,1922,0.248
Niger,NER,1923,0.248
Niger,NER,1924,0.248
Niger,NER,1925,0.248
Niger,NER,1926,0.248
Niger,NER,1927,0.248
Niger,NER,1928,0.248
Niger,NER,1929,0.248
Niger,NER,1930,0.248
Niger,NER,1931,0.248
Niger,NER,1932,0.248
Niger,NER,1933,0.248
Niger,NER,1934,0.248
Niger,NER,1935,0.248
Niger,NER,1936,0.248
Niger,NER,1937,0.248
Niger,NER,1938,0.248
Niger,NER,1939,0.248
Niger,NER,1940,0.248
Niger,NER,1941,0.248
Niger,NER,1942,0.248
Niger,NER,1943,0.248
Niger,NER,1944,0.248
Niger,NER,1945,0.248
Niger,NER,1946,0.248
Niger,NER,1947,0.248
Niger,NER,1948,0.248
Niger,NER,1949,0.248
Niger,NER,1950,0.248
Niger,NER,1951,0.248
Niger,NER,1952,0.248
Niger,NER,1953,0.248
Niger,NER,1954,0.248
Niger,NER,1955,0.248
Niger,NER,1956,0.249
Niger,NER,1957,0.382
Niger,NER,1958,0.382
Niger,NER,1959,0.382
Niger,NER,1960,0.313
Niger,NER,1961,0.313
Niger,NER,1962,0.313
Niger,NER,1963,0.313
Niger,NER,1964,0.313
Niger,NER,1965,0.313
Niger,NER,1966,0.313
Niger,NER,1967,0.313
Niger,NER,1968,0.313
Niger,NER,1969,0.313
Niger,NER,1970,0.313
Niger,NER,1971,0.313
Niger,NER,1972,0.313
Niger,NER,1973,0.313
Niger,NER,1974,0.756
Niger,NER,1975,0.773
Niger,NER,1976,0.773
Niger,NER,1977,0.773
Niger,NER,1978,0.773
Niger,NER,1979,0.773
Niger,NER,1980,0.697
Niger,NER,1981,0.697
Niger,NER,1982,0.697
Niger,NER,1983,0.697
Niger,NER,1984,0.697
Niger,NER,1985,0.697
Niger,NER,1986,0.697
Niger,NER,1987,0.394
Niger,NER,1988,0.308
Niger,NER,1989,0.315
Niger,NER,1990,0.483
Niger,NER,1991,0.527
Niger,NER,1992,0.504
Niger,NER,1993,0.452
Niger,NER,1994,0.452
Niger,NER,1995,0.452
Niger,NER,1996,0.378
Niger,NER,1997,0.384
Niger,NER,1998,0.384
Niger,NER,1999,0.508
Niger,NER,2000,0.414
Niger,NER,2001,0.414
Niger,NER,2002,0.414
Niger,NER,2003,0.414
Niger,NER,2004,0.414
Niger,NER,2005,0.414
Niger,NER,2006,0.414
Niger,NER,2007,0.414
Niger,NER,2008,0.414
Niger,NER,2009,0.27
Niger,NER,2010,0.389
Niger,NER,2011,0.417
Niger,NER,2012,0.46
Niger,NER,2013,0.468
Niger,NER,2014,0.468
Niger,NER,2015,0.468
Niger,NER,2016,0.468
Niger,NER,2017,0.469
Niger,NER,2018,0.469
Niger,NER,2019,0.444
Niger,NER,2020,0.432
Niger,NER,2021,0.435
Niger,NER,2022,0.425
Niger,NER,2023,0.518
Niger,NER,2024,0.43
Niger,NER,2025,0.409
Nigeria,NGA,1914,0.197
Nigeria,NGA,1915,0.197
Nigeria,NGA,1916,0.197
Nigeria,NGA,1917,0.197
Nigeria,NGA,1918,0.197
Nigeria,NGA,1919,0.197
Nigeria,NGA,1920,0.197
Nigeria,NGA,1921,0.197
Nigeria,NGA,1922,0.197
Nigeria,NGA,1923,0.291
Nigeria,NGA,1924,0.291
Nigeria,NGA,1925,0.291
Nigeria,NGA,1926,0.291
Nigeria,NGA,1927,0.291
Nigeria,NGA,1928,0.291
Nigeria,NGA,1929,0.291
Nigeria,NGA,1930,0.291
Nigeria,NGA,1931,0.291
Nigeria,NGA,1932,0.291
Nigeria,NGA,1933,0.291
Nigeria,NGA,1934,0.291
Nigeria,NGA,1935,0.291
Nigeria,NGA,1936,0.291
Nigeria,NGA,1937,0.291
Nigeria,NGA,1938,0.291
Nigeria,NGA,1939,0.291
Nigeria,NGA,1940,0.291
Nigeria,NGA,1941,0.291
Nigeria,NGA,1942,0.291
Nigeria,NGA,1943,0.291
Nigeria,NGA,1944,0.291
Nigeria,NGA,1945,0.291
Nigeria,NGA,1946,0.291
Nigeria,NGA,1947,0.291
Nigeria,NGA,1948,0.291
Nigeria,NGA,1949,0.291
Nigeria,NGA,1950,0.291
Nigeria,NGA,1951,0.291
Nigeria,NGA,1952,0.291
Nigeria,NGA,1953,0.291
Nigeria,NGA,1954,0.291
Nigeria,NGA,1955,0.291
Nigeria,NGA,1956,0.291
Nigeria,NGA,1957,0.291
Nigeria,NGA,1958,0.291
Nigeria,NGA,1959,0.192
Nigeria,NGA,1960,0.161
Nigeria,NGA,1961,0.161
Nigeria,NGA,1962,0.161
Nigeria,NGA,1963,0.161
Nigeria,NGA,1964,0.161
Nigeria,NGA,1965,0.161
Nigeria,NGA,1966,0.147
Nigeria,NGA,1967,0.188
Nigeria,NGA,1968,0.184
Nigeria,NGA,1969,0.184
Nigeria,NGA,1970,0.184
Nigeria,NGA,1971,0.184
Nigeria,NGA,1972,0.184
Nigeria,NGA,1973,0.184
Nigeria,NGA,1974,0.184
Nigeria,NGA,1975,0.186
Nigeria,NGA,1976,0.192
Nigeria,NGA,1977,0.192
Nigeria,NGA,1978,0.192
Nigeria,NGA,1979,0.105
Nigeria,NGA,1980,0.096
Nigeria,NGA,1981,0.096
Nigeria,NGA,1982,0.096
Nigeria,NGA,1983,0.081
Nigeria,NGA,1984,0.184
Nigeria,NGA,1985,0.184
Nigeria,NGA,1986,0.16
Nigeria,NGA,1987,0.16
Nigeria,NGA,1988,0.16
Nigeria,NGA,1989,0.16
Nigeria,NGA,1990,0.16
Nigeria,NGA,1991,0.16
Nigeria,NGA,1992,0.16
Nigeria,NGA,1993,0.16
Nigeria,NGA,1994,0.16
Nigeria,NGA,1995,0.16
Nigeria,NGA,1996,0.16
Nigeria,NGA,1997,0.16
Nigeria,NGA,1998,0.16
Nigeria,NGA,1999,0.075
Nigeria,NGA,2000,0.064
Nigeria,NGA,2001,0.064
Nigeria,NGA,2002,0.064
Nigeria,NGA,2003,0.064
Nigeria,NGA,2004,0.064
Nigeria,NGA,2005,0.064
Nigeria,NGA,2006,0.064
Nigeria,NGA,2007,0.064
Nigeria,NGA,2008,0.063
Nigeria,NGA,2009,0.063
Nigeria,NGA,2010,0.05
Nigeria,NGA,2011,0.046
Nigeria,NGA,2012,0.046
Nigeria,NGA,2013,0.046
Nigeria,NGA,2014,0.047
Nigeria,NGA,2015,0.067
Nigeria,NGA,2016,0.083
Nigeria,NGA,2017,0.085
Nigeria,NGA,2018,0.066
Nigeria,NGA,2019,0.063
Nigeria,NGA,2020,0.063
Nigeria,NGA,2021,0.061
Nigeria,NGA,2022,0.069
Nigeria,NGA,2023,0.078
Nigeria,NGA,2024,0.068
Nigeria,NGA,2025,0.166
North Korea,PRK,1945,0.366
North Korea,PRK,1946,0.218
North Korea,PRK,1947,0.202
North Korea,PRK,1948,0.258
North Korea,PRK,1949,0.362
North Korea,PRK,1950,0.362
North Korea,PRK,1951,0.362
North Korea,PRK,1952,0.362
North Korea,PRK,1953,0.362
North Korea,PRK,1954,0.374
North Korea,PRK,1955,0.374
North Korea,PRK,1956,0.374
North Korea,PRK,1957,0.374
North Korea,PRK,1958,0.374
North Korea,PRK,1959,0.374
North Korea,PRK,1960,0.376
North Korea,PRK,1961,0.376
North Korea,PRK,1962,0.376
North Korea,PRK,1963,0.376
North Korea,PRK,1964,0.376
North Korea,PRK,1965,0.376
North Korea,PRK,1966,0.376
North Korea,PRK,1967,0.376
North Korea,PRK,1968,0.376
North Korea,PRK,1969,0.376
North Korea,PRK,1970,0.376
North Korea,PRK,1971,0.376
North Korea,PRK,1972,0.376
North Korea,PRK,1973,0.376
North Korea,PRK,1974,0.376
North Korea,PRK,1975,0.376
North Korea,PRK,1976,0.376
North Korea,PRK,1977,0.376
North Korea,PRK,1978,0.376
North Korea,PRK,1979,0.376
North Korea,PRK,1980,0.376
North Korea,PRK,1981,0.376
North Korea,PRK,1982,0.376
North Korea,PRK,1983,0.376
North Korea,PRK,1984,0.376
North Korea,PRK,1985,0.376
North Korea,PRK,1986,0.376
North Korea,PRK,1987,0.376
North Korea,PRK,1988,0.341
North Korea,PRK,1989,0.341
North Korea,PRK,1990,0.336
North Korea,PRK,1991,0.336
North Korea,PRK,1992,0.336
North Korea,PRK,1993,0.336
North Korea,PRK,1994,0.325
North Korea,PRK,1995,0.283
North Korea,PRK,1996,0.283
North Korea,PRK,1997,0.283
North Korea,PRK,1998,0.283
North Korea,PRK,1999,0.283
North Korea,PRK,2000,0.291
North Korea,PRK,2001,0.291
North Korea,PRK,2002,0.291
North Korea,PRK,2003,0.291
North Korea,PRK,2004,0.291
North Korea,PRK,2005,0.291
North Korea,PRK,2006,0.291
North Korea,PRK,2007,0.289
North Korea,PRK,2008,0.289
North Korea,PRK,2009,0.289
North Korea,PRK,2010,0.291
North Korea,PRK,2011,0.293
North Korea,PRK,2012,0.323
North Korea,PRK,2013,0.323
North Korea,PRK,2014,0.323
North Korea,PRK,2015,0.323
North Korea,PRK,2016,0.323
North Korea,PRK,2017,0.323
North Korea,PRK,2018,0.323
North Korea,PRK,2019,0.341
North Korea,PRK,2020,0.347
North Korea,PRK,2021,0.347
North Korea,PRK,2022,0.347
North Korea,PRK,2023,0.33
North Korea,PRK,2024,0.33
North Korea,PRK,2025,0.33
North Macedonia,MKD,1991,0.54
North Macedonia,MKD,1992,0.54
North Macedonia,MKD,1993,0.483
North Macedonia,MKD,1994,0.483
North Macedonia,MKD,1995,0.483
North Macedonia,MKD,1996,0.483
North Macedonia,MKD,1997,0.449
North Macedonia,MKD,1998,0.449
North Macedonia,MKD,1999,0.449
North Macedonia,MKD,2000,0.449
North Macedonia,MKD,2001,0.449
North Macedonia,MKD,2002,0.449
North Macedonia,MKD,2003,0.46
North Macedonia,MKD,2004,0.46
North Macedonia,MKD,2005,0.46
North Macedonia,MKD,2006,0.453
North Macedonia,MKD,2007,0.415
North Macedonia,MKD,2008,0.381
North Macedonia,MKD,2009,0.384
North Macedonia,MKD,2010,0.364
North Macedonia,MKD,2011,0.342
North Macedonia,MKD,2012,0.291
North Macedonia,MKD,2013,0.281
North Macedonia,MKD,2014,0.281
North Macedonia,MKD,2015,0.281
North Macedonia,MKD,2016,0.277
North Macedonia,MKD,2017,0.461
North Macedonia,MKD,2018,0.384
North Macedonia,MKD,2019,0.358
North Macedonia,MKD,2020,0.334
North Macedonia,MKD,2021,0.274
North Macedonia,MKD,2022,0.275
North Macedonia,MKD,2023,0.247
North Macedonia,MKD,2024,0.246
North Macedonia,MKD,2025,0.247
Norway,NOR,1900,0.975
Norway,NOR,1901,0.975
Norway,NOR,1902,0.975
Norway,NOR,1903,0.975
Norway,NOR,1904,0.975
Norway,NOR,1905,0.975
Norway,NOR,1906,0.975
Norway,NOR,1907,0.975
Norway,NOR,1908,0.975
Norway,NOR,1909,0.975
Norway,NOR,1910,0.975
Norway,NOR,1911,0.975
Norway,NOR,1912,0.975
Norway,NOR,1913,0.975
Norway,NOR,1914,0.975
Norway,NOR,1915,0.975
Norway,NOR,1916,0.975
Norway,NOR,1917,0.975
Norway,NOR,1918,0.975
Norway,NOR,1919,0.975
Norway,NOR,1920,0.975
Norway,NOR,1921,0.975
Norway,NOR,1922,0.975
Norway,NOR,1923,0.975
Norway,NOR,1924,0.975
Norway,NOR,1925,0.975
Norway,NOR,1926,0.978
Norway,NOR,1927,0.978
Norway,NOR,1928,0.978
Norway,NOR,1929,0.978
Norway,NOR,1930,0.978
Norway,NOR,1931,0.978
Norway,NOR,1932,0.978
Norway,NOR,1933,0.978
Norway,NOR,1934,0.978
Norway,NOR,1935,0.978
Norway,NOR,1936,0.978
Norway,NOR,1937,0.978
Norway,NOR,1938,0.978
Norway,NOR,1939,0.978
Norway,NOR,1940,0.97
Norway,NOR,1941,0.962
Norway,NOR,1942,0.962
Norway,NOR,1943,0.962
Norway,NOR,1944,0.962
Norway,NOR,1945,0.989
Norway,NOR,1946,0.989
Norway,NOR,1947,0.989
Norway,NOR,1948,0.989
Norway,NOR,1949,0.989
Norway,NOR,1950,0.989
Norway,NOR,1951,0.989
Norway,NOR,1952,0.989
Norway,NOR,1953,0.992
Norway,NOR,1954,0.994
Norway,NOR,1955,0.994
Norway,NOR,1956,0.994
Norway,NOR,1957,0.994
Norway,NOR,1958,0.994
Norway,NOR,1959,0.994
Norway,NOR,1960,0.994
Norway,NOR,1961,0.994
Norway,NOR,1962,0.994
Norway,NOR,1963,0.994
Norway,NOR,1964,0.994
Norway,NOR,1965,0.994
Norway,NOR,1966,0.994
Norway,NOR,1967,0.994
Norway,NOR,1968,0.994
Norway,NOR,1969,0.994
Norway,NOR,1970,0.994
Norway,NOR,1971,0.994
Norway,NOR,1972,0.994
Norway,NOR,1973,0.994
Norway,NOR,1974,0.994
Norway,NOR,1975,0.994
Norway,NOR,1976,0.994
Norway,NOR,1977,0.994
Norway,NOR,1978,0.994
Norway,NOR,1979,0.994
Norway,NOR,1980,0.994
Norway,NOR,1981,0.994
Norway,NOR,1982,0.994
Norway,NOR,1983,0.994
Norway,NOR,1984,0.994
Norway,NOR,1985,0.994
Norway,NOR,1986,0.994
Norway,NOR,1987,0.994
Norway,NOR,1988,0.994
Norway,NOR,1989,0.994
Norway,NOR,1990,0.994
Norway,NOR,1991,0.994
Norway,NOR,1992,0.994
Norway,NOR,1993,0.994
Norway,NOR,1994,0.994
Norway,NOR,1995,0.994
Norway,NOR,1996,0.994
Norway,NOR,1997,0.994
Norway,NOR,1998,0.994
Norway,NOR,1999,0.994
Norway,NOR,2000,0.994
Norway,NOR,2001,0.994
Norway,NOR,2002,0.994
Norway,NOR,2003,0.994
Norway,NOR,2004,0.994
Norway,NOR,2005,0.994
Norway,NOR,2006,0.994
Norway,NOR,2007,0.994
Norway,NOR,2008,0.994
Norway,NOR,2009,0.994
Norway,NOR,2010,0.994
Norway,NOR,2011,0.994
Norway,NOR,2012,0.994
Norway,NOR,2013,0.994
Norway,NOR,2014,0.994
Norway,NOR,2015,0.994
Norway,NOR,2016,0.994
Norway,NOR,2017,0.991
Norway,NOR,2018,0.992
Norway,NOR,2019,0.992
Norway,NOR,2020,0.99
Norway,NOR,2021,0.99
Norway,NOR,2022,0.99
Norway,NOR,2023,0.99
Norway,NOR,2024,0.99
Norway,NOR,2025,0.99
Oman,OMN,1900,0.47
Oman,OMN,1901,0.47
Oman,OMN,1902,0.47
Oman,OMN,1903,0.47
Oman,OMN,1904,0.47
Oman,OMN,1905,0.47
Oman,OMN,1906,0.47
Oman,OMN,1907,0.47
Oman,OMN,1908,0.47
Oman,OMN,1909,0.47
Oman,OMN,1910,0.47
Oman,OMN,1911,0.47
Oman,OMN,1912,0.47
Oman,OMN,1913,0.47
Oman,OMN,1914,0.47
Oman,OMN,1915,0.47
Oman,OMN,1916,0.47
Oman,OMN,1917,0.47
Oman,OMN,1918,0.47
Oman,OMN,1919,0.47
Oman,OMN,1920,0.47
Oman,OMN,1921,0.482
Oman,OMN,1922,0.482
Oman,OMN,1923,0.482
Oman,OMN,1924,0.482
Oman,OMN,1925,0.482
Oman,OMN,1926,0.482
Oman,OMN,1927,0.482
Oman,OMN,1928,0.482
Oman,OMN,1929,0.488
Oman,OMN,1930,0.488
Oman,OMN,1931,0.488
Oman,OMN,1932,0.488
Oman,OMN,1933,0.488
Oman,OMN,1934,0.488
Oman,OMN,1935,0.488
Oman,OMN,1936,0.488
Oman,OMN,1937,0.488
Oman,OMN,1938,0.488
Oman,OMN,1939,0.488
Oman,OMN,1940,0.488
Oman,OMN,1941,0.488
Oman,OMN,1942,0.488
Oman,OMN,1943,0.488
Oman,OMN,1944,0.488
Oman,OMN,1945,0.488
Oman,OMN,1946,0.488
Oman,OMN,1947,0.488
Oman,OMN,1948,0.488
Oman,OMN,1949,0.493
Oman,OMN,1950,0.493
Oman,OMN,1951,0.493
Oman,OMN,1952,0.493
Oman,OMN,1953,0.493
Oman,OMN,1954,0.493
Oman,OMN,1955,0.493
Oman,OMN,1956,0.493
Oman,OMN,1957,0.493
Oman,OMN,1958,0.493
Oman,OMN,1959,0.493
Oman,OMN,1960,0.501
Oman,OMN,1961,0.501
Oman,OMN,1962,0.501
Oman,OMN,1963,0.501
Oman,OMN,1964,0.501
Oman,OMN,1965,0.501
Oman,OMN,1966,0.501
Oman,OMN,1967,0.501
Oman,OMN,1968,0.501
Oman,OMN,1969,0.501
Oman,OMN,1970,0.625
Oman,OMN,1971,0.625
Oman,OMN,1972,0.625
Oman,OMN,1973,0.625
Oman,OMN,1974,0.625
Oman,OMN,1975,0.625
Oman,OMN,1976,0.625
Oman,OMN,1977,0.625
Oman,OMN,1978,0.628
Oman,OMN,1979,0.628
Oman,OMN,1980,0.628
Oman,OMN,1981,0.628
Oman,OMN,1982,0.628
Oman,OMN,1983,0.625
Oman,OMN,1984,0.625
Oman,OMN,1985,0.625
Oman,OMN,1986,0.625
Oman,OMN,1987,0.625
Oman,OMN,1988,0.625
Oman,OMN,1989,0.625
Oman,OMN,1990,0.625
Oman,OMN,1991,0.625
Oman,OMN,1992,0.654
Oman,OMN,1993,0.654
Oman,OMN,1994,0.654
Oman,OMN,1995,0.649
Oman,OMN,1996,0.723
Oman,OMN,1997,0.723
Oman,OMN,1998,0.723
Oman,OMN,1999,0.723
Oman,OMN,2000,0.723
Oman,OMN,2001,0.741
Oman,OMN,2002,0.741
Oman,OMN,2003,0.728
Oman,OMN,2004,0.728
Oman,OMN,2005,0.728
Oman,OMN,2006,0.728
Oman,OMN,2007,0.728
Oman,OMN,2008,0.728
Oman,OMN,2009,0.728
Oman,OMN,2010,0.728
Oman,OMN,2011,0.745
Oman,OMN,2012,0.745
Oman,OMN,2013,0.745
Oman,OMN,2014,0.745
Oman,OMN,2015,0.745
Oman,OMN,2016,0.745
Oman,OMN,2017,0.745
Oman,OMN,2018,0.745
Oman,OMN,2019,0.75
Oman,OMN,2020,0.75
Oman,OMN,2021,0.75
Oman,OMN,2022,0.747
Oman,OMN,2023,0.747
Oman,OMN,2024,0.747
Oman,OMN,2025,0.747
Pakistan,PAK,1947,0.614
Pakistan,PAK,1948,0.61
Pakistan,PAK,1949,0.61
Pakistan,PAK,1950,0.6
Pakistan,PAK,1951,0.582
Pakistan,PAK,1952,0.573
Pakistan,PAK,1953,0.573
Pakistan,PAK,1954,0.553
Pakistan,PAK,1955,0.693
Pakistan,PAK,1956,0.553
Pakistan,PAK,1957,0.488
Pakistan,PAK,1958,0.438
Pakistan,PAK,1959,0.521
Pakistan,PAK,1960,0.521
Pakistan,PAK,1961,0.521
Pakistan,PAK,1962,0.517
Pakistan,PAK,1963,0.514
Pakistan,PAK,1964,0.514
Pakistan,PAK,1965,0.514
Pakistan,PAK,1966,0.514
Pakistan,PAK,1967,0.514
Pakistan,PAK,1968,0.514
Pakistan,PAK,1969,0.514
Pakistan,PAK,1970,0.376
Pakistan,PAK,1971,0.289
Pakistan,PAK,1972,0.273
Pakistan,PAK,1973,0.222
Pakistan,PAK,1974,0.222
Pakistan,PAK,1975,0.222
Pakistan,PAK,1976,0.222
Pakistan,PAK,1977,0.222
Pakistan,PAK,1978,0.396
Pakistan,PAK,1979,0.396
Pakistan,PAK,1980,0.435
Pakistan,PAK,1981,0.435
Pakistan,PAK,1982,0.435
Pakistan,PAK,1983,0.435
Pakistan,PAK,1984,0.435
Pakistan,PAK,1985,0.363
Pakistan,PAK,1986,0.344
Pakistan,PAK,1987,0.344
Pakistan,PAK,1988,0.269
Pakistan,PAK,1989,0.196
Pakistan,PAK,1990,0.169
Pakistan,PAK,1991,0.169
Pakistan,PAK,1992,0.169
Pakistan,PAK,1993,0.169
Pakistan,PAK,1994,0.169
Pakistan,PAK,1995,0.169
Pakistan,PAK,1996,0.169
Pakistan,PAK,1997,0.169
Pakistan,PAK,1998,0.169
Pakistan,PAK,1999,0.178
Pakistan,PAK,2000,0.248
Pakistan,PAK,2001,0.248
Pakistan,PAK,2002,0.172
Pakistan,PAK,2003,0.134
Pakistan,PAK,2004,0.134
Pakistan,PAK,2005,0.134
Pakistan,PAK,2006,0.134
Pakistan,PAK,2007,0.134
Pakistan,PAK,2008,0.071
Pakistan,PAK,2009,0.071
Pakistan,PAK,2010,0.075
Pakistan,PAK,2011,0.075
Pakistan,PAK,2012,0.077
Pakistan,PAK,2013,0.094
Pakistan,PAK,2014,0.109
Pakistan,PAK,2015,0.117
Pakistan,PAK,2016,0.114
Pakistan,PAK,2017,0.099
Pakistan,PAK,2018,0.098
Pakistan,PAK,2019,0.095
Pakistan,PAK,2020,0.096
Pakistan,PAK,2021,0.102
Pakistan,PAK,2022,0.102
Pakistan,PAK,2023,0.087
Pakistan,PAK,2024,0.182
Pakistan,PAK,2025,0.198
Palestine,PSE,1918,0.848
Palestine,PSE,1919,0.848
Palestine,PSE,1920,0.848
Palestine,PSE,1921,0.848
Palestine,PSE,1922,0.848
Palestine,PSE,1923,0.848
Palestine,PSE,1924,0.848
Palestine,PSE,1925,0.848
Palestine,PSE,1926,0.848
Palestine,PSE,1927,0.848
Palestine,PSE,1928,0.848
Palestine,PSE,1929,0.848
Palestine,PSE,1930,0.848
Palestine,PSE,1931,0.848
Palestine,PSE,1932,0.848
Palestine,PSE,1933,0.848
Palestine,PSE,1934,0.848
Palestine,PSE,1935,0.848
Palestine,PSE,1936,0.848
Palestine,PSE,1937,0.848
Palestine,PSE,1938,0.848
Palestine,PSE,1939,0.848
Palestine,PSE,1940,0.848
Palestine,PSE,1941,0.848
Palestine,PSE,1942,0.848
Palestine,PSE,1943,0.848
Palestine,PSE,1944,0.848
Palestine,PSE,1945,0.848
Palestine,PSE,1946,0.848
Palestine,PSE,1947,0.848
Palestine,PSE,1948,0.848
Palestine,,1948,0.804
Palestine,,1949,0.804
Palestine,,1950,0.804
Palestine,,1951,0.804
Palestine,,1952,0.804
Palestine,,1953,0.804
Palestine,,1954,0.804
Palestine,,1955,0.804
Palestine,,1956,0.804
Palestine,,1957,0.804
Palestine,,1958,0.804
Palestine,,1959,0.748
Palestine,,1960,0.748
Palestine,,1961,0.748
Palestine,,1962,0.748
Palestine,,1963,0.7
Palestine,,1964,0.7
Palestine,,1965,0.7
Palestine,,1966,0.7
Palestine,,2007,0.582
Palestine,,2008,0.514
Palestine,,2009,0.514
Palestine,,2010,0.537
Palestine,,2011,0.539
Palestine,,2012,0.538
Palestine,,2013,0.678
Palestine,,2014,0.691
Palestine,,2015,0.623
Palestine,,2016,0.623
Palestine,,2017,0.606
Palestine,,2018,0.607
Palestine,,2019,0.689
Palestine,,2020,0.668
Palestine,,2021,0.668
Palestine,,2022,0.72
Palestine,,2023,0.699
Palestine,,2024,0.658
Palestine,,2025,0.628
Palestine,,1948,0.67
Palestine,,1949,0.67
Palestine,,1967,0.666
Palestine,,1968,0.659
Palestine,,1969,0.659
Palestine,,1970,0.659
Palestine,,1971,0.659
Palestine,,1972,0.659
Palestine,,1973,0.659
Palestine,,1974,0.659
Palestine,,1975,0.659
Palestine,,1976,0.659
Palestine,,1977,0.659
Palestine,,1978,0.659
Palestine,,1979,0.659
Palestine,,1980,0.659
Palestine,,1981,0.659
Palestine,,1982,0.659
Palestine,,1983,0.659
Palestine,,1984,0.659
Palestine,,1985,0.659
Palestine,,1986,0.659
Palestine,,1987,0.659
Palestine,,1988,0.659
Palestine,,1989,0.659
Palestine,,1990,0.671
Palestine,,1991,0.671
Palestine,,1992,0.648
Palestine,,1993,0.629
Palestine,,1994,0.702
Palestine,,1995,0.7
Palestine,,1996,0.673
Palestine,,1997,0.673
Palestine,,1998,0.673
Palestine,,1999,0.673
Palestine,,2000,0.673
Palestine,,2001,0.673
Palestine,,2002,0.673
Palestine,,2003,0.673
Palestine,,2004,0.672
Palestine,,2005,0.672
Palestine,,2006,0.665
Palestine,,2007,0.665
Palestine,,2008,0.696
Palestine,,2009,0.696
Palestine,,2010,0.706
Palestine,,2011,0.706
Palestine,,2012,0.706
Palestine,,2013,0.709
Palestine,,2014,0.714
Palestine,,2015,0.667
Palestine,,2016,0.669
Palestine,,2017,0.616
Palestine,,2018,0.59
Palestine,,2019,0.563
Palestine,,2020,0.582
Palestine,,2021,0.452
Palestine,,2022,0.455
Palestine,,2023,0.453
Palestine,,2024,0.556
Palestine,,2025,0.536
Panama,PAN,1903,0.462
Panama,PAN,1904,0.461
Panama,PAN,1905,0.379
Panama,PAN,1906,0.379
Panama,PAN,1907,0.379
Panama,PAN,1908,0.379
Panama,PAN,1909,0.379
Panama,PAN,1910,0.379
Panama,PAN,1911,0.379
Panama,PAN,1912,0.379
Panama,PAN,1913,0.379
Panama,PAN,1914,0.379
Panama,PAN,1915,0.379
Panama,PAN,1916,0.379
Panama,PAN,1917,0.379
Panama,PAN,1918,0.379
Panama,PAN,1919,0.379
Panama,PAN,1920,0.379
Panama,PAN,1921,0.379
Panama,PAN,1922,0.379
Panama,PAN,1923,0.379
Panama,PAN,1924,0.379
Panama,PAN,1925,0.379
Panama,PAN,1926,0.379
Panama,PAN,1927,0.379
Panama,PAN,1928,0.379
Panama,PAN,1929,0.379
Panama,PAN,1930,0.379
Panama,PAN,1931,0.379
Panama,PAN,1932,0.379
Panama,PAN,1933,0.379
Panama,PAN,1934,0.379
Panama,PAN,1935,0.379
Panama,PAN,1936,0.379
Panama,PAN,1937,0.379
Panama,PAN,1938,0.379
Panama,PAN,1939,0.379
Panama,PAN,1940,0.379
Panama,PAN,1941,0.379
Panama,PAN,1942,0.379
Panama,PAN,1943,0.379
Panama,PAN,1944,0.379
Panama,PAN,1945,0.355
Panama,PAN,1946,0.355
Panama,PAN,1947,0.38
Panama,PAN,1948,0.38
Panama,PAN,1949,0.38
Panama,PAN,1950,0.38
Panama,PAN,1951,0.38
Panama,PAN,1952,0.38
Panama,PAN,1953,0.38
Panama,PAN,1954,0.38
Panama,PAN,1955,0.38
Panama,PAN,1956,0.38
Panama,PAN,1957,0.38
Panama,PAN,1958,0.38
Panama,PAN,1959,0.38
Panama,PAN,1960,0.38
Panama,PAN,1961,0.38
Panama,PAN,1962,0.38
Panama,PAN,1963,0.38
Panama,PAN,1964,0.38
Panama,PAN,1965,0.38
Panama,PAN,1966,0.38
Panama,PAN,1967,0.38
Panama,PAN,1968,0.317
Panama,PAN,1969,0.376
Panama,PAN,1970,0.376
Panama,PAN,1971,0.376
Panama,PAN,1972,0.376
Panama,PAN,1973,0.328
Panama,PAN,1974,0.328
Panama,PAN,1975,0.328
Panama,PAN,1976,0.328
Panama,PAN,1977,0.328
Panama,PAN,1978,0.328
Panama,PAN,1979,0.328
Panama,PAN,1980,0.295
Panama,PAN,1981,0.255
Panama,PAN,1982,0.191
Panama,PAN,1983,0.237
Panama,PAN,1984,0.237
Panama,PAN,1985,0.237
Panama,PAN,1986,0.237
Panama,PAN,1987,0.237
Panama,PAN,1988,0.237
Panama,PAN,1989,0.237
Panama,PAN,1990,0.297
Panama,PAN,1991,0.424
Panama,PAN,1992,0.424
Panama,PAN,1993,0.424
Panama,PAN,1994,0.424
Panama,PAN,1995,0.424
Panama,PAN,1996,0.424
Panama,PAN,1997,0.424
Panama,PAN,1998,0.424
Panama,PAN,1999,0.424
Panama,PAN,2000,0.424
Panama,PAN,2001,0.424
Panama,PAN,2002,0.424
Panama,PAN,2003,0.424
Panama,PAN,2004,0.424
Panama,PAN,2005,0.424
Panama,PAN,2006,0.424
Panama,PAN,2007,0.424
Panama,PAN,2008,0.424
Panama,PAN,2009,0.424
Panama,PAN,2010,0.424
Panama,PAN,2011,0.424
Panama,PAN,2012,0.424
Panama,PAN,2013,0.427
Panama,PAN,2014,0.427
Panama,PAN,2015,0.427
Panama,PAN,2016,0.427
Panama,PAN,2017,0.454
Panama,PAN,2018,0.491
Panama,PAN,2019,0.493
Panama,PAN,2020,0.485
Panama,PAN,2021,0.512
Panama,PAN,2022,0.512
Panama,PAN,2023,0.494
Panama,PAN,2024,0.516
Panama,PAN,2025,0.515
Papua New Guinea,PNG,1900,0.447
Papua New Guinea,PNG,1901,0.447
Papua New Guinea,PNG,1902,0.447
Papua New Guinea,PNG,1903,0.447
Papua New Guinea,PNG,1904,0.447
Papua New Guinea,PNG,1905,0.447
Papua New Guinea,PNG,1906,0.447
Papua New Guinea,PNG,1907,0.447
Papua New Guinea,PNG,1908,0.447
Papua New Guinea,PNG,1909,0.447
Papua New Guinea,PNG,1910,0.447
Papua New Guinea,PNG,1911,0.447
Papua New Guinea,PNG,1912,0.447
Papua New Guinea,PNG,1913,0.447
Papua New Guinea,PNG,1914,0.447
Papua New Guinea,PNG,1915,0.447
Papua New Guinea,PNG,1916,0.447
Papua New Guinea,PNG,1917,0.447
Papua New Guinea,PNG,1918,0.447
Papua New Guinea,PNG,1919,0.447
Papua New Guinea,PNG,1920,0.447
Papua New Guinea,PNG,1921,0.447
Papua New Guinea,PNG,1922,0.447
Papua New Guinea,PNG,1923,0.447
Papua New Guinea,PNG,1924,0.447
Papua New Guinea,PNG,1925,0.447
Papua New Guinea,PNG,1926,0.447
Papua New Guinea,PNG,1927,0.447
Papua New Guinea,PNG,1928,0.447
Papua New Guinea,PNG,1929,0.447
Papua New Guinea,PNG,1930,0.447
Papua New Guinea,PNG,1931,0.447
Papua New Guinea,PNG,1932,0.447
Papua New Guinea,PNG,1933,0.447
Papua New Guinea,PNG,1934,0.447
Papua New Guinea,PNG,1935,0.447
Papua New Guinea,PNG,1936,0.447
Papua New Guinea,PNG,1937,0.447
Papua New Guinea,PNG,1938,0.447
Papua New Guinea,PNG,1939,0.447
Papua New Guinea,PNG,1940,0.447
Papua New Guinea,PNG,1941,0.447
Papua New Guinea,PNG,1942,0.447
Papua New Guinea,PNG,1943,0.447
Papua New Guinea,PNG,1944,0.447
Papua New Guinea,PNG,1945,0.447
Papua New Guinea,PNG,1946,0.447
Papua New Guinea,PNG,1947,0.447
Papua New Guinea,PNG,1948,0.447
Papua New Guinea,PNG,1949,0.447
Papua New Guinea,PNG,1950,0.447
Papua New Guinea,PNG,1951,0.339
Papua New Guinea,PNG,1952,0.339
Papua New Guinea,PNG,1953,0.339
Papua New Guinea,PNG,1954,0.339
Papua New Guinea,PNG,1955,0.339
Papua New Guinea,PNG,1956,0.339
Papua New Guinea,PNG,1957,0.339
Papua New Guinea,PNG,1958,0.339
Papua New Guinea,PNG,1959,0.339
Papua New Guinea,PNG,1960,0.339
Papua New Guinea,PNG,1961,0.339
Papua New Guinea,PNG,1962,0.339
Papua New Guinea,PNG,1963,0.339
Papua New Guinea,PNG,1964,0.339
Papua New Guinea,PNG,1965,0.339
Papua New Guinea,PNG,1966,0.339
Papua New Guinea,PNG,1967,0.339
Papua New Guinea,PNG,1968,0.339
Papua New Guinea,PNG,1969,0.339
Papua New Guinea,PNG,1970,0.349
Papua New Guinea,PNG,1971,0.349
Papua New Guinea,PNG,1972,0.349
Papua New Guinea,PNG,1973,0.349
Papua New Guinea,PNG,1974,0.349
Papua New Guinea,PNG,1975,0.388
Papua New Guinea,PNG,1976,0.388
Papua New Guinea,PNG,1977,0.388
Papua New Guinea,PNG,1978,0.388
Papua New Guinea,PNG,1979,0.388
Papua New Guinea,PNG,1980,0.388
Papua New Guinea,PNG,1981,0.388
Papua New Guinea,PNG,1982,0.388
Papua New Guinea,PNG,1983,0.388
Papua New Guinea,PNG,1984,0.388
Papua New Guinea,PNG,1985,0.388
Papua New Guinea,PNG,1986,0.388
Papua New Guinea,PNG,1987,0.388
Papua New Guinea,PNG,1988,0.388
Papua New Guinea,PNG,1989,0.388
Papua New Guinea,PNG,1990,0.388
Papua New Guinea,PNG,1991,0.388
Papua New Guinea,PNG,1992,0.388
Papua New Guinea,PNG,1993,0.388
Papua New Guinea,PNG,1994,0.388
Papua New Guinea,PNG,1995,0.388
Papua New Guinea,PNG,1996,0.388
Papua New Guinea,PNG,1997,0.388
Papua New Guinea,PNG,1998,0.388
Papua New Guinea,PNG,1999,0.388
Papua New Guinea,PNG,2000,0.388
Papua New Guinea,PNG,2001,0.388
Papua New Guinea,PNG,2002,0.388
Papua New Guinea,PNG,2003,0.388
Papua New Guinea,PNG,2004,0.388
Papua New Guinea,PNG,2005,0.388
Papua New Guinea,PNG,2006,0.388
Papua New Guinea,PNG,2007,0.388
Papua New Guinea,PNG,2008,0.388
Papua New Guinea,PNG,2009,0.388
Papua New Guinea,PNG,2010,0.369
Papua New Guinea,PNG,2011,0.342
Papua New Guinea,PNG,2012,0.333
Papua New Guinea,PNG,2013,0.333
Papua New Guinea,PNG,2014,0.333
Papua New Guinea,PNG,2015,0.333
Papua New Guinea,PNG,2016,0.333
Papua New Guinea,PNG,2017,0.298
Papua New Guinea,PNG,2018,0.296
Papua New Guinea,PNG,2019,0.307
Papua New Guinea,PNG,2020,0.327
Papua New Guinea,PNG,2021,0.282
Papua New Guinea,PNG,2022,0.282
Papua New Guinea,PNG,2023,0.262
Papua New Guinea,PNG,2024,0.302
Papua New Guinea,PNG,2025,0.316
Paraguay,PRY,1900,0.087
Paraguay,PRY,1901,0.087
Paraguay,PRY,1902,0.087
Paraguay,PRY,1903,0.087
Paraguay,PRY,1904,0.088
Paraguay,PRY,1905,0.088
Paraguay,PRY,1906,0.088
Paraguay,PRY,1907,0.088
Paraguay,PRY,1908,0.088
Paraguay,PRY,1909,0.088
Paraguay,PRY,1910,0.088
Paraguay,PRY,1911,0.088
Paraguay,PRY,1912,0.088
Paraguay,PRY,1913,0.088
Paraguay,PRY,1914,0.088
Paraguay,PRY,1915,0.088
Paraguay,PRY,1916,0.088
Paraguay,PRY,1917,0.088
Paraguay,PRY,1918,0.088
Paraguay,PRY,1919,0.088
Paraguay,PRY,1920,0.088
Paraguay,PRY,1921,0.088
Paraguay,PRY,1922,0.088
Paraguay,PRY,1923,0.176
Paraguay,PRY,1924,0.176
Paraguay,PRY,1925,0.176
Paraguay,PRY,1926,0.176
Paraguay,PRY,1927,0.176
Paraguay,PRY,1928,0.176
Paraguay,PRY,1929,0.176
Paraguay,PRY,1930,0.176
Paraguay,PRY,1931,0.176
Paraguay,PRY,1932,0.176
Paraguay,PRY,1933,0.176
Paraguay,PRY,1934,0.176
Paraguay,PRY,1935,0.176
Paraguay,PRY,1936,0.156
Paraguay,PRY,1937,0.156
Paraguay,PRY,1938,0.151
Paraguay,PRY,1939,0.122
Paraguay,PRY,1940,0.082
Paraguay,PRY,1941,0.094
Paraguay,PRY,1942,0.094
Paraguay,PRY,1943,0.094
Paraguay,PRY,1944,0.094
Paraguay,PRY,1945,0.094
Paraguay,PRY,1946,0.094
Paraguay,PRY,1947,0.094
Paraguay,PRY,1948,0.084
Paraguay,PRY,1949,0.08
Paraguay,PRY,1950,0.08
Paraguay,PRY,1951,0.08
Paraguay,PRY,1952,0.08
Paraguay,PRY,1953,0.08
Paraguay,PRY,1954,0.08
Paraguay,PRY,1955,0.08
Paraguay,PRY,1956,0.08
Paraguay,PRY,1957,0.08
Paraguay,PRY,1958,0.08
Paraguay,PRY,1959,0.08
Paraguay,PRY,1960,0.094
Paraguay,PRY,1961,0.08
Paraguay,PRY,1962,0.08
Paraguay,PRY,1963,0.073
Paraguay,PRY,1964,0.073
Paraguay,PRY,1965,0.073
Paraguay,PRY,1966,0.04
Paraguay,PRY,1967,0.04
Paraguay,PRY,1968,0.04
Paraguay,PRY,1969,0.04
Paraguay,PRY,1970,0.04
Paraguay,PRY,1971,0.04
Paraguay,PRY,1972,0.04
Paraguay,PRY,1973,0.04
Paraguay,PRY,1974,0.04
Paraguay,PRY,1975,0.04
Paraguay,PRY,1976,0.04
Paraguay,PRY,1977,0.04
Paraguay,PRY,1978,0.04
Paraguay,PRY,1979,0.04
Paraguay,PRY,1980,0.04
Paraguay,PRY,1981,0.04
Paraguay,PRY,1982,0.04
Paraguay,PRY,1983,0.04
Paraguay,PRY,1984,0.04
Paraguay,PRY,1985,0.04
Paraguay,PRY,1986,0.04
Paraguay,PRY,1987,0.04
Paraguay,PRY,1988,0.04
Paraguay,PRY,1989,0.057
Paraguay,PRY,1990,0.069
Paraguay,PRY,1991,0.069
Paraguay,PRY,1992,0.084
Paraguay,PRY,1993,0.107
Paraguay,PRY,1994,0.107
Paraguay,PRY,1995,0.107
Paraguay,PRY,1996,0.107
Paraguay,PRY,1997,0.107
Paraguay,PRY,1998,0.107
Paraguay,PRY,1999,0.104
Paraguay,PRY,2000,0.129
Paraguay,PRY,2001,0.129
Paraguay,PRY,2002,0.129
Paraguay,PRY,2003,0.175
Paraguay,PRY,2004,0.19
Paraguay,PRY,2005,0.19
Paraguay,PRY,2006,0.19
Paraguay,PRY,2007,0.191
Paraguay,PRY,2008,0.243
Paraguay,PRY,2009,0.243
Paraguay,PRY,2010,0.243
Paraguay,PRY,2011,0.243
Paraguay,PRY,2012,0.196
Paraguay,PRY,2013,0.172
Paraguay,PRY,2014,0.175
Paraguay,PRY,2015,0.163
Paraguay,PRY,2016,0.163
Paraguay,PRY,2017,0.168
Paraguay,PRY,2018,0.214
Paraguay,PRY,2019,0.209
Paraguay,PRY,2020,0.235
Paraguay,PRY,2021,0.234
Paraguay,PRY,2022,0.225
Paraguay,PRY,2023,0.225
Paraguay,PRY,2024,0.199
Paraguay,PRY,2025,0.199
Peru,PER,1900,0.508
Peru,PER,1901,0.508
Peru,PER,1902,0.508
Peru,PER,1903,0.508
Peru,PER,1904,0.508
Peru,PER,1905,0.482
Peru,PER,1906,0.482
Peru,PER,1907,0.482
Peru,PER,1908,0.446
Peru,PER,1909,0.446
Peru,PER,1910,0.468
Peru,PER,1911,0.468
Peru,PER,1912,0.543
Peru,PER,1913,0.543
Peru,PER,1914,0.471
Peru,PER,1915,0.471
Peru,PER,1916,0.506
Peru,PER,1917,0.506
Peru,PER,1918,0.506
Peru,PER,1919,0.506
Peru,PER,1920,0.383
Peru,PER,1921,0.383
Peru,PER,1922,0.383
Peru,PER,1923,0.383
Peru,PER,1924,0.383
Peru,PER,1925,0.383
Peru,PER,1926,0.383
Peru,PER,1927,0.383
Peru,PER,1928,0.383
Peru,PER,1929,0.383
Peru,PER,1930,0.383
Peru,PER,1931,0.465
Peru,PER,1932,0.465
Peru,PER,1933,0.465
Peru,PER,1934,0.465
Peru,PER,1935,0.465
Peru,PER,1936,0.465
Peru,PER,1937,0.465
Peru,PER,1938,0.465
Peru,PER,1939,0.465
Peru,PER,1940,0.4
Peru,PER,1941,0.4
Peru,PER,1942,0.4
Peru,PER,1943,0.4
Peru,PER,1944,0.4
Peru,PER,1945,0.4
Peru,PER,1946,0.4
Peru,PER,1947,0.4
Peru,PER,1948,0.408
Peru,PER,1949,0.464
Peru,PER,1950,0.464
Peru,PER,1951,0.38
Peru,PER,1952,0.38
Peru,PER,1953,0.38
Peru,PER,1954,0.38
Peru,PER,1955,0.38
Peru,PER,1956,0.447
Peru,PER,1957,0.577
Peru,PER,1958,0.577
Peru,PER,1959,0.577
Peru,PER,1960,0.577
Peru,PER,1961,0.577
Peru,PER,1962,0.639
Peru,PER,1963,0.639
Peru,PER,1964,0.589
Peru,PER,1965,0.589
Peru,PER,1966,0.589
Peru,PER,1967,0.589
Peru,PER,1968,0.639
Peru,PER,1969,0.61
Peru,PER,1970,0.61
Peru,PER,1971,0.61
Peru,PER,1972,0.61
Peru,PER,1973,0.61
Peru,PER,1974,0.61
Peru,PER,1975,0.61
Peru,PER,1976,0.61
Peru,PER,1977,0.61
Peru,PER,1978,0.61
Peru,PER,1979,0.61
Peru,PER,1980,0.647
Peru,PER,1981,0.621
Peru,PER,1982,0.621
Peru,PER,1983,0.621
Peru,PER,1984,0.621
Peru,PER,1985,0.585
Peru,PER,1986,0.542
Peru,PER,1987,0.542
Peru,PER,1988,0.542
Peru,PER,1989,0.542
Peru,PER,1990,0.462
Peru,PER,1991,0.462
Peru,PER,1992,0.44
Peru,PER,1993,0.309
Peru,PER,1994,0.309
Peru,PER,1995,0.309
Peru,PER,1996,0.309
Peru,PER,1997,0.309
Peru,PER,1998,0.32
Peru,PER,1999,0.32
Peru,PER,2000,0.346
Peru,PER,2001,0.528
Peru,PER,2002,0.481
Peru,PER,2003,0.481
Peru,PER,2004,0.481
Peru,PER,2005,0.481
Peru,PER,2006,0.469
Peru,PER,2007,0.467
Peru,PER,2008,0.467
Peru,PER,2009,0.467
Peru,PER,2010,0.456
Peru,PER,2011,0.494
Peru,PER,2012,0.482
Peru,PER,2013,0.46
Peru,PER,2014,0.46
Peru,PER,2015,0.476
Peru,PER,2016,0.473
Peru,PER,2017,0.478
Peru,PER,2018,0.49
Peru,PER,2019,0.474
Peru,PER,2020,0.466
Peru,PER,2021,0.475
Peru,PER,2022,0.378
Peru,PER,2023,0.424
Peru,PER,2024,0.381
Peru,PER,2025,0.37
Philippines,PHL,1900,0.324
Philippines,PHL,1901,0.366
Philippines,PHL,1902,0.366
Philippines,PHL,1903,0.366
Philippines,PHL,1904,0.366
Philippines,PHL,1905,0.366
Philippines,PHL,1906,0.366
Philippines,PHL,1907,0.366
Philippines,PHL,1908,0.349
Philippines,PHL,1909,0.349
Philippines,PHL,1910,0.349
Philippines,PHL,1911,0.349
Philippines,PHL,1912,0.349
Philippines,PHL,1913,0.349
Philippines,PHL,1914,0.349
Philippines,PHL,1915,0.349
Philippines,PHL,1916,0.349
Philippines,PHL,1917,0.349
Philippines,PHL,1918,0.349
Philippines,PHL,1919,0.349
Philippines,PHL,1920,0.349
Philippines,PHL,1921,0.349
Philippines,PHL,1922,0.349
Philippines,PHL,1923,0.349
Philippines,PHL,1924,0.349
Philippines,PHL,1925,0.349
Philippines,PHL,1926,0.349
Philippines,PHL,1927,0.349
Philippines,PHL,1928,0.349
Philippines,PHL,1929,0.349
Philippines,PHL,1930,0.349
Philippines,PHL,1931,0.349
Philippines,PHL,1932,0.349
Philippines,PHL,1933,0.349
Philippines,PHL,1934,0.349
Philippines,PHL,1935,0.353
Philippines,PHL,1936,0.328
Philippines,PHL,1937,0.328
Philippines,PHL,1938,0.328
Philippines,PHL,1939,0.328
Philippines,PHL,1940,0.328
Philippines,PHL,1941,0.323
Philippines,PHL,1942,0.261
Philippines,PHL,1943,0.261
Philippines,PHL,1944,0.223
Philippines,PHL,1945,0.227
Philippines,PHL,1946,0.305
Philippines,PHL,1947,0.305
Philippines,PHL,1948,0.305
Philippines,PHL,1949,0.305
Philippines,PHL,1950,0.305
Philippines,PHL,1951,0.305
Philippines,PHL,1952,0.305
Philippines,PHL,1953,0.305
Philippines,PHL,1954,0.305
Philippines,PHL,1955,0.305
Philippines,PHL,1956,0.305
Philippines,PHL,1957,0.305
Philippines,PHL,1958,0.296
Philippines,PHL,1959,0.296
Philippines,PHL,1960,0.296
Philippines,PHL,1961,0.296
Philippines,PHL,1962,0.296
Philippines,PHL,1963,0.296
Philippines,PHL,1964,0.296
Philippines,PHL,1965,0.279
Philippines,PHL,1966,0.264
Philippines,PHL,1967,0.264
Philippines,PHL,1968,0.264
Philippines,PHL,1969,0.237
Philippines,PHL,1970,0.237
Philippines,PHL,1971,0.202
Philippines,PHL,1972,0.131
Philippines,PHL,1973,0.138
Philippines,PHL,1974,0.138
Philippines,PHL,1975,0.138
Philippines,PHL,1976,0.138
Philippines,PHL,1977,0.138
Philippines,PHL,1978,0.121
Philippines,PHL,1979,0.115
Philippines,PHL,1980,0.115
Philippines,PHL,1981,0.115
Philippines,PHL,1982,0.115
Philippines,PHL,1983,0.115
Philippines,PHL,1984,0.115
Philippines,PHL,1985,0.117
Philippines,PHL,1986,0.223
Philippines,PHL,1987,0.243
Philippines,PHL,1988,0.253
Philippines,PHL,1989,0.253
Philippines,PHL,1990,0.253
Philippines,PHL,1991,0.284
Philippines,PHL,1992,0.298
Philippines,PHL,1993,0.298
Philippines,PHL,1994,0.293
Philippines,PHL,1995,0.293
Philippines,PHL,1996,0.293
Philippines,PHL,1997,0.293
Philippines,PHL,1998,0.248
Philippines,PHL,1999,0.237
Philippines,PHL,2000,0.237
Philippines,PHL,2001,0.241
Philippines,PHL,2002,0.256
Philippines,PHL,2003,0.256
Philippines,PHL,2004,0.196
Philippines,PHL,2005,0.196
Philippines,PHL,2006,0.196
Philippines,PHL,2007,0.196
Philippines,PHL,2008,0.196
Philippines,PHL,2009,0.196
Philippines,PHL,2010,0.277
Philippines,PHL,2011,0.284
Philippines,PHL,2012,0.284
Philippines,PHL,2013,0.287
Philippines,PHL,2014,0.287
Philippines,PHL,2015,0.287
Philippines,PHL,2016,0.256
Philippines,PHL,2017,0.249
Philippines,PHL,2018,0.249
Philippines,PHL,2019,0.237
Philippines,PHL,2020,0.212
Philippines,PHL,2021,0.212
Philippines,PHL,2022,0.181
Philippines,PHL,2023,0.181
Philippines,PHL,2024,0.163
Philippines,PHL,2025,0.159
Poland,POL,1918,0.901
Poland,POL,1919,0.901
Poland,POL,1920,0.85
Poland,POL,1921,0.824
Poland,POL,1922,0.823
Poland,POL,1923,0.823
Poland,POL,1924,0.823
Poland,POL,1925,0.823
Poland,POL,1926,0.848
Poland,POL,1927,0.844
Poland,POL,1928,0.849
Poland,POL,1929,0.846
Poland,POL,1930,0.836
Poland,POL,1931,0.836
Poland,POL,1932,0.836
Poland,POL,1933,0.836
Poland,POL,1934,0.836
Poland,POL,1935,0.836
Poland,POL,1936,0.834
Poland,POL,1937,0.834
Poland,POL,1938,0.834
Poland,POL,1944,0.842
Poland,POL,1945,0.842
Poland,POL,1946,0.842
Poland,POL,1947,0.842
Poland,POL,1948,0.842
Poland,POL,1949,0.842
Poland,POL,1950,0.842
Poland,POL,1951,0.842
Poland,POL,1952,0.842
Poland,POL,1953,0.842
Poland,POL,1954,0.842
Poland,POL,1955,0.842
Poland,POL,1956,0.842
Poland,POL,1957,0.842
Poland,POL,1958,0.842
Poland,POL,1959,0.842
Poland,POL,1960,0.842
Poland,POL,1961,0.842
Poland,POL,1962,0.842
Poland,POL,1963,0.842
Poland,POL,1964,0.842
Poland,POL,1965,0.842
Poland,POL,1966,0.842
Poland,POL,1967,0.842
Poland,POL,1968,0.842
Poland,POL,1969,0.842
Poland,POL,1970,0.829
Poland,POL,1971,0.822
Poland,POL,1972,0.822
Poland,POL,1973,0.822
Poland,POL,1974,0.822
Poland,POL,1975,0.822
Poland,POL,1976,0.818
Poland,POL,1977,0.818
Poland,POL,1978,0.818
Poland,POL,1979,0.818
Poland,POL,1980,0.814
Poland,POL,1981,0.822
Poland,POL,1982,0.842
Poland,POL,1983,0.826
Poland,POL,1984,0.826
Poland,POL,1985,0.821
Poland,POL,1986,0.821
Poland,POL,1987,0.821
Poland,POL,1988,0.821
Poland,POL,1989,0.796
Poland,POL,1990,0.916
Poland,POL,1991,0.916
Poland,POL,1992,0.916
Poland,POL,1993,0.916
Poland,POL,1994,0.916
Poland,POL,1995,0.916
Poland,POL,1996,0.916
Poland,POL,1997,0.916
Poland,POL,1998,0.916
Poland,POL,1999,0.916
Poland,POL,2000,0.916
Poland,POL,2001,0.916
Poland,POL,2002,0.916
Poland,POL,2003,0.916
Poland,POL,2004,0.916
Poland,POL,2005,0.916
Poland,POL,2006,0.917
Poland,POL,2007,0.917
Poland,POL,2008,0.915
Poland,POL,2009,0.915
Poland,POL,2010,0.914
Poland,POL,2011,0.915
Poland,POL,2012,0.913
Poland,POL,2013,0.913
Poland,POL,2014,0.906
Poland,POL,2015,0.926
Poland,POL,2016,0.907
Poland,POL,2017,0.904
Poland,POL,2018,0.893
Poland,POL,2019,0.893
Poland,POL,2020,0.875
Poland,POL,2021,0.861
Poland,POL,2022,0.861
Poland,POL,2023,0.87
Poland,POL,2024,0.894
Poland,POL,2025,0.919
Portugal,PRT,1900,0.668
Portugal,PRT,1901,0.668
Portugal,PRT,1902,0.668
Portugal,PRT,1903,0.668
Portugal,PRT,1904,0.668
Portugal,PRT,1905,0.668
Portugal,PRT,1906,0.668
Portugal,PRT,1907,0.668
Portugal,PRT,1908,0.668
Portugal,PRT,1909,0.668
Portugal,PRT,1910,0.757
Portugal,PRT,1911,0.757
Portugal,PRT,1912,0.683
Portugal,PRT,1913,0.683
Portugal,PRT,1914,0.683
Portugal,PRT,1915,0.683
Portugal,PRT,1916,0.683
Portugal,PRT,1917,0.683
Portugal,PRT,1918,0.683
Portugal,PRT,1919,0.683
Portugal,PRT,1920,0.683
Portugal,PRT,1921,0.683
Portugal,PRT,1922,0.683
Portugal,PRT,1923,0.683
Portugal,PRT,1924,0.683
Portugal,PRT,1925,0.683
Portugal,PRT,1926,0.788
Portugal,PRT,1927,0.788
Portugal,PRT,1928,0.788
Portugal,PRT,1929,0.788
Portugal,PRT,1930,0.788
Portugal,PRT,1931,0.788
Portugal,PRT,1932,0.728
Portugal,PRT,1933,0.736
Portugal,PRT,1934,0.737
Portugal,PRT,1935,0.737
Portugal,PRT,1936,0.737
Portugal,PRT,1937,0.737
Portugal,PRT,1938,0.737
Portugal,PRT,1939,0.737
Portugal,PRT,1940,0.737
Portugal,PRT,1941,0.737
Portugal,PRT,1942,0.737
Portugal,PRT,1943,0.737
Portugal,PRT,1944,0.737
Portugal,PRT,1945,0.737
Portugal,PRT,1946,0.737
Portugal,PRT,1947,0.737
Portugal,PRT,1948,0.737
Portugal,PRT,1949,0.737
Portugal,PRT,1950,0.737
Portugal,PRT,1951,0.737
Portugal,PRT,1952,0.737
Portugal,PRT,1953,0.737
Portugal,PRT,1954,0.737
Portugal,PRT,1955,0.737
Portugal,PRT,1956,0.737
Portugal,PRT,1957,0.737
Portugal,PRT,1958,0.737
Portugal,PRT,1959,0.737
Portugal,PRT,1960,0.748
Portugal,PRT,1961,0.748
Portugal,PRT,1962,0.748
Portugal,PRT,1963,0.748
Portugal,PRT,1964,0.748
Portugal,PRT,1965,0.757
Portugal,PRT,1966,0.757
Portugal,PRT,1967,0.757
Portugal,PRT,1968,0.757
Portugal,PRT,1969,0.757
Portugal,PRT,1970,0.757
Portugal,PRT,1971,0.757
Portugal,PRT,1972,0.757
Portugal,PRT,1973,0.757
Portugal,PRT,1974,0.866
Portugal,PRT,1975,0.916
Portugal,PRT,1976,0.916
Portugal,PRT,1977,0.914
Portugal,PRT,1978,0.914
Portugal,PRT,1979,0.914
Portugal,PRT,1980,0.893
Portugal,PRT,1981,0.893
Portugal,PRT,1982,0.893
Portugal,PRT,1983,0.893
Portugal,PRT,1984,0.893
Portugal,PRT,1985,0.893
Portugal,PRT,1986,0.895
Portugal,PRT,1987,0.895
Portugal,PRT,1988,0.895
Portugal,PRT,1989,0.895
Portugal,PRT,1990,0.895
Portugal,PRT,1991,0.895
Portugal,PRT,1992,0.9
Portugal,PRT,1993,0.9
Portugal,PRT,1994,0.9
Portugal,PRT,1995,0.9
Portugal,PRT,1996,0.908
Portugal,PRT,1997,0.912
Portugal,PRT,1998,0.912
Portugal,PRT,1999,0.912
Portugal,PRT,2000,0.912
Portugal,PRT,2001,0.912
Portugal,PRT,2002,0.912
Portugal,PRT,2003,0.912
Portugal,PRT,2004,0.912
Portugal,PRT,2005,0.912
Portugal,PRT,2006,0.909
Portugal,PRT,2007,0.909
Portugal,PRT,2008,0.909
Portugal,PRT,2009,0.909
Portugal,PRT,2010,0.909
Portugal,PRT,2011,0.909
Portugal,PRT,2012,0.913
Portugal,PRT,2013,0.909
Portugal,PRT,2014,0.909
Portugal,PRT,2015,0.907
Portugal,PRT,2016,0.896
Portugal,PRT,2017,0.906
Portugal,PRT,2018,0.9
Portugal,PRT,2019,0.895
Portugal,PRT,2020,0.879
Portugal,PRT,2021,0.869
Portugal,PRT,2022,0.861
Portugal,PRT,2023,0.828
Portugal,PRT,2024,0.834
Portugal,PRT,2025,0.834
Qatar,QAT,1900,0.236
Qatar,QAT,1901,0.236
Qatar,QAT,1902,0.236
Qatar,QAT,1903,0.236
Qatar,QAT,1904,0.236
Qatar,QAT,1905,0.236
Qatar,QAT,1906,0.236
Qatar,QAT,1907,0.236
Qatar,QAT,1908,0.236
Qatar,QAT,1909,0.236
Qatar,QAT,1910,0.236
Qatar,QAT,1911,0.236
Qatar,QAT,1912,0.236
Qatar,QAT,1913,0.236
Qatar,QAT,1914,0.236
Qatar,QAT,1915,0.236
Qatar,QAT,1916,0.236
Qatar,QAT,1917,0.236
Qatar,QAT,1918,0.236
Qatar,QAT,1919,0.236
Qatar,QAT,1920,0.236
Qatar,QAT,1921,0.236
Qatar,QAT,1922,0.236
Qatar,QAT,1923,0.236
Qatar,QAT,1924,0.236
Qatar,QAT,1925,0.236
Qatar,QAT,1926,0.236
Qatar,QAT,1927,0.236
Qatar,QAT,1928,0.236
Qatar,QAT,1929,0.236
Qatar,QAT,1930,0.236
Qatar,QAT,1931,0.236
Qatar,QAT,1932,0.236
Qatar,QAT,1933,0.236
Qatar,QAT,1934,0.236
Qatar,QAT,1935,0.236
Qatar,QAT,1936,0.236
Qatar,QAT,1937,0.236
Qatar,QAT,1938,0.236
Qatar,QAT,1939,0.236
Qatar,QAT,1940,0.236
Qatar,QAT,1941,0.236
Qatar,QAT,1942,0.236
Qatar,QAT,1943,0.236
Qatar,QAT,1944,0.236
Qatar,QAT,1945,0.236
Qatar,QAT,1946,0.236
Qatar,QAT,1947,0.236
Qatar,QAT,1948,0.236
Qatar,QAT,1949,0.236
Qatar,QAT,1950,0.236
Qatar,QAT,1951,0.236
Qatar,QAT,1952,0.236
Qatar,QAT,1953,0.236
Qatar,QAT,1954,0.236
Qatar,QAT,1955,0.236
Qatar,QAT,1956,0.236
Qatar,QAT,1957,0.236
Qatar,QAT,1958,0.236
Qatar,QAT,1959,0.236
Qatar,QAT,1960,0.236
Qatar,QAT,1961,0.255
Qatar,QAT,1962,0.255
Qatar,QAT,1963,0.255
Qatar,QAT,1964,0.255
Qatar,QAT,1965,0.255
Qatar,QAT,1966,0.255
Qatar,QAT,1967,0.255
Qatar,QAT,1968,0.255
Qatar,QAT,1969,0.255
Qatar,QAT,1970,0.405
Qatar,QAT,1971,0.45
Qatar,QAT,1972,0.461
Qatar,QAT,1973,0.519
Qatar,QAT,1974,0.519
Qatar,QAT,1975,0.519
Qatar,QAT,1976,0.519
Qatar,QAT,1977,0.519
Qatar,QAT,1978,0.519
Qatar,QAT,1979,0.519
Qatar,QAT,1980,0.519
Qatar,QAT,1981,0.519
Qatar,QAT,1982,0.519
Qatar,QAT,1983,0.519
Qatar,QAT,1984,0.519
Qatar,QAT,1985,0.519
Qatar,QAT,1986,0.519
Qatar,QAT,1987,0.519
Qatar,QAT,1988,0.519
Qatar,QAT,1989,0.519
Qatar,QAT,1990,0.559
Qatar,QAT,1991,0.559
Qatar,QAT,1992,0.559
Qatar,QAT,1993,0.555
Qatar,QAT,1994,0.555
Qatar,QAT,1995,0.555
Qatar,QAT,1996,0.578
Qatar,QAT,1997,0.594
Qatar,QAT,1998,0.594
Qatar,QAT,1999,0.594
Qatar,QAT,2000,0.594
Qatar,QAT,2001,0.594
Qatar,QAT,2002,0.594
Qatar,QAT,2003,0.594
Qatar,QAT,2004,0.594
Qatar,QAT,2005,0.594
Qatar,QAT,2006,0.594
Qatar,QAT,2007,0.594
Qatar,QAT,2008,0.594
Qatar,QAT,2009,0.594
Qatar,QAT,2010,0.606
Qatar,QAT,2011,0.606
Qatar,QAT,2012,0.606
Qatar,QAT,2013,0.586
Qatar,QAT,2014,0.586
Qatar,QAT,2015,0.586
Qatar,QAT,2016,0.586
Qatar,QAT,2017,0.605
Qatar,QAT,2018,0.614
Qatar,QAT,2019,0.614
Qatar,QAT,2020,0.614
Qatar,QAT,2021,0.595
Qatar,QAT,2022,0.611
Qatar,QAT,2023,0.611
Qatar,QAT,2024,0.68
Qatar,QAT,2025,0.669
Vietnam,OWID_RVN,1902,0.529
Vietnam,OWID_RVN,1903,0.529
Vietnam,OWID_RVN,1904,0.529
Vietnam,OWID_RVN,1905,0.529
Vietnam,OWID_RVN,1906,0.529
Vietnam,OWID_RVN,1907,0.529
Vietnam,OWID_RVN,1908,0.529
Vietnam,OWID_RVN,1909,0.529
Vietnam,OWID_RVN,1910,0.529
Vietnam,OWID_RVN,1911,0.529
Vietnam,OWID_RVN,1912,0.529
Vietnam,OWID_RVN,1913,0.544
Vietnam,OWID_RVN,1914,0.558
Vietnam,OWID_RVN,1915,0.558
Vietnam,OWID_RVN,1916,0.558
Vietnam,OWID_RVN,1917,0.558
Vietnam,OWID_RVN,1918,0.558
Vietnam,OWID_RVN,1919,0.558
Vietnam,OWID_RVN,1920,0.558
Vietnam,OWID_RVN,1921,0.558
Vietnam,OWID_RVN,1922,0.558
Vietnam,OWID_RVN,1923,0.558
Vietnam,OWID_RVN,1924,0.558
Vietnam,OWID_RVN,1925,0.558
Vietnam,OWID_RVN,1926,0.558
Vietnam,OWID_RVN,1927,0.558
Vietnam,OWID_RVN,1928,0.558
Vietnam,OWID_RVN,1929,0.558
Vietnam,OWID_RVN,1930,0.558
Vietnam,OWID_RVN,1931,0.558
Vietnam,OWID_RVN,1932,0.558
Vietnam,OWID_RVN,1933,0.558
Vietnam,OWID_RVN,1934,0.558
Vietnam,OWID_RVN,1935,0.558
Vietnam,OWID_RVN,1936,0.558
Vietnam,OWID_RVN,1937,0.558
Vietnam,OWID_RVN,1938,0.558
Vietnam,OWID_RVN,1939,0.558
Vietnam,OWID_RVN,1940,0.558
Vietnam,OWID_RVN,1941,0.558
Vietnam,OWID_RVN,1942,0.558
Vietnam,OWID_RVN,1943,0.558
Vietnam,OWID_RVN,1944,0.558
Vietnam,OWID_RVN,1945,0.558
Vietnam,OWID_RVN,1946,0.558
Vietnam,OWID_RVN,1947,0.558
Vietnam,OWID_RVN,1948,0.558
Vietnam,OWID_RVN,1949,0.508
Vietnam,OWID_RVN,1950,0.508
Vietnam,OWID_RVN,1951,0.508
Vietnam,OWID_RVN,1952,0.508
Vietnam,OWID_RVN,1953,0.508
Vietnam,OWID_RVN,1954,0.508
Vietnam,OWID_RVN,1955,0.399
Vietnam,OWID_RVN,1956,0.399
Vietnam,OWID_RVN,1957,0.425
Vietnam,OWID_RVN,1958,0.425
Vietnam,OWID_RVN,1959,0.425
Vietnam,OWID_RVN,1960,0.425
Vietnam,OWID_RVN,1961,0.425
Vietnam,OWID_RVN,1962,0.425
Vietnam,OWID_RVN,1963,0.399
Vietnam,OWID_RVN,1964,0.359
Vietnam,OWID_RVN,1965,0.359
Vietnam,OWID_RVN,1966,0.359
Vietnam,OWID_RVN,1967,0.359
Vietnam,OWID_RVN,1968,0.392
Vietnam,OWID_RVN,1969,0.392
Vietnam,OWID_RVN,1970,0.392
Vietnam,OWID_RVN,1971,0.392
Vietnam,OWID_RVN,1972,0.392
Vietnam,OWID_RVN,1973,0.392
Vietnam,OWID_RVN,1974,0.392
Vietnam,OWID_RVN,1975,0.392
Romania,ROU,1900,0.459
Romania,ROU,1901,0.459
Romania,ROU,1902,0.459
Romania,ROU,1903,0.459
Romania,ROU,1904,0.459
Romania,ROU,1905,0.459
Romania,ROU,1906,0.459
Romania,ROU,1907,0.459
Romania,ROU,1908,0.459
Romania,ROU,1909,0.459
Romania,ROU,1910,0.459
Romania,ROU,1911,0.459
Romania,ROU,1912,0.459
Romania,ROU,1913,0.459
Romania,ROU,1914,0.484
Romania,ROU,1915,0.484
Romania,ROU,1916,0.484
Romania,ROU,1917,0.484
Romania,ROU,1918,0.462
Romania,ROU,1919,0.462
Romania,ROU,1920,0.462
Romania,ROU,1921,0.462
Romania,ROU,1922,0.462
Romania,ROU,1923,0.462
Romania,ROU,1924,0.462
Romania,ROU,1925,0.485
Romania,ROU,1926,0.479
Romania,ROU,1927,0.479
Romania,ROU,1928,0.479
Romania,ROU,1929,0.457
Romania,ROU,1930,0.457
Romania,ROU,1931,0.457
Romania,ROU,1932,0.457
Romania,ROU,1933,0.457
Romania,ROU,1934,0.457
Romania,ROU,1935,0.463
Romania,ROU,1936,0.463
Romania,ROU,1937,0.463
Romania,ROU,1938,0.497
Romania,ROU,1939,0.592
Romania,ROU,1940,0.627
Romania,ROU,1941,0.627
Romania,ROU,1942,0.627
Romania,ROU,1943,0.627
Romania,ROU,1944,0.627
Romania,ROU,1945,0.72
Romania,ROU,1946,0.655
Romania,ROU,1947,0.655
Romania,ROU,1948,0.716
Romania,ROU,1949,0.707
Romania,ROU,1950,0.707
Romania,ROU,1951,0.707
Romania,ROU,1952,0.707
Romania,ROU,1953,0.707
Romania,ROU,1954,0.707
Romania,ROU,1955,0.707
Romania,ROU,1956,0.707
Romania,ROU,1957,0.707
Romania,ROU,1958,0.707
Romania,ROU,1959,0.707
Romania,ROU,1960,0.707
Romania,ROU,1961,0.707
Romania,ROU,1962,0.707
Romania,ROU,1963,0.707
Romania,ROU,1964,0.707
Romania,ROU,1965,0.707
Romania,ROU,1966,0.689
Romania,ROU,1967,0.689
Romania,ROU,1968,0.689
Romania,ROU,1969,0.689
Romania,ROU,1970,0.689
Romania,ROU,1971,0.689
Romania,ROU,1972,0.689
Romania,ROU,1973,0.689
Romania,ROU,1974,0.676
Romania,ROU,1975,0.676
Romania,ROU,1976,0.676
Romania,ROU,1977,0.676
Romania,ROU,1978,0.676
Romania,ROU,1979,0.676
Romania,ROU,1980,0.676
Romania,ROU,1981,0.676
Romania,ROU,1982,0.676
Romania,ROU,1983,0.676
Romania,ROU,1984,0.676
Romania,ROU,1985,0.676
Romania,ROU,1986,0.676
Romania,ROU,1987,0.676
Romania,ROU,1988,0.676
Romania,ROU,1989,0.628
Romania,ROU,1990,0.354
Romania,ROU,1991,0.291
Romania,ROU,1992,0.291
Romania,ROU,1993,0.291
Romania,ROU,1994,0.291
Romania,ROU,1995,0.291
Romania,ROU,1996,0.291
Romania,ROU,1997,0.291
Romania,ROU,1998,0.291
Romania,ROU,1999,0.291
Romania,ROU,2000,0.22
Romania,ROU,2001,0.221
Romania,ROU,2002,0.221
Romania,ROU,2003,0.221
Romania,ROU,2004,0.289
Romania,ROU,2005,0.304
Romania,ROU,2006,0.315
Romania,ROU,2007,0.337
Romania,ROU,2008,0.354
Romania,ROU,2009,0.37
Romania,ROU,2010,0.411
Romania,ROU,2011,0.411
Romania,ROU,2012,0.412
Romania,ROU,2013,0.533
Romania,ROU,2014,0.561
Romania,ROU,2015,0.561
Romania,ROU,2016,0.648
Romania,ROU,2017,0.539
Romania,ROU,2018,0.501
Romania,ROU,2019,0.616
Romania,ROU,2020,0.653
Romania,ROU,2021,0.705
Romania,ROU,2022,0.68
Romania,ROU,2023,0.673
Romania,ROU,2024,0.611
Romania,ROU,2025,0.581
Russia,RUS,1900,0.561
Russia,RUS,1901,0.561
Russia,RUS,1902,0.561
Russia,RUS,1903,0.561
Russia,RUS,1904,0.547
Russia,RUS,1905,0.547
Russia,RUS,1906,0.558
Russia,RUS,1907,0.623
Russia,RUS,1908,0.598
Russia,RUS,1909,0.598
Russia,RUS,1910,0.598
Russia,RUS,1911,0.598
Russia,RUS,1912,0.598
Russia,RUS,1913,0.598
Russia,RUS,1914,0.598
Russia,RUS,1915,0.57
Russia,RUS,1916,0.583
Russia,RUS,1917,0.628
Russia,RUS,1918,0.733
Russia,RUS,1919,0.769
Russia,RUS,1920,0.769
Russia,RUS,1921,0.769
Russia,RUS,1922,0.763
Russia,RUS,1923,0.763
Russia,RUS,1924,0.752
Russia,RUS,1925,0.752
Russia,RUS,1926,0.752
Russia,RUS,1927,0.752
Russia,RUS,1928,0.783
Russia,RUS,1929,0.787
Russia,RUS,1930,0.796
Russia,RUS,1931,0.796
Russia,RUS,1932,0.796
Russia,RUS,1933,0.796
Russia,RUS,1934,0.796
Russia,RUS,1935,0.796
Russia,RUS,1936,0.796
Russia,RUS,1937,0.796
Russia,RUS,1938,0.796
Russia,RUS,1939,0.795
Russia,RUS,1940,0.795
Russia,RUS,1941,0.797
Russia,RUS,1942,0.802
Russia,RUS,1943,0.802
Russia,RUS,1944,0.802
Russia,RUS,1945,0.802
Russia,RUS,1946,0.791
Russia,RUS,1947,0.791
Russia,RUS,1948,0.791
Russia,RUS,1949,0.791
Russia,RUS,1950,0.791
Russia,RUS,1951,0.791
Russia,RUS,1952,0.791
Russia,RUS,1953,0.791
Russia,RUS,1954,0.769
Russia,RUS,1955,0.769
Russia,RUS,1956,0.769
Russia,RUS,1957,0.769
Russia,RUS,1958,0.769
Russia,RUS,1959,0.769
Russia,RUS,1960,0.769
Russia,RUS,1961,0.737
Russia,RUS,1962,0.737
Russia,RUS,1963,0.737
Russia,RUS,1964,0.692
Russia,RUS,1965,0.692
Russia,RUS,1966,0.677
Russia,RUS,1967,0.677
Russia,RUS,1968,0.677
Russia,RUS,1969,0.677
Russia,RUS,1970,0.657
Russia,RUS,1971,0.667
Russia,RUS,1972,0.667
Russia,RUS,1973,0.667
Russia,RUS,1974,0.667
Russia,RUS,1975,0.667
Russia,RUS,1976,0.667
Russia,RUS,1977,0.667
Russia,RUS,1978,0.667
Russia,RUS,1979,0.667
Russia,RUS,1980,0.647
Russia,RUS,1981,0.647
Russia,RUS,1982,0.653
Russia,RUS,1983,0.653
Russia,RUS,1984,0.653
Russia,RUS,1985,0.653
Russia,RUS,1986,0.617
Russia,RUS,1987,0.591
Russia,RUS,1988,0.591
Russia,RUS,1989,0.591
Russia,RUS,1990,0.587
Russia,RUS,1991,0.46
Russia,RUS,1992,0.267
Russia,RUS,1993,0.281
Russia,RUS,1994,0.262
Russia,RUS,1995,0.226
Russia,RUS,1996,0.226
Russia,RUS,1997,0.226
Russia,RUS,1998,0.226
Russia,RUS,1999,0.226
Russia,RUS,2000,0.213
Russia,RUS,2001,0.222
Russia,RUS,2002,0.218
Russia,RUS,2003,0.218
Russia,RUS,2004,0.273
Russia,RUS,2005,0.273
Russia,RUS,2006,0.273
Russia,RUS,2007,0.273
Russia,RUS,2008,0.269
Russia,RUS,2009,0.263
Russia,RUS,2010,0.272
Russia,RUS,2011,0.264
Russia,RUS,2012,0.263
Russia,RUS,2013,0.279
Russia,RUS,2014,0.288
Russia,RUS,2015,0.288
Russia,RUS,2016,0.284
Russia,RUS,2017,0.278
Russia,RUS,2018,0.278
Russia,RUS,2019,0.278
Russia,RUS,2020,0.281
Russia,RUS,2021,0.299
Russia,RUS,2022,0.268
Russia,RUS,2023,0.22
Russia,RUS,2024,0.205
Russia,RUS,2025,0.217
Rwanda,RWA,1916,0.558
Rwanda,RWA,1917,0.558
Rwanda,RWA,1918,0.558
Rwanda,RWA,1919,0.558
Rwanda,RWA,1920,0.558
Rwanda,RWA,1921,0.558
Rwanda,RWA,1922,0.558
Rwanda,RWA,1923,0.558
Rwanda,RWA,1924,0.558
Rwanda,RWA,1925,0.558
Rwanda,RWA,1926,0.558
Rwanda,RWA,1927,0.558
Rwanda,RWA,1928,0.558
Rwanda,RWA,1929,0.558
Rwanda,RWA,1930,0.558
Rwanda,RWA,1931,0.558
Rwanda,RWA,1932,0.558
Rwanda,RWA,1933,0.558
Rwanda,RWA,1934,0.558
Rwanda,RWA,1935,0.558
Rwanda,RWA,1936,0.558
Rwanda,RWA,1937,0.558
Rwanda,RWA,1938,0.558
Rwanda,RWA,1939,0.558
Rwanda,RWA,1940,0.558
Rwanda,RWA,1941,0.558
Rwanda,RWA,1942,0.558
Rwanda,RWA,1943,0.558
Rwanda,RWA,1944,0.558
Rwanda,RWA,1945,0.558
Rwanda,RWA,1946,0.558
Rwanda,RWA,1947,0.558
Rwanda,RWA,1948,0.558
Rwanda,RWA,1949,0.558
Rwanda,RWA,1950,0.558
Rwanda,RWA,1951,0.558
Rwanda,RWA,1952,0.558
Rwanda,RWA,1953,0.558
Rwanda,RWA,1954,0.558
Rwanda,RWA,1955,0.558
Rwanda,RWA,1956,0.558
Rwanda,RWA,1957,0.558
Rwanda,RWA,1958,0.558
Rwanda,RWA,1959,0.558
Rwanda,RWA,1960,0.597
Rwanda,RWA,1961,0.543
Rwanda,RWA,1962,0.624
Rwanda,RWA,1963,0.623
Rwanda,RWA,1964,0.658
Rwanda,RWA,1965,0.658
Rwanda,RWA,1966,0.658
Rwanda,RWA,1967,0.658
Rwanda,RWA,1968,0.658
Rwanda,RWA,1969,0.658
Rwanda,RWA,1970,0.658
Rwanda,RWA,1971,0.658
Rwanda,RWA,1972,0.658
Rwanda,RWA,1973,0.563
Rwanda,RWA,1974,0.473
Rwanda,RWA,1975,0.473
Rwanda,RWA,1976,0.473
Rwanda,RWA,1977,0.473
Rwanda,RWA,1978,0.473
Rwanda,RWA,1979,0.499
Rwanda,RWA,1980,0.499
Rwanda,RWA,1981,0.499
Rwanda,RWA,1982,0.461
Rwanda,RWA,1983,0.461
Rwanda,RWA,1984,0.461
Rwanda,RWA,1985,0.461
Rwanda,RWA,1986,0.461
Rwanda,RWA,1987,0.461
Rwanda,RWA,1988,0.461
Rwanda,RWA,1989,0.461
Rwanda,RWA,1990,0.487
Rwanda,RWA,1991,0.487
Rwanda,RWA,1992,0.487
Rwanda,RWA,1993,0.532
Rwanda,RWA,1994,0.543
Rwanda,RWA,1995,0.371
Rwanda,RWA,1996,0.371
Rwanda,RWA,1997,0.371
Rwanda,RWA,1998,0.371
Rwanda,RWA,1999,0.371
Rwanda,RWA,2000,0.416
Rwanda,RWA,2001,0.442
Rwanda,RWA,2002,0.442
Rwanda,RWA,2003,0.442
Rwanda,RWA,2004,0.442
Rwanda,RWA,2005,0.442
Rwanda,RWA,2006,0.445
Rwanda,RWA,2007,0.447
Rwanda,RWA,2008,0.447
Rwanda,RWA,2009,0.447
Rwanda,RWA,2010,0.449
Rwanda,RWA,2011,0.449
Rwanda,RWA,2012,0.449
Rwanda,RWA,2013,0.582
Rwanda,RWA,2014,0.582
Rwanda,RWA,2015,0.582
Rwanda,RWA,2016,0.572
Rwanda,RWA,2017,0.581
Rwanda,RWA,2018,0.581
Rwanda,RWA,2019,0.615
Rwanda,RWA,2020,0.615
Rwanda,RWA,2021,0.623
Rwanda,RWA,2022,0.595
Rwanda,RWA,2023,0.544
Rwanda,RWA,2024,0.582
Rwanda,RWA,2025,0.582
São Tomé and Príncipe,STP,1900,0.723
São Tomé and Príncipe,STP,1901,0.723
São Tomé and Príncipe,STP,1902,0.723
São Tomé and Príncipe,STP,1903,0.723
São Tomé and Príncipe,STP,1904,0.723
São Tomé and Príncipe,STP,1905,0.723
São Tomé and Príncipe,STP,1906,0.723
São Tomé and Príncipe,STP,1907,0.723
São Tomé and Príncipe,STP,1908,0.723
São Tomé and Príncipe,STP,1909,0.723
São Tomé and Príncipe,STP,1910,0.723
São Tomé and Príncipe,STP,1911,0.723
São Tomé and Príncipe,STP,1912,0.723
São Tomé and Príncipe,STP,1913,0.723
São Tomé and Príncipe,STP,1914,0.723
São Tomé and Príncipe,STP,1915,0.723
São Tomé and Príncipe,STP,1916,0.723
São Tomé and Príncipe,STP,1917,0.723
São Tomé and Príncipe,STP,1918,0.723
São Tomé and Príncipe,STP,1919,0.723
São Tomé and Príncipe,STP,1920,0.723
São Tomé and Príncipe,STP,1921,0.723
São Tomé and Príncipe,STP,1922,0.723
São Tomé and Príncipe,STP,1923,0.723
São Tomé and Príncipe,STP,1924,0.723
São Tomé and Príncipe,STP,1925,0.723
São Tomé and Príncipe,STP,1926,0.723
São Tomé and Príncipe,STP,1927,0.723
São Tomé and Príncipe,STP,1928,0.723
São Tomé and Príncipe,STP,1929,0.723
São Tomé and Príncipe,STP,1930,0.723
São Tomé and Príncipe,STP,1931,0.723
São Tomé and Príncipe,STP,1932,0.723
São Tomé and Príncipe,STP,1933,0.723
São Tomé and Príncipe,STP,1934,0.723
São Tomé and Príncipe,STP,1935,0.723
São Tomé and Príncipe,STP,1936,0.723
São Tomé and Príncipe,STP,1937,0.723
São Tomé and Príncipe,STP,1938,0.723
São Tomé and Príncipe,STP,1939,0.723
São Tomé and Príncipe,STP,1940,0.723
São Tomé and Príncipe,STP,1941,0.723
São Tomé and Príncipe,STP,1942,0.723
São Tomé and Príncipe,STP,1943,0.723
São Tomé and Príncipe,STP,1944,0.723
São Tomé and Príncipe,STP,1945,0.723
São Tomé and Príncipe,STP,1946,0.723
São Tomé and Príncipe,STP,1947,0.723
São Tomé and Príncipe,STP,1948,0.723
São Tomé and Príncipe,STP,1949,0.723
São Tomé and Príncipe,STP,1950,0.723
São Tomé and Príncipe,STP,1951,0.723
São Tomé and Príncipe,STP,1952,0.723
São Tomé and Príncipe,STP,1953,0.723
São Tomé and Príncipe,STP,1954,0.723
São Tomé and Príncipe,STP,1955,0.723
São Tomé and Príncipe,STP,1956,0.723
São Tomé and Príncipe,STP,1957,0.723
São Tomé and Príncipe,STP,1958,0.723
São Tomé and Príncipe,STP,1959,0.723
São Tomé and Príncipe,STP,1960,0.723
São Tomé and Príncipe,STP,1961,0.723
São Tomé and Príncipe,STP,1962,0.723
São Tomé and Príncipe,STP,1963,0.723
São Tomé and Príncipe,STP,1964,0.723
São Tomé and Príncipe,STP,1965,0.723
São Tomé and Príncipe,STP,1966,0.723
São Tomé and Príncipe,STP,1967,0.723
São Tomé and Príncipe,STP,1968,0.723
São Tomé and Príncipe,STP,1969,0.723
São Tomé and Príncipe,STP,1970,0.723
São Tomé and Príncipe,STP,1971,0.723
São Tomé and Príncipe,STP,1972,0.723
São Tomé and Príncipe,STP,1973,0.723
São Tomé and Príncipe,STP,1974,0.712
São Tomé and Príncipe,STP,1975,0.828
São Tomé and Príncipe,STP,1976,0.828
São Tomé and Príncipe,STP,1977,0.828
São Tomé and Príncipe,STP,1978,0.828
São Tomé and Príncipe,STP,1979,0.828
São Tomé and Príncipe,STP,1980,0.828
São Tomé and Príncipe,STP,1981,0.828
São Tomé and Príncipe,STP,1982,0.828
São Tomé and Príncipe,STP,1983,0.828
São Tomé and Príncipe,STP,1984,0.828
São Tomé and Príncipe,STP,1985,0.828
São Tomé and Príncipe,STP,1986,0.828
São Tomé and Príncipe,STP,1987,0.828
São Tomé and Príncipe,STP,1988,0.828
São Tomé and Príncipe,STP,1989,0.828
São Tomé and Príncipe,STP,1990,0.817
São Tomé and Príncipe,STP,1991,0.747
São Tomé and Príncipe,STP,1992,0.747
São Tomé and Príncipe,STP,1993,0.747
São Tomé and Príncipe,STP,1994,0.747
São Tomé and Príncipe,STP,1995,0.747
São Tomé and Príncipe,STP,1996,0.747
São Tomé and Príncipe,STP,1997,0.747
São Tomé and Príncipe,STP,1998,0.747
São Tomé and Príncipe,STP,1999,0.747
São Tomé and Príncipe,STP,2000,0.67
São Tomé and Príncipe,STP,2001,0.67
São Tomé and Príncipe,STP,2002,0.67
São Tomé and Príncipe,STP,2003,0.67
São Tomé and Príncipe,STP,2004,0.674
São Tomé and Príncipe,STP,2005,0.674
São Tomé and Príncipe,STP,2006,0.674
São Tomé and Príncipe,STP,2007,0.674
São Tomé and Príncipe,STP,2008,0.674
São Tomé and Príncipe,STP,2009,0.674
São Tomé and Príncipe,STP,2010,0.686
São Tomé and Príncipe,STP,2011,0.686
São Tomé and Príncipe,STP,2012,0.686
São Tomé and Príncipe,STP,2013,0.691
São Tomé and Príncipe,STP,2014,0.7
São Tomé and Príncipe,STP,2015,0.7
São Tomé and Príncipe,STP,2016,0.7
São Tomé and Príncipe,STP,2017,0.705
São Tomé and Príncipe,STP,2018,0.702
São Tomé and Príncipe,STP,2019,0.734
São Tomé and Príncipe,STP,2020,0.711
São Tomé and Príncipe,STP,2021,0.711
São Tomé and Príncipe,STP,2022,0.711
São Tomé and Príncipe,STP,2023,0.715
São Tomé and Príncipe,STP,2024,0.715
São Tomé and Príncipe,STP,2025,0.711
Saudi Arabia,SAU,1900,0.428
Saudi Arabia,SAU,1901,0.428
Saudi Arabia,SAU,1902,0.428
Saudi Arabia,SAU,1903,0.428
Saudi Arabia,SAU,1904,0.428
Saudi Arabia,SAU,1905,0.428
Saudi Arabia,SAU,1906,0.428
Saudi Arabia,SAU,1907,0.428
Saudi Arabia,SAU,1908,0.428
Saudi Arabia,SAU,1909,0.428
Saudi Arabia,SAU,1910,0.428
Saudi Arabia,SAU,1911,0.428
Saudi Arabia,SAU,1912,0.428
Saudi Arabia,SAU,1913,0.428
Saudi Arabia,SAU,1914,0.428
Saudi Arabia,SAU,1915,0.428
Saudi Arabia,SAU,1916,0.428
Saudi Arabia,SAU,1917,0.428
Saudi Arabia,SAU,1918,0.428
Saudi Arabia,SAU,1919,0.428
Saudi Arabia,SAU,1920,0.428
Saudi Arabia,SAU,1921,0.428
Saudi Arabia,SAU,1922,0.428
Saudi Arabia,SAU,1923,0.428
Saudi Arabia,SAU,1924,0.428
Saudi Arabia,SAU,1925,0.428
Saudi Arabia,SAU,1926,0.428
Saudi Arabia,SAU,1927,0.428
Saudi Arabia,SAU,1928,0.428
Saudi Arabia,SAU,1929,0.428
Saudi Arabia,SAU,1930,0.428
Saudi Arabia,SAU,1931,0.428
Saudi Arabia,SAU,1932,0.532
Saudi Arabia,SAU,1933,0.532
Saudi Arabia,SAU,1934,0.532
Saudi Arabia,SAU,1935,0.532
Saudi Arabia,SAU,1936,0.532
Saudi Arabia,SAU,1937,0.532
Saudi Arabia,SAU,1938,0.532
Saudi Arabia,SAU,1939,0.532
Saudi Arabia,SAU,1940,0.532
Saudi Arabia,SAU,1941,0.532
Saudi Arabia,SAU,1942,0.532
Saudi Arabia,SAU,1943,0.532
Saudi Arabia,SAU,1944,0.532
Saudi Arabia,SAU,1945,0.532
Saudi Arabia,SAU,1946,0.532
Saudi Arabia,SAU,1947,0.532
Saudi Arabia,SAU,1948,0.532
Saudi Arabia,SAU,1949,0.532
Saudi Arabia,SAU,1950,0.532
Saudi Arabia,SAU,1951,0.532
Saudi Arabia,SAU,1952,0.537
Saudi Arabia,SAU,1953,0.542
Saudi Arabia,SAU,1954,0.542
Saudi Arabia,SAU,1955,0.542
Saudi Arabia,SAU,1956,0.542
Saudi Arabia,SAU,1957,0.542
Saudi Arabia,SAU,1958,0.542
Saudi Arabia,SAU,1959,0.542
Saudi Arabia,SAU,1960,0.542
Saudi Arabia,SAU,1961,0.542
Saudi Arabia,SAU,1962,0.554
Saudi Arabia,SAU,1963,0.561
Saudi Arabia,SAU,1964,0.561
Saudi Arabia,SAU,1965,0.567
Saudi Arabia,SAU,1966,0.567
Saudi Arabia,SAU,1967,0.567
Saudi Arabia,SAU,1968,0.567
Saudi Arabia,SAU,1969,0.567
Saudi Arabia,SAU,1970,0.567
Saudi Arabia,SAU,1971,0.567
Saudi Arabia,SAU,1972,0.567
Saudi Arabia,SAU,1973,0.567
Saudi Arabia,SAU,1974,0.567
Saudi Arabia,SAU,1975,0.563
Saudi Arabia,SAU,1976,0.569
Saudi Arabia,SAU,1977,0.569
Saudi Arabia,SAU,1978,0.569
Saudi Arabia,SAU,1979,0.569
Saudi Arabia,SAU,1980,0.569
Saudi Arabia,SAU,1981,0.569
Saudi Arabia,SAU,1982,0.569
Saudi Arabia,SAU,1983,0.569
Saudi Arabia,SAU,1984,0.569
Saudi Arabia,SAU,1985,0.569
Saudi Arabia,SAU,1986,0.569
Saudi Arabia,SAU,1987,0.569
Saudi Arabia,SAU,1988,0.569
Saudi Arabia,SAU,1989,0.569
Saudi Arabia,SAU,1990,0.569
Saudi Arabia,SAU,1991,0.569
Saudi Arabia,SAU,1992,0.569
Saudi Arabia,SAU,1993,0.569
Saudi Arabia,SAU,1994,0.569
Saudi Arabia,SAU,1995,0.569
Saudi Arabia,SAU,1996,0.53
Saudi Arabia,SAU,1997,0.53
Saudi Arabia,SAU,1998,0.53
Saudi Arabia,SAU,1999,0.53
Saudi Arabia,SAU,2000,0.53
Saudi Arabia,SAU,2001,0.53
Saudi Arabia,SAU,2002,0.531
Saudi Arabia,SAU,2003,0.531
Saudi Arabia,SAU,2004,0.531
Saudi Arabia,SAU,2005,0.531
Saudi Arabia,SAU,2006,0.531
Saudi Arabia,SAU,2007,0.531
Saudi Arabia,SAU,2008,0.531
Saudi Arabia,SAU,2009,0.531
Saudi Arabia,SAU,2010,0.531
Saudi Arabia,SAU,2011,0.531
Saudi Arabia,SAU,2012,0.531
Saudi Arabia,SAU,2013,0.531
Saudi Arabia,SAU,2014,0.531
Saudi Arabia,SAU,2015,0.531
Saudi Arabia,SAU,2016,0.531
Saudi Arabia,SAU,2017,0.531
Saudi Arabia,SAU,2018,0.553
Saudi Arabia,SAU,2019,0.596
Saudi Arabia,SAU,2020,0.61
Saudi Arabia,SAU,2021,0.62
Saudi Arabia,SAU,2022,0.674
Saudi Arabia,SAU,2023,0.674
Saudi Arabia,SAU,2024,0.674
Saudi Arabia,SAU,2025,0.674
Senegal,SEN,1904,0.541
Senegal,SEN,1905,0.541
Senegal,SEN,1906,0.541
Senegal,SEN,1907,0.541
Senegal,SEN,1908,0.541
Senegal,SEN,1909,0.541
Senegal,SEN,1910,0.541
Senegal,SEN,1911,0.541
Senegal,SEN,1912,0.541
Senegal,SEN,1913,0.541
Senegal,SEN,1914,0.541
Senegal,SEN,1915,0.541
Senegal,SEN,1916,0.541
Senegal,SEN,1917,0.541
Senegal,SEN,1918,0.541
Senegal,SEN,1919,0.541
Senegal,SEN,1920,0.541
Senegal,SEN,1921,0.541
Senegal,SEN,1922,0.541
Senegal,SEN,1923,0.541
Senegal,SEN,1924,0.541
Senegal,SEN,1925,0.541
Senegal,SEN,1926,0.541
Senegal,SEN,1927,0.541
Senegal,SEN,1928,0.541
Senegal,SEN,1929,0.541
Senegal,SEN,1930,0.541
Senegal,SEN,1931,0.541
Senegal,SEN,1932,0.541
Senegal,SEN,1933,0.541
Senegal,SEN,1934,0.541
Senegal,SEN,1935,0.541
Senegal,SEN,1936,0.541
Senegal,SEN,1937,0.541
Senegal,SEN,1938,0.541
Senegal,SEN,1939,0.541
Senegal,SEN,1940,0.541
Senegal,SEN,1941,0.541
Senegal,SEN,1942,0.541
Senegal,SEN,1943,0.541
Senegal,SEN,1944,0.541
Senegal,SEN,1945,0.541
Senegal,SEN,1946,0.645
Senegal,SEN,1947,0.645
Senegal,SEN,1948,0.645
Senegal,SEN,1949,0.645
Senegal,SEN,1950,0.645
Senegal,SEN,1951,0.645
Senegal,SEN,1952,0.645
Senegal,SEN,1953,0.645
Senegal,SEN,1954,0.645
Senegal,SEN,1955,0.645
Senegal,SEN,1956,0.645
Senegal,SEN,1957,0.645
Senegal,SEN,1958,0.645
Senegal,SEN,1959,0.645
Senegal,SEN,1960,0.607
Senegal,SEN,1961,0.577
Senegal,SEN,1962,0.577
Senegal,SEN,1963,0.577
Senegal,SEN,1964,0.577
Senegal,SEN,1965,0.577
Senegal,SEN,1966,0.577
Senegal,SEN,1967,0.577
Senegal,SEN,1968,0.577
Senegal,SEN,1969,0.577
Senegal,SEN,1970,0.577
Senegal,SEN,1971,0.577
Senegal,SEN,1972,0.577
Senegal,SEN,1973,0.577
Senegal,SEN,1974,0.577
Senegal,SEN,1975,0.577
Senegal,SEN,1976,0.577
Senegal,SEN,1977,0.577
Senegal,SEN,1978,0.577
Senegal,SEN,1979,0.577
Senegal,SEN,1980,0.577
Senegal,SEN,1981,0.586
Senegal,SEN,1982,0.586
Senegal,SEN,1983,0.586
Senegal,SEN,1984,0.586
Senegal,SEN,1985,0.586
Senegal,SEN,1986,0.586
Senegal,SEN,1987,0.586
Senegal,SEN,1988,0.586
Senegal,SEN,1989,0.586
Senegal,SEN,1990,0.586
Senegal,SEN,1991,0.586
Senegal,SEN,1992,0.586
Senegal,SEN,1993,0.586
Senegal,SEN,1994,0.586
Senegal,SEN,1995,0.586
Senegal,SEN,1996,0.586
Senegal,SEN,1997,0.586
Senegal,SEN,1998,0.586
Senegal,SEN,1999,0.586
Senegal,SEN,2000,0.586
Senegal,SEN,2001,0.603
Senegal,SEN,2002,0.603
Senegal,SEN,2003,0.603
Senegal,SEN,2004,0.603
Senegal,SEN,2005,0.603
Senegal,SEN,2006,0.603
Senegal,SEN,2007,0.603
Senegal,SEN,2008,0.603
Senegal,SEN,2009,0.603
Senegal,SEN,2010,0.621
Senegal,SEN,2011,0.621
Senegal,SEN,2012,0.628
Senegal,SEN,2013,0.732
Senegal,SEN,2014,0.732
Senegal,SEN,2015,0.685
Senegal,SEN,2016,0.691
Senegal,SEN,2017,0.654
Senegal,SEN,2018,0.648
Senegal,SEN,2019,0.635
Senegal,SEN,2020,0.627
Senegal,SEN,2021,0.629
Senegal,SEN,2022,0.623
Senegal,SEN,2023,0.696
Senegal,SEN,2024,0.596
Senegal,SEN,2025,0.596
Serbia,SRB,1900,0.292
Serbia,SRB,1901,0.292
Serbia,SRB,1902,0.292
Serbia,SRB,1903,0.318
Serbia,SRB,1904,0.318
Serbia,SRB,1905,0.318
Serbia,SRB,1906,0.318
Serbia,SRB,1907,0.318
Serbia,SRB,1908,0.318
Serbia,SRB,1909,0.318
Serbia,SRB,1910,0.318
Serbia,SRB,1911,0.318
Serbia,SRB,1912,0.318
Serbia,SRB,1913,0.318
Serbia,SRB,1914,0.323
Serbia,SRB,1915,0.323
Serbia,SRB,1916,0.301
Serbia,SRB,1917,0.301
Serbia,SRB,1918,0.319
Serbia,SRB,1919,0.319
Serbia,SRB,1920,0.319
Serbia,SRB,1921,0.319
Serbia,SRB,1922,0.319
Serbia,SRB,1923,0.319
Serbia,SRB,1924,0.319
Serbia,SRB,1925,0.319
Serbia,SRB,1926,0.319
Serbia,SRB,1927,0.319
Serbia,SRB,1928,0.319
Serbia,SRB,1929,0.319
Serbia,SRB,1930,0.361
Serbia,SRB,1931,0.361
Serbia,SRB,1932,0.313
Serbia,SRB,1933,0.313
Serbia,SRB,1934,0.313
Serbia,SRB,1935,0.313
Serbia,SRB,1936,0.313
Serbia,SRB,1937,0.313
Serbia,SRB,1938,0.313
Serbia,SRB,1939,0.313
Serbia,SRB,1940,0.333
Serbia,SRB,1941,0.324
Serbia,SRB,1942,0.372
Serbia,SRB,1943,0.372
Serbia,SRB,1944,0.417
Serbia,SRB,1945,0.391
Serbia,SRB,1946,0.399
Serbia,SRB,1947,0.369
Serbia,SRB,1948,0.369
Serbia,SRB,1949,0.369
Serbia,SRB,1950,0.369
Serbia,SRB,1951,0.369
Serbia,SRB,1952,0.369
Serbia,SRB,1953,0.369
Serbia,SRB,1954,0.362
Serbia,SRB,1955,0.356
Serbia,SRB,1956,0.356
Serbia,SRB,1957,0.356
Serbia,SRB,1958,0.356
Serbia,SRB,1959,0.352
Serbia,SRB,1960,0.352
Serbia,SRB,1961,0.352
Serbia,SRB,1962,0.352
Serbia,SRB,1963,0.352
Serbia,SRB,1964,0.352
Serbia,SRB,1965,0.352
Serbia,SRB,1966,0.352
Serbia,SRB,1967,0.352
Serbia,SRB,1968,0.352
Serbia,SRB,1969,0.352
Serbia,SRB,1970,0.335
Serbia,SRB,1971,0.335
Serbia,SRB,1972,0.335
Serbia,SRB,1973,0.335
Serbia,SRB,1974,0.335
Serbia,SRB,1975,0.335
Serbia,SRB,1976,0.335
Serbia,SRB,1977,0.335
Serbia,SRB,1978,0.335
Serbia,SRB,1979,0.343
Serbia,SRB,1980,0.338
Serbia,SRB,1981,0.321
Serbia,SRB,1982,0.321
Serbia,SRB,1983,0.321
Serbia,SRB,1984,0.321
Serbia,SRB,1985,0.321
Serbia,SRB,1986,0.321
Serbia,SRB,1987,0.321
Serbia,SRB,1988,0.321
Serbia,SRB,1989,0.282
Serbia,SRB,1990,0.178
Serbia,SRB,1991,0.15
Serbia,SRB,1992,0.135
Serbia,SRB,1993,0.116
Serbia,SRB,1994,0.116
Serbia,SRB,1995,0.116
Serbia,SRB,1996,0.116
Serbia,SRB,1997,0.116
Serbia,SRB,1998,0.116
Serbia,SRB,1999,0.116
Serbia,SRB,2000,0.165
Serbia,SRB,2001,0.366
Serbia,SRB,2002,0.379
Serbia,SRB,2003,0.379
Serbia,SRB,2004,0.37
Serbia,SRB,2005,0.37
Serbia,SRB,2006,0.37
Serbia,SRB,2007,0.37
Serbia,SRB,2008,0.363
Serbia,SRB,2009,0.362
Serbia,SRB,2010,0.362
Serbia,SRB,2011,0.362
Serbia,SRB,2012,0.347
Serbia,SRB,2013,0.348
Serbia,SRB,2014,0.346
Serbia,SRB,2015,0.346
Serbia,SRB,2016,0.291
Serbia,SRB,2017,0.306
Serbia,SRB,2018,0.33
Serbia,SRB,2019,0.364
Serbia,SRB,2020,0.329
Serbia,SRB,2021,0.278
Serbia,SRB,2022,0.306
Serbia,SRB,2023,0.314
Serbia,SRB,2024,0.24
Serbia,SRB,2025,0.206
Seychelles,SYC,1903,0.873
Seychelles,SYC,1904,0.873
Seychelles,SYC,1905,0.873
Seychelles,SYC,1906,0.873
Seychelles,SYC,1907,0.873
Seychelles,SYC,1908,0.873
Seychelles,SYC,1909,0.873
Seychelles,SYC,1910,0.873
Seychelles,SYC,1911,0.873
Seychelles,SYC,1912,0.873
Seychelles,SYC,1913,0.873
Seychelles,SYC,1914,0.873
Seychelles,SYC,1915,0.873
Seychelles,SYC,1916,0.873
Seychelles,SYC,1917,0.873
Seychelles,SYC,1918,0.873
Seychelles,SYC,1919,0.873
Seychelles,SYC,1920,0.873
Seychelles,SYC,1921,0.873
Seychelles,SYC,1922,0.873
Seychelles,SYC,1923,0.873
Seychelles,SYC,1924,0.873
Seychelles,SYC,1925,0.873
Seychelles,SYC,1926,0.873
Seychelles,SYC,1927,0.873
Seychelles,SYC,1928,0.873
Seychelles,SYC,1929,0.873
Seychelles,SYC,1930,0.873
Seychelles,SYC,1931,0.873
Seychelles,SYC,1932,0.873
Seychelles,SYC,1933,0.873
Seychelles,SYC,1934,0.873
Seychelles,SYC,1935,0.873
Seychelles,SYC,1936,0.873
Seychelles,SYC,1937,0.873
Seychelles,SYC,1938,0.873
Seychelles,SYC,1939,0.873
Seychelles,SYC,1940,0.873
Seychelles,SYC,1941,0.873
Seychelles,SYC,1942,0.873
Seychelles,SYC,1943,0.873
Seychelles,SYC,1944,0.873
Seychelles,SYC,1945,0.873
Seychelles,SYC,1946,0.873
Seychelles,SYC,1947,0.873
Seychelles,SYC,1948,0.873
Seychelles,SYC,1949,0.836
Seychelles,SYC,1950,0.836
Seychelles,SYC,1951,0.836
Seychelles,SYC,1952,0.836
Seychelles,SYC,1953,0.836
Seychelles,SYC,1954,0.836
Seychelles,SYC,1955,0.836
Seychelles,SYC,1956,0.836
Seychelles,SYC,1957,0.836
Seychelles,SYC,1958,0.836
Seychelles,SYC,1959,0.836
Seychelles,SYC,1960,0.836
Seychelles,SYC,1961,0.836
Seychelles,SYC,1962,0.836
Seychelles,SYC,1963,0.836
Seychelles,SYC,1964,0.836
Seychelles,SYC,1965,0.836
Seychelles,SYC,1966,0.836
Seychelles,SYC,1967,0.836
Seychelles,SYC,1968,0.836
Seychelles,SYC,1969,0.836
Seychelles,SYC,1970,0.836
Seychelles,SYC,1971,0.785
Seychelles,SYC,1972,0.785
Seychelles,SYC,1973,0.785
Seychelles,SYC,1974,0.785
Seychelles,SYC,1975,0.785
Seychelles,SYC,1976,0.618
Seychelles,SYC,1977,0.564
Seychelles,SYC,1978,0.591
Seychelles,SYC,1979,0.54
Seychelles,SYC,1980,0.54
Seychelles,SYC,1981,0.54
Seychelles,SYC,1982,0.54
Seychelles,SYC,1983,0.54
Seychelles,SYC,1984,0.54
Seychelles,SYC,1985,0.54
Seychelles,SYC,1986,0.54
Seychelles,SYC,1987,0.54
Seychelles,SYC,1988,0.54
Seychelles,SYC,1989,0.54
Seychelles,SYC,1990,0.54
Seychelles,SYC,1991,0.54
Seychelles,SYC,1992,0.568
Seychelles,SYC,1993,0.568
Seychelles,SYC,1994,0.568
Seychelles,SYC,1995,0.568
Seychelles,SYC,1996,0.568
Seychelles,SYC,1997,0.568
Seychelles,SYC,1998,0.568
Seychelles,SYC,1999,0.568
Seychelles,SYC,2000,0.568
Seychelles,SYC,2001,0.568
Seychelles,SYC,2002,0.6
Seychelles,SYC,2003,0.644
Seychelles,SYC,2004,0.676
Seychelles,SYC,2005,0.697
Seychelles,SYC,2006,0.697
Seychelles,SYC,2007,0.697
Seychelles,SYC,2008,0.697
Seychelles,SYC,2009,0.704
Seychelles,SYC,2010,0.744
Seychelles,SYC,2011,0.744
Seychelles,SYC,2012,0.744
Seychelles,SYC,2013,0.744
Seychelles,SYC,2014,0.75
Seychelles,SYC,2015,0.793
Seychelles,SYC,2016,0.794
Seychelles,SYC,2017,0.845
Seychelles,SYC,2018,0.845
Seychelles,SYC,2019,0.845
Seychelles,SYC,2020,0.924
Seychelles,SYC,2021,0.924
Seychelles,SYC,2022,0.934
Seychelles,SYC,2023,0.953
Seychelles,SYC,2024,0.953
Seychelles,SYC,2025,0.946
Sierra Leone,SLE,1900,0.647
Sierra Leone,SLE,1901,0.647
Sierra Leone,SLE,1902,0.647
Sierra Leone,SLE,1903,0.647
Sierra Leone,SLE,1904,0.647
Sierra Leone,SLE,1905,0.647
Sierra Leone,SLE,1906,0.647
Sierra Leone,SLE,1907,0.647
Sierra Leone,SLE,1908,0.647
Sierra Leone,SLE,1909,0.647
Sierra Leone,SLE,1910,0.647
Sierra Leone,SLE,1911,0.647
Sierra Leone,SLE,1912,0.647
Sierra Leone,SLE,1913,0.647
Sierra Leone,SLE,1914,0.647
Sierra Leone,SLE,1915,0.647
Sierra Leone,SLE,1916,0.647
Sierra Leone,SLE,1917,0.647
Sierra Leone,SLE,1918,0.647
Sierra Leone,SLE,1919,0.647
Sierra Leone,SLE,1920,0.647
Sierra Leone,SLE,1921,0.615
Sierra Leone,SLE,1922,0.615
Sierra Leone,SLE,1923,0.615
Sierra Leone,SLE,1924,0.674
Sierra Leone,SLE,1925,0.69
Sierra Leone,SLE,1926,0.69
Sierra Leone,SLE,1927,0.69
Sierra Leone,SLE,1928,0.69
Sierra Leone,SLE,1929,0.69
Sierra Leone,SLE,1930,0.683
Sierra Leone,SLE,1931,0.683
Sierra Leone,SLE,1932,0.683
Sierra Leone,SLE,1933,0.683
Sierra Leone,SLE,1934,0.683
Sierra Leone,SLE,1935,0.683
Sierra Leone,SLE,1936,0.683
Sierra Leone,SLE,1937,0.683
Sierra Leone,SLE,1938,0.683
Sierra Leone,SLE,1939,0.683
Sierra Leone,SLE,1940,0.683
Sierra Leone,SLE,1941,0.683
Sierra Leone,SLE,1942,0.683
Sierra Leone,SLE,1943,0.683
Sierra Leone,SLE,1944,0.683
Sierra Leone,SLE,1945,0.683
Sierra Leone,SLE,1946,0.683
Sierra Leone,SLE,1947,0.683
Sierra Leone,SLE,1948,0.683
Sierra Leone,SLE,1949,0.683
Sierra Leone,SLE,1950,0.683
Sierra Leone,SLE,1951,0.683
Sierra Leone,SLE,1952,0.683
Sierra Leone,SLE,1953,0.681
Sierra Leone,SLE,1954,0.674
Sierra Leone,SLE,1955,0.674
Sierra Leone,SLE,1956,0.674
Sierra Leone,SLE,1957,0.659
Sierra Leone,SLE,1958,0.593
Sierra Leone,SLE,1959,0.593
Sierra Leone,SLE,1960,0.581
Sierra Leone,SLE,1961,0.467
Sierra Leone,SLE,1962,0.481
Sierra Leone,SLE,1963,0.481
Sierra Leone,SLE,1964,0.468
Sierra Leone,SLE,1965,0.437
Sierra Leone,SLE,1966,0.437
Sierra Leone,SLE,1967,0.437
Sierra Leone,SLE,1968,0.316
Sierra Leone,SLE,1969,0.235
Sierra Leone,SLE,1970,0.235
Sierra Leone,SLE,1971,0.217
Sierra Leone,SLE,1972,0.176
Sierra Leone,SLE,1973,0.176
Sierra Leone,SLE,1974,0.176
Sierra Leone,SLE,1975,0.176
Sierra Leone,SLE,1976,0.176
Sierra Leone,SLE,1977,0.176
Sierra Leone,SLE,1978,0.176
Sierra Leone,SLE,1979,0.123
Sierra Leone,SLE,1980,0.123
Sierra Leone,SLE,1981,0.123
Sierra Leone,SLE,1982,0.123
Sierra Leone,SLE,1983,0.123
Sierra Leone,SLE,1984,0.123
Sierra Leone,SLE,1985,0.123
Sierra Leone,SLE,1986,0.123
Sierra Leone,SLE,1987,0.123
Sierra Leone,SLE,1988,0.123
Sierra Leone,SLE,1989,0.123
Sierra Leone,SLE,1990,0.123
Sierra Leone,SLE,1991,0.129
Sierra Leone,SLE,1992,0.155
Sierra Leone,SLE,1993,0.198
Sierra Leone,SLE,1994,0.198
Sierra Leone,SLE,1995,0.198
Sierra Leone,SLE,1996,0.266
Sierra Leone,SLE,1997,0.308
Sierra Leone,SLE,1998,0.238
Sierra Leone,SLE,1999,0.238
Sierra Leone,SLE,2000,0.238
Sierra Leone,SLE,2001,0.238
Sierra Leone,SLE,2002,0.238
Sierra Leone,SLE,2003,0.203
Sierra Leone,SLE,2004,0.215
Sierra Leone,SLE,2005,0.195
Sierra Leone,SLE,2006,0.195
Sierra Leone,SLE,2007,0.171
Sierra Leone,SLE,2008,0.171
Sierra Leone,SLE,2009,0.171
Sierra Leone,SLE,2010,0.176
Sierra Leone,SLE,2011,0.176
Sierra Leone,SLE,2012,0.176
Sierra Leone,SLE,2013,0.161
Sierra Leone,SLE,2014,0.161
Sierra Leone,SLE,2015,0.161
Sierra Leone,SLE,2016,0.161
Sierra Leone,SLE,2017,0.189
Sierra Leone,SLE,2018,0.23
Sierra Leone,SLE,2019,0.237
Sierra Leone,SLE,2020,0.29
Sierra Leone,SLE,2021,0.389
Sierra Leone,SLE,2022,0.457
Sierra Leone,SLE,2023,0.446
Sierra Leone,SLE,2024,0.429
Sierra Leone,SLE,2025,0.429
Singapore,SGP,1900,0.876
Singapore,SGP,1901,0.876
Singapore,SGP,1902,0.876
Singapore,SGP,1903,0.876
Singapore,SGP,1904,0.876
Singapore,SGP,1905,0.876
Singapore,SGP,1906,0.876
Singapore,SGP,1907,0.876
Singapore,SGP,1908,0.876
Singapore,SGP,1909,0.876
Singapore,SGP,1910,0.876
Singapore,SGP,1911,0.876
Singapore,SGP,1912,0.876
Singapore,SGP,1913,0.876
Singapore,SGP,1914,0.876
Singapore,SGP,1915,0.876
Singapore,SGP,1916,0.876
Singapore,SGP,1917,0.876
Singapore,SGP,1918,0.876
Singapore,SGP,1919,0.876
Singapore,SGP,1920,0.876
Singapore,SGP,1921,0.876
Singapore,SGP,1922,0.876
Singapore,SGP,1923,0.876
Singapore,SGP,1924,0.876
Singapore,SGP,1925,0.876
Singapore,SGP,1926,0.876
Singapore,SGP,1927,0.876
Singapore,SGP,1928,0.876
Singapore,SGP,1929,0.876
Singapore,SGP,1930,0.876
Singapore,SGP,1931,0.876
Singapore,SGP,1932,0.876
Singapore,SGP,1933,0.876
Singapore,SGP,1934,0.876
Singapore,SGP,1935,0.876
Singapore,SGP,1936,0.876
Singapore,SGP,1937,0.876
Singapore,SGP,1938,0.876
Singapore,SGP,1939,0.876
Singapore,SGP,1940,0.876
Singapore,SGP,1941,0.876
Singapore,SGP,1942,0.863
Singapore,SGP,1943,0.863
Singapore,SGP,1944,0.863
Singapore,SGP,1945,0.863
Singapore,SGP,1946,0.868
Singapore,SGP,1947,0.868
Singapore,SGP,1948,0.868
Singapore,SGP,1949,0.868
Singapore,SGP,1950,0.868
Singapore,SGP,1951,0.868
Singapore,SGP,1952,0.868
Singapore,SGP,1953,0.868
Singapore,SGP,1954,0.868
Singapore,SGP,1955,0.868
Singapore,SGP,1956,0.823
Singapore,SGP,1957,0.823
Singapore,SGP,1958,0.823
Singapore,SGP,1959,0.941
Singapore,SGP,1960,0.888
Singapore,SGP,1961,0.888
Singapore,SGP,1962,0.961
Singapore,SGP,1963,0.961
Singapore,SGP,1964,0.961
Singapore,SGP,1965,0.969
Singapore,SGP,1966,0.969
Singapore,SGP,1967,0.969
Singapore,SGP,1968,0.969
Singapore,SGP,1969,0.969
Singapore,SGP,1970,0.974
Singapore,SGP,1971,0.974
Singapore,SGP,1972,0.974
Singapore,SGP,1973,0.974
Singapore,SGP,1974,0.974
Singapore,SGP,1975,0.988
Singapore,SGP,1976,0.99
Singapore,SGP,1977,0.99
Singapore,SGP,1978,0.99
Singapore,SGP,1979,0.99
Singapore,SGP,1980,0.99
Singapore,SGP,1981,0.99
Singapore,SGP,1982,0.99
Singapore,SGP,1983,0.99
Singapore,SGP,1984,0.99
Singapore,SGP,1985,0.99
Singapore,SGP,1986,0.99
Singapore,SGP,1987,0.99
Singapore,SGP,1988,0.99
Singapore,SGP,1989,0.99
Singapore,SGP,1990,0.99
Singapore,SGP,1991,0.99
Singapore,SGP,1992,0.99
Singapore,SGP,1993,0.99
Singapore,SGP,1994,0.99
Singapore,SGP,1995,0.99
Singapore,SGP,1996,0.99
Singapore,SGP,1997,0.99
Singapore,SGP,1998,0.99
Singapore,SGP,1999,0.99
Singapore,SGP,2000,0.99
Singapore,SGP,2001,0.99
Singapore,SGP,2002,0.99
Singapore,SGP,2003,0.99
Singapore,SGP,2004,0.99
Singapore,SGP,2005,0.99
Singapore,SGP,2006,0.99
Singapore,SGP,2007,0.99
Singapore,SGP,2008,0.99
Singapore,SGP,2009,0.99
Singapore,SGP,2010,0.99
Singapore,SGP,2011,0.99
Singapore,SGP,2012,0.99
Singapore,SGP,2013,0.99
Singapore,SGP,2014,0.99
Singapore,SGP,2015,0.99
Singapore,SGP,2016,0.99
Singapore,SGP,2017,0.99
Singapore,SGP,2018,0.99
Singapore,SGP,2019,0.99
Singapore,SGP,2020,0.992
Singapore,SGP,2021,0.992
Singapore,SGP,2022,0.992
Singapore,SGP,2023,0.987
Singapore,SGP,2024,0.968
Singapore,SGP,2025,0.987
Slovakia,SVK,1939,0.458
Slovakia,SVK,1940,0.458
Slovakia,SVK,1941,0.458
Slovakia,SVK,1942,0.458
Slovakia,SVK,1943,0.458
Slovakia,SVK,1944,0.458
Slovakia,SVK,1993,0.628
Slovakia,SVK,1994,0.62
Slovakia,SVK,1995,0.62
Slovakia,SVK,1996,0.62
Slovakia,SVK,1997,0.62
Slovakia,SVK,1998,0.67
Slovakia,SVK,1999,0.682
Slovakia,SVK,2000,0.682
Slovakia,SVK,2001,0.682
Slovakia,SVK,2002,0.682
Slovakia,SVK,2003,0.682
Slovakia,SVK,2004,0.682
Slovakia,SVK,2005,0.682
Slovakia,SVK,2006,0.676
Slovakia,SVK,2007,0.689
Slovakia,SVK,2008,0.689
Slovakia,SVK,2009,0.689
Slovakia,SVK,2010,0.705
Slovakia,SVK,2011,0.705
Slovakia,SVK,2012,0.691
Slovakia,SVK,2013,0.703
Slovakia,SVK,2014,0.703
Slovakia,SVK,2015,0.711
Slovakia,SVK,2016,0.714
Slovakia,SVK,2017,0.715
Slovakia,SVK,2018,0.715
Slovakia,SVK,2019,0.713
Slovakia,SVK,2020,0.789
Slovakia,SVK,2021,0.792
Slovakia,SVK,2022,0.792
Slovakia,SVK,2023,0.804
Slovakia,SVK,2024,0.722
Slovakia,SVK,2025,0.71
Slovenia,SVN,1989,0.804
Slovenia,SVN,1990,0.815
Slovenia,SVN,1991,0.873
Slovenia,SVN,1992,0.872
Slovenia,SVN,1993,0.868
Slovenia,SVN,1994,0.863
Slovenia,SVN,1995,0.857
Slovenia,SVN,1996,0.873
Slovenia,SVN,1997,0.873
Slovenia,SVN,1998,0.873
Slovenia,SVN,1999,0.873
Slovenia,SVN,2000,0.892
Slovenia,SVN,2001,0.892
Slovenia,SVN,2002,0.892
Slovenia,SVN,2003,0.893
Slovenia,SVN,2004,0.854
Slovenia,SVN,2005,0.854
Slovenia,SVN,2006,0.854
Slovenia,SVN,2007,0.848
Slovenia,SVN,2008,0.868
Slovenia,SVN,2009,0.87
Slovenia,SVN,2010,0.86
Slovenia,SVN,2011,0.855
Slovenia,SVN,2012,0.847
Slovenia,SVN,2013,0.868
Slovenia,SVN,2014,0.903
Slovenia,SVN,2015,0.902
Slovenia,SVN,2016,0.926
Slovenia,SVN,2017,0.924
Slovenia,SVN,2018,0.91
Slovenia,SVN,2019,0.906
Slovenia,SVN,2020,0.864
Slovenia,SVN,2021,0.816
Slovenia,SVN,2022,0.905
Slovenia,SVN,2023,0.943
Slovenia,SVN,2024,0.943
Slovenia,SVN,2025,0.922
Solomon Islands,SLB,1900,0.843
Solomon Islands,SLB,1901,0.843
Solomon Islands,SLB,1902,0.843
Solomon Islands,SLB,1903,0.843
Solomon Islands,SLB,1904,0.843
Solomon Islands,SLB,1905,0.843
Solomon Islands,SLB,1906,0.843
Solomon Islands,SLB,1907,0.843
Solomon Islands,SLB,1908,0.843
Solomon Islands,SLB,1909,0.843
Solomon Islands,SLB,1910,0.843
Solomon Islands,SLB,1911,0.843
Solomon Islands,SLB,1912,0.843
Solomon Islands,SLB,1913,0.843
Solomon Islands,SLB,1914,0.843
Solomon Islands,SLB,1915,0.843
Solomon Islands,SLB,1916,0.843
Solomon Islands,SLB,1917,0.843
Solomon Islands,SLB,1918,0.843
Solomon Islands,SLB,1919,0.843
Solomon Islands,SLB,1920,0.843
Solomon Islands,SLB,1921,0.843
Solomon Islands,SLB,1922,0.843
Solomon Islands,SLB,1923,0.843
Solomon Islands,SLB,1924,0.843
Solomon Islands,SLB,1925,0.843
Solomon Islands,SLB,1926,0.843
Solomon Islands,SLB,1927,0.843
Solomon Islands,SLB,1928,0.843
Solomon Islands,SLB,1929,0.843
Solomon Islands,SLB,1930,0.843
Solomon Islands,SLB,1931,0.843
Solomon Islands,SLB,1932,0.843
Solomon Islands,SLB,1933,0.843
Solomon Islands,SLB,1934,0.843
Solomon Islands,SLB,1935,0.843
Solomon Islands,SLB,1936,0.843
Solomon Islands,SLB,1937,0.843
Solomon Islands,SLB,1938,0.843
Solomon Islands,SLB,1939,0.843
Solomon Islands,SLB,1940,0.843
Solomon Islands,SLB,1941,0.843
Solomon Islands,SLB,1942,0.843
Solomon Islands,SLB,1943,0.843
Solomon Islands,SLB,1944,0.843
Solomon Islands,SLB,1945,0.843
Solomon Islands,SLB,1946,0.843
Solomon Islands,SLB,1947,0.843
Solomon Islands,SLB,1948,0.843
Solomon Islands,SLB,1949,0.843
Solomon Islands,SLB,1950,0.843
Solomon Islands,SLB,1951,0.843
Solomon Islands,SLB,1952,0.843
Solomon Islands,SLB,1953,0.843
Solomon Islands,SLB,1954,0.843
Solomon Islands,SLB,1955,0.843
Solomon Islands,SLB,1956,0.843
Solomon Islands,SLB,1957,0.843
Solomon Islands,SLB,1958,0.843
Solomon Islands,SLB,1959,0.843
Solomon Islands,SLB,1960,0.869
Solomon Islands,SLB,1961,0.869
Solomon Islands,SLB,1962,0.869
Solomon Islands,SLB,1963,0.869
Solomon Islands,SLB,1964,0.869
Solomon Islands,SLB,1965,0.869
Solomon Islands,SLB,1966,0.869
Solomon Islands,SLB,1967,0.869
Solomon Islands,SLB,1968,0.869
Solomon Islands,SLB,1969,0.869
Solomon Islands,SLB,1970,0.869
Solomon Islands,SLB,1971,0.869
Solomon Islands,SLB,1972,0.869
Solomon Islands,SLB,1973,0.876
Solomon Islands,SLB,1974,0.876
Solomon Islands,SLB,1975,0.876
Solomon Islands,SLB,1976,0.876
Solomon Islands,SLB,1977,0.876
Solomon Islands,SLB,1978,0.855
Solomon Islands,SLB,1979,0.861
Solomon Islands,SLB,1980,0.719
Solomon Islands,SLB,1981,0.707
Solomon Islands,SLB,1982,0.67
Solomon Islands,SLB,1983,0.644
Solomon Islands,SLB,1984,0.644
Solomon Islands,SLB,1985,0.657
Solomon Islands,SLB,1986,0.657
Solomon Islands,SLB,1987,0.657
Solomon Islands,SLB,1988,0.657
Solomon Islands,SLB,1989,0.645
Solomon Islands,SLB,1990,0.626
Solomon Islands,SLB,1991,0.626
Solomon Islands,SLB,1992,0.626
Solomon Islands,SLB,1993,0.626
Solomon Islands,SLB,1994,0.626
Solomon Islands,SLB,1995,0.626
Solomon Islands,SLB,1996,0.626
Solomon Islands,SLB,1997,0.626
Solomon Islands,SLB,1998,0.626
Solomon Islands,SLB,1999,0.54
Solomon Islands,SLB,2000,0.479
Solomon Islands,SLB,2001,0.479
Solomon Islands,SLB,2002,0.48
Solomon Islands,SLB,2003,0.48
Solomon Islands,SLB,2004,0.422
Solomon Islands,SLB,2005,0.406
Solomon Islands,SLB,2006,0.393
Solomon Islands,SLB,2007,0.393
Solomon Islands,SLB,2008,0.397
Solomon Islands,SLB,2009,0.392
Solomon Islands,SLB,2010,0.406
Solomon Islands,SLB,2011,0.392
Solomon Islands,SLB,2012,0.388
Solomon Islands,SLB,2013,0.382
Solomon Islands,SLB,2014,0.391
Solomon Islands,SLB,2015,0.387
Solomon Islands,SLB,2016,0.378
Solomon Islands,SLB,2017,0.371
Solomon Islands,SLB,2018,0.371
Solomon Islands,SLB,2019,0.378
Solomon Islands,SLB,2020,0.354
Solomon Islands,SLB,2021,0.36
Solomon Islands,SLB,2022,0.365
Solomon Islands,SLB,2023,0.365
Solomon Islands,SLB,2024,0.398
Solomon Islands,SLB,2025,0.398
Somalia,SOM,1900,0.699
Somalia,SOM,1901,0.699
Somalia,SOM,1902,0.699
Somalia,SOM,1903,0.699
Somalia,SOM,1904,0.699
Somalia,SOM,1905,0.699
Somalia,SOM,1906,0.713
Somalia,SOM,1907,0.713
Somalia,SOM,1908,0.713
Somalia,SOM,1909,0.713
Somalia,SOM,1910,0.713
Somalia,SOM,1911,0.713
Somalia,SOM,1912,0.713
Somalia,SOM,1913,0.713
Somalia,SOM,1914,0.713
Somalia,SOM,1915,0.713
Somalia,SOM,1916,0.713
Somalia,SOM,1917,0.713
Somalia,SOM,1918,0.713
Somalia,SOM,1919,0.713
Somalia,SOM,1920,0.713
Somalia,SOM,1921,0.713
Somalia,SOM,1922,0.713
Somalia,SOM,1923,0.713
Somalia,SOM,1924,0.713
Somalia,SOM,1925,0.713
Somalia,SOM,1926,0.713
Somalia,SOM,1927,0.705
Somalia,SOM,1928,0.705
Somalia,SOM,1929,0.705
Somalia,SOM,1930,0.705
Somalia,SOM,1931,0.705
Somalia,SOM,1932,0.705
Somalia,SOM,1933,0.705
Somalia,SOM,1934,0.705
Somalia,SOM,1935,0.705
Somalia,SOM,1936,0.705
Somalia,SOM,1937,0.705
Somalia,SOM,1938,0.705
Somalia,SOM,1939,0.705
Somalia,SOM,1940,0.705
Somalia,SOM,1941,0.705
Somalia,SOM,1942,0.709
Somalia,SOM,1943,0.709
Somalia,SOM,1944,0.709
Somalia,SOM,1945,0.709
Somalia,SOM,1946,0.709
Somalia,SOM,1947,0.709
Somalia,SOM,1948,0.709
Somalia,SOM,1949,0.709
Somalia,SOM,1950,0.709
Somalia,SOM,1951,0.745
Somalia,SOM,1952,0.745
Somalia,SOM,1953,0.745
Somalia,SOM,1954,0.745
Somalia,SOM,1955,0.745
Somalia,SOM,1956,0.672
Somalia,SOM,1957,0.658
Somalia,SOM,1958,0.658
Somalia,SOM,1959,0.658
Somalia,SOM,1960,0.654
Somalia,SOM,1961,0.576
Somalia,SOM,1962,0.521
Somalia,SOM,1963,0.521
Somalia,SOM,1964,0.521
Somalia,SOM,1965,0.521
Somalia,SOM,1966,0.521
Somalia,SOM,1967,0.516
Somalia,SOM,1968,0.516
Somalia,SOM,1969,0.516
Somalia,SOM,1970,0.496
Somalia,SOM,1971,0.496
Somalia,SOM,1972,0.496
Somalia,SOM,1973,0.496
Somalia,SOM,1974,0.496
Somalia,SOM,1975,0.496
Somalia,SOM,1976,0.496
Somalia,SOM,1977,0.48
Somalia,SOM,1978,0.449
Somalia,SOM,1979,0.448
Somalia,SOM,1980,0.357
Somalia,SOM,1981,0.357
Somalia,SOM,1982,0.357
Somalia,SOM,1983,0.357
Somalia,SOM,1984,0.357
Somalia,SOM,1985,0.357
Somalia,SOM,1986,0.357
Somalia,SOM,1987,0.357
Somalia,SOM,1988,0.357
Somalia,SOM,1989,0.357
Somalia,SOM,1990,0.353
Somalia,SOM,1991,0.376
Somalia,SOM,1992,0.042
Somalia,SOM,1993,0.042
Somalia,SOM,1994,0.042
Somalia,SOM,1995,0.042
Somalia,SOM,1996,0.042
Somalia,SOM,1997,0.042
Somalia,SOM,1998,0.042
Somalia,SOM,1999,0.042
Somalia,SOM,2000,0.052
Somalia,SOM,2001,0.058
Somalia,SOM,2002,0.061
Somalia,SOM,2003,0.061
Somalia,SOM,2004,0.061
Somalia,SOM,2005,0.051
Somalia,SOM,2006,0.054
Somalia,SOM,2007,0.055
Somalia,SOM,2008,0.054
Somalia,SOM,2009,0.055
Somalia,SOM,2010,0.055
Somalia,SOM,2011,0.055
Somalia,SOM,2012,0.054
Somalia,SOM,2013,0.067
Somalia,SOM,2014,0.075
Somalia,SOM,2015,0.075
Somalia,SOM,2016,0.061
Somalia,SOM,2017,0.077
Somalia,SOM,2018,0.086
Somalia,SOM,2019,0.097
Somalia,SOM,2020,0.078
Somalia,SOM,2021,0.086
Somalia,SOM,2022,0.095
Somalia,SOM,2023,0.133
Somalia,SOM,2024,0.13
Somalia,SOM,2025,0.13
Somalia,OWID_SML,1900,0.899
Somalia,OWID_SML,1901,0.899
Somalia,OWID_SML,1902,0.899
Somalia,OWID_SML,1903,0.899
Somalia,OWID_SML,1904,0.899
Somalia,OWID_SML,1905,0.899
Somalia,OWID_SML,1906,0.899
Somalia,OWID_SML,1907,0.899
Somalia,OWID_SML,1908,0.899
Somalia,OWID_SML,1909,0.899
Somalia,OWID_SML,1910,0.899
Somalia,OWID_SML,1911,0.899
Somalia,OWID_SML,1912,0.899
Somalia,OWID_SML,1913,0.899
Somalia,OWID_SML,1914,0.899
Somalia,OWID_SML,1915,0.899
Somalia,OWID_SML,1916,0.899
Somalia,OWID_SML,1917,0.899
Somalia,OWID_SML,1918,0.899
Somalia,OWID_SML,1919,0.899
Somalia,OWID_SML,1920,0.899
Somalia,OWID_SML,1921,0.899
Somalia,OWID_SML,1922,0.899
Somalia,OWID_SML,1923,0.899
Somalia,OWID_SML,1924,0.899
Somalia,OWID_SML,1925,0.899
Somalia,OWID_SML,1926,0.899
Somalia,OWID_SML,1927,0.899
Somalia,OWID_SML,1928,0.899
Somalia,OWID_SML,1929,0.899
Somalia,OWID_SML,1930,0.899
Somalia,OWID_SML,1931,0.899
Somalia,OWID_SML,1932,0.899
Somalia,OWID_SML,1933,0.899
Somalia,OWID_SML,1934,0.899
Somalia,OWID_SML,1935,0.899
Somalia,OWID_SML,1936,0.899
Somalia,OWID_SML,1937,0.899
Somalia,OWID_SML,1938,0.899
Somalia,OWID_SML,1939,0.899
Somalia,OWID_SML,1940,0.899
Somalia,OWID_SML,1941,0.899
Somalia,OWID_SML,1942,0.899
Somalia,OWID_SML,1943,0.899
Somalia,OWID_SML,1944,0.899
Somalia,OWID_SML,1945,0.899
Somalia,OWID_SML,1946,0.899
Somalia,OWID_SML,1947,0.899
Somalia,OWID_SML,1948,0.899
Somalia,OWID_SML,1949,0.899
Somalia,OWID_SML,1950,0.899
Somalia,OWID_SML,1951,0.898
Somalia,OWID_SML,1952,0.898
Somalia,OWID_SML,1953,0.898
Somalia,OWID_SML,1954,0.898
Somalia,OWID_SML,1955,0.898
Somalia,OWID_SML,1956,0.898
Somalia,OWID_SML,1957,0.898
Somalia,OWID_SML,1958,0.921
Somalia,OWID_SML,1959,0.921
Somalia,OWID_SML,1991,0.266
Somalia,OWID_SML,1992,0.266
Somalia,OWID_SML,1993,0.302
Somalia,OWID_SML,1994,0.302
Somalia,OWID_SML,1995,0.302
Somalia,OWID_SML,1996,0.282
Somalia,OWID_SML,1997,0.282
Somalia,OWID_SML,1998,0.282
Somalia,OWID_SML,1999,0.282
Somalia,OWID_SML,2000,0.282
Somalia,OWID_SML,2001,0.282
Somalia,OWID_SML,2002,0.282
Somalia,OWID_SML,2003,0.282
Somalia,OWID_SML,2004,0.282
Somalia,OWID_SML,2005,0.282
Somalia,OWID_SML,2006,0.282
Somalia,OWID_SML,2007,0.282
Somalia,OWID_SML,2008,0.288
Somalia,OWID_SML,2009,0.288
Somalia,OWID_SML,2010,0.288
Somalia,OWID_SML,2011,0.3
Somalia,OWID_SML,2012,0.302
Somalia,OWID_SML,2013,0.316
Somalia,OWID_SML,2014,0.316
Somalia,OWID_SML,2015,0.316
Somalia,OWID_SML,2016,0.292
Somalia,OWID_SML,2017,0.326
Somalia,OWID_SML,2018,0.347
Somalia,OWID_SML,2019,0.338
Somalia,OWID_SML,2020,0.348
Somalia,OWID_SML,2021,0.335
Somalia,OWID_SML,2022,0.383
Somalia,OWID_SML,2023,0.383
Somalia,OWID_SML,2024,0.402
Somalia,OWID_SML,2025,0.441
South Africa,ZAF,1900,0.578
South Africa,ZAF,1901,0.578
South Africa,ZAF,1902,0.578
South Africa,ZAF,1903,0.578
South Africa,ZAF,1904,0.578
South Africa,ZAF,1905,0.578
South Africa,ZAF,1906,0.578
South Africa,ZAF,1907,0.578
South Africa,ZAF,1908,0.578
South Africa,ZAF,1909,0.578
South Africa,ZAF,1910,0.578
South Africa,ZAF,1911,0.578
South Africa,ZAF,1912,0.578
South Africa,ZAF,1913,0.578
South Africa,ZAF,1914,0.578
South Africa,ZAF,1915,0.578
South Africa,ZAF,1916,0.578
South Africa,ZAF,1917,0.578
South Africa,ZAF,1918,0.578
South Africa,ZAF,1919,0.578
South Africa,ZAF,1920,0.578
South Africa,ZAF,1921,0.578
South Africa,ZAF,1922,0.578
South Africa,ZAF,1923,0.578
South Africa,ZAF,1924,0.578
South Africa,ZAF,1925,0.578
South Africa,ZAF,1926,0.578
South Africa,ZAF,1927,0.578
South Africa,ZAF,1928,0.578
South Africa,ZAF,1929,0.578
South Africa,ZAF,1930,0.578
South Africa,ZAF,1931,0.578
South Africa,ZAF,1932,0.578
South Africa,ZAF,1933,0.578
South Africa,ZAF,1934,0.578
South Africa,ZAF,1935,0.578
South Africa,ZAF,1936,0.578
South Africa,ZAF,1937,0.578
South Africa,ZAF,1938,0.578
South Africa,ZAF,1939,0.578
South Africa,ZAF,1940,0.578
South Africa,ZAF,1941,0.578
South Africa,ZAF,1942,0.578
South Africa,ZAF,1943,0.578
South Africa,ZAF,1944,0.578
South Africa,ZAF,1945,0.578
South Africa,ZAF,1946,0.578
South Africa,ZAF,1947,0.578
South Africa,ZAF,1948,0.572
South Africa,ZAF,1949,0.572
South Africa,ZAF,1950,0.572
South Africa,ZAF,1951,0.572
South Africa,ZAF,1952,0.572
South Africa,ZAF,1953,0.572
South Africa,ZAF,1954,0.572
South Africa,ZAF,1955,0.572
South Africa,ZAF,1956,0.572
South Africa,ZAF,1957,0.572
South Africa,ZAF,1958,0.572
South Africa,ZAF,1959,0.572
South Africa,ZAF,1960,0.572
South Africa,ZAF,1961,0.572
South Africa,ZAF,1962,0.572
South Africa,ZAF,1963,0.572
South Africa,ZAF,1964,0.572
South Africa,ZAF,1965,0.572
South Africa,ZAF,1966,0.572
South Africa,ZAF,1967,0.572
South Africa,ZAF,1968,0.572
South Africa,ZAF,1969,0.572
South Africa,ZAF,1970,0.556
South Africa,ZAF,1971,0.556
South Africa,ZAF,1972,0.556
South Africa,ZAF,1973,0.559
South Africa,ZAF,1974,0.559
South Africa,ZAF,1975,0.559
South Africa,ZAF,1976,0.559
South Africa,ZAF,1977,0.559
South Africa,ZAF,1978,0.559
South Africa,ZAF,1979,0.559
South Africa,ZAF,1980,0.559
South Africa,ZAF,1981,0.559
South Africa,ZAF,1982,0.559
South Africa,ZAF,1983,0.559
South Africa,ZAF,1984,0.559
South Africa,ZAF,1985,0.559
South Africa,ZAF,1986,0.559
South Africa,ZAF,1987,0.559
South Africa,ZAF,1988,0.559
South Africa,ZAF,1989,0.559
South Africa,ZAF,1990,0.559
South Africa,ZAF,1991,0.559
South Africa,ZAF,1992,0.559
South Africa,ZAF,1993,0.559
South Africa,ZAF,1994,0.611
South Africa,ZAF,1995,0.584
South Africa,ZAF,1996,0.605
South Africa,ZAF,1997,0.605
South Africa,ZAF,1998,0.605
South Africa,ZAF,1999,0.605
South Africa,ZAF,2000,0.584
South Africa,ZAF,2001,0.584
South Africa,ZAF,2002,0.584
South Africa,ZAF,2003,0.584
South Africa,ZAF,2004,0.584
South Africa,ZAF,2005,0.557
South Africa,ZAF,2006,0.556
South Africa,ZAF,2007,0.556
South Africa,ZAF,2008,0.554
South Africa,ZAF,2009,0.525
South Africa,ZAF,2010,0.513
South Africa,ZAF,2011,0.513
South Africa,ZAF,2012,0.513
South Africa,ZAF,2013,0.521
South Africa,ZAF,2014,0.519
South Africa,ZAF,2015,0.508
South Africa,ZAF,2016,0.508
South Africa,ZAF,2017,0.5
South Africa,ZAF,2018,0.497
South Africa,ZAF,2019,0.539
South Africa,ZAF,2020,0.574
South Africa,ZAF,2021,0.557
South Africa,ZAF,2022,0.531
South Africa,ZAF,2023,0.478
South Africa,ZAF,2024,0.483
South Africa,ZAF,2025,0.462
South Korea,KOR,1900,0.37
South Korea,KOR,1901,0.37
South Korea,KOR,1902,0.37
South Korea,KOR,1903,0.37
South Korea,KOR,1904,0.37
South Korea,KOR,1905,0.37
South Korea,KOR,1906,0.37
South Korea,KOR,1907,0.37
South Korea,KOR,1908,0.37
South Korea,KOR,1909,0.37
South Korea,KOR,1910,0.388
South Korea,KOR,1911,0.4
South Korea,KOR,1912,0.4
South Korea,KOR,1913,0.4
South Korea,KOR,1914,0.4
South Korea,KOR,1915,0.4
South Korea,KOR,1916,0.4
South Korea,KOR,1917,0.4
South Korea,KOR,1918,0.4
South Korea,KOR,1919,0.4
South Korea,KOR,1920,0.4
South Korea,KOR,1921,0.4
South Korea,KOR,1922,0.4
South Korea,KOR,1923,0.4
South Korea,KOR,1924,0.4
South Korea,KOR,1925,0.4
South Korea,KOR,1926,0.4
South Korea,KOR,1927,0.4
South Korea,KOR,1928,0.4
South Korea,KOR,1929,0.4
South Korea,KOR,1930,0.4
South Korea,KOR,1931,0.4
South Korea,KOR,1932,0.4
South Korea,KOR,1933,0.4
South Korea,KOR,1934,0.4
South Korea,KOR,1935,0.4
South Korea,KOR,1936,0.4
South Korea,KOR,1937,0.4
South Korea,KOR,1938,0.4
South Korea,KOR,1939,0.4
South Korea,KOR,1940,0.4
South Korea,KOR,1941,0.4
South Korea,KOR,1942,0.4
South Korea,KOR,1943,0.4
South Korea,KOR,1944,0.4
South Korea,KOR,1945,0.436
South Korea,KOR,1946,0.5
South Korea,KOR,1947,0.5
South Korea,KOR,1948,0.486
South Korea,KOR,1949,0.386
South Korea,KOR,1950,0.377
South Korea,KOR,1951,0.377
South Korea,KOR,1952,0.377
South Korea,KOR,1953,0.377
South Korea,KOR,1954,0.377
South Korea,KOR,1955,0.377
South Korea,KOR,1956,0.377
South Korea,KOR,1957,0.377
South Korea,KOR,1958,0.377
South Korea,KOR,1959,0.377
South Korea,KOR,1960,0.475
South Korea,KOR,1961,0.455
South Korea,KOR,1962,0.435
South Korea,KOR,1963,0.435
South Korea,KOR,1964,0.435
South Korea,KOR,1965,0.435
South Korea,KOR,1966,0.435
South Korea,KOR,1967,0.435
South Korea,KOR,1968,0.435
South Korea,KOR,1969,0.435
South Korea,KOR,1970,0.435
South Korea,KOR,1971,0.435
South Korea,KOR,1972,0.428
South Korea,KOR,1973,0.428
South Korea,KOR,1974,0.428
South Korea,KOR,1975,0.428
South Korea,KOR,1976,0.428
South Korea,KOR,1977,0.428
South Korea,KOR,1978,0.428
South Korea,KOR,1979,0.428
South Korea,KOR,1980,0.429
South Korea,KOR,1981,0.429
South Korea,KOR,1982,0.429
South Korea,KOR,1983,0.433
South Korea,KOR,1984,0.433
South Korea,KOR,1985,0.433
South Korea,KOR,1986,0.433
South Korea,KOR,1987,0.488
South Korea,KOR,1988,0.542
South Korea,KOR,1989,0.542
South Korea,KOR,1990,0.542
South Korea,KOR,1991,0.542
South Korea,KOR,1992,0.559
South Korea,KOR,1993,0.707
South Korea,KOR,1994,0.692
South Korea,KOR,1995,0.692
South Korea,KOR,1996,0.71
South Korea,KOR,1997,0.71
South Korea,KOR,1998,0.743
South Korea,KOR,1999,0.744
South Korea,KOR,2000,0.763
South Korea,KOR,2001,0.763
South Korea,KOR,2002,0.799
South Korea,KOR,2003,0.853
South Korea,KOR,2004,0.868
South Korea,KOR,2005,0.868
South Korea,KOR,2006,0.868
South Korea,KOR,2007,0.868
South Korea,KOR,2008,0.83
South Korea,KOR,2009,0.83
South Korea,KOR,2010,0.82
South Korea,KOR,2011,0.82
South Korea,KOR,2012,0.804
South Korea,KOR,2013,0.787
South Korea,KOR,2014,0.787
South Korea,KOR,2015,0.767
South Korea,KOR,2016,0.767
South Korea,KOR,2017,0.866
South Korea,KOR,2018,0.871
South Korea,KOR,2019,0.887
South Korea,KOR,2020,0.887
South Korea,KOR,2021,0.84
South Korea,KOR,2022,0.876
South Korea,KOR,2023,0.846
South Korea,KOR,2024,0.844
South Korea,KOR,2025,0.844
South Sudan,SSD,2011,0.188
South Sudan,SSD,2012,0.188
South Sudan,SSD,2013,0.13
South Sudan,SSD,2014,0.13
South Sudan,SSD,2015,0.13
South Sudan,SSD,2016,0.093
South Sudan,SSD,2017,0.145
South Sudan,SSD,2018,0.12
South Sudan,SSD,2019,0.066
South Sudan,SSD,2020,0.073
South Sudan,SSD,2021,0.153
South Sudan,SSD,2022,0.147
South Sudan,SSD,2023,0.124
South Sudan,SSD,2024,0.136
South Sudan,SSD,2025,0.107
Spain,ESP,1900,0.515
Spain,ESP,1901,0.515
Spain,ESP,1902,0.515
Spain,ESP,1903,0.515
Spain,ESP,1904,0.515
Spain,ESP,1905,0.515
Spain,ESP,1906,0.515
Spain,ESP,1907,0.515
Spain,ESP,1908,0.515
Spain,ESP,1909,0.515
Spain,ESP,1910,0.515
Spain,ESP,1911,0.515
Spain,ESP,1912,0.515
Spain,ESP,1913,0.515
Spain,ESP,1914,0.515
Spain,ESP,1915,0.515
Spain,ESP,1916,0.515
Spain,ESP,1917,0.515
Spain,ESP,1918,0.515
Spain,ESP,1919,0.515
Spain,ESP,1920,0.515
Spain,ESP,1921,0.515
Spain,ESP,1922,0.515
Spain,ESP,1923,0.531
Spain,ESP,1924,0.531
Spain,ESP,1925,0.531
Spain,ESP,1926,0.531
Spain,ESP,1927,0.531
Spain,ESP,1928,0.531
Spain,ESP,1929,0.531
Spain,ESP,1930,0.531
Spain,ESP,1931,0.736
Spain,ESP,1932,0.69
Spain,ESP,1933,0.69
Spain,ESP,1934,0.69
Spain,ESP,1935,0.69
Spain,ESP,1936,0.69
Spain,ESP,1937,0.69
Spain,ESP,1938,0.648
Spain,ESP,1939,0.749
Spain,ESP,1940,0.645
Spain,ESP,1941,0.645
Spain,ESP,1942,0.645
Spain,ESP,1943,0.535
Spain,ESP,1944,0.507
Spain,ESP,1945,0.507
Spain,ESP,1946,0.507
Spain,ESP,1947,0.507
Spain,ESP,1948,0.507
Spain,ESP,1949,0.507
Spain,ESP,1950,0.507
Spain,ESP,1951,0.507
Spain,ESP,1952,0.507
Spain,ESP,1953,0.507
Spain,ESP,1954,0.507
Spain,ESP,1955,0.507
Spain,ESP,1956,0.507
Spain,ESP,1957,0.507
Spain,ESP,1958,0.507
Spain,ESP,1959,0.507
Spain,ESP,1960,0.521
Spain,ESP,1961,0.521
Spain,ESP,1962,0.521
Spain,ESP,1963,0.521
Spain,ESP,1964,0.521
Spain,ESP,1965,0.521
Spain,ESP,1966,0.521
Spain,ESP,1967,0.521
Spain,ESP,1968,0.521
Spain,ESP,1969,0.521
Spain,ESP,1970,0.521
Spain,ESP,1971,0.521
Spain,ESP,1972,0.521
Spain,ESP,1973,0.54
Spain,ESP,1974,0.551
Spain,ESP,1975,0.623
Spain,ESP,1976,0.649
Spain,ESP,1977,0.835
Spain,ESP,1978,0.954
Spain,ESP,1979,0.959
Spain,ESP,1980,0.959
Spain,ESP,1981,0.959
Spain,ESP,1982,0.959
Spain,ESP,1983,0.959
Spain,ESP,1984,0.959
Spain,ESP,1985,0.959
Spain,ESP,1986,0.962
Spain,ESP,1987,0.962
Spain,ESP,1988,0.962
Spain,ESP,1989,0.962
Spain,ESP,1990,0.962
Spain,ESP,1991,0.962
Spain,ESP,1992,0.962
Spain,ESP,1993,0.962
Spain,ESP,1994,0.962
Spain,ESP,1995,0.962
Spain,ESP,1996,0.962
Spain,ESP,1997,0.962
Spain,ESP,1998,0.962
Spain,ESP,1999,0.962
Spain,ESP,2000,0.962
Spain,ESP,2001,0.962
Spain,ESP,2002,0.962
Spain,ESP,2003,0.962
Spain,ESP,2004,0.962
Spain,ESP,2005,0.962
Spain,ESP,2006,0.962
Spain,ESP,2007,0.962
Spain,ESP,2008,0.962
Spain,ESP,2009,0.962
Spain,ESP,2010,0.962
Spain,ESP,2011,0.959
Spain,ESP,2012,0.956
Spain,ESP,2013,0.947
Spain,ESP,2014,0.947
Spain,ESP,2015,0.947
Spain,ESP,2016,0.938
Spain,ESP,2017,0.949
Spain,ESP,2018,0.964
Spain,ESP,2019,0.964
Spain,ESP,2020,0.967
Spain,ESP,2021,0.964
Spain,ESP,2022,0.95
Spain,ESP,2023,0.933
Spain,ESP,2024,0.902
Spain,ESP,2025,0.887
Sri Lanka,LKA,1900,0.942
Sri Lanka,LKA,1901,0.942
Sri Lanka,LKA,1902,0.942
Sri Lanka,LKA,1903,0.942
Sri Lanka,LKA,1904,0.942
Sri Lanka,LKA,1905,0.942
Sri Lanka,LKA,1906,0.942
Sri Lanka,LKA,1907,0.942
Sri Lanka,LKA,1908,0.942
Sri Lanka,LKA,1909,0.942
Sri Lanka,LKA,1910,0.942
Sri Lanka,LKA,1911,0.942
Sri Lanka,LKA,1912,0.942
Sri Lanka,LKA,1913,0.942
Sri Lanka,LKA,1914,0.942
Sri Lanka,LKA,1915,0.942
Sri Lanka,LKA,1916,0.942
Sri Lanka,LKA,1917,0.942
Sri Lanka,LKA,1918,0.942
Sri Lanka,LKA,1919,0.942
Sri Lanka,LKA,1920,0.942
Sri Lanka,LKA,1921,0.942
Sri Lanka,LKA,1922,0.942
Sri Lanka,LKA,1923,0.942
Sri Lanka,LKA,1924,0.942
Sri Lanka,LKA,1925,0.942
Sri Lanka,LKA,1926,0.942
Sri Lanka,LKA,1927,0.942
Sri Lanka,LKA,1928,0.942
Sri Lanka,LKA,1929,0.942
Sri Lanka,LKA,1930,0.942
Sri Lanka,LKA,1931,0.935
Sri Lanka,LKA,1932,0.931
Sri Lanka,LKA,1933,0.931
Sri Lanka,LKA,1934,0.931
Sri Lanka,LKA,1935,0.931
Sri Lanka,LKA,1936,0.931
Sri Lanka,LKA,1937,0.931
Sri Lanka,LKA,1938,0.931
Sri Lanka,LKA,1939,0.931
Sri Lanka,LKA,1940,0.931
Sri Lanka,LKA,1941,0.931
Sri Lanka,LKA,1942,0.931
Sri Lanka,LKA,1943,0.931
Sri Lanka,LKA,1944,0.931
Sri Lanka,LKA,1945,0.931
Sri Lanka,LKA,1946,0.931
Sri Lanka,LKA,1947,0.926
Sri Lanka,LKA,1948,0.874
Sri Lanka,LKA,1949,0.874
Sri Lanka,LKA,1950,0.874
Sri Lanka,LKA,1951,0.874
Sri Lanka,LKA,1952,0.874
Sri Lanka,LKA,1953,0.874
Sri Lanka,LKA,1954,0.874
Sri Lanka,LKA,1955,0.874
Sri Lanka,LKA,1956,0.874
Sri Lanka,LKA,1957,0.874
Sri Lanka,LKA,1958,0.874
Sri Lanka,LKA,1959,0.874
Sri Lanka,LKA,1960,0.874
Sri Lanka,LKA,1961,0.874
Sri Lanka,LKA,1962,0.874
Sri Lanka,LKA,1963,0.874
Sri Lanka,LKA,1964,0.874
Sri Lanka,LKA,1965,0.874
Sri Lanka,LKA,1966,0.874
Sri Lanka,LKA,1967,0.874
Sri Lanka,LKA,1968,0.874
Sri Lanka,LKA,1969,0.874
Sri Lanka,LKA,1970,0.862
Sri Lanka,LKA,1971,0.862
Sri Lanka,LKA,1972,0.862
Sri Lanka,LKA,1973,0.862
Sri Lanka,LKA,1974,0.862
Sri Lanka,LKA,1975,0.862
Sri Lanka,LKA,1976,0.862
Sri Lanka,LKA,1977,0.848
Sri Lanka,LKA,1978,0.689
Sri Lanka,LKA,1979,0.689
Sri Lanka,LKA,1980,0.689
Sri Lanka,LKA,1981,0.689
Sri Lanka,LKA,1982,0.689
Sri Lanka,LKA,1983,0.689
Sri Lanka,LKA,1984,0.689
Sri Lanka,LKA,1985,0.689
Sri Lanka,LKA,1986,0.689
Sri Lanka,LKA,1987,0.689
Sri Lanka,LKA,1988,0.689
Sri Lanka,LKA,1989,0.587
Sri Lanka,LKA,1990,0.587
Sri Lanka,LKA,1991,0.587
Sri Lanka,LKA,1992,0.587
Sri Lanka,LKA,1993,0.587
Sri Lanka,LKA,1994,0.562
Sri Lanka,LKA,1995,0.562
Sri Lanka,LKA,1996,0.562
Sri Lanka,LKA,1997,0.562
Sri Lanka,LKA,1998,0.562
Sri Lanka,LKA,1999,0.562
Sri Lanka,LKA,2000,0.562
Sri Lanka,LKA,2001,0.575
Sri Lanka,LKA,2002,0.575
Sri Lanka,LKA,2003,0.575
Sri Lanka,LKA,2004,0.575
Sri Lanka,LKA,2005,0.439
Sri Lanka,LKA,2006,0.439
Sri Lanka,LKA,2007,0.439
Sri Lanka,LKA,2008,0.439
Sri Lanka,LKA,2009,0.432
Sri Lanka,LKA,2010,0.37
Sri Lanka,LKA,2011,0.37
Sri Lanka,LKA,2012,0.37
Sri Lanka,LKA,2013,0.362
Sri Lanka,LKA,2014,0.353
Sri Lanka,LKA,2015,0.485
Sri Lanka,LKA,2016,0.511
Sri Lanka,LKA,2017,0.51
Sri Lanka,LKA,2018,0.497
Sri Lanka,LKA,2019,0.497
Sri Lanka,LKA,2020,0.389
Sri Lanka,LKA,2021,0.369
Sri Lanka,LKA,2022,0.448
Sri Lanka,LKA,2023,0.449
Sri Lanka,LKA,2024,0.544
Sri Lanka,LKA,2025,0.722
Sudan,SDN,1900,0.872
Sudan,SDN,1901,0.872
Sudan,SDN,1902,0.872
Sudan,SDN,1903,0.872
Sudan,SDN,1904,0.872
Sudan,SDN,1905,0.872
Sudan,SDN,1906,0.872
Sudan,SDN,1907,0.872
Sudan,SDN,1908,0.872
Sudan,SDN,1909,0.872
Sudan,SDN,1910,0.872
Sudan,SDN,1911,0.872
Sudan,SDN,1912,0.872
Sudan,SDN,1913,0.872
Sudan,SDN,1914,0.872
Sudan,SDN,1915,0.872
Sudan,SDN,1916,0.872
Sudan,SDN,1917,0.872
Sudan,SDN,1918,0.872
Sudan,SDN,1919,0.872
Sudan,SDN,1920,0.872
Sudan,SDN,1921,0.872
Sudan,SDN,1922,0.872
Sudan,SDN,1923,0.872
Sudan,SDN,1924,0.872
Sudan,SDN,1925,0.872
Sudan,SDN,1926,0.872
Sudan,SDN,1927,0.872
Sudan,SDN,1928,0.872
Sudan,SDN,1929,0.872
Sudan,SDN,1930,0.872
Sudan,SDN,1931,0.872
Sudan,SDN,1932,0.872
Sudan,SDN,1933,0.872
Sudan,SDN,1934,0.872
Sudan,SDN,1935,0.872
Sudan,SDN,1936,0.872
Sudan,SDN,1937,0.872
Sudan,SDN,1938,0.872
Sudan,SDN,1939,0.872
Sudan,SDN,1940,0.872
Sudan,SDN,1941,0.872
Sudan,SDN,1942,0.872
Sudan,SDN,1943,0.872
Sudan,SDN,1944,0.872
Sudan,SDN,1945,0.872
Sudan,SDN,1946,0.872
Sudan,SDN,1947,0.872
Sudan,SDN,1948,0.871
Sudan,SDN,1949,0.757
Sudan,SDN,1950,0.757
Sudan,SDN,1951,0.757
Sudan,SDN,1952,0.757
Sudan,SDN,1953,0.721
Sudan,SDN,1954,0.721
Sudan,SDN,1955,0.721
Sudan,SDN,1956,0.634
Sudan,SDN,1957,0.608
Sudan,SDN,1958,0.661
Sudan,SDN,1959,0.661
Sudan,SDN,1960,0.661
Sudan,SDN,1961,0.661
Sudan,SDN,1962,0.661
Sudan,SDN,1963,0.661
Sudan,SDN,1964,0.715
Sudan,SDN,1965,0.715
Sudan,SDN,1966,0.715
Sudan,SDN,1967,0.715
Sudan,SDN,1968,0.715
Sudan,SDN,1969,0.607
Sudan,SDN,1970,0.527
Sudan,SDN,1971,0.509
Sudan,SDN,1972,0.506
Sudan,SDN,1973,0.497
Sudan,SDN,1974,0.496
Sudan,SDN,1975,0.44
Sudan,SDN,1976,0.44
Sudan,SDN,1977,0.44
Sudan,SDN,1978,0.44
Sudan,SDN,1979,0.44
Sudan,SDN,1980,0.44
Sudan,SDN,1981,0.44
Sudan,SDN,1982,0.44
Sudan,SDN,1983,0.44
Sudan,SDN,1984,0.44
Sudan,SDN,1985,0.617
Sudan,SDN,1986,0.636
Sudan,SDN,1987,0.543
Sudan,SDN,1988,0.543
Sudan,SDN,1989,0.339
Sudan,SDN,1990,0.216
Sudan,SDN,1991,0.216
Sudan,SDN,1992,0.216
Sudan,SDN,1993,0.176
Sudan,SDN,1994,0.176
Sudan,SDN,1995,0.176
Sudan,SDN,1996,0.176
Sudan,SDN,1997,0.176
Sudan,SDN,1998,0.176
Sudan,SDN,1999,0.216
Sudan,SDN,2000,0.212
Sudan,SDN,2001,0.193
Sudan,SDN,2002,0.193
Sudan,SDN,2003,0.193
Sudan,SDN,2004,0.193
Sudan,SDN,2005,0.193
Sudan,SDN,2006,0.193
Sudan,SDN,2007,0.193
Sudan,SDN,2008,0.193
Sudan,SDN,2009,0.193
Sudan,SDN,2010,0.199
Sudan,SDN,2011,0.171
Sudan,SDN,2012,0.171
Sudan,SDN,2013,0.158
Sudan,SDN,2014,0.158
Sudan,SDN,2015,0.158
Sudan,SDN,2016,0.155
Sudan,SDN,2017,0.219
Sudan,SDN,2018,0.216
Sudan,SDN,2019,0.258
Sudan,SDN,2020,0.259
Sudan,SDN,2021,0.314
Sudan,SDN,2022,0.3
Sudan,SDN,2023,0.228
Sudan,SDN,2024,0.161
Sudan,SDN,2025,0.281
Suriname,SUR,1900,0.872
Suriname,SUR,1901,0.872
Suriname,SUR,1902,0.872
Suriname,SUR,1903,0.872
Suriname,SUR,1904,0.872
Suriname,SUR,1905,0.872
Suriname,SUR,1906,0.872
Suriname,SUR,1907,0.872
Suriname,SUR,1908,0.872
Suriname,SUR,1909,0.872
Suriname,SUR,1910,0.872
Suriname,SUR,1911,0.872
Suriname,SUR,1912,0.872
Suriname,SUR,1913,0.872
Suriname,SUR,1914,0.872
Suriname,SUR,1915,0.872
Suriname,SUR,1916,0.872
Suriname,SUR,1917,0.872
Suriname,SUR,1918,0.872
Suriname,SUR,1919,0.872
Suriname,SUR,1920,0.872
Suriname,SUR,1921,0.872
Suriname,SUR,1922,0.872
Suriname,SUR,1923,0.872
Suriname,SUR,1924,0.872
Suriname,SUR,1925,0.872
Suriname,SUR,1926,0.872
Suriname,SUR,1927,0.872
Suriname,SUR,1928,0.872
Suriname,SUR,1929,0.872
Suriname,SUR,1930,0.872
Suriname,SUR,1931,0.872
Suriname,SUR,1932,0.872
Suriname,SUR,1933,0.872
Suriname,SUR,1934,0.872
Suriname,SUR,1935,0.872
Suriname,SUR,1936,0.872
Suriname,SUR,1937,0.872
Suriname,SUR,1938,0.872
Suriname,SUR,1939,0.872
Suriname,SUR,1940,0.872
Suriname,SUR,1941,0.872
Suriname,SUR,1942,0.872
Suriname,SUR,1943,0.872
Suriname,SUR,1944,0.872
Suriname,SUR,1945,0.872
Suriname,SUR,1946,0.872
Suriname,SUR,1947,0.872
Suriname,SUR,1948,0.872
Suriname,SUR,1949,0.872
Suriname,SUR,1950,0.897
Suriname,SUR,1951,0.897
Suriname,SUR,1952,0.897
Suriname,SUR,1953,0.897
Suriname,SUR,1954,0.897
Suriname,SUR,1955,0.897
Suriname,SUR,1956,0.897
Suriname,SUR,1957,0.897
Suriname,SUR,1958,0.897
Suriname,SUR,1959,0.897
Suriname,SUR,1960,0.897
Suriname,SUR,1961,0.897
Suriname,SUR,1962,0.897
Suriname,SUR,1963,0.897
Suriname,SUR,1964,0.897
Suriname,SUR,1965,0.897
Suriname,SUR,1966,0.897
Suriname,SUR,1967,0.897
Suriname,SUR,1968,0.897
Suriname,SUR,1969,0.897
Suriname,SUR,1970,0.897
Suriname,SUR,1971,0.897
Suriname,SUR,1972,0.897
Suriname,SUR,1973,0.897
Suriname,SUR,1974,0.897
Suriname,SUR,1975,0.892
Suriname,SUR,1976,0.862
Suriname,SUR,1977,0.862
Suriname,SUR,1978,0.862
Suriname,SUR,1979,0.862
Suriname,SUR,1980,0.804
Suriname,SUR,1981,0.804
Suriname,SUR,1982,0.804
Suriname,SUR,1983,0.804
Suriname,SUR,1984,0.804
Suriname,SUR,1985,0.816
Suriname,SUR,1986,0.816
Suriname,SUR,1987,0.781
Suriname,SUR,1988,0.788
Suriname,SUR,1989,0.782
Suriname,SUR,1990,0.804
Suriname,SUR,1991,0.804
Suriname,SUR,1992,0.778
Suriname,SUR,1993,0.785
Suriname,SUR,1994,0.785
Suriname,SUR,1995,0.785
Suriname,SUR,1996,0.801
Suriname,SUR,1997,0.801
Suriname,SUR,1998,0.801
Suriname,SUR,1999,0.801
Suriname,SUR,2000,0.801
Suriname,SUR,2001,0.801
Suriname,SUR,2002,0.801
Suriname,SUR,2003,0.801
Suriname,SUR,2004,0.801
Suriname,SUR,2005,0.801
Suriname,SUR,2006,0.801
Suriname,SUR,2007,0.801
Suriname,SUR,2008,0.801
Suriname,SUR,2009,0.801
Suriname,SUR,2010,0.791
Suriname,SUR,2011,0.791
Suriname,SUR,2012,0.791
Suriname,SUR,2013,0.771
Suriname,SUR,2014,0.771
Suriname,SUR,2015,0.771
Suriname,SUR,2016,0.754
Suriname,SUR,2017,0.732
Suriname,SUR,2018,0.727
Suriname,SUR,2019,0.727
Suriname,SUR,2020,0.8
Suriname,SUR,2021,0.805
Suriname,SUR,2022,0.805
Suriname,SUR,2023,0.832
Suriname,SUR,2024,0.86
Suriname,SUR,2025,0.828
Sweden,SWE,1900,0.992
Sweden,SWE,1901,0.992
Sweden,SWE,1902,0.992
Sweden,SWE,1903,0.992
Sweden,SWE,1904,0.992
Sweden,SWE,1905,0.992
Sweden,SWE,1906,0.992
Sweden,SWE,1907,0.992
Sweden,SWE,1908,0.992
Sweden,SWE,1909,0.992
Sweden,SWE,1910,0.992
Sweden,SWE,1911,0.992
Sweden,SWE,1912,0.992
Sweden,SWE,1913,0.992
Sweden,SWE,1914,0.992
Sweden,SWE,1915,0.992
Sweden,SWE,1916,0.992
Sweden,SWE,1917,0.992
Sweden,SWE,1918,0.992
Sweden,SWE,1919,0.992
Sweden,SWE,1920,0.992
Sweden,SWE,1921,0.992
Sweden,SWE,1922,0.992
Sweden,SWE,1923,0.992
Sweden,SWE,1924,0.992
Sweden,SWE,1925,0.992
Sweden,SWE,1926,0.992
Sweden,SWE,1927,0.992
Sweden,SWE,1928,0.992
Sweden,SWE,1929,0.992
Sweden,SWE,1930,0.992
Sweden,SWE,1931,0.992
Sweden,SWE,1932,0.992
Sweden,SWE,1933,0.992
Sweden,SWE,1934,0.992
Sweden,SWE,1935,0.992
Sweden,SWE,1936,0.992
Sweden,SWE,1937,0.992
Sweden,SWE,1938,0.992
Sweden,SWE,1939,0.992
Sweden,SWE,1940,0.992
Sweden,SWE,1941,0.992
Sweden,SWE,1942,0.992
Sweden,SWE,1943,0.992
Sweden,SWE,1944,0.992
Sweden,SWE,1945,0.992
Sweden,SWE,1946,0.996
Sweden,SWE,1947,0.996
Sweden,SWE,1948,0.996
Sweden,SWE,1949,0.996
Sweden,SWE,1950,0.996
Sweden,SWE,1951,0.996
Sweden,SWE,1952,0.996
Sweden,SWE,1953,0.996
Sweden,SWE,1954,0.996
Sweden,SWE,1955,0.996
Sweden,SWE,1956,0.996
Sweden,SWE,1957,0.996
Sweden,SWE,1958,0.996
Sweden,SWE,1959,0.996
Sweden,SWE,1960,0.996
Sweden,SWE,1961,0.996
Sweden,SWE,1962,0.996
Sweden,SWE,1963,0.996
Sweden,SWE,1964,0.996
Sweden,SWE,1965,0.996
Sweden,SWE,1966,0.996
Sweden,SWE,1967,0.996
Sweden,SWE,1968,0.996
Sweden,SWE,1969,0.996
Sweden,SWE,1970,0.996
Sweden,SWE,1971,0.996
Sweden,SWE,1972,0.996
Sweden,SWE,1973,0.996
Sweden,SWE,1974,0.996
Sweden,SWE,1975,0.996
Sweden,SWE,1976,0.996
Sweden,SWE,1977,0.996
Sweden,SWE,1978,0.996
Sweden,SWE,1979,0.996
Sweden,SWE,1980,0.996
Sweden,SWE,1981,0.996
Sweden,SWE,1982,0.996
Sweden,SWE,1983,0.996
Sweden,SWE,1984,0.996
Sweden,SWE,1985,0.996
Sweden,SWE,1986,0.996
Sweden,SWE,1987,0.996
Sweden,SWE,1988,0.996
Sweden,SWE,1989,0.996
Sweden,SWE,1990,0.996
Sweden,SWE,1991,0.996
Sweden,SWE,1992,0.996
Sweden,SWE,1993,0.996
Sweden,SWE,1994,0.996
Sweden,SWE,1995,0.996
Sweden,SWE,1996,0.996
Sweden,SWE,1997,0.996
Sweden,SWE,1998,0.996
Sweden,SWE,1999,0.996
Sweden,SWE,2000,0.996
Sweden,SWE,2001,0.996
Sweden,SWE,2002,0.996
Sweden,SWE,2003,0.996
Sweden,SWE,2004,0.996
Sweden,SWE,2005,0.996
Sweden,SWE,2006,0.996
Sweden,SWE,2007,0.996
Sweden,SWE,2008,0.996
Sweden,SWE,2009,0.996
Sweden,SWE,2010,0.996
Sweden,SWE,2011,0.996
Sweden,SWE,2012,0.996
Sweden,SWE,2013,0.996
Sweden,SWE,2014,0.996
Sweden,SWE,2015,0.992
Sweden,SWE,2016,0.992
Sweden,SWE,2017,0.992
Sweden,SWE,2018,0.992
Sweden,SWE,2019,0.991
Sweden,SWE,2020,0.992
Sweden,SWE,2021,0.992
Sweden,SWE,2022,0.991
Sweden,SWE,2023,0.991
Sweden,SWE,2024,0.991
Sweden,SWE,2025,0.991
Switzerland,CHE,1900,0.983
Switzerland,CHE,1901,0.983
Switzerland,CHE,1902,0.983
Switzerland,CHE,1903,0.983
Switzerland,CHE,1904,0.983
Switzerland,CHE,1905,0.983
Switzerland,CHE,1906,0.983
Switzerland,CHE,1907,0.983
Switzerland,CHE,1908,0.983
Switzerland,CHE,1909,0.983
Switzerland,CHE,1910,0.983
Switzerland,CHE,1911,0.983
Switzerland,CHE,1912,0.983
Switzerland,CHE,1913,0.983
Switzerland,CHE,1914,0.983
Switzerland,CHE,1915,0.983
Switzerland,CHE,1916,0.983
Switzerland,CHE,1917,0.983
Switzerland,CHE,1918,0.983
Switzerland,CHE,1919,0.983
Switzerland,CHE,1920,0.983
Switzerland,CHE,1921,0.983
Switzerland,CHE,1922,0.983
Switzerland,CHE,1923,0.983
Switzerland,CHE,1924,0.983
Switzerland,CHE,1925,0.983
Switzerland,CHE,1926,0.983
Switzerland,CHE,1927,0.983
Switzerland,CHE,1928,0.983
Switzerland,CHE,1929,0.983
Switzerland,CHE,1930,0.983
Switzerland,CHE,1931,0.983
Switzerland,CHE,1932,0.983
Switzerland,CHE,1933,0.983
Switzerland,CHE,1934,0.983
Switzerland,CHE,1935,0.983
Switzerland,CHE,1936,0.983
Switzerland,CHE,1937,0.983
Switzerland,CHE,1938,0.983
Switzerland,CHE,1939,0.983
Switzerland,CHE,1940,0.983
Switzerland,CHE,1941,0.983
Switzerland,CHE,1942,0.983
Switzerland,CHE,1943,0.983
Switzerland,CHE,1944,0.983
Switzerland,CHE,1945,0.983
Switzerland,CHE,1946,0.983
Switzerland,CHE,1947,0.983
Switzerland,CHE,1948,0.983
Switzerland,CHE,1949,0.983
Switzerland,CHE,1950,0.983
Switzerland,CHE,1951,0.983
Switzerland,CHE,1952,0.983
Switzerland,CHE,1953,0.983
Switzerland,CHE,1954,0.983
Switzerland,CHE,1955,0.983
Switzerland,CHE,1956,0.983
Switzerland,CHE,1957,0.983
Switzerland,CHE,1958,0.983
Switzerland,CHE,1959,0.983
Switzerland,CHE,1960,0.983
Switzerland,CHE,1961,0.983
Switzerland,CHE,1962,0.983
Switzerland,CHE,1963,0.983
Switzerland,CHE,1964,0.983
Switzerland,CHE,1965,0.983
Switzerland,CHE,1966,0.983
Switzerland,CHE,1967,0.983
Switzerland,CHE,1968,0.983
Switzerland,CHE,1969,0.983
Switzerland,CHE,1970,0.977
Switzerland,CHE,1971,0.977
Switzerland,CHE,1972,0.977
Switzerland,CHE,1973,0.977
Switzerland,CHE,1974,0.977
Switzerland,CHE,1975,0.977
Switzerland,CHE,1976,0.977
Switzerland,CHE,1977,0.977
Switzerland,CHE,1978,0.977
Switzerland,CHE,1979,0.977
Switzerland,CHE,1980,0.977
Switzerland,CHE,1981,0.977
Switzerland,CHE,1982,0.977
Switzerland,CHE,1983,0.977
Switzerland,CHE,1984,0.977
Switzerland,CHE,1985,0.977
Switzerland,CHE,1986,0.977
Switzerland,CHE,1987,0.977
Switzerland,CHE,1988,0.977
Switzerland,CHE,1989,0.977
Switzerland,CHE,1990,0.977
Switzerland,CHE,1991,0.977
Switzerland,CHE,1992,0.977
Switzerland,CHE,1993,0.977
Switzerland,CHE,1994,0.977
Switzerland,CHE,1995,0.977
Switzerland,CHE,1996,0.977
Switzerland,CHE,1997,0.977
Switzerland,CHE,1998,0.977
Switzerland,CHE,1999,0.977
Switzerland,CHE,2000,0.977
Switzerland,CHE,2001,0.977
Switzerland,CHE,2002,0.977
Switzerland,CHE,2003,0.977
Switzerland,CHE,2004,0.977
Switzerland,CHE,2005,0.977
Switzerland,CHE,2006,0.977
Switzerland,CHE,2007,0.977
Switzerland,CHE,2008,0.976
Switzerland,CHE,2009,0.976
Switzerland,CHE,2010,0.978
Switzerland,CHE,2011,0.976
Switzerland,CHE,2012,0.976
Switzerland,CHE,2013,0.976
Switzerland,CHE,2014,0.976
Switzerland,CHE,2015,0.979
Switzerland,CHE,2016,0.979
Switzerland,CHE,2017,0.978
Switzerland,CHE,2018,0.978
Switzerland,CHE,2019,0.978
Switzerland,CHE,2020,0.978
Switzerland,CHE,2021,0.979
Switzerland,CHE,2022,0.98
Switzerland,CHE,2023,0.977
Switzerland,CHE,2024,0.977
Switzerland,CHE,2025,0.98
Syria,SYR,1918,0.917
Syria,SYR,1919,0.915
Syria,SYR,1922,0.767
Syria,SYR,1923,0.767
Syria,SYR,1924,0.767
Syria,SYR,1925,0.767
Syria,SYR,1926,0.767
Syria,SYR,1927,0.767
Syria,SYR,1928,0.766
Syria,SYR,1929,0.767
Syria,SYR,1930,0.767
Syria,SYR,1931,0.767
Syria,SYR,1932,0.77
Syria,SYR,1933,0.767
Syria,SYR,1934,0.767
Syria,SYR,1935,0.767
Syria,SYR,1936,0.769
Syria,SYR,1937,0.785
Syria,SYR,1938,0.785
Syria,SYR,1939,0.767
Syria,SYR,1940,0.781
Syria,SYR,1941,0.781
Syria,SYR,1942,0.781
Syria,SYR,1943,0.767
Syria,SYR,1944,0.755
Syria,SYR,1945,0.781
Syria,SYR,1946,0.822
Syria,SYR,1947,0.885
Syria,SYR,1948,0.866
Syria,SYR,1949,0.853
Syria,SYR,1950,0.853
Syria,SYR,1951,0.853
Syria,SYR,1952,0.775
Syria,SYR,1953,0.775
Syria,SYR,1954,0.789
Syria,SYR,1955,0.867
Syria,SYR,1956,0.867
Syria,SYR,1957,0.867
Syria,SYR,1958,0.835
Syria,SYR,1959,0.8
Syria,SYR,1960,0.8
Syria,SYR,1961,0.8
Syria,SYR,1962,0.78
Syria,SYR,1963,0.707
Syria,SYR,1964,0.627
Syria,SYR,1965,0.627
Syria,SYR,1966,0.7
Syria,SYR,1967,0.7
Syria,SYR,1968,0.7
Syria,SYR,1969,0.7
Syria,SYR,1970,0.247
Syria,SYR,1971,0.213
Syria,SYR,1972,0.213
Syria,SYR,1973,0.213
Syria,SYR,1974,0.213
Syria,SYR,1975,0.213
Syria,SYR,1976,0.213
Syria,SYR,1977,0.213
Syria,SYR,1978,0.213
Syria,SYR,1979,0.213
Syria,SYR,1980,0.131
Syria,SYR,1981,0.131
Syria,SYR,1982,0.131
Syria,SYR,1983,0.131
Syria,SYR,1984,0.131
Syria,SYR,1985,0.131
Syria,SYR,1986,0.131
Syria,SYR,1987,0.131
Syria,SYR,1988,0.131
Syria,SYR,1989,0.131
Syria,SYR,1990,0.131
Syria,SYR,1991,0.131
Syria,SYR,1992,0.131
Syria,SYR,1993,0.131
Syria,SYR,1994,0.131
Syria,SYR,1995,0.131
Syria,SYR,1996,0.131
Syria,SYR,1997,0.131
Syria,SYR,1998,0.131
Syria,SYR,1999,0.131
Syria,SYR,2000,0.104
Syria,SYR,2001,0.104
Syria,SYR,2002,0.104
Syria,SYR,2003,0.104
Syria,SYR,2004,0.104
Syria,SYR,2005,0.104
Syria,SYR,2006,0.104
Syria,SYR,2007,0.104
Syria,SYR,2008,0.104
Syria,SYR,2009,0.104
Syria,SYR,2010,0.105
Syria,SYR,2011,0.109
Syria,SYR,2012,0.08
Syria,SYR,2013,0.066
Syria,SYR,2014,0.066
Syria,SYR,2015,0.066
Syria,SYR,2016,0.066
Syria,SYR,2017,0.066
Syria,SYR,2018,0.066
Syria,SYR,2019,0.07
Syria,SYR,2020,0.074
Syria,SYR,2021,0.076
Syria,SYR,2022,0.074
Syria,SYR,2023,0.091
Syria,SYR,2024,0.203
Syria,SYR,2025,0.381
Taiwan,TWN,1900,0.819
Taiwan,TWN,1901,0.819
Taiwan,TWN,1902,0.819
Taiwan,TWN,1903,0.819
Taiwan,TWN,1904,0.819
Taiwan,TWN,1905,0.819
Taiwan,TWN,1906,0.819
Taiwan,TWN,1907,0.819
Taiwan,TWN,1908,0.819
Taiwan,TWN,1909,0.819
Taiwan,TWN,1910,0.819
Taiwan,TWN,1911,0.819
Taiwan,TWN,1912,0.819
Taiwan,TWN,1913,0.819
Taiwan,TWN,1914,0.819
Taiwan,TWN,1915,0.819
Taiwan,TWN,1916,0.819
Taiwan,TWN,1917,0.819
Taiwan,TWN,1918,0.819
Taiwan,TWN,1919,0.819
Taiwan,TWN,1920,0.819
Taiwan,TWN,1921,0.819
Taiwan,TWN,1922,0.819
Taiwan,TWN,1923,0.819
Taiwan,TWN,1924,0.819
Taiwan,TWN,1925,0.819
Taiwan,TWN,1926,0.819
Taiwan,TWN,1927,0.819
Taiwan,TWN,1928,0.819
Taiwan,TWN,1929,0.819
Taiwan,TWN,1930,0.819
Taiwan,TWN,1931,0.819
Taiwan,TWN,1932,0.819
Taiwan,TWN,1933,0.819
Taiwan,TWN,1934,0.819
Taiwan,TWN,1935,0.819
Taiwan,TWN,1936,0.805
Taiwan,TWN,1937,0.805
Taiwan,TWN,1938,0.805
Taiwan,TWN,1939,0.805
Taiwan,TWN,1940,0.805
Taiwan,TWN,1941,0.805
Taiwan,TWN,1942,0.805
Taiwan,TWN,1943,0.805
Taiwan,TWN,1944,0.805
Taiwan,TWN,1945,0.569
Taiwan,TWN,1946,0.296
Taiwan,TWN,1947,0.29
Taiwan,TWN,1948,0.273
Taiwan,TWN,1949,0.273
Taiwan,TWN,1950,0.368
Taiwan,TWN,1951,0.375
Taiwan,TWN,1952,0.364
Taiwan,TWN,1953,0.389
Taiwan,TWN,1954,0.389
Taiwan,TWN,1955,0.396
Taiwan,TWN,1956,0.396
Taiwan,TWN,1957,0.396
Taiwan,TWN,1958,0.396
Taiwan,TWN,1959,0.396
Taiwan,TWN,1960,0.41
Taiwan,TWN,1961,0.41
Taiwan,TWN,1962,0.41
Taiwan,TWN,1963,0.41
Taiwan,TWN,1964,0.41
Taiwan,TWN,1965,0.41
Taiwan,TWN,1966,0.41
Taiwan,TWN,1967,0.41
Taiwan,TWN,1968,0.41
Taiwan,TWN,1969,0.41
Taiwan,TWN,1970,0.41
Taiwan,TWN,1971,0.41
Taiwan,TWN,1972,0.412
Taiwan,TWN,1973,0.412
Taiwan,TWN,1974,0.412
Taiwan,TWN,1975,0.46
Taiwan,TWN,1976,0.466
Taiwan,TWN,1977,0.466
Taiwan,TWN,1978,0.479
Taiwan,TWN,1979,0.479
Taiwan,TWN,1980,0.479
Taiwan,TWN,1981,0.479
Taiwan,TWN,1982,0.479
Taiwan,TWN,1983,0.479
Taiwan,TWN,1984,0.479
Taiwan,TWN,1985,0.479
Taiwan,TWN,1986,0.479
Taiwan,TWN,1987,0.479
Taiwan,TWN,1988,0.55
Taiwan,TWN,1989,0.588
Taiwan,TWN,1990,0.617
Taiwan,TWN,1991,0.617
Taiwan,TWN,1992,0.62
Taiwan,TWN,1993,0.62
Taiwan,TWN,1994,0.62
Taiwan,TWN,1995,0.62
Taiwan,TWN,1996,0.62
Taiwan,TWN,1997,0.62
Taiwan,TWN,1998,0.62
Taiwan,TWN,1999,0.62
Taiwan,TWN,2000,0.654
Taiwan,TWN,2001,0.682
Taiwan,TWN,2002,0.682
Taiwan,TWN,2003,0.682
Taiwan,TWN,2004,0.682
Taiwan,TWN,2005,0.675
Taiwan,TWN,2006,0.675
Taiwan,TWN,2007,0.674
Taiwan,TWN,2008,0.669
Taiwan,TWN,2009,0.669
Taiwan,TWN,2010,0.669
Taiwan,TWN,2011,0.669
Taiwan,TWN,2012,0.669
Taiwan,TWN,2013,0.684
Taiwan,TWN,2014,0.684
Taiwan,TWN,2015,0.684
Taiwan,TWN,2016,0.727
Taiwan,TWN,2017,0.749
Taiwan,TWN,2018,0.745
Taiwan,TWN,2019,0.721
Taiwan,TWN,2020,0.811
Taiwan,TWN,2021,0.783
Taiwan,TWN,2022,0.778
Taiwan,TWN,2023,0.756
Taiwan,TWN,2024,0.78
Taiwan,TWN,2025,0.786
Tajikistan,TJK,1990,0.438
Tajikistan,TJK,1991,0.351
Tajikistan,TJK,1992,0.232
Tajikistan,TJK,1993,0.215
Tajikistan,TJK,1994,0.215
Tajikistan,TJK,1995,0.228
Tajikistan,TJK,1996,0.204
Tajikistan,TJK,1997,0.204
Tajikistan,TJK,1998,0.174
Tajikistan,TJK,1999,0.164
Tajikistan,TJK,2000,0.079
Tajikistan,TJK,2001,0.079
Tajikistan,TJK,2002,0.072
Tajikistan,TJK,2003,0.072
Tajikistan,TJK,2004,0.072
Tajikistan,TJK,2005,0.072
Tajikistan,TJK,2006,0.071
Tajikistan,TJK,2007,0.067
Tajikistan,TJK,2008,0.067
Tajikistan,TJK,2009,0.067
Tajikistan,TJK,2010,0.067
Tajikistan,TJK,2011,0.067
Tajikistan,TJK,2012,0.067
Tajikistan,TJK,2013,0.059
Tajikistan,TJK,2014,0.059
Tajikistan,TJK,2015,0.059
Tajikistan,TJK,2016,0.072
Tajikistan,TJK,2017,0.068
Tajikistan,TJK,2018,0.096
Tajikistan,TJK,2019,0.083
Tajikistan,TJK,2020,0.125
Tajikistan,TJK,2021,0.119
Tajikistan,TJK,2022,0.118
Tajikistan,TJK,2023,0.118
Tajikistan,TJK,2024,0.118
Tajikistan,TJK,2025,0.107
Tanzania,TZA,1914,0.357
Tanzania,TZA,1915,0.357
Tanzania,TZA,1916,0.357
Tanzania,TZA,1917,0.357
Tanzania,TZA,1918,0.357
Tanzania,TZA,1919,0.357
Tanzania,TZA,1920,0.357
Tanzania,TZA,1921,0.357
Tanzania,TZA,1922,0.357
Tanzania,TZA,1923,0.357
Tanzania,TZA,1924,0.357
Tanzania,TZA,1925,0.357
Tanzania,TZA,1926,0.358
Tanzania,TZA,1927,0.513
Tanzania,TZA,1928,0.513
Tanzania,TZA,1929,0.513
Tanzania,TZA,1930,0.513
Tanzania,TZA,1931,0.513
Tanzania,TZA,1932,0.513
Tanzania,TZA,1933,0.513
Tanzania,TZA,1934,0.513
Tanzania,TZA,1935,0.513
Tanzania,TZA,1936,0.513
Tanzania,TZA,1937,0.513
Tanzania,TZA,1938,0.513
Tanzania,TZA,1939,0.513
Tanzania,TZA,1940,0.513
Tanzania,TZA,1941,0.513
Tanzania,TZA,1942,0.513
Tanzania,TZA,1943,0.513
Tanzania,TZA,1944,0.513
Tanzania,TZA,1945,0.513
Tanzania,TZA,1946,0.513
Tanzania,TZA,1947,0.513
Tanzania,TZA,1948,0.513
Tanzania,TZA,1949,0.513
Tanzania,TZA,1950,0.513
Tanzania,TZA,1951,0.513
Tanzania,TZA,1952,0.513
Tanzania,TZA,1953,0.513
Tanzania,TZA,1954,0.513
Tanzania,TZA,1955,0.513
Tanzania,TZA,1956,0.513
Tanzania,TZA,1957,0.513
Tanzania,TZA,1958,0.513
Tanzania,TZA,1959,0.513
Tanzania,TZA,1960,0.495
Tanzania,TZA,1961,0.565
Tanzania,TZA,1962,0.786
Tanzania,TZA,1963,0.786
Tanzania,TZA,1964,0.783
Tanzania,TZA,1965,0.832
Tanzania,TZA,1966,0.832
Tanzania,TZA,1967,0.832
Tanzania,TZA,1968,0.832
Tanzania,TZA,1969,0.832
Tanzania,TZA,1970,0.826
Tanzania,TZA,1971,0.826
Tanzania,TZA,1972,0.826
Tanzania,TZA,1973,0.826
Tanzania,TZA,1974,0.826
Tanzania,TZA,1975,0.826
Tanzania,TZA,1976,0.826
Tanzania,TZA,1977,0.826
Tanzania,TZA,1978,0.826
Tanzania,TZA,1979,0.826
Tanzania,TZA,1980,0.82
Tanzania,TZA,1981,0.82
Tanzania,TZA,1982,0.82
Tanzania,TZA,1983,0.82
Tanzania,TZA,1984,0.82
Tanzania,TZA,1985,0.74
Tanzania,TZA,1986,0.647
Tanzania,TZA,1987,0.647
Tanzania,TZA,1988,0.647
Tanzania,TZA,1989,0.647
Tanzania,TZA,1990,0.606
Tanzania,TZA,1991,0.606
Tanzania,TZA,1992,0.594
Tanzania,TZA,1993,0.582
Tanzania,TZA,1994,0.568
Tanzania,TZA,1995,0.568
Tanzania,TZA,1996,0.532
Tanzania,TZA,1997,0.532
Tanzania,TZA,1998,0.532
Tanzania,TZA,1999,0.532
Tanzania,TZA,2000,0.532
Tanzania,TZA,2001,0.532
Tanzania,TZA,2002,0.532
Tanzania,TZA,2003,0.532
Tanzania,TZA,2004,0.532
Tanzania,TZA,2005,0.532
Tanzania,TZA,2006,0.538
Tanzania,TZA,2007,0.54
Tanzania,TZA,2008,0.54
Tanzania,TZA,2009,0.54
Tanzania,TZA,2010,0.54
Tanzania,TZA,2011,0.54
Tanzania,TZA,2012,0.54
Tanzania,TZA,2013,0.538
Tanzania,TZA,2014,0.538
Tanzania,TZA,2015,0.571
Tanzania,TZA,2016,0.646
Tanzania,TZA,2017,0.678
Tanzania,TZA,2018,0.696
Tanzania,TZA,2019,0.687
Tanzania,TZA,2020,0.702
Tanzania,TZA,2021,0.681
Tanzania,TZA,2022,0.731
Tanzania,TZA,2023,0.686
Tanzania,TZA,2024,0.719
Tanzania,TZA,2025,0.671
Thailand,THA,1900,0.268
Thailand,THA,1901,0.268
Thailand,THA,1902,0.268
Thailand,THA,1903,0.268
Thailand,THA,1904,0.268
Thailand,THA,1905,0.268
Thailand,THA,1906,0.268
Thailand,THA,1907,0.268
Thailand,THA,1908,0.268
Thailand,THA,1909,0.268
Thailand,THA,1910,0.268
Thailand,THA,1911,0.268
Thailand,THA,1912,0.268
Thailand,THA,1913,0.268
Thailand,THA,1914,0.268
Thailand,THA,1915,0.268
Thailand,THA,1916,0.268
Thailand,THA,1917,0.268
Thailand,THA,1918,0.268
Thailand,THA,1919,0.268
Thailand,THA,1920,0.268
Thailand,THA,1921,0.268
Thailand,THA,1922,0.268
Thailand,THA,1923,0.268
Thailand,THA,1924,0.268
Thailand,THA,1925,0.268
Thailand,THA,1926,0.268
Thailand,THA,1927,0.268
Thailand,THA,1928,0.268
Thailand,THA,1929,0.268
Thailand,THA,1930,0.268
Thailand,THA,1931,0.268
Thailand,THA,1932,0.25
Thailand,THA,1933,0.21
Thailand,THA,1934,0.21
Thailand,THA,1935,0.21
Thailand,THA,1936,0.21
Thailand,THA,1937,0.21
Thailand,THA,1938,0.21
Thailand,THA,1939,0.21
Thailand,THA,1940,0.21
Thailand,THA,1941,0.21
Thailand,THA,1942,0.21
Thailand,THA,1943,0.21
Thailand,THA,1944,0.21
Thailand,THA,1945,0.21
Thailand,THA,1946,0.21
Thailand,THA,1947,0.21
Thailand,THA,1948,0.21
Thailand,THA,1949,0.21
Thailand,THA,1950,0.21
Thailand,THA,1951,0.21
Thailand,THA,1952,0.21
Thailand,THA,1953,0.21
Thailand,THA,1954,0.21
Thailand,THA,1955,0.21
Thailand,THA,1956,0.21
Thailand,THA,1957,0.21
Thailand,THA,1958,0.21
Thailand,THA,1959,0.272
Thailand,THA,1960,0.272
Thailand,THA,1961,0.272
Thailand,THA,1962,0.272
Thailand,THA,1963,0.272
Thailand,THA,1964,0.272
Thailand,THA,1965,0.272
Thailand,THA,1966,0.272
Thailand,THA,1967,0.272
Thailand,THA,1968,0.272
Thailand,THA,1969,0.272
Thailand,THA,1970,0.21
Thailand,THA,1971,0.21
Thailand,THA,1972,0.21
Thailand,THA,1973,0.21
Thailand,THA,1974,0.21
Thailand,THA,1975,0.21
Thailand,THA,1976,0.21
Thailand,THA,1977,0.21
Thailand,THA,1978,0.21
Thailand,THA,1979,0.21
Thailand,THA,1980,0.218
Thailand,THA,1981,0.218
Thailand,THA,1982,0.218
Thailand,THA,1983,0.218
Thailand,THA,1984,0.218
Thailand,THA,1985,0.218
Thailand,THA,1986,0.218
Thailand,THA,1987,0.218
Thailand,THA,1988,0.24
Thailand,THA,1989,0.24
Thailand,THA,1990,0.24
Thailand,THA,1991,0.24
Thailand,THA,1992,0.249
Thailand,THA,1993,0.249
Thailand,THA,1994,0.249
Thailand,THA,1995,0.249
Thailand,THA,1996,0.249
Thailand,THA,1997,0.306
Thailand,THA,1998,0.302
Thailand,THA,1999,0.302
Thailand,THA,2000,0.338
Thailand,THA,2001,0.338
Thailand,THA,2002,0.338
Thailand,THA,2003,0.338
Thailand,THA,2004,0.338
Thailand,THA,2005,0.338
Thailand,THA,2006,0.338
Thailand,THA,2007,0.346
Thailand,THA,2008,0.342
Thailand,THA,2009,0.337
Thailand,THA,2010,0.335
Thailand,THA,2011,0.335
Thailand,THA,2012,0.335
Thailand,THA,2013,0.351
Thailand,THA,2014,0.329
Thailand,THA,2015,0.317
Thailand,THA,2016,0.317
Thailand,THA,2017,0.317
Thailand,THA,2018,0.308
Thailand,THA,2019,0.304
Thailand,THA,2020,0.319
Thailand,THA,2021,0.319
Thailand,THA,2022,0.346
Thailand,THA,2023,0.346
Thailand,THA,2024,0.365
Thailand,THA,2025,0.365
Togo,TGO,1916,0.593
Togo,TGO,1917,0.593
Togo,TGO,1918,0.593
Togo,TGO,1919,0.593
Togo,TGO,1920,0.593
Togo,TGO,1921,0.593
Togo,TGO,1922,0.593
Togo,TGO,1923,0.593
Togo,TGO,1924,0.593
Togo,TGO,1925,0.593
Togo,TGO,1926,0.593
Togo,TGO,1927,0.593
Togo,TGO,1928,0.593
Togo,TGO,1929,0.593
Togo,TGO,1930,0.593
Togo,TGO,1931,0.593
Togo,TGO,1932,0.593
Togo,TGO,1933,0.593
Togo,TGO,1934,0.593
Togo,TGO,1935,0.593
Togo,TGO,1936,0.593
Togo,TGO,1937,0.593
Togo,TGO,1938,0.593
Togo,TGO,1939,0.593
Togo,TGO,1940,0.593
Togo,TGO,1941,0.593
Togo,TGO,1942,0.593
Togo,TGO,1943,0.593
Togo,TGO,1944,0.593
Togo,TGO,1945,0.586
Togo,TGO,1946,0.586
Togo,TGO,1947,0.674
Togo,TGO,1948,0.674
Togo,TGO,1949,0.674
Togo,TGO,1950,0.674
Togo,TGO,1951,0.674
Togo,TGO,1952,0.674
Togo,TGO,1953,0.674
Togo,TGO,1954,0.674
Togo,TGO,1955,0.674
Togo,TGO,1956,0.744
Togo,TGO,1957,0.744
Togo,TGO,1958,0.702
Togo,TGO,1959,0.702
Togo,TGO,1960,0.676
Togo,TGO,1961,0.657
Togo,TGO,1962,0.657
Togo,TGO,1963,0.613
Togo,TGO,1964,0.613
Togo,TGO,1965,0.613
Togo,TGO,1966,0.613
Togo,TGO,1967,0.381
Togo,TGO,1968,0.286
Togo,TGO,1969,0.286
Togo,TGO,1970,0.286
Togo,TGO,1971,0.286
Togo,TGO,1972,0.286
Togo,TGO,1973,0.286
Togo,TGO,1974,0.286
Togo,TGO,1975,0.286
Togo,TGO,1976,0.286
Togo,TGO,1977,0.286
Togo,TGO,1978,0.286
Togo,TGO,1979,0.286
Togo,TGO,1980,0.327
Togo,TGO,1981,0.335
Togo,TGO,1982,0.335
Togo,TGO,1983,0.335
Togo,TGO,1984,0.335
Togo,TGO,1985,0.335
Togo,TGO,1986,0.335
Togo,TGO,1987,0.335
Togo,TGO,1988,0.335
Togo,TGO,1989,0.335
Togo,TGO,1990,0.3
Togo,TGO,1991,0.184
Togo,TGO,1992,0.184
Togo,TGO,1993,0.171
Togo,TGO,1994,0.149
Togo,TGO,1995,0.149
Togo,TGO,1996,0.218
Togo,TGO,1997,0.147
Togo,TGO,1998,0.147
Togo,TGO,1999,0.147
Togo,TGO,2000,0.191
Togo,TGO,2001,0.191
Togo,TGO,2002,0.191
Togo,TGO,2003,0.191
Togo,TGO,2004,0.191
Togo,TGO,2005,0.192
Togo,TGO,2006,0.207
Togo,TGO,2007,0.207
Togo,TGO,2008,0.223
Togo,TGO,2009,0.224
Togo,TGO,2010,0.234
Togo,TGO,2011,0.234
Togo,TGO,2012,0.252
Togo,TGO,2013,0.248
Togo,TGO,2014,0.248
Togo,TGO,2015,0.252
Togo,TGO,2016,0.252
Togo,TGO,2017,0.264
Togo,TGO,2018,0.26
Togo,TGO,2019,0.258
Togo,TGO,2020,0.259
Togo,TGO,2021,0.23
Togo,TGO,2022,0.255
Togo,TGO,2023,0.223
Togo,TGO,2024,0.227
Togo,TGO,2025,0.243
Trinidad and Tobago,TTO,1900,0.918
Trinidad and Tobago,TTO,1901,0.918
Trinidad and Tobago,TTO,1902,0.918
Trinidad and Tobago,TTO,1903,0.918
Trinidad and Tobago,TTO,1904,0.918
Trinidad and Tobago,TTO,1905,0.918
Trinidad and Tobago,TTO,1906,0.918
Trinidad and Tobago,TTO,1907,0.918
Trinidad and Tobago,TTO,1908,0.918
Trinidad and Tobago,TTO,1909,0.918
Trinidad and Tobago,TTO,1910,0.918
Trinidad and Tobago,TTO,1911,0.918
Trinidad and Tobago,TTO,1912,0.918
Trinidad and Tobago,TTO,1913,0.918
Trinidad and Tobago,TTO,1914,0.918
Trinidad and Tobago,TTO,1915,0.918
Trinidad and Tobago,TTO,1916,0.918
Trinidad and Tobago,TTO,1917,0.918
Trinidad and Tobago,TTO,1918,0.918
Trinidad and Tobago,TTO,1919,0.918
Trinidad and Tobago,TTO,1920,0.918
Trinidad and Tobago,TTO,1921,0.918
Trinidad and Tobago,TTO,1922,0.918
Trinidad and Tobago,TTO,1923,0.918
Trinidad and Tobago,TTO,1924,0.918
Trinidad and Tobago,TTO,1925,0.917
Trinidad and Tobago,TTO,1926,0.86
Trinidad and Tobago,TTO,1927,0.86
Trinidad and Tobago,TTO,1928,0.86
Trinidad and Tobago,TTO,1929,0.86
Trinidad and Tobago,TTO,1930,0.86
Trinidad and Tobago,TTO,1931,0.86
Trinidad and Tobago,TTO,1932,0.86
Trinidad and Tobago,TTO,1933,0.86
Trinidad and Tobago,TTO,1934,0.86
Trinidad and Tobago,TTO,1935,0.86
Trinidad and Tobago,TTO,1936,0.86
Trinidad and Tobago,TTO,1937,0.86
Trinidad and Tobago,TTO,1938,0.86
Trinidad and Tobago,TTO,1939,0.86
Trinidad and Tobago,TTO,1940,0.86
Trinidad and Tobago,TTO,1941,0.86
Trinidad and Tobago,TTO,1942,0.86
Trinidad and Tobago,TTO,1943,0.86
Trinidad and Tobago,TTO,1944,0.86
Trinidad and Tobago,TTO,1945,0.86
Trinidad and Tobago,TTO,1946,0.86
Trinidad and Tobago,TTO,1947,0.86
Trinidad and Tobago,TTO,1948,0.86
Trinidad and Tobago,TTO,1949,0.86
Trinidad and Tobago,TTO,1950,0.86
Trinidad and Tobago,TTO,1951,0.86
Trinidad and Tobago,TTO,1952,0.86
Trinidad and Tobago,TTO,1953,0.86
Trinidad and Tobago,TTO,1954,0.86
Trinidad and Tobago,TTO,1955,0.86
Trinidad and Tobago,TTO,1956,0.848
Trinidad and Tobago,TTO,1957,0.848
Trinidad and Tobago,TTO,1958,0.848
Trinidad and Tobago,TTO,1959,0.848
Trinidad and Tobago,TTO,1960,0.848
Trinidad and Tobago,TTO,1961,0.848
Trinidad and Tobago,TTO,1962,0.833
Trinidad and Tobago,TTO,1963,0.833
Trinidad and Tobago,TTO,1964,0.833
Trinidad and Tobago,TTO,1965,0.833
Trinidad and Tobago,TTO,1966,0.833
Trinidad and Tobago,TTO,1967,0.833
Trinidad and Tobago,TTO,1968,0.833
Trinidad and Tobago,TTO,1969,0.833
Trinidad and Tobago,TTO,1970,0.833
Trinidad and Tobago,TTO,1971,0.824
Trinidad and Tobago,TTO,1972,0.816
Trinidad and Tobago,TTO,1973,0.816
Trinidad and Tobago,TTO,1974,0.816
Trinidad and Tobago,TTO,1975,0.816
Trinidad and Tobago,TTO,1976,0.862
Trinidad and Tobago,TTO,1977,0.872
Trinidad and Tobago,TTO,1978,0.872
Trinidad and Tobago,TTO,1979,0.872
Trinidad and Tobago,TTO,1980,0.872
Trinidad and Tobago,TTO,1981,0.872
Trinidad and Tobago,TTO,1982,0.872
Trinidad and Tobago,TTO,1983,0.872
Trinidad and Tobago,TTO,1984,0.872
Trinidad and Tobago,TTO,1985,0.872
Trinidad and Tobago,TTO,1986,0.872
Trinidad and Tobago,TTO,1987,0.872
Trinidad and Tobago,TTO,1988,0.872
Trinidad and Tobago,TTO,1989,0.872
Trinidad and Tobago,TTO,1990,0.857
Trinidad and Tobago,TTO,1991,0.857
Trinidad and Tobago,TTO,1992,0.857
Trinidad and Tobago,TTO,1993,0.857
Trinidad and Tobago,TTO,1994,0.857
Trinidad and Tobago,TTO,1995,0.852
Trinidad and Tobago,TTO,1996,0.852
Trinidad and Tobago,TTO,1997,0.852
Trinidad and Tobago,TTO,1998,0.852
Trinidad and Tobago,TTO,1999,0.852
Trinidad and Tobago,TTO,2000,0.852
Trinidad and Tobago,TTO,2001,0.852
Trinidad and Tobago,TTO,2002,0.87
Trinidad and Tobago,TTO,2003,0.87
Trinidad and Tobago,TTO,2004,0.87
Trinidad and Tobago,TTO,2005,0.87
Trinidad and Tobago,TTO,2006,0.87
Trinidad and Tobago,TTO,2007,0.87
Trinidad and Tobago,TTO,2008,0.87
Trinidad and Tobago,TTO,2009,0.868
Trinidad and Tobago,TTO,2010,0.863
Trinidad and Tobago,TTO,2011,0.863
Trinidad and Tobago,TTO,2012,0.863
Trinidad and Tobago,TTO,2013,0.863
Trinidad and Tobago,TTO,2014,0.863
Trinidad and Tobago,TTO,2015,0.863
Trinidad and Tobago,TTO,2016,0.898
Trinidad and Tobago,TTO,2017,0.883
Trinidad and Tobago,TTO,2018,0.894
Trinidad and Tobago,TTO,2019,0.899
Trinidad and Tobago,TTO,2020,0.898
Trinidad and Tobago,TTO,2021,0.904
Trinidad and Tobago,TTO,2022,0.904
Trinidad and Tobago,TTO,2023,0.9
Trinidad and Tobago,TTO,2024,0.9
Trinidad and Tobago,TTO,2025,0.9
Tunisia,TUN,1900,0.254
Tunisia,TUN,1901,0.254
Tunisia,TUN,1902,0.254
Tunisia,TUN,1903,0.254
Tunisia,TUN,1904,0.254
Tunisia,TUN,1905,0.254
Tunisia,TUN,1906,0.254
Tunisia,TUN,1907,0.254
Tunisia,TUN,1908,0.254
Tunisia,TUN,1909,0.254
Tunisia,TUN,1910,0.254
Tunisia,TUN,1911,0.254
Tunisia,TUN,1912,0.254
Tunisia,TUN,1913,0.254
Tunisia,TUN,1914,0.254
Tunisia,TUN,1915,0.254
Tunisia,TUN,1916,0.254
Tunisia,TUN,1917,0.254
Tunisia,TUN,1918,0.254
Tunisia,TUN,1919,0.254
Tunisia,TUN,1920,0.254
Tunisia,TUN,1921,0.254
Tunisia,TUN,1922,0.254
Tunisia,TUN,1923,0.254
Tunisia,TUN,1924,0.254
Tunisia,TUN,1925,0.254
Tunisia,TUN,1926,0.22
Tunisia,TUN,1927,0.22
Tunisia,TUN,1928,0.22
Tunisia,TUN,1929,0.22
Tunisia,TUN,1930,0.22
Tunisia,TUN,1931,0.22
Tunisia,TUN,1932,0.22
Tunisia,TUN,1933,0.22
Tunisia,TUN,1934,0.22
Tunisia,TUN,1935,0.22
Tunisia,TUN,1936,0.22
Tunisia,TUN,1937,0.22
Tunisia,TUN,1938,0.22
Tunisia,TUN,1939,0.22
Tunisia,TUN,1940,0.22
Tunisia,TUN,1941,0.22
Tunisia,TUN,1942,0.229
Tunisia,TUN,1943,0.233
Tunisia,TUN,1944,0.222
Tunisia,TUN,1945,0.222
Tunisia,TUN,1946,0.222
Tunisia,TUN,1947,0.235
Tunisia,TUN,1948,0.235
Tunisia,TUN,1949,0.235
Tunisia,TUN,1950,0.245
Tunisia,TUN,1951,0.245
Tunisia,TUN,1952,0.214
Tunisia,TUN,1953,0.214
Tunisia,TUN,1954,0.245
Tunisia,TUN,1955,0.251
Tunisia,TUN,1956,0.383
Tunisia,TUN,1957,0.383
Tunisia,TUN,1958,0.616
Tunisia,TUN,1959,0.616
Tunisia,TUN,1960,0.526
Tunisia,TUN,1961,0.526
Tunisia,TUN,1962,0.526
Tunisia,TUN,1963,0.526
Tunisia,TUN,1964,0.526
Tunisia,TUN,1965,0.526
Tunisia,TUN,1966,0.526
Tunisia,TUN,1967,0.526
Tunisia,TUN,1968,0.526
Tunisia,TUN,1969,0.523
Tunisia,TUN,1970,0.509
Tunisia,TUN,1971,0.509
Tunisia,TUN,1972,0.494
Tunisia,TUN,1973,0.494
Tunisia,TUN,1974,0.494
Tunisia,TUN,1975,0.494
Tunisia,TUN,1976,0.494
Tunisia,TUN,1977,0.494
Tunisia,TUN,1978,0.494
Tunisia,TUN,1979,0.494
Tunisia,TUN,1980,0.475
Tunisia,TUN,1981,0.475
Tunisia,TUN,1982,0.475
Tunisia,TUN,1983,0.475
Tunisia,TUN,1984,0.475
Tunisia,TUN,1985,0.475
Tunisia,TUN,1986,0.475
Tunisia,TUN,1987,0.412
Tunisia,TUN,1988,0.128
Tunisia,TUN,1989,0.128
Tunisia,TUN,1990,0.128
Tunisia,TUN,1991,0.128
Tunisia,TUN,1992,0.128
Tunisia,TUN,1993,0.128
Tunisia,TUN,1994,0.128
Tunisia,TUN,1995,0.128
Tunisia,TUN,1996,0.128
Tunisia,TUN,1997,0.128
Tunisia,TUN,1998,0.128
Tunisia,TUN,1999,0.128
Tunisia,TUN,2000,0.128
Tunisia,TUN,2001,0.128
Tunisia,TUN,2002,0.128
Tunisia,TUN,2003,0.128
Tunisia,TUN,2004,0.128
Tunisia,TUN,2005,0.128
Tunisia,TUN,2006,0.128
Tunisia,TUN,2007,0.128
Tunisia,TUN,2008,0.129
Tunisia,TUN,2009,0.128
Tunisia,TUN,2010,0.138
Tunisia,TUN,2011,0.665
Tunisia,TUN,2012,0.672
Tunisia,TUN,2013,0.654
Tunisia,TUN,2014,0.66
Tunisia,TUN,2015,0.678
Tunisia,TUN,2016,0.629
Tunisia,TUN,2017,0.617
Tunisia,TUN,2018,0.621
Tunisia,TUN,2019,0.621
Tunisia,TUN,2020,0.625
Tunisia,TUN,2021,0.552
Tunisia,TUN,2022,0.583
Tunisia,TUN,2023,0.583
Tunisia,TUN,2024,0.59
Tunisia,TUN,2025,0.59
Turkey,TUR,1900,0.262
Turkey,TUR,1901,0.262
Turkey,TUR,1902,0.262
Turkey,TUR,1903,0.262
Turkey,TUR,1904,0.262
Turkey,TUR,1905,0.262
Turkey,TUR,1906,0.262
Turkey,TUR,1907,0.262
Turkey,TUR,1908,0.285
Turkey,TUR,1909,0.361
Turkey,TUR,1910,0.361
Turkey,TUR,1911,0.361
Turkey,TUR,1912,0.361
Turkey,TUR,1913,0.456
Turkey,TUR,1914,0.456
Turkey,TUR,1915,0.456
Turkey,TUR,1916,0.456
Turkey,TUR,1917,0.456
Turkey,TUR,1918,0.456
Turkey,TUR,1919,0.474
Turkey,TUR,1920,0.482
Turkey,TUR,1921,0.517
Turkey,TUR,1922,0.517
Turkey,TUR,1923,0.805
Turkey,TUR,1924,0.805
Turkey,TUR,1925,0.718
Turkey,TUR,1926,0.718
Turkey,TUR,1927,0.718
Turkey,TUR,1928,0.718
Turkey,TUR,1929,0.718
Turkey,TUR,1930,0.718
Turkey,TUR,1931,0.718
Turkey,TUR,1932,0.718
Turkey,TUR,1933,0.718
Turkey,TUR,1934,0.718
Turkey,TUR,1935,0.718
Turkey,TUR,1936,0.718
Turkey,TUR,1937,0.718
Turkey,TUR,1938,0.718
Turkey,TUR,1939,0.718
Turkey,TUR,1940,0.701
Turkey,TUR,1941,0.701
Turkey,TUR,1942,0.701
Turkey,TUR,1943,0.701
Turkey,TUR,1944,0.701
Turkey,TUR,1945,0.701
Turkey,TUR,1946,0.701
Turkey,TUR,1947,0.701
Turkey,TUR,1948,0.701
Turkey,TUR,1949,0.701
Turkey,TUR,1950,0.589
Turkey,TUR,1951,0.504
Turkey,TUR,1952,0.504
Turkey,TUR,1953,0.504
Turkey,TUR,1954,0.504
Turkey,TUR,1955,0.504
Turkey,TUR,1956,0.504
Turkey,TUR,1957,0.504
Turkey,TUR,1958,0.504
Turkey,TUR,1959,0.504
Turkey,TUR,1960,0.603
Turkey,TUR,1961,0.7
Turkey,TUR,1962,0.635
Turkey,TUR,1963,0.635
Turkey,TUR,1964,0.635
Turkey,TUR,1965,0.635
Turkey,TUR,1966,0.62
Turkey,TUR,1967,0.62
Turkey,TUR,1968,0.62
Turkey,TUR,1969,0.62
Turkey,TUR,1970,0.633
Turkey,TUR,1971,0.649
Turkey,TUR,1972,0.649
Turkey,TUR,1973,0.649
Turkey,TUR,1974,0.633
Turkey,TUR,1975,0.633
Turkey,TUR,1976,0.633
Turkey,TUR,1977,0.633
Turkey,TUR,1978,0.633
Turkey,TUR,1979,0.633
Turkey,TUR,1980,0.744
Turkey,TUR,1981,0.744
Turkey,TUR,1982,0.743
Turkey,TUR,1983,0.572
Turkey,TUR,1984,0.558
Turkey,TUR,1985,0.558
Turkey,TUR,1986,0.558
Turkey,TUR,1987,0.517
Turkey,TUR,1988,0.517
Turkey,TUR,1989,0.517
Turkey,TUR,1990,0.517
Turkey,TUR,1991,0.517
Turkey,TUR,1992,0.517
Turkey,TUR,1993,0.517
Turkey,TUR,1994,0.517
Turkey,TUR,1995,0.517
Turkey,TUR,1996,0.517
Turkey,TUR,1997,0.517
Turkey,TUR,1998,0.517
Turkey,TUR,1999,0.492
Turkey,TUR,2000,0.498
Turkey,TUR,2001,0.498
Turkey,TUR,2002,0.483
Turkey,TUR,2003,0.483
Turkey,TUR,2004,0.468
Turkey,TUR,2005,0.468
Turkey,TUR,2006,0.465
Turkey,TUR,2007,0.452
Turkey,TUR,2008,0.418
Turkey,TUR,2009,0.418
Turkey,TUR,2010,0.348
Turkey,TUR,2011,0.334
Turkey,TUR,2012,0.314
Turkey,TUR,2013,0.288
Turkey,TUR,2014,0.223
Turkey,TUR,2015,0.22
Turkey,TUR,2016,0.173
Turkey,TUR,2017,0.163
Turkey,TUR,2018,0.164
Turkey,TUR,2019,0.153
Turkey,TUR,2020,0.149
Turkey,TUR,2021,0.162
Turkey,TUR,2022,0.157
Turkey,TUR,2023,0.159
Turkey,TUR,2024,0.2
Turkey,TUR,2025,0.196
Turkmenistan,TKM,1990,0.144
Turkmenistan,TKM,1991,0.095
Turkmenistan,TKM,1992,0.095
Turkmenistan,TKM,1993,0.095
Turkmenistan,TKM,1994,0.095
Turkmenistan,TKM,1995,0.095
Turkmenistan,TKM,1996,0.095
Turkmenistan,TKM,1997,0.095
Turkmenistan,TKM,1998,0.095
Turkmenistan,TKM,1999,0.095
Turkmenistan,TKM,2000,0.095
Turkmenistan,TKM,2001,0.095
Turkmenistan,TKM,2002,0.095
Turkmenistan,TKM,2003,0.095
Turkmenistan,TKM,2004,0.095
Turkmenistan,TKM,2005,0.095
Turkmenistan,TKM,2006,0.095
Turkmenistan,TKM,2007,0.095
Turkmenistan,TKM,2008,0.088
Turkmenistan,TKM,2009,0.077
Turkmenistan,TKM,2010,0.077
Turkmenistan,TKM,2011,0.077
Turkmenistan,TKM,2012,0.077
Turkmenistan,TKM,2013,0.071
Turkmenistan,TKM,2014,0.071
Turkmenistan,TKM,2015,0.071
Turkmenistan,TKM,2016,0.071
Turkmenistan,TKM,2017,0.091
Turkmenistan,TKM,2018,0.091
Turkmenistan,TKM,2019,0.09
Turkmenistan,TKM,2020,0.092
Turkmenistan,TKM,2021,0.092
Turkmenistan,TKM,2022,0.092
Turkmenistan,TKM,2023,0.109
Turkmenistan,TKM,2024,0.109
Turkmenistan,TKM,2025,0.101
Uganda,UGA,1900,0.569
Uganda,UGA,1901,0.569
Uganda,UGA,1902,0.569
Uganda,UGA,1903,0.569
Uganda,UGA,1904,0.569
Uganda,UGA,1905,0.569
Uganda,UGA,1906,0.569
Uganda,UGA,1907,0.569
Uganda,UGA,1908,0.569
Uganda,UGA,1909,0.569
Uganda,UGA,1910,0.569
Uganda,UGA,1911,0.569
Uganda,UGA,1912,0.569
Uganda,UGA,1913,0.569
Uganda,UGA,1914,0.569
Uganda,UGA,1915,0.569
Uganda,UGA,1916,0.569
Uganda,UGA,1917,0.569
Uganda,UGA,1918,0.569
Uganda,UGA,1919,0.569
Uganda,UGA,1920,0.569
Uganda,UGA,1921,0.66
Uganda,UGA,1922,0.66
Uganda,UGA,1923,0.66
Uganda,UGA,1924,0.66
Uganda,UGA,1925,0.66
Uganda,UGA,1926,0.66
Uganda,UGA,1927,0.66
Uganda,UGA,1928,0.66
Uganda,UGA,1929,0.66
Uganda,UGA,1930,0.66
Uganda,UGA,1931,0.66
Uganda,UGA,1932,0.66
Uganda,UGA,1933,0.66
Uganda,UGA,1934,0.66
Uganda,UGA,1935,0.66
Uganda,UGA,1936,0.66
Uganda,UGA,1937,0.66
Uganda,UGA,1938,0.66
Uganda,UGA,1939,0.66
Uganda,UGA,1940,0.66
Uganda,UGA,1941,0.66
Uganda,UGA,1942,0.66
Uganda,UGA,1943,0.66
Uganda,UGA,1944,0.66
Uganda,UGA,1945,0.66
Uganda,UGA,1946,0.66
Uganda,UGA,1947,0.66
Uganda,UGA,1948,0.66
Uganda,UGA,1949,0.66
Uganda,UGA,1950,0.66
Uganda,UGA,1951,0.66
Uganda,UGA,1952,0.66
Uganda,UGA,1953,0.66
Uganda,UGA,1954,0.652
Uganda,UGA,1955,0.652
Uganda,UGA,1956,0.652
Uganda,UGA,1957,0.652
Uganda,UGA,1958,0.644
Uganda,UGA,1959,0.644
Uganda,UGA,1960,0.622
Uganda,UGA,1961,0.627
Uganda,UGA,1962,0.539
Uganda,UGA,1963,0.52
Uganda,UGA,1964,0.52
Uganda,UGA,1965,0.52
Uganda,UGA,1966,0.478
Uganda,UGA,1967,0.424
Uganda,UGA,1968,0.412
Uganda,UGA,1969,0.412
Uganda,UGA,1970,0.415
Uganda,UGA,1971,0.105
Uganda,UGA,1972,0.065
Uganda,UGA,1973,0.052
Uganda,UGA,1974,0.052
Uganda,UGA,1975,0.052
Uganda,UGA,1976,0.052
Uganda,UGA,1977,0.052
Uganda,UGA,1978,0.052
Uganda,UGA,1979,0.052
Uganda,UGA,1980,0.211
Uganda,UGA,1981,0.191
Uganda,UGA,1982,0.191
Uganda,UGA,1983,0.191
Uganda,UGA,1984,0.191
Uganda,UGA,1985,0.211
Uganda,UGA,1986,0.33
Uganda,UGA,1987,0.354
Uganda,UGA,1988,0.379
Uganda,UGA,1989,0.37
Uganda,UGA,1990,0.387
Uganda,UGA,1991,0.387
Uganda,UGA,1992,0.387
Uganda,UGA,1993,0.379
Uganda,UGA,1994,0.359
Uganda,UGA,1995,0.356
Uganda,UGA,1996,0.295
Uganda,UGA,1997,0.264
Uganda,UGA,1998,0.264
Uganda,UGA,1999,0.257
Uganda,UGA,2000,0.221
Uganda,UGA,2001,0.218
Uganda,UGA,2002,0.218
Uganda,UGA,2003,0.218
Uganda,UGA,2004,0.201
Uganda,UGA,2005,0.22
Uganda,UGA,2006,0.213
Uganda,UGA,2007,0.215
Uganda,UGA,2008,0.215
Uganda,UGA,2009,0.216
Uganda,UGA,2010,0.187
Uganda,UGA,2011,0.185
Uganda,UGA,2012,0.184
Uganda,UGA,2013,0.191
Uganda,UGA,2014,0.189
Uganda,UGA,2015,0.176
Uganda,UGA,2016,0.169
Uganda,UGA,2017,0.165
Uganda,UGA,2018,0.169
Uganda,UGA,2019,0.163
Uganda,UGA,2020,0.174
Uganda,UGA,2021,0.185
Uganda,UGA,2022,0.199
Uganda,UGA,2023,0.188
Uganda,UGA,2024,0.156
Uganda,UGA,2025,0.111
Ukraine,UKR,1990,0.62
Ukraine,UKR,1991,0.573
Ukraine,UKR,1992,0.429
Ukraine,UKR,1993,0.35
Ukraine,UKR,1994,0.33
Ukraine,UKR,1995,0.225
Ukraine,UKR,1996,0.199
Ukraine,UKR,1997,0.199
Ukraine,UKR,1998,0.121
Ukraine,UKR,1999,0.119
Ukraine,UKR,2000,0.134
Ukraine,UKR,2001,0.131
Ukraine,UKR,2002,0.126
Ukraine,UKR,2003,0.117
Ukraine,UKR,2004,0.153
Ukraine,UKR,2005,0.166
Ukraine,UKR,2006,0.15
Ukraine,UKR,2007,0.151
Ukraine,UKR,2008,0.155
Ukraine,UKR,2009,0.133
Ukraine,UKR,2010,0.117
Ukraine,UKR,2011,0.108
Ukraine,UKR,2012,0.108
Ukraine,UKR,2013,0.113
Ukraine,UKR,2014,0.196
Ukraine,UKR,2015,0.216
Ukraine,UKR,2016,0.236
Ukraine,UKR,2017,0.246
Ukraine,UKR,2018,0.254
Ukraine,UKR,2019,0.335
Ukraine,UKR,2020,0.312
Ukraine,UKR,2021,0.334
Ukraine,UKR,2022,0.406
Ukraine,UKR,2023,0.39
Ukraine,UKR,2024,0.367
Ukraine,UKR,2025,0.359
United Arab Emirates,ARE,1971,0.743
United Arab Emirates,ARE,1972,0.743
United Arab Emirates,ARE,1973,0.743
United Arab Emirates,ARE,1974,0.743
United Arab Emirates,ARE,1975,0.777
United Arab Emirates,ARE,1976,0.777
United Arab Emirates,ARE,1977,0.777
United Arab Emirates,ARE,1978,0.74
United Arab Emirates,ARE,1979,0.754
United Arab Emirates,ARE,1980,0.778
United Arab Emirates,ARE,1981,0.775
United Arab Emirates,ARE,1982,0.775
United Arab Emirates,ARE,1983,0.775
United Arab Emirates,ARE,1984,0.775
United Arab Emirates,ARE,1985,0.775
United Arab Emirates,ARE,1986,0.789
United Arab Emirates,ARE,1987,0.789
United Arab Emirates,ARE,1988,0.789
United Arab Emirates,ARE,1989,0.789
United Arab Emirates,ARE,1990,0.777
United Arab Emirates,ARE,1991,0.777
United Arab Emirates,ARE,1992,0.788
United Arab Emirates,ARE,1993,0.795
United Arab Emirates,ARE,1994,0.865
United Arab Emirates,ARE,1995,0.865
United Arab Emirates,ARE,1996,0.865
United Arab Emirates,ARE,1997,0.865
United Arab Emirates,ARE,1998,0.865
United Arab Emirates,ARE,1999,0.865
United Arab Emirates,ARE,2000,0.865
United Arab Emirates,ARE,2001,0.865
United Arab Emirates,ARE,2002,0.864
United Arab Emirates,ARE,2003,0.864
United Arab Emirates,ARE,2004,0.864
United Arab Emirates,ARE,2005,0.864
United Arab Emirates,ARE,2006,0.864
United Arab Emirates,ARE,2007,0.879
United Arab Emirates,ARE,2008,0.885
United Arab Emirates,ARE,2009,0.885
United Arab Emirates,ARE,2010,0.885
United Arab Emirates,ARE,2011,0.885
United Arab Emirates,ARE,2012,0.885
United Arab Emirates,ARE,2013,0.885
United Arab Emirates,ARE,2014,0.885
United Arab Emirates,ARE,2015,0.885
United Arab Emirates,ARE,2016,0.885
United Arab Emirates,ARE,2017,0.885
United Arab Emirates,ARE,2018,0.885
United Arab Emirates,ARE,2019,0.885
United Arab Emirates,ARE,2020,0.885
United Arab Emirates,ARE,2021,0.892
United Arab Emirates,ARE,2022,0.883
United Arab Emirates,ARE,2023,0.878
United Arab Emirates,ARE,2024,0.895
United Arab Emirates,ARE,2025,0.895
United Kingdom,GBR,1900,0.974
United Kingdom,GBR,1901,0.974
United Kingdom,GBR,1902,0.974
United Kingdom,GBR,1903,0.974
United Kingdom,GBR,1904,0.974
United Kingdom,GBR,1905,0.974
United Kingdom,GBR,1906,0.974
United Kingdom,GBR,1907,0.974
United Kingdom,GBR,1908,0.974
United Kingdom,GBR,1909,0.974
United Kingdom,GBR,1910,0.974
United Kingdom,GBR,1911,0.974
United Kingdom,GBR,1912,0.974
United Kingdom,GBR,1913,0.974
United Kingdom,GBR,1914,0.974
United Kingdom,GBR,1915,0.974
United Kingdom,GBR,1916,0.972
United Kingdom,GBR,1917,0.974
United Kingdom,GBR,1918,0.974
United Kingdom,GBR,1919,0.974
United Kingdom,GBR,1920,0.974
United Kingdom,GBR,1921,0.974
United Kingdom,GBR,1922,0.975
United Kingdom,GBR,1923,0.975
United Kingdom,GBR,1924,0.975
United Kingdom,GBR,1925,0.975
United Kingdom,GBR,1926,0.975
United Kingdom,GBR,1927,0.975
United Kingdom,GBR,1928,0.975
United Kingdom,GBR,1929,0.975
United Kingdom,GBR,1930,0.975
United Kingdom,GBR,1931,0.975
United Kingdom,GBR,1932,0.975
United Kingdom,GBR,1933,0.975
United Kingdom,GBR,1934,0.975
United Kingdom,GBR,1935,0.975
United Kingdom,GBR,1936,0.975
United Kingdom,GBR,1937,0.975
United Kingdom,GBR,1938,0.975
United Kingdom,GBR,1939,0.975
United Kingdom,GBR,1940,0.978
United Kingdom,GBR,1941,0.978
United Kingdom,GBR,1942,0.978
United Kingdom,GBR,1943,0.978
United Kingdom,GBR,1944,0.978
United Kingdom,GBR,1945,0.978
United Kingdom,GBR,1946,0.983
United Kingdom,GBR,1947,0.983
United Kingdom,GBR,1948,0.983
United Kingdom,GBR,1949,0.983
United Kingdom,GBR,1950,0.983
United Kingdom,GBR,1951,0.983
United Kingdom,GBR,1952,0.983
United Kingdom,GBR,1953,0.983
United Kingdom,GBR,1954,0.983
United Kingdom,GBR,1955,0.983
United Kingdom,GBR,1956,0.983
United Kingdom,GBR,1957,0.983
United Kingdom,GBR,1958,0.983
United Kingdom,GBR,1959,0.983
United Kingdom,GBR,1960,0.983
United Kingdom,GBR,1961,0.983
United Kingdom,GBR,1962,0.983
United Kingdom,GBR,1963,0.983
United Kingdom,GBR,1964,0.983
United Kingdom,GBR,1965,0.983
United Kingdom,GBR,1966,0.983
United Kingdom,GBR,1967,0.983
United Kingdom,GBR,1968,0.983
United Kingdom,GBR,1969,0.983
United Kingdom,GBR,1970,0.981
United Kingdom,GBR,1971,0.973
United Kingdom,GBR,1972,0.973
United Kingdom,GBR,1973,0.973
United Kingdom,GBR,1974,0.973
United Kingdom,GBR,1975,0.973
United Kingdom,GBR,1976,0.973
United Kingdom,GBR,1977,0.973
United Kingdom,GBR,1978,0.973
United Kingdom,GBR,1979,0.973
United Kingdom,GBR,1980,0.97
United Kingdom,GBR,1981,0.97
United Kingdom,GBR,1982,0.97
United Kingdom,GBR,1983,0.97
United Kingdom,GBR,1984,0.97
United Kingdom,GBR,1985,0.97
United Kingdom,GBR,1986,0.97
United Kingdom,GBR,1987,0.97
United Kingdom,GBR,1988,0.97
United Kingdom,GBR,1989,0.97
United Kingdom,GBR,1990,0.97
United Kingdom,GBR,1991,0.97
United Kingdom,GBR,1992,0.97
United Kingdom,GBR,1993,0.97
United Kingdom,GBR,1994,0.97
United Kingdom,GBR,1995,0.97
United Kingdom,GBR,1996,0.97
United Kingdom,GBR,1997,0.97
United Kingdom,GBR,1998,0.968
United Kingdom,GBR,1999,0.968
United Kingdom,GBR,2000,0.968
United Kingdom,GBR,2001,0.96
United Kingdom,GBR,2002,0.96
United Kingdom,GBR,2003,0.96
United Kingdom,GBR,2004,0.96
United Kingdom,GBR,2005,0.96
United Kingdom,GBR,2006,0.96
United Kingdom,GBR,2007,0.96
United Kingdom,GBR,2008,0.96
United Kingdom,GBR,2009,0.96
United Kingdom,GBR,2010,0.96
United Kingdom,GBR,2011,0.96
United Kingdom,GBR,2012,0.96
United Kingdom,GBR,2013,0.96
United Kingdom,GBR,2014,0.96
United Kingdom,GBR,2015,0.96
United Kingdom,GBR,2016,0.96
United Kingdom,GBR,2017,0.962
United Kingdom,GBR,2018,0.962
United Kingdom,GBR,2019,0.959
United Kingdom,GBR,2020,0.958
United Kingdom,GBR,2021,0.947
United Kingdom,GBR,2022,0.947
United Kingdom,GBR,2023,0.948
United Kingdom,GBR,2024,0.957
United Kingdom,GBR,2025,0.958
United States,USA,1900,0.885
United States,USA,1901,0.885
United States,USA,1902,0.885
United States,USA,1903,0.885
United States,USA,1904,0.885
United States,USA,1905,0.885
United States,USA,1906,0.885
United States,USA,1907,0.885
United States,USA,1908,0.885
United States,USA,1909,0.885
United States,USA,1910,0.903
United States,USA,1911,0.903
United States,USA,1912,0.903
United States,USA,1913,0.917
United States,USA,1914,0.922
United States,USA,1915,0.932
United States,USA,1916,0.932
United States,USA,1917,0.932
United States,USA,1918,0.932
United States,USA,1919,0.932
United States,USA,1920,0.923
United States,USA,1921,0.907
United States,USA,1922,0.909
United States,USA,1923,0.907
United States,USA,1924,0.923
United States,USA,1925,0.93
United States,USA,1926,0.934
United States,USA,1927,0.934
United States,USA,1928,0.934
United States,USA,1929,0.934
United States,USA,1930,0.935
United States,USA,1931,0.935
United States,USA,1932,0.935
United States,USA,1933,0.935
United States,USA,1934,0.935
United States,USA,1935,0.935
United States,USA,1936,0.935
United States,USA,1937,0.935
United States,USA,1938,0.935
United States,USA,1939,0.935
United States,USA,1940,0.935
United States,USA,1941,0.935
United States,USA,1942,0.935
United States,USA,1943,0.935
United States,USA,1944,0.935
United States,USA,1945,0.944
United States,USA,1946,0.938
United States,USA,1947,0.938
United States,USA,1948,0.938
United States,USA,1949,0.938
United States,USA,1950,0.94
United States,USA,1951,0.94
United States,USA,1952,0.94
United States,USA,1953,0.94
United States,USA,1954,0.94
United States,USA,1955,0.94
United States,USA,1956,0.94
United States,USA,1957,0.94
United States,USA,1958,0.94
United States,USA,1959,0.94
United States,USA,1960,0.94
United States,USA,1961,0.94
United States,USA,1962,0.94
United States,USA,1963,0.94
United States,USA,1964,0.94
United States,USA,1965,0.946
United States,USA,1966,0.946
United States,USA,1967,0.946
United States,USA,1968,0.946
United States,USA,1969,0.937
United States,USA,1970,0.929
United States,USA,1971,0.927
United States,USA,1972,0.927
United States,USA,1973,0.927
United States,USA,1974,0.927
United States,USA,1975,0.946
United States,USA,1976,0.946
United States,USA,1977,0.946
United States,USA,1978,0.946
United States,USA,1979,0.946
United States,USA,1980,0.949
United States,USA,1981,0.942
United States,USA,1982,0.922
United States,USA,1983,0.922
United States,USA,1984,0.922
United States,USA,1985,0.922
United States,USA,1986,0.922
United States,USA,1987,0.926
United States,USA,1988,0.926
United States,USA,1989,0.929
United States,USA,1990,0.945
United States,USA,1991,0.945
United States,USA,1992,0.945
United States,USA,1993,0.945
United States,USA,1994,0.945
United States,USA,1995,0.945
United States,USA,1996,0.945
United States,USA,1997,0.945
United States,USA,1998,0.945
United States,USA,1999,0.945
United States,USA,2000,0.945
United States,USA,2001,0.945
United States,USA,2002,0.945
United States,USA,2003,0.945
United States,USA,2004,0.945
United States,USA,2005,0.945
United States,USA,2006,0.945
United States,USA,2007,0.945
United States,USA,2008,0.945
United States,USA,2009,0.946
United States,USA,2010,0.946
United States,USA,2011,0.946
United States,USA,2012,0.947
United States,USA,2013,0.947
United States,USA,2014,0.947
United States,USA,2015,0.947
United States,USA,2016,0.932
United States,USA,2017,0.9
United States,USA,2018,0.903
United States,USA,2019,0.907
United States,USA,2020,0.915
United States,USA,2021,0.932
United States,USA,2022,0.939
United States,USA,2023,0.945
United States,USA,2024,0.949
United States,USA,2025,0.94
Uruguay,URY,1900,0.927
Uruguay,URY,1901,0.927
Uruguay,URY,1902,0.927
Uruguay,URY,1903,0.94
Uruguay,URY,1904,0.94
Uruguay,URY,1905,0.94
Uruguay,URY,1906,0.94
Uruguay,URY,1907,0.94
Uruguay,URY,1908,0.94
Uruguay,URY,1909,0.94
Uruguay,URY,1910,0.94
Uruguay,URY,1911,0.94
Uruguay,URY,1912,0.94
Uruguay,URY,1913,0.94
Uruguay,URY,1914,0.94
Uruguay,URY,1915,0.94
Uruguay,URY,1916,0.94
Uruguay,URY,1917,0.94
Uruguay,URY,1918,0.941
Uruguay,URY,1919,0.941
Uruguay,URY,1920,0.941
Uruguay,URY,1921,0.919
Uruguay,URY,1922,0.919
Uruguay,URY,1923,0.919
Uruguay,URY,1924,0.919
Uruguay,URY,1925,0.919
Uruguay,URY,1926,0.919
Uruguay,URY,1927,0.919
Uruguay,URY,1928,0.919
Uruguay,URY,1929,0.919
Uruguay,URY,1930,0.919
Uruguay,URY,1931,0.919
Uruguay,URY,1932,0.919
Uruguay,URY,1933,0.923
Uruguay,URY,1934,0.916
Uruguay,URY,1935,0.914
Uruguay,URY,1936,0.914
Uruguay,URY,1937,0.914
Uruguay,URY,1938,0.914
Uruguay,URY,1939,0.914
Uruguay,URY,1940,0.914
Uruguay,URY,1941,0.914
Uruguay,URY,1942,0.914
Uruguay,URY,1943,0.923
Uruguay,URY,1944,0.923
Uruguay,URY,1945,0.923
Uruguay,URY,1946,0.923
Uruguay,URY,1947,0.923
Uruguay,URY,1948,0.923
Uruguay,URY,1949,0.923
Uruguay,URY,1950,0.923
Uruguay,URY,1951,0.923
Uruguay,URY,1952,0.923
Uruguay,URY,1953,0.923
Uruguay,URY,1954,0.923
Uruguay,URY,1955,0.923
Uruguay,URY,1956,0.923
Uruguay,URY,1957,0.923
Uruguay,URY,1958,0.923
Uruguay,URY,1959,0.887
Uruguay,URY,1960,0.887
Uruguay,URY,1961,0.887
Uruguay,URY,1962,0.887
Uruguay,URY,1963,0.887
Uruguay,URY,1964,0.887
Uruguay,URY,1965,0.887
Uruguay,URY,1966,0.887
Uruguay,URY,1967,0.887
Uruguay,URY,1968,0.887
Uruguay,URY,1969,0.887
Uruguay,URY,1970,0.887
Uruguay,URY,1971,0.887
Uruguay,URY,1972,0.887
Uruguay,URY,1973,0.831
Uruguay,URY,1974,0.781
Uruguay,URY,1975,0.781
Uruguay,URY,1976,0.781
Uruguay,URY,1977,0.781
Uruguay,URY,1978,0.781
Uruguay,URY,1979,0.781
Uruguay,URY,1980,0.781
Uruguay,URY,1981,0.781
Uruguay,URY,1982,0.781
Uruguay,URY,1983,0.781
Uruguay,URY,1984,0.781
Uruguay,URY,1985,0.958
Uruguay,URY,1986,0.962
Uruguay,URY,1987,0.962
Uruguay,URY,1988,0.962
Uruguay,URY,1989,0.962
Uruguay,URY,1990,0.954
Uruguay,URY,1991,0.954
Uruguay,URY,1992,0.954
Uruguay,URY,1993,0.954
Uruguay,URY,1994,0.954
Uruguay,URY,1995,0.959
Uruguay,URY,1996,0.959
Uruguay,URY,1997,0.959
Uruguay,URY,1998,0.959
Uruguay,URY,1999,0.959
Uruguay,URY,2000,0.959
Uruguay,URY,2001,0.959
Uruguay,URY,2002,0.959
Uruguay,URY,2003,0.959
Uruguay,URY,2004,0.959
Uruguay,URY,2005,0.959
Uruguay,URY,2006,0.959
Uruguay,URY,2007,0.959
Uruguay,URY,2008,0.959
Uruguay,URY,2009,0.959
Uruguay,URY,2010,0.959
Uruguay,URY,2011,0.959
Uruguay,URY,2012,0.959
Uruguay,URY,2013,0.951
Uruguay,URY,2014,0.951
Uruguay,URY,2015,0.958
Uruguay,URY,2016,0.958
Uruguay,URY,2017,0.958
Uruguay,URY,2018,0.958
Uruguay,URY,2019,0.958
Uruguay,URY,2020,0.945
Uruguay,URY,2021,0.937
Uruguay,URY,2022,0.92
Uruguay,URY,2023,0.932
Uruguay,URY,2024,0.949
Uruguay,URY,2025,0.945
Uzbekistan,UZB,1900,0.251
Uzbekistan,UZB,1901,0.251
Uzbekistan,UZB,1902,0.251
Uzbekistan,UZB,1903,0.251
Uzbekistan,UZB,1904,0.251
Uzbekistan,UZB,1905,0.251
Uzbekistan,UZB,1906,0.251
Uzbekistan,UZB,1907,0.251
Uzbekistan,UZB,1908,0.251
Uzbekistan,UZB,1909,0.251
Uzbekistan,UZB,1910,0.251
Uzbekistan,UZB,1911,0.251
Uzbekistan,UZB,1912,0.251
Uzbekistan,UZB,1913,0.251
Uzbekistan,UZB,1914,0.251
Uzbekistan,UZB,1915,0.251
Uzbekistan,UZB,1916,0.251
Uzbekistan,UZB,1917,0.251
Uzbekistan,UZB,1918,0.251
Uzbekistan,UZB,1919,0.251
Uzbekistan,UZB,1920,0.439
Uzbekistan,UZB,1990,0.32
Uzbekistan,UZB,1991,0.32
Uzbekistan,UZB,1992,0.219
Uzbekistan,UZB,1993,0.212
Uzbekistan,UZB,1994,0.208
Uzbekistan,UZB,1995,0.191
Uzbekistan,UZB,1996,0.191
Uzbekistan,UZB,1997,0.188
Uzbekistan,UZB,1998,0.166
Uzbekistan,UZB,1999,0.166
Uzbekistan,UZB,2000,0.166
Uzbekistan,UZB,2001,0.166
Uzbekistan,UZB,2002,0.166
Uzbekistan,UZB,2003,0.144
Uzbekistan,UZB,2004,0.142
Uzbekistan,UZB,2005,0.132
Uzbekistan,UZB,2006,0.133
Uzbekistan,UZB,2007,0.133
Uzbekistan,UZB,2008,0.135
Uzbekistan,UZB,2009,0.152
Uzbekistan,UZB,2010,0.153
Uzbekistan,UZB,2011,0.153
Uzbekistan,UZB,2012,0.153
Uzbekistan,UZB,2013,0.153
Uzbekistan,UZB,2014,0.153
Uzbekistan,UZB,2015,0.15
Uzbekistan,UZB,2016,0.148
Uzbekistan,UZB,2017,0.202
Uzbekistan,UZB,2018,0.199
Uzbekistan,UZB,2019,0.215
Uzbekistan,UZB,2020,0.222
Uzbekistan,UZB,2021,0.207
Uzbekistan,UZB,2022,0.171
Uzbekistan,UZB,2023,0.173
Uzbekistan,UZB,2024,0.165
Uzbekistan,UZB,2025,0.177
Vanuatu,VUT,1900,0.888
Vanuatu,VUT,1901,0.888
Vanuatu,VUT,1902,0.888
Vanuatu,VUT,1903,0.888
Vanuatu,VUT,1904,0.888
Vanuatu,VUT,1905,0.888
Vanuatu,VUT,1906,0.888
Vanuatu,VUT,1907,0.888
Vanuatu,VUT,1908,0.888
Vanuatu,VUT,1909,0.888
Vanuatu,VUT,1910,0.888
Vanuatu,VUT,1911,0.888
Vanuatu,VUT,1912,0.888
Vanuatu,VUT,1913,0.888
Vanuatu,VUT,1914,0.888
Vanuatu,VUT,1915,0.888
Vanuatu,VUT,1916,0.888
Vanuatu,VUT,1917,0.888
Vanuatu,VUT,1918,0.888
Vanuatu,VUT,1919,0.888
Vanuatu,VUT,1920,0.888
Vanuatu,VUT,1921,0.888
Vanuatu,VUT,1922,0.888
Vanuatu,VUT,1923,0.888
Vanuatu,VUT,1924,0.888
Vanuatu,VUT,1925,0.888
Vanuatu,VUT,1926,0.888
Vanuatu,VUT,1927,0.888
Vanuatu,VUT,1928,0.888
Vanuatu,VUT,1929,0.888
Vanuatu,VUT,1930,0.888
Vanuatu,VUT,1931,0.888
Vanuatu,VUT,1932,0.888
Vanuatu,VUT,1933,0.888
Vanuatu,VUT,1934,0.888
Vanuatu,VUT,1935,0.888
Vanuatu,VUT,1936,0.888
Vanuatu,VUT,1937,0.888
Vanuatu,VUT,1938,0.888
Vanuatu,VUT,1939,0.888
Vanuatu,VUT,1940,0.888
Vanuatu,VUT,1941,0.888
Vanuatu,VUT,1942,0.888
Vanuatu,VUT,1943,0.888
Vanuatu,VUT,1944,0.888
Vanuatu,VUT,1945,0.888
Vanuatu,VUT,1946,0.888
Vanuatu,VUT,1947,0.888
Vanuatu,VUT,1948,0.888
Vanuatu,VUT,1949,0.888
Vanuatu,VUT,1950,0.888
Vanuatu,VUT,1951,0.888
Vanuatu,VUT,1952,0.888
Vanuatu,VUT,1953,0.888
Vanuatu,VUT,1954,0.888
Vanuatu,VUT,1955,0.888
Vanuatu,VUT,1956,0.888
Vanuatu,VUT,1957,0.888
Vanuatu,VUT,1958,0.888
Vanuatu,VUT,1959,0.888
Vanuatu,VUT,1960,0.888
Vanuatu,VUT,1961,0.888
Vanuatu,VUT,1962,0.888
Vanuatu,VUT,1963,0.888
Vanuatu,VUT,1964,0.888
Vanuatu,VUT,1965,0.888
Vanuatu,VUT,1966,0.888
Vanuatu,VUT,1967,0.888
Vanuatu,VUT,1968,0.888
Vanuatu,VUT,1969,0.888
Vanuatu,VUT,1970,0.888
Vanuatu,VUT,1971,0.888
Vanuatu,VUT,1972,0.888
Vanuatu,VUT,1973,0.888
Vanuatu,VUT,1974,0.888
Vanuatu,VUT,1975,0.888
Vanuatu,VUT,1976,0.906
Vanuatu,VUT,1977,0.906
Vanuatu,VUT,1978,0.906
Vanuatu,VUT,1979,0.906
Vanuatu,VUT,1980,0.651
Vanuatu,VUT,1981,0.651
Vanuatu,VUT,1982,0.651
Vanuatu,VUT,1983,0.651
Vanuatu,VUT,1984,0.651
Vanuatu,VUT,1985,0.651
Vanuatu,VUT,1986,0.651
Vanuatu,VUT,1987,0.651
Vanuatu,VUT,1988,0.651
Vanuatu,VUT,1989,0.651
Vanuatu,VUT,1990,0.651
Vanuatu,VUT,1991,0.608
Vanuatu,VUT,1992,0.559
Vanuatu,VUT,1993,0.559
Vanuatu,VUT,1994,0.559
Vanuatu,VUT,1995,0.559
Vanuatu,VUT,1996,0.559
Vanuatu,VUT,1997,0.559
Vanuatu,VUT,1998,0.559
Vanuatu,VUT,1999,0.559
Vanuatu,VUT,2000,0.559
Vanuatu,VUT,2001,0.559
Vanuatu,VUT,2002,0.559
Vanuatu,VUT,2003,0.559
Vanuatu,VUT,2004,0.559
Vanuatu,VUT,2005,0.559
Vanuatu,VUT,2006,0.559
Vanuatu,VUT,2007,0.559
Vanuatu,VUT,2008,0.559
Vanuatu,VUT,2009,0.559
Vanuatu,VUT,2010,0.559
Vanuatu,VUT,2011,0.559
Vanuatu,VUT,2012,0.559
Vanuatu,VUT,2013,0.559
Vanuatu,VUT,2014,0.573
Vanuatu,VUT,2015,0.573
Vanuatu,VUT,2016,0.573
Vanuatu,VUT,2017,0.603
Vanuatu,VUT,2018,0.603
Vanuatu,VUT,2019,0.609
Vanuatu,VUT,2020,0.648
Vanuatu,VUT,2021,0.668
Vanuatu,VUT,2022,0.684
Vanuatu,VUT,2023,0.684
Vanuatu,VUT,2024,0.721
Vanuatu,VUT,2025,0.668
Venezuela,VEN,1900,0.427
Venezuela,VEN,1901,0.427
Venezuela,VEN,1902,0.427
Venezuela,VEN,1903,0.427
Venezuela,VEN,1904,0.427
Venezuela,VEN,1905,0.427
Venezuela,VEN,1906,0.427
Venezuela,VEN,1907,0.427
Venezuela,VEN,1908,0.427
Venezuela,VEN,1909,0.495
Venezuela,VEN,1910,0.508
Venezuela,VEN,1911,0.508
Venezuela,VEN,1912,0.508
Venezuela,VEN,1913,0.508
Venezuela,VEN,1914,0.497
Venezuela,VEN,1915,0.503
Venezuela,VEN,1916,0.477
Venezuela,VEN,1917,0.474
Venezuela,VEN,1918,0.474
Venezuela,VEN,1919,0.474
Venezuela,VEN,1920,0.474
Venezuela,VEN,1921,0.474
Venezuela,VEN,1922,0.474
Venezuela,VEN,1923,0.474
Venezuela,VEN,1924,0.474
Venezuela,VEN,1925,0.474
Venezuela,VEN,1926,0.47
Venezuela,VEN,1927,0.47
Venezuela,VEN,1928,0.47
Venezuela,VEN,1929,0.47
Venezuela,VEN,1930,0.47
Venezuela,VEN,1931,0.47
Venezuela,VEN,1932,0.47
Venezuela,VEN,1933,0.47
Venezuela,VEN,1934,0.47
Venezuela,VEN,1935,0.47
Venezuela,VEN,1936,0.668
Venezuela,VEN,1937,0.709
Venezuela,VEN,1938,0.709
Venezuela,VEN,1939,0.709
Venezuela,VEN,1940,0.709
Venezuela,VEN,1941,0.718
Venezuela,VEN,1942,0.718
Venezuela,VEN,1943,0.718
Venezuela,VEN,1944,0.718
Venezuela,VEN,1945,0.723
Venezuela,VEN,1946,0.753
Venezuela,VEN,1947,0.753
Venezuela,VEN,1948,0.646
Venezuela,VEN,1949,0.612
Venezuela,VEN,1950,0.605
Venezuela,VEN,1951,0.605
Venezuela,VEN,1952,0.583
Venezuela,VEN,1953,0.55
Venezuela,VEN,1954,0.55
Venezuela,VEN,1955,0.55
Venezuela,VEN,1956,0.55
Venezuela,VEN,1957,0.558
Venezuela,VEN,1958,0.471
Venezuela,VEN,1959,0.46
Venezuela,VEN,1960,0.466
Venezuela,VEN,1961,0.466
Venezuela,VEN,1962,0.466
Venezuela,VEN,1963,0.466
Venezuela,VEN,1964,0.462
Venezuela,VEN,1965,0.462
Venezuela,VEN,1966,0.462
Venezuela,VEN,1967,0.462
Venezuela,VEN,1968,0.462
Venezuela,VEN,1969,0.462
Venezuela,VEN,1970,0.445
Venezuela,VEN,1971,0.445
Venezuela,VEN,1972,0.434
Venezuela,VEN,1973,0.347
Venezuela,VEN,1974,0.335
Venezuela,VEN,1975,0.331
Venezuela,VEN,1976,0.331
Venezuela,VEN,1977,0.327
Venezuela,VEN,1978,0.327
Venezuela,VEN,1979,0.296
Venezuela,VEN,1980,0.293
Venezuela,VEN,1981,0.293
Venezuela,VEN,1982,0.293
Venezuela,VEN,1983,0.293
Venezuela,VEN,1984,0.283
Venezuela,VEN,1985,0.283
Venezuela,VEN,1986,0.283
Venezuela,VEN,1987,0.283
Venezuela,VEN,1988,0.283
Venezuela,VEN,1989,0.283
Venezuela,VEN,1990,0.299
Venezuela,VEN,1991,0.299
Venezuela,VEN,1992,0.293
Venezuela,VEN,1993,0.304
Venezuela,VEN,1994,0.304
Venezuela,VEN,1995,0.31
Venezuela,VEN,1996,0.31
Venezuela,VEN,1997,0.304
Venezuela,VEN,1998,0.304
Venezuela,VEN,1999,0.269
Venezuela,VEN,2000,0.106
Venezuela,VEN,2001,0.106
Venezuela,VEN,2002,0.098
Venezuela,VEN,2003,0.098
Venezuela,VEN,2004,0.087
Venezuela,VEN,2005,0.067
Venezuela,VEN,2006,0.067
Venezuela,VEN,2007,0.053
Venezuela,VEN,2008,0.057
Venezuela,VEN,2009,0.053
Venezuela,VEN,2010,0.046
Venezuela,VEN,2011,0.042
Venezuela,VEN,2012,0.042
Venezuela,VEN,2013,0.032
Venezuela,VEN,2014,0.034
Venezuela,VEN,2015,0.06
Venezuela,VEN,2016,0.095
Venezuela,VEN,2017,0.092
Venezuela,VEN,2018,0.082
Venezuela,VEN,2019,0.045
Venezuela,VEN,2020,0.039
Venezuela,VEN,2021,0.032
Venezuela,VEN,2022,0.029
Venezuela,VEN,2023,0.031
Venezuela,VEN,2024,0.03
Venezuela,VEN,2025,0.032
Vietnam,VNM,1976,0.747
Vietnam,VNM,1977,0.747
Vietnam,VNM,1978,0.747
Vietnam,VNM,1979,0.747
Vietnam,VNM,1980,0.683
Vietnam,VNM,1981,0.68
Vietnam,VNM,1982,0.69
Vietnam,VNM,1983,0.69
Vietnam,VNM,1984,0.69
Vietnam,VNM,1985,0.69
Vietnam,VNM,1986,0.544
Vietnam,VNM,1987,0.515
Vietnam,VNM,1988,0.515
Vietnam,VNM,1989,0.515
Vietnam,VNM,1990,0.515
Vietnam,VNM,1991,0.506
Vietnam,VNM,1992,0.49
Vietnam,VNM,1993,0.466
Vietnam,VNM,1994,0.466
Vietnam,VNM,1995,0.466
Vietnam,VNM,1996,0.466
Vietnam,VNM,1997,0.466
Vietnam,VNM,1998,0.455
Vietnam,VNM,1999,0.455
Vietnam,VNM,2000,0.444
Vietnam,VNM,2001,0.444
Vietnam,VNM,2002,0.444
Vietnam,VNM,2003,0.444
Vietnam,VNM,2004,0.444
Vietnam,VNM,2005,0.435
Vietnam,VNM,2006,0.435
Vietnam,VNM,2007,0.435
Vietnam,VNM,2008,0.435
Vietnam,VNM,2009,0.435
Vietnam,VNM,2010,0.435
Vietnam,VNM,2011,0.435
Vietnam,VNM,2012,0.435
Vietnam,VNM,2013,0.494
Vietnam,VNM,2014,0.494
Vietnam,VNM,2015,0.494
Vietnam,VNM,2016,0.494
Vietnam,VNM,2017,0.509
Vietnam,VNM,2018,0.509
Vietnam,VNM,2019,0.504
Vietnam,VNM,2020,0.512
Vietnam,VNM,2021,0.496
Vietnam,VNM,2022,0.517
Vietnam,VNM,2023,0.502
Vietnam,VNM,2024,0.513
Vietnam,VNM,2025,0.534
Germany,OWID_GFR,1949,0.98
Germany,OWID_GFR,1950,0.982
Germany,OWID_GFR,1951,0.982
Germany,OWID_GFR,1952,0.982
Germany,OWID_GFR,1953,0.982
Germany,OWID_GFR,1954,0.983
Germany,OWID_GFR,1955,0.985
Germany,OWID_GFR,1956,0.985
Germany,OWID_GFR,1957,0.986
Germany,OWID_GFR,1958,0.988
Germany,OWID_GFR,1959,0.988
Germany,OWID_GFR,1960,0.988
Germany,OWID_GFR,1961,0.988
Germany,OWID_GFR,1962,0.988
Germany,OWID_GFR,1963,0.988
Germany,OWID_GFR,1964,0.988
Germany,OWID_GFR,1965,0.988
Germany,OWID_GFR,1966,0.988
Germany,OWID_GFR,1967,0.988
Germany,OWID_GFR,1968,0.989
Germany,OWID_GFR,1969,0.989
Germany,OWID_GFR,1970,0.989
Germany,OWID_GFR,1971,0.989
Germany,OWID_GFR,1972,0.989
Germany,OWID_GFR,1973,0.989
Germany,OWID_GFR,1974,0.989
Germany,OWID_GFR,1975,0.989
Germany,OWID_GFR,1976,0.989
Germany,OWID_GFR,1977,0.989
Germany,OWID_GFR,1978,0.989
Germany,OWID_GFR,1979,0.989
Germany,OWID_GFR,1980,0.989
Germany,OWID_GFR,1981,0.989
Germany,OWID_GFR,1982,0.989
Germany,OWID_GFR,1983,0.989
Germany,OWID_GFR,1984,0.989
Germany,OWID_GFR,1985,0.989
Germany,OWID_GFR,1986,0.989
Germany,OWID_GFR,1987,0.989
Germany,OWID_GFR,1988,0.989
Germany,OWID_GFR,1989,0.989
Germany,OWID_GFR,1990,0.989
Yemen,YEM,1991,0.275
Yemen,YEM,1992,0.275
Yemen,YEM,1993,0.275
Yemen,YEM,1994,0.28
Yemen,YEM,1995,0.128
Yemen,YEM,1996,0.128
Yemen,YEM,1997,0.128
Yemen,YEM,1998,0.128
Yemen,YEM,1999,0.128
Yemen,YEM,2000,0.115
Yemen,YEM,2001,0.115
Yemen,YEM,2002,0.115
Yemen,YEM,2003,0.101
Yemen,YEM,2004,0.101
Yemen,YEM,2005,0.101
Yemen,YEM,2006,0.101
Yemen,YEM,2007,0.101
Yemen,YEM,2008,0.101
Yemen,YEM,2009,0.101
Yemen,YEM,2010,0.102
Yemen,YEM,2011,0.111
Yemen,YEM,2012,0.139
Yemen,YEM,2013,0.121
Yemen,YEM,2014,0.121
Yemen,YEM,2015,0.112
Yemen,YEM,2016,0.109
Yemen,YEM,2017,0.079
Yemen,YEM,2018,0.079
Yemen,YEM,2019,0.095
Yemen,YEM,2020,0.081
Yemen,YEM,2021,0.064
Yemen,YEM,2022,0.09
Yemen,YEM,2023,0.077
Yemen,YEM,2024,0.09
Yemen,YEM,2025,0.098
Yemen,OWID_YAR,1918,0.368
Yemen,OWID_YAR,1919,0.368
Yemen,OWID_YAR,1920,0.368
Yemen,OWID_YAR,1921,0.368
Yemen,OWID_YAR,1922,0.368
Yemen,OWID_YAR,1923,0.368
Yemen,OWID_YAR,1924,0.368
Yemen,OWID_YAR,1925,0.368
Yemen,OWID_YAR,1926,0.368
Yemen,OWID_YAR,1927,0.368
Yemen,OWID_YAR,1928,0.368
Yemen,OWID_YAR,1929,0.368
Yemen,OWID_YAR,1930,0.368
Yemen,OWID_YAR,1931,0.368
Yemen,OWID_YAR,1932,0.368
Yemen,OWID_YAR,1933,0.368
Yemen,OWID_YAR,1934,0.368
Yemen,OWID_YAR,1935,0.368
Yemen,OWID_YAR,1936,0.368
Yemen,OWID_YAR,1937,0.368
Yemen,OWID_YAR,1938,0.368
Yemen,OWID_YAR,1939,0.368
Yemen,OWID_YAR,1940,0.368
Yemen,OWID_YAR,1941,0.368
Yemen,OWID_YAR,1942,0.368
Yemen,OWID_YAR,1943,0.368
Yemen,OWID_YAR,1944,0.368
Yemen,OWID_YAR,1945,0.368
Yemen,OWID_YAR,1946,0.368
Yemen,OWID_YAR,1947,0.368
Yemen,OWID_YAR,1948,0.368
Yemen,OWID_YAR,1949,0.534
Yemen,OWID_YAR,1950,0.534
Yemen,OWID_YAR,1951,0.534
Yemen,OWID_YAR,1952,0.534
Yemen,OWID_YAR,1953,0.534
Yemen,OWID_YAR,1954,0.534
Yemen,OWID_YAR,1955,0.534
Yemen,OWID_YAR,1956,0.534
Yemen,OWID_YAR,1957,0.534
Yemen,OWID_YAR,1958,0.534
Yemen,OWID_YAR,1959,0.534
Yemen,OWID_YAR,1960,0.534
Yemen,OWID_YAR,1961,0.534
Yemen,OWID_YAR,1962,0.625
Yemen,OWID_YAR,1963,0.769
Yemen,OWID_YAR,1964,0.769
Yemen,OWID_YAR,1965,0.769
Yemen,OWID_YAR,1966,0.769
Yemen,OWID_YAR,1967,0.769
Yemen,OWID_YAR,1968,0.769
Yemen,OWID_YAR,1969,0.769
Yemen,OWID_YAR,1970,0.769
Yemen,OWID_YAR,1971,0.769
Yemen,OWID_YAR,1972,0.782
Yemen,OWID_YAR,1973,0.782
Yemen,OWID_YAR,1974,0.792
Yemen,OWID_YAR,1975,0.809
Yemen,OWID_YAR,1976,0.809
Yemen,OWID_YAR,1977,0.809
Yemen,OWID_YAR,1978,0.664
Yemen,OWID_YAR,1979,0.641
Yemen,OWID_YAR,1980,0.641
Yemen,OWID_YAR,1981,0.641
Yemen,OWID_YAR,1982,0.641
Yemen,OWID_YAR,1983,0.641
Yemen,OWID_YAR,1984,0.641
Yemen,OWID_YAR,1985,0.641
Yemen,OWID_YAR,1986,0.621
Yemen,OWID_YAR,1987,0.621
Yemen,OWID_YAR,1988,0.636
Yemen,OWID_YAR,1989,0.636
Yemen,OWID_YAR,1990,0.282
Yemen,OWID_YPR,1900,0.842
Yemen,OWID_YPR,1901,0.842
Yemen,OWID_YPR,1902,0.842
Yemen,OWID_YPR,1903,0.842
Yemen,OWID_YPR,1904,0.842
Yemen,OWID_YPR,1905,0.842
Yemen,OWID_YPR,1906,0.842
Yemen,OWID_YPR,1907,0.842
Yemen,OWID_YPR,1908,0.842
Yemen,OWID_YPR,1909,0.842
Yemen,OWID_YPR,1910,0.842
Yemen,OWID_YPR,1911,0.842
Yemen,OWID_YPR,1912,0.842
Yemen,OWID_YPR,1913,0.842
Yemen,OWID_YPR,1914,0.842
Yemen,OWID_YPR,1915,0.842
Yemen,OWID_YPR,1916,0.842
Yemen,OWID_YPR,1917,0.842
Yemen,OWID_YPR,1918,0.842
Yemen,OWID_YPR,1919,0.842
Yemen,OWID_YPR,1920,0.842
Yemen,OWID_YPR,1921,0.842
Yemen,OWID_YPR,1922,0.842
Yemen,OWID_YPR,1923,0.842
Yemen,OWID_YPR,1924,0.842
Yemen,OWID_YPR,1925,0.842
Yemen,OWID_YPR,1926,0.842
Yemen,OWID_YPR,1927,0.842
Yemen,OWID_YPR,1928,0.842
Yemen,OWID_YPR,1929,0.842
Yemen,OWID_YPR,1930,0.842
Yemen,OWID_YPR,1931,0.842
Yemen,OWID_YPR,1932,0.842
Yemen,OWID_YPR,1933,0.842
Yemen,OWID_YPR,1934,0.842
Yemen,OWID_YPR,1935,0.842
Yemen,OWID_YPR,1936,0.842
Yemen,OWID_YPR,1937,0.842
Yemen,OWID_YPR,1938,0.873
Yemen,OWID_YPR,1939,0.873
Yemen,OWID_YPR,1940,0.873
Yemen,OWID_YPR,1941,0.873
Yemen,OWID_YPR,1942,0.873
Yemen,OWID_YPR,1943,0.873
Yemen,OWID_YPR,1944,0.873
Yemen,OWID_YPR,1945,0.873
Yemen,OWID_YPR,1946,0.873
Yemen,OWID_YPR,1947,0.851
Yemen,OWID_YPR,1948,0.851
Yemen,OWID_YPR,1949,0.851
Yemen,OWID_YPR,1950,0.851
Yemen,OWID_YPR,1951,0.851
Yemen,OWID_YPR,1952,0.851
Yemen,OWID_YPR,1953,0.851
Yemen,OWID_YPR,1954,0.851
Yemen,OWID_YPR,1955,0.851
Yemen,OWID_YPR,1956,0.851
Yemen,OWID_YPR,1957,0.851
Yemen,OWID_YPR,1958,0.851
Yemen,OWID_YPR,1959,0.851
Yemen,OWID_YPR,1960,0.851
Yemen,OWID_YPR,1961,0.851
Yemen,OWID_YPR,1962,0.851
Yemen,OWID_YPR,1963,0.851
Yemen,OWID_YPR,1964,0.851
Yemen,OWID_YPR,1965,0.851
Yemen,OWID_YPR,1966,0.851
Yemen,OWID_YPR,1967,0.873
Yemen,OWID_YPR,1968,0.847
Yemen,OWID_YPR,1969,0.847
Yemen,OWID_YPR,1970,0.866
Yemen,OWID_YPR,1971,0.866
Yemen,OWID_YPR,1972,0.866
Yemen,OWID_YPR,1973,0.866
Yemen,OWID_YPR,1974,0.866
Yemen,OWID_YPR,1975,0.866
Yemen,OWID_YPR,1976,0.866
Yemen,OWID_YPR,1977,0.866
Yemen,OWID_YPR,1978,0.899
Yemen,OWID_YPR,1979,0.915
Yemen,OWID_YPR,1980,0.915
Yemen,OWID_YPR,1981,0.915
Yemen,OWID_YPR,1982,0.915
Yemen,OWID_YPR,1983,0.915
Yemen,OWID_YPR,1984,0.915
Yemen,OWID_YPR,1985,0.915
Yemen,OWID_YPR,1986,0.915
Yemen,OWID_YPR,1987,0.921
Yemen,OWID_YPR,1988,0.921
Yemen,OWID_YPR,1989,0.921
Yemen,OWID_YPR,1990,0.921
Zambia,ZMB,1911,0.968
Zambia,ZMB,1912,0.968
Zambia,ZMB,1913,0.968
Zambia,ZMB,1914,0.968
Zambia,ZMB,1915,0.968
Zambia,ZMB,1916,0.968
Zambia,ZMB,1917,0.968
Zambia,ZMB,1918,0.968
Zambia,ZMB,1919,0.968
Zambia,ZMB,1920,0.968
Zambia,ZMB,1921,0.968
Zambia,ZMB,1922,0.968
Zambia,ZMB,1923,0.964
Zambia,ZMB,1924,0.941
Zambia,ZMB,1925,0.941
Zambia,ZMB,1926,0.948
Zambia,ZMB,1927,0.948
Zambia,ZMB,1928,0.948
Zambia,ZMB,1929,0.948
Zambia,ZMB,1930,0.948
Zambia,ZMB,1931,0.948
Zambia,ZMB,1932,0.948
Zambia,ZMB,1933,0.948
Zambia,ZMB,1934,0.948
Zambia,ZMB,1935,0.948
Zambia,ZMB,1936,0.948
Zambia,ZMB,1937,0.948
Zambia,ZMB,1938,0.948
Zambia,ZMB,1939,0.948
Zambia,ZMB,1940,0.948
Zambia,ZMB,1941,0.948
Zambia,ZMB,1942,0.948
Zambia,ZMB,1943,0.948
Zambia,ZMB,1944,0.948
Zambia,ZMB,1945,0.948
Zambia,ZMB,1946,0.948
Zambia,ZMB,1947,0.948
Zambia,ZMB,1948,0.948
Zambia,ZMB,1949,0.948
Zambia,ZMB,1950,0.948
Zambia,ZMB,1951,0.948
Zambia,ZMB,1952,0.953
Zambia,ZMB,1953,0.962
Zambia,ZMB,1954,0.962
Zambia,ZMB,1955,0.962
Zambia,ZMB,1956,0.962
Zambia,ZMB,1957,0.962
Zambia,ZMB,1958,0.962
Zambia,ZMB,1959,0.962
Zambia,ZMB,1960,0.962
Zambia,ZMB,1961,0.962
Zambia,ZMB,1962,0.962
Zambia,ZMB,1963,0.962
Zambia,ZMB,1964,0.83
Zambia,ZMB,1965,0.832
Zambia,ZMB,1966,0.832
Zambia,ZMB,1967,0.832
Zambia,ZMB,1968,0.832
Zambia,ZMB,1969,0.832
Zambia,ZMB,1970,0.832
Zambia,ZMB,1971,0.832
Zambia,ZMB,1972,0.832
Zambia,ZMB,1973,0.823
Zambia,ZMB,1974,0.79
Zambia,ZMB,1975,0.79
Zambia,ZMB,1976,0.79
Zambia,ZMB,1977,0.79
Zambia,ZMB,1978,0.79
Zambia,ZMB,1979,0.79
Zambia,ZMB,1980,0.79
Zambia,ZMB,1981,0.79
Zambia,ZMB,1982,0.79
Zambia,ZMB,1983,0.79
Zambia,ZMB,1984,0.79
Zambia,ZMB,1985,0.79
Zambia,ZMB,1986,0.79
Zambia,ZMB,1987,0.79
Zambia,ZMB,1988,0.79
Zambia,ZMB,1989,0.79
Zambia,ZMB,1990,0.776
Zambia,ZMB,1991,0.55
Zambia,ZMB,1992,0.416
Zambia,ZMB,1993,0.416
Zambia,ZMB,1994,0.416
Zambia,ZMB,1995,0.416
Zambia,ZMB,1996,0.416
Zambia,ZMB,1997,0.416
Zambia,ZMB,1998,0.425
Zambia,ZMB,1999,0.51
Zambia,ZMB,2000,0.51
Zambia,ZMB,2001,0.546
Zambia,ZMB,2002,0.737
Zambia,ZMB,2003,0.737
Zambia,ZMB,2004,0.737
Zambia,ZMB,2005,0.797
Zambia,ZMB,2006,0.797
Zambia,ZMB,2007,0.802
Zambia,ZMB,2008,0.659
Zambia,ZMB,2009,0.622
Zambia,ZMB,2010,0.651
Zambia,ZMB,2011,0.692
Zambia,ZMB,2012,0.795
Zambia,ZMB,2013,0.744
Zambia,ZMB,2014,0.744
Zambia,ZMB,2015,0.706
Zambia,ZMB,2016,0.681
Zambia,ZMB,2017,0.633
Zambia,ZMB,2018,0.563
Zambia,ZMB,2019,0.463
Zambia,ZMB,2020,0.565
Zambia,ZMB,2021,0.536
Zambia,ZMB,2022,0.625
Zambia,ZMB,2023,0.68
Zambia,ZMB,2024,0.649
Zambia,ZMB,2025,0.572
Tanzania,OWID_ZAN,1900,0.785
Tanzania,OWID_ZAN,1901,0.785
Tanzania,OWID_ZAN,1902,0.785
Tanzania,OWID_ZAN,1903,0.785
Tanzania,OWID_ZAN,1904,0.785
Tanzania,OWID_ZAN,1905,0.785
Tanzania,OWID_ZAN,1906,0.785
Tanzania,OWID_ZAN,1907,0.785
Tanzania,OWID_ZAN,1908,0.785
Tanzania,OWID_ZAN,1909,0.785
Tanzania,OWID_ZAN,1910,0.785
Tanzania,OWID_ZAN,1911,0.785
Tanzania,OWID_ZAN,1912,0.785
Tanzania,OWID_ZAN,1913,0.785
Tanzania,OWID_ZAN,1914,0.785
Tanzania,OWID_ZAN,1915,0.785
Tanzania,OWID_ZAN,1916,0.785
Tanzania,OWID_ZAN,1917,0.785
Tanzania,OWID_ZAN,1918,0.785
Tanzania,OWID_ZAN,1919,0.785
Tanzania,OWID_ZAN,1920,0.782
Tanzania,OWID_ZAN,1921,0.782
Tanzania,OWID_ZAN,1922,0.782
Tanzania,OWID_ZAN,1923,0.782
Tanzania,OWID_ZAN,1924,0.782
Tanzania,OWID_ZAN,1925,0.782
Tanzania,OWID_ZAN,1926,0.797
Tanzania,OWID_ZAN,1927,0.826
Tanzania,OWID_ZAN,1928,0.826
Tanzania,OWID_ZAN,1929,0.826
Tanzania,OWID_ZAN,1930,0.826
Tanzania,OWID_ZAN,1931,0.826
Tanzania,OWID_ZAN,1932,0.826
Tanzania,OWID_ZAN,1933,0.826
Tanzania,OWID_ZAN,1934,0.826
Tanzania,OWID_ZAN,1935,0.826
Tanzania,OWID_ZAN,1936,0.826
Tanzania,OWID_ZAN,1937,0.826
Tanzania,OWID_ZAN,1938,0.826
Tanzania,OWID_ZAN,1939,0.826
Tanzania,OWID_ZAN,1940,0.826
Tanzania,OWID_ZAN,1941,0.826
Tanzania,OWID_ZAN,1942,0.826
Tanzania,OWID_ZAN,1943,0.826
Tanzania,OWID_ZAN,1944,0.826
Tanzania,OWID_ZAN,1945,0.826
Tanzania,OWID_ZAN,1946,0.826
Tanzania,OWID_ZAN,1947,0.826
Tanzania,OWID_ZAN,1948,0.826
Tanzania,OWID_ZAN,1949,0.826
Tanzania,OWID_ZAN,1950,0.826
Tanzania,OWID_ZAN,1951,0.826
Tanzania,OWID_ZAN,1952,0.826
Tanzania,OWID_ZAN,1953,0.826
Tanzania,OWID_ZAN,1954,0.826
Tanzania,OWID_ZAN,1955,0.826
Tanzania,OWID_ZAN,1956,0.826
Tanzania,OWID_ZAN,1957,0.826
Tanzania,OWID_ZAN,1958,0.826
Tanzania,OWID_ZAN,1959,0.826
Tanzania,OWID_ZAN,1960,0.842
Tanzania,OWID_ZAN,1961,0.832
Tanzania,OWID_ZAN,1962,0.832
Tanzania,OWID_ZAN,1963,0.842
Tanzania,OWID_ZAN,1964,0.333
Tanzania,OWID_ZAN,1965,0.332
Tanzania,OWID_ZAN,1966,0.332
Tanzania,OWID_ZAN,1967,0.332
Tanzania,OWID_ZAN,1968,0.332
Tanzania,OWID_ZAN,1969,0.332
Tanzania,OWID_ZAN,1970,0.332
Tanzania,OWID_ZAN,1971,0.332
Tanzania,OWID_ZAN,1972,0.332
Tanzania,OWID_ZAN,1973,0.358
Tanzania,OWID_ZAN,1974,0.358
Tanzania,OWID_ZAN,1975,0.358
Tanzania,OWID_ZAN,1976,0.358
Tanzania,OWID_ZAN,1977,0.368
Tanzania,OWID_ZAN,1978,0.383
Tanzania,OWID_ZAN,1979,0.383
Tanzania,OWID_ZAN,1980,0.379
Tanzania,OWID_ZAN,1981,0.379
Tanzania,OWID_ZAN,1982,0.379
Tanzania,OWID_ZAN,1983,0.379
Tanzania,OWID_ZAN,1984,0.472
Tanzania,OWID_ZAN,1985,0.472
Tanzania,OWID_ZAN,1986,0.459
Tanzania,OWID_ZAN,1987,0.459
Tanzania,OWID_ZAN,1988,0.365
Tanzania,OWID_ZAN,1989,0.365
Tanzania,OWID_ZAN,1990,0.291
Tanzania,OWID_ZAN,1991,0.291
Tanzania,OWID_ZAN,1992,0.291
Tanzania,OWID_ZAN,1993,0.291
Tanzania,OWID_ZAN,1994,0.291
Tanzania,OWID_ZAN,1995,0.291
Tanzania,OWID_ZAN,1996,0.291
Tanzania,OWID_ZAN,1997,0.291
Tanzania,OWID_ZAN,1998,0.291
Tanzania,OWID_ZAN,1999,0.291
Tanzania,OWID_ZAN,2000,0.291
Tanzania,OWID_ZAN,2001,0.291
Tanzania,OWID_ZAN,2002,0.291
Tanzania,OWID_ZAN,2003,0.291
Tanzania,OWID_ZAN,2004,0.291
Tanzania,OWID_ZAN,2005,0.317
Tanzania,OWID_ZAN,2006,0.325
Tanzania,OWID_ZAN,2007,0.331
Tanzania,OWID_ZAN,2008,0.337
Tanzania,OWID_ZAN,2009,0.328
Tanzania,OWID_ZAN,2010,0.336
Tanzania,OWID_ZAN,2011,0.318
Tanzania,OWID_ZAN,2012,0.332
Tanzania,OWID_ZAN,2013,0.324
Tanzania,OWID_ZAN,2014,0.337
Tanzania,OWID_ZAN,2015,0.337
Tanzania,OWID_ZAN,2016,0.337
Tanzania,OWID_ZAN,2017,0.338
Tanzania,OWID_ZAN,2018,0.338
Tanzania,OWID_ZAN,2019,0.313
Tanzania,OWID_ZAN,2020,0.312
Tanzania,OWID_ZAN,2021,0.3
Tanzania,OWID_ZAN,2022,0.318
Tanzania,OWID_ZAN,2023,0.433
Tanzania,OWID_ZAN,2024,0.475
Tanzania,OWID_ZAN,2025,0.476
Zimbabwe,ZWE,1900,0.811
Zimbabwe,ZWE,1901,0.811
Zimbabwe,ZWE,1902,0.811
Zimbabwe,ZWE,1903,0.811
Zimbabwe,ZWE,1904,0.811
Zimbabwe,ZWE,1905,0.811
Zimbabwe,ZWE,1906,0.811
Zimbabwe,ZWE,1907,0.811
Zimbabwe,ZWE,1908,0.811
Zimbabwe,ZWE,1909,0.811
Zimbabwe,ZWE,1910,0.811
Zimbabwe,ZWE,1911,0.811
Zimbabwe,ZWE,1912,0.811
Zimbabwe,ZWE,1913,0.811
Zimbabwe,ZWE,1914,0.811
Zimbabwe,ZWE,1915,0.811
Zimbabwe,ZWE,1916,0.811
Zimbabwe,ZWE,1917,0.811
Zimbabwe,ZWE,1918,0.811
Zimbabwe,ZWE,1919,0.811
Zimbabwe,ZWE,1920,0.811
Zimbabwe,ZWE,1921,0.811
Zimbabwe,ZWE,1922,0.811
Zimbabwe,ZWE,1923,0.808
Zimbabwe,ZWE,1924,0.817
Zimbabwe,ZWE,1925,0.817
Zimbabwe,ZWE,1926,0.817
Zimbabwe,ZWE,1927,0.817
Zimbabwe,ZWE,1928,0.817
Zimbabwe,ZWE,1929,0.817
Zimbabwe,ZWE,1930,0.817
Zimbabwe,ZWE,1931,0.817
Zimbabwe,ZWE,1932,0.817
Zimbabwe,ZWE,1933,0.817
Zimbabwe,ZWE,1934,0.817
Zimbabwe,ZWE,1935,0.817
Zimbabwe,ZWE,1936,0.817
Zimbabwe,ZWE,1937,0.817
Zimbabwe,ZWE,1938,0.817
Zimbabwe,ZWE,1939,0.817
Zimbabwe,ZWE,1940,0.817
Zimbabwe,ZWE,1941,0.817
Zimbabwe,ZWE,1942,0.817
Zimbabwe,ZWE,1943,0.817
Zimbabwe,ZWE,1944,0.817
Zimbabwe,ZWE,1945,0.817
Zimbabwe,ZWE,1946,0.817
Zimbabwe,ZWE,1947,0.817
Zimbabwe,ZWE,1948,0.817
Zimbabwe,ZWE,1949,0.817
Zimbabwe,ZWE,1950,0.817
Zimbabwe,ZWE,1951,0.817
Zimbabwe,ZWE,1952,0.817
Zimbabwe,ZWE,1953,0.817
Zimbabwe,ZWE,1954,0.817
Zimbabwe,ZWE,1955,0.817
Zimbabwe,ZWE,1956,0.817
Zimbabwe,ZWE,1957,0.817
Zimbabwe,ZWE,1958,0.817
Zimbabwe,ZWE,1959,0.817
Zimbabwe,ZWE,1960,0.817
Zimbabwe,ZWE,1961,0.817
Zimbabwe,ZWE,1962,0.817
Zimbabwe,ZWE,1963,0.817
Zimbabwe,ZWE,1964,0.817
Zimbabwe,ZWE,1965,0.766
Zimbabwe,ZWE,1966,0.766
Zimbabwe,ZWE,1967,0.766
Zimbabwe,ZWE,1968,0.766
Zimbabwe,ZWE,1969,0.766
Zimbabwe,ZWE,1970,0.766
Zimbabwe,ZWE,1971,0.766
Zimbabwe,ZWE,1972,0.766
Zimbabwe,ZWE,1973,0.766
Zimbabwe,ZWE,1974,0.766
Zimbabwe,ZWE,1975,0.766
Zimbabwe,ZWE,1976,0.766
Zimbabwe,ZWE,1977,0.766
Zimbabwe,ZWE,1978,0.766
Zimbabwe,ZWE,1979,0.766
Zimbabwe,ZWE,1980,0.534
Zimbabwe,ZWE,1981,0.534
Zimbabwe,ZWE,1982,0.534
Zimbabwe,ZWE,1983,0.534
Zimbabwe,ZWE,1984,0.534
Zimbabwe,ZWE,1985,0.534
Zimbabwe,ZWE,1986,0.534
Zimbabwe,ZWE,1987,0.534
Zimbabwe,ZWE,1988,0.534
Zimbabwe,ZWE,1989,0.534
Zimbabwe,ZWE,1990,0.494
Zimbabwe,ZWE,1991,0.476
Zimbabwe,ZWE,1992,0.476
Zimbabwe,ZWE,1993,0.476
Zimbabwe,ZWE,1994,0.476
Zimbabwe,ZWE,1995,0.476
Zimbabwe,ZWE,1996,0.476
Zimbabwe,ZWE,1997,0.476
Zimbabwe,ZWE,1998,0.417
Zimbabwe,ZWE,1999,0.417
Zimbabwe,ZWE,2000,0.213
Zimbabwe,ZWE,2001,0.213
Zimbabwe,ZWE,2002,0.213
Zimbabwe,ZWE,2003,0.189
Zimbabwe,ZWE,2004,0.189
Zimbabwe,ZWE,2005,0.189
Zimbabwe,ZWE,2006,0.189
Zimbabwe,ZWE,2007,0.189
Zimbabwe,ZWE,2008,0.189
Zimbabwe,ZWE,2009,0.2
Zimbabwe,ZWE,2010,0.214
Zimbabwe,ZWE,2011,0.214
Zimbabwe,ZWE,2012,0.215
Zimbabwe,ZWE,2013,0.256
Zimbabwe,ZWE,2014,0.256
Zimbabwe,ZWE,2015,0.256
Zimbabwe,ZWE,2016,0.233
Zimbabwe,ZWE,2017,0.256
Zimbabwe,ZWE,2018,0.229
Zimbabwe,ZWE,2019,0.229
Zimbabwe,ZWE,2020,0.201
Zimbabwe,ZWE,2021,0.172
Zimbabwe,ZWE,2022,0.184
Zimbabwe,ZWE,2023,0.133
Zimbabwe,ZWE,2024,0.176
Zimbabwe,ZWE,2025,0.148
