country,iso2,year,value
Afghanistan,,2024,-0.975915304703463
Afghanistan,,2023,0.10609280092082
Afghanistan,,2022,-7.57666891152213
Afghanistan,,2021,-22.5844818732987
Afghanistan,,2020,-5.38251464221077
Afghanistan,,2019,0.856294729087764
Afghanistan,,2018,-1.71374269254262
Afghanistan,,2017,-0.195569548342789
Afghanistan,,2016,-0.300121027406746
Afghanistan,,2015,-1.66505744749013
Afghanistan,,2014,-0.939984755736006
Afghanistan,,2013,2.0520682606117
Afghanistan,,2012,8.27936899310519
Afghanistan,,2011,-3.21329500579925
Afghanistan,,2010,11.0550305527288
Afghanistan,,2009,17.0438963216074
Afghanistan,,2008,1.6772791560615
Afghanistan,,2007,11.6923032922081
Afghanistan,,2006,1.13248505528998
Afghanistan,,2005,7.38337728197978
Afghanistan,,2004,-2.14821228495553
Afghanistan,,2003,2.34567163632688
Afghanistan,,2002,22.0201902696299
Afghanistan,,2001,-10.1194841059326
Albania,,2025,5.00582719956736
Albania,,2024,5.55729254637092
Albania,,2023,5.7396783820155
Albania,,2022,6.45698822084806
Albania,,2021,10.6641494274411
Albania,,2020,-1.81016536329729
Albania,,2019,3.64975808463876
Albania,,2018,5.28357949627288
Albania,,2017,4.88935288088643
Albania,,2016,5.52482598081943
Albania,,2015,3.81743447071763
Albania,,2014,3.83017022939833
Albania,,2013,3.28889031489732
Albania,,2012,2.5545386692104
Albania,,2011,2.73953255678821
Albania,,2010,3.48564808644622
Albania,,2009,3.38511539501225
Albania,,2008,7.73056161381389
Albania,,2007,7.30798262922809
Albania,,2006,6.68998139667232
Albania,,2005,5.67025027957055
Albania,,2004,5.70712308403314
Albania,,2003,5.72810598121802
Albania,,2002,4.94262296313663
Albania,,2001,9.89019357107392
Albania,,2000,8.14996793452505
Albania,,1999,12.9639268824224
Albania,,1998,8.99380682261059
Albania,,1997,-11.1576605254893
Albania,,1996,8.00551384353483
Albania,,1995,14.0244959350984
Albania,,1994,8.96976165854495
Albania,,1993,10.2299493392305
Albania,,1992,-6.62255120696442
Albania,,1991,-27.566820834883
Albania,,1990,-11.1879052989609
Albania,,1989,6.92361728508746
Albania,,1988,-3.26252233446826
Albania,,1987,-2.74949637948959
Albania,,1986,3.61465554406625
Albania,,1985,-0.290595348322213
Albania,,1984,-3.30749720231947
Albania,,1983,-1.01680217228541
Albania,,1982,0.79584007109321
Albania,,1981,3.64864854723079
Algeria,,2025,2.45643243285815
Algeria,,2024,2.25996527082104
Algeria,,2023,2.55120301943617
Algeria,,2022,1.96825188100587
Algeria,,2021,2.13263632683078
Algeria,,2020,-6.61247509707083
Algeria,,2019,-0.939992962004737
Algeria,,2018,-0.546019580108478
Algeria,,2017,-0.541667024495979
Algeria,,2016,1.78594064734014
Algeria,,2015,1.09962061859601
Algeria,,2014,2.00005200987388
Algeria,,2013,0.548743629610698
Algeria,,2012,0.379563284418055
Algeria,,2011,1.00399237129356
Algeria,,2010,2.77921908194712
Algeria,,2009,-0.72042057547074
Algeria,,2008,0.652527943948144
Algeria,,2007,1.39346833661227
Algeria,,2006,1.32618894855368
Algeria,,2005,3.86890214242119
Algeria,,2004,3.05086148235007
Algeria,,2003,5.09333212662064
Algeria,,2002,4.00705031536965
Algeria,,2001,1.59517814379704
Algeria,,2000,2.35726435010288
Algeria,,1999,1.77694241787516
Algeria,,1998,3.43950503955708
Algeria,,1997,-0.767068614422456
Algeria,,1996,2.08184989450046
Algeria,,1995,1.67474517206692
Algeria,,1994,-3.0685083752782
Algeria,,1993,-4.42745904751482
Algeria,,1992,-0.649140042449275
Algeria,,1991,-3.52712947648031
Algeria,,1990,-1.66808064996022
Algeria,,1989,1.67998285930979
Algeria,,1988,-3.73441250470079
Algeria,,1987,-3.65704095206092
Algeria,,1986,-2.85296270395477
Algeria,,1985,0.229398496603636
Algeria,,1984,2.05622585528499
Algeria,,1983,1.88412406994871
Algeria,,1982,2.91098891233696
Algeria,,1981,-0.287791268389398
Algeria,,1980,-2.29975786801904
Algeria,,1979,4.32153384386436
Algeria,,1978,6.15192488397878
Algeria,,1977,1.50485663144283
Algeria,,1976,3.56112872678158
Algeria,,1975,1.39325532630959
Algeria,,1974,4.9210705603048
Algeria,,1973,1.39498097018304
Algeria,,1972,24.525779768096
Algeria,,1971,-13.3141204983548
Algeria,,1970,6.43200232891483
Algeria,,1969,5.99242992076996
Algeria,,1968,8.30237960344564
Algeria,,1967,7.02141366831901
Algeria,,1966,-6.49936512383931
Algeria,,1965,4.60801149224909
Algeria,,1964,4.12149478069479
Algeria,,1963,32.28091690407
Algeria,,1962,-20.8548956878044
Algeria,,1961,-15.1207305043075
Andorra,,2025,2.65776092136174
Andorra,,2024,2.47782130029728
Andorra,,2023,1.1232590791063
Andorra,,2022,7.72123800096536
Andorra,,2021,6.92704485233561
Andorra,,2020,-12.2238384935431
Andorra,,2019,0.265352820614368
Andorra,,2018,-0.30211930399588
Andorra,,2017,-1.80605703312767
Andorra,,2016,3.69962046811506
Andorra,,2015,3.63079793724701
Andorra,,2014,4.52989381717444
Andorra,,2013,-1.44394540350855
Andorra,,2012,-3.80075429834201
Andorra,,2011,3.7495175357235
Andorra,,2010,1.88988084312282
Andorra,,2009,-5.74648545856505
Andorra,,2008,-7.38929878788132
Andorra,,2007,-1.2896115123411
Andorra,,2006,1.95883002800001
Andorra,,2005,1.18302768739022
Andorra,,2004,1.09540001410325
Andorra,,2003,4.03270748560267
Andorra,,2002,3.51828473360374
Andorra,,2001,7.84516813384302
Andorra,,2000,3.56776571144128
Andorra,,1999,3.57945484802578
Andorra,,1998,2.11836793796665
Andorra,,1997,7.86067895733267
Andorra,,1996,4.53197827144704
Andorra,,1995,3.8829592914651
Andorra,,1994,0.259838841219207
Andorra,,1993,-5.83663168981438
Andorra,,1992,-4.99409016591666
Andorra,,1991,-4.81916904530696
Andorra,,1990,-0.119515604880633
Andorra,,1989,2.33371642842843
Andorra,,1988,1.34490703710843
Andorra,,1987,1.29670922958218
Andorra,,1986,-1.05661369805985
Andorra,,1985,-1.30213488514967
Andorra,,1984,-2.32782592052799
Andorra,,1983,-2.74825922222037
Andorra,,1982,-2.91946873272366
Andorra,,1981,-3.85913536256933
Andorra,,1980,-2.00736097927725
Andorra,,1979,-4.53971970772865
Andorra,,1978,-3.61402424680732
Andorra,,1977,-2.65439397848357
Andorra,,1976,-2.53240665067025
Andorra,,1975,-5.40568774889164
Andorra,,1974,-0.876786144946138
Andorra,,1973,0.905266180764357
Andorra,,1972,1.01262363185526
Andorra,,1971,-2.50058905847796
Angola,,2025,0.0844684076458151
Angola,,2024,1.80585033622316
Angola,,2023,-1.75357049644875
Angola,,2022,0.35327155797566
Angola,,2021,-2.07481613044689
Angola,,2020,-8.31907910122797
Angola,,2019,-4.35122089958229
Angola,,2018,-3.88378811597828
Angola,,2017,-3.63762547583934
Angola,,2016,-3.73813083448252
Angola,,2015,-2.80470818378251
Angola,,2014,0.821220988941135
Angola,,2013,0.921826358320473
Angola,,2012,4.37008778613288
Angola,,2011,-0.356512141669299
Angola,,2010,1.31579076620976
Angola,,2009,-1.80906009330889
Angola,,2008,6.67888592419779
Angola,,2007,8.85163544291423
Angola,,2006,7.79557532887192
Angola,,2005,10.0673593264113
Angola,,2004,7.48604694407922
Angola,,2003,-0.0654379872422197
Angola,,2002,9.85780236283283
Angola,,2001,0.769184669108554
Angola,,2000,-0.302928309017702
Angola,,1999,-1.13079878000084
Angola,,1998,1.24533172766135
Angola,,1997,3.69291015065598
Angola,,1996,9.76893815297632
Angola,,1995,11.2224490335076
Angola,,1994,-1.8930680113733
Angola,,1993,-26.3741958813538
Angola,,1992,-8.87134518935972
Angola,,1991,-2.34465271192013
Angola,,1990,-6.67052697297498
Angola,,1989,-3.31670877387505
Angola,,1988,2.57767901918209
Angola,,1987,0.529253267498845
Angola,,1986,-0.756799921119139
Angola,,1985,-0.238221364131547
Angola,,1984,2.14350685089642
Angola,,1983,0.398925562456355
Angola,,1982,-3.61121699593038
Angola,,1981,-7.819537670774
Antigua and Barbuda,,2025,4.51099369921818
Antigua and Barbuda,,2024,2.04180224398706
Antigua and Barbuda,,2023,3.33568914888815
Antigua and Barbuda,,2022,7.92395469957276
Antigua and Barbuda,,2021,7.58367481372255
Antigua and Barbuda,,2020,-19.2945462845167
Antigua and Barbuda,,2019,2.67761319425004
Antigua and Barbuda,,2018,6.17448976886325
Antigua and Barbuda,,2017,2.1461875762954
Antigua and Barbuda,,2016,3.47228425039911
Antigua and Barbuda,,2015,0.691094824520249
Antigua and Barbuda,,2014,1.39120573166151
Antigua and Barbuda,,2013,-1.50846791062001
Antigua and Barbuda,,2012,2.27378133147778
Antigua and Barbuda,,2011,-3.10800074739414
Antigua and Barbuda,,2010,-9.0794536101368
Antigua and Barbuda,,2009,-13.2817680568047
Antigua and Barbuda,,2008,-1.47076894898352
Antigua and Barbuda,,2007,7.84344693304287
Antigua and Barbuda,,2006,11.3196408319242
Antigua and Barbuda,,2005,5.28070690333209
Antigua and Barbuda,,2004,4.64519467801469
Antigua and Barbuda,,2003,4.91622766558386
Antigua and Barbuda,,2002,-0.235736724833515
Antigua and Barbuda,,2001,-5.99992111346744
Antigua and Barbuda,,2000,4.43708445751554
Antigua and Barbuda,,1999,1.94235195854947
Antigua and Barbuda,,1998,2.76572360104406
Antigua and Barbuda,,1997,3.33223171042644
Antigua and Barbuda,,1996,4.42573962263424
Antigua and Barbuda,,1995,-6.24765118209551
Antigua and Barbuda,,1994,4.67192490428931
Antigua and Barbuda,,1993,3.38094182895334
Antigua and Barbuda,,1992,-0.43883830028318
Antigua and Barbuda,,1991,1.6594153249851
Antigua and Barbuda,,1990,3.43486298151443
Antigua and Barbuda,,1989,5.74760641106589
Antigua and Barbuda,,1988,5.74727601654992
Antigua and Barbuda,,1987,7.17639021932308
Antigua and Barbuda,,1986,12.0400709213822
Antigua and Barbuda,,1985,8.12880918168268
Antigua and Barbuda,,1984,10.2535226083518
Antigua and Barbuda,,1983,5.12204706420198
Antigua and Barbuda,,1982,-0.268580068501166
Antigua and Barbuda,,1981,3.57042439618608
Antigua and Barbuda,,1980,7.76127835512368
Antigua and Barbuda,,1979,7.68260225929458
Antigua and Barbuda,,1978,4.09662815534941
Argentina,,2025,4.01402236988311
Argentina,,2024,-1.68352700528746
Argentina,,2023,-2.13703473540124
Argentina,,2022,5.79747980169367
Argentina,,2021,10.1485599877349
Argentina,,2020,-10.3361096878518
Argentina,,2019,-2.69506723533574
Argentina,,2018,-3.41553683867816
Argentina,,2017,1.91639608148853
Argentina,,2016,-3.02450095578762
Argentina,,2015,1.66091253843923
Argentina,,2014,-3.51326421042003
Argentina,,2013,1.39351266056681
Argentina,,2012,-2.0383253093713
Argentina,,2011,4.88127252804149
Argentina,,2010,8.96819672899282
Argentina,,2009,-6.9103121153056
Argentina,,2008,3.00856892610517
Argentina,,2007,7.93261011269163
Argentina,,2006,6.94185160089025
Argentina,,2005,7.73898107569444
Argentina,,2004,7.92951713016532
Argentina,,2003,7.71839038006088
Argentina,,2002,-11.8423138177008
Argentina,,2001,-5.45263903304014
Argentina,,2000,-1.90684139222867
Argentina,,1999,-4.49306655170841
Argentina,,1998,2.63654066984506
Argentina,,1997,6.80582114293425
Argentina,,1996,4.20805017284493
Argentina,,1995,-4.10993598659498
Argentina,,1994,4.42731162216963
Argentina,,1993,6.75211494763417
Argentina,,1992,6.45332357113911
Argentina,,1991,7.57513507305919
Argentina,,1990,-3.91119229289714
Argentina,,1989,-8.56786939027158
Argentina,,1988,-2.61112478271322
Argentina,,1987,1.1301429501441
Argentina,,1986,4.51505097092362
Argentina,,1985,-6.66838660626058
Argentina,,1984,-0.0338209216825902
Argentina,,1983,2.69083801550656
Argentina,,1982,-2.31535975378387
Argentina,,1981,-6.69655885721481
Argentina,,1980,-0.0856397028385061
Argentina,,1979,8.47665216535873
Argentina,,1978,-6.0207877961285
Argentina,,1977,5.25406554729264
Argentina,,1976,-3.53995334802055
Argentina,,1975,-1.62320618621685
Argentina,,1974,3.81225224716344
Argentina,,1973,1.16290357603461
Argentina,,1972,0.0320089147512164
Argentina,,1971,4.00782333157468
Argentina,,1970,1.45058523570245
Argentina,,1969,8.00868538956887
Argentina,,1968,3.23085080817873
Argentina,,1967,1.62972299154983
Argentina,,1966,-2.16954271817043
Argentina,,1965,8.85345574605236
Argentina,,1964,8.3710623352716
Argentina,,1963,-6.85164319621322
Argentina,,1962,-2.48121195562244
Argentina,,1961,3.69719814247078
Armenia,,2025,5.35238280364143
Armenia,,2024,3.48421625230606
Armenia,,2023,8.47902034166535
Armenia,,2022,12.3383335576379
Armenia,,2021,5.77142760758333
Armenia,,2020,-7.16866452731679
Armenia,,2019,7.83608438672164
Armenia,,2018,5.56850117850011
Armenia,,2017,7.96544606461424
Armenia,,2016,0.611877151180408
Armenia,,2015,3.51599547257022
Armenia,,2014,3.88187670110254
Armenia,,2013,3.37178358702843
Armenia,,2012,7.33470454115984
Armenia,,2011,5.28437530828725
Armenia,,2010,2.91158696816194
Armenia,,2009,-13.5088421403002
Armenia,,2008,7.60294775074826
Armenia,,2007,14.4208244850475
Armenia,,2006,13.8986537041733
Armenia,,2005,14.5697018806234
Armenia,,2004,11.1144901880771
Armenia,,2003,14.6197014940959
Armenia,,2002,13.6245265308361
Armenia,,2001,9.91735475361723
Armenia,,2000,4.13075887426186
Armenia,,1999,4.64095231749397
Armenia,,1998,8.56710543978232
Armenia,,1997,4.35375293195368
Armenia,,1996,6.79679451868454
Armenia,,1995,8.74315812160908
Armenia,,1994,8.17931421395623
Armenia,,1993,-5.66973360505507
Armenia,,1992,-41.1137635319795
Armenia,,1991,-13.2111499901537
Australia,,2025,-0.191544720344581
Australia,,2024,-0.618565861462017
Australia,,2023,1.09251403364293
Australia,,2022,2.91752727950202
Australia,,2021,1.86332687000336
Australia,,2020,-1.35774770320791
Australia,,2019,0.695209563773375
Australia,,2018,1.3466306507712
Australia,,2017,0.62251098729871
Australia,,2016,1.16312811538609
Australia,,2015,0.704511799724457
Australia,,2014,1.08218148890933
Australia,,2013,0.902732553895234
Australia,,2012,2.15339832775771
Australia,,2011,0.981771621515961
Australia,,2010,0.632264496011231
Australia,,2009,-0.124768741461196
Australia,,2008,1.56811983624921
Australia,,2007,1.91249613831002
Australia,,2006,1.39339848998918
Australia,,2005,1.90739095765275
Australia,,2004,3.11057041061613
Australia,,2003,1.91232481392237
Australia,,2002,2.7740361493122
Australia,,2001,0.729781869182801
Australia,,2000,2.73354609011429
Australia,,1999,3.88549898573662
Australia,,1998,3.63864607453812
Australia,,1997,2.79958588575271
Australia,,1996,2.61251726692284
Australia,,1995,2.73953092805972
Australia,,1994,2.98223871616621
Australia,,1993,3.12440890934566
Australia,,1992,-0.685109221290034
Australia,,1991,-1.64629276060377
Australia,,1990,2.05133530941588
Australia,,1989,2.13527239489717
Australia,,1988,4.04503594783567
Australia,,1987,1.00854231476922
Australia,,1986,2.47666322407724
Australia,,1985,3.88854366204454
Australia,,1984,3.3166427647013
Australia,,1983,-3.5547506280931
Australia,,1982,1.55263603794884
Australia,,1981,1.74096259685159
Australia,,1980,1.78622666488002
Australia,,1979,2.93317958655169
Australia,,1978,-0.271138184658298
Australia,,1977,2.43177916273716
Australia,,1976,1.56435628568006
Australia,,1975,0.098681908405382
Australia,,1974,1.50451470944581
Australia,,1973,1.06162772647569
Australia,,1972,2.01446321197041
Australia,,1971,0.544201826656504
Australia,,1970,5.08382058838998
Australia,,1969,4.83035616153123
Australia,,1968,3.25734337802564
Australia,,1967,4.97344570831932
Australia,,1966,0.0699690591845439
Australia,,1965,3.92086428494349
Australia,,1964,4.89875635634509
Australia,,1963,4.19678819635753
Australia,,1962,-1.14543513600115
Australia,,1961,0.461907273703787
Austria,,2025,0.285965556994498
Austria,,2024,-1.15937778694629
Austria,,2023,-1.76308859891033
Austria,,2022,4.32849751156559
Austria,,2021,4.4669658436443
Austria,,2020,-6.70639361073974
Austria,,2019,1.30350317565873
Austria,,2018,1.98626296400239
Austria,,2017,1.56430689663536
Austria,,2016,1.01887723192984
Austria,,2015,0.174259722821304
Austria,,2014,-0.0285805465757676
Austria,,2013,-0.836906795346636
Austria,,2012,0.170488694211613
Austria,,2011,2.5811033185299
Austria,,2010,1.56453337880819
Austria,,2009,-3.83849307623562
Austria,,2008,1.13621131218787
Austria,,2007,3.43938549159965
Austria,,2006,2.75962370061296
Austria,,2005,1.62565909591297
Austria,,2004,1.93089688878541
Austria,,2003,0.650068295894712
Austria,,2002,0.986311683800295
Austria,,2001,0.929888060915275
Austria,,2000,2.94168464206538
Austria,,1999,3.56023814714031
Austria,,1998,3.3793812628262
Austria,,1997,2.03015241563726
Austria,,1996,2.07784870159793
Austria,,1995,2.51091305108029
Austria,,1994,2.00876130503556
Austria,,1993,-0.298753799856229
Austria,,1992,0.976092051303695
Austria,,1991,2.41398616813638
Austria,,1990,3.55354808185622
Austria,,1989,3.42010175394032
Austria,,1988,3.14974642661939
Austria,,1987,1.29304520975597
Austria,,1986,2.23640193792993
Austria,,1985,2.45056602359712
Austria,,1984,0.0575734873694387
Austria,,1983,3.13962788748358
Austria,,1982,1.938121352414
Austria,,1981,-0.398620558135931
Austria,,1980,1.73137769291853
Austria,,1979,5.5364479723966
Austria,,1978,-0.129830444595243
Austria,,1977,5.03964822542808
Austria,,1976,4.76336934989831
Austria,,1975,-0.0990304305082361
Austria,,1974,3.76537315680999
Austria,,1973,4.31090644461429
Austria,,1972,5.59238102009265
Austria,,1971,4.64694258702778
Austria,,1970,6.74943472590654
Austria,,1969,5.90949579938591
Austria,,1968,3.93124144500578
Austria,,1967,2.24100937127145
Austria,,1966,4.90447902203863
Austria,,1965,2.81001241312468
Austria,,1964,5.41933573141662
Austria,,1963,3.4714664070703
Austria,,1962,2.02146916136823
Austria,,1961,4.96071689337595
Azerbaijan,,2025,1.01259270392453
Azerbaijan,,2024,3.65914632279566
Azerbaijan,,2023,1.23267992863603
Azerbaijan,,2022,4.673317967871
Azerbaijan,,2021,5.15148935903709
Azerbaijan,,2020,-4.85235140794201
Azerbaijan,,2019,1.61582943287135
Azerbaijan,,2018,0.62488437469257
Azerbaijan,,2017,-0.824348468311783
Azerbaijan,,2016,-4.14117487259738
Azerbaijan,,2015,-0.147024760133903
Azerbaijan,,2014,1.52243135535144
Azerbaijan,,2013,4.48320316777964
Azerbaijan,,2012,0.85388594737168
Azerbaijan,,2011,-2.84718268648209
Azerbaijan,,2010,3.54945543779385
Azerbaijan,,2009,7.12223856098808
Azerbaijan,,2008,8.29339095519384
Azerbaijan,,2007,24.0486787589595
Azerbaijan,,2006,32.9970665765516
Azerbaijan,,2005,26.6600947700296
Azerbaijan,,2004,8.30153847939059
Azerbaijan,,2003,9.37646036430615
Azerbaijan,,2002,8.62535106573642
Azerbaijan,,2001,9.05182203818752
Azerbaijan,,2000,10.1910292674816
Azerbaijan,,1999,6.46158407611676
Azerbaijan,,1998,8.96088676293809
Azerbaijan,,1997,4.78428235238688
Azerbaijan,,1996,0.280213889570334
Azerbaijan,,1995,-12.8134294386306
Azerbaijan,,1994,-20.7755585486808
Azerbaijan,,1993,-24.2568641648081
Azerbaijan,,1992,-23.7612021557258
Azerbaijan,,1991,-2.01238310352751
Bahamas,,2024,2.90387123462988
Bahamas,,2023,2.55756046187126
Bahamas,,2022,10.5529690990486
Bahamas,,2021,17.434844816468
Bahamas,,2020,-20.3291813559269
Bahamas,,2019,-1.33052999956263
Bahamas,,2018,1.8159781736959
Bahamas,,2017,2.728115494957
Bahamas,,2016,-1.84653148444181
Bahamas,,2015,0.198544914739557
Bahamas,,2014,0.955837779605616
Bahamas,,2013,-3.756252482479
Bahamas,,2012,3.47892776270808
Bahamas,,2011,-0.537416355238307
Bahamas,,2010,0.248837037553542
Bahamas,,2009,-5.41414044702256
Bahamas,,2008,-3.62901783567871
Bahamas,,2007,0.0223161568588637
Bahamas,,2006,1.197964733166
Bahamas,,2005,2.1597593545269
Bahamas,,2004,-0.353931310699963
Bahamas,,2003,-2.44284894921039
Bahamas,,2002,1.5348629318823
Bahamas,,2001,1.37353399953901
Bahamas,,2000,2.79090551843051
Bahamas,,1999,5.72071861955573
Bahamas,,1998,3.23454357427582
Bahamas,,1997,-0.222584467419338
Bahamas,,1996,2.5876999442699
Bahamas,,1995,2.66415684647076
Bahamas,,1994,1.3503874431031
Bahamas,,1993,-1.55554108245764
Bahamas,,1992,-5.57330907482256
Bahamas,,1991,-5.81532737138369
Bahamas,,1990,-3.29619175946311
Bahamas,,1989,4.86574711954306
Bahamas,,1988,0.576822781492382
Bahamas,,1987,1.25497231137513
Bahamas,,1986,0.0649144081291979
Bahamas,,1985,3.05230906313199
Bahamas,,1984,12.2603670641799
Bahamas,,1983,1.86802114455067
Bahamas,,1982,4.92512069760862
Bahamas,,1981,-10.7947081234762
Bahamas,,1980,4.52774396336473
Bahamas,,1979,23.6693465364009
Bahamas,,1978,11.8302166080684
Bahamas,,1977,6.83592798874075
Bahamas,,1976,2.92212033284149
Bahamas,,1975,-16.6476256741461
Bahamas,,1974,-18.5992072340605
Bahamas,,1973,5.03040328662334
Bahamas,,1972,-6.05590801214298
Bahamas,,1971,-1.50177965770737
Bahamas,,1970,-9.22052020394058
Bahamas,,1969,4.14921820208349
Bahamas,,1968,3.43569724018798
Bahamas,,1967,4.60474580689618
Bahamas,,1966,4.19702466554497
Bahamas,,1965,5.6309736668166
Bahamas,,1964,5.47259346808362
Bahamas,,1963,5.12904592754285
Bahamas,,1962,5.03996022525013
Bahamas,,1961,5.34190503045808
Bahrain,,2025,2.72509987815381
Bahrain,,2024,2.14506863901964
Bahrain,,2023,0.42885937985659
Bahrain,,2022,4.76451212539493
Bahrain,,2021,2.11919822497499
Bahrain,,2020,-5.17307400932464
Bahrain,,2019,3.38274086937953
Bahrain,,2018,1.91849572888873
Bahrain,,2017,-0.457057166110175
Bahrain,,2016,-0.0791098754103388
Bahrain,,2015,-1.66329278716239
Bahrain,,2014,-0.560855463138182
Bahrain,,2013,1.5766868455926
Bahrain,,2012,2.60578123430011
Bahrain,,2011,4.78747209697194
Bahrain,,2010,0.0771669589062469
Bahrain,,2009,-3.97919772562874
Bahrain,,2008,0.0637144631576234
Bahrain,,2007,0.0756469326690166
Bahrain,,2006,-1.47038032480991
Bahrain,,2005,-1.04880316974081
Bahrain,,2004,-0.710582645687865
Bahrain,,2003,-1.20657192911173
Bahrain,,2002,-3.81287513307996
Bahrain,,2001,-1.18735356761402
Bahrain,,2000,2.55964691370853
Bahrain,,1999,1.58798229607446
Bahrain,,1998,2.06527153677192
Bahrain,,1997,0.411529525314464
Bahrain,,1996,1.40416077716732
Bahrain,,1995,1.2311327478419
Bahrain,,1994,-2.84120790487738
Bahrain,,1993,9.93939920516908
Bahrain,,1992,3.92058393511722
Bahrain,,1991,13.8269392087557
Bahrain,,1990,0.893819936325329
Bahrain,,1989,-3.14702885262435
Bahrain,,1988,3.19312676440913
Bahrain,,1987,6.44724314575416
Bahrain,,1986,-2.42823907607398
Bahrain,,1985,-8.12303760275989
Bahrain,,1984,1.34961001401166
Bahrain,,1983,2.73304290430794
Bahrain,,1982,-10.7713482626281
Bahrain,,1981,-9.00391241881118
Bahrain,,1980,-1.85494661016521
Bahrain,,1979,-1.17342345830538
Bahrain,,1978,-0.957468007430705
Bahrain,,1977,7.61285509034586
Bahrain,,1976,24.0721335465394
Bahrain,,1975,-13.4068775816101
Bahrain,,1974,2.94132346845394
Bahrain,,1973,8.0310734621964
Bahrain,,1972,5.85135349848397
Bahrain,,1971,-1.00158981075438
Bangladesh,,2025,2.23843076756387
Bangladesh,,2024,2.96499837954917
Bangladesh,,2023,4.4907040939439
Bangladesh,,2022,6.00847462887278
Bangladesh,,2021,6.07069417020969
Bangladesh,,2020,2.58647816564581
Bangladesh,,2019,6.97264399779152
Bangladesh,,2018,6.44197494702485
Bangladesh,,2017,5.68710307010265
Bangladesh,,2016,6.16181560014782
Bangladesh,,2015,5.60449539732434
Bangladesh,,2014,5.09905460197942
Bangladesh,,2013,5.02341839695075
Bangladesh,,2012,5.50548020192592
Bangladesh,,2011,5.501503282369
Bangladesh,,2010,4.65046297355514
Bangladesh,,2009,4.07076421640669
Bangladesh,,2008,4.96057170242533
Bangladesh,,2007,5.91320275589507
Bangladesh,,2006,5.44042881455881
Bangladesh,,2005,5.20131368672413
Bangladesh,,2004,3.81635685042457
Bangladesh,,2003,3.22632477639362
Bangladesh,,2002,2.24286058481829
Bangladesh,,2001,3.34027882244948
Bangladesh,,2000,3.38671358983686
Bangladesh,,1999,2.70069249240193
Bangladesh,,1998,3.20995244419584
Bangladesh,,1997,2.57102378007102
Bangladesh,,1996,2.62954460746047
Bangladesh,,1995,3.18589383291992
Bangladesh,,1994,1.98156571211732
Bangladesh,,1993,2.7790785666494
Bangladesh,,1992,3.47383819956345
Bangladesh,,1991,1.52679628840617
Bangladesh,,1990,3.54080541439843
Bangladesh,,1989,0.752490665566441
Bangladesh,,1988,0.260566560580443
Bangladesh,,1987,1.4749596769563
Bangladesh,,1986,1.75594933819035
Bangladesh,,1985,0.828029751172664
Bangladesh,,1984,2.14633009039818
Bangladesh,,1983,1.13444624118337
Bangladesh,,1982,-0.629252594549101
Bangladesh,,1981,4.51854466481316
Bangladesh,,1980,-1.56496896529997
Bangladesh,,1979,2.30715778158729
Bangladesh,,1978,4.49252820443358
Bangladesh,,1977,0.149792973513058
Bangladesh,,1976,3.01376173963934
Bangladesh,,1975,-6.57057421501683
Bangladesh,,1974,6.5326988625076
Bangladesh,,1973,0.409364379671672
Bangladesh,,1972,-15.6125172381123
Bangladesh,,1971,-7.11748025644755
Bangladesh,,1970,2.92079667006378
Bangladesh,,1969,-1.61576476400852
Bangladesh,,1968,6.313411168743
Bangladesh,,1967,-4.72039172988215
Bangladesh,,1966,-0.372470692121908
Bangladesh,,1965,-1.31822516540159
Bangladesh,,1964,7.76033319575897
Bangladesh,,1963,-3.31559302385679
Bangladesh,,1962,2.43477384125657
Bangladesh,,1961,3.11041971905573
Barbados,,2025,2.64331268678124
Barbados,,2024,3.31901066583377
Barbados,,2023,1.80770713344864
Barbados,,2022,15.875092547021
Barbados,,2021,7.84797752187261
Barbados,,2020,-17.5498930398064
Barbados,,2019,0.0642920087754248
Barbados,,2018,-0.443969056511889
Barbados,,2017,0.448798759502438
Barbados,,2016,1.19578953850676
Barbados,,2015,-1.00095793249055
Barbados,,2014,0.559968073840309
Barbados,,2013,-0.0670156985556787
Barbados,,2012,-3.13823714957955
Barbados,,2011,-0.398444637384998
Barbados,,2010,-8.4547528569926
Barbados,,2009,-5.50548934989462
Barbados,,2008,0.107255997096644
Barbados,,2007,1.59529257370816
Barbados,,2006,5.56141194035619
Barbados,,2005,3.41073802053506
Barbados,,2004,0.834158257525331
Barbados,,2003,1.54960929677372
Barbados,,2002,0.129979696257749
Barbados,,2001,-2.50014530996479
Barbados,,2000,4.62813462345788
Barbados,,1999,0.303697764045239
Barbados,,1998,3.71107309137055
Barbados,,1997,4.69699278396935
Barbados,,1996,3.87935130812093
Barbados,,1995,1.85087808025122
Barbados,,1994,1.77955972284978
Barbados,,1993,0.499602142580684
Barbados,,1992,-6.01646078213255
Barbados,,1991,-4.1929800229244
Barbados,,1990,-3.48446373308893
Barbados,,1989,3.46112223905372
Barbados,,1988,3.31103086007293
Barbados,,1987,2.3273907799562
Barbados,,1986,4.77732628524356
Barbados,,1985,0.742566225121564
Barbados,,1984,3.22323163924467
Barbados,,1983,0.146322174140167
Barbados,,1982,-5.2109277138603
Barbados,,1981,-2.18984863095606
Barbados,,1980,4.26724933727161
Barbados,,1979,8.01409681058935
Barbados,,1978,4.90820839954573
Barbados,,1977,3.56641801799663
Barbados,,1976,4.2493935001899
Barbados,,1975,-2.05544461307403
Barbados,,1974,-4.82383903230431
Barbados,,1973,1.07188575702379
Barbados,,1972,1.07503210758013
Barbados,,1971,4.00405393540977
Barbados,,1970,9.53443250762993
Barbados,,1969,7.12875165425311
Barbados,,1968,6.29846203410811
Barbados,,1967,9.69809022366535
Barbados,,1966,2.90855869677198
Barbados,,1965,10.3044843174269
Barbados,,1964,3.95420560983612
Barbados,,1963,-6.01062700790673
Barbados,,1962,8.09822870233732
Barbados,,1961,6.65489240850489
Belarus,,2025,1.819968531776
Belarus,,2024,4.87181326291299
Belarus,,2023,4.69120797390816
Belarus,,2022,-3.88854008026519
Belarus,,2021,3.29081749370279
Belarus,,2020,-0.251224685296094
Belarus,,2019,1.6513675093432
Belarus,,2018,3.36999150781449
Belarus,,2017,2.64480751685403
Belarus,,2016,-2.61191381567238
Belarus,,2015,-3.9572512636508
Belarus,,2014,1.59406202466224
Belarus,,2013,1.03749004802856
Belarus,,2012,1.86726973670382
Belarus,,2011,5.7975501732946
Belarus,,2010,7.98573283435519
Belarus,,2009,0.446705717445226
Belarus,,2008,10.581305038428
Belarus,,2007,9.09946004068696
Belarus,,2006,10.6755867171242
Belarus,,2005,10.1497671646981
Belarus,,2004,12.2126184264071
Belarus,,2003,7.79491781867831
Belarus,,2002,5.71608251433059
Belarus,,2001,5.26389218814623
Belarus,,2000,6.29963628199231
Belarus,,1999,3.86637869492188
Belarus,,1998,8.88936445502398
Belarus,,1997,11.8639521970984
Belarus,,1996,3.14668598096435
Belarus,,1995,-10.1088526843034
Belarus,,1994,-11.5955750793052
Belarus,,1993,-7.80377013813873
Belarus,,1992,-9.79838350074243
Belarus,,1991,-1.24556719322608
Belgium,,2025,0.279800186935191
Belgium,,2024,0.427122650657566
Belgium,,2023,0.701377653356133
Belgium,,2022,3.18730563990106
Belgium,,2021,5.8180102265206
Belgium,,2020,-5.20244011003201
Belgium,,2019,1.89071932044187
Belgium,,2018,1.41528937457539
Belgium,,2017,1.08431151262542
Belgium,,2016,0.682454832714654
Belgium,,2015,0.887876358046185
Belgium,,2014,1.31477462306464
Belgium,,2013,-0.166173060728624
Belgium,,2012,-0.403775116080638
Belgium,,2011,0.613616927857308
Belgium,,2010,1.77618341639121
Belgium,,2009,-2.69253471722568
Belgium,,2008,-0.343476136908251
Belgium,,2007,2.91838151983706
Belgium,,2006,1.87817418916214
Belgium,,2005,1.76045646457337
Belgium,,2004,3.1239312841995
Belgium,,2003,0.615852527269695
Belgium,,2002,1.25199428184297
Belgium,,2001,0.752467698420773
Belgium,,2000,3.46547823151502
Belgium,,1999,3.30568109675036
Belgium,,1998,1.74434797656973
Belgium,,1997,3.54280305613241
Belgium,,1996,1.12365026891848
Belgium,,1995,2.17055024299408
Belgium,,1994,2.90931869867012
Belgium,,1993,-1.34799947777529
Belgium,,1992,1.11956566849732
Belgium,,1991,1.45537186156888
Belgium,,1990,2.8302678771237
Belgium,,1989,3.09399911803459
Belgium,,1988,4.39079485847489
Belgium,,1987,2.21947823908795
Belgium,,1986,1.78646985792142
Belgium,,1985,1.62151904693751
Belgium,,1984,2.46792120866535
Belgium,,1983,0.319812571005968
Belgium,,1982,0.622329065147227
Belgium,,1981,-0.276653761516926
Belgium,,1980,4.32900829107655
Belgium,,1979,2.24912760560818
Belgium,,1978,2.74599011598598
Belgium,,1977,0.501978435124244
Belgium,,1976,5.46414014877136
Belgium,,1975,-2.24882996195586
Belgium,,1974,4.23677802982603
Belgium,,1973,6.04748854154225
Belgium,,1972,4.88408816782433
Belgium,,1971,3.79648865623842
Belgium,,1970,6.2478456902402
Belgium,,1969,6.32828394205053
Belgium,,1968,3.78504417250348
Belgium,,1967,3.29157601694416
Belgium,,1966,2.46146236126535
Belgium,,1965,2.62444500497776
Belgium,,1964,5.94913962516399
Belgium,,1963,3.57435365102342
Belgium,,1962,4.79403417171878
Belgium,,1961,4.63025697348969
Belize,,2025,1.32658870222943
Belize,,2024,2.02408347328358
Belize,,2023,-1.54675916595728
Belize,,2022,7.24662103489808
Belize,,2021,16.6367646067625
Belize,,2020,-14.6255152617956
Belize,,2019,2.74257530356437
Belize,,2018,-1.04044004654376
Belize,,2017,-4.06828153670182
Belize,,2016,-2.31386521552362
Belize,,2015,0.623344723744751
Belize,,2014,1.71986752597024
Belize,,2013,1.86924052413502
Belize,,2012,1.73206971753382
Belize,,2011,-2.28218512422295
Belize,,2010,-0.999227091889964
Belize,,2009,-3.07491344525414
Belize,,2008,-4.29751566746636
Belize,,2007,0.469905572241231
Belize,,2006,1.55376134075311
Belize,,2005,-0.719879317857163
Belize,,2004,1.73082295725253
Belize,,2003,6.43447208603128
Belize,,2002,2.25779720240918
Belize,,2001,1.78938135201594
Belize,,2000,8.63286312471467
Belize,,1999,5.72065023666906
Belize,,1998,0.327844039583852
Belize,,1997,0.813912719992345
Belize,,1996,-1.85800125948006
Belize,,1995,-1.75976504320663
Belize,,1994,-2.12657838875785
Belize,,1993,4.00371351909538
Belize,,1992,10.4086919637307
Belize,,1991,9.40974058942497
Belize,,1990,8.92908092614448
Belize,,1989,10.5330297874368
Belize,,1988,7.38062987711756
Belize,,1987,8.28155427142181
Belize,,1986,2.20253142884201
Belize,,1985,-1.30728393908063
Belize,,1984,-0.411300256333874
Belize,,1983,-4.49456516300411
Belize,,1982,-2.57020069390337
Belize,,1981,-1.39799187421009
Belize,,1980,9.49348189473658
Belize,,1979,5.26693343794875
Belize,,1978,5.72213652901029
Belize,,1977,4.31159874677208
Belize,,1976,-2.07090877900737
Belize,,1975,1.84332941732113
Belize,,1974,12.0185070842507
Belize,,1973,3.87799240415742
Belize,,1972,8.56426893311841
Belize,,1971,2.20794823562061
Belize,,1970,2.46736787927455
Belize,,1969,2.14391360170669
Belize,,1968,4.14657371261259
Belize,,1967,1.73948048913384
Belize,,1966,1.63372027186317
Belize,,1965,1.85104139469397
Belize,,1964,2.003957924091
Belize,,1963,2.12580899656064
Belize,,1962,2.26056117997575
Belize,,1961,2.29999307935888
Benin,,2025,5.5081087133525
Benin,,2024,4.84017869082697
Benin,,2023,3.70332512754182
Benin,,2022,3.58043408047179
Benin,,2021,4.41335435119757
Benin,,2020,1.12020264806804
Benin,,2019,3.98211326561793
Benin,,2018,3.73701554279164
Benin,,2017,2.67041720047298
Benin,,2016,0.361166139903119
Benin,,2015,-1.18432043750336
Benin,,2014,3.26077217060734
Benin,,2013,4.076668026964
Benin,,2012,1.74647753021327
Benin,,2011,-0.0571230167535077
Benin,,2010,-0.888244805144353
Benin,,2009,-0.703743155603306
Benin,,2008,1.77647069609412
Benin,,2007,2.9001757042866
Benin,,2006,0.750089697773319
Benin,,2005,-1.51043339492205
Benin,,2004,1.28077994352564
Benin,,2003,0.336976510869505
Benin,,2002,1.50964025698303
Benin,,2001,2.16452439056758
Benin,,2000,2.65043149973154
Benin,,1999,2.1324003787548
Benin,,1998,0.80483062510794
Benin,,1997,2.65891588399134
Benin,,1996,1.62986021443862
Benin,,1995,3.82668355558341
Benin,,1994,-1.72472268031545
Benin,,1993,1.24312443544126
Benin,,1992,-0.174577693605642
Benin,,1991,1.05989406490245
Benin,,1990,5.67842480823693
Benin,,1989,-5.78117364233306
Benin,,1988,0.30652753344971
Benin,,1987,-4.42457315499306
Benin,,1986,-0.831611571775994
Benin,,1985,4.39975049700094
Benin,,1984,4.82079328816913
Benin,,1983,-7.08354719040462
Benin,,1982,-0.674353710936487
Benin,,1981,6.87596456703679
Benin,,1980,3.87849215726132
Benin,,1979,3.7395567852373
Benin,,1978,-1.33472073423174
Benin,,1977,2.34673007253691
Benin,,1976,-1.59445639492239
Benin,,1975,-7.18018223829337
Benin,,1974,0.907300354118718
Benin,,1973,1.30726050101147
Benin,,1972,4.01165780455808
Benin,,1971,-3.68732525193842
Benin,,1970,-0.128531727614345
Benin,,1969,0.682677457774645
Benin,,1968,1.67436552121521
Benin,,1967,-0.986093720140261
Benin,,1966,1.50086168721739
Benin,,1965,3.2347817246031
Benin,,1964,4.63548010020787
Benin,,1963,2.82528075783458
Benin,,1962,-5.11105170438546
Benin,,1961,1.45114408357531
Bhutan,,2025,7.30576455805061
Bhutan,,2024,6.80062352055369
Bhutan,,2023,3.90421520589868
Bhutan,,2022,4.47661599603487
Bhutan,,2021,3.68935319221934
Bhutan,,2020,-10.8226112381065
Bhutan,,2019,5.05479153201512
Bhutan,,2018,2.76296102776938
Bhutan,,2017,1.21137239128886
Bhutan,,2016,7.42464056841786
Bhutan,,2015,5.58370603464722
Bhutan,,2014,4.74506543590765
Bhutan,,2013,0.614996700864396
Bhutan,,2012,4.006257825918
Bhutan,,2011,7.30476940871061
Bhutan,,2010,10.7124208428696
Bhutan,,2009,6.48266406090858
Bhutan,,2008,3.35523609267926
Bhutan,,2007,14.7631409986349
Bhutan,,2006,4.23383383576189
Bhutan,,2005,5.10597951676202
Bhutan,,2004,3.07510668161098
Bhutan,,2003,5.5461872466835
Bhutan,,2002,8.03559524029754
Bhutan,,2001,4.8804269584859
Bhutan,,2000,0.881596585426465
Bhutan,,1999,5.54766474341531
Bhutan,,1998,3.91677951253379
Bhutan,,1997,3.5041831485531
Bhutan,,1996,5.41224511341356
Bhutan,,1995,8.34574582313611
Bhutan,,1994,4.98481583399588
Bhutan,,1993,6.23389087430508
Bhutan,,1992,8.5856077926902
Bhutan,,1991,-2.15086741379645
Bhutan,,1990,7.44206315606186
Bhutan,,1989,4.24861837427115
Bhutan,,1988,1.67712807389364
Bhutan,,1987,25.1788050049129
Bhutan,,1986,8.00745745286568
Bhutan,,1985,0.834782225993933
Bhutan,,1984,1.30528264426644
Bhutan,,1983,6.96747037877745
Bhutan,,1982,0.163366515154365
Bhutan,,1981,11.4123542413704
Bhutan,,1980,1.56727256680405
Bhutan,,1979,1.30201808422963
Bhutan,,1978,3.53027693727199
Bhutan,,1977,4.27852758482614
Bhutan,,1976,5.29903163061701
Bhutan,,1975,-6.54626151284373
Bhutan,,1974,1.63859307448013
Bhutan,,1973,-1.93024131443221
Bhutan,,1972,-2.22239038601879
Bhutan,,1971,-0.759182925944728
Bolivia,,2025,-2.90063448441337
Bolivia,,2024,-2.47074604396363
Bolivia,,2023,1.11808728662825
Bolivia,,2022,2.54653335522636
Bolivia,,2021,8.91320528866063
Bolivia,,2020,-13.7898619967426
Bolivia,,2019,0.0889440250061426
Bolivia,,2018,1.40411994190022
Bolivia,,2017,2.6837284349174
Bolivia,,2016,2.72220716291487
Bolivia,,2015,3.27865156316338
Bolivia,,2014,3.84418415353171
Bolivia,,2013,5.12847091137223
Bolivia,,2012,3.45406363162328
Bolivia,,2011,3.51064972680194
Bolivia,,2010,2.42845712945092
Bolivia,,2009,1.65007711976043
Bolivia,,2008,4.37162981176147
Bolivia,,2007,2.79100340272169
Bolivia,,2006,3.02573623361984
Bolivia,,2005,2.67600660486002
Bolivia,,2004,2.43501168548734
Bolivia,,2003,1.00515836386165
Bolivia,,2002,0.785766518369655
Bolivia,,2001,-0.0171004400534258
Bolivia,,2000,0.762647496539714
Bolivia,,1999,-1.31118061777946
Bolivia,,1998,3.19121970043321
Bolivia,,1997,3.07606049924196
Bolivia,,1996,2.44811783258328
Bolivia,,1995,2.71949597329531
Bolivia,,1994,2.66087165952555
Bolivia,,1993,2.22139750906945
Bolivia,,1992,-0.406134679730869
Bolivia,,1991,3.09553408586112
Bolivia,,1990,2.45834978447405
Bolivia,,1989,1.61587634304188
Bolivia,,1988,0.751404531935179
Bolivia,,1987,0.324802543244047
Bolivia,,1986,-4.60038364097161
Bolivia,,1985,-3.73470517630113
Bolivia,,1984,-2.31057153866044
Bolivia,,1983,-6.08597774427207
Bolivia,,1982,-6.0134744165937
Bolivia,,1981,-1.9248374768233
Bolivia,,1980,-3.56480336895466
Bolivia,,1979,-2.12022342626696
Bolivia,,1978,-0.264150198024211
Bolivia,,1977,2.57738378331752
Bolivia,,1976,2.2470901580419
Bolivia,,1975,4.90760338374334
Bolivia,,1974,0.638403546500285
Bolivia,,1973,3.38711014285656
Bolivia,,1972,5.56938616555121
Bolivia,,1971,2.72829821232219
Bolivia,,1970,2.89765667530102
Bolivia,,1969,2.16293690409803
Bolivia,,1968,6.14636426814231
Bolivia,,1967,4.01327670777007
Bolivia,,1966,4.88010875329759
Bolivia,,1965,2.69764176427296
Bolivia,,1964,1.783842069717
Bolivia,,1963,4.5900464977892
Bolivia,,1962,3.42321551120968
Bolivia,,1961,0.0249947459172404
Bosnia Herzegovina,,2025,2.91433522626807
Bosnia Herzegovina,,2024,3.90600654036231
Bosnia Herzegovina,,2023,2.62616849156352
Bosnia Herzegovina,,2022,5.53111118093285
Bosnia Herzegovina,,2021,9.19342480517756
Bosnia Herzegovina,,2020,-1.65750707667169
Bosnia Herzegovina,,2019,4.16109545157208
Bosnia Herzegovina,,2018,5.10677209046635
Bosnia Herzegovina,,2017,4.57868807789549
Bosnia Herzegovina,,2016,4.59597025623206
Bosnia Herzegovina,,2015,5.65603511201289
Bosnia Herzegovina,,2014,2.45997274934615
Bosnia Herzegovina,,2013,4.02941435250273
Bosnia Herzegovina,,2012,1.11532015786369
Bosnia Herzegovina,,2011,2.83942425948602
Bosnia Herzegovina,,2010,2.67372042856877
Bosnia Herzegovina,,2009,-1.31069341204288
Bosnia Herzegovina,,2008,7.20155128475226
Bosnia Herzegovina,,2007,7.1739207271968
Bosnia Herzegovina,,2006,6.27585979363216
Bosnia Herzegovina,,2005,5.02566097156414
Bosnia Herzegovina,,2004,7.28905393914994
Bosnia Herzegovina,,2003,4.10275862847334
Bosnia Herzegovina,,2002,4.81267516142945
Bosnia Herzegovina,,2001,1.94134419076346
Bosnia Herzegovina,,2000,4.66760703832642
Bosnia Herzegovina,,1999,8.43574245195533
Bosnia Herzegovina,,1998,14.587985745824
Bosnia Herzegovina,,1997,31.7790126800649
Bosnia Herzegovina,,1996,47.8454192395156
Bosnia Herzegovina,,1995,16.2756717164714
Bosnia Herzegovina,,1994,16.4737626872484
Bosnia Herzegovina,,1993,6.08947143721052
Bosnia Herzegovina,,1992,-1.49369908365956
Bosnia Herzegovina,,1991,-9.54507356752423
Botswana,,2025,-2.32173162960181
Botswana,,2024,-4.3568819642385
Botswana,,2023,1.52893817984001
Botswana,,2022,3.82363084321453
Botswana,,2021,10.2596472128547
Botswana,,2020,-10.0332383222742
Botswana,,2019,1.57639094067899
Botswana,,2018,2.72071433079989
Botswana,,2017,2.6459126098983
Botswana,,2016,5.69319455388396
Botswana,,2015,-6.19995412245493
Botswana,,2014,4.17099012944411
Botswana,,2013,9.43871073960261
Botswana,,2012,-1.83175900387364
Botswana,,2011,4.75557328946104
Botswana,,2010,7.82114699392078
Botswana,,2009,-15.8997149078875
Botswana,,2008,1.1992313160418
Botswana,,2007,3.7618955229655
Botswana,,2006,6.36142559180612
Botswana,,2005,2.69660633056192
Botswana,,2004,0.920692081948033
Botswana,,2003,2.80097379395592
Botswana,,2002,4.09320837350506
Botswana,,2001,-1.79114300046759
Botswana,,2000,-0.163772714868571
Botswana,,1999,7.32308245266344
Botswana,,1998,-1.75710977151495
Botswana,,1997,5.86002742979099
Botswana,,1996,3.27499725471586
Botswana,,1995,4.25881194607905
Botswana,,1994,0.795369761855596
Botswana,,1993,-0.960421541128198
Botswana,,1992,0.0625321470667757
Botswana,,1991,4.57073178203704
Botswana,,1990,3.87620060854523
Botswana,,1989,9.96224637065322
Botswana,,1988,15.9394934317422
Botswana,,1987,8.28830337418344
Botswana,,1986,4.56560684847278
Botswana,,1985,3.46975249506856
Botswana,,1984,4.78687227057497
Botswana,,1983,9.15920771421975
Botswana,,1982,7.80091059815022
Botswana,,1981,5.40937065802333
Botswana,,1980,7.71723539697769
Botswana,,1979,5.6188527408687
Botswana,,1978,7.64641696359863
Botswana,,1977,6.25911861544024
Botswana,,1976,5.08545359266064
Botswana,,1975,3.18757520780461
Botswana,,1974,3.55351825263722
Botswana,,1973,15.7250538090994
Botswana,,1972,21.910493717295
Botswana,,1971,23.6949670354989
Botswana,,1970,16.4719075297211
Botswana,,1969,14.5154959849797
Botswana,,1968,9.9927938200797
Botswana,,1967,5.36533773983349
Botswana,,1966,5.75475870754094
Botswana,,1965,4.26761564409675
Botswana,,1964,4.32310983029652
Botswana,,1963,3.47302666538545
Botswana,,1962,4.24893268151148
Botswana,,1961,3.97104422565002
Brazil,,2025,1.89458783745351
Brazil,,2024,3.00083291892194
Brazil,,2023,2.83370012861097
Brazil,,2022,2.64631532411505
Brazil,,2021,4.3179316171849
Brazil,,2020,-3.83550546659214
Brazil,,2019,0.562970837578547
Brazil,,2018,1.09040860447158
Brazil,,2017,0.587668928736335
Brazil,,2016,-4.01012719354725
Brazil,,2015,-4.30639755912077
Brazil,,2014,-0.303163572499983
Brazil,,2013,2.17333080532316
Brazil,,2012,1.09733293821196
Brazil,,2011,3.13169854409105
Brazil,,2010,6.62782994932327
Brazil,,2009,-1.0163236214624
Brazil,,2008,4.09221626720056
Brazil,,2007,5.00147015838483
Brazil,,2006,2.86752083975395
Brazil,,2005,2.07730833836257
Brazil,,2004,4.57169367299971
Brazil,,2003,-0.0458328311687239
Brazil,,2002,1.78204308366739
Brazil,,2001,0.0770005174179715
Brazil,,2000,2.96222045087984
Brazil,,1999,-0.984800297986069
Brazil,,1998,-1.143603910048
Brazil,,1997,1.86924434979963
Brazil,,1996,0.67296877612381
Brazil,,1995,2.63205630347598
Brazil,,1994,4.21094030332965
Brazil,,1993,3.23867795103922
Brazil,,1992,-2.18850140379996
Brazil,,1991,-0.686503405708166
Brazil,,1990,-6.04327176300885
Brazil,,1989,1.27526278524948
Brazil,,1988,-1.9510165069396
Brazil,,1987,1.49867169856199
Brazil,,1986,5.29820398316059
Brazil,,1985,5.57647245248828
Brazil,,1984,3.12069396131707
Brazil,,1983,-5.07417099498288
Brazil,,1982,-1.4420711455688
Brazil,,1981,-6.4539452195249
Brazil,,1980,6.65338211481858
Brazil,,1979,4.2525775151834
Brazil,,1978,2.49490746263923
Brazil,,1977,2.4596571731236
Brazil,,1976,7.66231519452694
Brazil,,1975,2.69442153091077
Brazil,,1974,5.59267280331055
Brazil,,1973,11.2426303275996
Brazil,,1972,9.24930773621521
Brazil,,1971,8.65032390145559
Brazil,,1970,7.70310527998387
Brazil,,1969,6.7879284838472
Brazil,,1968,7.02283124189177
Brazil,,1967,1.48235786793778
Brazil,,1966,3.82403827848321
Brazil,,1965,-0.445326274798447
Brazil,,1964,0.450644645425385
Brazil,,1963,-2.32140190832382
Brazil,,1962,3.46591076186584
Brazil,,1961,5.37233941645053
Brunei,,2025,-0.109535164452723
Brunei,,2024,3.20430381881549
Brunei,,2023,0.339025318690261
Brunei,,2022,-2.41660968862067
Brunei,,2021,-2.53123842091919
Brunei,,2020,0.0657353317528475
Brunei,,2019,2.72616506285996
Brunei,,2018,-1.09895909064488
Brunei,,2017,0.109331621558866
Brunei,,2016,-3.69864300009469
Brunei,,2015,-1.68097052571925
Brunei,,2014,-3.80575468176978
Brunei,,2013,-3.46841841572171
Brunei,,2012,-0.62162371685136
Brunei,,2011,1.91129549119837
Brunei,,2010,0.808737769071328
Brunei,,2009,-3.72462679896589
Brunei,,2008,-5.66095294794741
Brunei,,2007,-5.37503174884661
Brunei,,2006,2.45784696303623
Brunei,,2005,-1.67695306815315
Brunei,,2004,-1.67510542923259
Brunei,,2003,1.62971827418733
Brunei,,2002,1.8968766451203
Brunei,,2001,-0.64060526761881
Brunei,,2000,1.2515924816352
Brunei,,1999,1.96732640011037
Brunei,,1998,-8.76195618128142
Brunei,,1997,3.88335184862585
Brunei,,1996,-2.40064278413038
Brunei,,1995,-1.12517717451318
Brunei,,1994,-1.53838455173792
Brunei,,1993,-3.19233201409052
Brunei,,1992,-5.72104855607357
Brunei,,1991,0.0482383620452822
Brunei,,1990,-0.263026647451184
Brunei,,1989,-5.53034900541753
Brunei,,1988,-4.41851192945219
Brunei,,1987,-1.13139335881442
Brunei,,1986,-8.57124115256731
Brunei,,1985,-6.12623933511351
Brunei,,1984,-5.56827268914583
Brunei,,1983,-2.82531288665643
Brunei,,1982,-0.892989076325676
Brunei,,1981,-24.7564134201952
Brunei,,1980,-12.4679873180703
Brunei,,1979,20.5218585781723
Brunei,,1978,3.58796682578473
Brunei,,1977,6.25175091161782
Brunei,,1976,16.7833606306051
Brunei,,1975,-4.04825476867771
Bulgaria,,2025,3.22647677659302
Bulgaria,,2024,3.47015020389682
Bulgaria,,2023,1.97332517178712
Bulgaria,,2022,4.76332097858048
Bulgaria,,2021,8.54724289833413
Bulgaria,,2020,-2.15683346351801
Bulgaria,,2019,5.26898074561532
Bulgaria,,2018,3.74323659397713
Bulgaria,,2017,4.1152402016823
Bulgaria,,2016,4.37288142099703
Bulgaria,,2015,4.72028599415447
Bulgaria,,2014,2.18296570880787
Bulgaria,,2013,1.48365880262806
Bulgaria,,2012,1.33406575233641
Bulgaria,,2011,2.74691105411546
Bulgaria,,2010,2.22608184788542
Bulgaria,,2009,-2.72241640378013
Bulgaria,,2008,6.87712697728189
Bulgaria,,2007,7.4414860834102
Bulgaria,,2006,7.61685289651042
Bulgaria,,2005,7.86550187137007
Bulgaria,,2004,7.31740326884231
Bulgaria,,2003,6.07406091995806
Bulgaria,,2002,8.19521660591987
Bulgaria,,2001,5.9111581316571
Bulgaria,,2000,5.10505581146323
Bulgaria,,1999,-7.881069661526
Bulgaria,,1998,4.48401803484153
Bulgaria,,1997,-13.5909190240849
Bulgaria,,1996,5.74945681889749
Bulgaria,,1995,3.36166301814281
Bulgaria,,1994,2.16435943061855
Bulgaria,,1993,-0.691213367198486
Bulgaria,,1992,-6.2712632979555
Bulgaria,,1991,-7.53406929487494
Bulgaria,,1990,-7.46320674046325
Bulgaria,,1989,-2.15169094575204
Bulgaria,,1988,10.8200905113965
Bulgaria,,1987,5.8986130495541
Bulgaria,,1986,4.23524193406284
Bulgaria,,1985,2.6849512108283
Bulgaria,,1984,3.15480693588532
Bulgaria,,1983,3.17252242910919
Bulgaria,,1982,2.03229305097511
Bulgaria,,1981,4.55114607461147
Burkina Faso,,2025,2.99493943486739
Burkina Faso,,2024,2.50565566182472
Burkina Faso,,2023,0.688770925071964
Burkina Faso,,2022,-0.693015914774818
Burkina Faso,,2021,4.43100540861892
Burkina Faso,,2020,-0.443420002406739
Burkina Faso,,2019,3.24391866186016
Burkina Faso,,2018,3.76772678322459
Burkina Faso,,2017,3.21640521697573
Burkina Faso,,2016,2.9035090911533
Burkina Faso,,2015,0.888259827767996
Burkina Faso,,2014,1.27047655599692
Burkina Faso,,2013,2.66508275857795
Burkina Faso,,2012,3.28878346500349
Burkina Faso,,2011,3.51633623623128
Burkina Faso,,2010,5.31934915891263
Burkina Faso,,2009,-0.000227773519867469
Burkina Faso,,2008,2.73663676272773
Burkina Faso,,2007,1.00131276742226
Burkina Faso,,2006,2.98889211912471
Burkina Faso,,2005,5.29574030906821
Burkina Faso,,2004,1.24360966999572
Burkina Faso,,2003,4.49294688106092
Burkina Faso,,2002,1.17736897014072
Burkina Faso,,2001,3.40975770830711
Burkina Faso,,2000,-1.10710660159205
Burkina Faso,,1999,4.29384816238002
Burkina Faso,,1998,4.38231550291239
Burkina Faso,,1997,3.61102243460883
Burkina Faso,,1996,8.20998110484305
Burkina Faso,,1995,3.04032535754941
Burkina Faso,,1994,-1.20776072545993
Burkina Faso,,1993,0.920491455019118
Burkina Faso,,1992,-2.20972690363685
Burkina Faso,,1991,6.33847249922952
Burkina Faso,,1990,-3.18766193398135
Burkina Faso,,1989,-0.526129444179062
Burkina Faso,,1988,2.99068268379408
Burkina Faso,,1987,-2.92901265412704
Burkina Faso,,1986,4.95223507393075
Burkina Faso,,1985,5.4289492547686
Burkina Faso,,1984,-4.57317259505054
Burkina Faso,,1983,-2.45706355273177
Burkina Faso,,1982,6.57803533543047
Burkina Faso,,1981,1.44648885946128
Burkina Faso,,1980,-1.87246341521055
Burkina Faso,,1979,1.01443822481875
Burkina Faso,,1978,2.03269818912379
Burkina Faso,,1977,-1.94188225017315
Burkina Faso,,1976,6.23539748425739
Burkina Faso,,1975,0.943213343373543
Burkina Faso,,1974,6.25587535382763
Burkina Faso,,1973,-1.32950738728137
Burkina Faso,,1972,0.563182490208192
Burkina Faso,,1971,-0.322395573174092
Burkina Faso,,1970,-1.61623152218708
Burkina Faso,,1969,0.276666588750047
Burkina Faso,,1968,1.31516494204224
Burkina Faso,,1967,7.01689650698381
Burkina Faso,,1966,-1.09580812913819
Burkina Faso,,1965,2.11732800572504
Burkina Faso,,1964,0.72143838526857
Burkina Faso,,1963,-2.73014695828537
Burkina Faso,,1962,4.58749878804011
Burkina Faso,,1961,2.55023265344265
Burundi,,2025,1.7611109501225
Burundi,,2024,1.4565402745951
Burundi,,2023,0.476410170270753
Burundi,,2022,-0.413741362511459
Burundi,,2021,0.462596737226662
Burundi,,2020,-2.56910007414477
Burundi,,2019,1.08494176938687
Burundi,,2018,2.20950781978466
Burundi,,2017,1.41976304054418
Burundi,,2016,1.43842310958158
Burundi,,2015,-2.63843207790325
Burundi,,2014,0.765722877623617
Burundi,,2013,1.2220776240641
Burundi,,2012,0.762376963720541
Burundi,,2011,0.368535841377152
Burundi,,2010,0.287652254263818
Burundi,,2009,-1.33995105464051
Burundi,,2008,0.668760370648471
Burundi,,2007,-0.311187520314832
Burundi,,2006,1.68473642542624
Burundi,,2005,-2.77894802793541
Burundi,,2004,0.997721140754805
Burundi,,2003,-4.2953882781394
Burundi,,2002,1.54204707066606
Burundi,,2001,-0.469619802706177
Burundi,,2000,-2.89542791949714
Burundi,,1999,-3.35382029606878
Burundi,,1998,2.76802982431101
Burundi,,1997,-1.5824774393535
Burundi,,1996,-8.06350047055535
Burundi,,1995,-13.2699852268517
Burundi,,1994,-4.45293293605653
Burundi,,1993,-3.24124864614819
Burundi,,1992,-1.65473544627476
Burundi,,1991,2.84668515883749
Burundi,,1990,1.36304401339021
Burundi,,1989,-0.620899444131396
Burundi,,1988,2.7300748439757
Burundi,,1987,3.12328954639813
Burundi,,1986,1.33043364051353
Burundi,,1985,9.39438422223908
Burundi,,1984,-2.24212742745944
Burundi,,1983,0.973082536740648
Burundi,,1982,-3.49220029296362
Burundi,,1981,7.68491382091901
Burundi,,1980,-3.15980759837527
Burundi,,1979,-0.830806952552152
Burundi,,1978,-3.76126591931222
Burundi,,1977,8.64448041839579
Burundi,,1976,5.55134642737933
Burundi,,1975,-1.76931158421134
Burundi,,1974,-3.18211193978914
Burundi,,1973,7.04106910814075
Burundi,,1972,-6.39979892230961
Burundi,,1971,0.279710021469654
Burundi,,1970,18.7193093811323
Burundi,,1969,-3.57614475347991
Burundi,,1968,-2.64849014689527
Burundi,,1967,10.9686441322188
Burundi,,1966,2.12302317412258
Burundi,,1965,1.13032095040056
Burundi,,1964,3.28867021830364
Burundi,,1963,1.96499713773683
Burundi,,1962,6.3318748882984
Burundi,,1961,-15.9019652409847
Cape Verde,,2025,5.80332221747327
Cape Verde,,2024,6.46991608888079
Cape Verde,,2023,4.2751322057766
Cape Verde,,2022,15.1545081084513
Cape Verde,,2021,6.62540765957627
Cape Verde,,2020,-20.8937523404244
Cape Verde,,2019,6.80449531732363
Cape Verde,,2018,3.60152349643896
Cape Verde,,2017,4.48221093147532
Cape Verde,,2016,4.24816232606327
Cape Verde,,2015,0.922631249857901
Cape Verde,,2014,0.676815488926465
Cape Verde,,2013,0.579092309567969
Cape Verde,,2012,0.983345735610456
Cape Verde,,2011,3.58680088003479
Cape Verde,,2010,1.10867941118087
Cape Verde,,2009,-2.43495532260619
Cape Verde,,2008,5.93628669264135
Cape Verde,,2007,13.9029028555293
Cape Verde,,2006,6.74862061785244
Cape Verde,,2005,5.64634152921253
Cape Verde,,2004,8.82078735562469
Cape Verde,,2003,2.78169096285627
Cape Verde,,2002,3.72907261625122
Cape Verde,,2001,0.682276166499946
Cape Verde,,2000,12.5710382620585
Cape Verde,,1999,9.54503889861623
Cape Verde,,1998,10.7299407310629
Cape Verde,,1997,9.26550233677044
Cape Verde,,1996,9.39028619703035
Cape Verde,,1995,12.0601838641087
Cape Verde,,1994,16.782010354077
Cape Verde,,1993,6.39603048677317
Cape Verde,,1992,8.44798979477743
Cape Verde,,1991,-1.01055136482147
Cape Verde,,1990,-1.35290150988138
Cape Verde,,1989,4.12485024834635
Cape Verde,,1988,4.52624066687233
Cape Verde,,1987,2.85230662441553
Cape Verde,,1986,1.4269826540267
Cape Verde,,1985,7.12207008814126
Cape Verde,,1984,2.31335740950426
Cape Verde,,1983,7.92166519671882
Cape Verde,,1982,1.31753289013552
Cape Verde,,1981,6.94807494345699
Cambodia,,2025,4.11461115788671
Cambodia,,2024,4.72405869487767
Cambodia,,2023,3.66847775428445
Cambodia,,2022,3.74000920039251
Cambodia,,2021,1.57862051550094
Cambodia,,2020,-4.96368199399319
Cambodia,,2019,6.58272364852731
Cambodia,,2018,7.43177030242717
Cambodia,,2017,6.59196495590379
Cambodia,,2016,6.34300627617029
Cambodia,,2015,5.652931676093
Cambodia,,2014,6.41109251902618
Cambodia,,2013,6.25691498312409
Cambodia,,2012,6.04756982656951
Cambodia,,2011,5.66993084409259
Cambodia,,2010,3.45435117133705
Cambodia,,2009,2.44674504763958
Cambodia,,2008,5.85728555368171
Cambodia,,2007,8.78143916559131
Cambodia,,2006,9.31792401297673
Cambodia,,2005,11.6637861428805
Cambodia,,2004,7.85639001144227
Cambodia,,2003,8.62974314019115
Cambodia,,2002,4.63862356700642
Cambodia,,2001,5.72566644409127
Cambodia,,2000,8.25832877301973
Cambodia,,1999,10.7982054875931
Cambodia,,1998,0.452139873018837
Cambodia,,1997,-2.91199173422457
Cambodia,,1996,-1.77693528347505
Cambodia,,1995,1.35412063704641
Cambodia,,1994,-39.2029703307445
Cambodia,,1993,-1.98219850050883
Cambodia,,1992,1.39521127525019
Cambodia,,1991,3.22292482028995
Cambodia,,1990,-2.97044816189582
Cambodia,,1989,-0.345557696350568
Cambodia,,1988,7.80089546974443
Cambodia,,1987,16.4857143191711
Cambodia,,1986,-0.194040774515756
Cambodia,,1985,1.22955640956965
Cambodia,,1984,1.18163587229544
Cambodia,,1983,0.731842330180569
Cambodia,,1982,-2.79479261397917
Cambodia,,1981,-1.56091097708021
Cambodia,,1980,-7.68323347866135
Cambodia,,1979,-10.7242251782673
Cambodia,,1978,8.76685381778104
Cambodia,,1977,-7.65550610489709
Cambodia,,1976,7.275968294004
Cameroon,,2025,0.590263610869485
Cameroon,,2024,0.854978148597212
Cameroon,,2023,0.652417560279119
Cameroon,,2022,1.04502997524601
Cameroon,,2021,0.631351991581198
Cameroon,,2020,-2.43476031121681
Cameroon,,2019,0.636415290549962
Cameroon,,2018,1.11514946861584
Cameroon,,2017,0.647004976201075
Cameroon,,2016,1.45711722669677
Cameroon,,2015,2.40123368709621
Cameroon,,2014,2.56873406379989
Cameroon,,2013,2.08714719116143
Cameroon,,2012,1.723811615485
Cameroon,,2011,0.496174364645441
Cameroon,,2010,0.000136421484427274
Cameroon,,2009,-0.318334274636157
Cameroon,,2008,-0.054684354254718
Cameroon,,2007,1.44056500100977
Cameroon,,2006,0.995178501621496
Cameroon,,2005,-0.550411134631503
Cameroon,,2004,4.14782057634264
Cameroon,,2003,2.61581878981131
Cameroon,,2002,1.71295981541175
Cameroon,,2001,1.61992408023583
Cameroon,,2000,1.13442792226186
Cameroon,,1999,1.77511312312416
Cameroon,,1998,1.98875448721377
Cameroon,,1997,1.79214014657076
Cameroon,,1996,1.4475466909911
Cameroon,,1995,0.107723326425074
Cameroon,,1994,-0.943945008602924
Cameroon,,1993,-10.5166043582515
Cameroon,,1992,-5.83737588435096
Cameroon,,1991,-6.57350502462501
Cameroon,,1990,-8.83238750824871
Cameroon,,1989,-4.654742471761
Cameroon,,1988,-10.5343154495332
Cameroon,,1987,-5.07549988153178
Cameroon,,1986,3.60245672331487
Cameroon,,1985,4.88990022893367
Cameroon,,1984,4.52904486852626
Cameroon,,1983,4.70153397148707
Cameroon,,1982,4.98805869201293
Cameroon,,1981,13.043422758453
Cameroon,,1980,-5.10455591015526
Cameroon,,1979,3.104612790611
Cameroon,,1978,18.7226571361491
Cameroon,,1977,10.8434696175958
Cameroon,,1976,-7.99324847143026
Cameroon,,1975,8.18407213130715
Cameroon,,1974,7.70293237323871
Cameroon,,1973,2.49785376682739
Cameroon,,1972,-0.0784165028948109
Cameroon,,1971,0.752051370916206
Cameroon,,1970,0.433470229032736
Cameroon,,1969,2.27038725833759
Cameroon,,1968,3.76755010762579
Cameroon,,1967,-12.9990149262665
Cameroon,,1966,2.23836086930811
Cameroon,,1965,-0.235078965206341
Cameroon,,1964,1.28931190798191
Cameroon,,1963,1.49905060205057
Cameroon,,1962,1.12404670359109
Cameroon,,1961,-0.365494072590366
Canada,,2025,0.791681826896635
Canada,,2024,-0.954212030330638
Canada,,2023,-0.844530120415982
Canada,,2022,2.78626569235895
Canada,,2021,5.36528783461416
Canada,,2020,-6.06240641639141
Canada,,2019,0.429657594374362
Canada,,2018,1.28092656218273
Canada,,2017,1.80946447841099
Canada,,2016,-0.0982963673716881
Canada,,2015,-0.112369151907927
Canada,,2014,1.84840950153425
Canada,,2013,1.25359012132115
Canada,,2012,0.658841996943821
Canada,,2011,2.13607718389216
Canada,,2010,1.95144743974238
Canada,,2009,-4.02008815189166
Canada,,2008,-0.093342723123186
Canada,,2007,1.06414483533945
Canada,,2006,1.60290147984234
Canada,,2005,2.23757664033788
Canada,,2004,2.13581556968643
Canada,,2003,0.895018577517163
Canada,,2002,1.88796483475868
Canada,,2001,0.77451943124467
Canada,,2000,4.16394850425988
Canada,,1999,4.2898366032472
Canada,,1998,3.03423773364632
Canada,,1997,3.24897482432046
Canada,,1996,0.631530878229199
Canada,,1995,1.62528130298871
Canada,,1994,3.35581447529287
Canada,,1993,1.53574567835715
Canada,,1992,-0.296709512920273
Canada,,1991,-3.30029999690473
Canada,,1990,-1.29644133757819
Canada,,1989,0.517573873637716
Canada,,1988,3.06576128891155
Canada,,1987,2.7091738969748
Canada,,1986,1.11138107778466
Canada,,1985,3.78497415596264
Canada,,1984,4.90355423972262
Canada,,1983,1.55343278168164
Canada,,1982,-4.31128443854706
Canada,,1981,2.14738046463559
Canada,,1980,0.867987108024522
Canada,,1979,2.70369571183471
Canada,,1978,2.70845218978704
Canada,,1977,2.33026513515004
Canada,,1976,4.50510435079661
Canada,,1975,0.0741861903960768
Canada,,1974,1.92490386403719
Canada,,1973,5.43170389566711
Canada,,1972,4.30183076108925
Canada,,1971,0.996931976073682
Canada,,1970,1.49009088430785
Canada,,1969,3.6480178699757
Canada,,1968,3.32765578255665
Canada,,1967,1.22749144089767
Canada,,1966,4.78936462730918
Canada,,1965,4.4099953748072
Canada,,1964,4.66361623121709
Canada,,1963,3.354068215803
Canada,,1962,5.44826552207256
Canada,,1961,1.12134627382237
Central African Republic,,2025,1.03862629845366
Central African Republic,,2024,-1.89436423949913
Central African Republic,,2023,-0.362884514707787
Central African Republic,,2022,0.730965726740934
Central African Republic,,2021,-0.705468755505223
Central African Republic,,2020,-0.744488614542561
Central African Republic,,2019,1.72290159793216
Central African Republic,,2018,1.9780319759616
Central African Republic,,2017,2.7861131027974
Central African Republic,,2016,2.87598768927953
Central African Republic,,2015,4.19878078824811
Central African Republic,,2014,0.497506544343594
Central African Republic,,2013,-36.8245466038613
Central African Republic,,2012,4.00963689358869
Central African Republic,,2011,2.55065326927321
Central African Republic,,2010,5.47038096593693
Central African Republic,,2009,9.30502220176477
Central African Republic,,2008,-0.0996463174017777
Central African Republic,,2007,2.61065388109087
Central African Republic,,2006,2.64652651726671
Central African Republic,,2005,-1.35012540536219
Central African Republic,,2004,3.72625182811642
Central African Republic,,2003,-7.63416642788093
Central African Republic,,2002,1.37690566221247
Central African Republic,,2001,2.17071826482889
Central African Republic,,2000,-5.13401462675454
Central African Republic,,1999,0.804779828695573
Central African Republic,,1998,1.89780136644271
Central African Republic,,1997,2.44553463232529
Central African Republic,,1996,-6.45635774727835
Central African Republic,,1995,4.3152308340197
Central African Republic,,1994,1.67643599170786
Central African Republic,,1993,-2.81054491449957
Central African Republic,,1992,-9.3499022024904
Central African Republic,,1991,-3.61601860351969
Central African Republic,,1990,-5.14384284646127
Central African Republic,,1989,-0.58702401433186
Central African Republic,,1988,0.0308390935576313
Central African Republic,,1987,-6.18183220833238
Central African Republic,,1986,2.26761415846777
Central African Republic,,1985,2.63570726856844
Central African Republic,,1984,8.15142186918453
Central African Republic,,1983,-9.21361481564811
Central African Republic,,1982,6.47111564181645
Central African Republic,,1981,-2.6514936510095
Central African Republic,,1980,-5.52099764656569
Central African Republic,,1979,-3.50467253706556
Central African Republic,,1978,0.152767707165395
Central African Republic,,1977,2.74040696827412
Central African Republic,,1976,3.87700094616103
Central African Republic,,1975,-1.52933268765479
Central African Republic,,1974,4.30863076950688
Central African Republic,,1973,-0.0444254830098316
Central African Republic,,1972,-1.93873848907192
Central African Republic,,1971,-0.94510488147084
Central African Republic,,1970,0.0891249899070345
Central African Republic,,1969,4.66862388144997
Central African Republic,,1968,-0.854278962128973
Central African Republic,,1967,2.41472208599004
Central African Republic,,1966,-1.46604280307963
Central African Republic,,1965,-1.10975097625821
Central African Republic,,1964,0.0537927960757401
Central African Republic,,1963,-2.63156435254359
Central African Republic,,1962,-5.54001494435076
Central African Republic,,1961,3.0031837642328
Chad,,2025,2.04780376097817
Chad,,2024,-0.115072436579638
Chad,,2023,-0.651125322486365
Chad,,2022,0.59175907712094
Chad,,2021,-3.10209208613276
Chad,,2020,-3.51319644390499
Chad,,2019,2.04363651447466
Chad,,2018,2.24768972082788
Chad,,2017,-4.81719582036631
Chad,,2016,-7.08506190157246
Chad,,2015,0.0674074944662948
Chad,,2014,-1.51652756694816
Chad,,2013,-0.767831669389352
Chad,,2012,5.29734255099544
Chad,,2011,0.870883386044198
Chad,,2010,9.80713114990233
Chad,,2009,-4.86874608907731
Chad,,2008,-0.463468027746472
Chad,,2007,0.671852924810707
Chad,,2006,-4.05733919631511
Chad,,2005,12.6968038844502
Chad,,2004,27.8073148127989
Chad,,2003,10.2279881027344
Chad,,2002,4.77730878889039
Chad,,2001,7.95445706927111
Chad,,2000,-4.24950215601882
Chad,,1999,-4.11148626297242
Chad,,1998,3.33471416685542
Chad,,1997,2.06853854491665
Chad,,1996,-2.21398378117826
Chad,,1995,-3.12782188796437
Chad,,1994,7.63158984012236
Chad,,1993,-17.6741907148762
Chad,,1992,3.51468324436661
Chad,,1991,4.63768980178692
Chad,,1990,-6.79304926645887
Chad,,1989,1.38861691573089
Chad,,1988,11.6376083255954
Chad,,1987,-5.74954425120686
Chad,,1986,-6.90931230128338
Chad,,1985,20.5709907410676
Chad,,1984,0.713603679143432
Chad,,1983,10.0878341510115
Chad,,1982,0.510585365650229
Chad,,1981,0.919859630474321
Chad,,1980,-6.25717486646226
Chad,,1979,-23.0804489104332
Chad,,1978,-2.26782337134831
Chad,,1977,0.33775770789093
Chad,,1976,0.944475621719818
Chad,,1975,6.68531638180316
Chad,,1974,2.58260751768957
Chad,,1973,-10.5106738595121
Chad,,1972,-1.08306584014767
Chad,,1971,-4.28847107115794
Chad,,1970,-0.236514145934592
Chad,,1969,4.74778993785957
Chad,,1968,-2.39673120038245
Chad,,1967,-1.17458183471362
Chad,,1966,-3.71002242461593
Chad,,1965,-1.38373144830778
Chad,,1964,-4.47323073421776
Chad,,1963,-3.58230894512012
Chad,,1962,3.24830071213836
Chad,,1961,-0.625977318575295
Chile,,2025,1.96836668792395
Chile,,2024,2.25410739557456
Chile,,2023,0.135205921667691
Chile,,2022,1.55914868965226
Chile,,2021,10.8469342332232
Chile,,2020,-6.97738648556296
Chile,,2019,-0.952396500724504
Chile,,2018,2.14988195463914
Chile,,2017,-0.235110167425177
Chile,,2016,0.52983351729867
Chile,,2015,1.11370445947465
Chile,,2014,0.783002086375433
Chile,,2013,2.32789256098182
Chile,,2012,5.14158431251035
Chile,,2011,5.18104033334399
Chile,,2010,4.79363748014636
Chile,,2009,-2.11061042692428
Chile,,2008,2.75755699285021
Chile,,2007,4.14386212927862
Chile,,2006,5.01952135827457
Chile,,2005,4.79182839139716
Chile,,2004,5.60291985486168
Chile,,2003,3.63301530196716
Chile,,2002,2.06991885847773
Chile,,2001,1.96875181903661
Chile,,2000,3.72361873178446
Chile,,1999,-1.52035804686301
Chile,,1998,2.83546295262515
Chile,,1997,5.96496367578787
Chile,,1996,5.61243124571355
Chile,,1995,7.66762918859645
Chile,,1994,3.50625803516114
Chile,,1993,5.03866265296217
Chile,,1992,9.71844044949243
Chile,,1991,5.97914025557384
Chile,,1990,1.88581611632009
Chile,,1989,8.55804238316513
Chile,,1988,5.62260077265265
Chile,,1987,5.05944880092105
Chile,,1986,3.78423839368109
Chile,,1985,1.98564660313194
Chile,,1984,2.43691015051672
Chile,,1983,-6.32588185760476
Chile,,1982,-12.7828094615131
Chile,,1981,5.16367443112149
Chile,,1980,6.58595453296824
Chile,,1979,6.83809301483191
Chile,,1978,6.41042954246262
Chile,,1977,9.45988719207391
Chile,,1976,2.01125750988263
Chile,,1975,-13.6362549356415
Chile,,1974,-0.344988907097871
Chile,,1973,-6.55933963735458
Chile,,1972,-2.32226217340738
Chile,,1971,7.7719419764128
Chile,,1970,-0.0104849141995942
Chile,,1969,2.32265859451304
Chile,,1968,1.76912924900685
Chile,,1967,1.73531298518171
Chile,,1966,9.41443342353779
Chile,,1965,-1.23260501621641
Chile,,1964,0.463701102108359
Chile,,1963,3.57681333197451
Chile,,1962,1.82384341341766
Chile,,1961,3.34640006200324
China,,2025,5.13829164139675
China,,2024,5.08754856303446
China,,2023,5.52547619540933
China,,2022,3.14736528950196
China,,2021,8.47352592384939
China,,2020,2.09618372204399
China,,2019,5.69178029552671
China,,2018,6.25969538838069
China,,2017,6.24623915563534
China,,2016,6.16357090866066
China,,2015,6.36137631292877
China,,2014,6.78578256558413
China,,2013,7.06293206554041
China,,2012,7.12864747408331
China,,2011,8.86552016620182
China,,2010,10.0588648070302
China,,2009,8.86328559816117
China,,2008,9.10828477328671
China,,2007,13.5561478146964
China,,2006,12.0478875638328
China,,2005,10.7999508064974
China,,2004,9.48820783119425
China,,2003,9.43008751939767
China,,2002,8.50661398311242
China,,2001,7.54005288797013
China,,2000,7.72142235903391
China,,1999,6.81238630667758
China,,1998,6.8929171395732
China,,1997,8.18469305732251
China,,1996,8.82663191414676
China,,1995,9.81575006667488
China,,1994,11.8117788799513
China,,1993,12.6238858280969
China,,1992,12.9054122880499
China,,1991,7.89340902881477
China,,1990,2.40879373505875
China,,1989,2.62235859030879
China,,1988,9.44451484164723
China,,1987,9.87903623382846
China,,1986,7.33530986061663
China,,1985,11.8943958853723
China,,1984,13.6906069747567
China,,1983,9.18274938247932
China,,1982,7.43053410407046
China,,1981,3.77697891086211
China,,1980,6.49729406965412
China,,1979,6.16909471555913
China,,1978,9.84712009643518
China,,1977,6.11400167606095
China,,1976,-3.08132198489825
China,,1975,6.81644050625665
China,,1974,0.218005667350923
China,,1973,5.32729301395436
China,,1972,1.29010597100438
China,,1971,4.15917620130968
China,,1970,16.0503992929066
China,,1969,13.7793403435182
China,,1968,-6.57145161430678
China,,1967,-8.16149758528853
China,,1966,7.608403928295
China,,1965,14.197889011518
China,,1964,15.468995418925
China,,1963,7.62225446093558
China,,1962,-6.35150486433241
China,,1961,-26.5276436063691
Colombia,,2025,1.60595920382266
Colombia,,2024,0.408620603822158
Colombia,,2023,-0.282233597731121
Colombia,,2022,6.18779953705864
Colombia,,2021,9.5929782838861
Colombia,,2020,-8.50949477621059
Colombia,,2019,1.36014067984289
Colombia,,2018,0.695264947238812
Colombia,,2017,-0.101221554133033
Colombia,,2016,1.08114925712198
Colombia,,2015,2.06923227113727
Colombia,,2014,3.5703066542077
Colombia,,2013,4.14129387844136
Colombia,,2012,2.87569627540904
Colombia,,2011,5.80823503363762
Colombia,,2010,3.31434936742798
Colombia,,2009,-0.0317051022677077
Colombia,,2008,2.04799051810861
Colombia,,2007,5.39446786231066
Colombia,,2006,5.31174394421016
Colombia,,2005,3.37111077766936
Colombia,,2004,3.79715867736165
Colombia,,2003,2.36282939630979
Colombia,,2002,0.939608606713477
Colombia,,2001,0.0920725777672828
Colombia,,2000,1.25270223212341
Colombia,,1999,-5.85488076514964
Colombia,,1998,-1.21587529995685
Colombia,,1997,1.59578906492865
Colombia,,1996,0.213941191632387
Colombia,,1995,3.21251345205344
Colombia,,1994,3.74840675934975
Colombia,,1993,3.30195850247352
Colombia,,1992,2.00413314386418
Colombia,,1991,-0.0271315908869099
Colombia,,1990,2.14817587559615
Colombia,,1989,1.3125231207928
Colombia,,1988,1.95465446599053
Colombia,,1987,3.22574243598631
Colombia,,1986,3.66134032721335
Colombia,,1985,0.902605416728733
Colombia,,1984,0.989006834442279
Colombia,,1983,-0.78443379786755
Colombia,,1982,-1.35966538334341
Colombia,,1981,-0.0539162798288118
Colombia,,1980,1.73932430012557
Colombia,,1979,3.04448464320417
Colombia,,1978,6.04906359638626
Colombia,,1977,1.87544234123106
Colombia,,1976,2.47143444323312
Colombia,,1975,0.0826946618422113
Colombia,,1974,3.39268107532517
Colombia,,1973,4.30500467747746
Colombia,,1972,5.19958134529315
Colombia,,1971,3.43926264882479
Colombia,,1970,3.55492172107171
Colombia,,1969,3.35663361979847
Colombia,,1968,3.08645828962429
Colombia,,1967,1.24976875790061
Colombia,,1966,2.23404869496953
Colombia,,1965,0.568603228415853
Colombia,,1964,3.01524652693574
Colombia,,1963,0.179781805885455
Colombia,,1962,2.21235000803928
Colombia,,1961,1.89646467365196
Comoros,,2025,1.84834438727457
Comoros,,2024,1.36481294621163
Comoros,,2023,1.22101405059583
Comoros,,2022,0.486994503714811
Comoros,,2021,0.0455645511488143
Comoros,,2020,-2.13462938280972
Comoros,,2019,-0.178239892265168
Comoros,,2018,1.63821442372796
Comoros,,2017,1.76762596404485
Comoros,,2016,1.22281058132006
Comoros,,2015,-0.96541889629961
Comoros,,2014,-0.0905995194762568
Comoros,,2013,2.28116402689325
Comoros,,2012,1.11391111554475
Comoros,,2011,2.08263580496299
Comoros,,2010,1.73513066388675
Comoros,,2009,1.2079203319485
Comoros,,2008,1.91937430669343
Comoros,,2007,-1.18558697748325
Comoros,,2006,-3.71626145355258
Comoros,,2005,3.53060047143931
Comoros,,2004,1.16411909687749
Comoros,,2003,-0.011062920777249
Comoros,,2002,2.40756578317429
Comoros,,2001,3.27352621774114
Comoros,,2000,-2.88945143643761
Comoros,,1999,0.88368341102192
Comoros,,1998,-1.68271371705167
Comoros,,1997,2.62767770668948
Comoros,,1996,-2.20890470843038
Comoros,,1995,3.81904316440117
Comoros,,1994,-5.67123709606638
Comoros,,1993,0.69224429706334
Comoros,,1992,5.15205555476597
Comoros,,1991,-8.42445752716004
Comoros,,1990,4.5640560053973
Comoros,,1989,-3.52874997551089
Comoros,,1988,2.17063009876424
Comoros,,1987,-0.688091056043021
Comoros,,1986,-0.732021611211536
Comoros,,1985,-0.0566384062004772
Comoros,,1984,1.29672868132171
Comoros,,1983,0.259381817607945
Comoros,,1982,1.21505444994503
Comoros,,1981,2.52899372102837
Democratic Republic of the Congo,,2025,2.42596784907103
Democratic Republic of the Congo,,2024,2.71725564861343
Democratic Republic of the Congo,,2023,5.05273224713814
Democratic Republic of the Congo,,2022,5.84381468903847
Democratic Republic of the Congo,,2021,3.03871005349485
Democratic Republic of the Congo,,2020,-2.41880983949436
Democratic Republic of the Congo,,2019,-2.58176822938702
Democratic Republic of the Congo,,2018,2.57995294310305
Democratic Republic of the Congo,,2017,0.498126250776636
Democratic Republic of the Congo,,2016,-3.09891686152069
Democratic Republic of the Congo,,2015,2.90483865777841
Democratic Republic of the Congo,,2014,3.72497982298587
Democratic Republic of the Congo,,2013,13.5855917153835
Democratic Republic of the Congo,,2012,5.10047276903202
Democratic Republic of the Congo,,2011,-3.61710580676336
Democratic Republic of the Congo,,2010,5.21103758230342
Democratic Republic of the Congo,,2009,-2.51860845278931
Democratic Republic of the Congo,,2008,4.24171595779457
Democratic Republic of the Congo,,2007,5.34752781053874
Democratic Republic of the Congo,,2006,1.91803613632446
Democratic Republic of the Congo,,2005,2.92453150441195
Democratic Republic of the Congo,,2004,3.64120168825156
Democratic Republic of the Congo,,2003,2.53825002982666
Democratic Republic of the Congo,,2002,-0.150938086630475
Democratic Republic of the Congo,,2001,-5.15214146648994
Democratic Republic of the Congo,,2000,-9.84965913432067
Democratic Republic of the Congo,,1999,-7.43165883231666
Democratic Republic of the Congo,,1998,-4.2608811333717
Democratic Republic of the Congo,,1997,-7.12163669732936
Democratic Republic of the Congo,,1996,-2.90765166443452
Democratic Republic of the Congo,,1995,-3.39481121545575
Democratic Republic of the Congo,,1994,-8.34247342999042
Democratic Republic of the Congo,,1993,-16.5071139544342
Democratic Republic of the Congo,,1992,-13.472989774905
Democratic Republic of the Congo,,1991,-11.4194977983546
Democratic Republic of the Congo,,1990,-9.61748597659816
Democratic Republic of the Congo,,1989,-4.33799099147294
Democratic Republic of the Congo,,1988,-2.69674798062162
Democratic Republic of the Congo,,1987,-0.511748731546049
Democratic Republic of the Congo,,1986,1.47046036376909
Democratic Republic of the Congo,,1985,-2.80901413565682
Democratic Republic of the Congo,,1984,2.07207086656189
Democratic Republic of the Congo,,1983,-1.75283708294673
Democratic Republic of the Congo,,1982,-3.40014199743922
Democratic Republic of the Congo,,1981,-0.587498769914134
Democratic Republic of the Congo,,1980,-0.95886985540298
Democratic Republic of the Congo,,1979,-3.03862557435551
Democratic Republic of the Congo,,1978,-8.23737671781109
Democratic Republic of the Congo,,1977,-1.75532961728734
Democratic Republic of the Congo,,1976,-7.7256956323522
Democratic Republic of the Congo,,1975,-7.46727438222024
Democratic Republic of the Congo,,1974,0.410907264212781
Democratic Republic of the Congo,,1973,5.28119026232623
Democratic Republic of the Congo,,1972,-2.46721894456714
Democratic Republic of the Congo,,1971,3.14619844521395
Democratic Republic of the Congo,,1970,-3.05376345948986
Democratic Republic of the Congo,,1969,6.21018175785377
Democratic Republic of the Congo,,1968,1.31773186206605
Democratic Republic of the Congo,,1967,-3.83265618856133
Democratic Republic of the Congo,,1966,3.77366630730698
Democratic Republic of the Congo,,1965,-1.74073156630351
Democratic Republic of the Congo,,1964,-5.01641944581635
Democratic Republic of the Congo,,1963,2.46136136082029
Democratic Republic of the Congo,,1962,18.0843023641037
Democratic Republic of the Congo,,1961,-13.1140646242232
Republic of the Congo,,2025,0.674917226843235
Republic of the Congo,,2024,-0.319535900925317
Republic of the Congo,,2023,-0.528875412706213
Republic of the Congo,,2022,-0.927744025174505
Republic of the Congo,,2021,-1.37465389510481
Republic of the Congo,,2020,-8.48578578986992
Republic of the Congo,,2019,-1.27988440285151
Republic of the Congo,,2018,-4.6581397485937
Republic of the Congo,,2017,-7.86139425991523
Republic of the Congo,,2016,-10.8700508595295
Republic of the Congo,,2015,-1.98214587471384
Republic of the Congo,,2014,4.1002792779107
Republic of the Congo,,2013,-3.09694323656935
Republic of the Congo,,2012,6.91517273107118
Republic of the Congo,,2011,-1.06295910259951
Republic of the Congo,,2010,5.47046970435608
Republic of the Congo,,2009,7.26428280496805
Republic of the Congo,,2008,2.86698415150693
Republic of the Congo,,2007,-9.96945133776909
Republic of the Congo,,2006,4.01799119733973
Republic of the Congo,,2005,3.9415931821321
Republic of the Congo,,2004,-0.000136349476449027
Republic of the Congo,,2003,-1.96564823937744
Republic of the Congo,,2002,2.1400863574699
Republic of the Congo,,2001,-0.041524211389671
Republic of the Congo,,2000,3.53179165255042
Republic of the Congo,,1999,-5.17796321884211
Republic of the Congo,,1998,1.48155360506634
Republic of the Congo,,1997,-2.72655328399637
Republic of the Congo,,1996,1.43771518416713
Republic of the Congo,,1995,1.09899574840317
Republic of the Congo,,1994,-8.25141208282898
Republic of the Congo,,1993,-3.86655032881671
Republic of the Congo,,1992,-0.248600824528538
Republic of the Congo,,1991,-0.475490065299297
Republic of the Congo,,1990,-1.84268984995809
Republic of the Congo,,1989,-0.322827326724479
Republic of the Congo,,1988,-1.13959383100648
Republic of the Congo,,1987,-2.6954798697673
Republic of the Congo,,1986,-9.55347437557265
Republic of the Congo,,1985,-4.0542987808677
Republic of the Congo,,1984,4.34352251846796
Republic of the Congo,,1983,3.68887287185078
Republic of the Congo,,1982,20.9664378594288
Republic of the Congo,,1981,15.0547787720662
Republic of the Congo,,1980,15.034236029519
Republic of the Congo,,1979,7.33056431962336
Republic of the Congo,,1978,3.89431000620701
Republic of the Congo,,1977,-11.1044942073124
Republic of the Congo,,1976,-1.51657522816552
Republic of the Congo,,1975,4.76979764471767
Republic of the Congo,,1974,4.57041078633043
Republic of the Congo,,1973,4.89945684288551
Republic of the Congo,,1972,5.29801304293069
Republic of the Congo,,1971,4.50774581647985
Republic of the Congo,,1970,3.20372143223121
Republic of the Congo,,1969,4.40315299919531
Republic of the Congo,,1968,4.53871776978127
Republic of the Congo,,1967,-0.77122621202686
Republic of the Congo,,1966,-1.46789726752979
Republic of the Congo,,1965,0.838471636514953
Republic of the Congo,,1964,1.02850314621725
Republic of the Congo,,1963,-6.55502405879515
Republic of the Congo,,1962,2.48184375707561
Republic of the Congo,,1961,5.5872755559119
Costa Rica,,2025,4.09282266939263
Costa Rica,,2024,3.5881668120543
Costa Rica,,2023,4.3041987782517
Costa Rica,,2022,5.00925936176895
Costa Rica,,2021,7.6692169270473
Costa Rica,,2020,-4.803591296633
Costa Rica,,2019,1.85075764226454
Costa Rica,,2018,1.9267557137394
Costa Rica,,2017,3.17871988571305
Costa Rica,,2016,3.15607053449173
Costa Rica,,2015,2.55664326251552
Costa Rica,,2014,2.43499508652508
Costa Rica,,2013,1.36003474738322
Costa Rica,,2012,3.66596872237885
Costa Rica,,2011,3.18309276687559
Costa Rica,,2010,4.06134321043838
Costa Rica,,2009,-2.18936700680091
Costa Rica,,2008,3.32734138007224
Costa Rica,,2007,6.7597950880332
Costa Rica,,2006,5.83402518356301
Costa Rica,,2005,2.48427891885412
Costa Rica,,2004,2.90067536924128
Costa Rica,,2003,2.72728707655179
Costa Rica,,2002,1.72295969081905
Costa Rica,,2001,1.65293200355205
Costa Rica,,2000,1.80819157520567
Costa Rica,,1999,2.01034545340086
Costa Rica,,1998,4.79190926716646
Costa Rica,,1997,3.1197778144747
Costa Rica,,1996,-0.997395682702958
Costa Rica,,1995,1.67754012990416
Costa Rica,,1994,1.98449372413157
Costa Rica,,1993,4.45187818901431
Costa Rica,,1992,6.47188895218298
Costa Rica,,1991,-0.304259137596446
Costa Rica,,1990,0.969665370569132
Costa Rica,,1989,3.0372287991605
Costa Rica,,1988,0.804476560644147
Costa Rica,,1987,2.03077450785212
Costa Rica,,1986,2.71459943765286
Costa Rica,,1985,-2.00772124488137
Costa Rica,,1984,5.09057323467835
Costa Rica,,1983,0.0746781222387369
Costa Rica,,1982,-9.78883050608906
Costa Rica,,1981,-4.88765262852235
Costa Rica,,1980,-1.95137558258219
Costa Rica,,1979,2.143441659882
Costa Rica,,1978,3.4762072766422
Costa Rica,,1977,6.07689194805107
Costa Rica,,1976,2.81277818792364
Costa Rica,,1975,-0.489413430286319
Costa Rica,,1974,2.89029162591079
Costa Rica,,1973,4.99526020138762
Costa Rica,,1972,5.40367237753038
Costa Rica,,1971,3.97467342501967
Costa Rica,,1970,4.59930003786566
Costa Rica,,1969,2.57073509389667
Costa Rica,,1968,5.34280447968538
Costa Rica,,1967,2.43551681284939
Costa Rica,,1966,3.57971572310687
Costa Rica,,1965,4.6268469888393
Costa Rica,,1964,0.121033546130931
Costa Rica,,1963,3.13560952829692
Costa Rica,,1962,1.64167206421328
Costa Rica,,1961,-1.84892293350333
Ivory Coast,,2025,3.96926488985672
Ivory Coast,,2024,3.46791305721162
Ivory Coast,,2023,3.96403768524576
Ivory Coast,,2022,3.75602084659074
Ivory Coast,,2021,4.4463193708041
Ivory Coast,,2020,-1.81621061689408
Ivory Coast,,2019,3.96244737490909
Ivory Coast,,2018,2.05334874793748
Ivory Coast,,2017,4.42161228468103
Ivory Coast,,2016,4.10858359182184
Ivory Coast,,2015,4.14232947521536
Ivory Coast,,2014,6.75169825092141
Ivory Coast,,2013,8.5732243032672
Ivory Coast,,2012,5.39583595248281
Ivory Coast,,2011,-7.40424970030114
Ivory Coast,,2010,4.5193074547668
Ivory Coast,,2009,1.32618518113594
Ivory Coast,,2008,2.42600024388695
Ivory Coast,,2007,-1.22415870474471
Ivory Coast,,2006,0.421959618326611
Ivory Coast,,2005,-1.38664840401142
Ivory Coast,,2004,0.712925866714116
Ivory Coast,,2003,-7.07101837658274
Ivory Coast,,2002,-5.21173930372343
Ivory Coast,,2001,-4.73706957562547
Ivory Coast,,2000,-2.98789209303686
Ivory Coast,,1999,-2.07680883648156
Ivory Coast,,1998,0.404815446696844
Ivory Coast,,1997,5.51590083803082
Ivory Coast,,1996,3.63603752351062
Ivory Coast,,1995,3.02718524731407
Ivory Coast,,1994,-3.07844096219641
Ivory Coast,,1993,-4.08453429777113
Ivory Coast,,1992,-4.14732494866662
Ivory Coast,,1991,-3.85610474106537
Ivory Coast,,1990,-4.9093999603687
Ivory Coast,,1989,-0.95726163000495
Ivory Coast,,1988,-2.66415690762632
Ivory Coast,,1987,-4.11920012990711
Ivory Coast,,1986,-0.700892854841626
Ivory Coast,,1985,0.442451456249174
Ivory Coast,,1984,-6.51004627759795
Ivory Coast,,1983,-7.6809941303711
Ivory Coast,,1982,-3.75122186685714
Ivory Coast,,1981,-0.562326375567451
Ivory Coast,,1980,-14.4069419618659
Ivory Coast,,1979,-1.48168984848949
Ivory Coast,,1978,6.8077849740796
Ivory Coast,,1977,3.44524962590836
Ivory Coast,,1976,8.41025764206348
Ivory Coast,,1975,3.42453359950802
Ivory Coast,,1974,-0.33158369310037
Ivory Coast,,1973,1.22493763996148
Ivory Coast,,1972,-0.328982186808318
Ivory Coast,,1971,4.82140589752017
Ivory Coast,,1970,5.90122199628114
Ivory Coast,,1969,5.27344694856279
Ivory Coast,,1968,8.256614775383
Ivory Coast,,1967,0.627023698007619
Ivory Coast,,1966,7.34524241238725
Ivory Coast,,1965,-6.78308326844027
Ivory Coast,,1964,13.1580774784306
Ivory Coast,,1963,10.1713603588897
Ivory Coast,,1962,-2.52815767861404
Ivory Coast,,1961,5.99461548115963
Croatia,,2025,3.1363113364947
Croatia,,2024,3.65085264409362
Croatia,,2023,3.65329698905039
Croatia,,2022,7.94429675001722
Croatia,,2021,13.6540779633306
Croatia,,2020,-7.48629145426857
Croatia,,2019,4.13065464683689
Croatia,,2018,4.26898598804596
Croatia,,2017,4.95698866850903
Croatia,,2016,4.59625905495034
Croatia,,2015,3.54970254475377
Croatia,,2014,0.20548399994118
Croatia,,2013,0.491232719081154
Croatia,,2012,-1.77225046048896
Croatia,,2011,0.233948098216914
Croatia,,2010,-1.11211829111342
Croatia,,2009,-6.71376495542094
Croatia,,2008,1.98388228188433
Croatia,,2007,5.07179924204281
Croatia,,2006,5.04515240807896
Croatia,,2005,4.19397635804874
Croatia,,2004,4.14142900899388
Croatia,,2003,5.5383780446826
Croatia,,2002,5.73914762696708
Croatia,,2001,7.15557497333592
Croatia,,2000,3.96819591961956
Croatia,,1999,-0.421163988666422
Croatia,,1998,2.31628768676903
Croatia,,1997,6.68450076023788
Croatia,,1996,7.57681825816836
Croatia,,1995,7.48897024439002
Croatia,,1994,4.69705259764521
Croatia,,1993,-8.51829523360919
Croatia,,1992,-9.52911083766807
Croatia,,1991,-19.6019000057714
Cuba,,2024,-0.699961142159495
Cuba,,2023,-1.5743835905819
Cuba,,2022,2.34839091134221
Cuba,,2021,1.74778827156759
Cuba,,2020,-10.7383538682124
Cuba,,2019,0.0532186639248664
Cuba,,2018,2.43656837458022
Cuba,,2017,1.97075471516408
Cuba,,2016,0.597183645134152
Cuba,,2015,4.53753785531039
Cuba,,2014,1.15852883229009
Cuba,,2013,2.79314623294214
Cuba,,2012,3.00028175038565
Cuba,,2011,2.76444210196216
Cuba,,2010,2.36597236588088
Cuba,,2009,1.42474509664487
Cuba,,2008,4.07542754472641
Cuba,,2007,7.17925242550075
Cuba,,2006,11.9069237505458
Cuba,,2005,10.9666851161532
Cuba,,2004,5.49410195800384
Cuba,,2003,3.49676185017218
Cuba,,2002,1.12278132692103
Cuba,,2001,2.86074719657753
Cuba,,2000,5.56315407850497
Cuba,,1999,5.8289371168088
Cuba,,1998,-0.174678072264157
Cuba,,1997,2.44769000630836
Cuba,,1996,7.47822503827842
Cuba,,1995,2.08826431237451
Cuba,,1994,0.300685045533882
Cuba,,1993,-15.3118366893073
Cuba,,1992,-12.1393705305651
Cuba,,1991,-11.4079878056485
Cuba,,1990,-3.84822465768245
Cuba,,1989,-0.282037912069939
Cuba,,1988,2.7388918714524
Cuba,,1987,-3.2623931374327
Cuba,,1986,-0.754948780795104
Cuba,,1985,0.757183025934978
Cuba,,1984,7.04820772969525
Cuba,,1983,4.58488277642482
Cuba,,1982,8.22203902302428
Cuba,,1981,19.1472814084795
Cuba,,1980,-5.25160677302651
Cuba,,1979,0.556254941334288
Cuba,,1978,5.89860114814994
Cuba,,1977,7.83970875990205
Cuba,,1976,4.4199047403729
Cuba,,1975,8.25756484504619
Cuba,,1974,-0.29588768768626
Cuba,,1973,1.96559203969984
Cuba,,1972,3.16297317162646
Cuba,,1971,6.71303935231944
Cyprus,,2025,2.3484337138903
Cyprus,,2024,2.29692471382049
Cyprus,,2023,1.64038753278454
Cyprus,,2022,6.73560400602804
Cyprus,,2021,9.74651161533515
Cyprus,,2020,-4.51403585865228
Cyprus,,2019,4.46826562163456
Cyprus,,2018,5.05105337795295
Cyprus,,2017,4.85340888107815
Cyprus,,2016,6.01835711404337
Cyprus,,2015,3.19512275980128
Cyprus,,2014,-1.48883694697456
Cyprus,,2013,-6.48031760121023
Cyprus,,2012,-4.90738549673117
Cyprus,,2011,-2.1129375771815
Cyprus,,2010,-0.357614019094044
Cyprus,,2009,-4.61048255739776
Cyprus,,2008,1.07674041142521
Cyprus,,2007,2.88426389868701
Cyprus,,2006,2.98125084368819
Cyprus,,2005,3.35375226035941
Cyprus,,2004,3.63073785684536
Cyprus,,2003,1.38363254964506
Cyprus,,2002,2.54108667123634
Cyprus,,2001,2.83811951306716
Cyprus,,2000,4.84416050602792
Cyprus,,1999,3.82959819557441
Cyprus,,1998,4.81777679624574
Cyprus,,1997,1.19626199107205
Cyprus,,1996,-0.352429769131803
Cyprus,,1995,6.41553956973846
Cyprus,,1994,3.73220287690552
Cyprus,,1993,-1.70263122109378
Cyprus,,1992,6.52783779751871
Cyprus,,1991,-1.83474308662072
Cyprus,,1990,5.13997001219491
Cyprus,,1989,6.41951308866611
Cyprus,,1988,7.50078629746844
Cyprus,,1987,5.90727258493816
Cyprus,,1986,2.52140537633036
Cyprus,,1985,3.61523782627688
Cyprus,,1984,7.35775195023427
Cyprus,,1983,4.7150443523613
Cyprus,,1982,4.77450967139947
Cyprus,,1981,0.828828672231708
Cyprus,,1980,4.61063602710614
Cyprus,,1979,9.05434830861364
Cyprus,,1978,7.37835387901976
Cyprus,,1977,16.3479757119071
Cyprus,,1976,21.2448705756902
Czechia,,2025,2.75148320535214
Czechia,,2024,0.870762995860048
Czechia,,2023,-1.71985869478267
Czechia,,2022,1.24409473190281
Czechia,,2021,5.93106968937249
Czechia,,2020,-5.53491969820153
Czechia,,2019,3.15874802851988
Czechia,,2018,2.48698770067625
Czechia,,2017,4.8945501951199
Czechia,,2016,2.3840542545404
Czechia,,2015,4.75262406436026
Czechia,,2014,2.13762755318902
Czechia,,2013,-0.0749629946207335
Czechia,,2012,-0.909418387644408
Czechia,,2011,1.56218619113156
Czechia,,2010,2.41582948883936
Czechia,,2009,-5.33917399896316
Czechia,,2008,1.76470872925512
Czechia,,2007,4.87504670244317
Czechia,,2006,6.33483268224242
Czechia,,2005,6.22798628216121
Czechia,,2004,4.70446820099657
Czechia,,2003,3.33040637361914
Czechia,,2002,1.7094695893478
Czechia,,2001,3.30462712952885
Czechia,,2000,4.3027395227283
Czechia,,1999,1.4819978336992
Czechia,,1998,-0.298733210762791
Czechia,,1997,-0.48866001797569
Czechia,,1996,4.28988759442122
Czechia,,1995,6.28655461872729
Czechia,,1994,2.87214353749437
Czechia,,1993,-0.0420531080889361
Czechia,,1992,-0.608213629619769
Czechia,,1991,-11.4025060254434
Denmark,,2025,2.3772870123953
Denmark,,2024,2.95776259160623
Denmark,,2023,-0.138322294600371
Denmark,,2022,-0.344058639271637
Denmark,,2021,6.03966577353796
Denmark,,2020,-2.06613837683189
Denmark,,2019,1.34779245340653
Denmark,,2018,1.35619600199787
Denmark,,2017,2.39559065097636
Denmark,,2016,2.27180151789635
Denmark,,2015,1.38566632188861
Denmark,,2014,0.765766155124069
Denmark,,2013,0.970845909690212
Denmark,,2012,-0.380977125445526
Denmark,,2011,0.894526404293345
Denmark,,2010,1.13266938250023
Denmark,,2009,-5.48158280998165
Denmark,,2008,-1.00055940971312
Denmark,,2007,0.540321532272571
Denmark,,2006,3.47585987311464
Denmark,,2005,2.07801485327876
Denmark,,2004,2.51108744805822
Denmark,,2003,0.168251992521974
Denmark,,2002,0.13609648331196
Denmark,,2001,0.588959728591007
Denmark,,2000,3.37790720232864
Denmark,,1999,2.62716376228171
Denmark,,1998,1.95536592147863
Denmark,,1997,2.74063896703012
Denmark,,1996,2.31508116508303
Denmark,,1995,2.50262818967406
Denmark,,1994,4.93970794392429
Denmark,,1993,-0.411249992824509
Denmark,,1992,1.68600814422976
Denmark,,1991,1.1952189616914
Denmark,,1990,1.49524829012768
Denmark,,1989,0.636785441701889
Denmark,,1988,0.224236933429594
Denmark,,1987,0.335785646373267
Denmark,,1986,4.59344206518372
Denmark,,1985,4.11088238008001
Denmark,,1984,4.39400889972002
Denmark,,1983,2.72531731589652
Denmark,,1982,3.96848147503196
Denmark,,1981,-0.712787651436997
Denmark,,1980,-0.872046504442324
Denmark,,1979,3.7980268048252
Denmark,,1978,2.09938385951698
Denmark,,1977,1.66829531304036
Denmark,,1976,5.72732123458806
Denmark,,1975,-1.69369478529879
Denmark,,1974,-1.42430005031177
Denmark,,1973,4.08838515008192
Denmark,,1972,3.20557957964051
Denmark,,1971,2.46332872865116
Denmark,,1970,1.09350098028396
Denmark,,1969,6.21015842819288
Denmark,,1968,5.21048795550377
Denmark,,1967,5.05468553455073
Denmark,,1966,1.91919797827072
Denmark,,1965,3.74368491253287
Denmark,,1964,8.40011926059461
Denmark,,1963,-0.152610068385613
Denmark,,1962,4.84744688156285
Denmark,,1961,5.63874349296383
Djibouti,,2025,5.11452662845488
Djibouti,,2024,5.53622497099775
Djibouti,,2023,5.33919577490653
Djibouti,,2022,3.70080389886223
Djibouti,,2021,2.91169899255628
Djibouti,,2020,-0.306867602824667
Djibouti,,2019,3.91378440928256
Djibouti,,2018,3.10861540140996
Djibouti,,2017,3.73971530980459
Djibouti,,2016,5.33331529745931
Djibouti,,2015,5.45836831293627
Djibouti,,2014,5.28018025983934
Dominica,,2025,3.57496672818243
Dominica,,2024,2.52288551933697
Dominica,,2023,4.14467889969342
Dominica,,2022,11.0179611001056
Dominica,,2021,5.96160559948913
Dominica,,2020,-15.323436855213
Dominica,,2019,4.3983147374291
Dominica,,2018,3.45033107598908
Dominica,,2017,-6.04609004192379
Dominica,,2016,2.6190351438682
Dominica,,2015,-3.42415928778391
Dominica,,2014,1.37836503321573
Dominica,,2013,-0.851878257402049
Dominica,,2012,-0.2512858516139
Dominica,,2011,-0.238324807305119
Dominica,,2010,-0.0983573113798997
Dominica,,2009,-1.15010790521457
Dominica,,2008,7.11042175462228
Dominica,,2007,5.29519443966164
Dominica,,2006,4.29152770069501
Dominica,,2005,0.790489438557572
Dominica,,2004,3.91890401306556
Dominica,,2003,5.5517552208191
Dominica,,2002,-3.19940574714551
Dominica,,2001,0.262506178015016
Dominica,,2000,2.8764856526242
Dominica,,1999,0.724194338825384
Dominica,,1998,4.0369538099694
Dominica,,1997,2.34930373458376
Dominica,,1996,3.1918365192295
Dominica,,1995,3.0427308230102
Dominica,,1994,-0.0288746186022735
Dominica,,1993,2.00251375869615
Dominica,,1992,1.98673248763679
Dominica,,1991,1.83186797642074
Dominica,,1990,6.21436795036516
Dominica,,1989,0.45620630412111
Dominica,,1988,8.45031747886911
Dominica,,1987,6.88083722710458
Dominica,,1986,7.58018788266652
Dominica,,1985,1.86199208214235
Dominica,,1984,4.6434766110028
Dominica,,1983,3.01407635769644
Dominica,,1982,4.55457723388749
Dominica,,1981,10.9766257302428
Dominica,,1980,13.1908047871058
Dominica,,1979,-18.62224909723
Dominica,,1978,10.052406431878
Dominican Republic,,2025,1.293661274082
Dominican Republic,,2024,4.06915239840208
Dominican Republic,,2023,1.28564825764879
Dominican Republic,,2022,4.2328919676722
Dominican Republic,,2021,12.8319080410071
Dominican Republic,,2020,-8.88467221699831
Dominican Republic,,2019,3.81572682273033
Dominican Republic,,2018,5.95314205477773
Dominican Republic,,2017,2.80931921775627
Dominican Republic,,2016,5.54040978660888
Dominican Republic,,2015,5.76452490966611
Dominican Republic,,2014,5.84760695663518
Dominican Republic,,2013,3.66423400861591
Dominican Republic,,2012,1.50210074555162
Dominican Republic,,2011,1.89038252427819
Dominican Republic,,2010,7.02231182986095
Dominican Republic,,2009,-0.268926599782176
Dominican Republic,,2008,2.00088270726057
Dominican Republic,,2007,6.11794398001162
Dominican Republic,,2006,7.81376318948548
Dominican Republic,,2005,8.00660714348427
Dominican Republic,,2004,1.18538383413113
Dominican Republic,,2003,-2.75964568450404
Dominican Republic,,2002,2.9290209406912
Dominican Republic,,2001,0.870183146599885
Dominican Republic,,2000,2.96955695961634
Dominican Republic,,1999,4.25234098357188
Dominican Republic,,1998,4.95595590327112
Dominican Republic,,1997,7.01862158352682
Dominican Republic,,1996,4.05142622944865
Dominican Republic,,1995,3.73796115811189
Dominican Republic,,1994,0.644106083307577
Dominican Republic,,1993,5.28712763371406
Dominican Republic,,1992,9.03255738016968
Dominican Republic,,1991,-1.11194103186752
Dominican Republic,,1990,-7.42253842418627
Dominican Republic,,1989,2.21539132123172
Dominican Republic,,1988,0.0218847754761811
Dominican Republic,,1987,7.79925636612437
Dominican Republic,,1986,1.30378450277615
Dominican Republic,,1985,-4.27424270185108
Dominican Republic,,1984,-1.02994061516465
Dominican Republic,,1983,2.24282496835141
Dominican Republic,,1982,-0.648782133718242
Dominican Republic,,1981,1.80250555730879
Dominican Republic,,1980,5.34262179623968
Dominican Republic,,1979,1.95428616342619
Dominican Republic,,1978,-0.415491865184109
Dominican Republic,,1977,2.31471836049224
Dominican Republic,,1976,3.97508145591705
Dominican Republic,,1975,2.4298225377941
Dominican Republic,,1974,3.15523820385775
Dominican Republic,,1973,9.81868573884464
Dominican Republic,,1972,7.36491664077927
Dominican Republic,,1971,7.8095721748908
Dominican Republic,,1970,14.9411974682653
Dominican Republic,,1969,7.78417731017196
Dominican Republic,,1968,-2.61266920995595
Dominican Republic,,1967,0.332269289415009
Dominican Republic,,1966,10.1974866239212
Dominican Republic,,1965,-15.0185757034423
Dominican Republic,,1964,3.58168615235215
Dominican Republic,,1963,3.28696812168607
Dominican Republic,,1962,13.4582979902958
Dominican Republic,,1961,-5.35100129947251
Ecuador,,2025,2.85021075952048
Ecuador,,2024,-2.7842885423931
Ecuador,,2023,0.948258262430642
Ecuador,,2022,5.0282959697896
Ecuador,,2021,8.57789544186942
Ecuador,,2020,-10.3108339169142
Ecuador,,2019,-1.51253154807527
Ecuador,,2018,-0.674558960176682
Ecuador,,2017,4.36195467405905
Ecuador,,2016,-2.12550882201938
Ecuador,,2015,-1.30274985042635
Ecuador,,2014,2.74412306472649
Ecuador,,2013,5.61780573490684
Ecuador,,2012,4.11233799510666
Ecuador,,2011,6.71524931054121
Ecuador,,2010,2.2990259381485
Ecuador,,2009,-0.618743696364604
Ecuador,,2008,4.76318326284088
Ecuador,,2007,0.176823126136227
Ecuador,,2006,2.56360111087805
Ecuador,,2005,3.59103374682795
Ecuador,,2004,4.9766254911447
Ecuador,,2003,1.08541692667872
Ecuador,,2002,3.10935393746668
Ecuador,,2001,2.41820763888565
Ecuador,,2000,-0.648225387551591
Ecuador,,1999,-6.41692756074212
Ecuador,,1998,1.4116455525819
Ecuador,,1997,2.41860087252594
Ecuador,,1996,-0.166942955094115
Ecuador,,1995,0.326536599281397
Ecuador,,1994,2.26037167910633
Ecuador,,1993,-0.0759415801517349
Ecuador,,1992,-0.0134164931923948
Ecuador,,1991,2.06266435124181
Ecuador,,1990,1.38509528648214
Ecuador,,1989,-1.27279227457497
Ecuador,,1988,3.44155915017861
Ecuador,,1987,-2.63848968143327
Ecuador,,1986,0.919413934576909
Ecuador,,1985,1.29651813173118
Ecuador,,1984,-0.0251234212967688
Ecuador,,1983,-2.91985970406022
Ecuador,,1982,-2.00691549275766
Ecuador,,1981,2.82948762101213
Ecuador,,1980,0.952627019811672
Ecuador,,1979,0.958252303834328
Ecuador,,1978,2.84629822867481
Ecuador,,1977,-1.17470503063848
Ecuador,,1976,4.42416712071815
Ecuador,,1975,7.85921266778445
Ecuador,,1974,8.04934364582815
Ecuador,,1973,10.6789981468617
Ecuador,,1972,1.97791939698682
Ecuador,,1971,3.19664986715802
Ecuador,,1970,3.74408619498435
Ecuador,,1969,1.5939932983338
Ecuador,,1968,-1.08867427568094
Ecuador,,1967,1.54865788647022
Ecuador,,1966,-3.25405407209202
Ecuador,,1965,0.275625276060424
Ecuador,,1964,4.31632845999789
Ecuador,,1963,-0.801582911510138
Ecuador,,1962,1.96244334429009
Ecuador,,1961,2.19841221373321
Egypt,,2025,2.78005160543854
Egypt,,2024,0.639636335125445
Egypt,,2023,2.02315842412948
Egypt,,2022,5.01555864975533
Egypt,,2021,1.76220484274864
Egypt,,2020,1.88111976012442
Egypt,,2019,3.71584088502073
Egypt,,2018,3.35166753239859
Egypt,,2017,2.12015477140174
Egypt,,2016,2.24497375695228
Egypt,,2015,2.2041585800734
Egypt,,2014,0.599558564662246
Egypt,,2013,-0.14323388106547
Egypt,,2012,-0.042967018335915
Egypt,,2011,-0.354646268621011
Egypt,,2010,3.14977851159885
Egypt,,2009,2.7155259211155
Egypt,,2008,5.17381069982021
Egypt,,2007,5.08546727843067
Egypt,,2006,4.77751297925985
Egypt,,2005,2.38032461730565
Egypt,,2004,1.96524683769799
Egypt,,2003,1.05358246795282
Egypt,,2002,0.258696269362616
Egypt,,2001,1.35955211640928
Egypt,,2000,4.09609057659976
Egypt,,1999,3.71403670912393
Egypt,,1998,3.29389108583953
Egypt,,1997,3.32846450125051
Egypt,,1996,2.83434543777562
Egypt,,1995,2.46357101461021
Egypt,,1994,1.75753283456244
Egypt,,1993,0.55376389998851
Egypt,,1992,2.00607720448467
Egypt,,1991,-1.62451619436897
Egypt,,1990,2.61630325467065
Egypt,,1989,2.10322476608667
Egypt,,1988,2.56957149459862
Egypt,,1987,0.992647870187866
Egypt,,1986,1.7925166270004
Egypt,,1985,2.68952214719384
Egypt,,1984,6.490132739744
Egypt,,1983,2.06209605252883
Egypt,,1982,6.92219589567003
Egypt,,1981,4.50284337961513
Egypt,,1980,7.17838246169202
Egypt,,1979,1.96639478092861
Egypt,,1978,5.99491983460854
Egypt,,1977,6.45293627261285
Egypt,,1976,10.6602169070771
Egypt,,1975,6.40124367025298
Egypt,,1974,-0.761728936896915
Egypt,,1973,1.15304427498042
Egypt,,1972,0.710927875139689
Egypt,,1971,1.68044196747962
Egypt,,1970,3.12088049511445
Egypt,,1969,2.74715073736938
Egypt,,1968,-3.99804501955977
Egypt,,1967,-1.66762140746077
Egypt,,1966,2.44632089168518
Egypt,,1965,2.27569981183935
Egypt,,1964,8.64303260452279
Egypt,,1963,7.65044443289365
Egypt,,1962,1.17722365013691
Egypt,,1961,2.47723455139828
El Salvador,,2025,3.46015288359463
El Salvador,,2024,2.12804375011343
El Salvador,,2023,2.87505531109322
El Salvador,,2022,2.55236385314032
El Salvador,,2021,11.5271594106656
El Salvador,,2020,-8.07562588564387
El Salvador,,2019,2.39613321946494
El Salvador,,2018,2.30913946286621
El Salvador,,2017,2.0380895055328
El Salvador,,2016,2.25589267443243
El Salvador,,2015,2.05686593954016
El Salvador,,2014,1.31071422282479
El Salvador,,2013,1.82154176742195
El Salvador,,2012,2.42155666583095
El Salvador,,2011,3.43396823026714
El Salvador,,2010,1.81801613607789
El Salvador,,2009,-2.41599153160278
El Salvador,,2008,1.82447186659891
El Salvador,,2007,1.72041607620905
El Salvador,,2006,4.39364908718933
El Salvador,,2005,2.66532259162382
El Salvador,,2004,0.787383831431995
El Salvador,,2003,1.36275661190544
El Salvador,,2002,1.25783126943534
El Salvador,,2001,0.462204790046101
El Salvador,,2000,0.626535379070958
El Salvador,,1999,1.58990630941676
El Salvador,,1998,2.02033395877885
El Salvador,,1997,2.44459286819176
El Salvador,,1996,0.0620554724499129
El Salvador,,1995,3.86158381842201
El Salvador,,1994,3.69954329248556
El Salvador,,1993,4.4283085085419
El Salvador,,1992,5.28734272506964
El Salvador,,1991,-0.267045668925647
El Salvador,,1990,2.87694943624557
El Salvador,,1989,-1.0012323906666
El Salvador,,1988,-0.149099217112905
El Salvador,,1987,0.50182407492801
El Salvador,,1986,-1.77325101840664
El Salvador,,1985,-1.37348572944155
El Salvador,,1984,-0.579001391831696
El Salvador,,1983,-0.292072197122607
El Salvador,,1982,-7.35997019822435
El Salvador,,1981,-6.34428486688417
El Salvador,,1980,-16.9489476313547
El Salvador,,1979,-6.02536272841628
El Salvador,,1978,3.09704720524282
El Salvador,,1977,4.52229806713721
El Salvador,,1976,2.80718498963427
El Salvador,,1975,0.656013863718584
El Salvador,,1974,2.94148956739086
El Salvador,,1973,2.43221586974261
El Salvador,,1972,3.65393675644722
El Salvador,,1971,1.40583563493118
El Salvador,,1970,0.386271474352867
El Salvador,,1969,0.715996767967326
El Salvador,,1968,0.401605988776652
El Salvador,,1967,2.50212618310157
El Salvador,,1966,4.18185348511599
Equatorial Guinea,,2025,-8.07696238295122
Equatorial Guinea,,2024,-1.98923228918052
Equatorial Guinea,,2023,-9.62995914700062
Equatorial Guinea,,2022,0.661786258781987
Equatorial Guinea,,2021,-1.56652040015599
Equatorial Guinea,,2020,-7.35874657366674
Equatorial Guinea,,2019,-8.52391282041842
Equatorial Guinea,,2018,-9.37041905185943
Equatorial Guinea,,2017,-8.94053555047577
Equatorial Guinea,,2016,-12.0971098998986
Equatorial Guinea,,2015,-12.4917142663428
Equatorial Guinea,,2014,-3.43058595312914
Equatorial Guinea,,2013,-7.8885603944365
Equatorial Guinea,,2012,3.98800386782088
Equatorial Guinea,,2011,1.99905762799257
Equatorial Guinea,,2010,-13.0151718370352
Equatorial Guinea,,2009,-3.22046029526918
Equatorial Guinea,,2008,12.5326733451216
Equatorial Guinea,,2007,10.1968975693747
Equatorial Guinea,,2006,3.03105558195507
Equatorial Guinea,,2005,10.9012034435108
Equatorial Guinea,,2004,30.0162976688723
Equatorial Guinea,,2003,7.24786542705019
Equatorial Guinea,,2002,12.258597420866
Equatorial Guinea,,2001,53.2356880825419
Equatorial Guinea,,2000,12.1516339606444
Equatorial Guinea,,1999,20.8161079369241
Equatorial Guinea,,1998,19.0314989040498
Equatorial Guinea,,1997,140.490577857747
Equatorial Guinea,,1996,60.3410922687992
Equatorial Guinea,,1995,13.1414865232391
Equatorial Guinea,,1994,12.4030083731601
Equatorial Guinea,,1993,6.99994947988674
Equatorial Guinea,,1992,29.8508862868735
Equatorial Guinea,,1991,-4.63031817511198
Equatorial Guinea,,1990,-5.37648309315803
Equatorial Guinea,,1989,-4.93885696360292
Equatorial Guinea,,1988,-1.34423283943052
Equatorial Guinea,,1987,0.0385112236216827
Equatorial Guinea,,1986,-6.95933815288996
Equatorial Guinea,,1985,6.8585331073261
Equatorial Guinea,,1984,-4.93416067286991
Equatorial Guinea,,1983,-1.47925250730012
Equatorial Guinea,,1982,-3.813396497729
Equatorial Guinea,,1981,0.674385038428667
Eritrea,,2011,6.74798297853228
Eritrea,,2010,0.205918877679608
Eritrea,,2009,1.3025781558331
Eritrea,,2008,-12.1248431632963
Eritrea,,2007,-0.04176960463559
Eritrea,,2006,-2.51821345546691
Eritrea,,2005,0.14882340502966
Eritrea,,2004,-2.6238903510386
Eritrea,,2003,-6.59492016605172
Eritrea,,2002,-0.47685782309577
Eritrea,,2001,5.69571154371637
Eritrea,,2000,-4.61837133772084
Eritrea,,1999,-1.44917603320451
Eritrea,,1998,0.452407592557293
Eritrea,,1997,6.72181364621743
Eritrea,,1996,3.96150472866739
Eritrea,,1995,-2.79691785991288
Eritrea,,1994,17.5536356070169
Eritrea,,1993,9.95466994106025
Estonia,,2025,1.01609649856567
Estonia,,2024,-0.239652154313688
Estonia,,2023,-4.26634480137913
Estonia,,2022,-2.53754963208853
Estonia,,2021,8.14019436008853
Estonia,,2020,-3.07548007766944
Estonia,,2019,3.3419636171697
Estonia,,2018,3.33940936378892
Estonia,,2017,5.50685731354206
Estonia,,2016,3.06301090349199
Estonia,,2015,1.77141701957223
Estonia,,2014,3.59411590769302
Estonia,,2013,2.1192820000981
Estonia,,2012,4.04377186018716
Estonia,,2011,7.93414724975237
Estonia,,2010,2.68366165094633
Estonia,,2009,-14.4654981470721
Estonia,,2008,-4.87057915292706
Estonia,,2007,8.06276601408268
Estonia,,2006,10.4117043601584
Estonia,,2005,10.1516023275001
Estonia,,2004,7.44108988454812
Estonia,,2003,8.27372395680648
Estonia,,2002,7.61250041092767
Estonia,,2001,6.55731967784041
Estonia,,2000,9.55642258870186
Estonia,,1999,-0.717824690967987
Estonia,,1998,5.34690225116847
Estonia,,1997,14.3472160464527
Estonia,,1996,6.50278220805234
Estonia,,1995,6.40966163293852
Estonia,,1994,0.483688045374222
Estonia,,1993,-3.28244543285909
Estonia,,1992,-19.71743228716
Estonia,,1991,-7.5366963113602
Eswatini,,2025,3.08642991125257
Eswatini,,2024,2.01061156828082
Eswatini,,2023,2.55749887128813
Eswatini,,2022,-0.628894036514311
Eswatini,,2021,3.03852368946784
Eswatini,,2020,-3.9978006899122
Eswatini,,2019,5.4445627805287
Eswatini,,2018,-0.853481330729949
Eswatini,,2017,2.74440888521023
Eswatini,,2016,2.34965752297238
Eswatini,,2015,1.12454682394791
Eswatini,,2014,1.49073514248317
Eswatini,,2013,3.53016648859264
Eswatini,,2012,3.53199247160502
Eswatini,,2011,1.27643647351354
Eswatini,,2010,3.21763655344279
Eswatini,,2009,0.784947122409747
Eswatini,,2008,0.758242258979109
Eswatini,,2007,3.71813879735403
Eswatini,,2006,6.19597048349081
Eswatini,,2005,5.4163606626928
Eswatini,,2004,2.99348109442741
Eswatini,,2003,3.82725927049805
Eswatini,,2002,3.26561899934499
Eswatini,,2001,0.48113089277777
Eswatini,,2000,0.721283694963475
Eswatini,,1999,1.83935005060023
Eswatini,,1998,1.29408471726158
Eswatini,,1997,1.38270951133504
Eswatini,,1996,1.80600301535019
Eswatini,,1995,4.90979822588127
Eswatini,,1994,2.41186788898422
Eswatini,,1993,0.144296327259056
Eswatini,,1992,-0.628243374154323
Eswatini,,1991,-2.24655656867003
Eswatini,,1990,16.2146112334514
Eswatini,,1989,7.78953833281142
Eswatini,,1988,1.77470059191013
Eswatini,,1987,10.2434100292503
Eswatini,,1986,7.90427711581066
Eswatini,,1985,0.0573666967944746
Eswatini,,1984,2.75819408945894
Eswatini,,1983,-2.06965855785583
Eswatini,,1982,-2.13462947065915
Eswatini,,1981,10.8937107950975
Eswatini,,1980,8.7842674432935
Eswatini,,1979,-0.242964668882166
Eswatini,,1978,-1.9566594547284
Eswatini,,1977,-2.17165556923189
Eswatini,,1976,-5.04783086923946
Eswatini,,1975,10.6135170537485
Eswatini,,1974,2.75128092343779
Eswatini,,1973,6.00326070864843
Eswatini,,1972,2.5713370801552
Eswatini,,1971,10.7400566660821
Ethiopia,,2025,7.00658189199632
Ethiopia,,2024,4.868199776186
Ethiopia,,2023,3.85475024935491
Ethiopia,,2022,2.59539967724329
Ethiopia,,2021,2.85565763143852
Ethiopia,,2020,3.22311599681393
Ethiopia,,2019,5.48664147824387
Ethiopia,,2018,3.97407545942133
Ethiopia,,2017,6.61862070026751
Ethiopia,,2016,6.5099145630674
Ethiopia,,2015,7.4680767605293
Ethiopia,,2014,7.33861859355025
Ethiopia,,2013,7.61661454720691
Ethiopia,,2012,5.64374376946701
Ethiopia,,2011,8.06141676362226
Ethiopia,,2010,9.4043448666486
Ethiopia,,2009,5.7563855983106
Ethiopia,,2008,7.62786742867665
Ethiopia,,2007,8.23770708038126
Ethiopia,,2006,7.62653694970021
Ethiopia,,2005,8.5508986289875
Ethiopia,,2004,10.221815108184
Ethiopia,,2003,-5.07288652380292
Ethiopia,,2002,-1.52885894017255
Ethiopia,,2001,5.06530432457272
Ethiopia,,2000,2.86806618904541
Ethiopia,,1999,1.92717241678638
Ethiopia,,1998,-6.44288564763505
Ethiopia,,1997,-0.119280615629108
Ethiopia,,1996,8.77685691778561
Ethiopia,,1995,2.57532696159824
Ethiopia,,1994,-0.340437448684114
Ethiopia,,1993,9.23479849541557
Ethiopia,,1992,-12.4354814898344
Ethiopia,,1991,-11.073793028812
Ethiopia,,1990,-1.00646889295157
Ethiopia,,1989,-4.11569691071389
Ethiopia,,1988,-3.34518199788337
Ethiopia,,1987,10.0451187324464
Ethiopia,,1986,6.4669208610524
Ethiopia,,1985,-13.6118695750355
Ethiopia,,1984,-5.34331479454821
Ethiopia,,1983,5.25379811066873
Ethiopia,,1982,-2.92602346701005
Ethiopia,,1981,1.79300842573353
Ethiopia,,1980,5.83727167777019
Ethiopia,,1979,-2.55675410685249
Ethiopia,,1978,1.01221130170914
Ethiopia,,1977,0.765606087529463
Ethiopia,,1976,-2.34815489377294
Ethiopia,,1975,-1.19852341461873
Ethiopia,,1974,0.63658536181066
Ethiopia,,1973,2.34969399999395
Ethiopia,,1972,1.47906696670439
Ethiopia,,1971,3.65482353629109
Ethiopia,,1970,0.669468375168321
Ethiopia,,1969,-1.36262412612159
Ethiopia,,1968,1.30452908796784
Ethiopia,,1967,1.35005724435382
Ethiopia,,1966,4.49669529872392
Ethiopia,,1965,2.96970335866082
Ethiopia,,1964,1.38597692696713
Ethiopia,,1963,1.85932914425273
Ethiopia,,1962,1.73003249839019
Fiji,,2025,2.7121998383011
Fiji,,2024,3.01375309468594
Fiji,,2023,8.88313429271439
Fiji,,2022,17.3979446832272
Fiji,,2021,-4.52835673234897
Fiji,,2020,-17.1893281212242
Fiji,,2019,-0.334080345193271
Fiji,,2018,3.99107234875937
Fiji,,2017,5.40003471633406
Fiji,,2016,2.38011648097762
Fiji,,2015,4.38823289212192
Fiji,,2014,5.46160981322221
Fiji,,2013,4.57032170520452
Fiji,,2012,1.19749999071976
Fiji,,2011,2.41603454017945
Fiji,,2010,2.59506259774236
Fiji,,2009,-1.80343317505495
Fiji,,2008,0.410201054333271
Fiji,,2007,-1.67524879277953
Fiji,,2006,0.938932462650172
Fiji,,2005,-0.214470375987901
Fiji,,2004,4.32692550982252
Fiji,,2003,0.0396498820572191
Fiji,,2002,2.18333221669403
Fiji,,2001,0.957064567258897
Fiji,,2000,-2.7615422573721
Fiji,,1999,7.54827853396347
Fiji,,1998,0.0533657238103586
Fiji,,1997,-3.20552942628481
Fiji,,1996,4.14248235876835
Fiji,,1995,1.98990255046905
Fiji,,1994,4.51788064455776
Fiji,,1993,1.48097014412023
Fiji,,1992,5.33128434112055
Fiji,,1991,-3.49122667830866
Fiji,,1990,4.84299288693262
Fiji,,1989,6.36974338132228
Fiji,,1988,-0.129653527725225
Fiji,,1987,-8.01279609457407
Fiji,,1986,5.48430709502567
Fiji,,1985,-6.85988398988809
Fiji,,1984,5.80389016068183
Fiji,,1983,-6.24627958621996
Fiji,,1982,-8.20443486404298
Fiji,,1981,3.82388831918723
Fiji,,1980,-3.91985081216323
Fiji,,1979,9.58042147488989
Fiji,,1978,-0.514056394706557
Fiji,,1977,3.73014554818107
Fiji,,1976,1.04686121670258
Fiji,,1975,-0.939061210463947
Fiji,,1974,1.10648886205634
Fiji,,1973,9.87188002319283
Fiji,,1972,5.65421628597389
Fiji,,1971,4.92689627106711
Fiji,,1970,10.4980418392872
Fiji,,1969,0.46980791377112
Fiji,,1968,5.5613295801646
Fiji,,1967,10.5375333832798
Fiji,,1966,-2.85968587033157
Fiji,,1965,-5.6344435168931
Fiji,,1964,1.66270755995397
Fiji,,1963,3.06944385100989
Fiji,,1962,0.446440451487049
Fiji,,1961,0.412843178740047
Finland,,2025,-0.297135625498385
Finland,,2024,-0.268412367688029
Finland,,2023,-1.7812611103802
Finland,,2022,0.489394588644501
Finland,,2021,2.46373050011893
Finland,,2020,-2.63099855258851
Finland,,2019,1.23812097519217
Finland,,2018,1.05884315705418
Finland,,2017,3.06123169296772
Finland,,2016,2.27754373131673
Finland,,2015,0.136127693741741
Finland,,2014,-0.888801631577977
Finland,,2013,-1.43490157636175
Finland,,2012,-1.99029082999297
Finland,,2011,1.91685338301681
Finland,,2010,2.69737665062684
Finland,,2009,-8.51460466433139
Finland,,2008,0.316320525705208
Finland,,2007,4.86572137220107
Finland,,2006,3.62113497225309
Finland,,2005,2.42615653951086
Finland,,2004,3.70383750334673
Finland,,2003,1.76883520334854
Finland,,2002,1.44115409187744
Finland,,2001,2.40682902219235
Finland,,2000,5.53441379935349
Finland,,1999,4.14725721747845
Finland,,1998,5.17468891307571
Finland,,1997,6.0817680309835
Finland,,1996,3.32316149378687
Finland,,1995,3.83730925871322
Finland,,1994,3.51720000799041
Finland,,1993,-1.25873640874413
Finland,,1992,-3.85315295201346
Finland,,1991,-6.39324877557392
Finland,,1990,0.246189467799468
Finland,,1989,4.70524079224481
Finland,,1988,4.92566165562631
Finland,,1987,3.2677223490077
Finland,,1986,2.42189739820009
Finland,,1985,3.10912028736855
Finland,,1984,2.67642028755743
Finland,,1983,2.49118633716598
Finland,,1982,2.51075017566549
Finland,,1981,0.858289195872345
Finland,,1980,5.06171430168345
Finland,,1979,6.84849432651143
Finland,,1978,2.62462588673449
Finland,,1977,-0.0405058466502908
Finland,,1976,0.0423518733126258
Finland,,1975,1.35402497022343
Finland,,1974,2.69745817246852
Finland,,1973,6.37797931862636
Finland,,1972,7.09615283779395
Finland,,1971,2.22782448344215
Finland,,1970,7.87821448499177
Finland,,1969,9.65690484186067
Finland,,1968,1.84500604022597
Finland,,1967,1.61702896137881
Finland,,1966,1.9898463319431
Finland,,1965,4.9523896986162
Finland,,1964,4.65485272386081
Finland,,1963,2.55747230154148
Finland,,1962,2.28404922193957
Finland,,1961,6.84796496609353
France,,2025,0.593421268268841
France,,2024,0.925700761599856
France,,2023,1.16054609449012
France,,2022,2.20208858513766
France,,2021,6.50155219757207
France,,2020,-7.74056751254994
France,,2019,1.68870844116209
France,,2018,1.28216603702126
France,,2017,1.78779549384231
France,,2016,0.594243752389232
France,,2015,0.708030590350688
France,,2014,0.519383764691739
France,,2013,0.26214454973659
France,,2012,-0.299598729272304
France,,2011,1.94433505424516
France,,2010,1.49872466177408
France,,2009,-3.32212444604225
France,,2008,-0.178410661195599
France,,2007,1.89856745333175
France,,2006,2.00131130247657
France,,2005,1.1253537135494
France,,2004,2.11736543407739
France,,2003,0.257866805308325
France,,2002,0.335619014023663
France,,2001,1.1593271284506
France,,2000,3.42869029655284
France,,1999,2.86728569454124
France,,1998,3.06997018708124
France,,1997,2.16193589623612
France,,1996,1.03528502888366
France,,1995,1.93291761763854
France,,1994,2.00092888436674
France,,1993,-0.791444096179944
France,,1992,1.01174283165568
France,,1991,0.729685951027619
France,,1990,2.268451182731
France,,1989,3.78375169549521
France,,1988,4.21003285861991
France,,1987,1.99730005194385
France,,1986,1.86751539834408
France,,1985,1.06265235277525
France,,1984,1.11432810235115
France,,1983,0.717848547478113
France,,1982,2.06907254844478
France,,1981,0.589285105722027
France,,1980,1.13499020458092
France,,1979,3.2316775733437
France,,1978,3.47919733278744
France,,1977,3.07125680600552
France,,1976,3.89596423761951
France,,1975,-1.41569324890409
France,,1974,3.72619321259258
France,,1973,5.33972143582457
France,,1972,3.60082793884236
France,,1971,4.30591766355121
France,,1970,5.23806196732815
France,,1969,6.21456747145352
France,,1968,3.74594449516368
France,,1967,3.95225786940368
France,,1966,4.25656125851283
France,,1965,3.83774871392582
France,,1964,5.4524483404827
France,,1963,5.04387858193047
France,,1962,5.78849953083436
France,,1961,3.86638337263079
Gabon,,2025,0.331924216765373
Gabon,,2024,1.188352816788
Gabon,,2023,0.210978858234995
Gabon,,2022,0.747533658746065
Gabon,,2021,-0.845244788994776
Gabon,,2020,-4.15528083286725
Gabon,,2019,1.38257599119697
Gabon,,2018,-1.68804743568779
Gabon,,2017,-2.16361774149249
Gabon,,2016,-0.79183198007
Gabon,,2015,0.693296575495864
Gabon,,2014,0.869784891054778
Gabon,,2013,1.98480609519432
Gabon,,2012,1.552307854364
Gabon,,2011,3.35937600321799
Gabon,,2010,3.45835073677657
Gabon,,2009,-3.14683049052138
Gabon,,2008,-6.37298501256997
Gabon,,2007,2.74524486560748
Gabon,,2006,-5.6960834287439
Gabon,,2005,-0.262443845603784
Gabon,,2004,-2.09108844494591
Gabon,,2003,-0.505326252378111
Gabon,,2002,-2.88501235798608
Gabon,,2001,-0.517762468580202
Gabon,,2000,-4.3871748201515
Gabon,,1999,-11.2242968907633
Gabon,,1998,0.890580320643267
Gabon,,1997,3.10492993236622
Gabon,,1996,1.03427662418945
Gabon,,1995,2.31093356602501
Gabon,,1994,1.03021807065934
Gabon,,1993,1.21485157056252
Gabon,,1992,-5.6624500156035
Gabon,,1991,3.26931010464506
Gabon,,1990,2.34828480298293
Gabon,,1989,5.58336886293019
Gabon,,1988,9.74962687560345
Gabon,,1987,-19.4129351524125
Gabon,,1986,-3.50442324294255
Gabon,,1985,-4.98060710396314
Gabon,,1984,4.6072617988707
Gabon,,1983,2.78001473821359
Gabon,,1982,-5.66358482333102
Gabon,,1981,2.36039014784252
Gabon,,1980,-0.052581559372797
Gabon,,1979,-2.02307676685317
Gabon,,1978,-25.8924340069708
Gabon,,1977,-14.642379758211
Gabon,,1976,32.5368667286073
Gabon,,1975,16.5791519988371
Gabon,,1974,36.5375169763232
Gabon,,1973,7.91707186937249
Gabon,,1972,9.07566258873671
Gabon,,1971,7.992832685908
Gabon,,1970,6.38663679338678
Gabon,,1969,6.04105445128017
Gabon,,1968,0.869934044084914
Gabon,,1967,2.51674633823917
Gabon,,1966,2.97090871496344
Gabon,,1965,6.81613592850623
Gabon,,1964,3.15594802056076
Gabon,,1963,4.73436938676342
Gabon,,1962,6.14195985787087
Gabon,,1961,13.4492519943536
Gambia,,2025,3.56273284761694
Gambia,,2024,3.1747025023372
Gambia,,2023,3.50722689105484
Gambia,,2022,3.07381399019251
Gambia,,2021,2.79304588389131
Gambia,,2020,-1.7631871131438
Gambia,,2019,3.74848295956672
Gambia,,2018,4.66787430455537
Gambia,,2017,2.20807546707253
Gambia,,2016,-0.701007891119758
Gambia,,2015,1.25137248146628
Gambia,,2014,-4.17258609769029
Gambia,,2013,-0.0966163079995681
Gambia,,2012,2.18645897140155
Gambia,,2011,-10.7772609082744
Gambia,,2010,2.87350950500529
Gambia,,2009,3.61238687182772
Gambia,,2008,3.21187607038
Gambia,,2007,0.0963372438063175
Gambia,,2006,-3.35221701800941
Gambia,,2005,-5.03011452953602
Gambia,,2004,4.16456397721086
Gambia,,2003,4.0302689250437
Gambia,,2002,-5.81287900613223
Gambia,,2001,2.97441795005224
Gambia,,2000,2.65021456237223
Gambia,,1999,3.48466497383448
Gambia,,1998,0.636396539831622
Gambia,,1997,1.96357415868005
Gambia,,1996,-0.690360718985545
Gambia,,1995,-2.07739136660906
Gambia,,1994,-3.01711393290937
Gambia,,1993,-0.696495507138579
Gambia,,1992,-0.7383852538714
Gambia,,1991,-1.13578611453352
Gambia,,1990,-0.696506329267095
Gambia,,1989,1.58212533454316
Gambia,,1988,0.269474369671656
Gambia,,1987,-1.62495397995868
Gambia,,1986,-0.000878849775020285
Gambia,,1985,-4.65135850423313
Gambia,,1984,-0.365477667828969
Gambia,,1983,6.86783211691481
Gambia,,1982,-4.21535683397065
Gambia,,1981,-0.202478175106037
Gambia,,1980,2.67789181651716
Gambia,,1979,-4.5722265062187
Gambia,,1978,2.91659838653831
Gambia,,1977,0.219473240434368
Gambia,,1976,4.11765068352071
Gambia,,1975,9.10842435560156
Gambia,,1974,2.80641509450734
Gambia,,1973,6.07571685129933
Gambia,,1972,-2.64297196359607
Gambia,,1971,-2.89740684949869
Gambia,,1970,3.18355214691137
Gambia,,1969,-0.413907463477386
Gambia,,1968,6.54928086056582
Gambia,,1967,-2.71435334767477
Georgia,,2025,4.09646855399109
Georgia,,2024,6.88825844146292
Georgia,,2023,7.74568551727566
Georgia,,2022,10.8422088053808
Georgia,,2021,11.0650780067831
Georgia,,2020,-6.35478715206467
Georgia,,2019,5.56167165873158
Georgia,,2018,6.10344745087359
Georgia,,2017,5.14582677562736
Georgia,,2016,3.38835328316745
Georgia,,2015,3.18839294862944
Georgia,,2014,4.04162752314514
Georgia,,2013,5.44978265548417
Georgia,,2012,7.36675215463949
Georgia,,2011,8.8036288733672
Georgia,,2010,7.02428366897674
Georgia,,2009,-2.79118104819281
Georgia,,2008,2.7332346709434
Georgia,,2007,13.1643509520424
Georgia,,2006,10.0452966712851
Georgia,,2005,10.2895785214873
Georgia,,2004,6.44984993877193
Georgia,,2003,11.8096106867876
Georgia,,2002,6.42465284351501
Georgia,,2001,6.44578529290918
Georgia,,2000,3.84018024327052
Georgia,,1999,5.00558453773334
Georgia,,1998,5.68429106346969
Georgia,,1997,14.1232447418547
Georgia,,1996,15.3128352453698
Georgia,,1995,6.52521433798374
Georgia,,1994,-9.00820164687457
Georgia,,1993,-29.8414533345514
Georgia,,1992,-45.3248837559735
Georgia,,1991,-21.652946447153
Georgia,,1990,-14.7657166211898
Georgia,,1989,-7.43723179966314
Georgia,,1988,4.51547691173728
Georgia,,1987,0.448766891959991
Georgia,,1986,-8.98763779625877
Georgia,,1985,4.02522934899925
Georgia,,1984,4.5315677189254
Georgia,,1983,3.38897302522059
Georgia,,1982,1.14247059836754
Georgia,,1981,4.40661367296103
Georgia,,1980,3.69867612947934
Georgia,,1979,6.58296833746965
Georgia,,1978,6.80418882269677
Georgia,,1977,6.16815917602653
Georgia,,1976,5.33721073796755
Georgia,,1975,6.59086640762749
Georgia,,1974,7.86898577673144
Georgia,,1973,5.5488624770874
Georgia,,1972,1.80205558935668
Georgia,,1971,1.41043474879019
Georgia,,1970,10.9750442932288
Georgia,,1969,3.80071619599029
Georgia,,1968,3.51240036502595
Georgia,,1967,5.21596210398758
Georgia,,1966,6.31302004310241
Georgia,,1965,9.11237538043233
Georgia,,1964,3.95314302001827
Georgia,,1963,2.67821230245555
Georgia,,1962,3.52806103163068
Georgia,,1961,3.2236940862677
Germany,,2025,0.270006343901656
Germany,,2024,-0.769070552658818
Germany,,2023,-0.999929288913975
Germany,,2022,1.83161439976671
Germany,,2021,3.86602720371127
Germany,,2020,-4.21020011825779
Germany,,2019,0.750266426253219
Germany,,2018,0.832212527052548
Germany,,2017,2.4144426920242
Germany,,2016,1.40038690062336
Germany,,2015,0.786705244581157
Germany,,2014,1.75510660613023
Germany,,2013,0.12338547838786
Germany,,2012,0.275091009850499
Germany,,2011,5.69928311502757
Germany,,2010,4.29429269623485
Germany,,2009,-5.30491661723096
Germany,,2008,1.07991595041742
Germany,,2007,3.0267913002332
Germany,,2006,3.98390753495501
Germany,,2005,0.942782582208039
Germany,,2004,1.18405124273107
Germany,,2003,-0.584856140854797
Germany,,2002,-0.395859338643859
Germany,,2001,1.46530767364665
Germany,,2000,2.73729010710275
Germany,,1999,2.06358047476192
Germany,,1998,2.08015247927638
Germany,,1997,1.70540495204754
Germany,,1996,0.745819197608739
Germany,,1995,1.20710412450657
Germany,,1994,2.24160813771532
Germany,,1993,-1.62189255701904
Germany,,1992,1.24089739849393
Germany,,1991,4.34522003553894
Germany,,1990,4.35163907238731
Germany,,1989,3.09618001325789
Germany,,1988,3.30286374223702
Germany,,1987,1.24649964678072
Germany,,1986,2.24053503516963
Germany,,1985,2.55688354526657
Germany,,1984,3.17898722012832
Germany,,1983,1.83903415602119
Germany,,1982,-0.300057777160561
Germany,,1981,0.376242518401
Germany,,1980,1.19869391626099
Germany,,1979,4.10433133910932
Germany,,1978,3.09818166076312
Germany,,1977,3.58143707197259
Germany,,1976,5.40021216950142
Germany,,1975,-0.496434276997888
Germany,,1974,0.850760282845769
Germany,,1973,4.44801721617243
Germany,,1972,3.80247597428654
Germany,,1971,2.94365020816905
Germany,,1970,4.75408790195095
Germany,,1969,6.56966308529672
Germany,,1968,5.19988913817238
Germany,,1967,-0.784914858236817
Germany,,1966,1.95772159468103
Germany,,1965,4.35005055069382
Germany,,1964,5.78431913043119
Germany,,1963,1.78848585022484
Germany,,1962,3.70741300558251
Germany,,1961,3.49857628356122
Ghana,,2025,4.03001049809495
Ghana,,2024,3.88131865617211
Ghana,,2023,1.19022304482641
Ghana,,2022,1.83051244958061
Ghana,,2021,3.03800270044563
Ghana,,2020,-1.46830801654092
Ghana,,2019,4.39063133478864
Ghana,,2018,4.01895338314475
Ghana,,2017,5.78094585817396
Ghana,,2016,1.04704406736222
Ghana,,2015,-0.208325820413904
Ghana,,2014,0.452244093941871
Ghana,,2013,4.75796338524816
Ghana,,2012,6.67974740594653
Ghana,,2011,11.3370417824575
Ghana,,2010,5.30617508163762
Ghana,,2009,2.26068893513001
Ghana,,2008,6.41466992518754
Ghana,,2007,1.69171777527903
Ghana,,2006,3.66950804093835
Ghana,,2005,3.15861099530474
Ghana,,2004,2.83982995857866
Ghana,,2003,2.39760659496866
Ghana,,2002,1.6652639048673
Ghana,,2001,1.26692433665509
Ghana,,2000,1.12706117579829
Ghana,,1999,1.882232640083
Ghana,,1998,2.18441521078265
Ghana,,1997,1.74682048999631
Ghana,,1996,2.18761953564251
Ghana,,1995,1.68402714615945
Ghana,,1994,0.846121792203618
Ghana,,1993,2.2924206369743
Ghana,,1992,1.32904577852237
Ghana,,1991,2.6620471162506
Ghana,,1990,0.725670862009096
Ghana,,1989,2.49321568909531
Ghana,,1988,3.12064353509851
Ghana,,1987,2.41951445422532
Ghana,,1986,2.90923690293133
Ghana,,1985,2.85582116960212
Ghana,,1984,5.8786494701893
Ghana,,1983,-7.39109617124427
Ghana,,1982,-9.58926890135842
Ghana,,1981,-6.17650794838094
Ghana,,1980,-2.4242388246859
Ghana,,1979,-5.44695212886333
Ghana,,1978,5.2300908922422
Ghana,,1977,-0.696657028068174
Ghana,,1976,-6.26728026026291
Ghana,,1975,-14.9307065571164
Ghana,,1974,3.79769903143396
Ghana,,1973,-0.0430027197385101
Ghana,,1972,-5.19376048717281
Ghana,,1971,2.34442387239848
Ghana,,1970,6.82937239126346
Ghana,,1969,3.38780366072469
Ghana,,1968,-2.04471136962684
Ghana,,1967,0.615684860926422
Ghana,,1966,-6.53387677338354
Ghana,,1965,-1.03407959340102
Ghana,,1964,-0.194917692932407
Ghana,,1963,1.9421078355863
Ghana,,1962,1.63024715880111
Ghana,,1961,0.520685688130399
Greece,,2025,1.9865406569992
Greece,,2024,2.10832570957629
Greece,,2023,2.43478151693941
Greece,,2022,6.85973802216606
Greece,,2021,9.9750809262257
Greece,,2020,-9.00116455331775
Greece,,2019,2.38497557963629
Greece,,2018,2.27195132202993
Greece,,2017,1.67402014860588
Greece,,2016,0.384851865059588
Greece,,2015,0.431225575747547
Greece,,2014,1.46585655106406
Greece,,2013,-1.56089629701783
Greece,,2012,-7.83408943355501
Greece,,2011,-9.74334160929287
Greece,,2010,-5.81520524166056
Greece,,2009,-4.37113631022572
Greece,,2008,-0.2077841521306
Greece,,2007,3.24351376995932
Greece,,2006,6.12419382696766
Greece,,2005,0.887221298370648
Greece,,2004,5.11746949484984
Greece,,2003,5.54464686570202
Greece,,2002,4.30010645802261
Greece,,2001,4.10776514479092
Greece,,2000,3.71272971778744
Greece,,1999,2.26587246758952
Greece,,1998,2.86526159290254
Greece,,1997,3.09310260480891
Greece,,1996,0.936690833341629
Greece,,1995,1.62382495931472
Greece,,1994,1.4905588001274
Greece,,1993,-2.177150507638
Greece,,1992,-0.0662990265129082
Greece,,1991,1.86983417669462
Greece,,1990,-1.05223289834684
Greece,,1989,3.25972956504248
Greece,,1988,3.90977732680273
Greece,,1987,-2.58512327400537
Greece,,1986,0.185737959143879
Greece,,1985,2.11229485279974
Greece,,1984,1.5036721676605
Greece,,1983,-1.65240252612271
Greece,,1982,-1.74025233828002
Greece,,1981,-2.43246106938695
Greece,,1980,-0.306898946794945
Greece,,1979,2.00245698792281
Greece,,1978,5.86527270850065
Greece,,1977,1.6103014763606
Greece,,1976,5.20508290337798
Greece,,1975,5.37305616389978
Greece,,1974,-6.78208597785962
Greece,,1973,7.6026087327164
Greece,,1972,9.44639200384898
Greece,,1971,7.37432668812667
Greece,,1970,8.68228782483666
Greece,,1969,11.1567355618472
Greece,,1968,6.50858572029323
Greece,,1967,4.81239682140054
Greece,,1966,5.71167202770717
Greece,,1965,10.2510619000191
Greece,,1964,9.01366253990649
Greece,,1963,11.4308113206522
Greece,,1962,-0.231360587355027
Greece,,1961,12.3097924164889
Greenland,,2023,0.504111002291438
Greenland,,2022,1.99015372527471
Greenland,,2021,1.12101711638257
Greenland,,2020,-0.00176247850131972
Greenland,,2019,2.46273159433217
Greenland,,2018,0.89068474112419
Greenland,,2017,0.0776647739674274
Greenland,,2016,4.54780858066064
Greenland,,2015,-2.2149188822392
Greenland,,2014,5.09192733313645
Greenland,,2013,-0.726861643140481
Greenland,,2012,1.53697694464276
Greenland,,2011,-1.11918135533512
Greenland,,2010,1.35611976495977
Greenland,,2009,0.874906570700134
Greenland,,2008,6.59397874864722
Greenland,,2007,2.7505908652024
Greenland,,2006,5.85316581553596
Greenland,,2005,4.91926419216257
Greenland,,2004,6.6303821324005
Greenland,,2003,4.14298316488345
Greenland,,2002,-1.3491298806964
Greenland,,2001,0.920568578995386
Greenland,,2000,6.93956723449121
Greenland,,1999,1.37788444524006
Greenland,,1998,7.56589978093101
Greenland,,1997,1.28773186957511
Greenland,,1996,1.34801010307754
Greenland,,1995,3.17099642734178
Greenland,,1994,5.35180564040296
Greenland,,1993,-4.85588178273935
Greenland,,1992,-4.76852354057402
Greenland,,1991,0.0665111452330365
Greenland,,1990,-12.1958664414579
Greenland,,1989,5.69517301118323
Greenland,,1988,4.25465947606716
Greenland,,1987,4.34564061934091
Greenland,,1986,6.49677699893094
Greenland,,1985,2.68217381664971
Greenland,,1984,-6.25916445763262
Greenland,,1983,2.26577078784958
Greenland,,1982,-5.3476252998743
Greenland,,1981,-0.913783637050457
Greenland,,1980,7.37708985498719
Greenland,,1979,4.01494748472481
Greenland,,1978,6.44767945608753
Greenland,,1977,9.48317955986741
Greenland,,1976,5.74601090342313
Greenland,,1975,0.443324336266386
Greenland,,1974,4.63851405344924
Greenland,,1973,5.28020885390521
Greenland,,1972,3.75915759419843
Greenland,,1971,11.1445657449118
Grenada,,2025,4.32655990102558
Grenada,,2024,2.2895660616781
Grenada,,2023,4.37658936970584
Grenada,,2022,7.10371866166386
Grenada,,2021,4.38638000986352
Grenada,,2020,-14.0234896211443
Grenada,,2019,0.424779227477273
Grenada,,2018,4.13321655238465
Grenada,,2017,4.16002295455056
Grenada,,2016,3.33052048330798
Grenada,,2015,5.9402683055354
Grenada,,2014,6.73549593358203
Grenada,,2013,1.70896295471954
Grenada,,2012,-1.76486904539074
Grenada,,2011,0.321541246692931
Grenada,,2010,-0.807153746059768
Grenada,,2009,-6.91378690534548
Grenada,,2008,0.607094088064969
Grenada,,2007,5.7518527541441
Grenada,,2006,-4.34487991607801
Grenada,,2005,12.851921344972
Grenada,,2004,-1.04641274220963
Grenada,,2003,8.98141669840049
Grenada,,2002,3.0394289508191
Grenada,,2001,-2.51021033342408
Grenada,,2000,4.18122183760816
Grenada,,1999,6.17920960237524
Grenada,,1998,10.998703794283
Grenada,,1997,4.30836321717575
Grenada,,1996,3.72423125640337
Grenada,,1995,1.4107174227084
Grenada,,1994,0.948143796818869
Grenada,,1993,-2.70574496205592
Grenada,,1992,-1.64061570247593
Grenada,,1991,0.544631077893825
Grenada,,1990,3.14269241499387
Grenada,,1989,2.91661783057491
Grenada,,1988,2.1477328986426
Grenada,,1987,8.27409896955282
Grenada,,1986,6.44228583808339
Grenada,,1985,5.30376510555253
Grenada,,1984,2.97198524446046
Grenada,,1983,3.01589624320235
Grenada,,1982,3.75909908912337
Grenada,,1981,2.05885058584063
Grenada,,1980,0.466833198772321
Grenada,,1979,6.50338936129995
Grenada,,1978,6.12020991433408
Guatemala,,2025,2.70911437104778
Guatemala,,2024,2.12927868150834
Guatemala,,2023,1.94237600245772
Guatemala,,2022,2.70050703837425
Guatemala,,2021,6.56016056249786
Guatemala,,2020,-3.2200765703051
Guatemala,,2019,2.44813678390565
Guatemala,,2018,1.69836286934826
Guatemala,,2017,1.22202113190455
Guatemala,,2016,0.803225593316299
Guatemala,,2015,2.20204590469615
Guatemala,,2014,2.48328491110885
Guatemala,,2013,1.68864483006772
Guatemala,,2012,0.944366952930409
Guatemala,,2011,2.10758860221354
Guatemala,,2010,0.865525448373077
Guatemala,,2009,-1.50524953899686
Guatemala,,2008,1.1948125938613
Guatemala,,2007,4.12107602558113
Guatemala,,2006,3.14600619827499
Guatemala,,2005,1.06472255613932
Guatemala,,2004,0.87051616698119
Guatemala,,2003,0.276550484041408
Guatemala,,2002,1.48647617022837
Guatemala,,2001,0.00856424754331897
Guatemala,,2000,1.17641998878537
Guatemala,,1999,1.26683252082374
Guatemala,,1998,2.34123862089682
Guatemala,,1997,1.72822661280783
Guatemala,,1996,0.326032377839908
Guatemala,,1995,2.20828318179657
Guatemala,,1994,1.29965096299168
Guatemala,,1993,1.19079545990648
Guatemala,,1992,2.08938748174239
Guatemala,,1991,0.887968720143007
Guatemala,,1990,0.255295713828147
Guatemala,,1989,1.0590639145982
Guatemala,,1988,1.02339774619576
Guatemala,,1987,0.7275544115315
Guatemala,,1986,-2.60067871575764
Guatemala,,1985,-3.38239620330064
Guatemala,,1984,-2.28271607874382
Guatemala,,1983,-4.92782022785646
Guatemala,,1982,-5.72314750851997
Guatemala,,1981,-1.84861350564529
Guatemala,,1980,1.16733656692607
Guatemala,,1979,2.12568875120938
Guatemala,,1978,2.43608961413142
Guatemala,,1977,5.46642394006444
Guatemala,,1976,5.09505037358169
Guatemala,,1975,-0.504202378586612
Guatemala,,1974,3.7150125647928
Guatemala,,1973,4.05819826505287
Guatemala,,1972,4.60426042931157
Guatemala,,1971,2.88830048714645
Guatemala,,1970,2.96802062749457
Guatemala,,1969,1.96820747863111
Guatemala,,1968,5.80682576487671
Guatemala,,1967,1.22848744358532
Guatemala,,1966,2.5480403569337
Guatemala,,1965,1.39268261709906
Guatemala,,1964,1.63794158215431
Guatemala,,1963,6.37786429691099
Guatemala,,1962,0.514884616909825
Guatemala,,1961,1.24530465223171
Guinea,,2025,4.9925479076793
Guinea,,2024,2.8559023366217
Guinea,,2023,2.9750250246767
Guinea,,2022,1.423063279934
Guinea,,2021,2.96921009369555
Guinea,,2020,2.06694997562413
Guinea,,2019,2.9464024435663
Guinea,,2018,3.68700873912611
Guinea,,2017,7.51589992127235
Guinea,,2016,8.01216245351651
Guinea,,2015,1.2305341257089
Guinea,,2014,1.15630967477851
Guinea,,2013,1.4353219620192
Guinea,,2012,3.34759058991902
Guinea,,2011,3.02826048764469
Guinea,,2010,2.26713039266406
Guinea,,2009,-3.50758302722751
Guinea,,2008,1.64417388168144
Guinea,,2007,4.37307821452357
Guinea,,2006,-0.903894697466356
Guinea,,2005,0.957366356559277
Guinea,,2004,0.172593565879879
Guinea,,2003,-0.996648465303707
Guinea,,2002,3.5387047162788
Guinea,,2001,2.30947074547048
Guinea,,2000,0.512194741763963
Guinea,,1999,1.51180792814343
Guinea,,1998,1.71255766162007
Guinea,,1997,3.04206463987209
Guinea,,1996,1.5470699360467
Guinea,,1995,1.72503947546996
Guinea,,1994,0.899451721316183
Guinea,,1993,1.89332581267254
Guinea,,1992,0.0269116593674852
Guinea,,1991,-1.41305426376472
Guinea,,1990,0.7803800084003
Guinea,,1989,1.3391090418754
Guinea,,1988,3.56332433959545
Guinea,,1987,0.681986046103418
Guinea,,1986,0.598439369166186
Guinea,,1985,2.56175473405239
Guinea,,1984,-0.825607744651649
Guinea,,1983,-0.819462073871208
Guinea,,1982,-0.224948721204498
Guinea,,1981,-1.26559140721663
Guinea,,1980,0.809803805678413
Guinea,,1979,-2.8299793263661
Guinea,,1978,5.1164171100655
Guinea,,1977,-4.84482707404506
Guinea,,1976,6.25336070785937
Guinea,,1975,1.25511798294684
Guinea,,1974,3.54558722025355
Guinea,,1973,-0.12384695735058
Guinea,,1972,0.558272824751313
Guinea,,1971,3.48686077388692
Guinea-Bissau,,2025,3.55252971991914
Guinea-Bissau,,2024,2.13196464119618
Guinea-Bissau,,2023,2.30744059429175
Guinea-Bissau,,2022,3.11934051229805
Guinea-Bissau,,2021,2.69206006657852
Guinea-Bissau,,2020,0.563114253614899
Guinea-Bissau,,2019,2.89045755858285
Guinea-Bissau,,2018,1.32710524004433
Guinea-Bissau,,2017,2.14454305364472
Guinea-Bissau,,2016,2.81765698941554
Guinea-Bissau,,2015,3.4407197814937
Guinea-Bissau,,2014,-1.65358336592615
Guinea-Bissau,,2013,0.543365078897963
Guinea-Bissau,,2012,-4.29238918450449
Guinea-Bissau,,2011,5.28027330014127
Guinea-Bissau,,2010,2.91052833964689
Guinea-Bissau,,2009,-0.124226604498276
Guinea-Bissau,,2008,1.92082759963192
Guinea-Bissau,,2007,0.0376503174978779
Guinea-Bissau,,2006,0.220591080099751
Guinea-Bissau,,2005,4.08995783100083
Guinea-Bissau,,2004,-1.13385031185746
Guinea-Bissau,,2003,-2.51633136885211
Guinea-Bissau,,2002,1.40014043705072
Guinea-Bissau,,2001,2.58170548418317
Guinea-Bissau,,2000,-0.908641384543557
Guinea-Bissau,,1999,14.6207205646875
Guinea-Bissau,,1998,-23.8778523409397
Guinea-Bissau,,1997,4.48886786202216
Guinea-Bissau,,1996,9.29819236395304
Guinea-Bissau,,1995,1.79752507182782
Guinea-Bissau,,1994,0.0543794271908382
Guinea-Bissau,,1993,-1.21630081950958
Guinea-Bissau,,1992,-1.83295371146548
Guinea-Bissau,,1991,2.88417399037313
Guinea-Bissau,,1990,4.36956798137795
Guinea-Bissau,,1989,4.35771565563357
Guinea-Bissau,,1988,2.91240714696819
Guinea-Bissau,,1987,1.26401277309395
Guinea-Bissau,,1986,-2.36319832198365
Guinea-Bissau,,1985,2.52131358114698
Guinea-Bissau,,1984,7.38932318959114
Guinea-Bissau,,1983,-4.92031162411782
Guinea-Bissau,,1982,2.56152196118961
Guinea-Bissau,,1981,16.3259296889596
Guinea-Bissau,,1980,-16.9089615330147
Guinea-Bissau,,1979,-1.51066925857776
Guinea-Bissau,,1978,5.99506197213906
Guinea-Bissau,,1977,-13.126641191981
Guinea-Bissau,,1976,-1.59102995282194
Guinea-Bissau,,1975,1.61175083743888
Guinea-Bissau,,1974,1.05937438618955
Guinea-Bissau,,1973,0.054461661597216
Guinea-Bissau,,1972,6.30250814489514
Guinea-Bissau,,1971,-4.2089606403342
Guyana,,2025,18.6366832712208
Guyana,,2024,43.0000558343687
Guyana,,2023,33.0314424322445
Guyana,,2022,62.1110713145037
Guyana,,2021,18.8820438552858
Guyana,,2020,43.5123463015091
Guyana,,2019,3.25156178245531
Guyana,,2018,1.39604562755792
Guyana,,2017,3.06887182440371
Guyana,,2016,3.15936322443832
Guyana,,2015,0.0833711927134857
Guyana,,2014,1.1191644103188
Guyana,,2013,3.13748133371095
Guyana,,2012,5.25728662587919
Guyana,,2011,5.63372747844741
Guyana,,2010,4.53289275994231
Guyana,,2009,3.95757174257776
Guyana,,2008,2.05930009878752
Guyana,,2007,7.48935908253156
Guyana,,2006,5.39944024794079
Guyana,,2005,-1.7571567715639
Guyana,,2004,1.65433601876252
Guyana,,2003,-0.560476505993833
Guyana,,2002,1.24188408073948
Guyana,,2001,2.32701717600905
Guyana,,2000,-1.40881252207762
Guyana,,1999,2.83934433431648
Guyana,,1998,-1.85177439532187
Guyana,,1997,5.94120905202725
Guyana,,1996,7.65203166896895
Guyana,,1995,4.67607346167401
Guyana,,1994,8.12217163524447
Guyana,,1993,7.73635100621053
Guyana,,1992,7.46331259893695
Guyana,,1991,6.34617596741059
Guyana,,1990,-2.42492513734094
Guyana,,1989,-4.31230716594843
Guyana,,1988,-3.12849581057885
Guyana,,1987,1.42467770126129
Guyana,,1986,-0.464646324045503
Guyana,,1985,2.74928348562644
Guyana,,1984,-4.81035981891441
Guyana,,1983,-6.69376014189534
Guyana,,1982,-13.2190818398298
Guyana,,1981,1.22348875608769
Guyana,,1980,1.16831242953531
Guyana,,1979,-2.53375398482802
Guyana,,1978,-2.56802025770915
Guyana,,1977,-3.46014743359075
Guyana,,1976,0.610970510557053
Guyana,,1975,7.41535459732319
Guyana,,1974,6.54723978628201
Guyana,,1973,0.0631533283582684
Guyana,,1972,-4.51746286986877
Guyana,,1971,1.67220344612645
Guyana,,1970,2.40358930572417
Guyana,,1969,4.81442154544305
Guyana,,1968,-1.04434666125492
Guyana,,1967,2.16139177070897
Guyana,,1966,3.04017720261236
Guyana,,1965,8.21507788896072
Guyana,,1964,8.99127668800487
Guyana,,1963,-14.1635784367185
Guyana,,1962,-1.08421136057522
Guyana,,1961,2.27700446180523
Haiti,,2025,-3.80407652802471
Haiti,,2024,-5.28498956953727
Haiti,,2023,-2.99212843762332
Haiti,,2022,-2.7846808475344
Haiti,,2021,-2.92695804339543
Haiti,,2020,-4.49816442182016
Haiti,,2019,-2.98683711868885
Haiti,,2018,0.326678559605597
Haiti,,2017,1.12394427912376
Haiti,,2016,0.398402974127237
Haiti,,2015,-0.0454395053176881
Haiti,,2014,1.39231187945737
Haiti,,2013,2.767509667507
Haiti,,2012,-1.04324222181728
Haiti,,2011,3.91514494215959
Haiti,,2010,-6.7459038549499
Haiti,,2009,4.15489282064615
Haiti,,2008,0.961802640900089
Haiti,,2007,2.95569722727539
Haiti,,2006,0.0540583442750062
Haiti,,2005,1.35443141019209
Haiti,,2004,-2.98301062977993
Haiti,,2003,1.6820034644329
Haiti,,2002,-0.729374655833098
Haiti,,2001,-2.14318391327505
Haiti,,2000,-0.974737113523176
Haiti,,1999,0.830848511128352
Haiti,,1998,0.293961772099124
Haiti,,1997,0.785892869122677
Haiti,,1996,2.18145500226173
Haiti,,1995,7.82292405059231
Haiti,,1994,-13.6308577536038
Haiti,,1993,-7.26639617990007
Haiti,,1992,-7.18236675047231
Haiti,,1991,-0.173086383540081
Haiti,,1990,-1.02129198833929
Haiti,,1989,-4.88827222197391
Haiti,,1988,-1.8258071813457
Haiti,,1987,-2.77929250001687
Haiti,,1986,-2.47081729725178
Haiti,,1985,-1.37293043186439
Haiti,,1984,-1.65138144860573
Haiti,,1983,-1.04448158918315
Haiti,,1982,-5.41799845238262
Haiti,,1981,-4.70667593294452
Haiti,,1980,5.33021546878007
Haiti,,1979,5.50962970305662
Haiti,,1978,4.18195071593199
Haiti,,1977,1.7292971958742
Haiti,,1976,6.3680212027663
Haiti,,1975,-0.806656541529165
Haiti,,1974,3.76967206097778
Haiti,,1973,2.77250975787311
Haiti,,1972,-0.923847857919483
Haiti,,1971,4.49381128538218
Haiti,,1970,-1.21176570396263
Haiti,,1969,1.89499761598593
Haiti,,1968,1.27921745915867
Haiti,,1967,-3.9123073581486
Haiti,,1966,-2.39711484184353
Haiti,,1965,0.285462309531511
Haiti,,1964,-3.38315800607256
Haiti,,1963,-3.6148307247875
Haiti,,1962,5.93166998350294
Haiti,,1961,-4.67585608432115
Honduras,,2025,2.05319699380316
Honduras,,2024,1.90114546136495
Honduras,,2023,1.8148973269289
Honduras,,2022,2.41184551052402
Honduras,,2021,10.7029903655951
Honduras,,2020,-10.5484174868395
Honduras,,2019,0.71936151617345
Honduras,,2018,1.96196872528638
Honduras,,2017,2.92107278326836
Honduras,,2016,1.96051068302054
Honduras,,2015,1.88202222037501
Honduras,,2014,1.0812751128465
Honduras,,2013,0.777167217053545
Honduras,,2012,2.04382616957031
Honduras,,2011,1.71164194817371
Honduras,,2010,1.5491216313325
Honduras,,2009,-4.54399131651867
Honduras,,2008,1.9188349629601
Honduras,,2007,3.77627878562679
Honduras,,2006,4.08321335137572
Honduras,,2005,3.50707975469855
Honduras,,2004,3.61570269241076
Honduras,,2003,1.89850421782039
Honduras,,2002,1.0499116620788
Honduras,,2001,-0.0161960531288656
Honduras,,2000,6.65751930552896
Honduras,,1999,8.68151278100157
Honduras,,1998,8.65940439144504
Honduras,,1997,19.0501939908756
Honduras,,1996,19.5352794658227
Honduras,,1995,21.1904166793107
Honduras,,1994,25.4117087794371
Honduras,,1993,10.4560243401441
Honduras,,1992,5.98144324223323
Honduras,,1991,22.5215769207179
Honduras,,1990,17.7981216590449
Honduras,,1989,4.15988520006844
Honduras,,1988,4.58628398956711
Honduras,,1987,-1.1054612255073
Honduras,,1986,2.55721179627952
Honduras,,1985,1.67848139012632
Honduras,,1984,-0.607016567175762
Honduras,,1983,3.86205567729425
Honduras,,1982,1.30734480578889
Honduras,,1981,4.05480109599748
Honduras,,1980,9.64336022608687
Honduras,,1979,8.15138580271351
Honduras,,1978,9.49719349689526
Honduras,,1977,5.34632625078287
Honduras,,1976,12.5328583675997
Honduras,,1975,2.23954575475487
Honduras,,1974,6.29183974557081
Honduras,,1973,1.3409542265296
Honduras,,1972,0.795822295796228
Honduras,,1971,1.55728519470162
Honduras,,1970,1.87357331135374
Honduras,,1969,-2.03639499670592
Honduras,,1968,-4.01389463289011
Honduras,,1967,0.802325752453555
Honduras,,1966,-3.93183400465689
Honduras,,1965,-0.321000605632065
Honduras,,1964,-1.30939968375499
Honduras,,1963,-1.56531172281366
Honduras,,1962,-0.663034857377269
Honduras,,1961,-1.17281759792066
Hungary,,2025,1.01465440483528
Hungary,,2024,1.0263093874987
Hungary,,2023,-0.683845867847779
Hungary,,2022,4.43277115645731
Hungary,,2021,7.66253175353751
Hungary,,2020,-4.09730738033811
Hungary,,2019,5.2087641343076
Hungary,,2018,5.82146361803679
Hungary,,2017,4.47743568209606
Hungary,,2016,2.83749039789862
Hungary,,2015,4.03310873929586
Hungary,,2014,4.75555169835647
Hungary,,2013,2.52439305270235
Hungary,,2012,-0.828646515876528
Hungary,,2011,2.2059103447462
Hungary,,2010,1.2966366075499
Hungary,,2009,-6.59558642753552
Hungary,,2008,1.17042884387347
Hungary,,2007,0.487904817715162
Hungary,,2006,4.09589996478341
Hungary,,2005,4.50792078649896
Hungary,,2004,5.19581258967388
Hungary,,2003,4.23691963512549
Hungary,,2002,5.02871060786862
Hungary,,2001,4.30099676765016
Hungary,,2000,4.68094650632939
Hungary,,1999,3.37847426779435
Hungary,,1998,4.09002256717154
Hungary,,1997,3.18554631713963
Hungary,,1996,0.27332748929139
Hungary,,1995,1.63091759717385
Hungary,,1994,3.08816830633975
Hungary,,1993,-0.462665222231223
Hungary,,1992,-3.02623555314709
Hungary,,1991,-11.8870465986936
Hungary,,1990,-2.49449922766898
Hungary,,1989,1.83942309781308
Hungary,,1988,0.0880272066277712
Hungary,,1987,4.22597286923903
Hungary,,1986,1.70829407666389
Hungary,,1985,-0.0715154933266291
Hungary,,1984,2.86366988333917
Hungary,,1983,0.874406549004433
Hungary,,1982,2.90173341473954
Hungary,,1981,2.8597731238662
Hungary,,1980,0.134797307246657
Hungary,,1979,2.51454009615726
Hungary,,1978,4.04051994387149
Hungary,,1977,7.10127019549232
Hungary,,1976,3.03157554624526
Hungary,,1975,5.57728993586724
Hungary,,1974,5.42839435653131
Hungary,,1973,6.55604040392758
Hungary,,1972,5.78418419418779
Hungary,,1971,5.89651544123073
Hungary,,1970,4.30312298337554
Hungary,,1969,6.45461806236911
Hungary,,1968,4.49893641478727
Hungary,,1967,7.10067626356185
Hungary,,1966,7.07587919537842
Hungary,,1965,42.0160746724694
Hungary,,1964,4.37008615804926
Hungary,,1963,5.41581973500304
Hungary,,1962,5.75338938745892
Hungary,,1961,4.23594777211535
Iceland,,2025,-0.242811566226194
Iceland,,2024,-1.49818625875487
Iceland,,2023,4.03548776146962
Iceland,,2022,6.15498049883465
Iceland,,2021,3.47038527549633
Iceland,,2020,-8.14886563450268
Iceland,,2019,-1.06147505075413
Iceland,,2018,1.89500637167048
Iceland,,2017,1.08598544948268
Iceland,,2016,4.7538797362384
Iceland,,2015,2.69299660510147
Iceland,,2014,0.786303524956651
Iceland,,2013,2.6216677950663
Iceland,,2012,0.632418770513922
Iceland,,2011,1.07078538218349
Iceland,,2010,-2.0810114124051
Iceland,,2009,-8.63377662571038
Iceland,,2008,-0.174091518111624
Iceland,,2007,6.0245936124245
Iceland,,2006,3.21994147028617
Iceland,,2005,5.34851964990581
Iceland,,2004,6.68188295274432
Iceland,,2003,1.57552048232783
Iceland,,2002,-0.351156726983646
Iceland,,2001,2.46972063829026
Iceland,,2000,3.4786164080938
Iceland,,1999,2.64917861965515
Iceland,,1998,5.87066560585339
Iceland,,1997,3.29123631207055
Iceland,,1996,3.93497728292948
Iceland,,1995,-0.425046357711153
Iceland,,1994,2.7146204899408
Iceland,,1993,0.288501985344382
Iceland,,1992,-4.58053143553516
Iceland,,1991,-1.37340662912069
Iceland,,1990,0.385665647091926
Iceland,,1989,-0.975500463843204
Iceland,,1988,-1.64234779846751
Iceland,,1987,7.36317004635005
Iceland,,1986,5.49486048295211
Iceland,,1985,2.48243302554008
Iceland,,1984,3.02744364387033
Iceland,,1983,-3.43818463724148
Iceland,,1982,0.798242254387077
Iceland,,1981,3.08253419225461
Iceland,,1980,4.63406747563735
Iceland,,1979,3.83954643229265
Iceland,,1978,5.19243465986897
Iceland,,1977,8.01518324590818
Iceland,,1976,4.91254750217661
Iceland,,1975,-0.632820672976109
Iceland,,1974,4.28580040668538
Iceland,,1973,5.20631155528196
Iceland,,1972,4.63445633923996
Iceland,,1971,12.150198031174
Iceland,,1970,6.89624782428504
Iceland,,1969,1.44258861923021
Iceland,,1968,-6.7819870238112
Iceland,,1967,-2.84062457172902
Iceland,,1966,6.92452416276636
Iceland,,1965,5.45329257511193
Iceland,,1964,7.94572539248597
Iceland,,1963,8.33560901270359
Iceland,,1962,6.32579364395215
Iceland,,1961,-2.00260736970593
India,,2025,6.6165688365585
India,,2024,6.14957446128288
India,,2023,6.26741791597422
India,,2022,6.76238601728318
India,,2021,8.79093447675136
India,,2020,-6.69047102834244
India,,2019,2.79675759966057
India,,2018,5.29211971912275
India,,2017,5.5611850346496
India,,2016,6.97394690926852
India,,2015,6.71566734636781
India,,2014,6.06398074170735
India,,2013,4.97769997299568
India,,2012,4.01726735834531
India,,2011,3.76074153231241
India,,2010,6.93079780360446
India,,2009,6.31340985810947
India,,2008,1.61413451730577
India,,2007,6.05160013553237
India,,2006,6.38367720990838
India,,2005,6.17702892470105
India,,2004,6.09996522556324
India,,2003,6.00579964269848
India,,2002,1.94070548523048
India,,2001,2.88134658113091
India,,2000,1.90763005843495
India,,1999,6.79504192639435
India,,1998,4.1484948564368
India,,1997,2.02374488927428
India,,1996,5.42226141029292
India,,1995,5.43070280521438
India,,1994,4.50057521206482
India,,1993,2.57408951922086
India,,1992,3.25939544134066
India,,1991,-1.11028105492854
India,,1990,3.2235163449005
India,,1989,3.60602407711301
India,,1988,7.18812238275834
India,,1987,1.62095076252291
India,,1986,2.38574323304699
India,,1985,2.83325352794432
India,,1984,1.41351916752743
India,,1983,4.80675111968445
India,,1982,1.08860680328846
India,,1981,3.54437832488188
India,,1980,4.22047070908258
India,,1979,-7.41642471084822
India,,1978,3.306071277214
India,,1977,4.75429678592927
India,,1976,-0.700735579459177
India,,1975,6.60232102685482
India,,1974,-1.11546097149807
India,,1973,0.996957418265112
India,,1972,-2.7123915885177
India,,1971,-0.58483608965598
India,,1970,2.84864261720234
India,,1969,4.31191269233454
India,,1968,1.19038521123345
India,,1967,5.53582268678396
India,,1966,-2.17104368549663
India,,1965,-4.80310349882166
India,,1964,4.96611887025713
India,,1963,3.53649105229069
India,,1962,0.518501927079271
India,,1961,1.26664879329974
Indonesia,,2025,4.28652455694656
Indonesia,,2024,4.18121375688376
Indonesia,,2023,4.16733948268603
Indonesia,,2022,4.52447576618876
Indonesia,,2021,2.97476192227879
Indonesia,,2020,-2.89423403981894
Indonesia,,2019,4.0413041818536
Indonesia,,2018,4.15930013909383
Indonesia,,2017,4.00109865179923
Indonesia,,2016,3.91054275495577
Indonesia,,2015,3.70583428895539
Indonesia,,2014,3.77968595157438
Indonesia,,2013,4.25603923226443
Indonesia,,2012,4.67540374198676
Indonesia,,2011,4.82294276512758
Indonesia,,2010,4.89326246908787
Indonesia,,2009,3.31160021271401
Indonesia,,2008,4.64721758277069
Indonesia,,2007,4.94958392275811
Indonesia,,2006,4.11201890218061
Indonesia,,2005,4.3443558422024
Indonesia,,2004,3.7043674512371
Indonesia,,2003,3.40244595178829
Indonesia,,2002,3.09230929876641
Indonesia,,2001,2.21481343921472
Indonesia,,2000,3.4278636272189
Indonesia,,1999,-0.712606708277562
Indonesia,,1998,-14.489150562289
Indonesia,,1997,3.01090769720686
Indonesia,,1996,6.05859636441346
Indonesia,,1995,6.43541890424098
Indonesia,,1994,5.74209717065936
Indonesia,,1993,4.69961217882648
Indonesia,,1992,4.66756863412716
Indonesia,,1991,5.03614580488336
Indonesia,,1990,5.31384899911562
Indonesia,,1989,5.4609864812478
Indonesia,,1988,3.78043944270728
Indonesia,,1987,2.90852258131132
Indonesia,,1986,3.76041936038696
Indonesia,,1985,0.296454822426725
Indonesia,,1984,4.61668091109382
Indonesia,,1983,1.84400961162603
Indonesia,,1982,-0.090754298915698
Indonesia,,1981,5.42548184888216
Indonesia,,1980,7.28655857353964
Indonesia,,1979,4.75499424210342
Indonesia,,1978,4.19507348048373
Indonesia,,1977,6.12351202472207
Indonesia,,1976,4.25356942232263
Indonesia,,1975,2.35867536949112
Indonesia,,1974,4.89972082263803
Indonesia,,1973,5.30088879878147
Indonesia,,1972,4.22563067535555
Indonesia,,1971,4.16344195638443
Indonesia,,1970,4.63475401241131
Indonesia,,1969,3.90994059430751
Indonesia,,1968,7.95242809000192
Indonesia,,1967,-1.22118178852287
Indonesia,,1966,0.387144884656649
Indonesia,,1965,-1.44271070505764
Indonesia,,1964,0.615174818388283
Indonesia,,1963,-4.96028019732194
Indonesia,,1962,-0.976961856538082
Indonesia,,1961,2.83461862501213
Iran,,2025,-3.71965760617967
Iran,,2024,2.57740907930864
Iran,,2023,4.07166848852256
Iran,,2022,3.10702656058911
Iran,,2021,3.26912440288719
Iran,,2020,3.64198271829557
Iran,,2019,-3.40863263146464
Iran,,2018,-4.96761764341849
Iran,,2017,1.55521443456146
Iran,,2016,7.26636493161325
Iran,,2015,-2.75798228082138
Iran,,2014,3.58412137758084
Iran,,2013,-2.80061992960059
Iran,,2012,-4.94408603979183
Iran,,2011,1.38495950276369
Iran,,2010,4.48194624429263
Iran,,2009,-0.239219321569081
Iran,,2008,-0.959303455562093
Iran,,2007,6.40171006806331
Iran,,2006,2.76183106993244
Iran,,2005,0.931246313659614
Iran,,2004,2.12837885127104
Iran,,2003,7.44180127291611
Iran,,2002,7.19000975928768
Iran,,2001,0.823553037936534
Iran,,2000,4.29451656429561
Iran,,1999,0.560168989485433
Iran,,1998,0.68737125932347
Iran,,1997,0.14269505881002
Iran,,1996,5.20766542268932
Iran,,1995,1.27346796269859
Iran,,1994,-1.88532440370534
Iran,,1993,-1.82171593144423
Iran,,1992,1.2753229636286
Iran,,1991,9.69687907443604
Iran,,1990,10.3353954087594
Iran,,1989,3.07716065422359
Iran,,1988,-9.06498970588623
Iran,,1987,-3.68691263044988
Iran,,1986,-13.0531630994569
Iran,,1985,-1.80642412174757
Iran,,1984,-10.568069623175
Iran,,1983,6.84545893135481
Iran,,1982,16.82009817917
Iran,,1981,-10.5186777699465
Iran,,1980,-24.3887050754271
Iran,,1979,-14.9936654787792
Iran,,1978,-15.642403124076
Iran,,1977,-5.73884281725705
Iran,,1976,14.7493531427003
Iran,,1975,-3.29408122979362
Iran,,1974,2.71498847983618
Iran,,1973,4.34172024333215
Iran,,1972,11.1956007999836
Iran,,1971,10.3545296661415
Iran,,1970,7.61018311754682
Iran,,1969,12.1006509730522
Iran,,1968,11.0311107528192
Iran,,1967,7.91392784328215
Iran,,1966,8.08216098005443
Iran,,1965,13.4170811901393
Iran,,1964,5.14958008696871
Iran,,1963,3.80565406202224
Iran,,1962,4.6817182774419
Iran,,1961,7.12149860032987
Iraq,,2025,-4.19241534132514
Iraq,,2024,-3.61511900831731
Iraq,,2023,-1.72015237085384
Iraq,,2022,5.51097802059412
Iraq,,2021,-0.74745630944858
Iraq,,2020,-13.9675322715096
Iraq,,2019,3.14043943608276
Iraq,,2018,0.267762550620816
Iraq,,2017,-3.98546687274897
Iraq,,2016,11.0984155585203
Iraq,,2015,-0.153622231589026
Iraq,,2014,-1.2842545257663
Iraq,,2013,2.6646473210161
Iraq,,2012,8.88055394419878
Iraq,,2011,3.81441942451566
Iraq,,2010,3.01924651269078
Iraq,,2009,-0.359808708496018
Iraq,,2008,6.06351402987207
Iraq,,2007,2.69566336957755
Iraq,,2006,4.86652515076509
Iraq,,2005,-1.29394759634579
Iraq,,2004,49.0738525824483
Iraq,,2003,-38.5382182871903
Iraq,,2002,-11.0582696179366
Iraq,,2001,-1.35847551126994
Iraq,,2000,13.0301611362353
Iraq,,1999,13.838701148247
Iraq,,1998,30.8254376047419
Iraq,,1997,17.546269712514
Iraq,,1996,7.53308314946619
Iraq,,1995,-1.24405312442356
Iraq,,1994,-0.985588929120453
Iraq,,1993,24.1804989010671
Iraq,,1992,28.7262616647462
Iraq,,1991,-64.4235820475415
Iraq,,1990,55.872942314425
Iraq,,1989,-5.66113678617484
Iraq,,1988,-2.31190068127913
Iraq,,1987,6.34850985229411
Iraq,,1986,2.10391665862136
Iraq,,1985,-0.957028055065692
Iraq,,1984,-4.51053591606907
Iraq,,1983,-15.6181775930612
Iraq,,1982,0.564164779692348
Iraq,,1981,-3.66574052775007
Iraq,,1980,20.8838349579151
Iraq,,1979,17.042202180484
Iraq,,1978,13.1807917132737
Iraq,,1977,-1.43357241779491
Iraq,,1976,13.4026387339741
Iraq,,1975,8.82780185892848
Iraq,,1974,12.2467344179827
Iraq,,1973,0.881619183994914
Iraq,,1972,0.230885930654551
Iraq,,1971,1.7964969132364
Iraq,,1970,0.976487994854551
Iraq,,1969,-0.251028898459637
Iraq,,1968,15.4847797815927
Iraq,,1967,-11.9067160500521
Iraq,,1966,1.46254056169887
Iraq,,1965,7.08296836991325
Iraq,,1964,11.0377849092356
Iraq,,1963,-0.946584362345931
Iraq,,1962,1.50890256413578
Iraq,,1961,4.7524598534924
Ireland,,2025,10.5232551843197
Ireland,,2024,0.997438539135004
Ireland,,2023,-4.34749825420604
Ireland,,2022,5.40228269492256
Ireland,,2021,14.6467292457005
Ireland,,2020,5.80801946810749
Ireland,,2019,3.31840085150145
Ireland,,2018,6.13694267880518
Ireland,,2017,8.63259519638329
Ireland,,2016,-0.0687294094505688
Ireland,,2015,23.4520270725761
Ireland,,2014,8.58909717383906
Ireland,,2013,1.65624859275668
Ireland,,2012,-0.826164036751607
Ireland,,2011,1.166742916706
Ireland,,2010,1.13042386118924
Ireland,,2009,-6.05481156494983
Ireland,,2008,-6.41164613131696
Ireland,,2007,2.30923113199
Ireland,,2006,2.19518952781192
Ireland,,2005,3.46094094006261
Ireland,,2004,4.85345751357542
Ireland,,2003,1.34938713225839
Ireland,,2002,4.12975527664135
Ireland,,2001,3.64246980676886
Ireland,,2000,7.95480656981979
Ireland,,1999,9.2908795084814
Ireland,,1998,7.63750483455645
Ireland,,1997,9.91398623109119
Ireland,,1996,6.53331318104139
Ireland,,1995,9.07376955347061
Ireland,,1994,5.33977212868584
Ireland,,1993,2.18058988451753
Ireland,,1992,2.64060735516456
Ireland,,1991,1.34529973280557
Ireland,,1990,8.37500652483381
Ireland,,1989,6.23404021414613
Ireland,,1988,5.66837730440437
Ireland,,1987,4.65224009736855
Ireland,,1986,-0.473563330562115
Ireland,,1985,2.92073394317003
Ireland,,1984,3.70968050047422
Ireland,,1983,-0.949007340998151
Ireland,,1982,1.32102142940424
Ireland,,1981,2.12229992974457
Ireland,,1980,1.89987307568458
Ireland,,1979,1.70891306553007
Ireland,,1978,5.67669260598909
Ireland,,1977,6.75571312438012
Ireland,,1976,-0.123899984172667
Ireland,,1975,3.93244453787489
Ireland,,1974,2.54720564120487
Ireland,,1973,3.05522407658503
Ireland,,1972,4.9188564732672
Ireland,,1971,2.26644884206304
Ireland,,1970,1.8065436983636
Ireland,,1969,5.24657335984222
Ireland,,1968,7.75757196496762
Ireland,,1967,5.28820175849323
Ireland,,1966,0.491448195190131
Ireland,,1965,1.55261091037593
Ireland,,1964,3.28270125280309
Ireland,,1963,4.13510916135569
Ireland,,1962,2.7924487137243
Ireland,,1961,5.17233256992613
Israel,,2025,1.70485885012617
Israel,,2024,-0.592650786473939
Israel,,2023,-0.958016586483481
Israel,,2022,4.29299164027475
Israel,,2021,7.51180775977554
Israel,,2020,-3.51878278661184
Israel,,2019,1.62043641627767
Israel,,2018,2.06796927151525
Israel,,2017,2.34048587653075
Israel,,2016,2.50670443598923
Israel,,2015,0.230342851538737
Israel,,2014,1.74621551083156
Israel,,2013,2.16577109822916
Israel,,2012,0.536640391791892
Israel,,2011,3.58135753623301
Israel,,2010,3.63416912780745
Israel,,2009,-1.17051223143478
Israel,,2008,1.39829553388404
Israel,,2007,4.44151356230513
Israel,,2006,3.74082297657495
Israel,,2005,2.52905588156467
Israel,,2004,2.81588919584401
Israel,,2003,-0.380427550574865
Israel,,2002,-2.14374381254724
Israel,,2001,-2.06538364198205
Israel,,2000,5.75975072145897
Israel,,1999,0.691393466020145
Israel,,1998,1.74826481992427
Israel,,1997,1.05374124655664
Israel,,1996,3.10555612744525
Israel,,1995,3.79606672206604
Israel,,1994,4.68195858069014
Israel,,1993,1.38569533577682
Israel,,1992,4.09927945261595
Israel,,1991,1.43538012715297
Israel,,1990,4.04507932786228
Israel,,1989,-1.1170815697204
Israel,,1988,1.21878911953517
Israel,,1987,5.42312183773026
Israel,,1986,2.59057476501764
Israel,,1985,2.21819851636378
Israel,,1984,-0.377291773724338
Israel,,1983,1.49586787893961
Israel,,1982,0.183173325542626
Israel,,1981,3.26295140791169
Israel,,1980,-0.741543863922303
Israel,,1979,3.51474916836376
Israel,,1978,3.35244712372848
Israel,,1977,-1.20185106255538
Israel,,1976,-1.89237188835205
Israel,,1975,0.912011780230245
Israel,,1974,3.35471045705751
Israel,,1973,1.40004163809095
Israel,,1972,9.33220309544993
Israel,,1971,7.51661282018796
Israel,,1970,3.80739898876861
Israel,,1969,10.644651751515
Israel,,1968,13.8366598090146
Israel,,1967,-1.35740451897821
Israel,,1966,-2.58810788331404
Israel,,1965,5.25552907827107
Israel,,1964,3.75053242354049
Israel,,1963,6.69411239142244
Israel,,1962,4.9677781270975
Israel,,1961,7.59141753817025
Italy,,2025,0.602806059262818
Italy,,2024,0.83691071221466
Italy,,2023,0.973187605594532
Italy,,2022,5.0334454866795
Italy,,2021,9.49416108466208
Italy,,2020,-8.42323993924451
Italy,,2019,0.678246830552865
Italy,,2018,1.03718514840632
Italy,,2017,1.79499729937032
Italy,,2016,1.42884453159633
Italy,,2015,1.03826511770654
Italy,,2014,-0.0164634913490715
Italy,,2013,-2.01397031609169
Italy,,2012,-3.38984189684089
Italy,,2011,0.347491108002188
Italy,,2010,1.0811087798198
Italy,,2009,-5.85255775999181
Italy,,2008,-1.7836019705945
Italy,,2007,0.846872548383672
Italy,,2006,1.3930148978998
Italy,,2005,0.176020373979568
Italy,,2004,0.721242547682493
Italy,,2003,-0.472767256846353
Italy,,2002,0.0717374312631875
Italy,,2001,1.94399983338882
Italy,,2000,3.83504714661416
Italy,,1999,1.66088992098732
Italy,,1998,1.7750842893435
Italy,,1997,1.87180969818361
Italy,,1996,1.31710619734164
Italy,,1995,2.88520231073102
Italy,,1994,2.13021550826906
Italy,,1993,-0.913401690042861
Italy,,1992,0.765807563298623
Italy,,1991,1.4681756454128
Italy,,1990,1.90043980216616
Italy,,1989,3.31086198546745
Italy,,1988,4.14404206747851
Italy,,1987,3.18143029577409
Italy,,1986,2.85436689178144
Italy,,1985,2.76838146298121
Italy,,1984,3.20278304793516
Italy,,1983,1.13249109531979
Italy,,1982,0.339224989639675
Italy,,1981,0.723232420822413
Italy,,1980,3.21717007582888
Italy,,1979,5.65322409090419
Italy,,1978,2.87293637771593
Italy,,1977,2.1258274871025
Italy,,1976,6.59231969028866
Italy,,1975,-2.673183899107
Italy,,1974,4.81201381648005
Italy,,1973,6.40180597096933
Italy,,1972,3.10348973748525
Italy,,1971,1.3442804073937
Italy,,1970,4.75500964865194
Italy,,1969,5.49917944596076
Italy,,1968,5.87359452902072
Italy,,1967,6.40567757031445
Italy,,1966,5.16416327048856
Italy,,1965,2.40204607900051
Italy,,1964,1.95553273107379
Italy,,1963,4.8420524157996
Italy,,1962,5.48747769783873
Italy,,1961,7.48641890077582
Jamaica,,2025,0.155655214064467
Jamaica,,2024,-0.51363387005874
Jamaica,,2023,2.72311612642515
Jamaica,,2022,6.38449296229192
Jamaica,,2021,5.44605052451513
Jamaica,,2020,-8.54632871499803
Jamaica,,2019,1.69497447065874
Jamaica,,2018,2.35833186418979
Jamaica,,2017,2.08054717136154
Jamaica,,2016,2.49050959451111
Jamaica,,2015,0.605132259299552
Jamaica,,2014,0.327176684512608
Jamaica,,2013,0.111200802511547
Jamaica,,2012,-1.04151903293869
Jamaica,,2011,1.29087650393585
Jamaica,,2010,-1.87206742708895
Jamaica,,2009,-4.74232025652036
Jamaica,,2008,-1.24242279776804
Jamaica,,2007,0.952340641642138
Jamaica,,2006,2.36949906247872
Jamaica,,2005,0.33654893030193
Jamaica,,2004,0.732138408370318
Jamaica,,2003,3.03997803691765
Jamaica,,2002,1.37273149144548
Jamaica,,2001,0.704785923037818
Jamaica,,2000,0.181209199316882
Jamaica,,1999,0.265019143424567
Jamaica,,1998,-3.16642937890479
Jamaica,,1997,-2.04782575477212
Jamaica,,1996,-1.07569221177816
Jamaica,,1995,1.32934397119848
Jamaica,,1994,0.346954542208792
Jamaica,,1993,8.29096099965061
Jamaica,,1992,0.953437709168753
Jamaica,,1991,3.92158553110389
Jamaica,,1990,3.41413068657693
Jamaica,,1989,6.44098788781858
Jamaica,,1988,3.26671311953817
Jamaica,,1987,7.03155216927711
Jamaica,,1986,0.936567842364823
Jamaica,,1985,-4.04925281880678
Jamaica,,1984,-2.83493397320355
Jamaica,,1983,0.498067367545829
Jamaica,,1982,0.676546300868935
Jamaica,,1981,1.30983951006849
Jamaica,,1980,-6.86422557719587
Jamaica,,1979,-2.21073067383951
Jamaica,,1978,-1.2072997278766
Jamaica,,1977,-3.77724966994352
Jamaica,,1976,-7.90742453057631
Jamaica,,1975,-1.64308411562342
Jamaica,,1974,-5.65732768743082
Jamaica,,1973,-6.91569437220451
Jamaica,,1972,16.3092446080951
Jamaica,,1971,1.08394882292116
Jamaica,,1970,10.6879744964459
Jamaica,,1969,4.35896940237117
Jamaica,,1968,4.53893287802512
Jamaica,,1967,0.607398063662231
Japan,,2025,1.69235502736154
Japan,,2024,0.195469592184395
Japan,,2023,1.21286714128739
Japan,,2022,1.78240958675406
Japan,,2021,4.04163849701511
Japan,,2020,-4.00127136367016
Japan,,2019,-0.168366879621402
Japan,,2018,0.962163474855828
Japan,,2017,1.70668817770073
Japan,,2016,0.756497591794997
Japan,,2015,1.90806992390948
Japan,,2014,1.03990068136697
Japan,,2013,2.14453612740357
Japan,,2012,1.8114084396923
Japan,,2011,-0.015331176425093
Japan,,2010,4.11775410034667
Japan,,2009,-5.92418744684731
Japan,,2008,-1.21447096036071
Japan,,2007,1.61155135596718
Japan,,2006,1.48197527748053
Japan,,2005,1.83871609775319
Japan,,2004,2.07858049766911
Japan,,2003,1.16340717181257
Japan,,2002,-0.147465639518501
Japan,,2001,0.0432610804393931
Japan,,2000,2.80621328819454
Japan,,1999,-0.529386093394294
Japan,,1998,-2.03919141803574
Japan,,1997,1.12173981514334
Japan,,1996,2.84186991446948
Japan,,1995,2.10225244371884
Japan,,1994,0.711494680016983
Japan,,1993,-0.839886380389586
Japan,,1992,0.474423126913038
Japan,,1991,3.01204918490332
Japan,,1990,4.54527368671546
Japan,,1989,4.43969272110259
Japan,,1988,6.34159979566962
Japan,,1987,4.22704167358734
Japan,,1986,2.77792081039865
Japan,,1985,4.57674457528742
Japan,,1984,3.82668234087488
Japan,,1983,2.80545458217117
Japan,,1982,2.59830327632717
Japan,,1981,3.45297052119496
Japan,,1980,2.01041585712841
Japan,,1979,4.59476830692766
Japan,,1978,4.31828011494947
Japan,,1977,3.38468071450197
Japan,,1976,2.86677809798623
Japan,,1975,1.78783564199057
Japan,,1974,-2.52983919980608
Japan,,1973,6.52302359623155
Japan,,1972,6.90549972206989
Japan,,1971,2.42665235658168
Japan,,1970,-0.75055313276728
Japan,,1969,11.1486573492424
Japan,,1968,11.6174281852766
Japan,,1967,9.93883450707536
Japan,,1966,9.63235966134457
Japan,,1965,4.68644998353798
Japan,,1964,10.5207921451113
Japan,,1963,7.37985711585412
Japan,,1962,7.9017144608836
Japan,,1961,11.0440729898056
Jordan,,2025,3.11393458304539
Jordan,,2024,1.54706087079248
Jordan,,2023,1.47963486739255
Jordan,,2022,1.01339563047829
Jordan,,2021,1.86634825216463
Jordan,,2020,-2.91147672323414
Jordan,,2019,-0.144023848563009
Jordan,,2018,-0.366596262740202
Jordan,,2017,0.22543046814485
Jordan,,2016,-2.59919514615272
Jordan,,2015,-5.56577200216208
Jordan,,2014,-6.07780868696074
Jordan,,2013,-2.47848803296866
Jordan,,2012,0.964469841021028
Jordan,,2011,0.384542795672388
Jordan,,2010,0.453459698002902
Jordan,,2009,2.88110685566487
Jordan,,2008,4.72560086199398
Jordan,,2007,1.84052436528847
Jordan,,2006,1.4032017956127
Jordan,,2005,5.50057037395855
Jordan,,2004,5.97888573730083
Jordan,,2003,1.88023738458034
Jordan,,2002,3.57676471497929
Jordan,,2001,3.12682361391062
Jordan,,2000,2.10734677821824
Jordan,,1999,1.19180638460763
Jordan,,1998,0.658442073539661
Jordan,,1997,0.569931792362951
Jordan,,1996,-1.24666808036031
Jordan,,1995,1.93929287053845
Jordan,,1994,0.0608321468423441
Jordan,,1993,-0.807674227489954
Jordan,,1992,8.46165434064916
Jordan,,1991,-6.00185291540485
Jordan,,1990,-7.77277478563077
Jordan,,1989,-14.9024400633689
Jordan,,1988,-3.15822686573277
Jordan,,1987,-2.30153426988694
Jordan,,1986,0.752136656039994
Jordan,,1985,-7.05276724700148
Jordan,,1984,-0.319725177301805
Jordan,,1983,-6.47345529364696
Jordan,,1982,2.55382662419612
Jordan,,1981,12.5767087498706
Jordan,,1980,7.18849704860737
Jordan,,1979,16.8607833341785
Jordan,,1978,11.1244138843633
Jordan,,1977,5.03578171507242
Kazakhstan,,2025,5.21659445318726
Kazakhstan,,2024,3.66170013445029
Kazakhstan,,2023,3.57238732741942
Kazakhstan,,2022,1.70100297910589
Kazakhstan,,2021,2.91864170117744
Kazakhstan,,2020,-3.86406094514987
Kazakhstan,,2019,2.99405538115775
Kazakhstan,,2018,2.5560669084423
Kazakhstan,,2017,2.49076945691363
Kazakhstan,,2016,-0.438395201172128
Kazakhstan,,2015,-0.299093532608879
Kazakhstan,,2014,2.6806378826727
Kazakhstan,,2013,4.48819679131283
Kazakhstan,,2012,3.34601033412712
Kazakhstan,,2011,5.95764573473487
Kazakhstan,,2010,5.91730119035698
Kazakhstan,,2009,0.0228479849101006
Kazakhstan,,2008,2.23526924918258
Kazakhstan,,2007,7.871783713981
Kazakhstan,,2006,9.76786673957737
Kazakhstan,,2005,8.88963565884097
Kazakhstan,,2004,8.88930817801581
Kazakhstan,,2003,8.67044524900558
Kazakhstan,,2002,9.23105777770729
Kazakhstan,,2001,12.9575000867226
Kazakhstan,,2000,9.47962640033421
Kazakhstan,,1999,3.97519541542795
Kazakhstan,,1998,0.579278352126394
Kazakhstan,,1997,4.06306962919871
Kazakhstan,,1996,2.42544484330412
Kazakhstan,,1995,-6.48128800058484
Kazakhstan,,1994,-11.416894545868
Kazakhstan,,1993,-8.89440884902913
Kazakhstan,,1992,-5.59517557101667
Kazakhstan,,1991,-11.64152153699
Kenya,,2025,2.63289431353732
Kenya,,2024,2.63137959665416
Kenya,,2023,3.64425548577437
Kenya,,2022,2.86281276489714
Kenya,,2021,5.5651365159048
Kenya,,2020,-2.2103217118529
Kenya,,2019,3.07004769448449
Kenya,,2018,3.52404781491717
Kenya,,2017,1.60475183361922
Kenya,,2016,1.93794795580835
Kenya,,2015,2.65589352795405
Kenya,,2014,2.59218353342239
Kenya,,2013,1.26331129067221
Kenya,,2012,1.87670753904403
Kenya,,2011,2.26952218964762
Kenya,,2010,4.96811299885232
Kenya,,2009,0.232598394599862
Kenya,,2008,-2.7588645638462
Kenya,,2007,3.66978666216018
Kenya,,2006,3.27715457506901
Kenya,,2005,2.70244103195117
Kenya,,2004,1.89113513278383
Kenya,,2003,-0.194798007216917
Kenya,,2002,-2.56736280977373
Kenya,,2001,0.575576747494395
Kenya,,2000,-2.38610693277963
Kenya,,1999,-0.603257549690113
Kenya,,1998,0.478811112143987
Kenya,,1997,-2.23366307984048
Kenya,,1996,1.31900626661266
Kenya,,1995,1.4837374235438
Kenya,,1994,-0.304212273442516
Kenya,,1993,-2.58233453633143
Kenya,,1992,-3.79370437133613
Kenya,,1991,-1.79555975482411
Kenya,,1990,0.668332502815062
Kenya,,1989,1.0826542002969
Kenya,,1988,2.52259696361155
Kenya,,1987,2.26586113193359
Kenya,,1986,3.40845945197678
Kenya,,1985,0.569650556250821
Kenya,,1984,-1.91893717292913
Kenya,,1983,-2.3251867559766
Kenya,,1982,-2.06071312546143
Kenya,,1981,0.128998105818283
Kenya,,1980,1.91506413946645
Kenya,,1979,3.9502014523985
Kenya,,1978,3.2950316756188
Kenya,,1977,5.87941024320102
Kenya,,1976,-1.10989817440527
Kenya,,1975,-2.414863097742
Kenya,,1974,0.600157426524987
Kenya,,1973,2.30288023865035
Kenya,,1972,13.0810040007777
Kenya,,1971,17.820065627684
Kenya,,1970,-8.25406759214241
Kenya,,1969,3.80581664358147
Kenya,,1968,3.79670171210267
Kenya,,1967,-0.658711109434691
Kenya,,1966,10.2453783737033
Kenya,,1965,-1.97317083215169
Kenya,,1964,0.922365577792576
Kenya,,1963,4.63467589113695
Kenya,,1962,5.34856718516423
Kenya,,1961,-11.1513604419023
Kiribati,,2025,2.71735255722947
Kiribati,,2024,3.14886076984993
Kiribati,,2023,1.53004759659856
Kiribati,,2022,3.40476180750579
Kiribati,,2021,6.51730510856365
Kiribati,,2020,-2.98712184016587
Kiribati,,2019,1.77977627382882
Kiribati,,2018,1.89214544847405
Kiribati,,2017,2.16246551099044
Kiribati,,2016,5.58490832516883
Kiribati,,2015,9.84706076349215
Kiribati,,2014,-0.0428972459236832
Kiribati,,2013,6.26028947416073
Kiribati,,2012,4.26113729441184
Kiribati,,2011,1.45038004681834
Kiribati,,2010,-0.857158610176697
Kiribati,,2009,-1.58315258146997
Kiribati,,2008,-4.98978666488051
Kiribati,,2007,0.984244992784554
Kiribati,,2006,3.68079200082892
Kiribati,,2005,-0.722362780004488
Kiribati,,2004,-2.58468567894897
Kiribati,,2003,-3.57269845860688
Kiribati,,2002,-0.673840916592098
Kiribati,,2001,-4.99043248812092
Kiribati,,2000,4.95143441733177
Kiribati,,1999,-5.53429931669956
Kiribati,,1998,2.60111875998274
Kiribati,,1997,-0.655302414292819
Kiribati,,1996,-1.73230175007257
Kiribati,,1995,1.21789472563705
Kiribati,,1994,0.54048403061573
Kiribati,,1993,-1.62446253702345
Kiribati,,1992,21.9252039696882
Kiribati,,1991,-7.51675774681516
Kiribati,,1990,-8.52138201391774
Kiribati,,1989,-9.47239431110648
Kiribati,,1988,19.1509223564054
Kiribati,,1987,-1.13888432551144
Kiribati,,1986,-4.70563420263738
Kiribati,,1985,-14.8945308033482
Kiribati,,1984,12.0689799229037
Kiribati,,1983,-11.2331589197365
Kiribati,,1982,-2.67718390403915
Kiribati,,1981,4.46000443104766
Kiribati,,1980,-2.65826509619578
Kiribati,,1979,-12.0375604991032
Kiribati,,1978,1.73991919590301
Kiribati,,1977,-3.98902759229337
Kiribati,,1976,-26.3746754393182
Kiribati,,1975,5.74515935904168
Kiribati,,1974,44.3652243204659
Kiribati,,1973,18.8305764063351
Kiribati,,1972,9.96806226671605
Kiribati,,1971,-4.19254845372087
South Korea,,2025,1.13698114634992
South Korea,,2024,1.92783227201599
South Korea,,2023,1.50434142529414
South Korea,,2022,2.92034561376229
South Korea,,2021,4.747751556973
South Korea,,2020,-0.837051834035137
South Korea,,2019,1.95849636720857
South Korea,,2018,2.72979572830845
South Korea,,2017,3.14298545917306
South Korea,,2016,2.76290075939411
South Korea,,2015,2.37903405951899
South Korea,,2014,2.5683693516693
South Korea,,2013,2.82226288554209
South Korea,,2012,2.00997301929048
South Korea,,2011,2.89375816160189
South Korea,,2010,6.44997750684229
South Korea,,2009,0.302292304284919
South Korea,,2008,2.22523680909987
South Korea,,2007,5.30856236809566
South Korea,,2006,4.6937077744137
South Korea,,2005,4.13723386737684
South Korea,,2004,4.7675860552671
South Korea,,2003,2.54185039649609
South Korea,,2002,7.12308072036979
South Korea,,2001,3.92550900636917
South Korea,,2000,8.29254041446951
South Korea,,1999,10.8267064308936
South Korea,,1998,-5.62267154232035
South Korea,,1997,5.29022802019921
South Korea,,1996,6.9664053263099
South Korea,,1995,8.63726671625133
South Korea,,1994,8.27690074725467
South Korea,,1993,5.9133443470155
South Korea,,1992,5.25214973420644
South Korea,,1991,9.78296218320472
South Korea,,1990,8.94633215523027
South Korea,,1989,6.11028017233426
South Korea,,1988,11.0405571742325
South Korea,,1987,11.7855305378105
South Korea,,1986,10.3993364703999
South Korea,,1985,6.88128173232485
South Korea,,1984,9.27971886036099
South Korea,,1983,11.8063263631931
South Korea,,1982,6.80481381279148
South Korea,,1981,5.74110722342316
South Korea,,1980,-3.04707446533358
South Korea,,1979,7.09995907559107
South Korea,,1978,9.39484451977266
South Korea,,1977,10.6388743873152
South Korea,,1976,11.469240484049
South Korea,,1975,6.13128616568828
South Korea,,1974,7.78693652931419
South Korea,,1973,12.9594719615862
South Korea,,1972,5.34195565986401
South Korea,,1971,8.49146319087129
South Korea,,1970,7.7868897300449
South Korea,,1969,12.0261299748451
South Korea,,1968,10.6259631681322
South Korea,,1967,6.63225068306279
South Korea,,1966,9.22678983088335
South Korea,,1965,4.61994887637964
South Korea,,1964,6.60187460075853
South Korea,,1963,6.01596162533625
South Korea,,1962,0.992381009299592
South Korea,,1961,3.79440570333784
Kosovo,,2025,4.74031521100724
Kosovo,,2024,10.3656494300073
Kosovo,,2023,9.35107522909426
Kosovo,,2022,5.33909761737917
Kosovo,,2021,10.9981400491097
Kosovo,,2020,-5.40690184268419
Kosovo,,2019,5.23669676312298
Kosovo,,2018,3.05752931278261
Kosovo,,2017,4.03838879864328
Kosovo,,2016,6.20761650241487
Kosovo,,2015,7.36815111994392
Kosovo,,2014,3.65273027273803
Kosovo,,2013,4.70387084053738
Kosovo,,2012,0.857974394903721
Kosovo,,2011,6.12959202990389
Kosovo,,2010,5.28831482675317
Kosovo,,2009,5.39636701673933
Kuwait,,2025,3.40677373406191
Kuwait,,2024,-2.35607712376698
Kuwait,,2023,-6.98656704450174
Kuwait,,2022,1.43711284054184
Kuwait,,2021,2.59077518987651
Kuwait,,2020,-3.90774915473197
Kuwait,,2019,-0.471027490632153
Kuwait,,2018,-1.26570110779524
Kuwait,,2017,-8.16879129164303
Kuwait,,2016,-1.43152053599024
Kuwait,,2015,-3.83270102171981
Kuwait,,2014,-3.83157244878866
Kuwait,,2013,-3.77371634598551
Kuwait,,2012,0.0983286715542846
Kuwait,,2011,2.99936488052495
Kuwait,,2010,-7.27588260300011
Kuwait,,2009,-11.8648164745831
Kuwait,,2008,-3.06795857769427
Kuwait,,2007,-0.0585846444072189
Kuwait,,2006,1.6976352381691
Kuwait,,2005,6.67935670476243
Kuwait,,2004,7.81613775807561
Kuwait,,2003,14.5507976912199
Kuwait,,2002,0.421240897856848
Kuwait,,2001,-2.45214152569666
Kuwait,,2000,1.76596434147542
Kuwait,,1999,-4.66954369474961
Kuwait,,1998,0.479689867621317
Kuwait,,1997,-0.819070755595845
Kuwait,,1996,-2.22845237949566
Kuwait,,1995,3.78870129848272
Kuwait,,1994,8.94369840376427
Kuwait,,1993,31.0104104388079
Kuwait,,1992,51.1035091581689
Kuwait,,1991,-26.4531088639358
Kuwait,,1990,-2.90644267442678
Kuwait,,1989,21.1942464998563
Kuwait,,1988,-13.4956518163269
Kuwait,,1987,3.90699965176427
Kuwait,,1986,4.25928304119745
Kuwait,,1985,-7.98202682465829
Kuwait,,1984,0.825844853519484
Kuwait,,1983,2.87568996438094
Kuwait,,1982,-15.9455962653042
Kuwait,,1981,-22.9514955811007
Kuwait,,1980,-23.7630883360282
Kuwait,,1979,7.24255314037383
Kuwait,,1978,0.763158114760557
Kuwait,,1977,-9.90946431104578
Kuwait,,1976,-0.0728517532238584
Kuwait,,1975,-17.5558265346701
Kuwait,,1974,-18.0770336525294
Kuwait,,1973,-12.0461650165501
Kuwait,,1972,-2.33946574912547
Kuwait,,1971,0.118996333430687
Kyrgyzstan,,2025,9.26239975435819
Kyrgyzstan,,2024,9.65363391447642
Kyrgyzstan,,2023,7.10119376613466
Kyrgyzstan,,2022,7.03042869604123
Kyrgyzstan,,2021,3.58776993335192
Kyrgyzstan,,2020,-9.03157714073227
Kyrgyzstan,,2019,2.28120088774463
Kyrgyzstan,,2018,1.54586820248004
Kyrgyzstan,,2017,2.55837834194257
Kyrgyzstan,,2016,2.04985149948004
Kyrgyzstan,,2015,1.56807607660568
Kyrgyzstan,,2014,1.75718622899099
Kyrgyzstan,,2013,8.51417444984632
Kyrgyzstan,,2012,-1.95288116304553
Kyrgyzstan,,2011,4.43705345314649
Kyrgyzstan,,2010,-1.88093371727501
Kyrgyzstan,,2009,1.53257250259469
Kyrgyzstan,,2008,7.37554930252675
Kyrgyzstan,,2007,7.51249331031009
Kyrgyzstan,,2006,2.00174444436951
Kyrgyzstan,,2005,-1.29558825808593
Kyrgyzstan,,2004,5.73937835827032
Kyrgyzstan,,2003,5.91391847989379
Kyrgyzstan,,2002,-0.931486114215559
Kyrgyzstan,,2001,4.3267567743611
Kyrgyzstan,,2000,4.19610604345162
Kyrgyzstan,,1999,2.12663575288255
Kyrgyzstan,,1998,0.567335558764
Kyrgyzstan,,1997,8.32417662505638
Kyrgyzstan,,1996,5.51161045842127
Kyrgyzstan,,1995,-6.36503081112481
Kyrgyzstan,,1994,-20.05492795056
Kyrgyzstan,,1993,-15.4851015810132
Kyrgyzstan,,1992,-14.8256285785517
Kyrgyzstan,,1991,-9.43703056416022
Kyrgyzstan,,1990,3.68716154101205
Kyrgyzstan,,1989,0.663560153242543
Kyrgyzstan,,1988,11.2196198960153
Kyrgyzstan,,1987,1.35340476387358
Laos,,2025,3.16696670840642
Laos,,2024,2.72532702600417
Laos,,2023,2.31116087572821
Laos,,2022,1.2697005231296
Laos,,2021,1.06109059992194
Laos,,2020,-0.986715601107164
Laos,,2019,3.86091278109465
Laos,,2018,4.60986171989208
Laos,,2017,5.2271106715724
Laos,,2016,5.36288912313843
Laos,,2015,5.71702901311374
Laos,,2014,6.13842534644749
Laos,,2013,6.51642199042166
Laos,,2012,6.49513527103458
Laos,,2011,6.48536557882839
Laos,,2010,6.94116593325336
Laos,,2009,5.90563851314371
Laos,,2008,6.19878841672832
Laos,,2007,5.94392449426221
Laos,,2006,6.91294627933061
Laos,,2005,5.50361623488958
Laos,,2004,4.81831567317876
Laos,,2003,4.44645858943204
Laos,,2002,4.23097600258968
Laos,,2001,4.02249661411516
Laos,,2000,4.03726532497247
Laos,,1999,5.4475157802012
Laos,,1998,2.06080647085234
Laos,,1997,4.66634480033544
Laos,,1996,4.46434380896963
Laos,,1995,4.42161502950582
Laos,,1994,5.36666889160745
Laos,,1993,3.07739171807499
Laos,,1992,2.6769238807299
Laos,,1991,1.40025340364474
Laos,,1990,3.7107564838131
Laos,,1989,10.9653509962859
Laos,,1988,-4.77692163066391
Laos,,1987,-4.18795903851054
Laos,,1986,1.97501637779287
Laos,,1985,2.20041867968716
Latvia,,2025,3.1515721924612
Latvia,,2024,0.904976236094242
Latvia,,2023,-1.16914941176928
Latvia,,2022,2.18545852350196
Latvia,,2021,7.8481957927218
Latvia,,2020,-2.78996380720736
Latvia,,2019,1.37774612596324
Latvia,,2018,5.12560422080688
Latvia,,2017,4.31935869681359
Latvia,,2016,3.49318640044002
Latvia,,2015,4.63645212679371
Latvia,,2014,3.06097381676449
Latvia,,2013,3.19545170389934
Latvia,,2012,8.64449958601972
Latvia,,2011,4.92957999064132
Latvia,,2010,-1.63514379125596
Latvia,,2009,-14.6423127971401
Latvia,,2008,-2.36803650613602
Latvia,,2007,11.3194013044585
Latvia,,2006,13.8646922612695
Latvia,,2005,12.8279409524173
Latvia,,2004,9.91817299610062
Latvia,,2003,9.48207219023105
Latvia,,2002,8.92368151151518
Latvia,,2001,7.8444195658347
Latvia,,2000,6.86619861333267
Latvia,,1999,3.65872177157615
Latvia,,1998,7.5594343825196
Latvia,,1997,10.2650977955077
Latvia,,1996,3.45875626105796
Latvia,,1995,0.477694090085151
Latvia,,1994,3.91478809416456
Latvia,,1993,-3.09071176948856
Latvia,,1992,-31.1775188260544
Latvia,,1991,-12.1807176161305
Lebanon,,2024,-7.59953414966085
Lebanon,,2023,-1.25912842069158
Lebanon,,2022,-1.07782192621244
Lebanon,,2021,-7.25697163046323
Lebanon,,2020,-20.1290983815185
Lebanon,,2019,-3.87037166908469
Lebanon,,2018,1.00112836973221
Lebanon,,2017,3.57185811074811
Lebanon,,2016,3.95420458700914
Lebanon,,2015,-1.48529943559267
Lebanon,,2014,-7.26145145442744
Lebanon,,2013,-5.35004515636365
Lebanon,,2012,-0.172272058447192
Lebanon,,2011,-0.215990101752055
Lebanon,,2010,6.92562408092621
Lebanon,,2009,8.75424197439401
Lebanon,,2008,7.27020382429338
Lebanon,,2007,7.21242419520836
Lebanon,,2006,-0.16111039140597
Lebanon,,2005,1.106879785513
Lebanon,,2004,4.96833961304041
Lebanon,,2003,1.81278345572235
Lebanon,,2002,1.99615029951745
Lebanon,,2001,2.12758024747754
Lebanon,,2000,-0.39180673260141
Lebanon,,1999,-2.25536834554141
Lebanon,,1998,1.85892264288059
Lebanon,,1997,-0.755972338344009
Lebanon,,1996,9.24362452355456
Lebanon,,1995,4.54238397048779
Lebanon,,1994,6.18337051477913
Lebanon,,1993,8.64130049009017
Lebanon,,1992,14.0004669448677
Lebanon,,1991,46.4438180749834
Lebanon,,1990,24.0733625704812
Lebanon,,1989,-43.604222947362
Lesotho,,2025,0.864833753647872
Lesotho,,2024,4.0567836183363
Lesotho,,2023,0.578518284725888
Lesotho,,2022,1.28745564005285
Lesotho,,2021,1.09935782526551
Lesotho,,2020,-9.23727005298078
Lesotho,,2019,-2.56925986092637
Lesotho,,2018,-2.67593907523207
Lesotho,,2017,-4.33655999292874
Lesotho,,2016,2.35363981271321
Lesotho,,2015,1.92251059472272
Lesotho,,2014,0.557309193389017
Lesotho,,2013,0.696148188602265
Lesotho,,2012,5.27066659627468
Lesotho,,2011,3.69398595274109
Lesotho,,2010,4.45925951436652
Lesotho,,2009,-1.96870088552072
Lesotho,,2008,4.81119838923493
Lesotho,,2007,3.75025688346649
Lesotho,,2006,4.65948787654852
Lesotho,,2005,4.42249766024187
Lesotho,,2004,2.41103579960742
Lesotho,,2003,5.06649512855877
Lesotho,,2002,1.0355999970419
Lesotho,,2001,3.71996350434441
Lesotho,,2000,3.84034989034289
Lesotho,,1999,0.215961480049515
Lesotho,,1998,1.0335881718662
Lesotho,,1997,2.88404384128545
Lesotho,,1996,4.4737795209935
Lesotho,,1995,2.03489246937004
Lesotho,,1994,4.55519517771128
Lesotho,,1993,1.95754937004924
Lesotho,,1992,5.19238547462368
Lesotho,,1991,5.06906633065643
Lesotho,,1990,4.03788867674339
Lesotho,,1989,3.67419823598037
Lesotho,,1988,6.32662578704914
Lesotho,,1987,-1.47316355235876
Lesotho,,1986,2.06110283000073
Lesotho,,1985,-0.25717695813087
Lesotho,,1984,2.5557662771063
Lesotho,,1983,-0.917132307576523
Lesotho,,1982,1.46776133251802
Lesotho,,1981,-2.19449272103662
Lesotho,,1980,-5.53495631975296
Lesotho,,1979,-0.0380445167258614
Lesotho,,1978,14.9941714608236
Lesotho,,1977,18.3385218042602
Lesotho,,1976,7.54268485529079
Lesotho,,1975,-16.4511267325274
Lesotho,,1974,7.21995002858708
Lesotho,,1973,22.0934666602339
Lesotho,,1972,-3.65226671969542
Lesotho,,1971,1.4343007037433
Lesotho,,1970,-1.43886797141862
Lesotho,,1969,-2.07736836661826
Lesotho,,1968,-3.9529810564847
Lesotho,,1967,7.0152581777628
Lesotho,,1966,-3.54287112508291
Lesotho,,1965,-0.794535884595675
Lesotho,,1964,5.11048794058154
Lesotho,,1963,7.37932648009554
Lesotho,,1962,11.9403703211041
Lesotho,,1961,-1.13198629168232
Liberia,,2025,2.84724354890147
Liberia,,2024,1.8018710155725
Liberia,,2023,2.40186206516404
Liberia,,2022,2.585058275666
Liberia,,2021,2.7936852774608
Liberia,,2020,-4.97470394166794
Liberia,,2019,-4.38160849244818
Liberia,,2018,-0.802290167584516
Liberia,,2017,0.48341831127135
Liberia,,2016,-3.54590251888713
Liberia,,2015,-2.06002320038729
Liberia,,2014,-1.37370786861489
Liberia,,2013,6.3241100027268
Liberia,,2012,4.24345556941776
Liberia,,2011,4.04086635073222
Liberia,,2010,3.07117998186455
Liberia,,2009,2.04180167202995
Liberia,,2008,2.88473943454363
Liberia,,2007,4.21343815918623
Liberia,,2006,2.17024627280136
Liberia,,2005,0.684612867093762
Liberia,,2004,1.4054000654278
Liberia,,2003,-30.6993530292511
Liberia,,2002,1.09938923491595
Liberia,,2001,-0.0567743363726407
Liberia,,2000,23.9409230680701
Liberia,,1999,15.202396479117
Liberia,,1998,17.6689843112672
Liberia,,1997,90.8322668507269
Liberia,,1996,8.95052315118872
Liberia,,1995,-5.11507834003075
Liberia,,1994,-21.5731868011574
Liberia,,1993,-35.5462839014456
Liberia,,1992,-38.7172836518678
Liberia,,1991,-2.51326031798234
Liberia,,1990,-44.5522515525438
Liberia,,1989,-28.7338770009007
Liberia,,1988,-4.8326704775878
Liberia,,1987,-3.86332420722908
Liberia,,1986,-4.57358206734597
Liberia,,1985,-3.81849790569451
Liberia,,1984,-5.08912309916768
Liberia,,1983,-4.78531644502502
Liberia,,1982,-5.20984958159201
Liberia,,1981,-4.97453105198434
Liberia,,1980,-6.90892261299831
Liberia,,1979,0.261464846117903
Liberia,,1978,1.80544071156466
Liberia,,1977,-1.22831931578325
Liberia,,1976,2.48044600023634
Liberia,,1975,-6.04237452138808
Liberia,,1974,1.99814740649884
Liberia,,1973,-4.78156265209702
Liberia,,1972,1.53521119109597
Liberia,,1971,2.29622343422935
Liberia,,1970,3.96722494259858
Liberia,,1969,4.58112959318333
Liberia,,1968,2.13034683430966
Liberia,,1967,4.06998547802893
Liberia,,1966,5.00054026050971
Liberia,,1965,2.16322002071381
Liberia,,1964,2.53465906881772
Liberia,,1963,-0.256540918399494
Liberia,,1962,-1.137874897858
Liberia,,1961,-0.0334695228826689
Libya,,2025,12.1932042706465
Libya,,2024,0.859500182813605
Libya,,2023,8.96534736140164
Libya,,2022,-9.42490206992071
Libya,,2021,26.6853936559494
Libya,,2020,-30.4001717408883
Libya,,2019,-12.4989174222368
Libya,,2018,6.20327204937865
Libya,,2017,30.3950611263495
Libya,,2016,-2.98083261952721
Libya,,2015,-2.43005265175647
Libya,,2014,-24.5110536856449
Libya,,2013,-19.6276937990081
Libya,,2012,91.7813702690939
Libya,,2011,-49.1278565212286
Libya,,2010,2.90736772244718
Libya,,2009,-6.37107364350932
Libya,,2008,-2.26034195363675
Libya,,2007,4.06916207450483
Libya,,2006,4.3383026664543
Libya,,2005,9.53922388994984
Libya,,2004,2.32576943782377
Libya,,2003,10.7838721756603
Libya,,2002,-2.84267783712218
Libya,,2001,-3.55569593532938
Libya,,2000,1.97930843294741
Libya,,1999,-0.74350237690841
Libya,,1998,-4.97934471333424
Libya,,1997,3.60796474601293
Libya,,1996,0.484583325696249
Libya,,1995,-3.91035223611419
Libya,,1994,0.0535526200486487
Libya,,1993,-5.64791556146643
Libya,,1992,-4.72396454559389
Libya,,1991,13.1314809179703
Libya,,1990,1.33273690708428
Libya,,1989,4.60355383204396
Libya,,1988,4.83694511616169
Libya,,1987,-17.0223039536607
Libya,,1986,-13.970798357882
Libya,,1985,4.850536737417
Libya,,1984,-6.41752616235081
Libya,,1983,-2.32002046932395
Libya,,1982,-0.0445141284845363
Libya,,1981,-23.5884476569466
Libya,,1980,-4.91683695828884
Libya,,1979,2.84888754591661
Libya,,1978,-2.4819010152931
Libya,,1977,2.79738240827292
Libya,,1976,16.1219145495386
Libya,,1975,-1.60871508404968
Libya,,1974,16.2642535826649
Libya,,1973,-1.94413702049
Libya,,1972,5.56900319073159
Libya,,1971,-8.39801719450381
Libya,,1970,1.50901540936657
Libya,,1969,9.63443973890143
Libya,,1968,30.1222973365551
Libya,,1967,8.23393687320969
Libya,,1966,15.7029491475467
Libya,,1965,24.5740948385494
Libya,,1964,39.8407474907534
Libya,,1963,29.5493764317775
Libya,,1962,27.110687982789
Libya,,1961,5.45892663854784
Liechtenstein,,2009,-1.90138748845943
Liechtenstein,,2008,1.19257451932671
Liechtenstein,,2007,2.66666052628214
Liechtenstein,,2006,7.76432322419438
Liechtenstein,,2005,3.90506605911179
Liechtenstein,,2004,1.93839655413686
Liechtenstein,,2003,-3.04540410833893
Liechtenstein,,2002,-2.46311446328741
Liechtenstein,,2001,-2.37488109909029
Liechtenstein,,2000,1.87954790344263
Liechtenstein,,1999,8.51597144502081
Liechtenstein,,1998,6.27762286609592
Liechtenstein,,1997,6.54193167078098
Liechtenstein,,1996,6.01996481773229
Liechtenstein,,1995,4.82284964561106
Liechtenstein,,1994,5.52987892332438
Liechtenstein,,1993,2.73013933393034
Liechtenstein,,1992,2.14651010516232
Liechtenstein,,1991,0.173550269524853
Liechtenstein,,1990,0.740886089334552
Liechtenstein,,1989,3.13034591354382
Liechtenstein,,1988,4.15595319656742
Liechtenstein,,1987,7.96631192106287
Liechtenstein,,1986,2.62544978263597
Liechtenstein,,1985,5.89771060979822
Liechtenstein,,1984,3.69754367979189
Liechtenstein,,1983,-0.187516370991148
Liechtenstein,,1982,-3.77157928320604
Liechtenstein,,1981,4.1575076485417
Liechtenstein,,1980,5.01736631620471
Liechtenstein,,1979,2.51808518091127
Liechtenstein,,1978,2.30588058892943
Liechtenstein,,1977,3.11284891993084
Liechtenstein,,1976,3.83553475210907
Liechtenstein,,1975,-0.0148802519785391
Liechtenstein,,1974,-1.21814703805616
Liechtenstein,,1973,-1.24453356444118
Liechtenstein,,1972,-0.774663752726894
Liechtenstein,,1971,-0.495955811105787
Lithuania,,2025,2.90240527639017
Lithuania,,2024,2.43472538512522
Lithuania,,2023,-0.661828593386076
Lithuania,,2022,1.62367298622554
Lithuania,,2021,6.47017052787757
Lithuania,,2020,0.068446214406265
Lithuania,,2019,4.97938353929399
Lithuania,,2018,5.79066548228593
Lithuania,,2017,5.88872606993294
Lithuania,,2016,3.87744054624235
Lithuania,,2015,3.75632420325671
Lithuania,,2014,4.62035286553186
Lithuania,,2013,5.026825169489
Lithuania,,2012,5.74397608423232
Lithuania,,2011,8.75223892258067
Lithuania,,2010,2.5553360476174
Lithuania,,2009,-13.8877568111501
Lithuania,,2008,3.66012476803633
Lithuania,,2007,12.4053451378162
Lithuania,,2006,9.12367697158992
Lithuania,,2005,9.50010821862925
Lithuania,,2004,7.70478467031737
Lithuania,,2003,11.4535417783581
Lithuania,,2002,7.57999763692278
Lithuania,,2001,7.36519017903279
Lithuania,,2000,4.14861792867285
Lithuania,,1999,-0.392806939052534
Lithuania,,1998,8.24426426596885
Lithuania,,1997,9.10266047464678
Lithuania,,1996,5.82855284120009
Lithuania,,1995,4.08820306754897
Lithuania,,1994,-9.13764799897228
Lithuania,,1993,-15.8287445378855
Lithuania,,1992,-21.1734209929655
Lithuania,,1991,-5.8359894713997
Luxembourg,,2025,-0.820922037442116
Luxembourg,,2024,-1.2100359658708
Luxembourg,,2023,-1.90231135782022
Luxembourg,,2022,-3.07197222288745
Luxembourg,,2021,5.31842935090185
Luxembourg,,2020,-2.15417448261604
Luxembourg,,2019,0.752175646219683
Luxembourg,,2018,-0.329837078615427
Luxembourg,,2017,-1.11617956345307
Luxembourg,,2016,2.73979183520059
Luxembourg,,2015,-0.116861972397984
Luxembourg,,2014,0.232566751606214
Luxembourg,,2013,0.814549354349651
Luxembourg,,2012,-0.762369570929096
Luxembourg,,2011,-1.17681027678633
Luxembourg,,2010,1.88353964502777
Luxembourg,,2009,-5.01426169873878
Luxembourg,,2008,-2.0685335435922
Luxembourg,,2007,6.4418869874232
Luxembourg,,2006,4.33902205420004
Luxembourg,,2005,0.926401620733969
Luxembourg,,2004,2.75969290542125
Luxembourg,,2003,1.37976654261331
Luxembourg,,2002,2.14948280766399
Luxembourg,,2001,1.85449582849829
Luxembourg,,2000,5.51037466267064
Luxembourg,,1999,6.72491018337327
Luxembourg,,1998,5.35552415489973
Luxembourg,,1997,4.10653520924865
Luxembourg,,1996,0.0272531331361421
Luxembourg,,1995,0.0173001720448696
Luxembourg,,1994,2.41663025841494
Luxembourg,,1993,2.81121638174471
Luxembourg,,1992,0.47607932573797
Luxembourg,,1991,7.19840917682171
Luxembourg,,1990,4.0098091281165
Luxembourg,,1989,8.73531185743595
Luxembourg,,1988,7.67910552923674
Luxembourg,,1987,3.27946688761725
Luxembourg,,1986,9.49157794068829
Luxembourg,,1985,2.59324137162234
Luxembourg,,1984,6.07785065588043
Luxembourg,,1983,2.96175904709852
Luxembourg,,1982,1.04829410444228
Luxembourg,,1981,-0.843670741085077
Luxembourg,,1980,0.482545641627581
Luxembourg,,1979,2.10614478235669
Luxembourg,,1978,3.88839150287453
Luxembourg,,1977,1.39353608474609
Luxembourg,,1976,2.02809839168
Luxembourg,,1975,-7.58647500718254
Luxembourg,,1974,2.86230496489159
Luxembourg,,1973,7.12276127952821
Luxembourg,,1972,5.31293034792664
Luxembourg,,1971,1.69279412494301
Luxembourg,,1970,1.25859336679721
Luxembourg,,1969,9.43521169998165
Luxembourg,,1968,3.91864806967364
Luxembourg,,1967,-0.112344233324009
Luxembourg,,1966,0.380675530090869
Luxembourg,,1965,-1.85783778746865
Luxembourg,,1964,6.66457369188829
Luxembourg,,1963,2.36993264268264
Luxembourg,,1962,0.124675881347613
Luxembourg,,1961,2.88784501937471
Madagascar,,2025,0.562138075333138
Madagascar,,2024,1.81300227228203
Madagascar,,2023,1.6960181482163
Madagascar,,2022,1.58457442932567
Madagascar,,2021,2.05115869903585
Madagascar,,2020,-9.49182579621846
Madagascar,,2019,1.73013722889858
Madagascar,,2018,0.542519018708518
Madagascar,,2017,1.26236994297058
Madagascar,,2016,1.31063593376801
Madagascar,,2015,0.445748708056158
Madagascar,,2014,0.605710119846222
Madagascar,,2013,-0.444341802421619
Madagascar,,2012,0.20064094160324
Madagascar,,2011,-1.26548226968092
Madagascar,,2010,-2.26580252727942
Madagascar,,2009,-6.7569485520622
Madagascar,,2008,3.62579150838536
Madagascar,,2007,2.65309950729227
Madagascar,,2006,2.34726337803239
Madagascar,,2005,1.7317720668288
Madagascar,,2004,2.23191685103676
Madagascar,,2003,6.61414736438235
Madagascar,,2002,-14.9882005086862
Madagascar,,2001,2.76590524360817
Madagascar,,2000,1.19450196549229
Madagascar,,1999,1.35457204239148
Madagascar,,1998,0.572337045613963
Madagascar,,1997,0.372555082381069
Madagascar,,1996,-1.08018694336826
Madagascar,,1995,-1.48672600372494
Madagascar,,1994,-3.10023435072759
Madagascar,,1993,-0.967365507883727
Madagascar,,1992,-1.81843433556932
Madagascar,,1991,-9.06534604960984
Madagascar,,1990,0.129377410638895
Madagascar,,1989,1.09146543915431
Madagascar,,1988,0.476736577625942
Madagascar,,1987,-1.66814871886039
Madagascar,,1986,-0.923938491308903
Madagascar,,1985,-1.7387065668684
Madagascar,,1984,-1.16680579675797
Madagascar,,1983,-2.02532835429476
Madagascar,,1982,-4.76016813093069
Madagascar,,1981,-12.4535916174408
Madagascar,,1980,-2.05648173389217
Madagascar,,1979,6.56417098315396
Madagascar,,1978,-5.57446503036428
Madagascar,,1977,-0.691255504288236
Madagascar,,1976,-5.95479912094
Madagascar,,1975,-1.74544311116303
Madagascar,,1974,-1.00423993514346
Madagascar,,1973,-5.47322930068657
Madagascar,,1972,-4.14091337668356
Madagascar,,1971,0.950700358994155
Madagascar,,1970,2.32128431196526
Madagascar,,1969,0.870595035237855
Madagascar,,1968,3.94895392566283
Madagascar,,1967,2.73910727116724
Madagascar,,1966,-0.586251504216776
Madagascar,,1965,-3.00552823602152
Madagascar,,1964,1.30970531262919
Madagascar,,1963,-3.45826207581229
Madagascar,,1962,-0.350066309250664
Madagascar,,1961,-0.579906019084788
Malawi,,2025,-0.686849668516146
Malawi,,2024,-0.912638164593119
Malawi,,2023,-0.642220906290575
Malawi,,2022,-1.63749399398691
Malawi,,2021,1.88076432929152
Malawi,,2020,-1.82835240679078
Malawi,,2019,2.9515101541935
Malawi,,2018,1.60299745635619
Malawi,,2017,1.22138049385239
Malawi,,2016,-0.256367435160101
Malawi,,2015,0.00792518281976129
Malawi,,2014,2.70386402914775
Malawi,,2013,2.46076368480048
Malawi,,2012,-0.983601161818072
Malawi,,2011,1.91798932347378
Malawi,,2010,3.76961752338009
Malawi,,2009,5.17234875360792
Malawi,,2008,4.5585561584534
Malawi,,2007,6.55134655734449
Malawi,,2006,1.85481455109522
Malawi,,2005,0.539880654549222
Malawi,,2004,2.72895046279207
Malawi,,2003,3.09254835285383
Malawi,,2002,-0.760072947056585
Malawi,,2001,-7.24640554406461
Malawi,,2000,-0.830828162365975
Malawi,,1999,0.66457828968673
Malawi,,1998,1.67311324947686
Malawi,,1997,1.73065958671548
Malawi,,1996,5.22149204417653
Malawi,,1995,16.8987563989012
Malawi,,1994,-9.1882192265535
Malawi,,1993,8.10315787740552
Malawi,,1992,-9.99229540689642
Malawi,,1991,5.4346573203748
Malawi,,1990,1.5997050726011
Malawi,,1989,-3.32657460446772
Malawi,,1988,-2.24590210716451
Malawi,,1987,-3.11334092762722
Malawi,,1986,-3.82396507891448
Malawi,,1985,0.62310053551127
Malawi,,1984,1.32134940671426
Malawi,,1983,-0.294158569249731
Malawi,,1982,-1.46467561939698
Malawi,,1981,-8.93705314915371
Malawi,,1980,-3.38771522277639
Malawi,,1979,0.610497052995811
Malawi,,1978,6.05898305334371
Malawi,,1977,1.71164066974259
Malawi,,1976,1.98831080918549
Malawi,,1975,3.15684771791764
Malawi,,1974,4.31175335044971
Malawi,,1973,-0.346083962337104
Malawi,,1972,3.54986815088063
Malawi,,1971,13.344795622212
Malawi,,1970,-1.96571336486629
Malawi,,1969,3.30320710985166
Malawi,,1968,-4.32532286744876
Malawi,,1967,4.66157375997587
Malawi,,1966,10.5035755453623
Malawi,,1965,10.8746020310029
Malawi,,1964,0.175055259341718
Malawi,,1963,-3.772528974533
Malawi,,1962,-1.73237946148038
Malawi,,1961,5.10760626252649
Malaysia,,2025,3.94303451852645
Malaysia,,2024,3.83035137439249
Malaysia,,2023,2.26723785284469
Malaysia,,2022,7.73357563754043
Malaysia,,2021,2.13146199778431
Malaysia,,2020,-6.7093351308522
Malaysia,,2019,2.75950122381441
Malaysia,,2018,3.07401779071937
Malaysia,,2017,3.96186564548185
Malaysia,,2016,2.62004557566016
Malaysia,,2015,3.28578556272301
Malaysia,,2014,4.20447757863825
Malaysia,,2013,2.91923259894287
Malaysia,,2012,3.69276569143121
Malaysia,,2011,3.46597439015295
Malaysia,,2010,5.43424070379723
Malaysia,,2009,-3.45602642616269
Malaysia,,2008,2.65806478779189
Malaysia,,2007,4.01330440274728
Malaysia,,2006,3.25940653936949
Malaysia,,2005,2.97037127170485
Malaysia,,2004,4.34321310786574
Malaysia,,2003,3.31466734765901
Malaysia,,2002,2.87262555049826
Malaysia,,2001,-1.86947729075297
Malaysia,,2000,6.33603610574379
Malaysia,,1999,3.63588919830164
Malaysia,,1998,-9.60703707579333
Malaysia,,1997,4.68611382857154
Malaysia,,1996,7.2619407567863
Malaysia,,1995,7.07315866013809
Malaysia,,1994,6.46922820641041
Malaysia,,1993,7.11898849226085
Malaysia,,1992,6.0401774276111
Malaysia,,1991,6.50385099169159
Malaysia,,1990,5.84109356459912
Malaysia,,1989,5.79447615337909
Malaysia,,1988,6.5350616719533
Malaysia,,1987,1.85511540280665
Malaysia,,1986,-2.02369150795889
Malaysia,,1985,-4.22603510362129
Malaysia,,1984,4.30747158153424
Malaysia,,1983,2.88220732900794
Malaysia,,1982,2.62231879948132
Malaysia,,1981,3.6231900380767
Malaysia,,1980,4.49993284463055
Malaysia,,1979,6.7538488902626
Malaysia,,1978,4.12388786358984
Malaysia,,1977,5.19600193321806
Malaysia,,1976,8.922229345387
Malaysia,,1975,-1.580216832148
Malaysia,,1974,5.75321626398954
Malaysia,,1973,9.0577313984089
Malaysia,,1972,6.79244505573662
Malaysia,,1971,7.45201452767374
Malaysia,,1970,3.57912195554584
Malaysia,,1969,2.54440981566847
Malaysia,,1968,5.55556028489821
Malaysia,,1967,1.42749136671287
Malaysia,,1966,5.16585202122666
Malaysia,,1965,4.97381465245223
Malaysia,,1964,2.6589235229322
Malaysia,,1963,4.56881013942851
Malaysia,,1962,3.6814554933174
Malaysia,,1961,4.8535505815973
Maldives,,2025,5.93419190830417
Maldives,,2024,3.14046759606626
Maldives,,2023,4.56618167112615
Maldives,,2022,12.0990628027296
Maldives,,2021,33.7685588624398
Maldives,,2020,-34.8311671109222
Maldives,,2019,3.71535274800274
Maldives,,2018,5.16982903680598
Maldives,,2017,3.57472677178792
Maldives,,2016,2.73896015037067
Maldives,,2015,0.341527920426657
Maldives,,2014,4.32797689766733
Maldives,,2013,3.43150186988382
Maldives,,2012,-1.08988000428648
Maldives,,2011,5.0911686527859
Maldives,,2010,3.08074681818198
Maldives,,2009,-11.5265024869526
Maldives,,2008,5.18657527149283
Maldives,,2007,3.62432861281428
Maldives,,2006,20.7066430063115
Maldives,,2005,-12.6312667876355
Maldives,,2004,4.19516512399211
Maldives,,2003,11.879734886166
Maldives,,2002,5.48472446317076
Maldives,,2001,-5.53403935759995
Maldives,,2000,2.14940822069896
Maldives,,1999,4.3810051908541
Maldives,,1998,5.51760973174864
Maldives,,1997,6.22760939649747
Maldives,,1996,5.51602988994901
Maldives,,1995,10.4205369646215
Maldives,,1994,5.19860772460727
Maldives,,1993,2.82349343554151
Maldives,,1992,3.65640861252177
Maldives,,1991,-1.63819444838322
Maldives,,1990,13.2974405956587
Maldives,,1989,5.88589945390706
Maldives,,1988,5.15162683111383
Maldives,,1987,5.08899392546991
Maldives,,1986,5.60334053159693
Maldives,,1985,11.7921658983926
Maldives,,1984,23.4610602981758
Maldives,,1983,13.144280936941
Maldives,,1982,-5.68318257439564
Maldives,,1981,8.66818827827286
Maldives,,1980,15.3537989289037
Maldives,,1979,7.76510253033527
Maldives,,1978,11.5789031825195
Maldives,,1977,8.02674605503744
Maldives,,1976,-2.37909946155953
Maldives,,1975,-10.6755651698573
Maldives,,1974,2.66535722217573
Maldives,,1973,-1.42083390072185
Maldives,,1972,-0.651581794673064
Maldives,,1971,2.04691010957066
Mali,,2025,2.58125250732783
Mali,,2024,1.97282059454264
Mali,,2023,1.69413019181073
Mali,,2022,0.62881217345263
Mali,,2021,-0.00652431025741862
Mali,,2020,-4.10679845683099
Mali,,2019,1.8782927302578
Mali,,2018,1.64097526437071
Mali,,2017,2.06891771151898
Mali,,2016,2.70047363998611
Mali,,2015,2.96620762301546
Mali,,2014,3.18909645735663
Mali,,2013,0.317423676450176
Mali,,2012,-3.9193056742574
Mali,,2011,-0.338811372741219
Mali,,2010,2.20222024826431
Mali,,2009,2.07458358714914
Mali,,2008,0.288268761584348
Mali,,2007,-1.53137745711133
Mali,,2006,0.343315236766117
Mali,,2005,-0.765580835079675
Mali,,2004,-1.75582979330909
Mali,,2003,6.36163328005934
Mali,,2002,-0.115608873309398
Mali,,2001,12.37556659827
Mali,,2000,-3.58595570324812
Mali,,1999,1.8349719976208
Mali,,1998,3.98606276092231
Mali,,1997,1.7818283254516
Mali,,1996,4.09767423199625
Mali,,1995,-1.43053165192022
Mali,,1994,3.34314408169278
Mali,,1993,2.19547279302358
Mali,,1992,-6.95383565800635
Mali,,1991,10.442564245501
Mali,,1990,-7.1334325326944
Mali,,1989,1.68486343159731
Mali,,1988,8.88871132863245
Mali,,1987,-2.48484006129192
Mali,,1986,-2.58442127884273
Mali,,1985,10.9472402980667
Mali,,1984,-4.87310209510017
Mali,,1983,-4.41969916649023
Mali,,1982,-10.36010707755
Mali,,1981,0.0928805017584864
Mali,,1980,-6.29825711883754
Mali,,1979,8.21605866707178
Mali,,1978,-3.35350626705889
Mali,,1977,4.39894121748179
Mali,,1976,11.6040006688889
Mali,,1975,9.63613550505329
Mali,,1974,-3.26394709933854
Mali,,1973,-3.14874009269849
Mali,,1972,4.11717113457735
Mali,,1971,0.937140810577588
Mali,,1970,4.46675944738529
Mali,,1969,-1.30587923636728
Mali,,1968,2.13866214178948
Malta,,2025,2.01451484227326
Malta,,2024,3.20663453457261
Malta,,2023,6.30394245289163
Malta,,2022,0.0887619384696023
Malta,,2021,12.7690777878809
Malta,,2020,-5.62564948135554
Malta,,2019,-0.0478839092805288
Malta,,2018,3.4685156198008
Malta,,2017,9.92374329605097
Malta,,2016,1.72282160938224
Malta,,2015,6.97062709797696
Malta,,2014,5.47839291832402
Malta,,2013,5.09582254051386
Malta,,2012,3.16977888017695
Malta,,2011,0.565202154513315
Malta,,2010,5.6770056257412
Malta,,2009,-2.13584241113088
Malta,,2008,3.73344898701311
Malta,,2007,4.67072002776783
Malta,,2006,1.96401854578517
Malta,,2005,2.22751927185199
Malta,,2004,-0.264750389042717
Malta,,2003,3.01352426839672
Malta,,2002,1.97804075587469
Malta,,2001,-1.49983029433655
Malta,,2000,18.9114915732227
Malta,,1999,4.10096799472961
Malta,,1998,4.44456861855889
Malta,,1997,4.4634101286812
Malta,,1996,3.09824396787577
Malta,,1995,5.60370996346884
Malta,,1994,4.66759489321016
Malta,,1993,3.44243526831163
Malta,,1992,3.61645005135243
Malta,,1991,3.43102812503049
Malta,,1990,5.25659773464982
Malta,,1989,7.13131154020617
Malta,,1988,7.52775697211001
Malta,,1987,3.39606460305863
Malta,,1986,2.16379569866581
Malta,,1985,0.798852022720212
Malta,,1984,0.921302662423145
Malta,,1983,-2.00341492392343
Malta,,1982,0.113836738273918
Malta,,1981,2.55485545283638
Malta,,1980,5.93304998185849
Malta,,1979,9.37649278639732
Malta,,1978,10.0100609634794
Malta,,1977,11.7470838741013
Malta,,1976,16.4231524641836
Malta,,1975,18.6852567559249
Malta,,1974,10.110734170729
Malta,,1973,4.23229500659397
Malta,,1972,5.92581117846879
Malta,,1971,2.43707025687492
Marshall Islands,,2025,5.85210372629017
Marshall Islands,,2024,6.82066577422408
Marshall Islands,,2023,-2.34904444306297
Marshall Islands,,2022,2.49567331790566
Marshall Islands,,2021,5.4661699940084
Marshall Islands,,2020,0.18904949035759
Marshall Islands,,2019,13.6597363046024
Marshall Islands,,2018,8.38496134170197
Marshall Islands,,2017,6.18444127953049
Marshall Islands,,2016,4.84812588584671
Marshall Islands,,2015,3.96521735177255
Marshall Islands,,2014,0.495281427303354
Marshall Islands,,2013,5.32061452634225
Marshall Islands,,2012,-0.35386854623583
Marshall Islands,,2011,-0.239905288671963
Marshall Islands,,2010,5.48848970412462
Marshall Islands,,2009,3.68716247105003
Marshall Islands,,2008,-7.5574639701523
Marshall Islands,,2007,3.60283982880377
Marshall Islands,,2006,0.0102519719929859
Marshall Islands,,2005,1.56552229029398
Marshall Islands,,2004,-0.700644285464008
Marshall Islands,,2003,-1.96961874271634
Marshall Islands,,2002,3.02717549564456
Marshall Islands,,2001,6.05783765607725
Marshall Islands,,2000,1.43606867628043
Marshall Islands,,1999,-2.28792384194793
Marshall Islands,,1998,-1.58910018917851
Marshall Islands,,1997,-7.36490438950175
Marshall Islands,,1996,-11.2390062062195
Marshall Islands,,1995,6.97121573201034
Marshall Islands,,1994,4.50407458142885
Marshall Islands,,1993,4.41929617158642
Marshall Islands,,1992,5.2469534025757
Marshall Islands,,1991,-1.97466653136802
Marshall Islands,,1990,0.276656023957813
Marshall Islands,,1989,-4.54482102930189
Marshall Islands,,1988,3.98646518177495
Marshall Islands,,1987,5.23328202614395
Marshall Islands,,1986,19.7080205625138
Marshall Islands,,1985,-9.97363489636767
Marshall Islands,,1984,-0.29560451730994
Marshall Islands,,1983,10.816144514646
Marshall Islands,,1982,0.49948967620989
Marshall Islands,,1981,2.30431475441186
Marshall Islands,,1980,-10.3194752678733
Marshall Islands,,1979,-1.05532721703746
Marshall Islands,,1978,2.3131892497329
Marshall Islands,,1977,-0.818190483858245
Marshall Islands,,1976,-2.85887539068503
Marshall Islands,,1975,-3.22228561039239
Marshall Islands,,1974,12.0634942615185
Marshall Islands,,1973,30.7137567376963
Marshall Islands,,1972,-1.5555883542245
Marshall Islands,,1971,-1.35058161100996
Mauritania,,2025,1.17779889655245
Mauritania,,2024,3.28552170889522
Mauritania,,2023,3.68749010988319
Mauritania,,2022,3.71273074182706
Mauritania,,2021,-2.12417720362249
Mauritania,,2020,-3.22895410826938
Mauritania,,2019,0.13930852413786
Mauritania,,2018,1.70257045496822
Mauritania,,2017,3.14237150374205
Mauritania,,2016,-1.7297966805089
Mauritania,,2015,2.25580164145644
Mauritania,,2014,1.18070234091525
Mauritania,,2013,0.93552130503231
Mauritania,,2012,1.11502443614368
Mauritania,,2011,0.84650929364669
Mauritania,,2010,-0.603277353696114
Mauritania,,2009,-2.9856873273381
Mauritania,,2008,-3.15557607122382
Mauritania,,2007,-4.48587323087267
Mauritania,,2006,15.4039449751116
Mauritania,,2005,5.96595707845833
Mauritania,,2004,2.30058501496531
Mauritania,,2003,4.50921935163325
Mauritania,,2002,-0.835751864319576
Mauritania,,2001,-3.21840326025114
Mauritania,,2000,-6.555624764896
Mauritania,,1999,0.938401970157202
Mauritania,,1998,0.146944912526024
Mauritania,,1997,-6.15846966758394
Mauritania,,1996,3.7469981568987
Mauritania,,1995,6.8480851478391
Mauritania,,1994,-6.29825533315326
Mauritania,,1993,1.67667797837044
Mauritania,,1992,-1.9506393459167
Mauritania,,1991,-1.14237368703377
Mauritania,,1990,-4.22868516855954
Mauritania,,1989,2.1794641543438
Mauritania,,1988,-1.17605829069022
Mauritania,,1987,-0.992083549763308
Mauritania,,1986,2.71276884801854
Mauritania,,1985,0.0652218003038882
Mauritania,,1984,-5.97417510480535
Mauritania,,1983,0.7932344779652
Mauritania,,1982,-5.11106824793863
Mauritania,,1981,0.529030035382931
Mauritania,,1980,0.475989106823206
Mauritania,,1979,1.86120109080774
Mauritania,,1978,-3.28694098230895
Mauritania,,1977,-4.66415360665071
Mauritania,,1976,5.40971752503738
Mauritania,,1975,-7.89286212395616
Mauritania,,1974,8.87511681463866
Mauritania,,1973,-7.39711131122952
Mauritania,,1972,-3.67713504511052
Mauritania,,1971,-1.20206406826036
Mauritania,,1970,8.62046578971187
Mauritania,,1969,-1.7900988930959
Mauritania,,1968,6.90611599028807
Mauritania,,1967,0.504409037565608
Mauritania,,1966,-2.68277843851287
Mauritania,,1965,12.8373986946092
Mauritania,,1964,24.1431569088826
Mauritania,,1963,-4.64299557553764
Mauritania,,1962,-1.94074898763765
Mauritius,,2025,3.32059861954176
Mauritius,,2024,5.19005192584659
Mauritius,,2023,5.86268595206461
Mauritius,,2022,8.66948184722258
Mauritius,,2021,3.31197751733502
Mauritius,,2020,-14.1994012536253
Mauritius,,2019,2.83079852696363
Mauritius,,2018,4.05992866276578
Mauritius,,2017,3.86072669871569
Mauritius,,2016,3.81440765602909
Mauritius,,2015,3.58042781630353
Mauritius,,2014,3.66990365786847
Mauritius,,2013,3.14746046384803
Mauritius,,2012,3.22396185289575
Mauritius,,2011,3.9789069685684
Mauritius,,2010,4.14867580867737
Mauritius,,2009,3.08941590518148
Mauritius,,2008,5.08235833519142
Mauritius,,2007,5.28311581104207
Mauritius,,2006,4.3775868209086
Mauritius,,2005,1.17669908705355
Mauritius,,2004,3.67780930188415
Mauritius,,2003,5.16167044757967
Mauritius,,2002,0.91191021688131
Mauritius,,2001,2.53426285301911
Mauritius,,2000,7.14471594691585
Mauritius,,1999,1.31474866707532
Mauritius,,1998,4.9625194260115
Mauritius,,1997,4.37241713991034
Mauritius,,1996,4.51343261386268
Mauritius,,1995,3.39477636345518
Mauritius,,1994,2.68832851665609
Mauritius,,1993,3.84362800083511
Mauritius,,1992,5.12044441463966
Mauritius,,1991,3.31416639957534
Mauritius,,1990,6.42594403706114
Mauritius,,1989,3.66809083183541
Mauritius,,1988,6.05871916312691
Mauritius,,1987,8.07946640916145
Mauritius,,1986,8.90623690277326
Mauritius,,1985,6.08387629353149
Mauritius,,1984,3.60922239120045
Mauritius,,1983,-0.535170122849365
Mauritius,,1982,4.21530028911556
Mauritius,,1981,4.32477986348574
Mauritius,,1980,-11.5649251333925
Mauritius,,1979,1.73049166647117
Mauritius,,1978,2.48272818801077
Mauritius,,1977,4.82783144165144
Mauritius,,1976,21.7720106554531
Mauritius,,1975,-0.672886411363237
Mauritius,,1974,7.17315882460099
Mauritius,,1973,10.3286719864339
Mauritius,,1972,6.71579995324683
Mauritius,,1971,2.62974799290556
Mauritius,,1970,-2.0416047009991
Mauritius,,1969,3.12571696072585
Mauritius,,1968,-8.58016872934458
Mauritius,,1967,2.37292423698668
Mauritius,,1966,-5.55162051667439
Mauritius,,1965,0.919382806421922
Mauritius,,1964,-9.10478111581807
Mauritius,,1963,10.9615309767462
Mauritius,,1962,-2.01353667323197
Mauritius,,1961,22.7722192316737
Mexico,,2025,-0.26591634448161
Mexico,,2024,0.482180650417988
Mexico,,2023,2.21143135142616
Mexico,,2022,2.93163504610845
Mexico,,2021,5.34306680540892
Mexico,,2020,-9.10287155806593
Mexico,,2019,-1.33462177697962
Mexico,,2018,1.01136623366224
Mexico,,2017,0.923425371780112
Mexico,,2016,0.790955203187124
Mexico,,2015,1.6097101105377
Mexico,,2014,1.27091421020926
Mexico,,2013,-0.447810747405228
Mexico,,2012,2.15731830473833
Mexico,,2011,1.99026327309548
Mexico,,2010,3.47084287436401
Mexico,,2009,-7.65517174021555
Mexico,,2008,-0.519889915451088
Mexico,,2007,0.650788705758472
Mexico,,2006,3.39577676474912
Mexico,,2005,0.745413240991311
Mexico,,2004,2.16106231298699
Mexico,,2003,-0.219450145073267
Mexico,,2002,-1.66063053524651
Mexico,,2001,-1.9162965888934
Mexico,,2000,3.42140514214798
Mexico,,1999,1.12511671046124
Mexico,,1998,4.45852674996333
Mexico,,1997,5.4105352178055
Mexico,,1996,4.39127291010242
Mexico,,1995,-7.570493728271
Mexico,,1994,2.51651622705648
Mexico,,1993,0.978743803735597
Mexico,,1992,1.6256225611147
Mexico,,1991,1.99270147824622
Mexico,,1990,3.25104891064525
Mexico,,1989,1.64641971230517
Mexico,,1988,-0.761612937777471
Mexico,,1987,0.03740353614306
Mexico,,1986,-5.86454491938434
Mexico,,1985,-0.167653630041542
Mexico,,1984,1.35095056837716
Mexico,,1983,-6.66225018314198
Mexico,,1982,-2.23660397455552
Mexico,,1981,7.05382554663818
Mexico,,1980,6.08786612398586
Mexico,,1979,6.90793014188141
Mexico,,1978,6.11197419756868
Mexico,,1977,0.631197756819006
Mexico,,1976,1.55395269847907
Mexico,,1975,2.76437782991901
Mexico,,1974,2.72668136370025
Mexico,,1973,4.68903830009573
Mexico,,1972,4.98854344733381
Mexico,,1971,0.599648629534883
Mexico,,1970,3.18729327491707
Mexico,,1969,0.131429927580754
Mexico,,1968,5.89118219634901
Mexico,,1967,2.41168021730715
Mexico,,1966,2.63807045804295
Mexico,,1965,3.62109187320065
Mexico,,1964,8.29429095834888
Mexico,,1963,4.6440035154278
Mexico,,1962,1.35006650642337
Mexico,,1961,1.7701917694359
Micronesia,,2025,0.597667410706975
Micronesia,,2024,1.82218727310135
Micronesia,,2023,0.667659305636874
Micronesia,,2022,-3.53756970750719
Micronesia,,2021,2.445766552558
Micronesia,,2020,-2.61687691868171
Micronesia,,2019,3.29317692508138
Micronesia,,2018,0.0155080252273621
Micronesia,,2017,1.69615440576835
Micronesia,,2016,0.927224155763625
Micronesia,,2015,4.0787101496705
Micronesia,,2014,-2.81129684982227
Micronesia,,2013,-3.90944028072801
Micronesia,,2012,-1.79451030307897
Micronesia,,2011,3.62925834784508
Micronesia,,2010,2.1037928244549
Micronesia,,2009,2.21732101369363
Micronesia,,2008,-1.6870200410321
Micronesia,,2007,-0.899914202895062
Micronesia,,2006,0.201049259643597
Micronesia,,2005,3.21654818694653
Micronesia,,2004,-2.87899601132597
Micronesia,,2003,1.91048154546718
Micronesia,,2002,0.36908090872447
Micronesia,,2001,1.52928759804583
Micronesia,,2000,4.28464922262306
Micronesia,,1999,0.854442108889316
Micronesia,,1998,2.55428154794018
Micronesia,,1997,-6.5159276166271
Micronesia,,1996,-3.75814175630508
Micronesia,,1995,5.89315573285003
Micronesia,,1994,-2.36652040687224
Micronesia,,1993,5.85796163752362
Micronesia,,1992,1.97168325826154
Micronesia,,1991,5.47645204082525
Micronesia,,1990,1.80262252769936
Micronesia,,1989,1.53293480509326
Micronesia,,1988,0.169399590686623
Micronesia,,1987,-1.55099889726419
Micronesia,,1986,4.98453718985263
Micronesia,,1985,13.2623065884291
Micronesia,,1984,-6.70250495147869
Micronesia,,1983,-1.03232864959392
Micronesia,,1982,-5.49319732042451
Micronesia,,1981,6.44139123488597
Micronesia,,1980,-10.0174331174198
Micronesia,,1979,-1.01017931344639
Micronesia,,1978,2.7347186468033
Micronesia,,1977,-0.0405965358471008
Micronesia,,1976,-1.99965011138235
Micronesia,,1975,-2.41762520319851
Micronesia,,1974,12.2348807545385
Micronesia,,1973,30.3549687170885
Micronesia,,1972,-1.59777953240689
Micronesia,,1971,-0.590187764001698
Moldova,,2025,4.22916834786508
Moldova,,2024,2.58624390238423
Moldova,,2023,4.1058113116506
Moldova,,2022,-2.11552607964038
Moldova,,2021,15.6557976122015
Moldova,,2020,-7.26326976771907
Moldova,,2019,5.22280984962049
Moldova,,2018,5.92036718190722
Moldova,,2017,5.99041199822246
Moldova,,2016,5.87017576429136
Moldova,,2015,0.429158887977096
Moldova,,2014,5.06366581042911
Moldova,,2013,9.0730755766005
Moldova,,2012,-0.576700868382531
Moldova,,2011,5.87938512338968
Moldova,,2010,7.20697461136707
Moldova,,2009,-5.88123771461969
Moldova,,2008,8.00539195483559
Moldova,,2007,3.238946835622
Moldova,,2006,5.09166801572276
Moldova,,2005,7.76188624467986
Moldova,,2004,7.66608705336095
Moldova,,2003,6.90061128351323
Moldova,,2002,8.04993224916466
Moldova,,2001,6.33753269392803
Moldova,,2000,2.31558560482232
Moldova,,1999,-3.21641326739017
Moldova,,1998,-6.50442976428336
Moldova,,1997,2.02368735233713
Moldova,,1996,-5.68841796095853
Moldova,,1995,-0.947765202549817
Moldova,,1994,-30.6852291224891
Moldova,,1993,-1.0340366120968
Moldova,,1992,-29.0857055867621
Moldova,,1991,-16.1029448311885
Monaco,,2024,9.42342942977361
Monaco,,2023,5.37628226810594
Monaco,,2022,10.1116479795959
Monaco,,2021,20.7188673661029
Monaco,,2020,-13.1045741376188
Monaco,,2019,7.24738037567747
Monaco,,2018,4.37923997124996
Monaco,,2017,-4.23891093966274
Monaco,,2016,1.57423975069067
Monaco,,2015,3.11510490897003
Monaco,,2014,5.1665902777315
Monaco,,2013,7.3019059415093
Monaco,,2012,-1.21400229828895
Monaco,,2011,4.5537743299959
Monaco,,2010,-0.393849531303786
Monaco,,2009,-12.7834725197235
Monaco,,2008,0.750035773265338
Monaco,,2007,15.2283004153469
Monaco,,2006,6.32268952424462
Monaco,,2005,2.20227083533935
Monaco,,2004,2.68299142149206
Monaco,,2003,1.23741613461443
Monaco,,2002,1.10439722287524
Monaco,,2001,2.21292868129454
Monaco,,2000,3.76615473587731
Monaco,,1999,2.84475445173365
Monaco,,1998,2.84889260369977
Monaco,,1997,1.51661744831787
Monaco,,1996,0.386629436841616
Monaco,,1995,1.36118434819619
Monaco,,1994,1.43699365480825
Monaco,,1993,-1.70632831575767
Monaco,,1992,0.506793651306438
Monaco,,1991,0.134442109756321
Monaco,,1990,1.71703258668268
Monaco,,1989,3.11454387457653
Monaco,,1988,3.42199452816291
Monaco,,1987,1.25598438971197
Monaco,,1986,1.17756469659412
Monaco,,1985,0.381187157653301
Monaco,,1984,0.0672540922531368
Monaco,,1983,-0.249118008842842
Monaco,,1982,1.43634867918163
Monaco,,1981,0.290065073128503
Monaco,,1980,0.823144359145871
Monaco,,1979,2.42925487680787
Monaco,,1978,2.65632976497696
Monaco,,1977,2.06337488235428
Monaco,,1976,2.81894319399755
Monaco,,1975,-2.00174537960469
Monaco,,1974,3.79977999896775
Monaco,,1973,5.66127628854424
Monaco,,1972,3.44448786326264
Monaco,,1971,3.74229599197595
Mongolia,,2025,5.52100531357551
Mongolia,,2024,3.82045181254634
Mongolia,,2023,5.95952333228973
Mongolia,,2022,3.50307766866899
Mongolia,,2021,-0.0614212834574062
Mongolia,,2020,-6.26542378289111
Mongolia,,2019,3.67988421239794
Mongolia,,2018,5.75427016552706
Mongolia,,2017,3.6220070103727
Mongolia,,2016,-0.547071462431205
Mongolia,,2015,0.223539088154311
Mongolia,,2014,5.5513088464518
Mongolia,,2013,9.36487841658389
Mongolia,,2012,10.2081460867694
Mongolia,,2011,15.2830434931644
Mongolia,,2010,4.52004039651671
Mongolia,,2009,-3.02646374326369
Mongolia,,2008,7.19669912596376
Mongolia,,2007,8.77843828826261
Mongolia,,2006,7.25546356240756
Mongolia,,2005,6.06987814990435
Mongolia,,2004,9.38888056764907
Mongolia,,2003,5.65230856172873
Mongolia,,2002,3.39545599901953
Mongolia,,2001,1.69858502304278
Mongolia,,2000,-0.187391049653314
Mongolia,,1999,1.62700695420628
Mongolia,,1998,1.9142707948799
Mongolia,,1997,2.43497398038362
Mongolia,,1996,0.671279562919665
Mongolia,,1995,4.67675252336375
Mongolia,,1994,1.00243035352044
Mongolia,,1993,-3.04982824808563
Mongolia,,1992,-9.35893880867637
Mongolia,,1991,-11.5032310198363
Mongolia,,1990,-2.00927357459601
Mongolia,,1989,1.83081028356773
Mongolia,,1988,2.39857131601262
Mongolia,,1987,0.807482244578523
Mongolia,,1986,6.63080430454544
Mongolia,,1985,3.11807065114324
Mongolia,,1984,3.37560937348364
Mongolia,,1983,3.30386953668207
Mongolia,,1982,5.76266258481817
Montenegro,,2025,2.809847957069
Montenegro,,2024,3.16476067540844
Montenegro,,2023,6.48895040768953
Montenegro,,2022,7.99214069071184
Montenegro,,2021,13.3242405343679
Montenegro,,2020,-14.970505034482
Montenegro,,2019,4.34144828521134
Montenegro,,2018,4.65668340285264
Montenegro,,2017,3.11297073146422
Montenegro,,2016,3.32318817615919
Montenegro,,2015,2.37419874424694
Montenegro,,2014,2.18041940678877
Montenegro,,2013,3.1920026066844
Montenegro,,2012,-2.65570357284696
Montenegro,,2011,3.25692677248162
Montenegro,,2010,2.58744435496348
Montenegro,,2009,-6.19590190743681
Montenegro,,2008,6.70904934455439
Montenegro,,2007,6.98968425407895
Montenegro,,2006,8.43155589607736
Montenegro,,2005,4.02660240456581
Montenegro,,2004,4.24115518507786
Montenegro,,2003,2.07441348286153
Montenegro,,2002,1.49637251756793
Montenegro,,2001,0.693869613179103
Montenegro,,2000,3.27911575775674
Montenegro,,1999,-9.1516675429089
Montenegro,,1998,5.22074876876175
Morocco,,2025,3.63054771517801
Morocco,,2024,2.77494467917541
Morocco,,2023,2.58793464682357
Morocco,,2022,0.779078150413596
Morocco,,2021,7.0606299574828
Morocco,,2020,-8.13866950405836
Morocco,,2019,1.81642055572905
Morocco,,2018,1.91410663270995
Morocco,,2017,3.78371209116371
Morocco,,2016,-0.693616602037565
Morocco,,2015,3.10634719191513
Morocco,,2014,1.43852495314533
Morocco,,2013,2.7578648778037
Morocco,,2012,1.66384638357194
Morocco,,2011,4.06561020586629
Morocco,,2010,2.07976488720576
Morocco,,2009,2.34392549842086
Morocco,,2008,4.24978033517071
Morocco,,2007,2.03302704420354
Morocco,,2006,6.31205425044466
Morocco,,2005,1.78494971981462
Morocco,,2004,3.20713471239438
Morocco,,2003,4.79759279351288
Morocco,,2002,2.33486055707684
Morocco,,2001,6.22462901700752
Morocco,,2000,1.11923449171742
Morocco,,1999,0.193527268702582
Morocco,,1998,5.6191020810503
Morocco,,1997,-3.05848049935375
Morocco,,1996,10.6261769917233
Morocco,,1995,-6.85093735561554
Morocco,,1994,8.93493014775943
Morocco,,1993,-2.3082713662061
Morocco,,1992,-3.71287726230331
Morocco,,1991,5.37416537843612
Morocco,,1990,1.55138144572757
Morocco,,1989,0.9507648054133
Morocco,,1988,9.74037643742669
Morocco,,1987,-2.29599450642142
Morocco,,1986,6.90663147405301
Morocco,,1985,3.50437639960224
Morocco,,1984,3.78166646169767
Morocco,,1983,-1.22675307289562
Morocco,,1982,6.09558534032797
Morocco,,1981,-4.35702244931034
Morocco,,1980,0.906508824253734
Morocco,,1979,2.08718681054781
Morocco,,1978,-0.388806819299518
Morocco,,1977,3.40082701337403
Morocco,,1976,8.16792587955295
Morocco,,1975,5.0134950017876
Morocco,,1974,3.04316664113762
Morocco,,1973,1.02792973594954
Morocco,,1972,-0.103994570705652
Morocco,,1971,2.85804891072934
Morocco,,1970,1.92169489358156
Morocco,,1969,5.49112338641224
Morocco,,1968,6.95381786169247
Morocco,,1967,7.0839118825957
Mozambique,,2025,-3.3149717543654
Mozambique,,2024,-0.790637245811396
Mozambique,,2023,2.43327226953775
Mozambique,,2022,1.33807617743051
Mozambique,,2021,-0.606316436997986
Mozambique,,2020,-4.10527399484737
Mozambique,,2019,-0.646283515954551
Mozambique,,2018,0.445674338631605
Mozambique,,2017,-0.38371430909207
Mozambique,,2016,1.67319789859388
Mozambique,,2015,4.32231286612486
Mozambique,,2014,4.62514159794316
Mozambique,,2013,3.53500457192386
Mozambique,,2012,4.93805479095479
Mozambique,,2011,4.19033881987379
Mozambique,,2010,3.86194568743883
Mozambique,,2009,3.21964861492762
Mozambique,,2008,4.27502296305138
Mozambique,,2007,5.11813481404295
Mozambique,,2006,7.35938789849386
Mozambique,,2005,3.88124108732595
Mozambique,,2004,5.76229495896818
Mozambique,,2003,4.81743112185357
Mozambique,,2002,7.23540386040537
Mozambique,,2001,10.3674476794306
Mozambique,,2000,-1.43002745719546
Mozambique,,1999,9.33253113812987
Mozambique,,1998,7.88387808921387
Mozambique,,1997,8.79691551855426
Mozambique,,1996,7.12551466304502
Mozambique,,1995,-3.80641661568473
Mozambique,,1994,-0.517089157596189
Mozambique,,1993,7.4832084877323
Mozambique,,1992,-9.35015950296335
Mozambique,,1991,2.90150857904059
Mozambique,,1990,-0.447724916646848
Mozambique,,1989,5.62300873369163
Mozambique,,1988,8.38609105929899
Mozambique,,1987,14.2348877850341
Mozambique,,1986,-3.9955460779278
Mozambique,,1985,-0.875259465006366
Mozambique,,1984,-8.33821249605023
Mozambique,,1983,-17.4416877347159
Mozambique,,1982,-8.91754654550385
Mozambique,,1981,2.89507009127341
Myanmar,,2025,-2.63809868547972
Myanmar,,2024,-1.63760945284048
Myanmar,,2023,0.255328677987336
Myanmar,,2022,3.32202841461704
Myanmar,,2021,-12.627100008178
Myanmar,,2020,-9.69306034482335
Myanmar,,2019,5.83309474734135
Myanmar,,2018,5.50179746363222
Myanmar,,2017,5.31957403505668
Myanmar,,2016,5.02652118853597
Myanmar,,2015,6.13960007817474
Myanmar,,2014,7.27568618509038
Myanmar,,2013,7.50873881521075
Myanmar,,2012,6.43324807639843
Myanmar,,2011,4.74658078594661
Myanmar,,2010,8.82058943535873
Myanmar,,2009,9.93736426370333
Myanmar,,2008,9.64981113277751
Myanmar,,2007,11.2004378218927
Myanmar,,2006,12.2555240244746
Myanmar,,2005,12.6841326603106
Myanmar,,2004,12.5957538910265
Myanmar,,2003,12.7839447542935
Myanmar,,2002,10.9072271265814
Myanmar,,2001,10.1756123569494
Myanmar,,2000,12.482374612359
Myanmar,,1999,9.63242064027712
Myanmar,,1998,4.55299760975552
Myanmar,,1997,4.31262080345346
Myanmar,,1996,5.08730337678504
Myanmar,,1995,5.56695024355048
Myanmar,,1994,6.06541834448598
Myanmar,,1993,4.62881857490504
Myanmar,,1992,8.17152631473792
Myanmar,,1991,-2.06950928482055
Myanmar,,1990,1.26080181285046
Myanmar,,1989,2.0725130117562
Myanmar,,1988,-12.7977113793946
Myanmar,,1987,-5.66584751248742
Myanmar,,1986,-2.89236375381986
Myanmar,,1985,0.819094329655073
Myanmar,,1984,2.77967184934921
Myanmar,,1983,2.37305040843225
Myanmar,,1982,3.6923227411598
Myanmar,,1981,4.37186576967967
Myanmar,,1980,5.88985920930025
Myanmar,,1979,3.18877059262354
Myanmar,,1978,4.46225115146774
Myanmar,,1977,3.93449077194339
Myanmar,,1976,4.07235741457264
Myanmar,,1975,2.15640116972497
Myanmar,,1974,3.30736594618683
Myanmar,,1973,-3.00859215295391
Myanmar,,1972,0.197812382628882
Myanmar,,1971,1.82995051871539
Myanmar,,1970,2.63250172803984
Myanmar,,1969,0.978225674449007
Myanmar,,1968,9.54462086358399
Myanmar,,1967,-8.0356026632986
Myanmar,,1966,-6.98588586231605
Myanmar,,1965,8.22108185350304
Myanmar,,1964,-7.97103480675398
Myanmar,,1963,10.8654054640746
Myanmar,,1962,1.82156023927051
Myanmar,,1961,-1.70125940573504
Namibia,,2025,-0.331679377239283
Namibia,,2024,1.48261098927927
Namibia,,2023,1.73954320359132
Namibia,,2022,2.51308808227621
Namibia,,2021,0.588992664401843
Namibia,,2020,-10.7372931134497
Namibia,,2019,-3.57649160039189
Namibia,,2018,-1.70342664632669
Namibia,,2017,-3.69773452685817
Namibia,,2016,-2.62833210419717
Namibia,,2015,1.53445826192009
Namibia,,2014,3.35635017944713
Namibia,,2013,2.90208375663774
Namibia,,2012,2.74809367129893
Namibia,,2011,3.30348908465837
Namibia,,2010,4.40996877603639
Namibia,,2009,-1.16873879710282
Namibia,,2008,1.22288329166788
Namibia,,2007,3.97963640998429
Namibia,,2006,5.71286099626298
Namibia,,2005,1.25193634526472
Namibia,,2004,10.8464095671906
Namibia,,2003,2.74512795300122
Namibia,,2002,2.96331356534192
Namibia,,2001,-0.914261311645021
Namibia,,2000,1.08624861082079
Namibia,,1999,0.830796514901323
Namibia,,1998,0.699616557473064
Namibia,,1997,1.55725793627271
Namibia,,1996,0.43724120271753
Namibia,,1995,0.924653081983507
Namibia,,1994,-1.38201534236413
Namibia,,1993,-4.67006650318467
Namibia,,1992,3.84175231745985
Namibia,,1991,4.62186313943347
Namibia,,1990,-3.94107998949322
Namibia,,1989,-4.4041130727615
Namibia,,1988,-2.67094567091036
Namibia,,1987,0.29009670779547
Namibia,,1986,1.60030132616392
Namibia,,1985,-2.36605178349831
Namibia,,1984,-2.90207268840599
Namibia,,1983,-4.39758855700816
Namibia,,1982,-2.15370467573408
Namibia,,1981,-0.154344011354212
Nepal,,2025,4.54686122541752
Nepal,,2024,3.83018649177322
Nepal,,2023,2.05405906693403
Nepal,,2022,4.77665725235042
Nepal,,2021,3.02971971240495
Nepal,,2020,-4.23182776858643
Nepal,,2019,5.40192160337149
Nepal,,2018,7.36009731523734
Nepal,,2017,8.76020605401564
Nepal,,2016,-0.0405110299060141
Nepal,,2015,3.4108030002933
Nepal,,2014,5.69591211662627
Nepal,,2013,3.31847430980025
Nepal,,2012,4.40244630730626
Nepal,,2011,2.96035780817019
Nepal,,2010,4.16886489216166
Nepal,,2009,3.82909610583356
Nepal,,2008,5.31231494291112
Nepal,,2007,2.55045520091535
Nepal,,2006,2.36866119233534
Nepal,,2005,2.32754534491777
Nepal,,2004,3.36324782625996
Nepal,,2003,2.48926345447566
Nepal,,2002,-1.39074360828988
Nepal,,2001,3.11851050390348
Nepal,,2000,4.37721035459148
Nepal,,1999,2.48732085355503
Nepal,,1998,1.01136751517303
Nepal,,1997,2.88786824199163
Nepal,,1996,3.02911523214613
Nepal,,1995,1.01279328094282
Nepal,,1994,5.53859144431293
Nepal,,1993,1.05282878357509
Nepal,,1992,1.21094958738936
Nepal,,1991,3.65047375085233
Nepal,,1990,2.13356922780787
Nepal,,1989,2.03508410331588
Nepal,,1988,5.45398866703283
Nepal,,1987,-0.435088375434745
Nepal,,1986,2.28081213319082
Nepal,,1985,3.7614916801796
Nepal,,1984,7.1381623325468
Nepal,,1983,-5.25126113340109
Nepal,,1982,1.38792612305454
Nepal,,1981,5.82899974667717
Nepal,,1980,-4.59615404233888
Nepal,,1979,0.00420812974471119
Nepal,,1978,2.00998844041953
Nepal,,1977,0.732523781797184
Nepal,,1976,2.13824970418808
Nepal,,1975,-0.754394199496474
Nepal,,1974,4.03586160968226
Nepal,,1973,-2.62170622757225
Nepal,,1972,0.902574752258815
Nepal,,1971,-3.32438324826668
Nepal,,1970,0.355960221194266
Nepal,,1969,2.22450931181571
Nepal,,1968,-1.46845224521357
Nepal,,1967,-3.63257452082799
Nepal,,1966,4.83298283175135
Nepal,,1965,-3.21052171467907
Nepal,,1964,5.40492265049775
Nepal,,1963,-0.0868151307077909
Nepal,,1962,-0.0532796554804804
Nepal,,1961,-0.015037989225533
Netherlands,,2025,1.25483261232941
Netherlands,,2024,0.420163692410952
Netherlands,,2023,-1.57742254006001
Netherlands,,2022,4.01097879214146
Netherlands,,2021,5.72194046869852
Netherlands,,2020,-4.40056893380125
Netherlands,,2019,1.63221248669214
Netherlands,,2018,1.6633486959666
Netherlands,,2017,2.17565329205816
Netherlands,,2016,1.8806480971239
Netherlands,,2015,1.66902244941207
Netherlands,,2014,1.24758527002837
Netherlands,,2013,-0.32453861663322
Netherlands,,2012,-1.34358548841696
Netherlands,,2011,1.29970857644341
Netherlands,,2010,0.80099304285595
Netherlands,,2009,-4.15944424816443
Netherlands,,2008,1.71998513111112
Netherlands,,2007,3.65969583887677
Netherlands,,2006,3.37113428384058
Netherlands,,2005,1.79587820013489
Netherlands,,2004,1.66241697012426
Netherlands,,2003,-0.373308769807309
Netherlands,,2002,-0.391993507260253
Netherlands,,2001,1.55411293814574
Netherlands,,2000,3.4774247585043
Netherlands,,1999,4.3466068154929
Netherlands,,1998,4.00438862508908
Netherlands,,1997,3.71321607268793
Netherlands,,1996,2.94455608836117
Netherlands,,1995,2.60797337456728
Netherlands,,1994,2.34216822347608
Netherlands,,1993,0.55424961175612
Netherlands,,1992,0.940015106518203
Netherlands,,1991,1.63505452884729
Netherlands,,1990,3.46827763514348
Netherlands,,1989,3.79556934033765
Netherlands,,1988,2.77504347582287
Netherlands,,1987,1.28651507074073
Netherlands,,1986,2.21813145648544
Netherlands,,1985,2.10293504255117
Netherlands,,1984,2.65340358831125
Netherlands,,1983,1.68361881795687
Netherlands,,1982,-1.69259018872161
Netherlands,,1981,-1.46195298696725
Netherlands,,1980,0.543127983861297
Netherlands,,1979,1.31240542653921
Netherlands,,1978,2.06633299806927
Netherlands,,1977,1.91263625772839
Netherlands,,1976,3.63954429313284
Netherlands,,1975,-0.885418101273956
Netherlands,,1974,2.63126519914482
Netherlands,,1973,4.57544920846303
Netherlands,,1972,2.49224328704597
Netherlands,,1971,3.0838584070117
Netherlands,,1970,4.83328862090096
Netherlands,,1969,5.20413701074402
Netherlands,,1968,5.3166716800044
Netherlands,,1967,4.09377430274549
Netherlands,,1966,1.40887040663537
Netherlands,,1965,7.16198182914103
Netherlands,,1964,6.83606838015321
Netherlands,,1963,2.23663140190166
Netherlands,,1962,5.33233678194014
Netherlands,,1961,-1.0149977381941
New Zealand,,2025,-0.19182451888318
New Zealand,,2024,-2.55526584760841
New Zealand,,2023,-0.502371566531039
New Zealand,,2022,3.40419502781879
New Zealand,,2021,4.04890442681972
New Zealand,,2020,-2.24892070128274
New Zealand,,2019,0.888801067116702
New Zealand,,2018,1.48792512472586
New Zealand,,2017,1.18008899640975
New Zealand,,2016,1.43938460571344
New Zealand,,2015,1.63906665013374
New Zealand,,2014,2.10912726740773
New Zealand,,2013,1.77980097200441
New Zealand,,2012,1.74325488763843
New Zealand,,2011,1.36863094989059
New Zealand,,2010,0.349983779394819
New Zealand,,2009,-1.0346067631192
New Zealand,,2008,-1.86205389881211
New Zealand,,2007,2.10661992432209
New Zealand,,2006,1.5292427792522
New Zealand,,2005,2.19289321941467
New Zealand,,2004,2.5549616303889
New Zealand,,2003,2.67930990113685
New Zealand,,2002,2.91176998851674
New Zealand,,2001,2.80795315087559
New Zealand,,2000,2.26614300686462
New Zealand,,1999,4.83083323051672
New Zealand,,1998,-0.0357209347019278
New Zealand,,1997,0.744671159659745
New Zealand,,1996,1.96425239973273
New Zealand,,1995,3.21420866400058
New Zealand,,1994,3.72373489472506
New Zealand,,1993,5.17750109265798
New Zealand,,1992,0.0531850637493676
New Zealand,,1991,-5.75446298017491
New Zealand,,1990,-0.783344535959387
New Zealand,,1989,-0.314993720948351
New Zealand,,1988,-0.60781002582435
New Zealand,,1987,0.0960757282715008
New Zealand,,1986,2.738581723891
New Zealand,,1985,0.98945118644464
New Zealand,,1984,3.88995759391308
New Zealand,,1983,2.09408330693218
New Zealand,,1982,-0.0680673084436165
New Zealand,,1981,4.25376230879198
New Zealand,,1980,1.15735784465687
New Zealand,,1979,2.59278488018779
New Zealand,,1978,0.286422342103208
New Zealand,,1977,-4.23497799504842
New Zealand,,1976,0.0397436511712357
New Zealand,,1975,-3.62495237108361
New Zealand,,1974,3.80605747971336
New Zealand,,1973,5.71074430477381
New Zealand,,1972,3.27656498853929
New Zealand,,1971,2.2466824977154
New Zealand,,1970,-2.72718081980643
New Zealand,,1969,9.2130614239681
New Zealand,,1968,-0.921752627993683
New Zealand,,1967,-6.27761048709901
New Zealand,,1966,4.36244206105152
New Zealand,,1965,4.37576938892994
New Zealand,,1964,3.9035724832649
New Zealand,,1963,4.01511003837204
New Zealand,,1962,0.493468836793525
New Zealand,,1961,1.27042940112194
Nicaragua,,2025,3.55555975864928
Nicaragua,,2024,2.19519595254721
Nicaragua,,2023,3.00516001401436
Nicaragua,,2022,2.22851395042827
Nicaragua,,2021,9.13330612485078
Nicaragua,,2020,-3.4517971097024
Nicaragua,,2019,-4.14856907147293
Nicaragua,,2018,-4.62941675714166
Nicaragua,,2017,3.24691576299918
Nicaragua,,2016,3.16650951067395
Nicaragua,,2015,3.37914204919937
Nicaragua,,2014,3.35791289379488
Nicaragua,,2013,3.47943447123747
Nicaragua,,2012,5.0120845551519
Nicaragua,,2011,4.82579847166105
Nicaragua,,2010,2.9388092403868
Nicaragua,,2009,-4.66051140515347
Nicaragua,,2008,1.96391791132177
Nicaragua,,2007,3.57801456385216
Nicaragua,,2006,2.67777444612834
Nicaragua,,2005,2.93169257880047
Nicaragua,,2004,4.0749066715682
Nicaragua,,2003,1.31955360750133
Nicaragua,,2002,-0.460685992278769
Nicaragua,,2001,1.64157183542785
Nicaragua,,2000,2.67944162568968
Nicaragua,,1999,5.51571518995972
Nicaragua,,1998,2.1384399499342
Nicaragua,,1997,2.24599060138242
Nicaragua,,1996,4.38727575317672
Nicaragua,,1995,3.77641566640617
Nicaragua,,1994,1.16653527605601
Nicaragua,,1993,-2.55575157455552
Nicaragua,,1992,-1.85750643208351
Nicaragua,,1991,-2.46398821920231
Nicaragua,,1990,-2.35955546973541
Nicaragua,,1989,-4.01338935580978
Nicaragua,,1988,-14.4368658409524
Nicaragua,,1987,-2.95729751691646
Nicaragua,,1986,-3.30466953331114
Nicaragua,,1985,-6.34298617236558
Nicaragua,,1984,-3.9819118632871
Nicaragua,,1983,1.90068623874957
Nicaragua,,1982,-3.50080649950205
Nicaragua,,1981,2.42596293058266
Nicaragua,,1980,1.78518532048204
Nicaragua,,1979,-28.4352577564308
Nicaragua,,1978,-10.4651268112149
Nicaragua,,1977,5.15700759168998
Nicaragua,,1976,2.06068988501941
Nicaragua,,1975,-3.16139943508314
Nicaragua,,1974,10.7317623314286
Nicaragua,,1973,3.3762730782903
Nicaragua,,1972,-0.708694819810958
Nicaragua,,1971,0.132665210232247
Nicaragua,,1970,-1.76940211814291
Nicaragua,,1969,2.95511711044021
Nicaragua,,1968,-1.78611799160491
Nicaragua,,1967,3.68379924294555
Nicaragua,,1966,0.153568912145843
Nicaragua,,1965,6.22225013795369
Nicaragua,,1964,8.36354337479248
Nicaragua,,1963,7.57736353106515
Nicaragua,,1962,7.61684994201283
Nicaragua,,1961,4.33208013781379
Niger,,2025,3.61405715985865
Niger,,2024,4.82684088461107
Niger,,2023,-0.691442852917362
Niger,,2022,8.63112578820736
Niger,,2021,-2.12237799775981
Niger,,2020,1.06429267675003
Niger,,2019,2.56706453200282
Niger,,2018,3.26870208925641
Niger,,2017,1.84106184580625
Niger,,2016,0.519341979477275
Niger,,2015,0.604320140159473
Niger,,2014,2.77949866185601
Niger,,2013,1.43045373805732
Niger,,2012,6.45537638540985
Niger,,2011,-1.38136228282855
Niger,,2010,4.60766589552573
Niger,,2009,-1.75785643451498
Niger,,2008,3.81608288917157
Niger,,2007,-0.585038841788489
Niger,,2006,2.12703436992842
Niger,,2005,3.50589535528762
Niger,,2004,-3.18333778722413
Niger,,2003,-1.40492633289823
Niger,,2002,1.27795509678579
Niger,,2001,3.56959177749576
Niger,,2000,-4.57504226731116
Niger,,1999,-3.59420117545913
Niger,,1998,6.31303577624729
Niger,,1997,-1.78818258744471
Niger,,1996,-3.19125592898469
Niger,,1995,-0.878404477406505
Niger,,1994,-1.36907813994121
Niger,,1993,-2.79968693637561
Niger,,1992,-1.13103705292642
Niger,,1991,-3.47795488612833
Niger,,1990,-4.30134942960251
Niger,,1989,-2.07152216557793
Niger,,1988,3.68166854460942
Niger,,1987,-2.8945708827687
Niger,,1986,3.20101161942344
Niger,,1985,4.56326937920227
Niger,,1984,-19.2433493449205
Niger,,1983,-6.67109077586078
Niger,,1982,-0.817728941415822
Niger,,1981,-3.11509572447844
Niger,,1980,-5.32313551445273
Niger,,1979,4.04130064069462
Niger,,1978,10.2699902183686
Niger,,1977,4.79699343582834
Niger,,1976,-2.04727491683641
Niger,,1975,-5.39047250934456
Niger,,1974,5.89370852944069
Niger,,1973,-19.2378626749265
Niger,,1972,-7.65310196943919
Niger,,1971,2.89253600729144
Niger,,1970,0.295598660695489
Niger,,1969,-8.03559959200234
Niger,,1968,-2.35304728709581
Niger,,1967,-2.6362899206805
Niger,,1966,-3.15298481907675
Niger,,1965,3.91308368615822
Niger,,1964,-2.71685097378995
Niger,,1963,6.29886148775269
Niger,,1962,7.12109867644189
Niger,,1961,1.55872572044737
Nigeria,,2025,1.89029058621935
Nigeria,,2024,1.92571054180995
Nigeria,,2023,1.17052189882124
Nigeria,,2022,2.15831409948197
Nigeria,,2021,-0.988127022124459
Nigeria,,2020,-8.34242347890014
Nigeria,,2019,-0.0100047582209584
Nigeria,,2018,-0.406836852107517
Nigeria,,2017,-1.61585537269663
Nigeria,,2016,-4.01892534265532
Nigeria,,2015,0.0819795778135273
Nigeria,,2014,3.53757268114983
Nigeria,,2013,3.81449207687274
Nigeria,,2012,1.37822146586619
Nigeria,,2011,2.39734841627433
Nigeria,,2010,5.02853779304908
Nigeria,,2009,5.06718321394524
Nigeria,,2008,3.83258898513756
Nigeria,,2007,3.67720698169809
Nigeria,,2006,3.17092810336581
Nigeria,,2005,3.53183710665684
Nigeria,,2004,6.26527336884554
Nigeria,,2003,4.42833467510151
Nigeria,,2002,12.2103862832256
Nigeria,,2001,3.07926731848384
Nigeria,,2000,2.24461411115027
Nigeria,,1999,-2.03256096944996
Nigeria,,1998,-0.0648532096178371
Nigeria,,1997,0.292131866721633
Nigeria,,1996,1.50723164591697
Nigeria,,1995,-2.6729475917503
Nigeria,,1994,-4.37439193630385
Nigeria,,1993,-4.59723301462904
Nigeria,,1992,1.92006635005903
Nigeria,,1991,-2.25751903465937
Nigeria,,1990,8.79614634151086
Nigeria,,1989,-0.787791828905753
Nigeria,,1988,4.50152275031104
Nigeria,,1987,0.486537112827307
Nigeria,,1986,-2.62075281914927
Nigeria,,1985,2.95446539768388
Nigeria,,1984,-3.61771426892362
Nigeria,,1983,-13.2048044621261
Nigeria,,1982,-9.55081765331811
Nigeria,,1981,-15.7585051262646
Nigeria,,1980,1.00316529124757
Nigeria,,1979,3.51668653657755
Nigeria,,1978,-8.60774380448044
Nigeria,,1977,2.90719162327684
Nigeria,,1976,5.9557975861855
Nigeria,,1975,-7.8158606581587
Nigeria,,1974,8.28248685448136
Nigeria,,1973,2.79594058569268
Nigeria,,1972,0.917699404253241
Nigeria,,1971,11.6002682515029
Nigeria,,1970,22.1849337034899
Nigeria,,1969,21.4713411933041
Nigeria,,1968,-3.35472669424078
Nigeria,,1967,-17.5237696381077
Nigeria,,1966,-6.31085457686295
Nigeria,,1965,2.63438386145218
Nigeria,,1964,2.72685251932903
Nigeria,,1963,6.29657144195835
Nigeria,,1962,1.9396365743561
Nigeria,,1961,-1.84633532932391
North Macedonia,,2025,3.6831388072964
North Macedonia,,2024,3.18889944421623
North Macedonia,,2023,2.77356173391705
North Macedonia,,2022,3.06193588427661
North Macedonia,,2021,5.59213007924724
North Macedonia,,2020,-3.65436823824773
North Macedonia,,2019,4.61869501137757
North Macedonia,,2018,3.40375411089484
North Macedonia,,2017,1.48936718625188
North Macedonia,,2016,3.1782257470099
North Macedonia,,2015,4.13429050530651
North Macedonia,,2014,3.90792755780767
North Macedonia,,2013,3.30559670350297
North Macedonia,,2012,-0.0653472343038857
North Macedonia,,2011,2.81001401364465
North Macedonia,,2010,4.02171749784563
North Macedonia,,2009,0.287981674208055
North Macedonia,,2008,6.08402471253315
North Macedonia,,2007,7.08313931163076
North Macedonia,,2006,5.71920223477417
North Macedonia,,2005,5.29102012277241
North Macedonia,,2004,5.01357406752894
North Macedonia,,2003,2.09282245300516
North Macedonia,,2002,2.23345659919198
North Macedonia,,2001,-3.47368322147879
North Macedonia,,2000,4.07405080631071
North Macedonia,,1999,3.84147389382692
North Macedonia,,1998,2.83010081232176
North Macedonia,,1997,2.23672096612285
North Macedonia,,1996,0.480270787981112
North Macedonia,,1995,-1.40506990392927
North Macedonia,,1994,-1.05867357276367
North Macedonia,,1993,-6.28574163754088
North Macedonia,,1992,-5.4862400516152
North Macedonia,,1991,-5.81959155370519
Norway,,2025,0.390027440234192
Norway,,2024,0.464903814211155
Norway,,2023,-0.783153604834723
Norway,,2022,3.14953207512265
Norway,,2021,3.58770470380205
Norway,,2020,-1.93959793141106
Norway,,2019,0.787031849898966
Norway,,2018,0.445168753194665
Norway,,2017,1.84374931382847
Norway,,2016,0.403158160219562
Norway,,2015,1.03389677968102
Norway,,2014,0.950316555459452
Norway,,2013,0.0557424221281622
Norway,,2012,1.48225525787396
Norway,,2011,0.0783883119236179
Norway,,2010,-0.245447645308644
Norway,,2009,-2.84626226842052
Norway,,2008,-0.425983914425387
Norway,,2007,2.35569307941913
Norway,,2006,2.02226606740281
Norway,,2005,2.27081970379837
Norway,,2004,3.71545482424247
Norway,,2003,0.505130189722919
Norway,,2002,0.911800724863213
Norway,,2001,1.64774606735006
Norway,,2000,2.77419611443699
Norway,,1999,1.48529741537675
Norway,,1998,2.11608474281817
Norway,,1997,4.52380105917791
Norway,,1996,4.43876941773249
Norway,,1995,3.613611995349
Norway,,1994,4.44295072277572
Norway,,1993,2.26254824065819
Norway,,1992,2.96819549234672
Norway,,1991,2.36969666485223
Norway,,1990,1.60870022657495
Norway,,1989,0.61334415706618
Norway,,1988,-0.864733681863271
Norway,,1987,1.26917778731696
Norway,,1986,3.67719401443725
Norway,,1985,5.2454541844485
Norway,,1984,5.77663213194133
Norway,,1983,3.59734865197939
Norway,,1982,-0.125052971250668
Norway,,1981,1.32499133043638
Norway,,1980,4.19157035717251
Norway,,1979,3.99644914809316
Norway,,1978,3.45993149101903
Norway,,1977,3.7126250526987
Norway,,1976,5.3542766577513
Norway,,1975,4.37038513164313
Norway,,1974,3.32149122882895
Norway,,1973,3.76193047830562
Norway,,1972,4.48207097918616
Norway,,1971,4.97599129247858
Norway,,1970,1.20535004663924
Norway,,1969,3.65664189033825
Norway,,1968,1.40387964765284
Norway,,1967,5.37091556072147
Norway,,1966,2.96120151956248
Norway,,1965,4.47036790832223
Norway,,1964,4.21939377181468
Norway,,1963,3.00325929145964
Norway,,1962,1.99124559610999
Norway,,1961,5.43249318510506
Oman,,2025,-1.57439941297214
Oman,,2024,-2.8378759250854
Oman,,2023,-4.99392981588154
Oman,,2022,2.73958764672784
Oman,,2021,3.08530454964595
Oman,,2020,-1.91104857604375
Oman,,2019,-0.985733221362153
Oman,,2018,-0.0452382355009746
Oman,,2017,-2.93490377016138
Oman,,2016,0.118553614303224
Oman,,2015,0.438450329868957
Oman,,2014,-2.97274165335905
Oman,,2013,-2.64416002304453
Oman,,2012,-5.57202783891576
Oman,,2011,-7.78414520830087
Oman,,2010,-0.232906393185388
Oman,,2009,3.68717578981379
Oman,,2008,6.61241844727729
Oman,,2007,2.71865852745317
Oman,,2006,2.38091766222423
Oman,,2005,0.482138133458704
Oman,,2004,0.252575657950231
Oman,,2003,-3.29759460918538
Oman,,2002,-1.92709599366199
Oman,,2001,3.34135289623774
Oman,,2000,4.83264880749192
Oman,,1999,-1.05667687405796
Oman,,1998,-1.496337274152
Oman,,1997,4.39784180446976
Oman,,1996,1.30704570533138
Oman,,1995,3.08090662761251
Oman,,1994,0.874063800580799
Oman,,1993,1.66643798436652
Oman,,1992,3.5607492636871
Oman,,1991,1.05996361946717
Oman,,1990,-5.09719826830693
Oman,,1989,5.91242628879651
Oman,,1988,0.122614608803232
Oman,,1987,-9.07462092943251
Oman,,1986,-4.3441309699285
Oman,,1985,7.31855927801392
Oman,,1984,10.5139014934965
Oman,,1983,10.3684268453251
Oman,,1982,5.5447279819485
Oman,,1981,10.8398149499368
Oman,,1980,0.514494484286359
Oman,,1979,-1.0339260645533
Oman,,1978,-8.50615886502906
Oman,,1977,-3.78892220834661
Oman,,1976,15.2378139888205
Oman,,1975,19.3409033325163
Oman,,1974,7.64643842656341
Oman,,1973,-16.6997263585133
Oman,,1972,6.77247253363956
Oman,,1971,-1.83325408718696
Oman,,1970,10.9002541981002
Oman,,1969,22.4610977202659
Oman,,1968,77.4100103988046
Oman,,1967,62.2855552552929
Oman,,1966,2.82068840441545
Oman,,1965,-1.72465323249602
Oman,,1964,-1.9789200405959
Oman,,1963,2.50222727157039
Oman,,1962,17.9833112928673
Oman,,1961,-0.615640333858281
Pakistan,,2025,2.09334109987897
Pakistan,,2024,1.53732864763008
Pakistan,,2023,-1.94543125066376
Pakistan,,2022,2.96250287218002
Pakistan,,2021,4.52304565172781
Pakistan,,2020,-3.03889328268374
Pakistan,,2019,0.778096107046181
Pakistan,,2018,4.44201942237108
Pakistan,,2017,2.96623678403046
Pakistan,,2016,5.19506859858923
Pakistan,,2015,2.76648640710329
Pakistan,,2014,2.56600413102157
Pakistan,,2013,2.68232501000951
Pakistan,,2012,1.08227196914481
Pakistan,,2011,0.408754534144464
Pakistan,,2010,-0.97547471765489
Pakistan,,2009,0.87615081009595
Pakistan,,2008,-0.577212099008804
Pakistan,,2007,1.72148373910261
Pakistan,,2006,3.55533116774782
Pakistan,,2005,4.7286345998931
Pakistan,,2004,5.20245589475688
Pakistan,,2003,2.94922564327645
Pakistan,,2002,0.110981031379026
Pakistan,,2001,0.793239199866164
Pakistan,,2000,1.35619796881565
Pakistan,,1999,0.876623662652293
Pakistan,,1998,-0.242732275330027
Pakistan,,1997,-1.80254112696187
Pakistan,,1996,1.83880828653224
Pakistan,,1995,1.97228554754696
Pakistan,,1994,0.779593544127223
Pakistan,,1993,-1.02474092628785
Pakistan,,1992,4.66648101392903
Pakistan,,1991,1.64455814439934
Pakistan,,1990,1.02421181151411
Pakistan,,1989,1.58506250480809
Pakistan,,1988,4.06760070882835
Pakistan,,1987,2.88408948028645
Pakistan,,1986,1.99470584181627
Pakistan,,1985,4.23568398580987
Pakistan,,1984,1.82241302270991
Pakistan,,1983,3.14476107183957
Pakistan,,1982,2.60648813605926
Pakistan,,1981,3.50462183380769
Pakistan,,1980,5.80395440820467
Pakistan,,1979,0.225709312652583
Pakistan,,1978,4.64235757780381
Pakistan,,1977,0.738518332705112
Pakistan,,1976,1.98612933479028
Pakistan,,1975,1.14230483078612
Pakistan,,1974,0.539790187463979
Pakistan,,1973,3.99158306411248
Pakistan,,1972,-1.93796528754582
Pakistan,,1971,-2.26260815242058
Pakistan,,1970,8.19649203318036
Pakistan,,1969,2.52926780271959
Pakistan,,1968,4.22116837059603
Pakistan,,1967,2.46831762839412
Pakistan,,1966,2.89355083090767
Pakistan,,1965,7.43938016331487
Pakistan,,1964,4.70640502795456
Pakistan,,1963,5.84972077942716
Pakistan,,1962,1.80364067918669
Pakistan,,1961,3.24971491199571
Palau,,2025,6.4789352268116
Palau,,2024,12.2085259096757
Palau,,2023,1.40557147391065
Palau,,2022,-0.328362347418647
Palau,,2021,-11.8700599011258
Palau,,2020,-5.97571009429768
Palau,,2019,0.390852393445343
Palau,,2018,-0.428806096617578
Palau,,2017,-3.50276330541348
Palau,,2016,1.51226764620245
Palau,,2015,8.23397021168624
Palau,,2014,3.81977562115456
Palau,,2013,-0.739958291881621
Palau,,2012,3.85953893783947
Palau,,2011,6.38434092348612
Palau,,2010,-1.3765201785568
Palau,,2009,-4.69092656016056
Palau,,2008,-4.09772276958059
Palau,,2007,2.20503496285033
Palau,,2006,1.38420723795385
Palau,,2005,2.89001148660869
Palau,,2004,2.63199428589556
Palau,,2003,-2.90440433884417
Palau,,2002,3.90423058879006
Palau,,2001,6.38070713234859
Palau,,2000,-4.01067837528387
Palau,,1999,-7.28687865486116
Palau,,1998,-0.290666773574529
Palau,,1997,-0.264842825860498
Palau,,1996,7.52962398261126
Palau,,1995,8.15893191152269
Palau,,1994,4.75350517301717
Palau,,1993,-14.3516589146546
Palau,,1992,-8.59529560985349
Palau,,1991,2.52010874515311
Palau,,1990,3.26683220063997
Palau,,1989,3.32001578331949
Palau,,1988,3.19746550606415
Palau,,1987,3.15624086945994
Palau,,1986,2.91036087038042
Palau,,1985,2.73280858886812
Palau,,1984,2.02546994545192
Palau,,1983,-0.513231054871127
Palau,,1982,-2.66584218961405
Palau,,1981,-1.42647615148188
Palau,,1980,0.161696348170111
Palau,,1979,0.457616296638633
Palau,,1978,0.191346384763506
Palau,,1977,2.02127376296926
Palau,,1976,0.410740823976937
Palau,,1975,0.278195010862163
Palau,,1974,-0.959669659679122
Palau,,1973,-2.65587257752115
Palau,,1972,-3.23820219383445
Palau,,1971,-3.20297400251319
Panama,,2025,3.08080357716555
Panama,,2024,1.45499965207416
Panama,,2023,5.77264577478532
Panama,,2022,9.6415783290321
Panama,,2021,15.0694182618459
Panama,,2020,-18.9420549753141
Panama,,2019,1.47558922151505
Panama,,2018,2.19403437221415
Panama,,2017,3.94788150696994
Panama,,2016,2.77979910410548
Panama,,2015,3.46107387568399
Panama,,2014,2.83087707850027
Panama,,2013,4.48786634938627
Panama,,2012,7.70986507627907
Panama,,2011,9.94036229041117
Panama,,2010,4.19797204867427
Panama,,2009,-0.205009313798783
Panama,,2008,8.20927227088663
Panama,,2007,11.0968501218357
Panama,,2006,7.83919999384199
Panama,,2005,6.25411779537141
Panama,,2004,6.13442184467048
Panama,,2003,3.10474245435412
Panama,,2002,0.549728201098816
Panama,,2001,-0.995989281913566
Panama,,2000,2.18230222607616
Panama,,1999,3.14763386036323
Panama,,1998,6.24441508584796
Panama,,1997,5.56495539962489
Panama,,1996,1.99565811248688
Panama,,1995,-0.302769436949063
Panama,,1994,0.752456416087497
Panama,,1993,3.28771319387282
Panama,,1992,5.95973574131337
Panama,,1991,7.12083895847266
Panama,,1990,5.820296592312
Panama,,1989,-0.591338060925366
Panama,,1988,-15.2529185873359
Panama,,1987,-3.96932706840299
Panama,,1986,1.24877511165558
Panama,,1985,2.55183284112566
Panama,,1984,0.337222276091524
Panama,,1983,-6.71122580136897
Panama,,1982,2.89203636230275
Panama,,1981,6.65242605928628
Panama,,1980,10.4281546160256
Panama,,1979,2.04118412817871
Panama,,1978,7.15900082067186
Panama,,1977,-1.38167866698114
Panama,,1976,-0.884165965259982
Panama,,1975,-0.870333864452448
Panama,,1974,-0.236575310985799
Panama,,1973,2.5459243735731
Panama,,1972,1.7296916191026
Panama,,1971,6.58628264579859
Panama,,1970,3.97723056619755
Panama,,1969,5.38628991175156
Panama,,1968,3.92256390744099
Panama,,1967,5.40725793126427
Panama,,1966,4.42565799557602
Panama,,1965,5.92652355351542
Panama,,1964,1.31240070224766
Panama,,1963,5.29502127278528
Panama,,1962,5.03615649563078
Panama,,1961,7.68784469349302
Papua New Guinea,,2025,3.8092237087566
Papua New Guinea,,2024,2.05244750391522
Papua New Guinea,,2023,1.94734452245426
Papua New Guinea,,2022,3.73575055211361
Papua New Guinea,,2021,-2.4695196729345
Papua New Guinea,,2020,-5.20688760573694
Papua New Guinea,,2019,2.14824964998061
Papua New Guinea,,2018,-2.56991254975047
Papua New Guinea,,2017,1.08692627161339
Papua New Guinea,,2016,2.91791021651957
Papua New Guinea,,2015,3.8989789371627
Papua New Guinea,,2014,10.6031750853758
Papua New Guinea,,2013,1.05749757557005
Papua New Guinea,,2012,1.78156409666185
Papua New Guinea,,2011,-1.79758471709076
Papua New Guinea,,2010,6.85231014831385
Papua New Guinea,,2009,3.57848686707685
Papua New Guinea,,2008,-3.34540325323914
Papua New Guinea,,2007,4.47661413613285
Papua New Guinea,,2006,2.1010623787835
Papua New Guinea,,2005,2.96266985795965
Papua New Guinea,,2004,-0.591008801262731
Papua New Guinea,,2003,-1.1723144679098
Papua New Guinea,,2002,-3.45493602471663
Papua New Guinea,,2001,-3.45795715085934
Papua New Guinea,,2000,-5.80069881814661
Papua New Guinea,,1999,-1.62782619823496
Papua New Guinea,,1998,-7.09404356703858
Papua New Guinea,,1997,-7.26669749488677
Papua New Guinea,,1996,3.9492432113811
Papua New Guinea,,1995,-6.7281630247188
Papua New Guinea,,1994,2.17433937373166
Papua New Guinea,,1993,13.9847111131626
Papua New Guinea,,1992,9.89093849851174
Papua New Guinea,,1991,6.13244781862461
Papua New Guinea,,1990,-5.51131375084334
Papua New Guinea,,1989,-3.60611931007763
Papua New Guinea,,1988,0.709678426334619
Papua New Guinea,,1987,0.57082204788108
Papua New Guinea,,1986,2.45897445696457
Papua New Guinea,,1985,1.79584797172045
Papua New Guinea,,1984,-2.44891128414551
Papua New Guinea,,1983,1.07604591742873
Papua New Guinea,,1982,-1.7151750267211
Papua New Guinea,,1981,-2.31820083070411
Papua New Guinea,,1980,-4.30545062924614
Papua New Guinea,,1979,-0.279951899136876
Papua New Guinea,,1978,6.25914526016609
Papua New Guinea,,1977,-1.32569014635325
Papua New Guinea,,1976,-5.48723621909853
Papua New Guinea,,1975,-3.06837795074274
Papua New Guinea,,1974,0.297810636028046
Papua New Guinea,,1973,4.06671771622038
Papua New Guinea,,1972,3.1511691709496
Papua New Guinea,,1971,3.77728781138964
Papua New Guinea,,1970,8.24601824898463
Papua New Guinea,,1969,5.79004117489134
Papua New Guinea,,1968,2.03428794356392
Papua New Guinea,,1967,1.76611700145995
Papua New Guinea,,1966,3.50127194202913
Papua New Guinea,,1965,7.92611149361882
Papua New Guinea,,1964,6.24098119984828
Papua New Guinea,,1963,1.76607504650225
Papua New Guinea,,1962,3.94619691734745
Papua New Guinea,,1961,3.53365055713559
Paraguay,,2025,5.36644048728706
Paraguay,,2024,3.38506241850276
Paraguay,,2023,3.99853693606273
Paraguay,,2022,-1.15611486582868
Paraguay,,2021,2.74305750115238
Paraguay,,2020,-2.15166731600608
Paraguay,,2019,-1.74219112718859
Paraguay,,2018,1.77964425718002
Paraguay,,2017,3.32962942297075
Paraguay,,2016,2.76597250767641
Paraguay,,2015,1.4645236194643
Paraguay,,2014,3.78558222389611
Paraguay,,2013,6.74651223749345
Paraguay,,2012,-2.09516519055065
Paraguay,,2011,2.91154988835602
Paraguay,,2010,9.80314731436218
Paraguay,,2009,-1.27522707842539
Paraguay,,2008,5.46828018339494
Paraguay,,2007,4.39311756937708
Paraguay,,2006,3.72097911920059
Paraguay,,2005,1.01015474976116
Paraguay,,2004,2.86510353489651
Paraguay,,2003,3.04557479031354
Paraguay,,2002,-1.42073243570553
Paraguay,,2001,-2.49369285917085
Paraguay,,2000,-4.18580870385856
Paraguay,,1999,-3.39883387970877
Paraguay,,1998,-2.08878505050501
Paraguay,,1997,1.91891657612904
Paraguay,,1996,-0.760754495670795
Paraguay,,1995,4.29466444194986
Paraguay,,1994,2.75714792528987
Paraguay,,1993,2.31226251074852
Paraguay,,1992,-0.91522118243283
Paraguay,,1991,0.781250906471186
Paraguay,,1990,1.33827485725477
Paraguay,,1989,4.01513761678669
Paraguay,,1988,2.98628798534499
Paraguay,,1987,4.58743050308126
Paraguay,,1986,2.03507060867297
Paraguay,,1985,1.6132735278771
Paraguay,,1984,-0.0413519355069241
Paraguay,,1983,-5.72741738592531
Paraguay,,1982,-4.10505117418042
Paraguay,,1981,6.23490597447503
Paraguay,,1980,8.81191498431799
Paraguay,,1979,9.05243600042755
Paraguay,,1978,9.27000311721974
Paraguay,,1977,8.77213274372299
Paraguay,,1976,4.90728952513568
Paraguay,,1975,4.23131952720321
Paraguay,,1974,5.71828209725314
Paraguay,,1973,4.73782896338417
Paraguay,,1972,4.18531499798863
Paraguay,,1971,3.18290445868151
Paraguay,,1970,3.20917705296037
Paraguay,,1969,2.34252008683092
Paraguay,,1968,2.12743894667962
Paraguay,,1967,6.58508194096518
Paraguay,,1966,-0.463083360483466
Paraguay,,1965,3.56730082203509
Paraguay,,1964,1.63823007043106
Paraguay,,1963,2.18413249626946
Paraguay,,1962,0.905818908144738
Paraguay,,1961,4.46654102381162
Peru,,2025,2.35722027667993
Peru,,2024,2.38920778551881
Peru,,2023,-1.44059214201185
Peru,,2022,1.83669886064575
Peru,,2021,12.3312441776109
Peru,,2020,-11.989123385761
Peru,,2019,0.502286291227506
Peru,,2018,2.1018453903506
Peru,,2017,1.01943141648242
Peru,,2016,2.57623039728159
Peru,,2015,2.09361990664132
Peru,,2014,1.36938882425959
Peru,,2013,4.90271487934022
Peru,,2012,5.25513020005759
Peru,,2011,5.53595626254707
Peru,,2010,7.6277436246787
Peru,,2009,0.473893281807491
Peru,,2008,8.4109066563893
Peru,,2007,7.73406209571857
Peru,,2006,6.68113849738523
Peru,,2005,5.34332345958555
Peru,,2004,3.93432882456604
Peru,,2003,3.06117676528694
Peru,,2002,4.20293608263907
Peru,,2001,-0.748837166204879
Peru,,2000,1.10433498225969
Peru,,1999,-0.243054508218478
Peru,,1998,-2.18705299448793
Peru,,1997,4.52636436123332
Peru,,1996,0.883745825089093
Peru,,1995,5.34941937026248
Peru,,1994,10.1088493477559
Peru,,1993,3.14244822528774
Peru,,1992,-2.54546849500791
Peru,,1991,0.0869996669868414
Peru,,1990,-7.0636979506673
Peru,,1989,-14.2581583515555
Peru,,1988,-11.4730434692984
Peru,,1987,7.24613524288358
Peru,,1986,6.87530907055556
Peru,,1985,-0.398366079209637
Peru,,1984,1.07540329810783
Peru,,1983,-12.6086341769567
Peru,,1982,-2.67086855777242
Peru,,1981,2.9554295804304
Peru,,1980,3.33267060592001
Peru,,1979,1.52689219855337
Peru,,1978,-5.03724952443177
Peru,,1977,-2.09894101202764
Peru,,1976,-1.02407952058034
Peru,,1975,1.73377188806842
Peru,,1974,6.65383740719912
Peru,,1973,3.56062807037685
Peru,,1972,0.768068340769219
Peru,,1971,2.04471965054623
Peru,,1970,0.805231902852796
Peru,,1969,0.662403102797853
Peru,,1968,-2.6259559071006
Peru,,1967,0.953450353645508
Peru,,1966,5.19592599626422
Peru,,1965,2.63022894422507
Peru,,1964,3.50956003716728
Peru,,1963,1.3447722751355
Peru,,1962,6.87758002022207
Peru,,1961,4.26254576270506
Philippines,,2025,3.55914007476458
Philippines,,2024,4.84555466042104
Philippines,,2023,4.66769736272362
Philippines,,2022,6.76595410569132
Philippines,,2021,4.76163916254069
Philippines,,2020,-10.5488615065624
Philippines,,2019,4.83577546655691
Philippines,,2018,5.03429067114457
Philippines,,2017,5.56223020665776
Philippines,,2016,5.7212148588973
Philippines,,2015,4.7872505574235
Philippines,,2014,4.61514068278228
Philippines,,2013,4.76266633818079
Philippines,,2012,4.8407653397621
Philippines,,2011,1.83760514144211
Philippines,,2010,5.15869430276467
Philippines,,2009,-0.362955289837316
Philippines,,2008,2.51657128580275
Philippines,,2007,4.68750495300476
Philippines,,2006,3.55972238279863
Philippines,,2005,3.00922096669444
Philippines,,2004,4.51829535753411
Philippines,,2003,3.02447664962099
Philippines,,2002,1.63440956717702
Philippines,,2001,0.800810377832349
Philippines,,2000,1.9282797124846
Philippines,,1999,0.738331283023413
Philippines,,1998,-2.98474954559696
Philippines,,1997,2.74055980419841
Philippines,,1996,3.44957899709138
Philippines,,1995,2.3606395486743
Philippines,,1994,2.12244103611494
Philippines,,1993,-0.245903974024316
Philippines,,1992,-1.93397839592187
Philippines,,1991,-2.7987132409376
Philippines,,1990,0.476020888521106
Philippines,,1989,3.53872016674441
Philippines,,1988,3.87219308289008
Philippines,,1987,1.6478210267821
Philippines,,1986,0.89378143868592
Philippines,,1985,-9.36657778201814
Philippines,,1984,-9.68938719558849
Philippines,,1983,-1.02930125522077
Philippines,,1982,0.867465796757003
Philippines,,1981,0.76284099342007
Philippines,,1980,2.49286419319625
Philippines,,1979,2.81661362678503
Philippines,,1978,2.40576946807558
Philippines,,1977,2.78762392929117
Philippines,,1976,6.05737004342011
Philippines,,1975,3.08154138243265
Philippines,,1974,1.18427179476149
Philippines,,1973,6.39123697222152
Philippines,,1972,3.0496202884932
Philippines,,1971,2.93626198130279
Philippines,,1970,1.04270981982739
Philippines,,1969,1.76972024779292
Philippines,,1968,2.04065409923125
Philippines,,1967,2.17082931973482
Philippines,,1966,1.35968615379231
Philippines,,1965,2.17335619647653
Philippines,,1964,0.23829895771317
Philippines,,1963,3.69778991010874
Philippines,,1962,1.56260048747083
Philippines,,1961,2.38898324373426
Poland,,2025,3.92342277811697
Poland,,2024,3.38947422901255
Poland,,2023,0.616853101336787
Poland,,2022,5.7122759744731
Poland,,2021,8.47171799983406
Poland,,2020,-0.861202002378917
Poland,,2019,4.60600727341085
Poland,,2018,6.24607110540019
Poland,,2017,5.13933542172569
Poland,,2016,3.07547528252388
Poland,,2015,4.50138467634895
Poland,,2014,3.99831832124629
Poland,,2013,0.745031977271424
Poland,,2012,1.51202436704637
Poland,,2011,5.19888222323388
Poland,,2010,3.46400853867873
Poland,,2009,2.54561682473884
Poland,,2008,4.36953645222033
Poland,,2007,6.81843988104569
Poland,,2006,6.26942932351373
Poland,,2005,3.30621477152089
Poland,,2004,5.15230495657681
Poland,,2003,3.59326547651193
Poland,,2002,1.94840486282048
Poland,,2001,1.26167597595419
Poland,,2000,5.75502267661936
Poland,,1999,4.70787806733438
Poland,,1998,4.58421234371184
Poland,,1997,6.28931151450062
Poland,,1996,6.01319811600105
Poland,,1995,7.78327567268047
Poland,,1994,5.07085552254539
Poland,,1993,3.47468275954095
Poland,,1992,2.2010658533475
Poland,,1991,-7.34479099617246
Portugal,,2025,0.825647953518541
Portugal,,2024,1.10107472414329
Portugal,,2023,1.69803392754639
Portugal,,2022,6.24247031136021
Portugal,,2021,4.89913107175563
Portugal,,2020,-8.30107079726919
Portugal,,2019,2.72130207848775
Portugal,,2018,3.11123658697107
Portugal,,2017,3.56700126187077
Portugal,,2016,2.32643063621838
Portugal,,2015,2.01139554784055
Portugal,,2014,1.28604644379557
Portugal,,2013,-0.439198387971658
Portugal,,2012,-3.66111452137058
Portugal,,2011,-1.56885655182528
Portugal,,2010,1.69092747575826
Portugal,,2009,-3.21438882343172
Portugal,,2008,0.174699975144293
Portugal,,2007,2.30555184529184
Portugal,,2006,1.44193756415369
Portugal,,2005,0.595038072485551
Portugal,,2004,1.54561995012715
Portugal,,2003,-1.30174193891358
Portugal,,2002,0.220543241020806
Portugal,,2001,1.22726326221765
Portugal,,2000,3.08905313202446
Portugal,,1999,3.3205096130955
Portugal,,1998,4.27961126929266
Portugal,,1997,3.93579786843061
Portugal,,1996,3.11580522976421
Portugal,,1995,3.92237331178322
Portugal,,1994,0.693517750119014
Portugal,,1993,-2.16302137348492
Portugal,,1992,1.1681037872908
Portugal,,1991,4.60903326381703
Portugal,,1990,4.17732882710808
Portugal,,1989,6.59607162191102
Portugal,,1988,7.60090253128074
Portugal,,1987,6.41006270883734
Portugal,,1986,4.04627903442302
Portugal,,1985,2.5266056975684
Portugal,,1984,-2.25657884652966
Portugal,,1983,-0.635201606910073
Portugal,,1982,1.51289308675764
Portugal,,1981,0.740801365102755
Portugal,,1980,3.46437141035155
Portugal,,1979,4.51254289525151
Portugal,,1978,1.71258964144343
Portugal,,1977,4.48728836961585
Portugal,,1976,3.90271245992484
Portugal,,1975,-7.91460726088667
Portugal,,1974,-0.25816587660951
Portugal,,1973,11.1662803378951
Portugal,,1972,8.18248010947717
Portugal,,1971,7.08408408469133
Portugal,,1970,10.085184226036
Portugal,,1969,3.04129362154765
Portugal,,1968,9.34210227994723
Portugal,,1967,8.22880554199976
Portugal,,1966,4.86574804849592
Portugal,,1965,7.90812874967661
Portugal,,1964,6.25179948434888
Portugal,,1963,5.44729217958024
Portugal,,1962,5.84786205641407
Portugal,,1961,4.68866952816813
Qatar,,2025,-1.05876296559582
Qatar,,2024,-4.17090906600274
Qatar,,2023,1.23672426450278
Qatar,,2022,-1.79097889792256
Qatar,,2021,13.3615381417796
Qatar,,2020,-8.92450817587073
Qatar,,2019,-1.52203684233693
Qatar,,2018,-0.134704952518092
Qatar,,2017,-4.15600320402655
Qatar,,2016,-2.4510094889969
Qatar,,2015,-3.86137428276561
Qatar,,2014,-7.26755279184226
Qatar,,2013,-6.1401747672176
Qatar,,2012,-1.30696776517799
Qatar,,2011,12.4698490235204
Qatar,,2010,16.1591002652056
Qatar,,2009,-0.704713507121269
Qatar,,2008,-0.341181323763109
Qatar,,2007,-5.0304889456326
Qatar,,2006,7.0505125332281
Qatar,,2005,0.710880387312528
Qatar,,2004,14.8017584046788
Qatar,,2003,-0.942784508400919
Qatar,,2002,2.16704342047447
Qatar,,2001,-1.14959287506234
Qatar,,2000,2.58659738636253
Qatar,,1999,-1.15743555029613
Qatar,,1998,5.46365139375624
Qatar,,1997,24.9388541962148
Qatar,,1996,1.4748270925645
Qatar,,1995,-0.560501314856566
Qatar,,1994,-1.60968556656874
Qatar,,1993,-4.35699353357359
Qatar,,1992,7.82129199431974
Qatar,,1991,-4.83556934674429
Qatar,,1990,0.00102715280083032
Qatar,,1989,2.63310693459084
Qatar,,1988,2.23261937285541
Qatar,,1987,-3.62991473489028
Qatar,,1986,0.795921094734325
Qatar,,1985,-6.95130511194553
Qatar,,1984,-0.808335021103673
Qatar,,1983,-7.23609776408509
Qatar,,1982,-12.2503213995421
Qatar,,1981,-5.16230488043028
Qatar,,1980,-7.20233487298552
Qatar,,1979,-1.63177668896213
Qatar,,1978,1.42461574895241
Qatar,,1977,-13.9845769515457
Qatar,,1976,0.0744618436574882
Qatar,,1975,-2.74366120128072
Qatar,,1974,-3.33243432059581
Qatar,,1973,0.287639462417275
Qatar,,1972,-0.414771470266899
Qatar,,1971,-2.55193503459751
Romania,,2025,0.844739865314082
Romania,,2024,0.965042709085722
Romania,,2023,2.19035297025793
Romania,,2022,4.59004052061825
Romania,,2021,6.37801653902932
Romania,,2020,-3.06561724934225
Romania,,2019,4.50941296110349
Romania,,2018,6.01553045118388
Romania,,2017,8.82266657090874
Romania,,2016,3.45169541464914
Romania,,2015,3.64306941096366
Romania,,2014,4.50672544401942
Romania,,2013,0.651822267051088
Romania,,2012,2.35828066727251
Romania,,2011,5.01083371448033
Romania,,2010,-3.33335291355054
Romania,,2009,-4.72628859385392
Romania,,2008,11.1442089014979
Romania,,2007,8.82964823723904
Romania,,2006,8.67067585292331
Romania,,2005,5.3165061122384
Romania,,2004,11.0591132161949
Romania,,2003,3.08196384315724
Romania,,2002,7.65586943426131
Romania,,2001,6.69667366637488
Romania,,2000,2.59397523199067
Romania,,1999,-0.220150554902901
Romania,,1998,-1.82682397441751
Romania,,1997,-4.5747304296564
Romania,,1996,4.20752254376104
Romania,,1995,6.44865941446349
Romania,,1994,4.08314789943742
Romania,,1993,1.66711860968309
Romania,,1992,-7.93923952826758
Romania,,1991,-12.1584413412518
Russia,,2025,1.1143529548842
Russia,,2024,5.03923995227274
Russia,,2023,4.36156229707225
Russia,,2022,-1.09666490468587
Russia,,2021,6.21857740869952
Russia,,2020,-2.52680431743222
Russia,,2019,2.14202624717367
Russia,,2018,2.71569004774612
Russia,,2017,1.61477717789909
Russia,,2016,-0.0904969496110795
Russia,,2015,-2.2762114110788
Russia,,2014,-1.12194041744186
Russia,,2013,1.45314767875932
Russia,,2012,3.76271915500016
Russia,,2011,4.17697624368184
Russia,,2010,4.45309639834757
Russia,,2009,-7.8277499767233
Russia,,2008,5.24621001829865
Russia,,2007,8.68576548155966
Russia,,2006,8.55494147469737
Russia,,2005,6.80660765259209
Russia,,2004,7.63249118230908
Russia,,2003,7.78796752390349
Russia,,2002,5.18275023824988
Russia,,2001,5.54671833932643
Russia,,2000,10.4637091559227
Russia,,1999,6.72950292335021
Russia,,1998,-5.14311536211871
Russia,,1997,1.56770414975504
Russia,,1996,-3.61497549497646
Russia,,1995,-4.12277236522603
Russia,,1994,-12.5397898608654
Russia,,1993,-8.6196861844154
Russia,,1992,-14.6139171358036
Russia,,1991,-5.31876190965632
Russia,,1990,-3.16283597296696
Rwanda,,2025,7.0277233018782
Rwanda,,2024,4.95503220363311
Rwanda,,2023,6.19900549544292
Rwanda,,2022,7.44545148233944
Rwanda,,2021,6.06201151914851
Rwanda,,2020,-4.93301559411864
Rwanda,,2019,6.82168128112207
Rwanda,,2018,5.59635869514096
Rwanda,,2017,2.27661189208408
Rwanda,,2016,3.18409626680049
Rwanda,,2015,6.29578461833474
Rwanda,,2014,3.1448435210128
Rwanda,,2013,2.23301483077023
Rwanda,,2012,6.07172678404915
Rwanda,,2011,5.34277697360722
Rwanda,,2010,4.65979796374585
Rwanda,,2009,3.54291916890999
Rwanda,,2008,8.27757420172229
Rwanda,,2007,4.8079099260856
Rwanda,,2006,6.3526672933591
Rwanda,,2005,6.50669742178307
Rwanda,,2004,4.6451189054665
Rwanda,,2003,-0.01968684645189
Rwanda,,2002,11.6682445158491
Rwanda,,2001,7.52679928636239
Rwanda,,2000,7.49987106605703
Rwanda,,1999,3.50365506347967
Rwanda,,1998,4.46154584608485
Rwanda,,1997,-1.51287157379174
Rwanda,,1996,-4.64228854103573
Rwanda,,1995,61.8735350160642
Rwanda,,1994,-41.5406116023026
Rwanda,,1993,-11.538192406786
Rwanda,,1992,3.7189657655241
Rwanda,,1991,-4.47859361465321
Rwanda,,1990,-4.92159867307215
Rwanda,,1989,-3.05065696627095
Rwanda,,1988,1.2208526291178
Rwanda,,1987,-3.24738480397649
Rwanda,,1986,2.00607453765265
Rwanda,,1985,0.938741579531751
Rwanda,,1984,-7.41281107784162
Rwanda,,1983,2.50297769042767
Rwanda,,1982,-1.47471993877728
Rwanda,,1981,2.11756771213358
Rwanda,,1980,5.61955982337514
Rwanda,,1979,8.54218450636691
Rwanda,,1978,5.96571717409226
Rwanda,,1977,-0.974716489155853
Rwanda,,1976,16.0240041023872
Rwanda,,1975,-4.94988786256391
Rwanda,,1974,-1.51810553917799
Rwanda,,1973,0.469197160162267
Rwanda,,1972,-2.59470125744198
Rwanda,,1971,-1.74004541564913
Rwanda,,1970,2.82197019216883
Rwanda,,1969,7.63624306925963
Rwanda,,1968,3.74298090490694
Rwanda,,1967,3.73611775686267
Rwanda,,1966,4.01842035973495
Rwanda,,1965,4.24689589114769
Rwanda,,1964,-14.458422819112
Rwanda,,1963,-11.8367546654522
Rwanda,,1962,8.56459279549706
Rwanda,,1961,-6.90003607832014
Samoa,,2025,3.59288172853812
Samoa,,2024,4.09688899029361
Samoa,,2023,14.4879437715433
Samoa,,2022,1.5629786460799
Samoa,,2021,-5.85857738061891
Samoa,,2020,-4.09792925699939
Samoa,,2019,3.35744960284687
Samoa,,2018,-1.6472076564482
Samoa,,2017,0.460419453590006
Samoa,,2016,7.07276114056432
Samoa,,2015,2.95226941311462
Samoa,,2014,-0.23024857506843
Samoa,,2013,-0.786395614806608
Samoa,,2012,-4.60663349940492
Samoa,,2011,2.94772599922624
Samoa,,2010,5.29451664588825
Samoa,,2009,-1.27185467227797
Samoa,,2008,2.81854653180625
Samoa,,2007,-0.0698092296218391
Samoa,,2006,1.73439136988327
Samoa,,2005,6.22343288364944
Samoa,,2004,2.633950603366
Samoa,,2003,4.66849415235475
Samoa,,2002,4.90454737398483
Samoa,,2001,6.52181954391313
Samoa,,2000,4.27745070826087
Samoa,,1999,1.40887608750961
Samoa,,1998,1.41916707044376
Samoa,,1997,-0.193253144597321
Samoa,,1996,6.2658800455369
Samoa,,1995,5.81082409795567
Samoa,,1994,-3.32161058915646
Samoa,,1993,3.22549145241983
Samoa,,1992,-0.764226258204729
Samoa,,1991,-2.48806559580488
Samoa,,1990,-4.57637405384999
Samoa,,1989,3.44799618775281
Samoa,,1988,-1.84333104077683
Samoa,,1987,0.123502242137306
Samoa,,1986,5.37069321134753
Samoa,,1985,3.88648611605976
Samoa,,1984,1.23776330511436
Samoa,,1983,0.292480477532635
Samoa,,1982,-1.43999457151654
Samoa,,1981,-9.77367810236522
Samoa,,1980,-7.01513533098695
Samoa,,1979,9.88295032602362
Samoa,,1978,5.18206813053675
Samoa,,1977,-2.414934393585
Samoa,,1976,6.69949633959976
Samoa,,1975,-6.259048337742
Samoa,,1974,-12.4220139646229
Samoa,,1973,5.8432041581838
Samoa,,1972,0.15701917035318
Samoa,,1971,11.8383284239524
San Marino,,2023,0.0905855641196212
San Marino,,2022,9.48711595874579
San Marino,,2021,15.6202852637699
San Marino,,2020,-6.93519075870958
San Marino,,2019,1.65051434688202
San Marino,,2018,-0.555260334539653
San Marino,,2017,-1.8876966462592
San Marino,,2016,1.71366802964523
San Marino,,2015,1.53901673570162
San Marino,,2014,0.471381910733299
San Marino,,2013,0.501232920728725
San Marino,,2012,-9.40251314800584
San Marino,,2011,-6.48781473647414
San Marino,,2010,-6.05328650752219
San Marino,,2009,-14.1287766020679
San Marino,,2008,-1.91822422078984
San Marino,,2007,3.5848833240598
San Marino,,2006,2.63299672869908
San Marino,,2005,1.12402388406122
San Marino,,2004,-1.17956792743588
San Marino,,2003,2.55977184007274
San Marino,,2002,-0.959002843255874
San Marino,,2001,4.24028336900209
San Marino,,2000,0.883025780040143
San Marino,,1999,7.67279692432976
San Marino,,1998,6.12872599430349
São Tomé and Príncipe,,2025,-0.955477215252273
São Tomé and Príncipe,,2024,-0.530991147497588
São Tomé and Príncipe,,2023,-1.6128371937285
São Tomé and Príncipe,,2022,-1.75407310474412
São Tomé and Príncipe,,2021,-0.17852659147141
São Tomé and Príncipe,,2020,0.716646434339125
São Tomé and Príncipe,,2019,0.482132360625684
São Tomé and Príncipe,,2018,2.78057714923384
São Tomé and Príncipe,,2017,2.46252459071385
São Tomé and Príncipe,,2016,3.42223386315462
São Tomé and Príncipe,,2015,-0.246825905363622
São Tomé and Príncipe,,2014,2.97674276212585
São Tomé and Príncipe,,2013,3.10107564312558
São Tomé and Príncipe,,2012,0.883420959148197
São Tomé and Príncipe,,2011,-0.114189921572034
São Tomé and Príncipe,,2010,-0.755150615358019
São Tomé and Príncipe,,2009,0.944228915067228
São Tomé and Príncipe,,2008,3.72699030635786
São Tomé and Príncipe,,2007,1.16067244882319
São Tomé and Príncipe,,2006,6.23775372046612
São Tomé and Príncipe,,2005,4.01981821374629
São Tomé and Príncipe,,2004,0.983351604603726
São Tomé and Príncipe,,2003,5.55138791437551
São Tomé and Príncipe,,2002,0.9147926463327
São Tomé and Príncipe,,2001,1.4048895414449
São Tomé and Príncipe,,2000,-0.65084592250922
São Tomé and Príncipe,,1999,1.2831775781198
São Tomé and Príncipe,,1998,1.16804370483166
São Tomé and Príncipe,,1997,-0.428599449412303
São Tomé and Príncipe,,1996,-0.0318143345786694
São Tomé and Príncipe,,1995,0.364462927056991
São Tomé and Príncipe,,1994,0.456013669997787
São Tomé and Príncipe,,1993,-0.726460943635203
São Tomé and Príncipe,,1992,-1.19672530387369
São Tomé and Príncipe,,1991,-0.986502855129885
São Tomé and Príncipe,,1990,-4.54035035808427
São Tomé and Príncipe,,1989,0.522097002820658
São Tomé and Príncipe,,1988,-0.63543114584715
São Tomé and Príncipe,,1987,-5.28956639669342
São Tomé and Príncipe,,1986,-7.94337715992744
São Tomé and Príncipe,,1985,7.02251169759136
São Tomé and Príncipe,,1984,-7.80926946001769
São Tomé and Príncipe,,1983,-5.59794090999824
São Tomé and Príncipe,,1982,1.18898448962564
São Tomé and Príncipe,,1981,-12.1599481202361
São Tomé and Príncipe,,1980,-3.38207304585406
São Tomé and Príncipe,,1979,13.3720878465714
São Tomé and Príncipe,,1978,0.162338584278231
São Tomé and Príncipe,,1977,20.2016791392957
São Tomé and Príncipe,,1976,-0.891295096757773
São Tomé and Príncipe,,1975,2.90370190643883
São Tomé and Príncipe,,1974,3.34473303698839
São Tomé and Príncipe,,1973,-0.563520035038692
São Tomé and Príncipe,,1972,0.131385641178468
São Tomé and Príncipe,,1971,3.11187906441421
Saudi Arabia,,2025,-0.226897401723321
Saudi Arabia,,2024,-1.99654795231605
Saudi Arabia,,2023,-4.01429387790023
Saudi Arabia,,2022,7.15912905732745
Saudi Arabia,,2021,9.17745692710805
Saudi Arabia,,2020,-8.3434729070232
Saudi Arabia,,2019,2.09953683085793
Saudi Arabia,,2018,5.89707730206987
Saudi Arabia,,2017,1.10646877226159
Saudi Arabia,,2016,-2.03439520588341
Saudi Arabia,,2015,-0.634810334471936
Saudi Arabia,,2014,1.5065962283723
Saudi Arabia,,2013,-2.47720466086211
Saudi Arabia,,2012,1.40889754697817
Saudi Arabia,,2011,6.79984191573597
Saudi Arabia,,2010,6.08720360847519
Saudi Arabia,,2009,-4.86501611210622
Saudi Arabia,,2008,2.04298819113291
Saudi Arabia,,2007,-1.94086075361376
Saudi Arabia,,2006,-1.01590810452811
Saudi Arabia,,2005,1.35662290420511
Saudi Arabia,,2004,3.75594009248144
Saudi Arabia,,2003,3.69783168216851
Saudi Arabia,,2002,-5.50962678622284
Saudi Arabia,,2001,-4.74097088807815
Saudi Arabia,,2000,0.150492543589365
Saudi Arabia,,1999,-4.16496281769805
Saudi Arabia,,1998,-0.966317239561079
Saudi Arabia,,1997,-1.2367563168653
Saudi Arabia,,1996,-0.741787099435172
Saudi Arabia,,1995,-3.75839336006798
Saudi Arabia,,1994,-3.27657789168325
Saudi Arabia,,1993,-3.96857631363621
Saudi Arabia,,1992,-0.125826730999037
Saudi Arabia,,1991,3.17804810163011
Saudi Arabia,,1990,4.15776944456925
Saudi Arabia,,1989,-4.53427601402096
Saudi Arabia,,1988,1.07644808188448
Saudi Arabia,,1987,-8.45429065456064
Saudi Arabia,,1986,-4.57404251506607
Saudi Arabia,,1985,-12.3848638519131
Saudi Arabia,,1984,-9.5491570395713
Saudi Arabia,,1983,-16.2513499762503
Saudi Arabia,,1982,-21.07451587204
Saudi Arabia,,1981,-2.99285354299133
Saudi Arabia,,1980,-0.225211055025468
Saudi Arabia,,1979,4.70345970186847
Saudi Arabia,,1978,-5.39014013310828
Saudi Arabia,,1977,0.16011579269815
Saudi Arabia,,1976,9.19278445456175
Saudi Arabia,,1975,-10.3141640716088
Saudi Arabia,,1974,10.264982064408
Saudi Arabia,,1973,16.5104076645097
Saudi Arabia,,1972,13.2593307424458
Saudi Arabia,,1971,10.2300805364713
Saudi Arabia,,1970,46.3660273298731
Saudi Arabia,,1969,1.86717111769703
Saudi Arabia,,1968,3.54523233745294
Saudi Arabia,,1967,4.86121069155563
Saudi Arabia,,1966,4.22683523852257
Saudi Arabia,,1965,8.04749144324057
Saudi Arabia,,1964,4.82088016863349
Saudi Arabia,,1963,4.7616755888949
Saudi Arabia,,1962,7.88446578769546
Saudi Arabia,,1961,7.84948336340932
Senegal,,2025,4.25931413755755
Senegal,,2024,4.02010382360814
Senegal,,2023,1.79788238989684
Senegal,,2022,1.3191343503411
Senegal,,2021,3.8734325972454
Senegal,,2020,-1.29147593311235
Senegal,,2019,1.80892290272958
Senegal,,2018,3.27615846996321
Senegal,,2017,4.3502357297959
Senegal,,2016,3.23503572418973
Senegal,,2015,3.15103873013858
Senegal,,2014,2.91207940579723
Senegal,,2013,-0.578035528287558
Senegal,,2012,1.2557464643975
Senegal,,2011,-1.19544188286081
Senegal,,2010,0.952269607225944
Senegal,,2009,0.349911484355829
Senegal,,2008,1.30518111750766
Senegal,,2007,0.466183194352098
Senegal,,2006,-0.0239030984175912
Senegal,,2005,1.8985497213755
Senegal,,2004,2.21660237161285
Senegal,,2003,3.08280432027999
Senegal,,2002,-2.35286664944574
Senegal,,2001,1.81176865944212
Senegal,,2000,1.41335705319622
Senegal,,1999,3.79374220499105
Senegal,,1998,3.45290634461773
Senegal,,1997,0.642689765162558
Senegal,,1996,-0.443182026754187
Senegal,,1995,2.79825042307988
Senegal,,1994,-2.68759159773336
Senegal,,1993,-1.39091737666223
Senegal,,1992,-1.47449734866765
Senegal,,1991,-0.216527599094078
Senegal,,1990,-3.55291522695565
Senegal,,1989,1.02749262715633
Senegal,,1988,-3.64784599374907
Senegal,,1987,3.20484833596085
Senegal,,1986,0.204711044505984
Senegal,,1985,0.6157967631448
Senegal,,1984,1.13953477209834
Senegal,,1983,-8.14696183290356
Senegal,,1982,5.2070261183153
Senegal,,1981,2.52278535303547
Senegal,,1980,1.44851388497118
Senegal,,1979,4.47249294547034
Senegal,,1978,-6.17128419340314
Senegal,,1977,-5.02631275439684
Senegal,,1976,6.09408302455773
Senegal,,1975,4.59557405761304
Senegal,,1974,1.21205391063765
Senegal,,1973,-8.35765642589806
Senegal,,1972,3.24739721692009
Senegal,,1971,-3.08155418452417
Senegal,,1970,5.36925292822798
Senegal,,1969,-9.30013110963455
Senegal,,1968,3.16547258589439
Senegal,,1967,-4.11196331814091
Senegal,,1966,-0.0948919641384833
Senegal,,1965,-1.54351319619443
Senegal,,1964,0.977287295701117
Senegal,,1963,-0.970509913931352
Senegal,,1962,-2.91376823490218
Senegal,,1961,0.132125345315728
Serbia,,2025,2.61201014096326
Serbia,,2024,4.52924814890834
Serbia,,2023,4.3943385787905
Serbia,,2022,5.32139169050186
Serbia,,2021,8.97258082321535
Serbia,,2020,-0.288042264925664
Serbia,,2019,5.31381889246718
Serbia,,2018,5.22266888313776
Serbia,,2017,2.90962447502095
Serbia,,2016,3.5158880281917
Serbia,,2015,1.81545266180656
Serbia,,2014,-1.32558635982964
Serbia,,2013,0.941379127713546
Serbia,,2012,0.040200455150412
Serbia,,2011,0.813571323609423
Serbia,,2010,2.02027708357562
Serbia,,2009,-2.75343779759604
Serbia,,2008,5.60952327700927
Serbia,,2007,8.27017213045292
Serbia,,2006,4.31001289636497
Serbia,,2005,6.22214171795731
Serbia,,2004,6.93608982587538
Serbia,,2003,4.83141187581582
Serbia,,2002,6.58937282180869
Serbia,,2001,6.96228282256826
Serbia,,2000,6.39450401120698
Serbia,,1999,-10.0003160706524
Serbia,,1998,5.77127675484668
Serbia,,1997,9.27221864432266
Serbia,,1996,6.24963337834654
Seychelles,,2025,4.61179204220666
Seychelles,,2024,2.0002737424775
Seychelles,,2023,5.27201672489588
Seychelles,,2022,-9.01986146351219
Seychelles,,2021,-0.254097866449726
Seychelles,,2020,-12.4901374474458
Seychelles,,2019,4.58155113586345
Seychelles,,2018,3.94280692985572
Seychelles,,2017,5.65298679577909
Seychelles,,2016,10.6277900412689
Seychelles,,2015,6.51232550996488
Seychelles,,2014,2.45761243916046
Seychelles,,2013,-0.599133304568028
Seychelles,,2012,2.10412826503328
Seychelles,,2011,12.4265876590009
Seychelles,,2010,1.62737013590673
Seychelles,,2009,-2.86142425794473
Seychelles,,2008,-4.87712623002744
Seychelles,,2007,8.32165420663699
Seychelles,,2006,7.15334515370103
Seychelles,,2005,8.5018972132326
Seychelles,,2004,-2.49000825290008
Seychelles,,2003,-4.81617833042706
Seychelles,,2002,-1.83480695440478
Seychelles,,2001,-2.35661333545873
Seychelles,,2000,3.32671456371403
Seychelles,,1999,-0.109437696562779
Seychelles,,1998,0.482967628956303
Seychelles,,1997,10.8847957386616
Seychelles,,1996,8.3958454530317
Seychelles,,1995,-0.981459839210345
Seychelles,,1994,-5.00302413951677
Seychelles,,1993,5.09056268455059
Seychelles,,1992,6.68233459671488
Seychelles,,1991,1.40077156197196
Seychelles,,1990,6.92914127454476
Seychelles,,1989,9.62872731876227
Seychelles,,1988,4.93424165919527
Seychelles,,1987,0.515688006513273
Seychelles,,1986,0.135752841851968
Seychelles,,1985,9.40285816904985
Seychelles,,1984,3.68994619621557
Seychelles,,1983,-0.495741990512201
Seychelles,,1982,-2.64575863549878
Seychelles,,1981,-5.03863787229284
Seychelles,,1980,-5.96324810185553
Seychelles,,1979,14.8042348991257
Seychelles,,1978,20.4421315247949
Seychelles,,1977,-8.13668927005799
Seychelles,,1976,13.9484048811318
Seychelles,,1975,0.819491986043431
Seychelles,,1974,-0.524332931383341
Seychelles,,1973,7.39993330055431
Seychelles,,1972,3.77720293642696
Seychelles,,1971,13.532410277442
Seychelles,,1970,6.3633482340606
Seychelles,,1969,-2.35080683662751
Seychelles,,1968,4.98082576722285
Seychelles,,1967,-1.93583964967725
Seychelles,,1966,11.0923039068889
Seychelles,,1965,-3.5142689061137
Seychelles,,1964,3.29881863793015
Seychelles,,1963,7.37099843045395
Seychelles,,1962,5.57049276462367
Seychelles,,1961,-7.51919895418983
Sierra Leone,,2025,2.50015605748742
Sierra Leone,,2024,2.10273332108876
Sierra Leone,,2023,3.41471641633679
Sierra Leone,,2022,2.99519003006155
Sierra Leone,,2021,3.51527957069044
Sierra Leone,,2020,-3.50677788869559
Sierra Leone,,2019,3.08171137743476
Sierra Leone,,2018,0.50674429876733
Sierra Leone,,2017,0.774679247758442
Sierra Leone,,2016,3.96056326178993
Sierra Leone,,2015,-6.55487587621558
Sierra Leone,,2014,-9.99126868436694
Sierra Leone,,2013,11.8800866018127
Sierra Leone,,2012,7.81299564274897
Sierra Leone,,2011,5.31595837430623
Sierra Leone,,2010,3.5002192188053
Sierra Leone,,2009,-1.1672975048301
Sierra Leone,,2008,1.12905319443597
Sierra Leone,,2007,1.49613150255581
Sierra Leone,,2006,2.0071311854182
Sierra Leone,,2005,1.58434555022808
Sierra Leone,,2004,2.93937041660126
Sierra Leone,,2003,5.12237538056517
Sierra Leone,,2002,19.430674044243
Sierra Leone,,2001,-11.7160994484665
Sierra Leone,,2000,4.10749847441832
Sierra Leone,,1999,-2.48454916239004
Sierra Leone,,1998,0.788222799625672
Sierra Leone,,1997,-7.08314721958494
Sierra Leone,,1996,1.26843628467385
Sierra Leone,,1995,-8.13346547365364
Sierra Leone,,1994,-2.3227387628037
Sierra Leone,,1993,1.59977635482602
Sierra Leone,,1992,-17.4597698249032
Sierra Leone,,1991,1.16028435358966
Sierra Leone,,1990,-0.65885095706804
Sierra Leone,,1989,-1.75501678146151
Sierra Leone,,1988,-9.55499835432438
Sierra Leone,,1987,4.39382684987255
Sierra Leone,,1986,-1.20613242645724
Sierra Leone,,1985,-7.38497548183301
Sierra Leone,,1984,1.83752207389294
Sierra Leone,,1983,-4.1684400763676
Sierra Leone,,1982,2.65293700129511
Sierra Leone,,1981,0.821575318184344
Sierra Leone,,1980,2.77392622981942
Sierra Leone,,1979,2.49168047497959
Sierra Leone,,1978,0.447648693301275
Sierra Leone,,1977,-1.78651376608245
Sierra Leone,,1976,-2.22939810359523
Sierra Leone,,1975,-0.183188014791696
Sierra Leone,,1974,1.60366923483426
Sierra Leone,,1973,0.381693942422118
Sierra Leone,,1972,-0.934146897742536
Sierra Leone,,1971,1.5586720129036
Sierra Leone,,1970,6.58123036581976
Sierra Leone,,1969,6.49335101316011
Sierra Leone,,1968,0.0999491770538015
Sierra Leone,,1967,-1.82773738239335
Sierra Leone,,1966,-0.15925465819555
Sierra Leone,,1965,5.25785906062177
Sierra Leone,,1964,4.83122088172789
Sierra Leone,,1963,-0.00858666259134111
Sierra Leone,,1962,2.84424873737809
Sierra Leone,,1961,0.224133638565021
Singapore,,2025,3.74871378758077
Singapore,,2024,3.26325659591436
Singapore,,2023,-3.36069477894166
Singapore,,2022,0.625280575115795
Singapore,,2021,14.8314606167434
Singapore,,2020,-3.30973090655749
Singapore,,2019,0.00783404280791444
Singapore,,2018,2.70307303138391
Singapore,,2017,4.23440582627357
Singapore,,2016,2.57148302071828
Singapore,,2015,1.76232468638902
Singapore,,2014,2.59472315486744
Singapore,,2013,3.13397914899265
Singapore,,2012,1.90446223662212
Singapore,,2011,4.02338164865897
Singapore,,2010,12.5085215498552
Singapore,,2009,-2.84677194924208
Singapore,,2008,-3.41549269446281
Singapore,,2007,4.57298627096552
Singapore,,2006,5.64834329383781
Singapore,,2005,4.87209326850753
Singapore,,2004,8.5722052915981
Singapore,,2003,6.10127554555405
Singapore,,2002,2.97922962062731
Singapore,,2001,-3.70366595204537
Singapore,,2000,7.16598820156491
Singapore,,1999,4.87689184197752
Singapore,,1998,-5.45798667446206
Singapore,,1997,4.73992674717256
Singapore,,1996,3.1909851392228
Singapore,,1995,3.9685677515225
Singapore,,1994,7.66515847504049
Singapore,,1993,8.67530488824424
Singapore,,1992,3.48371824424044
Singapore,,1991,3.69538228225123
Singapore,,1990,5.63184802412309
Singapore,,1989,6.97185727511311
Singapore,,1988,8.47550112413526
Singapore,,1987,9.14418251985718
Singapore,,1986,1.43861505659832
Singapore,,1985,-0.758403193169272
Singapore,,1984,6.75518405595601
Singapore,,1983,7.15375220538392
Singapore,,1982,2.50351262717827
Singapore,,1981,5.61427963812113
Singapore,,1980,8.72460740268357
Singapore,,1979,8.18013448869861
Singapore,,1978,6.48125475788075
Singapore,,1977,5.38197485991432
Singapore,,1976,5.99892453789093
Singapore,,1975,2.48125580622293
Singapore,,1974,4.36607219742567
Singapore,,1973,8.5553596416668
Singapore,,1972,11.2360398788484
Singapore,,1971,10.3707995076184
Singapore,,1970,12.1840230638021
Singapore,,1969,12.1339809710738
Singapore,,1968,11.5859760311582
Singapore,,1967,10.0509003316789
Singapore,,1966,7.47457704436121
Singapore,,1965,5.24541526942724
Singapore,,1964,-5.55505367070347
Singapore,,1963,7.29376675914222
Singapore,,1962,4.61603438059741
Singapore,,1961,4.58037393224981
Slovakia,,2025,0.961148796579153
Slovakia,,2024,2.02649250952174
Slovakia,,2023,2.20694498399155
Slovakia,,2022,0.831412246801008
Slovakia,,2021,5.88046673143569
Slovakia,,2020,-2.66902849173539
Slovakia,,2019,2.13758470717096
Slovakia,,2018,3.91808506492153
Slovakia,,2017,2.71521709643727
Slovakia,,2016,1.81646959957402
Slovakia,,2015,5.07697290945579
Slovakia,,2014,2.608326498525
Slovakia,,2013,0.595167879643
Slovakia,,2012,1.39646371759601
Slovakia,,2011,2.43026958601608
Slovakia,,2010,6.69110844613654
Slovakia,,2009,-5.6311751026805
Slovakia,,2008,5.27306126349816
Slovakia,,2007,10.78629912015
Slovakia,,2006,8.92067971952331
Slovakia,,2005,6.47448748514556
Slovakia,,2004,5.41095986972041
Slovakia,,2003,4.92573949451423
Slovakia,,2002,4.45521871825531
Slovakia,,2001,3.1136989179886
Slovakia,,2000,0.925761788954276
Slovakia,,1999,-0.574779582477817
Slovakia,,1998,3.68694784286308
Slovakia,,1997,5.29126136870515
Slovakia,,1996,5.89518837997754
Slovakia,,1995,5.53421489297541
Slovakia,,1994,5.78784641289319
Slovakia,,1993,1.51309257483364
Slovakia,,1992,-6.7517666501482
Slovakia,,1991,-14.6399588000325
Slovenia,,2025,0.889867414583748
Slovenia,,2024,1.39957708502673
Slovenia,,2023,1.97100496138407
Slovenia,,2022,2.47421045586167
Slovenia,,2021,8.12577517618843
Slovenia,,2020,-4.72524968037921
Slovenia,,2019,2.78704541391961
Slovenia,,2018,4.00130649890984
Slovenia,,2017,5.10589384792048
Slovenia,,2016,2.95902414777296
Slovenia,,2015,2.31634491842804
Slovenia,,2014,2.66181374029557
Slovenia,,2013,-0.958293257973466
Slovenia,,2012,-3.11922481726151
Slovenia,,2011,0.446560894988352
Slovenia,,2010,0.672167911403392
Slovenia,,2009,-8.42208868943828
Slovenia,,2008,3.20889412209657
Slovenia,,2007,6.54177241190229
Slovenia,,2006,5.57134966652504
Slovenia,,2005,3.6743988121375
Slovenia,,2004,4.47906492828298
Slovenia,,2003,3.13282664775699
Slovenia,,2002,3.15467990613811
Slovenia,,2001,2.66685838002488
Slovenia,,2000,3.1919411832727
Slovenia,,1999,5.19284002726599
Slovenia,,1998,3.28887170317242
Slovenia,,1997,5.31284081186544
Slovenia,,1996,2.97799607802567
Slovenia,,1995,4.08471418163268
Slovenia,,1994,5.44941514297268
Slovenia,,1993,3.08878865765914
Slovenia,,1992,-5.32491105947393
Slovenia,,1991,-8.95788121755191
Solomon Islands,,2025,1.21441464169847
Solomon Islands,,2024,0.584428781115449
Solomon Islands,,2023,0.406498798558516
Solomon Islands,,2022,-4.88870843999941
Solomon Islands,,2021,-2.59513572745166
Solomon Islands,,2020,-5.50324350800385
Solomon Islands,,2019,-0.912183037350545
Solomon Islands,,2018,-0.648914414273463
Solomon Islands,,2017,-0.426120235207534
Solomon Islands,,2016,1.8954619438627
Solomon Islands,,2015,-1.90313667351086
Solomon Islands,,2014,-2.41306586755394
Solomon Islands,,2013,1.46287648550671
Solomon Islands,,2012,-1.22485253459861
Solomon Islands,,2011,3.54895845172413
Solomon Islands,,2010,6.65612594404901
Solomon Islands,,2009,1.00843919853824
Solomon Islands,,2008,4.42328745185992
Solomon Islands,,2007,1.86556171568819
Solomon Islands,,2006,2.33369145793722
Solomon Islands,,2005,5.47693948660554
Solomon Islands,,2004,5.76484741556582
Solomon Islands,,2003,4.58496965418709
Solomon Islands,,2002,-4.61498055636233
Solomon Islands,,2001,-9.73056069019374
Solomon Islands,,2000,-16.2171419354817
Solomon Islands,,1999,-3.12765508258022
Solomon Islands,,1998,-1.51154054507705
Solomon Islands,,1997,-3.70203474278122
Solomon Islands,,1996,-1.28334309591865
Solomon Islands,,1995,6.92444747848381
Solomon Islands,,1994,4.96526751184018
Solomon Islands,,1993,0.951992105250696
Solomon Islands,,1992,9.35072429994736
Solomon Islands,,1991,2.80422660017983
Solomon Islands,,1990,-0.930739361805806
Solomon Islands,,1989,1.01348306368362
Solomon Islands,,1988,-1.9541976250443
Solomon Islands,,1987,4.97817622405749
Solomon Islands,,1986,-3.41141767939442
Solomon Islands,,1985,-6.31900558571843
Solomon Islands,,1984,-3.16498042106423
Solomon Islands,,1983,0.401710872955348
Solomon Islands,,1982,-5.00054754398012
Solomon Islands,,1981,-5.15070962845012
Somalia,,2025,-0.391747312911576
Somalia,,2024,0.548466776307393
Somalia,,2023,1.01616806512138
Somalia,,2022,-0.342614533940647
Somalia,,2021,-0.267727633939771
Somalia,,2020,-6.38636194168187
Somalia,,2019,-0.909258009902032
Somalia,,2018,-1.48470237915478
Somalia,,2017,10.3677043802854
Somalia,,2016,2.99347020740043
Somalia,,2015,6.72219258601123
Somalia,,2014,5.13914593417061
Somalia,,2013,7.43785495852676
Somalia,,2012,5.73256533813861
Somalia,,2011,5.94202931701129
Somalia,,2010,4.07910489702353
Somalia,,2009,4.0351373439331
Somalia,,2008,3.57942621496645
Somalia,,2007,3.42376614691855
Somalia,,2006,3.27228849958769
Somalia,,2005,3.4552179090862
Somalia,,2004,3.23637071319179
Somalia,,2003,3.72989683765117
Somalia,,2002,3.66803447114906
Somalia,,2001,2.92091623470753
Somalia,,2000,2.9094517086796
Somalia,,1999,3.06398619737185
Somalia,,1998,2.26192984688586
Somalia,,1997,-2.31159144364601
Somalia,,1996,4.1920292481002
Somalia,,1995,0.304750694634848
Somalia,,1994,-21.8851715399116
Somalia,,1993,1.09111141773572
Somalia,,1992,-3.99871765068679
Somalia,,1991,7.01572048803034
Somalia,,1990,2.78932821699011
Somalia,,1989,5.56642913642327
Somalia,,1988,3.31436748541694
Somalia,,1987,6.22667723467711
Somalia,,1986,-6.09526499097399
Somalia,,1985,5.19505399139936
Somalia,,1984,-0.428395914894608
Somalia,,1983,-14.3524006363501
Somalia,,1982,2.40770932669045
Somalia,,1981,5.43483261391108
Somalia,,1980,-6.55874812618232
Somalia,,1979,-16.0455574128873
Somalia,,1978,-1.47029611583871
Somalia,,1977,10.6486638692391
Somalia,,1976,-4.28222124875663
Somalia,,1975,11.8478958191435
Somalia,,1974,-1.82587077928002
Somalia,,1973,-14.4545591202461
Somalia,,1972,11.9138874254657
Somalia,,1971,-0.502941603540776
Somalia,,1970,1.85576339783866
Somalia,,1969,-4.24886383708844
Somalia,,1968,-0.61824688565288
Somalia,,1967,3.19834611987682
Somalia,,1966,6.27054354347791
Somalia,,1965,-8.38493563042768
Somalia,,1964,-8.53475903013596
Somalia,,1963,0.155585601934334
Somalia,,1962,4.31900196431485
Somalia,,1961,-5.74340362801904
South Africa,,2025,-0.0412236373188222
South Africa,,2024,-0.713538079423742
South Africa,,2023,-0.523851146279725
South Africa,,2022,0.62521727101273
South Africa,,2021,3.25562042833964
South Africa,,2020,-7.67873309598839
South Africa,,2019,-1.3803610544763
South Africa,,2018,-0.1374850396532
South Africa,,2017,0.49869596172698
South Africa,,2016,-0.277781475736276
South Africa,,2015,-0.694265293924985
South Africa,,2014,-0.257188966137676
South Africa,,2013,0.805658809846705
South Africa,,2012,0.897179683754416
South Africa,,2011,1.90092049729387
South Africa,,2010,1.82804672464107
South Africa,,2009,-2.70664075062311
South Africa,,2008,2.00798658438173
South Africa,,2007,4.25469604690063
South Africa,,2006,4.53031944639788
South Africa,,2005,4.21638584977106
South Africa,,2004,3.50654128784933
South Africa,,2003,1.92822490144245
South Africa,,2002,2.72292924025332
South Africa,,2001,1.82108406092082
South Africa,,2000,3.25127058182207
South Africa,,1999,1.29020714023875
South Africa,,1998,-0.711121199354281
South Africa,,1997,1.37819585551415
South Africa,,1996,2.95596987945947
South Africa,,1995,1.85604954250009
South Africa,,1994,1.54195948087219
South Africa,,1993,-0.76236352634794
South Africa,,1992,-3.87926236884013
South Africa,,1991,-3.25400629067984
South Africa,,1990,-3.05210020449451
South Africa,,1989,-0.571288009674646
South Africa,,1988,1.07399931732792
South Africa,,1987,-1.03310951804978
South Africa,,1986,-3.129218179071
South Africa,,1985,-4.45158907262324
South Africa,,1984,1.52227888001273
South Africa,,1983,-5.21623945094572
South Africa,,1982,-3.76840874169766
South Africa,,1981,1.8344403909835
South Africa,,1980,3.42511088387165
South Africa,,1979,1.01886701497651
South Africa,,1978,0.240191993176509
South Africa,,1977,-2.75935519413643
South Africa,,1976,-0.479248252040165
South Africa,,1975,-1.08270939801929
South Africa,,1974,3.16060531704183
South Africa,,1973,1.62426941389076
South Africa,,1972,-1.21840842834261
South Africa,,1971,1.26922275897319
South Africa,,1970,2.10580565357297
South Africa,,1969,1.53107221466114
South Africa,,1968,0.956697920772243
South Africa,,1967,3.90381055423047
South Africa,,1966,1.25217012238623
South Africa,,1965,2.90944105494447
South Africa,,1964,4.69292946899671
South Africa,,1963,4.16801637574393
South Africa,,1962,3.06615974918007
South Africa,,1961,0.971241813995107
South Sudan,,2015,-9.76929494253935
South Sudan,,2014,2.7406396602203
South Sudan,,2013,8.97551236063792
South Sudan,,2012,-48.4287258315307
South Sudan,,2011,-9.66551859182802
South Sudan,,2010,0.0553052206663267
South Sudan,,2009,0.201710077462366
Spain,,2025,1.77013824549053
Spain,,2024,2.40413218623925
Spain,,2023,1.26057958891062
Spain,,2022,5.60841068844668
Spain,,2021,6.49336738803039
Spain,,2020,-11.3931290455953
Spain,,2019,1.23303741249605
Spain,,2018,1.93406292039191
Spain,,2017,2.64617061107108
Spain,,2016,2.83577124069477
Spain,,2015,4.14701193619516
Spain,,2014,1.83396646193863
Spain,,2013,-1.07017018206768
Spain,,2012,-2.92815897770406
Spain,,2011,-0.992358604711711
Spain,,2010,-0.365660089983677
Spain,,2009,-4.61672962915983
Spain,,2008,-0.827648476802253
Spain,,2007,1.63463980710374
Spain,,2006,2.29951501349761
Spain,,2005,1.81657732789419
Spain,,2004,1.35058688382759
Spain,,2003,1.0944115829832
Spain,,2002,1.31414120540325
Spain,,2001,3.20031684797794
Spain,,2000,4.73130032942612
Spain,,1999,3.98652877279852
Spain,,1998,3.87121830463626
Spain,,1997,3.15405367665298
Spain,,1996,2.18092390343854
Spain,,1995,2.30495702556625
Spain,,1994,1.89690694701672
Spain,,1993,-1.54335835145426
Spain,,1992,0.436115155748553
Spain,,1991,2.28532468887114
Spain,,1990,3.67576794722082
Spain,,1989,4.66281523950552
Spain,,1988,4.87169199713344
Spain,,1987,5.2737629750186
Spain,,1986,2.94527939063278
Spain,,1985,1.95132909180683
Spain,,1984,1.36289715502605
Spain,,1983,1.27551467801025
Spain,,1982,0.640409181894213
Spain,,1981,-0.839887495760976
Spain,,1980,1.39131541372475
Spain,,1979,-0.836528080615906
Spain,,1978,0.490728282850199
Spain,,1977,1.78565712686311
Spain,,1976,2.21777242101939
Spain,,1975,-0.539096521312302
Spain,,1974,4.47106819908592
Spain,,1973,6.6040257654457
Spain,,1972,6.96219311481951
Spain,,1971,3.39592703146427
Spain,,1970,3.09359904029643
Spain,,1969,7.83908290303449
Spain,,1968,5.21217234383435
Spain,,1967,3.06412649678099
Spain,,1966,6.15343461675477
Spain,,1965,5.1056322550024
Spain,,1964,4.26724561500689
Spain,,1963,8.63949313281344
Spain,,1962,8.9464704174558
Spain,,1961,10.8044871096931
Sri Lanka,,2025,5.72529222294247
Sri Lanka,,2024,5.57208772426132
Sri Lanka,,2023,-1.3887411620843
Sri Lanka,,2022,-7.4536189792008
Sri Lanka,,2021,3.09278196849438
Sri Lanka,,2020,-5.12926234565826
Sri Lanka,,2019,-0.829146715016009
Sri Lanka,,2018,1.28556702923734
Sri Lanka,,2017,5.24982935126125
Sri Lanka,,2016,3.86979649874351
Sri Lanka,,2015,3.25185230614606
Sri Lanka,,2014,5.38986888014487
Sri Lanka,,2013,7.00602738731078
Sri Lanka,,2012,7.80902906885484
Sri Lanka,,2011,7.99726895684675
Sri Lanka,,2010,7.38142864786508
Sri Lanka,,2009,2.90511614609032
Sri Lanka,,2008,5.24732975759279
Sri Lanka,,2007,6.06651827130165
Sri Lanka,,2006,6.94942271248222
Sri Lanka,,2005,5.56425373682754
Sri Lanka,,2004,4.7307209819853
Sri Lanka,,2003,5.16625254648899
Sri Lanka,,2002,2.8865391549469
Sri Lanka,,2001,-3.08904716018746
Sri Lanka,,2000,4.0862744786218
Sri Lanka,,1999,2.38061253046646
Sri Lanka,,1998,2.74023742948491
Sri Lanka,,1997,4.40430271746983
Sri Lanka,,1996,1.8233928834009
Sri Lanka,,1995,3.76841651865469
Sri Lanka,,1994,4.07265463723363
Sri Lanka,,1993,5.10038391966494
Sri Lanka,,1992,2.75390592994462
Sri Lanka,,1991,3.81973572214518
Sri Lanka,,1990,5.72394612528907
Sri Lanka,,1989,1.22940123040433
Sri Lanka,,1988,1.43993563419296
Sri Lanka,,1987,0.541198280744652
Sri Lanka,,1986,3.11437891706746
Sri Lanka,,1985,4.30841930856924
Sri Lanka,,1984,4.73797301331066
Sri Lanka,,1983,4.1177167940284
Sri Lanka,,1982,2.86649436646923
Sri Lanka,,1981,3.93938437260206
Sri Lanka,,1980,3.93298170104177
Sri Lanka,,1979,4.436819744698
Sri Lanka,,1978,3.72862853415788
Sri Lanka,,1977,3.21093170185758
Sri Lanka,,1976,1.47923805394234
Sri Lanka,,1975,4.22058788193911
Sri Lanka,,1974,1.93544022874815
Sri Lanka,,1973,4.99418032556585
Sri Lanka,,1972,-2.41090738265247
Sri Lanka,,1971,-0.830304681389464
Sri Lanka,,1970,1.53719343899532
Sri Lanka,,1969,5.22632068999272
Sri Lanka,,1968,3.28806657061432
Sri Lanka,,1967,3.89912774670147
Sri Lanka,,1966,2.5168468060145
Sri Lanka,,1965,0.0614065526938816
Sri Lanka,,1964,1.38658457867882
Sri Lanka,,1963,0.0385451735382105
Sri Lanka,,1962,1.31684935466225
Saint Kitts and Nevis,,2025,2.51569342755708
Saint Kitts and Nevis,,2024,0.130203089601792
Saint Kitts and Nevis,,2023,2.91331421745427
Saint Kitts and Nevis,,2022,10.6082200037537
Saint Kitts and Nevis,,2021,0.597261391032816
Saint Kitts and Nevis,,2020,-15.1537081395497
Saint Kitts and Nevis,,2019,3.06102179372833
Saint Kitts and Nevis,,2018,2.09466207201663
Saint Kitts and Nevis,,2017,0.274193507101955
Saint Kitts and Nevis,,2016,3.95919692482656
Saint Kitts and Nevis,,2015,0.69841246781877
Saint Kitts and Nevis,,2014,7.53127511202617
Saint Kitts and Nevis,,2013,5.64641698929439
Saint Kitts and Nevis,,2012,-1.04787778946711
Saint Kitts and Nevis,,2011,1.52991480984264
Saint Kitts and Nevis,,2010,0.0951505914335229
Saint Kitts and Nevis,,2009,-3.5715108939693
Saint Kitts and Nevis,,2008,11.0104297068936
Saint Kitts and Nevis,,2007,0.305516416409375
Saint Kitts and Nevis,,2006,2.85800106872907
Saint Kitts and Nevis,,2005,9.44452895015881
Saint Kitts and Nevis,,2004,3.68423412350383
Saint Kitts and Nevis,,2003,-4.25794420201746
Saint Kitts and Nevis,,2002,0.797218805613539
Saint Kitts and Nevis,,2001,4.07351451919244
Saint Kitts and Nevis,,2000,8.46930909930006
Saint Kitts and Nevis,,1999,1.82436633230189
Saint Kitts and Nevis,,1998,-1.77595335466278
Saint Kitts and Nevis,,1997,5.46861986409
Saint Kitts and Nevis,,1996,4.48268214386603
Saint Kitts and Nevis,,1995,4.01375437413185
Saint Kitts and Nevis,,1994,3.95570416288516
Saint Kitts and Nevis,,1993,5.43720892471435
Saint Kitts and Nevis,,1992,3.35471559982065
Saint Kitts and Nevis,,1991,-1.68474926558146
Saint Kitts and Nevis,,1990,5.7228684529764
Saint Kitts and Nevis,,1989,6.26653183126851
Saint Kitts and Nevis,,1988,9.98613814459146
Saint Kitts and Nevis,,1987,7.24611269504145
Saint Kitts and Nevis,,1986,11.5388956805806
Saint Kitts and Nevis,,1985,9.16962852707064
Saint Kitts and Nevis,,1984,9.43711188705959
Saint Kitts and Nevis,,1983,1.65998003994439
Saint Kitts and Nevis,,1982,0.940170202068046
Saint Kitts and Nevis,,1981,1.90839875422859
Saint Kitts and Nevis,,1980,8.90323754026024
Saint Kitts and Nevis,,1979,8.05773991361625
Saint Kitts and Nevis,,1978,4.24892115462106
Saint Lucia,,2025,-0.797598585137095
Saint Lucia,,2024,4.50136097495573
Saint Lucia,,2023,3.61564604076752
Saint Lucia,,2022,19.1727834727551
Saint Lucia,,2021,10.9773537968332
Saint Lucia,,2020,-23.1552773828255
Saint Lucia,,2019,-1.38812466794819
Saint Lucia,,2018,2.49445186760282
Saint Lucia,,2017,2.97179882236796
Saint Lucia,,2016,2.9915396739198
Saint Lucia,,2015,-0.337052867572226
Saint Lucia,,2014,0.880621538906311
Saint Lucia,,2013,-2.26163327907432
Saint Lucia,,2012,-0.563683330885993
Saint Lucia,,2011,3.78344996295867
Saint Lucia,,2010,-0.278750187807233
Saint Lucia,,2009,-3.43582922693658
Saint Lucia,,2008,4.29652830468692
Saint Lucia,,2007,1.01330265983917
Saint Lucia,,2006,5.43753454391749
Saint Lucia,,2005,-1.13924471405971
Saint Lucia,,2004,6.44252113072108
Saint Lucia,,2003,3.41053937654591
Saint Lucia,,2002,-0.455758268918373
Saint Lucia,,2001,-4.38521361096242
Saint Lucia,,2000,-1.15852753925388
Saint Lucia,,1999,1.34383057850798
Saint Lucia,,1998,4.83795668922615
Saint Lucia,,1997,-2.08248177579216
Saint Lucia,,1996,1.39827512027458
Saint Lucia,,1995,0.156865158765669
Saint Lucia,,1994,0.0915392271761561
Saint Lucia,,1993,-0.892733394374474
Saint Lucia,,1992,6.35455541558694
Saint Lucia,,1991,-0.820743643335049
Saint Lucia,,1990,8.81855434176092
Saint Lucia,,1989,7.77393613027191
Saint Lucia,,1988,12.4037815792638
Saint Lucia,,1987,2.37299183093911
Saint Lucia,,1986,12.5888676984323
Saint Lucia,,1985,6.533818365779
Saint Lucia,,1984,5.55782690783433
Saint Lucia,,1983,3.32262418483423
Saint Lucia,,1982,0.493096165460145
Saint Lucia,,1981,4.66426306858048
Saint Lucia,,1980,-3.66480197615796
Saint Lucia,,1979,2.29670884238544
Saint Lucia,,1978,8.69393579466634
Saint Vincent-Grenadines,,2025,4.10818502429764
Saint Vincent-Grenadines,,2024,4.79304780177681
Saint Vincent-Grenadines,,2023,6.07793111453327
Saint Vincent-Grenadines,,2022,3.91412869594379
Saint Vincent-Grenadines,,2021,2.77342166309265
Saint Vincent-Grenadines,,2020,-3.67618803165428
Saint Vincent-Grenadines,,2019,1.40193657114291
Saint Vincent-Grenadines,,2018,3.90031671690731
Saint Vincent-Grenadines,,2017,2.20738641850942
Saint Vincent-Grenadines,,2016,4.74804540016839
Saint Vincent-Grenadines,,2015,3.33765430602968
Saint Vincent-Grenadines,,2014,1.71007773700347
Saint Vincent-Grenadines,,2013,3.0319570809024
Saint Vincent-Grenadines,,2012,1.73945379802912
Saint Vincent-Grenadines,,2011,-0.0518118530617357
Saint Vincent-Grenadines,,2010,-3.99351095016873
Saint Vincent-Grenadines,,2009,-0.914124585036191
Saint Vincent-Grenadines,,2008,0.859512861875416
Saint Vincent-Grenadines,,2007,3.77042261406409
Saint Vincent-Grenadines,,2006,7.41339795731157
Saint Vincent-Grenadines,,2005,2.83945191097459
Saint Vincent-Grenadines,,2004,4.39705000606179
Saint Vincent-Grenadines,,2003,6.88559351311582
Saint Vincent-Grenadines,,2002,5.48525117619123
Saint Vincent-Grenadines,,2001,1.78767492091447
Saint Vincent-Grenadines,,2000,1.47880127546429
Saint Vincent-Grenadines,,1999,2.54179354025959
Saint Vincent-Grenadines,,1998,4.05432713327265
Saint Vincent-Grenadines,,1997,3.48502454079123
Saint Vincent-Grenadines,,1996,1.22344246518328
Saint Vincent-Grenadines,,1995,7.64367574826734
Saint Vincent-Grenadines,,1994,-1.40766591680416
Saint Vincent-Grenadines,,1993,4.04173919943855
Saint Vincent-Grenadines,,1992,6.10658038959106
Saint Vincent-Grenadines,,1991,0.766079149440529
Saint Vincent-Grenadines,,1990,3.64619461199149
Saint Vincent-Grenadines,,1989,0.846053659284522
Saint Vincent-Grenadines,,1988,13.3974088997102
Saint Vincent-Grenadines,,1987,-0.219401447443673
Saint Vincent-Grenadines,,1986,4.85084730919915
Saint Vincent-Grenadines,,1985,5.37790770774799
Saint Vincent-Grenadines,,1984,5.74601657425153
Saint Vincent-Grenadines,,1983,1.33757614779626
Saint Vincent-Grenadines,,1982,3.59346572905743
Saint Vincent-Grenadines,,1981,3.75766171325887
Saint Vincent-Grenadines,,1980,1.72020584700003
Saint Vincent-Grenadines,,1979,2.67986759674284
Saint Vincent-Grenadines,,1978,8.94860189060371
Saint Vincent-Grenadines,,1977,12.3391084531864
Saint Vincent-Grenadines,,1976,9.49334318174724
Saint Vincent-Grenadines,,1975,-8.37352117877013
Saint Vincent-Grenadines,,1974,-9.61281095414434
Saint Vincent-Grenadines,,1973,-11.9129357594357
Saint Vincent-Grenadines,,1972,24.6502503385862
Saint Vincent-Grenadines,,1971,2.00291114622803
Saint Vincent-Grenadines,,1970,9.70033320439487
Saint Vincent-Grenadines,,1969,1.84909534523383
Saint Vincent-Grenadines,,1968,5.37923629559455
Saint Vincent-Grenadines,,1967,-10.5653330944492
Saint Vincent-Grenadines,,1966,-1.22213531482205
Saint Vincent-Grenadines,,1965,-0.42207444020724
Saint Vincent-Grenadines,,1964,2.25356406476899
Saint Vincent-Grenadines,,1963,-7.62810886582699
Saint Vincent-Grenadines,,1962,2.07054721676397
Saint Vincent-Grenadines,,1961,2.72328397163879
Sudan,,2025,0.64402105445447
Sudan,,2024,-14.6570236407403
Sudan,,2023,-30.363173571103
Sudan,,2022,-3.59800846557803
Sudan,,2021,-4.47700779563793
Sudan,,2020,-6.18595807947966
Sudan,,2019,-5.00795943799888
Sudan,,2018,-6.01716755998106
Sudan,,2017,-2.71987452387332
Sudan,,2016,0.369473161527822
Sudan,,2015,-1.14810293147822
Sudan,,2014,1.86452924090501
Sudan,,2013,-0.372546263586997
Sudan,,2012,-7.20056369222739
Sudan,,2011,5.87200118550977
Sudan,,2010,0.758886048751407
Sudan,,2009,-5.81042185394722
Sudan,,2008,0.693530743818769
Sudan,,2007,2.69329211251048
Sudan,,2006,3.55587752590014
Sudan,,2005,2.75337218040758
Sudan,,2004,2.38501078452138
Sudan,,2003,3.47662601258492
Sudan,,2002,3.04640852451755
Sudan,,2001,3.51515858633522
Sudan,,2000,3.37132975440942
Sudan,,1999,0.524555771446217
Sudan,,1998,1.8044093130267
Sudan,,1997,15.5899602143833
Sudan,,1996,3.52820988912499
Sudan,,1995,3.22166623716427
Sudan,,1994,-1.46917150041169
Sudan,,1993,2.49041697350873
Sudan,,1992,4.54963665240291
Sudan,,1991,5.35245970415686
Sudan,,1990,-7.12283677545001
Sudan,,1989,7.668564257363
Sudan,,1988,-1.55520909491457
Sudan,,1987,12.1835557689147
Sudan,,1986,3.45138115933945
Sudan,,1985,-7.95923243778884
Sudan,,1984,-7.06459754963682
Sudan,,1983,-1.05893172428505
Sudan,,1982,2.20442598047367
Sudan,,1981,3.4262257716873
Sudan,,1980,-2.31869961272838
Sudan,,1979,-8.54925097526581
Sudan,,1978,-9.30987128099154
Sudan,,1977,2.78311836342399
Sudan,,1976,12.8461178952248
Sudan,,1975,11.9462726812769
Sudan,,1974,7.40531016636297
Sudan,,1973,-3.02667229625716
Sudan,,1972,-8.00189707266057
Sudan,,1971,-0.830443352011486
Sudan,,1970,2.83319514373197
Sudan,,1969,-1.54867497492742
Sudan,,1968,-0.981796867696076
Sudan,,1967,-1.46752671776959
Sudan,,1966,-6.34670893070819
Sudan,,1965,3.6113949470524
Sudan,,1964,-4.01225792797402
Sudan,,1963,-5.59309242466959
Sudan,,1962,3.94674534576613
Sudan,,1961,-2.69632481229755
Suriname,,2025,0.929600141453506
Suriname,,2024,0.831904608783688
Suriname,,2023,1.48474163935258
Suriname,,2022,1.54051769500568
Suriname,,2021,-3.31629942420831
Suriname,,2020,-16.8738740468232
Suriname,,2019,0.12296002295291
Suriname,,2018,3.93294702617604
Suriname,,2017,0.547149370341614
Suriname,,2016,-5.90338246401519
Suriname,,2015,-4.45160318607753
Suriname,,2014,-0.851471419293389
Suriname,,2013,1.77805890287095
Suriname,,2012,1.52880858968571
Suriname,,2011,4.64182224452708
Suriname,,2010,3.95347703289852
Suriname,,2009,1.81540250702821
Suriname,,2008,2.93593297564139
Suriname,,2007,3.92006219934488
Suriname,,2006,4.64814560762545
Suriname,,2005,3.41538457225288
Suriname,,2004,6.9146916825718
Suriname,,2003,4.22968365512362
Suriname,,2002,0.731583130433549
Suriname,,2001,2.07621012945627
Suriname,,2000,0.016412852428175
Suriname,,1999,-3.40825462183219
Suriname,,1998,0.211310826230431
Suriname,,1997,3.52096892509446
Suriname,,1996,-1.12297125235634
Suriname,,1995,-1.68317016056574
Suriname,,1994,2.65994989666993
Suriname,,1993,-7.09224118960068
Suriname,,1992,-0.2193419760994
Suriname,,1991,2.07639457886468
Suriname,,1990,-5.44552392165917
Suriname,,1989,2.62274680251504
Suriname,,1988,6.37527017499558
Suriname,,1987,-7.2826049098625
Suriname,,1986,-0.576612551612655
Suriname,,1985,0.740327469136076
Suriname,,1984,-2.78476423596697
Suriname,,1983,-4.45592693253033
Suriname,,1982,-4.47883522993371
Suriname,,1981,7.07660943058386
Suriname,,1980,-8.25942346331742
Suriname,,1979,0.42663651820844
Suriname,,1978,7.59613894378217
Suriname,,1977,11.122084725922
Suriname,,1976,9.6072667587928
Suriname,,1975,3.458580155335
Suriname,,1974,0.934547183339333
Suriname,,1973,-1.39283071295947
Suriname,,1972,-1.97089476470012
Suriname,,1971,0.588938387155395
Suriname,,1970,-0.693001300221226
Suriname,,1969,0.999634779012808
Suriname,,1968,3.97799422592615
Suriname,,1967,8.3236308682562
Suriname,,1966,15.1916891760893
Suriname,,1965,8.16435000088789
Suriname,,1964,2.36221408150745
Suriname,,1963,0.934934048349433
Suriname,,1962,-0.16982409436126
Suriname,,1961,1.39119837734107
Sweden,,2025,1.28528640204073
Sweden,,2024,0.7016697822271
Sweden,,2023,-0.674701257933236
Sweden,,2022,0.568648782156174
Sweden,,2021,4.5957806799404
Sweden,,2020,-2.63997048116038
Sweden,,2019,1.57332206499805
Sweden,,2018,0.594886136077946
Sweden,,2017,0.519214362381689
Sweden,,2016,0.855975824436371
Sweden,,2015,3.29020421290397
Sweden,,2014,1.28579244857269
Sweden,,2013,0.284298669472349
Sweden,,2012,-1.14837721022437
Sweden,,2011,2.38777753247983
Sweden,,2010,4.85304553694191
Sweden,,2009,-5.06780005582803
Sweden,,2008,-1.6919565204184
Sweden,,2007,2.46223270145694
Sweden,,2006,4.08894162666398
Sweden,,2005,2.38284512787561
Sweden,,2004,3.77065163055421
Sweden,,2003,1.50263999618741
Sweden,,2002,1.94541903904167
Sweden,,2001,1.08904749433709
Sweden,,2000,4.46324425617721
Sweden,,1999,4.11994996519324
Sweden,,1998,4.18797877983562
Sweden,,1997,3.00599147276768
Sweden,,1996,1.54298849078722
Sweden,,1995,3.54963299122375
Sweden,,1994,3.27914084779151
Sweden,,1993,-2.6328084512474
Sweden,,1992,-1.73663035646904
Sweden,,1991,-1.81751515509977
Sweden,,1990,-0.0207591788844042
Sweden,,1989,1.97219125019805
Sweden,,1988,2.08876053466133
Sweden,,1987,3.0095477511744
Sweden,,1986,2.45277262936798
Sweden,,1985,1.99177410471971
Sweden,,1984,4.13486530060632
Sweden,,1983,1.85451503005886
Sweden,,1982,1.19077537467503
Sweden,,1981,0.334436796769495
Sweden,,1980,1.49373317290613
Sweden,,1979,3.61364752879976
Sweden,,1978,1.45573374293132
Sweden,,1977,-1.9451271570977
Sweden,,1976,0.691238137203413
Sweden,,1975,2.14625323509338
Sweden,,1974,2.89918478607277
Sweden,,1973,3.78893205453909
Sweden,,1972,1.98692133219636
Sweden,,1971,0.252434827576778
Sweden,,1970,5.48438289686888
Sweden,,1969,4.27371518725217
Sweden,,1968,3.05769420592496
Sweden,,1967,2.57537481805572
Sweden,,1966,1.12398954610136
Sweden,,1965,2.84825977842331
Sweden,,1964,6.0260590887647
Sweden,,1963,4.73593992428525
Sweden,,1962,3.68560497853166
Sweden,,1961,5.18461872602253
Switzerland,,2025,0.332425570126517
Switzerland,,2024,0.0757783600805908
Switzerland,,2023,-0.441833465877266
Switzerland,,2022,2.6785993140471
Switzerland,,2021,5.3665512260086
Switzerland,,2020,-2.966852612279
Switzerland,,2019,0.396618811151228
Switzerland,,2018,2.56908414233095
Switzerland,,2017,0.478338226837309
Switzerland,,2016,0.804739182018849
Switzerland,,2015,0.306157484449557
Switzerland,,2014,1.29988872743645
Switzerland,,2013,0.671837728442554
Switzerland,,2012,0.05606067958675
Switzerland,,2011,0.286375468408821
Switzerland,,2010,2.190693084472
Switzerland,,2009,-3.15259444849458
Switzerland,,2008,1.23705292875356
Switzerland,,2007,3.05804556705532
Switzerland,,2006,3.48286502643637
Switzerland,,2005,2.29468015372771
Switzerland,,2004,1.88413812470986
Switzerland,,2003,-1.02129563329808
Switzerland,,2002,-0.376071813230695
Switzerland,,2001,0.951381195545636
Switzerland,,2000,3.0524783594406
Switzerland,,1999,1.19629769781075
Switzerland,,1998,2.47118239831801
Switzerland,,1997,1.8519686097496
Switzerland,,1996,0.117035851287611
Switzerland,,1995,3.40110616231237
Switzerland,,1994,3.18989163839343
Switzerland,,1993,-2.95347094001151
Switzerland,,1992,-2.24235468563295
Switzerland,,1991,-2.37378939453812
Switzerland,,1990,-0.274653779945453
Switzerland,,1989,1.8281521245393
Switzerland,,1988,1.80805116454879
Switzerland,,1987,2.70669564715887
Switzerland,,1986,2.15831412470149
Switzerland,,1985,1.7103881437899
Switzerland,,1984,3.85590625214911
Switzerland,,1983,1.46463658730383
Switzerland,,1982,0.658802058071629
Switzerland,,1981,-0.0932222528927724
Switzerland,,1980,1.29694752448594
Switzerland,,1979,3.63169202292224
Switzerland,,1978,1.74241229423005
Switzerland,,1977,-1.26209299446187
Switzerland,,1976,1.63740262405709
Switzerland,,1975,2.59772699632505
Switzerland,,1974,2.64394560252121
Switzerland,,1973,3.20328892545281
Switzerland,,1972,1.51177350214549
Switzerland,,1971,0.416284611184324
Switzerland,,1970,5.70727554651806
Switzerland,,1969,3.83390680196538
Switzerland,,1968,2.34161411156227
Switzerland,,1967,2.09254438490878
Switzerland,,1966,1.02939647140381
Switzerland,,1965,2.62942914382312
Switzerland,,1964,5.06860254734538
Switzerland,,1963,3.10027245296509
Switzerland,,1962,1.64928603587735
Switzerland,,1961,3.61081769500386
Syria,,2022,-3.90490484495091
Syria,,2021,-0.937128678948227
Syria,,2020,-2.38265909697594
Syria,,2019,-2.63687243879127
Syria,,2018,-0.435862757259983
Syria,,2017,-0.882573823971697
Syria,,2016,-5.28031989569315
Syria,,2015,0.00856895832579596
Syria,,2014,-4.14663713207196
Syria,,2013,-22.5829559975445
Syria,,2012,-25.9559180044911
Syria,,2011,1.07142470619088
Syria,,2010,2.82658329617919
Syria,,2009,4.27180111202605
Syria,,2008,0.843314302451219
Syria,,2007,-0.635666608517582
Syria,,2006,0.643827556100021
Syria,,2005,3.52136747526863
Syria,,2004,4.29318307609483
Syria,,2003,-1.77628168914023
Syria,,2002,5.28381353041894
Syria,,2001,1.27668700084639
Syria,,2000,-1.80421522520456
Syria,,1999,-5.97618190709545
Syria,,1998,4.06598851033671
Syria,,1997,2.30284558838696
Syria,,1996,6.89088933598605
Syria,,1995,4.03755108447395
Syria,,1994,4.09745194329328
Syria,,1993,2.99526601339912
Syria,,1992,9.55674328354266
Syria,,1991,4.33538047795443
Syria,,1990,0.439572643041046
Syria,,1989,-16.4606695006472
Syria,,1988,14.0714371824984
Syria,,1987,-1.76469801300779
Syria,,1986,-11.108256603454
Syria,,1985,5.57112088824223
Syria,,1984,-10.7951298651331
Syria,,1983,-1.11242129225163
Syria,,1982,-0.564609484362705
Syria,,1981,4.23502768554964
Syria,,1980,10.7274172750547
Syria,,1979,-2.47983251594501
Syria,,1978,6.23626397704619
Syria,,1977,-5.11532068218789
Syria,,1976,8.47847475216967
Syria,,1975,12.4671546949023
Syria,,1974,21.6295639641609
Syria,,1973,-13.44091594747
Syria,,1972,21.4647371576731
Syria,,1971,5.36443569936664
Syria,,1970,-4.958800136859
Syria,,1969,14.9900622800132
Syria,,1968,0.457907840444676
Syria,,1967,4.87075400157171
Syria,,1966,-10.519980670235
Syria,,1965,-0.828367586194517
Syria,,1964,5.98187100656062
Syria,,1963,-11.3540724715268
Syria,,1962,20.9088452912335
Syria,,1961,7.56556564549535
Tajikistan,,2025,6.43226137350786
Tajikistan,,2024,6.34141937002055
Tajikistan,,2023,6.13628181088259
Tajikistan,,2022,5.71622455034235
Tajikistan,,2021,7.01157366120653
Tajikistan,,2020,2.05116680370303
Tajikistan,,2019,4.89098971791482
Tajikistan,,2018,5.04059320866072
Tajikistan,,2017,4.50305161526772
Tajikistan,,2016,4.2256886170877
Tajikistan,,2015,3.34193519398252
Tajikistan,,2014,4.0554323883913
Tajikistan,,2013,4.75131202806213
Tajikistan,,2012,4.96076448659319
Tajikistan,,2011,5.0303552095006
Tajikistan,,2010,4.24657467143167
Tajikistan,,2009,1.79394759926346
Tajikistan,,2008,5.78378645390583
Tajikistan,,2007,5.74856457778455
Tajikistan,,2006,4.98592039180348
Tajikistan,,2005,4.63258511919481
Tajikistan,,2004,8.15635551136702
Tajikistan,,2003,8.88444644359714
Tajikistan,,2002,8.69157571922234
Tajikistan,,2001,7.48337681079825
Tajikistan,,2000,7.00808967496647
Tajikistan,,1999,3.1654997926537
Tajikistan,,1998,4.68935188724895
Tajikistan,,1997,0.466665814442905
Tajikistan,,1996,-18.3194300083395
Tajikistan,,1995,-14.2304868196184
Tajikistan,,1994,-22.6560518622999
Tajikistan,,1993,-17.5038570568868
Tajikistan,,1992,-30.3597640189133
Tajikistan,,1991,-9.48799907614494
Tajikistan,,1990,-3.02147591045924
Tajikistan,,1989,-9.2027986325589
Tajikistan,,1988,9.98241159562197
Tajikistan,,1987,-4.53903608213079
Tajikistan,,1986,0.178726963700981
Tanzania,,2025,2.89095957066445
Tanzania,,2024,2.5538482690819
Tanzania,,2023,2.08099243052513
Tanzania,,2022,1.54299792361155
Tanzania,,2021,1.25401761079502
Tanzania,,2020,-0.998987836780785
Tanzania,,2019,2.71005881950599
Tanzania,,2018,2.24213027557943
Tanzania,,2017,3.23688527604725
Tanzania,,2016,3.30400665890222
Tanzania,,2015,2.77038211960942
Tanzania,,2014,3.51147946313948
Tanzania,,2013,3.62722794168234
Tanzania,,2012,1.53892032694513
Tanzania,,2011,4.70485004341454
Tanzania,,2010,3.67041498018565
Tanzania,,2009,2.70936589724377
Tanzania,,2008,2.87353898673082
Tanzania,,2007,3.83493311688827
Tanzania,,2006,3.59554927104524
Tanzania,,2005,4.54018649750061
Tanzania,,2004,4.63163110389122
Tanzania,,2003,3.89344253690891
Tanzania,,2002,4.36368727532306
Tanzania,,2001,3.25057961835962
Tanzania,,2000,1.59942658531416
Tanzania,,1999,2.09994947542917
Tanzania,,1998,1.02063893946291
Tanzania,,1997,1.45902793566377
Tanzania,,1996,2.65168980698766
Tanzania,,1995,0.368447209863618
Tanzania,,1994,-2.2538960665397
Tanzania,,1993,-1.91363289102119
Tanzania,,1992,-1.88980012132932
Tanzania,,1991,-0.476012505289418
Tanzania,,1990,4.29914682952561
Tanzania,,1989,1.04190402239107
Tanzania,,1988,4.05865766192876
Tanzania,,1987,1.43674931403181
Tanzania,,1986,2.06538325839534
Tanzania,,1985,-2.00228811171158
Tanzania,,1984,1.31693001082563
Tanzania,,1983,-3.60684190525168
Tanzania,,1982,-3.36181308289295
Tanzania,,1981,-3.95231796044236
Tanzania,,1980,-0.457883680216497
Tanzania,,1979,-0.888768440167638
Tanzania,,1978,-1.45745486342815
Tanzania,,1977,-3.50614020675627
Tanzania,,1976,-0.384282770194559
Tanzania,,1975,0.27319379109008
Tanzania,,1974,-1.50567320144003
Tanzania,,1973,2.43676823950976
Tanzania,,1972,3.35827260093498
Tanzania,,1971,0.340962028441297
Tanzania,,1970,-48.2432962445813
Tanzania,,1969,-0.180957706840218
Tanzania,,1968,2.89538549556431
Tanzania,,1967,2.3000808793737
Tanzania,,1966,8.27635669117299
Tanzania,,1965,1.24488509828716
Tanzania,,1964,2.39831571340237
Tanzania,,1963,3.19237972681053
Tanzania,,1962,5.97740269532787
Tanzania,,1961,-1.70554379832981
Thailand,,2025,2.51134361626457
Thailand,,2024,2.99804874211011
Thailand,,2023,2.2957417568134
Thailand,,2022,2.62640014696653
Thailand,,2021,1.43703031357769
Thailand,,2020,-6.24932633137992
Thailand,,2019,1.90583495758329
Thailand,,2018,3.90762624173355
Thailand,,2017,3.73797800283087
Thailand,,2016,2.96944155296718
Thailand,,2015,2.65971785318402
Thailand,,2014,0.45053655380589
Thailand,,2013,2.08615316028128
Thailand,,2012,6.58038336266074
Thailand,,2011,0.215045559628464
Thailand,,2010,6.79479928649167
Thailand,,2009,-1.42135866699509
Thailand,,2008,0.947280170156503
Thailand,,2007,4.5949892120282
Thailand,,2006,4.10011779691514
Thailand,,2005,3.29537578511341
Thailand,,2004,5.34116205951062
Thailand,,2003,6.19493623168337
Thailand,,2002,5.13275009732257
Thailand,,2001,2.39873161764822
Thailand,,2000,3.28023479514871
Thailand,,1999,3.26905660525905
Thailand,,1998,-8.8321682116602
Thailand,,1997,-4.04196098576827
Thailand,,1996,4.20287810846418
Thailand,,1995,6.58833087971311
Thailand,,1994,6.41647263711154
Thailand,,1993,6.59374093147665
Thailand,,1992,6.37902716428354
Thailand,,1991,6.80395089988883
Thailand,,1990,9.36095058683009
Thailand,,1989,10.35841929704
Thailand,,1988,11.3728951000104
Thailand,,1987,7.63396585259409
Thailand,,1986,3.66333574867296
Thailand,,1985,2.73408972179925
Thailand,,1984,3.76302695681466
Thailand,,1983,3.55915648301884
Thailand,,1982,3.31444196924878
Thailand,,1981,3.80165524247921
Thailand,,1980,3.02724612072593
Thailand,,1979,3.18164886756369
Thailand,,1978,7.91547390497311
Thailand,,1977,7.41433782057813
Thailand,,1976,6.8308752520809
Thailand,,1975,2.43943932802959
Thailand,,1974,1.83817200002865
Thailand,,1973,7.36684534091006
Thailand,,1972,1.53906301677233
Thailand,,1971,2.10389450364397
Thailand,,1970,8.36939169485768
Thailand,,1969,3.59174783582577
Thailand,,1968,5.05450320125441
Thailand,,1967,5.4870486349994
Thailand,,1966,7.87836182492524
Thailand,,1965,4.99623941342099
Thailand,,1964,3.68665217687901
Thailand,,1963,4.8297234498835
Thailand,,1962,4.41722137266704
Thailand,,1961,2.31911469387343
Timor-Leste,,2025,5.62707069855799
Timor-Leste,,2024,-10.161913191806
Timor-Leste,,2023,-19.0224447249042
Timor-Leste,,2022,-21.6343453654996
Timor-Leste,,2021,3.49004138285764
Timor-Leste,,2020,29.2315955694561
Timor-Leste,,2019,21.8272465527765
Timor-Leste,,2018,-2.35863547850684
Timor-Leste,,2017,-4.99167838514208
Timor-Leste,,2016,1.06590239668736
Timor-Leste,,2015,0.504814158346647
Timor-Leste,,2014,2.42106298884939
Timor-Leste,,2013,0.985677294077263
Timor-Leste,,2012,2.58043451319878
Timor-Leste,,2011,3.52215453909612
Timor-Leste,,2010,6.72117634373186
Timor-Leste,,2009,7.40540545946205
Timor-Leste,,2008,8.42335310945737
Timor-Leste,,2007,7.16093774359759
Timor-Leste,,2006,-6.89325891273231
Timor-Leste,,2005,0.89548190695325
Timor-Leste,,2004,-0.91795179907021
Timor-Leste,,2003,-6.20634059530958
Timor-Leste,,2002,-13.801409240961
Timor-Leste,,2001,6.72745754298086
Timor-Leste,,2000,77.089568536025
Timor-Leste,,1999,-27.1136472308212
Timor-Leste,,1998,-4.63535853017653
Timor-Leste,,1997,1.1763426433297
Timor-Leste,,1996,5.06129450080917
Timor-Leste,,1995,3.77468913704429
Timor-Leste,,1994,4.19821471942177
Timor-Leste,,1993,7.23725954144756
Timor-Leste,,1992,7.55195553736829
Timor-Leste,,1991,8.16321368133181
Togo,,2025,4.02034813190872
Togo,,2024,4.2112681850039
Togo,,2023,4.19303539209972
Togo,,2022,4.54969714998951
Togo,,2021,3.17336186086668
Togo,,2020,-0.0464136395853814
Togo,,2019,2.69276787668153
Togo,,2018,2.9148797520469
Togo,,2017,2.2541566874758
Togo,,2016,2.34242089940982
Togo,,2015,3.47161387733128
Togo,,2014,3.51991609433983
Togo,,2013,3.56529836692911
Togo,,2012,3.8561464321063
Togo,,2011,2.97777711687345
Togo,,2010,2.59389115844033
Togo,,2009,2.10306444374237
Togo,,2008,0.746106675039186
Togo,,2007,-4.24863179214107
Togo,,2006,-0.234381611784201
Togo,,2005,-6.98809238817357
Togo,,2004,-3.36373306965925
Togo,,2003,4.090903606192
Togo,,2002,1.28656075137106
Togo,,2001,-1.65229608385683
Togo,,2000,-3.23018836054855
Togo,,1999,-0.0248348481097906
Togo,,1998,-4.72199073964951
Togo,,1997,10.5725750027269
Togo,,1996,4.25346716899855
Togo,,1995,2.43400726866187
Togo,,1994,14.5050417533563
Togo,,1993,-14.1217159206373
Togo,,1992,-6.66514350732382
Togo,,1991,-3.52144278864982
Togo,,1990,-3.12037753616558
Togo,,1989,1.0199978557546
Togo,,1988,3.47706755867144
Togo,,1987,-2.48578325768621
Togo,,1986,-1.55079575941235
Togo,,1985,2.62151040982745
Togo,,1984,3.08584007682764
Togo,,1983,-7.64138430495393
Togo,,1982,-6.25884242574811
Togo,,1981,-6.27109331620811
Togo,,1980,11.4139696666403
Togo,,1979,-7.53817437587806
Togo,,1978,8.42226246650506
Togo,,1977,4.454968927688
Togo,,1976,-4.36845078873084
Togo,,1975,-0.0335362005597801
Togo,,1974,2.22621174416457
Togo,,1973,1.151450719471
Togo,,1972,4.60746681243877
Togo,,1971,-3.16907721596196
Togo,,1970,-2.5345686654245
Togo,,1969,5.95524867195734
Togo,,1968,2.83244012096687
Togo,,1967,3.33412047127418
Togo,,1966,7.19536217007217
Togo,,1965,13.1840923131391
Togo,,1964,12.1051002674144
Togo,,1963,3.08937266234462
Togo,,1962,1.96269088245819
Togo,,1961,10.2189069515129
Tonga,,2025,3.22906826550479
Tonga,,2024,2.12857915244764
Tonga,,2023,3.22746003661523
Tonga,,2022,-1.71113087341446
Tonga,,2021,-0.733953666451555
Tonga,,2020,1.77247777065416
Tonga,,2019,-0.381463313423794
Tonga,,2018,0.32690003061127
Tonga,,2017,3.36688551758677
Tonga,,2016,7.17551408749179
Tonga,,2015,1.6036112602154
Tonga,,2014,2.43921991317512
Tonga,,2013,0.752077131516813
Tonga,,2012,1.02306619626815
Tonga,,2011,6.53506653770044
Tonga,,2010,0.639458308941471
Tonga,,2009,-5.29112664808726
Tonga,,2008,4.57476736236848
Tonga,,2007,-2.89657717629593
Tonga,,2006,-2.70155026186355
Tonga,,2005,-1.22171662108754
Tonga,,2004,-2.53428308034319
Tonga,,2003,-0.5132750153019
Tonga,,2002,3.84009133315611
Tonga,,2001,0.8921026437352
Tonga,,2000,3.1164781634571
Tonga,,1999,1.64280890829436
Tonga,,1998,1.57220624694287
Tonga,,1997,-0.994486483653645
Tonga,,1996,0.0430089681125168
Tonga,,1995,6.16562631440283
Tonga,,1994,4.88651073265973
Tonga,,1993,3.65411673840201
Tonga,,1992,0.124681393866538
Tonga,,1991,6.20722629218118
Tonga,,1990,-2.33589597538769
Tonga,,1989,-0.0484020966826932
Tonga,,1988,-2.46977372168573
Tonga,,1987,2.60248790524267
Tonga,,1986,2.09157092326771
Tonga,,1985,6.56498859822842
Tonga,,1984,1.74669804353218
Tonga,,1983,1.96367086898887
Tonga,,1982,4.66536595264775
Trinidad and Tobago,,2025,-0.746495546326813
Trinidad and Tobago,,2024,2.44755276913735
Trinidad and Tobago,,2023,1.33995194217194
Trinidad and Tobago,,2022,0.990715463329252
Trinidad and Tobago,,2021,-0.777215541824603
Trinidad and Tobago,,2020,-8.97165770967038
Trinidad and Tobago,,2019,0.114767755861862
Trinidad and Tobago,,2018,-1.13201603020309
Trinidad and Tobago,,2017,-5.06473832096466
Trinidad and Tobago,,2016,-7.82511237114002
Trinidad and Tobago,,2015,-0.725356979544244
Trinidad and Tobago,,2014,3.3020638436403
Trinidad and Tobago,,2013,2.95466061754502
Trinidad and Tobago,,2012,6.13730928249969
Trinidad and Tobago,,2011,-1.06803812728484
Trinidad and Tobago,,2010,2.72667409792857
Trinidad and Tobago,,2009,-4.50258208171535
Trinidad and Tobago,,2008,2.96516094023625
Trinidad and Tobago,,2007,4.33268105297186
Trinidad and Tobago,,2006,12.9071459292893
Trinidad and Tobago,,2005,10.3839653520046
Trinidad and Tobago,,2004,7.41478653453842
Trinidad and Tobago,,2003,13.868403750776
Trinidad and Tobago,,2002,7.41453370120124
Trinidad and Tobago,,2001,3.71328614066861
Trinidad and Tobago,,2000,6.49101487437005
Trinidad and Tobago,,1999,7.65646569196778
Trinidad and Tobago,,1998,7.76236764753639
Trinidad and Tobago,,1997,7.1187287096166
Trinidad and Tobago,,1996,6.66021028344292
Trinidad and Tobago,,1995,3.2626377788537
Trinidad and Tobago,,1994,2.93412495729879
Trinidad and Tobago,,1993,-1.35114548259963
Trinidad and Tobago,,1992,9.27027370604701
Trinidad and Tobago,,1991,2.29848572718151
Trinidad and Tobago,,1990,0.649239418538244
Trinidad and Tobago,,1989,-1.75092762977258
Trinidad and Tobago,,1988,-4.91210732813988
Trinidad and Tobago,,1987,-5.67815808738371
Trinidad and Tobago,,1986,-4.54597091541925
Trinidad and Tobago,,1985,-5.28077545303297
Trinidad and Tobago,,1984,-6.75126185963548
Trinidad and Tobago,,1983,-11.2747452258963
Trinidad and Tobago,,1982,2.64235227595077
Trinidad and Tobago,,1981,3.3438016346711
Trinidad and Tobago,,1980,9.00273729982064
Trinidad and Tobago,,1979,2.26569888548262
Trinidad and Tobago,,1978,8.62530098175502
Trinidad and Tobago,,1977,7.78318215675544
Trinidad and Tobago,,1976,5.12366663845437
Trinidad and Tobago,,1975,0.253836342343689
Trinidad and Tobago,,1974,2.51993453618269
Trinidad and Tobago,,1973,0.377619149736887
Trinidad and Tobago,,1972,4.49462472021649
Trinidad and Tobago,,1971,-0.0797310915841081
Trinidad and Tobago,,1970,2.40950840841683
Trinidad and Tobago,,1969,1.50508895757918
Trinidad and Tobago,,1968,3.84833046755104
Trinidad and Tobago,,1967,0.604197669267307
Trinidad and Tobago,,1966,2.45536505352028
Trinidad and Tobago,,1965,-0.98310619137763
Trinidad and Tobago,,1964,5.72549239960505
Trinidad and Tobago,,1963,3.64865998448745
Trinidad and Tobago,,1962,0.752266670830878
Trinidad and Tobago,,1961,11.6323866787764
Tunisia,,2025,1.89995917167896
Tunisia,,2024,0.979801739421518
Tunisia,,2023,-0.481913639518325
Tunisia,,2022,2.15276458662672
Tunisia,,2021,4.08785924151975
Tunisia,,2020,-9.72752601384167
Tunisia,,2019,0.613127731689971
Tunisia,,2018,1.60391587948506
Tunisia,,2017,1.18340493178839
Tunisia,,2016,0.00849827158573646
Tunisia,,2015,-0.165402101671091
Tunisia,,2014,1.87486431059185
Tunisia,,2013,1.2189966874892
Tunisia,,2012,3.04657312459409
Tunisia,,2011,-3.1268978636142
Tunisia,,2010,1.86835635362381
Tunisia,,2009,1.99812423215356
Tunisia,,2008,3.23983058347032
Tunisia,,2007,5.73567938504127
Tunisia,,2006,4.31907482857264
Tunisia,,2005,2.58534081098441
Tunisia,,2004,5.24794746880204
Tunisia,,2003,3.66160593216975
Tunisia,,2002,0.287760873614303
Tunisia,,2001,2.6947331733366
Tunisia,,2000,3.54145974209786
Tunisia,,1999,4.79928371775667
Tunisia,,1998,3.46159826406904
Tunisia,,1997,4.02139832385444
Tunisia,,1996,5.61085297467285
Tunisia,,1995,0.756163865617296
Tunisia,,1994,1.34172547583501
Tunisia,,1993,0.166338940851446
Tunisia,,1992,5.56226775420092
Tunisia,,1991,1.73746449049477
Tunisia,,1990,5.70836371358358
Tunisia,,1989,-0.465310452566683
Tunisia,,1988,-2.24256270348137
Tunisia,,1987,4.10319522235456
Tunisia,,1986,-3.91587698845028
Tunisia,,1985,2.94161034300467
Tunisia,,1984,3.31393972186763
Tunisia,,1983,2.52770011744421
Tunisia,,1982,-2.65936763686149
Tunisia,,1981,3.13957512777445
Tunisia,,1980,4.98333628920737
Tunisia,,1979,4.14070902700396
Tunisia,,1978,3.85159431831777
Tunisia,,1977,0.741174867485213
Tunisia,,1976,5.03949251485865
Tunisia,,1975,4.31926073788047
Tunisia,,1974,5.27186323831654
Tunisia,,1973,-3.17871622274407
Tunisia,,1972,14.7994759399209
Tunisia,,1971,7.82307689165729
Tunisia,,1970,2.08523998611466
Tunisia,,1969,2.13580555233803
Tunisia,,1968,7.71891088679536
Tunisia,,1967,-2.12453567816645
Tunisia,,1966,1.43344178523851
Tunisia,,1965,-4.06477764973445
Tunisia,,1964,-6.0079353248876
Tunisia,,1963,-11.9033709934457
Tunisia,,1962,-5.7443578705971
Turkey,,2025,3.17044473186495
Turkey,,2024,3.09479882124933
Turkey,,2023,4.61909774991381
Turkey,,2022,4.40815937187469
Turkey,,2021,10.797736075363
Turkey,,2020,0.819957444576985
Turkey,,2019,-0.136378469205951
Turkey,,2018,2.07704135618785
Turkey,,2017,6.43664614092381
Turkey,,2016,1.9428315705164
Turkey,,2015,4.4033792666971
Turkey,,2014,3.19911298885714
Turkey,,2013,7.10372830173409
Turkey,,2012,3.48010432023058
Turkey,,2011,9.36292358017863
Turkey,,2010,6.90544093016851
Turkey,,2009,-6.18658127732729
Turkey,,2008,-0.349081731358567
Turkey,,2007,4.93924794926627
Turkey,,2006,5.97350417809075
Turkey,,2005,7.95177362643042
Turkey,,2004,8.70602046453412
Turkey,,2003,4.57792705344551
Turkey,,2002,5.15974085311868
Turkey,,2001,-6.62846843803128
Turkey,,2000,5.62145840894716
Turkey,,1999,-4.33986843724782
Turkey,,1998,0.499222307705665
Turkey,,1997,5.81746162836372
Turkey,,1996,5.55499104784674
Turkey,,1995,6.12697954674321
Turkey,,1994,-6.31116935634827
Turkey,,1993,5.81013071318085
Turkey,,1992,3.26017406071585
Turkey,,1991,-1.03629423592855
Turkey,,1990,7.23962032231525
Turkey,,1989,-1.65638739150337
Turkey,,1988,0.297547033553357
Turkey,,1987,7.27713021223573
Turkey,,1986,4.75790899777842
Turkey,,1985,1.95228450972105
Turkey,,1984,4.28679512122811
Turkey,,1983,2.53286113263376
Turkey,,1982,1.37276997412432
Turkey,,1981,2.79131786896878
Turkey,,1980,-4.37737072341045
Turkey,,1979,-2.55562416060116
Turkey,,1978,-0.525036952127351
Turkey,,1977,1.29538784457235
Turkey,,1976,8.22860272296013
Turkey,,1975,4.97364195842398
Turkey,,1974,3.28170101269221
Turkey,,1973,0.901130367305143
Turkey,,1972,4.87752239463101
Turkey,,1971,3.09021412401125
Turkey,,1970,0.836579489623062
Turkey,,1969,1.56230666179115
Turkey,,1968,4.11398596040773
Turkey,,1967,2.04810309423178
Turkey,,1966,8.42240435488502
Turkey,,1965,0.273548786584698
Turkey,,1964,2.73012312351202
Turkey,,1963,6.18871069931318
Turkey,,1962,2.75920742312093
Turkey,,1961,-1.58598491590956
Turkmenistan,,2025,4.56505264866701
Turkmenistan,,2024,4.43792563432616
Turkmenistan,,2023,4.38073247443103
Turkmenistan,,2022,4.20504344934773
Turkmenistan,,2021,4.02379198709588
Turkmenistan,,2020,3.64707009830416
Turkmenistan,,2019,4.0121953580019
Turkmenistan,,2018,3.83691417565801
Turkmenistan,,2017,4.04622979985758
Turkmenistan,,2016,3.81940190706788
Turkmenistan,,2015,4.04654007021054
Turkmenistan,,2014,7.88052305867335
Turkmenistan,,2013,7.73686051793135
Turkmenistan,,2012,8.65854927877794
Turkmenistan,,2011,12.3150963498324
Turkmenistan,,2010,6.98701643093588
Turkmenistan,,2009,4.02604908682306
Turkmenistan,,2008,12.5329864956381
Turkmenistan,,2007,9.0062665732903
Turkmenistan,,2006,8.92835363724222
Turkmenistan,,2005,10.9273056968375
Turkmenistan,,2004,3.00488642265209
Turkmenistan,,2003,1.26454248184965
Turkmenistan,,2002,-1.71993679067228
Turkmenistan,,2001,2.27429100739747
Turkmenistan,,2000,3.38607027341378
Turkmenistan,,1999,14.382150150155
Turkmenistan,,1998,5.30847915383077
Turkmenistan,,1997,-12.8895820479367
Turkmenistan,,1996,4.88281198501517
Turkmenistan,,1995,-8.85049826525425
Turkmenistan,,1994,-18.9924697791888
Turkmenistan,,1993,-0.707955622795879
Turkmenistan,,1992,-16.8801033874648
Turkmenistan,,1991,-6.96377488751955
Turkmenistan,,1990,31.8527372518528
Turkmenistan,,1989,-6.95047420490631
Turkmenistan,,1988,7.69755768557003
Tuvalu,,2025,3.28836017215532
Tuvalu,,2024,5.21196104822583
Tuvalu,,2023,5.36467493101129
Tuvalu,,2022,-9.13699709767813
Tuvalu,,2021,2.01098685501276
Tuvalu,,2020,-1.33317014747919
Tuvalu,,2019,15.2691969832959
Tuvalu,,2018,2.49947603859147
Tuvalu,,2017,3.84759945752347
Tuvalu,,2016,5.09284757758506
Tuvalu,,2015,9.58848297832067
Tuvalu,,2014,1.82457678390588
Tuvalu,,2013,3.17281381465209
Tuvalu,,2012,-4.22103363025631
Tuvalu,,2011,5.86441985622457
Tuvalu,,2010,-3.87417505668408
Tuvalu,,2009,-6.88301475325463
Tuvalu,,2008,5.14382444282117
Tuvalu,,2007,5.58254169285016
Tuvalu,,2006,0.132490287100808
Tuvalu,,2005,-4.94739499399469
Tuvalu,,2004,-3.09754623680732
Tuvalu,,2003,-5.06112563653929
Tuvalu,,2002,7.90086559181067
Tuvalu,,2001,0.254445930596376
Tuvalu,,2000,-1.42326451721122
Tuvalu,,1999,-2.03034363495608
Tuvalu,,1998,14.8778924542227
Tuvalu,,1997,9.3245589994677
Tuvalu,,1996,-6.58547612978641
Tuvalu,,1995,-5.75172304445364
Tuvalu,,1994,9.31314182840417
Tuvalu,,1993,3.10690611589052
Tuvalu,,1992,1.53776356935819
Tuvalu,,1991,2.10053660152016
Tuvalu,,1990,13.5925095299892
Tuvalu,,1989,-3.57784941432216
Tuvalu,,1988,17.2480490971992
Tuvalu,,1987,10.1917274144543
Tuvalu,,1986,20.0344284837001
Tuvalu,,1985,-3.59196246607402
Tuvalu,,1984,5.9242845170042
Tuvalu,,1983,7.22476185838264
Tuvalu,,1982,-17.5214602045412
Tuvalu,,1981,0.41905785085163
Tuvalu,,1980,-3.09451195025002
Tuvalu,,1979,-3.54406005251641
Tuvalu,,1978,-5.65647811932403
Tuvalu,,1977,-7.80145977168307
Tuvalu,,1976,-5.28879808186031
Tuvalu,,1975,-6.25647277182856
Tuvalu,,1974,-4.05930910499075
Tuvalu,,1973,-1.74060832291681
Tuvalu,,1972,-2.07058358034494
Tuvalu,,1971,-1.9645531516405
Uganda,,2025,3.49725229634556
Uganda,,2024,3.17493921238938
Uganda,,2023,2.42759459782118
Uganda,,2022,1.48927085105888
Uganda,,2021,0.258075577364949
Uganda,,2020,-0.423922683361482
Uganda,,2019,2.88958690241905
Uganda,,2018,2.75300382511665
Uganda,,2017,-0.406390812740796
Uganda,,2016,1.35743312909598
Uganda,,2015,2.00429943099081
Uganda,,2014,2.04948459267207
Uganda,,2013,0.656669463732158
Uganda,,2012,0.865151267915266
Uganda,,2011,6.23090993981926
Uganda,,2010,2.57308463341826
Uganda,,2009,3.70592159085399
Uganda,,2008,5.5545038560267
Uganda,,2007,5.27037575377261
Uganda,,2006,7.58857752601207
Uganda,,2005,3.25713954596638
Uganda,,2004,3.65117760961586
Uganda,,2003,3.163140555198
Uganda,,2002,5.38039055287112
Uganda,,2001,2.01473762716464
Uganda,,2000,-0.0506112736721605
Uganda,,1999,4.60903573362658
Uganda,,1998,1.83132276374145
Uganda,,1997,2.09696413485794
Uganda,,1996,6.16502322616066
Uganda,,1995,8.51809025515809
Uganda,,1994,2.89205348201035
Uganda,,1993,4.64880550066493
Uganda,,1992,-0.0452355171633343
Uganda,,1991,2.14720744383359
Uganda,,1990,3.08537625148307
Uganda,,1989,2.98416591168392
Uganda,,1988,4.8731416529707
Uganda,,1987,0.79113763901934
Uganda,,1986,-2.49096889727608
Uganda,,1985,-5.98381522998432
Uganda,,1984,-2.97662323233796
Uganda,,1983,3.15519965111979
Ukraine,,2025,-1.32161434081765
Ukraine,,2024,2.85533390256367
Ukraine,,2023,15.4480219876898
Ukraine,,2022,-22.7456813021158
Ukraine,,2021,4.41050883289091
Ukraine,,2020,-3.08458576352871
Ukraine,,2019,3.87284698333255
Ukraine,,2018,4.09937975447431
Ukraine,,2017,2.86027869650954
Ukraine,,2016,2.94151228987063
Ukraine,,2015,-9.27686663817931
Ukraine,,2014,-5.08846879597155
Ukraine,,2013,0.226082936004985
Ukraine,,2012,0.364275557578679
Ukraine,,2011,5.78262206521443
Ukraine,,2010,4.46782513515676
Ukraine,,2009,-14.7807201233911
Ukraine,,2008,2.77550904646171
Ukraine,,2007,8.71227296398449
Ukraine,,2006,8.26961304502665
Ukraine,,2005,3.92453428899148
Ukraine,,2004,12.5773931558428
Ukraine,,2003,10.337484498259
Ukraine,,2002,6.26926483071821
Ukraine,,2001,9.79657550011422
Ukraine,,2000,6.79706549402465
Ukraine,,1999,0.605336123329252
Ukraine,,1998,-1.10718093619529
Ukraine,,1997,-2.16111095277036
Ukraine,,1996,-9.22795603769922
Ukraine,,1995,-11.5024738356575
Ukraine,,1994,-22.4941466864469
Ukraine,,1993,-14.2433546055169
Ukraine,,1992,-10.1629691607265
Ukraine,,1991,-8.90451869290497
Ukraine,,1990,-6.59041563631982
Ukraine,,1989,3.48703210893358
Ukraine,,1988,2.15178868370032
United Arab Emirates,,2024,-0.766014064229807
United Arab Emirates,,2023,0.234310330355683
United Arab Emirates,,2022,2.18067106977496
United Arab Emirates,,2021,2.65161941845433
United Arab Emirates,,2020,-8.25883323246956
United Arab Emirates,,2019,0.208979855084152
United Arab Emirates,,2018,0.195833797104513
United Arab Emirates,,2017,-4.1521758396202
United Arab Emirates,,2016,0.57481122939582
United Arab Emirates,,2015,1.47472912196567
United Arab Emirates,,2014,-0.124043269981982
United Arab Emirates,,2013,0.805426598522857
United Arab Emirates,,2012,0.619820807088118
United Arab Emirates,,2011,3.21044717047995
United Arab Emirates,,2010,-0.804617487902945
United Arab Emirates,,2009,-10.9561860297587
United Arab Emirates,,2008,-7.90937300755436
United Arab Emirates,,2007,-8.10762969870919
United Arab Emirates,,2006,2.28740527695417
United Arab Emirates,,2005,-0.445692154808313
United Arab Emirates,,2004,3.71559553188652
United Arab Emirates,,2003,2.68559850249295
United Arab Emirates,,2002,-3.60458348660198
United Arab Emirates,,2001,-4.86473065890998
United Arab Emirates,,2000,3.63205780500195
United Arab Emirates,,1999,-4.20554133560286
United Arab Emirates,,1998,-7.06408032031879
United Arab Emirates,,1997,-0.251957864765345
United Arab Emirates,,1996,-0.836433108678165
United Arab Emirates,,1995,2.02194448982083
United Arab Emirates,,1994,2.02484576672445
United Arab Emirates,,1993,-3.63144943782228
United Arab Emirates,,1992,-1.93768038450514
United Arab Emirates,,1991,-4.58876380694964
United Arab Emirates,,1990,11.5724168448179
United Arab Emirates,,1989,5.55589491749082
United Arab Emirates,,1988,-8.84619793792895
United Arab Emirates,,1987,-3.63616872517201
United Arab Emirates,,1986,-20.143124453657
United Arab Emirates,,1985,-8.6263783833507
United Arab Emirates,,1984,-1.61310548126046
United Arab Emirates,,1983,-10.0616230969845
United Arab Emirates,,1982,-12.0387055475196
United Arab Emirates,,1981,-3.34860852551871
United Arab Emirates,,1980,11.2285666509993
United Arab Emirates,,1979,7.30171206223589
United Arab Emirates,,1978,-13.6362492630725
United Arab Emirates,,1977,5.30784875282244
United Arab Emirates,,1976,2.71261438937486
United Arab Emirates,,1975,-4.29406042029954
United Arab Emirates,,1974,2.16348157119559
United Arab Emirates,,1973,55.8235293190942
United Arab Emirates,,1972,21.0226998042105
United Arab Emirates,,1971,16.8394317490106
United Kingdom,,2025,1.08786759604824
United Kingdom,,2024,-0.0212601831000256
United Kingdom,,2023,-1.0306551867823
United Kingdom,,2022,4.1267500565517
United Kingdom,,2021,8.15741414430147
United Kingdom,,2020,-10.1988501221779
United Kingdom,,2019,0.738072456841849
United Kingdom,,2018,1.0564966711085
United Kingdom,,2017,2.46409428701189
United Kingdom,,2016,1.39797854877506
United Kingdom,,2015,1.40597768353071
United Kingdom,,2014,2.39228723571463
United Kingdom,,2013,1.04127689543228
United Kingdom,,2012,0.807661642969506
United Kingdom,,2011,0.0663488911998797
United Kingdom,,2010,1.46206947680976
United Kingdom,,2009,-5.30637777763782
United Kingdom,,2008,-0.832967942760902
United Kingdom,,2007,2.13253558466515
United Kingdom,,2006,1.4414302818718
United Kingdom,,2005,2.08729988072291
United Kingdom,,2004,1.74549468873848
United Kingdom,,2003,2.73900554436896
United Kingdom,,2002,1.27936543722539
United Kingdom,,2001,1.9975992432021
United Kingdom,,2000,4.15158061382745
United Kingdom,,1999,2.60180734515576
United Kingdom,,1998,2.94588672989829
United Kingdom,,1997,4.61021097170145
United Kingdom,,1996,2.35396378671228
United Kingdom,,1995,3.25985802369149
United Kingdom,,1994,4.6865535618182
United Kingdom,,1993,3.24267090591322
United Kingdom,,1992,1.0211660302119
United Kingdom,,1991,-1.59721933146524
United Kingdom,,1990,0.478455932040106
United Kingdom,,1989,2.01554264172321
United Kingdom,,1988,4.7991222063655
United Kingdom,,1987,4.33997910052568
United Kingdom,,1986,3.77170543767869
United Kingdom,,1985,3.36452797465043
United Kingdom,,1984,2.50856450278769
United Kingdom,,1983,3.5890151180126
United Kingdom,,1982,2.12966843127822
United Kingdom,,1981,-1.3578130725424
United Kingdom,,1980,-2.29594521538891
United Kingdom,,1979,2.65462024352492
United Kingdom,,1978,3.3978316517312
United Kingdom,,1977,2.39700724849909
United Kingdom,,1976,2.82995299273523
United Kingdom,,1975,-0.669496804185911
United Kingdom,,1974,-1.74167838811137
United Kingdom,,1973,7.10639660739901
United Kingdom,,1972,3.27561302985168
United Kingdom,,1971,1.57938717324137
United Kingdom,,1970,2.29987465236748
United Kingdom,,1969,1.51615149081795
United Kingdom,,1968,4.96053301450314
United Kingdom,,1967,2.22373310642656
United Kingdom,,1966,1.0090456187359
United Kingdom,,1965,1.47628087263733
United Kingdom,,1964,4.91040024632568
United Kingdom,,1963,4.07774057838444
United Kingdom,,1962,0.244341056828176
United Kingdom,,1961,1.92327395409104
United States,,2025,1.62901328272834
United States,,2024,1.81099561417319
United States,,2023,2.09110944991448
United States,,2022,1.94217130872103
United States,,2021,5.98515132703822
United States,,2020,-2.48059997386319
United States,,2019,2.05676589969444
United States,,2018,2.3644424974579
United States,,2017,1.75014095196009
United States,,2016,1.02266589237917
United States,,2015,2.12741137868935
United States,,2014,1.71094544248081
United States,,2013,1.34816252387824
United States,,2012,1.4757059723453
United States,,2011,0.762796399892366
United States,,2010,1.82992370300914
United States,,2009,-3.42683194491448
United States,,2008,-0.8288881218228
United States,,2007,1.03834382734772
United States,,2006,1.79819874479622
United States,,2005,2.53411070635448
United States,,2004,2.89111091294794
United States,,2003,1.91588247566436
United States,,2002,0.761236860380762
United States,,2001,-0.0387319343606976
United States,,2000,2.92586254681619
United States,,1999,3.5919803730374
United States,,1998,3.27222984322087
United States,,1997,3.1971656064834
United States,,1996,2.57246399873029
United States,,1995,1.46892917482886
United States,,1994,2.76110896687247
United States,,1993,1.40572318314062
United States,,1992,2.09666863097932
United States,,1991,-1.434247569896
United States,,1990,0.741486713508948
United States,,1989,2.69776022097005
United States,,1988,3.2353379255127
United States,,1987,2.53404234284122
United States,,1986,2.51089495812347
United States,,1985,3.25057626767166
United States,,1984,6.31198922384387
United States,,1983,3.63185802398954
United States,,1982,-2.73469489641839
United States,,1981,1.53630242028635
United States,,1980,-1.20932407978319
United States,,1979,2.03373170597658
United States,,1978,4.42288716703601
United States,,1977,3.57717980784827
United States,,1976,4.39135848286867
United States,,1975,-1.18474293785152
United States,,1974,-1.44513289575849
United States,,1973,4.64211335432748
United States,,1972,4.13472765652728
United States,,1971,1.9949789395294
United States,,1970,-0.944145118193504
United States,,1969,2.09736970308174
United States,,1968,3.75881937038788
United States,,1967,1.38995127942472
United States,,1966,5.27711386691524
United States,,1965,5.07809761149738
United States,,1964,4.34054896718479
United States,,1963,2.90827195268284
United States,,1962,4.48066936218716
United States,,1961,0.618121192549182
Uruguay,,2025,1.84184818056804
Uruguay,,2024,3.37131091243454
Uruguay,,2023,0.845973105465262
Uruguay,,2022,4.78459885025788
Uruguay,,2021,5.91510210973331
Uruguay,,2020,-7.40535234891223
Uruguay,,2019,0.848967983378387
Uruguay,,2018,-0.0151011268806798
Uruguay,,2017,1.46549079282399
Uruguay,,2016,1.35078037686081
Uruguay,,2015,0.0225745559950212
Uruguay,,2014,2.9005302021196
Uruguay,,2013,4.32675421961548
Uruguay,,2012,3.27196082931438
Uruguay,,2011,4.90150561357953
Uruguay,,2010,7.52764617823019
Uruguay,,2009,3.99426146565813
Uruguay,,2008,6.94817225721984
Uruguay,,2007,6.35892754413862
Uruguay,,2006,3.98038082694534
Uruguay,,2005,7.37434772026329
Uruguay,,2004,4.94141016509036
Uruguay,,2003,0.734039111911073
Uruguay,,2002,-7.86190240623733
Uruguay,,2001,-4.08038978630051
Uruguay,,2000,-2.29597374962009
Uruguay,,1999,-1.96688389558119
Uruguay,,1998,4.00473000143258
Uruguay,,1997,7.97449289236334
Uruguay,,1996,5.02200077420791
Uruguay,,1995,-1.96071762661492
Uruguay,,1994,6.72380888757364
Uruguay,,1993,2.11624610972325
Uruguay,,1992,7.33522697716671
Uruguay,,1991,2.94354443405069
Uruguay,,1990,-0.288978937190848
Uruguay,,1989,0.504600329177435
Uruguay,,1988,0.883389730478427
Uruguay,,1987,7.38938186968173
Uruguay,,1986,8.24266244664604
Uruguay,,1985,0.977235886818193
Uruguay,,1984,-1.59402132372715
Uruguay,,1983,-10.6732559626791
Uruguay,,1982,-10.1292739402363
Uruguay,,1981,1.17251396509195
Uruguay,,1980,5.41134355440225
Uruguay,,1979,5.68659877915023
Uruguay,,1978,4.7885733175091
Uruguay,,1977,0.825379273943213
Uruguay,,1976,3.24989821307452
Uruguay,,1975,5.4181470108031
Uruguay,,1974,2.28924523618788
Uruguay,,1973,-0.272241255772499
Uruguay,,1972,-1.850524968081
Uruguay,,1971,-0.808127208841512
Uruguay,,1970,1.71598152600284
Uruguay,,1969,5.12558868122441
Uruguay,,1968,1.06299416872999
Uruguay,,1967,-4.52535092826649
Uruguay,,1966,2.05504500374775
Uruguay,,1965,-0.00922143855120794
Uruguay,,1964,1.30483248104743
Uruguay,,1963,-0.992752170102321
Uruguay,,1962,-2.76075616219634
Uruguay,,1961,1.20941667358304
Uzbekistan,,2025,5.68950787978028
Uzbekistan,,2024,4.59454789720127
Uzbekistan,,2023,4.18879735936189
Uzbekistan,,2022,3.97489304786605
Uzbekistan,,2021,6.1274486675632
Uzbekistan,,2020,-0.259354857453758
Uzbekistan,,2019,4.87800830454302
Uzbekistan,,2018,3.91344009833303
Uzbekistan,,2017,2.94115209964183
Uzbekistan,,2016,4.88544792792544
Uzbekistan,,2015,6.09703163459466
Uzbekistan,,2014,5.93557285916549
Uzbekistan,,2013,6.2437627382201
Uzbekistan,,2012,5.74728187814682
Uzbekistan,,2011,6.48597744904724
Uzbekistan,,2010,5.90590026943734
Uzbekistan,,2009,6.33169102436078
Uzbekistan,,2008,7.36856523907178
Uzbekistan,,2007,7.948870305745
Uzbekistan,,2006,6.07475146177363
Uzbekistan,,2005,5.62058695275771
Uzbekistan,,2004,6.13592286636617
Uzbekistan,,2003,2.97071220194489
Uzbekistan,,2002,2.70575973852725
Uzbekistan,,2001,2.90496458528362
Uzbekistan,,2000,2.53200282225686
Uzbekistan,,1999,2.84655466460455
Uzbekistan,,1998,2.67523588013248
Uzbekistan,,1997,3.39797706295914
Uzbekistan,,1996,-0.191816644156503
Uzbekistan,,1995,-2.86447069203824
Uzbekistan,,1994,-7.20602185350145
Uzbekistan,,1993,-4.53440108888297
Uzbekistan,,1992,-13.3582215361322
Uzbekistan,,1991,-2.85571795412295
Uzbekistan,,1990,-0.821590189756151
Uzbekistan,,1989,0.425647010976832
Uzbekistan,,1988,6.16310993886114
Vanuatu,,2025,0.780778397940367
Vanuatu,,2024,1.43313166240642
Vanuatu,,2023,3.39776254449882
Vanuatu,,2022,3.17078255168309
Vanuatu,,2021,-3.42850167019159
Vanuatu,,2020,-7.89338931570623
Vanuatu,,2019,0.897747718651672
Vanuatu,,2018,0.0888190242215785
Vanuatu,,2017,1.8208195580786
Vanuatu,,2016,1.3401397722921
Vanuatu,,2015,1.22135408114572
Vanuatu,,2014,0.823853206578846
Vanuatu,,2013,-1.74696050530036
Vanuatu,,2012,-1.18521413465282
Vanuatu,,2011,0.925978795990702
Vanuatu,,2010,-1.08593808514878
Vanuatu,,2009,0.453966271093734
Vanuatu,,2008,2.98535481581028
Vanuatu,,2007,0.387169374214352
Vanuatu,,2006,5.86726101068511
Vanuatu,,2005,2.78261536346285
Vanuatu,,2004,1.47757366141985
Vanuatu,,2003,1.75159744658461
Vanuatu,,2002,-7.53710517514462
Vanuatu,,2001,-5.79960877399317
Vanuatu,,2000,3.51780181082894
Vanuatu,,1999,-1.72128358303506
Vanuatu,,1998,-0.91519199571664
Vanuatu,,1997,2.67502125431656
Vanuatu,,1996,0.0677771442323376
Vanuatu,,1995,-1.3063637584373
Vanuatu,,1994,6.50928779878545
Vanuatu,,1993,-1.69982007314
Vanuatu,,1992,0.0703543901579025
Vanuatu,,1991,0.61299793999126
Vanuatu,,1990,8.9271268380239
Vanuatu,,1989,-1.02551228646897
Vanuatu,,1988,-4.18555172036442
Vanuatu,,1987,-5.34800638009021
Vanuatu,,1986,-2.66238260240475
Vanuatu,,1985,-1.51419697864071
Vanuatu,,1984,6.89313733975381
Vanuatu,,1983,0.548157847582402
Vanuatu,,1982,-0.36750362700748
Vanuatu,,1981,2.09265591464248
Vanuatu,,1980,-13.4068316638966
Venezuela,,2025,1.17406663494002
Venezuela,,2024,5.13594862074156
Venezuela,,2023,3.70013368160016
Venezuela,,2022,8.16956905683747
Venezuela,,2021,1.3599718379524
Venezuela,,2020,-28.6057438496512
Venezuela,,2019,-25.4442397305152
Venezuela,,2018,-17.6001192318482
Venezuela,,2017,-15.1462172534753
Venezuela,,2016,-17.6288988102954
Venezuela,,2015,-7.16884576852922
Venezuela,,2014,-4.94495109758775
Venezuela,,2013,0.0892416425159297
Venezuela,,2012,4.36175625931372
Venezuela,,2011,2.79431165197599
Venezuela,,2010,-2.86746142164827
Venezuela,,2009,-4.38771914603977
Venezuela,,2008,3.69937007292253
Venezuela,,2007,7.1350657905012
Venezuela,,2006,8.12092547262088
Venezuela,,2005,8.35910334412473
Venezuela,,2004,16.1962299342019
Venezuela,,2003,-9.38020816853484
Venezuela,,2002,-10.3618288031885
Venezuela,,2001,1.53836888018091
Venezuela,,2000,1.59305580865011
Venezuela,,1999,-7.75664661984584
Venezuela,,1998,-1.52210965470705
Venezuela,,1997,4.18637610051888
Venezuela,,1996,-2.31434239431951
Venezuela,,1995,1.7524707013106
Venezuela,,1994,-4.42996313795496
Venezuela,,1993,-1.97611075512457
Venezuela,,1992,3.58242017792905
Venezuela,,1991,7.00179785434551
Venezuela,,1990,4.1361830075758
Venezuela,,1989,-16.1348404826375
Venezuela,,1988,3.74778212015192
Venezuela,,1987,2.21938879934827
Venezuela,,1986,3.4511776493428
Venezuela,,1985,-1.95321653647372
Venezuela,,1984,2.41068615940421
Venezuela,,1983,-12.059216165986
Venezuela,,1982,-0.20855963794736
Venezuela,,1981,-3.96251641849391
Venezuela,,1980,-7.07519951043535
Venezuela,,1979,-2.07403185513286
Venezuela,,1978,-0.562866171939575
Venezuela,,1977,3.23194609738724
Venezuela,,1976,4.63681158054503
Venezuela,,1975,-0.0665573543051607
Venezuela,,1974,-0.887407681750958
Venezuela,,1973,3.97872292299455
Venezuela,,1972,-1.71546962749586
Venezuela,,1971,-1.57362488397851
Venezuela,,1970,4.4249757068721
Venezuela,,1969,-2.42042323129658
Venezuela,,1968,3.93559259699762
Venezuela,,1967,-0.478522033926382
Venezuela,,1966,-1.80155357632742
Venezuela,,1965,0.724945031450815
Venezuela,,1964,7.41199126763424
Venezuela,,1963,0.380076592706729
Venezuela,,1962,4.80288762991452
Venezuela,,1961,-0.41760756250217
Vietnam,,2025,7.36938819098758
Vietnam,,2024,6.3659748675781
Vietnam,,2023,4.27616318968813
Vietnam,,2022,7.7256990331194
Vietnam,,2021,1.66651604176819
Vietnam,,2020,1.91581434772165
Vietnam,,2019,6.32464886581907
Vietnam,,2018,6.28095828201967
Vietnam,,2017,5.61787865063133
Vietnam,,2016,5.35427097241221
Vietnam,,2015,5.66896478541561
Vietnam,,2014,5.13784099364456
Vietnam,,2013,4.31498880369921
Vietnam,,2012,4.27630507146044
Vietnam,,2011,5.1944977799937
Vietnam,,2010,5.21227683604808
Vietnam,,2009,3.83237459567542
Vietnam,,2008,3.74838603993047
Vietnam,,2007,5.25231213341748
Vietnam,,2006,5.57239749946528
Vietnam,,2005,6.55339711441117
Vietnam,,2004,6.49878740751187
Vietnam,,2003,5.83556100746738
Vietnam,,2002,5.23717692306222
Vietnam,,2001,5.08240100546193
Vietnam,,2000,5.58792950410756
Vietnam,,1999,3.41694816736356
Vietnam,,1998,4.25766192653015
Vietnam,,1997,6.59239957601929
Vietnam,,1996,7.68622621093297
Vietnam,,1995,7.72283797378608
Vietnam,,1994,6.89120343615872
Vietnam,,1993,6.0132829316736
Vietnam,,1992,6.46778613603792
Vietnam,,1991,3.76339409919927
Vietnam,,1990,2.92330784870207
Vietnam,,1989,5.18178495709525
Vietnam,,1988,3.02944657258952
Vietnam,,1987,1.50185983593605
Vietnam,,1986,0.598118657713286
Vietnam,,1985,1.42506901089281
Palestine,,2025,1.94584290015811
Palestine,,2024,-24.6567900497018
Palestine,,2023,-3.31404051657385
Palestine,,2022,1.58856471383393
Palestine,,2021,4.41469534491321
Palestine,,2020,-13.4963869730477
Palestine,,2019,-1.15161366535136
Palestine,,2018,-1.30481419195327
Palestine,,2017,-0.577622802403482
Palestine,,2016,6.44666146094556
Palestine,,2015,1.37258508832343
Palestine,,2014,-2.47102630481804
Palestine,,2013,2.21485047926886
Palestine,,2012,3.51036746369036
Palestine,,2011,6.86783487502541
Palestine,,2010,3.06565425625401
Palestine,,2009,5.73457681316152
Palestine,,2008,4.51371143942183
Palestine,,2007,1.16982596233521
Palestine,,2006,-3.49430234961132
Palestine,,2005,8.4829084168252
Palestine,,2004,18.8484471333478
Palestine,,2003,11.1391726672237
Palestine,,2002,-14.696224583011
Palestine,,2001,-11.5990690763047
Palestine,,2000,-10.8625929085069
Palestine,,1999,5.54878290672016
Palestine,,1998,11.4495735284097
Palestine,,1997,9.64623418634368
Palestine,,1996,-3.21774919288964
Palestine,,1995,2.4270659709459
Yemen,,2018,-2.186490192267
Yemen,,2017,-7.88861205244282
Yemen,,2016,-12.0553743505045
Yemen,,2015,-30.1507550992904
Yemen,,2014,-3.20471705643189
Yemen,,2013,1.67911232409898
Yemen,,2012,-0.670663085005188
Yemen,,2011,-15.3366875285688
Yemen,,2010,4.3735077841587
Yemen,,2009,0.598210143519466
Yemen,,2008,0.370978630255152
Yemen,,2007,0.045109908702031
Yemen,,2006,-0.129375630986743
Yemen,,2005,2.37203185301995
Yemen,,2004,0.966767059770078
Yemen,,2003,0.743278418900516
Yemen,,2002,0.89755669377989
Yemen,,2001,0.714060018641518
Yemen,,2000,2.96401092010485
Yemen,,1999,0.593963694817944
Yemen,,1998,2.71904691973516
Yemen,,1997,1.92969632778934
Yemen,,1996,1.17123054361929
Yemen,,1995,1.93932487457056
Yemen,,1994,2.85442556514698
Yemen,,1993,0.16354826043073
Yemen,,1992,4.17012014197473
Yemen,,1991,2.29860098445927
Zambia,,2025,0.921973669109249
Zambia,,2024,0.941472566904864
Zambia,,2023,2.46464031100994
Zambia,,2022,2.34336450166037
Zambia,,2021,3.28575461102756
Zambia,,2020,-5.56773502453288
Zambia,,2019,-1.51894951073589
Zambia,,2018,0.9537337347912
Zambia,,2017,0.398377780872721
Zambia,,2016,0.593979723633794
Zambia,,2015,-0.241301067013211
Zambia,,2014,1.42432240940171
Zambia,,2013,1.74618059430358
Zambia,,2012,4.16438800509357
Zambia,,2011,2.11650829571791
Zambia,,2010,6.54512358380669
Zambia,,2009,5.42272309461708
Zambia,,2008,3.99773185138027
Zambia,,2007,4.59671527144219
Zambia,,2006,4.24983217682681
Zambia,,2005,3.75264386154687
Zambia,,2004,3.68494886266848
Zambia,,2003,3.67685887625342
Zambia,,2002,1.3381949009155
Zambia,,2001,2.17981803196589
Zambia,,2000,1.01793976595019
Zambia,,1999,1.88247300207094
Zambia,,1998,-2.96313567721118
Zambia,,1997,1.19524199921966
Zambia,,1996,3.64343431300713
Zambia,,1995,0.444103477737357
Zambia,,1994,-10.7813280458849
Zambia,,1993,4.28174982443221
Zambia,,1992,-4.07483415840184
Zambia,,1991,-2.48437862264691
Zambia,,1990,-2.99842702237687
Zambia,,1989,-3.60284277862945
Zambia,,1988,3.40269789036691
Zambia,,1987,-0.248588086719636
Zambia,,1986,-2.23905733064601
Zambia,,1985,-1.38870838349084
Zambia,,1984,-3.35758526977152
Zambia,,1983,-5.07622102576212
Zambia,,1982,-5.88551995555419
Zambia,,1981,2.96593174440794
Zambia,,1980,-0.00253335058172866
Zambia,,1979,-5.88847935053188
Zambia,,1978,-2.44321400349722
Zambia,,1977,-7.41945461965345
Zambia,,1976,3.04589479742205
Zambia,,1975,-5.15497800444783
Zambia,,1974,3.35023893693798
Zambia,,1973,-3.77109414566878
Zambia,,1972,6.17866150360003
Zambia,,1971,-2.80303176137348
Zambia,,1970,1.77564554646573
Zambia,,1969,-3.55687617686446
Zambia,,1968,-1.97047392908408
Zambia,,1967,4.51076211164238
Zambia,,1966,-8.54085446942511
Zambia,,1965,13.0119756113922
Zambia,,1964,8.72843336324306
Zambia,,1963,0.0600764246322001
Zambia,,1962,-5.51106619023926
Zambia,,1961,-1.76463379683507
Zimbabwe,,2025,6.08867578227839
Zimbabwe,,2024,-0.117816342539967
Zimbabwe,,2023,3.59876695621327
Zimbabwe,,2022,4.34366718315964
Zimbabwe,,2021,6.61191108683749
Zimbabwe,,2020,-9.33397144870511
Zimbabwe,,2019,-7.78558358121073
Zimbabwe,,2018,3.45954562738599
Zimbabwe,,2017,3.23409642689352
Zimbabwe,,2016,-0.633234613329265
Zimbabwe,,2015,0.425141539219794
Zimbabwe,,2014,0.982274048982148
Zimbabwe,,2013,0.563614570952865
Zimbabwe,,2012,14.7871576858869
Zimbabwe,,2011,12.187491621401
Zimbabwe,,2010,17.7601242170416
Zimbabwe,,2009,11.6893318173098
Zimbabwe,,2008,-18.6543102007687
Zimbabwe,,2007,-4.91448916093475
Zimbabwe,,2006,-4.63037569259529
Zimbabwe,,2005,-6.59888906294871
Zimbabwe,,2004,-6.82498063511001
Zimbabwe,,2003,-17.9767611752894
Zimbabwe,,2002,-9.76644857590099
Zimbabwe,,2001,0.762971447403842
Zimbabwe,,2000,-3.94437178277245
Zimbabwe,,1999,-2.41007526346858
Zimbabwe,,1998,0.893396715677412
Zimbabwe,,1997,0.770794565665597
Zimbabwe,,1996,8.54326710519177
Zimbabwe,,1995,-0.76784253577739
Zimbabwe,,1994,9.10603987351351
Zimbabwe,,1993,-0.4149337614747
Zimbabwe,,1992,-11.5478990333428
Zimbabwe,,1991,2.81829236184525
Zimbabwe,,1990,4.11277570329895
Zimbabwe,,1989,2.1956304236636
Zimbabwe,,1988,4.20282934553336
Zimbabwe,,1987,-2.14009425876756
Zimbabwe,,1986,-1.26273621053356
Zimbabwe,,1985,3.30860657633907
Zimbabwe,,1984,-5.33337743503436
Zimbabwe,,1983,-2.20178843986304
Zimbabwe,,1982,-1.28679181217906
Zimbabwe,,1981,5.66264548013156
Zimbabwe,,1980,8.02232255007959
Zimbabwe,,1979,1.68126427428281
Zimbabwe,,1978,-4.10549723132682
Zimbabwe,,1977,-9.20607037488369
Zimbabwe,,1976,-2.54645126616929
Zimbabwe,,1975,-4.99180317012353
Zimbabwe,,1974,3.23376685560504
Zimbabwe,,1973,-0.587268320556561
Zimbabwe,,1972,5.05135191758872
Zimbabwe,,1971,5.69965436007831
Zimbabwe,,1970,18.858601158491
Zimbabwe,,1969,8.92212517147178
Zimbabwe,,1968,-1.19550373833118
Zimbabwe,,1967,5.0100854314199
Zimbabwe,,1966,-1.62667456250547
Zimbabwe,,1965,1.65260899408277
Zimbabwe,,1964,-4.17666071409528
Zimbabwe,,1963,2.94681504005302
Zimbabwe,,1962,-1.70557793649529
Zimbabwe,,1961,3.04281929850355
