country,iso2,year,value
Afghanistan,AF,1995,6.18
Afghanistan,AF,1996,6.11
Afghanistan,AF,1997,6.05
Afghanistan,AF,1998,5.98
Afghanistan,AF,1999,5.92
Afghanistan,AF,2000,5.85
Afghanistan,AF,2001,6.23
Afghanistan,AF,2002,6.62
Afghanistan,AF,2003,7.0
Afghanistan,AF,2004,7.39
Afghanistan,AF,2005,7.77
Afghanistan,AF,2006,8.17
Afghanistan,AF,2007,8.57
Afghanistan,AF,2008,8.97
Afghanistan,AF,2009,9.37
Afghanistan,AF,2010,9.77
Afghanistan,AF,2011,9.95
Afghanistan,AF,2012,10.13
Afghanistan,AF,2013,10.3
Afghanistan,AF,2014,10.48
Afghanistan,AF,2015,10.66
Afghanistan,AF,2016,10.75
Afghanistan,AF,2017,10.84
Afghanistan,AF,2018,10.93
Afghanistan,AF,2019,11.02
Afghanistan,AF,2020,11.11
Afghanistan,AF,2021,11.11
Afghanistan,AF,2022,11.11
Angola,AO,1995,12.97
Angola,AO,1996,13.13
Angola,AO,1997,13.3
Angola,AO,1998,13.46
Angola,AO,1999,13.63
Angola,AO,2000,13.79
Angola,AO,2001,14.14
Angola,AO,2002,14.49
Angola,AO,2003,14.83
Angola,AO,2004,15.18
Angola,AO,2005,15.53
Angola,AO,2006,15.97
Angola,AO,2007,16.41
Angola,AO,2008,16.84
Angola,AO,2009,17.28
Angola,AO,2010,17.72
Angola,AO,2011,17.85
Angola,AO,2012,17.99
Angola,AO,2013,18.12
Angola,AO,2014,18.26
Angola,AO,2015,18.39
Angola,AO,2016,18.51
Angola,AO,2017,18.63
Angola,AO,2018,18.75
Angola,AO,2019,18.87
Angola,AO,2020,18.99
Angola,AO,2021,18.99
Angola,AO,2022,18.99
Albania,AL,1995,14.95
Albania,AL,1996,15.23
Albania,AL,1997,15.52
Albania,AL,1998,15.8
Albania,AL,1999,16.09
Albania,AL,2000,16.37
Albania,AL,2001,16.67
Albania,AL,2002,16.97
Albania,AL,2003,17.26
Albania,AL,2004,17.56
Albania,AL,2005,17.86
Albania,AL,2006,18.1
Albania,AL,2007,18.35
Albania,AL,2008,18.59
Albania,AL,2009,18.84
Albania,AL,2010,19.08
Albania,AL,2011,19.24
Albania,AL,2012,19.41
Albania,AL,2013,19.57
Albania,AL,2014,19.74
Albania,AL,2015,19.9
Albania,AL,2016,20.02
Albania,AL,2017,20.13
Albania,AL,2018,20.25
Albania,AL,2019,20.36
Albania,AL,2020,20.48
Albania,AL,2021,20.48
Albania,AL,2022,20.48
Andorra,AD,1995,13.49
Andorra,AD,1996,13.61
Andorra,AD,1997,13.74
Andorra,AD,1998,13.86
Andorra,AD,1999,13.99
Andorra,AD,2000,14.11
Andorra,AD,2001,14.22
Andorra,AD,2002,14.32
Andorra,AD,2003,14.43
Andorra,AD,2004,14.53
Andorra,AD,2005,14.64
Andorra,AD,2006,14.69
Andorra,AD,2007,14.74
Andorra,AD,2008,14.8
Andorra,AD,2009,14.85
Andorra,AD,2010,14.9
Andorra,AD,2011,14.95
Andorra,AD,2012,15.0
Andorra,AD,2013,15.06
Andorra,AD,2014,15.11
Andorra,AD,2015,15.16
Andorra,AD,2016,15.15
Andorra,AD,2017,15.14
Andorra,AD,2018,15.14
Andorra,AD,2019,15.13
Andorra,AD,2020,15.12
Andorra,AD,2021,15.12
Andorra,AD,2022,15.12
United Arab Emirates,AE,1995,22.05
United Arab Emirates,AE,1996,22.05
United Arab Emirates,AE,1997,22.05
United Arab Emirates,AE,1998,22.04
United Arab Emirates,AE,1999,22.04
United Arab Emirates,AE,2000,22.04
United Arab Emirates,AE,2001,22.23
United Arab Emirates,AE,2002,22.42
United Arab Emirates,AE,2003,22.62
United Arab Emirates,AE,2004,22.81
United Arab Emirates,AE,2005,23.0
United Arab Emirates,AE,2006,23.1
United Arab Emirates,AE,2007,23.19
United Arab Emirates,AE,2008,23.29
United Arab Emirates,AE,2009,23.38
United Arab Emirates,AE,2010,23.48
United Arab Emirates,AE,2011,23.6
United Arab Emirates,AE,2012,23.72
United Arab Emirates,AE,2013,23.85
United Arab Emirates,AE,2014,23.97
United Arab Emirates,AE,2015,24.09
United Arab Emirates,AE,2016,24.17
United Arab Emirates,AE,2017,24.25
United Arab Emirates,AE,2018,24.33
United Arab Emirates,AE,2019,24.41
United Arab Emirates,AE,2020,24.49
United Arab Emirates,AE,2021,24.49
United Arab Emirates,AE,2022,24.49
Argentina,AR,1995,8.61
Argentina,AR,1996,8.63
Argentina,AR,1997,8.65
Argentina,AR,1998,8.68
Argentina,AR,1999,8.7
Argentina,AR,2000,8.72
Argentina,AR,2001,8.74
Argentina,AR,2002,8.76
Argentina,AR,2003,8.78
Argentina,AR,2004,8.8
Argentina,AR,2005,8.82
Argentina,AR,2006,8.89
Argentina,AR,2007,8.97
Argentina,AR,2008,9.04
Argentina,AR,2009,9.12
Argentina,AR,2010,9.19
Argentina,AR,2011,9.22
Argentina,AR,2012,9.25
Argentina,AR,2013,9.29
Argentina,AR,2014,9.32
Argentina,AR,2015,9.35
Argentina,AR,2016,9.4
Argentina,AR,2017,9.45
Argentina,AR,2018,9.49
Argentina,AR,2019,9.54
Argentina,AR,2020,9.59
Argentina,AR,2021,9.59
Argentina,AR,2022,9.59
Armenia,AM,1995,6.57
Armenia,AM,1996,6.82
Armenia,AM,1997,7.08
Armenia,AM,1998,7.33
Armenia,AM,1999,7.59
Armenia,AM,2000,7.84
Armenia,AM,2001,8.38
Armenia,AM,2002,8.92
Armenia,AM,2003,9.45
Armenia,AM,2004,9.99
Armenia,AM,2005,10.53
Armenia,AM,2006,10.73
Armenia,AM,2007,10.93
Armenia,AM,2008,11.12
Armenia,AM,2009,11.32
Armenia,AM,2010,11.52
Armenia,AM,2011,11.72
Armenia,AM,2012,11.92
Armenia,AM,2013,12.12
Armenia,AM,2014,12.32
Armenia,AM,2015,12.52
Armenia,AM,2016,12.72
Armenia,AM,2017,12.91
Armenia,AM,2018,13.11
Armenia,AM,2019,13.3
Armenia,AM,2020,13.5
Armenia,AM,2021,13.5
Armenia,AM,2022,13.5
Antigua and Barbuda,AG,1995,15.14
Antigua and Barbuda,AG,1996,15.15
Antigua and Barbuda,AG,1997,15.16
Antigua and Barbuda,AG,1998,15.18
Antigua and Barbuda,AG,1999,15.19
Antigua and Barbuda,AG,2000,15.2
Antigua and Barbuda,AG,2001,15.21
Antigua and Barbuda,AG,2002,15.22
Antigua and Barbuda,AG,2003,15.23
Antigua and Barbuda,AG,2004,15.24
Antigua and Barbuda,AG,2005,15.25
Antigua and Barbuda,AG,2006,15.25
Antigua and Barbuda,AG,2007,15.25
Antigua and Barbuda,AG,2008,15.25
Antigua and Barbuda,AG,2009,15.25
Antigua and Barbuda,AG,2010,15.25
Antigua and Barbuda,AG,2011,15.26
Antigua and Barbuda,AG,2012,15.28
Antigua and Barbuda,AG,2013,15.29
Antigua and Barbuda,AG,2014,15.31
Antigua and Barbuda,AG,2015,15.32
Antigua and Barbuda,AG,2016,15.32
Antigua and Barbuda,AG,2017,15.32
Antigua and Barbuda,AG,2018,15.31
Antigua and Barbuda,AG,2019,15.31
Antigua and Barbuda,AG,2020,15.31
Antigua and Barbuda,AG,2021,15.31
Antigua and Barbuda,AG,2022,15.31
Australia,AU,1995,51.01
Australia,AU,1996,51.13
Australia,AU,1997,51.25
Australia,AU,1998,51.37
Australia,AU,1999,51.49
Australia,AU,2000,51.61
Australia,AU,2001,51.69
Australia,AU,2002,51.78
Australia,AU,2003,51.86
Australia,AU,2004,51.95
Australia,AU,2005,52.03
Australia,AU,2006,52.08
Australia,AU,2007,52.13
Australia,AU,2008,52.19
Australia,AU,2009,52.24
Australia,AU,2010,52.29
Australia,AU,2011,52.36
Australia,AU,2012,52.43
Australia,AU,2013,52.49
Australia,AU,2014,52.56
Australia,AU,2015,52.63
Australia,AU,2016,52.68
Australia,AU,2017,52.73
Australia,AU,2018,52.77
Australia,AU,2019,52.82
Australia,AU,2020,52.87
Australia,AU,2021,52.87
Australia,AU,2022,52.87
Austria,AT,1995,35.52
Austria,AT,1996,35.56
Austria,AT,1997,35.6
Austria,AT,1998,35.64
Austria,AT,1999,35.68
Austria,AT,2000,35.72
Austria,AT,2001,35.73
Austria,AT,2002,35.75
Austria,AT,2003,35.76
Austria,AT,2004,35.78
Austria,AT,2005,35.79
Austria,AT,2006,35.8
Austria,AT,2007,35.81
Austria,AT,2008,35.83
Austria,AT,2009,35.84
Austria,AT,2010,35.85
Austria,AT,2011,35.87
Austria,AT,2012,35.89
Austria,AT,2013,35.9
Austria,AT,2014,35.92
Austria,AT,2015,35.94
Austria,AT,2016,35.95
Austria,AT,2017,35.96
Austria,AT,2018,35.98
Austria,AT,2019,35.99
Austria,AT,2020,36.0
Austria,AT,2021,36.0
Austria,AT,2022,36.0
Azerbaijan,AZ,1995,6.18
Azerbaijan,AZ,1996,6.39
Azerbaijan,AZ,1997,6.59
Azerbaijan,AZ,1998,6.8
Azerbaijan,AZ,1999,7.0
Azerbaijan,AZ,2000,7.21
Azerbaijan,AZ,2001,7.67
Azerbaijan,AZ,2002,8.12
Azerbaijan,AZ,2003,8.58
Azerbaijan,AZ,2004,9.03
Azerbaijan,AZ,2005,9.49
Azerbaijan,AZ,2006,10.21
Azerbaijan,AZ,2007,10.92
Azerbaijan,AZ,2008,11.64
Azerbaijan,AZ,2009,12.35
Azerbaijan,AZ,2010,13.07
Azerbaijan,AZ,2011,13.28
Azerbaijan,AZ,2012,13.49
Azerbaijan,AZ,2013,13.69
Azerbaijan,AZ,2014,13.9
Azerbaijan,AZ,2015,14.11
Azerbaijan,AZ,2016,14.17
Azerbaijan,AZ,2017,14.22
Azerbaijan,AZ,2018,14.28
Azerbaijan,AZ,2019,14.33
Azerbaijan,AZ,2020,14.39
Azerbaijan,AZ,2021,14.39
Azerbaijan,AZ,2022,14.39
Burundi,BI,1995,5.65
Burundi,BI,1996,5.63
Burundi,BI,1997,5.6
Burundi,BI,1998,5.58
Burundi,BI,1999,5.55
Burundi,BI,2000,5.53
Burundi,BI,2001,5.5
Burundi,BI,2002,5.47
Burundi,BI,2003,5.45
Burundi,BI,2004,5.42
Burundi,BI,2005,5.39
Burundi,BI,2006,5.43
Burundi,BI,2007,5.46
Burundi,BI,2008,5.5
Burundi,BI,2009,5.53
Burundi,BI,2010,5.57
Burundi,BI,2011,5.65
Burundi,BI,2012,5.73
Burundi,BI,2013,5.82
Burundi,BI,2014,5.9
Burundi,BI,2015,5.98
Burundi,BI,2016,6.21
Burundi,BI,2017,6.44
Burundi,BI,2018,6.68
Burundi,BI,2019,6.91
Burundi,BI,2020,7.14
Burundi,BI,2021,7.14
Burundi,BI,2022,7.14
Belgium,BE,1995,31.59
Belgium,BE,1996,31.61
Belgium,BE,1997,31.62
Belgium,BE,1998,31.64
Belgium,BE,1999,31.65
Belgium,BE,2000,31.67
Belgium,BE,2001,31.67
Belgium,BE,2002,31.68
Belgium,BE,2003,31.68
Belgium,BE,2004,31.69
Belgium,BE,2005,31.69
Belgium,BE,2006,31.69
Belgium,BE,2007,31.69
Belgium,BE,2008,31.7
Belgium,BE,2009,31.7
Belgium,BE,2010,31.7
Belgium,BE,2011,31.71
Belgium,BE,2012,31.71
Belgium,BE,2013,31.72
Belgium,BE,2014,31.72
Belgium,BE,2015,31.73
Belgium,BE,2016,31.73
Belgium,BE,2017,31.73
Belgium,BE,2018,31.74
Belgium,BE,2019,31.74
Belgium,BE,2020,31.74
Belgium,BE,2021,31.74
Belgium,BE,2022,31.74
Benin,BJ,1995,52.76
Benin,BJ,1996,52.94
Benin,BJ,1997,53.12
Benin,BJ,1998,53.3
Benin,BJ,1999,53.48
Benin,BJ,2000,53.66
Benin,BJ,2001,53.73
Benin,BJ,2002,53.79
Benin,BJ,2003,53.86
Benin,BJ,2004,53.92
Benin,BJ,2005,53.99
Benin,BJ,2006,54.11
Benin,BJ,2007,54.23
Benin,BJ,2008,54.35
Benin,BJ,2009,54.47
Benin,BJ,2010,54.59
Benin,BJ,2011,54.82
Benin,BJ,2012,55.05
Benin,BJ,2013,55.29
Benin,BJ,2014,55.52
Benin,BJ,2015,55.75
Benin,BJ,2016,55.97
Benin,BJ,2017,56.2
Benin,BJ,2018,56.42
Benin,BJ,2019,56.65
Benin,BJ,2020,56.87
Benin,BJ,2021,56.87
Benin,BJ,2022,56.87
Burkina Faso,BF,1995,16.3
Burkina Faso,BF,1996,16.59
Burkina Faso,BF,1997,16.89
Burkina Faso,BF,1998,17.18
Burkina Faso,BF,1999,17.48
Burkina Faso,BF,2000,17.77
Burkina Faso,BF,2001,17.99
Burkina Faso,BF,2002,18.21
Burkina Faso,BF,2003,18.43
Burkina Faso,BF,2004,18.65
Burkina Faso,BF,2005,18.87
Burkina Faso,BF,2006,19.0
Burkina Faso,BF,2007,19.12
Burkina Faso,BF,2008,19.25
Burkina Faso,BF,2009,19.37
Burkina Faso,BF,2010,19.5
Burkina Faso,BF,2011,19.8
Burkina Faso,BF,2012,20.09
Burkina Faso,BF,2013,20.39
Burkina Faso,BF,2014,20.68
Burkina Faso,BF,2015,20.98
Burkina Faso,BF,2016,21.38
Burkina Faso,BF,2017,21.78
Burkina Faso,BF,2018,22.19
Burkina Faso,BF,2019,22.59
Burkina Faso,BF,2020,22.99
Burkina Faso,BF,2021,22.99
Burkina Faso,BF,2022,22.99
Bangladesh,BD,1995,10.09
Bangladesh,BD,1996,10.23
Bangladesh,BD,1997,10.37
Bangladesh,BD,1998,10.5
Bangladesh,BD,1999,10.64
Bangladesh,BD,2000,10.78
Bangladesh,BD,2001,10.96
Bangladesh,BD,2002,11.14
Bangladesh,BD,2003,11.33
Bangladesh,BD,2004,11.51
Bangladesh,BD,2005,11.69
Bangladesh,BD,2006,11.91
Bangladesh,BD,2007,12.13
Bangladesh,BD,2008,12.34
Bangladesh,BD,2009,12.56
Bangladesh,BD,2010,12.78
Bangladesh,BD,2011,13.03
Bangladesh,BD,2012,13.29
Bangladesh,BD,2013,13.54
Bangladesh,BD,2014,13.8
Bangladesh,BD,2015,14.05
Bangladesh,BD,2016,14.38
Bangladesh,BD,2017,14.72
Bangladesh,BD,2018,15.05
Bangladesh,BD,2019,15.39
Bangladesh,BD,2020,15.72
Bangladesh,BD,2021,15.72
Bangladesh,BD,2022,15.72
Bulgaria,BG,1995,25.67
Bulgaria,BG,1996,25.68
Bulgaria,BG,1997,25.7
Bulgaria,BG,1998,25.71
Bulgaria,BG,1999,25.73
Bulgaria,BG,2000,25.74
Bulgaria,BG,2001,26.05
Bulgaria,BG,2002,26.36
Bulgaria,BG,2003,26.66
Bulgaria,BG,2004,26.97
Bulgaria,BG,2005,27.28
Bulgaria,BG,2006,27.43
Bulgaria,BG,2007,27.57
Bulgaria,BG,2008,27.72
Bulgaria,BG,2009,27.86
Bulgaria,BG,2010,28.01
Bulgaria,BG,2011,28.18
Bulgaria,BG,2012,28.36
Bulgaria,BG,2013,28.53
Bulgaria,BG,2014,28.71
Bulgaria,BG,2015,28.88
Bulgaria,BG,2016,29.06
Bulgaria,BG,2017,29.23
Bulgaria,BG,2018,29.41
Bulgaria,BG,2019,29.58
Bulgaria,BG,2020,29.76
Bulgaria,BG,2021,29.76
Bulgaria,BG,2022,29.76
Bahrain,BH,1995,13.42
Bahrain,BH,1996,13.45
Bahrain,BH,1997,13.48
Bahrain,BH,1998,13.51
Bahrain,BH,1999,13.54
Bahrain,BH,2000,13.57
Bahrain,BH,2001,13.63
Bahrain,BH,2002,13.69
Bahrain,BH,2003,13.74
Bahrain,BH,2004,13.8
Bahrain,BH,2005,13.86
Bahrain,BH,2006,13.85
Bahrain,BH,2007,13.84
Bahrain,BH,2008,13.82
Bahrain,BH,2009,13.81
Bahrain,BH,2010,13.8
Bahrain,BH,2011,13.85
Bahrain,BH,2012,13.9
Bahrain,BH,2013,13.94
Bahrain,BH,2014,13.99
Bahrain,BH,2015,14.04
Bahrain,BH,2016,14.05
Bahrain,BH,2017,14.05
Bahrain,BH,2018,14.06
Bahrain,BH,2019,14.06
Bahrain,BH,2020,14.07
Bahrain,BH,2021,14.07
Bahrain,BH,2022,14.07
Bahamas,BS,1995,23.82
Bahamas,BS,1996,23.93
Bahamas,BS,1997,24.03
Bahamas,BS,1998,24.14
Bahamas,BS,1999,24.24
Bahamas,BS,2000,24.35
Bahamas,BS,2001,24.38
Bahamas,BS,2002,24.41
Bahamas,BS,2003,24.44
Bahamas,BS,2004,24.47
Bahamas,BS,2005,24.5
Bahamas,BS,2006,24.49
Bahamas,BS,2007,24.48
Bahamas,BS,2008,24.47
Bahamas,BS,2009,24.46
Bahamas,BS,2010,24.45
Bahamas,BS,2011,24.49
Bahamas,BS,2012,24.52
Bahamas,BS,2013,24.56
Bahamas,BS,2014,24.59
Bahamas,BS,2015,24.63
Bahamas,BS,2016,24.67
Bahamas,BS,2017,24.72
Bahamas,BS,2018,24.76
Bahamas,BS,2019,24.81
Bahamas,BS,2020,24.85
Bahamas,BS,2021,24.85
Bahamas,BS,2022,24.85
Bosnia Herzegovina,BA,1995,13.68
Bosnia Herzegovina,BA,1996,14.88
Bosnia Herzegovina,BA,1997,16.08
Bosnia Herzegovina,BA,1998,17.29
Bosnia Herzegovina,BA,1999,18.49
Bosnia Herzegovina,BA,2000,19.69
Bosnia Herzegovina,BA,2001,19.79
Bosnia Herzegovina,BA,2002,19.89
Bosnia Herzegovina,BA,2003,19.98
Bosnia Herzegovina,BA,2004,20.08
Bosnia Herzegovina,BA,2005,20.18
Bosnia Herzegovina,BA,2006,20.45
Bosnia Herzegovina,BA,2007,20.72
Bosnia Herzegovina,BA,2008,20.98
Bosnia Herzegovina,BA,2009,21.25
Bosnia Herzegovina,BA,2010,21.52
Bosnia Herzegovina,BA,2011,21.77
Bosnia Herzegovina,BA,2012,22.01
Bosnia Herzegovina,BA,2013,22.26
Bosnia Herzegovina,BA,2014,22.5
Bosnia Herzegovina,BA,2015,22.75
Bosnia Herzegovina,BA,2016,22.96
Bosnia Herzegovina,BA,2017,23.17
Bosnia Herzegovina,BA,2018,23.38
Bosnia Herzegovina,BA,2019,23.59
Bosnia Herzegovina,BA,2020,23.8
Bosnia Herzegovina,BA,2021,23.8
Bosnia Herzegovina,BA,2022,23.8
Belarus,BY,1995,15.62
Belarus,BY,1996,15.81
Belarus,BY,1997,15.99
Belarus,BY,1998,16.18
Belarus,BY,1999,16.36
Belarus,BY,2000,16.55
Belarus,BY,2001,16.74
Belarus,BY,2002,16.93
Belarus,BY,2003,17.11
Belarus,BY,2004,17.3
Belarus,BY,2005,17.49
Belarus,BY,2006,17.65
Belarus,BY,2007,17.8
Belarus,BY,2008,17.96
Belarus,BY,2009,18.11
Belarus,BY,2010,18.27
Belarus,BY,2011,18.35
Belarus,BY,2012,18.44
Belarus,BY,2013,18.52
Belarus,BY,2014,18.61
Belarus,BY,2015,18.69
Belarus,BY,2016,18.76
Belarus,BY,2017,18.83
Belarus,BY,2018,18.91
Belarus,BY,2019,18.98
Belarus,BY,2020,19.05
Belarus,BY,2021,19.05
Belarus,BY,2022,19.05
Belize,BZ,1995,9.42
Belize,BZ,1996,9.5
Belize,BZ,1997,9.58
Belize,BZ,1998,9.67
Belize,BZ,1999,9.75
Belize,BZ,2000,9.83
Belize,BZ,2001,9.94
Belize,BZ,2002,10.05
Belize,BZ,2003,10.15
Belize,BZ,2004,10.26
Belize,BZ,2005,10.37
Belize,BZ,2006,10.33
Belize,BZ,2007,10.29
Belize,BZ,2008,10.26
Belize,BZ,2009,10.22
Belize,BZ,2010,10.18
Belize,BZ,2011,10.2
Belize,BZ,2012,10.22
Belize,BZ,2013,10.23
Belize,BZ,2014,10.25
Belize,BZ,2015,10.27
Belize,BZ,2016,10.3
Belize,BZ,2017,10.33
Belize,BZ,2018,10.37
Belize,BZ,2019,10.4
Belize,BZ,2020,10.43
Belize,BZ,2021,10.43
Belize,BZ,2022,10.43
Bolivia,BO,1995,29.19
Bolivia,BO,1996,29.29
Bolivia,BO,1997,29.39
Bolivia,BO,1998,29.49
Bolivia,BO,1999,29.59
Bolivia,BO,2000,29.69
Bolivia,BO,2001,29.82
Bolivia,BO,2002,29.94
Bolivia,BO,2003,30.07
Bolivia,BO,2004,30.19
Bolivia,BO,2005,30.32
Bolivia,BO,2006,30.53
Bolivia,BO,2007,30.74
Bolivia,BO,2008,30.94
Bolivia,BO,2009,31.15
Bolivia,BO,2010,31.36
Bolivia,BO,2011,31.59
Bolivia,BO,2012,31.81
Bolivia,BO,2013,32.04
Bolivia,BO,2014,32.26
Bolivia,BO,2015,32.49
Bolivia,BO,2016,32.88
Bolivia,BO,2017,33.27
Bolivia,BO,2018,33.65
Bolivia,BO,2019,34.04
Bolivia,BO,2020,34.43
Bolivia,BO,2021,34.43
Bolivia,BO,2022,34.43
Brazil,BR,1995,2.55
Brazil,BR,1996,2.55
Brazil,BR,1997,2.56
Brazil,BR,1998,2.56
Brazil,BR,1999,2.57
Brazil,BR,2000,2.57
Brazil,BR,2001,2.58
Brazil,BR,2002,2.58
Brazil,BR,2003,2.59
Brazil,BR,2004,2.59
Brazil,BR,2005,2.6
Brazil,BR,2006,2.62
Brazil,BR,2007,2.63
Brazil,BR,2008,2.65
Brazil,BR,2009,2.66
Brazil,BR,2010,2.68
Brazil,BR,2011,2.7
Brazil,BR,2012,2.71
Brazil,BR,2013,2.73
Brazil,BR,2014,2.74
Brazil,BR,2015,2.76
Brazil,BR,2016,2.77
Brazil,BR,2017,2.78
Brazil,BR,2018,2.8
Brazil,BR,2019,2.81
Brazil,BR,2020,2.82
Brazil,BR,2021,2.82
Brazil,BR,2022,2.82
Barbados,BB,1995,10.16
Barbados,BB,1996,10.19
Barbados,BB,1997,10.22
Barbados,BB,1998,10.26
Barbados,BB,1999,10.29
Barbados,BB,2000,10.32
Barbados,BB,2001,10.33
Barbados,BB,2002,10.34
Barbados,BB,2003,10.35
Barbados,BB,2004,10.36
Barbados,BB,2005,10.37
Barbados,BB,2006,10.37
Barbados,BB,2007,10.37
Barbados,BB,2008,10.36
Barbados,BB,2009,10.36
Barbados,BB,2010,10.36
Barbados,BB,2011,10.39
Barbados,BB,2012,10.42
Barbados,BB,2013,10.44
Barbados,BB,2014,10.47
Barbados,BB,2015,10.5
Barbados,BB,2016,10.51
Barbados,BB,2017,10.52
Barbados,BB,2018,10.53
Barbados,BB,2019,10.54
Barbados,BB,2020,10.55
Barbados,BB,2021,10.55
Barbados,BB,2022,10.55
Brunei,BN,1995,20.12
Brunei,BN,1996,20.1
Brunei,BN,1997,20.08
Brunei,BN,1998,20.05
Brunei,BN,1999,20.03
Brunei,BN,2000,20.01
Brunei,BN,2001,20.01
Brunei,BN,2002,20.0
Brunei,BN,2003,20.0
Brunei,BN,2004,19.99
Brunei,BN,2005,19.99
Brunei,BN,2006,19.94
Brunei,BN,2007,19.89
Brunei,BN,2008,19.83
Brunei,BN,2009,19.78
Brunei,BN,2010,19.73
Brunei,BN,2011,19.69
Brunei,BN,2012,19.65
Brunei,BN,2013,19.62
Brunei,BN,2014,19.58
Brunei,BN,2015,19.54
Brunei,BN,2016,19.63
Brunei,BN,2017,19.71
Brunei,BN,2018,19.8
Brunei,BN,2019,19.88
Brunei,BN,2020,19.97
Brunei,BN,2021,19.97
Brunei,BN,2022,19.97
Bhutan,BT,1995,1.27
Bhutan,BT,1996,1.28
Bhutan,BT,1997,1.3
Bhutan,BT,1998,1.31
Bhutan,BT,1999,1.33
Bhutan,BT,2000,1.34
Bhutan,BT,2001,1.35
Bhutan,BT,2002,1.37
Bhutan,BT,2003,1.38
Bhutan,BT,2004,1.4
Bhutan,BT,2005,1.41
Bhutan,BT,2006,1.43
Bhutan,BT,2007,1.45
Bhutan,BT,2008,1.47
Bhutan,BT,2009,1.49
Bhutan,BT,2010,1.51
Bhutan,BT,2011,1.52
Bhutan,BT,2012,1.53
Bhutan,BT,2013,1.55
Bhutan,BT,2014,1.56
Bhutan,BT,2015,1.57
Bhutan,BT,2016,1.6
Bhutan,BT,2017,1.63
Bhutan,BT,2018,1.65
Bhutan,BT,2019,1.68
Bhutan,BT,2020,1.71
Bhutan,BT,2021,1.71
Bhutan,BT,2022,1.71
Botswana,BW,1995,17.44
Botswana,BW,1996,17.71
Botswana,BW,1997,17.98
Botswana,BW,1998,18.25
Botswana,BW,1999,18.52
Botswana,BW,2000,18.79
Botswana,BW,2001,18.92
Botswana,BW,2002,19.05
Botswana,BW,2003,19.19
Botswana,BW,2004,19.32
Botswana,BW,2005,19.45
Botswana,BW,2006,19.51
Botswana,BW,2007,19.57
Botswana,BW,2008,19.63
Botswana,BW,2009,19.69
Botswana,BW,2010,19.75
Botswana,BW,2011,19.9
Botswana,BW,2012,20.05
Botswana,BW,2013,20.21
Botswana,BW,2014,20.36
Botswana,BW,2015,20.51
Botswana,BW,2016,20.62
Botswana,BW,2017,20.73
Botswana,BW,2018,20.83
Botswana,BW,2019,20.94
Botswana,BW,2020,21.05
Botswana,BW,2021,21.05
Botswana,BW,2022,21.05
Central African Republic,CF,1995,7.91
Central African Republic,CF,1996,7.89
Central African Republic,CF,1997,7.88
Central African Republic,CF,1998,7.86
Central African Republic,CF,1999,7.85
Central African Republic,CF,2000,7.83
Central African Republic,CF,2001,7.72
Central African Republic,CF,2002,7.61
Central African Republic,CF,2003,7.51
Central African Republic,CF,2004,7.4
Central African Republic,CF,2005,7.29
Central African Republic,CF,2006,7.36
Central African Republic,CF,2007,7.43
Central African Republic,CF,2008,7.51
Central African Republic,CF,2009,7.58
Central African Republic,CF,2010,7.65
Central African Republic,CF,2011,7.77
Central African Republic,CF,2012,7.89
Central African Republic,CF,2013,8.02
Central African Republic,CF,2014,8.14
Central African Republic,CF,2015,8.26
Central African Republic,CF,2016,8.42
Central African Republic,CF,2017,8.58
Central African Republic,CF,2018,8.75
Central African Republic,CF,2019,8.91
Central African Republic,CF,2020,9.07
Central African Republic,CF,2021,9.07
Central African Republic,CF,2022,9.07
Canada,CA,1995,22.34
Canada,CA,1996,22.41
Canada,CA,1997,22.48
Canada,CA,1998,22.54
Canada,CA,1999,22.61
Canada,CA,2000,22.68
Canada,CA,2001,22.71
Canada,CA,2002,22.75
Canada,CA,2003,22.78
Canada,CA,2004,22.82
Canada,CA,2005,22.85
Canada,CA,2006,22.85
Canada,CA,2007,22.85
Canada,CA,2008,22.86
Canada,CA,2009,22.86
Canada,CA,2010,22.86
Canada,CA,2011,22.89
Canada,CA,2012,22.91
Canada,CA,2013,22.94
Canada,CA,2014,22.96
Canada,CA,2015,22.99
Canada,CA,2016,23.02
Canada,CA,2017,23.05
Canada,CA,2018,23.07
Canada,CA,2019,23.1
Canada,CA,2020,23.13
Canada,CA,2021,23.13
Canada,CA,2022,23.13
Switzerland,CH,1995,29.67
Switzerland,CH,1996,29.69
Switzerland,CH,1997,29.71
Switzerland,CH,1998,29.74
Switzerland,CH,1999,29.76
Switzerland,CH,2000,29.78
Switzerland,CH,2001,29.79
Switzerland,CH,2002,29.8
Switzerland,CH,2003,29.8
Switzerland,CH,2004,29.81
Switzerland,CH,2005,29.82
Switzerland,CH,2006,29.84
Switzerland,CH,2007,29.85
Switzerland,CH,2008,29.87
Switzerland,CH,2009,29.88
Switzerland,CH,2010,29.9
Switzerland,CH,2011,29.92
Switzerland,CH,2012,29.93
Switzerland,CH,2013,29.95
Switzerland,CH,2014,29.96
Switzerland,CH,2015,29.98
Switzerland,CH,2016,30.0
Switzerland,CH,2017,30.01
Switzerland,CH,2018,30.03
Switzerland,CH,2019,30.04
Switzerland,CH,2020,30.06
Switzerland,CH,2021,30.06
Switzerland,CH,2022,30.06
Chile,CL,1995,0.86
Chile,CL,1996,0.86
Chile,CL,1997,0.87
Chile,CL,1998,0.87
Chile,CL,1999,0.88
Chile,CL,2000,0.88
Chile,CL,2001,0.88
Chile,CL,2002,0.89
Chile,CL,2003,0.89
Chile,CL,2004,0.9
Chile,CL,2005,0.9
Chile,CL,2006,0.9
Chile,CL,2007,0.9
Chile,CL,2008,0.91
Chile,CL,2009,0.91
Chile,CL,2010,0.91
Chile,CL,2011,0.92
Chile,CL,2012,0.92
Chile,CL,2013,0.93
Chile,CL,2014,0.93
Chile,CL,2015,0.94
Chile,CL,2016,0.94
Chile,CL,2017,0.95
Chile,CL,2018,0.95
Chile,CL,2019,0.96
Chile,CL,2020,0.96
Chile,CL,2021,0.96
Chile,CL,2022,0.96
China,CN,1995,20.14
China,CN,1996,20.35
China,CN,1997,20.55
China,CN,1998,20.76
China,CN,1999,20.96
China,CN,2000,21.17
China,CN,2001,21.4
China,CN,2002,21.63
China,CN,2003,21.87
China,CN,2004,22.1
China,CN,2005,22.33
China,CN,2006,22.53
China,CN,2007,22.73
China,CN,2008,22.92
China,CN,2009,23.12
China,CN,2010,23.32
China,CN,2011,23.45
China,CN,2012,23.58
China,CN,2013,23.7
China,CN,2014,23.83
China,CN,2015,23.96
China,CN,2016,24.05
China,CN,2017,24.14
China,CN,2018,24.24
China,CN,2019,24.33
China,CN,2020,24.42
China,CN,2021,24.42
China,CN,2022,24.42
Ivory Coast,CI,1995,11.52
Ivory Coast,CI,1996,11.55
Ivory Coast,CI,1997,11.57
Ivory Coast,CI,1998,11.6
Ivory Coast,CI,1999,11.62
Ivory Coast,CI,2000,11.65
Ivory Coast,CI,2001,11.53
Ivory Coast,CI,2002,11.41
Ivory Coast,CI,2003,11.3
Ivory Coast,CI,2004,11.18
Ivory Coast,CI,2005,11.06
Ivory Coast,CI,2006,11.05
Ivory Coast,CI,2007,11.04
Ivory Coast,CI,2008,11.03
Ivory Coast,CI,2009,11.02
Ivory Coast,CI,2010,11.01
Ivory Coast,CI,2011,11.1
Ivory Coast,CI,2012,11.19
Ivory Coast,CI,2013,11.29
Ivory Coast,CI,2014,11.38
Ivory Coast,CI,2015,11.47
Ivory Coast,CI,2016,11.83
Ivory Coast,CI,2017,12.19
Ivory Coast,CI,2018,12.55
Ivory Coast,CI,2019,12.91
Ivory Coast,CI,2020,13.27
Ivory Coast,CI,2021,13.27
Ivory Coast,CI,2022,13.27
Cameroon,CM,1995,3.8
Cameroon,CM,1996,3.83
Cameroon,CM,1997,3.87
Cameroon,CM,1998,3.9
Cameroon,CM,1999,3.94
Cameroon,CM,2000,3.97
Cameroon,CM,2001,3.99
Cameroon,CM,2002,4.01
Cameroon,CM,2003,4.02
Cameroon,CM,2004,4.04
Cameroon,CM,2005,4.06
Cameroon,CM,2006,4.06
Cameroon,CM,2007,4.07
Cameroon,CM,2008,4.07
Cameroon,CM,2009,4.08
Cameroon,CM,2010,4.08
Cameroon,CM,2011,4.11
Cameroon,CM,2012,4.14
Cameroon,CM,2013,4.16
Cameroon,CM,2014,4.19
Cameroon,CM,2015,4.22
Cameroon,CM,2016,4.29
Cameroon,CM,2017,4.37
Cameroon,CM,2018,4.44
Cameroon,CM,2019,4.52
Cameroon,CM,2020,4.59
Cameroon,CM,2021,4.59
Cameroon,CM,2022,4.59
Democratic Republic of the Congo,CD,1995,5.52
Democratic Republic of the Congo,CD,1996,5.24
Democratic Republic of the Congo,CD,1997,4.95
Democratic Republic of the Congo,CD,1998,4.67
Democratic Republic of the Congo,CD,1999,4.38
Democratic Republic of the Congo,CD,2000,4.1
Democratic Republic of the Congo,CD,2001,4.19
Democratic Republic of the Congo,CD,2002,4.28
Democratic Republic of the Congo,CD,2003,4.36
Democratic Republic of the Congo,CD,2004,4.45
Democratic Republic of the Congo,CD,2005,4.54
Democratic Republic of the Congo,CD,2006,4.59
Democratic Republic of the Congo,CD,2007,4.64
Democratic Republic of the Congo,CD,2008,4.7
Democratic Republic of the Congo,CD,2009,4.75
Democratic Republic of the Congo,CD,2010,4.8
Democratic Republic of the Congo,CD,2011,4.9
Democratic Republic of the Congo,CD,2012,5.0
Democratic Republic of the Congo,CD,2013,5.1
Democratic Republic of the Congo,CD,2014,5.2
Democratic Republic of the Congo,CD,2015,5.3
Democratic Republic of the Congo,CD,2016,5.51
Democratic Republic of the Congo,CD,2017,5.72
Democratic Republic of the Congo,CD,2018,5.94
Democratic Republic of the Congo,CD,2019,6.15
Democratic Republic of the Congo,CD,2020,6.36
Democratic Republic of the Congo,CD,2021,6.36
Democratic Republic of the Congo,CD,2022,6.36
Republic of the Congo,CG,1995,14.44
Republic of the Congo,CG,1996,14.47
Republic of the Congo,CG,1997,14.5
Republic of the Congo,CG,1998,14.52
Republic of the Congo,CG,1999,14.55
Republic of the Congo,CG,2000,14.58
Republic of the Congo,CG,2001,14.62
Republic of the Congo,CG,2002,14.67
Republic of the Congo,CG,2003,14.71
Republic of the Congo,CG,2004,14.76
Republic of the Congo,CG,2005,14.8
Republic of the Congo,CG,2006,14.94
Republic of the Congo,CG,2007,15.07
Republic of the Congo,CG,2008,15.21
Republic of the Congo,CG,2009,15.34
Republic of the Congo,CG,2010,15.48
Republic of the Congo,CG,2011,15.53
Republic of the Congo,CG,2012,15.58
Republic of the Congo,CG,2013,15.64
Republic of the Congo,CG,2014,15.69
Republic of the Congo,CG,2015,15.74
Republic of the Congo,CG,2016,16.04
Republic of the Congo,CG,2017,16.34
Republic of the Congo,CG,2018,16.63
Republic of the Congo,CG,2019,16.93
Republic of the Congo,CG,2020,17.23
Republic of the Congo,CG,2021,17.23
Republic of the Congo,CG,2022,17.23
Colombia,CO,1995,25.34
Colombia,CO,1996,25.35
Colombia,CO,1997,25.36
Colombia,CO,1998,25.38
Colombia,CO,1999,25.39
Colombia,CO,2000,25.4
Colombia,CO,2001,25.53
Colombia,CO,2002,25.66
Colombia,CO,2003,25.8
Colombia,CO,2004,25.93
Colombia,CO,2005,26.06
Colombia,CO,2006,26.22
Colombia,CO,2007,26.38
Colombia,CO,2008,26.54
Colombia,CO,2009,26.7
Colombia,CO,2010,26.86
Colombia,CO,2011,27.02
Colombia,CO,2012,27.19
Colombia,CO,2013,27.35
Colombia,CO,2014,27.52
Colombia,CO,2015,27.68
Colombia,CO,2016,27.84
Colombia,CO,2017,28.0
Colombia,CO,2018,28.16
Colombia,CO,2019,28.32
Colombia,CO,2020,28.48
Colombia,CO,2021,28.48
Colombia,CO,2022,28.48
Comoros,KM,1995,9.77
Comoros,KM,1996,9.7
Comoros,KM,1997,9.63
Comoros,KM,1998,9.56
Comoros,KM,1999,9.49
Comoros,KM,2000,9.42
Comoros,KM,2001,9.43
Comoros,KM,2002,9.45
Comoros,KM,2003,9.46
Comoros,KM,2004,9.48
Comoros,KM,2005,9.49
Comoros,KM,2006,9.45
Comoros,KM,2007,9.41
Comoros,KM,2008,9.38
Comoros,KM,2009,9.34
Comoros,KM,2010,9.3
Comoros,KM,2011,9.37
Comoros,KM,2012,9.44
Comoros,KM,2013,9.5
Comoros,KM,2014,9.57
Comoros,KM,2015,9.64
Comoros,KM,2016,9.73
Comoros,KM,2017,9.83
Comoros,KM,2018,9.92
Comoros,KM,2019,10.02
Comoros,KM,2020,10.11
Comoros,KM,2021,10.11
Comoros,KM,2022,10.11
Cape Verde,CV,1995,11.97
Cape Verde,CV,1996,12.23
Cape Verde,CV,1997,12.49
Cape Verde,CV,1998,12.75
Cape Verde,CV,1999,13.01
Cape Verde,CV,2000,13.27
Cape Verde,CV,2001,13.44
Cape Verde,CV,2002,13.61
Cape Verde,CV,2003,13.79
Cape Verde,CV,2004,13.96
Cape Verde,CV,2005,14.13
Cape Verde,CV,2006,14.39
Cape Verde,CV,2007,14.66
Cape Verde,CV,2008,14.92
Cape Verde,CV,2009,15.19
Cape Verde,CV,2010,15.45
Cape Verde,CV,2011,15.65
Cape Verde,CV,2012,15.85
Cape Verde,CV,2013,16.04
Cape Verde,CV,2014,16.24
Cape Verde,CV,2015,16.44
Cape Verde,CV,2016,16.64
Cape Verde,CV,2017,16.84
Cape Verde,CV,2018,17.04
Cape Verde,CV,2019,17.24
Cape Verde,CV,2020,17.44
Cape Verde,CV,2021,17.44
Cape Verde,CV,2022,17.44
Costa Rica,CR,1995,5.17
Costa Rica,CR,1996,5.18
Costa Rica,CR,1997,5.19
Costa Rica,CR,1998,5.19
Costa Rica,CR,1999,5.2
Costa Rica,CR,2000,5.21
Costa Rica,CR,2001,5.22
Costa Rica,CR,2002,5.23
Costa Rica,CR,2003,5.23
Costa Rica,CR,2004,5.24
Costa Rica,CR,2005,5.25
Costa Rica,CR,2006,5.26
Costa Rica,CR,2007,5.27
Costa Rica,CR,2008,5.27
Costa Rica,CR,2009,5.28
Costa Rica,CR,2010,5.29
Costa Rica,CR,2011,5.3
Costa Rica,CR,2012,5.31
Costa Rica,CR,2013,5.32
Costa Rica,CR,2014,5.33
Costa Rica,CR,2015,5.34
Costa Rica,CR,2016,5.35
Costa Rica,CR,2017,5.36
Costa Rica,CR,2018,5.38
Costa Rica,CR,2019,5.39
Costa Rica,CR,2020,5.4
Costa Rica,CR,2021,5.4
Costa Rica,CR,2022,5.4
Cuba,CU,1995,20.62
Cuba,CU,1996,20.86
Cuba,CU,1997,21.09
Cuba,CU,1998,21.33
Cuba,CU,1999,21.56
Cuba,CU,2000,21.8
Cuba,CU,2001,22.01
Cuba,CU,2002,22.23
Cuba,CU,2003,22.44
Cuba,CU,2004,22.66
Cuba,CU,2005,22.87
Cuba,CU,2006,23.22
Cuba,CU,2007,23.57
Cuba,CU,2008,23.92
Cuba,CU,2009,24.27
Cuba,CU,2010,24.62
Cuba,CU,2011,24.78
Cuba,CU,2012,24.94
Cuba,CU,2013,25.1
Cuba,CU,2014,25.26
Cuba,CU,2015,25.42
Cuba,CU,2016,25.47
Cuba,CU,2017,25.52
Cuba,CU,2018,25.57
Cuba,CU,2019,25.62
Cuba,CU,2020,25.67
Cuba,CU,2021,25.67
Cuba,CU,2022,25.67
Cyprus,CY,1995,17.26
Cyprus,CY,1996,17.29
Cyprus,CY,1997,17.33
Cyprus,CY,1998,17.36
Cyprus,CY,1999,17.4
Cyprus,CY,2000,17.43
Cyprus,CY,2001,17.45
Cyprus,CY,2002,17.47
Cyprus,CY,2003,17.49
Cyprus,CY,2004,17.51
Cyprus,CY,2005,17.53
Cyprus,CY,2006,17.54
Cyprus,CY,2007,17.55
Cyprus,CY,2008,17.55
Cyprus,CY,2009,17.56
Cyprus,CY,2010,17.57
Cyprus,CY,2011,17.59
Cyprus,CY,2012,17.6
Cyprus,CY,2013,17.62
Cyprus,CY,2014,17.63
Cyprus,CY,2015,17.65
Cyprus,CY,2016,17.64
Cyprus,CY,2017,17.63
Cyprus,CY,2018,17.63
Cyprus,CY,2019,17.62
Cyprus,CY,2020,17.61
Cyprus,CY,2021,17.61
Cyprus,CY,2022,17.61
Czechia,CZ,1995,33.72
Czechia,CZ,1996,33.82
Czechia,CZ,1997,33.92
Czechia,CZ,1998,34.03
Czechia,CZ,1999,34.13
Czechia,CZ,2000,34.23
Czechia,CZ,2001,34.44
Czechia,CZ,2002,34.65
Czechia,CZ,2003,34.86
Czechia,CZ,2004,35.07
Czechia,CZ,2005,35.28
Czechia,CZ,2006,35.4
Czechia,CZ,2007,35.52
Czechia,CZ,2008,35.64
Czechia,CZ,2009,35.76
Czechia,CZ,2010,35.88
Czechia,CZ,2011,36.03
Czechia,CZ,2012,36.18
Czechia,CZ,2013,36.32
Czechia,CZ,2014,36.47
Czechia,CZ,2015,36.62
Czechia,CZ,2016,36.76
Czechia,CZ,2017,36.89
Czechia,CZ,2018,37.03
Czechia,CZ,2019,37.16
Czechia,CZ,2020,37.3
Czechia,CZ,2021,37.3
Czechia,CZ,2022,37.3
Germany,DE,1995,49.24
Germany,DE,1996,49.27
Germany,DE,1997,49.31
Germany,DE,1998,49.34
Germany,DE,1999,49.38
Germany,DE,2000,49.41
Germany,DE,2001,49.42
Germany,DE,2002,49.43
Germany,DE,2003,49.43
Germany,DE,2004,49.44
Germany,DE,2005,49.45
Germany,DE,2006,49.47
Germany,DE,2007,49.49
Germany,DE,2008,49.51
Germany,DE,2009,49.53
Germany,DE,2010,49.55
Germany,DE,2011,49.58
Germany,DE,2012,49.61
Germany,DE,2013,49.63
Germany,DE,2014,49.66
Germany,DE,2015,49.69
Germany,DE,2016,49.71
Germany,DE,2017,49.72
Germany,DE,2018,49.74
Germany,DE,2019,49.75
Germany,DE,2020,49.77
Germany,DE,2021,49.77
Germany,DE,2022,49.77
Djibouti,DJ,1995,13.16
Djibouti,DJ,1996,12.97
Djibouti,DJ,1997,12.78
Djibouti,DJ,1998,12.6
Djibouti,DJ,1999,12.41
Djibouti,DJ,2000,12.22
Djibouti,DJ,2001,12.3
Djibouti,DJ,2002,12.37
Djibouti,DJ,2003,12.45
Djibouti,DJ,2004,12.52
Djibouti,DJ,2005,12.6
Djibouti,DJ,2006,12.68
Djibouti,DJ,2007,12.76
Djibouti,DJ,2008,12.83
Djibouti,DJ,2009,12.91
Djibouti,DJ,2010,12.99
Djibouti,DJ,2011,13.16
Djibouti,DJ,2012,13.33
Djibouti,DJ,2013,13.5
Djibouti,DJ,2014,13.67
Djibouti,DJ,2015,13.84
Djibouti,DJ,2016,14.05
Djibouti,DJ,2017,14.26
Djibouti,DJ,2018,14.48
Djibouti,DJ,2019,14.69
Djibouti,DJ,2020,14.9
Djibouti,DJ,2021,14.9
Djibouti,DJ,2022,14.9
Dominica,DM,1995,12.24
Dominica,DM,1996,12.27
Dominica,DM,1997,12.29
Dominica,DM,1998,12.32
Dominica,DM,1999,12.34
Dominica,DM,2000,12.37
Dominica,DM,2001,12.37
Dominica,DM,2002,12.37
Dominica,DM,2003,12.36
Dominica,DM,2004,12.36
Dominica,DM,2005,12.36
Dominica,DM,2006,12.39
Dominica,DM,2007,12.42
Dominica,DM,2008,12.46
Dominica,DM,2009,12.49
Dominica,DM,2010,12.52
Dominica,DM,2011,12.55
Dominica,DM,2012,12.58
Dominica,DM,2013,12.6
Dominica,DM,2014,12.63
Dominica,DM,2015,12.66
Dominica,DM,2016,12.66
Dominica,DM,2017,12.65
Dominica,DM,2018,12.65
Dominica,DM,2019,12.64
Dominica,DM,2020,12.64
Dominica,DM,2021,12.64
Dominica,DM,2022,12.64
Denmark,DK,1995,34.27
Denmark,DK,1996,34.36
Denmark,DK,1997,34.46
Denmark,DK,1998,34.55
Denmark,DK,1999,34.65
Denmark,DK,2000,34.74
Denmark,DK,2001,34.78
Denmark,DK,2002,34.81
Denmark,DK,2003,34.85
Denmark,DK,2004,34.88
Denmark,DK,2005,34.92
Denmark,DK,2006,34.91
Denmark,DK,2007,34.91
Denmark,DK,2008,34.9
Denmark,DK,2009,34.9
Denmark,DK,2010,34.89
Denmark,DK,2011,34.95
Denmark,DK,2012,35.02
Denmark,DK,2013,35.08
Denmark,DK,2014,35.15
Denmark,DK,2015,35.21
Denmark,DK,2016,35.24
Denmark,DK,2017,35.28
Denmark,DK,2018,35.31
Denmark,DK,2019,35.35
Denmark,DK,2020,35.38
Denmark,DK,2021,35.38
Denmark,DK,2022,35.38
Dominican Republic,DO,1995,7.66
Dominican Republic,DO,1996,7.86
Dominican Republic,DO,1997,8.06
Dominican Republic,DO,1998,8.27
Dominican Republic,DO,1999,8.47
Dominican Republic,DO,2000,8.67
Dominican Republic,DO,2001,8.74
Dominican Republic,DO,2002,8.82
Dominican Republic,DO,2003,8.89
Dominican Republic,DO,2004,8.97
Dominican Republic,DO,2005,9.04
Dominican Republic,DO,2006,9.25
Dominican Republic,DO,2007,9.46
Dominican Republic,DO,2008,9.66
Dominican Republic,DO,2009,9.87
Dominican Republic,DO,2010,10.08
Dominican Republic,DO,2011,10.25
Dominican Republic,DO,2012,10.42
Dominican Republic,DO,2013,10.58
Dominican Republic,DO,2014,10.75
Dominican Republic,DO,2015,10.92
Dominican Republic,DO,2016,11.05
Dominican Republic,DO,2017,11.18
Dominican Republic,DO,2018,11.31
Dominican Republic,DO,2019,11.44
Dominican Republic,DO,2020,11.57
Dominican Republic,DO,2021,11.57
Dominican Republic,DO,2022,11.57
Algeria,DZ,1995,9.8
Algeria,DZ,1996,9.83
Algeria,DZ,1997,9.87
Algeria,DZ,1998,9.9
Algeria,DZ,1999,9.94
Algeria,DZ,2000,9.97
Algeria,DZ,2001,10.04
Algeria,DZ,2002,10.12
Algeria,DZ,2003,10.19
Algeria,DZ,2004,10.27
Algeria,DZ,2005,10.34
Algeria,DZ,2006,10.36
Algeria,DZ,2007,10.39
Algeria,DZ,2008,10.41
Algeria,DZ,2009,10.44
Algeria,DZ,2010,10.46
Algeria,DZ,2011,10.51
Algeria,DZ,2012,10.57
Algeria,DZ,2013,10.62
Algeria,DZ,2014,10.68
Algeria,DZ,2015,10.73
Algeria,DZ,2016,10.79
Algeria,DZ,2017,10.85
Algeria,DZ,2018,10.92
Algeria,DZ,2019,10.98
Algeria,DZ,2020,11.04
Algeria,DZ,2021,11.04
Algeria,DZ,2022,11.04
Ecuador,EC,1995,25.9
Ecuador,EC,1996,25.85
Ecuador,EC,1997,25.81
Ecuador,EC,1998,25.76
Ecuador,EC,1999,25.72
Ecuador,EC,2000,25.67
Ecuador,EC,2001,25.88
Ecuador,EC,2002,26.09
Ecuador,EC,2003,26.3
Ecuador,EC,2004,26.51
Ecuador,EC,2005,26.72
Ecuador,EC,2006,26.82
Ecuador,EC,2007,26.92
Ecuador,EC,2008,27.01
Ecuador,EC,2009,27.11
Ecuador,EC,2010,27.21
Ecuador,EC,2011,27.24
Ecuador,EC,2012,27.27
Ecuador,EC,2013,27.29
Ecuador,EC,2014,27.32
Ecuador,EC,2015,27.35
Ecuador,EC,2016,27.49
Ecuador,EC,2017,27.63
Ecuador,EC,2018,27.77
Ecuador,EC,2019,27.91
Ecuador,EC,2020,28.05
Ecuador,EC,2021,28.05
Ecuador,EC,2022,28.05
Egypt,EG,1995,18.54
Egypt,EG,1996,18.83
Egypt,EG,1997,19.12
Egypt,EG,1998,19.42
Egypt,EG,1999,19.71
Egypt,EG,2000,20.0
Egypt,EG,2001,20.17
Egypt,EG,2002,20.35
Egypt,EG,2003,20.52
Egypt,EG,2004,20.7
Egypt,EG,2005,20.87
Egypt,EG,2006,21.25
Egypt,EG,2007,21.63
Egypt,EG,2008,22.0
Egypt,EG,2009,22.38
Egypt,EG,2010,22.76
Egypt,EG,2011,23.13
Egypt,EG,2012,23.5
Egypt,EG,2013,23.88
Egypt,EG,2014,24.25
Egypt,EG,2015,24.62
Egypt,EG,2016,25.01
Egypt,EG,2017,25.39
Egypt,EG,2018,25.78
Egypt,EG,2019,26.16
Egypt,EG,2020,26.55
Egypt,EG,2021,26.55
Egypt,EG,2022,26.55
Eritrea,ER,1995,8.33
Eritrea,ER,1996,8.3
Eritrea,ER,1997,8.27
Eritrea,ER,1998,8.25
Eritrea,ER,1999,8.22
Eritrea,ER,2000,8.19
Eritrea,ER,2001,8.11
Eritrea,ER,2002,8.03
Eritrea,ER,2003,7.95
Eritrea,ER,2004,7.87
Eritrea,ER,2005,7.79
Eritrea,ER,2006,7.63
Eritrea,ER,2007,7.48
Eritrea,ER,2008,7.32
Eritrea,ER,2009,7.17
Eritrea,ER,2010,7.01
Eritrea,ER,2011,7.01
Eritrea,ER,2012,7.01
Eritrea,ER,2013,7.01
Eritrea,ER,2014,7.01
Eritrea,ER,2015,7.01
Eritrea,ER,2016,6.97
Eritrea,ER,2017,6.92
Eritrea,ER,2018,6.88
Eritrea,ER,2019,6.83
Eritrea,ER,2020,6.79
Eritrea,ER,2021,6.79
Eritrea,ER,2022,6.79
Spain,ES,1995,26.29
Spain,ES,1996,26.44
Spain,ES,1997,26.59
Spain,ES,1998,26.75
Spain,ES,1999,26.9
Spain,ES,2000,27.05
Spain,ES,2001,27.12
Spain,ES,2002,27.19
Spain,ES,2003,27.26
Spain,ES,2004,27.33
Spain,ES,2005,27.4
Spain,ES,2006,27.39
Spain,ES,2007,27.37
Spain,ES,2008,27.36
Spain,ES,2009,27.34
Spain,ES,2010,27.33
Spain,ES,2011,27.39
Spain,ES,2012,27.45
Spain,ES,2013,27.51
Spain,ES,2014,27.57
Spain,ES,2015,27.63
Spain,ES,2016,27.65
Spain,ES,2017,27.67
Spain,ES,2018,27.7
Spain,ES,2019,27.72
Spain,ES,2020,27.74
Spain,ES,2021,27.74
Spain,ES,2022,27.74
Estonia,EE,1995,37.29
Estonia,EE,1996,37.48
Estonia,EE,1997,37.67
Estonia,EE,1998,37.85
Estonia,EE,1999,38.04
Estonia,EE,2000,38.23
Estonia,EE,2001,38.36
Estonia,EE,2002,38.49
Estonia,EE,2003,38.63
Estonia,EE,2004,38.76
Estonia,EE,2005,38.89
Estonia,EE,2006,38.89
Estonia,EE,2007,38.89
Estonia,EE,2008,38.9
Estonia,EE,2009,38.9
Estonia,EE,2010,38.9
Estonia,EE,2011,38.93
Estonia,EE,2012,38.96
Estonia,EE,2013,38.98
Estonia,EE,2014,39.01
Estonia,EE,2015,39.04
Estonia,EE,2016,39.05
Estonia,EE,2017,39.07
Estonia,EE,2018,39.08
Estonia,EE,2019,39.1
Estonia,EE,2020,39.11
Estonia,EE,2021,39.11
Estonia,EE,2022,39.11
Ethiopia,ET,1995,8.09
Ethiopia,ET,1996,8.18
Ethiopia,ET,1997,8.26
Ethiopia,ET,1998,8.35
Ethiopia,ET,1999,8.43
Ethiopia,ET,2000,8.52
Ethiopia,ET,2001,8.64
Ethiopia,ET,2002,8.76
Ethiopia,ET,2003,8.87
Ethiopia,ET,2004,8.99
Ethiopia,ET,2005,9.11
Ethiopia,ET,2006,9.41
Ethiopia,ET,2007,9.7
Ethiopia,ET,2008,10.0
Ethiopia,ET,2009,10.29
Ethiopia,ET,2010,10.59
Ethiopia,ET,2011,10.82
Ethiopia,ET,2012,11.05
Ethiopia,ET,2013,11.28
Ethiopia,ET,2014,11.51
Ethiopia,ET,2015,11.74
Ethiopia,ET,2016,11.96
Ethiopia,ET,2017,12.18
Ethiopia,ET,2018,12.41
Ethiopia,ET,2019,12.63
Ethiopia,ET,2020,12.85
Ethiopia,ET,2021,12.85
Ethiopia,ET,2022,12.85
Finland,FI,1995,34.49
Finland,FI,1996,34.59
Finland,FI,1997,34.69
Finland,FI,1998,34.78
Finland,FI,1999,34.88
Finland,FI,2000,34.98
Finland,FI,2001,35.02
Finland,FI,2002,35.06
Finland,FI,2003,35.11
Finland,FI,2004,35.15
Finland,FI,2005,35.19
Finland,FI,2006,35.2
Finland,FI,2007,35.21
Finland,FI,2008,35.21
Finland,FI,2009,35.22
Finland,FI,2010,35.23
Finland,FI,2011,35.25
Finland,FI,2012,35.27
Finland,FI,2013,35.3
Finland,FI,2014,35.32
Finland,FI,2015,35.34
Finland,FI,2016,35.36
Finland,FI,2017,35.38
Finland,FI,2018,35.4
Finland,FI,2019,35.42
Finland,FI,2020,35.44
Finland,FI,2021,35.44
Finland,FI,2022,35.44
Fiji,FJ,1995,15.07
Fiji,FJ,1996,15.11
Fiji,FJ,1997,15.15
Fiji,FJ,1998,15.19
Fiji,FJ,1999,15.23
Fiji,FJ,2000,15.27
Fiji,FJ,2001,15.33
Fiji,FJ,2002,15.38
Fiji,FJ,2003,15.44
Fiji,FJ,2004,15.49
Fiji,FJ,2005,15.55
Fiji,FJ,2006,15.52
Fiji,FJ,2007,15.5
Fiji,FJ,2008,15.47
Fiji,FJ,2009,15.45
Fiji,FJ,2010,15.42
Fiji,FJ,2011,15.5
Fiji,FJ,2012,15.58
Fiji,FJ,2013,15.67
Fiji,FJ,2014,15.75
Fiji,FJ,2015,15.83
Fiji,FJ,2016,15.88
Fiji,FJ,2017,15.92
Fiji,FJ,2018,15.97
Fiji,FJ,2019,16.01
Fiji,FJ,2020,16.06
Fiji,FJ,2021,16.06
Fiji,FJ,2022,16.06
France,FR,1995,31.0
France,FR,1996,31.05
France,FR,1997,31.11
France,FR,1998,31.16
France,FR,1999,31.22
France,FR,2000,31.27
France,FR,2001,31.29
France,FR,2002,31.31
France,FR,2003,31.34
France,FR,2004,31.36
France,FR,2005,31.38
France,FR,2006,31.38
France,FR,2007,31.38
France,FR,2008,31.39
France,FR,2009,31.39
France,FR,2010,31.39
France,FR,2011,31.42
France,FR,2012,31.45
France,FR,2013,31.49
France,FR,2014,31.52
France,FR,2015,31.55
France,FR,2016,31.57
France,FR,2017,31.59
France,FR,2018,31.6
France,FR,2019,31.62
France,FR,2020,31.64
France,FR,2021,31.64
France,FR,2022,31.64
Micronesia,FM,1995,15.43
Micronesia,FM,1996,15.39
Micronesia,FM,1997,15.35
Micronesia,FM,1998,15.3
Micronesia,FM,1999,15.26
Micronesia,FM,2000,15.22
Micronesia,FM,2001,15.23
Micronesia,FM,2002,15.25
Micronesia,FM,2003,15.26
Micronesia,FM,2004,15.28
Micronesia,FM,2005,15.29
Micronesia,FM,2006,15.26
Micronesia,FM,2007,15.22
Micronesia,FM,2008,15.19
Micronesia,FM,2009,15.15
Micronesia,FM,2010,15.12
Micronesia,FM,2011,15.25
Micronesia,FM,2012,15.37
Micronesia,FM,2013,15.5
Micronesia,FM,2014,15.62
Micronesia,FM,2015,15.75
Micronesia,FM,2016,15.65
Micronesia,FM,2017,15.54
Micronesia,FM,2018,15.44
Micronesia,FM,2019,15.33
Micronesia,FM,2020,15.23
Micronesia,FM,2021,15.23
Micronesia,FM,2022,15.23
Gabon,GA,1995,22.1
Gabon,GA,1996,22.03
Gabon,GA,1997,21.96
Gabon,GA,1998,21.89
Gabon,GA,1999,21.82
Gabon,GA,2000,21.75
Gabon,GA,2001,21.72
Gabon,GA,2002,21.68
Gabon,GA,2003,21.65
Gabon,GA,2004,21.61
Gabon,GA,2005,21.58
Gabon,GA,2006,21.6
Gabon,GA,2007,21.63
Gabon,GA,2008,21.65
Gabon,GA,2009,21.68
Gabon,GA,2010,21.7
Gabon,GA,2011,21.78
Gabon,GA,2012,21.87
Gabon,GA,2013,21.95
Gabon,GA,2014,22.04
Gabon,GA,2015,22.12
Gabon,GA,2016,22.18
Gabon,GA,2017,22.24
Gabon,GA,2018,22.29
Gabon,GA,2019,22.35
Gabon,GA,2020,22.41
Gabon,GA,2021,22.41
Gabon,GA,2022,22.41
United Kingdom,GB,1995,34.0
United Kingdom,GB,1996,34.02
United Kingdom,GB,1997,34.04
United Kingdom,GB,1998,34.07
United Kingdom,GB,1999,34.09
United Kingdom,GB,2000,34.11
United Kingdom,GB,2001,34.12
United Kingdom,GB,2002,34.13
United Kingdom,GB,2003,34.14
United Kingdom,GB,2004,34.15
United Kingdom,GB,2005,34.16
United Kingdom,GB,2006,34.16
United Kingdom,GB,2007,34.16
United Kingdom,GB,2008,34.16
United Kingdom,GB,2009,34.16
United Kingdom,GB,2010,34.16
United Kingdom,GB,2011,34.17
United Kingdom,GB,2012,34.17
United Kingdom,GB,2013,34.18
United Kingdom,GB,2014,34.18
United Kingdom,GB,2015,34.19
United Kingdom,GB,2016,34.2
United Kingdom,GB,2017,34.2
United Kingdom,GB,2018,34.21
United Kingdom,GB,2019,34.21
United Kingdom,GB,2020,34.22
United Kingdom,GB,2021,34.22
United Kingdom,GB,2022,34.22
Georgia,GE,1995,12.05
Georgia,GE,1996,12.43
Georgia,GE,1997,12.81
Georgia,GE,1998,13.2
Georgia,GE,1999,13.58
Georgia,GE,2000,13.96
Georgia,GE,2001,14.32
Georgia,GE,2002,14.68
Georgia,GE,2003,15.03
Georgia,GE,2004,15.39
Georgia,GE,2005,15.75
Georgia,GE,2006,16.01
Georgia,GE,2007,16.27
Georgia,GE,2008,16.54
Georgia,GE,2009,16.8
Georgia,GE,2010,17.06
Georgia,GE,2011,17.24
Georgia,GE,2012,17.41
Georgia,GE,2013,17.59
Georgia,GE,2014,17.76
Georgia,GE,2015,17.94
Georgia,GE,2016,18.28
Georgia,GE,2017,18.62
Georgia,GE,2018,18.97
Georgia,GE,2019,19.31
Georgia,GE,2020,19.65
Georgia,GE,2021,19.65
Georgia,GE,2022,19.65
Ghana,GH,1995,8.95
Ghana,GH,1996,9.02
Ghana,GH,1997,9.08
Ghana,GH,1998,9.15
Ghana,GH,1999,9.21
Ghana,GH,2000,9.28
Ghana,GH,2001,9.4
Ghana,GH,2002,9.52
Ghana,GH,2003,9.65
Ghana,GH,2004,9.77
Ghana,GH,2005,9.89
Ghana,GH,2006,10.06
Ghana,GH,2007,10.22
Ghana,GH,2008,10.39
Ghana,GH,2009,10.55
Ghana,GH,2010,10.72
Ghana,GH,2011,10.92
Ghana,GH,2012,11.11
Ghana,GH,2013,11.31
Ghana,GH,2014,11.5
Ghana,GH,2015,11.7
Ghana,GH,2016,12.03
Ghana,GH,2017,12.36
Ghana,GH,2018,12.68
Ghana,GH,2019,13.01
Ghana,GH,2020,13.34
Ghana,GH,2021,13.34
Ghana,GH,2022,13.34
Guinea,GN,1995,16.79
Guinea,GN,1996,16.94
Guinea,GN,1997,17.08
Guinea,GN,1998,17.23
Guinea,GN,1999,17.37
Guinea,GN,2000,17.52
Guinea,GN,2001,17.62
Guinea,GN,2002,17.71
Guinea,GN,2003,17.81
Guinea,GN,2004,17.9
Guinea,GN,2005,18.0
Guinea,GN,2006,18.02
Guinea,GN,2007,18.04
Guinea,GN,2008,18.05
Guinea,GN,2009,18.07
Guinea,GN,2010,18.09
Guinea,GN,2011,18.22
Guinea,GN,2012,18.34
Guinea,GN,2013,18.47
Guinea,GN,2014,18.59
Guinea,GN,2015,18.72
Guinea,GN,2016,19.75
Guinea,GN,2017,20.78
Guinea,GN,2018,21.8
Guinea,GN,2019,22.83
Guinea,GN,2020,23.86
Guinea,GN,2021,23.86
Guinea,GN,2022,23.86
Gambia,GM,1995,9.48
Gambia,GM,1996,9.54
Gambia,GM,1997,9.6
Gambia,GM,1998,9.67
Gambia,GM,1999,9.73
Gambia,GM,2000,9.79
Gambia,GM,2001,9.91
Gambia,GM,2002,10.02
Gambia,GM,2003,10.14
Gambia,GM,2004,10.25
Gambia,GM,2005,10.37
Gambia,GM,2006,10.53
Gambia,GM,2007,10.7
Gambia,GM,2008,10.86
Gambia,GM,2009,11.03
Gambia,GM,2010,11.19
Gambia,GM,2011,11.32
Gambia,GM,2012,11.45
Gambia,GM,2013,11.59
Gambia,GM,2014,11.72
Gambia,GM,2015,11.85
Gambia,GM,2016,12.08
Gambia,GM,2017,12.31
Gambia,GM,2018,12.53
Gambia,GM,2019,12.76
Gambia,GM,2020,12.99
Gambia,GM,2021,12.99
Gambia,GM,2022,12.99
Guinea-Bissau,GW,1995,9.41
Guinea-Bissau,GW,1996,9.24
Guinea-Bissau,GW,1997,9.07
Guinea-Bissau,GW,1998,8.9
Guinea-Bissau,GW,1999,8.73
Guinea-Bissau,GW,2000,8.56
Guinea-Bissau,GW,2001,8.61
Guinea-Bissau,GW,2002,8.67
Guinea-Bissau,GW,2003,8.72
Guinea-Bissau,GW,2004,8.78
Guinea-Bissau,GW,2005,8.83
Guinea-Bissau,GW,2006,8.84
Guinea-Bissau,GW,2007,8.85
Guinea-Bissau,GW,2008,8.87
Guinea-Bissau,GW,2009,8.88
Guinea-Bissau,GW,2010,8.89
Guinea-Bissau,GW,2011,8.96
Guinea-Bissau,GW,2012,9.03
Guinea-Bissau,GW,2013,9.1
Guinea-Bissau,GW,2014,9.17
Guinea-Bissau,GW,2015,9.24
Guinea-Bissau,GW,2016,9.41
Guinea-Bissau,GW,2017,9.58
Guinea-Bissau,GW,2018,9.76
Guinea-Bissau,GW,2019,9.93
Guinea-Bissau,GW,2020,10.1
Guinea-Bissau,GW,2021,10.1
Guinea-Bissau,GW,2022,10.1
Equatorial Guinea,GQ,1995,10.49
Equatorial Guinea,GQ,1996,12.11
Equatorial Guinea,GQ,1997,13.73
Equatorial Guinea,GQ,1998,15.36
Equatorial Guinea,GQ,1999,16.98
Equatorial Guinea,GQ,2000,18.6
Equatorial Guinea,GQ,2001,19.5
Equatorial Guinea,GQ,2002,20.39
Equatorial Guinea,GQ,2003,21.29
Equatorial Guinea,GQ,2004,22.18
Equatorial Guinea,GQ,2005,23.08
Equatorial Guinea,GQ,2006,23.23
Equatorial Guinea,GQ,2007,23.38
Equatorial Guinea,GQ,2008,23.54
Equatorial Guinea,GQ,2009,23.69
Equatorial Guinea,GQ,2010,23.84
Equatorial Guinea,GQ,2011,23.81
Equatorial Guinea,GQ,2012,23.78
Equatorial Guinea,GQ,2013,23.76
Equatorial Guinea,GQ,2014,23.73
Equatorial Guinea,GQ,2015,23.7
Equatorial Guinea,GQ,2016,23.74
Equatorial Guinea,GQ,2017,23.78
Equatorial Guinea,GQ,2018,23.81
Equatorial Guinea,GQ,2019,23.85
Equatorial Guinea,GQ,2020,23.89
Equatorial Guinea,GQ,2021,23.89
Equatorial Guinea,GQ,2022,23.89
Greece,GR,1995,21.29
Greece,GR,1996,21.36
Greece,GR,1997,21.44
Greece,GR,1998,21.51
Greece,GR,1999,21.59
Greece,GR,2000,21.66
Greece,GR,2001,21.75
Greece,GR,2002,21.83
Greece,GR,2003,21.92
Greece,GR,2004,22.0
Greece,GR,2005,22.09
Greece,GR,2006,22.11
Greece,GR,2007,22.12
Greece,GR,2008,22.14
Greece,GR,2009,22.15
Greece,GR,2010,22.17
Greece,GR,2011,22.19
Greece,GR,2012,22.22
Greece,GR,2013,22.24
Greece,GR,2014,22.27
Greece,GR,2015,22.29
Greece,GR,2016,22.32
Greece,GR,2017,22.35
Greece,GR,2018,22.39
Greece,GR,2019,22.42
Greece,GR,2020,22.45
Greece,GR,2021,22.45
Greece,GR,2022,22.45
Grenada,GD,1995,14.72
Grenada,GD,1996,14.77
Grenada,GD,1997,14.82
Grenada,GD,1998,14.87
Grenada,GD,1999,14.92
Grenada,GD,2000,14.97
Grenada,GD,2001,14.99
Grenada,GD,2002,15.0
Grenada,GD,2003,15.02
Grenada,GD,2004,15.03
Grenada,GD,2005,15.05
Grenada,GD,2006,15.04
Grenada,GD,2007,15.04
Grenada,GD,2008,15.03
Grenada,GD,2009,15.03
Grenada,GD,2010,15.02
Grenada,GD,2011,15.04
Grenada,GD,2012,15.07
Grenada,GD,2013,15.09
Grenada,GD,2014,15.12
Grenada,GD,2015,15.14
Grenada,GD,2016,15.12
Grenada,GD,2017,15.11
Grenada,GD,2018,15.09
Grenada,GD,2019,15.08
Grenada,GD,2020,15.06
Grenada,GD,2021,15.06
Grenada,GD,2022,15.06
Greenland,GL,1995,31.46
Greenland,GL,1996,31.56
Greenland,GL,1997,31.66
Greenland,GL,1998,31.75
Greenland,GL,1999,31.85
Greenland,GL,2000,31.95
Greenland,GL,2001,31.97
Greenland,GL,2002,31.98
Greenland,GL,2003,32.0
Greenland,GL,2004,32.01
Greenland,GL,2005,32.03
Greenland,GL,2006,32.07
Greenland,GL,2007,32.11
Greenland,GL,2008,32.14
Greenland,GL,2009,32.18
Greenland,GL,2010,32.22
Greenland,GL,2011,32.3
Greenland,GL,2012,32.37
Greenland,GL,2013,32.45
Greenland,GL,2014,32.52
Greenland,GL,2015,32.6
Greenland,GL,2016,32.59
Greenland,GL,2017,32.59
Greenland,GL,2018,32.58
Greenland,GL,2019,32.58
Greenland,GL,2020,32.57
Greenland,GL,2021,32.57
Greenland,GL,2022,32.57
Guatemala,GT,1995,9.13
Guatemala,GT,1996,9.2
Guatemala,GT,1997,9.27
Guatemala,GT,1998,9.34
Guatemala,GT,1999,9.41
Guatemala,GT,2000,9.48
Guatemala,GT,2001,9.51
Guatemala,GT,2002,9.53
Guatemala,GT,2003,9.56
Guatemala,GT,2004,9.58
Guatemala,GT,2005,9.61
Guatemala,GT,2006,9.68
Guatemala,GT,2007,9.76
Guatemala,GT,2008,9.83
Guatemala,GT,2009,9.91
Guatemala,GT,2010,9.98
Guatemala,GT,2011,10.02
Guatemala,GT,2012,10.06
Guatemala,GT,2013,10.1
Guatemala,GT,2014,10.14
Guatemala,GT,2015,10.18
Guatemala,GT,2016,10.22
Guatemala,GT,2017,10.27
Guatemala,GT,2018,10.31
Guatemala,GT,2019,10.36
Guatemala,GT,2020,10.4
Guatemala,GT,2021,10.4
Guatemala,GT,2022,10.4
Guyana,GY,1995,23.69
Guyana,GY,1996,23.69
Guyana,GY,1997,23.69
Guyana,GY,1998,23.69
Guyana,GY,1999,23.69
Guyana,GY,2000,23.69
Guyana,GY,2001,23.69
Guyana,GY,2002,23.69
Guyana,GY,2003,23.69
Guyana,GY,2004,23.69
Guyana,GY,2005,23.69
Guyana,GY,2006,23.69
Guyana,GY,2007,23.69
Guyana,GY,2008,23.69
Guyana,GY,2009,23.69
Guyana,GY,2010,23.69
Guyana,GY,2011,23.63
Guyana,GY,2012,23.57
Guyana,GY,2013,23.52
Guyana,GY,2014,23.46
Guyana,GY,2015,23.4
Guyana,GY,2016,23.33
Guyana,GY,2017,23.26
Guyana,GY,2018,23.19
Guyana,GY,2019,23.12
Guyana,GY,2020,23.05
Guyana,GY,2021,23.05
Guyana,GY,2022,23.05
Honduras,HN,1995,9.47
Honduras,HN,1996,9.48
Honduras,HN,1997,9.49
Honduras,HN,1998,9.51
Honduras,HN,1999,9.52
Honduras,HN,2000,9.53
Honduras,HN,2001,9.58
Honduras,HN,2002,9.62
Honduras,HN,2003,9.67
Honduras,HN,2004,9.71
Honduras,HN,2005,9.76
Honduras,HN,2006,9.79
Honduras,HN,2007,9.82
Honduras,HN,2008,9.86
Honduras,HN,2009,9.89
Honduras,HN,2010,9.92
Honduras,HN,2011,9.96
Honduras,HN,2012,10.01
Honduras,HN,2013,10.05
Honduras,HN,2014,10.1
Honduras,HN,2015,10.14
Honduras,HN,2016,10.17
Honduras,HN,2017,10.2
Honduras,HN,2018,10.23
Honduras,HN,2019,10.26
Honduras,HN,2020,10.29
Honduras,HN,2021,10.29
Honduras,HN,2022,10.29
Croatia,HR,1995,18.26
Croatia,HR,1996,18.37
Croatia,HR,1997,18.48
Croatia,HR,1998,18.58
Croatia,HR,1999,18.69
Croatia,HR,2000,18.8
Croatia,HR,2001,18.91
Croatia,HR,2002,19.02
Croatia,HR,2003,19.12
Croatia,HR,2004,19.23
Croatia,HR,2005,19.34
Croatia,HR,2006,19.37
Croatia,HR,2007,19.39
Croatia,HR,2008,19.42
Croatia,HR,2009,19.44
Croatia,HR,2010,19.47
Croatia,HR,2011,19.53
Croatia,HR,2012,19.59
Croatia,HR,2013,19.66
Croatia,HR,2014,19.72
Croatia,HR,2015,19.78
Croatia,HR,2016,19.83
Croatia,HR,2017,19.87
Croatia,HR,2018,19.92
Croatia,HR,2019,19.96
Croatia,HR,2020,20.01
Croatia,HR,2021,20.01
Croatia,HR,2022,20.01
Haiti,HT,1995,7.63
Haiti,HT,1996,7.64
Haiti,HT,1997,7.66
Haiti,HT,1998,7.67
Haiti,HT,1999,7.69
Haiti,HT,2000,7.7
Haiti,HT,2001,7.6
Haiti,HT,2002,7.51
Haiti,HT,2003,7.41
Haiti,HT,2004,7.32
Haiti,HT,2005,7.22
Haiti,HT,2006,7.19
Haiti,HT,2007,7.17
Haiti,HT,2008,7.14
Haiti,HT,2009,7.12
Haiti,HT,2010,7.09
Haiti,HT,2011,7.33
Haiti,HT,2012,7.56
Haiti,HT,2013,7.8
Haiti,HT,2014,8.03
Haiti,HT,2015,8.27
Haiti,HT,2016,8.43
Haiti,HT,2017,8.6
Haiti,HT,2018,8.76
Haiti,HT,2019,8.93
Haiti,HT,2020,9.09
Haiti,HT,2021,9.09
Haiti,HT,2022,9.09
Hungary,HU,1995,27.44
Hungary,HU,1996,27.68
Hungary,HU,1997,27.92
Hungary,HU,1998,28.17
Hungary,HU,1999,28.41
Hungary,HU,2000,28.65
Hungary,HU,2001,28.89
Hungary,HU,2002,29.14
Hungary,HU,2003,29.38
Hungary,HU,2004,29.63
Hungary,HU,2005,29.87
Hungary,HU,2006,29.87
Hungary,HU,2007,29.88
Hungary,HU,2008,29.88
Hungary,HU,2009,29.89
Hungary,HU,2010,29.89
Hungary,HU,2011,30.04
Hungary,HU,2012,30.19
Hungary,HU,2013,30.33
Hungary,HU,2014,30.48
Hungary,HU,2015,30.63
Hungary,HU,2016,30.71
Hungary,HU,2017,30.79
Hungary,HU,2018,30.86
Hungary,HU,2019,30.94
Hungary,HU,2020,31.02
Hungary,HU,2021,31.02
Hungary,HU,2022,31.02
Indonesia,ID,1995,13.21
Indonesia,ID,1996,13.19
Indonesia,ID,1997,13.17
Indonesia,ID,1998,13.15
Indonesia,ID,1999,13.13
Indonesia,ID,2000,13.11
Indonesia,ID,2001,13.19
Indonesia,ID,2002,13.28
Indonesia,ID,2003,13.36
Indonesia,ID,2004,13.45
Indonesia,ID,2005,13.53
Indonesia,ID,2006,13.63
Indonesia,ID,2007,13.73
Indonesia,ID,2008,13.84
Indonesia,ID,2009,13.94
Indonesia,ID,2010,14.04
Indonesia,ID,2011,14.15
Indonesia,ID,2012,14.26
Indonesia,ID,2013,14.38
Indonesia,ID,2014,14.49
Indonesia,ID,2015,14.6
Indonesia,ID,2016,14.71
Indonesia,ID,2017,14.83
Indonesia,ID,2018,14.94
Indonesia,ID,2019,15.06
Indonesia,ID,2020,15.17
Indonesia,ID,2021,15.17
Indonesia,ID,2022,15.17
India,IN,1995,10.98
India,IN,1996,11.17
India,IN,1997,11.36
India,IN,1998,11.55
India,IN,1999,11.74
India,IN,2000,11.93
India,IN,2001,12.21
India,IN,2002,12.49
India,IN,2003,12.77
India,IN,2004,13.05
India,IN,2005,13.33
India,IN,2006,13.67
India,IN,2007,14.01
India,IN,2008,14.34
India,IN,2009,14.68
India,IN,2010,15.02
India,IN,2011,15.34
India,IN,2012,15.66
India,IN,2013,15.99
India,IN,2014,16.31
India,IN,2015,16.63
India,IN,2016,16.86
India,IN,2017,17.09
India,IN,2018,17.33
India,IN,2019,17.56
India,IN,2020,17.79
India,IN,2021,17.79
India,IN,2022,17.79
Ireland,IE,1995,40.88
Ireland,IE,1996,41.09
Ireland,IE,1997,41.29
Ireland,IE,1998,41.5
Ireland,IE,1999,41.7
Ireland,IE,2000,41.91
Ireland,IE,2001,41.98
Ireland,IE,2002,42.06
Ireland,IE,2003,42.13
Ireland,IE,2004,42.21
Ireland,IE,2005,42.28
Ireland,IE,2006,42.25
Ireland,IE,2007,42.21
Ireland,IE,2008,42.18
Ireland,IE,2009,42.14
Ireland,IE,2010,42.11
Ireland,IE,2011,42.15
Ireland,IE,2012,42.19
Ireland,IE,2013,42.24
Ireland,IE,2014,42.28
Ireland,IE,2015,42.32
Ireland,IE,2016,42.34
Ireland,IE,2017,42.36
Ireland,IE,2018,42.38
Ireland,IE,2019,42.4
Ireland,IE,2020,42.42
Ireland,IE,2021,42.42
Ireland,IE,2022,42.42
Iran,IR,1995,11.85
Iran,IR,1996,12.07
Iran,IR,1997,12.29
Iran,IR,1998,12.51
Iran,IR,1999,12.73
Iran,IR,2000,12.95
Iran,IR,2001,13.25
Iran,IR,2002,13.55
Iran,IR,2003,13.84
Iran,IR,2004,14.14
Iran,IR,2005,14.44
Iran,IR,2006,14.64
Iran,IR,2007,14.84
Iran,IR,2008,15.03
Iran,IR,2009,15.23
Iran,IR,2010,15.43
Iran,IR,2011,15.55
Iran,IR,2012,15.68
Iran,IR,2013,15.8
Iran,IR,2014,15.93
Iran,IR,2015,16.05
Iran,IR,2016,16.2
Iran,IR,2017,16.35
Iran,IR,2018,16.5
Iran,IR,2019,16.65
Iran,IR,2020,16.8
Iran,IR,2021,16.8
Iran,IR,2022,16.8
Iraq,IQ,1995,11.35
Iraq,IQ,1996,11.64
Iraq,IQ,1997,11.93
Iraq,IQ,1998,12.23
Iraq,IQ,1999,12.52
Iraq,IQ,2000,12.81
Iraq,IQ,2001,12.55
Iraq,IQ,2002,12.28
Iraq,IQ,2003,12.02
Iraq,IQ,2004,11.75
Iraq,IQ,2005,11.49
Iraq,IQ,2006,11.65
Iraq,IQ,2007,11.8
Iraq,IQ,2008,11.96
Iraq,IQ,2009,12.11
Iraq,IQ,2010,12.27
Iraq,IQ,2011,12.65
Iraq,IQ,2012,13.03
Iraq,IQ,2013,13.41
Iraq,IQ,2014,13.79
Iraq,IQ,2015,14.17
Iraq,IQ,2016,14.42
Iraq,IQ,2017,14.67
Iraq,IQ,2018,14.92
Iraq,IQ,2019,15.17
Iraq,IQ,2020,15.42
Iraq,IQ,2021,15.42
Iraq,IQ,2022,15.42
Iceland,IS,1995,54.14
Iceland,IS,1996,54.27
Iceland,IS,1997,54.4
Iceland,IS,1998,54.54
Iceland,IS,1999,54.67
Iceland,IS,2000,54.8
Iceland,IS,2001,54.89
Iceland,IS,2002,54.99
Iceland,IS,2003,55.08
Iceland,IS,2004,55.18
Iceland,IS,2005,55.27
Iceland,IS,2006,55.23
Iceland,IS,2007,55.19
Iceland,IS,2008,55.14
Iceland,IS,2009,55.1
Iceland,IS,2010,55.06
Iceland,IS,2011,55.12
Iceland,IS,2012,55.17
Iceland,IS,2013,55.23
Iceland,IS,2014,55.28
Iceland,IS,2015,55.34
Iceland,IS,2016,55.37
Iceland,IS,2017,55.41
Iceland,IS,2018,55.44
Iceland,IS,2019,55.48
Iceland,IS,2020,55.51
Iceland,IS,2021,55.51
Iceland,IS,2022,55.51
Israel,IL,1995,29.13
Israel,IL,1996,29.2
Israel,IL,1997,29.27
Israel,IL,1998,29.35
Israel,IL,1999,29.42
Israel,IL,2000,29.49
Israel,IL,2001,29.5
Israel,IL,2002,29.51
Israel,IL,2003,29.52
Israel,IL,2004,29.53
Israel,IL,2005,29.54
Israel,IL,2006,29.6
Israel,IL,2007,29.66
Israel,IL,2008,29.71
Israel,IL,2009,29.77
Israel,IL,2010,29.83
Israel,IL,2011,29.88
Israel,IL,2012,29.93
Israel,IL,2013,29.97
Israel,IL,2014,30.02
Israel,IL,2015,30.07
Israel,IL,2016,30.13
Israel,IL,2017,30.19
Israel,IL,2018,30.26
Israel,IL,2019,30.32
Israel,IL,2020,30.38
Israel,IL,2021,30.38
Israel,IL,2022,30.38
Italy,IT,1995,39.34
Italy,IT,1996,39.4
Italy,IT,1997,39.47
Italy,IT,1998,39.53
Italy,IT,1999,39.6
Italy,IT,2000,39.66
Italy,IT,2001,39.67
Italy,IT,2002,39.68
Italy,IT,2003,39.7
Italy,IT,2004,39.71
Italy,IT,2005,39.72
Italy,IT,2006,39.68
Italy,IT,2007,39.65
Italy,IT,2008,39.61
Italy,IT,2009,39.58
Italy,IT,2010,39.54
Italy,IT,2011,39.57
Italy,IT,2012,39.6
Italy,IT,2013,39.62
Italy,IT,2014,39.65
Italy,IT,2015,39.68
Italy,IT,2016,39.71
Italy,IT,2017,39.75
Italy,IT,2018,39.78
Italy,IT,2019,39.82
Italy,IT,2020,39.85
Italy,IT,2021,39.85
Italy,IT,2022,39.85
Jamaica,JM,1995,14.64
Jamaica,JM,1996,14.61
Jamaica,JM,1997,14.58
Jamaica,JM,1998,14.55
Jamaica,JM,1999,14.52
Jamaica,JM,2000,14.49
Jamaica,JM,2001,14.53
Jamaica,JM,2002,14.57
Jamaica,JM,2003,14.61
Jamaica,JM,2004,14.65
Jamaica,JM,2005,14.69
Jamaica,JM,2006,14.68
Jamaica,JM,2007,14.67
Jamaica,JM,2008,14.66
Jamaica,JM,2009,14.65
Jamaica,JM,2010,14.64
Jamaica,JM,2011,14.68
Jamaica,JM,2012,14.73
Jamaica,JM,2013,14.77
Jamaica,JM,2014,14.82
Jamaica,JM,2015,14.86
Jamaica,JM,2016,14.88
Jamaica,JM,2017,14.9
Jamaica,JM,2018,14.93
Jamaica,JM,2019,14.95
Jamaica,JM,2020,14.97
Jamaica,JM,2021,14.97
Jamaica,JM,2022,14.97
Jordan,JO,1995,12.26
Jordan,JO,1996,12.25
Jordan,JO,1997,12.24
Jordan,JO,1998,12.24
Jordan,JO,1999,12.23
Jordan,JO,2000,12.22
Jordan,JO,2001,12.37
Jordan,JO,2002,12.53
Jordan,JO,2003,12.68
Jordan,JO,2004,12.84
Jordan,JO,2005,12.99
Jordan,JO,2006,13.11
Jordan,JO,2007,13.22
Jordan,JO,2008,13.34
Jordan,JO,2009,13.45
Jordan,JO,2010,13.57
Jordan,JO,2011,13.68
Jordan,JO,2012,13.79
Jordan,JO,2013,13.9
Jordan,JO,2014,14.01
Jordan,JO,2015,14.12
Jordan,JO,2016,14.22
Jordan,JO,2017,14.31
Jordan,JO,2018,14.41
Jordan,JO,2019,14.5
Jordan,JO,2020,14.6
Jordan,JO,2021,14.6
Jordan,JO,2022,14.6
Japan,JP,1995,11.55
Japan,JP,1996,11.55
Japan,JP,1997,11.55
Japan,JP,1998,11.54
Japan,JP,1999,11.54
Japan,JP,2000,11.54
Japan,JP,2001,11.54
Japan,JP,2002,11.53
Japan,JP,2003,11.53
Japan,JP,2004,11.52
Japan,JP,2005,11.52
Japan,JP,2006,11.52
Japan,JP,2007,11.52
Japan,JP,2008,11.52
Japan,JP,2009,11.52
Japan,JP,2010,11.52
Japan,JP,2011,11.51
Japan,JP,2012,11.51
Japan,JP,2013,11.5
Japan,JP,2014,11.5
Japan,JP,2015,11.49
Japan,JP,2016,11.49
Japan,JP,2017,11.48
Japan,JP,2018,11.48
Japan,JP,2019,11.47
Japan,JP,2020,11.47
Japan,JP,2021,11.47
Japan,JP,2022,11.47
Kazakhstan,KZ,1995,1.71
Kazakhstan,KZ,1996,1.74
Kazakhstan,KZ,1997,1.77
Kazakhstan,KZ,1998,1.81
Kazakhstan,KZ,1999,1.84
Kazakhstan,KZ,2000,1.87
Kazakhstan,KZ,2001,2.01
Kazakhstan,KZ,2002,2.15
Kazakhstan,KZ,2003,2.28
Kazakhstan,KZ,2004,2.42
Kazakhstan,KZ,2005,2.56
Kazakhstan,KZ,2006,2.64
Kazakhstan,KZ,2007,2.72
Kazakhstan,KZ,2008,2.81
Kazakhstan,KZ,2009,2.89
Kazakhstan,KZ,2010,2.97
Kazakhstan,KZ,2011,3.04
Kazakhstan,KZ,2012,3.12
Kazakhstan,KZ,2013,3.19
Kazakhstan,KZ,2014,3.27
Kazakhstan,KZ,2015,3.34
Kazakhstan,KZ,2016,3.43
Kazakhstan,KZ,2017,3.52
Kazakhstan,KZ,2018,3.61
Kazakhstan,KZ,2019,3.7
Kazakhstan,KZ,2020,3.79
Kazakhstan,KZ,2021,3.79
Kazakhstan,KZ,2022,3.79
Kenya,KE,1995,15.42
Kenya,KE,1996,15.4
Kenya,KE,1997,15.38
Kenya,KE,1998,15.37
Kenya,KE,1999,15.35
Kenya,KE,2000,15.33
Kenya,KE,2001,15.42
Kenya,KE,2002,15.51
Kenya,KE,2003,15.59
Kenya,KE,2004,15.68
Kenya,KE,2005,15.77
Kenya,KE,2006,15.92
Kenya,KE,2007,16.07
Kenya,KE,2008,16.22
Kenya,KE,2009,16.37
Kenya,KE,2010,16.52
Kenya,KE,2011,16.9
Kenya,KE,2012,17.28
Kenya,KE,2013,17.67
Kenya,KE,2014,18.05
Kenya,KE,2015,18.43
Kenya,KE,2016,18.72
Kenya,KE,2017,19.02
Kenya,KE,2018,19.31
Kenya,KE,2019,19.61
Kenya,KE,2020,19.9
Kenya,KE,2021,19.9
Kenya,KE,2022,19.9
Kyrgyzstan,KG,1995,10.23
Kyrgyzstan,KG,1996,10.43
Kyrgyzstan,KG,1997,10.64
Kyrgyzstan,KG,1998,10.84
Kyrgyzstan,KG,1999,11.05
Kyrgyzstan,KG,2000,11.25
Kyrgyzstan,KG,2001,11.4
Kyrgyzstan,KG,2002,11.54
Kyrgyzstan,KG,2003,11.69
Kyrgyzstan,KG,2004,11.83
Kyrgyzstan,KG,2005,11.98
Kyrgyzstan,KG,2006,12.15
Kyrgyzstan,KG,2007,12.33
Kyrgyzstan,KG,2008,12.5
Kyrgyzstan,KG,2009,12.68
Kyrgyzstan,KG,2010,12.85
Kyrgyzstan,KG,2011,12.99
Kyrgyzstan,KG,2012,13.14
Kyrgyzstan,KG,2013,13.28
Kyrgyzstan,KG,2014,13.43
Kyrgyzstan,KG,2015,13.57
Kyrgyzstan,KG,2016,13.78
Kyrgyzstan,KG,2017,13.98
Kyrgyzstan,KG,2018,14.19
Kyrgyzstan,KG,2019,14.39
Kyrgyzstan,KG,2020,14.6
Kyrgyzstan,KG,2021,14.6
Kyrgyzstan,KG,2022,14.6
Cambodia,KH,1995,6.12
Cambodia,KH,1996,6.29
Cambodia,KH,1997,6.46
Cambodia,KH,1998,6.64
Cambodia,KH,1999,6.81
Cambodia,KH,2000,6.98
Cambodia,KH,2001,7.28
Cambodia,KH,2002,7.58
Cambodia,KH,2003,7.88
Cambodia,KH,2004,8.18
Cambodia,KH,2005,8.48
Cambodia,KH,2006,8.67
Cambodia,KH,2007,8.86
Cambodia,KH,2008,9.05
Cambodia,KH,2009,9.24
Cambodia,KH,2010,9.43
Cambodia,KH,2011,9.68
Cambodia,KH,2012,9.93
Cambodia,KH,2013,10.17
Cambodia,KH,2014,10.42
Cambodia,KH,2015,10.67
Cambodia,KH,2016,11.01
Cambodia,KH,2017,11.35
Cambodia,KH,2018,11.68
Cambodia,KH,2019,12.02
Cambodia,KH,2020,12.36
Cambodia,KH,2021,12.36
Cambodia,KH,2022,12.36
Kiribati,KI,1995,13.97
Kiribati,KI,1996,14.24
Kiribati,KI,1997,14.51
Kiribati,KI,1998,14.79
Kiribati,KI,1999,15.06
Kiribati,KI,2000,15.33
Kiribati,KI,2001,15.32
Kiribati,KI,2002,15.32
Kiribati,KI,2003,15.31
Kiribati,KI,2004,15.31
Kiribati,KI,2005,15.3
Kiribati,KI,2006,15.26
Kiribati,KI,2007,15.22
Kiribati,KI,2008,15.19
Kiribati,KI,2009,15.15
Kiribati,KI,2010,15.11
Kiribati,KI,2011,15.18
Kiribati,KI,2012,15.24
Kiribati,KI,2013,15.31
Kiribati,KI,2014,15.37
Kiribati,KI,2015,15.44
Kiribati,KI,2016,15.43
Kiribati,KI,2017,15.42
Kiribati,KI,2018,15.42
Kiribati,KI,2019,15.41
Kiribati,KI,2020,15.4
Kiribati,KI,2021,15.4
Kiribati,KI,2022,15.4
Saint Kitts and Nevis,KN,1995,8.99
Saint Kitts and Nevis,KN,1996,9.03
Saint Kitts and Nevis,KN,1997,9.07
Saint Kitts and Nevis,KN,1998,9.1
Saint Kitts and Nevis,KN,1999,9.14
Saint Kitts and Nevis,KN,2000,9.18
Saint Kitts and Nevis,KN,2001,9.2
Saint Kitts and Nevis,KN,2002,9.23
Saint Kitts and Nevis,KN,2003,9.25
Saint Kitts and Nevis,KN,2004,9.28
Saint Kitts and Nevis,KN,2005,9.3
Saint Kitts and Nevis,KN,2006,9.29
Saint Kitts and Nevis,KN,2007,9.28
Saint Kitts and Nevis,KN,2008,9.28
Saint Kitts and Nevis,KN,2009,9.27
Saint Kitts and Nevis,KN,2010,9.26
Saint Kitts and Nevis,KN,2011,9.26
Saint Kitts and Nevis,KN,2012,9.26
Saint Kitts and Nevis,KN,2013,9.26
Saint Kitts and Nevis,KN,2014,9.26
Saint Kitts and Nevis,KN,2015,9.26
Saint Kitts and Nevis,KN,2016,9.26
Saint Kitts and Nevis,KN,2017,9.26
Saint Kitts and Nevis,KN,2018,9.26
Saint Kitts and Nevis,KN,2019,9.26
Saint Kitts and Nevis,KN,2020,9.26
Saint Kitts and Nevis,KN,2021,9.26
Saint Kitts and Nevis,KN,2022,9.26
South Korea,KR,1995,63.29
South Korea,KR,1996,63.5
South Korea,KR,1997,63.7
South Korea,KR,1998,63.91
South Korea,KR,1999,64.11
South Korea,KR,2000,64.32
South Korea,KR,2001,64.5
South Korea,KR,2002,64.68
South Korea,KR,2003,64.87
South Korea,KR,2004,65.05
South Korea,KR,2005,65.23
South Korea,KR,2006,65.36
South Korea,KR,2007,65.49
South Korea,KR,2008,65.63
South Korea,KR,2009,65.76
South Korea,KR,2010,65.89
South Korea,KR,2011,66.02
South Korea,KR,2012,66.15
South Korea,KR,2013,66.29
South Korea,KR,2014,66.42
South Korea,KR,2015,66.55
South Korea,KR,2016,66.66
South Korea,KR,2017,66.77
South Korea,KR,2018,66.88
South Korea,KR,2019,66.99
South Korea,KR,2020,67.1
South Korea,KR,2021,67.1
South Korea,KR,2022,67.1
Kuwait,KW,1995,14.33
Kuwait,KW,1996,14.1
Kuwait,KW,1997,13.87
Kuwait,KW,1998,13.64
Kuwait,KW,1999,13.41
Kuwait,KW,2000,13.18
Kuwait,KW,2001,13.41
Kuwait,KW,2002,13.64
Kuwait,KW,2003,13.88
Kuwait,KW,2004,14.11
Kuwait,KW,2005,14.34
Kuwait,KW,2006,14.3
Kuwait,KW,2007,14.27
Kuwait,KW,2008,14.23
Kuwait,KW,2009,14.2
Kuwait,KW,2010,14.16
Kuwait,KW,2011,14.33
Kuwait,KW,2012,14.49
Kuwait,KW,2013,14.66
Kuwait,KW,2014,14.82
Kuwait,KW,2015,14.99
Kuwait,KW,2016,15.08
Kuwait,KW,2017,15.17
Kuwait,KW,2018,15.27
Kuwait,KW,2019,15.36
Kuwait,KW,2020,15.45
Kuwait,KW,2021,15.45
Kuwait,KW,2022,15.45
Laos,LA,1995,9.3
Laos,LA,1996,9.42
Laos,LA,1997,9.54
Laos,LA,1998,9.66
Laos,LA,1999,9.78
Laos,LA,2000,9.9
Laos,LA,2001,10.1
Laos,LA,2002,10.3
Laos,LA,2003,10.5
Laos,LA,2004,10.7
Laos,LA,2005,10.9
Laos,LA,2006,11.2
Laos,LA,2007,11.49
Laos,LA,2008,11.79
Laos,LA,2009,12.08
Laos,LA,2010,12.38
Laos,LA,2011,12.62
Laos,LA,2012,12.86
Laos,LA,2013,13.1
Laos,LA,2014,13.34
Laos,LA,2015,13.58
Laos,LA,2016,13.88
Laos,LA,2017,14.18
Laos,LA,2018,14.48
Laos,LA,2019,14.78
Laos,LA,2020,15.08
Laos,LA,2021,15.08
Laos,LA,2022,15.08
Lebanon,LB,1995,13.02
Lebanon,LB,1996,12.99
Lebanon,LB,1997,12.96
Lebanon,LB,1998,12.93
Lebanon,LB,1999,12.9
Lebanon,LB,2000,12.87
Lebanon,LB,2001,12.95
Lebanon,LB,2002,13.03
Lebanon,LB,2003,13.12
Lebanon,LB,2004,13.2
Lebanon,LB,2005,13.28
Lebanon,LB,2006,13.47
Lebanon,LB,2007,13.66
Lebanon,LB,2008,13.85
Lebanon,LB,2009,14.04
Lebanon,LB,2010,14.23
Lebanon,LB,2011,14.31
Lebanon,LB,2012,14.4
Lebanon,LB,2013,14.48
Lebanon,LB,2014,14.57
Lebanon,LB,2015,14.65
Lebanon,LB,2016,14.71
Lebanon,LB,2017,14.78
Lebanon,LB,2018,14.84
Lebanon,LB,2019,14.91
Lebanon,LB,2020,14.97
Lebanon,LB,2021,14.97
Lebanon,LB,2022,14.97
Liberia,LR,1995,3.71
Liberia,LR,1996,4.25
Liberia,LR,1997,4.8
Liberia,LR,1998,5.34
Liberia,LR,1999,5.89
Liberia,LR,2000,6.43
Liberia,LR,2001,6.19
Liberia,LR,2002,5.95
Liberia,LR,2003,5.71
Liberia,LR,2004,5.47
Liberia,LR,2005,5.23
Liberia,LR,2006,5.31
Liberia,LR,2007,5.39
Liberia,LR,2008,5.46
Liberia,LR,2009,5.54
Liberia,LR,2010,5.62
Liberia,LR,2011,5.79
Liberia,LR,2012,5.95
Liberia,LR,2013,6.12
Liberia,LR,2014,6.28
Liberia,LR,2015,6.45
Liberia,LR,2016,6.74
Liberia,LR,2017,7.03
Liberia,LR,2018,7.33
Liberia,LR,2019,7.62
Liberia,LR,2020,7.91
Liberia,LR,2021,7.91
Liberia,LR,2022,7.91
Libya,LY,1995,21.74
Libya,LY,1996,21.79
Libya,LY,1997,21.84
Libya,LY,1998,21.88
Libya,LY,1999,21.93
Libya,LY,2000,21.98
Libya,LY,2001,22.04
Libya,LY,2002,22.1
Libya,LY,2003,22.17
Libya,LY,2004,22.23
Libya,LY,2005,22.29
Libya,LY,2006,22.4
Libya,LY,2007,22.51
Libya,LY,2008,22.63
Libya,LY,2009,22.74
Libya,LY,2010,22.85
Libya,LY,2011,23.01
Libya,LY,2012,23.17
Libya,LY,2013,23.33
Libya,LY,2014,23.49
Libya,LY,2015,23.65
Libya,LY,2016,23.73
Libya,LY,2017,23.81
Libya,LY,2018,23.88
Libya,LY,2019,23.96
Libya,LY,2020,24.04
Libya,LY,2021,24.04
Libya,LY,2022,24.04
Saint Lucia,LC,1995,12.98
Saint Lucia,LC,1996,13.0
Saint Lucia,LC,1997,13.01
Saint Lucia,LC,1998,13.03
Saint Lucia,LC,1999,13.04
Saint Lucia,LC,2000,13.06
Saint Lucia,LC,2001,13.07
Saint Lucia,LC,2002,13.09
Saint Lucia,LC,2003,13.1
Saint Lucia,LC,2004,13.12
Saint Lucia,LC,2005,13.13
Saint Lucia,LC,2006,13.14
Saint Lucia,LC,2007,13.15
Saint Lucia,LC,2008,13.15
Saint Lucia,LC,2009,13.16
Saint Lucia,LC,2010,13.17
Saint Lucia,LC,2011,13.2
Saint Lucia,LC,2012,13.22
Saint Lucia,LC,2013,13.25
Saint Lucia,LC,2014,13.27
Saint Lucia,LC,2015,13.3
Saint Lucia,LC,2016,13.3
Saint Lucia,LC,2017,13.31
Saint Lucia,LC,2018,13.31
Saint Lucia,LC,2019,13.32
Saint Lucia,LC,2020,13.32
Saint Lucia,LC,2021,13.32
Saint Lucia,LC,2022,13.32
Liechtenstein,LI,1995,52.08
Liechtenstein,LI,1996,52.16
Liechtenstein,LI,1997,52.25
Liechtenstein,LI,1998,52.33
Liechtenstein,LI,1999,52.42
Liechtenstein,LI,2000,52.5
Liechtenstein,LI,2001,52.5
Liechtenstein,LI,2002,52.49
Liechtenstein,LI,2003,52.49
Liechtenstein,LI,2004,52.48
Liechtenstein,LI,2005,52.48
Liechtenstein,LI,2006,52.51
Liechtenstein,LI,2007,52.54
Liechtenstein,LI,2008,52.56
Liechtenstein,LI,2009,52.59
Liechtenstein,LI,2010,52.62
Liechtenstein,LI,2011,52.66
Liechtenstein,LI,2012,52.7
Liechtenstein,LI,2013,52.75
Liechtenstein,LI,2014,52.79
Liechtenstein,LI,2015,52.83
Liechtenstein,LI,2016,52.83
Liechtenstein,LI,2017,52.82
Liechtenstein,LI,2018,52.82
Liechtenstein,LI,2019,52.81
Liechtenstein,LI,2020,52.81
Liechtenstein,LI,2021,52.81
Liechtenstein,LI,2022,52.81
Sri Lanka,LK,1995,17.2
Sri Lanka,LK,1996,17.46
Sri Lanka,LK,1997,17.71
Sri Lanka,LK,1998,17.97
Sri Lanka,LK,1999,18.22
Sri Lanka,LK,2000,18.48
Sri Lanka,LK,2001,18.67
Sri Lanka,LK,2002,18.86
Sri Lanka,LK,2003,19.04
Sri Lanka,LK,2004,19.23
Sri Lanka,LK,2005,19.42
Sri Lanka,LK,2006,19.75
Sri Lanka,LK,2007,20.07
Sri Lanka,LK,2008,20.4
Sri Lanka,LK,2009,20.72
Sri Lanka,LK,2010,21.05
Sri Lanka,LK,2011,21.39
Sri Lanka,LK,2012,21.74
Sri Lanka,LK,2013,22.08
Sri Lanka,LK,2014,22.43
Sri Lanka,LK,2015,22.77
Sri Lanka,LK,2016,23.12
Sri Lanka,LK,2017,23.48
Sri Lanka,LK,2018,23.83
Sri Lanka,LK,2019,24.19
Sri Lanka,LK,2020,24.54
Sri Lanka,LK,2021,24.54
Sri Lanka,LK,2022,24.54
Lesotho,LS,1995,9.03
Lesotho,LS,1996,9.13
Lesotho,LS,1997,9.23
Lesotho,LS,1998,9.33
Lesotho,LS,1999,9.43
Lesotho,LS,2000,9.53
Lesotho,LS,2001,9.58
Lesotho,LS,2002,9.63
Lesotho,LS,2003,9.67
Lesotho,LS,2004,9.72
Lesotho,LS,2005,9.77
Lesotho,LS,2006,9.89
Lesotho,LS,2007,10.01
Lesotho,LS,2008,10.14
Lesotho,LS,2009,10.26
Lesotho,LS,2010,10.38
Lesotho,LS,2011,10.43
Lesotho,LS,2012,10.47
Lesotho,LS,2013,10.52
Lesotho,LS,2014,10.56
Lesotho,LS,2015,10.61
Lesotho,LS,2016,10.87
Lesotho,LS,2017,11.12
Lesotho,LS,2018,11.38
Lesotho,LS,2019,11.63
Lesotho,LS,2020,11.89
Lesotho,LS,2021,11.89
Lesotho,LS,2022,11.89
Lithuania,LT,1995,27.85
Lithuania,LT,1996,28.21
Lithuania,LT,1997,28.56
Lithuania,LT,1998,28.92
Lithuania,LT,1999,29.27
Lithuania,LT,2000,29.63
Lithuania,LT,2001,30.15
Lithuania,LT,2002,30.68
Lithuania,LT,2003,31.2
Lithuania,LT,2004,31.73
Lithuania,LT,2005,32.25
Lithuania,LT,2006,32.35
Lithuania,LT,2007,32.45
Lithuania,LT,2008,32.56
Lithuania,LT,2009,32.66
Lithuania,LT,2010,32.76
Lithuania,LT,2011,32.95
Lithuania,LT,2012,33.14
Lithuania,LT,2013,33.34
Lithuania,LT,2014,33.53
Lithuania,LT,2015,33.72
Lithuania,LT,2016,33.96
Lithuania,LT,2017,34.19
Lithuania,LT,2018,34.43
Lithuania,LT,2019,34.66
Lithuania,LT,2020,34.9
Lithuania,LT,2021,34.9
Lithuania,LT,2022,34.9
Luxembourg,LU,1995,42.46
Luxembourg,LU,1996,42.43
Luxembourg,LU,1997,42.39
Luxembourg,LU,1998,42.36
Luxembourg,LU,1999,42.32
Luxembourg,LU,2000,42.29
Luxembourg,LU,2001,42.27
Luxembourg,LU,2002,42.25
Luxembourg,LU,2003,42.23
Luxembourg,LU,2004,42.21
Luxembourg,LU,2005,42.19
Luxembourg,LU,2006,42.18
Luxembourg,LU,2007,42.16
Luxembourg,LU,2008,42.15
Luxembourg,LU,2009,42.13
Luxembourg,LU,2010,42.12
Luxembourg,LU,2011,42.11
Luxembourg,LU,2012,42.1
Luxembourg,LU,2013,42.08
Luxembourg,LU,2014,42.07
Luxembourg,LU,2015,42.06
Luxembourg,LU,2016,42.06
Luxembourg,LU,2017,42.05
Luxembourg,LU,2018,42.05
Luxembourg,LU,2019,42.04
Luxembourg,LU,2020,42.04
Luxembourg,LU,2021,42.04
Luxembourg,LU,2022,42.04
Latvia,LV,1995,28.27
Latvia,LV,1996,28.47
Latvia,LV,1997,28.67
Latvia,LV,1998,28.86
Latvia,LV,1999,29.06
Latvia,LV,2000,29.26
Latvia,LV,2001,29.48
Latvia,LV,2002,29.71
Latvia,LV,2003,29.93
Latvia,LV,2004,30.16
Latvia,LV,2005,30.38
Latvia,LV,2006,30.39
Latvia,LV,2007,30.4
Latvia,LV,2008,30.4
Latvia,LV,2009,30.41
Latvia,LV,2010,30.42
Latvia,LV,2011,30.5
Latvia,LV,2012,30.58
Latvia,LV,2013,30.66
Latvia,LV,2014,30.74
Latvia,LV,2015,30.82
Latvia,LV,2016,30.91
Latvia,LV,2017,31.0
Latvia,LV,2018,31.08
Latvia,LV,2019,31.17
Latvia,LV,2020,31.26
Latvia,LV,2021,31.26
Latvia,LV,2022,31.26
Morocco,MA,1995,19.22
Morocco,MA,1996,19.38
Morocco,MA,1997,19.54
Morocco,MA,1998,19.7
Morocco,MA,1999,19.86
Morocco,MA,2000,20.02
Morocco,MA,2001,20.27
Morocco,MA,2002,20.52
Morocco,MA,2003,20.77
Morocco,MA,2004,21.02
Morocco,MA,2005,21.27
Morocco,MA,2006,21.5
Morocco,MA,2007,21.72
Morocco,MA,2008,21.95
Morocco,MA,2009,22.17
Morocco,MA,2010,22.4
Morocco,MA,2011,22.65
Morocco,MA,2012,22.9
Morocco,MA,2013,23.16
Morocco,MA,2014,23.41
Morocco,MA,2015,23.66
Morocco,MA,2016,24.0
Morocco,MA,2017,24.34
Morocco,MA,2018,24.68
Morocco,MA,2019,25.02
Morocco,MA,2020,25.36
Morocco,MA,2021,25.36
Morocco,MA,2022,25.36
Monaco,MC,1995,21.68
Monaco,MC,1996,21.72
Monaco,MC,1997,21.75
Monaco,MC,1998,21.79
Monaco,MC,1999,21.82
Monaco,MC,2000,21.86
Monaco,MC,2001,21.89
Monaco,MC,2002,21.91
Monaco,MC,2003,21.94
Monaco,MC,2004,21.96
Monaco,MC,2005,21.99
Monaco,MC,2006,22.06
Monaco,MC,2007,22.14
Monaco,MC,2008,22.21
Monaco,MC,2009,22.29
Monaco,MC,2010,22.36
Monaco,MC,2011,22.41
Monaco,MC,2012,22.45
Monaco,MC,2013,22.5
Monaco,MC,2014,22.54
Monaco,MC,2015,22.59
Monaco,MC,2016,22.59
Monaco,MC,2017,22.59
Monaco,MC,2018,22.58
Monaco,MC,2019,22.58
Monaco,MC,2020,22.58
Monaco,MC,2021,22.58
Monaco,MC,2022,22.58
Moldova,MD,1995,27.93
Moldova,MD,1996,27.88
Moldova,MD,1997,27.83
Moldova,MD,1998,27.78
Moldova,MD,1999,27.73
Moldova,MD,2000,27.68
Moldova,MD,2001,28.38
Moldova,MD,2002,29.08
Moldova,MD,2003,29.78
Moldova,MD,2004,30.48
Moldova,MD,2005,31.18
Moldova,MD,2006,31.41
Moldova,MD,2007,31.64
Moldova,MD,2008,31.88
Moldova,MD,2009,32.11
Moldova,MD,2010,32.34
Moldova,MD,2011,32.62
Moldova,MD,2012,32.9
Moldova,MD,2013,33.18
Moldova,MD,2014,33.46
Moldova,MD,2015,33.74
Moldova,MD,2016,34.38
Moldova,MD,2017,35.01
Moldova,MD,2018,35.65
Moldova,MD,2019,36.28
Moldova,MD,2020,36.92
Moldova,MD,2021,36.92
Moldova,MD,2022,36.92
Madagascar,MG,1995,8.44
Madagascar,MG,1996,8.46
Madagascar,MG,1997,8.49
Madagascar,MG,1998,8.51
Madagascar,MG,1999,8.54
Madagascar,MG,2000,8.56
Madagascar,MG,2001,8.52
Madagascar,MG,2002,8.48
Madagascar,MG,2003,8.45
Madagascar,MG,2004,8.41
Madagascar,MG,2005,8.37
Madagascar,MG,2006,8.36
Madagascar,MG,2007,8.35
Madagascar,MG,2008,8.35
Madagascar,MG,2009,8.34
Madagascar,MG,2010,8.33
Madagascar,MG,2011,8.41
Madagascar,MG,2012,8.49
Madagascar,MG,2013,8.57
Madagascar,MG,2014,8.65
Madagascar,MG,2015,8.73
Madagascar,MG,2016,8.82
Madagascar,MG,2017,8.92
Madagascar,MG,2018,9.01
Madagascar,MG,2019,9.11
Madagascar,MG,2020,9.2
Madagascar,MG,2021,9.2
Madagascar,MG,2022,9.2
Maldives,MV,1995,14.89
Maldives,MV,1996,15.24
Maldives,MV,1997,15.58
Maldives,MV,1998,15.93
Maldives,MV,1999,16.27
Maldives,MV,2000,16.62
Maldives,MV,2001,16.9
Maldives,MV,2002,17.18
Maldives,MV,2003,17.46
Maldives,MV,2004,17.74
Maldives,MV,2005,18.02
Maldives,MV,2006,18.18
Maldives,MV,2007,18.34
Maldives,MV,2008,18.51
Maldives,MV,2009,18.67
Maldives,MV,2010,18.83
Maldives,MV,2011,18.98
Maldives,MV,2012,19.13
Maldives,MV,2013,19.27
Maldives,MV,2014,19.42
Maldives,MV,2015,19.57
Maldives,MV,2016,19.84
Maldives,MV,2017,20.11
Maldives,MV,2018,20.39
Maldives,MV,2019,20.66
Maldives,MV,2020,20.93
Maldives,MV,2021,20.93
Maldives,MV,2022,20.93
Mexico,MX,1995,8.94
Mexico,MX,1996,8.99
Mexico,MX,1997,9.04
Mexico,MX,1998,9.1
Mexico,MX,1999,9.15
Mexico,MX,2000,9.2
Mexico,MX,2001,9.22
Mexico,MX,2002,9.24
Mexico,MX,2003,9.25
Mexico,MX,2004,9.27
Mexico,MX,2005,9.29
Mexico,MX,2006,9.29
Mexico,MX,2007,9.3
Mexico,MX,2008,9.3
Mexico,MX,2009,9.31
Mexico,MX,2010,9.31
Mexico,MX,2011,9.35
Mexico,MX,2012,9.39
Mexico,MX,2013,9.42
Mexico,MX,2014,9.46
Mexico,MX,2015,9.5
Mexico,MX,2016,9.52
Mexico,MX,2017,9.54
Mexico,MX,2018,9.57
Mexico,MX,2019,9.59
Mexico,MX,2020,9.61
Mexico,MX,2021,9.61
Mexico,MX,2022,9.61
Marshall Islands,MH,1995,40.7
Marshall Islands,MH,1996,40.25
Marshall Islands,MH,1997,39.8
Marshall Islands,MH,1998,39.34
Marshall Islands,MH,1999,38.89
Marshall Islands,MH,2000,38.44
Marshall Islands,MH,2001,38.59
Marshall Islands,MH,2002,38.75
Marshall Islands,MH,2003,38.9
Marshall Islands,MH,2004,39.06
Marshall Islands,MH,2005,39.21
Marshall Islands,MH,2006,39.13
Marshall Islands,MH,2007,39.05
Marshall Islands,MH,2008,38.98
Marshall Islands,MH,2009,38.9
Marshall Islands,MH,2010,38.82
Marshall Islands,MH,2011,39.01
Marshall Islands,MH,2012,39.2
Marshall Islands,MH,2013,39.4
Marshall Islands,MH,2014,39.59
Marshall Islands,MH,2015,39.78
Marshall Islands,MH,2016,39.76
Marshall Islands,MH,2017,39.75
Marshall Islands,MH,2018,39.73
Marshall Islands,MH,2019,39.72
Marshall Islands,MH,2020,39.7
Marshall Islands,MH,2021,39.7
Marshall Islands,MH,2022,39.7
North Macedonia,MK,1995,4.38
North Macedonia,MK,1996,4.4
North Macedonia,MK,1997,4.42
North Macedonia,MK,1998,4.43
North Macedonia,MK,1999,4.45
North Macedonia,MK,2000,4.47
North Macedonia,MK,2001,4.48
North Macedonia,MK,2002,4.48
North Macedonia,MK,2003,4.49
North Macedonia,MK,2004,4.49
North Macedonia,MK,2005,4.5
North Macedonia,MK,2006,4.52
North Macedonia,MK,2007,4.54
North Macedonia,MK,2008,4.57
North Macedonia,MK,2009,4.59
North Macedonia,MK,2010,4.61
North Macedonia,MK,2011,4.63
North Macedonia,MK,2012,4.66
North Macedonia,MK,2013,4.68
North Macedonia,MK,2014,4.71
North Macedonia,MK,2015,4.73
North Macedonia,MK,2016,4.76
North Macedonia,MK,2017,4.79
North Macedonia,MK,2018,4.82
North Macedonia,MK,2019,4.85
North Macedonia,MK,2020,4.88
North Macedonia,MK,2021,4.88
North Macedonia,MK,2022,4.88
Mali,ML,1995,7.84
Mali,ML,1996,7.91
Mali,ML,1997,7.98
Mali,ML,1998,8.06
Mali,ML,1999,8.13
Mali,ML,2000,8.2
Mali,ML,2001,8.36
Mali,ML,2002,8.51
Mali,ML,2003,8.67
Mali,ML,2004,8.82
Mali,ML,2005,8.98
Mali,ML,2006,9.09
Mali,ML,2007,9.2
Mali,ML,2008,9.31
Mali,ML,2009,9.42
Mali,ML,2010,9.53
Mali,ML,2011,9.65
Mali,ML,2012,9.77
Mali,ML,2013,9.9
Mali,ML,2014,10.02
Mali,ML,2015,10.14
Mali,ML,2016,10.2
Mali,ML,2017,10.26
Mali,ML,2018,10.33
Mali,ML,2019,10.39
Mali,ML,2020,10.45
Mali,ML,2021,10.45
Mali,ML,2022,10.45
Malta,MT,1995,10.1
Malta,MT,1996,10.14
Malta,MT,1997,10.17
Malta,MT,1998,10.21
Malta,MT,1999,10.24
Malta,MT,2000,10.28
Malta,MT,2001,10.28
Malta,MT,2002,10.28
Malta,MT,2003,10.29
Malta,MT,2004,10.29
Malta,MT,2005,10.29
Malta,MT,2006,10.3
Malta,MT,2007,10.31
Malta,MT,2008,10.33
Malta,MT,2009,10.34
Malta,MT,2010,10.35
Malta,MT,2011,10.36
Malta,MT,2012,10.37
Malta,MT,2013,10.39
Malta,MT,2014,10.4
Malta,MT,2015,10.41
Malta,MT,2016,10.43
Malta,MT,2017,10.45
Malta,MT,2018,10.46
Malta,MT,2019,10.48
Malta,MT,2020,10.5
Malta,MT,2021,10.5
Malta,MT,2022,10.5
Myanmar,MM,1995,5.45
Myanmar,MM,1996,5.65
Myanmar,MM,1997,5.84
Myanmar,MM,1998,6.04
Myanmar,MM,1999,6.23
Myanmar,MM,2000,6.43
Myanmar,MM,2001,6.82
Myanmar,MM,2002,7.21
Myanmar,MM,2003,7.6
Myanmar,MM,2004,7.99
Myanmar,MM,2005,8.38
Myanmar,MM,2006,8.63
Myanmar,MM,2007,8.88
Myanmar,MM,2008,9.14
Myanmar,MM,2009,9.39
Myanmar,MM,2010,9.64
Myanmar,MM,2011,9.77
Myanmar,MM,2012,9.9
Myanmar,MM,2013,10.03
Myanmar,MM,2014,10.16
Myanmar,MM,2015,10.29
Myanmar,MM,2016,10.7
Myanmar,MM,2017,11.1
Myanmar,MM,2018,11.51
Myanmar,MM,2019,11.91
Myanmar,MM,2020,12.32
Myanmar,MM,2021,12.32
Myanmar,MM,2022,12.32
Montenegro,ME,1995,4.28
Montenegro,ME,1996,4.38
Montenegro,ME,1997,4.48
Montenegro,ME,1998,4.58
Montenegro,ME,1999,4.68
Montenegro,ME,2000,4.78
Montenegro,ME,2001,4.88
Montenegro,ME,2002,4.98
Montenegro,ME,2003,5.07
Montenegro,ME,2004,5.17
Montenegro,ME,2005,5.27
Montenegro,ME,2006,5.38
Montenegro,ME,2007,5.49
Montenegro,ME,2008,5.61
Montenegro,ME,2009,5.72
Montenegro,ME,2010,5.83
Montenegro,ME,2011,5.86
Montenegro,ME,2012,5.9
Montenegro,ME,2013,5.93
Montenegro,ME,2014,5.97
Montenegro,ME,2015,6.0
Montenegro,ME,2016,6.09
Montenegro,ME,2017,6.18
Montenegro,ME,2018,6.26
Montenegro,ME,2019,6.35
Montenegro,ME,2020,6.44
Montenegro,ME,2021,6.44
Montenegro,ME,2022,6.44
Mongolia,MN,1995,5.84
Mongolia,MN,1996,5.92
Mongolia,MN,1997,5.99
Mongolia,MN,1998,6.07
Mongolia,MN,1999,6.14
Mongolia,MN,2000,6.22
Mongolia,MN,2001,6.39
Mongolia,MN,2002,6.56
Mongolia,MN,2003,6.72
Mongolia,MN,2004,6.89
Mongolia,MN,2005,7.06
Mongolia,MN,2006,7.28
Mongolia,MN,2007,7.5
Mongolia,MN,2008,7.71
Mongolia,MN,2009,7.93
Mongolia,MN,2010,8.15
Mongolia,MN,2011,8.67
Mongolia,MN,2012,9.19
Mongolia,MN,2013,9.72
Mongolia,MN,2014,10.24
Mongolia,MN,2015,10.76
Mongolia,MN,2016,11.22
Mongolia,MN,2017,11.67
Mongolia,MN,2018,12.13
Mongolia,MN,2019,12.58
Mongolia,MN,2020,13.04
Mongolia,MN,2021,13.04
Mongolia,MN,2022,13.04
Mozambique,MZ,1995,2.57
Mozambique,MZ,1996,2.65
Mozambique,MZ,1997,2.73
Mozambique,MZ,1998,2.8
Mozambique,MZ,1999,2.88
Mozambique,MZ,2000,2.96
Mozambique,MZ,2001,3.07
Mozambique,MZ,2002,3.19
Mozambique,MZ,2003,3.3
Mozambique,MZ,2004,3.42
Mozambique,MZ,2005,3.53
Mozambique,MZ,2006,3.62
Mozambique,MZ,2007,3.71
Mozambique,MZ,2008,3.8
Mozambique,MZ,2009,3.89
Mozambique,MZ,2010,3.98
Mozambique,MZ,2011,4.1
Mozambique,MZ,2012,4.22
Mozambique,MZ,2013,4.34
Mozambique,MZ,2014,4.46
Mozambique,MZ,2015,4.58
Mozambique,MZ,2016,4.71
Mozambique,MZ,2017,4.84
Mozambique,MZ,2018,4.98
Mozambique,MZ,2019,5.11
Mozambique,MZ,2020,5.24
Mozambique,MZ,2021,5.24
Mozambique,MZ,2022,5.24
Mauritania,MR,1995,8.11
Mauritania,MR,1996,8.1
Mauritania,MR,1997,8.09
Mauritania,MR,1998,8.08
Mauritania,MR,1999,8.07
Mauritania,MR,2000,8.06
Mauritania,MR,2001,8.11
Mauritania,MR,2002,8.17
Mauritania,MR,2003,8.22
Mauritania,MR,2004,8.28
Mauritania,MR,2005,8.33
Mauritania,MR,2006,8.4
Mauritania,MR,2007,8.46
Mauritania,MR,2008,8.53
Mauritania,MR,2009,8.59
Mauritania,MR,2010,8.66
Mauritania,MR,2011,8.77
Mauritania,MR,2012,8.88
Mauritania,MR,2013,8.98
Mauritania,MR,2014,9.09
Mauritania,MR,2015,9.2
Mauritania,MR,2016,9.37
Mauritania,MR,2017,9.53
Mauritania,MR,2018,9.7
Mauritania,MR,2019,9.86
Mauritania,MR,2020,10.03
Mauritania,MR,2021,10.03
Mauritania,MR,2022,10.03
Mauritius,MU,1995,13.63
Mauritius,MU,1996,13.75
Mauritius,MU,1997,13.87
Mauritius,MU,1998,13.98
Mauritius,MU,1999,14.1
Mauritius,MU,2000,14.22
Mauritius,MU,2001,14.28
Mauritius,MU,2002,14.33
Mauritius,MU,2003,14.39
Mauritius,MU,2004,14.44
Mauritius,MU,2005,14.5
Mauritius,MU,2006,14.58
Mauritius,MU,2007,14.66
Mauritius,MU,2008,14.75
Mauritius,MU,2009,14.83
Mauritius,MU,2010,14.91
Mauritius,MU,2011,15.0
Mauritius,MU,2012,15.08
Mauritius,MU,2013,15.17
Mauritius,MU,2014,15.25
Mauritius,MU,2015,15.34
Mauritius,MU,2016,15.44
Mauritius,MU,2017,15.55
Mauritius,MU,2018,15.65
Mauritius,MU,2019,15.76
Mauritius,MU,2020,15.86
Mauritius,MU,2021,15.86
Mauritius,MU,2022,15.86
Malawi,MW,1995,7.1
Malawi,MW,1996,7.14
Malawi,MW,1997,7.18
Malawi,MW,1998,7.21
Malawi,MW,1999,7.25
Malawi,MW,2000,7.29
Malawi,MW,2001,7.26
Malawi,MW,2002,7.23
Malawi,MW,2003,7.2
Malawi,MW,2004,7.17
Malawi,MW,2005,7.14
Malawi,MW,2006,7.31
Malawi,MW,2007,7.49
Malawi,MW,2008,7.66
Malawi,MW,2009,7.84
Malawi,MW,2010,8.01
Malawi,MW,2011,8.19
Malawi,MW,2012,8.37
Malawi,MW,2013,8.54
Malawi,MW,2014,8.72
Malawi,MW,2015,8.9
Malawi,MW,2016,9.03
Malawi,MW,2017,9.16
Malawi,MW,2018,9.3
Malawi,MW,2019,9.43
Malawi,MW,2020,9.56
Malawi,MW,2021,9.56
Malawi,MW,2022,9.56
Malaysia,MY,1995,19.87
Malaysia,MY,1996,19.95
Malaysia,MY,1997,20.03
Malaysia,MY,1998,20.11
Malaysia,MY,1999,20.19
Malaysia,MY,2000,20.27
Malaysia,MY,2001,20.35
Malaysia,MY,2002,20.44
Malaysia,MY,2003,20.52
Malaysia,MY,2004,20.61
Malaysia,MY,2005,20.69
Malaysia,MY,2006,20.77
Malaysia,MY,2007,20.85
Malaysia,MY,2008,20.92
Malaysia,MY,2009,21.0
Malaysia,MY,2010,21.08
Malaysia,MY,2011,21.18
Malaysia,MY,2012,21.28
Malaysia,MY,2013,21.39
Malaysia,MY,2014,21.49
Malaysia,MY,2015,21.59
Malaysia,MY,2016,21.69
Malaysia,MY,2017,21.8
Malaysia,MY,2018,21.9
Malaysia,MY,2019,22.01
Malaysia,MY,2020,22.11
Malaysia,MY,2021,22.11
Malaysia,MY,2022,22.11
Namibia,NA,1995,16.45
Namibia,NA,1996,16.51
Namibia,NA,1997,16.56
Namibia,NA,1998,16.62
Namibia,NA,1999,16.67
Namibia,NA,2000,16.73
Namibia,NA,2001,16.87
Namibia,NA,2002,17.02
Namibia,NA,2003,17.16
Namibia,NA,2004,17.31
Namibia,NA,2005,17.45
Namibia,NA,2006,17.57
Namibia,NA,2007,17.69
Namibia,NA,2008,17.81
Namibia,NA,2009,17.93
Namibia,NA,2010,18.05
Namibia,NA,2011,18.22
Namibia,NA,2012,18.39
Namibia,NA,2013,18.56
Namibia,NA,2014,18.73
Namibia,NA,2015,18.9
Namibia,NA,2016,19.04
Namibia,NA,2017,19.17
Namibia,NA,2018,19.31
Namibia,NA,2019,19.44
Namibia,NA,2020,19.58
Namibia,NA,2021,19.58
Namibia,NA,2022,19.58
Niger,NE,1995,17.43
Niger,NE,1996,17.41
Niger,NE,1997,17.39
Niger,NE,1998,17.38
Niger,NE,1999,17.36
Niger,NE,2000,17.34
Niger,NE,2001,17.45
Niger,NE,2002,17.55
Niger,NE,2003,17.66
Niger,NE,2004,17.76
Niger,NE,2005,17.87
Niger,NE,2006,17.92
Niger,NE,2007,17.97
Niger,NE,2008,18.03
Niger,NE,2009,18.08
Niger,NE,2010,18.13
Niger,NE,2011,18.35
Niger,NE,2012,18.57
Niger,NE,2013,18.8
Niger,NE,2014,19.02
Niger,NE,2015,19.24
Niger,NE,2016,19.46
Niger,NE,2017,19.68
Niger,NE,2018,19.89
Niger,NE,2019,20.11
Niger,NE,2020,20.33
Niger,NE,2021,20.33
Niger,NE,2022,20.33
Nigeria,NG,1995,3.25
Nigeria,NG,1996,3.26
Nigeria,NG,1997,3.27
Nigeria,NG,1998,3.28
Nigeria,NG,1999,3.29
Nigeria,NG,2000,3.3
Nigeria,NG,2001,3.38
Nigeria,NG,2002,3.46
Nigeria,NG,2003,3.55
Nigeria,NG,2004,3.63
Nigeria,NG,2005,3.71
Nigeria,NG,2006,3.78
Nigeria,NG,2007,3.85
Nigeria,NG,2008,3.92
Nigeria,NG,2009,3.99
Nigeria,NG,2010,4.06
Nigeria,NG,2011,4.12
Nigeria,NG,2012,4.17
Nigeria,NG,2013,4.23
Nigeria,NG,2014,4.28
Nigeria,NG,2015,4.34
Nigeria,NG,2016,4.41
Nigeria,NG,2017,4.47
Nigeria,NG,2018,4.54
Nigeria,NG,2019,4.6
Nigeria,NG,2020,4.67
Nigeria,NG,2021,4.67
Nigeria,NG,2022,4.67
Nicaragua,NI,1995,12.32
Nicaragua,NI,1996,12.46
Nicaragua,NI,1997,12.59
Nicaragua,NI,1998,12.73
Nicaragua,NI,1999,12.86
Nicaragua,NI,2000,13.0
Nicaragua,NI,2001,13.05
Nicaragua,NI,2002,13.11
Nicaragua,NI,2003,13.16
Nicaragua,NI,2004,13.22
Nicaragua,NI,2005,13.27
Nicaragua,NI,2006,13.33
Nicaragua,NI,2007,13.4
Nicaragua,NI,2008,13.46
Nicaragua,NI,2009,13.53
Nicaragua,NI,2010,13.59
Nicaragua,NI,2011,13.7
Nicaragua,NI,2012,13.81
Nicaragua,NI,2013,13.93
Nicaragua,NI,2014,14.04
Nicaragua,NI,2015,14.15
Nicaragua,NI,2016,14.33
Nicaragua,NI,2017,14.5
Nicaragua,NI,2018,14.68
Nicaragua,NI,2019,14.85
Nicaragua,NI,2020,15.03
Nicaragua,NI,2021,15.03
Nicaragua,NI,2022,15.03
Netherlands,NL,1995,27.76
Netherlands,NL,1996,27.81
Netherlands,NL,1997,27.86
Netherlands,NL,1998,27.9
Netherlands,NL,1999,27.95
Netherlands,NL,2000,28.0
Netherlands,NL,2001,28.01
Netherlands,NL,2002,28.02
Netherlands,NL,2003,28.04
Netherlands,NL,2004,28.05
Netherlands,NL,2005,28.06
Netherlands,NL,2006,28.07
Netherlands,NL,2007,28.09
Netherlands,NL,2008,28.1
Netherlands,NL,2009,28.12
Netherlands,NL,2010,28.13
Netherlands,NL,2011,28.15
Netherlands,NL,2012,28.17
Netherlands,NL,2013,28.19
Netherlands,NL,2014,28.21
Netherlands,NL,2015,28.23
Netherlands,NL,2016,28.24
Netherlands,NL,2017,28.25
Netherlands,NL,2018,28.26
Netherlands,NL,2019,28.27
Netherlands,NL,2020,28.28
Netherlands,NL,2021,28.28
Netherlands,NL,2022,28.28
Norway,NO,1995,34.97
Norway,NO,1996,35.01
Norway,NO,1997,35.05
Norway,NO,1998,35.08
Norway,NO,1999,35.12
Norway,NO,2000,35.16
Norway,NO,2001,35.18
Norway,NO,2002,35.19
Norway,NO,2003,35.21
Norway,NO,2004,35.22
Norway,NO,2005,35.24
Norway,NO,2006,35.24
Norway,NO,2007,35.24
Norway,NO,2008,35.25
Norway,NO,2009,35.25
Norway,NO,2010,35.25
Norway,NO,2011,35.26
Norway,NO,2012,35.27
Norway,NO,2013,35.28
Norway,NO,2014,35.29
Norway,NO,2015,35.3
Norway,NO,2016,35.31
Norway,NO,2017,35.32
Norway,NO,2018,35.32
Norway,NO,2019,35.33
Norway,NO,2020,35.34
Norway,NO,2021,35.34
Norway,NO,2022,35.34
Nepal,NP,1995,3.67
Nepal,NP,1996,3.7
Nepal,NP,1997,3.74
Nepal,NP,1998,3.77
Nepal,NP,1999,3.81
Nepal,NP,2000,3.84
Nepal,NP,2001,3.85
Nepal,NP,2002,3.86
Nepal,NP,2003,3.88
Nepal,NP,2004,3.89
Nepal,NP,2005,3.9
Nepal,NP,2006,3.95
Nepal,NP,2007,4.0
Nepal,NP,2008,4.04
Nepal,NP,2009,4.09
Nepal,NP,2010,4.14
Nepal,NP,2011,4.19
Nepal,NP,2012,4.24
Nepal,NP,2013,4.29
Nepal,NP,2014,4.34
Nepal,NP,2015,4.39
Nepal,NP,2016,4.44
Nepal,NP,2017,4.48
Nepal,NP,2018,4.53
Nepal,NP,2019,4.57
Nepal,NP,2020,4.62
Nepal,NP,2021,4.62
Nepal,NP,2022,4.62
Nauru,NR,1995,21.87
Nauru,NR,1996,21.48
Nauru,NR,1997,21.08
Nauru,NR,1998,20.69
Nauru,NR,1999,20.29
Nauru,NR,2000,19.9
Nauru,NR,2001,19.34
Nauru,NR,2002,18.78
Nauru,NR,2003,18.22
Nauru,NR,2004,17.66
Nauru,NR,2005,17.1
Nauru,NR,2006,17.18
Nauru,NR,2007,17.25
Nauru,NR,2008,17.33
Nauru,NR,2009,17.4
Nauru,NR,2010,17.48
Nauru,NR,2011,17.29
Nauru,NR,2012,17.09
Nauru,NR,2013,16.9
Nauru,NR,2014,16.7
Nauru,NR,2015,16.51
Nauru,NR,2016,16.77
Nauru,NR,2017,17.03
Nauru,NR,2018,17.28
Nauru,NR,2019,17.54
Nauru,NR,2020,17.8
Nauru,NR,2021,17.8
Nauru,NR,2022,17.8
New Zealand,NZ,1995,20.96
New Zealand,NZ,1996,21.01
New Zealand,NZ,1997,21.06
New Zealand,NZ,1998,21.12
New Zealand,NZ,1999,21.17
New Zealand,NZ,2000,21.22
New Zealand,NZ,2001,21.29
New Zealand,NZ,2002,21.36
New Zealand,NZ,2003,21.44
New Zealand,NZ,2004,21.51
New Zealand,NZ,2005,21.58
New Zealand,NZ,2006,21.59
New Zealand,NZ,2007,21.59
New Zealand,NZ,2008,21.6
New Zealand,NZ,2009,21.6
New Zealand,NZ,2010,21.61
New Zealand,NZ,2011,21.66
New Zealand,NZ,2012,21.7
New Zealand,NZ,2013,21.75
New Zealand,NZ,2014,21.79
New Zealand,NZ,2015,21.84
New Zealand,NZ,2016,21.87
New Zealand,NZ,2017,21.89
New Zealand,NZ,2018,21.92
New Zealand,NZ,2019,21.94
New Zealand,NZ,2020,21.97
New Zealand,NZ,2021,21.97
New Zealand,NZ,2022,21.97
Oman,OM,1995,11.14
Oman,OM,1996,11.22
Oman,OM,1997,11.29
Oman,OM,1998,11.37
Oman,OM,1999,11.44
Oman,OM,2000,11.52
Oman,OM,2001,11.6
Oman,OM,2002,11.68
Oman,OM,2003,11.75
Oman,OM,2004,11.83
Oman,OM,2005,11.91
Oman,OM,2006,12.1
Oman,OM,2007,12.29
Oman,OM,2008,12.48
Oman,OM,2009,12.67
Oman,OM,2010,12.86
Oman,OM,2011,12.93
Oman,OM,2012,13.0
Oman,OM,2013,13.06
Oman,OM,2014,13.13
Oman,OM,2015,13.2
Oman,OM,2016,13.33
Oman,OM,2017,13.46
Oman,OM,2018,13.6
Oman,OM,2019,13.73
Oman,OM,2020,13.86
Oman,OM,2021,13.86
Oman,OM,2022,13.86
Pakistan,PK,1995,11.7
Pakistan,PK,1996,11.7
Pakistan,PK,1997,11.69
Pakistan,PK,1998,11.69
Pakistan,PK,1999,11.68
Pakistan,PK,2000,11.68
Pakistan,PK,2001,11.79
Pakistan,PK,2002,11.9
Pakistan,PK,2003,12.02
Pakistan,PK,2004,12.13
Pakistan,PK,2005,12.24
Pakistan,PK,2006,12.35
Pakistan,PK,2007,12.45
Pakistan,PK,2008,12.56
Pakistan,PK,2009,12.66
Pakistan,PK,2010,12.77
Pakistan,PK,2011,12.89
Pakistan,PK,2012,13.01
Pakistan,PK,2013,13.14
Pakistan,PK,2014,13.26
Pakistan,PK,2015,13.38
Pakistan,PK,2016,13.46
Pakistan,PK,2017,13.54
Pakistan,PK,2018,13.61
Pakistan,PK,2019,13.69
Pakistan,PK,2020,13.77
Pakistan,PK,2021,13.77
Pakistan,PK,2022,13.77
Panama,PA,1995,10.71
Panama,PA,1996,10.8
Panama,PA,1997,10.89
Panama,PA,1998,10.97
Panama,PA,1999,11.06
Panama,PA,2000,11.15
Panama,PA,2001,11.23
Panama,PA,2002,11.32
Panama,PA,2003,11.4
Panama,PA,2004,11.49
Panama,PA,2005,11.57
Panama,PA,2006,11.77
Panama,PA,2007,11.97
Panama,PA,2008,12.18
Panama,PA,2009,12.38
Panama,PA,2010,12.58
Panama,PA,2011,12.72
Panama,PA,2012,12.87
Panama,PA,2013,13.01
Panama,PA,2014,13.16
Panama,PA,2015,13.3
Panama,PA,2016,13.47
Panama,PA,2017,13.64
Panama,PA,2018,13.82
Panama,PA,2019,13.99
Panama,PA,2020,14.16
Panama,PA,2021,14.16
Panama,PA,2022,14.16
Peru,PE,1995,6.71
Peru,PE,1996,6.73
Peru,PE,1997,6.76
Peru,PE,1998,6.78
Peru,PE,1999,6.81
Peru,PE,2000,6.83
Peru,PE,2001,6.91
Peru,PE,2002,6.99
Peru,PE,2003,7.06
Peru,PE,2004,7.14
Peru,PE,2005,7.22
Peru,PE,2006,7.37
Peru,PE,2007,7.52
Peru,PE,2008,7.67
Peru,PE,2009,7.82
Peru,PE,2010,7.97
Peru,PE,2011,8.08
Peru,PE,2012,8.19
Peru,PE,2013,8.29
Peru,PE,2014,8.4
Peru,PE,2015,8.51
Peru,PE,2016,8.65
Peru,PE,2017,8.79
Peru,PE,2018,8.93
Peru,PE,2019,9.07
Peru,PE,2020,9.21
Peru,PE,2021,9.21
Peru,PE,2022,9.21
Philippines,PH,1995,43.36
Philippines,PH,1996,43.58
Philippines,PH,1997,43.8
Philippines,PH,1998,44.01
Philippines,PH,1999,44.23
Philippines,PH,2000,44.45
Philippines,PH,2001,44.64
Philippines,PH,2002,44.82
Philippines,PH,2003,45.01
Philippines,PH,2004,45.19
Philippines,PH,2005,45.38
Philippines,PH,2006,45.69
Philippines,PH,2007,45.99
Philippines,PH,2008,46.3
Philippines,PH,2009,46.6
Philippines,PH,2010,46.91
Philippines,PH,2011,47.14
Philippines,PH,2012,47.37
Philippines,PH,2013,47.61
Philippines,PH,2014,47.84
Philippines,PH,2015,48.07
Philippines,PH,2016,48.43
Philippines,PH,2017,48.8
Philippines,PH,2018,49.16
Philippines,PH,2019,49.53
Philippines,PH,2020,49.89
Philippines,PH,2021,49.89
Philippines,PH,2022,49.89
Palau,PW,1995,22.07
Palau,PW,1996,22.02
Palau,PW,1997,21.97
Palau,PW,1998,21.91
Palau,PW,1999,21.86
Palau,PW,2000,21.81
Palau,PW,2001,21.84
Palau,PW,2002,21.88
Palau,PW,2003,21.91
Palau,PW,2004,21.95
Palau,PW,2005,21.98
Palau,PW,2006,22.01
Palau,PW,2007,22.04
Palau,PW,2008,22.08
Palau,PW,2009,22.11
Palau,PW,2010,22.14
Palau,PW,2011,22.19
Palau,PW,2012,22.24
Palau,PW,2013,22.3
Palau,PW,2014,22.35
Palau,PW,2015,22.4
Palau,PW,2016,22.4
Palau,PW,2017,22.39
Palau,PW,2018,22.39
Palau,PW,2019,22.38
Palau,PW,2020,22.38
Palau,PW,2021,22.38
Palau,PW,2022,22.38
Papua New Guinea,PG,1995,5.72
Papua New Guinea,PG,1996,5.69
Papua New Guinea,PG,1997,5.66
Papua New Guinea,PG,1998,5.64
Papua New Guinea,PG,1999,5.61
Papua New Guinea,PG,2000,5.58
Papua New Guinea,PG,2001,5.58
Papua New Guinea,PG,2002,5.58
Papua New Guinea,PG,2003,5.57
Papua New Guinea,PG,2004,5.57
Papua New Guinea,PG,2005,5.57
Papua New Guinea,PG,2006,5.63
Papua New Guinea,PG,2007,5.68
Papua New Guinea,PG,2008,5.74
Papua New Guinea,PG,2009,5.79
Papua New Guinea,PG,2010,5.85
Papua New Guinea,PG,2011,5.9
Papua New Guinea,PG,2012,5.95
Papua New Guinea,PG,2013,5.99
Papua New Guinea,PG,2014,6.04
Papua New Guinea,PG,2015,6.09
Papua New Guinea,PG,2016,6.14
Papua New Guinea,PG,2017,6.18
Papua New Guinea,PG,2018,6.23
Papua New Guinea,PG,2019,6.27
Papua New Guinea,PG,2020,6.32
Papua New Guinea,PG,2021,6.32
Papua New Guinea,PG,2022,6.32
Poland,PL,1995,32.2
Poland,PL,1996,32.56
Poland,PL,1997,32.92
Poland,PL,1998,33.29
Poland,PL,1999,33.65
Poland,PL,2000,34.01
Poland,PL,2001,34.22
Poland,PL,2002,34.42
Poland,PL,2003,34.63
Poland,PL,2004,34.83
Poland,PL,2005,35.04
Poland,PL,2006,35.31
Poland,PL,2007,35.58
Poland,PL,2008,35.86
Poland,PL,2009,36.13
Poland,PL,2010,36.4
Poland,PL,2011,36.62
Poland,PL,2012,36.83
Poland,PL,2013,37.05
Poland,PL,2014,37.26
Poland,PL,2015,37.48
Poland,PL,2016,37.64
Poland,PL,2017,37.79
Poland,PL,2018,37.95
Poland,PL,2019,38.1
Poland,PL,2020,38.26
Poland,PL,2021,38.26
Poland,PL,2022,38.26
North Korea,KP,1995,10.71
North Korea,KP,1996,10.55
North Korea,KP,1997,10.39
North Korea,KP,1998,10.24
North Korea,KP,1999,10.08
North Korea,KP,2000,9.92
North Korea,KP,2001,9.94
North Korea,KP,2002,9.96
North Korea,KP,2003,9.98
North Korea,KP,2004,10.0
North Korea,KP,2005,10.02
North Korea,KP,2006,10.02
North Korea,KP,2007,10.01
North Korea,KP,2008,10.01
North Korea,KP,2009,10.0
North Korea,KP,2010,10.0
North Korea,KP,2011,10.09
North Korea,KP,2012,10.17
North Korea,KP,2013,10.26
North Korea,KP,2014,10.34
North Korea,KP,2015,10.43
North Korea,KP,2016,10.35
North Korea,KP,2017,10.27
North Korea,KP,2018,10.19
North Korea,KP,2019,10.11
North Korea,KP,2020,10.03
North Korea,KP,2021,10.03
North Korea,KP,2022,10.03
Portugal,PT,1995,22.29
Portugal,PT,1996,22.42
Portugal,PT,1997,22.56
Portugal,PT,1998,22.69
Portugal,PT,1999,22.83
Portugal,PT,2000,22.96
Portugal,PT,2001,22.97
Portugal,PT,2002,22.99
Portugal,PT,2003,23.0
Portugal,PT,2004,23.02
Portugal,PT,2005,23.03
Portugal,PT,2006,23.04
Portugal,PT,2007,23.04
Portugal,PT,2008,23.05
Portugal,PT,2009,23.05
Portugal,PT,2010,23.06
Portugal,PT,2011,23.09
Portugal,PT,2012,23.12
Portugal,PT,2013,23.14
Portugal,PT,2014,23.17
Portugal,PT,2015,23.2
Portugal,PT,2016,23.25
Portugal,PT,2017,23.31
Portugal,PT,2018,23.36
Portugal,PT,2019,23.42
Portugal,PT,2020,23.47
Portugal,PT,2021,23.47
Portugal,PT,2022,23.47
Paraguay,PY,1995,16.23
Paraguay,PY,1996,16.13
Paraguay,PY,1997,16.03
Paraguay,PY,1998,15.92
Paraguay,PY,1999,15.82
Paraguay,PY,2000,15.72
Paraguay,PY,2001,15.76
Paraguay,PY,2002,15.8
Paraguay,PY,2003,15.84
Paraguay,PY,2004,15.88
Paraguay,PY,2005,15.92
Paraguay,PY,2006,16.03
Paraguay,PY,2007,16.15
Paraguay,PY,2008,16.26
Paraguay,PY,2009,16.38
Paraguay,PY,2010,16.49
Paraguay,PY,2011,16.61
Paraguay,PY,2012,16.73
Paraguay,PY,2013,16.84
Paraguay,PY,2014,16.96
Paraguay,PY,2015,17.08
Paraguay,PY,2016,17.29
Paraguay,PY,2017,17.5
Paraguay,PY,2018,17.71
Paraguay,PY,2019,17.92
Paraguay,PY,2020,18.13
Paraguay,PY,2021,18.13
Paraguay,PY,2022,18.13
Palestine,PS,1995,1.37
Palestine,PS,1996,1.38
Palestine,PS,1997,1.39
Palestine,PS,1998,1.41
Palestine,PS,1999,1.42
Palestine,PS,2000,1.43
Palestine,PS,2001,1.39
Palestine,PS,2002,1.35
Palestine,PS,2003,1.3
Palestine,PS,2004,1.26
Palestine,PS,2005,1.22
Palestine,PS,2006,1.22
Palestine,PS,2007,1.21
Palestine,PS,2008,1.21
Palestine,PS,2009,1.2
Palestine,PS,2010,1.2
Palestine,PS,2011,1.22
Palestine,PS,2012,1.23
Palestine,PS,2013,1.25
Palestine,PS,2014,1.26
Palestine,PS,2015,1.28
Palestine,PS,2016,1.32
Palestine,PS,2017,1.36
Palestine,PS,2018,1.39
Palestine,PS,2019,1.43
Palestine,PS,2020,1.47
Palestine,PS,2021,1.47
Palestine,PS,2022,1.47
Qatar,QA,1995,5.3
Qatar,QA,1996,5.36
Qatar,QA,1997,5.42
Qatar,QA,1998,5.47
Qatar,QA,1999,5.53
Qatar,QA,2000,5.59
Qatar,QA,2001,5.6
Qatar,QA,2002,5.6
Qatar,QA,2003,5.61
Qatar,QA,2004,5.61
Qatar,QA,2005,5.62
Qatar,QA,2006,5.67
Qatar,QA,2007,5.71
Qatar,QA,2008,5.76
Qatar,QA,2009,5.8
Qatar,QA,2010,5.85
Qatar,QA,2011,5.88
Qatar,QA,2012,5.91
Qatar,QA,2013,5.93
Qatar,QA,2014,5.96
Qatar,QA,2015,5.99
Qatar,QA,2016,6.0
Qatar,QA,2017,6.01
Qatar,QA,2018,6.02
Qatar,QA,2019,6.03
Qatar,QA,2020,6.04
Qatar,QA,2021,6.04
Qatar,QA,2022,6.04
Romania,RO,1995,11.58
Romania,RO,1996,11.57
Romania,RO,1997,11.56
Romania,RO,1998,11.54
Romania,RO,1999,11.53
Romania,RO,2000,11.52
Romania,RO,2001,11.64
Romania,RO,2002,11.76
Romania,RO,2003,11.89
Romania,RO,2004,12.01
Romania,RO,2005,12.13
Romania,RO,2006,12.18
Romania,RO,2007,12.23
Romania,RO,2008,12.28
Romania,RO,2009,12.33
Romania,RO,2010,12.38
Romania,RO,2011,12.45
Romania,RO,2012,12.51
Romania,RO,2013,12.58
Romania,RO,2014,12.64
Romania,RO,2015,12.71
Romania,RO,2016,12.77
Romania,RO,2017,12.83
Romania,RO,2018,12.9
Romania,RO,2019,12.96
Romania,RO,2020,13.02
Romania,RO,2021,13.02
Romania,RO,2022,13.02
Russia,RU,1995,3.29
Russia,RU,1996,3.32
Russia,RU,1997,3.35
Russia,RU,1998,3.38
Russia,RU,1999,3.41
Russia,RU,2000,3.44
Russia,RU,2001,3.57
Russia,RU,2002,3.7
Russia,RU,2003,3.83
Russia,RU,2004,3.96
Russia,RU,2005,4.09
Russia,RU,2006,4.17
Russia,RU,2007,4.25
Russia,RU,2008,4.32
Russia,RU,2009,4.4
Russia,RU,2010,4.48
Russia,RU,2011,4.55
Russia,RU,2012,4.62
Russia,RU,2013,4.7
Russia,RU,2014,4.77
Russia,RU,2015,4.84
Russia,RU,2016,4.93
Russia,RU,2017,5.02
Russia,RU,2018,5.1
Russia,RU,2019,5.19
Russia,RU,2020,5.28
Russia,RU,2021,5.28
Russia,RU,2022,5.28
Rwanda,RW,1995,7.43
Rwanda,RW,1996,7.45
Rwanda,RW,1997,7.47
Rwanda,RW,1998,7.49
Rwanda,RW,1999,7.51
Rwanda,RW,2000,7.53
Rwanda,RW,2001,7.73
Rwanda,RW,2002,7.93
Rwanda,RW,2003,8.13
Rwanda,RW,2004,8.33
Rwanda,RW,2005,8.53
Rwanda,RW,2006,8.73
Rwanda,RW,2007,8.93
Rwanda,RW,2008,9.12
Rwanda,RW,2009,9.32
Rwanda,RW,2010,9.52
Rwanda,RW,2011,9.7
Rwanda,RW,2012,9.88
Rwanda,RW,2013,10.07
Rwanda,RW,2014,10.25
Rwanda,RW,2015,10.43
Rwanda,RW,2016,10.64
Rwanda,RW,2017,10.84
Rwanda,RW,2018,11.05
Rwanda,RW,2019,11.25
Rwanda,RW,2020,11.46
Rwanda,RW,2021,11.46
Rwanda,RW,2022,11.46
Saudi Arabia,SA,1995,18.06
Saudi Arabia,SA,1996,18.07
Saudi Arabia,SA,1997,18.08
Saudi Arabia,SA,1998,18.09
Saudi Arabia,SA,1999,18.1
Saudi Arabia,SA,2000,18.11
Saudi Arabia,SA,2001,18.15
Saudi Arabia,SA,2002,18.18
Saudi Arabia,SA,2003,18.22
Saudi Arabia,SA,2004,18.25
Saudi Arabia,SA,2005,18.29
Saudi Arabia,SA,2006,18.31
Saudi Arabia,SA,2007,18.33
Saudi Arabia,SA,2008,18.34
Saudi Arabia,SA,2009,18.36
Saudi Arabia,SA,2010,18.38
Saudi Arabia,SA,2011,18.42
Saudi Arabia,SA,2012,18.47
Saudi Arabia,SA,2013,18.51
Saudi Arabia,SA,2014,18.56
Saudi Arabia,SA,2015,18.6
Saudi Arabia,SA,2016,18.63
Saudi Arabia,SA,2017,18.66
Saudi Arabia,SA,2018,18.7
Saudi Arabia,SA,2019,18.73
Saudi Arabia,SA,2020,18.76
Saudi Arabia,SA,2021,18.76
Saudi Arabia,SA,2022,18.76
Sudan,SD,1995,7.82
Sudan,SD,1996,7.88
Sudan,SD,1997,7.94
Sudan,SD,1998,8.01
Sudan,SD,1999,8.07
Sudan,SD,2000,8.13
Sudan,SD,2001,8.16
Sudan,SD,2002,8.19
Sudan,SD,2003,8.23
Sudan,SD,2004,8.26
Sudan,SD,2005,8.29
Sudan,SD,2006,8.34
Sudan,SD,2007,8.39
Sudan,SD,2008,8.45
Sudan,SD,2009,8.5
Sudan,SD,2010,8.55
Sudan,SD,2011,8.58
Sudan,SD,2012,8.61
Sudan,SD,2013,8.64
Sudan,SD,2014,8.67
Sudan,SD,2015,8.7
Sudan,SD,2016,8.75
Sudan,SD,2017,8.79
Sudan,SD,2018,8.84
Sudan,SD,2019,8.88
Sudan,SD,2020,8.93
Sudan,SD,2021,8.93
Sudan,SD,2022,8.93
Senegal,SN,1995,8.93
Senegal,SN,1996,9.02
Senegal,SN,1997,9.12
Senegal,SN,1998,9.21
Senegal,SN,1999,9.31
Senegal,SN,2000,9.4
Senegal,SN,2001,9.51
Senegal,SN,2002,9.63
Senegal,SN,2003,9.74
Senegal,SN,2004,9.86
Senegal,SN,2005,9.97
Senegal,SN,2006,10.02
Senegal,SN,2007,10.07
Senegal,SN,2008,10.11
Senegal,SN,2009,10.16
Senegal,SN,2010,10.21
Senegal,SN,2011,10.34
Senegal,SN,2012,10.47
Senegal,SN,2013,10.61
Senegal,SN,2014,10.74
Senegal,SN,2015,10.87
Senegal,SN,2016,11.08
Senegal,SN,2017,11.3
Senegal,SN,2018,11.51
Senegal,SN,2019,11.73
Senegal,SN,2020,11.94
Senegal,SN,2021,11.94
Senegal,SN,2022,11.94
Singapore,SG,1995,48.95
Singapore,SG,1996,49.09
Singapore,SG,1997,49.23
Singapore,SG,1998,49.37
Singapore,SG,1999,49.51
Singapore,SG,2000,49.65
Singapore,SG,2001,49.77
Singapore,SG,2002,49.89
Singapore,SG,2003,50.02
Singapore,SG,2004,50.14
Singapore,SG,2005,50.26
Singapore,SG,2006,50.38
Singapore,SG,2007,50.5
Singapore,SG,2008,50.63
Singapore,SG,2009,50.75
Singapore,SG,2010,50.87
Singapore,SG,2011,50.95
Singapore,SG,2012,51.03
Singapore,SG,2013,51.11
Singapore,SG,2014,51.19
Singapore,SG,2015,51.27
Singapore,SG,2016,51.36
Singapore,SG,2017,51.44
Singapore,SG,2018,51.53
Singapore,SG,2019,51.61
Singapore,SG,2020,51.7
Singapore,SG,2021,51.7
Singapore,SG,2022,51.7
Solomon Islands,SB,1995,5.22
Solomon Islands,SB,1996,5.07
Solomon Islands,SB,1997,4.92
Solomon Islands,SB,1998,4.76
Solomon Islands,SB,1999,4.61
Solomon Islands,SB,2000,4.46
Solomon Islands,SB,2001,4.44
Solomon Islands,SB,2002,4.41
Solomon Islands,SB,2003,4.39
Solomon Islands,SB,2004,4.36
Solomon Islands,SB,2005,4.34
Solomon Islands,SB,2006,4.45
Solomon Islands,SB,2007,4.56
Solomon Islands,SB,2008,4.66
Solomon Islands,SB,2009,4.77
Solomon Islands,SB,2010,4.88
Solomon Islands,SB,2011,5.05
Solomon Islands,SB,2012,5.22
Solomon Islands,SB,2013,5.38
Solomon Islands,SB,2014,5.55
Solomon Islands,SB,2015,5.72
Solomon Islands,SB,2016,5.8
Solomon Islands,SB,2017,5.88
Solomon Islands,SB,2018,5.96
Solomon Islands,SB,2019,6.04
Solomon Islands,SB,2020,6.12
Solomon Islands,SB,2021,6.12
Solomon Islands,SB,2022,6.12
Sierra Leone,SL,1995,7.83
Sierra Leone,SL,1996,7.5
Sierra Leone,SL,1997,7.17
Sierra Leone,SL,1998,6.84
Sierra Leone,SL,1999,6.51
Sierra Leone,SL,2000,6.18
Sierra Leone,SL,2001,6.47
Sierra Leone,SL,2002,6.76
Sierra Leone,SL,2003,7.05
Sierra Leone,SL,2004,7.34
Sierra Leone,SL,2005,7.63
Sierra Leone,SL,2006,7.75
Sierra Leone,SL,2007,7.86
Sierra Leone,SL,2008,7.98
Sierra Leone,SL,2009,8.09
Sierra Leone,SL,2010,8.21
Sierra Leone,SL,2011,8.34
Sierra Leone,SL,2012,8.48
Sierra Leone,SL,2013,8.61
Sierra Leone,SL,2014,8.75
Sierra Leone,SL,2015,8.88
Sierra Leone,SL,2016,9.05
Sierra Leone,SL,2017,9.22
Sierra Leone,SL,2018,9.4
Sierra Leone,SL,2019,9.57
Sierra Leone,SL,2020,9.74
Sierra Leone,SL,2021,9.74
Sierra Leone,SL,2022,9.74
El Salvador,SV,1995,14.33
El Salvador,SV,1996,14.37
El Salvador,SV,1997,14.41
El Salvador,SV,1998,14.46
El Salvador,SV,1999,14.5
El Salvador,SV,2000,14.54
El Salvador,SV,2001,14.58
El Salvador,SV,2002,14.61
El Salvador,SV,2003,14.65
El Salvador,SV,2004,14.68
El Salvador,SV,2005,14.72
El Salvador,SV,2006,14.74
El Salvador,SV,2007,14.77
El Salvador,SV,2008,14.79
El Salvador,SV,2009,14.82
El Salvador,SV,2010,14.84
El Salvador,SV,2011,14.89
El Salvador,SV,2012,14.94
El Salvador,SV,2013,15.0
El Salvador,SV,2014,15.05
El Salvador,SV,2015,15.1
El Salvador,SV,2016,15.13
El Salvador,SV,2017,15.16
El Salvador,SV,2018,15.19
El Salvador,SV,2019,15.22
El Salvador,SV,2020,15.25
El Salvador,SV,2021,15.25
El Salvador,SV,2022,15.25
San Marino,SM,1995,20.15
San Marino,SM,1996,20.28
San Marino,SM,1997,20.41
San Marino,SM,1998,20.54
San Marino,SM,1999,20.67
San Marino,SM,2000,20.8
San Marino,SM,2001,20.83
San Marino,SM,2002,20.86
San Marino,SM,2003,20.9
San Marino,SM,2004,20.93
San Marino,SM,2005,20.96
San Marino,SM,2006,20.97
San Marino,SM,2007,20.99
San Marino,SM,2008,21.0
San Marino,SM,2009,21.02
San Marino,SM,2010,21.03
San Marino,SM,2011,21.15
San Marino,SM,2012,21.27
San Marino,SM,2013,21.38
San Marino,SM,2014,21.5
San Marino,SM,2015,21.62
San Marino,SM,2016,21.61
San Marino,SM,2017,21.6
San Marino,SM,2018,21.6
San Marino,SM,2019,21.59
San Marino,SM,2020,21.58
San Marino,SM,2021,21.58
San Marino,SM,2022,21.58
Somalia,SO,1995,7.42
Somalia,SO,1996,7.38
Somalia,SO,1997,7.34
Somalia,SO,1998,7.3
Somalia,SO,1999,7.26
Somalia,SO,2000,7.22
Somalia,SO,2001,7.23
Somalia,SO,2002,7.24
Somalia,SO,2003,7.25
Somalia,SO,2004,7.26
Somalia,SO,2005,7.27
Somalia,SO,2006,7.29
Somalia,SO,2007,7.32
Somalia,SO,2008,7.34
Somalia,SO,2009,7.37
Somalia,SO,2010,7.39
Somalia,SO,2011,7.41
Somalia,SO,2012,7.42
Somalia,SO,2013,7.44
Somalia,SO,2014,7.45
Somalia,SO,2015,7.47
Somalia,SO,2016,7.35
Somalia,SO,2017,7.23
Somalia,SO,2018,7.12
Somalia,SO,2019,7.0
Somalia,SO,2020,6.88
Somalia,SO,2021,6.88
Somalia,SO,2022,6.88
Serbia,RS,1995,0.85
Serbia,RS,1996,0.85
Serbia,RS,1997,0.86
Serbia,RS,1998,0.86
Serbia,RS,1999,0.87
Serbia,RS,2000,0.87
Serbia,RS,2001,0.88
Serbia,RS,2002,0.89
Serbia,RS,2003,0.9
Serbia,RS,2004,0.91
Serbia,RS,2005,0.92
Serbia,RS,2006,0.93
Serbia,RS,2007,0.94
Serbia,RS,2008,0.94
Serbia,RS,2009,0.95
Serbia,RS,2010,0.96
Serbia,RS,2011,0.97
Serbia,RS,2012,0.98
Serbia,RS,2013,0.98
Serbia,RS,2014,0.99
Serbia,RS,2015,1.0
Serbia,RS,2016,1.0
Serbia,RS,2017,1.0
Serbia,RS,2018,1.0
Serbia,RS,2019,1.0
Serbia,RS,2020,1.0
Serbia,RS,2021,1.0
Serbia,RS,2022,1.0
South Sudan,SS,1995,11.08
South Sudan,SS,1996,11.08
South Sudan,SS,1997,11.08
South Sudan,SS,1998,11.08
South Sudan,SS,1999,11.08
South Sudan,SS,2000,11.08
South Sudan,SS,2001,11.08
South Sudan,SS,2002,11.08
South Sudan,SS,2003,11.08
South Sudan,SS,2004,11.08
South Sudan,SS,2005,11.08
South Sudan,SS,2006,11.08
South Sudan,SS,2007,11.08
South Sudan,SS,2008,11.08
South Sudan,SS,2009,11.08
South Sudan,SS,2010,11.08
South Sudan,SS,2011,10.92
South Sudan,SS,2012,10.76
South Sudan,SS,2013,10.61
South Sudan,SS,2014,10.45
South Sudan,SS,2015,10.29
South Sudan,SS,2016,10.36
South Sudan,SS,2017,10.43
South Sudan,SS,2018,10.5
South Sudan,SS,2019,10.57
South Sudan,SS,2020,10.64
South Sudan,SS,2021,10.64
South Sudan,SS,2022,10.64
São Tomé and Príncipe,ST,1995,9.62
São Tomé and Príncipe,ST,1996,9.62
São Tomé and Príncipe,ST,1997,9.61
São Tomé and Príncipe,ST,1998,9.61
São Tomé and Príncipe,ST,1999,9.6
São Tomé and Príncipe,ST,2000,9.6
São Tomé and Príncipe,ST,2001,9.84
São Tomé and Príncipe,ST,2002,10.08
São Tomé and Príncipe,ST,2003,10.33
São Tomé and Príncipe,ST,2004,10.57
São Tomé and Príncipe,ST,2005,10.81
São Tomé and Príncipe,ST,2006,10.99
São Tomé and Príncipe,ST,2007,11.18
São Tomé and Príncipe,ST,2008,11.36
São Tomé and Príncipe,ST,2009,11.55
São Tomé and Príncipe,ST,2010,11.73
São Tomé and Príncipe,ST,2011,11.91
São Tomé and Príncipe,ST,2012,12.09
São Tomé and Príncipe,ST,2013,12.27
São Tomé and Príncipe,ST,2014,12.45
São Tomé and Príncipe,ST,2015,12.63
São Tomé and Príncipe,ST,2016,13.49
São Tomé and Príncipe,ST,2017,14.34
São Tomé and Príncipe,ST,2018,15.2
São Tomé and Príncipe,ST,2019,16.05
São Tomé and Príncipe,ST,2020,16.91
São Tomé and Príncipe,ST,2021,16.91
São Tomé and Príncipe,ST,2022,16.91
Suriname,SR,1995,12.74
Suriname,SR,1996,12.72
Suriname,SR,1997,12.69
Suriname,SR,1998,12.67
Suriname,SR,1999,12.64
Suriname,SR,2000,12.62
Suriname,SR,2001,12.91
Suriname,SR,2002,13.2
Suriname,SR,2003,13.49
Suriname,SR,2004,13.78
Suriname,SR,2005,14.07
Suriname,SR,2006,14.25
Suriname,SR,2007,14.43
Suriname,SR,2008,14.61
Suriname,SR,2009,14.79
Suriname,SR,2010,14.97
Suriname,SR,2011,15.22
Suriname,SR,2012,15.46
Suriname,SR,2013,15.71
Suriname,SR,2014,15.95
Suriname,SR,2015,16.2
Suriname,SR,2016,16.34
Suriname,SR,2017,16.48
Suriname,SR,2018,16.62
Suriname,SR,2019,16.76
Suriname,SR,2020,16.9
Suriname,SR,2021,16.9
Suriname,SR,2022,16.9
Slovakia,SK,1995,12.16
Slovakia,SK,1996,12.2
Slovakia,SK,1997,12.24
Slovakia,SK,1998,12.29
Slovakia,SK,1999,12.33
Slovakia,SK,2000,12.37
Slovakia,SK,2001,12.42
Slovakia,SK,2002,12.47
Slovakia,SK,2003,12.52
Slovakia,SK,2004,12.57
Slovakia,SK,2005,12.62
Slovakia,SK,2006,12.67
Slovakia,SK,2007,12.71
Slovakia,SK,2008,12.76
Slovakia,SK,2009,12.8
Slovakia,SK,2010,12.85
Slovakia,SK,2011,12.89
Slovakia,SK,2012,12.92
Slovakia,SK,2013,12.96
Slovakia,SK,2014,12.99
Slovakia,SK,2015,13.03
Slovakia,SK,2016,13.05
Slovakia,SK,2017,13.08
Slovakia,SK,2018,13.1
Slovakia,SK,2019,13.13
Slovakia,SK,2020,13.15
Slovakia,SK,2021,13.15
Slovakia,SK,2022,13.15
Slovenia,SI,1995,22.62
Slovenia,SI,1996,22.77
Slovenia,SI,1997,22.93
Slovenia,SI,1998,23.08
Slovenia,SI,1999,23.24
Slovenia,SI,2000,23.39
Slovenia,SI,2001,23.51
Slovenia,SI,2002,23.63
Slovenia,SI,2003,23.75
Slovenia,SI,2004,23.87
Slovenia,SI,2005,23.99
Slovenia,SI,2006,24.03
Slovenia,SI,2007,24.08
Slovenia,SI,2008,24.12
Slovenia,SI,2009,24.17
Slovenia,SI,2010,24.21
Slovenia,SI,2011,24.29
Slovenia,SI,2012,24.36
Slovenia,SI,2013,24.44
Slovenia,SI,2014,24.51
Slovenia,SI,2015,24.59
Slovenia,SI,2016,24.63
Slovenia,SI,2017,24.68
Slovenia,SI,2018,24.72
Slovenia,SI,2019,24.77
Slovenia,SI,2020,24.81
Slovenia,SI,2021,24.81
Slovenia,SI,2022,24.81
Sweden,SE,1995,38.95
Sweden,SE,1996,39.01
Sweden,SE,1997,39.06
Sweden,SE,1998,39.12
Sweden,SE,1999,39.17
Sweden,SE,2000,39.23
Sweden,SE,2001,39.27
Sweden,SE,2002,39.3
Sweden,SE,2003,39.34
Sweden,SE,2004,39.37
Sweden,SE,2005,39.41
Sweden,SE,2006,39.42
Sweden,SE,2007,39.43
Sweden,SE,2008,39.44
Sweden,SE,2009,39.45
Sweden,SE,2010,39.46
Sweden,SE,2011,39.49
Sweden,SE,2012,39.52
Sweden,SE,2013,39.56
Sweden,SE,2014,39.59
Sweden,SE,2015,39.62
Sweden,SE,2016,39.63
Sweden,SE,2017,39.64
Sweden,SE,2018,39.66
Sweden,SE,2019,39.67
Sweden,SE,2020,39.68
Sweden,SE,2021,39.68
Sweden,SE,2022,39.68
Eswatini,SZ,1995,15.59
Eswatini,SZ,1996,15.67
Eswatini,SZ,1997,15.75
Eswatini,SZ,1998,15.84
Eswatini,SZ,1999,15.92
Eswatini,SZ,2000,16.0
Eswatini,SZ,2001,16.08
Eswatini,SZ,2002,16.15
Eswatini,SZ,2003,16.23
Eswatini,SZ,2004,16.3
Eswatini,SZ,2005,16.38
Eswatini,SZ,2006,16.46
Eswatini,SZ,2007,16.54
Eswatini,SZ,2008,16.62
Eswatini,SZ,2009,16.7
Eswatini,SZ,2010,16.78
Eswatini,SZ,2011,16.89
Eswatini,SZ,2012,16.99
Eswatini,SZ,2013,17.1
Eswatini,SZ,2014,17.2
Eswatini,SZ,2015,17.31
Eswatini,SZ,2016,17.31
Eswatini,SZ,2017,17.31
Eswatini,SZ,2018,17.3
Eswatini,SZ,2019,17.3
Eswatini,SZ,2020,17.3
Eswatini,SZ,2021,17.3
Eswatini,SZ,2022,17.3
Seychelles,SC,1995,22.32
Seychelles,SC,1996,22.48
Seychelles,SC,1997,22.64
Seychelles,SC,1998,22.79
Seychelles,SC,1999,22.95
Seychelles,SC,2000,23.11
Seychelles,SC,2001,23.15
Seychelles,SC,2002,23.19
Seychelles,SC,2003,23.24
Seychelles,SC,2004,23.28
Seychelles,SC,2005,23.32
Seychelles,SC,2006,23.41
Seychelles,SC,2007,23.5
Seychelles,SC,2008,23.59
Seychelles,SC,2009,23.68
Seychelles,SC,2010,23.77
Seychelles,SC,2011,23.9
Seychelles,SC,2012,24.03
Seychelles,SC,2013,24.17
Seychelles,SC,2014,24.3
Seychelles,SC,2015,24.43
Seychelles,SC,2016,24.42
Seychelles,SC,2017,24.41
Seychelles,SC,2018,24.39
Seychelles,SC,2019,24.38
Seychelles,SC,2020,24.37
Seychelles,SC,2021,24.37
Seychelles,SC,2022,24.37
Syria,SY,1995,6.12
Syria,SY,1996,6.11
Syria,SY,1997,6.11
Syria,SY,1998,6.1
Syria,SY,1999,6.1
Syria,SY,2000,6.09
Syria,SY,2001,6.13
Syria,SY,2002,6.18
Syria,SY,2003,6.22
Syria,SY,2004,6.27
Syria,SY,2005,6.31
Syria,SY,2006,6.37
Syria,SY,2007,6.42
Syria,SY,2008,6.48
Syria,SY,2009,6.53
Syria,SY,2010,6.59
Syria,SY,2011,6.68
Syria,SY,2012,6.77
Syria,SY,2013,6.85
Syria,SY,2014,6.94
Syria,SY,2015,7.03
Syria,SY,2016,7.25
Syria,SY,2017,7.47
Syria,SY,2018,7.68
Syria,SY,2019,7.9
Syria,SY,2020,8.12
Syria,SY,2021,8.12
Syria,SY,2022,8.12
Chad,TD,1995,8.53
Chad,TD,1996,8.5
Chad,TD,1997,8.47
Chad,TD,1998,8.43
Chad,TD,1999,8.4
Chad,TD,2000,8.37
Chad,TD,2001,8.87
Chad,TD,2002,9.36
Chad,TD,2003,9.86
Chad,TD,2004,10.35
Chad,TD,2005,10.85
Chad,TD,2006,10.78
Chad,TD,2007,10.72
Chad,TD,2008,10.65
Chad,TD,2009,10.59
Chad,TD,2010,10.52
Chad,TD,2011,10.58
Chad,TD,2012,10.65
Chad,TD,2013,10.71
Chad,TD,2014,10.78
Chad,TD,2015,10.84
Chad,TD,2016,10.89
Chad,TD,2017,10.94
Chad,TD,2018,11.0
Chad,TD,2019,11.05
Chad,TD,2020,11.1
Chad,TD,2021,11.1
Chad,TD,2022,11.1
Togo,TG,1995,3.05
Togo,TG,1996,3.04
Togo,TG,1997,3.03
Togo,TG,1998,3.02
Togo,TG,1999,3.01
Togo,TG,2000,3.0
Togo,TG,2001,2.97
Togo,TG,2002,2.95
Togo,TG,2003,2.92
Togo,TG,2004,2.9
Togo,TG,2005,2.87
Togo,TG,2006,2.87
Togo,TG,2007,2.87
Togo,TG,2008,2.88
Togo,TG,2009,2.88
Togo,TG,2010,2.88
Togo,TG,2011,2.91
Togo,TG,2012,2.93
Togo,TG,2013,2.96
Togo,TG,2014,2.98
Togo,TG,2015,3.01
Togo,TG,2016,3.11
Togo,TG,2017,3.2
Togo,TG,2018,3.3
Togo,TG,2019,3.39
Togo,TG,2020,3.49
Togo,TG,2021,3.49
Togo,TG,2022,3.49
Thailand,TH,1995,33.15
Thailand,TH,1996,33.07
Thailand,TH,1997,32.99
Thailand,TH,1998,32.92
Thailand,TH,1999,32.84
Thailand,TH,2000,32.76
Thailand,TH,2001,33.19
Thailand,TH,2002,33.62
Thailand,TH,2003,34.05
Thailand,TH,2004,34.48
Thailand,TH,2005,34.91
Thailand,TH,2006,35.19
Thailand,TH,2007,35.47
Thailand,TH,2008,35.75
Thailand,TH,2009,36.03
Thailand,TH,2010,36.31
Thailand,TH,2011,36.63
Thailand,TH,2012,36.96
Thailand,TH,2013,37.28
Thailand,TH,2014,37.61
Thailand,TH,2015,37.93
Thailand,TH,2016,38.34
Thailand,TH,2017,38.76
Thailand,TH,2018,39.17
Thailand,TH,2019,39.59
Thailand,TH,2020,40.0
Thailand,TH,2021,40.0
Thailand,TH,2022,40.0
Tajikistan,TJ,1995,9.2
Tajikistan,TJ,1996,9.22
Tajikistan,TJ,1997,9.24
Tajikistan,TJ,1998,9.27
Tajikistan,TJ,1999,9.29
Tajikistan,TJ,2000,9.31
Tajikistan,TJ,2001,9.65
Tajikistan,TJ,2002,9.99
Tajikistan,TJ,2003,10.32
Tajikistan,TJ,2004,10.66
Tajikistan,TJ,2005,11.0
Tajikistan,TJ,2006,11.21
Tajikistan,TJ,2007,11.41
Tajikistan,TJ,2008,11.62
Tajikistan,TJ,2009,11.82
Tajikistan,TJ,2010,12.03
Tajikistan,TJ,2011,12.15
Tajikistan,TJ,2012,12.26
Tajikistan,TJ,2013,12.38
Tajikistan,TJ,2014,12.49
Tajikistan,TJ,2015,12.61
Tajikistan,TJ,2016,12.87
Tajikistan,TJ,2017,13.12
Tajikistan,TJ,2018,13.38
Tajikistan,TJ,2019,13.63
Tajikistan,TJ,2020,13.89
Tajikistan,TJ,2021,13.89
Tajikistan,TJ,2022,13.89
Turkmenistan,TM,1995,10.7
Turkmenistan,TM,1996,10.8
Turkmenistan,TM,1997,10.89
Turkmenistan,TM,1998,10.99
Turkmenistan,TM,1999,11.08
Turkmenistan,TM,2000,11.18
Turkmenistan,TM,2001,11.47
Turkmenistan,TM,2002,11.77
Turkmenistan,TM,2003,12.06
Turkmenistan,TM,2004,12.36
Turkmenistan,TM,2005,12.65
Turkmenistan,TM,2006,12.86
Turkmenistan,TM,2007,13.07
Turkmenistan,TM,2008,13.27
Turkmenistan,TM,2009,13.48
Turkmenistan,TM,2010,13.69
Turkmenistan,TM,2011,13.81
Turkmenistan,TM,2012,13.93
Turkmenistan,TM,2013,14.04
Turkmenistan,TM,2014,14.16
Turkmenistan,TM,2015,14.28
Turkmenistan,TM,2016,14.49
Turkmenistan,TM,2017,14.69
Turkmenistan,TM,2018,14.9
Turkmenistan,TM,2019,15.1
Turkmenistan,TM,2020,15.31
Turkmenistan,TM,2021,15.31
Turkmenistan,TM,2022,15.31
Timor-Leste,TL,1995,11.59
Timor-Leste,TL,1996,11.32
Timor-Leste,TL,1997,11.05
Timor-Leste,TL,1998,10.78
Timor-Leste,TL,1999,10.51
Timor-Leste,TL,2000,10.24
Timor-Leste,TL,2001,10.22
Timor-Leste,TL,2002,10.2
Timor-Leste,TL,2003,10.18
Timor-Leste,TL,2004,10.16
Timor-Leste,TL,2005,10.14
Timor-Leste,TL,2006,10.3
Timor-Leste,TL,2007,10.46
Timor-Leste,TL,2008,10.63
Timor-Leste,TL,2009,10.79
Timor-Leste,TL,2010,10.95
Timor-Leste,TL,2011,11.13
Timor-Leste,TL,2012,11.32
Timor-Leste,TL,2013,11.5
Timor-Leste,TL,2014,11.69
Timor-Leste,TL,2015,11.87
Timor-Leste,TL,2016,12.2
Timor-Leste,TL,2017,12.52
Timor-Leste,TL,2018,12.85
Timor-Leste,TL,2019,13.17
Timor-Leste,TL,2020,13.5
Timor-Leste,TL,2021,13.5
Timor-Leste,TL,2022,13.5
Tonga,TO,1995,11.29
Tonga,TO,1996,11.34
Tonga,TO,1997,11.38
Tonga,TO,1998,11.43
Tonga,TO,1999,11.47
Tonga,TO,2000,11.52
Tonga,TO,2001,11.56
Tonga,TO,2002,11.61
Tonga,TO,2003,11.65
Tonga,TO,2004,11.7
Tonga,TO,2005,11.74
Tonga,TO,2006,11.74
Tonga,TO,2007,11.74
Tonga,TO,2008,11.75
Tonga,TO,2009,11.75
Tonga,TO,2010,11.75
Tonga,TO,2011,11.82
Tonga,TO,2012,11.9
Tonga,TO,2013,11.97
Tonga,TO,2014,12.05
Tonga,TO,2015,12.12
Tonga,TO,2016,12.13
Tonga,TO,2017,12.13
Tonga,TO,2018,12.14
Tonga,TO,2019,12.14
Tonga,TO,2020,12.15
Tonga,TO,2021,12.15
Tonga,TO,2022,12.15
Trinidad and Tobago,TT,1995,8.65
Trinidad and Tobago,TT,1996,8.98
Trinidad and Tobago,TT,1997,9.31
Trinidad and Tobago,TT,1998,9.63
Trinidad and Tobago,TT,1999,9.96
Trinidad and Tobago,TT,2000,10.29
Trinidad and Tobago,TT,2001,10.77
Trinidad and Tobago,TT,2002,11.24
Trinidad and Tobago,TT,2003,11.72
Trinidad and Tobago,TT,2004,12.19
Trinidad and Tobago,TT,2005,12.67
Trinidad and Tobago,TT,2006,13.01
Trinidad and Tobago,TT,2007,13.35
Trinidad and Tobago,TT,2008,13.69
Trinidad and Tobago,TT,2009,14.03
Trinidad and Tobago,TT,2010,14.37
Trinidad and Tobago,TT,2011,14.64
Trinidad and Tobago,TT,2012,14.91
Trinidad and Tobago,TT,2013,15.18
Trinidad and Tobago,TT,2014,15.45
Trinidad and Tobago,TT,2015,15.72
Trinidad and Tobago,TT,2016,15.81
Trinidad and Tobago,TT,2017,15.91
Trinidad and Tobago,TT,2018,16.0
Trinidad and Tobago,TT,2019,16.1
Trinidad and Tobago,TT,2020,16.19
Trinidad and Tobago,TT,2021,16.19
Trinidad and Tobago,TT,2022,16.19
Tunisia,TN,1995,9.38
Tunisia,TN,1996,9.45
Tunisia,TN,1997,9.52
Tunisia,TN,1998,9.59
Tunisia,TN,1999,9.66
Tunisia,TN,2000,9.73
Tunisia,TN,2001,9.78
Tunisia,TN,2002,9.84
Tunisia,TN,2003,9.89
Tunisia,TN,2004,9.95
Tunisia,TN,2005,10.0
Tunisia,TN,2006,10.06
Tunisia,TN,2007,10.11
Tunisia,TN,2008,10.17
Tunisia,TN,2009,10.22
Tunisia,TN,2010,10.28
Tunisia,TN,2011,10.34
Tunisia,TN,2012,10.39
Tunisia,TN,2013,10.45
Tunisia,TN,2014,10.5
Tunisia,TN,2015,10.56
Tunisia,TN,2016,10.62
Tunisia,TN,2017,10.68
Tunisia,TN,2018,10.75
Tunisia,TN,2019,10.81
Tunisia,TN,2020,10.87
Tunisia,TN,2021,10.87
Tunisia,TN,2022,10.87
Turkey,TR,1995,28.97
Turkey,TR,1996,29.09
Turkey,TR,1997,29.21
Turkey,TR,1998,29.34
Turkey,TR,1999,29.46
Turkey,TR,2000,29.58
Turkey,TR,2001,29.72
Turkey,TR,2002,29.86
Turkey,TR,2003,30.01
Turkey,TR,2004,30.15
Turkey,TR,2005,30.29
Turkey,TR,2006,30.36
Turkey,TR,2007,30.44
Turkey,TR,2008,30.51
Turkey,TR,2009,30.59
Turkey,TR,2010,30.66
Turkey,TR,2011,30.76
Turkey,TR,2012,30.87
Turkey,TR,2013,30.97
Turkey,TR,2014,31.08
Turkey,TR,2015,31.18
Turkey,TR,2016,31.34
Turkey,TR,2017,31.49
Turkey,TR,2018,31.65
Turkey,TR,2019,31.8
Turkey,TR,2020,31.96
Turkey,TR,2021,31.96
Turkey,TR,2022,31.96
Tuvalu,TV,1995,15.07
Tuvalu,TV,1996,15.42
Tuvalu,TV,1997,15.78
Tuvalu,TV,1998,16.13
Tuvalu,TV,1999,16.49
Tuvalu,TV,2000,16.84
Tuvalu,TV,2001,17.06
Tuvalu,TV,2002,17.27
Tuvalu,TV,2003,17.49
Tuvalu,TV,2004,17.7
Tuvalu,TV,2005,17.92
Tuvalu,TV,2006,18.04
Tuvalu,TV,2007,18.16
Tuvalu,TV,2008,18.28
Tuvalu,TV,2009,18.4
Tuvalu,TV,2010,18.52
Tuvalu,TV,2011,18.77
Tuvalu,TV,2012,19.02
Tuvalu,TV,2013,19.27
Tuvalu,TV,2014,19.52
Tuvalu,TV,2015,19.77
Tuvalu,TV,2016,19.75
Tuvalu,TV,2017,19.73
Tuvalu,TV,2018,19.71
Tuvalu,TV,2019,19.69
Tuvalu,TV,2020,19.67
Tuvalu,TV,2021,19.67
Tuvalu,TV,2022,19.67
Taiwan,TW,1995,13.64
Taiwan,TW,1996,13.66
Taiwan,TW,1997,13.68
Taiwan,TW,1998,13.7
Taiwan,TW,1999,13.72
Taiwan,TW,2000,13.74
Taiwan,TW,2001,13.75
Taiwan,TW,2002,13.76
Taiwan,TW,2003,13.76
Taiwan,TW,2004,13.77
Taiwan,TW,2005,13.78
Taiwan,TW,2006,13.78
Taiwan,TW,2007,13.79
Taiwan,TW,2008,13.79
Taiwan,TW,2009,13.8
Taiwan,TW,2010,13.8
Taiwan,TW,2011,13.8
Taiwan,TW,2012,13.8
Taiwan,TW,2013,13.8
Taiwan,TW,2014,13.8
Taiwan,TW,2015,13.8
Taiwan,TW,2016,13.8
Taiwan,TW,2017,13.8
Taiwan,TW,2018,13.81
Taiwan,TW,2019,13.81
Taiwan,TW,2020,13.81
Taiwan,TW,2021,13.81
Taiwan,TW,2022,13.81
Tanzania,TZ,1995,7.99
Tanzania,TZ,1996,8.06
Tanzania,TZ,1997,8.13
Tanzania,TZ,1998,8.2
Tanzania,TZ,1999,8.27
Tanzania,TZ,2000,8.34
Tanzania,TZ,2001,8.54
Tanzania,TZ,2002,8.74
Tanzania,TZ,2003,8.93
Tanzania,TZ,2004,9.13
Tanzania,TZ,2005,9.33
Tanzania,TZ,2006,9.54
Tanzania,TZ,2007,9.75
Tanzania,TZ,2008,9.96
Tanzania,TZ,2009,10.17
Tanzania,TZ,2010,10.38
Tanzania,TZ,2011,10.61
Tanzania,TZ,2012,10.84
Tanzania,TZ,2013,11.06
Tanzania,TZ,2014,11.29
Tanzania,TZ,2015,11.52
Tanzania,TZ,2016,11.68
Tanzania,TZ,2017,11.85
Tanzania,TZ,2018,12.01
Tanzania,TZ,2019,12.18
Tanzania,TZ,2020,12.34
Tanzania,TZ,2021,12.34
Tanzania,TZ,2022,12.34
Uganda,UG,1995,16.38
Uganda,UG,1996,16.66
Uganda,UG,1997,16.94
Uganda,UG,1998,17.22
Uganda,UG,1999,17.5
Uganda,UG,2000,17.78
Uganda,UG,2001,18.07
Uganda,UG,2002,18.37
Uganda,UG,2003,18.66
Uganda,UG,2004,18.96
Uganda,UG,2005,19.25
Uganda,UG,2006,19.6
Uganda,UG,2007,19.96
Uganda,UG,2008,20.31
Uganda,UG,2009,20.67
Uganda,UG,2010,21.02
Uganda,UG,2011,21.28
Uganda,UG,2012,21.53
Uganda,UG,2013,21.79
Uganda,UG,2014,22.04
Uganda,UG,2015,22.3
Uganda,UG,2016,22.67
Uganda,UG,2017,23.04
Uganda,UG,2018,23.4
Uganda,UG,2019,23.77
Uganda,UG,2020,24.14
Uganda,UG,2021,24.14
Uganda,UG,2022,24.14
Ukraine,UA,1995,3.87
Ukraine,UA,1996,3.86
Ukraine,UA,1997,3.85
Ukraine,UA,1998,3.85
Ukraine,UA,1999,3.84
Ukraine,UA,2000,3.83
Ukraine,UA,2001,3.9
Ukraine,UA,2002,3.97
Ukraine,UA,2003,4.05
Ukraine,UA,2004,4.12
Ukraine,UA,2005,4.19
Ukraine,UA,2006,4.2
Ukraine,UA,2007,4.21
Ukraine,UA,2008,4.22
Ukraine,UA,2009,4.23
Ukraine,UA,2010,4.24
Ukraine,UA,2011,4.26
Ukraine,UA,2012,4.29
Ukraine,UA,2013,4.31
Ukraine,UA,2014,4.34
Ukraine,UA,2015,4.36
Ukraine,UA,2016,4.39
Ukraine,UA,2017,4.42
Ukraine,UA,2018,4.46
Ukraine,UA,2019,4.49
Ukraine,UA,2020,4.52
Ukraine,UA,2021,4.52
Ukraine,UA,2022,4.52
Uruguay,UY,1995,24.77
Uruguay,UY,1996,24.77
Uruguay,UY,1997,24.77
Uruguay,UY,1998,24.77
Uruguay,UY,1999,24.77
Uruguay,UY,2000,24.77
Uruguay,UY,2001,24.77
Uruguay,UY,2002,24.77
Uruguay,UY,2003,24.77
Uruguay,UY,2004,24.77
Uruguay,UY,2005,24.77
Uruguay,UY,2006,24.77
Uruguay,UY,2007,24.77
Uruguay,UY,2008,24.77
Uruguay,UY,2009,24.77
Uruguay,UY,2010,24.77
Uruguay,UY,2011,24.77
Uruguay,UY,2012,24.77
Uruguay,UY,2013,24.77
Uruguay,UY,2014,24.77
Uruguay,UY,2015,24.77
Uruguay,UY,2016,24.77
Uruguay,UY,2017,24.77
Uruguay,UY,2018,24.77
Uruguay,UY,2019,24.77
Uruguay,UY,2020,24.77
Uruguay,UY,2021,24.77
Uruguay,UY,2022,24.77
United States,US,1995,13.57
United States,US,1996,13.61
United States,US,1997,13.64
United States,US,1998,13.68
United States,US,1999,13.71
United States,US,2000,13.75
United States,US,2001,13.76
United States,US,2002,13.77
United States,US,2003,13.78
United States,US,2004,13.79
United States,US,2005,13.8
United States,US,2006,13.9
United States,US,2007,14.0
United States,US,2008,14.1
United States,US,2009,14.2
United States,US,2010,14.3
United States,US,2011,14.36
United States,US,2012,14.42
United States,US,2013,14.47
United States,US,2014,14.53
United States,US,2015,14.59
United States,US,2016,14.64
United States,US,2017,14.69
United States,US,2018,14.74
United States,US,2019,14.79
United States,US,2020,14.84
United States,US,2021,14.84
United States,US,2022,14.84
Uzbekistan,UZ,1995,30.47
Uzbekistan,UZ,1996,30.56
Uzbekistan,UZ,1997,30.65
Uzbekistan,UZ,1998,30.74
Uzbekistan,UZ,1999,30.83
Uzbekistan,UZ,2000,30.92
Uzbekistan,UZ,2001,30.96
Uzbekistan,UZ,2002,31.01
Uzbekistan,UZ,2003,31.05
Uzbekistan,UZ,2004,31.1
Uzbekistan,UZ,2005,31.14
Uzbekistan,UZ,2006,31.14
Uzbekistan,UZ,2007,31.13
Uzbekistan,UZ,2008,31.13
Uzbekistan,UZ,2009,31.12
Uzbekistan,UZ,2010,31.12
Uzbekistan,UZ,2011,31.17
Uzbekistan,UZ,2012,31.22
Uzbekistan,UZ,2013,31.26
Uzbekistan,UZ,2014,31.31
Uzbekistan,UZ,2015,31.36
Uzbekistan,UZ,2016,31.41
Uzbekistan,UZ,2017,31.47
Uzbekistan,UZ,2018,31.52
Uzbekistan,UZ,2019,31.58
Uzbekistan,UZ,2020,31.63
Uzbekistan,UZ,2021,31.63
Uzbekistan,UZ,2022,31.63
Saint Vincent-Grenadines,VC,1995,13.08
Saint Vincent-Grenadines,VC,1996,13.09
Saint Vincent-Grenadines,VC,1997,13.11
Saint Vincent-Grenadines,VC,1998,13.12
Saint Vincent-Grenadines,VC,1999,13.14
Saint Vincent-Grenadines,VC,2000,13.15
Saint Vincent-Grenadines,VC,2001,13.16
Saint Vincent-Grenadines,VC,2002,13.17
Saint Vincent-Grenadines,VC,2003,13.18
Saint Vincent-Grenadines,VC,2004,13.19
Saint Vincent-Grenadines,VC,2005,13.2
Saint Vincent-Grenadines,VC,2006,13.21
Saint Vincent-Grenadines,VC,2007,13.22
Saint Vincent-Grenadines,VC,2008,13.24
Saint Vincent-Grenadines,VC,2009,13.25
Saint Vincent-Grenadines,VC,2010,13.26
Saint Vincent-Grenadines,VC,2011,13.27
Saint Vincent-Grenadines,VC,2012,13.28
Saint Vincent-Grenadines,VC,2013,13.28
Saint Vincent-Grenadines,VC,2014,13.29
Saint Vincent-Grenadines,VC,2015,13.3
Saint Vincent-Grenadines,VC,2016,13.31
Saint Vincent-Grenadines,VC,2017,13.32
Saint Vincent-Grenadines,VC,2018,13.32
Saint Vincent-Grenadines,VC,2019,13.33
Saint Vincent-Grenadines,VC,2020,13.34
Saint Vincent-Grenadines,VC,2021,13.34
Saint Vincent-Grenadines,VC,2022,13.34
Venezuela,VE,1995,20.59
Venezuela,VE,1996,20.54
Venezuela,VE,1997,20.49
Venezuela,VE,1998,20.45
Venezuela,VE,1999,20.4
Venezuela,VE,2000,20.35
Venezuela,VE,2001,20.38
Venezuela,VE,2002,20.41
Venezuela,VE,2003,20.44
Venezuela,VE,2004,20.47
Venezuela,VE,2005,20.5
Venezuela,VE,2006,20.57
Venezuela,VE,2007,20.63
Venezuela,VE,2008,20.7
Venezuela,VE,2009,20.76
Venezuela,VE,2010,20.83
Venezuela,VE,2011,20.81
Venezuela,VE,2012,20.78
Venezuela,VE,2013,20.76
Venezuela,VE,2014,20.73
Venezuela,VE,2015,20.71
Venezuela,VE,2016,20.84
Venezuela,VE,2017,20.96
Venezuela,VE,2018,21.09
Venezuela,VE,2019,21.21
Venezuela,VE,2020,21.34
Venezuela,VE,2021,21.34
Venezuela,VE,2022,21.34
Vietnam,VN,1995,31.26
Vietnam,VN,1996,31.88
Vietnam,VN,1997,32.5
Vietnam,VN,1998,33.12
Vietnam,VN,1999,33.74
Vietnam,VN,2000,34.36
Vietnam,VN,2001,35.05
Vietnam,VN,2002,35.74
Vietnam,VN,2003,36.43
Vietnam,VN,2004,37.12
Vietnam,VN,2005,37.81
Vietnam,VN,2006,38.39
Vietnam,VN,2007,38.97
Vietnam,VN,2008,39.55
Vietnam,VN,2009,40.13
Vietnam,VN,2010,40.71
Vietnam,VN,2011,41.25
Vietnam,VN,2012,41.79
Vietnam,VN,2013,42.34
Vietnam,VN,2014,42.88
Vietnam,VN,2015,43.42
Vietnam,VN,2016,43.94
Vietnam,VN,2017,44.47
Vietnam,VN,2018,44.99
Vietnam,VN,2019,45.52
Vietnam,VN,2020,46.04
Vietnam,VN,2021,46.04
Vietnam,VN,2022,46.04
Vanuatu,VU,1995,50.73
Vanuatu,VU,1996,50.79
Vanuatu,VU,1997,50.86
Vanuatu,VU,1998,50.92
Vanuatu,VU,1999,50.99
Vanuatu,VU,2000,51.05
Vanuatu,VU,2001,50.95
Vanuatu,VU,2002,50.84
Vanuatu,VU,2003,50.74
Vanuatu,VU,2004,50.63
Vanuatu,VU,2005,50.53
Vanuatu,VU,2006,50.82
Vanuatu,VU,2007,51.11
Vanuatu,VU,2008,51.39
Vanuatu,VU,2009,51.68
Vanuatu,VU,2010,51.97
Vanuatu,VU,2011,52.08
Vanuatu,VU,2012,52.19
Vanuatu,VU,2013,52.3
Vanuatu,VU,2014,52.41
Vanuatu,VU,2015,52.52
Vanuatu,VU,2016,52.59
Vanuatu,VU,2017,52.66
Vanuatu,VU,2018,52.72
Vanuatu,VU,2019,52.79
Vanuatu,VU,2020,52.86
Vanuatu,VU,2021,52.86
Vanuatu,VU,2022,52.86
Samoa,WS,1995,53.62
Samoa,WS,1996,53.83
Samoa,WS,1997,54.04
Samoa,WS,1998,54.26
Samoa,WS,1999,54.47
Samoa,WS,2000,54.68
Samoa,WS,2001,55.03
Samoa,WS,2002,55.38
Samoa,WS,2003,55.72
Samoa,WS,2004,56.07
Samoa,WS,2005,56.42
Samoa,WS,2006,56.42
Samoa,WS,2007,56.42
Samoa,WS,2008,56.41
Samoa,WS,2009,56.41
Samoa,WS,2010,56.41
Samoa,WS,2011,56.58
Samoa,WS,2012,56.76
Samoa,WS,2013,56.93
Samoa,WS,2014,57.11
Samoa,WS,2015,57.28
Samoa,WS,2016,57.34
Samoa,WS,2017,57.4
Samoa,WS,2018,57.45
Samoa,WS,2019,57.51
Samoa,WS,2020,57.57
Samoa,WS,2021,57.57
Samoa,WS,2022,57.57
Yemen,YE,1995,16.06
Yemen,YE,1996,16.3
Yemen,YE,1997,16.54
Yemen,YE,1998,16.78
Yemen,YE,1999,17.02
Yemen,YE,2000,17.26
Yemen,YE,2001,17.35
Yemen,YE,2002,17.44
Yemen,YE,2003,17.54
Yemen,YE,2004,17.63
Yemen,YE,2005,17.72
Yemen,YE,2006,17.84
Yemen,YE,2007,17.95
Yemen,YE,2008,18.07
Yemen,YE,2009,18.18
Yemen,YE,2010,18.3
Yemen,YE,2011,18.42
Yemen,YE,2012,18.54
Yemen,YE,2013,18.65
Yemen,YE,2014,18.77
Yemen,YE,2015,18.89
Yemen,YE,2016,18.95
Yemen,YE,2017,19.01
Yemen,YE,2018,19.07
Yemen,YE,2019,19.13
Yemen,YE,2020,19.19
Yemen,YE,2021,19.19
Yemen,YE,2022,19.19
South Africa,ZA,1995,25.97
South Africa,ZA,1996,26.01
South Africa,ZA,1997,26.05
South Africa,ZA,1998,26.1
South Africa,ZA,1999,26.14
South Africa,ZA,2000,26.18
South Africa,ZA,2001,26.29
South Africa,ZA,2002,26.4
South Africa,ZA,2003,26.52
South Africa,ZA,2004,26.63
South Africa,ZA,2005,26.74
South Africa,ZA,2006,26.82
South Africa,ZA,2007,26.89
South Africa,ZA,2008,26.97
South Africa,ZA,2009,27.04
South Africa,ZA,2010,27.12
South Africa,ZA,2011,27.22
South Africa,ZA,2012,27.32
South Africa,ZA,2013,27.42
South Africa,ZA,2014,27.52
South Africa,ZA,2015,27.62
South Africa,ZA,2016,27.75
South Africa,ZA,2017,27.87
South Africa,ZA,2018,28.0
South Africa,ZA,2019,28.12
South Africa,ZA,2020,28.25
South Africa,ZA,2021,28.25
South Africa,ZA,2022,28.25
Zambia,ZM,1995,9.11
Zambia,ZM,1996,9.09
Zambia,ZM,1997,9.07
Zambia,ZM,1998,9.06
Zambia,ZM,1999,9.04
Zambia,ZM,2000,9.02
Zambia,ZM,2001,9.14
Zambia,ZM,2002,9.26
Zambia,ZM,2003,9.39
Zambia,ZM,2004,9.51
Zambia,ZM,2005,9.63
Zambia,ZM,2006,9.81
Zambia,ZM,2007,9.98
Zambia,ZM,2008,10.16
Zambia,ZM,2009,10.33
Zambia,ZM,2010,10.51
Zambia,ZM,2011,10.72
Zambia,ZM,2012,10.93
Zambia,ZM,2013,11.14
Zambia,ZM,2014,11.35
Zambia,ZM,2015,11.56
Zambia,ZM,2016,11.77
Zambia,ZM,2017,11.99
Zambia,ZM,2018,12.2
Zambia,ZM,2019,12.42
Zambia,ZM,2020,12.63
Zambia,ZM,2021,12.63
Zambia,ZM,2022,12.63
Zimbabwe,ZW,1995,24.27
Zimbabwe,ZW,1996,24.32
Zimbabwe,ZW,1997,24.36
Zimbabwe,ZW,1998,24.41
Zimbabwe,ZW,1999,24.45
Zimbabwe,ZW,2000,24.5
Zimbabwe,ZW,2001,23.57
Zimbabwe,ZW,2002,22.64
Zimbabwe,ZW,2003,21.72
Zimbabwe,ZW,2004,20.79
Zimbabwe,ZW,2005,19.86
Zimbabwe,ZW,2006,19.54
Zimbabwe,ZW,2007,19.22
Zimbabwe,ZW,2008,18.89
Zimbabwe,ZW,2009,18.57
Zimbabwe,ZW,2010,18.25
Zimbabwe,ZW,2011,18.67
Zimbabwe,ZW,2012,19.1
Zimbabwe,ZW,2013,19.52
Zimbabwe,ZW,2014,19.95
Zimbabwe,ZW,2015,20.37
Zimbabwe,ZW,2016,20.66
Zimbabwe,ZW,2017,20.95
Zimbabwe,ZW,2018,21.24
Zimbabwe,ZW,2019,21.53
Zimbabwe,ZW,2020,21.82
Zimbabwe,ZW,2021,21.82
Zimbabwe,ZW,2022,21.82
