country,iso2,year,value
Afghanistan,,2017,9.8984508955205
Afghanistan,,2016,9.50265278008681
Afghanistan,,2015,7.58538233155396
Afghanistan,,2014,6.8821029425122
Afghanistan,,2013,7.12277329012108
Afghanistan,,2012,7.7078006029517
Afghanistan,,2011,8.91679399623322
Afghanistan,,2010,9.16975191897818
Afghanistan,,2009,8.48175836115538
Afghanistan,,2008,6.08796493104171
Afghanistan,,2007,5.28345660361407
Afghanistan,,2006,6.96759757536323
Albania,,2023,17.8021587949933
Albania,,2022,18.0607759287802
Albania,,2021,18.0962279133573
Albania,,2020,16.8955410663729
Albania,,2019,17.9309939892851
Albania,,2018,18.2769527327116
Albania,,2017,18.5476631833556
Albania,,2016,17.4032025232446
Albania,,2015,18.3812921492969
Albania,,2014,18.2080954662381
Albania,,2013,16.4764962744668
Albania,,2012,17.5879265953551
Albania,,2011,17.9067230671409
Albania,,2004,17.4267041665946
Albania,,2003,16.6323426421383
Albania,,2002,15.8747643037774
Albania,,1998,14.2642010672685
Albania,,1997,9.75303831787712
Albania,,1996,8.76625058391996
Albania,,1995,11.2022198544936
Andorra,,2023,13.9472972221746
Andorra,,2022,14.9845975404244
Andorra,,2021,13.1108385219337
Andorra,,2020,12.6582711954138
Andorra,,2019,13.7632458363196
Andorra,,2018,14.1206057564939
Angola,,2024,7.74436374420001
Angola,,2023,8.86912888166896
Angola,,2022,12.7318115283927
Angola,,2021,10.7033300733944
Angola,,2020,20.5176075923944
Angola,,2019,11.2888521414
Angola,,2018,9.92888023428148
Angola,,2017,8.05553778682328
Angola,,2016,8.57578671451953
Angola,,2015,9.7095138707439
Angola,,2014,11.9996728280075
Angola,,2013,12.6117526343152
Angola,,2012,13.2204079061426
Angola,,2011,14.3382952931909
Angola,,2010,14.5589920536317
Angola,,2009,15.7996845751465
Angola,,2008,22.9883598928014
Angola,,2007,19.2115962538976
Angola,,2006,20.8842752142441
Angola,,2005,15.2799733046431
Angola,,2004,15.7676000610902
Angola,,2003,15.0363957253039
Angola,,2002,13.7150483492949
Angola,,2001,29.246675722487
Angola,,2000,28.7033821554533
Angola,,1999,16.2939716615223
Argentina,,2023,9.92889407586128
Argentina,,2022,11.0647708089117
Argentina,,2021,11.3410740324002
Argentina,,2020,10.7081211457574
Argentina,,2019,10.3919973375404
Argentina,,2018,9.79144711720618
Argentina,,2017,10.939623860491
Argentina,,2016,12.0972836411962
Argentina,,2015,12.3365069418291
Argentina,,2014,12.6109666067191
Argentina,,2013,12.4529027558077
Argentina,,2012,12.9528415127413
Argentina,,2011,12.6636277012315
Argentina,,2010,12.8530426903255
Argentina,,2009,12.3830415594157
Argentina,,2008,13.3178463574032
Argentina,,2007,12.4482684483004
Argentina,,2006,12.8788866954319
Argentina,,2005,13.1031756459852
Argentina,,2004,13.1007799001848
Argentina,,2003,12.5187797009653
Argentina,,2002,9.81895834666325
Argentina,,2001,9.32489879390056
Argentina,,2000,9.62260350188905
Argentina,,1999,9.07612433559182
Argentina,,1998,9.03052618638845
Argentina,,1997,8.69008635554994
Argentina,,1996,8.17178777492906
Argentina,,1995,8.05435765172309
Argentina,,1994,8.12643722809198
Argentina,,1993,8.01513800555669
Argentina,,1992,5.54792213441138
Argentina,,1991,5.00823654744009
Argentina,,1990,4.83851314669697
Armenia,,2024,22.3660356799158
Armenia,,2023,22.3886922456361
Armenia,,2022,21.827155237788
Armenia,,2021,22.0010047373073
Armenia,,2020,21.8604192825684
Armenia,,2019,22.2851709967864
Armenia,,2018,20.8701039010043
Armenia,,2017,20.7806533615558
Armenia,,2016,21.2773752694609
Armenia,,2015,20.931220831047
Armenia,,2014,21.5991745519839
Armenia,,2013,21.5862138744907
Armenia,,2012,17.4916420766113
Armenia,,2011,17.2194190488079
Armenia,,2010,17.070051399012
Armenia,,2009,16.5058632324214
Armenia,,2008,17.3217587325427
Armenia,,2007,15.9625317302343
Armenia,,2006,14.3959865593942
Armenia,,2005,14.3356634095016
Armenia,,2004,13.9964056466186
Australia,,2022,23.5614929509239
Australia,,2021,23.0039076566829
Australia,,2020,22.507523858651
Australia,,2019,23.3142643790741
Australia,,2018,23.1220344318251
Australia,,2017,22.0221874286349
Australia,,2016,22.1881700823279
Australia,,2015,21.7852484720567
Australia,,2014,21.8026703321947
Australia,,2013,21.8526958939392
Australia,,2012,21.028478984604
Australia,,2011,20.2598123616431
Australia,,2010,20.411751894265
Australia,,2009,21.9501151705037
Australia,,2008,24.1542735049965
Australia,,2007,23.9945520669883
Australia,,2006,24.4695693337421
Australia,,2005,24.7148112586711
Australia,,2004,24.2195290194588
Australia,,2003,24.2596128506148
Australia,,2002,23.5096379102133
Australia,,2001,24.8100919346919
Australia,,2000,22.9835970252002
Australia,,1999,22.3750515718788
Australia,,1998,22.1906538382694
Australia,,1997,22.3407403687315
Australia,,1996,21.838587960822
Australia,,1995,21.1275093183836
Australia,,1994,19.9789850327209
Australia,,1993,19.9526579865482
Australia,,1992,20.6110291949277
Australia,,1991,22.2982298374105
Australia,,1990,22.4000039482678
Australia,,1989,22.6146215529468
Australia,,1988,23.0998110734352
Australia,,1987,23.18295171163
Australia,,1986,22.5269718757418
Australia,,1985,22.465615152659
Australia,,1984,20.9880294099775
Australia,,1983,21.6835013284973
Australia,,1982,21.5546659852937
Australia,,1981,21.4312398004994
Australia,,1980,20.3835169318645
Australia,,1979,19.7413452401974
Australia,,1978,20.376777431374
Australia,,1977,20.5059270485167
Australia,,1976,20.2714845387998
Australia,,1975,19.8469645159482
Australia,,1974,18.0329224915212
Australia,,1973,16.9947085705123
Australia,,1972,17.8154349629032
Austria,,2023,25.640680066923
Austria,,2022,26.1266920803131
Austria,,2021,26.0148539837239
Austria,,2020,24.666005775658
Austria,,2019,25.8096620383826
Austria,,2018,25.7216448598991
Austria,,2017,25.7616861075799
Austria,,2016,25.8220277699052
Austria,,2015,27.2160274066387
Austria,,2014,26.8419027283415
Austria,,2013,26.7741686943731
Austria,,2012,26.1830994283732
Austria,,2011,25.6466391466356
Austria,,2010,25.495733887384
Austria,,2009,25.3973668580862
Austria,,2008,26.248140017775
Austria,,2007,25.5950050669501
Austria,,2006,25.1943406740954
Austria,,2005,25.6489616551304
Austria,,2004,26.4758305323051
Austria,,2003,26.8133590933971
Austria,,2002,27.1759762710679
Austria,,2001,28.1049696740217
Austria,,2000,26.3582503226179
Austria,,1999,26.7081532349359
Austria,,1998,27.02386308091
Austria,,1997,26.926211709083
Austria,,1996,26.0699077341455
Austria,,1995,24.6852666278446
Austria,,1994,18.417712713886
Austria,,1993,19.0099150177783
Austria,,1992,18.9948808856363
Austria,,1991,18.2386167583979
Austria,,1990,18.0517896669057
Austria,,1989,17.8757688140551
Austria,,1988,18.6357946612531
Austria,,1987,17.7897642119782
Austria,,1986,18.0430086958788
Austria,,1985,18.1749729324038
Austria,,1984,19.0386492456267
Austria,,1983,18.1034977014602
Austria,,1982,18.261949967437
Austria,,1981,19.0243413993757
Austria,,1980,18.6510584649007
Austria,,1979,18.6230604077067
Austria,,1978,18.8513880807315
Austria,,1977,18.070071107883
Austria,,1976,17.9325719256818
Austria,,1975,18.0817489751673
Austria,,1974,18.469684047195
Austria,,1973,18.2685059575248
Austria,,1972,17.9591290005914
Azerbaijan,,2023,17.7860607300996
Azerbaijan,,2022,15.4476897158899
Azerbaijan,,2021,13.4213202980155
Azerbaijan,,2020,15.1855725074093
Azerbaijan,,2019,14.2188526451777
Azerbaijan,,2018,12.9712717874444
Azerbaijan,,2017,13.1640455061148
Azerbaijan,,2016,14.5555165725558
Azerbaijan,,2015,15.6031629275469
Azerbaijan,,2014,14.2125356482603
Azerbaijan,,2013,13.3883331614589
Azerbaijan,,2012,12.7786393685483
Azerbaijan,,2011,12.2247609538804
Azerbaijan,,2010,12.1577769928176
Azerbaijan,,2009,14.1067089869809
Azerbaijan,,2008,16.4211753684861
Azerbaijan,,1999,12.7334587163254
Azerbaijan,,1998,12.6793349997094
Azerbaijan,,1997,10.693809961055
Azerbaijan,,1996,9.85045743980092
Azerbaijan,,1995,17.9540725466304
Azerbaijan,,1994,25.5591673338671
Bahamas,,2023,16.1980053499047
Bahamas,,2022,15.5305623380922
Bahamas,,2021,13.3895376505774
Bahamas,,2020,17.9313432819978
Bahamas,,2019,16.5602018528282
Bahamas,,2018,14.3197235396905
Bahamas,,2017,14.7905517839783
Bahamas,,2016,14.1340479509128
Bahamas,,2015,12.7014255254443
Bahamas,,2014,11.2869799983841
Bahamas,,2013,11.7717003713497
Bahamas,,2012,12.039369463826
Bahamas,,2011,13.011020858055
Bahamas,,2010,10.7623149322092
Bahamas,,2009,11.2520687319925
Bahamas,,2008,12.1213661409842
Bahamas,,2007,11.3588658867582
Bahamas,,2006,11.2483316531019
Bahamas,,2005,10.0017079766577
Bahamas,,2004,9.42833415605685
Bahamas,,2003,9.28851905674012
Bahamas,,2002,8.99909471285283
Bahamas,,2001,9.85954269322648
Bahamas,,2000,10.6786875949518
Bahamas,,1999,10.3236780424448
Bahamas,,1998,9.97250198295972
Bahamas,,1997,10.3952396894681
Bahamas,,1996,17.0490440565254
Bahamas,,1995,17.3461650627005
Bahamas,,1994,16.7167842896594
Bahamas,,1993,15.3945666235446
Bahamas,,1992,15.4326149887424
Bahamas,,1991,13.6379999742861
Bahamas,,1990,13.8629185091598
Bahrain,,2020,2.82317547820215
Bahrain,,2019,2.87818871909521
Bahrain,,2018,1.09260242338125
Bahrain,,2017,0.936278226979607
Bahrain,,2016,0.808517153769355
Bahrain,,2015,0.990043144194505
Bahrain,,2014,0.792383936021881
Bahrain,,2013,1.02928468252976
Bahrain,,2012,1.13708147282797
Bahrain,,2011,1.07176697647209
Bahrain,,2010,1.12828093917582
Bahrain,,2009,1.3631667858969
Bahrain,,2008,1.23581558449619
Bahrain,,2007,1.14509796242081
Bahrain,,2006,1.16617489174005
Bahrain,,2005,1.16184562908878
Bahrain,,2004,4.21684066611925
Bahrain,,2003,3.30681318786877
Bahrain,,2002,3.57899289191497
Bahrain,,2001,4.10364290899394
Bahrain,,2000,3.73277772071662
Bahrain,,1999,4.40879662320093
Bahrain,,1998,4.9815184530649
Bahrain,,1997,4.48333472278643
Bahrain,,1996,4.43507307923291
Bahrain,,1995,4.21857580880695
Bahrain,,1994,4.54981588369713
Bahrain,,1993,4.70474275851932
Bahrain,,1992,4.74094781737692
Bahrain,,1991,4.43354361335122
Bahrain,,1990,4.56210399299131
Bangladesh,,2021,7.64236300887138
Bangladesh,,2020,7.00153674405437
Bangladesh,,2019,7.63863895398449
Bangladesh,,2018,7.73177216647423
Bangladesh,,2017,6.99714263243688
Bangladesh,,2016,7.31691184755758
Bangladesh,,2015,8.49834882820801
Bangladesh,,2014,8.6353777373447
Bangladesh,,2013,8.96241331541821
Bangladesh,,2012,9.02456269019499
Bangladesh,,2011,8.68592470557816
Bangladesh,,2010,7.83468474946733
Bangladesh,,2009,7.49811626276927
Bangladesh,,2008,7.65602988282474
Bangladesh,,2007,6.91726266856821
Bangladesh,,2006,7.04330405780911
Bangladesh,,2005,7.13567003946154
Bangladesh,,2004,7.04644841818552
Bangladesh,,2003,6.96521390375867
Bangladesh,,2002,6.69138419067813
Bangladesh,,2001,6.61116027143823
Barbados,,2016,23.4022178303317
Barbados,,2015,21.0107447855883
Barbados,,2014,19.6498849411095
Barbados,,2013,19.0400677230378
Barbados,,2012,19.5805148703885
Barbados,,2011,21.3445063127969
Barbados,,2010,19.7340998695553
Barbados,,2009,24.7074140343927
Barbados,,2008,25.4000671111602
Barbados,,2007,25.9499389934439
Barbados,,2006,25.285724436025
Barbados,,2005,26.7347427673779
Barbados,,2004,25.7744229931775
Barbados,,2003,25.2434179778782
Belarus,,2023,12.70106334387
Belarus,,2022,11.2335456201836
Belarus,,2021,12.8250049638453
Belarus,,2020,12.0229232611634
Belarus,,2019,13.3015061369933
Belarus,,2018,14.6725689729455
Belarus,,2017,13.0190056095517
Belarus,,2016,13.7882356106963
Belarus,,2015,14.1730944598815
Belarus,,2014,12.6977245264198
Belarus,,2013,13.3549628478795
Belarus,,2012,14.6629750334495
Belarus,,2011,14.5090725642403
Belarus,,2010,16.3214383764955
Belarus,,2009,18.6294706290955
Belarus,,2008,25.3533892078637
Belarus,,2007,23.7266987288672
Belarus,,2006,22.2230966228065
Belarus,,2005,20.1496562779039
Belarus,,2004,18.3713469008917
Belarus,,2003,17.6881219095961
Belarus,,2002,14.2010383230738
Belarus,,2001,15.7546642442876
Belarus,,2000,16.6247345026167
Belarus,,1999,16.6724761934976
Belarus,,1998,17.1123289388046
Belarus,,1997,20.7345909549383
Belarus,,1996,18.7997748111698
Belarus,,1995,19.8876469280001
Belarus,,1994,24.7501826561007
Belarus,,1993,26.6395939086294
Belarus,,1992,20.5434782608696
Belgium,,2022,22.7983120173893
Belgium,,2021,23.2249877086564
Belgium,,2020,21.8615640422477
Belgium,,2019,22.5978209383393
Belgium,,2018,24.0377739058673
Belgium,,2017,23.5351388069477
Belgium,,2016,22.9285982517678
Belgium,,2015,24.4227242755175
Belgium,,2014,26.0083569098349
Belgium,,2013,26.0756081287063
Belgium,,2012,25.7069678443471
Belgium,,2011,24.7537791878132
Belgium,,2010,24.4613514281372
Belgium,,2009,23.6951482292977
Belgium,,2008,25.2541698756848
Belgium,,2007,24.7885375338784
Belgium,,2006,25.2877504793919
Belgium,,2005,25.4713299290151
Belgium,,2004,25.5379612606576
Belgium,,2003,25.0766180109402
Belgium,,2002,25.712345094836
Belgium,,2001,26.7865121102057
Belgium,,2000,27.2747413568488
Belgium,,1999,27.0095118766394
Belgium,,1998,27.1630417867819
Belgium,,1997,26.5670243171063
Belgium,,1996,26.0298916733672
Belgium,,1995,25.62241940319
Belize,,2017,21.346693969945
Belize,,2016,20.6436561300688
Belize,,2015,19.7057091458161
Belize,,2014,19.8625602469168
Belize,,2013,18.4715397684085
Belize,,2012,18.3628959510632
Belize,,2011,18.3208816753347
Belize,,2010,18.8492959701734
Belize,,2009,17.805730436574
Belize,,2008,17.082969600109
Belize,,2007,17.3387443353701
Belize,,2006,16.6753004203618
Belize,,2005,16.1007432416667
Belize,,2004,14.855606548198
Belize,,2003,14.5150475213548
Belize,,2002,14.468908794637
Belize,,2001,13.9120493779612
Belize,,2000,13.0334359248671
Belize,,1999,12.7543098492112
Belize,,1998,14.6085720098122
Belize,,1997,14.7330318877743
Belize,,1996,14.7375323562094
Belize,,1995,14.2066803263293
Belize,,1994,14.9883136098508
Belize,,1993,14.5289799611209
Belize,,1992,14.8494882040541
Belize,,1991,15.4363605008429
Belize,,1990,16.1715322302651
Benin,,1979,10.7891425473787
Benin,,1978,12.26007922036
Benin,,1977,12.9726711934565
Benin,,1976,13.0574947445606
Bhutan,,2020,12.2846363802964
Bhutan,,2019,14.4975527173232
Bhutan,,2018,15.8040236380698
Bhutan,,2017,11.8591944993995
Bhutan,,2016,11.8864300663326
Bhutan,,2015,12.1453454217218
Bhutan,,2014,12.5052991179472
Bhutan,,2013,13.302594743585
Bhutan,,2012,13.588728073627
Bhutan,,2011,12.4317424973806
Bhutan,,2010,12.1941395950822
Bhutan,,2009,8.77362894561627
Bhutan,,2008,8.03787521608618
Bhutan,,2007,7.16212410171711
Bhutan,,2006,8.59855405734501
Bhutan,,2005,7.9437825068602
Bhutan,,2004,7.34197987914533
Bhutan,,2003,8.93520956577544
Bhutan,,2002,8.88044240255123
Bhutan,,2001,8.18849908664852
Bhutan,,2000,9.54839427433829
Bhutan,,1999,7.36250647127559
Bhutan,,1998,8.31144869899844
Bhutan,,1997,6.79327260704803
Bhutan,,1996,7.85249702894329
Bhutan,,1995,6.89825503766094
Bhutan,,1994,6.19493563212013
Bhutan,,1993,6.48847259207354
Bhutan,,1992,5.27110995217359
Bhutan,,1991,5.15290674353183
Bhutan,,1990,4.60005636623578
Bhutan,,1989,5.41139381452257
Bhutan,,1988,6.22493994439051
Bhutan,,1986,7.1119929270911
Bhutan,,1985,6.72879359981909
Bhutan,,1984,7.60358124617063
Bhutan,,1983,6.63490069992768
Bhutan,,1982,5.72036429409445
Bolivia,,2007,16.9648657360861
Bolivia,,2006,16.8161681591928
Bolivia,,2005,16.2151641032531
Bolivia,,2004,15.0163488014671
Bolivia,,2003,12.9730003184295
Bolivia,,2002,13.184104975504
Bolivia,,2001,11.7825460461138
Bolivia,,2000,12.3308028811412
Bolivia,,1999,12.0397851865925
Bolivia,,1998,13.5465291507295
Bolivia,,1997,12.6203460249816
Bolivia,,1996,12.2938525238754
Bolivia,,1995,9.72232949409585
Bolivia,,1994,10.0454684272089
Bolivia,,1993,9.51634540053983
Bolivia,,1992,8.89978861639267
Bolivia,,1991,7.93272957509908
Bolivia,,1990,7.23622459330852
Bolivia,,1989,7.09474320469439
Bolivia,,1988,7.28055147595597
Bolivia,,1987,7.94905256695826
Bolivia,,1986,8.01995452889205
Bolivia,,1985,8.25811409262511
Bosnia Herzegovina,,2024,20.3059477554195
Bosnia Herzegovina,,2023,19.0586852173251
Bosnia Herzegovina,,2022,19.0910598721056
Bosnia Herzegovina,,2021,19.098149294853
Bosnia Herzegovina,,2020,18.7506430544753
Bosnia Herzegovina,,2019,19.8265969676567
Bosnia Herzegovina,,2018,20.141018442084
Bosnia Herzegovina,,2017,19.9876501155093
Bosnia Herzegovina,,2016,19.7137453121178
Bosnia Herzegovina,,2015,19.7000106512728
Bosnia Herzegovina,,2014,19.7779011953067
Bosnia Herzegovina,,2013,19.7515439048604
Bosnia Herzegovina,,2012,20.4775399413527
Bosnia Herzegovina,,2011,20.3056652821355
Bosnia Herzegovina,,2010,19.6856764045362
Bosnia Herzegovina,,2009,18.9462859848687
Bosnia Herzegovina,,2008,20.3021134967433
Bosnia Herzegovina,,2007,21.3942700350267
Bosnia Herzegovina,,2006,21.6899552075396
Bosnia Herzegovina,,2005,19.8860927297673
Botswana,,2024,22.4882379320016
Botswana,,2023,18.7133278342197
Botswana,,2022,19.6495295038272
Botswana,,2021,22.2304202220167
Botswana,,2020,22.2747050330683
Botswana,,2019,21.0985509979513
Botswana,,2018,21.740494569157
Botswana,,2017,23.9334963141963
Botswana,,2016,21.6300553227647
Botswana,,2015,26.3110988512498
Botswana,,2014,27.0928299660417
Botswana,,2013,26.7403906303594
Botswana,,2012,28.0365776616041
Botswana,,2011,24.0453261607064
Botswana,,2010,23.8833642056949
Botswana,,2009,27.6868140219818
Botswana,,2008,27.9208998753179
Botswana,,2007,26.6174562731084
Botswana,,2006,27.5264402404069
Botswana,,1996,14.9371078939367
Botswana,,1995,16.7657958548749
Botswana,,1994,19.9167439175835
Botswana,,1993,23.6847992198649
Botswana,,1992,27.8455400724745
Botswana,,1991,25.557193488693
Botswana,,1990,27.5016129375315
Brazil,,2024,15.4102340842559
Brazil,,2023,14.0418624162203
Brazil,,2022,14.725847914016
Brazil,,2021,14.136675133405
Brazil,,2020,12.7193878562394
Brazil,,2019,13.737694839557
Brazil,,2018,13.9401079934694
Brazil,,2017,13.6052285153591
Brazil,,2016,13.710430980954
Brazil,,2015,13.6296293653745
Brazil,,2014,13.4900745186687
Brazil,,2013,14.1253057439527
Brazil,,2012,14.3324110911528
Brazil,,2011,14.8512987833721
Brazil,,2010,14.2495759566254
Bulgaria,,2023,20.5146095521809
Bulgaria,,2022,21.7263560549334
Bulgaria,,2021,20.5917857007665
Bulgaria,,2020,20.1966624707302
Bulgaria,,2019,20.595103763448
Bulgaria,,2018,19.983539050314
Bulgaria,,2017,20.523224655166
Bulgaria,,2016,20.3330299615082
Bulgaria,,2015,20.0778036414442
Bulgaria,,2014,19.5666207727537
Bulgaria,,2013,19.6862822353302
Bulgaria,,2012,18.3853352646645
Bulgaria,,2011,17.8827151475731
Bulgaria,,2010,17.8714315570459
Bulgaria,,2009,18.5864986441581
Bulgaria,,2008,21.9738798204441
Bulgaria,,2007,21.7606132992206
Bulgaria,,2006,21.812020406639
Bulgaria,,2005,20.8855219915078
Bulgaria,,2004,21.0295709865638
Bulgaria,,2003,20.1151861523983
Bulgaria,,2002,18.1476658113756
Bulgaria,,2001,19.7804941270264
Bulgaria,,2000,20.4579930652149
Bulgaria,,1999,20.0322957340146
Bulgaria,,1998,19.3755012747903
Bulgaria,,1997,18.5226349001335
Bulgaria,,1996,12.0685973776701
Bulgaria,,1995,11.1566642653274
Bulgaria,,1994,21.2389649923897
Bulgaria,,1993,15.2137838742054
Bulgaria,,1992,16.9033864541833
Bulgaria,,1991,22.3338246131172
Bulgaria,,1990,23.8331284450966
Burkina Faso,,2023,18.5514879980901
Burkina Faso,,2022,17.8607653483496
Burkina Faso,,2021,16.0197877797196
Burkina Faso,,2020,13.7423701755588
Burkina Faso,,2019,15.6406078587093
Burkina Faso,,2018,15.2924120796082
Burkina Faso,,2017,15.2607212238254
Burkina Faso,,2016,14.1391533049498
Burkina Faso,,2015,13.2802007030138
Burkina Faso,,2014,13.6638275123117
Burkina Faso,,2013,14.9486419589637
Burkina Faso,,2012,13.889962428562
Burkina Faso,,2011,12.2194913583116
Burkina Faso,,2010,11.3100646526483
Burkina Faso,,2009,11.127631728475
Burkina Faso,,2008,10.5488763470651
Burkina Faso,,2007,11.2791891175924
Burkina Faso,,2006,10.7784082619188
Burkina Faso,,2005,10.4497340752352
Burkina Faso,,2004,11.2910196611467
Burkina Faso,,2003,9.86131120525554
Burkina Faso,,2002,9.66138376976637
Burundi,,2021,12.6333374627504
Burundi,,2020,12.9599323354184
Burundi,,2019,13.5121247978402
Burundi,,2017,13.8214527654461
Burundi,,2016,14.0031515072636
Burundi,,2015,14.4989724758888
Burundi,,2014,13.6898075514221
Burundi,,2013,13.4877674722013
Burundi,,2012,14.5331459203268
Burundi,,2011,15.5318060779053
Burundi,,2010,13.855957125156
Burundi,,1999,13.1656455862978
Burundi,,1998,13.8542953523238
Burundi,,1997,11.4203617269545
Burundi,,1996,13.4389965792474
Burundi,,1995,16.6782065784591
Burundi,,1994,15.6160547727238
Burundi,,1993,14.9289163092236
Burundi,,1992,15.1227839627811
Burundi,,1991,15.142662979358
Cape Verde,,2020,18.3857032911625
Cape Verde,,2019,18.2240332376635
Cape Verde,,2018,18.93160633834
Cape Verde,,2017,17.8036383653429
Cape Verde,,2016,16.7252781347498
Cape Verde,,2015,17.1355967777829
Cape Verde,,2014,15.5325588996425
Cape Verde,,2013,16.270355465039
Cape Verde,,2012,16.281082729264
Cape Verde,,2011,17.9870830152484
Cape Verde,,2010,16.8224328489103
Cape Verde,,2009,16.8835936399048
Cape Verde,,2008,19.4194463700732
Cape Verde,,2007,19.175765528895
Cape Verde,,2006,22.7417663403995
Cape Verde,,2005,21.0767999025358
Cambodia,,2023,12.203542053066
Cambodia,,2022,13.5187383949089
Cambodia,,2021,11.9927698915381
Cambodia,,2020,13.2902084670658
Cambodia,,2019,14.5706459641918
Cambodia,,2018,12.6410723071222
Cambodia,,2017,11.9278366151763
Cambodia,,2016,11.1748765236774
Cambodia,,2015,10.8884929321084
Cambodia,,2014,11.08378844624
Cambodia,,2013,9.28638425469543
Cambodia,,2012,8.73743328155956
Cambodia,,2011,8.12593534301176
Cambodia,,2010,8.14393451068597
Cambodia,,2009,8.02652016530332
Cambodia,,2008,8.97517318907142
Cambodia,,2007,8.27164124425787
Cambodia,,2006,7.1250108273585
Cambodia,,2005,7.02950143251874
Cambodia,,2004,7.36468106628645
Cambodia,,2003,6.9576526931552
Cambodia,,2002,7.77854123062594
Cameroon,,2021,11.3415157268484
Cameroon,,2020,10.8705828069932
Cameroon,,2019,12.0282727609789
Cameroon,,2018,12.3469457080062
Cameroon,,2017,11.8759411884958
Cameroon,,2016,11.6520313878748
Cameroon,,2015,12.1109695914613
Cameroon,,2014,12.285343811226
Cameroon,,2013,11.5221169764532
Cameroon,,2012,11.3444056049257
Cameroon,,1999,9.70701807917569
Cameroon,,1998,9.69459913614923
Cameroon,,1995,7.18366897108368
Cameroon,,1994,5.8984195225778
Cameroon,,1993,6.55007578773669
Cameroon,,1992,9.75370088625251
Cameroon,,1991,8.90515524474841
Cameroon,,1990,9.76735861979995
Canada,,2024,14.2302331833719
Canada,,2023,14.089801316377
Canada,,2022,13.736451836938
Canada,,2021,13.996294680919
Canada,,2020,13.5185987464231
Canada,,2019,12.7416889014909
Canada,,2018,13.0576846693075
Canada,,2017,12.6120166809848
Canada,,2016,12.496562633144
Canada,,2015,12.3898109063213
Canada,,2014,11.8083790792206
Canada,,2013,11.6235045990299
Canada,,2012,11.6644273631038
Canada,,2011,11.8039212812623
Canada,,2010,11.7328092981826
Canada,,2009,12.3043859548638
Canada,,2008,12.3901655964853
Canada,,2007,13.3344320068963
Canada,,2006,13.3482206693421
Canada,,2005,13.2994928856977
Canada,,2004,13.3447478670743
Canada,,2003,13.2289347132717
Canada,,2002,13.3776274685072
Canada,,2001,14.1814798149467
Canada,,2000,14.8577431846106
Canada,,1999,14.6999207275996
Canada,,1998,14.668397589042
Canada,,1997,14.5677283478242
Canada,,1996,13.8784928253593
Canada,,1995,13.2870622555226
Canada,,1994,13.0736945245539
Canada,,1993,13.6523358280781
Canada,,1992,14.3088598010122
Canada,,1991,14.3976756016547
Canada,,1990,14.1121292420859
Central African Republic,,2021,8.20629230003801
Central African Republic,,2020,8.70964482990026
Central African Republic,,2019,8.31845804130232
Central African Republic,,2018,8.6398307197834
Central African Republic,,2017,7.08124424926288
Central African Republic,,2016,6.80758893719557
Central African Republic,,2015,5.44899138532923
Central African Republic,,2014,4.09850069582654
Central African Republic,,2012,8.17237728051962
Central African Republic,,2011,7.54040362400078
Central African Republic,,2010,8.40789219651707
Central African Republic,,2009,7.90850338381283
Central African Republic,,2008,8.28435088970373
Central African Republic,,2004,6.21197995789257
Chile,,2023,17.7194011337982
Chile,,2022,21.3364673205925
Chile,,2021,19.6762203580828
Chile,,2020,16.1961693313326
Chile,,2019,17.7188527701523
Chile,,2018,18.3955244968596
Chile,,2017,17.5057946834574
Chile,,2016,17.4689644166374
Chile,,2015,17.5460829297571
Chile,,2014,17.0445012165024
Chile,,2013,17.4587728968776
Chile,,2012,18.9910595562318
Chile,,2011,18.9360959954426
Chile,,2010,17.471006271607
Chile,,2009,14.6058605645306
Chile,,2008,18.7092655630745
Chile,,2007,20.3790285412133
Chile,,2006,19.6120173267628
Chile,,2005,18.1208899058922
Chile,,2004,16.4239450549758
Chile,,2003,15.7688272670367
Chile,,2002,16.0730676241399
Chile,,2001,15.9131257668038
Chile,,2000,16.0724036282154
Chile,,1999,15.0949570823752
Chile,,1998,15.771289644969
Chile,,1997,15.7811009565986
Chile,,1996,16.0605426587527
Chile,,1995,15.0239221881507
Chile,,1994,15.5051415719314
Chile,,1993,16.1030196183924
Chile,,1992,15.5435493385271
Chile,,1991,15.0741621731857
Chile,,1990,13.1916391519859
Chile,,1989,13.8639366518689
Chile,,1988,14.3013857925166
Chile,,1987,16.5445349918325
Chile,,1986,17.6978797236696
Chile,,1985,17.9129369664579
Chile,,1984,19.7245477999565
Chile,,1983,18.5989682489998
Chile,,1982,19.5721637532703
Chile,,1981,19.7371408422216
Chile,,1980,18.6925787568221
Chile,,1979,17.5877044630684
Chile,,1978,18.2460516351824
Chile,,1977,18.3521918042929
Chile,,1976,18.0745799385956
Chile,,1975,20.0985522076665
Chile,,1974,15.9688988775224
Chile,,1973,17.0051881634313
Chile,,1972,15.9224229894982
China,,2023,7.6382330077989
China,,2022,7.51799464421188
China,,2021,7.79829641266187
China,,2020,7.92409749807608
China,,2019,8.32942550168391
China,,2018,8.89089034402513
China,,2017,9.24872439365958
China,,2016,8.94556190479944
China,,2015,9.19468038601503
China,,2014,9.49826837509792
China,,2013,9.7321625039509
China,,2012,10.0894667610088
China,,2011,10.1512000219484
China,,2010,10.0382796581446
China,,2009,10.1348503814718
China,,2008,9.94341352833548
China,,2007,9.62573731753299
China,,2006,8.9294828249282
China,,2005,8.45243795005463
Colombia,,2024,15.2812370381266
Colombia,,2023,17.5622334373789
Colombia,,2022,15.2632926851651
Colombia,,2021,14.4462991915374
Colombia,,2020,14.0452385597579
Colombia,,2019,14.9005246267221
Colombia,,2018,14.6098424464284
Colombia,,2017,14.8508184070981
Colombia,,2016,14.3852129240943
Colombia,,2015,15.7972626545312
Colombia,,2014,15.6997483690587
Colombia,,2013,14.0221143464507
Colombia,,2012,13.2269907142761
Colombia,,2011,14.5758811869672
Colombia,,2010,12.1421652023674
Colombia,,2009,12.6752273841946
Colombia,,2008,13.0315110144915
Colombia,,2003,11.2588268629863
Colombia,,2000,11.2197541852291
Colombia,,1999,13.4769212787609
Colombia,,1998,13.7437321563338
Democratic Republic of the Congo,,2022,10.6622824617649
Democratic Republic of the Congo,,2021,7.86739721544676
Democratic Republic of the Congo,,2020,6.70873789310741
Democratic Republic of the Congo,,2019,7.04841775060897
Democratic Republic of the Congo,,2018,7.43715203855764
Democratic Republic of the Congo,,2017,6.67528812445431
Democratic Republic of the Congo,,2016,7.65044332559718
Democratic Republic of the Congo,,2015,8.59028413261217
Democratic Republic of the Congo,,2014,8.0863655024941
Democratic Republic of the Congo,,2013,8.47036896300207
Democratic Republic of the Congo,,2012,8.64379961433928
Democratic Republic of the Congo,,2010,7.45327769625285
Democratic Republic of the Congo,,2009,7.90960875850895
Democratic Republic of the Congo,,2008,7.80871794316237
Democratic Republic of the Congo,,2007,6.36897996666217
Democratic Republic of the Congo,,2006,6.37306348181425
Democratic Republic of the Congo,,2005,5.61765160085664
Democratic Republic of the Congo,,2004,5.27673897174681
Democratic Republic of the Congo,,2003,4.04019790111332
Democratic Republic of the Congo,,2002,4.23547372723084
Democratic Republic of the Congo,,2001,2.75245906279561
Democratic Republic of the Congo,,2000,0.779702331211264
Democratic Republic of the Congo,,1999,3.45979673835024
Democratic Republic of the Congo,,1998,5.34976331444522
Democratic Republic of the Congo,,1997,4.05375005067188
Democratic Republic of the Congo,,1996,4.76004711918406
Democratic Republic of the Congo,,1995,4.93161576886034
Democratic Republic of the Congo,,1994,2.65117845020956
Democratic Republic of the Congo,,1993,3.40808940193165
Democratic Republic of the Congo,,1992,2.72687384180791
Democratic Republic of the Congo,,1991,4.144
Democratic Republic of the Congo,,1990,9.29066122614449
Republic of the Congo,,2021,6.50908825854792
Republic of the Congo,,2020,8.32448488581498
Republic of the Congo,,2019,7.10154938182205
Republic of the Congo,,2018,6.82845231880198
Republic of the Congo,,2017,10.1352630825429
Republic of the Congo,,2016,13.089464226841
Republic of the Congo,,2015,12.1951444175552
Republic of the Congo,,2014,9.58092115661996
Republic of the Congo,,2013,8.62436076479203
Republic of the Congo,,2012,7.27824633563993
Republic of the Congo,,2011,8.11448977021998
Republic of the Congo,,2010,6.90293864613017
Republic of the Congo,,2009,8.22388188953649
Republic of the Congo,,2008,5.89662454769078
Republic of the Congo,,2007,6.02757381714862
Republic of the Congo,,2006,5.29500881987698
Republic of the Congo,,2005,5.6881204351406
Republic of the Congo,,2004,7.81359440508185
Republic of the Congo,,2003,8.64750467565705
Republic of the Congo,,2002,8.14290465105231
Republic of the Congo,,2001,9.07093687448128
Costa Rica,,2023,13.9115296586432
Costa Rica,,2022,14.3541941212592
Costa Rica,,2021,14.040585857592
Costa Rica,,2020,12.2380289914727
Costa Rica,,2019,13.3201329233421
Costa Rica,,2018,13.1821486861854
Costa Rica,,2017,13.2441025558449
Costa Rica,,2016,13.5108543364627
Costa Rica,,2015,13.2539942158309
Costa Rica,,2014,13.0455889610236
Costa Rica,,2013,13.416824749449
Costa Rica,,2012,13.1052960652648
Costa Rica,,2011,13.2089868676909
Costa Rica,,2010,12.9525420562371
Costa Rica,,2009,13.1830719885207
Costa Rica,,2008,15.2325099084058
Costa Rica,,2007,14.8564701582419
Costa Rica,,2006,13.8416637384782
Costa Rica,,2005,13.635396985214
Costa Rica,,2004,13.3589275001756
Costa Rica,,2003,13.5849516097946
Costa Rica,,2002,13.368108901546
Costa Rica,,2001,13.3610338036884
Costa Rica,,2000,12.8397128305791
Costa Rica,,1999,13.1337581607143
Costa Rica,,1998,12.8238649326758
Costa Rica,,1997,12.613164915421
Costa Rica,,1996,12.6428152370212
Costa Rica,,1995,12.2450379591895
Costa Rica,,1994,11.5807869301161
Costa Rica,,1993,12.0352693137855
Costa Rica,,1992,11.976548253817
Costa Rica,,1991,10.5863515072178
Costa Rica,,1990,13.0573346474185
Costa Rica,,1989,13.7047507846128
Costa Rica,,1988,14.7022326120795
Costa Rica,,1987,14.4341578176762
Costa Rica,,1986,13.2573983298679
Costa Rica,,1985,13.2730530245079
Costa Rica,,1984,14.7168072809855
Costa Rica,,1983,15.2187698161065
Costa Rica,,1982,12.6557483542812
Costa Rica,,1981,12.381200780513
Costa Rica,,1980,11.6168139669017
Costa Rica,,1979,11.883970601474
Costa Rica,,1978,12.6515622799897
Costa Rica,,1977,12.3050282048147
Costa Rica,,1976,12.1882799048153
Costa Rica,,1975,12.4370708760522
Costa Rica,,1974,13.6201639990327
Costa Rica,,1973,12.4970478184578
Costa Rica,,1972,11.4413690693542
Ivory Coast,,2023,13.0371915904877
Ivory Coast,,2022,11.8184021017749
Ivory Coast,,2021,12.3894127184877
Ivory Coast,,2020,11.7866882362427
Ivory Coast,,2019,11.6654955002548
Ivory Coast,,2018,11.6659927460391
Ivory Coast,,2017,11.756370693915
Ivory Coast,,2016,11.4603709083276
Ivory Coast,,2015,11.1757327994559
Ivory Coast,,2014,10.11725754556
Ivory Coast,,2013,10.6359292433206
Ivory Coast,,2012,10.619351578358
Ivory Coast,,2011,7.57148126100708
Ivory Coast,,2010,10.213762113664
Ivory Coast,,2009,10.5012658369382
Ivory Coast,,2008,10.7442668136723
Ivory Coast,,2007,10.6657567522302
Ivory Coast,,2006,10.3299160766247
Ivory Coast,,2005,9.87243911760948
Ivory Coast,,2004,10.0128885806634
Ivory Coast,,2003,9.6568945061175
Ivory Coast,,2002,10.0548462063633
Ivory Coast,,2001,9.53622594518063
Ivory Coast,,1995,18.8190745863034
Ivory Coast,,1990,18.0109074301712
Croatia,,2023,21.1834528152976
Croatia,,2022,21.6758671975929
Croatia,,2021,21.0722052505456
Croatia,,2020,20.8751842032435
Croatia,,2019,21.973327179732
Croatia,,2018,21.7869363974923
Croatia,,2017,22.0179569319202
Croatia,,2016,21.9038573475427
Croatia,,2015,21.416296612874
Croatia,,2014,20.3827802988866
Croatia,,2013,20.5989831959733
Croatia,,2012,20.129351556673
Croatia,,2011,19.6485230269156
Croatia,,2010,20.2809334043279
Croatia,,2009,20.2770052051942
Croatia,,2008,21.2698893537811
Croatia,,2007,21.4885936264409
Croatia,,2006,21.4560642659971
Croatia,,2005,20.885012919611
Croatia,,2004,20.882954566487
Croatia,,2003,21.6704960225351
Croatia,,2002,22.222094450956
Croatia,,2001,21.8785131056257
Croatia,,2000,22.7851981653961
Croatia,,1999,23.3889108662375
Croatia,,1998,24.2414820697298
Croatia,,1997,22.2841315073274
Croatia,,1996,23.1204865642999
Croatia,,1995,23.490744304433
Croatia,,1994,26.1624426746234
Croatia,,1993,20.9797310269437
Croatia,,1992,19.2137006950181
Croatia,,1991,14.495710897519
Cyprus,,2023,23.2663088788842
Cyprus,,2022,22.9534539238281
Cyprus,,2021,22.5522799224155
Cyprus,,2020,21.9401064770959
Cyprus,,2019,23.0747988940916
Cyprus,,2018,23.8334479788945
Cyprus,,2017,23.819883399544
Cyprus,,2016,23.5160580075036
Cyprus,,2015,24.0473874693333
Cyprus,,2014,24.7157220076717
Cyprus,,2013,23.5211674986721
Cyprus,,2012,23.3347688877135
Cyprus,,2011,23.1497754364522
Cyprus,,2010,23.0541633071918
Cyprus,,2009,23.2492377292522
Cyprus,,2008,26.9496263455086
Cyprus,,2007,28.4229518891301
Cyprus,,2006,24.31188563645
Cyprus,,2005,23.1684581894033
Cyprus,,2004,21.8288375781342
Cyprus,,2003,22.0150698014494
Cyprus,,2002,21.4312693114226
Cyprus,,2001,21.2956362120587
Cyprus,,2000,20.7966335767945
Cyprus,,1999,18.8469269058609
Cyprus,,1998,18.3161200731276
Cyprus,,1997,17.1172284731415
Cyprus,,1996,17.8419789921569
Cyprus,,1995,18.4350342490507
Cyprus,,1994,20.8034075108448
Cyprus,,1993,19.4570496331551
Cyprus,,1992,18.0663250930461
Cyprus,,1991,16.9802219883635
Cyprus,,1990,18.0298939785434
Cyprus,,1989,18.3570374312901
Cyprus,,1988,17.3866421937942
Cyprus,,1987,16.3313115516626
Cyprus,,1986,16.7012308485358
Cyprus,,1985,16.5564691727017
Cyprus,,1984,16.1320463228546
Cyprus,,1983,15.4059994934525
Cyprus,,1982,14.2413895452211
Cyprus,,1981,13.7933786537616
Cyprus,,1980,14.7875835774413
Cyprus,,1979,14.1997457896144
Cyprus,,1978,13.5794673971749
Cyprus,,1977,13.2309141257416
Cyprus,,1976,12.1203957795065
Cyprus,,1975,13.3891041573581
Czechia,,2022,12.6419883935481
Czechia,,2021,12.9358385035563
Czechia,,2020,14.0731168065984
Czechia,,2019,14.524571696195
Czechia,,2018,14.65729130846
Czechia,,2017,14.8067786190684
Czechia,,2016,14.7706497791672
Czechia,,2015,14.6856290224908
Czechia,,2014,14.3234419623065
Czechia,,2013,14.986384060872
Czechia,,2012,14.8219229571973
Czechia,,2011,14.4031469799321
Czechia,,2010,13.5150877074659
Czechia,,2009,13.6005403617534
Czechia,,2008,13.6910275601823
Czechia,,2007,14.6226925120358
Czechia,,2006,14.2247635579556
Czechia,,2005,14.4719480929411
Czechia,,2004,15.3637066407322
Czechia,,2003,14.9342597779117
Czechia,,2002,14.4922139897488
Czechia,,2001,14.6706596068644
Czechia,,2000,14.3940909280327
Czechia,,1999,14.7763284118601
Czechia,,1998,14.2860567923411
Czechia,,1997,14.9979091243393
Czechia,,1996,15.2021454386609
Czechia,,1995,16.1241883041147
Czechia,,1994,16.5352256889033
Czechia,,1993,18.6166021635235
Denmark,,2023,31.5935489663634
Denmark,,2022,30.809641082876
Denmark,,2021,35.1995025742209
Denmark,,2020,34.470930251185
Denmark,,2019,34.9773905428147
Denmark,,2018,32.3839236687064
Denmark,,2017,33.2797095205553
Denmark,,2016,33.4903267444358
Denmark,,2015,34.1560427381574
Denmark,,2014,36.5850723841222
Denmark,,2013,33.7961426931306
Denmark,,2012,33.5146741563207
Denmark,,2011,32.8089690985065
Denmark,,2010,32.7637143283641
Denmark,,2009,32.9767812920754
Denmark,,2008,33.4227790621361
Denmark,,2007,35.1418397665865
Denmark,,2006,31.8928909651121
Denmark,,2005,32.9896907527703
Denmark,,2004,31.2356786779335
Denmark,,2003,30.2738918313787
Denmark,,2002,30.1937128403241
Denmark,,2001,30.1926754363636
Denmark,,2000,31.500941763127
Denmark,,1999,32.0893083367811
Denmark,,1998,32.2070729134714
Denmark,,1997,31.8221219420916
Denmark,,1996,32.029247489339
Denmark,,1995,31.7355683200248
Denmark,,1994,31.5895044604022
Denmark,,1993,30.8662585269785
Denmark,,1992,29.4762042121132
Denmark,,1991,29.1386375357092
Denmark,,1990,29.7309607065473
Denmark,,1989,31.4237824649966
Denmark,,1988,32.4493923075407
Denmark,,1987,32.2898571607778
Denmark,,1986,32.8665235959333
Denmark,,1985,30.6034943812589
Denmark,,1984,29.1268445120761
Denmark,,1983,27.9510693488915
Denmark,,1982,27.247412038156
Denmark,,1981,28.2384517828259
Denmark,,1980,28.6532702152372
Denmark,,1979,28.5925495239975
Denmark,,1978,28.1555652564996
Denmark,,1977,27.1102705101025
Denmark,,1976,26.5288296049769
Denmark,,1975,26.7550208677107
Denmark,,1974,29.1380271543528
Denmark,,1973,28.9334901464964
Denmark,,1972,29.0094807210035
Dominican Republic,,2024,14.7034417622704
Dominican Republic,,2023,14.5126176833961
Dominican Republic,,2022,13.9061030287421
Dominican Republic,,2021,14.3635003789511
Dominican Republic,,2020,12.5072744137302
Dominican Republic,,2019,13.350797729342
Dominican Republic,,2018,13.1860453360425
Dominican Republic,,2017,13.2405929891988
Dominican Republic,,2016,13.0122120959543
Dominican Republic,,2015,12.9465157010045
Dominican Republic,,2014,13.4195317717898
Dominican Republic,,2013,13.5308948006543
Dominican Republic,,2012,13.0522728344989
Dominican Republic,,2011,12.3149237686754
Dominican Republic,,2010,12.2208185463529
Dominican Republic,,2009,12.6456822680505
Dominican Republic,,2008,14.1702312688308
Dominican Republic,,2007,14.8862683674784
Dominican Republic,,2006,13.9947598952419
Dominican Republic,,2005,13.6981611227812
Dominican Republic,,2004,12.5218843192576
Dominican Republic,,2003,11.7451429766864
Dominican Republic,,2002,13.216727613399
Dominican Republic,,2001,13.3805069862852
Dominican Republic,,2000,12.1644136566349
Dominican Republic,,1999,11.5292954816426
Dominican Republic,,1998,11.4316696590021
Dominican Republic,,1997,11.4087879252525
Dominican Republic,,1996,10.3443425255087
Dominican Republic,,1995,10.5746248391509
Dominican Republic,,1994,10.5341580201292
Dominican Republic,,1993,11.154462736089
Dominican Republic,,1992,10.8703353772716
Dominican Republic,,1991,7.59081769799996
Dominican Republic,,1990,10.2967892812404
Dominican Republic,,1989,12.3845917958153
Dominican Republic,,1988,11.7008873533127
Dominican Republic,,1987,11.2446214001321
Dominican Republic,,1986,11.2818955384209
Dominican Republic,,1985,9.69124558967762
Dominican Republic,,1984,9.02277039848197
Dominican Republic,,1983,8.45715029390712
Dominican Republic,,1982,7.97832450347147
Dominican Republic,,1981,9.71261555552617
Dominican Republic,,1980,10.3071894458166
Dominican Republic,,1979,11.0314977813341
Dominican Republic,,1978,11.3509631632308
Dominican Republic,,1977,12.5373329554621
Dominican Republic,,1976,13.2633177274453
Dominican Republic,,1975,16.0813514114248
Dominican Republic,,1974,14.4204805687528
Dominican Republic,,1973,13.4382463323098
Dominican Republic,,1972,13.8522692965684
Ecuador,,2022,13.0891981797338
Ecuador,,2021,12.735868402819
Ecuador,,2020,12.9414345871949
Ecuador,,2019,13.400889588379
Ecuador,,2018,14.2925485667842
Ecuador,,2017,13.6893043161774
Ecuador,,2016,14.5417706423945
Ecuador,,2015,16.3890534817574
Ecuador,,2014,14.0206757263498
Ecuador,,2013,14.1232339115654
Egypt,,2015,12.5192110970171
Egypt,,2014,12.2201408450704
Egypt,,2013,13.4980649322726
Egypt,,2012,12.3849047590613
Egypt,,2011,14.0086354022318
Egypt,,2010,14.1300762473065
Egypt,,2009,15.6613605833813
Egypt,,2008,15.3205248464545
Egypt,,2007,15.3498523093448
Egypt,,2006,15.8295127084345
Egypt,,2005,14.068635097493
Egypt,,2004,13.8359777457243
Egypt,,2003,13.3499401197605
Egypt,,2002,13.4077593032462
Egypt,,1997,15.9646483640466
Egypt,,1996,17.4629468177855
Egypt,,1995,17.6230392156863
Egypt,,1994,19.0474285714286
Egypt,,1993,18.764175257732
Egypt,,1992,18.4802300503235
Egypt,,1991,14.7377777777778
Egypt,,1990,13.2348643006263
Egypt,,1989,13.838961038961
Egypt,,1988,14.349025974026
Egypt,,1987,14.5708737864078
Egypt,,1986,16.3197278911565
Egypt,,1985,17.254691689008
Egypt,,1984,18.4462025316456
Egypt,,1983,21.0827067669173
Egypt,,1982,21.6957605985037
Egypt,,1981,26.2442996941523
Egypt,,1979,21.285197869102
Egypt,,1978,23.0710966447624
Egypt,,1977,25.5179722042899
Egypt,,1976,17.3313844226352
Egypt,,1975,20.5216145931482
El Salvador,,2024,21.4969845858726
El Salvador,,2023,20.7052378334693
El Salvador,,2022,21.1624556167344
El Salvador,,2021,19.6896754276569
El Salvador,,2020,18.3907750793602
El Salvador,,2019,18.0814504146774
El Salvador,,2018,18.128923536318
El Salvador,,2017,17.7537510663877
El Salvador,,2016,17.3547756209534
El Salvador,,2015,16.7526849114951
El Salvador,,2014,16.7087952005602
El Salvador,,2013,17.0547352184716
El Salvador,,2012,16.1824358287957
El Salvador,,2011,15.3440335085472
El Salvador,,2010,15.8120807115382
El Salvador,,2009,14.9770305233268
El Salvador,,2008,17.0602032925092
El Salvador,,2007,16.744896909489
El Salvador,,2006,15.6701077319907
El Salvador,,2005,14.5108177983399
El Salvador,,2004,12.6544548602852
El Salvador,,2003,12.6782970945656
El Salvador,,2002,12.0994707415286
El Salvador,,2001,13.3067008259599
El Salvador,,2000,10.6054956959982
El Salvador,,1999,10.4317569074698
El Salvador,,1998,9.87978982523739
Equatorial Guinea,,2022,6.5959868261885
Equatorial Guinea,,2021,5.39509912535224
Equatorial Guinea,,2020,8.01129013375148
Equatorial Guinea,,2019,9.3019436135355
Equatorial Guinea,,2018,6.16890891005787
Equatorial Guinea,,2017,5.98184687142135
Equatorial Guinea,,2016,6.38440698924322
Equatorial Guinea,,2015,11.4567349341023
Equatorial Guinea,,2014,8.29890080834834
Equatorial Guinea,,2013,8.51634994295938
Equatorial Guinea,,2012,8.74221905302396
Equatorial Guinea,,2011,7.01579011279278
Equatorial Guinea,,2010,7.5861592239033
Equatorial Guinea,,2009,12.7630966475237
Equatorial Guinea,,2008,7.78635988913296
Equatorial Guinea,,2007,7.54668815352279
Equatorial Guinea,,2006,9.66888288644266
Estonia,,2023,21.3289742256328
Estonia,,2022,21.098827586414
Estonia,,2021,21.7424154968985
Estonia,,2020,20.7215984585967
Estonia,,2019,21.0626465669172
Estonia,,2018,20.8332765978306
Estonia,,2017,20.8680916555804
Estonia,,2016,21.6774027118622
Estonia,,2015,21.5659169044997
Estonia,,2014,20.7046889899527
Estonia,,2013,20.239593208473
Estonia,,2012,20.1620993799871
Estonia,,2011,19.4461104284907
Estonia,,2010,20.1886259760194
Estonia,,2009,21.7176782492491
Estonia,,2008,19.3870577164993
Estonia,,2007,20.260803407453
Estonia,,2006,19.9559905072248
Estonia,,2005,19.0966557318789
Estonia,,2004,20.2281908937352
Estonia,,2003,19.8240184627071
Estonia,,2002,19.6286040279847
Estonia,,2001,19.2347051088645
Estonia,,2000,19.6861614691059
Estonia,,1999,20.9245903191704
Estonia,,1998,22.1073473986806
Estonia,,1997,21.9671891680782
Estonia,,1996,21.8490911610692
Estonia,,1995,22.8390173739655
Estonia,,1994,20.2755035634285
Estonia,,1993,15.4276596443403
Estonia,,1992,12.5027143533478
Estonia,,1991,17.5799392806864
Eswatini,,2021,24.3477036729934
Eswatini,,2020,27.0899428601234
Eswatini,,2019,24.5275112529739
Eswatini,,2018,24.3292631063018
Eswatini,,2017,26.3421774916985
Eswatini,,2016,23.9100279570275
Eswatini,,2015,27.4288566420473
Eswatini,,2014,29.7662142682087
Eswatini,,2012,29.0584014944038
Eswatini,,2011,16.6438996974831
Eswatini,,2010,16.2869148362489
Eswatini,,2009,25.6692045363626
Eswatini,,2008,30.3481286849859
Eswatini,,2007,27.9098449195648
Eswatini,,2006,31.708671650144
Eswatini,,2005,22.5943394716568
Eswatini,,2004,22.7263676688429
Eswatini,,2003,18.5664101996738
Eswatini,,2002,17.5385699442816
Eswatini,,2001,18.2060213292991
Eswatini,,2000,18.5706085322925
Eswatini,,1999,25.056044327891
Ethiopia,,2024,3.39819259746301
Ethiopia,,2023,3.93105822731496
Ethiopia,,2022,4.49688508975156
Ethiopia,,2021,5.32472596181248
Ethiopia,,2020,6.19630068633641
Ethiopia,,2019,6.66173828015493
Ethiopia,,2018,7.51992182973201
Ethiopia,,2017,7.60392938723219
Ethiopia,,2016,8.08706320792694
Ethiopia,,2015,8.35133826471763
Ethiopia,,2014,8.81195539340994
Ethiopia,,2013,8.76472537696952
Ethiopia,,2012,9.37759471496754
Ethiopia,,2011,9.20935861701915
Ethiopia,,2010,8.1634410798229
Ethiopia,,2009,6.58118138102551
Ethiopia,,2008,7.81414425408042
Ethiopia,,2007,7.81252966616113
Ethiopia,,2006,8.26284585481565
Ethiopia,,2005,8.72441638457737
Ethiopia,,2004,9.68076220287628
Ethiopia,,2003,9.11689550681182
Ethiopia,,2002,9.70983167885198
Ethiopia,,2001,8.08387167264084
Ethiopia,,1999,10.6198479060259
Ethiopia,,1998,10.987988994342
Ethiopia,,1997,10.2666068991452
Ethiopia,,1996,8.734556381743
Ethiopia,,1995,8.22432020449962
Ethiopia,,1994,7.49133792136953
Ethiopia,,1993,5.76799563491457
Ethiopia,,1992,5.46444020842868
Ethiopia,,1991,7.26923684243452
Ethiopia,,1990,8.42888434813352
Fiji,,2023,20.5379880712802
Fiji,,2022,18.4958647782959
Fiji,,2021,16.4195674853394
Fiji,,2020,18.0169143972691
Fiji,,2019,23.2487168120134
Fiji,,2018,23.9933534156946
Fiji,,2017,24.6699420718659
Fiji,,2016,23.5346235455103
Fiji,,2015,24.8700529864748
Fiji,,2014,23.9766794213578
Fiji,,2013,23.4756627490463
Fiji,,2012,22.8925761402836
Fiji,,2011,22.9170933190503
Fiji,,2010,21.8225644147626
Fiji,,2009,21.7493556647548
Fiji,,2008,22.7136293078984
Fiji,,2007,19.2096698406279
Fiji,,2006,23.3862792496761
Fiji,,2005,21.5360119047619
Fiji,,2004,22.3492148047133
Fiji,,1996,21.2078200321371
Fiji,,1995,22.2061424086037
Fiji,,1994,21.4900303018967
Fiji,,1993,21.4021803766105
Fiji,,1992,21.5925668634943
Fiji,,1991,21.871694417238
Fiji,,1990,22.7570707070707
Finland,,2023,25.3756670380578
Finland,,2022,21.1993912863772
Finland,,2021,20.8297824444051
Finland,,2020,20.0057532774645
Finland,,2019,20.7845948733429
Finland,,2018,20.9641879217783
Finland,,2017,20.8810623659359
Finland,,2016,20.9872193661139
Finland,,2015,20.5868919844713
Finland,,2014,20.735954919725
Finland,,2013,20.7270868858018
Finland,,2012,20.2018185629161
Finland,,2011,20.0526169335458
Finland,,2010,18.60088122585
Finland,,2009,18.884089470933
Finland,,2008,20.4923476085311
Finland,,2007,21.0666153459604
Finland,,2006,21.4247285391152
Finland,,2005,21.7956348001409
Finland,,2004,21.8147800505226
Finland,,2003,22.0632242245277
Finland,,2002,22.4744004311506
Finland,,2001,21.8922226909061
Finland,,2000,24.2502896191691
Finland,,1999,22.3921883866087
Finland,,1998,22.7175727179879
Finland,,1997,22.6246794987541
Finland,,1996,21.9333771340596
Finland,,1995,20.7223678062852
Finland,,1994,23.1348851466143
Finland,,1993,22.4449646303002
Finland,,1992,24.8828310334253
Finland,,1991,24.4354630952792
Finland,,1990,24.4172393144541
Finland,,1989,24.6525865666775
Finland,,1988,24.193636665841
Finland,,1987,22.6733444470706
Finland,,1986,23.9809213095922
Finland,,1985,23.4859382567626
Finland,,1984,22.7460622169829
Finland,,1983,22.3450780961957
Finland,,1982,22.1680113759581
Finland,,1981,22.5311105698747
Finland,,1980,21.4562024658348
Finland,,1979,21.1858770377442
Finland,,1978,22.4166806088612
Finland,,1977,24.2183463726254
Finland,,1976,24.6998680440276
Finland,,1975,22.1574909008596
Finland,,1974,21.3463775616399
Finland,,1973,22.0017598269991
Finland,,1972,21.7635809516733
France,,2023,23.0769652594876
France,,2022,24.5475390855725
France,,2021,23.9794445386059
France,,2020,24.7888064416138
France,,2019,24.6605263993177
France,,2018,24.3098642807809
France,,2017,23.7863349624871
France,,2016,23.1463283405753
France,,2015,23.2974119760792
France,,2014,23.1556593525911
France,,2013,23.2041011683014
France,,2012,22.608974141338
France,,2011,21.8260251212647
France,,2010,21.9860264776611
France,,2009,20.7468106096774
France,,2008,22.0891842345504
France,,2007,22.2192097607056
France,,2006,22.6603947257799
France,,2005,22.405869035214
France,,2004,22.3223206875365
France,,2003,22.2935305694438
France,,2002,22.764124672502
France,,2001,23.563254487096
France,,2000,23.5306025928572
France,,1999,23.7873401244886
France,,1998,23.1752076924494
France,,1997,21.2050966247779
France,,1996,20.5321010378968
France,,1995,19.5966740550192
France,,1994,19.1964876648862
France,,1993,18.502017062162
France,,1992,18.6235360554264
France,,1991,19.0732292791225
France,,1990,18.9060035931902
France,,1989,19.0634903504811
France,,1988,19.3648715384986
France,,1987,20.0390899115185
France,,1986,19.827446434481
France,,1985,19.8639637649345
France,,1984,19.7779996165843
France,,1983,19.6730682436608
France,,1982,19.8282142381159
France,,1981,19.5700098175268
France,,1980,19.4796702820218
France,,1979,19.0092416853532
France,,1978,18.4385783159476
France,,1977,18.4148431593592
France,,1976,19.0423145536686
France,,1975,17.8957965373321
France,,1974,19.0612380972136
France,,1973,18.0117702513024
France,,1972,18.837826517431
Gabon,,2021,9.49032554345705
Gabon,,2020,12.4267778464103
Gabon,,2019,11.4795282444447
Gabon,,2018,10.2153363842436
Gabon,,2017,11.0849703009531
Gabon,,2016,11.4680637073487
Gabon,,2015,12.8300685424387
Gabon,,2014,15.1052288778108
Gabon,,2013,16.0588356014227
Gabon,,2012,14.0605243295111
Gambia,,1990,18.2047799785766
Georgia,,2024,24.2581681897327
Georgia,,2023,23.5992189173728
Georgia,,2022,22.9022783420258
Georgia,,2021,21.4728937487649
Georgia,,2020,21.1807829038543
Georgia,,2019,22.8972770783896
Georgia,,2018,22.0478688235553
Georgia,,2017,23.0135462022254
Georgia,,2016,23.0424315377671
Georgia,,2015,22.3477480606692
Georgia,,2014,22.0531492339701
Georgia,,2013,22.0625986684055
Georgia,,2012,23.0885041402301
Georgia,,2011,22.6614046515192
Georgia,,2010,21.1106596234593
Georgia,,2009,23.5093961970421
Georgia,,2008,24.2245044534965
Georgia,,2007,20.9552895761984
Georgia,,2006,18.5701129087231
Georgia,,2005,16.5426085759279
Georgia,,2004,15.102348258909
Georgia,,2003,10.9223385995026
Georgia,,2002,11.6215128755365
Georgia,,2001,11.8046748576566
Georgia,,2000,11.4014330393341
Georgia,,1999,11.1912784236245
Georgia,,1998,10.0157304713168
Georgia,,1997,10.6237239017322
Georgia,,1996,7.87643789582526
Georgia,,1995,5.41484296030328
Germany,,2023,10.6356015557046
Germany,,2022,11.204620255227
Germany,,2021,11.4768326661851
Germany,,2020,11.1648293689433
Germany,,2019,11.9024787407273
Germany,,2018,11.9511477768103
Germany,,2017,11.9735022246491
Germany,,2016,11.8344647143693
Germany,,2015,11.9885456247591
Germany,,2014,12.050213270698
Germany,,2013,12.0952178281376
Germany,,2012,11.9144565745477
Germany,,2011,11.7508036302609
Germany,,2010,11.3044209753524
Germany,,2009,11.8345449223527
Germany,,2008,11.6265911759254
Germany,,2007,11.4680869476284
Germany,,2006,10.9320825330355
Germany,,2005,10.7118256360423
Germany,,2004,10.480323064578
Germany,,2003,11.0075820796944
Germany,,2002,10.8344127806563
Germany,,2001,10.9562611305698
Germany,,2000,11.6587154757097
Germany,,1999,11.4113920394369
Germany,,1998,10.7927073495161
Germany,,1997,10.6964792240669
Germany,,1996,10.8612643630481
Germany,,1995,11.444000568442
Germany,,1994,11.6240302064178
Germany,,1993,11.4183937086733
Germany,,1992,11.700050880466
Germany,,1991,11.5872606982866
Germany,,1990,9.79639199507285
Germany,,1989,10.2133027923331
Germany,,1988,9.78063999242609
Germany,,1987,10.0478215288326
Germany,,1986,9.90160625734863
Germany,,1985,10.1597578771751
Germany,,1984,10.1536576313219
Germany,,1983,9.71481031850358
Germany,,1982,9.75867311246274
Germany,,1981,10.0200259390841
Germany,,1980,10.2450315020486
Germany,,1979,10.3419883862959
Germany,,1978,10.4549552863383
Germany,,1977,10.4525700227677
Germany,,1976,10.1332085866574
Germany,,1975,10.0082100586309
Germany,,1974,10.4369869045533
Germany,,1973,10.8795347405568
Germany,,1972,10.7447372455134
Ghana,,2022,12.2975358068104
Ghana,,2021,12.2446867253489
Ghana,,2020,11.340431962023
Ghana,,2019,11.9969959068106
Ghana,,2018,12.244241507107
Ghana,,2017,11.5770312767272
Ghana,,2016,11.0583291932876
Ghana,,2015,11.6905632095875
Ghana,,2014,11.2521859781818
Ghana,,2013,10.6718365010487
Ghana,,2012,15.3681810131246
Ghana,,2011,14.8657903615734
Ghana,,2010,13.3883874032931
Ghana,,2009,12.6124615220586
Ghana,,2008,13.8959679074555
Ghana,,2007,13.8779845463992
Ghana,,2006,12.534618528847
Ghana,,2005,21.321508315786
Ghana,,2004,21.7521055188451
Ghana,,2003,18.4776861347961
Ghana,,2002,17.4931112111661
Ghana,,2001,17.1929278946802
Ghana,,1993,13.1492471785336
Ghana,,1992,10.7686571823574
Ghana,,1991,13.1595956217207
Ghana,,1990,11.4367986938714
Greece,,2023,26.6941129395794
Greece,,2022,27.7824123127756
Greece,,2021,25.5777359596935
Greece,,2020,24.9917156858479
Greece,,2019,25.9324359654947
Greece,,2018,27.1083919768284
Greece,,2017,26.7428191688464
Greece,,2016,27.0349616993722
Greece,,2015,25.3959107582621
Greece,,2014,25.3987231791514
Greece,,2013,24.7308046940324
Greece,,2012,24.9543887136577
Greece,,2011,22.4592713947757
Greece,,2010,20.4346791237019
Greece,,2009,20.0467212280259
Greece,,2008,20.4892108105139
Greece,,2007,20.5440647006846
Greece,,2006,20.3113525444312
Greece,,2005,20.7928823703071
Greece,,2004,19.6220114639512
Greece,,2003,20.2520438018772
Greece,,2002,21.8769704329815
Greece,,2001,21.6130465155138
Greece,,2000,23.309875911687
Greece,,1999,22.2860306923914
Greece,,1998,21.2361125370926
Greece,,1997,20.1397117181124
Greece,,1996,19.075319278645
Greece,,1995,18.8429151205785
Greece,,1990,15.3345693086051
Greece,,1989,13.1836602169522
Greece,,1988,15.3105815227707
Greece,,1987,16.5861427889169
Greece,,1986,15.8125098599481
Greece,,1985,14.0069320563564
Greece,,1984,14.1672041593224
Greece,,1983,15.8178508202249
Greece,,1982,15.1455194067279
Greece,,1981,12.496636285185
Greece,,1980,13.9654045418373
Greece,,1979,14.0920525592262
Greece,,1978,14.4878235864234
Greece,,1977,14.1618784910768
Greece,,1976,14.2986221674416
Greece,,1975,12.8821094723703
Greece,,1974,12.8146380655006
Greece,,1973,12.6597206917745
Greece,,1972,13.084667539778
Guatemala,,2023,11.5678620103716
Guatemala,,2022,11.8188537119783
Guatemala,,2021,11.5588951013521
Guatemala,,2020,9.95508945163219
Guatemala,,2019,10.4353893768797
Guatemala,,2018,10.5609513473985
Guatemala,,2017,10.6355700138883
Guatemala,,2016,10.4215141317608
Guatemala,,2015,10.3582512654041
Guatemala,,2014,10.7778148103957
Guatemala,,2013,11.1022993574743
Guatemala,,2012,11.0095522577245
Guatemala,,2011,11.0178435441484
Guatemala,,2010,10.6050218415127
Guatemala,,2009,10.5046855717088
Guatemala,,2008,11.4590303096883
Guatemala,,2007,12.2552412852976
Guatemala,,2006,12.0510563506017
Guatemala,,2005,11.3843835155732
Guatemala,,2004,11.7428498298475
Guatemala,,2003,11.8583959396845
Guatemala,,2002,12.0735961626442
Guatemala,,2001,11.0386722099797
Guatemala,,2000,10.0649764496874
Guatemala,,1999,10.2471509266561
Guatemala,,1998,9.37193397451466
Guatemala,,1997,8.69766927303716
Guatemala,,1996,8.52966373904846
Guatemala,,1995,7.71473124255776
Guatemala,,1994,6.76522723609661
Guatemala,,1993,7.81982716975758
Guatemala,,1992,8.31394870079594
Guatemala,,1991,7.32568643787739
Guatemala,,1990,6.86521167042449
Guinea,,1992,7.43568715023211
Guinea,,1991,7.36967442326664
Guinea,,1990,8.30241553782468
Guinea,,1989,7.82541461561339
Guinea-Bissau,,2023,8.64191716838539
Guinea-Bissau,,2022,8.69743380915367
Guinea-Bissau,,2021,8.78805445875264
Guinea-Bissau,,2020,6.9456646136516
Guinea-Bissau,,2019,8.5338507606032
Guinea-Bissau,,2018,8.85787789114937
Guinea-Bissau,,2017,9.48153396332741
Honduras,,2020,15.0661315517441
Honduras,,2015,17.3444720606978
Honduras,,2014,16.5426382431714
Honduras,,2013,15.0632419077525
Honduras,,2012,14.7474723155071
Honduras,,2011,14.7879787886259
Honduras,,2010,14.4250984008607
Honduras,,2009,14.1619701907107
Honduras,,2008,16.1305159842983
Honduras,,2007,16.3850005480222
Honduras,,2006,15.2383560846971
Honduras,,2005,14.5349539639745
Honduras,,2004,14.4958593254183
Honduras,,2003,13.7464657766749
Honduras,,1981,9.98200925238449
Honduras,,1980,10.9832307499058
Honduras,,1979,10.3782072042895
Honduras,,1978,10.2228813736344
Honduras,,1977,11.5010259378124
Honduras,,1976,9.89114704586925
Honduras,,1975,9.36806886959137
Honduras,,1974,9.25583266291231
Honduras,,1973,8.75653638216786
Honduras,,1972,8.31514093048076
Hungary,,2022,23.4285893294636
Hungary,,2021,21.3456992963306
Hungary,,2020,22.6858959289388
Hungary,,2019,22.2398241353198
Hungary,,2018,22.4479923581732
Hungary,,2017,22.845714410355
Hungary,,2016,23.0006172635172
Hungary,,2015,23.2221491904117
Hungary,,2014,23.0029515544783
Hungary,,2013,22.8744366474572
Hungary,,2012,22.9290319408291
Hungary,,2011,21.0755779468166
Hungary,,2010,22.6349958124257
Hungary,,2009,23.3408896848246
Hungary,,2008,23.2735248156211
Hungary,,2007,21.391802600658
Hungary,,2006,19.8288097717827
Hungary,,2005,19.919313955977
Hungary,,2004,20.3833165834293
Hungary,,2003,20.6845560575176
Hungary,,2002,20.8845406070754
Hungary,,2001,21.3797375690868
Hungary,,2000,22.3512215738023
Hungary,,1999,21.7636593019673
Hungary,,1998,20.7321964296248
Hungary,,1997,20.8898361559331
Hungary,,1996,22.8304438930091
Hungary,,1995,23.0916335586681
Hungary,,1994,24.1158616614856
Hungary,,1993,24.9289055431283
Hungary,,1992,23.9958935451066
Hungary,,1991,25.4661872727268
Hungary,,1990,28.0331616252036
Hungary,,1989,28.8376371736574
Hungary,,1988,33.5211515596914
Hungary,,1987,34.1481003703144
Hungary,,1986,34.1303782570866
Hungary,,1985,29.8572341905933
Hungary,,1984,34.5596716860911
Hungary,,1983,36.6336484207121
Hungary,,1982,33.9232085555418
Hungary,,1981,35.13355273722
Iceland,,2023,23.1751062205462
Iceland,,2022,22.1634978708807
Iceland,,2021,21.0561506210511
Iceland,,2020,21.9901621397725
Iceland,,2019,21.6648659515767
Iceland,,2018,22.6193554944478
Iceland,,2017,23.6064643566035
Iceland,,2016,37.0945238249408
Iceland,,2015,22.4545104408711
Iceland,,2014,24.2416141347304
Iceland,,2013,21.4977898516127
Iceland,,2012,21.2266695560633
Iceland,,2011,20.3516970395823
Iceland,,2010,19.9772165308916
Iceland,,2009,19.845839486137
Iceland,,2008,22.5812667805288
Iceland,,2007,25.5948803440942
Iceland,,2006,26.5830910024922
Iceland,,2005,26.7767504673533
Iceland,,2004,24.520429080191
Iceland,,2003,23.3999624865138
Iceland,,2002,22.3580447359588
Iceland,,2001,22.5218740510168
Iceland,,2000,24.7910485352777
Iceland,,1999,25.5037718634133
Iceland,,1998,23.5836415836455
Iceland,,1997,21.5775655823311
Iceland,,1996,22.6532318235768
Iceland,,1995,21.752971776042
Iceland,,1994,21.5031454097374
Iceland,,1993,21.7462113129346
Iceland,,1992,22.3787070336999
Iceland,,1991,22.0849412935193
Iceland,,1990,22.713554518925
Iceland,,1989,22.6499262238771
Iceland,,1988,21.5524964571045
Iceland,,1987,19.9949115216284
Iceland,,1986,19.6181374477946
Iceland,,1985,19.425431259185
Iceland,,1984,20.2373123032282
Iceland,,1983,19.8784102243989
Iceland,,1982,22.1755454232748
Iceland,,1981,21.7899501948372
Iceland,,1980,20.4952292054664
Iceland,,1979,21.1583668030295
Iceland,,1978,20.4346035222945
Iceland,,1977,20.0480158008196
Iceland,,1976,21.0349674166099
Iceland,,1975,22.1094902350496
Iceland,,1974,22.9684120533122
Iceland,,1973,22.1011303149504
Iceland,,1972,22.0474535256368
India,,2022,6.73444285965496
India,,2018,12.0174277483166
India,,2017,11.3874439798131
India,,2016,11.1477384183764
India,,2015,10.5697090519718
India,,2014,9.98465419071312
India,,2013,11.0016256942917
India,,2012,10.8367717209692
India,,2011,10.1773871997608
India,,2010,10.3880397905312
India,,2009,9.80972540638804
India,,2008,10.9771721522223
India,,2007,12.1083469904149
India,,2006,11.1293370539779
India,,2005,10.0809315263538
India,,2004,9.57081708050975
India,,2003,9.10808432214403
India,,2002,8.67627393090217
India,,2001,8.07945444456957
India,,2000,8.81014349636308
India,,1999,8.63830002757078
India,,1998,8.11314351097825
India,,1997,9.00857773269381
India,,1996,9.23146869089268
India,,1995,9.22682469090603
India,,1994,8.98177201647929
India,,1993,8.53523362003571
India,,1992,9.80522844222105
India,,1991,10.1709224201253
India,,1990,9.99359139610285
India,,1989,10.4683445142138
India,,1988,10.3567380103189
India,,1987,10.4083099657377
India,,1986,10.4273088592738
India,,1985,10.0754185428104
India,,1984,9.30653986438454
India,,1983,9.26849740618579
India,,1982,9.26912135161155
India,,1981,9.21369031479097
India,,1980,9.02607173865502
India,,1979,9.68904892316569
India,,1978,9.30227453027132
India,,1977,8.59709420636431
India,,1976,9.18183799053208
India,,1975,9.02450290812779
India,,1974,8.18112088549798
Indonesia,,2009,11.0577865188848
Indonesia,,2008,13.3106178269489
Indonesia,,2004,12.3307678952353
Indonesia,,2003,12.3855319027215
Indonesia,,2002,11.8269595891699
Indonesia,,2001,11.5781845835748
Indonesia,,1999,16.3158356093432
Indonesia,,1998,15.0275881804252
Indonesia,,1997,16.0118484144708
Indonesia,,1996,14.234801940785
Indonesia,,1995,14.9647722699912
Indonesia,,1994,15.9484191945104
Indonesia,,1993,14.3564203316314
Indonesia,,1992,17.1229526962939
Indonesia,,1991,17.1896969094773
Indonesia,,1990,19.1370837619352
Indonesia,,1989,15.9572018252866
Indonesia,,1988,15.0839380513536
Indonesia,,1987,15.083694595844
Indonesia,,1986,14.620769821124
Indonesia,,1985,18.7508973741776
Indonesia,,1984,17.4843891433901
Indonesia,,1983,18.822865330757
Indonesia,,1982,20.0561437871232
Indonesia,,1981,21.9464341903122
Indonesia,,1980,21.7798383565442
Indonesia,,1979,20.2838996546491
Indonesia,,1978,17.8932559570914
Indonesia,,1977,17.7215988890467
Indonesia,,1976,17.8900476507594
Indonesia,,1975,16.5552699228792
Indonesia,,1974,15.9693686963018
Indonesia,,1973,13.8152634228685
Indonesia,,1972,12.4452234881683
Iran,,2009,7.35847804149632
Iran,,2008,6.19780918553488
Iran,,2007,5.93768784348981
Iran,,2006,6.21768146921912
Iran,,2005,6.65759347739043
Iran,,2004,5.19532333247937
Iran,,2003,5.20132533631746
Iran,,2002,4.99437771167461
Iran,,2001,5.74690355847573
Iran,,2000,5.86128209634559
Iran,,1999,8.32782333660662
Iran,,1998,8.64437605391304
Iran,,1997,10.1579620986544
Iran,,1996,7.94631513970274
Iran,,1995,6.22079867847657
Iran,,1994,4.37123611618595
Iran,,1993,3.86024599151577
Iran,,1992,6.88118064602608
Iran,,1991,6.16189081192739
Iran,,1990,5.57223654550189
Iran,,1989,5.3697504436685
Iran,,1988,5.43455242310353
Iran,,1987,6.00533842477029
Iran,,1986,6.78425089061532
Iran,,1985,7.32980963790075
Iran,,1984,6.43709659562234
Iran,,1983,6.03398096950248
Iran,,1982,5.92293172685536
Iran,,1981,6.97903559997777
Iran,,1980,5.17028487619836e-12
Iran,,1979,5.99337474220954e-12
Iran,,1978,8.87085856943357e-12
Iran,,1977,8.21632300829339e-12
Iran,,1976,7.56205850414777e-12
Iran,,1975,8.19407845339285e-12
Iran,,1974,5.41779096390626e-12
Iran,,1973,7.54781091070084e-12
Iran,,1972,8.26551326942517e-12
Iraq,,2019,1.34459361823375
Iraq,,2018,1.98400716269547
Iraq,,2017,2.68703020707856
Iraq,,2016,2.07780523590318
Iraq,,2015,1.3211961488678
Iraq,,2014,0.91477329322806
Ireland,,2022,16.7926964316008
Ireland,,2021,16.6215641952694
Ireland,,2020,15.9251337703346
Ireland,,2019,17.3529630618998
Ireland,,2018,17.626188645583
Ireland,,2017,17.6218306435406
Ireland,,2016,18.6492727236414
Ireland,,2015,18.1286187339395
Ireland,,2014,22.4854573798423
Ireland,,2013,22.4770470912618
Ireland,,2012,22.3408807114637
Ireland,,2011,21.6788892286331
Ireland,,2010,21.8577885441949
Ireland,,2009,22.0623763090019
Ireland,,2008,23.810941221499
Ireland,,2007,25.937168346525
Ireland,,2006,26.818812774603
Ireland,,2005,25.4571402375003
Ireland,,2004,25.0697230795881
Ireland,,2003,24.1607391790456
Ireland,,2002,23.5168457829207
Ireland,,2001,24.2082381522214
Ireland,,2000,26.3499404107767
Ireland,,1999,26.6510599729647
Ireland,,1998,26.4943284050314
Ireland,,1997,26.8735851463462
Ireland,,1996,27.2110370281305
Ireland,,1995,26.5265891801017
Ireland,,1994,27.0565038387108
Ireland,,1993,25.8405331533144
Ireland,,1992,25.9323859948737
Ireland,,1991,25.6292263278387
Ireland,,1990,25.359919186692
Ireland,,1989,25.8291536822493
Ireland,,1988,28.751259138496
Ireland,,1987,27.4480500844481
Ireland,,1986,27.3535413047466
Ireland,,1985,27.2055781757284
Ireland,,1984,28.1194500191229
Ireland,,1983,27.5352570579993
Ireland,,1982,26.384423309098
Ireland,,1981,25.3142279072429
Ireland,,1980,24.2268822220569
Ireland,,1979,21.964239988069
Ireland,,1978,22.1093717535114
Ireland,,1977,22.533029591946
Ireland,,1976,23.664943539125
Ireland,,1975,21.2956185730824
Ireland,,1974,21.9972647801184
Ireland,,1973,22.1692960062845
Ireland,,1972,21.8599894212575
Israel,,2023,22.1364060336696
Israel,,2022,25.001722534697
Israel,,2021,24.5642567326344
Israel,,2020,22.0388122136025
Israel,,2019,22.2161560038026
Israel,,2018,22.719274234996
Israel,,2017,24.2277625145064
Israel,,2016,23.0538456666642
Israel,,2015,23.0629083299387
Israel,,2014,22.8049632869319
Israel,,2013,22.5019265338241
Israel,,2012,21.604603015683
Israel,,2011,22.1945785362431
Israel,,2010,21.9636729125929
Israel,,2009,21.2463629157645
Israel,,2008,23.2083038024509
Israel,,2007,25.2144493881865
Israel,,2006,25.2776912500206
Israel,,2005,24.4930273450002
Israel,,2004,24.029719832098
Israel,,2003,24.118580252956
Israel,,2002,24.8500452649404
Israel,,2001,25.8332781210338
Israel,,2000,26.2937081408298
Israel,,1999,24.6614452362533
Israel,,1998,24.7122735398622
Israel,,1997,25.5649158029725
Israel,,1996,25.1648234699065
Israel,,1995,25.7264777343865
Israel,,1994,26.1532946109755
Israel,,1993,25.6999865824019
Israel,,1992,25.3599904892229
Israel,,1991,19.1399638784649
Israel,,1990,25.5402891697639
Israel,,1989,26.5109337708267
Israel,,1988,28.268450594268
Israel,,1987,29.9367185613175
Israel,,1986,32.5223804455938
Israel,,1985,33.443111666243
Israel,,1984,35.6004009579406
Israel,,1983,37.0620973055973
Israel,,1982,37.0795788750341
Israel,,1981,32.6964901184032
Israel,,1980,34.1271082428797
Israel,,1979,35.9137239940502
Israel,,1978,31.5696554914307
Israel,,1977,33.4116335801615
Israel,,1976,32.1188752097416
Israel,,1975,28.9105062580199
Israel,,1974,29.1161380434793
Israel,,1973,23.1042456881669
Israel,,1972,24.3967033069387
Italy,,2023,24.7080453637277
Italy,,2022,24.6064132004012
Italy,,2021,24.8769150126615
Italy,,2020,24.8458109789517
Italy,,2019,24.6616145255819
Italy,,2018,24.2435864233351
Italy,,2017,24.697204288008
Italy,,2016,25.0831052252075
Italy,,2015,24.8391474255923
Italy,,2014,24.9693939747194
Italy,,2013,25.1831182980011
Italy,,2012,24.9107338882362
Italy,,2011,23.6907780327076
Italy,,2010,23.7379559387907
Italy,,2009,23.8588080046118
Italy,,2008,23.4579053302791
Italy,,2007,23.691778053412
Italy,,2006,23.2429207619484
Italy,,2005,21.8789864216762
Italy,,2004,22.1387880327404
Italy,,2003,22.6869498480048
Italy,,2002,22.802206942667
Italy,,2001,23.325203414184
Italy,,2000,23.7479315027136
Italy,,1999,24.9421319541757
Italy,,1998,24.5925369294623
Italy,,1997,25.7112738331661
Italy,,1996,24.2472073845421
Italy,,1995,24.3070085648874
Italy,,1994,25.0362996758194
Italy,,1993,26.2145186953462
Italy,,1992,25.4391730952526
Italy,,1991,24.7514761727561
Italy,,1990,24.1221330582947
Italy,,1989,23.8926058586599
Italy,,1988,23.1869646612277
Italy,,1987,21.4429170578892
Italy,,1986,22.1253960493478
Italy,,1985,20.3492079284839
Italy,,1984,20.9076465780128
Italy,,1983,21.0797519731426
Italy,,1982,19.343709049497
Italy,,1981,17.7434444143844
Italy,,1980,17.3283132695687
Italy,,1979,15.7435641130455
Italy,,1978,15.5860591645158
Italy,,1977,14.8751564630235
Italy,,1976,14.041022759646
Italy,,1975,12.6845882363352
Italy,,1974,13.4671317145206
Italy,,1973,12.5217463827435
Jamaica,,2020,23.6736609376178
Jamaica,,2019,25.526258009488
Jamaica,,2018,24.9941390773446
Jamaica,,2017,24.6019201738442
Jamaica,,2016,24.5909226356389
Jamaica,,2015,23.5306406831333
Jamaica,,2014,24.0532304301892
Jamaica,,2013,24.0092921982884
Jamaica,,2012,24.3328930330882
Jamaica,,2011,23.3643683011714
Jamaica,,2010,24.2781717255923
Jamaica,,2009,24.955970204174
Jamaica,,2008,24.6847566179154
Jamaica,,2007,24.7865464323782
Jamaica,,2006,24.0143899425756
Jamaica,,2005,23.2159728449925
Jamaica,,2004,24.1674973059177
Jamaica,,2003,24.071100071624
Jamaica,,2002,21.8590101900947
Jamaica,,2001,21.414813015608
Jamaica,,2000,22.4946625349726
Jamaica,,1999,21.8922345136059
Jamaica,,1998,20.851857285193
Jamaica,,1997,19.9140942067727
Jamaica,,1996,20.1091995715191
Jamaica,,1995,21.7440400133248
Jamaica,,1994,21.103167552646
Jamaica,,1993,21.3287135026009
Jamaica,,1992,23.4680681997204
Jamaica,,1991,23.0828644714908
Jamaica,,1990,23.4864850293119
Jamaica,,1989,24.4940968016689
Jamaica,,1988,23.4781336236313
Japan,,1993,11.3792369362166
Japan,,1992,11.4171816474572
Japan,,1991,12.9040620944778
Jordan,,2023,17.0491301941353
Jordan,,2022,17.4675167960003
Jordan,,2021,17.118346332527
Jordan,,2020,15.9811020446786
Jordan,,2019,14.8140015671358
Jordan,,2018,14.7288480451847
Jordan,,2017,14.7021242425125
Jordan,,2016,15.0206304355319
Jordan,,2015,14.9510256180555
Jordan,,2014,15.4316440340028
Jordan,,2013,14.9305149962785
Jordan,,2012,14.9212805170996
Jordan,,2011,14.6082372225069
Jordan,,2010,15.4990908124012
Jordan,,2009,16.5303515829394
Jordan,,2008,17.152210648873
Jordan,,2007,24.6898518707805
Jordan,,2006,24.5548644547277
Jordan,,2005,24.4151653670341
Jordan,,2004,20.9955023421375
Jordan,,2003,18.2179368351156
Jordan,,2002,17.4816014130115
Jordan,,2001,18.6804846237252
Jordan,,2000,18.9981162585227
Jordan,,1999,18.1087863212364
Jordan,,1998,18.1234625120325
Jordan,,1997,19.0557296634419
Jordan,,1996,21.6896734261748
Jordan,,1995,20.7086346957389
Jordan,,1994,19.990820003213
Jordan,,1993,20.9162290186387
Jordan,,1992,22.9722468424551
Jordan,,1991,17.9499661933739
Jordan,,1990,18.0065915758212
Kazakhstan,,2023,11.892477417904
Kazakhstan,,2022,12.0616921084291
Kazakhstan,,2021,9.44711136309549
Kazakhstan,,2020,8.318809313869
Kazakhstan,,2019,11.7869427411893
Kazakhstan,,2018,11.7177995870574
Kazakhstan,,2017,10.3030113754982
Kazakhstan,,2016,9.92425019613103
Kazakhstan,,2015,9.83571155339342
Kazakhstan,,2014,14.1934327407655
Kazakhstan,,2013,16.0301777644528
Kazakhstan,,2012,13.3120981512973
Kazakhstan,,2011,18.2578342106765
Kazakhstan,,2010,15.7123804629521
Kazakhstan,,2004,13.9086779667034
Kazakhstan,,2003,13.0832376530724
Kazakhstan,,2002,12.1343597833771
Kazakhstan,,2001,9.64230065323767
Kazakhstan,,2000,10.2213950712596
Kazakhstan,,1999,7.74536993437448
Kazakhstan,,1998,7.29479389602331
Kazakhstan,,1997,6.78722058676219
Kenya,,2023,14.0631113817639
Kenya,,2022,14.5993496343343
Kenya,,2021,13.5546443273847
Kenya,,2020,14.2998226329833
Kenya,,2019,15.1001093504447
Kenya,,2018,14.3612789172776
Kenya,,2017,15.0524641311098
Kenya,,2016,14.9664727344937
Kenya,,2015,14.8394826531085
Kenya,,2014,15.1870212655744
Kiribati,,2023,17.7169834832785
Kiribati,,2022,20.2549472550754
Kiribati,,2021,21.8430816274509
Kiribati,,2020,21.5255535516456
Kiribati,,2019,22.2989855863649
Kiribati,,2018,17.9132802956688
Kiribati,,2017,18.4594644993499
Kiribati,,2016,21.5244028552974
Kiribati,,2015,19.7306378783196
Kiribati,,2014,15.9191032007104
Kiribati,,2013,16.5529180207837
Kiribati,,2012,16.8334056030768
Kiribati,,2011,16.3463881353238
South Korea,,2023,14.5990999081076
South Korea,,2022,17.1586747721333
South Korea,,2021,15.667386421853
South Korea,,2020,14.0112224318443
South Korea,,2019,14.3348126572734
South Korea,,2018,14.6942818655643
South Korea,,2017,13.7554599782374
South Korea,,2016,13.2783119459368
South Korea,,2015,12.5326130415401
South Korea,,2014,12.6305681932478
South Korea,,2013,13.022218187832
South Korea,,2012,13.4735488568588
South Korea,,2011,13.2807179687412
South Korea,,2010,12.8831799569136
South Korea,,2009,13.1076929082204
South Korea,,2008,13.9077106392006
South Korea,,2007,14.2312245486348
South Korea,,2006,13.2016025810223
South Korea,,2005,12.8083639518859
South Korea,,2004,12.4931155465039
South Korea,,2003,13.2084805783963
South Korea,,2002,12.784617893145
South Korea,,2001,13.0735362376319
South Korea,,2000,13.7531698189491
South Korea,,1999,12.340859181825
South Korea,,1998,12.1766058073565
South Korea,,1997,12.4759590509936
South Korea,,1996,12.7934310209143
South Korea,,1995,12.5554223019631
South Korea,,1994,12.2756928243003
South Korea,,1993,12.0980396612537
South Korea,,1992,12.3353305120072
South Korea,,1991,12.1605073352299
South Korea,,1990,13.0195256602645
South Korea,,1989,12.4668733348798
South Korea,,1988,12.9913247012814
South Korea,,1987,13.076947647491
South Korea,,1986,12.8933419705044
South Korea,,1985,13.1783289209876
South Korea,,1984,13.5827991014456
South Korea,,1983,14.4943795982653
South Korea,,1982,14.4088914446886
South Korea,,1981,14.3857304938745
South Korea,,1980,14.4099704626528
South Korea,,1979,14.4996145979376
South Korea,,1978,14.3191276322789
South Korea,,1977,13.9100448506389
South Korea,,1976,14.2384826798008
South Korea,,1975,13.0077504902419
South Korea,,1974,11.3902305432455
South Korea,,1973,10.3330120997966
South Korea,,1972,1.10233667585281e-11
Kuwait,,1998,1.49244292670587
Kuwait,,1997,1.17305875069243
Kuwait,,1996,0.965097411205735
Kuwait,,1995,1.14618124453099
Kuwait,,1994,1.42276428547822
Kuwait,,1993,1.09262406559551
Kuwait,,1992,0.0858148101636521
Kuwait,,1991,0.255607395220378
Kuwait,,1990,1.54507084715104
Kuwait,,1989,1.17599291111473
Kuwait,,1988,1.22982057143041
Kuwait,,1987,1.26738031622326
Kuwait,,1986,2.09502176890991
Kuwait,,1985,1.93800252405449
Kuwait,,1984,3.12861410380172
Kuwait,,1983,3.23829933001231
Kuwait,,1982,3.44477901726507
Kuwait,,1981,3.73615036971713
Kuwait,,1980,2.69990950265057
Kuwait,,1979,2.17842633347251
Kuwait,,1978,7.59796449593134
Kuwait,,1977,4.61580222111909
Kuwait,,1974,32.677682472533
Kuwait,,1973,37.2171311015523
Kuwait,,1972,37.431693989071
Kyrgyzstan,,2024,20.3821895007982
Kyrgyzstan,,2023,19.6084664812218
Kyrgyzstan,,2022,19.5419794530385
Kyrgyzstan,,2021,16.4912602766568
Kyrgyzstan,,2020,14.036328193124
Kyrgyzstan,,2019,15.9638338680814
Kyrgyzstan,,2018,17.998857013595
Kyrgyzstan,,2017,17.0462850607483
Kyrgyzstan,,2016,16.9491731803417
Kyrgyzstan,,2015,16.801668055009
Kyrgyzstan,,2014,17.5486530868942
Laos,,2022,12.1129327823146
Laos,,2021,10.3910216640385
Laos,,2020,9.40187747055082
Laos,,2019,11.4655560904234
Laos,,2018,11.7206462464078
Laos,,2017,12.2393204925079
Laos,,2016,12.943111340589
Laos,,2015,13.5061406202026
Laos,,2014,13.8301819353549
Laos,,2013,13.7388338387583
Laos,,2012,13.6053412560259
Laos,,2011,13.1464121849439
Laos,,2010,13.0271390929762
Laos,,2009,12.7571661741676
Laos,,2008,12.1029400169726
Latvia,,2023,16.6322142422569
Latvia,,2022,17.154863262059
Latvia,,2021,16.4537367202272
Latvia,,2020,16.2818527296083
Latvia,,2019,16.1998506375401
Latvia,,2018,16.1995106602059
Latvia,,2017,17.2061420461167
Latvia,,2016,17.2317291892857
Latvia,,2015,16.3739257773551
Latvia,,2014,16.1740602062131
Latvia,,2013,15.9028434483155
Latvia,,2012,15.4465961149387
Latvia,,2011,15.0349474767828
Latvia,,2010,14.1617549792208
Latvia,,2009,13.5525592416215
Latvia,,2008,15.3140959762102
Latvia,,2007,16.0157079763583
Latvia,,2006,16.4118421285996
Latvia,,2005,15.7112739945277
Latvia,,2004,14.9173632679074
Latvia,,2003,14.866193192414
Latvia,,2002,14.4970645128657
Latvia,,2001,14.824440332671
Latvia,,2000,14.9292896748727
Latvia,,1999,16.3873375463237
Latvia,,1998,17.0893602714196
Latvia,,1997,16.0773374239137
Latvia,,1996,13.509170834561
Latvia,,1995,14.0329400611727
Latvia,,1994,10.0722305470785
Lebanon,,2021,5.68479554527678
Lebanon,,2020,8.90172832336972
Lebanon,,2019,15.4053905217734
Lebanon,,2018,15.3254054545147
Lebanon,,2017,15.3598817624538
Lebanon,,2016,13.5253568933955
Lebanon,,2015,13.4650512835689
Lebanon,,2014,14.1095658840407
Lebanon,,2013,14.0661144534751
Lebanon,,2012,15.1980266225285
Lebanon,,2011,16.3773329137847
Lebanon,,2010,16.8444766850707
Lebanon,,2009,16.8563060057445
Lebanon,,2008,16.4183940002292
Lebanon,,2007,14.9441191654965
Lebanon,,2006,15.0082855368253
Lebanon,,2005,15.1681037724548
Lebanon,,2004,16.5086439486372
Lebanon,,2003,15.3767134599505
Lebanon,,2002,14.4305901911887
Lebanon,,2001,11.8780771977299
Lebanon,,2000,11.9012298232129
Lebanon,,1999,13.3726880982344
Lebanon,,1998,12.6332288041608
Lebanon,,1997,11.9327257731959
Lesotho,,2024,37.2829803739764
Lesotho,,2023,40.2247629322737
Lesotho,,2022,30.4425485967987
Lesotho,,2021,31.8702314104686
Lesotho,,2020,35.9943566400862
Lesotho,,2019,32.5421709727294
Lesotho,,2018,31.8151694598045
Lesotho,,2017,33.0073098801099
Lesotho,,2016,29.2862704418611
Lesotho,,2015,33.7701457139977
Lesotho,,2014,36.3284327200507
Lesotho,,2013,35.9075271888776
Lesotho,,2012,38.0837569942997
Lesotho,,2011,30.2137479334564
Lesotho,,2010,30.2987604299489
Lesotho,,2009,39.9862447006721
Lesotho,,2008,38.2585681635357
Lesotho,,2007,39.3137977447814
Lesotho,,2006,33.9197543442405
Lesotho,,2005,28.5739007299318
Lesotho,,2004,28.9613250043846
Lesotho,,2003,27.1148820182378
Lesotho,,2002,24.1941630506684
Lesotho,,2001,25.7822061516583
Lesotho,,2000,22.9395558537356
Lesotho,,1999,24.7222153263144
Lesotho,,1998,25.0805433413429
Lesotho,,1997,29.2124748821189
Lesotho,,1996,26.961899691022
Lesotho,,1995,28.7504971649757
Lesotho,,1994,29.8707957503943
Lesotho,,1993,29.67252715708
Lesotho,,1992,28.3015262506092
Lesotho,,1991,27.756576351192
Lesotho,,1989,34.1989953962846
Lesotho,,1988,30.6437131263782
Lesotho,,1987,31.9131915923134
Lesotho,,1986,31.6971536025787
Lesotho,,1985,35.5810898750737
Lesotho,,1984,38.6935165135429
Lesotho,,1983,34.95877761032
Lesotho,,1982,28.9883547464767
Lithuania,,2023,21.418435814263
Lithuania,,2022,21.2820773125213
Lithuania,,2021,21.2744476140313
Lithuania,,2020,20.5030171627523
Lithuania,,2019,20.0889400531483
Lithuania,,2018,16.7524651283353
Lithuania,,2017,16.7642158990642
Lithuania,,2016,17.0998350982682
Lithuania,,2015,16.7577252933798
Lithuania,,2014,16.0335026552639
Lithuania,,2013,15.7811714718234
Lithuania,,2012,15.6846191314427
Lithuania,,2011,15.6660449989807
Lithuania,,2010,16.2409988579148
Lithuania,,2009,16.9918375683176
Lithuania,,2008,20.4676019676961
Lithuania,,2007,20.3533270437098
Lithuania,,2006,20.5300347997554
Lithuania,,2005,19.7489313816046
Lithuania,,2004,19.2635466479286
Lithuania,,2003,19.0360058326697
Lithuania,,2002,19.1715740989114
Lithuania,,2001,19.3676371569545
Lithuania,,2000,20.254820822897
Lithuania,,1999,22.1120160562633
Lithuania,,1998,22.089202319472
Lithuania,,1997,21.5404183195114
Lithuania,,1996,18.8020042195713
Lithuania,,1995,19.6892251282717
Lithuania,,1994,13.1113779630717
Lithuania,,1993,12.496575136765
Lithuania,,1991,18.2852443213261
Luxembourg,,2023,26.8469729272694
Luxembourg,,2022,26.6829703355982
Luxembourg,,2021,26.0024291787653
Luxembourg,,2020,25.6864231937241
Luxembourg,,2019,26.8884834309941
Luxembourg,,2018,26.8854541322106
Luxembourg,,2017,24.5181470528935
Luxembourg,,2016,23.7675096749456
Luxembourg,,2015,23.3218593726636
Luxembourg,,2014,24.7451571133867
Luxembourg,,2013,24.5522669560732
Luxembourg,,2012,24.4278271542178
Luxembourg,,2011,23.9870478540645
Luxembourg,,2010,23.8178404378116
Luxembourg,,2009,23.8391085158098
Luxembourg,,2008,23.5557107740178
Luxembourg,,2007,24.380345488909
Luxembourg,,2006,23.9298412043057
Luxembourg,,2005,25.3355554538416
Luxembourg,,2004,24.0425731854332
Luxembourg,,2003,24.6300961285092
Luxembourg,,2002,24.7817028715337
Luxembourg,,2001,24.9848941927661
Luxembourg,,2000,25.4725968954966
Luxembourg,,1999,25.1003284591765
Luxembourg,,1998,25.6011769443944
Luxembourg,,1997,25.244152327397
Luxembourg,,1996,24.6973870800268
Luxembourg,,1995,24.4732270691556
Luxembourg,,1994,25.0283129767103
Luxembourg,,1993,23.7543663378247
Luxembourg,,1992,22.1858223525327
Luxembourg,,1991,21.6080563301817
Luxembourg,,1990,22.876278335666
Luxembourg,,1989,22.5975801138218
Luxembourg,,1988,23.5610686620087
Luxembourg,,1987,24.3602784705093
Luxembourg,,1986,24.1607882648885
Luxembourg,,1985,24.8655249704699
Luxembourg,,1984,24.8941813714734
Luxembourg,,1983,25.4522842311184
Luxembourg,,1982,22.9337644055232
Luxembourg,,1981,22.7961717068045
Luxembourg,,1980,22.3360867733927
Luxembourg,,1979,21.8821787555961
Luxembourg,,1978,23.6738678210656
Luxembourg,,1977,22.8167549569147
Luxembourg,,1976,20.3338890638792
Luxembourg,,1975,20.6651716620258
Luxembourg,,1974,17.659103414961
Luxembourg,,1973,17.1956175530265
Luxembourg,,1972,16.6648840160351
Madagascar,,2023,9.61487095893803
Madagascar,,2022,9.24054268135003
Madagascar,,2021,10.381196752261
Madagascar,,2020,9.52072872460036
Madagascar,,2019,10.5318646220852
Madagascar,,2018,10.2831286802146
Madagascar,,2017,10.027544731164
Madagascar,,2016,9.24485187325721
Madagascar,,2015,8.94531037344997
Madagascar,,2014,8.44113338214288
Madagascar,,2013,8.78559177293247
Madagascar,,2012,8.36825554307769
Madagascar,,2011,8.71032363773385
Madagascar,,2010,8.53531911755595
Madagascar,,2009,8.34414896120855
Madagascar,,2008,11.3914508381925
Madagascar,,2007,9.84806132452438
Madagascar,,2006,9.20188162092675
Madagascar,,2005,8.69015551764536
Madagascar,,2004,9.37241986822963
Madagascar,,2003,8.59780028612767
Madagascar,,1995,6.84586581735106
Madagascar,,1994,6.49953285523943
Madagascar,,1993,6.77059792619114
Madagascar,,1992,6.99104373069705
Madagascar,,1991,5.62645103861063
Madagascar,,1990,7.39190795400097
Malawi,,2022,13.5038573905772
Malawi,,2021,11.587752882388
Malawi,,2020,12.1305627479425
Malawi,,2019,11.975212669565
Malawi,,2018,12.1756578864858
Malawi,,2017,12.1843017854439
Malawi,,2016,10.638963161483
Malawi,,2015,10.5365817794286
Malawi,,2014,10.9491092541785
Malawi,,2013,9.7087435605189
Malawi,,2012,9.31571514240387
Malawi,,2011,10.6177069783918
Malawi,,2010,10.5634650209755
Malawi,,2009,9.94018426717949
Malaysia,,2023,12.5648395418319
Malaysia,,2022,11.6310545373191
Malaysia,,2021,11.2160748421804
Malaysia,,2020,10.8846712025214
Malaysia,,2019,11.9363488299638
Malaysia,,2018,12.0226658619336
Malaysia,,2017,12.9459662429934
Malaysia,,2016,13.5507251724192
Malaysia,,2015,14.0568621293393
Malaysia,,2014,14.8407907140268
Malaysia,,2013,15.310235280489
Malaysia,,2012,15.613146742555
Malaysia,,2011,14.794353171378
Malaysia,,2010,13.332195307231
Malaysia,,2009,14.9405015311626
Malaysia,,2008,14.6629582608718
Malaysia,,2007,14.3037228379475
Malaysia,,2006,14.5161969824928
Malaysia,,2005,14.8263910607125
Malaysia,,2004,15.1990937626569
Malaysia,,2003,15.4956551225138
Malaysia,,2002,17.4469550876406
Malaysia,,2001,17.7948888050621
Malaysia,,2000,13.6669089031737
Malaysia,,1999,14.0937080235667
Malaysia,,1998,16.7301574972727
Malaysia,,1997,19.7533668092053
Malaysia,,1996,19.3779263159554
Maldives,,2021,19.453248279288
Maldives,,2020,20.1121885797816
Maldives,,2019,19.9413849021842
Maldives,,2018,20.1449360389268
Maldives,,2017,20.6915788914702
Maldives,,2016,19.975825642646
Maldives,,2015,19.6501551005657
Maldives,,2014,19.3230032774954
Maldives,,2011,12.0781339785612
Maldives,,2010,8.84762793030511
Maldives,,2009,9.1006679916955
Maldives,,2008,11.5788828140298
Maldives,,2007,12.1474495062228
Maldives,,2006,11.7564407107925
Maldives,,2005,11.5693738822473
Maldives,,2004,10.4894358542978
Maldives,,2003,9.42070183448992
Maldives,,2002,9.50792544852813
Maldives,,2001,9.82630738897756
Maldives,,2000,13.796110041301
Maldives,,1999,14.0915704652276
Maldives,,1998,14.2002404743947
Maldives,,1997,14.4455044389877
Maldives,,1996,13.4521788341822
Maldives,,1995,13.5963884925789
Maldives,,1994,13.0045821514292
Maldives,,1993,13.7345373227277
Maldives,,1992,14.9589823640772
Maldives,,1991,14.6140952989065
Maldives,,1990,13.9623192639112
Maldives,,1988,13.5706565793029
Maldives,,1987,12.2840690978887
Maldives,,1986,10.2897693672383
Maldives,,1985,9.99113867966327
Maldives,,1984,9.26165803108808
Maldives,,1983,12.6318371351484
Maldives,,1982,12.2199592668024
Maldives,,1981,6.89145223306714
Maldives,,1980,5.11540860885839
Maldives,,1979,2.49532127261385
Mali,,2020,11.9520025009648
Mali,,2019,12.2370535475778
Mali,,2018,9.78065544204356
Mali,,2017,13.3300422900318
Mali,,2016,12.8969929658629
Mali,,2015,11.8533619980291
Mali,,2014,10.6352635051305
Mali,,2013,10.9601470024114
Mali,,2012,10.9251185657684
Mali,,2011,10.5499687208031
Mali,,2010,10.8423156054931
Mali,,2009,10.9208418582829
Mali,,2008,10.1603761011566
Mali,,2007,10.9794923411068
Mali,,2006,11.1982873369631
Mali,,2005,11.184927584379
Mali,,2004,11.5101973781817
Mali,,2003,10.737283001028
Mali,,2002,9.39623631837089
Mali,,2001,8.90191656767101
Mali,,2000,9.06977239550658
Malta,,2023,21.4831065249643
Malta,,2022,22.991051755472
Malta,,2021,22.4082685021821
Malta,,2020,22.4854638057187
Malta,,2019,25.1029746671995
Malta,,2018,25.4268198674107
Malta,,2017,26.0056800373258
Malta,,2016,26.2493787211505
Malta,,2015,24.3217053195006
Malta,,2014,25.5760345951655
Malta,,2013,25.1421033281446
Malta,,2012,25.2954089121167
Malta,,2011,25.4110072200576
Malta,,2010,25.1397909368056
Malta,,2009,25.8974681017708
Malta,,2008,25.6644468820694
Malta,,2007,26.8857363208033
Malta,,2006,25.8332882769313
Malta,,2005,25.3412023866198
Malta,,2004,23.5412508070139
Malta,,2003,23.3406075369843
Malta,,2002,23.1452749935707
Malta,,2001,22.1709590005695
Malta,,2000,21.0263343688042
Malta,,1999,20.5104427592024
Malta,,1998,18.3362660092263
Malta,,1997,20.0509125990942
Malta,,1996,18.2110987766934
Malta,,1995,20.3479310432434
Malta,,1994,18.1654042956518
Malta,,1993,19.4313728078813
Malta,,1992,18.9630567857463
Malta,,1991,18.4817231970234
Malta,,1990,18.2170565114104
Malta,,1989,17.8970137028675
Malta,,1988,17.5989121816839
Malta,,1987,16.5521534489538
Malta,,1986,17.1803216100829
Malta,,1985,17.6766655446137
Malta,,1984,16.8415187884052
Malta,,1983,17.8628441732242
Malta,,1982,18.5109664668417
Malta,,1981,19.2340360098033
Malta,,1980,19.6942424176754
Malta,,1978,19.1585531821005
Malta,,1977,18.3548309205828
Malta,,1976,17.7326365795997
Malta,,1975,18.8747218926649
Malta,,1974,20.665999699729
Malta,,1973,22.0143962935158
Malta,,1972,21.1711890724057
Marshall Islands,,2020,17.1555004135649
Marshall Islands,,2019,18.6008967883212
Marshall Islands,,2018,17.9181818181818
Marshall Islands,,2017,17.6218348151614
Marshall Islands,,2016,17.3583439048563
Marshall Islands,,2015,17.3577109417529
Marshall Islands,,2014,15.8567516129032
Marshall Islands,,2013,16.4876357296137
Marshall Islands,,2012,16.3862307692308
Marshall Islands,,2011,17.0381021474173
Marshall Islands,,2010,17.7219137181875
Marshall Islands,,2009,18.4019656084656
Marshall Islands,,2008,19.3324931787176
Mauritius,,2024,20.5324115436094
Mauritius,,2023,20.5916033814226
Mauritius,,2022,19.0380322201383
Mauritius,,2021,18.0479952450531
Mauritius,,2020,20.4233655246973
Mauritius,,2019,19.13062550287
Mauritius,,2018,18.1330623848692
Mauritius,,2017,17.6959427383104
Mauritius,,2016,17.3820985285556
Mauritius,,2015,8.64644777855697
Mauritius,,2014,17.8701383969452
Mauritius,,2013,17.9161984393295
Mauritius,,2012,18.3641906733303
Mauritius,,2011,17.7589045999642
Mauritius,,2010,17.7662208332399
Mauritius,,2009,17.8083501073991
Mauritius,,2008,16.7369969878264
Mauritius,,2007,14.8731659702851
Mauritius,,2006,15.7841226919049
Mauritius,,2005,17.0271316668288
Mauritius,,2004,16.0245110309857
Mauritius,,2003,15.8814971482717
Mauritius,,2002,14.8071830302121
Mauritius,,2001,14.939651933863
Mauritius,,2000,16.7284303346812
Mauritius,,1999,16.5261463793959
Mauritius,,1998,15.7808862294593
Mauritius,,1997,15.7810071488851
Mauritius,,1996,14.6161928118565
Mauritius,,1995,15.9001352002415
Mauritius,,1994,18.038632188371
Mauritius,,1993,17.8601562223385
Mauritius,,1992,18.8958729076362
Mauritius,,1991,20.0238380895215
Mauritius,,1990,19.3857925267581
Mauritius,,1989,19.8262230758598
Mauritius,,1988,19.0101606257892
Mauritius,,1987,17.5760856015597
Mauritius,,1986,17.5419850967209
Mauritius,,1985,17.7713156969784
Mauritius,,1984,19.2581157792252
Mauritius,,1983,18.8367193058753
Mauritius,,1982,16.4387939435229
Mauritius,,1981,17.4078943455856
Mauritius,,1980,18.1697558918347
Mauritius,,1979,16.2820848639983
Mauritius,,1978,17.4937681927493
Mauritius,,1977,19.4532571440434
Mauritius,,1976,19.8538586225002
Mauritius,,1975,16.2645284795091
Mauritius,,1974,11.5117151543568
Mauritius,,1973,14.2257807791147
Mexico,,2023,14.1935866614195
Mexico,,2022,13.4041093602603
Mexico,,2021,13.4112621210704
Mexico,,2020,13.8975134533104
Mexico,,2019,12.7877486080424
Mexico,,2018,12.7121572965033
Mexico,,2017,12.6874317266309
Mexico,,2016,13.1237856088608
Mexico,,2015,12.3459757826962
Mexico,,2014,10.2428550413982
Mexico,,2013,9.88361012510879
Mexico,,2012,9.35241106341689
Mexico,,2011,9.61707214710222
Mexico,,2010,9.67531745474176
Mexico,,2009,9.23460485817914
Mexico,,2008,9.57877153289673
Mexico,,2000,9.13229541250167
Mexico,,1999,8.18517646667802
Mexico,,1998,7.70264913994996
Mexico,,1997,8.59224064670855
Mexico,,1996,8.31438930391734
Mexico,,1995,8.03161830575895
Mexico,,1994,8.09605918537858
Mexico,,1993,8.56713248361392
Mexico,,1992,11.6024353429574
Mexico,,1991,11.5944926057709
Mexico,,1990,11.8483646611837
Mexico,,1989,12.1392112213917
Mexico,,1988,11.4119619762249
Mexico,,1987,12.7475743653032
Mexico,,1986,11.8649988837766
Mexico,,1985,12.3125786260335
Mexico,,1984,12.6232738045011
Mexico,,1983,12.9993944590934
Mexico,,1982,11.2178724526942
Mexico,,1981,10.5458420369711
Mexico,,1980,11.4238504988874
Mexico,,1979,11.3428943937419
Mexico,,1978,10.7402652973898
Mexico,,1977,9.95132504056247
Mexico,,1976,9.04449307075128
Mexico,,1975,9.18181818181818
Mexico,,1974,8.0
Mexico,,1973,7.09117221418234
Mexico,,1972,7.61061946902655
Micronesia,,2020,7.03115450759675
Micronesia,,2019,19.9137218274112
Micronesia,,2018,25.8346844387755
Micronesia,,2017,10.6301512534819
Micronesia,,2016,6.13769630769231
Micronesia,,2015,5.52855349540791
Micronesia,,2014,12.7548894779716
Micronesia,,2013,5.54353621240611
Micronesia,,2012,4.95863347967933
Micronesia,,2011,5.03691996545424
Micronesia,,2010,4.762256547508
Micronesia,,2009,4.48612755397216
Micronesia,,2008,4.37141560420798
Moldova,,2023,18.5850270257317
Moldova,,2022,18.9210049545943
Moldova,,2021,18.3881163669346
Moldova,,2020,17.9098984894955
Moldova,,2019,17.656290127877
Moldova,,2018,18.014083738484
Moldova,,2017,17.7273904313314
Moldova,,2016,16.4301183204667
Moldova,,2015,16.2909680870475
Moldova,,2014,16.8287991530895
Moldova,,2013,15.4696360019738
Moldova,,2012,15.5953463406884
Moldova,,2011,15.2403272229961
Moldova,,2010,15.1606407229695
Moldova,,2009,17.6853133213094
Moldova,,2008,20.4459489526716
Moldova,,2007,20.5665356541269
Moldova,,2006,19.5712115118202
Moldova,,2005,18.4853394242006
Moldova,,2004,16.3573926073926
Moldova,,2003,14.6728701256381
Moldova,,2002,12.8813543692286
Moldova,,2001,12.1712003093085
Moldova,,2000,14.7257496118183
Moldova,,1999,15.0573539668779
Moldova,,1998,18.0802408389372
Moldova,,1997,18.2831060982003
Moldova,,1996,12.0896762347
Mongolia,,2024,16.854871862883
Mongolia,,2023,14.2955117783966
Mongolia,,2022,15.7742886705877
Mongolia,,2021,16.908849519801
Mongolia,,2020,14.1457872338315
Mongolia,,2019,16.8505209175799
Mongolia,,2018,16.6885283131364
Mongolia,,2017,13.5469084479633
Mongolia,,2016,11.3509934508755
Mongolia,,2015,11.8941379214967
Mongolia,,2014,12.9016342426866
Mongolia,,2013,15.7312080369785
Mongolia,,2012,15.3121421817773
Mongolia,,2011,18.4669910953464
Mongolia,,2010,19.5931192505774
Mongolia,,2009,16.5402944039128
Mongolia,,2008,21.6518153563662
Mongolia,,2007,23.4791764766733
Mongolia,,2006,28.7099746786874
Mongolia,,2003,18.0387455691612
Mongolia,,2002,13.3692402247071
Mongolia,,2001,14.6620591872387
Mongolia,,2000,13.9101606963282
Mongolia,,1999,9.80581787762116
Mongolia,,1998,8.35867208733412
Mongolia,,1997,10.5724331514759
Mongolia,,1996,9.60234781614151
Mongolia,,1995,9.77395635608051
Mongolia,,1994,11.3241649294688
Mongolia,,1993,17.5173290209183
Mongolia,,1992,11.0813657403444
Morocco,,2023,20.7438772425044
Morocco,,2022,22.059101413607
Morocco,,2021,19.6652056341912
Morocco,,2020,20.0221120421492
Morocco,,2019,19.9144279404695
Morocco,,2018,20.2861213801112
Morocco,,2017,20.1297012346646
Morocco,,2016,19.8672577630868
Morocco,,2015,19.4374650850231
Morocco,,2014,20.3536177497918
Morocco,,2013,20.6278690126796
Morocco,,2012,21.9652841035134
Morocco,,2011,21.4534608701431
Morocco,,2010,21.0889640861636
Morocco,,2009,21.5414840021135
Morocco,,2008,24.0687710934063
Morocco,,2007,21.7314747805418
Morocco,,2006,19.4035909248233
Morocco,,2005,18.9900493074434
Morocco,,2004,17.1163253155772
Morocco,,2003,16.8582507287003
Morocco,,2002,17.1115740305374
Morocco,,1999,17.8825477889844
Morocco,,1998,17.2315353065392
Morocco,,1997,19.4054874639843
Morocco,,1995,18.351209036907
Morocco,,1994,18.8549351466086
Morocco,,1993,20.2477033406709
Morocco,,1992,20.6514295555341
Morocco,,1991,18.4154193783175
Morocco,,1990,18.676721475858
Mozambique,,2024,21.8525035902837
Mozambique,,2023,22.3596241293103
Mozambique,,2022,22.6615908818801
Mozambique,,2021,22.7477557091156
Mozambique,,2020,21.5267029366581
Mozambique,,2019,26.6828600594733
Mozambique,,2018,21.1926368441561
Mozambique,,2017,22.1120849461182
Mozambique,,2016,20.0767622116195
Mozambique,,2015,20.0064845206447
Mozambique,,2014,23.9653838768408
Mozambique,,2013,21.5406521425782
Mozambique,,2012,18.6287778325246
Mozambique,,2011,16.799529512575
Mozambique,,2010,14.3466100305842
Myanmar,,2019,6.01765247726484
Myanmar,,2018,2.75697125272766
Myanmar,,2017,6.07774232896579
Myanmar,,2016,7.17585983640205
Myanmar,,2015,6.01128503979227
Myanmar,,2014,5.84092892509683
Myanmar,,2013,5.52956758874506
Myanmar,,2012,4.52409369741194
Myanmar,,2005,3.88177835640941
Myanmar,,2004,3.27245665609108
Myanmar,,2003,2.21041186420545
Myanmar,,2002,2.0010471703619
Myanmar,,2001,2.25714041101971
Myanmar,,2000,2.96650745818451
Myanmar,,1999,2.75274845684649
Myanmar,,1998,3.51930951883989
Myanmar,,1997,4.41523918074799
Myanmar,,1996,3.9593171544736
Myanmar,,1995,3.74448720005159
Myanmar,,1994,4.25171345046186
Myanmar,,1993,4.72801035299943
Myanmar,,1992,5.03739654451358
Myanmar,,1991,5.61020629285277
Myanmar,,1990,6.19778414572987
Myanmar,,1989,4.26178737654007
Myanmar,,1988,4.49352671473442
Myanmar,,1987,6.3655418074506
Myanmar,,1986,7.41173670242276
Myanmar,,1985,8.25519326447815
Myanmar,,1984,8.58443574407767
Myanmar,,1983,9.23669818868891
Myanmar,,1982,9.83102245487561
Myanmar,,1981,9.9277052238806
Myanmar,,1980,9.61174895435775
Myanmar,,1979,10.2114167420344
Myanmar,,1978,10.0094338048831
Myanmar,,1977,10.4564792033779
Myanmar,,1976,8.80519186781064
Myanmar,,1975,7.92264763025389
Myanmar,,1974,7.612796448263
Myanmar,,1973,9.42479753366172
Namibia,,2023,32.9629020947691
Namibia,,2022,27.1668398520557
Namibia,,2021,28.0639865897267
Namibia,,2020,31.2059110714252
Namibia,,2019,30.3930951920007
Namibia,,2018,28.9317139130964
Namibia,,2017,31.3076966346094
Namibia,,2016,29.673463838066
Namibia,,2015,33.422386868862
Namibia,,2014,34.6286881018446
Namibia,,2013,32.9807193333221
Namibia,,2012,32.9327514470187
Namibia,,2011,29.5505904195561
Namibia,,2010,25.5423159777691
Namibia,,2009,29.0723052633118
Namibia,,2008,29.70119351839
Namibia,,2007,30.5252906049617
Namibia,,2006,29.0721666101582
Namibia,,2005,25.7290098785268
Namibia,,2004,24.2728217434857
Namibia,,2003,23.1947692240056
Namibia,,2002,26.0619966741516
Namibia,,2001,26.3094628493947
Namibia,,2000,27.4285090407923
Namibia,,1999,27.9151280086767
Namibia,,1998,25.6934877320742
Namibia,,1997,26.6687060096273
Namibia,,1996,23.9866294787519
Namibia,,1995,25.0186945495627
Namibia,,1994,24.0886148869007
Namibia,,1993,26.1303454598085
Namibia,,1992,25.1057047193092
Namibia,,1991,26.9573305262972
Namibia,,1990,23.0105648831849
Nauru,,2020,44.3468321505376
Nauru,,2019,34.1487355771429
Nauru,,2018,28.8438039171598
Nauru,,2017,22.550184862069
Nauru,,2016,25.2437180373134
Nauru,,2015,16.9784831764706
Nauru,,2014,20.0283114814815
Nepal,,2023,13.9448572554799
Nepal,,2021,17.4853032787772
Nepal,,2020,15.7736497317824
Nepal,,2019,19.8090602391943
Nepal,,2018,19.0828260572702
Nepal,,2017,17.9993621205853
Nepal,,2016,16.1437497561064
Nepal,,2015,14.6863045675353
Nepal,,2014,13.9949104858592
Nepal,,2013,13.297885857998
Nepal,,2012,12.040804546654
Nepal,,2011,11.6246777452046
Nepal,,2010,13.3961154418188
Nepal,,2009,11.844036864345
Nepal,,2008,10.4400864087645
Nepal,,2007,9.7724734037072
Nepal,,2006,8.77975841023477
Nepal,,2005,9.17945342137588
Nepal,,2004,8.97495850015557
Nepal,,2003,8.65181185256516
Nepal,,2002,8.56058314089016
Nepal,,2001,8.80257474738339
Nepal,,2000,8.73598111139219
Nepal,,1999,8.42250523336725
Nepal,,1998,8.63933254666024
Nepal,,1997,8.72365986603116
Nepal,,1996,8.71991418688457
Nepal,,1995,8.98551385878864
Nepal,,1994,7.72913404793448
Nepal,,1993,6.6546373561321
Nepal,,1992,6.48334407233372
Nepal,,1991,6.62030193617176
Nepal,,1990,6.99669296820608
Netherlands,,2023,25.2540392502664
Netherlands,,2022,23.898794550321
Netherlands,,2021,24.3086759015198
Netherlands,,2020,23.9228232020312
Netherlands,,2019,23.575774886203
Netherlands,,2018,22.9523938963993
Netherlands,,2017,23.0613921884343
Netherlands,,2016,22.3479015517062
Netherlands,,2015,21.7961168520041
Netherlands,,2014,21.5393728808314
Netherlands,,2013,20.5597633296122
Netherlands,,2012,20.3223179669174
Netherlands,,2011,20.6643770778933
Netherlands,,2010,20.8014655797158
Netherlands,,2009,20.8039697035576
Netherlands,,2008,21.7043170648197
Netherlands,,2007,21.2500501786359
Netherlands,,2006,21.1017560822819
Netherlands,,2005,20.8877969055651
Netherlands,,2004,20.3554356598247
Netherlands,,2003,20.0840549930958
Netherlands,,2002,21.0800932986811
Netherlands,,2001,21.0083633404495
Netherlands,,2000,20.9294302628756
Netherlands,,1999,21.186119963917
Netherlands,,1998,20.6795681277685
Netherlands,,1997,20.9029919385381
Netherlands,,1996,21.4375905010136
Netherlands,,1995,20.8394943520628
Netherlands,,1994,21.8146512918809
Netherlands,,1993,24.2803317646067
Netherlands,,1992,23.6017749965641
Netherlands,,1991,24.4551257900533
Netherlands,,1990,23.2519977774051
Netherlands,,1989,21.8612157486986
Netherlands,,1988,22.5758564604242
Netherlands,,1987,22.5021232870919
Netherlands,,1986,21.2274059082535
Netherlands,,1985,20.3123565174307
Netherlands,,1984,20.1281034243058
Netherlands,,1983,20.7555405434175
Netherlands,,1982,21.6540593215852
Netherlands,,1981,21.8719291942754
Netherlands,,1980,23.0408988355377
Netherlands,,1979,23.0860471836159
Netherlands,,1978,23.1556389783646
Netherlands,,1977,23.3605489097285
Netherlands,,1976,22.2715663049302
Netherlands,,1975,22.3038880788332
Netherlands,,1974,21.185092336556
Netherlands,,1973,22.4276186762206
New Zealand,,2023,30.6677718688638
New Zealand,,2022,29.6007619884988
New Zealand,,2021,29.0219318859065
New Zealand,,2020,27.3341846674622
New Zealand,,2019,28.1486899853704
New Zealand,,2018,27.4641320738705
New Zealand,,2017,27.3073724293413
New Zealand,,2016,27.248046177576
New Zealand,,2015,27.3932675715756
New Zealand,,2014,26.8264180769563
New Zealand,,2013,26.7013034406368
New Zealand,,2012,26.8561025302167
New Zealand,,2011,25.6377455807193
New Zealand,,2010,26.0863599795934
New Zealand,,2009,29.6147937834688
New Zealand,,2008,31.4531634367708
New Zealand,,2007,30.1098712722247
New Zealand,,2006,31.9858840492082
New Zealand,,2005,30.3129068290198
New Zealand,,2004,29.2579312754353
New Zealand,,2003,29.2481384340701
New Zealand,,2002,28.2080536465923
New Zealand,,2001,28.5576325439741
New Zealand,,1988,32.7002865819753
New Zealand,,1987,33.2464585760716
New Zealand,,1986,30.183079391921
New Zealand,,1985,29.6938796658998
New Zealand,,1984,28.6586095488812
New Zealand,,1983,28.3057125091243
New Zealand,,1982,30.5081680631744
New Zealand,,1981,30.0531914893617
New Zealand,,1980,29.324088682222
New Zealand,,1979,29.1553923463471
New Zealand,,1978,28.2120699379583
New Zealand,,1977,29.6042958511794
New Zealand,,1976,27.5565740475508
New Zealand,,1975,27.9768177028451
New Zealand,,1974,28.3580613254204
New Zealand,,1973,26.0515161395501
New Zealand,,1972,24.4664634146341
Nicaragua,,2023,19.9424179242094
Nicaragua,,2022,19.8606394420617
Nicaragua,,2021,18.8207923792213
Nicaragua,,2020,17.0109140687159
Nicaragua,,2019,17.4217765048676
Nicaragua,,2018,15.69943210278
Nicaragua,,2017,16.5737893247413
Nicaragua,,2016,16.1664558122422
Nicaragua,,2015,15.5895752369993
Nicaragua,,2014,15.3162602503007
Nicaragua,,2013,15.0204349649964
Nicaragua,,2012,15.0091410767164
Nicaragua,,2011,14.5197030493667
Nicaragua,,2010,13.6783665497108
Nicaragua,,2009,13.1376609454229
Nicaragua,,2008,13.2016760492309
Nicaragua,,2007,13.8620870800837
Nicaragua,,2006,13.6842084660093
Nicaragua,,2005,12.8998034816805
Nicaragua,,2004,12.1881791801183
Nicaragua,,2003,11.7208158960434
Nicaragua,,2002,10.3954991061828
Nicaragua,,2001,9.80250806649996
Nicaragua,,2000,10.6468701120311
Nicaragua,,1999,10.7189463745964
Nicaragua,,1998,11.0364830637541
Nicaragua,,1997,10.589091758038
Nicaragua,,1996,9.49444128842394
Nicaragua,,1995,9.40273440161028
Nicaragua,,1994,8.9936659409003
Nicaragua,,1993,18.9808828317596
Nicaragua,,1992,19.8495091477019
Nicaragua,,1991,18.2393673743543
Nicaragua,,1990,26.2658373469951
Niger,,1980,11.7645285971099
Niger,,1979,10.9097835281136
Niger,,1978,9.49659853127037
Niger,,1977,9.15454538429602
Niger,,1976,9.42103314061603
North Macedonia,,2023,17.7577976514035
North Macedonia,,2022,17.6879383127227
North Macedonia,,2021,17.3929631432116
North Macedonia,,2020,16.1270346641167
North Macedonia,,2019,17.0832810823999
North Macedonia,,2018,17.5749363119971
North Macedonia,,2017,17.1611135954027
North Macedonia,,2016,16.9511578274868
North Macedonia,,2015,16.8182331229403
North Macedonia,,2014,16.2352837077427
North Macedonia,,2013,15.6689580048257
North Macedonia,,2012,16.4166504179317
North Macedonia,,2011,16.999651001969
North Macedonia,,2010,16.8656928030442
North Macedonia,,2009,17.1295782664692
North Macedonia,,2008,18.5239461061968
North Macedonia,,2007,19.074830222935
North Macedonia,,2006,18.0826616861785
North Macedonia,,2005,18.4250986522806
Norway,,2023,27.0526715460901
Norway,,2022,31.3445975469679
Norway,,2021,25.5055180112726
Norway,,2020,21.2531867719174
Norway,,2019,23.2830044006887
Norway,,2018,23.3136059270012
Norway,,2017,22.2900403628777
Norway,,2016,21.9603759264578
Norway,,2015,22.0885488164749
Norway,,2014,23.412031718882
Norway,,2013,25.0101364415185
Norway,,2012,26.8725432287815
Norway,,2011,27.5519417038651
Norway,,2010,26.7437669626856
Norway,,2009,25.8473541139282
Norway,,2008,27.7643980954451
Norway,,2007,28.0802178144493
Norway,,2006,28.7982988676647
Norway,,2005,28.2037338316716
Norway,,2004,27.3169686872771
Norway,,2003,25.8695458085888
Norway,,2002,27.1341211972036
Norway,,2001,26.039313005359
Norway,,2000,26.6719544744926
Norway,,1999,24.254241932058
Norway,,1998,23.9569539127065
Norway,,1997,23.8919165191792
Norway,,1996,23.9368258567593
Norway,,1995,23.0049068773115
Norway,,1994,21.7428519841916
Norway,,1993,20.7364733031642
Norway,,1992,20.7364963171495
Norway,,1991,21.5761049099656
Norway,,1990,21.3044817639536
Norway,,1989,20.477650020603
Norway,,1988,22.154275663922
Norway,,1987,23.628152987837
Norway,,1986,25.6212279519927
Norway,,1985,25.6546029352669
Norway,,1984,24.5323661463496
Norway,,1983,24.5587192015247
Norway,,1982,25.3130526185618
Norway,,1981,26.2502979345941
Norway,,1980,25.1138152375746
Norway,,1979,22.2386989114235
Norway,,1978,21.8195311763235
Norway,,1977,22.0805727526158
Norway,,1976,21.531825065394
Norway,,1975,20.3859201973826
Norway,,1974,20.4622985922237
Norway,,1973,20.6899205713934
Norway,,1972,22.9516797537644
Palau,,2020,17.8945573584821
Palau,,2019,18.3602588642263
Palau,,2018,20.9940885423327
Palau,,2017,19.4823928408748
Palau,,2016,19.3672041252882
Palau,,2015,19.7011995783575
Palau,,2014,19.1456384058262
Palau,,2013,18.4914270021077
Palau,,2012,18.0813749553139
Palau,,2011,17.4624572426455
Palau,,2010,16.6097615779589
Palau,,2009,15.4324623584718
Palau,,2008,16.3648685564413
Panama,,2021,7.46060570161025
Panama,,2020,8.04998951454701
Panama,,2019,8.64837791556334
Panama,,2018,9.59096781620725
Panama,,2017,9.6657446916647
Panama,,2016,10.0557385133532
Panama,,2015,9.79801962054952
Panama,,2014,9.95964875478762
Papua New Guinea,,2023,15.9347989235859
Papua New Guinea,,2022,14.7704952075626
Papua New Guinea,,2021,12.1484232076807
Papua New Guinea,,2020,11.8791955056371
Papua New Guinea,,2019,13.0219558619549
Papua New Guinea,,2018,13.1930287445925
Papua New Guinea,,2017,12.6050017623635
Papua New Guinea,,2016,12.9486285832779
Papua New Guinea,,2015,15.2272870566267
Papua New Guinea,,2014,17.9099621510466
Papua New Guinea,,2002,21.0132469649522
Papua New Guinea,,2001,24.6964496984504
Papua New Guinea,,2000,18.9759649951725
Papua New Guinea,,1999,21.7881674633561
Papua New Guinea,,1998,20.4802911476754
Papua New Guinea,,1997,23.7232047008306
Papua New Guinea,,1996,22.4631845408922
Papua New Guinea,,1995,19.7271538573297
Papua New Guinea,,1994,20.5960074498671
Papua New Guinea,,1993,19.864395636005
Papua New Guinea,,1992,18.2841581813876
Papua New Guinea,,1991,17.7335256268028
Papua New Guinea,,1990,20.0734672648072
Paraguay,,2024,11.4048611893673
Paraguay,,2023,10.1382749909056
Paraguay,,2022,10.2661363910434
Paraguay,,2021,9.7942535996137
Paraguay,,2020,9.51499928527674
Paraguay,,2019,9.99575607464088
Paraguay,,2018,10.0750585770316
Paraguay,,2017,9.95647441168439
Paraguay,,2016,9.55906333666421
Paraguay,,2015,9.64227469767563
Paraguay,,2014,9.74517637879594
Paraguay,,2013,8.9293625662978
Paraguay,,2012,9.45777834925342
Paraguay,,2011,9.36683510463148
Paraguay,,2010,8.87121347922402
Paraguay,,2009,8.32758281681303
Paraguay,,2008,8.09407229978406
Paraguay,,2007,7.83787789166473
Paraguay,,2006,8.35050418277665
Paraguay,,2005,8.26476450440432
Peru,,2021,15.9243395223169
Peru,,2020,13.2210909612666
Peru,,2019,14.5254040636024
Peru,,2018,14.2863713046141
Peru,,2017,13.1743416508113
Peru,,2016,13.787547643237
Peru,,2015,14.9196513179664
Peru,,2014,16.7209266789582
Peru,,2013,16.4330066929626
Peru,,2012,16.5466871023417
Peru,,2011,15.9688951461688
Peru,,2010,15.4665717565933
Peru,,2009,14.4565268077693
Peru,,2008,16.5121709207613
Peru,,2007,16.4074683493226
Peru,,2006,15.6699876012416
Peru,,2005,14.1047421923916
Peru,,2004,13.6633689429004
Peru,,2003,13.411521163568
Peru,,2002,12.4871426273152
Peru,,2001,12.8971056336871
Peru,,2000,12.6086474992247
Peru,,1999,12.9941892981826
Peru,,1998,14.2348049647571
Peru,,1997,14.3987605306478
Peru,,1996,14.1998141675147
Peru,,1995,13.6847575729859
Peru,,1994,12.9721441686363
Peru,,1993,12.1654220628628
Peru,,1992,11.9830523810582
Peru,,1991,11.0279442716709
Peru,,1990,10.7238952091512
Peru,,1989,7.92165902441559
Peru,,1988,9.6635826761263
Peru,,1987,9.97441585342314
Peru,,1986,13.3821098484947
Peru,,1985,14.9629940376237
Peru,,1984,13.0404097287834
Peru,,1983,11.8977309203536
Peru,,1982,14.792993420102
Peru,,1981,15.1163298650848
Peru,,1980,17.9617137691423
Peru,,1979,13.8068828547123
Peru,,1978,12.4930216048552
Peru,,1977,11.6716743004451
Peru,,1976,11.2290743405043
Peru,,1975,11.5577315476657
Peru,,1974,11.0008606335556
Peru,,1973,10.8112534413125
Peru,,1972,12.6535900162032
Philippines,,2023,14.1044353413959
Philippines,,2022,14.6190058206626
Philippines,,2021,14.1300039313539
Philippines,,2020,13.9509857073772
Philippines,,2019,14.4884730214742
Philippines,,2018,14.0475332790366
Philippines,,2017,13.5937937490496
Philippines,,2016,13.0871006913218
Philippines,,2015,13.0196105917208
Philippines,,2014,13.0155171797493
Philippines,,2013,12.7438220628562
Philippines,,2012,12.3059271151495
Philippines,,2011,11.8490007825541
Philippines,,2010,11.63527559371
Philippines,,2009,11.6989355673304
Philippines,,2008,13.0335136905172
Philippines,,2007,12.9604093017337
Philippines,,2006,13.1273014401873
Philippines,,2005,11.9242240624029
Philippines,,2004,11.3644043893781
Philippines,,2003,11.6664325949085
Philippines,,2002,11.6681306910299
Philippines,,2001,12.2655086469998
Philippines,,2000,12.440324756341
Philippines,,1999,12.8954370860496
Philippines,,1998,13.6754637567029
Philippines,,1997,14.8614949312421
Philippines,,1996,14.8266416552207
Philippines,,1995,14.2662552351009
Philippines,,1994,14.0378887210762
Philippines,,1993,13.6808811803346
Philippines,,1992,13.5388730593237
Philippines,,1991,12.8095883534011
Philippines,,1990,12.3546103589205
Poland,,2023,17.9988487014512
Poland,,2022,17.1225309189416
Poland,,2021,18.9590677200004
Poland,,2020,17.291144093996
Poland,,2019,17.1407592886385
Poland,,2018,17.1848218488937
Poland,,2017,16.7355756807269
Poland,,2016,16.2090291324573
Poland,,2015,15.6135953190934
Poland,,2014,15.6271982270924
Poland,,2013,15.6742591136229
Poland,,2012,16.0052569222101
Poland,,2011,16.6696825635336
Poland,,2010,16.5370235494052
Poland,,2009,16.0096652913108
Poland,,2008,18.1987400991461
Poland,,2007,18.0573047594226
Poland,,2006,17.0920694072435
Poland,,2005,16.4279824784832
Poland,,2004,15.6185755633767
Poland,,2003,16.6652745114418
Poland,,2002,16.7881339290098
Poland,,2001,15.9791418620791
Poland,,2000,16.8889497903998
Poland,,1999,17.9929799484054
Poland,,1998,20.0841792848044
Poland,,1997,20.8348034382337
Poland,,1996,21.572394641671
Poland,,1995,22.2838435133567
Poland,,1994,22.7826807304818
Portugal,,2023,22.6188283771548
Portugal,,2022,23.1729317343953
Portugal,,2021,22.2832932193953
Portugal,,2020,22.2595830862446
Portugal,,2019,22.4472570141358
Portugal,,2018,22.8445730542681
Portugal,,2017,22.6364061063622
Portugal,,2016,22.6170386298855
Portugal,,2015,23.078466918073
Portugal,,2014,22.8746795754976
Portugal,,2013,22.8736947705996
Portugal,,2012,21.0111817015375
Portugal,,2011,21.3595814303725
Portugal,,2010,19.8714612760875
Portugal,,2009,19.0930961617924
Portugal,,2008,21.0759413054563
Portugal,,2007,21.3682227414774
Portugal,,2006,21.1343208709462
Portugal,,2005,20.5984024088293
Portugal,,2004,20.0000718562616
Portugal,,2003,19.895163383583
Portugal,,2002,20.8393087479958
Portugal,,2001,20.5206092087241
Portugal,,2000,20.880088684727
Portugal,,1999,20.9446611864112
Portugal,,1998,20.3818669861493
Portugal,,1997,20.2643012437292
Portugal,,1996,20.5167584296485
Portugal,,1995,19.6949300211616
Portugal,,1994,19.3537381093391
Portugal,,1993,18.5866180680119
Portugal,,1992,20.0262630344157
Portugal,,1991,18.2911382414003
Portugal,,1990,17.6685020227277
Portugal,,1989,17.7391216080486
Portugal,,1988,16.9867320692425
Portugal,,1987,15.5744268542556
Portugal,,1986,17.5512542255573
Portugal,,1985,17.6159182841937
Portugal,,1984,18.0106344133735
Portugal,,1983,18.3379740192927
Portugal,,1982,16.5947178966189
Portugal,,1981,16.0913627184776
Portugal,,1980,15.1808512415176
Portugal,,1979,13.7676883476027
Portugal,,1978,13.4569738282233
Portugal,,1977,14.1127653235373
Portugal,,1976,13.8437889355229
Portugal,,1975,12.3141501730973
Portugal,,1974,11.7796891185405
Portugal,,1973,11.4863384818615
Romania,,2022,16.2141886979742
Romania,,2021,15.0026298140817
Romania,,2020,14.2260236372711
Romania,,2019,14.6150377502035
Romania,,2018,14.4740481393825
Romania,,2017,15.586647387346
Romania,,2016,17.1118362525795
Romania,,2015,18.9181762479079
Romania,,2014,17.9390645906369
Romania,,2013,17.7605860355839
Romania,,2012,17.1587053558134
Romania,,2011,17.2153737430501
Romania,,2010,16.2393386961731
Romania,,2009,15.2721052302458
Romania,,2008,16.7854444924841
Romania,,2007,17.5395257265186
Romania,,2006,17.9470572343657
Romania,,2005,17.4680569291356
Romania,,2004,17.4212661578016
Romania,,2003,17.7747637527772
Romania,,2002,16.4891000614035
Romania,,2001,16.6334160764758
Romania,,2000,17.962709479419
Romania,,1999,17.0566189702212
Romania,,1998,17.7360387162672
Romania,,1997,17.0360116234838
Romania,,1996,16.1077302703794
Romania,,1995,17.4020445168581
Romania,,1994,17.7871428356453
Romania,,1993,19.6623543856497
Romania,,1992,22.4129237709812
Romania,,1991,22.5218930078497
Romania,,1990,23.0563002680965
Romania,,1989,5.1175
Romania,,1988,4.52625437572929
Romania,,1987,4.4633771151343
Romania,,1986,4.46458383019318
Romania,,1985,4.20183486238532
Romania,,1984,4.05219948535719
Romania,,1983,4.02497723429166
Romania,,1982,4.07478691229035
Romania,,1981,4.38832772166105
Russia,,2023,12.0728013906636
Russia,,2022,10.847869154279
Russia,,2021,11.6966312097742
Russia,,2020,10.7991196203537
Russia,,2019,10.938399737976
Russia,,2018,11.4687676015317
Russia,,2017,10.2884056740183
Russia,,2016,9.18312209969854
Russia,,2015,10.6420948085991
Russia,,2014,13.2553613058332
Russia,,2013,12.933492451261
Russia,,2012,13.7546730412872
Russia,,2011,13.9542036796753
Russia,,2010,13.048348846076
Russia,,2009,12.9563524123295
Russia,,2008,15.8180678239761
Russia,,2007,16.5513130624161
Russia,,2006,16.5682157586489
Russia,,2005,16.6229096832565
Russia,,2004,13.2340253922543
Russia,,2003,13.3140302058853
Russia,,2002,13.6349660680486
Russia,,2001,15.778699595813
Russia,,2000,13.7255344540838
Russia,,1999,11.2428726496447
Rwanda,,2023,13.5080695479594
Rwanda,,2022,13.6800512047892
Rwanda,,2021,14.4637097844237
Rwanda,,2020,15.0744687983707
Rwanda,,2019,14.6053573051595
Rwanda,,2018,14.2497109145248
Rwanda,,2017,13.4513713883394
Rwanda,,2016,14.416149504273
Rwanda,,2015,13.2938948825463
Rwanda,,2014,12.9476292724141
Rwanda,,1992,9.04825873562898
Rwanda,,1991,9.26006396078645
Rwanda,,1990,8.78380627032784
Rwanda,,1989,10.8269292690858
Rwanda,,1980,10.4676359309849
Rwanda,,1979,11.7021939827298
Rwanda,,1978,9.71992482034203
Rwanda,,1977,10.901857372713
Rwanda,,1976,9.90625535512987
Rwanda,,1975,7.52131880293373
Rwanda,,1974,10.1813104856358
Rwanda,,1973,8.63114789471918
Samoa,,2023,23.9562772523711
Samoa,,2022,24.0176542849306
Samoa,,2021,24.568945416021
Samoa,,2020,24.4229937431695
Samoa,,2019,24.394748337384
Samoa,,2018,23.8815118577505
Samoa,,2017,23.4832839094525
Samoa,,2016,22.9707859885685
Samoa,,2015,22.5386594203969
Samoa,,2014,23.6829224193063
Samoa,,2013,22.6941862761697
Samoa,,2012,20.5386088010733
San Marino,,2023,17.2694010169446
San Marino,,2022,17.8114069282582
San Marino,,2021,17.2959731609496
San Marino,,2020,16.136261134649
San Marino,,2019,16.9127343335333
San Marino,,2018,17.9568167650591
San Marino,,2017,16.4688470032622
San Marino,,2016,16.6895193621675
San Marino,,2015,17.8902228831674
San Marino,,2014,18.3455831269841
San Marino,,2013,17.0662396360759
San Marino,,2012,18.0162574059247
San Marino,,2011,16.1530355640829
San Marino,,2010,15.5920229527836
San Marino,,2009,16.9391091891892
San Marino,,2008,17.6709153182375
San Marino,,2007,17.6382630745147
San Marino,,2006,17.2225010585141
San Marino,,2005,16.9350938857939
San Marino,,2004,15.9250983828861
San Marino,,2003,16.905495491106
San Marino,,2002,18.098258600823
Saudi Arabia,,2024,8.18471656930006
Saudi Arabia,,2023,7.80440393794593
Saudi Arabia,,2022,6.95344592267954
Saudi Arabia,,2021,8.60534583507803
Saudi Arabia,,2020,7.8762006474717
Saudi Arabia,,2019,6.60159133877213
Saudi Arabia,,2018,7.91853379846948
Saudi Arabia,,2017,3.14428407179356
Saudi Arabia,,2016,3.1718920136119
Saudi Arabia,,2015,3.1461706015912
Saudi Arabia,,2014,2.66292976817046
Saudi Arabia,,2013,2.65185423323901
Saudi Arabia,,2012,2.48458615351606
Saudi Arabia,,2011,2.29968681414688
Saudi Arabia,,2010,2.52961210191147
Senegal,,2023,19.5370790010841
Senegal,,2022,18.592484196448
Senegal,,2021,17.550132975177
Senegal,,2020,17.4488278980298
Senegal,,2019,18.4192836341952
Senegal,,2018,16.3782524655201
Senegal,,2017,15.9064516581478
Senegal,,2016,16.3711764436877
Senegal,,2015,15.7743360469708
Serbia,,2022,23.8929959453301
Serbia,,2021,19.6609961125446
Serbia,,2020,22.4302344894846
Serbia,,2019,23.0002958070958
Serbia,,2018,22.6384537175516
Serbia,,2017,23.128956359491
Serbia,,2016,22.4444642487137
Serbia,,2015,21.4666537372535
Serbia,,2014,21.0521740873784
Serbia,,2013,19.9874009056267
Serbia,,2012,17.8145603317234
Serbia,,2011,18.3137738004771
Serbia,,2010,19.4313895022311
Serbia,,2009,19.2408906576394
Serbia,,2008,20.3574730802867
Serbia,,2007,20.4872747900195
Seychelles,,2008,22.084701660805
Seychelles,,2007,22.3072095857786
Seychelles,,2006,23.2079124270583
Seychelles,,2005,25.6585988973099
Seychelles,,2000,24.5127813836835
Seychelles,,1999,25.5816131823445
Seychelles,,1998,24.8466651315736
Seychelles,,1997,25.3436766978578
Seychelles,,1996,25.3182096721425
Seychelles,,1995,25.9736557691361
Seychelles,,1994,30.0451246282241
Seychelles,,1993,33.2339771505786
Seychelles,,1989,34.5749514418399
Seychelles,,1988,33.8303356555854
Seychelles,,1987,32.7633815655736
Seychelles,,1986,30.0370562177124
Seychelles,,1985,28.8148273894139
Singapore,,2024,14.1917409326666
Singapore,,2023,13.8948735640483
Singapore,,2022,11.7839491106795
Singapore,,2021,12.740121146747
Singapore,,2020,12.7433047948475
Singapore,,2019,13.1773611696825
Singapore,,2018,13.0051768999114
Singapore,,2017,13.9731435178074
Singapore,,2016,13.2839981132516
Singapore,,2015,13.1397745298612
Singapore,,2014,13.5565571344028
Singapore,,2013,13.2712500808714
Singapore,,2012,13.5806687357042
Singapore,,2011,13.1057219512653
Singapore,,2010,12.7858239691039
Singapore,,2009,12.9549265300847
Singapore,,2008,13.7543914469361
Singapore,,2007,12.8204281959211
Singapore,,2006,11.8310221766032
Singapore,,2005,11.5770274018324
Singapore,,2004,11.6045115798244
Singapore,,2003,12.4460741638593
Singapore,,2002,12.6887393397993
Singapore,,2001,14.5855191514965
Singapore,,2000,14.8557890847443
Singapore,,1999,14.5317174065401
Singapore,,1998,14.0310256358429
Singapore,,1997,15.312341085021
Singapore,,1996,15.8973671573725
Singapore,,1995,15.7685036472599
Singapore,,1994,16.6131522787889
Singapore,,1993,16.2903339457186
Singapore,,1992,16.1033535012871
Singapore,,1991,15.1815315980586
Singapore,,1990,14.5462695925654
Singapore,,1989,15.687873622744
Singapore,,1988,14.0720126215791
Singapore,,1987,13.0780798911075
Singapore,,1986,12.7357694649656
Singapore,,1985,15.6621670565894
Singapore,,1984,17.663382090754
Singapore,,1983,18.7608387198487
Singapore,,1982,18.9163419773286
Singapore,,1981,17.8802055877702
Singapore,,1980,16.9929183288493
Singapore,,1979,16.0397706847293
Singapore,,1978,15.9346472237067
Singapore,,1977,16.7245554386909
Singapore,,1976,15.9963741551915
Singapore,,1975,16.5711247241181
Singapore,,1974,15.0646071356204
Singapore,,1973,14.7851013890492
Singapore,,1972,14.5501848885249
Slovakia,,2023,19.3078908764281
Slovakia,,2022,19.5730907262736
Slovakia,,2021,18.9752480894666
Slovakia,,2020,18.4644586007277
Slovakia,,2019,18.7604262425428
Slovakia,,2018,18.4643033716736
Slovakia,,2017,18.5023794034795
Slovakia,,2016,18.0127305314246
Slovakia,,2015,18.0514912186747
Slovakia,,2014,17.3884614229196
Slovakia,,2013,16.6590836493512
Slovakia,,2012,15.4994966810736
Slovakia,,2011,16.0042157471556
Slovakia,,2010,15.0118814047322
Slovakia,,2009,15.5330498765119
Slovakia,,2008,16.4538900641944
Slovakia,,2007,16.7431549616955
Slovakia,,2006,16.8065571990021
Slovakia,,2005,18.0805131747428
Slovakia,,2004,17.3599644270589
Slovakia,,2003,17.7982723506955
Slovakia,,2002,17.144541429323
Slovakia,,2001,17.3046857738748
Slovakia,,2000,18.5187665091838
Slovakia,,1999,19.7247472368203
Slovakia,,1998,20.0819070738579
Slovakia,,1997,20.3602675741932
Slovakia,,1996,21.2113983706532
Slovakia,,1995,22.9400085890968
Slovenia,,2023,20.3151075328515
Slovenia,,2022,21.0307739977541
Slovenia,,2021,21.6087104347701
Slovenia,,2020,20.4885506119886
Slovenia,,2019,21.6992617438153
Slovenia,,2018,22.033082917798
Slovenia,,2017,21.9054599223497
Slovenia,,2016,22.1634784860129
Slovenia,,2015,22.1224219708005
Slovenia,,2014,22.0340192699754
Slovenia,,2013,21.8958895091008
Slovenia,,2012,21.7020526038348
Slovenia,,2011,21.6954700360199
Slovenia,,2010,22.0180158109209
Slovenia,,2009,21.525274565425
Slovenia,,2008,22.3180566696238
Slovenia,,2007,23.091149820953
Slovenia,,2006,23.4690283641439
Slovenia,,2005,23.6688040048522
Slovenia,,2004,23.2308837925375
Slovenia,,2003,23.273576238028
Slovenia,,2002,23.0535311221809
Slovenia,,2001,22.3700713225283
Slovenia,,2000,22.393054209072
Slovenia,,1999,23.104109441746
Slovenia,,1998,22.4780960046814
Slovenia,,1997,21.8096257331822
Slovenia,,1996,22.2304492806794
Slovenia,,1995,21.4743733800061
Slovenia,,1994,18.854211141253
Slovenia,,1993,17.2911972268722
Slovenia,,1992,16.4630274986992
Solomon Islands,,2022,22.0746646402949
Solomon Islands,,2021,20.9597979980943
Solomon Islands,,2020,21.0515655711092
Solomon Islands,,2019,22.2322071370969
Solomon Islands,,2018,25.5276877958785
Solomon Islands,,2017,24.7650441142787
Solomon Islands,,2016,23.843162060566
Solomon Islands,,2015,25.7391630923313
Solomon Islands,,2014,25.5955725647382
Solomon Islands,,2013,26.6063734780935
Solomon Islands,,2012,26.1766182645394
Solomon Islands,,2011,25.158528855184
Somalia,,2024,7.96182509481436e-05
Somalia,,2023,7.5916654951987e-05
Somalia,,2022,6.63660668120026e-05
Somalia,,2021,6.59168014301673e-05
Somalia,,2020,6.27946654117399e-05
Somalia,,2019,7.98543135298208e-05
Somalia,,2018,9.5078641405586e-05
Somalia,,2017,8.09584224510993e-05
South Africa,,2023,25.4004573761785
South Africa,,2022,26.018376592419
South Africa,,2021,25.950154202709
South Africa,,2020,23.264944033831
South Africa,,2019,24.8673453266234
South Africa,,2018,24.8948940794134
South Africa,,2017,24.7692872987431
South Africa,,2016,24.8283559921779
South Africa,,2015,25.048692710362
South Africa,,2014,24.4319342244652
South Africa,,2013,23.8313913642654
South Africa,,2012,23.345765990089
South Africa,,2011,22.8746700130453
South Africa,,2010,22.5206038762429
South Africa,,2009,21.8948743019224
South Africa,,2008,24.322809870073
South Africa,,2007,24.8072372824336
South Africa,,2006,24.3780853808343
South Africa,,2005,22.9721111805983
South Africa,,2004,21.6985960707513
South Africa,,2003,20.4927670870354
South Africa,,2002,20.8248927712355
South Africa,,2001,21.7005914264295
South Africa,,2000,20.9760632464162
South Africa,,1999,21.7599312426722
South Africa,,1998,21.9639431431796
South Africa,,1997,21.2498395625278
South Africa,,1996,20.9846364817904
South Africa,,1995,20.2955260214681
South Africa,,1994,19.6043743222704
South Africa,,1993,19.8688359609019
South Africa,,1992,18.8799893109627
South Africa,,1991,20.9961429260192
South Africa,,1990,21.1874515142874
South Africa,,1989,23.1888353711251
South Africa,,1988,20.8386212498096
South Africa,,1987,19.9058763673366
South Africa,,1986,20.1171711868654
South Africa,,1985,20.813175645104
South Africa,,1984,19.1003697876317
South Africa,,1983,17.9500097965124
South Africa,,1982,18.1279214374544
South Africa,,1981,17.0628463768825
South Africa,,1980,17.796573660554
South Africa,,1979,17.6488319517709
South Africa,,1978,17.3411177466797
South Africa,,1977,17.1174142480211
South Africa,,1976,16.2116088645446
South Africa,,1975,16.2874251497006
South Africa,,1974,15.5068804892792
South Africa,,1973,15.6695403543733
South Africa,,1972,15.0270614453996
Spain,,2023,14.9983875932141
Spain,,2022,15.471017099813
Spain,,2021,14.8775287865224
Spain,,2020,13.4462555370373
Spain,,2019,13.6580229877723
Spain,,2018,14.1254961741386
Spain,,2017,13.6257034043746
Spain,,2016,13.6838393292056
Spain,,2015,14.0820816990338
Spain,,2014,14.0482352839264
Spain,,2013,13.5446525722175
Spain,,2012,11.7062948133333
Spain,,2011,11.8256931383282
Spain,,2010,12.3552539351712
Spain,,2009,10.1892841498989
Spain,,2008,12.7731852373898
Spain,,2007,16.3947357919559
Spain,,2006,15.8427663944214
Spain,,2005,15.4578816147015
Spain,,2004,14.6359726483881
Spain,,1994,15.117567743064
Spain,,1993,14.8926439684824
Spain,,1992,16.0329147105041
Spain,,1991,15.7882501317137
Spain,,1990,15.7220377012486
Spain,,1989,16.7399100891758
Spain,,1988,15.4079672721182
Spain,,1987,15.5766802744872
Spain,,1986,14.4403252172318
Spain,,1985,12.5941795278307
Spain,,1984,10.5971991595879
Spain,,1983,10.6460464592965
Spain,,1982,9.23424170975437
Spain,,1981,9.97520821871247
Spain,,1980,9.67711017366677
Spain,,1979,9.67707069142912
Spain,,1978,9.50628595313732
Spain,,1977,8.90677067929849
Spain,,1976,9.02823843385467
Spain,,1975,8.76841234915641
Spain,,1974,8.58695519407131
Spain,,1973,9.3275176780315
Spain,,1972,8.96520744388055
Sri Lanka,,2023,9.92189093067548
Sri Lanka,,2022,7.2772315851375
Sri Lanka,,2021,7.36992822515173
Sri Lanka,,2020,7.77529251770974
Sri Lanka,,2019,10.9039513327855
Sri Lanka,,2018,11.1537606477644
Sri Lanka,,2017,11.6086827347314
Sri Lanka,,2016,11.4234897702747
Sri Lanka,,2015,11.7202648601751
Sri Lanka,,2014,9.74785981893202
Sri Lanka,,2013,10.1212570541042
Sri Lanka,,2012,10.1110307052301
Sri Lanka,,2011,10.8476049114201
Sri Lanka,,2010,10.9318686871294
Sri Lanka,,2009,12.8003204769597
Sri Lanka,,2008,13.2773344349014
Sri Lanka,,2007,14.2216085895166
Sri Lanka,,2006,14.5772591775899
Sri Lanka,,2005,13.7325290221471
Sri Lanka,,2004,13.4659689569891
Sri Lanka,,2003,12.7106758527447
Sri Lanka,,2002,14.0203617835683
Sri Lanka,,2001,14.6255003915026
Sri Lanka,,2000,14.5027655060765
Sri Lanka,,1999,15.0120754491787
Sri Lanka,,1998,14.4764269842611
Sri Lanka,,1997,16.0076920311995
Sri Lanka,,1996,16.950690509915
Sri Lanka,,1995,17.7520171555561
Sri Lanka,,1994,17.1679756304785
Sri Lanka,,1993,17.4699988990422
Sri Lanka,,1992,17.9534568745988
Sri Lanka,,1991,18.3047979696249
Sri Lanka,,1990,19.0208338512791
Saint Kitts and Nevis,,2020,15.0423826463699
Saint Kitts and Nevis,,2017,17.4126790569899
Saint Kitts and Nevis,,2016,18.3541114107144
Saint Kitts and Nevis,,2015,19.6351325207971
Saint Kitts and Nevis,,2014,18.4731785116894
Saint Kitts and Nevis,,2013,17.8401561949451
Saint Kitts and Nevis,,2012,17.9218354818135
Saint Kitts and Nevis,,2011,18.0751717114443
Saint Kitts and Nevis,,2010,16.3117664253712
Saint Kitts and Nevis,,2009,18.8689389392214
Saint Kitts and Nevis,,2008,20.0366033565581
Saint Kitts and Nevis,,2007,21.6321300112301
Saint Kitts and Nevis,,2006,20.8500422433215
Saint Kitts and Nevis,,2005,20.6618133270161
Saint Kitts and Nevis,,2004,21.2547584080431
Saint Kitts and Nevis,,2003,21.5039688175606
Saint Kitts and Nevis,,2002,21.0250383397169
Saint Kitts and Nevis,,2001,15.7303370786517
Saint Kitts and Nevis,,2000,16.5283443522296
Saint Kitts and Nevis,,1994,15.2460065501361
Saint Kitts and Nevis,,1993,15.1978543544809
Saint Kitts and Nevis,,1992,14.5234562613763
Saint Kitts and Nevis,,1991,14.5853625768314
Saint Kitts and Nevis,,1990,14.3862938970338
Saint Lucia,,2017,18.2251165686921
Saint Lucia,,2016,19.1448285157589
Saint Lucia,,2015,18.714797065133
Saint Lucia,,2014,18.1143266706191
Saint Lucia,,2013,18.1628379053593
Saint Lucia,,2012,17.1543882729725
Saint Lucia,,2011,18.0488000991829
Saint Lucia,,2010,18.2143708337914
Saint Lucia,,2009,19.1338695705866
Saint Lucia,,2008,18.6849027299701
Saint Lucia,,2007,18.2691189469052
Saint Lucia,,2006,17.6326852295447
Saint Lucia,,2005,17.6395305283757
Saint Lucia,,2004,17.2120653125
Saint Lucia,,2003,16.1669542385596
Saint Lucia,,2002,16.6644444444444
Saint Lucia,,2001,16.489850746888
Saint Lucia,,2000,17.0513314535346
Saint Vincent-Grenadines,,2017,23.7995357429648
Saint Vincent-Grenadines,,2016,24.3520935859767
Saint Vincent-Grenadines,,2015,22.6595093468946
Saint Vincent-Grenadines,,2014,22.4999159231874
Saint Vincent-Grenadines,,2013,20.3705811015244
Saint Vincent-Grenadines,,2012,21.8446859298012
Saint Vincent-Grenadines,,2011,21.3847933703678
Saint Vincent-Grenadines,,2010,21.6672659337995
Saint Vincent-Grenadines,,2009,22.4310790663974
Saint Vincent-Grenadines,,2008,22.6447081848728
Saint Vincent-Grenadines,,2007,20.8950764281722
Saint Vincent-Grenadines,,2006,20.8183285638041
Saint Vincent-Grenadines,,2005,19.7244699900457
Saint Vincent-Grenadines,,2004,19.5929833730768
Saint Vincent-Grenadines,,2003,19.8270642788518
Saint Vincent-Grenadines,,2002,20.7166127142278
Saint Vincent-Grenadines,,2001,19.3628494753066
Saint Vincent-Grenadines,,2000,19.6990915175096
Saint Vincent-Grenadines,,1999,20.6931199878666
Saint Vincent-Grenadines,,1998,21.1743013769244
Saint Vincent-Grenadines,,1997,20.5648682613048
Saint Vincent-Grenadines,,1996,19.9548613438806
Saint Vincent-Grenadines,,1995,19.221302829282
Saint Vincent-Grenadines,,1994,19.7701796591084
Saint Vincent-Grenadines,,1993,18.7056129775041
Saint Vincent-Grenadines,,1992,18.4815051700245
Saint Vincent-Grenadines,,1991,19.5773501540608
Saint Vincent-Grenadines,,1990,18.2591411269819
Sudan,,2016,7.39027026174951
Sudan,,2015,8.19443800491008
Sudan,,2014,7.98231786209787
Sudan,,2013,7.68401639387585
Sudan,,2012,6.89440699516488
Sudan,,2011,3.85621016052459
Sudan,,2010,5.86247467546648
Sudan,,2009,6.46948438245235
Sudan,,1999,638.661722364669
Sudan,,1998,619.716328234893
Sweden,,2023,27.5821816916854
Sweden,,2022,28.1710469421456
Sweden,,2021,28.0126472933463
Sweden,,2020,27.0128699114576
Sweden,,2019,27.7012981685122
Sweden,,2018,28.3406068478267
Sweden,,2017,28.5539988730335
Sweden,,2016,28.3765415278316
Sweden,,2015,27.5056157786362
Sweden,,2014,26.9323651387377
Sweden,,2013,26.844295469932
Sweden,,2012,26.7821006606265
Sweden,,2011,27.1369948907058
Sweden,,2010,27.8145320559063
Sweden,,2009,27.7335908439338
Sweden,,2008,28.2612586025479
Sweden,,2007,29.0862842245259
Sweden,,2006,29.1533373386808
Sweden,,2005,29.2399680642487
Sweden,,2004,27.9920353462473
Sweden,,2003,27.5917021111197
Sweden,,2002,27.5385098180206
Sweden,,2001,28.5153530204601
Sweden,,2000,30.4088592749427
Sweden,,1999,30.2706606757119
Sweden,,1998,29.6619917001273
Sweden,,1997,27.5042369384866
Sweden,,1996,27.2919695129364
Sweden,,1995,26.7579586036596
Sweden,,1994,14.8432373251912
Sweden,,1993,15.4691746349763
Sweden,,1992,17.1667513585539
Sweden,,1991,19.695702340865
Sweden,,1990,21.6513858254235
Sweden,,1989,21.3184962282426
Sweden,,1988,21.7038702200664
Sweden,,1987,21.6014529412218
Sweden,,1986,19.174548529851
Sweden,,1985,20.2226663244493
Sweden,,1984,17.7165346321228
Sweden,,1983,16.8596984811026
Sweden,,1982,16.3943227848223
Sweden,,1981,16.7361888265705
Sweden,,1980,16.3266990407768
Sweden,,1979,16.828757380458
Sweden,,1978,18.3389058361548
Sweden,,1977,19.999653843957
Sweden,,1976,19.3934506135579
Sweden,,1975,16.5047905692954
Sweden,,1974,17.0963976468591
Sweden,,1973,17.6134638166628
Sweden,,1972,19.0591780605965
Switzerland,,2023,9.00355781857989
Switzerland,,2022,8.98993332404232
Switzerland,,2021,10.0701481847201
Switzerland,,2020,9.34487114946415
Switzerland,,2019,9.90716918606817
Switzerland,,2018,9.6910239454374
Switzerland,,2017,10.0616352919933
Switzerland,,2016,9.40460314122983
Switzerland,,2015,9.55617901716394
Switzerland,,2014,9.08733953158571
Switzerland,,2013,9.25621409904931
Switzerland,,2012,9.16907474215597
Switzerland,,2011,9.32195218858645
Switzerland,,2010,9.36400803894522
Switzerland,,2009,9.34852798609863
Switzerland,,2008,9.58714189428991
Switzerland,,2007,9.06562377047169
Switzerland,,2006,9.19403806590501
Switzerland,,2005,9.12616072877187
Switzerland,,2004,9.0203938959158
Switzerland,,2003,8.97757718657572
Switzerland,,2002,8.95570427074152
Switzerland,,2001,8.97063263065455
Switzerland,,2000,10.0323454187786
Switzerland,,1999,8.91888653154168
Switzerland,,1998,9.26195695854529
Switzerland,,1997,8.32392921280146
Switzerland,,1996,8.33804506766865
Switzerland,,1995,7.91546148587255
Switzerland,,1994,7.85574635881551
Switzerland,,1993,7.33965146562468
Switzerland,,1992,7.91935844787945
Switzerland,,1991,7.76084009526753
Switzerland,,1990,7.95372215730401
Switzerland,,1989,7.82486553334724
Switzerland,,1988,8.33860184481515
Switzerland,,1987,7.96664369750685
Switzerland,,1986,8.30925643584495
Switzerland,,1985,7.67208944759306
Switzerland,,1984,7.79276889758414
Switzerland,,1983,7.63540611246903
Switzerland,,1982,7.60063645322698
Switzerland,,1981,7.30752885885387
Switzerland,,1980,7.29219795830241
Switzerland,,1979,7.12646196832764
Switzerland,,1978,7.55642504355539
Switzerland,,1977,7.38017137221
Switzerland,,1976,7.685615007616
Switzerland,,1975,6.69634943681695
Switzerland,,1974,6.6238750271988
Switzerland,,1973,6.46873345591447
Switzerland,,1972,6.79436718037962
Tajikistan,,2023,10.752156064593
Tajikistan,,2022,10.3442793427409
Tajikistan,,2021,10.3459805513261
Tajikistan,,2004,9.82102378674623
Tajikistan,,2003,9.70218843197379
Tajikistan,,2001,8.20192682736563
Tajikistan,,2000,7.70308389768848
Tajikistan,,1999,8.20944237918216
Tajikistan,,1998,7.68906661464937
Tanzania,,2024,12.8029080708118
Tanzania,,2023,11.4914890206943
Tanzania,,2022,11.7926807942271
Tanzania,,2021,10.8557996451701
Tanzania,,2020,11.6267688573291
Tanzania,,2019,11.0191174811563
Tanzania,,2018,11.695083058288
Tanzania,,2017,11.8367190192838
Tanzania,,2016,11.3903399368077
Tanzania,,2015,10.4924954944653
Tanzania,,2014,11.3637968874428
Tanzania,,2013,10.7219234484868
Tanzania,,2012,10.4330040159572
Tanzania,,2011,9.79398200038448
Tanzania,,2010,9.91226158242781
Tanzania,,2009,11.5341744643449
Thailand,,2024,15.2576732483721
Thailand,,2023,15.486772180917
Thailand,,2022,15.1390495981787
Thailand,,2021,15.0844438504015
Thailand,,2020,15.1931521673405
Thailand,,2019,15.3979482181899
Thailand,,2018,15.6981581342307
Thailand,,2017,15.5187398280446
Thailand,,2016,16.1000351534032
Thailand,,2015,16.8518811101701
Thailand,,2014,16.4984954918647
Thailand,,2013,17.738624653295
Thailand,,2012,15.4409356720887
Thailand,,2011,16.3618347937093
Thailand,,2010,14.9326475542288
Thailand,,2009,14.1942308395144
Thailand,,2008,15.3848864043407
Thailand,,2007,15.1431565568396
Thailand,,2006,15.6369927115112
Thailand,,2005,16.0618602673273
Thailand,,2004,14.8533309118037
Thailand,,2003,14.4815688039659
Thailand,,2002,13.4703127629092
Thailand,,2001,13.0702183217552
Thailand,,2000,12.9767329017598
Thailand,,1999,12.8892155998986
Thailand,,1998,13.7881674416943
Thailand,,1997,16.1054792572039
Thailand,,1996,16.7262176292695
Thailand,,1995,16.4409308201272
Thailand,,1994,16.0356890181589
Thailand,,1993,15.3992767110393
Thailand,,1992,15.5917839860999
Thailand,,1991,17.4135039767451
Thailand,,1990,16.9073230109204
Thailand,,1989,15.5805728846838
Thailand,,1988,14.8067322617296
Thailand,,1987,13.6499906061981
Thailand,,1986,13.6161466582071
Thailand,,1985,13.6878368964254
Thailand,,1984,14.1067937803599
Thailand,,1983,14.1395824361608
Thailand,,1982,12.6405557683168
Thailand,,1981,13.4769763614363
Thailand,,1980,13.1431496747109
Thailand,,1979,12.3741280520453
Thailand,,1978,11.6614089766394
Thailand,,1977,11.6089217201833
Thailand,,1976,10.7838382002175
Thailand,,1975,11.1938679968034
Thailand,,1974,12.5838106133193
Thailand,,1973,10.1733454910943
Thailand,,1972,11.0411523477572
Timor-Leste,,2022,21.6431379455773
Timor-Leste,,2021,15.087537991755
Timor-Leste,,2020,12.6427114830487
Timor-Leste,,2019,22.8133908864064
Timor-Leste,,2018,25.2502192210723
Timor-Leste,,2017,20.2285220759867
Timor-Leste,,2016,15.0879495953307
Timor-Leste,,2015,36.1661152962641
Timor-Leste,,2014,62.7906671811031
Timor-Leste,,2013,93.8650327104015
Timor-Leste,,2012,147.640190474883
Timor-Leste,,2011,135.484450909514
Timor-Leste,,2010,110.172582159249
Togo,,2023,13.7896420898615
Togo,,2022,13.4049128206821
Togo,,2021,13.8708614439377
Togo,,2020,12.7192270521983
Togo,,2019,13.5836337307146
Togo,,2018,12.8595896272699
Togo,,2017,13.0586599804093
Togo,,2016,13.8673821143318
Togo,,2015,13.7687186064924
Togo,,2014,13.166400071466
Togo,,2013,12.1000763248412
Togo,,2012,11.3616620355597
Togo,,2011,11.4052385672697
Togo,,2010,10.5077932539488
Togo,,2009,10.3162178582799
Togo,,2008,10.3419113725329
Togo,,2007,10.8835244784388
Togo,,2006,9.83282482653845
Togo,,2005,9.11892325370142
Togo,,2004,9.30912880304431
Tonga,,2023,20.4538603855689
Tonga,,2022,20.4015705804568
Tonga,,2021,20.6950996884666
Tonga,,2020,20.3876000913108
Tonga,,2019,21.1401215612848
Tonga,,2018,21.7401890712053
Tonga,,2017,20.815179568731
Tonga,,2016,20.2565184492148
Tonga,,2015,18.6792579945243
Tonga,,2014,17.1045937580802
Tonga,,2013,16.9324739464013
Trinidad and Tobago,,2019,16.7568469467377
Trinidad and Tobago,,2018,19.8778353384922
Trinidad and Tobago,,2017,18.4033698963368
Trinidad and Tobago,,2016,21.3969136294522
Trinidad and Tobago,,2015,24.7100347255843
Trinidad and Tobago,,2014,25.0322361916549
Trinidad and Tobago,,2013,24.2610872060137
Trinidad and Tobago,,2012,24.961173338278
Trinidad and Tobago,,2011,25.6437422012934
Trinidad and Tobago,,2010,26.2440184613642
Trinidad and Tobago,,2009,26.8274060612857
Trinidad and Tobago,,2008,29.48840531425
Trinidad and Tobago,,2007,25.9952903378909
Trinidad and Tobago,,2006,30.2575876543509
Trinidad and Tobago,,2005,26.3787007953218
Trinidad and Tobago,,2004,22.0250564559057
Trinidad and Tobago,,2003,21.3015498320898
Trinidad and Tobago,,2002,20.4554983123112
Trinidad and Tobago,,2001,22.1212859407496
Trinidad and Tobago,,1981,34.8441690006555
Trinidad and Tobago,,1980,35.650808499265
Trinidad and Tobago,,1979,29.1821328394696
Trinidad and Tobago,,1978,28.7498820266487
Trinidad and Tobago,,1977,32.6213360237893
Trinidad and Tobago,,1976,29.5887032330892
Tunisia,,2012,20.1154877238471
Tunisia,,2011,20.1748559350054
Tunisia,,2010,19.199750829309
Tunisia,,2009,20.0481618073119
Tunisia,,2008,20.4998082253244
Tunisia,,2007,19.067873938373
Tunisia,,2006,18.5107154877372
Tunisia,,2005,18.8775047168685
Tunisia,,2004,18.6721938282889
Tunisia,,2003,18.7452647767236
Tunisia,,2002,19.5406246580672
Tunisia,,2001,19.597497669027
Tunisia,,2000,19.2923685337066
Tunisia,,1999,19.1311664547799
Tunisia,,1998,19.18316383043
Tunisia,,1997,18.4410331511459
Tunisia,,1996,19.8376192549157
Tunisia,,1995,20.4858138143774
Tunisia,,1994,20.7641427107969
Tunisia,,1993,21.0079792675442
Tunisia,,1992,20.4993506398751
Tunisia,,1991,20.3844107475392
Tunisia,,1990,19.9534010743641
Tunisia,,1989,20.151409295196
Tunisia,,1988,20.5008890838972
Tunisia,,1987,20.5617711846477
Tunisia,,1986,22.5168984972907
Tunisia,,1985,21.9996295399171
Tunisia,,1984,22.9789158505396
Tunisia,,1983,23.0676946419435
Tunisia,,1982,22.7812005661477
Tunisia,,1981,21.6386352715041
Tunisia,,1980,20.9913853975427
Tunisia,,1979,21.7967145790554
Tunisia,,1978,22.617657715689
Tunisia,,1977,21.2692184862448
Tunisia,,1976,19.9482669425763
Tunisia,,1975,20.2251062363615
Tunisia,,1974,17.8640651246931
Tunisia,,1973,18.9524884912707
Tunisia,,1972,17.7892271662763
Turkey,,2024,17.6239296511937
Turkey,,2023,18.2219303841014
Turkey,,2022,17.1801094092697
Turkey,,2021,17.4752698219595
Turkey,,2020,17.4856241859009
Turkey,,2019,16.5299780626821
Turkey,,2018,17.1432984705184
Turkey,,2017,17.7025349991329
Turkey,,2016,18.3280078853395
Turkey,,2015,18.1419244147983
Turkey,,2014,17.9488969682071
Turkey,,2013,18.3984701698244
Turkey,,2012,18.1051408438054
Turkey,,2011,18.550815026453
Turkey,,2010,18.8149823249259
Turkey,,2009,18.0494564920438
Turkey,,2008,17.441498301686
Turkey,,1998,14.6634178347771
Turkey,,1997,13.7113156263269
Turkey,,1996,11.0165176964637
Turkey,,1995,10.0832780937914
Turkey,,1994,15.2014676965386
Turkey,,1993,13.3427715713127
Turkey,,1992,12.968826598181
Turkey,,1991,12.4951735146288
Turkey,,1990,11.5583312683401
Turkey,,1989,11.2491911321247
Turkey,,1988,11.0271659012029
Turkey,,1987,12.1419557050878
Turkey,,1986,11.7281951788689
Turkey,,1985,11.3456141100711
Turkey,,1984,10.8009692186697
Turkey,,1983,13.9380690071769
Turkey,,1981,15.268953297051
Turkey,,1980,14.3386991932092
Turkey,,1979,14.5927072459595
Turkey,,1978,16.5117896200771
Turkey,,1977,16.6619331629272
Turkey,,1976,16.2657920310982
Turkey,,1975,14.7223084083152
Turkey,,1974,13.1706333198871
Turkey,,1973,14.3131868131868
Turkey,,1972,13.420961604981
Uganda,,2023,12.9683684791221
Uganda,,2022,12.5499042686332
Uganda,,2021,12.4588666765954
Uganda,,2020,11.391163306811
Uganda,,2019,12.2363794666895
Uganda,,2018,11.6828686467659
Uganda,,2017,11.6047236692043
Uganda,,2016,11.1195629637121
Uganda,,2015,10.801770807386
Ukraine,,2024,21.027968473332
Ukraine,,2023,17.4590616933322
Ukraine,,2022,16.6915073808281
Ukraine,,2021,19.0823227721039
Ukraine,,2020,19.1514002992876
Ukraine,,2019,19.1961400966208
Ukraine,,2018,20.1425525138036
Ukraine,,2017,20.0523676996082
Ukraine,,2016,19.6301198096561
Ukraine,,2015,20.4513654211322
Ukraine,,2014,17.294347838416
Ukraine,,2013,16.8986843392832
Ukraine,,2012,17.6333154227001
Ukraine,,2011,17.8400492744471
Ukraine,,2010,14.997505767077
Ukraine,,2009,15.7892363802239
Ukraine,,2008,17.0917178616882
Ukraine,,2007,15.8179537908098
Ukraine,,2006,17.0921634355012
Ukraine,,2005,16.5287705679768
Ukraine,,2004,12.8140914572752
Ukraine,,2003,13.1616259486939
Ukraine,,2002,12.6327971410023
Ukraine,,2001,11.6624126908962
Ukraine,,2000,13.6153819949128
Ukraine,,1999,12.9917511231045
United Arab Emirates,,2024,0.64751617298844
United Arab Emirates,,2023,0.616670610056634
United Arab Emirates,,2022,0.568698432322806
United Arab Emirates,,2021,0.52604178034776
United Arab Emirates,,2020,0.667404502327936
United Arab Emirates,,2019,0.93653171008425
United Arab Emirates,,2018,0.0568405820426624
United Arab Emirates,,2017,0.0635311889968529
United Arab Emirates,,2016,0.0406834504185879
United Arab Emirates,,2015,0.0541309877202387
United Arab Emirates,,2014,0.337474917482444
United Arab Emirates,,2013,0.352793065363978
United Arab Emirates,,2012,0.346927730438243
United Arab Emirates,,2011,0.305542656542035
United Arab Emirates,,1999,1.1224470054107
United Arab Emirates,,1998,1.07587239217888
United Arab Emirates,,1997,0.992336343973077
United Kingdom,,2024,26.9583697121296
United Kingdom,,2023,26.8736892132882
United Kingdom,,2022,26.5536048949437
United Kingdom,,2021,25.9910653856023
United Kingdom,,2020,24.5433751270756
United Kingdom,,2019,24.9143682469426
United Kingdom,,2018,25.326551109134
United Kingdom,,2017,25.4175285210626
United Kingdom,,2016,25.2889754608419
United Kingdom,,2015,24.9162351349781
United Kingdom,,2014,24.7140100668456
United Kingdom,,2013,25.0275561855532
United Kingdom,,2012,24.9984898716856
United Kingdom,,2011,25.7274940192641
United Kingdom,,2010,25.167235102012
United Kingdom,,2009,24.0083878145831
United Kingdom,,2008,26.3157861887622
United Kingdom,,2007,25.8759100332597
United Kingdom,,2006,25.6651872699719
United Kingdom,,2005,25.4063961563486
United Kingdom,,2004,25.0669294868752
United Kingdom,,2003,24.4743374663961
United Kingdom,,2002,24.8945712788558
United Kingdom,,2001,25.64382699632
United Kingdom,,2000,25.9945381752943
United Kingdom,,1999,25.3969755246592
United Kingdom,,1998,24.9177306831644
United Kingdom,,1997,23.6099939595572
United Kingdom,,1996,22.9737228945862
United Kingdom,,1995,23.1479867730469
United Kingdom,,1994,23.7970949924584
United Kingdom,,1993,22.9810917661155
United Kingdom,,1992,24.2803159914902
United Kingdom,,1991,24.847137041141
United Kingdom,,1990,24.1512945995683
United Kingdom,,1989,22.7622715847149
United Kingdom,,1988,22.990749915473
United Kingdom,,1987,23.1587950829559
United Kingdom,,1986,24.5006836277848
United Kingdom,,1985,25.1335734201353
United Kingdom,,1984,24.7776311010935
United Kingdom,,1983,24.6485304999056
United Kingdom,,1982,25.8661393285258
United Kingdom,,1981,24.639426203616
United Kingdom,,1980,23.876065932529
United Kingdom,,1979,21.9037787093631
United Kingdom,,1978,22.1542220674458
United Kingdom,,1977,23.3257744536389
United Kingdom,,1976,23.8006952491309
United Kingdom,,1975,24.2656075553197
United Kingdom,,1974,23.7460735062314
United Kingdom,,1973,21.0715830724992
United Kingdom,,1972,23.0184853204808
United States,,2024,10.8905153823848
United States,,2023,10.8130735453764
United States,,2022,12.7967300718031
United States,,2021,11.5735962955643
United States,,2020,10.2949840532629
United States,,2019,9.95830072560589
United States,,2018,9.98924207356734
United States,,2017,11.5834831642617
United States,,2016,10.9182669054538
United States,,2015,11.2374940636678
United States,,2014,10.9354320229891
United States,,2013,10.4835093346258
United States,,2012,9.763916029528
United States,,2011,9.5389309882013
United States,,2010,8.56322576078511
United States,,2009,7.90351822026163
United States,,2008,10.2761909366076
United States,,2007,11.2899135181825
United States,,2006,11.310475666951
United States,,2005,10.6817311353578
United States,,2004,9.53747297857866
United States,,2003,9.39069910317543
United States,,2002,9.86801220227667
United States,,2001,11.8577039046602
United States,,2000,12.9708003629433
United States,,1999,12.2599793135157
United States,,1998,12.3298291446849
United States,,1997,11.8281965458351
United States,,1996,11.373914577285
United States,,1995,10.980989035111
United States,,1994,10.6235066354376
United States,,1993,10.3049343163775
United States,,1992,9.98416183728209
United States,,1991,10.3203424286825
United States,,1990,10.4652847558268
United States,,1989,10.7824403801772
United States,,1988,10.5959432728889
United States,,1987,10.9488457256785
United States,,1986,10.1630458873215
United States,,1985,10.3842401634117
United States,,1984,10.1597156537786
United States,,1983,10.3482682349497
United States,,1982,11.9786266418126
United States,,1981,12.5505099560623
United States,,1980,12.1383526516402
United States,,1979,12.0038076635128
United States,,1978,11.5423590501612
United States,,1977,11.6186463229876
United States,,1976,10.7488368815829
United States,,1975,11.1858004966455
United States,,1974,11.8376203613283
United States,,1973,11.4952124913005
United States,,1972,11.819937300154
Uruguay,,2024,18.1623555727699
Uruguay,,2023,18.6579991591649
Uruguay,,2022,18.5974753271705
Uruguay,,2021,17.8174131088485
Uruguay,,2020,18.5526476965432
Uruguay,,2019,17.8650944056789
Uruguay,,2018,18.3247041806937
Uruguay,,2017,18.0774760237708
Uruguay,,2016,21.7322482220825
Uruguay,,2015,17.0956158572883
Uruguay,,2014,17.275289380084
Uruguay,,2013,17.859739728047
Uruguay,,2012,17.7918744529499
Uruguay,,2011,18.1987734882966
Uruguay,,2010,18.1364190222771
Uruguay,,2009,18.1226990530545
Uruguay,,2008,17.8002013250049
Uruguay,,2007,18.1109425973052
Uruguay,,2006,18.8323064193541
Uruguay,,2005,17.8969219665738
Uruguay,,2004,17.8462046174237
Uruguay,,2003,17.2060058979599
Uruguay,,2002,15.7776762183022
Uruguay,,2001,15.3059815839749
Uruguay,,2000,14.6991370386579
Uruguay,,1999,15.278285168979
Uruguay,,1998,16.9828417745635
Uruguay,,1997,16.780792455572
Uruguay,,1996,17.3511022349298
Uruguay,,1995,16.8787580283368
Uruguay,,1994,19.0344093835043
Uruguay,,1993,19.389494107735
Uruguay,,1992,17.2408574744059
Uruguay,,1991,16.7932403160897
Uruguay,,1990,16.2025863999242
Uruguay,,1989,14.532178094581
Uruguay,,1988,15.1891030767731
Uruguay,,1987,15.9654463471062
Uruguay,,1986,16.7632284386865
Uruguay,,1985,15.9497526489956
Uruguay,,1984,13.8692566470918
Uruguay,,1983,15.1212976424642
Uruguay,,1982,14.0055537773472
Uruguay,,1981,16.7390648061183
Uruguay,,1980,15.8257776235304
Uruguay,,1979,14.4470007195075
Uruguay,,1978,16.0230726836872
Uruguay,,1977,15.8476947618923
Uruguay,,1976,15.5233345443736
Uruguay,,1975,12.2361269118948
Uruguay,,1974,12.7103552666726
Uruguay,,1973,10.4473219540906
Uruguay,,1972,13.6809499225607
Uzbekistan,,2023,11.5296953038943
Uzbekistan,,2022,11.9887402782307
Uzbekistan,,2021,13.3629025586761
Uzbekistan,,2020,13.4020276228784
Uzbekistan,,2019,11.3019651116535
Uzbekistan,,2018,12.6952900812344
Uzbekistan,,2017,10.3687470127075
Uzbekistan,,2016,13.4329630628352
Uzbekistan,,2015,13.5577540309111
Uzbekistan,,2014,13.4703929819261
Uzbekistan,,2013,13.8004798918479
Uzbekistan,,2012,13.1744077704128
Uzbekistan,,2011,12.3662567573144
Vanuatu,,2023,17.5712891365028
Vanuatu,,2022,15.7243472991405
Vanuatu,,2021,15.877161704623
Vanuatu,,2020,14.0402557920117
Vanuatu,,2019,17.5946605583993
Vanuatu,,2018,17.8374474997767
Vanuatu,,2017,17.1295330234911
Vanuatu,,2016,16.3107118706232
Vanuatu,,2015,16.2653409502645
Vanuatu,,2014,18.3043648976114
Vanuatu,,2013,18.2298178318362
Vanuatu,,2012,17.3819159040388
Vanuatu,,2011,16.4423481605108
Vanuatu,,2010,16.1945350483107
Vanuatu,,2009,16.4961980492278
Vanuatu,,1999,17.1248518486399
Vanuatu,,1998,17.7355218704219
Vanuatu,,1997,18.0915016136177
Vanuatu,,1996,18.5719178082192
Vanuatu,,1995,17.9014774800558
Vanuatu,,1990,20.1851383479185
Zambia,,2021,16.7804106780344
Zambia,,2020,16.4180055087603
Zambia,,2019,16.6776226624707
Zambia,,2018,16.5870654743884
Zambia,,2017,15.1848569595374
Zambia,,2016,13.3531814269452
Zambia,,2015,14.3939639330138
Zambia,,2014,15.7610303316911
Zambia,,2013,14.3471093166635
Zambia,,2012,14.8923642974021
Zambia,,2011,14.7159433183957
Zambia,,2010,12.8348424007125
Zambia,,2009,11.6875158255642
Zambia,,2008,13.2593037824586
Zambia,,2007,14.0825145818855
Zambia,,2006,13.7115292955915
Zambia,,2005,14.7947685977708
Zambia,,2004,15.3170586322801
Zambia,,2003,14.8595198802442
Zambia,,2002,15.4400128679656
Zambia,,2001,16.5407044580374
Zambia,,1999,16.9543084891968
Zambia,,1998,16.1881871288854
Zambia,,1997,16.0500956738796
Zambia,,1996,16.1056179545653
Zambia,,1995,15.6895001581762
Zambia,,1994,17.2365182861065
Zambia,,1993,15.0401711168061
Zambia,,1992,18.7109262523615
Zambia,,1991,17.4938311988777
Zambia,,1990,19.4828833598024
Zimbabwe,,2018,7.21476804985273
Zimbabwe,,2017,5.46550428149671
Zimbabwe,,2016,15.4582805565972
Zimbabwe,,2015,17.6734192795678
Zimbabwe,,2012,17.8355813060669
Zimbabwe,,2011,17.9284072728539
Zimbabwe,,2010,17.4350010424397
Zimbabwe,,2009,9.19687186017256
