country,iso2,year,value
Afghanistan,,2023,67.5846651516385
Afghanistan,,2022,72.8854696086536
Afghanistan,,2021,51.4117163747271
Afghanistan,,2020,46.7098945514103
Albania,,2024,79.0707597666191
Albania,,2023,82.4936825596994
Albania,,2022,84.6980571024438
Albania,,2021,75.5903217283122
Albania,,2020,59.5207118897718
Albania,,2019,75.382128932689
Albania,,2018,75.6940783717425
Albania,,2017,76.7873817898989
Albania,,2016,74.0144504546815
Albania,,2015,71.2794476606014
Albania,,2014,75.0212023084129
Albania,,2013,75.7506185619748
Albania,,2012,76.9683583166821
Albania,,2011,80.6989985298954
Albania,,2010,75.5325329687378
Albania,,2009,73.3213575646169
Albania,,2008,75.2485472798728
Albania,,2007,79.9119008919954
Albania,,2006,72.2019089483674
Albania,,2005,69.1162926602322
Albania,,2004,65.0379383187697
Albania,,2003,64.8232150960777
Albania,,2002,65.9914650336802
Albania,,2001,64.2474462587009
Albania,,2000,61.6092610436407
Albania,,1999,49.8954184095195
Albania,,1998,47.1306266993222
Albania,,1997,44.7293780649181
Albania,,1996,44.4117820054663
Albania,,1995,40.1386989518314
Albania,,1994,53.1025847356112
Albania,,1993,80.518332770413
Albania,,1992,108.785472241159
Albania,,1991,36.0705200632829
Albania,,1990,39.4369634031142
Albania,,1989,40.066086463479
Albania,,1988,36.89787073527
Albania,,1987,32.159563916938
Albania,,1986,31.637304878056
Albania,,1985,35.9348239721958
Albania,,1984,38.1156830212927
Albania,,1983,40.4106676033234
Albania,,1982,44.8105616083383
Albania,,1981,46.1004662837047
Albania,,1980,47.4940925041872
Algeria,,2023,43.682914195572
Algeria,,2022,51.2023757404409
Algeria,,2021,46.8370592599607
Algeria,,2020,40.3897565625388
Algeria,,2019,46.5068426081672
Algeria,,2018,52.4361676779223
Algeria,,2017,49.8208161712587
Algeria,,2016,49.7609327925216
Algeria,,2015,53.2046225904145
Algeria,,2014,56.9235419669867
Algeria,,2013,59.151008157244
Algeria,,2012,60.7576393340605
Algeria,,2011,62.2200899610479
Algeria,,2010,63.4912159928425
Algeria,,2009,64.2847547238993
Algeria,,2008,71.0284922505261
Algeria,,2007,67.5454733939763
Algeria,,2006,65.9152919677621
Algeria,,2005,66.8404602203906
Algeria,,2004,61.3579975707176
Algeria,,2003,57.7691353044878
Algeria,,2002,56.5896052814114
Algeria,,2001,54.5296491177208
Algeria,,2000,62.8583436360347
Algeria,,1999,50.9291093379713
Algeria,,1998,45.0944505585079
Algeria,,1997,52.2439115059386
Algeria,,1996,53.7051478767794
Algeria,,1995,55.1910052081435
Algeria,,1994,48.5844377877809
Algeria,,1993,44.9228133698634
Algeria,,1992,49.1890842360411
Algeria,,1991,52.7175867077307
Algeria,,1990,48.3807136815584
Algeria,,1989,47.1533197065802
Algeria,,1988,38.111587277742
Algeria,,1987,32.6845844686128
Algeria,,1986,36.026710569926
Algeria,,1985,50.3261206307911
Algeria,,1984,53.1763836889134
Algeria,,1983,53.7441173561114
Algeria,,1982,59.9229312690034
Algeria,,1981,65.4649936353318
Algeria,,1980,64.6769231605018
Algeria,,1979,64.0140492853508
Algeria,,1978,65.7045688895452
Algeria,,1977,72.3268842306998
Algeria,,1976,70.1732568821597
Algeria,,1975,76.6545354056848
Algeria,,1974,74.2388192371426
Algeria,,1973,57.0934265311372
Algeria,,1972,46.1764302847485
Algeria,,1971,46.1062966825765
Algeria,,1970,51.2254018061269
Algeria,,1969,51.8595349042921
Algeria,,1968,47.3228889614156
Algeria,,1967,45.066186093677
Algeria,,1966,50.6397695218843
Algeria,,1965,48.4370219064117
Algeria,,1964,54.5238212566159
Algeria,,1963,61.510197197341
Algeria,,1962,40.6125193571122
Algeria,,1961,113.7483279283
Algeria,,1960,106.186804301314
Angola,,2024,62.2959187659368
Angola,,2023,67.00179327992
Angola,,2022,69.6910705054094
Angola,,2021,74.4644985871074
Angola,,2020,65.9420289329872
Angola,,2019,57.8295381183036
Angola,,2018,66.3780133263399
Angola,,2017,52.2568222278462
Angola,,2016,53.3701580675988
Angola,,2015,62.8885160890192
Angola,,2014,79.3329227828897
Angola,,2013,86.8119327587926
Angola,,2012,91.8000973419114
Angola,,2011,99.9825063313368
Angola,,2010,104.123635308845
Angola,,2009,122.446144139295
Angola,,2008,121.364708453698
Angola,,2007,108.060067893978
Angola,,2006,94.6251593320477
Angola,,2005,106.590962129525
Angola,,2004,103.579947051466
Angola,,2003,103.901229551372
Angola,,2002,105.301742600149
Antigua and Barbuda,,2022,117.703527768353
Antigua and Barbuda,,2021,101.074960584779
Antigua and Barbuda,,2020,94.289529886499
Antigua and Barbuda,,2019,137.537783631991
Antigua and Barbuda,,2018,130.655152659419
Antigua and Barbuda,,2017,127.664323582144
Antigua and Barbuda,,2016,132.025917905085
Antigua and Barbuda,,2015,130.071549851721
Antigua and Barbuda,,2014,141.546161057996
Argentina,,2024,28.1594014348782
Argentina,,2023,26.6405121334437
Argentina,,2022,31.5477080051071
Argentina,,2021,33.078689567466
Argentina,,2020,30.203698807416
Argentina,,2019,32.6306150458499
Argentina,,2018,30.7625359549926
Argentina,,2017,25.2896011376779
Argentina,,2016,26.0938878488799
Argentina,,2015,22.4862260889792
Argentina,,2014,28.4067936452275
Argentina,,2013,29.3339290021037
Argentina,,2012,30.5265423717108
Argentina,,2011,35.2061549999644
Argentina,,2010,34.9710132635696
Argentina,,2009,34.0571269054879
Argentina,,2008,40.4026733790382
Argentina,,2007,40.945170618571
Argentina,,2006,40.4334798719151
Argentina,,2005,40.5512709706238
Argentina,,2004,40.692646108947
Argentina,,2003,40.6447480311085
Argentina,,2002,41.7527243585642
Argentina,,2001,21.8522554515453
Argentina,,2000,22.6224447777343
Argentina,,1999,21.3827449624898
Argentina,,1998,23.3500279730689
Argentina,,1997,23.3361788437439
Argentina,,1996,21.5064684057215
Argentina,,1995,19.7714230903755
Argentina,,1994,18.1343458669981
Argentina,,1993,16.223151447784
Argentina,,1992,14.730980586353
Argentina,,1991,13.7530541588891
Argentina,,1990,14.9908589999441
Argentina,,1989,19.6377977018838
Argentina,,1988,15.743458608705
Argentina,,1987,15.448969882952
Argentina,,1986,14.4860327921395
Argentina,,1985,18.009425070688
Argentina,,1984,12.3463814292217
Argentina,,1983,14.9876701068591
Argentina,,1982,15.6114860999886
Argentina,,1981,14.2929774788834
Argentina,,1980,11.5456724606844
Argentina,,1979,12.8406846411368
Argentina,,1978,14.3237963724369
Argentina,,1977,16.942286567935
Argentina,,1976,15.0968846242519
Argentina,,1975,11.8027242947756
Argentina,,1974,13.1915798576321
Argentina,,1973,13.3221685115576
Argentina,,1972,14.0356431972715
Argentina,,1971,12.6151889155439
Argentina,,1970,10.3374440809233
Argentina,,1969,12.7974266330598
Argentina,,1968,11.8881648852942
Argentina,,1967,12.4926603729179
Argentina,,1966,11.6426054171411
Argentina,,1965,10.3764574099485
Argentina,,1964,11.1274296795488
Argentina,,1963,15.7809062353749
Argentina,,1962,14.0755256495637
Argentina,,1961,11.9898923109727
Argentina,,1960,15.2080960873797
Armenia,,2024,152.14022908423
Armenia,,2023,119.714642963872
Armenia,,2022,101.41077826094
Armenia,,2021,79.6698888228399
Armenia,,2020,69.4888075396076
Armenia,,2019,96.1141541288708
Armenia,,2018,92.473107021212
Armenia,,2017,87.202376539837
Armenia,,2016,76.0779674593548
Armenia,,2015,71.6820743427575
Armenia,,2014,75.778866962639
Armenia,,2013,77.5550481598824
Armenia,,2012,75.9616759606704
Armenia,,2011,69.4355736620453
Armenia,,2010,64.642975973633
Armenia,,2009,57.2742357441995
Armenia,,2008,54.5423279613666
Armenia,,2007,56.9750470853147
Armenia,,2006,61.0301379818566
Armenia,,2005,70.1397385835334
Armenia,,2004,73.0706339919371
Armenia,,2003,80.0513676022426
Armenia,,2002,73.9845018432309
Armenia,,2001,69.8642663925336
Armenia,,2000,72.2333302273367
Armenia,,1999,70.5604791440404
Armenia,,1998,71.8424518815414
Armenia,,1997,78.5477450545048
Armenia,,1996,79.2295601199241
Armenia,,1995,86.1148570667578
Armenia,,1994,112.429364602262
Armenia,,1993,107.973146280234
Armenia,,1992,101.076759405526
Armenia,,1991,100.865855188857
Armenia,,1990,81.3357185450209
Australia,,2024,47.3142290131289
Australia,,2023,49.2251840594381
Australia,,2022,45.8217702307271
Australia,,2021,40.3024802691697
Australia,,2020,44.6644560654359
Australia,,2019,46.1875018936291
Australia,,2018,43.7360650798433
Australia,,2017,42.2037316765804
Australia,,2016,40.974079475775
Australia,,2015,41.6639319280984
Australia,,2014,42.4840230270994
Australia,,2013,41.2728790174276
Australia,,2012,43.1642964994556
Australia,,2011,41.851132029052
Australia,,2010,40.5215889941287
Australia,,2009,45.7408630288694
Australia,,2008,42.8467764017331
Australia,,2007,42.0080200326348
Australia,,2006,41.5594471705758
Australia,,2005,39.1607469727979
Australia,,2004,37.0096135930442
Australia,,2003,40.2015669125448
Australia,,2002,41.4490922022193
Australia,,2001,44.2187044989977
Australia,,2000,40.9352109785505
Australia,,1999,39.0297954188357
Australia,,1998,39.9927024641912
Australia,,1997,37.9808322779409
Australia,,1996,38.2330533547335
Australia,,1995,37.7040452075846
Australia,,1994,36.4588088303684
Australia,,1993,35.3995349245547
Australia,,1992,33.0445567945568
Australia,,1991,32.1891884083095
Australia,,1990,32.1527144597396
Australia,,1989,32.0650048875855
Australia,,1988,32.5649604722381
Australia,,1987,32.5101443607132
Australia,,1986,33.0085289889794
Australia,,1985,32.4883334819514
Australia,,1984,28.5400083297066
Australia,,1983,29.1752457579693
Australia,,1982,30.3246900943933
Australia,,1981,31.6034392228931
Australia,,1980,32.2982750679721
Australia,,1979,29.6236726651116
Australia,,1978,28.1775002617577
Australia,,1977,28.6305285588067
Australia,,1976,26.8629497654441
Australia,,1975,28.9701919838329
Australia,,1974,26.3224160495668
Australia,,1973,25.1314680261732
Australia,,1972,24.7575648738439
Australia,,1971,25.5542070195428
Australia,,1970,26.152929063025
Australia,,1969,25.2457715088233
Australia,,1968,26.7383340751138
Australia,,1967,26.7319083183106
Australia,,1966,28.0154205799122
Australia,,1965,28.4383892385962
Australia,,1964,28.6527692814456
Australia,,1963,26.7924920709198
Australia,,1962,26.5276294339198
Australia,,1961,27.3798008534851
Australia,,1960,27.0073432045263
Austria,,2024,110.535462439764
Austria,,2023,116.813919411879
Austria,,2022,124.38345148483
Austria,,2021,111.032268737901
Austria,,2020,99.9482141095975
Austria,,2019,108.207284904426
Austria,,2018,108.377969971828
Austria,,2017,105.556066755438
Austria,,2016,101.573494597172
Austria,,2015,103.11758174626
Austria,,2014,104.49673998926
Austria,,2013,104.985374015367
Austria,,2012,105.840791389706
Austria,,2011,105.775098372378
Austria,,2010,99.6448825546716
Austria,,2009,87.6004931021953
Austria,,2008,102.7437043613
Austria,,2007,101.36495843546
Austria,,2006,98.7857253161241
Austria,,2005,94.6747547827805
Austria,,2004,91.4742201880009
Austria,,2003,86.8822263228608
Austria,,2002,87.5844937054619
Austria,,2001,87.9962567186047
Austria,,2000,85.8426077336549
Austria,,1999,78.5629329772961
Austria,,1998,77.3495216604118
Austria,,1997,75.2444760305554
Austria,,1996,70.4693162982812
Austria,,1995,68.5250057529972
Austria,,1994,66.246573910845
Austria,,1993,63.5138270434354
Austria,,1992,67.8961088248008
Austria,,1991,70.3238566862819
Austria,,1990,71.769481946408
Austria,,1989,70.8157362192816
Austria,,1988,66.8242938143518
Austria,,1987,63.1008818390388
Austria,,1986,64.2663207365524
Austria,,1985,70.3587487563186
Austria,,1984,66.8367975275057
Austria,,1983,62.717843835786
Austria,,1982,64.3692403970828
Austria,,1981,68.665503986782
Austria,,1980,67.0877814373936
Austria,,1979,63.5662000173728
Austria,,1978,59.902619239337
Austria,,1977,60.5146252146455
Austria,,1976,60.1518898060928
Austria,,1975,56.8216966374891
Austria,,1974,59.8019696552993
Austria,,1973,54.6709598898345
Austria,,1972,54.5095261285031
Austria,,1971,54.5943095175992
Austria,,1970,55.0761193245758
Azerbaijan,,2024,82.6898691594703
Azerbaijan,,2023,83.5358861156321
Azerbaijan,,2022,86.9822732541779
Azerbaijan,,2021,76.286865687015
Azerbaijan,,2020,72.0178676487811
Azerbaijan,,2019,85.8181454084561
Azerbaijan,,2018,91.6725765369825
Azerbaijan,,2017,90.4023156823216
Azerbaijan,,2016,90.0773187345677
Azerbaijan,,2015,72.6015079073189
Azerbaijan,,2014,69.4832251953347
Azerbaijan,,2013,74.6758447629851
Azerbaijan,,2012,78.263069540422
Azerbaijan,,2011,80.5080450059522
Azerbaijan,,2010,74.9859884610856
Azerbaijan,,2009,74.7440416836369
Azerbaijan,,2008,89.2428968637573
Azerbaijan,,2007,96.6418081486575
Azerbaijan,,2006,105.262399846369
Azerbaijan,,2005,115.841884607706
Azerbaijan,,2004,121.507115894117
Azerbaijan,,2003,107.551948506262
Azerbaijan,,2002,92.8181443298969
Azerbaijan,,2001,78.8151854917601
Azerbaijan,,2000,78.5485682796041
Azerbaijan,,1999,69.8259648751026
Azerbaijan,,1998,77.2278091030634
Azerbaijan,,1997,82.0789665326283
Azerbaijan,,1996,80.8497401741931
Azerbaijan,,1995,85.8937107507733
Azerbaijan,,1994,55.3493194555644
Azerbaijan,,1993,133.490445859873
Azerbaijan,,1992,140.799983402834
Azerbaijan,,1991,86.8637724550898
Azerbaijan,,1990,83.0832196452933
Bahamas,,2024,79.2424586933455
Bahamas,,2023,76.5494751592857
Bahamas,,2022,75.9829601059237
Bahamas,,2021,65.9325413308964
Bahamas,,2020,53.4207580670063
Bahamas,,2019,68.7866234842208
Bahamas,,2018,72.1542685971043
Bahamas,,2017,68.334284038596
Bahamas,,2016,67.212921580015
Bahamas,,2015,69.6779752652565
Bahamas,,2014,80.5370272284116
Bahamas,,2013,84.5484138879077
Bahamas,,2012,84.2515204656543
Bahamas,,2011,88.3336891598687
Bahamas,,2010,78.6756024311196
Bahamas,,2009,76.5210439633098
Bahamas,,2008,87.4292228766863
Bahamas,,2007,88.0128155625079
Bahamas,,2006,87.5507143032777
Bahamas,,2005,81.3962709176308
Bahamas,,2004,76.0019833710461
Bahamas,,2003,71.063540505226
Bahamas,,2002,70.2779817050926
Bahamas,,2001,72.5008806383396
Bahamas,,2000,79.6449438925669
Bahamas,,1999,75.7027383336782
Bahamas,,1998,77.7261671656993
Bahamas,,1997,79.7348855718879
Bahamas,,1996,105.856747021336
Bahamas,,1995,104.465441819773
Bahamas,,1994,104.401963792574
Bahamas,,1993,103.359961190168
Bahamas,,1992,101.461563203602
Bahamas,,1991,106.118618136001
Bahamas,,1990,110.120025268478
Bahamas,,1989,111.000326583932
Bahamas,,1987,117.126017580178
Bahamas,,1986,121.72295247725
Bahamas,,1985,124.061710865761
Bahamas,,1984,121.895056587134
Bahamas,,1983,124.584487534626
Bahamas,,1982,125.337388329215
Bahamas,,1981,129.75113915177
Bahamas,,1980,133.258443795402
Bahamas,,1979,129.075265039896
Bahamas,,1978,150.180201826045
Bahamas,,1977,148.793828892006
Bahrain,,2023,157.447854682297
Bahrain,,2022,167.141241152535
Bahrain,,2021,153.799316485108
Bahrain,,2020,135.460985012931
Bahrain,,2019,135.417543398211
Bahrain,,2018,144.075372574535
Bahrain,,2017,136.429239810394
Bahrain,,2016,132.822997902774
Bahrain,,2015,147.916060172904
Bahrain,,2014,168.57585814186
Bahrain,,2013,184.58950884485
Bahrain,,2012,178.824020821684
Bahrain,,2011,167.529641035854
Bahrain,,2010,115.561486449616
Bahrain,,2009,117.963725409489
Bahrain,,2008,145.882511145821
Bahrain,,2007,137.785050572304
Bahrain,,2006,147.104181068989
Bahrain,,2005,148.313525108923
Bahrain,,2004,140.737310039923
Bahrain,,2003,128.091582155216
Bahrain,,2002,131.133634216392
Bahrain,,2001,127.026266277537
Bahrain,,2000,135.809135327865
Bahrain,,1999,124.735737154328
Bahrain,,1998,113.001418957352
Bahrain,,1997,130.672449001883
Bahrain,,1996,144.333450490306
Bahrain,,1995,134.086732319169
Bahrain,,1994,136.473470897416
Bahrain,,1993,144.763045585989
Bahrain,,1992,159.291898335568
Bahrain,,1991,158.867796593681
Bahrain,,1990,184.828804680899
Bahrain,,1989,163.820943501791
Bahrain,,1988,151.999720355893
Bahrain,,1987,166.893883947206
Bahrain,,1986,161.40219829886
Bahrain,,1985,168.514120007661
Bahrain,,1984,167.38843952925
Bahrain,,1983,166.774850725237
Bahrain,,1982,198.546425415554
Bahrain,,1981,220.86736918527
Bahrain,,1980,210.498536317485
Bangladesh,,2024,26.7780763393252
Bangladesh,,2023,30.9829714104596
Bangladesh,,2022,33.7799672705735
Bangladesh,,2021,27.7240047036631
Bangladesh,,2020,26.271447376215
Bangladesh,,2019,31.5780544912404
Bangladesh,,2018,32.5146317240884
Bangladesh,,2017,29.9997306724343
Bangladesh,,2016,31.3341501346142
Bangladesh,,2015,42.0859963070382
Bangladesh,,2014,44.5140801968096
Bangladesh,,2013,46.2964027228174
Bangladesh,,2012,48.1109227490467
Bangladesh,,2011,47.4208498356898
Bangladesh,,2010,37.8028426708321
Bangladesh,,2009,40.092796223023
Bangladesh,,2008,42.6209140325589
Bangladesh,,2007,39.9423826531735
Bangladesh,,2006,38.1119244325921
Bangladesh,,2005,34.396934864465
Bangladesh,,2004,26.8582341492431
Bangladesh,,2003,27.657884900158
Bangladesh,,2002,28.9673807211649
Bangladesh,,2001,32.0980170730117
Bangladesh,,2000,29.3217143619038
Bangladesh,,1999,28.3879405571158
Bangladesh,,1998,27.8800634028394
Bangladesh,,1997,26.3255133900833
Bangladesh,,1996,26.0760877233809
Bangladesh,,1995,28.2094960764218
Bangladesh,,1994,22.8658645545703
Bangladesh,,1993,23.1215830698982
Bangladesh,,1992,19.9340055024511
Bangladesh,,1991,18.8898268850747
Bangladesh,,1990,18.9665020125385
Bangladesh,,1989,18.3251740190693
Bangladesh,,1988,17.6780643099612
Bangladesh,,1987,16.6877976312963
Bangladesh,,1986,17.0187425082782
Bangladesh,,1985,18.2221846249994
Bangladesh,,1984,16.8117271749034
Bangladesh,,1983,20.3168806212371
Bangladesh,,1982,20.6069241937352
Bangladesh,,1981,19.2471590909091
Bangladesh,,1980,23.377231112235
Bangladesh,,1979,21.9070635430834
Bangladesh,,1978,21.0385149611892
Bangladesh,,1977,19.4221981983695
Bangladesh,,1976,22.3822749296616
Bangladesh,,1975,10.9956261323865
Bangladesh,,1974,14.0496210654104
Bangladesh,,1973,18.3946565109774
Bangladesh,,1972,19.4072895559385
Bangladesh,,1971,17.0190718372794
Bangladesh,,1970,20.8205969538367
Bangladesh,,1969,19.8113211700256
Bangladesh,,1968,19.9371403769383
Bangladesh,,1967,21.9018601093214
Bangladesh,,1966,22.9361029749964
Bangladesh,,1965,23.0293137134448
Bangladesh,,1964,24.1502678104311
Bangladesh,,1963,21.6397630631354
Bangladesh,,1962,21.554848275691
Bangladesh,,1961,22.4823523745223
Bangladesh,,1960,19.3039436708071
Belarus,,2024,131.91792910245
Belarus,,2023,131.584674884961
Belarus,,2022,120.024207576094
Belarus,,2021,136.014167877476
Belarus,,2020,118.934176146534
Belarus,,2019,130.850406102184
Belarus,,2018,139.393736250171
Belarus,,2017,133.367754723012
Belarus,,2016,125.209322899662
Belarus,,2015,115.914826201946
Belarus,,2014,110.651424367582
Belarus,,2013,119.815965235724
Belarus,,2012,153.085269313372
Belarus,,2011,157.974255073313
Belarus,,2010,115.917972989303
Belarus,,2009,108.63564482836
Belarus,,2008,129.599478545475
Belarus,,2007,128.153877979073
Belarus,,2006,124.295103889386
Belarus,,2005,118.88435169233
Belarus,,2004,142.136510387704
Belarus,,2003,134.141852273225
Belarus,,2002,131.002058282291
Belarus,,2001,137.044930473063
Belarus,,2000,141.609165955024
Belarus,,1999,120.835117829629
Belarus,,1998,122.957697735989
Belarus,,1997,125.516179156558
Belarus,,1996,96.7748997857579
Belarus,,1995,103.718194772782
Belarus,,1994,155.375709548699
Belarus,,1993,150.964467005076
Belarus,,1992,117.391304347826
Belarus,,1991,66.6666666666667
Belarus,,1990,89.6073903002309
Belgium,,2024,158.452949662035
Belgium,,2023,168.961009401668
Belgium,,2022,191.939444094087
Belgium,,2021,177.381892440073
Belgium,,2020,156.950121282783
Belgium,,2019,165.46547893199
Belgium,,2018,168.277692877218
Belgium,,2017,166.904078237791
Belgium,,2016,159.057696611945
Belgium,,2015,155.068682045926
Belgium,,2014,158.571610953523
Belgium,,2013,157.573622782434
Belgium,,2012,160.383301425059
Belgium,,2011,160.765516888126
Belgium,,2010,150.162563621427
Belgium,,2009,135.13840572229
Belgium,,2008,161.088447790447
Belgium,,2007,152.468446875303
Belgium,,2006,149.567509299511
Belgium,,2005,144.529050669983
Belgium,,2004,136.918405348432
Belgium,,2003,132.715552833888
Belgium,,2002,136.085149488081
Belgium,,2001,139.576839834619
Belgium,,2000,142.230135067034
Belgium,,1999,125.169990540949
Belgium,,1998,124.709122626318
Belgium,,1997,125.68894005618
Belgium,,1996,119.212775757383
Belgium,,1995,116.378567821327
Belgium,,1994,113.232300033612
Belgium,,1993,109.012736996759
Belgium,,1992,115.069287501636
Belgium,,1991,118.59013771799
Belgium,,1990,121.467851074465
Belgium,,1989,124.936932679633
Belgium,,1988,116.422946593266
Belgium,,1987,109.919099925859
Belgium,,1986,112.327024533852
Belgium,,1985,123.876986090012
Belgium,,1984,128.230735025444
Belgium,,1983,120.395562511556
Belgium,,1982,117.925349546572
Belgium,,1981,110.221352145195
Belgium,,1980,103.055447784319
Belgium,,1979,101.572970541061
Belgium,,1978,92.3126039376739
Belgium,,1977,95.6775227443742
Belgium,,1976,96.8157584257173
Belgium,,1975,91.5237486786852
Belgium,,1974,105.271077601296
Belgium,,1973,94.1440940214668
Belgium,,1972,85.2144387292793
Belgium,,1971,85.5840807687108
Belgium,,1970,87.7273019754199
Belize,,2023,106.531755710256
Belize,,2022,108.52917413145
Belize,,2021,99.3162710954122
Belize,,2020,81.821964412463
Belize,,2019,102.122848888331
Belize,,2018,100.664995094298
Belize,,2017,97.6922737501655
Belize,,2016,96.4646013748772
Belize,,2015,104.078794373133
Belize,,2014,107.120308663627
Belize,,2013,108.793506333784
Belize,,2012,111.631926259558
Belize,,2011,107.194658055335
Belize,,2010,95.0335109125279
Belize,,2009,89.546935149541
Belize,,2008,105.44022082926
Belize,,2007,95.8936207603538
Belize,,2006,98.8593155893536
Belize,,2005,92.9523034679142
Belize,,2004,86.3404361637577
Belize,,2003,94.3158377263351
Belize,,2002,92.9980315751416
Belize,,2001,93.1105047748977
Belize,,2000,96.5405215558873
Belize,,1999,93.2766808297926
Belize,,1998,85.2608929532007
Belize,,1997,85.4133272269292
Belize,,1996,79.5087265675501
Belize,,1995,77.2846590562237
Belize,,1994,80.8623591868445
Belize,,1993,75.712293285515
Belize,,1992,80.2872531418312
Belize,,1991,79.1324736225088
Belize,,1990,79.4114959334734
Belize,,1989,78.4160346161678
Belize,,1988,81.4921461620596
Belize,,1987,76.8465724872002
Belize,,1986,69.6704858747994
Belize,,1985,67.0732840236686
Belize,,1984,80.763900981574
Belize,,1983,69.0500499713904
Belize,,1982,71.8370006035003
Belize,,1981,80.0036701821668
Belize,,1980,78.6998585858586
Benin,,2024,40.6398022401523
Benin,,2023,44.6631308180211
Benin,,2022,44.3815928877424
Benin,,2021,48.0548608324409
Benin,,2020,44.8332333768726
Benin,,2019,63.68133231423
Benin,,2018,61.7951944903448
Benin,,2017,61.4765969588474
Benin,,2016,58.9869283378276
Benin,,2015,56.7563131849476
Benin,,2014,65.2682749404551
Benin,,2013,59.2001918331875
Benin,,2012,50.7367367791134
Benin,,2011,47.2170288118403
Benin,,2010,51.4308599492924
Benin,,2009,44.7026290629806
Benin,,2008,47.7753592695169
Benin,,2007,49.1137841529705
Benin,,2006,39.7746987128551
Benin,,2005,39.0959311879142
Benin,,2004,39.9029743365096
Benin,,2003,41.6162305574334
Benin,,2002,43.7684225364311
Benin,,2001,48.2571706392197
Benin,,2000,47.3481515012844
Benin,,1999,54.3917891538957
Benin,,1998,59.5936252981433
Benin,,1997,58.7116296113966
Benin,,1996,56.5177914456367
Benin,,1995,63.800140010475
Benin,,1994,64.4004792535565
Benin,,1993,55.3817991336605
Benin,,1992,56.7407458048553
Benin,,1991,51.3447168355486
Benin,,1990,45.7201821451396
Benin,,1989,38.3003673589405
Benin,,1988,45.8868280290306
Benin,,1987,46.2181352147978
Benin,,1986,49.2914176982042
Benin,,1985,60.3012179781571
Benin,,1984,50.5113034919755
Benin,,1983,45.3420118908271
Benin,,1982,57.8573353739462
Benin,,1981,59.8893720979652
Benin,,1980,53.1386195994861
Benin,,1979,54.5381681535616
Benin,,1978,51.0704526504407
Benin,,1977,50.9596855186593
Benin,,1976,44.0197577086964
Benin,,1975,47.9412279615522
Benin,,1974,43.8114045020463
Benin,,1973,41.6121426133332
Benin,,1972,41.1845516067007
Benin,,1971,45.6184127164884
Benin,,1970,39.6379034467417
Benin,,1969,33.2017249500644
Benin,,1968,28.4112293667841
Benin,,1967,27.4380883208416
Benin,,1966,23.0426078397633
Benin,,1965,22.1732736350777
Benin,,1964,17.3805034251725
Benin,,1963,15.447259020027
Benin,,1962,13.4771276576628
Benin,,1961,14.1181216852278
Benin,,1960,18.2341998166072
Bhutan,,2023,81.564529851324
Bhutan,,2022,85.5712165226139
Bhutan,,2021,77.5824482709826
Bhutan,,2020,71.8303510394637
Bhutan,,2019,76.1235167041505
Bhutan,,2018,79.7397203296083
Bhutan,,2017,76.7884016850221
Bhutan,,2016,76.3847528498375
Bhutan,,2015,89.6391604595496
Bhutan,,2014,87.9342562013295
Bhutan,,2013,95.0525382780424
Bhutan,,2012,94.0450271469571
Bhutan,,2011,102.795600221106
Bhutan,,2010,105.010666693593
Bhutan,,2009,101.559411565244
Bhutan,,2008,101.954235669521
Bhutan,,2007,106.929022415
Bhutan,,2006,108.157794891125
Bhutan,,2005,97.7434135429344
Bhutan,,2004,89.0605518004294
Bhutan,,2003,72.8499006593611
Bhutan,,2002,70.2833172005966
Bhutan,,2001,71.0945747295588
Bhutan,,2000,74.0264971104432
Bhutan,,1999,85.866205982457
Bhutan,,1998,85.5831350923996
Bhutan,,1997,85.2114372285036
Bhutan,,1996,84.629491433895
Bhutan,,1995,83.8829086495551
Bhutan,,1994,72.1007793556435
Bhutan,,1993,78.7559933474217
Bhutan,,1992,91.7608375674865
Bhutan,,1991,75.9729858132023
Bhutan,,1990,61.2162874391515
Bhutan,,1989,68.8145422191638
Bhutan,,1988,80.4822195141748
Bhutan,,1987,64.2819609233681
Bhutan,,1986,73.7685764327379
Bhutan,,1985,69.753674933224
Bhutan,,1984,61.2472309571592
Bhutan,,1983,61.1156500852958
Bhutan,,1982,64.6804955653433
Bhutan,,1981,66.7818591429276
Bhutan,,1980,54.1148363500393
Bolivia,,2023,56.4582389783573
Bolivia,,2022,67.7558987681252
Bolivia,,2021,59.0213965632554
Bolivia,,2020,45.5032626166675
Bolivia,,2019,56.3973067281247
Bolivia,,2018,57.1099646119643
Bolivia,,2017,56.7046527566598
Bolivia,,2016,56.4010345026573
Bolivia,,2015,67.9328451905248
Bolivia,,2014,85.2644695625131
Bolivia,,2013,81.2309075267174
Bolivia,,2012,84.9487611684942
Bolivia,,2011,82.4803954243518
Bolivia,,2010,75.5116262512877
Bolivia,,2009,68.6270739127592
Bolivia,,2008,82.8670208961798
Bolivia,,2007,76.0619114476148
Bolivia,,2006,74.537848431547
Bolivia,,2005,67.6419413613743
Bolivia,,2004,57.4642660901316
Bolivia,,2003,51.967836443987
Bolivia,,2002,49.3502603725957
Bolivia,,2001,45.2278224315522
Bolivia,,2000,45.5977750218555
Bolivia,,1999,44.1682564870165
Bolivia,,1998,52.2811629581228
Bolivia,,1997,50.4696628058748
Bolivia,,1996,49.8562913723023
Bolivia,,1995,49.737987097898
Bolivia,,1994,48.8608505020702
Bolivia,,1993,47.4671256895523
Bolivia,,1992,49.1108578783889
Bolivia,,1991,48.444968874686
Bolivia,,1990,46.7032725841847
Bolivia,,1989,45.6546855363276
Bolivia,,1988,41.9062518616647
Bolivia,,1987,43.6226566654591
Bolivia,,1986,47.0313573970904
Bolivia,,1985,41.8927911934119
Bolivia,,1984,49.4747308605253
Bolivia,,1983,52.3557979379802
Bolivia,,1982,58.4682988072819
Bolivia,,1981,46.2197671359942
Bolivia,,1980,46.8132915090015
Bolivia,,1979,51.5707792927613
Bolivia,,1978,52.7033855482567
Bolivia,,1977,56.4190706244871
Bolivia,,1976,57.5630636398558
Bolivia,,1975,58.154952408662
Bolivia,,1974,62.0901346785323
Bolivia,,1973,56.0343463121241
Bolivia,,1972,45.1315789473684
Bolivia,,1971,45.7897971727105
Bolivia,,1970,48.9571263035921
Bolivia,,1969,43.6707714596161
Bolivia,,1968,43.8186813186813
Bolivia,,1967,48.5131974607417
Bolivia,,1966,47.7358490566038
Bolivia,,1965,48.1476323119777
Bolivia,,1964,43.7722419928826
Bolivia,,1963,43.3228730822873
Bolivia,,1962,40.754646142294
Bolivia,,1961,39.7372742200328
Bolivia,,1960,40.1428890377316
Bosnia Herzegovina,,2024,99.9743522173299
Bosnia Herzegovina,,2023,99.6174933893972
Bosnia Herzegovina,,2022,110.20596766123
Bosnia Herzegovina,,2021,96.4859085777747
Bosnia Herzegovina,,2020,82.1112652572898
Bosnia Herzegovina,,2019,94.5161278874242
Bosnia Herzegovina,,2018,98.4320911961869
Bosnia Herzegovina,,2017,96.6458791411189
Bosnia Herzegovina,,2016,88.2440351685547
Bosnia Herzegovina,,2015,88.2919898407608
Bosnia Herzegovina,,2014,90.5522806874185
Bosnia Herzegovina,,2013,87.9312413116757
Bosnia Herzegovina,,2012,88.1451088628529
Bosnia Herzegovina,,2011,87.8363477136556
Bosnia Herzegovina,,2010,80.9682159626823
Bosnia Herzegovina,,2009,73.7474942255023
Bosnia Herzegovina,,2008,86.1628798430504
Bosnia Herzegovina,,2007,83.551858889163
Bosnia Herzegovina,,2006,79.8299477752016
Bosnia Herzegovina,,2005,84.3554628217984
Bosnia Herzegovina,,2004,81.8126836247759
Bosnia Herzegovina,,2003,80.5694572639365
Bosnia Herzegovina,,2002,78.727479488695
Bosnia Herzegovina,,2001,86.0357326558687
Bosnia Herzegovina,,2000,85.3577431341788
Bosnia Herzegovina,,1999,121.820541564193
Bosnia Herzegovina,,1998,125.666609057011
Bosnia Herzegovina,,1997,100.630964756317
Bosnia Herzegovina,,1996,107.500043530726
Bosnia Herzegovina,,1995,91.8796126648453
Bosnia Herzegovina,,1994,101.847227683838
Botswana,,2024,66.9755288036776
Botswana,,2023,68.8033578360816
Botswana,,2022,85.6117077589148
Botswana,,2021,88.7587495945773
Botswana,,2020,77.6634178431966
Botswana,,2019,83.0929813601175
Botswana,,2018,87.4551039946493
Botswana,,2017,81.9239513763494
Botswana,,2016,100.464689766026
Botswana,,2015,112.900891016005
Botswana,,2014,119.497541791464
Botswana,,2013,125.78303991122
Botswana,,2012,111.875280620952
Botswana,,2011,98.9614677801469
Botswana,,2010,94.6390020873926
Botswana,,2009,88.4807886337378
Botswana,,2008,99.008222007989
Botswana,,2007,98.4965249407252
Botswana,,2006,86.612433913524
Botswana,,2005,88.5053520573505
Botswana,,2004,90.9978228872631
Botswana,,2003,85.8340425151264
Botswana,,2002,91.8357740585774
Botswana,,2001,87.5250655680957
Botswana,,2000,91.924729689918
Botswana,,1999,98.9290812021418
Botswana,,1998,101.841039320292
Botswana,,1997,108.604415150755
Botswana,,1996,90.955575275056
Botswana,,1995,94.595171646002
Botswana,,1994,88.1806097283683
Botswana,,1993,86.2082050096699
Botswana,,1992,89.7512545868151
Botswana,,1991,99.5583853464229
Botswana,,1990,104.847320396747
Botswana,,1989,105.360864562126
Botswana,,1988,114.451590222921
Botswana,,1987,123.571753295954
Botswana,,1986,117.459589590737
Botswana,,1985,117.522808175582
Botswana,,1984,118.773470717855
Botswana,,1983,124.649064820936
Botswana,,1982,123.836180087077
Botswana,,1981,121.235392320534
Botswana,,1980,119.501546297981
Botswana,,1979,119.372942232864
Botswana,,1978,120.584926884139
Botswana,,1977,120.210387902696
Botswana,,1976,116.707882534776
Botswana,,1975,107.386255473063
Botswana,,1974,105.698485212792
Botswana,,1973,100.796695190322
Botswana,,1972,97.9150275373721
Botswana,,1971,94.7136563876652
Botswana,,1970,85.5692530819434
Botswana,,1969,75.3375337533753
Botswana,,1968,86.0
Botswana,,1967,75.3873411098824
Botswana,,1966,80.2168021680217
Botswana,,1965,82.3170731707317
Botswana,,1964,77.387712439321
Botswana,,1963,76.3398001952537
Botswana,,1962,72.7650318789505
Botswana,,1961,69.7418276611398
Botswana,,1960,65.9195781147001
Brazil,,2024,35.5312202442457
Brazil,,2023,33.6662298301438
Brazil,,2022,38.8160659763397
Brazil,,2021,37.6563307598082
Brazil,,2020,32.3020785437939
Brazil,,2019,28.8902578698964
Brazil,,2018,28.8762033763866
Brazil,,2017,24.3197343743057
Brazil,,2016,24.5336820777006
Brazil,,2015,26.95362593736
Brazil,,2014,24.6854058131291
Brazil,,2013,25.7859573274674
Brazil,,2012,25.1142736107398
Brazil,,2011,23.9344051758721
Brazil,,2010,22.772178113177
Brazil,,2009,22.1059756060333
Brazil,,2008,27.257569417356
Brazil,,2007,25.2926113755394
Brazil,,2006,26.04169989179
Brazil,,2005,27.0867952043315
Brazil,,2004,29.6782524787535
Brazil,,2003,28.1403847231593
Brazil,,2002,27.6183574022309
Brazil,,2001,26.936285022064
Brazil,,2000,22.6397613567941
Brazil,,1999,20.9821664782285
Brazil,,1998,16.4385849312059
Brazil,,1997,16.5762092613247
Brazil,,1996,15.6355914758682
Brazil,,1995,16.9844599991956
Brazil,,1994,18.6747597961023
Brazil,,1993,19.5993205474635
Brazil,,1992,19.2533747878959
Brazil,,1991,16.5920777626646
Brazil,,1990,15.1555990810218
Brazil,,1989,14.3908776472134
Brazil,,1988,17.7672447097778
Brazil,,1987,16.2623973390749
Brazil,,1986,15.8606541452464
Brazil,,1985,20.4497665840761
Brazil,,1984,23.8300746657723
Brazil,,1983,21.9003525232033
Brazil,,1982,16.4911703717319
Brazil,,1981,19.6329239927092
Brazil,,1980,20.1554074919697
Brazil,,1979,16.5668826070039
Brazil,,1978,14.5778875985257
Brazil,,1977,15.1552494051265
Brazil,,1976,16.4155479824129
Brazil,,1975,18.2343303683349
Brazil,,1974,20.9677780688456
Brazil,,1973,16.8561891361338
Brazil,,1972,16.1319526216382
Brazil,,1971,14.6509169793049
Brazil,,1970,14.4791733661385
Brazil,,1969,13.2759246918131
Brazil,,1968,12.5906263621837
Brazil,,1967,11.3543843508467
Brazil,,1966,12.2632941076674
Brazil,,1965,12.8920351041091
Brazil,,1964,12.2058053601836
Brazil,,1963,17.9399844236981
Brazil,,1962,9.38485014285999
Brazil,,1961,12.8933967789278
Brazil,,1960,12.6154715278744
Brunei,,2024,133.223218538084
Brunei,,2023,136.863434300818
Brunei,,2022,146.973966092536
Brunei,,2021,147.123112408157
Brunei,,2020,110.291003563963
Brunei,,2019,108.50965849074
Brunei,,2018,93.8980616967955
Brunei,,2017,85.1768604153529
Brunei,,2016,87.3198012511704
Brunei,,2015,89.8961883759738
Brunei,,2014,102.42100104727
Brunei,,2013,110.939599579074
Brunei,,2012,105.640902145408
Brunei,,2011,99.5379308607069
Brunei,,2010,95.3715460725918
Brunei,,2009,90.2870881131683
Brunei,,2008,89.7454254846842
Brunei,,2007,81.0114145688802
Brunei,,2006,81.5709545655602
Brunei,,2005,81.6201140781985
Brunei,,2004,84.8821664082062
Brunei,,2003,89.0856160636546
Brunei,,2002,93.216181422048
Brunei,,2001,91.0997879158665
Brunei,,2000,87.0553333568928
Brunei,,1999,75.9893555385487
Brunei,,1998,78.7306050839318
Brunei,,1997,77.1488094019817
Brunei,,1996,80.4854770029496
Brunei,,1995,71.0372540642444
Brunei,,1994,62.8696183571133
Brunei,,1993,70.5057158945597
Brunei,,1992,69.9356429002466
Brunei,,1991,62.9376105618839
Brunei,,1990,57.7484299019104
Brunei,,1989,58.1211683063787
Brunei,,1983,52.0135765985473
Brunei,,1982,50.8759360327181
Brunei,,1981,49.8078631881218
Brunei,,1980,47.9509948297202
Brunei,,1979,50.6549538658753
Brunei,,1978,51.8421111606872
Brunei,,1977,52.1156792995169
Brunei,,1976,52.1340989352977
Brunei,,1975,53.1102490548651
Brunei,,1974,49.7125277514305
Bulgaria,,2024,109.288840792797
Bulgaria,,2023,119.668120344213
Bulgaria,,2022,138.84014681798
Bulgaria,,2021,121.157354617771
Bulgaria,,2020,110.324081132354
Bulgaria,,2019,125.029963140694
Bulgaria,,2018,128.865565279241
Bulgaria,,2017,129.634429048004
Bulgaria,,2016,122.805514356513
Bulgaria,,2015,126.73664221295
Bulgaria,,2014,130.248377115245
Bulgaria,,2013,129.688682986482
Bulgaria,,2012,123.971322714174
Bulgaria,,2011,117.41810388629
Bulgaria,,2010,103.380522321192
Bulgaria,,2009,92.6926456036375
Bulgaria,,2008,124.688747515359
Bulgaria,,2007,123.532557660753
Bulgaria,,2006,111.04746275381
Bulgaria,,2005,99.7142112127381
Bulgaria,,2004,93.063897964183
Bulgaria,,2003,79.0138853713575
Bulgaria,,2002,75.2696110143524
Bulgaria,,2001,79.0813687477668
Bulgaria,,2000,77.7457041594489
Bulgaria,,1999,90.0749616578503
Bulgaria,,1998,77.0452030341
Bulgaria,,1997,86.4637364673225
Bulgaria,,1996,85.8207914540411
Bulgaria,,1995,55.2627350026692
Bulgaria,,1994,90.7201293759513
Bulgaria,,1993,84.0414854466377
Bulgaria,,1992,100.049800796813
Bulgaria,,1991,82.6823876197494
Bulgaria,,1990,69.847060845197
Bulgaria,,1989,94.578970772527
Bulgaria,,1988,91.4617513059035
Bulgaria,,1987,83.4076531631779
Bulgaria,,1986,83.5035643944016
Bulgaria,,1985,85.9973677186588
Bulgaria,,1984,78.3773116646511
Bulgaria,,1983,74.0878629932986
Bulgaria,,1982,67.4993968221142
Bulgaria,,1981,70.1610468042275
Bulgaria,,1980,66.3964173548912
Burkina Faso,,2024,63.4283466232836
Burkina Faso,,2023,64.8223211154384
Burkina Faso,,2022,64.8438739203037
Burkina Faso,,2021,62.4203586607795
Burkina Faso,,2020,60.7397786403239
Burkina Faso,,2019,60.4086928753226
Burkina Faso,,2018,60.5956256236488
Burkina Faso,,2017,59.2687802020168
Burkina Faso,,2016,57.8931727994406
Burkina Faso,,2015,59.0891813101662
Burkina Faso,,2014,58.8235624937426
Burkina Faso,,2013,64.0358513024234
Burkina Faso,,2012,61.2386079818398
Burkina Faso,,2011,57.4972531038508
Burkina Faso,,2010,49.0732385398039
Burkina Faso,,2009,40.2959836735924
Burkina Faso,,2008,35.3853169801502
Burkina Faso,,2007,33.7797172895073
Burkina Faso,,2006,35.1065423554549
Burkina Faso,,2005,34.1721697681049
Burkina Faso,,2004,35.4809436017462
Burkina Faso,,2003,30.3682364077323
Burkina Faso,,2002,31.3125228527966
Burkina Faso,,2001,31.6581708148511
Burkina Faso,,2000,35.1229419704263
Burkina Faso,,1999,35.2548157814824
Burkina Faso,,1998,40.9397835752562
Burkina Faso,,1997,37.4164187803511
Burkina Faso,,1996,38.1802977691941
Burkina Faso,,1995,40.7474714183407
Burkina Faso,,1994,39.2292222386411
Burkina Faso,,1993,29.6250839534616
Burkina Faso,,1992,28.3740163771975
Burkina Faso,,1991,33.7962364263647
Burkina Faso,,1990,35.4226504401749
Burkina Faso,,1989,32.3947599439306
Burkina Faso,,1988,38.1296822765951
Burkina Faso,,1987,39.4399463300075
Burkina Faso,,1986,37.9617294229875
Burkina Faso,,1985,40.9475469828696
Burkina Faso,,1984,39.7187056640872
Burkina Faso,,1983,37.4582972460124
Burkina Faso,,1982,39.8197514428109
Burkina Faso,,1981,40.7115242526657
Burkina Faso,,1980,40.213028682332
Burkina Faso,,1979,37.5285780653351
Burkina Faso,,1978,35.2192484844596
Burkina Faso,,1977,38.4035337580082
Burkina Faso,,1976,35.2134956783333
Burkina Faso,,1975,37.4993707069501
Burkina Faso,,1974,32.7936788935997
Burkina Faso,,1973,29.231336311371
Burkina Faso,,1972,27.688726861213
Burkina Faso,,1971,25.442556614231
Burkina Faso,,1970,21.5970104218475
Burkina Faso,,1969,22.3496083648567
Burkina Faso,,1968,21.4921288241186
Burkina Faso,,1967,18.8558132843739
Burkina Faso,,1966,16.7002191862921
Burkina Faso,,1965,16.0292171246163
Burkina Faso,,1964,14.3172756393415
Burkina Faso,,1963,21.2485012803128
Burkina Faso,,1962,21.2379483918704
Burkina Faso,,1961,21.2188624397492
Burkina Faso,,1960,20.7013700595553
Burundi,,2023,29.7369723066251
Burundi,,2022,28.315320358729
Burundi,,2021,28.8186599995439
Burundi,,2020,26.773329999595
Burundi,,2019,29.0262099997889
Burundi,,2018,26.5997024647774
Burundi,,2017,22.2402931011977
Burundi,,2016,23.0437252570449
Burundi,,2015,22.8382834157721
Burundi,,2014,42.995025805263
Burundi,,2013,46.6040790867655
Burundi,,2012,43.7053731916201
Burundi,,2011,43.0000028373483
Burundi,,2010,39.5000053977394
Burundi,,2009,35.8000035591914
Burundi,,2008,47.1999995814015
Burundi,,2007,38.7999987731993
Burundi,,2006,42.4
Burundi,,2005,35.0999988412936
Burundi,,2004,31.5761181816532
Burundi,,2003,27.3763120796107
Burundi,,2002,21.6738294069666
Burundi,,2001,20.9640456147222
Burundi,,2000,22.5537244890286
Burundi,,1999,23.5397452788757
Burundi,,1998,27.4400299850075
Burundi,,1997,24.2753792298716
Burundi,,1996,21.5737222729
Burundi,,1995,40.2046264145201
Burundi,,1994,38.7535235814749
Burundi,,1993,36.5429966027968
Burundi,,1992,38.2261314127976
Burundi,,1991,38.4225604772107
Burundi,,1990,35.6481395516768
Burundi,,1989,32.6893093927341
Burundi,,1988,38.5439533047301
Burundi,,1987,35.4835346628137
Burundi,,1986,34.0388589004453
Burundi,,1985,31.8135215539913
Burundi,,1984,35.056316693605
Burundi,,1983,33.7933398239583
Burundi,,1982,37.1194209891435
Burundi,,1981,31.1810462057784
Burundi,,1980,32.1014455985716
Burundi,,1979,36.8847861616734
Burundi,,1978,31.9340935865245
Burundi,,1977,34.8870291528506
Burundi,,1976,30.379360630475
Burundi,,1975,27.2774163190328
Burundi,,1974,25.2873351845382
Burundi,,1973,24.3489043362581
Burundi,,1972,26.8094131157561
Burundi,,1971,22.6074300410872
Burundi,,1970,22.3097965544679
Burundi,,1969,21.7532896713333
Burundi,,1968,23.662507797879
Burundi,,1967,22.6863662585732
Burundi,,1966,23.7683401950761
Burundi,,1965,22.8822529667839
Burundi,,1964,26.1744966082609
Burundi,,1963,21.8045114655597
Burundi,,1962,29.5081958920413
Burundi,,1961,27.5862079836929
Burundi,,1960,25.8928574435131
Cape Verde,,2024,95.0947951215449
Cape Verde,,2023,94.5799055047758
Cape Verde,,2022,96.9941368513357
Cape Verde,,2021,77.4550586265341
Cape Verde,,2020,78.3934545931901
Cape Verde,,2019,103.602656463726
Cape Verde,,2018,105.867524052105
Cape Verde,,2017,100.052133904219
Cape Verde,,2016,95.3781398609533
Cape Verde,,2015,94.0084870167993
Cape Verde,,2014,91.3038524117221
Cape Verde,,2013,86.1698600308418
Cape Verde,,2012,90.649916554117
Cape Verde,,2011,90.5564501122747
Cape Verde,,2010,85.5484498816191
Cape Verde,,2009,68.479572252645
Cape Verde,,2008,78.184115830287
Cape Verde,,2007,65.8209895991719
Cape Verde,,2006,117.816697232822
Cape Verde,,2005,104.343839857053
Cape Verde,,2004,101.567169989502
Cape Verde,,2003,98.7683808076547
Cape Verde,,2002,101.089702293616
Cape Verde,,2001,92.1637224974152
Cape Verde,,2000,87.5206083614917
Cape Verde,,1999,80.9690199640443
Cape Verde,,1998,81.8814137506275
Cape Verde,,1997,85.979346154719
Cape Verde,,1996,75.4899678573908
Cape Verde,,1995,77.5155513809747
Cape Verde,,1994,71.5634420456064
Cape Verde,,1993,60.3064320023898
Cape Verde,,1992,83.9398899681127
Cape Verde,,1991,80.9539693096621
Cape Verde,,1990,85.9515840306445
Cape Verde,,1989,81.43779264177
Cape Verde,,1988,76.2016248517583
Cape Verde,,1987,83.8326188925635
Cape Verde,,1986,93.0525241231483
Cape Verde,,1985,101.821285052255
Cape Verde,,1984,100.473454957525
Cape Verde,,1983,102.436767008033
Cape Verde,,1982,102.115921882264
Cape Verde,,1981,92.1643874465166
Cape Verde,,1980,84.0505820548006
Cambodia,,2024,143.447009703011
Cambodia,,2023,134.206842395931
Cambodia,,2022,145.873632761406
Cambodia,,2021,146.179846509715
Cambodia,,2020,122.105396346568
Cambodia,,2019,115.736679072448
Cambodia,,2018,118.43765541305
Cambodia,,2017,121.155451298689
Cambodia,,2016,122.704555602667
Cambodia,,2015,122.109596815379
Cambodia,,2014,124.454908526693
Cambodia,,2013,124.887552768657
Cambodia,,2012,116.740233418212
Cambodia,,2011,109.790505166814
Cambodia,,2010,109.998400607758
Cambodia,,2009,102.2879490147
Cambodia,,2008,130.393510678736
Cambodia,,2007,133.700023826819
Cambodia,,2006,140.348734318483
Cambodia,,2005,133.551965265648
Cambodia,,2004,131.351481056276
Cambodia,,2003,120.074969093599
Cambodia,,2002,118.269562072288
Cambodia,,2001,111.771741244001
Cambodia,,2000,110.397125303731
Cambodia,,1999,94.1768880770207
Cambodia,,1998,75.6194730009492
Cambodia,,1997,78.9346444583816
Cambodia,,1996,69.161566797509
Cambodia,,1995,77.7667280459137
Cambodia,,1994,64.4680319495873
Cambodia,,1993,48.7242577792075
Cameroon,,2024,35.8861753693207
Cameroon,,2023,37.2177281759971
Cameroon,,2022,41.2866025594679
Cameroon,,2021,36.7308347188558
Cameroon,,2020,33.7388313623871
Cameroon,,2019,43.3785132480415
Cameroon,,2018,40.587602877028
Cameroon,,2017,39.1990216052629
Cameroon,,2016,40.6386315268268
Cameroon,,2015,45.5401468279393
Cameroon,,2014,50.8323893087648
Cameroon,,2013,49.6745363462134
Cameroon,,2012,50.0360127271229
Cameroon,,2011,51.521987603918
Cameroon,,2010,47.2385853965951
Cameroon,,2009,42.1761073594765
Cameroon,,2008,56.9244171562734
Cameroon,,2007,53.2156908605178
Cameroon,,2006,47.1044341803567
Cameroon,,2005,44.9976813478478
Cameroon,,2004,41.8377424272557
Cameroon,,2003,40.2431925894529
Cameroon,,2002,48.4817227279603
Cameroon,,2001,51.5722691890366
Cameroon,,2000,47.9279442460149
Cameroon,,1999,37.2383798464814
Cameroon,,1998,42.2946538344074
Cameroon,,1997,48.4696352704455
Cameroon,,1996,45.1156121020442
Cameroon,,1995,36.682272663701
Cameroon,,1994,36.9611210051921
Cameroon,,1993,26.1588429586065
Cameroon,,1992,38.8625921730277
Cameroon,,1991,34.6387793556715
Cameroon,,1990,37.496445441126
Cameroon,,1989,38.4764837848263
Cameroon,,1988,31.9946088568334
Cameroon,,1987,37.3202952689502
Cameroon,,1986,46.0058070249231
Cameroon,,1985,65.0245883756553
Cameroon,,1984,64.4720202512472
Cameroon,,1983,59.701190873731
Cameroon,,1982,62.125393518961
Cameroon,,1981,50.2811784137007
Cameroon,,1980,55.0161390869062
Cameroon,,1979,49.32094171691
Cameroon,,1978,51.7772264377123
Cameroon,,1977,52.865708956373
Cameroon,,1976,50.0072160573699
Cameroon,,1975,48.2279939031791
Cameroon,,1974,48.2380132418624
Cameroon,,1973,44.6908940961693
Cameroon,,1972,46.4776194884408
Cameroon,,1971,50.1761305204384
Cameroon,,1970,50.8799526410542
Cameroon,,1969,46.2425649164644
Cameroon,,1968,46.7567556880935
Cameroon,,1967,43.2045170269895
Cameroon,,1966,44.5719713285582
Cameroon,,1965,48.0200388004601
Canada,,2024,65.1790339912717
Canada,,2023,66.6323313370668
Canada,,2022,67.3176215563989
Canada,,2021,62.2468367159421
Canada,,2020,61.1567709632763
Canada,,2019,66.1714852804959
Canada,,2018,66.5998858508762
Canada,,2017,65.1010608504649
Canada,,2016,65.3636845215556
Canada,,2015,66.1649020669781
Canada,,2014,64.3786621564923
Canada,,2013,62.2310749013405
Canada,,2012,62.5955489395005
Canada,,2011,62.4987387708328
Canada,,2010,60.2081215044483
Canada,,2009,58.4743918224897
Canada,,2008,67.0236083618983
Canada,,2007,66.2834197482347
Canada,,2006,68.0521644769988
Canada,,2005,69.7591330167357
Canada,,2004,70.1924199909562
Canada,,2003,69.8400946170607
Canada,,2002,75.7070320779233
Canada,,2001,78.3442183943698
Canada,,2000,82.7653578503214
Canada,,1999,80.1150293129295
Canada,,1998,78.0811853628611
Canada,,1997,74.3366100816522
Canada,,1996,70.2600734560392
Canada,,1995,69.0617480799547
Canada,,1994,64.3915441455001
Canada,,1993,58.2507961453047
Canada,,1992,52.7380309449972
Canada,,1991,49.2234668475419
Canada,,1990,49.9944644220497
Canada,,1989,50.0666340073171
Canada,,1988,51.3657811368429
Canada,,1987,50.8663917985291
Canada,,1986,53.0651501053871
Canada,,1985,52.8419465348871
Canada,,1984,52.4766984280909
Canada,,1983,46.7088835933124
Canada,,1982,46.6158827969427
Canada,,1981,52.1025741262576
Canada,,1980,53.3179757243811
Canada,,1979,52.2380473828747
Canada,,1978,48.844517999706
Canada,,1977,45.7583788338602
Canada,,1976,44.2653442795685
Canada,,1975,45.855654524918
Canada,,1974,48.084501970309
Canada,,1973,44.2882822502655
Canada,,1972,41.8490864463021
Canada,,1971,40.6869585929765
Canada,,1970,41.4922765180909
Canada,,1969,41.8858994891117
Canada,,1968,40.727384956863
Canada,,1967,39.1242195642224
Canada,,1966,38.3052936900165
Canada,,1965,36.8945520983079
Canada,,1964,37.0015575200833
Canada,,1963,35.3317795610907
Canada,,1962,35.5113198692233
Canada,,1961,35.810465007449
Central African Republic,,2024,47.8232232360039
Central African Republic,,2023,43.480570208358
Central African Republic,,2022,45.23357000162
Central African Republic,,2021,44.159119995104
Central African Republic,,2020,49.5210200011921
Central African Republic,,2019,50.0658000014868
Central African Republic,,2018,49.6602000024318
Central African Republic,,2017,57.1435457117119
Central African Republic,,2016,50.53064402191
Central African Republic,,2015,53.1451477769621
Central African Republic,,2014,53.0950920179825
Central African Republic,,2013,38.3992875721315
Central African Republic,,2012,33.0594485943314
Central African Republic,,2011,34.4756183327299
Central African Republic,,2010,34.4304819543042
Central African Republic,,2009,31.4942464896799
Central African Republic,,2008,34.4375218095517
Central African Republic,,2007,37.5808990187896
Central African Republic,,2006,36.3958702287378
Central African Republic,,2005,35.0709368656226
Central African Republic,,2004,33.2439549188203
Central African Republic,,2003,36.2312260023474
Central African Republic,,2002,36.1085647794782
Central African Republic,,2001,39.7304997372329
Central African Republic,,2000,45.6597819937269
Central African Republic,,1999,43.212343897896
Central African Republic,,1998,51.0495318767161
Central African Republic,,1997,55.8185083614851
Central African Republic,,1996,47.0844050293092
Central African Republic,,1995,50.4758911171183
Central African Republic,,1994,48.4180322318527
Central African Republic,,1993,39.9886220219109
Central African Republic,,1992,43.2290760804125
Central African Republic,,1991,43.7093216871222
Central African Republic,,1990,42.9429835183745
Central African Republic,,1989,46.7670475619484
Central African Republic,,1988,42.7986346311062
Central African Republic,,1987,46.3944345628938
Central African Republic,,1986,46.8090580912756
Central African Republic,,1985,53.6444942027307
Central African Republic,,1984,58.8956716431012
Central African Republic,,1983,60.7652604197473
Central African Republic,,1982,56.4022587335688
Central African Republic,,1981,58.4431938924067
Central African Republic,,1980,66.3023280832322
Central African Republic,,1979,57.5655068303631
Central African Republic,,1978,57.3060779001441
Central African Republic,,1977,59.5293038235671
Central African Republic,,1976,51.5134770679399
Central African Republic,,1975,61.0503166351623
Central African Republic,,1974,71.0729370672464
Central African Republic,,1973,65.1049252125144
Central African Republic,,1972,58.7478877440636
Central African Republic,,1971,67.2226952791009
Central African Republic,,1970,73.5008478028886
Central African Republic,,1969,64.933122360612
Central African Republic,,1968,73.9435231051187
Central African Republic,,1967,73.2009677419355
Central African Republic,,1966,70.8762886597938
Central African Republic,,1965,64.7696449864499
Central African Republic,,1964,69.2528596784602
Central African Republic,,1963,63.7223974454916
Central African Republic,,1962,62.2950725665156
Central African Republic,,1961,62.2516545984825
Central African Republic,,1960,57.4545367418192
Chad,,2024,45.3626298213627
Chad,,2023,46.9484531153786
Chad,,2022,47.9883784319429
Chad,,2021,43.9465041015895
Chad,,2020,40.6428170621932
Chad,,2019,46.6777247152768
Chad,,2018,46.7384317860183
Chad,,2017,43.2900613852468
Chad,,2016,43.9580149331537
Chad,,2015,48.5114982079885
Chad,,2014,40.8116269859319
Chad,,2013,51.5308164549816
Chad,,2012,54.3851887421013
Chad,,2011,57.5437561870898
Chad,,2010,63.7311691270791
Chad,,2009,64.8597511917067
Chad,,2008,69.0677746090641
Chad,,2007,75.1059962731949
Chad,,2006,77.0815766029615
Chad,,2005,77.577493649797
Chad,,2004,101.768590921564
Chad,,2003,83.3789149599315
Chad,,2002,126.350807849912
Chad,,2001,64.3219080406854
Chad,,2000,51.5711720135652
Chad,,1999,50.5078677642823
Chad,,1998,48.0589828951249
Chad,,1997,49.313101141288
Chad,,1996,46.6100331929446
Chad,,1995,55.6965565726313
Chad,,1994,50.9883513558935
Chad,,1993,42.6473333333747
Chad,,1992,35.904560029092
Chad,,1991,36.3495413219118
Chad,,1990,41.3870234428165
Chad,,1989,45.1900918656555
Chad,,1988,45.1233829032322
Chad,,1987,51.8817263983252
Chad,,1986,48.7698991279027
Chad,,1985,43.2336653879896
Chad,,1984,42.0708387754191
Chad,,1983,39.9604058432279
Chad,,1982,20.0567975931731
Chad,,1981,37.7617788793387
Chad,,1980,45.8105834878482
Chad,,1979,52.4162296735341
Chad,,1978,44.3903103907817
Chad,,1977,43.7266546211927
Chad,,1976,42.4681536718392
Chad,,1975,40.2532786995854
Chad,,1974,45.194817400313
Chad,,1973,39.2290307932624
Chad,,1972,33.9491575536703
Chad,,1971,36.9700137014997
Chad,,1970,38.3095679084534
Chad,,1969,30.9056620313361
Chad,,1968,33.6260412806243
Chad,,1967,32.5260272698626
Chad,,1966,31.8758347788952
Chad,,1965,31.3132935859781
Chad,,1964,35.0570745087388
Chad,,1963,32.1602694432208
Chad,,1962,33.659337221366
Chad,,1961,32.4678088640909
Chad,,1960,30.4272143078476
Chile,,2024,63.859857248066
Chile,,2023,60.7247236874408
Chile,,2022,75.2016177425303
Chile,,2021,64.8774063237834
Chile,,2020,58.1828635629748
Chile,,2019,57.6117545680829
Chile,,2018,58.177050633437
Chile,,2017,56.0261589675707
Chile,,2016,56.0578610877723
Chile,,2015,59.3491104775309
Chile,,2014,65.6346281218887
Chile,,2013,65.1432879523879
Chile,,2012,68.156142891334
Chile,,2011,72.4816428077334
Chile,,2010,69.7176801370338
Chile,,2009,66.6860309631418
Chile,,2008,80.6766262406468
Chile,,2007,76.9770247140928
Chile,,2006,73.7116350448521
Chile,,2005,72.0625342380294
Chile,,2004,69.8893600532458
Chile,,2003,65.693419590905
Chile,,2002,62.4838519016295
Chile,,2001,62.1447669687645
Chile,,2000,58.7119230876973
Chile,,1999,54.6956098321562
Chile,,1998,53.8361785153282
Chile,,1997,54.0992981792892
Chile,,1996,53.9207498943257
Chile,,1995,54.6874835998853
Chile,,1994,52.8076839539658
Chile,,1993,52.9138530560271
Chile,,1992,55.5417477003547
Chile,,1991,57.5075471638552
Chile,,1990,61.2086377787818
Chile,,1989,62.6276756478254
Chile,,1988,58.1591127663198
Chile,,1987,53.3425585638865
Chile,,1986,51.2383592683791
Chile,,1985,49.9748666790811
Chile,,1984,46.5452855937421
Chile,,1983,44.2385130779064
Chile,,1982,39.4992535942326
Chile,,1981,40.9635886260411
Chile,,1980,47.2255574044502
Chile,,1979,46.7258375696378
Chile,,1978,42.4645564547625
Chile,,1977,40.8505713012762
Chile,,1976,43.4712678782017
Chile,,1975,49.4478987565151
Chile,,1974,37.9593098655392
Chile,,1973,28.0058638208558
Chile,,1972,22.2999914878936
Chile,,1971,22.6232909511881
Chile,,1970,27.9675889817453
Chile,,1969,29.7985760159531
Chile,,1968,26.4491576264906
Chile,,1967,26.6237508772143
Chile,,1966,27.3845084833629
Chile,,1965,25.615707781418
Chile,,1964,25.0496050376843
Chile,,1963,26.5393509971402
Chile,,1962,23.5850697741396
Chile,,1961,26.2798479178365
Chile,,1960,28.1958905067208
China,,2024,37.1984201388623
China,,2023,36.1051923690574
China,,2022,37.4407198763585
China,,2021,36.5206911762564
China,,2020,34.0389507864018
China,,2019,35.1994202739021
China,,2018,36.8943843914148
China,,2017,36.9508526159275
China,,2016,36.1771706929069
China,,2015,38.6971848362233
China,,2014,44.0684564812401
China,,2013,45.9160413795144
China,,2012,47.48021307841
China,,2011,49.9458272253443
China,,2010,49.8540722339456
China,,2009,44.4197644331119
China,,2008,56.7111330003209
China,,2007,61.2664640006176
China,,2006,63.5695798621627
China,,2005,61.3600749408237
China,,2004,58.6403340408439
China,,2003,51.0774801301803
China,,2002,42.1944423387413
China,,2001,38.0826469518334
China,,2000,39.0109424774998
China,,1999,33.2255380760054
China,,1998,32.1717399357488
China,,1997,34.3135763220021
China,,1996,33.6287512313005
China,,1995,34.1049521589323
China,,1994,35.605463524878
China,,1993,35.9086416582146
China,,1992,30.0340940533808
China,,1991,25.8729814947102
China,,1990,24.2259824799678
China,,1989,25.061554891412
China,,1988,30.0133389183239
China,,1987,24.8138336744697
China,,1986,19.8450541369327
China,,1985,20.6743372843961
China,,1984,18.9963398130909
China,,1983,17.886713506127
China,,1982,19.6554747616457
China,,1981,23.7438255910369
China,,1980,21.5410562047131
China,,1979,16.5186070559018
China,,1978,15.3969242292662
China,,1977,9.32019932240708
China,,1976,9.59190335673938
China,,1975,9.97608739521729
China,,1974,10.3375065660458
China,,1973,8.08353927809897
China,,1972,5.66747218523763
China,,1971,4.94556999727203
China,,1970,4.82548633004292
China,,1969,4.94137678904207
China,,1968,5.57889818889779
China,,1967,5.58233749508179
China,,1966,5.92798922996829
China,,1965,5.89947047155192
China,,1964,5.71690657135873
China,,1963,5.66206229848909
China,,1962,5.56552301863999
China,,1961,5.80854553672362
China,,1960,6.30557627967827
Colombia,,2024,36.8886931617607
Colombia,,2023,40.3881324933957
Colombia,,2022,48.2826551123359
Colombia,,2021,40.0591463936128
Colombia,,2020,34.0555709680101
Colombia,,2019,37.558533980839
Colombia,,2018,36.5347527968973
Colombia,,2017,35.2829149424588
Colombia,,2016,36.202652984202
Colombia,,2015,38.3607641184453
Colombia,,2014,37.4874656411103
Colombia,,2013,37.9866487978457
Colombia,,2012,38.835151018669
Colombia,,2011,39.4704235545367
Colombia,,2010,34.2646031687681
Colombia,,2009,35.1561285074585
Colombia,,2008,39.1676494164355
Colombia,,2007,37.0988970982903
Colombia,,2006,39.6413559606293
Colombia,,2005,37.422697494955
Colombia,,2004,35.8634269337995
Colombia,,2003,36.51618351723
Colombia,,2002,32.9826392144234
Colombia,,2001,33.9011117949445
Colombia,,2000,32.6670854693067
Colombia,,1999,36.1492793141794
Colombia,,1998,35.9089230535138
Colombia,,1997,35.5970680886793
Colombia,,1996,36.0441071863282
Colombia,,1995,35.4972303177666
Colombia,,1994,35.917537450138
Colombia,,1993,36.1774714449627
Colombia,,1992,33.6115913436524
Colombia,,1991,33.5299180947153
Colombia,,1990,34.7778103803081
Colombia,,1989,31.8216218481762
Colombia,,1988,30.1428020036572
Colombia,,1987,29.865550187616
Colombia,,1986,30.8306359086594
Colombia,,1985,26.3331012832964
Colombia,,1984,24.348750085568
Colombia,,1983,23.699820931412
Colombia,,1982,26.1037729578128
Colombia,,1981,27.2693848463742
Colombia,,1980,31.8149867332012
Colombia,,1979,28.6616022482855
Colombia,,1978,30.4245140392331
Colombia,,1977,30.0644247649187
Colombia,,1976,30.9412516204182
Colombia,,1975,29.8288357672522
Colombia,,1974,30.1705419623803
Colombia,,1973,27.5884191478862
Colombia,,1972,26.0529285812229
Colombia,,1971,27.9832698253852
Colombia,,1970,27.8252289708363
Colombia,,1969,25.5486538736933
Colombia,,1968,24.5844575806883
Colombia,,1967,21.5540092776673
Colombia,,1966,24.3283072934434
Colombia,,1965,21.8440021161222
Colombia,,1964,24.6091178806666
Colombia,,1963,24.333249474446
Colombia,,1962,24.4508175629839
Colombia,,1961,26.8211488774202
Colombia,,1960,30.4520120239132
Comoros,,2024,44.3731767566659
Comoros,,2023,45.6837789235815
Comoros,,2022,50.3887704882382
Comoros,,2021,42.0677236496077
Comoros,,2020,33.7299346157491
Comoros,,2019,42.2680785350184
Comoros,,2018,42.996153341343
Comoros,,2017,40.164358921352
Comoros,,2016,37.1328797158337
Comoros,,2015,37.8049520714563
Comoros,,2014,39.2358244155675
Comoros,,2013,39.2433304243612
Comoros,,2012,40.8104424055408
Comoros,,2011,40.0009485841888
Comoros,,2010,39.5501057977388
Comoros,,2009,37.8969223253542
Comoros,,2008,36.2185263542809
Comoros,,2007,33.1561792127495
Comoros,,2006,35.7572745643301
Comoros,,2005,35.7574093340398
Comoros,,2004,35.7570631161898
Comoros,,2003,35.7569591302191
Comoros,,2002,35.7571190715765
Comoros,,2001,35.7572288808942
Comoros,,2000,35.7574785467961
Comoros,,1999,35.7571570936764
Comoros,,1998,35.7572500717527
Comoros,,1997,35.7570439088601
Comoros,,1996,35.757815070747
Comoros,,1995,35.7572385313105
Comoros,,1994,35.7572793619743
Comoros,,1993,35.7569519175283
Comoros,,1992,35.7573554920457
Comoros,,1991,35.7572110361659
Comoros,,1990,35.7570317175344
Comoros,,1989,35.7577593566688
Comoros,,1988,35.7565312388164
Comoros,,1987,35.7568169719435
Comoros,,1986,35.7566167116572
Comoros,,1985,35.757685475385
Comoros,,1984,35.7565919904837
Comoros,,1983,35.7573267597918
Comoros,,1982,35.7572850858334
Comoros,,1981,35.7555197361023
Comoros,,1980,35.7561835091554
Democratic Republic of the Congo,,2024,97.4946470519652
Democratic Republic of the Congo,,2023,90.412415871159
Democratic Republic of the Congo,,2022,93.7286668861721
Democratic Republic of the Congo,,2021,80.4813114206906
Democratic Republic of the Congo,,2020,58.4917573282023
Democratic Republic of the Congo,,2019,55.2351580399854
Democratic Republic of the Congo,,2018,69.9197291501817
Democratic Republic of the Congo,,2017,74.2913796171904
Democratic Republic of the Congo,,2016,55.9252102624116
Democratic Republic of the Congo,,2015,59.3324309644245
Democratic Republic of the Congo,,2014,78.690150124216
Democratic Republic of the Congo,,2013,77.4659451472265
Democratic Republic of the Congo,,2012,68.3517113952036
Democratic Republic of the Congo,,2011,85.1981441919418
Democratic Republic of the Congo,,2010,90.7476102929543
Democratic Republic of the Congo,,2009,62.9468793626564
Democratic Republic of the Congo,,2008,83.7722916507983
Democratic Republic of the Congo,,2007,80.1420550528087
Democratic Republic of the Congo,,2006,47.9632596230374
Democratic Republic of the Congo,,2005,52.3146046950079
Democratic Republic of the Congo,,2004,49.3364146254994
Democratic Republic of the Congo,,2003,54.0313561776419
Democratic Republic of the Congo,,2002,29.3168456429821
Democratic Republic of the Congo,,2001,25.0419375138391
Democratic Republic of the Congo,,2000,27.0144029227569
Democratic Republic of the Congo,,1999,41.1776608191529
Democratic Republic of the Congo,,1998,62.6793067265869
Democratic Republic of the Congo,,1997,33.750000421875
Democratic Republic of the Congo,,1996,60.3162567434145
Democratic Republic of the Congo,,1995,52.2085314177979
Democratic Republic of the Congo,,1994,42.5167224681773
Republic of the Congo,,2024,93.1881239239337
Republic of the Congo,,2023,96.2103944039618
Republic of the Congo,,2022,98.1613366922001
Republic of the Congo,,2021,85.5462031552188
Republic of the Congo,,2020,69.3066247188397
Republic of the Congo,,2019,91.5757547930374
Republic of the Congo,,2018,100.583216779714
Republic of the Congo,,2017,94.6170952583422
Republic of the Congo,,2016,122.259818284021
Republic of the Congo,,2015,117.320721558581
Republic of the Congo,,2014,104.197620103417
Republic of the Congo,,2013,93.0028633915235
Republic of the Congo,,2012,97.444435145443
Republic of the Congo,,2011,124.591742710141
Republic of the Congo,,2010,124.064754399607
Republic of the Congo,,2009,135.552365681975
Republic of the Congo,,2008,133.108486659608
Republic of the Congo,,2007,148.586625395069
Republic of the Congo,,2006,125.600762974491
Republic of the Congo,,2005,119.552892262402
Republic of the Congo,,2004,131.368198717322
Republic of the Congo,,2003,156.861777335368
Republic of the Congo,,2002,135.45607107226
Republic of the Congo,,2001,130.732481081873
Republic of the Congo,,2000,123.909884405671
Republic of the Congo,,1999,131.394190298765
Republic of the Congo,,1998,148.901662464134
Republic of the Congo,,1997,135.758179538246
Republic of the Congo,,1996,128.407663306917
Republic of the Congo,,1995,128.312504260557
Republic of the Congo,,1994,132.736248422167
Republic of the Congo,,1993,74.1761942770688
Republic of the Congo,,1992,57.1407058861412
Republic of the Congo,,1991,69.6845429946663
Republic of the Congo,,1990,70.8193543307087
Republic of the Congo,,1989,83.3530093224987
Republic of the Congo,,1988,81.0470409711684
Republic of the Congo,,1987,80.3551924832466
Republic of the Congo,,1986,93.5022348876701
Republic of the Congo,,1985,112.793572311496
Republic of the Congo,,1984,107.250912884716
Republic of the Congo,,1983,109.70970970971
Republic of the Congo,,1982,123.774647887324
Republic of the Congo,,1981,134.114823703157
Republic of the Congo,,1980,120.144284128746
Republic of the Congo,,1979,96.0392156862745
Republic of the Congo,,1978,104.790524457892
Republic of the Congo,,1977,110.85095212766
Republic of the Congo,,1976,106.932895174709
Republic of the Congo,,1975,99.6350364963504
Republic of the Congo,,1974,112.703917672108
Republic of the Congo,,1973,74.9999917218543
Republic of the Congo,,1972,80.0966280193237
Republic of the Congo,,1971,85.2310872950099
Republic of the Congo,,1970,92.4999736842105
Republic of the Congo,,1969,88.9695726964138
Republic of the Congo,,1968,87.6205787781351
Republic of the Congo,,1967,86.3014017639387
Republic of the Congo,,1966,80.9963099630996
Republic of the Congo,,1965,89.0946318735325
Republic of the Congo,,1964,94.6016126743531
Republic of the Congo,,1963,94.3204210439142
Republic of the Congo,,1962,93.4413116886917
Republic of the Congo,,1961,103.120757460499
Republic of the Congo,,1960,106.06049210998
Costa Rica,,2024,71.3310137686365
Costa Rica,,2023,72.4719990802549
Costa Rica,,2022,82.227532535289
Costa Rica,,2021,70.781642302675
Costa Rica,,2020,60.1398862509037
Costa Rica,,2019,65.7605300176058
Costa Rica,,2018,66.9453420166008
Costa Rica,,2017,65.0719537437267
Costa Rica,,2016,62.178478176606
Costa Rica,,2015,60.7535619395756
Costa Rica,,2014,65.1912420532231
Costa Rica,,2013,64.0664105879215
Costa Rica,,2012,67.0485392950742
Costa Rica,,2011,68.639146507318
Costa Rica,,2010,67.5120896837726
Costa Rica,,2009,69.7593177251535
Costa Rica,,2008,86.4015127113254
Costa Rica,,2007,86.4565958439349
Costa Rica,,2006,89.8145546136931
Costa Rica,,2005,89.2226638923224
Costa Rica,,2004,85.2564771965872
Costa Rica,,2003,83.3277075355642
Costa Rica,,2002,80.4139443360039
Costa Rica,,2001,80.852758718109
Costa Rica,,2000,86.5249235130705
Costa Rica,,1999,87.5386137677373
Costa Rica,,1998,92.0380212366186
Costa Rica,,1997,87.6131980978704
Costa Rica,,1996,84.0571640061047
Costa Rica,,1995,79.7743745489399
Costa Rica,,1994,77.9973079960212
Costa Rica,,1993,79.3523368268699
Costa Rica,,1992,76.0962354814708
Costa Rica,,1991,71.4396757036532
Costa Rica,,1990,75.2851641940228
Costa Rica,,1989,73.5829599960743
Costa Rica,,1988,69.8354905376179
Costa Rica,,1987,67.3988009843484
Costa Rica,,1986,61.8362125287889
Costa Rica,,1985,63.1993362968233
Costa Rica,,1984,68.3535272794641
Costa Rica,,1983,72.8201122848261
Costa Rica,,1982,87.2487701779101
Costa Rica,,1981,91.4445368481303
Costa Rica,,1980,63.2969037775773
Costa Rica,,1979,64.1161900027263
Costa Rica,,1978,64.2126400400849
Costa Rica,,1977,67.2036836697027
Costa Rica,,1976,63.8196714968368
Costa Rica,,1975,68.6097858241778
Costa Rica,,1974,81.2639518244509
Costa Rica,,1973,67.6729899662187
Costa Rica,,1972,66.8322013680956
Costa Rica,,1971,63.8994001919322
Costa Rica,,1970,62.4139799958305
Costa Rica,,1969,58.5486170751575
Costa Rica,,1968,60.2219763243797
Costa Rica,,1967,56.1017705150787
Costa Rica,,1966,55.5545217589088
Costa Rica,,1965,55.7515562809441
Costa Rica,,1964,52.9876333919812
Costa Rica,,1963,49.2156689717797
Costa Rica,,1962,48.7729807603112
Costa Rica,,1961,45.9188092229657
Costa Rica,,1960,47.2609650577895
Ivory Coast,,2024,54.666927984095
Ivory Coast,,2023,52.0034548731483
Ivory Coast,,2022,52.8663910413483
Ivory Coast,,2021,45.1140327762435
Ivory Coast,,2020,41.9426318190526
Ivory Coast,,2019,44.6604105830795
Ivory Coast,,2018,46.0375087102874
Ivory Coast,,2017,48.6625074729482
Ivory Coast,,2016,47.5655783613535
Ivory Coast,,2015,52.7128647411445
Ivory Coast,,2014,53.6804175610344
Ivory Coast,,2013,58.3526792527234
Ivory Coast,,2012,70.3010893191249
Ivory Coast,,2011,64.7159030611345
Ivory Coast,,2010,67.472940081257
Ivory Coast,,2009,66.6729037469185
Ivory Coast,,2008,61.9406212969499
Ivory Coast,,2007,61.4309423484426
Ivory Coast,,2006,63.690377061452
Ivory Coast,,2005,62.8209360402806
Ivory Coast,,2004,58.1182963035946
Ivory Coast,,2003,53.260060681877
Ivory Coast,,2002,55.9019482275388
Ivory Coast,,2001,53.1141047180447
Ivory Coast,,2000,54.9639916295152
Ivory Coast,,1999,55.8935626908747
Ivory Coast,,1998,53.6538337944761
Ivory Coast,,1997,54.0062903380367
Ivory Coast,,1996,52.8042944211567
Ivory Coast,,1995,76.202343905242
Ivory Coast,,1994,69.8366580166987
Ivory Coast,,1993,55.3485218490843
Ivory Coast,,1992,60.0250653360901
Ivory Coast,,1991,56.9978213142969
Ivory Coast,,1990,58.8014956103209
Ivory Coast,,1989,61.0885440449655
Ivory Coast,,1988,58.3782715178313
Ivory Coast,,1987,63.050248281061
Ivory Coast,,1986,69.6773571637603
Ivory Coast,,1985,79.1725137120598
Ivory Coast,,1984,77.103198191928
Ivory Coast,,1983,72.6801769689194
Ivory Coast,,1982,75.750021666503
Ivory Coast,,1981,77.459198875202
Ivory Coast,,1980,76.1802896945707
Ivory Coast,,1979,72.2659282420616
Ivory Coast,,1978,73.95669727745
Ivory Coast,,1977,78.956604026406
Ivory Coast,,1976,77.9892238596904
Ivory Coast,,1975,73.3133667857572
Ivory Coast,,1974,84.0730713090158
Ivory Coast,,1973,68.9858705622116
Ivory Coast,,1972,62.5187716532962
Ivory Coast,,1971,60.6373191728679
Ivory Coast,,1970,64.876956695978
Ivory Coast,,1969,63.8315911821298
Ivory Coast,,1968,68.6948357042786
Ivory Coast,,1967,65.0150069947765
Ivory Coast,,1966,65.1033458745114
Ivory Coast,,1965,66.9476309272914
Ivory Coast,,1964,60.6088000142315
Ivory Coast,,1963,57.455317585393
Ivory Coast,,1962,60.1395535033303
Ivory Coast,,1961,63.3960559195014
Ivory Coast,,1960,57.1440675728154
Croatia,,2024,102.716218689318
Croatia,,2023,107.700919430599
Croatia,,2022,125.213857590974
Croatia,,2021,102.308430815836
Croatia,,2020,89.5334538008947
Croatia,,2019,101.382013330328
Croatia,,2018,99.06781797397
Croatia,,2017,97.2213314044204
Croatia,,2016,92.1307890861689
Croatia,,2015,90.6409410989512
Croatia,,2014,85.2091769480039
Croatia,,2013,80.9105173733355
Croatia,,2012,79.0022669647168
Croatia,,2011,77.7657386922551
Croatia,,2010,72.6386568634317
Croatia,,2009,69.6952439244403
Croatia,,2008,82.0719814536512
Croatia,,2007,83.2514767234118
Croatia,,2006,83.5058793177563
Croatia,,2005,81.4923355714118
Croatia,,2004,81.6444126603338
Croatia,,2003,81.4432514353208
Croatia,,2002,81.1609977960211
Croatia,,2001,79.4405856034588
Croatia,,2000,74.6016854703406
Croatia,,1999,66.2637743741722
Croatia,,1998,64.98432965861
Croatia,,1997,74.8841744957651
Croatia,,1996,67.0542505897715
Croatia,,1995,62.8042653485871
Cuba,,2023,108.135323744814
Cuba,,2022,93.8607755890525
Cuba,,2021,80.0239031587188
Cuba,,2020,15.6825502693015
Cuba,,2019,22.8208911354416
Cuba,,2018,27.0835484496642
Cuba,,2017,26.2224363809981
Cuba,,2016,27.269113252912
Cuba,,2015,31.6138124793419
Cuba,,2014,39.2741528539069
Cuba,,2013,44.3238969253902
Cuba,,2012,45.8662036340766
Cuba,,2011,46.9604290476881
Cuba,,2010,40.2919413008332
Cuba,,2009,32.9139819587629
Cuba,,2008,44.917220748508
Cuba,,2007,37.9676096642032
Cuba,,2006,37.1880142882062
Cuba,,2005,39.3613744331974
Cuba,,2004,31.3114153338743
Cuba,,2003,26.5871335777077
Cuba,,2002,24.7293133475239
Cuba,,2001,29.3610963815873
Cuba,,2000,31.0759878817225
Cuba,,1999,31.8689322462587
Cuba,,1998,32.5046329835855
Cuba,,1997,32.7541989320698
Cuba,,1996,32.6253336147218
Cuba,,1995,29.3084176228486
Cuba,,1994,27.775896647282
Cuba,,1993,28.9158301790178
Cuba,,1992,35.1468673383887
Cuba,,1991,50.9961165399692
Cuba,,1990,71.1144932237197
Cuba,,1989,75.9286318811764
Cuba,,1988,75.1367128239783
Cuba,,1987,76.8171810541975
Cuba,,1986,75.5116004900005
Cuba,,1985,78.6770155734963
Cuba,,1984,76.4142284347136
Cuba,,1983,76.5113479685344
Cuba,,1982,76.7862750409187
Cuba,,1981,76.7800936995569
Cuba,,1980,77.0337920495621
Cuba,,1979,76.7051470738209
Cuba,,1978,76.7633305265542
Cuba,,1977,76.8137274113008
Cuba,,1976,76.819218409113
Cuba,,1975,76.8270440559194
Cuba,,1974,76.7856933983471
Cuba,,1973,76.8018034420664
Cuba,,1972,76.8094974939889
Cuba,,1971,76.8086504461305
Cuba,,1970,76.8065379599513
Cyprus,,2024,189.798885929564
Cyprus,,2023,193.268619207237
Cyprus,,2022,207.632427046376
Cyprus,,2021,176.82773681987
Cyprus,,2020,160.66871645997
Cyprus,,2019,150.506169561162
Cyprus,,2018,147.623567410054
Cyprus,,2017,148.013355558135
Cyprus,,2016,139.022098457248
Cyprus,,2015,137.276426477193
Cyprus,,2014,130.84436307939
Cyprus,,2013,120.926200639389
Cyprus,,2012,112.344273297273
Cyprus,,2011,110.617136857424
Cyprus,,2010,108.901699269523
Cyprus,,2009,102.7910918992
Cyprus,,2008,112.925930874708
Cyprus,,2007,111.275122844623
Cyprus,,2006,109.806498040343
Cyprus,,2005,111.917065271958
Cyprus,,2004,113.903613489207
Cyprus,,2003,114.004632981485
Cyprus,,2002,123.64133212338
Cyprus,,2001,131.849067868114
Cyprus,,2000,137.494903248556
Cyprus,,1999,131.209333344294
Cyprus,,1998,134.909736760687
Cyprus,,1997,139.762976603986
Cyprus,,1996,140.848983444568
Cyprus,,1995,134.390514064609
Cyprus,,1994,95.7761516051877
Cyprus,,1993,95.4163753507475
Cyprus,,1992,110.097007340814
Cyprus,,1991,104.179904915897
Cyprus,,1990,108.608208716902
Cyprus,,1989,111.334126422912
Cyprus,,1988,101.583242519928
Cyprus,,1987,97.5564563233101
Cyprus,,1986,93.4599276130589
Cyprus,,1985,107.569824976944
Cyprus,,1984,121.758629672952
Cyprus,,1983,114.383740267896
Cyprus,,1982,115.162457079526
Cyprus,,1981,113.573064942897
Cyprus,,1980,108.325662982717
Cyprus,,1979,108.447116991234
Cyprus,,1978,105.251727916103
Cyprus,,1977,115.575508573482
Cyprus,,1976,112.368983807243
Cyprus,,1975,92.1789863419375
Czechia,,2024,131.915401716638
Czechia,,2023,132.956943913575
Czechia,,2022,144.011494109397
Czechia,,2021,137.378116302868
Czechia,,2020,128.780430305965
Czechia,,2019,138.154609993871
Czechia,,2018,145.141717890789
Czechia,,2017,147.750834854762
Czechia,,2016,148.547004664435
Czechia,,2015,154.018400997633
Czechia,,2014,156.415122826886
Czechia,,2013,145.502230624961
Czechia,,2012,145.480195396935
Czechia,,2011,136.750855542438
Czechia,,2010,126.756480116798
Czechia,,2009,113.049254784875
Czechia,,2008,123.904809929948
Czechia,,2007,129.876739504889
Czechia,,2006,127.051015055016
Czechia,,2005,121.191287316105
Czechia,,2004,113.173975970415
Czechia,,2003,94.6468600665608
Czechia,,2002,90.8792715456582
Czechia,,2001,98.5368737300189
Czechia,,2000,97.4983956327874
Czechia,,1999,85.4571236396114
Czechia,,1998,83.9386523207327
Czechia,,1997,84.1532306677233
Czechia,,1996,80.59955795966
Czechia,,1995,82.9009990725253
Czechia,,1994,74.8030180799195
Czechia,,1993,78.1977381830196
Czechia,,1992,77.9611310848888
Czechia,,1991,70.771227667197
Czechia,,1990,63.0512785845125
Denmark,,2024,128.643001518784
Denmark,,2023,127.768567480091
Denmark,,2022,131.54315114232
Denmark,,2021,111.414043682799
Denmark,,2020,104.433432671151
Denmark,,2019,111.891475065653
Denmark,,2018,108.813985501909
Denmark,,2017,104.215676920442
Denmark,,2016,101.452783808643
Denmark,,2015,105.130362453899
Denmark,,2014,103.210859225139
Denmark,,2013,103.612813249189
Denmark,,2012,104.362280505171
Denmark,,2011,102.012930474308
Denmark,,2010,94.3877282319057
Denmark,,2009,89.3948566562728
Denmark,,2008,104.470310168489
Denmark,,2007,100.047674594039
Denmark,,2006,97.4298607727841
Denmark,,2005,89.3987952460671
Denmark,,2004,82.0077308240144
Denmark,,2003,80.7613001763544
Denmark,,2002,84.4845925538271
Denmark,,2001,83.922664599029
Denmark,,2000,83.0420859548864
Denmark,,1999,72.7288566436859
Denmark,,1998,71.345417498121
Denmark,,1997,71.2901759751981
Denmark,,1996,68.5264824216641
Denmark,,1995,68.5733146504851
Denmark,,1994,67.8432179369762
Denmark,,1993,65.643583372576
Denmark,,1992,66.9797006123946
Denmark,,1991,69.1684762769411
Denmark,,1990,67.3045794419521
Denmark,,1989,67.1027874741641
Denmark,,1988,63.7622632221062
Denmark,,1987,61.4826479013264
Denmark,,1986,65.041031399129
Denmark,,1985,72.3252333601635
Denmark,,1984,71.1932758799528
Denmark,,1983,69.9950338250098
Denmark,,1982,71.2261424502124
Denmark,,1981,71.2256517073619
Denmark,,1980,65.748272029348
Denmark,,1979,60.8247246552521
Denmark,,1978,57.0932056983783
Denmark,,1977,60.3706317946257
Denmark,,1976,61.1065029153667
Denmark,,1975,59.7820924537787
Denmark,,1974,64.7270029364718
Denmark,,1973,57.8633533150401
Denmark,,1972,53.2250227237422
Denmark,,1971,55.6730303676964
Denmark,,1970,57.1347346526574
Denmark,,1969,55.5108074203864
Denmark,,1968,55.3277665915049
Denmark,,1967,55.5458272413802
Denmark,,1966,57.6554018034611
Djibouti,,2024,309.051384670777
Djibouti,,2023,284.53692869882
Djibouti,,2022,302.285409231545
Djibouti,,2021,263.477728733891
Djibouti,,2020,225.744871323723
Djibouti,,2019,320.93923036418
Djibouti,,2018,300.398900523844
Djibouti,,2017,305.967966403468
Djibouti,,2016,213.071998607921
Djibouti,,2015,268.363456254629
Djibouti,,2014,298.564535821251
Djibouti,,2013,347.720317058403
Dominican Republic,,2024,51.7835143952326
Dominican Republic,,2023,49.8436131764417
Dominican Republic,,2022,54.3781976712844
Dominican Republic,,2021,51.9500227303115
Dominican Republic,,2020,44.7331613466756
Dominican Republic,,2019,50.912982200697
Dominican Republic,,2018,52.3351709577013
Dominican Republic,,2017,50.7595355508472
Dominican Republic,,2016,51.7306571245477
Dominican Republic,,2015,52.3471238667007
Dominican Republic,,2014,55.6601041506633
Dominican Republic,,2013,56.8137658014945
Dominican Republic,,2012,58.5062536731089
Dominican Republic,,2011,59.0692578401698
Dominican Republic,,2010,56.0573964175321
Dominican Republic,,2009,50.6509376792025
Dominican Republic,,2008,61.4285058325394
Dominican Republic,,2007,61.229259153164
Dominican Republic,,2006,63.7664826351505
Dominican Republic,,2005,61.6535587358027
Dominican Republic,,2004,81.3514229381911
Dominican Republic,,2003,84.4495031861592
Dominican Republic,,2002,68.7232829028777
Dominican Republic,,2001,70.5105678080061
Dominican Republic,,2000,79.3003930961432
Dominican Republic,,1999,76.3027532814337
Dominican Republic,,1998,75.9113027135939
Dominican Republic,,1997,74.2332371692166
Dominican Republic,,1996,72.6424908698332
Dominican Republic,,1995,73.8979593803276
Dominican Republic,,1994,77.157908271893
Dominican Republic,,1993,78.0028967722022
Dominican Republic,,1992,80.4648015417106
Dominican Republic,,1991,83.09106896203
Dominican Republic,,1990,69.1984136752272
Dominican Republic,,1989,69.4726770929163
Dominican Republic,,1988,71.3525273587921
Dominican Republic,,1987,58.0564730668285
Dominican Republic,,1986,49.4260827751438
Dominican Republic,,1985,56.9971149804481
Dominican Republic,,1984,51.7434972744523
Dominican Republic,,1983,41.3411896948138
Dominican Republic,,1982,41.0749771391248
Dominican Republic,,1981,50.6152240752252
Dominican Republic,,1980,54.4149258426634
Dominican Republic,,1979,53.793934312941
Dominican Republic,,1978,48.112780288949
Dominican Republic,,1977,49.3519917376992
Dominican Republic,,1976,51.4706194103505
Dominican Republic,,1975,61.1139266225828
Dominican Republic,,1974,60.5915818094815
Dominican Republic,,1973,49.5349589303992
Dominican Republic,,1972,45.9196576431519
Dominican Republic,,1971,45.7155459345935
Dominican Republic,,1970,45.8826916189835
Dominican Republic,,1969,44.5916294189354
Dominican Republic,,1968,45.1302010935038
Dominican Republic,,1967,43.0904522613065
Dominican Republic,,1966,41.6810651488972
Dominican Republic,,1965,36.5724580565252
Dominican Republic,,1964,47.7281637800472
Dominican Republic,,1963,46.7049369371744
Dominican Republic,,1962,48.0524208227157
Dominican Republic,,1961,39.5963798818591
Dominican Republic,,1960,44.4081102356232
Ecuador,,2024,57.2031395531255
Ecuador,,2023,56.9977535649091
Ecuador,,2022,61.880792818786
Ecuador,,2021,53.261275610573
Ecuador,,2020,43.9893109378389
Ecuador,,2019,48.0828494933307
Ecuador,,2018,48.0093476154836
Ecuador,,2017,43.6177233172817
Ecuador,,2016,40.5344917996647
Ecuador,,2015,47.8280397077826
Ecuador,,2014,61.4263766217565
Ecuador,,2013,63.4333003342414
Ecuador,,2012,67.0029290916898
Ecuador,,2011,70.0356837525249
Ecuador,,2010,65.7773849135062
Ecuador,,2009,57.3473460627608
Ecuador,,2008,74.5902963648439
Ecuador,,2007,68.8505854462677
Ecuador,,2006,65.8423556166562
Ecuador,,2005,61.9581507902572
Ecuador,,2004,56.0745467239942
Ecuador,,2003,52.3575426975979
Ecuador,,2002,54.7966439366136
Ecuador,,2001,56.128486744205
Ecuador,,2000,65.4042953826391
Ecuador,,1999,49.2012507989376
Ecuador,,1998,43.395107949805
Ecuador,,1997,45.0171863180765
Ecuador,,1996,44.2157026832153
Ecuador,,1995,45.9112707318244
Ecuador,,1994,43.7777474951998
Ecuador,,1993,43.1712184234683
Ecuador,,1992,44.8065436522069
Ecuador,,1991,45.196639984556
Ecuador,,1990,44.5949122940278
Ecuador,,1989,45.1129811864879
Ecuador,,1988,42.6623014756666
Ecuador,,1987,37.7307228547875
Ecuador,,1986,33.1106044808965
Ecuador,,1985,35.7173093974088
Ecuador,,1984,33.05830053321
Ecuador,,1983,30.8760173448129
Ecuador,,1982,32.4129455881689
Ecuador,,1981,29.915273689661
Ecuador,,1980,35.0250095913135
Ecuador,,1979,36.0795817670218
Ecuador,,1978,33.2958288169454
Ecuador,,1977,34.4422102372902
Ecuador,,1976,34.0139042731574
Ecuador,,1975,35.4050500448307
Ecuador,,1974,41.404370100132
Ecuador,,1973,34.537634740314
Ecuador,,1972,27.9579897376635
Ecuador,,1971,27.2705147299212
Ecuador,,1970,22.4512535597798
Ecuador,,1969,20.6053027076117
Ecuador,,1968,24.9603730109499
Ecuador,,1967,22.1387791434791
Ecuador,,1966,21.6000691886193
Ecuador,,1965,19.2701382788243
Ecuador,,1964,19.0445120595878
Ecuador,,1963,19.19029713025
Ecuador,,1962,21.035889145624
Ecuador,,1961,19.1091583948312
Ecuador,,1960,19.9116466253381
Egypt,,2024,39.6007520873733
Egypt,,2023,40.4504007720031
Egypt,,2022,36.9831048772713
Egypt,,2021,29.8569734808122
Egypt,,2020,32.1262555667523
Egypt,,2019,41.1240171551108
Egypt,,2018,45.9110196733959
Egypt,,2017,42.8321343581608
Egypt,,2016,30.2465490514505
Egypt,,2015,34.8459429600229
Egypt,,2014,36.9201877934272
Egypt,,2013,40.373038056332
Egypt,,2012,40.7117692721084
Egypt,,2011,45.2556341623514
Egypt,,2010,47.9363500745898
Egypt,,2009,56.5534446363462
Egypt,,2008,71.6806253489671
Egypt,,2007,65.077873254565
Egypt,,2006,61.5185365063947
Egypt,,2005,62.9526462395543
Egypt,,2004,57.8199052132701
Egypt,,2003,46.1796407185629
Egypt,,2002,40.9870678279229
Egypt,,2001,39.8104265402844
Egypt,,2000,39.0179359012055
Egypt,,1999,38.3615084525358
Egypt,,1998,41.9276270006959
Egypt,,1997,43.7382474614517
Egypt,,1996,46.9485614646905
Egypt,,1995,50.2450980392157
Egypt,,1994,50.6285714285714
Egypt,,1993,55.9278350515464
Egypt,,1992,59.3098490294752
Egypt,,1991,62.8444444444444
Egypt,,1990,52.9227557411273
Egypt,,1989,50.1298701298701
Egypt,,1988,52.5974025974026
Egypt,,1987,35.3398058252427
Egypt,,1986,36.0544217687075
Egypt,,1985,46.112600536193
Egypt,,1984,52.5316455696203
Egypt,,1983,57.1428571428571
Egypt,,1982,64.2019950124688
Egypt,,1981,74.459577429536
Egypt,,1980,73.3830375629879
Egypt,,1979,69.4642630644343
Egypt,,1978,53.8393825871563
Egypt,,1977,52.9519238967588
Egypt,,1976,45.0854637114817
Egypt,,1975,53.7142426412392
Egypt,,1974,51.6648281140953
Egypt,,1973,31.6962722041531
Egypt,,1972,30.0853465291485
Egypt,,1971,31.0246763634209
Egypt,,1970,30.6627936031984
Egypt,,1969,29.9858977213687
Egypt,,1968,29.26348956282
Egypt,,1967,35.939719109989
Egypt,,1966,36.8175683965158
Egypt,,1965,37.2632972853675
Egypt,,1964,43.2722832722833
Egypt,,1963,41.3457841252403
Egypt,,1962,34.5708509465172
Egypt,,1961,37.3881932021467
Egypt,,1960,41.691698525396
El Salvador,,2024,84.6596461582312
El Salvador,,2023,81.7147723425988
El Salvador,,2022,88.7011093776867
El Salvador,,2021,81.8450759800765
El Salvador,,2020,66.4595069497083
El Salvador,,2019,76.0420130991468
El Salvador,,2018,75.6336168879956
El Salvador,,2017,74.3046511916519
El Salvador,,2016,72.8190933731491
El Salvador,,2015,76.5602707370519
El Salvador,,2014,78.1044257477935
El Salvador,,2013,80.4511944908271
El Salvador,,2012,77.6485716222883
El Salvador,,2011,79.2766437025052
El Salvador,,2010,73.5372876725398
El Salvador,,2009,66.0711911744487
El Salvador,,2008,80.6659739399085
El Salvador,,2007,77.6210560347995
El Salvador,,2006,73.4555675070266
El Salvador,,2005,69.7158116750578
El Salvador,,2004,69.7822641767691
El Salvador,,2003,68.23698247861
El Salvador,,2002,65.9190907767708
El Salvador,,2001,65.8907385362251
El Salvador,,2000,68.7100889044911
El Salvador,,1999,60.9904896201298
El Salvador,,1998,60.8722907509534
El Salvador,,1997,63.5570927549383
El Salvador,,1996,55.2818567293307
El Salvador,,1995,59.3607543357884
El Salvador,,1994,55.1486486416098
El Salvador,,1993,53.5272904870361
El Salvador,,1992,48.675245823902
El Salvador,,1991,47.7534309263615
El Salvador,,1990,49.6156277783176
El Salvador,,1989,36.9282958229436
El Salvador,,1988,38.0957044115822
El Salvador,,1987,45.0946221996724
El Salvador,,1986,53.7141227244257
El Salvador,,1985,52.2105382093726
El Salvador,,1984,50.290675048531
El Salvador,,1983,54.3978010395888
El Salvador,,1982,51.2477402331044
El Salvador,,1981,60.266492478384
El Salvador,,1980,67.4064641855663
El Salvador,,1979,74.1127852234293
El Salvador,,1978,69.7962857581299
El Salvador,,1977,75.6380768673911
El Salvador,,1976,72.3607095211611
El Salvador,,1975,71.2629730981587
El Salvador,,1974,73.2489735154993
El Salvador,,1973,62.9430362194243
El Salvador,,1972,57.2215364162947
El Salvador,,1971,51.2460796546724
El Salvador,,1970,49.3838929491932
El Salvador,,1969,48.9803697350867
El Salvador,,1968,52.4520626235875
El Salvador,,1967,54.2962507682852
El Salvador,,1966,54.4410018073845
El Salvador,,1965,55.1975573075696
Equatorial Guinea,,2024,60.5414510975907
Equatorial Guinea,,2023,61.443281519042
Equatorial Guinea,,2022,81.8130161368099
Equatorial Guinea,,2021,76.9666485998527
Equatorial Guinea,,2020,77.9278846441807
Equatorial Guinea,,2019,94.8787924253545
Equatorial Guinea,,2018,103.645681622953
Equatorial Guinea,,2017,102.428258251803
Equatorial Guinea,,2016,92.6007307237942
Equatorial Guinea,,2015,98.8780591680756
Equatorial Guinea,,2014,104.379198671388
Equatorial Guinea,,2013,106.893284926066
Equatorial Guinea,,2012,116.675422472364
Equatorial Guinea,,2011,114.37734663649
Equatorial Guinea,,2010,144.668225001248
Equatorial Guinea,,2009,122.212077110801
Equatorial Guinea,,2008,128.688006601458
Equatorial Guinea,,2007,134.083789857569
Equatorial Guinea,,2006,118.532782368937
Equatorial Guinea,,2005,131.02447181321
Eritrea,,2011,47.3937901188684
Eritrea,,2010,37.4714654565691
Eritrea,,2009,27.9721416148149
Eritrea,,2008,30.5609500494496
Eritrea,,2007,34.5595595326375
Eritrea,,2006,45.2608460537354
Eritrea,,2005,61.1060310218073
Eritrea,,2004,65.570906849032
Eritrea,,2003,74.0078242901552
Eritrea,,2002,76.5901636574451
Eritrea,,2001,72.0627109589752
Eritrea,,2000,67.8813619265146
Eritrea,,1999,96.2592361791151
Eritrea,,1998,94.9275656742685
Eritrea,,1997,115.414776658722
Eritrea,,1996,116.617520301229
Eritrea,,1995,105.322628605412
Eritrea,,1994,110.881778212018
Eritrea,,1993,102.060001634922
Eritrea,,1992,56.3771893721132
Estonia,,2024,151.980055920426
Estonia,,2023,154.859244621649
Estonia,,2022,174.563994182116
Estonia,,2021,160.394681627556
Estonia,,2020,137.392641283846
Estonia,,2019,140.352147998549
Estonia,,2018,143.485224864735
Estonia,,2017,144.635650944133
Estonia,,2016,147.7462327097
Estonia,,2015,148.507157123558
Estonia,,2014,157.953944842229
Estonia,,2013,164.601632156916
Estonia,,2012,169.156067773865
Estonia,,2011,166.7460724339
Estonia,,2010,143.671762256978
Estonia,,2009,116.759079859802
Estonia,,2008,136.681988157836
Estonia,,2007,133.980829235754
Estonia,,2006,136.620737662645
Estonia,,2005,135.912792115107
Estonia,,2004,129.949500077661
Estonia,,2003,122.744772807796
Estonia,,2002,123.28234538757
Estonia,,2001,126.546640067292
Estonia,,2000,126.495626368659
Estonia,,1999,144.116453592933
Estonia,,1998,156.838235827521
Estonia,,1997,151.051344390403
Estonia,,1996,132.977442750892
Estonia,,1995,139.087473677663
Estonia,,1994,148.143069423797
Estonia,,1993,132.126372731459
Eswatini,,2023,100.093236371966
Eswatini,,2022,92.6789042197449
Eswatini,,2021,90.3327981678426
Eswatini,,2020,84.3006119726657
Eswatini,,2019,86.6412229625686
Eswatini,,2018,85.4753716503961
Eswatini,,2017,86.8600357143891
Eswatini,,2016,89.3135033741698
Eswatini,,2015,88.2380778212486
Eswatini,,2014,91.5997199256524
Eswatini,,2013,85.178074262072
Ethiopia,,2024,17.3147892774538
Ethiopia,,2023,20.5982015072652
Ethiopia,,2022,26.5954996967313
Ethiopia,,2021,24.3450574647644
Ethiopia,,2020,24.0061143401794
Ethiopia,,2019,28.8152939288346
Ethiopia,,2018,31.1993689777881
Ethiopia,,2017,31.1036494929016
Ethiopia,,2016,34.8990210816111
Ethiopia,,2015,39.6561241449515
Ethiopia,,2014,40.7410841498626
Ethiopia,,2013,41.4717870807625
Ethiopia,,2012,45.3979041835072
Ethiopia,,2011,48.232935411689
Fiji,,2023,126.179178353138
Fiji,,2022,117.506559634974
Fiji,,2021,81.7252085972258
Fiji,,2020,72.3435757807252
Fiji,,2019,107.411464142265
Fiji,,2018,103.235419948556
Fiji,,2017,97.0216625258442
Fiji,,2016,97.1744905841206
Fiji,,2015,101.189048956211
Fiji,,2014,110.812306063192
Fiji,,2013,126.348386724849
Fiji,,2012,125.285791685112
Fiji,,2011,124.476125636503
Fiji,,2010,121.227903395671
Fiji,,2009,108.869117411674
Fiji,,2008,130.997847976458
Fiji,,2007,110.389514898623
Fiji,,2006,118.048331674709
Fiji,,2005,117.740079365079
Fiji,,2004,125.121987598815
Fiji,,2003,128.975969916537
Fiji,,2002,126.052579068143
Fiji,,2001,129.997341839447
Fiji,,2000,135.895641463483
Fiji,,1999,122.802233816628
Fiji,,1998,119.369767087837
Fiji,,1997,119.697773064687
Fiji,,1996,121.726031065881
Fiji,,1995,114.143419105706
Fiji,,1994,115.843028693277
Fiji,,1993,111.781962338949
Fiji,,1992,106.790552275096
Fiji,,1991,117.815866797258
Fiji,,1990,129.5
Fiji,,1989,123.024900828203
Fiji,,1988,107.671957671958
Fiji,,1987,87.3737373737374
Fiji,,1986,81.1384004925771
Fiji,,1985,89.0458827104224
Fiji,,1984,86.7246922292794
Fiji,,1983,92.6457632073399
Fiji,,1982,92.8607867792348
Fiji,,1981,100.473295454545
Fiji,,1980,100.466900430324
Finland,,2024,82.4576286482681
Finland,,2023,85.8773672749668
Finland,,2022,94.5625340522667
Finland,,2021,79.7892781913782
Finland,,2020,72.1845955995888
Finland,,2019,80.5641502947367
Finland,,2018,79.1436148422846
Finland,,2017,75.9387822310041
Finland,,2016,71.7222101178859
Finland,,2015,71.9618253787014
Finland,,2014,74.6277719754196
Finland,,2013,77.485171771574
Finland,,2012,79.4303765882482
Finland,,2011,78.7159444486606
Finland,,2010,75.4612085231229
Finland,,2009,70.1279335295898
Finland,,2008,86.1896598765527
Finland,,2007,82.8631608209175
Finland,,2006,82.0005669294983
Finland,,2005,76.5889740444293
Finland,,2004,70.967802899062
Finland,,2003,68.0715029595159
Finland,,2002,69.3209377526273
Finland,,2001,70.2841376639721
Finland,,2000,74.9255788717317
Finland,,1999,66.254492150558
Finland,,1998,66.9910571198446
Finland,,1997,68.2478061464014
Finland,,1996,65.7903252694235
Finland,,1995,64.1355353769273
Finland,,1994,62.4991726055204
Finland,,1993,58.2315150099287
Finland,,1992,50.2394263203831
Finland,,1991,43.4814124469297
Finland,,1990,45.8390132360055
Finland,,1989,47.8829940844939
Finland,,1988,48.1664472226205
Finland,,1987,49.4947853576388
Finland,,1986,49.9968089858957
Finland,,1985,55.3267496779734
Finland,,1984,56.6183900303132
Finland,,1983,57.4388302329479
Finland,,1982,57.5902037764068
Finland,,1981,61.6063687238906
Finland,,1980,62.9411764705882
Finland,,1979,58.1083514106671
Finland,,1978,52.6212474107045
Finland,,1977,52.3853133145153
Finland,,1976,49.2636918572016
Finland,,1975,50.3280867024948
Finland,,1974,55.2099914328027
Finland,,1973,48.503407996946
Finland,,1972,47.7860729562939
Finland,,1971,47.4382182672921
Finland,,1970,49.4169684302622
France,,2024,67.2229707568101
France,,2023,70.5595547931931
France,,2022,75.7901436111221
France,,2021,63.788482630872
France,,2020,58.8388907240647
France,,2019,66.4289771741449
France,,2018,66.8022607812266
France,,2017,65.3958481559711
France,,2016,63.3427564383351
France,,2015,63.5046871956484
France,,2014,62.1992669379507
France,,2013,61.8192338733962
France,,2012,61.6589570771102
France,,2011,60.6056354816406
France,,2010,56.587555247796
France,,2009,52.1991123027613
France,,2008,59.1797928411748
France,,2007,58.1525611309659
France,,2006,57.8692775292673
France,,2005,55.8228361241299
France,,2004,53.7497648292028
France,,2003,52.5988822870657
France,,2002,55.1325248503102
France,,2001,56.8932328560722
France,,2000,57.7860470318197
France,,1999,51.6706614638734
France,,1998,51.4214328030771
France,,1997,49.803453474736
France,,1996,46.1124801589641
France,,1995,45.4316616938638
France,,1994,43.7513491504061
France,,1993,41.7256163123108
France,,1992,43.963354493583
France,,1991,44.9537001550562
France,,1990,44.5862869486888
France,,1989,46.0051158705752
France,,1988,43.2246223742353
France,,1987,42.0234951539124
France,,1986,42.5039101426742
France,,1985,48.8838798836634
France,,1984,49.4016956923205
France,,1983,46.9844451630132
France,,1982,47.1430337256332
France,,1981,47.3463750243705
France,,1980,45.2426904107299
France,,1979,42.6375432012829
France,,1978,41.1188563628231
France,,1977,41.7217458844294
France,,1976,40.718798948855
France,,1975,37.7459367345271
France,,1974,43.463448616838
France,,1973,35.2622028277328
France,,1972,33.2677650969953
France,,1971,32.74521118962
France,,1970,32.123248707086
France,,1969,29.6141776187023
France,,1968,27.4570385192473
France,,1967,27.0908972474165
France,,1966,27.161049635508
France,,1965,26.5609025421469
France,,1964,26.6420458161876
France,,1963,25.8150669014176
France,,1962,25.8038008551919
France,,1961,27.4415457562151
France,,1960,27.9369262169445
Gabon,,2024,94.4802538871274
Gabon,,2023,90.9932336284568
Gabon,,2022,92.0630888496921
Gabon,,2021,85.3483122054787
Gabon,,2020,70.1140546463796
Gabon,,2019,73.4280894486644
Gabon,,2018,77.0365976973024
Gabon,,2017,75.0687404456638
Gabon,,2016,70.1333810645308
Gabon,,2015,73.9497814588281
Gabon,,2014,73.5203290162438
Gabon,,2013,90.6350361478645
Gabon,,2012,92.3428089420545
Gabon,,2011,90.4983773331323
Gabon,,2010,89.1576627248353
Gabon,,2009,83.5045774235636
Gabon,,2008,88.9988725945748
Gabon,,2007,85.1324791636578
Gabon,,2006,88.6494092562519
Gabon,,2005,83.9495998399241
Gabon,,2004,81.7675371418698
Gabon,,2003,80.3026082056312
Gabon,,2002,84.7590815376223
Gabon,,2001,83.6386132424108
Gabon,,2000,101.701928939637
Gabon,,1999,97.7314524555904
Gabon,,1998,95.9747826086956
Gabon,,1997,98.5362645138464
Gabon,,1996,95.6709008514144
Gabon,,1995,95.1346961861668
Gabon,,1994,99.9266868001633
Gabon,,1993,83.3430365420292
Gabon,,1992,79.868842088552
Gabon,,1991,80.5349385481311
Gabon,,1990,76.8974453905961
Gabon,,1989,86.9936353425683
Gabon,,1988,78.5220207494277
Gabon,,1987,87.9144276143595
Gabon,,1986,89.8956477475185
Gabon,,1985,119.853382205931
Gabon,,1984,99.2931499807223
Gabon,,1983,104.867290876731
Gabon,,1982,101.261670451678
Gabon,,1981,104.059075750357
Gabon,,1980,96.3503649635037
Gabon,,1979,95.8889233633261
Gabon,,1978,108.679525222552
Gabon,,1977,102.854245146334
Gabon,,1976,91.6840495063274
Gabon,,1975,97.4264705882353
Gabon,,1974,100.807102502018
Gabon,,1973,116.511458721291
Gabon,,1972,145.34531797235
Gabon,,1971,118.648810656518
Gabon,,1970,87.7094776068207
Gabon,,1969,108.706324604099
Gabon,,1968,97.6679978962969
Gabon,,1967,96.1078143712575
Gabon,,1966,79.304632335204
Gabon,,1965,80.5405405405405
Gabon,,1964,77.8433514519825
Gabon,,1963,92.4966571564271
Gabon,,1962,62.4826571460552
Gabon,,1961,62.8745050132713
Gabon,,1960,66.7981961790426
Gambia,,2024,43.7388373481181
Gambia,,2023,42.4360025095476
Gambia,,2022,44.7219215522334
Gambia,,2021,42.0979827971754
Gambia,,2020,47.3955201736291
Gambia,,2019,55.9979116186993
Gambia,,2018,64.8124640003735
Gambia,,2017,55.7335796090833
Gambia,,2016,38.1140879565948
Gambia,,2015,44.5223730803813
Gambia,,2014,58.2579307752264
Gambia,,2013,45.4619193623296
Gambia,,2012,47.7006731141985
Gambia,,2011,42.6397020468894
Gambia,,2010,41.0125150279466
Gambia,,2009,41.7773944257977
Gambia,,2008,39.0890994561344
Gambia,,2007,44.2938444656791
Gambia,,2006,50.374468581975
Gambia,,2005,50.0187233950976
Gambia,,2004,49.9342995615683
Gambia,,2003,68.8587930342232
Gambia,,2002,59.642950918834
Gambia,,2001,46.9292631865623
Gambia,,2000,56.3598198850954
Gambia,,1999,52.4132975230667
Gambia,,1998,53.8709622701508
Gambia,,1997,48.3174980980993
Gambia,,1996,50.9543943800384
Gambia,,1995,59.2767980339628
Gambia,,1994,49.9160789438545
Gambia,,1993,64.6299221312549
Gambia,,1992,67.4430836477238
Gambia,,1991,64.1029468943288
Gambia,,1990,131.485415341849
Gambia,,1989,120.337404203123
Gambia,,1988,108.818999972051
Gambia,,1987,108.704991030241
Gambia,,1986,102.722471997511
Gambia,,1985,97.7814665225553
Gambia,,1984,115.914128382631
Gambia,,1983,112.970541020856
Gambia,,1982,103.972547047922
Gambia,,1981,110.718123040527
Gambia,,1980,106.334684582956
Gambia,,1979,98.2147696788769
Gambia,,1978,93.5691964285714
Gambia,,1977,84.2526182685557
Gambia,,1976,87.411739122251
Gambia,,1975,88.3231692677071
Gambia,,1974,82.6885295912141
Gambia,,1973,77.48375
Gambia,,1972,74.5288006756757
Gambia,,1971,69.5485589519651
Gambia,,1970,78.7004130335016
Gambia,,1969,91.4845908607864
Gambia,,1968,90.9837900874636
Gambia,,1967,87.7113185530922
Gambia,,1966,79.7479417352755
Georgia,,2024,104.335388114256
Georgia,,2023,107.151179161579
Georgia,,2022,114.695437688718
Georgia,,2021,101.60090754891
Georgia,,2020,92.8910841752194
Georgia,,2019,117.810080239714
Georgia,,2018,109.847740556266
Georgia,,2017,102.584277697146
Georgia,,2016,94.9262528383443
Georgia,,2015,97.0163115086257
Georgia,,2014,94.9506979383393
Georgia,,2013,93.8139137895532
Georgia,,2012,89.7348800946338
Georgia,,2011,85.4659350932986
Georgia,,2010,81.6733870603639
Georgia,,2009,78.1930390303569
Georgia,,2008,86.2982243681487
Georgia,,2007,88.3934140686603
Georgia,,2006,89.125374368197
Georgia,,2005,84.5295975354749
Georgia,,2004,79.0407459055607
Georgia,,2003,77.6333765369391
Georgia,,2002,71.6291255364807
Georgia,,2001,63.3299250824094
Georgia,,2000,62.6613956413099
Georgia,,1999,57.1518743274472
Georgia,,1998,53.5666693215985
Georgia,,1997,57.7530659289995
Georgia,,1996,45.6965490500194
Georgia,,1995,67.8286788091539
Georgia,,1994,166.902615538069
Georgia,,1993,118.638889058298
Georgia,,1992,101.943699731903
Georgia,,1991,59.1623036649215
Georgia,,1990,85.5271949752773
Georgia,,1989,87.7804096419117
Georgia,,1988,88.6041439476554
Georgia,,1987,82.2958430048533
Germany,,2024,80.3446714019595
Germany,,2023,82.7991064495705
Germany,,2022,89.0641273695259
Germany,,2021,80.15661805106
Germany,,2020,72.9932572283324
Germany,,2019,79.1337471144706
Germany,,2018,79.227659692288
Germany,,2017,77.5666369468435
Germany,,2016,75.9845875141969
Germany,,2015,77.791356764377
Germany,,2014,76.8303312709159
Germany,,2013,77.5643815741748
Germany,,2012,79.3004877909427
Germany,,2011,78.4073134605377
Germany,,2010,73.8626407651201
Germany,,2009,66.1152685310257
Germany,,2008,76.1014102128448
Germany,,2007,74.8838416816798
Germany,,2006,72.7591934646234
Germany,,2005,66.9531024934321
Germany,,2004,62.9064909465164
Germany,,2003,58.9145442942507
Germany,,2002,58.3325687248129
Germany,,2001,59.5592863682118
Germany,,2000,59.1955992975405
Germany,,1999,51.519227436406
Germany,,1998,50.1554657792327
Germany,,1997,48.380321068738
Germany,,1996,43.903586095325
Germany,,1995,42.6061486475818
Germany,,1994,41.0957443335763
Germany,,1993,39.7493939704326
Germany,,1992,44.6840440028306
Germany,,1991,47.6354131979568
Germany,,1990,45.6889546847935
Germany,,1989,45.0439093136764
Germany,,1988,42.3646595340436
Germany,,1987,41.5307858013658
Germany,,1986,42.7811833269648
Germany,,1985,47.7335836710439
Germany,,1984,46.0675396820961
Germany,,1983,43.4106902096364
Germany,,1982,44.2197597003201
Germany,,1981,44.0162662404343
Germany,,1980,41.6963442221306
Germany,,1979,39.0764801078976
Germany,,1978,37.0396689635279
Germany,,1977,37.9596069317502
Germany,,1976,38.2248036597616
Germany,,1975,35.770694065614
Germany,,1974,36.8123365227823
Germany,,1973,31.5828194707613
Germany,,1972,30.6162474270584
Germany,,1971,30.7269071881612
Germany,,1970,31.5904531520063
Ghana,,2024,69.352649167378
Ghana,,2023,64.3878615281647
Ghana,,2022,70.1154557958907
Ghana,,2021,62.7078309128346
Ghana,,2020,66.5754987162431
Ghana,,2019,76.824802732152
Ghana,,2018,67.9585174644902
Ghana,,2017,70.5483652904116
Ghana,,2016,67.8769994445865
Ghana,,2015,76.5212709243242
Ghana,,2014,63.8365624430783
Ghana,,2013,60.7593219028775
Ghana,,2012,93.1680351286831
Ghana,,2011,86.2954538549695
Ghana,,2010,75.3778157916824
Ghana,,2009,71.5947385281523
Ghana,,2008,69.5142256111434
Ghana,,2007,65.3543222852532
Ghana,,2006,64.5190542439152
Ghana,,2005,98.1715141146279
Ghana,,2004,99.6703343472122
Ghana,,2003,97.2871457139532
Ghana,,2002,97.4892431746551
Ghana,,2001,110.045854160811
Ghana,,2000,116.048430162968
Ghana,,1999,81.7051040340528
Ghana,,1998,80.5995432469935
Ghana,,1997,85.4018379695892
Ghana,,1996,72.2049441293975
Ghana,,1995,57.4230942889947
Ghana,,1994,62.0211527377522
Ghana,,1993,56.6691201156995
Ghana,,1992,45.9935958613923
Ghana,,1991,42.4883492637987
Ghana,,1990,42.7281781307805
Ghana,,1989,41.0858910510339
Ghana,,1988,42.2454994120982
Ghana,,1987,45.8481233243968
Ghana,,1986,36.7116874888784
Ghana,,1985,24.243837597071
Ghana,,1984,18.8146111228152
Ghana,,1983,11.5448983362132
Ghana,,1982,6.32034331586679
Ghana,,1981,10.0790350563159
Ghana,,1980,17.6211145337441
Ghana,,1979,22.3938771171427
Ghana,,1978,18.0453635757171
Ghana,,1977,22.0460449699901
Ghana,,1976,31.7499233833895
Ghana,,1975,37.8004921446148
Ghana,,1974,40.1287553648069
Ghana,,1973,37.8463296201085
Ghana,,1972,35.9147424511545
Ghana,,1971,36.0
Ghana,,1970,44.0460380699424
Ghana,,1969,40.07996001999
Ghana,,1968,41.1764705882353
Ghana,,1967,37.3670212765958
Ghana,,1966,34.2555994729908
Ghana,,1965,43.8608458390177
Ghana,,1964,43.7702265372168
Ghana,,1963,48.6363636363636
Ghana,,1962,52.6849037487335
Ghana,,1961,62.5806451612903
Ghana,,1960,63.6363636363636
Greece,,2024,89.3165894500404
Greece,,2023,92.1562900262242
Greece,,2022,107.679207902405
Greece,,2021,88.0126627401059
Greece,,2020,70.2937864486395
Greece,,2019,80.590100891173
Greece,,2018,79.2381636063709
Greece,,2017,70.8826066741577
Greece,,2016,63.6576625890375
Greece,,2015,65.2718011391214
Greece,,2014,66.4335682565667
Greece,,2013,62.9547463104465
Greece,,2012,62.3942789758861
Greece,,2011,56.2929962856516
Greece,,2010,50.9225173052303
Greece,,2009,46.3779593986083
Greece,,2008,57.1052836264926
Greece,,2007,54.5256818189044
Greece,,2006,51.1047465834807
Greece,,2005,50.3555334391407
Greece,,2004,49.825317672568
Greece,,2003,47.8943121550822
Greece,,2002,50.0533371904633
Greece,,2001,56.8576339551067
Greece,,2000,59.1126577488086
Greece,,1999,48.1760370261319
Greece,,1998,42.4898959577488
Greece,,1997,39.4385486529083
Greece,,1996,36.8209292630895
Greece,,1995,36.1256353436075
Greece,,1994,35.2202302292147
Greece,,1993,36.0330301689118
Greece,,1992,37.7870755959724
Greece,,1991,37.5415185885243
Greece,,1990,39.0357306279462
Greece,,1989,39.7076913413775
Greece,,1988,38.5985548974711
Greece,,1987,41.2601264583163
Greece,,1986,41.5642782798199
Greece,,1985,39.3349501695826
Greece,,1984,39.849292234659
Greece,,1983,40.1030046026222
Greece,,1982,40.7785028678783
Greece,,1981,46.0059446018014
Greece,,1980,43.4793554991926
Greece,,1979,34.6420569703271
Greece,,1978,32.2880190261144
Greece,,1977,33.7628168225172
Greece,,1976,33.9735741250893
Greece,,1975,34.4031680223774
Greece,,1974,34.5535475231228
Greece,,1973,30.8646346220425
Greece,,1972,24.6211247439018
Greece,,1971,22.6683462129259
Greece,,1970,22.4573900261878
Greece,,1969,22.6276040427119
Greece,,1968,22.9670402425466
Greece,,1967,23.5664542343246
Greece,,1966,24.2945972977104
Greece,,1965,23.945765535259
Greece,,1964,23.6523336983065
Greece,,1963,23.6848583843941
Greece,,1962,22.4734245291982
Greece,,1961,22.9913263932097
Greece,,1960,23.8403575243247
Greenland,,2023,91.8900994375821
Greenland,,2022,93.3651328766632
Greenland,,2021,83.6838572277142
Greenland,,2020,82.6595028892583
Greenland,,2019,92.1907515607492
Greenland,,2018,89.7766906266033
Greenland,,2017,84.2072558673104
Greenland,,2016,85.8376729204278
Greenland,,2015,83.1013810084573
Greenland,,2014,87.0885837878503
Greenland,,2013,95.9116681587586
Greenland,,2012,100.978401084907
Greenland,,2011,130.547942353994
Greenland,,2010,110.472368234124
Greenland,,2009,85.7573657356888
Greenland,,2008,107.37322125158
Greenland,,2007,94.9670539629143
Greenland,,2006,89.6938562419079
Greenland,,2005,99.7079265489358
Greenland,,2004,88.1524357295282
Greenland,,2003,87.2971972810315
Guatemala,,2024,47.3441947106063
Guatemala,,2023,48.2970689182759
Guatemala,,2022,54.4310414653089
Guatemala,,2021,49.2611509459613
Guatemala,,2020,41.1407616494521
Guatemala,,2019,45.5167427491815
Guatemala,,2018,47.011682071395
Guatemala,,2017,46.0694205080637
Guatemala,,2016,46.372737911514
Guatemala,,2015,49.8934532700313
Guatemala,,2014,55.0832793127032
Guatemala,,2013,56.6852212560209
Guatemala,,2012,61.9594193352042
Guatemala,,2011,65.0470510420457
Guatemala,,2010,63.1251925746222
Guatemala,,2009,58.0406869738673
Guatemala,,2008,65.1787305213103
Guatemala,,2007,69.0013643101763
Guatemala,,2006,67.9119237396616
Guatemala,,2005,67.1036996082037
Guatemala,,2004,70.2148723581872
Guatemala,,2003,67.0023391862425
Guatemala,,2002,67.1048115244645
Guatemala,,2001,70.6690331769476
Guatemala,,2000,49.1455879049537
Guatemala,,1999,46.3605068544295
Guatemala,,1998,44.4237399632554
Guatemala,,1997,41.5519511569592
Guatemala,,1996,40.392952957301
Guatemala,,1995,44.6894303422515
Guatemala,,1994,42.3708926972021
Guatemala,,1993,43.7789281525868
Guatemala,,1992,45.3622490673106
Guatemala,,1991,39.5202562231777
Guatemala,,1990,45.8694854703458
Guatemala,,1989,39.7815461505075
Guatemala,,1988,38.0399139851034
Guatemala,,1987,38.1429634270897
Guatemala,,1986,30.6440192534157
Guatemala,,1985,24.9322455919306
Guatemala,,1984,28.1531148030294
Guatemala,,1983,27.5469590034493
Guatemala,,1982,33.4748181762585
Guatemala,,1981,40.6912573677169
Guatemala,,1980,47.1054869458159
Guatemala,,1979,47.1996045779966
Guatemala,,1978,48.7381807815313
Guatemala,,1977,50.7125262033564
Guatemala,,1976,49.1558404161986
Guatemala,,1975,45.2563153130914
Guatemala,,1974,48.0721191862128
Guatemala,,1973,41.0867180022296
Guatemala,,1972,37.4434873649645
Guatemala,,1971,35.9834744054817
Guatemala,,1970,36.3497899159664
Guatemala,,1969,35.2337667735669
Guatemala,,1968,35.1505743557901
Guatemala,,1967,35.7206742346061
Guatemala,,1966,38.0743510462357
Guatemala,,1965,36.3977795101231
Guatemala,,1964,33.4770251310157
Guatemala,,1963,30.218561925879
Guatemala,,1962,25.2098635886674
Guatemala,,1961,25.4481309044424
Guatemala,,1960,27.1751655016448
Guinea,,2024,100.093202546845
Guinea,,2023,95.829526758227
Guinea,,2022,94.1652726931221
Guinea,,2021,115.195532789356
Guinea,,2020,115.765259518929
Guinea,,2019,78.4153132285974
Guinea,,2018,88.984111543709
Guinea,,2017,101.251633768429
Guinea,,2016,111.839467415368
Guinea,,2015,72.4427307469345
Guinea,,2014,76.7719658952305
Guinea,,2013,80.4264477180461
Guinea,,2012,86.6743318322581
Guinea,,2011,85.9546732708386
Guinea,,2010,73.5465739340387
Guinea,,2009,69.8153454158123
Guinea,,2008,64.1842433909581
Guinea,,2007,71.1210322265015
Guinea,,2006,69.3862937148949
Guinea,,2005,47.9377003917167
Guinea,,2004,34.5950959210535
Guinea,,2003,35.0751269891585
Guinea,,2002,38.0284032674396
Guinea,,2001,40.1878781394378
Guinea,,2000,36.6796954912881
Guinea,,1999,32.6958994059117
Guinea,,1998,33.0646236252079
Guinea,,1997,29.0897874940253
Guinea,,1996,29.861424528614
Guinea,,1995,31.3044291693273
Guinea,,1994,33.3418125019301
Guinea,,1993,37.4482435133692
Guinea,,1992,34.9419059949339
Guinea,,1991,41.7787115678445
Guinea,,1990,44.2481030022452
Guinea,,1989,41.7534082655351
Guinea,,1988,39.7422431817903
Guinea,,1987,42.7516661105747
Guinea,,1986,40.5770272469583
Guinea-Bissau,,2024,40.6613217234696
Guinea-Bissau,,2023,41.6110643520817
Guinea-Bissau,,2022,46.2708566194737
Guinea-Bissau,,2021,45.5107846892668
Guinea-Bissau,,2020,43.4304481311735
Guinea-Bissau,,2019,50.1779867067114
Guinea-Bissau,,2018,55.0195890357005
Guinea-Bissau,,2017,56.9137475938811
Guinea-Bissau,,2016,54.3006730474711
Guinea-Bissau,,2015,54.3703755891285
Guinea-Bissau,,2014,46.8696583055238
Guinea-Bissau,,2013,39.9574617805787
Guinea-Bissau,,2012,44.1280665609795
Guinea-Bissau,,2011,48.6174602066373
Guinea-Bissau,,2010,43.5145876385454
Guinea-Bissau,,2009,43.5957474099206
Guinea-Bissau,,2008,45.1388893744724
Guinea-Bissau,,2007,46.2445284700147
Guinea-Bissau,,2006,48.7605033860226
Guinea-Bissau,,2005,45.7842315450716
Guinea-Bissau,,2004,43.192131633446
Guinea-Bissau,,2003,38.0334709318917
Guinea-Bissau,,2002,39.6760635550924
Guinea-Bissau,,2001,47.5832172774612
Guinea-Bissau,,2000,52.7373461180145
Guinea-Bissau,,1999,49.0994892293696
Guinea-Bissau,,1998,43.5009973080258
Guinea-Bissau,,1997,69.4903546403129
Guinea-Bissau,,1996,42.3601714670932
Guinea-Bissau,,1995,46.8104328931542
Guinea-Bissau,,1994,50.7637789858982
Guinea-Bissau,,1993,41.5863006471537
Guinea-Bissau,,1992,55.0143756809514
Guinea-Bissau,,1991,47.7736098789209
Guinea-Bissau,,1990,46.970502719062
Guinea-Bissau,,1989,55.0802352563847
Guinea-Bissau,,1988,63.6090902381545
Guinea-Bissau,,1987,50.3231539365638
Guinea-Bissau,,1986,37.0703241436613
Guinea-Bissau,,1985,67.467524669876
Guinea-Bissau,,1984,64.6826228763546
Guinea-Bissau,,1983,38.2628715160735
Guinea-Bissau,,1982,49.1254313576589
Guinea-Bissau,,1981,46.9117172272515
Guinea-Bissau,,1980,54.5294532731249
Guinea-Bissau,,1979,48.7986596884826
Guinea-Bissau,,1978,43.7877945105241
Guinea-Bissau,,1977,41.9065072655771
Guinea-Bissau,,1976,33.2079182418747
Guinea-Bissau,,1975,31.1316201898574
Guinea-Bissau,,1974,44.2667937755718
Guinea-Bissau,,1973,46.7863189162033
Guinea-Bissau,,1972,39.9857278202757
Guinea-Bissau,,1971,38.4700695532581
Guinea-Bissau,,1970,34.1885886489373
Guyana,,2005,194.350757310172
Guyana,,2004,200.725286901642
Guyana,,2003,189.162485631386
Guyana,,2002,196.72507835983
Guyana,,2001,199.577000730114
Guyana,,2000,206.767370475214
Guyana,,1999,201.05931477536
Guyana,,1998,203.842431497026
Guyana,,1997,209.136671614275
Guyana,,1996,211.337532492477
Guyana,,1995,213.32717044128
Guyana,,1994,222.067842666328
Guyana,,1993,245.369438806576
Guyana,,1992,274.973115932726
Guyana,,1991,222.609089719242
Guyana,,1990,142.566230803686
Guyana,,1989,139.874165917183
Guyana,,1988,131.561143826997
Guyana,,1987,170.330924594794
Guyana,,1986,99.516133618255
Guyana,,1985,109.969230769231
Guyana,,1984,95.5201385736537
Guyana,,1983,110.456403269755
Guyana,,1982,122.863070539419
Guyana,,1981,161.233579288264
Guyana,,1980,174.927049071618
Guyana,,1979,129.032501319659
Guyana,,1978,126.181273171886
Guyana,,1977,141.975637947897
Guyana,,1976,157.081242848341
Guyana,,1975,149.785263157895
Guyana,,1974,134.764847596103
Guyana,,1973,121.076302729529
Guyana,,1972,116.235608209578
Guyana,,1971,113.100514093246
Guyana,,1970,113.461538461538
Guyana,,1969,114.68110709988
Guyana,,1968,113.384113166485
Guyana,,1967,117.234893016694
Guyana,,1966,115.149176954732
Guyana,,1965,112.910344827586
Guyana,,1964,110.631925726265
Guyana,,1963,109.060736807169
Guyana,,1962,101.526032315978
Guyana,,1961,105.053358443189
Guyana,,1960,105.688827964359
Haiti,,2024,22.2478853726107
Haiti,,2023,30.7854236995359
Haiti,,2022,36.529550283828
Haiti,,2021,37.1654017679449
Haiti,,2020,37.4138801252638
Haiti,,2019,44.5687187758294
Haiti,,2018,45.1385763027223
Haiti,,2017,42.0745477868911
Haiti,,2016,41.4109022161974
Haiti,,2015,41.9457381172044
Haiti,,2014,42.3515259071619
Haiti,,2013,40.3325097562551
Haiti,,2012,40.2582414988129
Haiti,,2011,44.1635704019387
Haiti,,2010,44.7215241260457
Haiti,,2009,33.0964998246108
Haiti,,2008,36.1450381454244
Haiti,,2007,34.2825489611293
Haiti,,2006,37.0570704128996
Haiti,,2005,34.9651045038228
Haiti,,2004,33.7809703531059
Haiti,,2003,37.1973434444641
Haiti,,2002,24.9396784759828
Haiti,,2001,27.569933019116
Haiti,,2000,27.1535220636918
Haiti,,1999,41.9484795102088
Haiti,,1998,36.5207867041288
Haiti,,1997,36.8940488093915
Haiti,,1996,40.223379852938
Haiti,,1995,37.8478190633142
Haiti,,1994,31.1336399762195
Haiti,,1993,48.7522666436404
Haiti,,1992,32.5376884422111
Haiti,,1991,39.8074901808928
Haiti,,1990,46.4148543201609
Haiti,,1989,40.5631325688157
Haiti,,1988,48.7783590573386
Honduras,,2024,91.1101585856976
Honduras,,2023,98.7919798336365
Honduras,,2022,112.698524913966
Honduras,,2021,103.372643459918
Honduras,,2020,88.0008563836292
Honduras,,2019,99.4599779937589
Honduras,,2018,103.551162215452
Honduras,,2017,101.813111079622
Honduras,,2016,99.8157169505924
Honduras,,2015,107.26440535424
Honduras,,2014,112.97509728471
Honduras,,2013,116.306049247436
Honduras,,2012,121.188215808285
Honduras,,2011,122.216902597337
Honduras,,2010,109.441838241682
Honduras,,2009,96.9050060188904
Honduras,,2008,135.748955193053
Honduras,,2007,135.070634917917
Honduras,,2006,133.13183510432
Honduras,,2005,136.489768018486
Honduras,,2004,135.461758741854
Honduras,,2003,122.248277175534
Honduras,,2002,117.997454450299
Honduras,,2001,115.943071737954
Honduras,,2000,120.392164584236
Honduras,,1999,120.126089120866
Honduras,,1998,122.050468203298
Honduras,,1997,118.848359042336
Honduras,,1996,115.450847627509
Honduras,,1995,102.44888237349
Honduras,,1994,100.317825260921
Honduras,,1993,84.3524824413614
Honduras,,1992,76.2562502551051
Honduras,,1991,74.6467338003379
Honduras,,1990,71.0080682830329
Honduras,,1989,63.7773410597996
Honduras,,1988,55.2453087603592
Honduras,,1987,48.7195682211924
Honduras,,1986,54.7031177925274
Honduras,,1985,56.5345450310218
Honduras,,1984,58.2375958412143
Honduras,,1983,56.6668071943758
Honduras,,1982,55.3102230994512
Honduras,,1981,72.1147932653908
Honduras,,1980,78.3957274766634
Honduras,,1979,74.6979948986573
Honduras,,1978,70.8933159749615
Honduras,,1977,74.0940483406424
Honduras,,1976,71.8842756633633
Honduras,,1975,70.3736654804271
Honduras,,1974,76.2203963267279
Honduras,,1973,65.3150720720587
Honduras,,1972,57.4719836532991
Honduras,,1971,60.1915184678523
Honduras,,1970,62.0193637621024
Honduras,,1969,58.8473009844835
Honduras,,1968,62.0284477427335
Honduras,,1967,59.070389566962
Honduras,,1966,58.6962451131921
Honduras,,1965,54.0843409023887
Honduras,,1964,47.2210065645514
Honduras,,1963,46.8064358849342
Honduras,,1962,44.5647969052224
Honduras,,1961,44.2448062886019
Honduras,,1960,44.4212721584984
Hungary,,2024,143.777510999493
Hungary,,2023,157.10677596052
Hungary,,2022,183.808014139622
Hungary,,2021,158.729782791959
Hungary,,2020,154.295498794188
Hungary,,2019,159.925556464831
Hungary,,2018,162.700858777925
Hungary,,2017,165.032855840268
Hungary,,2016,163.97194450015
Hungary,,2015,167.290738494524
Hungary,,2014,168.358355086413
Hungary,,2013,164.476024791467
Hungary,,2012,166.17569860957
Hungary,,2011,166.754347209897
Hungary,,2010,157.838960085896
Hungary,,2009,145.30587733019
Hungary,,2008,158.453224115619
Hungary,,2007,155.60143236807
Hungary,,2006,149.231531568461
Hungary,,2005,128.004810647538
Hungary,,2004,123.615686104174
Hungary,,2003,116.787088540862
Hungary,,2002,118.269335242555
Hungary,,2001,130.903714236387
Hungary,,2000,137.26231309347
Hungary,,1999,113.869532830977
Hungary,,1998,107.319335097669
Hungary,,1997,94.6879101466758
Hungary,,1996,83.021980635108
Hungary,,1995,78.1758915933919
Hungary,,1994,56.3059945915153
Hungary,,1993,53.4135360713045
Hungary,,1992,55.2935236018396
Hungary,,1991,58.2052641583218
Iceland,,2024,84.3218712788482
Iceland,,2023,86.7298838954652
Iceland,,2022,92.0771911313757
Iceland,,2021,76.6527676301274
Iceland,,2020,67.9750756256744
Iceland,,2019,82.8627457813882
Iceland,,2018,88.6369069643521
Iceland,,2017,86.9789469759093
Iceland,,2016,88.3330236353413
Iceland,,2015,95.8182079086458
Iceland,,2014,96.6655918887019
Iceland,,2013,98.7895236023721
Iceland,,2012,104.085475471704
Iceland,,2011,101.408701748757
Iceland,,2010,93.6463981817789
Iceland,,2009,89.3947432104364
Iceland,,2008,82.6880266963066
Iceland,,2007,74.6709135585578
Iceland,,2006,77.5361532018636
Iceland,,2005,72.4506153719683
Iceland,,2004,70.4319020602726
Iceland,,2003,68.1992117488105
Iceland,,2002,69.4320112878179
Iceland,,2001,74.7346556223368
Iceland,,2000,71.139007768483
Iceland,,1999,69.4300415579436
Iceland,,1998,71.8826631435512
Iceland,,1997,70.6057858293811
Iceland,,1996,71.1051549902842
Iceland,,1995,66.5482235225281
Iceland,,1994,65.5008784042907
Iceland,,1993,61.5581733005549
Iceland,,1992,59.8793998648287
Iceland,,1991,62.9979896333292
Iceland,,1990,65.110850561994
Iceland,,1989,63.9466961782651
Iceland,,1988,63.5628612027891
Iceland,,1987,68.679669224073
Iceland,,1986,72.3437181640755
Iceland,,1985,79.2605582945096
Iceland,,1984,75.0533542275924
Iceland,,1983,76.1890492950988
Iceland,,1982,68.1691677576661
Iceland,,1981,69.7730678741223
Iceland,,1980,70.0345324824843
Iceland,,1979,73.7347945754448
Iceland,,1978,69.1431569623361
Iceland,,1977,65.7340447379841
Iceland,,1976,67.7846070784699
Iceland,,1975,73.9474844001966
Iceland,,1974,71.5774814732642
Iceland,,1973,72.1994393064084
Iceland,,1972,70.8671298663971
Iceland,,1971,80.2302732523935
Iceland,,1970,87.0692556634304
India,,2024,44.6710926352422
India,,2023,44.9928422877561
India,,2022,50.0752701498882
India,,2021,45.4230887840446
India,,2020,37.7581053292768
India,,2019,39.9054035306442
India,,2018,43.6169693323889
India,,2017,40.7424969545225
India,,2016,40.082485713276
India,,2015,41.9229138658647
India,,2014,48.9221857470669
India,,2013,53.8441319466777
India,,2012,55.7937217287511
India,,2011,55.6238800135298
India,,2010,49.2552064974161
India,,2009,46.2728696428837
India,,2008,53.3682204392226
India,,2007,45.686268679348
India,,2006,45.7244804992652
India,,2005,42.0016696148691
India,,2004,37.503814059447
India,,2003,30.592436132908
India,,2002,29.5086629350614
India,,2001,25.9932547534365
India,,2000,26.9009229104474
India,,1999,24.8155980442929
India,,1998,23.6994700790647
India,,1997,22.6193868670479
India,,1996,21.9294878713867
India,,1995,22.8674487062499
India,,1994,20.0781443769255
India,,1993,19.6515397864684
India,,1992,18.433099041828
India,,1991,16.9877265511351
India,,1990,15.5062615101965
India,,1989,15.1681320906695
India,,1988,13.4904501163017
India,,1987,12.5848140356758
India,,1986,12.2192718993726
India,,1985,12.9000361941487
India,,1984,14.0093759441289
India,,1983,13.6905938868802
India,,1982,14.1259277495475
India,,1981,14.5072647616204
India,,1980,15.3845768485061
India,,1979,14.9188045313762
India,,1978,12.9030118424849
India,,1977,12.6481011375529
India,,1976,12.8012030726837
India,,1975,12.2939782139853
India,,1974,10.8518902537234
India,,1973,8.93209601877255
India,,1972,7.73639959724787
India,,1971,7.66960655842499
India,,1970,7.66176933794548
India,,1969,7.744776643449
India,,1968,8.98174447557988
India,,1967,9.98106266810607
India,,1966,10.8142375112067
India,,1965,8.51903436951768
India,,1964,9.41054892008962
India,,1963,10.1873378430933
India,,1962,10.2007901792472
India,,1961,10.2611625948092
India,,1960,11.2968331123897
Indonesia,,2024,42.572647301834
Indonesia,,2023,41.3362868707652
Indonesia,,2022,45.4646701959453
Indonesia,,2021,40.2047582749671
Indonesia,,2020,32.9721754002427
Indonesia,,2019,37.6277775357108
Indonesia,,2018,43.0743089552002
Indonesia,,2017,39.3554970704606
Indonesia,,2016,37.4213418023318
Indonesia,,2015,41.9376402415294
Indonesia,,2014,48.0801755855227
Indonesia,,2013,48.6373726752893
Indonesia,,2012,49.5828982992627
Indonesia,,2011,50.1800131841104
Indonesia,,2010,46.7012738758737
Indonesia,,2009,45.5121213687054
Indonesia,,2008,58.5613996312961
Indonesia,,2007,54.8292499782075
Indonesia,,2006,56.6571268148867
Indonesia,,2005,63.9879358688635
Indonesia,,2004,59.761294836691
Indonesia,,2003,53.6164937473016
Indonesia,,2002,59.0794617663723
Indonesia,,2001,69.7932075256238
Indonesia,,2000,71.4368759173731
Indonesia,,1999,62.9439128601924
Indonesia,,1998,96.1861923602686
Indonesia,,1997,55.9938588086777
Indonesia,,1996,52.264743657148
Indonesia,,1995,53.9585900635426
Indonesia,,1994,51.877101049475
Indonesia,,1993,50.5233858882307
Indonesia,,1992,57.4274341101528
Indonesia,,1991,54.8395648805761
Indonesia,,1990,52.8918614376893
Indonesia,,1989,49.0818836891175
Indonesia,,1988,47.2545614222743
Indonesia,,1987,46.9742478782921
Indonesia,,1986,41.0095381677863
Indonesia,,1985,44.7183723110447
Indonesia,,1984,50.1106199773017
Indonesia,,1983,56.5592366644233
Indonesia,,1982,48.6762274326459
Indonesia,,1981,53.1773002387695
Indonesia,,1980,52.6540464774445
Indonesia,,1979,53.6555359183648
Indonesia,,1978,42.7147630352589
Indonesia,,1977,43.5701999400338
Indonesia,,1976,43.0065883478699
Indonesia,,1975,44.5212576626458
Indonesia,,1974,50.4183787822189
Indonesia,,1973,39.5341605709717
Indonesia,,1972,35.4119193689746
Indonesia,,1971,31.062091503268
Indonesia,,1970,28.6826347305389
Indonesia,,1969,23.841059602649
Indonesia,,1968,26.4463204082606
Indonesia,,1967,25.6428402925218
Indonesia,,1966,34.8528015194682
Indonesia,,1965,11.0122311261071
Indonesia,,1964,25.3171654867877
Indonesia,,1963,18.4181002243829
Indonesia,,1962,10.5610066661673
Indonesia,,1961,24.6756009359711
Indonesia,,1960,24.0902101486417
Iran,,2024,49.7148940108761
Iran,,2023,52.180175847114
Iran,,2022,51.597506811024
Iran,,2021,44.3738340508665
Iran,,2020,43.8101646870977
Iran,,2019,50.7543343501077
Iran,,2018,58.5650897152156
Iran,,2017,44.7448707659087
Iran,,2016,40.3878469208426
Iran,,2015,39.42258866118
Iran,,2014,45.3514201413161
Iran,,2013,47.0867179194755
Iran,,2012,44.0893466807452
Iran,,2011,41.2194147918578
Iran,,2010,43.7706437373524
Iran,,2009,43.6995802244165
Iran,,2008,48.2294027737655
Iran,,2007,49.8873069219141
Iran,,2006,53.1673587139261
Iran,,2005,54.4404952626169
Iran,,2004,51.3138573270476
Iran,,2003,50.6791057749094
Iran,,2002,48.1726865518116
Iran,,2001,40.53556648018
Iran,,2000,41.2572474648948
Iran,,1999,34.8854141344906
Iran,,1998,29.2282196462168
Iran,,1997,32.6495581114856
Iran,,1996,35.2212991555121
Iran,,1995,35.1442449152739
Iran,,1994,41.6091363982696
Iran,,1993,46.0408643249331
Iran,,1992,40.3979272520989
Iran,,1991,44.1941716483403
Iran,,1990,37.0805676988109
Iran,,1989,27.9350257079064
Iran,,1988,21.5839788397346
Iran,,1987,17.8848531376822
Iran,,1986,14.1448539041307
Iran,,1985,23.1723911405487
Iran,,1984,27.9341376101757
Iran,,1983,38.7301135168778
Iran,,1982,38.0635168781948
Iran,,1981,40.3131061355558
Iran,,1980,42.4826738676348
Iran,,1979,42.8058267760622
Iran,,1978,45.6945656371976
Iran,,1977,59.8880783648982
Iran,,1976,65.4350811254258
Iran,,1975,76.115623426707
Iran,,1974,71.4046881059517
Iran,,1973,54.0978869207947
Iran,,1972,44.4534498683932
Iran,,1971,44.4280295106169
Iran,,1970,39.6670145482826
Iran,,1969,39.0781431689879
Iran,,1968,37.9919397932944
Iran,,1967,36.9554383860532
Iran,,1966,33.9069788698574
Iran,,1965,32.6260355704165
Iran,,1964,32.7286498119029
Iran,,1963,27.7909132791448
Iran,,1962,28.1759999579886
Iran,,1961,29.5952435187685
Iran,,1960,31.2375416706397
Iraq,,2024,74.736423307526
Iraq,,2023,69.4613207990167
Iraq,,2022,68.75879409409
Iraq,,2021,61.5032683117218
Iraq,,2020,57.742316395146
Iraq,,2019,68.9899384202806
Iraq,,2018,65.8017917701083
Iraq,,2017,59.7809123923157
Iraq,,2016,54.588320188677
Iraq,,2015,69.5917685983115
Iraq,,2014,68.9824868569036
Iraq,,2013,67.4100184095672
Iraq,,2012,73.6086845912812
Iraq,,2011,72.1713282233655
Iraq,,2010,73.4974796202443
Iraq,,2009,78.6873788189898
Iraq,,2008,81.0555432665835
Iraq,,2007,74.092853105498
Iraq,,2006,89.6505198581778
Iraq,,2005,115.742540308642
Iraq,,2004,120.233977121676
Iraq,,2003,154.234525288266
Iraq,,2002,119.762047746987
Iraq,,2001,126.780255976775
Iraq,,2000,125.336595640904
Iraq,,1999,138.314601242921
Iraq,,1998,132.243160520961
Iraq,,1997,106.188169939941
Iraq,,1996,0.0268884829090311
Iraq,,1995,0.0209992321838355
Iraq,,1994,0.0995823619218853
Iraq,,1993,0.544696684469833
Iraq,,1992,1.9211456331597
Iraq,,1991,3.79114096995166
Iraq,,1990,15.1262818163125
Iraq,,1989,44.83508837264
Iraq,,1988,42.4995625816943
Iraq,,1987,49.3494318181818
Iraq,,1986,42.9388479388479
Iraq,,1985,54.9614303414647
Iraq,,1984,55.3278491364795
Iraq,,1983,57.552491878615
Iraq,,1982,92.7894484337027
Iraq,,1981,93.9119935841507
Iraq,,1980,95.049680737063
Iraq,,1979,93.6170212765958
Iraq,,1978,88.3269203363261
Iraq,,1977,97.0315113857499
Iraq,,1976,93.2824718672516
Iraq,,1975,94.9022469365675
Iraq,,1974,92.6137198976741
Iraq,,1973,70.9362139917695
Iraq,,1972,58.4081781672143
Iraq,,1971,66.6495901639344
Iraq,,1970,57.5219728645789
Ireland,,2024,252.96292526246
Ireland,,2023,237.215881337618
Ireland,,2022,232.129490581307
Ireland,,2021,224.418835854724
Ireland,,2020,250.10845231469
Ireland,,2019,249.745765682248
Ireland,,2018,216.423647734722
Ireland,,2017,225.953602553095
Ireland,,2016,229.764433064961
Ireland,,2015,216.205677349797
Ireland,,2014,201.6549599218
Ireland,,2013,189.817861757825
Ireland,,2012,190.063317884557
Ireland,,2011,186.025845166548
Ireland,,2010,189.863837690715
Ireland,,2009,173.591493317409
Ireland,,2008,160.039444160284
Ireland,,2007,153.396863813395
Ireland,,2006,150.021804736753
Ireland,,2005,148.17558480428
Ireland,,2004,146.587525808196
Ireland,,2003,146.531500811248
Ireland,,2002,163.719354360002
Ireland,,2001,174.84073239778
Ireland,,2000,174.954555860946
Ireland,,1999,159.871032955767
Ireland,,1998,157.772416676027
Ireland,,1997,142.269496909751
Ireland,,1996,138.868162364739
Ireland,,1995,136.103149926386
Ireland,,1994,126.488924086211
Ireland,,1993,116.602702293344
Ireland,,1992,109.54546995765
Ireland,,1991,106.440231562401
Ireland,,1990,105.029447108304
Ireland,,1989,112.465336484298
Ireland,,1988,105.218432008172
Ireland,,1987,100.744218134132
Ireland,,1986,97.1254844515995
Ireland,,1985,107.761370348494
Ireland,,1984,108.30546843263
Ireland,,1983,97.7364827875212
Ireland,,1982,93.9696579854112
Ireland,,1981,100.974586355938
Ireland,,1980,102.303118023515
Ireland,,1979,105.299158008379
Ireland,,1978,99.7121929982186
Ireland,,1977,97.999857590691
Ireland,,1976,91.2384446522947
Ireland,,1975,83.0466964968351
Ireland,,1974,90.676683489613
Ireland,,1973,75.235642007772
Ireland,,1972,67.6291724235407
Ireland,,1971,72.2038426969925
Ireland,,1970,74.4260445647122
Israel,,2024,54.4520002969727
Israel,,2023,57.9903207136983
Israel,,2022,60.6448526742952
Israel,,2021,54.9016842006986
Israel,,2020,51.2366737920366
Israel,,2019,56.325348642584
Israel,,2018,58.7437542387448
Israel,,2017,56.2801142540924
Israel,,2016,57.7990316850783
Israel,,2015,58.897971915566
Israel,,2014,61.7133541160002
Israel,,2013,64.1340511293501
Israel,,2012,69.9650250827043
Israel,,2011,68.9094378497374
Israel,,2010,65.6330798689153
Israel,,2009,61.67564796397
Israel,,2008,75.380922305658
Israel,,2007,78.8371062996628
Israel,,2006,78.4352889718463
Israel,,2005,78.3242613769325
Israel,,2004,74.9731995265147
Israel,,2003,66.8817503698504
Israel,,2002,65.4711054145982
Israel,,2001,62.139584755155
Israel,,2000,68.3468590369834
Israel,,1999,64.7395856251294
Israel,,1998,56.9044666793177
Israel,,1997,57.5674452599649
Israel,,1996,58.1311357730736
Israel,,1995,59.3894071749673
Israel,,1994,59.7877596777587
Israel,,1993,60.0140704374175
Israel,,1992,54.9072515488719
Israel,,1991,55.7180811923951
Israel,,1990,60.8974222016244
Israel,,1989,62.8993141951629
Israel,,1988,60.2518467572641
Israel,,1987,69.0354938988822
Israel,,1986,66.3079343492131
Israel,,1985,75.6682769347529
Israel,,1984,70.2762799363961
Israel,,1983,63.561932519385
Israel,,1982,69.2655254682641
Israel,,1981,79.3343459435795
Israel,,1980,79.974793479581
Israel,,1979,79.2118757689459
Israel,,1978,85.9791259505038
Israel,,1977,70.4492510013177
Israel,,1976,67.3321298604216
Israel,,1975,66.5664406590909
Israel,,1974,61.2166802364153
Israel,,1973,64.7128917865839
Israel,,1972,55.949772917246
Israel,,1971,58.9858071065538
Israel,,1970,58.2804644747422
Italy,,2024,63.1760890612347
Italy,,2023,65.6408634740709
Italy,,2022,72.0165023032697
Italy,,2021,60.3019776202798
Italy,,2020,53.9394839042764
Italy,,2019,58.6941902594738
Italy,,2018,59.2749835128154
Italy,,2017,57.5829940274911
Italy,,2016,54.4321467018313
Italy,,2015,55.4356858148221
Italy,,2014,54.4545299332032
Italy,,2013,54.0341846317499
Italy,,2012,54.8844952702204
Italy,,2011,54.4722149449288
Italy,,2010,51.6621118138339
Italy,,2009,45.1414765721604
Italy,,2008,54.2142548956671
Italy,,2007,54.8280415572531
Italy,,2006,52.9235429597012
Italy,,2005,49.1221742288618
Italy,,2004,47.2663923891771
Italy,,2003,45.9940859777074
Italy,,2002,47.8713186791542
Italy,,2001,49.8632723203495
Italy,,2000,50.2747311455639
Italy,,1999,44.5298402267013
Italy,,1998,44.997874273345
Italy,,1997,44.4771651978702
Italy,,1996,42.8020490474117
Italy,,1995,45.5795026636995
Italy,,1994,40.3620026081266
Italy,,1993,37.6724019624473
Italy,,1992,34.8334276236699
Italy,,1991,33.8005339555877
Italy,,1990,36.2382276733087
Italy,,1989,36.967566605846
Italy,,1988,35.0303636931745
Italy,,1987,35.4808325109317
Italy,,1986,36.0801894012968
Italy,,1985,42.539111003159
Italy,,1984,42.3380867149025
Italy,,1983,40.0972777577362
Italy,,1982,43.4082419852183
Italy,,1981,45.1779120778045
Italy,,1980,42.8738408491883
Italy,,1979,43.6099072426685
Italy,,1978,41.1732919288899
Italy,,1977,41.7134160400496
Italy,,1976,41.0974307543282
Italy,,1975,37.3144454322672
Italy,,1974,40.7090687382642
Italy,,1973,33.9863350341926
Italy,,1972,31.749631565923
Italy,,1971,30.3261935207482
Italy,,1970,30.0296336389733
Jamaica,,2019,90.1106076335994
Jamaica,,2018,89.9779060412351
Jamaica,,2017,83.523172517513
Jamaica,,2016,76.455202373685
Jamaica,,2015,76.1175216623476
Jamaica,,2014,84.74099862313
Jamaica,,2013,83.2595719840011
Jamaica,,2012,82.0400783486515
Jamaica,,2011,83.8218202275808
Jamaica,,2010,80.920400318881
Jamaica,,2009,86.8851243338837
Jamaica,,2008,113.577403844226
Jamaica,,2007,101.244422062437
Jamaica,,2006,100.745598824993
Jamaica,,2005,90.4878933449097
Jamaica,,2004,89.3181040726816
Jamaica,,2003,88.1506308424088
Jamaica,,2002,81.846755427102
Jamaica,,2001,84.8277345994425
Jamaica,,2000,89.5130060528716
Jamaica,,1999,84.2317468917696
Jamaica,,1998,84.4749853660967
Jamaica,,1997,88.9848318252583
Jamaica,,1996,97.7242419605186
Jamaica,,1995,107.651807499957
Jamaica,,1994,111.406683924325
Jamaica,,1993,82.8421331840085
Jamaica,,1992,125.494326721559
Jamaica,,1991,101.598788796013
Jamaica,,1990,99.9401719360276
Jamaica,,1989,96.0102804247623
Jamaica,,1988,91.417472350161
Jamaica,,1987,92.8692278834288
Jamaica,,1986,94.729508442151
Jamaica,,1985,121.555035537718
Jamaica,,1984,117.188653463454
Jamaica,,1983,78.7236146724874
Jamaica,,1982,86.6833653190378
Jamaica,,1981,102.996099417739
Jamaica,,1980,102.107640736628
Jamaica,,1979,100.439283127322
Jamaica,,1978,77.8830181975968
Jamaica,,1977,58.1491405121058
Jamaica,,1976,66.9374004946373
Jamaica,,1975,80.8760221841264
Jamaica,,1974,81.5811411633938
Jamaica,,1973,72.6786441072155
Jamaica,,1972,73.8447640886665
Jamaica,,1971,74.7582657517155
Jamaica,,1970,70.6475372157472
Jamaica,,1969,80.2155736879218
Jamaica,,1968,78.9083259521701
Jamaica,,1967,72.8530190040895
Jamaica,,1966,73.3214194536635
Jamaica,,1965,70.1468894009217
Jamaica,,1964,72.4350491212556
Jamaica,,1963,68.2050109651908
Jamaica,,1962,67.9386340725807
Jamaica,,1961,68.2947201754764
Jamaica,,1960,71.2929616553639
Japan,,2023,45.1508795641248
Japan,,2022,46.8129868368938
Japan,,2021,36.7384462280698
Japan,,2020,31.335208636773
Japan,,2019,35.2164181084145
Japan,,2018,36.609931802107
Japan,,2017,34.4232135721686
Japan,,2016,31.3102468455884
Japan,,2015,35.4274083544798
Japan,,2014,37.4314345686579
Japan,,2013,33.9787686509511
Japan,,2012,30.4709109171752
Japan,,2011,30.1949607286296
Japan,,2010,28.4984726938389
Japan,,2009,24.3901665338555
Japan,,2008,34.1294765412245
Japan,,2007,32.816578051879
Japan,,2006,30.0163760986692
Japan,,2005,26.2299545778565
Japan,,2004,23.6643534228975
Japan,,2003,21.3261252678119
Japan,,2002,20.4471220661583
Japan,,2001,19.5596044720071
Japan,,2000,19.5623715839054
Japan,,1999,18.1256307166911
Japan,,1998,19.0031862223377
Japan,,1997,19.7835176233669
Japan,,1996,18.2538682255522
Japan,,1995,16.3901049340172
Japan,,1994,15.8103062322757
Japan,,1993,15.7233391305175
Japan,,1992,17.018068824019
Japan,,1991,17.7594512543168
Japan,,1990,19.3357137329228
Japan,,1989,18.5415137410981
Japan,,1988,16.8885147524671
Japan,,1987,16.7887846160853
Japan,,1986,17.7990915149376
Japan,,1985,24.1112612306927
Japan,,1984,25.803500930353
Japan,,1983,24.5171928157615
Japan,,1982,26.7229126893106
Japan,,1981,27.046831592781
Japan,,1980,26.6493645048206
Japan,,1979,22.6524277208331
Japan,,1978,19.3082416556354
Japan,,1977,23.1271358805034
Japan,,1976,24.7882584527902
Japan,,1975,24.0754388528729
Japan,,1974,26.3328277114901
Japan,,1973,18.8881828084114
Japan,,1972,17.7597079538685
Japan,,1971,19.4949979621367
Japan,,1970,19.1505027658982
Jordan,,2024,99.6794477365724
Jordan,,2023,100.347868752034
Jordan,,2022,104.095459439189
Jordan,,2021,80.3328699444404
Jordan,,2020,66.0599488089059
Jordan,,2019,85.6878334964204
Jordan,,2018,87.6359151906857
Jordan,,2017,89.7316005071358
Jordan,,2016,88.7207178954687
Jordan,,2015,95.3579122266791
Jordan,,2014,109.938805535022
Jordan,,2013,111.451527997628
Jordan,,2012,117.855587685189
Jordan,,2011,118.699679501801
Jordan,,2010,114.222677694125
Jordan,,2009,112.151998187109
Jordan,,2008,140.91292596092
Jordan,,2007,145.994246288526
Jordan,,2006,141.747381831126
Jordan,,2005,146.908891279018
Jordan,,2004,134.621611934395
Jordan,,2003,115.706835253918
Jordan,,2002,114.03885781572
Jordan,,2001,109.285478573786
Jordan,,2000,110.328904595996
Jordan,,1999,104.470373639306
Jordan,,1998,109.052402937716
Jordan,,1997,120.737112880307
Jordan,,1996,131.059123299943
Jordan,,1995,124.582688188008
Jordan,,1994,118.336176072338
Jordan,,1993,130.485233240655
Jordan,,1992,131.644698648349
Jordan,,1991,137.261663286004
Jordan,,1990,149.4476838941
Jordan,,1989,130.44733044733
Jordan,,1988,108.124787197821
Jordan,,1987,90.7814754886955
Jordan,,1986,81.83887525106
Jordan,,1985,115.91393484218
Jordan,,1984,118.625962193015
Jordan,,1983,117.138699205194
Jordan,,1982,134.894854857281
Jordan,,1981,142.185558470247
Jordan,,1980,125.693192548717
Jordan,,1979,121.465648854962
Jordan,,1978,113.29058217025
Jordan,,1977,116.034183082271
Jordan,,1976,112.165021156559
Kazakhstan,,2023,61.9623843329588
Kazakhstan,,2022,68.3343147415612
Kazakhstan,,2021,58.6686085779207
Kazakhstan,,2020,57.0264423660931
Kazakhstan,,2019,64.8586165517565
Kazakhstan,,2018,63.5279565118188
Kazakhstan,,2017,56.825387935971
Kazakhstan,,2016,60.3115965864153
Kazakhstan,,2015,53.0497288072652
Kazakhstan,,2014,64.9720346513507
Kazakhstan,,2013,65.4076093299538
Kazakhstan,,2012,73.7237324891671
Kazakhstan,,2011,73.1178570509129
Kazakhstan,,2010,74.1382658957842
Kazakhstan,,2009,75.7660674636533
Kazakhstan,,2008,94.2948046483658
Kazakhstan,,2007,92.1616330969975
Kazakhstan,,2006,91.4535267973373
Kazakhstan,,2005,97.7625030243024
Kazakhstan,,2004,96.4091997009336
Kazakhstan,,2003,91.4633324250457
Kazakhstan,,2002,94.03168564978
Kazakhstan,,2001,92.8490685069707
Kazakhstan,,2000,105.699692634521
Kazakhstan,,1999,82.579151355772
Kazakhstan,,1998,65.2041827454395
Kazakhstan,,1997,72.3595506961877
Kazakhstan,,1996,71.2735732877076
Kazakhstan,,1995,82.522407044045
Kazakhstan,,1994,84.1817390088715
Kazakhstan,,1993,84.634521855277
Kazakhstan,,1992,149.336641791045
Kenya,,2024,30.2932981264267
Kenya,,2023,32.0920792814469
Kenya,,2022,33.6911387270322
Kenya,,2021,30.8243031771262
Kenya,,2020,27.2378155252369
Kenya,,2019,31.759461841481
Kenya,,2018,34.4147531767425
Kenya,,2017,35.9950578754074
Kenya,,2016,34.8650195731824
Kenya,,2015,40.3273846919019
Kenya,,2014,46.170489362216
Kenya,,2013,47.4646425127304
Kenya,,2012,51.6236920232481
Kenya,,2011,58.4022059745625
Kenya,,2010,50.3942873502834
Kenya,,2009,45.9451918127805
Kenya,,2008,57.5785986473131
Kenya,,2007,53.8947888046059
Kenya,,2006,55.2364851257303
Kenya,,2005,64.4788661639796
Kenya,,2004,59.4770033484289
Kenya,,2003,54.132265895729
Kenya,,2002,55.1726722640053
Kenya,,2001,55.9468360286644
Kenya,,2000,53.3090443862273
Kenya,,1999,48.1922749889095
Kenya,,1998,48.8972419400753
Kenya,,1997,54.0571168602893
Kenya,,1996,57.3121107038102
Kenya,,1995,71.7457416403035
Kenya,,1994,71.2661252293107
Kenya,,1993,72.8584813635643
Kenya,,1992,52.9308701038286
Kenya,,1991,55.5976992243654
Kenya,,1990,57.0209136817269
Kenya,,1989,53.156377223318
Kenya,,1988,49.9749820917703
Kenya,,1987,47.7027680056848
Kenya,,1986,55.7413855927369
Kenya,,1985,55.4454345531665
Kenya,,1984,58.8038975780625
Kenya,,1983,54.1627053907292
Kenya,,1982,58.2157371476402
Kenya,,1981,64.2801857585139
Kenya,,1980,65.4167959407607
Kenya,,1979,57.3641747489486
Kenya,,1978,67.623540661453
Kenya,,1977,66.5519651594172
Kenya,,1976,64.206108970831
Kenya,,1975,64.3352678198379
Kenya,,1974,74.5734043556142
Kenya,,1973,56.0628486849596
Kenya,,1972,55.3149083178315
Kenya,,1971,63.828463016028
Kenya,,1970,60.4896448154228
Kenya,,1969,57.6173562446002
Kenya,,1968,58.6981709840271
Kenya,,1967,57.8373466606088
Kenya,,1966,63.2844357676802
Kenya,,1965,62.0931711821468
Kenya,,1964,62.6016440907098
Kenya,,1963,60.9957123202273
Kenya,,1962,62.1629631488411
Kenya,,1961,63.8471214284396
Kenya,,1960,64.7658510634232
Kiribati,,2024,101.150870820527
Kiribati,,2023,107.586938803791
Kiribati,,2022,108.143660536647
Kiribati,,2021,74.5182495780663
Kiribati,,2020,76.7089561131334
Kiribati,,2019,96.5903107369709
Kiribati,,2018,81.1175388701484
Kiribati,,2017,100.561246964827
Kiribati,,2016,111.269790749303
Kiribati,,2015,109.889098401931
Kiribati,,2014,104.187967755713
Kiribati,,2013,96.7814166724492
Kiribati,,2012,96.1286959983954
Kiribati,,2011,93.4314038207066
Kiribati,,2010,85.6972657116246
Kiribati,,2009,97.6360608655351
Kiribati,,2008,95.4419286649569
Kiribati,,2007,96.159058729974
Kiribati,,2006,94.0468138646475
Kiribati,,2005,123.594268587865
Kiribati,,2004,101.359702114731
Kiribati,,2003,103.928965237073
Kiribati,,2002,125.625496108186
Kiribati,,2001,110.784733057905
Kiribati,,2000,94.1665241313018
Kiribati,,1999,100.617113467609
Kiribati,,1998,85.0146347190889
Kiribati,,1997,93.8161911468459
Kiribati,,1996,86.6836326396114
Kiribati,,1995,101.957881450808
Kiribati,,1994,82.9457558741754
Kiribati,,1993,98.1598665663915
Kiribati,,1992,111.772658653571
Kiribati,,1991,134.208841575688
Kiribati,,1990,151.071702815406
Kiribati,,1989,130.515095044413
Kiribati,,1988,122.036005334661
Kiribati,,1987,159.219499957702
Kiribati,,1986,91.5681710361609
Kiribati,,1985,92.8657576372184
Kiribati,,1984,112.254846118291
Kiribati,,1983,107.346589705408
Kiribati,,1982,115.387529121387
Kiribati,,1981,122.872260198374
Kiribati,,1980,113.303096205351
Kiribati,,1979,149.463887948425
Kiribati,,1978,125.013943329043
Kiribati,,1977,116.231585389688
Kiribati,,1976,113.885738182653
Kiribati,,1975,117.980488835168
Kiribati,,1974,115.244938376848
Kiribati,,1973,113.638077756789
Kiribati,,1972,103.249433827389
South Korea,,2023,87.9396791903733
South Korea,,2022,96.5364092886865
South Korea,,2021,80.1994569268269
South Korea,,2020,69.0340450909562
South Korea,,2019,75.757138965219
South Korea,,2018,78.9888655134363
South Korea,,2017,77.1209178066416
South Korea,,2016,73.6038094655981
South Korea,,2015,79.132494389092
South Korea,,2014,90.6144418981567
South Korea,,2013,97.9521049538882
South Korea,,2012,105.458327737701
South Korea,,2011,105.566313581348
South Korea,,2010,91.3995964951756
South Korea,,2009,86.133619369747
South Korea,,2008,95.5163524347469
South Korea,,2007,73.8745252877915
South Korea,,2006,70.6518735304194
South Korea,,2005,68.3248110236401
South Korea,,2004,70.0157148656729
South Korea,,2003,61.1746012790121
South Korea,,2002,58.3530394029217
South Korea,,2001,62.2237972179905
South Korea,,2000,66.0951601081834
South Korea,,1999,59.7627537606539
South Korea,,1998,68.4974720563618
South Korea,,1997,57.5230377463691
South Korea,,1996,52.6539729274205
South Korea,,1995,52.4640219612036
South Korea,,1994,48.6659897866647
South Korea,,1993,46.9186782337658
South Korea,,1992,48.759425641203
South Korea,,1991,49.8250791504987
South Korea,,1990,50.7503133784944
South Korea,,1989,52.9136595622002
South Korea,,1988,58.7036378717858
South Korea,,1987,63.0001528376027
South Korea,,1986,60.1070244635668
South Korea,,1985,52.6570497800401
South Korea,,1984,57.3678002526997
South Korea,,1983,57.9122239832198
South Korea,,1982,60.2289191538684
South Korea,,1981,67.131335338576
South Korea,,1980,65.5308608411307
South Korea,,1979,54.5445847979927
South Korea,,1978,54.2177344013994
South Korea,,1977,53.9254410713614
South Korea,,1976,53.8803825106406
South Korea,,1975,53.9815622747449
South Korea,,1974,55.5306767868438
South Korea,,1973,51.5785283954191
South Korea,,1972,38.041568057736
South Korea,,1971,35.6893542757417
South Korea,,1970,32.5609668883644
South Korea,,1969,33.0636778596285
South Korea,,1968,32.7780731289503
South Korea,,1967,28.7911084043849
South Korea,,1966,26.6579120157584
South Korea,,1965,21.4577820543661
South Korea,,1964,17.3448695417061
South Korea,,1963,18.6113789778206
South Korea,,1962,19.4861984148675
South Korea,,1961,17.998011269473
South Korea,,1960,14.6058423369348
Kosovo,,2024,114.2603926097
Kosovo,,2023,109.951851577902
Kosovo,,2022,110.012031619226
Kosovo,,2021,98.6384304855253
Kosovo,,2020,75.6080171280001
Kosovo,,2019,85.7534085053482
Kosovo,,2018,86.3150846710967
Kosovo,,2017,80.4101373469745
Kosovo,,2016,75.0188123077463
Kosovo,,2015,74.0204422546574
Kosovo,,2014,77.0760521643276
Kosovo,,2013,75.1034836607029
Kosovo,,2012,81.3639162574412
Kosovo,,2011,86.1517494661872
Kosovo,,2010,82.1774799739022
Kosovo,,2009,77.7553766977497
Kosovo,,2008,76.7307430830911
Kuwait,,2022,90.9188102145939
Kuwait,,2021,82.0003751084726
Kuwait,,2020,82.01074583049
Kuwait,,2019,91.6857123834172
Kuwait,,2018,102.785630676596
Kuwait,,2017,97.8400465627886
Kuwait,,2016,96.1576724081222
Kuwait,,2015,98.6999883228859
Kuwait,,2014,100.037189780363
Kuwait,,2013,97.6054912474252
Kuwait,,2012,101.011435176358
Kuwait,,2011,99.1164927304135
Kuwait,,2010,97.0280216627504
Kuwait,,2009,88.8110649851457
Kuwait,,2008,92.6834562516721
Kuwait,,2007,91.7325033915889
Kuwait,,2006,89.7130931980522
Kuwait,,2005,92.2426800942645
Kuwait,,2004,89.2976416790834
Kuwait,,2003,86.5551755074577
Kuwait,,2002,81.2251941328732
Kuwait,,2001,86.8504672897196
Kuwait,,2000,86.618324503254
Kuwait,,1999,85.3681145511849
Kuwait,,1998,94.9598431670145
Kuwait,,1997,92.4435465476229
Kuwait,,1996,91.4721447434007
Kuwait,,1995,94.3196243483405
Kuwait,,1994,93.1842842757839
Kuwait,,1993,92.057035197515
Kuwait,,1992,94.6880649671661
Kuwait,,1991,142.612954265862
Kuwait,,1990,103.011000150739
Kuwait,,1989,93.7714375457745
Kuwait,,1988,90.5044012073789
Kuwait,,1987,89.6631466755924
Kuwait,,1986,94.199098068142
Kuwait,,1985,96.4195015767588
Kuwait,,1984,104.754095678841
Kuwait,,1983,108.481546485516
Kuwait,,1982,106.868631806855
Kuwait,,1981,107.976178591538
Kuwait,,1980,112.64694192877
Kuwait,,1979,106.786755659135
Kuwait,,1978,110.404990268039
Kuwait,,1977,115.469108299333
Kuwait,,1976,110.487795921556
Kuwait,,1975,106.48121575907
Kuwait,,1974,98.8014712510221
Kuwait,,1973,94.102612056605
Kuwait,,1972,89.2622950819672
Kuwait,,1971,85.0123089457453
Kuwait,,1970,83.9325733216408
Kuwait,,1969,92.4165824064712
Kuwait,,1968,87.8023133543638
Kuwait,,1967,87.9587155963303
Kuwait,,1966,90.0468384074941
Kuwait,,1965,90.7877169559412
Kyrgyzstan,,2023,132.373403912336
Kyrgyzstan,,2022,133.786718048766
Kyrgyzstan,,2021,100.261376861569
Kyrgyzstan,,2020,78.9922784304738
Kyrgyzstan,,2019,94.4302823542939
Kyrgyzstan,,2018,98.8755599017608
Kyrgyzstan,,2017,100.617445813258
Kyrgyzstan,,2016,105.823574017406
Kyrgyzstan,,2015,110.961570714633
Kyrgyzstan,,2014,125.126181075833
Kyrgyzstan,,2013,134.026785643922
Kyrgyzstan,,2012,139.675937840309
Kyrgyzstan,,2011,136.179840420492
Kyrgyzstan,,2010,133.232850492333
Kyrgyzstan,,2009,133.379153167955
Kyrgyzstan,,2008,146.106082230139
Kyrgyzstan,,2007,137.058387838563
Kyrgyzstan,,2006,120.749981766273
Kyrgyzstan,,2005,95.0840046303638
Kyrgyzstan,,2004,93.8157321567302
Kyrgyzstan,,2003,83.9327828079655
Kyrgyzstan,,2002,82.9207290212667
Kyrgyzstan,,2001,73.7469123687968
Kyrgyzstan,,2000,89.4309316270309
Kyrgyzstan,,1999,99.1994912194321
Kyrgyzstan,,1998,94.5092945286033
Kyrgyzstan,,1997,84.4771343003418
Kyrgyzstan,,1996,87.2957738051993
Kyrgyzstan,,1995,71.8242686635574
Kyrgyzstan,,1994,73.8302050053248
Kyrgyzstan,,1993,74.7063327544027
Kyrgyzstan,,1992,83.1916902738432
Kyrgyzstan,,1991,72.0
Kyrgyzstan,,1990,78.7383177570093
Laos,,2016,75.0918909204124
Laos,,2015,85.798321703681
Laos,,2014,99.0597382933399
Laos,,2013,98.1791466159604
Laos,,2012,98.1851264313662
Laos,,2011,91.6986958680216
Laos,,2010,84.7203378916677
Laos,,2009,76.930826218652
Laos,,2008,81.8491820941317
Laos,,2007,79.2126289035269
Laos,,2006,81.9613754162421
Laos,,2005,71.7926462737852
Laos,,2004,66.0797516222837
Laos,,2003,60.572095882788
Laos,,2002,67.2549028523532
Laos,,2001,65.8994368798482
Laos,,2000,68.8373013678325
Laos,,1999,80.0584561654881
Laos,,1998,84.2695405093512
Laos,,1997,65.1569707659458
Laos,,1996,63.7571736099789
Laos,,1995,60.5544661404946
Laos,,1994,64.809269997254
Laos,,1993,52.6288120122103
Laos,,1992,44.1307586141721
Laos,,1991,38.1823216438676
Laos,,1990,35.8472084769786
Laos,,1989,44.1268320044714
Laos,,1988,45.528106634611
Laos,,1987,20.1155453651589
Laos,,1986,11.3151658117447
Laos,,1985,13.8028174811876
Laos,,1984,9.10569132341861
Latvia,,2024,131.803776863673
Latvia,,2023,136.632034970681
Latvia,,2022,159.84434485906
Latvia,,2021,136.796615414819
Latvia,,2020,123.88319804656
Latvia,,2019,125.29163170793
Latvia,,2018,128.234095559822
Latvia,,2017,128.714003328884
Latvia,,2016,123.330518429659
Latvia,,2015,126.380014406006
Latvia,,2014,130.042252244959
Latvia,,2013,129.677184929099
Latvia,,2012,133.211503650958
Latvia,,2011,129.734758014485
Latvia,,2010,110.86235386272
Latvia,,2009,88.8320494963692
Latvia,,2008,95.7681628438571
Latvia,,2007,100.880910871828
Latvia,,2006,105.695342080455
Latvia,,2005,104.517156602918
Latvia,,2004,97.2352655771748
Latvia,,2003,88.5815580418672
Latvia,,2002,85.9772056778195
Latvia,,2001,88.1768278184248
Latvia,,2000,83.6121321100556
Latvia,,1999,82.1505568188769
Latvia,,1998,93.0486575859765
Latvia,,1997,90.9261555867307
Latvia,,1996,92.5618241635257
Latvia,,1995,76.2500012714636
Lebanon,,2023,104.206410069182
Lebanon,,2022,114.888278265666
Lebanon,,2021,78.8286204025241
Lebanon,,2020,50.1298042879627
Lebanon,,2019,62.98091601016
Lebanon,,2018,68.2573073043718
Lebanon,,2017,68.4554292593276
Lebanon,,2016,67.7236177908116
Lebanon,,2015,71.8390426347811
Lebanon,,2014,79.8171565925627
Lebanon,,2013,86.1743285920565
Lebanon,,2012,88.5455019230591
Lebanon,,2011,102.139882412503
Lebanon,,2010,95.0966529416243
Lebanon,,2009,90.3978388619092
Lebanon,,2008,106.625673176194
Lebanon,,2007,97.9677079660494
Lebanon,,2006,91.0693970298409
Lebanon,,2005,92.762656272585
Lebanon,,2004,90.9727970270956
Lebanon,,2003,54.0908340214699
Lebanon,,2002,51.0425325574951
Lebanon,,2001,55.5568083587026
Lebanon,,2000,50.1152959262106
Lebanon,,1999,50.8141707661214
Lebanon,,1998,54.7171975983785
Lebanon,,1997,62.0865979381443
Lebanon,,1996,68.0966127579704
Lebanon,,1995,73.1353869918234
Lebanon,,1994,70.2721154740452
Lebanon,,1993,76.3510747169767
Lebanon,,1992,82.844256447048
Lebanon,,1991,92.4546720066934
Lebanon,,1990,117.905808025004
Lebanon,,1989,109.925088646489
Lesotho,,2023,141.513755535108
Lesotho,,2022,142.373981443861
Lesotho,,2021,139.186479465407
Lesotho,,2020,141.096604645578
Lesotho,,2019,140.51663349168
Lesotho,,2018,144.434955465602
Lesotho,,2017,146.366771329494
Lesotho,,2016,136.31524774176
Lesotho,,2015,129.722773082867
Lesotho,,2014,126.292475360578
Lesotho,,2013,133.36548975517
Lesotho,,2012,150.208575358438
Lesotho,,2011,149.796606699153
Lesotho,,2010,150.102435487333
Lesotho,,2009,158.894737585637
Lesotho,,2008,161.126590593391
Lesotho,,2007,165.048948833372
Lesotho,,1981,136.299212598425
Lesotho,,1980,131.091936923535
Lesotho,,1979,145.722472370037
Lesotho,,1978,107.851596203624
Lesotho,,1977,124.330755502677
Lesotho,,1976,156.542056074766
Lesotho,,1975,118.444846292948
Lesotho,,1974,90.7317073170732
Lesotho,,1973,82.0451843043995
Lesotho,,1972,85.2090032154341
Lesotho,,1971,67.6416819012797
Lesotho,,1970,61.0997963340122
Lesotho,,1969,65.1528013582343
Lesotho,,1968,67.2134882661199
Lesotho,,1967,68.7455705173636
Lesotho,,1966,67.4074074074074
Lesotho,,1965,68.8775510204082
Lesotho,,1964,64.9595687331536
Lesotho,,1963,65.7738095238095
Lesotho,,1962,62.2073578595318
Lesotho,,1961,58.0392156862745
Lesotho,,1960,50.2024291497976
Libya,,2024,133.928553995852
Libya,,2023,155.655201664179
Libya,,2022,156.321684682347
Libya,,2021,164.284069967105
Libya,,2020,50.9757934373319
Libya,,2019,78.9939691850138
Libya,,2018,63.7811335968183
Libya,,2017,47.5489661921214
Libya,,2016,41.1101760615135
Libya,,2015,56.9049073326883
Libya,,2014,76.5248826381117
Libya,,2013,106.334360918106
Libya,,2012,98.2243189168448
Libya,,2011,63.0054352895288
Libya,,2010,98.077213074239
Libya,,2009,107.620930501039
Libya,,2008,103.242158045544
Libya,,2007,102.732315500893
Libya,,2006,97.7381011197381
Libya,,2005,90.8608896854615
Libya,,2004,96.1293320792401
Libya,,2003,90.6127305175491
Libya,,2002,78.8597570352145
Libya,,2001,43.1734496124031
Libya,,2000,45.2810937659422
Libya,,1999,34.8016301090735
Libya,,1998,40.2527075812274
Libya,,1997,48.6324121846067
Libya,,1996,52.5451559934319
Libya,,1995,51.5917602996255
Libya,,1994,53.1524029296679
Libya,,1993,59.7921131590227
Libya,,1992,56.0580651923278
Libya,,1991,64.5963701146866
Libya,,1990,70.797800855223
Lithuania,,2024,143.04839086338
Lithuania,,2023,149.041909014608
Lithuania,,2022,175.651612151093
Lithuania,,2021,154.80672767597
Lithuania,,2020,135.796565563519
Lithuania,,2019,148.374996011818
Lithuania,,2018,147.202132525221
Lithuania,,2017,144.918393101325
Lithuania,,2016,134.690449650877
Lithuania,,2015,138.195575009601
Lithuania,,2014,143.290115780694
Lithuania,,2013,156.626637927418
Lithuania,,2012,156.638925650513
Lithuania,,2011,149.645306927215
Lithuania,,2010,131.626507396009
Lithuania,,2009,105.040251236614
Lithuania,,2008,126.759707831841
Lithuania,,2007,116.295810328172
Lithuania,,2006,124.613633047292
Lithuania,,2005,117.449691165186
Lithuania,,2004,104.072070698543
Lithuania,,2003,98.0914043206711
Lithuania,,2002,100.332229474818
Lithuania,,2001,93.4871373685836
Lithuania,,2000,83.1914942748116
Lithuania,,1999,74.5847357424933
Lithuania,,1998,89.3653045985264
Lithuania,,1997,99.6494889661181
Lithuania,,1996,92.813796697758
Lithuania,,1995,84.5445654964236
Luxembourg,,2024,398.227930959521
Luxembourg,,2023,404.458334911166
Luxembourg,,2022,412.177169924175
Luxembourg,,2021,397.506180867971
Luxembourg,,2020,375.581396376432
Luxembourg,,2019,382.66078058442
Luxembourg,,2018,361.865445198667
Luxembourg,,2017,353.793991980303
Luxembourg,,2016,348.437409376889
Luxembourg,,2015,351.13197436149
Luxembourg,,2014,333.42885319668
Luxembourg,,2013,320.533506316768
Luxembourg,,2012,311.786835204686
Luxembourg,,2011,308.714453874162
Luxembourg,,2010,293.671876906939
Luxembourg,,2009,263.532701541684
Luxembourg,,2008,292.21348078343
Luxembourg,,2007,307.485020085196
Luxembourg,,2006,305.879547488526
Luxembourg,,2005,284.077476869478
Luxembourg,,2004,265.226884855637
Luxembourg,,2003,244.977946060528
Luxembourg,,2002,250.689198161424
Luxembourg,,2001,270.765630443257
Luxembourg,,2000,272.412326845348
Luxembourg,,1999,239.922499577691
Luxembourg,,1998,236.570014987575
Luxembourg,,1997,212.088757931917
Luxembourg,,1996,195.63690664815
Luxembourg,,1995,189.544445888796
Luxembourg,,1994,185.786247148865
Luxembourg,,1993,181.402666783426
Luxembourg,,1992,182.54727407881
Luxembourg,,1991,188.663907871345
Luxembourg,,1990,187.811167101457
Luxembourg,,1989,191.011810541775
Luxembourg,,1988,188.920574606333
Luxembourg,,1987,187.430961843242
Luxembourg,,1986,188.533175897006
Luxembourg,,1985,206.570105257408
Luxembourg,,1984,195.350646429518
Luxembourg,,1983,175.628107754437
Luxembourg,,1982,174.936384718213
Luxembourg,,1981,171.50634841942
Luxembourg,,1980,173.118713988886
Luxembourg,,1979,173.319661634175
Luxembourg,,1978,161.877552416496
Luxembourg,,1977,165.371930479041
Luxembourg,,1976,166.200693938295
Luxembourg,,1975,176.085523554868
Luxembourg,,1974,180.066067687663
Luxembourg,,1973,162.099956298663
Luxembourg,,1972,155.730039683037
Luxembourg,,1971,168.222015941356
Luxembourg,,1970,160.837985858684
Madagascar,,2024,54.9714486819683
Madagascar,,2023,61.1330416885787
Madagascar,,2022,70.5471344131153
Madagascar,,2021,55.2158585926918
Madagascar,,2020,49.0107073664371
Madagascar,,2019,62.6013230457128
Madagascar,,2018,67.8415046683582
Madagascar,,2017,65.3434015072915
Madagascar,,2016,60.8346984831423
Madagascar,,2015,61.2203788365078
Madagascar,,2014,61.9694322111234
Madagascar,,2013,56.3675817900932
Madagascar,,2012,52.6517140811255
Madagascar,,2011,56.4830925951893
Madagascar,,2010,57.8748945101807
Madagascar,,2009,62.4116975958196
Madagascar,,2008,74.357353960806
Madagascar,,2007,66.7027353570049
Madagascar,,2006,62.1028389370244
Madagascar,,2005,59.1300849357677
Madagascar,,2004,48.7753818852156
Madagascar,,2003,34.030602917475
Madagascar,,2002,50.1816919379298
Madagascar,,2001,41.0351260923859
Madagascar,,2000,42.7771226639725
Madagascar,,1999,40.9244120208063
Madagascar,,1998,37.3321870147971
Madagascar,,1997,36.8737477819441
Madagascar,,1996,35.8824601668345
Madagascar,,1995,45.3744915678324
Madagascar,,1994,43.5589179379958
Madagascar,,1993,32.8658889270584
Madagascar,,1992,33.1576177671174
Madagascar,,1991,35.7567980580415
Madagascar,,1990,32.3809923743425
Madagascar,,1989,31.7629825920084
Madagascar,,1988,30.4964828885485
Madagascar,,1987,30.1290605630325
Madagascar,,1986,21.5430177802665
Madagascar,,1985,22.4393195722776
Madagascar,,1984,23.2646708187183
Madagascar,,1983,19.2896974744446
Madagascar,,1982,21.3775742484451
Madagascar,,1981,23.5333656393937
Madagascar,,1980,30.2663584062921
Madagascar,,1979,44.962511334255
Madagascar,,1978,41.2084391658907
Madagascar,,1977,36.4939623005419
Madagascar,,1976,32.6884426471567
Madagascar,,1975,36.7496536208712
Madagascar,,1974,35.7333151219999
Madagascar,,1973,33.1265876896277
Madagascar,,1972,32.5862074026513
Madagascar,,1971,35.4703170085879
Madagascar,,1970,40.7459669717524
Madagascar,,1969,41.2208174054255
Madagascar,,1968,40.5405141843049
Madagascar,,1967,39.0183149019239
Madagascar,,1966,40.4927821401297
Madagascar,,1965,33.2117033424361
Madagascar,,1964,33.2306410079951
Madagascar,,1963,32.7067624137599
Madagascar,,1962,32.1385581058955
Madagascar,,1961,34.1080898478586
Madagascar,,1960,26.6547090790703
Malaysia,,2024,137.366341205831
Malaysia,,2023,132.064307278667
Malaysia,,2022,146.505418280787
Malaysia,,2021,134.035994690727
Malaysia,,2020,116.788182437638
Malaysia,,2019,123.028562027943
Malaysia,,2018,130.402625502126
Malaysia,,2017,133.155173371956
Malaysia,,2016,126.8990100257
Malaysia,,2015,131.37007244526
Malaysia,,2014,138.312231176843
Malaysia,,2013,142.720991464873
Malaysia,,2012,147.841754766013
Malaysia,,2011,154.937684607226
Malaysia,,2010,157.944764886771
Malaysia,,2009,162.558970452699
Malaysia,,2008,176.668324785148
Malaysia,,2007,192.465506357652
Malaysia,,2006,202.577146840398
Malaysia,,2005,203.854644595624
Malaysia,,2004,210.374265897124
Malaysia,,2003,194.195129056831
Malaysia,,2002,199.356232695655
Malaysia,,2001,203.364636010653
Malaysia,,2000,220.406788982074
Malaysia,,1999,217.570919391949
Malaysia,,1998,209.492202808189
Malaysia,,1997,185.66511116237
Malaysia,,1996,181.766982485457
Malaysia,,1995,192.113200253514
Malaysia,,1994,179.904942673986
Malaysia,,1993,157.940462501597
Malaysia,,1992,150.611220981935
Malaysia,,1991,159.311447263255
Malaysia,,1990,146.888252533989
Malaysia,,1989,136.689061416096
Malaysia,,1988,122.624228645664
Malaysia,,1987,111.919590553123
Malaysia,,1986,106.497751208202
Malaysia,,1985,104.683103136698
Malaysia,,1984,106.629792583281
Malaysia,,1983,108.016296632786
Malaysia,,1982,110.458633524497
Malaysia,,1981,110.862131810529
Malaysia,,1980,112.587228933744
Malaysia,,1979,103.153541271756
Malaysia,,1978,92.5460592303225
Malaysia,,1977,92.7767470624614
Malaysia,,1976,93.1956560441517
Malaysia,,1975,90.6457101916532
Malaysia,,1974,96.3863855105434
Malaysia,,1973,77.3326924104043
Malaysia,,1972,73.3755274261603
Malaysia,,1971,79.4905441914319
Malaysia,,1970,86.8797024262406
Malaysia,,1969,84.2396149046176
Malaysia,,1968,82.932810201079
Malaysia,,1967,79.4919073960254
Malaysia,,1966,81.0765873428245
Malaysia,,1965,85.3149171270718
Malaysia,,1964,86.4297056308782
Malaysia,,1963,89.7058823529412
Malaysia,,1962,89.1790435776073
Malaysia,,1961,90.054963929921
Malaysia,,1960,92.3286737129219
Maldives,,2023,150.03236994908
Maldives,,2022,162.243570519228
Maldives,,2021,142.607296696261
Maldives,,2020,114.361902904327
Maldives,,2019,137.125230875185
Maldives,,2018,142.491128546618
Maldives,,2017,141.912110574952
Maldives,,2016,144.380212278942
Maldives,,2015,143.720506661302
Maldives,,2014,165.97925116043
Mali,,2024,50.9002828660093
Mali,,2023,57.6543000639914
Mali,,2022,61.6636979670454
Mali,,2021,56.7150525565465
Mali,,2020,56.0415474422019
Mali,,2019,53.9987132798636
Mali,,2018,50.6998462523276
Mali,,2017,49.4919984941972
Mali,,2016,53.6126193604252
Mali,,2015,53.5751760102265
Mali,,2014,51.4954510008387
Mali,,2013,54.5264954580149
Mali,,2012,49.1038212559888
Mali,,2011,43.0309525232702
Mali,,2010,47.0196635730197
Mali,,2009,39.1346822998692
Mali,,2008,51.6061784639021
Mali,,2007,44.2077103313541
Mali,,2006,45.4398076879091
Mali,,2005,41.6557421435865
Mali,,2004,40.1303621546819
Mali,,2003,58.6281417028541
Mali,,2002,57.8292913721816
Mali,,2001,60.2008030180009
Mali,,2000,55.4225754322684
Mali,,1999,50.0264356036308
Mali,,1998,50.1783500156402
Mali,,1997,57.0374220421011
Mali,,1996,52.4944213965722
Mali,,1995,56.2442281935017
Mali,,1994,56.434271384883
Mali,,1993,46.2456041930134
Mali,,1992,49.502005045246
Mali,,1991,47.4669816154981
Mali,,1990,46.5841612438988
Mali,,1989,44.8154241976648
Mali,,1988,46.8269324755021
Mali,,1987,46.0565095533913
Mali,,1986,49.4494097059346
Mali,,1985,59.7347118230349
Mali,,1984,55.9433444546794
Mali,,1983,48.0088120619788
Mali,,1982,43.8883840293373
Mali,,1981,42.1026742393484
Mali,,1980,44.030614550312
Mali,,1979,39.2184599471118
Mali,,1978,41.4265528800843
Mali,,1977,32.335106307373
Mali,,1976,32.0368591922074
Mali,,1975,38.9255877655389
Mali,,1974,53.5938736529241
Mali,,1973,33.0311450003334
Mali,,1972,29.5985851171936
Mali,,1971,33.6316689294439
Mali,,1970,30.6710851866592
Mali,,1969,30.2158556195448
Mali,,1968,28.3176926431761
Mali,,1967,35.2653522112636
Malta,,2024,229.548280014917
Malta,,2023,232.46676505021
Malta,,2022,243.415382342225
Malta,,2021,220.738701426547
Malta,,2020,256.402967044059
Malta,,2019,233.070441902701
Malta,,2018,228.098550741999
Malta,,2017,213.047878484397
Malta,,2016,213.35939190737
Malta,,2015,207.19639824364
Malta,,2014,181.300566828563
Malta,,2013,187.431187125075
Malta,,2012,199.21347305101
Malta,,2011,192.02838351559
Malta,,2010,178.232753529545
Malta,,2009,163.557248893882
Malta,,2008,185.74934989812
Malta,,2007,184.831344837496
Malta,,2006,182.434091177607
Malta,,2005,157.549373234767
Malta,,2004,155.889850843672
Malta,,2003,154.57349026941
Malta,,2002,162.525751873826
Malta,,2001,161.324371722227
Malta,,2000,189.600620985965
Malta,,1999,165.171303687806
Malta,,1998,157.046794907127
Malta,,1997,155.656719924812
Malta,,1996,164.100327153762
Malta,,1995,177.063528486199
Malta,,1994,181.70194942775
Malta,,1993,178.905434820049
Malta,,1992,170.465395838559
Malta,,1991,165.237809769569
Malta,,1990,164.48373762214
Malta,,1989,154.602522648659
Malta,,1988,150.318174762312
Malta,,1987,148.047962394322
Malta,,1986,138.159532272718
Malta,,1985,143.65219556728
Malta,,1984,138.894541381954
Malta,,1983,133.464326909689
Malta,,1982,138.159448853778
Malta,,1981,153.105880348949
Malta,,1980,167.340007125639
Malta,,1979,164.008507735207
Malta,,1978,154.085617858243
Malta,,1977,167.3529782174
Malta,,1976,161.905584373852
Malta,,1975,160.024334612201
Malta,,1974,175.721901633694
Malta,,1973,133.809610897969
Malta,,1972,113.984501018105
Malta,,1971,114.449956576516
Malta,,1970,115.539678143387
Marshall Islands,,2023,110.172232934825
Marshall Islands,,2022,118.835319652723
Marshall Islands,,2021,117.622325222093
Marshall Islands,,2020,107.825971877585
Marshall Islands,,2019,153.007728638901
Marshall Islands,,2018,128.482272727273
Marshall Islands,,2017,125.145250350959
Marshall Islands,,2016,116.326362735382
Marshall Islands,,2015,138.489820359281
Marshall Islands,,2014,149.853494623656
Marshall Islands,,2013,161.91974248927
Marshall Islands,,2012,157.517100166021
Marshall Islands,,2011,153.240162507255
Marshall Islands,,2010,144.804965859714
Marshall Islands,,2009,128.862235449735
Marshall Islands,,2008,122.046793997271
Marshall Islands,,2007,114.527707641196
Marshall Islands,,2006,112.408519553073
Marshall Islands,,2005,124.701014492754
Marshall Islands,,2004,114.023100075245
Marshall Islands,,2003,117.024674269896
Marshall Islands,,2002,102.320551682328
Marshall Islands,,2001,118.734360460794
Marshall Islands,,2000,130.083116724792
Marshall Islands,,1999,107.997734492788
Marshall Islands,,1998,111.950823636278
Marshall Islands,,1997,107.516697046996
Marshall Islands,,1996,113.293943603529
Marshall Islands,,1995,106.864260168011
Mauritania,,2023,91.4705715873539
Mauritania,,2022,102.025899125696
Mauritania,,2021,88.3068737571235
Mauritania,,2020,86.7761681322741
Mauritania,,2019,93.4866941351317
Mauritania,,2018,89.1467294935148
Mauritania,,2017,78.8149801833884
Mauritania,,2016,73.1532616736712
Mauritania,,2015,77.3467864944966
Mauritania,,2014,91.610371363604
Mauritania,,2013,102.398824183169
Mauritania,,2012,110.788122743421
Mauritania,,2011,98.485329604158
Mauritania,,2010,93.4207451334608
Mauritania,,2009,82.0086176018151
Mauritania,,2008,94.1202110004251
Mauritania,,2007,86.0640556779132
Mauritania,,2006,82.7885012130323
Mauritania,,2005,88.2350995596491
Mauritania,,2004,75.2188046787959
Mauritania,,2003,55.3180243332438
Mauritania,,2002,56.7855296001806
Mauritania,,2001,60.7012124604715
Mauritania,,2000,58.9403747670668
Mauritania,,1999,49.016938039756
Mauritania,,1998,51.3910125506772
Mauritania,,1997,62.7495635657126
Mauritania,,1996,70.4558897549272
Mauritania,,1995,73.416940256179
Mauritania,,1994,62.6858836744371
Mauritania,,1993,46.0763040408496
Mauritania,,1992,42.3279201206499
Mauritania,,1991,55.8168511676471
Mauritania,,1990,78.1245487729656
Mauritania,,1989,78.6897916288234
Mauritania,,1988,83.3783659398771
Mauritania,,1987,84.8996437994898
Mauritania,,1986,99.2900625902412
Mauritania,,1985,103.285903291031
Mauritania,,1984,86.6494944359305
Mauritania,,1983,88.9543855131061
Mauritania,,1982,90.2593425499321
Mauritania,,1981,87.4851094359887
Mauritania,,1980,75.2259428941296
Mauritania,,1979,67.5984258897025
Mauritania,,1978,71.2354111660087
Mauritania,,1977,76.7985437705003
Mauritania,,1976,83.877035030412
Mauritania,,1975,72.1853367566759
Mauritania,,1974,79.2315648126567
Mauritania,,1973,69.1292776904132
Mauritania,,1972,72.2118039706097
Mauritania,,1971,48.8772060499924
Mauritania,,1970,49.5912541920554
Mauritania,,1969,47.0231232650663
Mauritania,,1968,45.2798737424326
Mauritania,,1967,49.0729267082396
Mauritania,,1966,48.6250454935272
Mauritania,,1965,48.3806711221598
Mauritania,,1964,50.1388576223513
Mauritania,,1963,40.3786944417886
Mauritania,,1962,32.9921582286912
Mauritania,,1961,30.0476147080585
Mauritius,,2024,103.997590840583
Mauritius,,2023,105.103380425553
Mauritius,,2022,112.584757873474
Mauritius,,2021,92.2590939564376
Mauritius,,2020,83.2396173536449
Mauritius,,2019,95.8457981519523
Mauritius,,2018,96.6339164118573
Mauritius,,2017,99.7018151211455
Mauritius,,2016,100.016978687279
Mauritius,,2015,107.145979436304
Mauritius,,2014,110.589707531641
Mauritius,,2013,113.308833075877
Mauritius,,2012,119.500119779606
Mauritius,,2011,117.538946368786
Mauritius,,2010,113.457073552476
Mauritius,,2009,104.42972895159
Mauritius,,2008,115.489315893532
Mauritius,,2007,120.876451250142
Mauritius,,2006,127.062861757975
Mauritius,,2005,121.608743996836
Mauritius,,2004,107.027698267505
Mauritius,,2003,108.655579313428
Mauritius,,2002,118.230470380251
Mauritius,,2001,128.05457898019
Mauritius,,2000,120.687648773646
Mauritius,,1999,128.954991253643
Mauritius,,1998,130.442832961932
Mauritius,,1997,126.107505043338
Mauritius,,1996,126.159212478576
Mauritius,,1995,118.148720557781
Mauritius,,1994,120.560175858082
Mauritius,,1993,120.896356052865
Mauritius,,1992,120.232699481499
Mauritius,,1991,126.648911355451
Mauritius,,1990,135.290500660691
Mauritius,,1989,133.930350743087
Mauritius,,1988,132.624947540952
Mauritius,,1987,125.386342839662
Mauritius,,1986,112.826073234371
Mauritius,,1985,107.500725256864
Mauritius,,1984,99.3517308494726
Mauritius,,1983,92.4015879925391
Mauritius,,1982,95.8354589069513
Mauritius,,1981,98.5844885486495
Mauritius,,1980,111.094754725473
Mauritius,,1979,95.8043194424836
Mauritius,,1978,97.4731635579775
Mauritius,,1977,106.812506138093
Mauritius,,1976,106.978002086372
Mexico,,2024,74.7115956058691
Mexico,,2023,73.7695331207325
Mexico,,2022,88.8269347828552
Mexico,,2021,83.0692976326771
Mexico,,2020,76.8545556992201
Mexico,,2019,77.4619722571128
Mexico,,2018,80.2126616635331
Mexico,,2017,76.9521260407254
Mexico,,2016,75.6903034088551
Mexico,,2015,70.4129746726021
Mexico,,2014,64.0984090280535
Mexico,,2013,62.6916747661852
Mexico,,2012,64.2579318977864
Mexico,,2011,62.1623872683072
Mexico,,2010,59.2733845378721
Mexico,,2009,54.5917421313503
Mexico,,2008,56.3652818731773
Mexico,,2007,55.2585243990368
Mexico,,2006,54.4821160886169
Mexico,,2005,52.5626446517886
Mexico,,2004,52.0406200335632
Mexico,,2003,48.7004168690455
Mexico,,2002,45.209829259652
Mexico,,2001,44.7401090123173
Mexico,,2000,49.9104091872497
Mexico,,1999,48.0122495761105
Mexico,,1998,48.0318841400179
Mexico,,1997,46.4918755715735
Mexico,,1996,47.7678235339067
Mexico,,1995,43.6658317263397
Mexico,,1994,29.1584721341582
Mexico,,1993,26.1631235736702
Mexico,,1992,35.553495904112
Mexico,,1991,35.7865351574196
Mexico,,1990,38.5196964133297
Mexico,,1989,38.3296500774472
Mexico,,1988,38.7903369479031
Mexico,,1987,31.262320842785
Mexico,,1986,29.6062225899787
Mexico,,1985,24.3312923896659
Mexico,,1984,25.6724173446434
Mexico,,1983,27.0961020358622
Mexico,,1982,24.1340136217434
Mexico,,1981,22.1172749435935
Mexico,,1980,22.4346196504217
Mexico,,1979,23.6401173402868
Mexico,,1978,21.5107402652974
Mexico,,1977,20.5412871822607
Mexico,,1976,18.3570751276441
Mexico,,1975,16.5145454545455
Mexico,,1974,18.9811111111111
Mexico,,1973,17.8768162083936
Mexico,,1972,16.8900884955752
Mexico,,1971,16.359693877551
Mexico,,1970,17.4122972972973
Mexico,,1969,16.8174630541872
Mexico,,1968,16.3915803814714
Mexico,,1967,15.8771987951807
Mexico,,1966,16.4848684210526
Mexico,,1965,17.1569230769231
Mexico,,1964,17.4864940239044
Mexico,,1963,18.2737264150943
Mexico,,1962,18.6778421052632
Mexico,,1961,19.0277401129944
Mexico,,1960,20.1692024539877
Micronesia,,2024,96.6007114372874
Micronesia,,2023,98.3198016851214
Micronesia,,2022,87.7013226864624
Micronesia,,2021,87.2481106515589
Micronesia,,2020,85.309816339618
Micronesia,,2019,95.8493908629442
Micronesia,,2018,103.406785714286
Micronesia,,2017,103.181727019499
Micronesia,,2016,102.884676923077
Micronesia,,2015,105.296472336084
Micronesia,,2014,105.859971084144
Micronesia,,2013,113.261346269274
Micronesia,,2012,111.358914489194
Micronesia,,2011,106.904622398343
Micronesia,,2010,105.813653142123
Micronesia,,2009,108.787817810896
Micronesia,,2008,109.289475654306
Micronesia,,2007,98.6724416170276
Micronesia,,2006,95.3224299415599
Micronesia,,2005,92.5195549498386
Micronesia,,2004,93.7176359912752
Micronesia,,2003,94.7935260513159
Micronesia,,2002,89.8144131632725
Micronesia,,2001,95.7320572733056
Micronesia,,2000,90.5888324263799
Micronesia,,1999,94.7389508064168
Micronesia,,1998,101.255476346796
Micronesia,,1997,106.168285450594
Micronesia,,1996,102.076924168107
Micronesia,,1995,91.4914703940376
Micronesia,,1983,111.044593999029
Moldova,,2024,88.6661154286831
Moldova,,2023,93.9946211488052
Moldova,,2022,112.117671579766
Moldova,,2021,88.4708865399267
Moldova,,2020,79.265722119158
Moldova,,2019,87.6322371148906
Moldova,,2018,87.4467874275648
Moldova,,2017,88.6233902754378
Moldova,,2016,89.0046837188671
Moldova,,2015,88.9664154565323
Moldova,,2014,94.2282919690928
Moldova,,2013,95.6872968332383
Moldova,,2012,96.3064098336294
Moldova,,2011,98.6175965326556
Moldova,,2010,87.9378518951573
Moldova,,2009,110.363326850495
Moldova,,2008,134.4216013477
Moldova,,2007,142.720539023021
Moldova,,2006,137.154763819994
Moldova,,2005,143.023568469138
Moldova,,2004,132.69906968032
Moldova,,2003,140.056529925052
Moldova,,2002,129.839525501535
Moldova,,2001,124.500739599353
Moldova,,2000,126.163100130478
Moldova,,1999,117.527935193889
Moldova,,1998,116.803124451539
Moldova,,1997,127.560400247842
Moldova,,1996,129.237536040111
Moldova,,1995,128.016386523173
Mongolia,,2024,138.891463093875
Mongolia,,2023,142.864246599181
Mongolia,,2022,136.327929944516
Mongolia,,2021,119.098078437771
Mongolia,,2020,112.838647629317
Mongolia,,2019,124.396514621165
Mongolia,,2018,126.355873241513
Mongolia,,2017,115.932901867963
Mongolia,,2016,101.055237224997
Mongolia,,2015,89.653663477814
Mongolia,,2014,109.322311877187
Mongolia,,2013,100.311989662943
Mongolia,,2012,109.588564338415
Mongolia,,2011,126.999228633482
Mongolia,,2010,103.350031656557
Mongolia,,2009,107.813757166177
Mongolia,,2008,121.198013401183
Mongolia,,2007,117.880426425377
Mongolia,,2006,112.929983096983
Mongolia,,2005,122.381459889773
Mongolia,,2004,131.329318233554
Mongolia,,2003,120.299393514881
Mongolia,,2002,118.517253113943
Mongolia,,2001,115.81832687888
Mongolia,,2000,121.886609754208
Mongolia,,1999,112.241338547745
Mongolia,,1998,107.351210779428
Mongolia,,1997,99.9914490021753
Mongolia,,1996,77.9740756901741
Mongolia,,1995,82.1036587592106
Mongolia,,1994,99.1572950855527
Mongolia,,1993,129.742059708532
Mongolia,,1992,65.2956469006826
Mongolia,,1991,136.6037874065
Mongolia,,1990,58.6218949695306
Mongolia,,1989,76.3641464792647
Mongolia,,1988,94.47149764016
Mongolia,,1987,103.065555774643
Mongolia,,1986,111.57131685444
Mongolia,,1985,94.9363378566431
Mongolia,,1984,94.2512407238152
Mongolia,,1983,89.0299379498623
Mongolia,,1982,90.7163276191427
Mongolia,,1981,94.9046298489965
Montenegro,,2024,112.422791954363
Montenegro,,2023,118.542754014976
Montenegro,,2022,125.898604629493
Montenegro,,2021,105.029993243347
Montenegro,,2020,87.0060180817206
Montenegro,,2019,108.844577462214
Montenegro,,2018,109.609296759902
Montenegro,,2017,105.554964991437
Montenegro,,2016,103.672945121037
Montenegro,,2015,102.688977351832
Montenegro,,2014,100.127619998369
Montenegro,,2013,102.770930155442
Montenegro,,2012,111.766044513287
Montenegro,,2011,106.658853993576
Montenegro,,2010,99.7803263266018
Montenegro,,2009,99.4250282074869
Montenegro,,2008,132.340271682179
Montenegro,,2007,128.746158606061
Montenegro,,2006,117.994735505471
Montenegro,,2005,104.625139256659
Montenegro,,2004,100.109654967142
Montenegro,,2003,77.5983890107329
Montenegro,,2002,95.2294000160253
Montenegro,,2001,100.409386075314
Montenegro,,2000,87.9252021443203
Morocco,,2024,95.757654932711
Morocco,,2023,93.7914030606318
Morocco,,2022,101.132382053244
Morocco,,2021,75.5234171756506
Morocco,,2020,68.8438033904364
Morocco,,2019,75.9981158798422
Morocco,,2018,77.2548875243989
Morocco,,2017,74.1733578786573
Morocco,,2016,71.1226603816864
Morocco,,2015,67.2886759253849
Morocco,,2014,71.8935667539398
Morocco,,2013,73.8577565315318
Morocco,,2012,78.2221018956072
Morocco,,2011,76.8258714906247
Morocco,,2010,69.541979610144
Morocco,,2009,62.3709560152269
Morocco,,2008,77.8344716425602
Morocco,,2007,71.3496467796657
Morocco,,2006,64.6721977787154
Morocco,,2005,61.4938276863235
Morocco,,2004,55.5516384744536
Morocco,,2003,52.3318582669923
Morocco,,2002,54.31012791421
Morocco,,2001,53.4915710187871
Morocco,,2000,53.4403058388785
Morocco,,1999,48.578876486646
Morocco,,1998,45.6723595943991
Morocco,,1997,51.1501546486104
Morocco,,1996,47.0955434479783
Morocco,,1995,51.7150253841236
Morocco,,1994,47.3135537325048
Morocco,,1993,49.668456614101
Morocco,,1992,50.2633161845725
Morocco,,1991,49.7792954766494
Morocco,,1990,54.6266874206198
Morocco,,1989,50.3508447455349
Morocco,,1988,50.1376031659319
Morocco,,1987,49.6575055142262
Morocco,,1986,50.2806035838223
Morocco,,1985,59.3150746324922
Morocco,,1984,60.3626795175262
Morocco,,1983,52.6140950218936
Morocco,,1982,55.3402703571435
Morocco,,1981,57.4360558027929
Morocco,,1980,47.3420678268738
Morocco,,1979,46.8747481585352
Morocco,,1978,46.4392428473003
Morocco,,1977,54.2171580153132
Morocco,,1976,54.6444423458306
Morocco,,1975,55.818845953146
Morocco,,1974,55.7492546213476
Morocco,,1973,42.9427367764082
Morocco,,1972,37.7969586635254
Morocco,,1971,36.6792418526431
Morocco,,1970,39.216322860996
Morocco,,1969,37.209805725418
Morocco,,1968,38.5382059800665
Morocco,,1967,38.0773222625843
Morocco,,1966,38.3347073371805
Morocco,,1965,35.0536193029491
Morocco,,1964,38.6272185441388
Morocco,,1963,38.001041585476
Morocco,,1962,39.1131104876505
Morocco,,1961,46.5320380049876
Morocco,,1960,46.2702448807553
Mozambique,,2024,95.6718114616269
Mozambique,,2023,105.627503637428
Mozambique,,2022,135.279578416991
Mozambique,,2021,112.078964458333
Mozambique,,2020,99.906146051979
Mozambique,,2019,105.591171401921
Mozambique,,2018,124.607457525372
Mozambique,,2017,105.745640702087
Mozambique,,2016,110.394358201481
Mozambique,,2015,98.7612036510901
Mozambique,,2014,116.356855242217
Mozambique,,2013,109.38537659913
Mozambique,,2012,105.934588060511
Mozambique,,2011,84.4062119333019
Mozambique,,2010,73.8373532681892
Mozambique,,2009,67.898572768141
Mozambique,,2008,64.981416499828
Mozambique,,2007,66.1203821840516
Mozambique,,2006,67.3498976872689
Mozambique,,2005,72.0092609780982
Mozambique,,2004,72.0520001612374
Mozambique,,2003,70.1683599479183
Mozambique,,2002,73.309162757423
Mozambique,,2001,50.4153095777265
Mozambique,,2000,47.9208808015891
Mozambique,,1999,45.5276131355411
Mozambique,,1998,39.0075460593046
Mozambique,,1997,43.2986819731024
Mozambique,,1996,51.0292925616374
Mozambique,,1995,63.7735360253924
Mozambique,,1994,58.7422249366162
Mozambique,,1993,55.2402685663295
Mozambique,,1992,59.3371692453075
Mozambique,,1991,49.4808133334293
Namibia,,2024,109.628509798532
Namibia,,2023,110.770713961698
Namibia,,2022,99.2625547753262
Namibia,,2021,83.5443030923624
Namibia,,2020,76.9252424036465
Namibia,,2019,82.9011507426355
Namibia,,2018,81.7138652963804
Namibia,,2017,81.2196661011436
Namibia,,2016,93.966187960162
Namibia,,2015,97.2390317873478
Namibia,,2014,103.080137009254
Namibia,,2013,97.7249042303832
Namibia,,2012,100.2134087743
Namibia,,2011,102.189147754138
Namibia,,2010,108.072477173606
Namibia,,2009,123.762844292976
Namibia,,2008,119.644498184785
Namibia,,2007,104.979303758915
Namibia,,2006,86.8339693259998
Namibia,,2005,80.6803802939816
Namibia,,2004,81.8622605916543
Namibia,,2003,95.9524743817213
Namibia,,2002,94.4152228948906
Namibia,,2001,88.5841018380245
Namibia,,2000,85.1322442947268
Namibia,,1999,91.1002051465947
Namibia,,1998,92.1305009296504
Namibia,,1997,92.8410903733921
Namibia,,1996,96.5442239771745
Namibia,,1995,93.5608471865094
Namibia,,1994,89.4936808345247
Namibia,,1993,96.0955780096704
Namibia,,1992,91.9734600107459
Namibia,,1991,93.8647252200558
Namibia,,1990,93.7592455854003
Namibia,,1989,96.3801569295383
Namibia,,1988,91.0117626010634
Namibia,,1987,97.8466332377965
Namibia,,1986,102.714670298939
Namibia,,1985,91.7316913712628
Namibia,,1984,96.9112675667927
Namibia,,1983,97.6985841344362
Namibia,,1982,113.285494349328
Namibia,,1981,124.179146742442
Namibia,,1980,126.663009413817
Nauru,,2024,158.191596939232
Nauru,,2023,143.893230567535
Nauru,,2022,167.539569662011
Nauru,,2021,110.718145238213
Nauru,,2020,135.14880806541
Nauru,,2019,156.267534496782
Nauru,,2018,140.702296262368
Nauru,,2017,142.712817506837
Nauru,,2016,170.614384611656
Nauru,,2015,201.137787763804
Nauru,,2014,198.015062109153
Nauru,,2013,179.347826086957
Nauru,,2012,120.719709129344
Nauru,,2011,129.561772017594
Nauru,,2010,100.254088338645
Nauru,,2009,145.498239113905
Nauru,,2008,166.129550203496
Nepal,,2024,40.5298226771909
Nepal,,2023,41.5701502933145
Nepal,,2022,48.9734014799428
Nepal,,2021,43.0538047919129
Nepal,,2020,40.9188741243442
Nepal,,2019,49.2495265874454
Nepal,,2018,48.4473869461067
Nepal,,2017,44.6424106224996
Nepal,,2016,42.115486124737
Nepal,,2015,46.6657303895158
Nepal,,2014,45.9826416115927
Nepal,,2013,41.8653757376722
Nepal,,2012,37.921906058758
Nepal,,2011,36.296758890097
Nepal,,2010,45.9849057742707
Nepal,,2009,47.0794477633688
Nepal,,2008,46.0362063511913
Nepal,,2007,44.5792750200254
Nepal,,2006,44.7619877569242
Nepal,,2005,44.0629474798613
Nepal,,2004,46.1472867206087
Nepal,,2003,44.2478836156195
Nepal,,2002,46.2307185004451
Nepal,,2001,55.7999210803706
Nepal,,2000,55.7105890041319
Nepal,,1999,52.5669812534353
Nepal,,1998,56.7096012897007
Nepal,,1997,64.0355348949959
Nepal,,1996,58.4577686983002
Nepal,,1995,59.49051839854
Nepal,,1994,50.432072744791
Nepal,,1993,47.1895811750777
Nepal,,1992,41.6954131372025
Nepal,,1991,34.6750551287954
Nepal,,1990,32.1887541579639
Nepal,,1989,33.3509280937391
Nepal,,1988,33.8290380464463
Nepal,,1987,32.7198891394213
Nepal,,1986,31.9650419926782
Nepal,,1985,31.5287854720302
Nepal,,1984,30.1015498119166
Nepal,,1983,31.5462097156398
Nepal,,1982,30.3988638930906
Nepal,,1981,32.5191356247053
Nepal,,1980,30.2727956093013
Nepal,,1979,27.7515191188318
Nepal,,1978,26.0439878960475
Nepal,,1977,26.1053229166667
Nepal,,1976,24.9511321429868
Nepal,,1975,22.2678187468206
Nepal,,1974,15.9978152716199
Nepal,,1973,16.9826455218118
Nepal,,1972,13.5789366928754
Nepal,,1971,14.5334520235645
Nepal,,1970,13.2071167883212
Nepal,,1969,17.2323107981504
Nepal,,1968,14.3454617497432
Nepal,,1967,13.8269678281065
Nepal,,1966,14.4015048660731
Nepal,,1965,21.688683000512
Netherlands,,2024,156.173668455139
Netherlands,,2023,165.905457011481
Netherlands,,2022,184.107484252682
Netherlands,,2021,163.154842689698
Netherlands,,2020,152.233230409706
Netherlands,,2019,160.676671884999
Netherlands,,2018,163.559146573044
Netherlands,,2017,159.646059656847
Netherlands,,2016,150.96552921165
Netherlands,,2015,160.325812564809
Netherlands,,2014,151.715891056501
Netherlands,,2013,150.651850226949
Netherlands,,2012,149.393223058131
Netherlands,,2011,141.757099325776
Netherlands,,2010,130.081707935343
Netherlands,,2009,115.109660363107
Netherlands,,2008,130.152049980117
Netherlands,,2007,129.798241740597
Netherlands,,2006,127.195613539333
Netherlands,,2005,122.255849523252
Netherlands,,2004,116.958160026939
Netherlands,,2003,111.30450319576
Netherlands,,2002,112.750024358671
Netherlands,,2001,119.47546387654
Netherlands,,2000,125.667030082421
Netherlands,,1999,114.327740793016
Netherlands,,1998,112.408095451564
Netherlands,,1997,114.295027863442
Netherlands,,1996,108.664639443962
Netherlands,,1995,107.916808067097
Netherlands,,1994,103.046028953898
Netherlands,,1993,99.0328336645559
Netherlands,,1992,102.080770696115
Netherlands,,1991,105.194616821176
Netherlands,,1990,104.115680713624
Netherlands,,1989,106.116656313132
Netherlands,,1988,100.058045106216
Netherlands,,1987,95.7408886931331
Netherlands,,1986,97.2090454633133
Netherlands,,1985,114.574086243885
Netherlands,,1984,110.639752105287
Netherlands,,1983,104.89857252468
Netherlands,,1982,104.595244781537
Netherlands,,1981,104.957946798652
Netherlands,,1980,99.8801255665252
Netherlands,,1979,94.5987577072761
Netherlands,,1978,86.4819179410433
Netherlands,,1977,89.7302872418921
Netherlands,,1976,92.8503018576983
Netherlands,,1975,90.5219132175669
Netherlands,,1974,96.1146024550276
Netherlands,,1973,86.2336150536005
Netherlands,,1972,82.7592664211772
Netherlands,,1971,85.4209009334205
Netherlands,,1970,86.4827481438493
Netherlands,,1969,80.9828748623412
New Zealand,,2023,50.4064316790513
New Zealand,,2022,53.4761627655817
New Zealand,,2021,48.5412477650846
New Zealand,,2020,43.9772422862431
New Zealand,,2019,54.4542971758367
New Zealand,,2018,55.7664814899437
New Zealand,,2017,54.1432970416804
New Zealand,,2016,52.4062478142589
New Zealand,,2015,54.851331734287
New Zealand,,2014,55.0986550961851
New Zealand,,2013,55.9861241102171
New Zealand,,2012,56.9087671962042
New Zealand,,2011,59.1724105593848
New Zealand,,2010,58.1047406012087
New Zealand,,2009,55.0143501856026
New Zealand,,2008,64.2611448527979
New Zealand,,2007,58.4251605749091
New Zealand,,2006,59.6032650403479
New Zealand,,2005,58.0187434407163
New Zealand,,2004,58.7995522745359
New Zealand,,2003,57.914769345753
New Zealand,,2002,62.6559945554479
New Zealand,,2001,67.2338243520418
New Zealand,,2000,68.5169268768932
New Zealand,,1999,61.4012311333669
New Zealand,,1998,57.8960178233763
New Zealand,,1997,55.2468635214425
New Zealand,,1996,55.1161709577551
New Zealand,,1995,56.9142524626959
New Zealand,,1994,58.8145695364238
New Zealand,,1993,57.553650605971
New Zealand,,1992,59.2340588498117
New Zealand,,1991,54.6355654428897
New Zealand,,1990,52.6081416580188
New Zealand,,1989,51.9781167466178
New Zealand,,1988,48.4038382023753
New Zealand,,1987,50.0061323358067
New Zealand,,1986,52.7703483857609
New Zealand,,1985,60.7432278389189
New Zealand,,1984,66.1983965537872
New Zealand,,1983,57.9929168131066
New Zealand,,1982,58.442341310507
New Zealand,,1981,58.8754773595199
New Zealand,,1980,58.6938470480777
New Zealand,,1979,58.8084654039428
New Zealand,,1978,52.5437112239143
New Zealand,,1977,53.8963114492105
New Zealand,,1976,55.9438556287597
New Zealand,,1975,53.1348788198103
New Zealand,,1974,53.5509396636993
New Zealand,,1973,47.8643625692859
New Zealand,,1972,45.8587398373984
New Zealand,,1971,44.1867250182349
New Zealand,,1970,47.1633776017142
Nicaragua,,2024,98.5258377100159
Nicaragua,,2023,105.003097611103
Nicaragua,,2022,115.454678712865
Nicaragua,,2021,106.20739081994
Nicaragua,,2020,88.6381231228968
Nicaragua,,2019,94.0422159246213
Nicaragua,,2018,93.9847404925404
Nicaragua,,2017,96.3805864351182
Nicaragua,,2016,93.8137278130087
Nicaragua,,2015,98.194164594236
Nicaragua,,2014,106.698200190796
Nicaragua,,2013,110.984207880382
Nicaragua,,2012,115.177288474198
Nicaragua,,2011,111.827453935999
Nicaragua,,2010,100.364058423919
Nicaragua,,2009,86.9936104453444
Nicaragua,,2008,96.7939847302055
Nicaragua,,2007,93.025730229333
Nicaragua,,2006,87.309670832079
Nicaragua,,2005,71.6457237072991
Nicaragua,,2004,67.195316780004
Nicaragua,,2003,62.1750658877514
Nicaragua,,2002,58.0912844080785
Nicaragua,,2001,57.9801315472268
Nicaragua,,2000,61.2984974600022
Nicaragua,,1999,62.5376445208417
Nicaragua,,1998,57.0137150680369
Nicaragua,,1997,58.0055306487605
Nicaragua,,1996,48.4828382973154
Nicaragua,,1995,44.0397944057464
Nicaragua,,1994,39.0812162921941
Nicaragua,,1993,68.285966789153
Nicaragua,,1992,70.5176260597947
Nicaragua,,1991,74.327973742158
Nicaragua,,1990,71.2908140830956
Nicaragua,,1989,97.7286839439197
Nicaragua,,1988,76.2510836857461
Nicaragua,,1987,25.5310493489726
Nicaragua,,1986,33.6079157745315
Nicaragua,,1985,36.5924611411654
Nicaragua,,1984,45.8938499865906
Nicaragua,,1983,49.3929234804352
Nicaragua,,1982,42.0340479047796
Nicaragua,,1981,64.1251625190137
Nicaragua,,1980,67.4971620249113
Nicaragua,,1979,70.1569429642538
Nicaragua,,1978,65.6589896817077
Nicaragua,,1977,69.5178284770884
Nicaragua,,1976,64.8367628665439
Nicaragua,,1975,64.9824869569316
Nicaragua,,1974,71.682179151295
Nicaragua,,1973,66.0130640464817
Nicaragua,,1972,64.9313138606419
Nicaragua,,1971,54.8392693679507
Nicaragua,,1970,55.9242870444614
Nicaragua,,1969,51.5661388077806
Nicaragua,,1968,57.0771661916884
Nicaragua,,1967,61.5060207804349
Nicaragua,,1966,61.2357794844316
Nicaragua,,1965,61.7075975788343
Nicaragua,,1964,59.3739521508727
Nicaragua,,1963,59.0667989792181
Nicaragua,,1962,55.3350806594471
Nicaragua,,1961,47.9552224001924
Nicaragua,,1960,49.8219860547277
Niger,,2024,51.9683509349368
Niger,,2023,46.4755580630668
Niger,,2022,52.8061484329409
Niger,,2021,37.0158935503713
Niger,,2020,35.5129906570841
Niger,,2019,37.1025664250801
Niger,,2018,37.5388483992356
Niger,,2017,39.0711117370149
Niger,,2016,36.4881092245519
Niger,,2015,44.727430371186
Niger,,2014,45.7416008365932
Niger,,2013,46.2951491493291
Niger,,2012,45.08596447308
Niger,,2011,50.2463951569345
Niger,,2010,51.9459863027627
Niger,,2009,49.5122567031625
Niger,,2008,39.7112440540383
Niger,,2007,35.5028028471007
Niger,,2006,36.5313731842429
Niger,,2005,38.3477418070736
Niger,,2004,36.9641044464896
Niger,,2003,33.3827931416238
Niger,,2002,30.8343857497549
Niger,,2001,33.0136670843015
Niger,,2000,34.7127807043604
Niger,,1999,31.3752367245391
Niger,,1998,35.0196895457842
Niger,,1997,33.1743453903346
Niger,,1996,36.539997643493
Niger,,1995,34.7775356997428
Niger,,1994,33.6425286170597
Niger,,1993,26.098937648296
Niger,,1992,28.7066499462238
Niger,,1991,30.336179238057
Niger,,1990,35.6167735553299
Niger,,1989,39.8980435664684
Niger,,1988,41.8884433363145
Niger,,1987,45.984511437125
Niger,,1986,40.6922950191672
Niger,,1985,53.5266371830812
Niger,,1984,49.8757152725003
Niger,,1983,47.7392587544749
Niger,,1982,57.0681085272408
Niger,,1981,60.3573157894737
Niger,,1980,62.7102974227301
Niger,,1979,65.4123428237894
Niger,,1978,50.3593488133735
Niger,,1977,48.9721123204891
Niger,,1976,56.6014748012522
Niger,,1975,50.2401835663806
Niger,,1974,41.2435435197421
Niger,,1973,39.2497880248584
Niger,,1972,34.7083140748665
Niger,,1971,27.968902996798
Niger,,1970,28.8730742489038
Niger,,1969,25.830694906107
Niger,,1968,22.2903252921457
Niger,,1967,22.8043546969323
Niger,,1966,28.538468040492
Niger,,1965,23.5004194985657
Niger,,1964,23.3653012604236
Niger,,1963,19.6334202262501
Niger,,1962,22.2313670785352
Niger,,1961,17.8265779954945
Niger,,1960,14.5057537358692
Nigeria,,1960,26.1665128655299
North Macedonia,,2024,138.478140593632
North Macedonia,,2023,148.671761949798
North Macedonia,,2022,166.147357379878
North Macedonia,,2021,146.721411484074
North Macedonia,,2020,128.241244322257
North Macedonia,,2019,138.576231840539
North Macedonia,,2018,133.215207648008
North Macedonia,,2017,124.13728389629
North Macedonia,,2016,116.185408418026
North Macedonia,,2015,113.698443879103
North Macedonia,,2014,112.537928969299
North Macedonia,,2013,104.857229956305
North Macedonia,,2012,112.214834702155
North Macedonia,,2011,113.19191013947
North Macedonia,,2010,97.8810691156562
North Macedonia,,2009,87.1767537660809
North Macedonia,,2008,111.570054713298
North Macedonia,,2007,106.092966003288
North Macedonia,,2006,92.5516664675666
North Macedonia,,2005,85.8410034787176
North Macedonia,,2004,80.8704849956907
North Macedonia,,2003,71.0693204909674
North Macedonia,,2002,71.5334846721143
North Macedonia,,2001,71.4782105684389
North Macedonia,,2000,80.1601473580914
North Macedonia,,1999,72.6249786897251
North Macedonia,,1998,76.5874821175197
North Macedonia,,1997,71.8342589043406
North Macedonia,,1996,57.9231431142338
North Macedonia,,1995,72.0437886613838
North Macedonia,,1994,82.3350649350649
North Macedonia,,1993,96.4424485401636
North Macedonia,,1992,102.38399161696
North Macedonia,,1991,46.3763429752066
North Macedonia,,1990,58.687030075188
Norway,,2024,81.2221458261111
Norway,,2023,80.3638456401269
Norway,,2022,82.6094798361389
Norway,,2021,71.2227137759599
Norway,,2020,65.3539790413323
Norway,,2019,70.8958205272987
Norway,,2018,70.0031957894984
Norway,,2017,69.1087817621061
Norway,,2016,69.1168423974699
Norway,,2015,70.431856540017
Norway,,2014,69.1373772209037
Norway,,2013,67.9727925936832
Norway,,2012,68.4985528389766
Norway,,2011,69.5987336334833
Norway,,2010,68.2395193584281
Norway,,2009,67.4643154601855
Norway,,2008,74.7852799340995
Norway,,2007,71.9420263082298
Norway,,2006,71.6599299465003
Norway,,2005,70.4694504909023
Norway,,2004,68.671953774992
Norway,,2003,66.3207509412935
Norway,,2002,67.5170140875686
Norway,,2001,73.1583039085777
Norway,,2000,74.3125187193698
Norway,,1999,69.5067285818851
Norway,,1998,71.6226841846104
Norway,,1997,72.1536965321464
Norway,,1996,70.2016361484898
Norway,,1995,67.2992862912687
Norway,,1994,67.6345957946686
Norway,,1993,67.2506812594327
Norway,,1992,66.7110650319213
Norway,,1991,69.589804667081
Norway,,1990,71.3870970753246
Norway,,1989,69.6421011633617
Norway,,1988,64.268375687413
Norway,,1987,64.8760226438632
Norway,,1986,69.7050413120884
Norway,,1985,75.6473127762704
Norway,,1984,74.6202264228429
Norway,,1983,73.9190093782594
Norway,,1982,76.0328943300563
Norway,,1981,77.1342390544994
Norway,,1980,78.0871499533428
Norway,,1979,74.8798626364437
Norway,,1978,70.721686682767
Norway,,1977,76.2019839976829
Norway,,1976,78.7649335352516
Norway,,1975,76.2687010107711
Norway,,1974,80.1089247833807
Norway,,1973,73.0704697986577
Norway,,1972,66.9628023294451
Norway,,1971,69.7036842667911
Norway,,1970,70.9636184857424
Oman,,2023,105.916707804376
Oman,,2022,105.745009280655
Oman,,2021,95.9494877293305
Oman,,2020,91.8758908014472
Oman,,2019,86.4782010313236
Oman,,2018,89.2792178262847
Oman,,2017,88.9531480182956
Oman,,2016,82.8642642018901
Oman,,2015,96.3775801852347
Oman,,2014,102.27872108813
Oman,,2013,112.543521763774
Oman,,2012,102.0747604043
Oman,,2011,101.641731939942
Oman,,2010,96.3865546218487
Oman,,2009,91.6279353346997
Oman,,2008,94.7619029877161
Oman,,2007,94.8657889777347
Oman,,2006,86.1457079854133
Oman,,2005,86.7613020421318
Oman,,2004,88.611307129045
Oman,,2003,84.846636733578
Oman,,2002,83.6537485764543
Oman,,2001,84.5270024947002
Oman,,2000,81.4132822358275
Oman,,1999,76.611197806525
Oman,,1998,80.4830604636084
Oman,,1997,71.594365872295
Oman,,1996,69.3906831462689
Oman,,1995,64.1500694766095
Oman,,1994,62.689996465182
Oman,,1993,65.0815118064186
Oman,,1992,64.7278861669356
Oman,,1991,62.7126492319462
Oman,,1990,61.2372503810231
Oman,,1988,71.3599007598077
Oman,,1987,77.9449949372376
Oman,,1986,80.1729928093436
Oman,,1985,87.0106191443797
Oman,,1984,87.8597886376317
Oman,,1983,91.7186792116019
Oman,,1982,101.69770438807
Oman,,1981,102.775894277673
Oman,,1980,100.314602390978
Oman,,1979,101.775866614967
Oman,,1978,107.046993444586
Oman,,1977,102.344718806008
Oman,,1976,108.300361868144
Oman,,1975,118.240847589181
Oman,,1974,121.477607739666
Oman,,1973,123.022432113341
Oman,,1972,103.125
Oman,,1971,97.9216626698641
Oman,,1970,93.3520599250936
Oman,,1969,86.5
Oman,,1968,84.8792884371029
Oman,,1967,56.1855670103093
Pakistan,,2024,27.4780864831866
Pakistan,,2023,28.6025773980658
Pakistan,,2022,33.031353478032
Pakistan,,2021,27.0304204125548
Pakistan,,2020,26.7162807328814
Pakistan,,2019,28.9055769867032
Pakistan,,2018,27.6260570796337
Pakistan,,2017,25.472035002344
Pakistan,,2016,24.7015780480573
Pakistan,,2015,26.6881860172247
Pakistan,,2014,29.4698256903998
Pakistan,,2013,30.8902743401844
Pakistan,,2012,31.3189732760076
Pakistan,,2011,32.3626382751438
Pakistan,,2010,31.9890020462315
Pakistan,,2009,33.3268872863988
Pakistan,,2008,34.3489608135242
Pakistan,,2007,30.7878814312746
Pakistan,,2006,33.0497193672284
Pakistan,,2005,29.8784940550747
Pakistan,,2004,24.8083348519064
Pakistan,,2003,24.6501585248398
Pakistan,,2002,23.1290159545291
Pakistan,,2001,23.5772074298467
Pakistan,,2000,21.4599638884654
Pakistan,,1999,32.3199628094266
Pakistan,,1998,34.011725180531
Pakistan,,1997,36.8522661008964
Pakistan,,1996,38.3301268339895
Pakistan,,1995,36.132753673519
Pakistan,,1994,35.0577237131595
Pakistan,,1993,38.4993168752315
Pakistan,,1992,37.6945397210631
Pakistan,,1991,35.4196551048403
Pakistan,,1990,35.034575900498
Pakistan,,1989,34.4216591208777
Pakistan,,1988,33.2842258313357
Pakistan,,1987,32.8971019024279
Pakistan,,1986,32.4067307767058
Pakistan,,1985,33.1707461712947
Pakistan,,1984,33.3626328602532
Pakistan,,1983,34.6919621171996
Pakistan,,1982,31.3222832005281
Pakistan,,1981,35.1680110425743
Pakistan,,1980,35.8968993803885
Pakistan,,1979,32.8645819972809
Pakistan,,1978,27.9180418977622
Pakistan,,1977,27.200363276972
Pakistan,,1976,28.9458746279648
Pakistan,,1975,32.3880449349271
Pakistan,,1974,30.8301741163651
Pakistan,,1973,28.9797309310733
Pakistan,,1972,15.8213377718435
Pakistan,,1971,18.202043669154
Pakistan,,1970,17.9661158928609
Pakistan,,1969,17.480471111756
Pakistan,,1968,19.1325464800501
Pakistan,,1967,20.4945704157992
Pakistan,,1966,19.1940852643708
Pakistan,,1965,24.0410837612892
Pakistan,,1964,23.1259582022109
Pakistan,,1963,23.9887538545257
Pakistan,,1962,21.0913520097442
Pakistan,,1961,20.2314791209912
Pakistan,,1960,20.3931892012994
Palau,,2022,87.7375620669108
Palau,,2021,80.7298234719488
Palau,,2020,107.241569970825
Palau,,2019,115.048648372571
Palau,,2018,116.887515105895
Palau,,2017,127.92324929972
Palau,,2016,127.407327951033
Palau,,2015,131.231224769102
Palau,,2014,141.171467758419
Palau,,2013,139.010551344002
Palau,,2012,145.342283919719
Palau,,2011,144.713408848522
Palau,,2010,138.962918953332
Palau,,2009,134.560995378899
Palau,,2008,142.823957969312
Palau,,2007,149.226444921843
Palau,,2006,161.522864812368
Palau,,2005,161.46939728362
Panama,,2023,89.5330683837851
Panama,,2022,93.687178754867
Panama,,2021,80.1334635232887
Panama,,2020,68.700423510603
Panama,,2019,80.4286505649569
Panama,,2018,86.1309615112445
Panama,,2017,84.0475372402933
Panama,,2016,84.3959718738111
Panama,,2015,96.5791573428957
Panama,,2014,114.970604927053
Panama,,2013,133.071568935782
Panama,,2012,153.208620367102
Panama,,2011,158.208395346813
Panama,,2010,145.44871880643
Panama,,2009,137.046021610678
Panama,,2008,164.58628613577
Panama,,2007,148.665601089573
Panama,,2006,141.47257128141
Panama,,2005,139.211165086724
Panama,,2004,124.761756520445
Panama,,2003,117.267478940646
Panama,,2002,126.024482449851
Panama,,2001,135.584351118395
Panama,,2000,139.197934867656
Panama,,1999,131.55739694225
Panama,,1998,157.996408512839
Panama,,1997,174.713863041899
Panama,,1996,165.609680183534
Panama,,1995,146.905380036798
Panama,,1994,143.609032792557
Panama,,1993,139.679221337261
Panama,,1992,144.87918854738
Panama,,1991,140.246558305042
Panama,,1990,121.793552873367
Panama,,1989,109.597744335875
Panama,,1988,97.6653454707486
Panama,,1987,98.5907715775113
Panama,,1986,97.3274590898378
Panama,,1985,94.0595722053528
Panama,,1984,91.8770280450338
Panama,,1983,93.1350462972318
Panama,,1982,116.784969807884
Panama,,1981,133.722896552873
Panama,,1980,137.501946214098
Panama,,1979,131.863049228414
Panama,,1978,125.817705989345
Panama,,1977,137.020235354405
Panama,,1976,137.069409058207
Panama,,1975,149.827502035577
Panama,,1974,150.139043523863
Panama,,1973,113.775123270882
Panama,,1972,115.024419872288
Panama,,1971,115.048927855135
Panama,,1970,117.373122732801
Panama,,1969,117.290003641185
Panama,,1968,113.983990346436
Panama,,1967,114.725277954911
Panama,,1966,116.110818629398
Panama,,1965,112.671960443189
Panama,,1964,109.419658243546
Panama,,1963,112.75063314169
Panama,,1962,110.350381347999
Panama,,1961,100.854603545788
Panama,,1960,100.168147607983
Papua New Guinea,,2004,131.082911016249
Papua New Guinea,,2003,123.449069006746
Papua New Guinea,,2002,118.919110291279
Papua New Guinea,,2001,117.580367053663
Papua New Guinea,,2000,115.421837958873
Papua New Guinea,,1999,116.006802066106
Papua New Guinea,,1998,102.860932133887
Papua New Guinea,,1997,99.2079750268377
Papua New Guinea,,1996,107.803352613066
Papua New Guinea,,1995,104.739980951459
Papua New Guinea,,1994,93.3026653165289
Papua New Guinea,,1993,89.5892872552444
Papua New Guinea,,1992,93.5519772673455
Papua New Guinea,,1991,94.4197914355447
Papua New Guinea,,1990,89.5715493140888
Papua New Guinea,,1989,93.3939652625012
Papua New Guinea,,1988,95.173653827955
Papua New Guinea,,1987,92.8388744294179
Papua New Guinea,,1986,94.9344866461921
Papua New Guinea,,1985,94.5546761868456
Papua New Guinea,,1984,92.5883902607843
Papua New Guinea,,1983,89.6476079346558
Papua New Guinea,,1982,97.3302080951292
Papua New Guinea,,1981,96.984302878896
Papua New Guinea,,1980,96.50489432703
Papua New Guinea,,1979,91.0694603044554
Papua New Guinea,,1978,87.3560866101818
Papua New Guinea,,1977,91.2437427801309
Papua New Guinea,,1976,82.5546456327921
Papua New Guinea,,1975,86.1430280806716
Papua New Guinea,,1974,86.7260295412306
Papua New Guinea,,1973,79.6982835902482
Papua New Guinea,,1972,79.4589789955288
Papua New Guinea,,1971,79.6085952047333
Papua New Guinea,,1970,72.414977027242
Papua New Guinea,,1969,64.811078752978
Papua New Guinea,,1968,58.9335044013148
Papua New Guinea,,1967,56.9979571506194
Papua New Guinea,,1966,56.9177885992552
Papua New Guinea,,1965,56.003904978848
Papua New Guinea,,1964,52.6045487894351
Papua New Guinea,,1963,48.3766233766234
Papua New Guinea,,1962,44.1252144082333
Papua New Guinea,,1961,44.2360475754803
Paraguay,,2024,76.831156543053
Paraguay,,2023,82.4052107741817
Paraguay,,2022,73.7379050218533
Paraguay,,2021,69.7422730211357
Paraguay,,2020,62.7602174748561
Paraguay,,2019,71.2221617342433
Paraguay,,2018,72.069223625915
Paraguay,,2017,71.0801344038377
Paraguay,,2016,67.7593152322047
Paraguay,,2015,66.9150655259573
Paraguay,,2014,69.0837249631346
Paraguay,,2013,73.3698713841075
Paraguay,,2012,74.7649574560794
Paraguay,,2011,78.4921238489348
Paraguay,,2010,81.2575233746727
Paraguay,,2009,70.8419818624432
Paraguay,,2008,80.777574657268
Paraguay,,2007,79.0011374202968
Paraguay,,2006,84.7335313048126
Paraguay,,2005,85.0219636540457
Paraguay,,2004,80.1044466155542
Paraguay,,2003,81.1273637701163
Paraguay,,2002,79.4415656482927
Paraguay,,2001,72.6056990118238
Paraguay,,2000,78.6447297611485
Paraguay,,1999,77.5552756906357
Paraguay,,1998,101.606320138559
Paraguay,,1997,95.9342762479745
Paraguay,,1996,103.035267206036
Paraguay,,1995,118.064074196549
Paraguay,,1994,123.079329466864
Paraguay,,1993,113.603763547842
Paraguay,,1992,89.4975575588359
Paraguay,,1991,89.1393192206208
Paraguay,,1990,91.3083408020561
Paraguay,,1989,82.9552279085221
Paraguay,,1988,85.0769742658953
Paraguay,,1987,72.4853666512713
Paraguay,,1986,67.1355549237912
Paraguay,,1985,54.208623583498
Paraguay,,1984,41.1262539124212
Paraguay,,1983,25.1422084708373
Paraguay,,1982,31.8963692608271
Paraguay,,1981,29.1392980559879
Paraguay,,1980,33.8956105620572
Paraguay,,1979,37.6143400679188
Paraguay,,1978,40.5348760781542
Paraguay,,1977,41.8952854953492
Paraguay,,1976,32.6988027224867
Paraguay,,1975,31.0629650439248
Paraguay,,1974,32.6675276907996
Paraguay,,1973,29.2337986399547
Paraguay,,1972,27.6060640460686
Paraguay,,1971,29.3183338110251
Paraguay,,1970,31.03802672148
Paraguay,,1969,31.7792076241565
Paraguay,,1968,29.1257819207654
Paraguay,,1967,27.8460621486219
Paraguay,,1966,29.3891179176178
Paraguay,,1965,30.7092249338009
Paraguay,,1964,26.5917748581202
Paraguay,,1963,24.5348548747209
Paraguay,,1962,27.3059320542158
Peru,,2024,51.4758878678142
Peru,,2023,50.7851842068664
Peru,,2022,57.2969759649721
Peru,,2021,55.427249365522
Peru,,2020,44.245967197744
Peru,,2019,46.9435053754409
Peru,,2018,48.631470171736
Peru,,2017,47.5135503619971
Peru,,2016,45.3888411964154
Peru,,2015,45.1627686891148
Peru,,2014,46.8531210912899
Peru,,2013,49.7871424471444
Peru,,2012,52.6198952632294
Peru,,2011,55.9882802838607
Peru,,2010,51.6728089370033
Peru,,2009,48.1119296153519
Peru,,2008,58.4337673899053
Peru,,2007,55.6881132836815
Peru,,2006,51.7850560338442
Peru,,2005,47.3573174768394
Peru,,2004,41.9360782679273
Peru,,2003,37.6246103251002
Peru,,2002,35.2491813317695
Peru,,2001,35.0644014310212
Peru,,2000,35.5380321623178
Peru,,1999,33.2057765558493
Peru,,1998,32.9530217853936
Peru,,1997,33.4695458506827
Peru,,1996,31.6542040912644
Peru,,1995,30.9272178475508
Peru,,1994,28.9229957698901
Peru,,1993,28.7665865706199
Peru,,1992,27.9772921552067
Peru,,1991,26.659254111884
Peru,,1990,29.469676899683
Peru,,1989,22.5367606006625
Peru,,1988,33.2217909613643
Peru,,1987,27.3509083778214
Peru,,1986,34.5163316153516
Peru,,1985,44.8787094814746
Peru,,1984,39.1900613100916
Peru,,1983,43.2368001967268
Peru,,1982,41.0704539418038
Peru,,1981,41.2800498631186
Peru,,1980,47.6433980529002
Peru,,1979,45.5871354282311
Peru,,1978,39.7109149432931
Peru,,1977,37.593827695349
Peru,,1976,31.4188767856073
Peru,,1975,31.9224798968511
Peru,,1974,35.4634343281208
Peru,,1973,28.6729886582217
Peru,,1972,28.146861360849
Peru,,1971,28.6149997879165
Peru,,1970,32.9936758795719
Peru,,1969,34.2867623821047
Peru,,1968,36.9837839204578
Peru,,1967,35.5979163539654
Peru,,1966,34.7276170845867
Peru,,1965,34.6636826770649
Peru,,1964,37.3122161348033
Peru,,1963,40.02640036037
Peru,,1962,41.9262285099283
Peru,,1961,43.0081880467796
Peru,,1960,40.481307519072
Philippines,,2024,65.8854725286968
Philippines,,2023,67.4199693173966
Philippines,,2022,72.4296836107599
Philippines,,2021,63.4846098136712
Philippines,,2020,58.1695603022281
Philippines,,2019,68.8418422595678
Philippines,,2018,72.1633982990273
Philippines,,2017,68.1683697426727
Philippines,,2016,61.7760657653871
Philippines,,2015,59.1415921053094
Philippines,,2014,57.4681720875945
Philippines,,2013,55.8247812320298
Philippines,,2012,57.8420055133082
Philippines,,2011,60.7958366999075
Philippines,,2010,66.1042785137797
Philippines,,2009,60.8865907869758
Philippines,,2008,67.6810707730401
Philippines,,2007,73.6449799920629
Philippines,,2006,80.8505386728775
Philippines,,2005,83.8456745708051
Philippines,,2004,87.1252848232048
Philippines,,2003,87.5746443636636
Philippines,,2002,83.8448040937789
Philippines,,2001,84.9003886237531
Philippines,,2000,85.1533684600039
Philippines,,1999,77.1614937122172
Philippines,,1998,80.077201518421
Philippines,,1997,77.2286459172662
Philippines,,1996,63.8553035508774
Philippines,,1995,57.3305579762779
Philippines,,1994,52.5265038023175
Philippines,,1993,50.4650429209218
Philippines,,1992,44.9911427301615
Philippines,,1991,44.2199237760081
Philippines,,1990,42.922356288058
Philippines,,1989,41.2829242962139
Philippines,,1988,39.3236456105194
Philippines,,1987,37.3574011096386
Philippines,,1986,34.7400067891545
Philippines,,1985,32.8405218386658
Philippines,,1984,34.8239843526748
Philippines,,1983,34.3130118372165
Philippines,,1982,32.1801402488095
Philippines,,1981,35.2707808775534
Poland,,2024,100.650141381651
Poland,,2023,110.024935041815
Poland,,2022,123.021332860345
Poland,,2021,110.874283021945
Poland,,2020,99.2590912303436
Poland,,2019,101.581033817373
Poland,,2018,102.442462168005
Poland,,2017,100.56589524628
Poland,,2016,96.8659028060623
Poland,,2015,92.2554272741942
Poland,,2014,92.0340197113178
Poland,,2013,90.4175072415629
Poland,,2012,88.8299033066583
Poland,,2011,86.9236892837618
Poland,,2010,82.2258523219922
Poland,,2009,74.9685965264269
Poland,,2008,80.5746815569207
Poland,,2007,80.745399056691
Poland,,2006,77.7008035402352
Poland,,2005,70.3114790902584
Poland,,2004,70.9815765694162
Poland,,2003,69.2134479841788
Poland,,2002,60.7967990573911
Poland,,2001,57.8785312712895
Poland,,2000,60.6107209423297
Poland,,1999,53.8980187624686
Poland,,1998,56.5460556555084
Poland,,1997,50.376378640536
Poland,,1996,45.3767344453465
Poland,,1995,43.5552180979904
Portugal,,2024,91.1410312778576
Portugal,,2023,93.8637906963574
Portugal,,2022,101.364147310434
Portugal,,2021,85.8735452148975
Portugal,,2020,76.5086407209215
Portugal,,2019,86.7709889083586
Portugal,,2018,86.7356954918399
Portugal,,2017,84.8077923069539
Portugal,,2016,79.5223464844001
Portugal,,2015,80.6346756266443
Portugal,,2014,80.220669072079
Portugal,,2013,78.0305056874282
Portugal,,2012,75.9411067187813
Portugal,,2011,73.0075756700531
Portugal,,2010,67.6892401927983
Portugal,,2009,61.4926935267759
Portugal,,2008,72.0757429221604
Portugal,,2007,69.9461175817991
Portugal,,2006,68.5470531182009
Portugal,,2005,62.944504560452
Portugal,,2004,63.2045936670279
Portugal,,2003,61.1389474883653
Portugal,,2002,62.3082594169772
Portugal,,2001,65.0919551771122
Portugal,,2000,67.4529979863247
Portugal,,1999,63.3143298172237
Portugal,,1998,63.8308988570361
Portugal,,1997,62.3049515024583
Portugal,,1996,60.2098050471666
Portugal,,1995,59.9144721620053
Portugal,,1994,57.1773600156865
Portugal,,1993,54.1752326633391
Portugal,,1992,56.3072775978983
Portugal,,1991,60.3666002157807
Portugal,,1990,65.0555926306887
Portugal,,1989,64.8688963786966
Portugal,,1988,63.1993819858485
Portugal,,1987,59.5758532762961
Portugal,,1986,54.0200662667425
Portugal,,1985,61.5163983775733
Portugal,,1984,64.4120956691972
Portugal,,1983,58.927638630084
Portugal,,1982,55.7622044487812
Portugal,,1981,55.5761399788775
Portugal,,1980,54.235250133883
Portugal,,1979,50.7332856319489
Portugal,,1978,41.1304102080515
Portugal,,1977,40.5280730452587
Portugal,,1976,37.7144802786258
Portugal,,1975,41.5330668634112
Portugal,,1974,53.9413742439675
Portugal,,1973,47.2371227194112
Portugal,,1972,46.2324812008255
Portugal,,1971,44.6741887841036
Portugal,,1970,43.2134622149252
Qatar,,2022,100.213647199618
Qatar,,2021,92.7791585715125
Qatar,,2020,90.0190948833102
Qatar,,2019,90.0463755485388
Qatar,,2018,91.838448978201
Qatar,,2017,91.4945879195194
Qatar,,2016,89.5476001199351
Qatar,,2015,93.7076041736357
Qatar,,2014,99.0343747414317
Qatar,,2013,102.383208106327
Qatar,,2012,105.746294425841
Qatar,,2011,98.7216386905895
Qatar,,2010,86.070289953093
Qatar,,2009,80.1441629727012
Qatar,,2008,89.4328416546905
Qatar,,2007,96.1141057101106
Qatar,,2006,98.570919313572
Qatar,,2005,94.7455441696331
Qatar,,2004,90.3724288385622
Qatar,,2003,90.1649486943021
Qatar,,2002,88.4697236252199
Qatar,,2001,94.968671679198
Qatar,,2000,89.6126597159917
Qatar,,1999,85.7329697856399
Qatar,,1998,91.0581255555736
Qatar,,1997,84.4470388418955
Qatar,,1996,83.5092210549861
Qatar,,1995,87.6679520311654
Qatar,,1994,78.6499268740476
Romania,,2024,77.2918515027171
Romania,,2023,83.0900673956751
Romania,,2022,93.6215624887545
Romania,,2021,86.6133494279219
Romania,,2020,77.923643460062
Romania,,2019,84.3677121619338
Romania,,2018,86.4911990211536
Romania,,2017,87.1560645667801
Romania,,2016,85.8925282906884
Romania,,2015,83.5205767017155
Romania,,2014,83.3751429575201
Romania,,2013,81.3976131747183
Romania,,2012,76.5943239913672
Romania,,2011,76.271356441629
Romania,,2010,69.9549354932718
Romania,,2009,58.4700583666529
Romania,,2008,65.1752009979412
Romania,,2007,63.5051566734658
Romania,,2006,61.6836259265159
Romania,,2005,59.3605494490555
Romania,,2004,60.6264786669408
Romania,,2003,56.1795270470243
Romania,,2002,53.7102478139376
Romania,,2001,51.9285910211481
Romania,,2000,48.5213253850786
Romania,,1999,57.9736750449875
Romania,,1998,53.838795710082
Romania,,1997,63.205242332383
Romania,,1996,60.7813693722174
Romania,,1995,56.291225396158
Romania,,1994,51.8670700671661
Romania,,1993,51.003703370966
Romania,,1992,63.9902474623499
Romania,,1991,39.1351694722991
Romania,,1990,42.9070987294556
Russia,,2024,39.5081647660396
Russia,,2023,40.8343264105273
Russia,,2022,42.7827864294811
Russia,,2021,50.5861954621752
Russia,,2020,45.9669082029127
Russia,,2019,49.2287536619033
Russia,,2018,51.5809003703964
Russia,,2017,46.8765243371311
Russia,,2016,46.5181198396096
Russia,,2015,49.3593493116887
Russia,,2014,47.8013412628116
Russia,,2013,46.287149400499
Russia,,2012,47.1513903857957
Russia,,2011,48.0353994077919
Russia,,2010,50.3555054872589
Russia,,2009,48.4350610278181
Russia,,2008,53.3824660408908
Russia,,2007,51.7061227454606
Russia,,2006,54.733401867266
Russia,,2005,56.7132484905422
Russia,,2004,56.5818523984055
Russia,,2003,59.1282690076014
Russia,,2002,59.6454457319607
Russia,,2001,61.1108586644206
Russia,,2000,68.0939070373555
Russia,,1999,69.393281498812
Russia,,1998,55.7722532849766
Russia,,1997,47.2569214100748
Russia,,1996,47.922500819419
Russia,,1995,55.1829054657257
Russia,,1994,50.9537126483831
Russia,,1993,68.6984432394613
Russia,,1992,110.577064702788
Russia,,1991,26.2567036110118
Russia,,1990,36.1067991307048
Russia,,1989,42.9144851657941
Rwanda,,2024,69.9544135680561
Rwanda,,2023,64.9069041420041
Rwanda,,2022,61.1450795033651
Rwanda,,2021,54.2938318463367
Rwanda,,2020,55.1879515519855
Rwanda,,2019,57.9756628637954
Rwanda,,2018,55.7841263739603
Rwanda,,2017,53.6752674177253
Rwanda,,2016,49.4849071069892
Rwanda,,2015,45.2019756159103
Rwanda,,2014,43.902733691075
Rwanda,,2013,42.6934924295362
Rwanda,,2012,40.5408629987193
Rwanda,,2011,39.71610247751
Rwanda,,2010,37.2788790923351
Rwanda,,2009,36.8056280084816
Rwanda,,2008,37.6045108548055
Rwanda,,2007,35.9709731972278
Rwanda,,2006,33.2214370724059
Rwanda,,2005,34.2165383418652
Rwanda,,2004,33.4616731030871
Rwanda,,2003,29.3106242354101
Rwanda,,2002,27.6094381162173
Rwanda,,2001,29.1989094376925
Rwanda,,2000,27.4848638250445
Rwanda,,1999,27.3335364212359
Rwanda,,1998,28.7944635910011
Rwanda,,1997,33.4674605100182
Rwanda,,1996,32.2300658207659
Rwanda,,1995,30.9721731494864
Rwanda,,1994,71.0956283073375
Rwanda,,1993,25.6790070069858
Rwanda,,1992,23.8314470330714
Rwanda,,1991,25.3719737830637
Rwanda,,1990,19.6841588743296
Rwanda,,1989,23.4277730301004
Rwanda,,1988,24.2228475694954
Rwanda,,1987,26.5912811811067
Rwanda,,1986,32.7388347274364
Rwanda,,1985,30.6698953489646
Rwanda,,1984,32.2956929713099
Rwanda,,1983,32.3407573683329
Rwanda,,1982,35.7030495764268
Rwanda,,1981,31.5802354173209
Rwanda,,1980,40.8185944654823
Rwanda,,1979,43.7974413276596
Rwanda,,1978,38.5811178238281
Rwanda,,1977,31.9279659041165
Rwanda,,1976,33.9744607168494
Rwanda,,1975,26.8713283270003
Rwanda,,1974,33.5076757230992
Rwanda,,1973,25.0409850426633
Rwanda,,1972,24.5374453581479
Rwanda,,1971,27.0805232043279
Rwanda,,1970,26.7394262826896
Rwanda,,1969,22.0349707721573
Rwanda,,1968,23.8792077245892
Rwanda,,1967,25.9250415727579
Rwanda,,1966,31.2775359101997
Rwanda,,1965,29.0322619667019
Rwanda,,1964,24.6153857514793
Rwanda,,1963,18.5937515625
Rwanda,,1962,22.0799985868801
Rwanda,,1961,21.3114726148888
Rwanda,,1960,22.5210038613101
Samoa,,2024,83.1316628565537
Samoa,,2023,90.6574805627022
Samoa,,2022,64.9831803274504
Samoa,,2021,60.8888856520264
Samoa,,2020,77.4835999958193
Samoa,,2019,83.3310795816457
Samoa,,2018,78.9349684295151
Samoa,,2017,74.0110807608335
Samoa,,2016,75.2118174672901
Samoa,,2015,74.6343550051873
Samoa,,2014,80.5007740440855
Samoa,,2013,77.877751737476
Samoa,,2012,82.7339794775292
Samoa,,2011,81.600955014363
Samoa,,2010,78.5698016774915
Samoa,,2009,75.9793921615973
Samoa,,2008,73.8864270586579
Samoa,,2007,83.2022041824641
Samoa,,2006,82.4691938417408
Samoa,,2005,76.2247442670718
Samoa,,2004,72.5293703149674
Samoa,,2003,76.272148769255
Samoa,,2002,87.9199711386734
San Marino,,2022,370.436071813414
San Marino,,2021,342.470174007962
San Marino,,2020,304.903167579063
San Marino,,2019,307.264778080283
San Marino,,2018,309.487956436918
San Marino,,2017,313.85032377067
San Marino,,2016,320.146089060708
San Marino,,2015,321.364013420909
Saudi Arabia,,2024,54.8044847186988
Saudi Arabia,,2023,54.1690118283683
Saudi Arabia,,2022,56.8241647749332
Saudi Arabia,,2021,50.8839263398787
Saudi Arabia,,2020,47.533159225048
Saudi Arabia,,2019,56.7938204886513
Saudi Arabia,,2018,59.1029104697141
Saudi Arabia,,2017,59.5319791578229
Saudi Arabia,,2016,57.9216635110364
Saudi Arabia,,2015,67.1052692300592
Saudi Arabia,,2014,78.000111117736
Saudi Arabia,,2013,80.2515014286783
Saudi Arabia,,2012,81.74067854616
Saudi Arabia,,2011,84.3594342438995
Saudi Arabia,,2010,82.5496850227537
Saudi Arabia,,2009,84.8583415624843
Saudi Arabia,,2008,96.1026308742185
Saudi Arabia,,2007,94.8633170967657
Saudi Arabia,,2006,89.9446046768984
Saudi Arabia,,2005,81.9540759410158
Saudi Arabia,,2004,75.0828366569341
Saudi Arabia,,2003,69.831170708742
Saudi Arabia,,2002,64.5927974099254
Saudi Arabia,,2001,63.5605836794513
Saudi Arabia,,2000,68.1664488005167
Saudi Arabia,,1999,57.8460488194196
Saudi Arabia,,1998,56.0883926105725
Saudi Arabia,,1997,65.1880669440449
Saudi Arabia,,1996,66.653820067958
Saudi Arabia,,1995,65.0417272083752
Saudi Arabia,,1994,60.0713114592181
Saudi Arabia,,1993,67.80697438575
Saudi Arabia,,1992,75.0920345777317
Saudi Arabia,,1991,74.6992988351616
Saudi Arabia,,1990,71.7080755916236
Saudi Arabia,,1989,71.823057426519
Saudi Arabia,,1988,66.5265839482753
Saudi Arabia,,1987,67.9943663902833
Saudi Arabia,,1986,62.489286379728
Saudi Arabia,,1985,66.7135242002774
Saudi Arabia,,1984,79.7444242547882
Saudi Arabia,,1983,86.1452694224357
Saudi Arabia,,1982,89.8500763323904
Saudi Arabia,,1981,92.9118801604833
Saudi Arabia,,1980,90.7561643535307
Saudi Arabia,,1979,89.1003303736254
Saudi Arabia,,1978,90.9143881174621
Saudi Arabia,,1977,89.98168407126
Saudi Arabia,,1976,83.9811454368416
Saudi Arabia,,1975,95.0665532121802
Saudi Arabia,,1974,76.1382244938468
Saudi Arabia,,1973,120.619449859216
Saudi Arabia,,1972,79.855702017176
Saudi Arabia,,1971,71.9018519092968
Saudi Arabia,,1970,72.3654847508058
Saudi Arabia,,1969,73.1327600257434
Saudi Arabia,,1968,72.448941455807
Senegal,,2024,71.1988886117514
Senegal,,2023,71.3942870327216
Senegal,,2022,79.5998216515832
Senegal,,2021,69.3759939883832
Senegal,,2020,60.0468716137065
Senegal,,2019,64.2362506061005
Senegal,,2018,61.7898394793183
Senegal,,2017,57.7052798455617
Senegal,,2016,54.1081692072139
Senegal,,2015,58.1103376742017
Senegal,,2014,58.4425289760992
Senegal,,2013,60.6267663596737
Senegal,,2012,61.9753040040375
Senegal,,2011,57.5768785989578
Senegal,,2010,52.4578551962948
Senegal,,2009,52.3072908773365
Senegal,,2008,62.7617698176319
Senegal,,2007,59.2713043549794
Senegal,,2006,54.1362378092613
Senegal,,2005,54.9032435689485
Senegal,,2004,53.6592031275529
Senegal,,2003,50.8212198933376
Senegal,,2002,53.1442994641329
Senegal,,2001,49.7205780648314
Senegal,,2000,48.680089723263
Senegal,,1999,49.4852621662422
Senegal,,1998,48.0986748167655
Senegal,,1997,47.2413224036235
Senegal,,1996,46.272432717398
Senegal,,1995,52.7254034277702
Senegal,,1994,54.7381345984609
Senegal,,1993,38.7742599564223
Senegal,,1992,41.4568617276384
Senegal,,1991,42.1828996492748
Senegal,,1990,44.7892639604104
Senegal,,1989,42.9574202579719
Senegal,,1988,40.6318676835579
Senegal,,1987,39.3920531855599
Senegal,,1986,44.8247040340199
Senegal,,1985,52.6337717754652
Senegal,,1984,65.4332867839953
Senegal,,1983,68.5643150477465
Senegal,,1982,57.1036068416595
Senegal,,1981,65.8519215038223
Senegal,,1980,49.3008323036292
Senegal,,1979,49.8026813756319
Senegal,,1978,50.2097268519194
Senegal,,1977,63.9537489590316
Senegal,,1976,54.1158121978957
Senegal,,1975,52.3800366767628
Senegal,,1974,61.3942914614354
Senegal,,1973,45.2983085904488
Senegal,,1972,43.8706013364347
Senegal,,1971,39.6811824660468
Senegal,,1970,39.3467451277861
Senegal,,1969,38.930677349546
Senegal,,1968,35.6041185550288
Senegal,,1967,27.878278351881
Senegal,,1966,28.6840155172826
Senegal,,1965,26.9518559906328
Senegal,,1964,28.0073275490751
Senegal,,1963,27.9205523879157
Senegal,,1962,29.8557028252819
Senegal,,1961,31.0092686118425
Senegal,,1960,24.0922122787737
Serbia,,2024,111.460958412347
Serbia,,2023,114.493948658228
Serbia,,2022,131.93764235858
Serbia,,2021,112.342298324945
Serbia,,2020,100.324460810129
Serbia,,2019,107.577309546092
Serbia,,2018,105.563713028559
Serbia,,2017,102.740445166934
Serbia,,2016,97.6906940431804
Serbia,,2015,93.5281477663237
Serbia,,2014,88.3815023270446
Serbia,,2013,84.3322563766638
Serbia,,2012,82.0766814348254
Serbia,,2011,75.7493613069523
Serbia,,2010,73.7088615865295
Serbia,,2009,63.5017226157541
Serbia,,2008,75.7432462868839
Serbia,,2007,72.7165875771534
Serbia,,2006,75.529235364472
Serbia,,2005,71.9925488520017
Serbia,,2004,72.2876162455649
Serbia,,2003,58.2946720222191
Serbia,,2002,54.302882889577
Serbia,,2001,53.8950786178485
Serbia,,2000,21.109043880746
Serbia,,1999,24.1979423920709
Serbia,,1998,39.1669755756981
Serbia,,1997,32.6780204946957
Serbia,,1996,27.3190037104059
Serbia,,1995,12.5744954171822
Seychelles,,2024,188.369185297411
Seychelles,,2023,180.82726250166
Seychelles,,2022,189.826835436591
Seychelles,,2021,183.77081501466
Seychelles,,2020,153.48333156592
Seychelles,,2019,173.407846880196
Seychelles,,2018,185.7075372109
Seychelles,,2017,197.442236417869
Seychelles,,2016,180.866188390939
Seychelles,,2015,187.475012467679
Seychelles,,2014,213.354469426486
Seychelles,,2013,196.517733268793
Seychelles,,2012,222.178254853141
Seychelles,,2011,210.075382747992
Seychelles,,2010,198.162692424328
Seychelles,,2009,221.933825358009
Seychelles,,2008,208.842968505327
Seychelles,,2007,174.928462798259
Seychelles,,2006,177.56693551462
Seychelles,,2005,171.101735954764
Seychelles,,2004,149.54093675029
Seychelles,,2003,168.844235034216
Seychelles,,2002,156.9298895573
Seychelles,,2001,179.884914877473
Seychelles,,2000,151.302447835167
Seychelles,,1999,88.3643279187233
Seychelles,,1998,78.9739492859688
Seychelles,,1997,76.647187022948
Seychelles,,1996,98.0553434635995
Seychelles,,1995,53.3925777094071
Seychelles,,1994,50.072344089516
Seychelles,,1993,57.891896451761
Seychelles,,1992,52.3955389700337
Seychelles,,1991,56.0589192181602
Seychelles,,1990,62.5764814210132
Seychelles,,1989,61.8712158904144
Seychelles,,1988,63.7327595934762
Seychelles,,1987,51.4338514193978
Seychelles,,1986,56.4464342994092
Seychelles,,1985,71.2917348969576
Seychelles,,1984,71.1761122222006
Seychelles,,1983,69.8477541990675
Seychelles,,1982,72.3601710182479
Seychelles,,1981,67.4998950050524
Seychelles,,1980,77.1444089624757
Seychelles,,1979,83.5590023576126
Seychelles,,1978,85.3202757229321
Seychelles,,1977,88.0983373884834
Seychelles,,1976,97.0921374745278
Sierra Leone,,2024,64.4777968992352
Sierra Leone,,2023,55.8696881550025
Sierra Leone,,2022,45.0330918170265
Sierra Leone,,2021,42.1056362726289
Sierra Leone,,2020,30.5875766269584
Sierra Leone,,2019,37.5469541133796
Sierra Leone,,2018,37.3774603119412
Sierra Leone,,2017,41.5213782343591
Sierra Leone,,2016,43.0672126969961
Sierra Leone,,2015,36.4823958242319
Sierra Leone,,2014,51.1187772788807
Sierra Leone,,2013,53.3627646114117
Sierra Leone,,2012,53.3813447139398
Sierra Leone,,2011,43.7807969332619
Sierra Leone,,2010,27.9541259241389
Sierra Leone,,2009,23.0753395976546
Sierra Leone,,2008,21.2566155636984
Sierra Leone,,2007,21.8067992689239
Sierra Leone,,2006,22.0888664739674
Sierra Leone,,2005,47.5479834547988
Sierra Leone,,2004,46.1719994018227
Sierra Leone,,2003,46.4464372960676
Sierra Leone,,2002,38.9169120522077
Sierra Leone,,2001,35.9381603400143
Sierra Leone,,2000,57.5299628959222
Sierra Leone,,1999,33.7491637023642
Sierra Leone,,1998,35.3326795564082
Sierra Leone,,1997,28.2780240362665
Sierra Leone,,1996,49.5955306540939
Sierra Leone,,1995,45.029250437578
Sierra Leone,,1994,55.1600675188324
Sierra Leone,,1993,52.8598375891873
Sierra Leone,,1992,64.4928752528777
Sierra Leone,,1991,60.2440496086611
Sierra Leone,,1990,68.690667371374
Sierra Leone,,1989,41.5884173462192
Sierra Leone,,1988,43.1161650813632
Sierra Leone,,1987,55.1530793876824
Sierra Leone,,1986,26.9269776876268
Sierra Leone,,1985,31.4318442153494
Sierra Leone,,1984,23.0298589485254
Sierra Leone,,1983,33.1059111987634
Sierra Leone,,1982,41.6889996883764
Sierra Leone,,1981,62.7534437393592
Sierra Leone,,1980,61.0817827780182
Sierra Leone,,1979,46.990557541686
Sierra Leone,,1978,43.8304797295215
Sierra Leone,,1977,46.4492897066407
Sierra Leone,,1976,50.4664483462835
Sierra Leone,,1975,59.5797340975518
Sierra Leone,,1974,50.2303350130848
Sierra Leone,,1973,48.042420435065
Sierra Leone,,1972,56.8064421779112
Sierra Leone,,1971,63.6544358736779
Sierra Leone,,1970,60.302368173167
Sierra Leone,,1969,52.8224326506643
Sierra Leone,,1968,50.5305893780263
Sierra Leone,,1967,58.3927157561362
Sierra Leone,,1966,59.3959731543624
Sierra Leone,,1965,60.148032723023
Sierra Leone,,1964,58.5933210641672
Singapore,,2024,322.371427934716
Singapore,,2023,325.69322405378
Singapore,,2022,332.34956775484
Singapore,,2021,329.161383683762
Singapore,,2020,332.040805481913
Singapore,,2019,324.394985115301
Singapore,,2018,326.59658728675
Singapore,,2017,316.794409287568
Singapore,,2016,302.839656046574
Singapore,,2015,329.471398940262
Singapore,,2014,360.467319166237
Singapore,,2013,367.041780049019
Singapore,,2012,369.212965787665
Singapore,,2011,379.098631377539
Singapore,,2010,369.685555787646
Singapore,,2009,358.192811828842
Singapore,,2008,437.326714891057
Singapore,,2007,394.288471919078
Singapore,,2006,425.363399543019
Singapore,,2005,420.430512920559
Singapore,,2004,401.523712538509
Singapore,,2003,377.218564301581
Singapore,,2002,349.746013985676
Singapore,,2001,349.292105694978
Singapore,,2000,364.364520468218
Singapore,,1999,336.484846412882
Singapore,,1998,312.079255674686
Singapore,,1997,323.86442214814
Singapore,,1996,334.911163288092
Singapore,,1995,345.459263895462
Singapore,,1994,316.216547584567
Singapore,,1993,313.416139807665
Singapore,,1992,311.312267281518
Singapore,,1991,323.887994825751
Singapore,,1990,344.33221784507
Singapore,,1989,347.5726856798
Singapore,,1988,359.867159003075
Singapore,,1987,325.038474626505
Singapore,,1986,294.826460468494
Singapore,,1985,304.14484567871
Singapore,,1984,313.123526254242
Singapore,,1983,333.147038730359
Singapore,,1982,372.537167610326
Singapore,,1981,399.778268318397
Singapore,,1980,410.936775211058
Singapore,,1979,375.010406221028
Singapore,,1978,334.601961019556
Singapore,,1977,326.983709610351
Singapore,,1976,305.899996000906
Singapore,,1975,283.570185086716
Singapore,,1974,313.964960955157
Singapore,,1973,245.728962253261
Singapore,,1972,229.053394842393
Singapore,,1971,259.296670947633
Singapore,,1970,271.059479870053
Singapore,,1969,273.697675791628
Singapore,,1968,256.800476583265
Singapore,,1967,235.934985091955
Singapore,,1966,253.777857227982
Singapore,,1965,257.54122536533
Singapore,,1964,255.030688294608
Singapore,,1963,296.88145247419
Singapore,,1962,286.644526153481
Singapore,,1961,299.401888324006
Singapore,,1960,339.30657272643
Slovakia,,2024,170.244435707574
Slovakia,,2023,181.033630736396
Slovakia,,2022,203.928968248026
Slovakia,,2021,181.904665436682
Slovakia,,2020,167.534173320366
Slovakia,,2019,183.722608631236
Slovakia,,2018,188.732964699496
Slovakia,,2017,186.644687399549
Slovakia,,2016,182.757379596201
Slovakia,,2015,179.42602289503
Slovakia,,2014,176.756316098132
Slovakia,,2013,180.903136491458
Slovakia,,2012,176.968958181431
Slovakia,,2011,169.178076311066
Slovakia,,2010,155.108497681586
Slovakia,,2009,136.714352092364
Slovakia,,2008,162.464472991641
Slovakia,,2007,166.580025216882
Slovakia,,2006,164.992205726236
Slovakia,,2005,148.705461161746
Slovakia,,2004,140.222460021585
Slovakia,,2003,125.998506220804
Slovakia,,2002,120.599168045888
Slovakia,,2001,121.931131222912
Slovakia,,2000,108.939262958746
Slovakia,,1999,97.530252180251
Slovakia,,1998,101.906217751394
Slovakia,,1997,117.288133745109
Slovakia,,1996,110.817704215698
Slovakia,,1995,107.235188114551
Slovakia,,1994,107.060186670689
Slovakia,,1993,110.829226635557
Slovakia,,1992,131.441897608458
Slovakia,,1991,86.7736125430284
Slovakia,,1990,56.466265712049
Slovenia,,2024,156.482456986786
Slovenia,,2023,160.098444691588
Slovenia,,2022,186.21959497631
Slovenia,,2021,162.082728356416
Slovenia,,2020,147.549008584942
Slovenia,,2019,160.044275685249
Slovenia,,2018,162.613493975851
Slovenia,,2017,158.70213584467
Slovenia,,2016,148.238448080388
Slovenia,,2015,147.218367714503
Slovenia,,2014,146.471705096746
Slovenia,,2013,145.168789432403
Slovenia,,2012,143.656448572975
Slovenia,,2011,140.332355750319
Slovenia,,2010,128.606575425363
Slovenia,,2009,114.482301023638
Slovenia,,2008,135.387093664802
Slovenia,,2007,137.66309435102
Slovenia,,2006,130.517913086158
Slovenia,,2005,121.127284217914
Slovenia,,2004,112.399933466762
Slovenia,,2003,103.280027127626
Slovenia,,2002,104.880458289416
Slovenia,,2001,105.583223530684
Slovenia,,2000,104.620348581459
Slovenia,,1999,92.9581874247278
Slovenia,,1998,97.068081542623
Slovenia,,1997,96.4295395033677
Slovenia,,1996,93.6684415177777
Slovenia,,1995,93.0505272972723
Slovenia,,1994,97.1248049291133
Slovenia,,1993,96.0223552504566
Slovenia,,1992,98.3919559552935
Slovenia,,1991,130.099381673414
Slovenia,,1990,139.573592304258
Solomon Islands,,2022,78.0359309562018
Solomon Islands,,2021,66.6394072717162
Solomon Islands,,2020,60.2203376396925
Solomon Islands,,2019,82.9983376152335
Solomon Islands,,2018,88.4946797331694
Solomon Islands,,2017,82.1975709060796
Solomon Islands,,2016,85.5495968771661
Solomon Islands,,2015,88.1884134973
Solomon Islands,,2014,93.4540064769601
Solomon Islands,,2013,99.6070245689517
Solomon Islands,,2012,104.823630628047
Solomon Islands,,2011,107.247678208992
Solomon Islands,,2010,96.1480049703162
Solomon Islands,,2009,71.8854025397608
Solomon Islands,,2008,87.3532834580216
Solomon Islands,,2007,83.7474625967972
Solomon Islands,,2006,69.7892271662763
Solomon Islands,,2005,66.5745856353591
Solomon Islands,,2004,62.8108138970567
Solomon Islands,,2003,55.9585326953748
Solomon Islands,,2002,45.1275100252581
Solomon Islands,,2001,45.1100685673042
Solomon Islands,,2000,58.5523280892414
Solomon Islands,,1999,69.1617439923623
Solomon Islands,,1998,83.1388019998149
Solomon Islands,,1997,100.91097317163
Solomon Islands,,1996,98.795453322306
Solomon Islands,,1995,114.205186316442
Solomon Islands,,1994,136.814712152103
Solomon Islands,,1993,161.468807053225
Solomon Islands,,1992,149.791776736118
Solomon Islands,,1991,168.200409411776
Solomon Islands,,1990,142.442017969002
Solomon Islands,,1989,193.46155193167
Solomon Islands,,1988,192.625503459946
Solomon Islands,,1987,157.995793180199
Solomon Islands,,1986,157.92730110765
Solomon Islands,,1985,142.79660059555
Solomon Islands,,1984,150.906496622401
Solomon Islands,,1983,142.690952167067
Solomon Islands,,1982,142.530807553612
Solomon Islands,,1981,142.352863768612
Solomon Islands,,1980,142.352868177982
Somalia,,2024,94.3602941087719
Somalia,,2023,92.686154350506
Somalia,,2022,90.759891164324
Somalia,,2021,79.0932313826745
Somalia,,2020,75.6877839830262
Somalia,,2019,70.3106083602255
Somalia,,2018,73.8208379982079
Somalia,,2017,68.6756490932841
Somalia,,2016,74.3615625516249
Somalia,,2015,76.4793322385239
Somalia,,2014,81.7010414559322
Somalia,,2013,83.3409991258378
Somalia,,2012,88.5736460782288
Somalia,,1990,42.2633324699489
Somalia,,1989,48.6201733615383
Somalia,,1988,26.6656393004625
Somalia,,1987,37.5640309796708
Somalia,,1986,36.9028626194425
Somalia,,1985,25.6575787375415
Somalia,,1984,75.7521752590237
Somalia,,1983,96.1143266019528
Somalia,,1982,93.9988329360036
Somalia,,1981,93.1673952847298
Somalia,,1980,121.884562874113
Somalia,,1979,99.9777613355593
Somalia,,1978,82.0060927217125
Somalia,,1977,79.4767423255814
Somalia,,1976,31.3867751247566
Somalia,,1975,36.9453606849877
Somalia,,1974,46.9212235729872
Somalia,,1973,42.7533432203542
Somalia,,1972,33.7781079359666
Somalia,,1971,31.6505479797009
Somalia,,1970,26.1915794035625
Somalia,,1969,39.6409236074627
Somalia,,1968,36.4111234375
Somalia,,1967,35.9037764121572
Somalia,,1966,37.5326475195822
Somalia,,1965,37.7908151009857
Somalia,,1964,46.4165407225805
Somalia,,1963,41.8420279197328
Somalia,,1962,40.3081088322197
Somalia,,1961,39.0795752381978
Somalia,,1960,29.8603131799379
South Africa,,2024,61.7025980575759
South Africa,,2023,65.1800955490051
South Africa,,2022,64.7830021330108
South Africa,,2021,56.0347138372399
South Africa,,2020,50.7596590804177
South Africa,,2019,53.8979964081406
South Africa,,2018,54.4855451276341
South Africa,,2017,53.5359318293741
South Africa,,2016,55.8612575048782
South Africa,,2015,56.7266761447156
South Africa,,2014,59.4995740550593
South Africa,,2013,58.875027630051
South Africa,,2012,55.5826171933345
South Africa,,2011,54.6363504358971
South Africa,,2010,50.4060871625999
South Africa,,2009,49.5875353278801
South Africa,,2008,65.9745237996233
South Africa,,2007,57.125139137747
South Africa,,2006,53.7681412741145
South Africa,,2005,47.4277813970329
South Africa,,2004,45.6435752240041
South Africa,,2003,45.723862568979
South Africa,,2002,53.4655016294369
South Africa,,2001,49.170945185829
South Africa,,2000,46.2207217354077
South Africa,,1999,42.2582960172673
South Africa,,1998,44.0357453368965
South Africa,,1997,42.3013344291831
South Africa,,1996,42.199251732528
South Africa,,1995,39.4780337793026
South Africa,,1994,37.1146091666279
South Africa,,1993,35.6981243460429
South Africa,,1992,34.3213534993474
South Africa,,1991,34.8816092569776
South Africa,,1990,38.2118009241798
South Africa,,1989,42.6997653451896
South Africa,,1988,45.8513122493528
South Africa,,1987,44.9712541338082
South Africa,,1986,46.6489279194359
South Africa,,1985,47.9482663808045
South Africa,,1984,43.392941289225
South Africa,,1983,40.2562021253767
South Africa,,1982,47.141815686779
South Africa,,1981,52.1929556270568
South Africa,,1980,56.5073165127734
South Africa,,1979,54.1070082893745
South Africa,,1978,50.9515108298422
South Africa,,1977,48.2113862390907
South Africa,,1976,48.8807534303999
South Africa,,1975,49.8140560983297
South Africa,,1974,48.796358852185
South Africa,,1973,41.1514967725166
South Africa,,1972,40.7725777353285
South Africa,,1971,40.4980888676541
South Africa,,1970,39.7862232779097
South Africa,,1969,39.62195565249
South Africa,,1968,41.2933289731851
South Africa,,1967,42.4918148836386
South Africa,,1966,42.0943749384297
South Africa,,1965,45.5168719871452
South Africa,,1964,45.9484777517564
South Africa,,1963,44.9761382690571
South Africa,,1962,43.3523537803138
South Africa,,1961,43.7481031866464
South Africa,,1960,46.8554968795007
South Sudan,,2015,65.5513491845003
South Sudan,,2014,64.6345178070809
South Sudan,,2013,50.8112465907463
South Sudan,,2012,71.6198113947489
South Sudan,,2011,93.226859754919
South Sudan,,2010,90.9434483661131
South Sudan,,2009,94.8357640879963
South Sudan,,2008,97.2662973183488
Spain,,2024,70.3050400627785
Spain,,2023,72.1917288917484
Spain,,2022,78.6275624641006
Spain,,2021,66.524588943191
Spain,,2020,59.4461280147076
Spain,,2019,66.3662250440692
Spain,,2018,67.0094103982921
Spain,,2017,66.167446137857
Spain,,2016,63.1886778507294
Spain,,2015,63.5820412248232
Spain,,2014,63.39926213895
Spain,,2013,61.6687726441327
Spain,,2012,60.5540346961864
Spain,,2011,58.5118228859632
Spain,,2010,52.6933699734019
Spain,,2009,46.8366899971109
Spain,,2008,55.8281315172523
Spain,,2007,57.6269487657546
Spain,,2006,56.0839263823216
Spain,,2005,54.6991667043772
Spain,,2004,54.4795182656074
Spain,,2003,53.4357897202258
Spain,,2002,55.1021415309759
Spain,,2001,58.0138895625701
Spain,,2000,60.1216241049216
Spain,,1999,54.6969131882495
Spain,,1998,52.730313072059
Spain,,1997,51.2271398594527
Spain,,1996,46.2977506718533
Spain,,1995,44.8306279725111
Spain,,1994,41.6958801099563
Spain,,1993,36.9951619593819
Spain,,1992,36.020774482446
Spain,,1991,35.5206586037759
Spain,,1990,35.652904977259
Spain,,1989,37.4285579561832
Spain,,1988,36.7581428262889
Spain,,1987,36.3648005439518
Spain,,1986,35.3920090023813
Spain,,1985,40.9180792623493
Spain,,1984,41.5938348404492
Spain,,1983,39.817262967199
Spain,,1982,36.5726058076023
Spain,,1981,35.4228067524618
Spain,,1980,31.5983694308493
Spain,,1979,27.8704940660692
Spain,,1978,27.7598226101619
Spain,,1977,29.1985265451841
Spain,,1976,30.1123441469801
Spain,,1975,29.1198999357995
Spain,,1974,31.7321293898947
Spain,,1973,28.141361461061
Spain,,1972,27.2143538211121
Spain,,1971,25.9266965745753
Spain,,1970,25.8528842334683
Sri Lanka,,2024,42.3975008711047
Sri Lanka,,2023,43.5362302960951
Sri Lanka,,2022,46.6826080196819
Sri Lanka,,2021,41.2288463291999
Sri Lanka,,2020,37.089118857292
Sri Lanka,,2019,49.42552388546
Sri Lanka,,2018,49.8093967521361
Sri Lanka,,2017,47.1404098004644
Sri Lanka,,2016,46.4715370252187
Sri Lanka,,2015,46.9179708088816
Sri Lanka,,2009,49.1491415308235
Sri Lanka,,2008,63.369043608222
Sri Lanka,,2007,68.6065116601391
Sri Lanka,,2006,71.2611784883009
Sri Lanka,,2005,73.6039729580533
Sri Lanka,,2004,79.4829449011187
Sri Lanka,,2003,75.336247330543
Sri Lanka,,2002,76.3351317826517
Sri Lanka,,2001,80.8986015327576
Sri Lanka,,2000,88.636441704913
Sri Lanka,,1999,78.7514783496374
Sri Lanka,,1998,78.4949891255872
Sri Lanka,,1997,80.1375533095503
Sri Lanka,,1996,78.8739637143809
Sri Lanka,,1995,81.6350490886111
Sri Lanka,,1994,79.4307906970319
Sri Lanka,,1993,77.1475183409566
Sri Lanka,,1992,72.8037565573982
Sri Lanka,,1991,67.5959123930763
Sri Lanka,,1990,68.243915172911
Sri Lanka,,1989,64.0169755965874
Sri Lanka,,1988,62.9132091791226
Sri Lanka,,1987,60.8886607056623
Sri Lanka,,1986,59.0475500629618
Sri Lanka,,1985,63.9772132409546
Sri Lanka,,1984,63.5476695328659
Sri Lanka,,1983,67.7601335515333
Sri Lanka,,1982,73.6139382091537
Sri Lanka,,1981,76.9954708546556
Sri Lanka,,1980,87.0173012461106
Sri Lanka,,1979,79.4643709317197
Sri Lanka,,1978,74.3161842259463
Sri Lanka,,1977,63.9712143269151
Sri Lanka,,1976,60.4277720756216
Sri Lanka,,1975,62.4487338676299
Sri Lanka,,1974,60.329813638467
Sri Lanka,,1973,49.907628776353
Sri Lanka,,1972,46.2254869810454
Sri Lanka,,1971,51.2241992882562
Sri Lanka,,1970,54.0544496487119
Sri Lanka,,1969,43.0098332620778
Sri Lanka,,1968,44.2101334297444
Sri Lanka,,1967,43.7645236250968
Sri Lanka,,1966,48.2187837351565
Sri Lanka,,1965,51.3978228599703
Sri Lanka,,1964,51.3372618247145
Sri Lanka,,1963,53.2493792197237
Sri Lanka,,1962,56.9939692539455
Sri Lanka,,1961,56.0229732218182
Sri Lanka,,1960,62.8658933094919
Sudan,,2024,2.46152285835024
Sudan,,2023,2.47372878267665
Sudan,,2022,2.69883443585856
Sudan,,2021,4.12754863828426
Sudan,,2020,9.95514507626151
Sudan,,2019,26.1196204552625
Sudan,,2018,21.8679187274323
Sudan,,2017,17.8313898297102
Sudan,,2016,15.2816698903461
Sudan,,2015,18.3782728546541
Sudan,,2014,20.8451090041313
Sudan,,2013,26.8585245020134
Sudan,,2012,21.8561745247301
Sudan,,2011,27.512339023518
Sudan,,2010,32.728309950035
Sudan,,2009,32.7808783344833
Sudan,,2008,36.7410978273835
Sudan,,2007,34.4033361615632
Sudan,,2006,36.2025936172703
Sudan,,2005,35.8715914021946
Sudan,,2004,30.4323376195052
Sudan,,2003,26.4402280670553
Sudan,,2002,25.6255617213052
Sudan,,2001,20.2933456223411
Sudan,,2000,29.4042344599492
Sudan,,1999,24.7143682332999
Sudan,,1998,21.8751479870534
Sudan,,1997,17.858606720307
Sudan,,1996,20.0298432137309
Sudan,,1995,14.7723984872323
Sudan,,1994,14.610015048858
Sudan,,1993,11.4660832437785
Sudan,,1992,19.6706332930978
Sudan,,1991,15.0729562327699
Sudan,,1990,11.0908904749794
Sudan,,1989,14.688098488112
Sudan,,1988,11.4879438435908
Sudan,,1987,16.6482910694598
Sudan,,1986,12.9605041517211
Sudan,,1985,17.6291009158533
Sudan,,1984,24.9596889978574
Sudan,,1983,31.77807686556
Sudan,,1982,34.3915343915344
Sudan,,1981,33.2784239338425
Sudan,,1980,33.7362318192989
Sudan,,1979,29.3116333139583
Sudan,,1978,23.1340851313474
Sudan,,1977,26.0033700980392
Sudan,,1976,30.365842009743
Sudan,,1975,34.7981421936406
Sudan,,1974,33.4348929996373
Sudan,,1973,31.8712085860943
Sudan,,1972,32.6856349757113
Sudan,,1971,32.8187751004016
Sudan,,1970,32.7498974429099
Sudan,,1969,31.1052386133997
Sudan,,1968,31.9582334816843
Sudan,,1967,30.6592817580847
Sudan,,1966,28.2646546720836
Sudan,,1965,29.2774910678841
Sudan,,1964,33.4712453454696
Sudan,,1963,34.750265674814
Sudan,,1962,29.6648648648649
Sudan,,1961,27.665570690465
Sudan,,1960,27.5624681285059
Suriname,,2010,90.9613941465855
Suriname,,2009,87.9206617785298
Suriname,,2008,109.166838523407
Suriname,,2007,101.377000372162
Suriname,,2006,98.1681931723564
Sweden,,2024,104.810994271736
Sweden,,2023,106.740878308822
Sweden,,2022,105.855015275665
Sweden,,2021,90.2779861793753
Sweden,,2020,84.3307817719974
Sweden,,2019,92.5210834810288
Sweden,,2018,90.1296957156635
Sweden,,2017,85.9212504203118
Sweden,,2016,83.2638007491712
Sweden,,2015,84.1571739317941
Sweden,,2014,83.822646765647
Sweden,,2013,81.6398133610723
Sweden,,2012,85.2976712116916
Sweden,,2011,86.3903250752058
Sweden,,2010,85.0910494657093
Sweden,,2009,81.9578893979245
Sweden,,2008,92.8079014378124
Sweden,,2007,89.5464307031896
Sweden,,2006,88.3298358884675
Sweden,,2005,84.1675204576753
Sweden,,2004,78.7355197224061
Sweden,,2003,75.3278179685299
Sweden,,2002,77.0849041710567
Sweden,,2001,80.5687003228602
Sweden,,2000,81.4716102275416
Sweden,,1999,74.8473998972004
Sweden,,1998,74.3340863552886
Sweden,,1997,71.994265840591
Sweden,,1996,66.5058766503578
Sweden,,1995,68.6804187786881
Sweden,,1994,63.9489601974769
Sweden,,1993,58.2328620876953
Sweden,,1992,50.8517871690285
Sweden,,1991,51.1696040454209
Sweden,,1990,55.9048535341563
Sweden,,1989,59.124871913023
Sweden,,1988,58.4381680571833
Sweden,,1987,58.7698076054576
Sweden,,1986,58.329293696748
Sweden,,1985,64.0886976402252
Sweden,,1984,64.2757533077726
Sweden,,1983,64.3938804432443
Sweden,,1982,60.7431715670208
Sweden,,1981,55.8231729980472
Sweden,,1980,55.9531970200807
Sweden,,1979,56.2319539254548
Sweden,,1978,50.4370889667765
Sweden,,1977,51.3484652612129
Sweden,,1976,51.8274681497939
Sweden,,1975,51.4055340998328
Sweden,,1974,59.30583626727
Sweden,,1973,47.3804669901364
Sweden,,1972,42.6580159753167
Sweden,,1971,43.241550754591
Sweden,,1970,44.3602237137739
Sweden,,1969,41.7594310868498
Sweden,,1968,39.266768210344
Sweden,,1967,38.3143795812195
Sweden,,1966,39.4594840587506
Sweden,,1965,40.4008671539919
Sweden,,1964,40.2298135992339
Sweden,,1963,39.5531915037166
Sweden,,1962,39.4018267025912
Sweden,,1961,40.0733845113124
Sweden,,1960,42.2605465652988
Switzerland,,2024,134.09514852061
Switzerland,,2023,135.32000224909
Switzerland,,2022,138.500698753519
Switzerland,,2021,130.016261288489
Switzerland,,2020,121.785978141921
Switzerland,,2019,124.127612180467
Switzerland,,2018,124.428504325808
Switzerland,,2017,123.621807421715
Switzerland,,2016,123.565924513577
Switzerland,,2015,117.138482368571
Switzerland,,2014,120.213423194635
Switzerland,,2013,133.693708414477
Switzerland,,2012,126.453860464505
Switzerland,,2011,125.556273159907
Switzerland,,2010,120.065123781818
Switzerland,,2009,109.775984764795
Switzerland,,2008,116.778000147488
Switzerland,,2007,113.331857768509
Switzerland,,2006,106.245154784945
Switzerland,,2005,102.261172141836
Switzerland,,2004,95.5170944588529
Switzerland,,2003,90.3354963143961
Switzerland,,2002,91.7818508640225
Switzerland,,2001,96.0398378851633
Switzerland,,2000,97.9368562124093
Switzerland,,1999,89.8170140994489
Switzerland,,1998,88.2156167655547
Switzerland,,1997,88.4699784559434
Switzerland,,1996,78.7524849566866
Switzerland,,1995,76.2521729078802
Switzerland,,1994,76.1553638103637
Switzerland,,1993,77.6711336900876
Switzerland,,1992,78.8826452809998
Switzerland,,1991,78.2239128940406
Switzerland,,1990,82.5088186848906
Switzerland,,1989,88.4269228305792
Switzerland,,1988,83.4950651662844
Switzerland,,1987,81.1098750754267
Switzerland,,1986,87.0847937850284
Switzerland,,1985,92.9924625324173
Switzerland,,1984,91.788924039816
Switzerland,,1983,87.2129962300219
Switzerland,,1982,88.2093025959023
Switzerland,,1981,95.9754466304624
Switzerland,,1980,94.8846453505794
Switzerland,,1979,87.771793728228
Switzerland,,1978,83.619978061378
Switzerland,,1977,87.3180103385659
Switzerland,,1976,78.9010307844023
Switzerland,,1975,74.0516258125145
Switzerland,,1974,82.5985024999147
Switzerland,,1973,77.6269122268628
Switzerland,,1972,76.6822363867435
Switzerland,,1971,78.6401529174678
Switzerland,,1970,82.8812630066083
Syria,,2022,35.6094680799956
Syria,,2021,61.2204850955149
Syria,,2020,44.818335302748
Syria,,2019,41.9994711236162
Syria,,2018,50.6590991144828
Syria,,2017,61.0508521719631
Syria,,2016,67.1119365330928
Syria,,2015,51.0862078228369
Syria,,2014,54.2644225210945
Syria,,2013,44.7052547833532
Syria,,2012,35.3686903315942
Syria,,2011,50.6960943456553
Syria,,2010,64.0101646947258
Syria,,2009,59.9438252393676
Syria,,2008,74.2279600990172
Syria,,2007,76.3793535157197
Syria,,2006,74.2052265865927
Syria,,2005,80.1330024866606
Syria,,2004,78.1149285929097
Syria,,2003,61.5469905405418
Syria,,2002,71.6443076814108
Syria,,2001,67.3681324999384
Syria,,2000,65.2849861212903
Syria,,1999,64.3084049166638
Syria,,1998,61.424844770787
Syria,,1997,66.2229786914424
Syria,,1996,69.9141790558683
Syria,,1995,68.9765751565305
Syria,,1994,78.4544982128073
Syria,,1993,68.7691991637563
Syria,,1992,63.888006888572
Syria,,1991,56.4792466395347
Syria,,1990,56.2900629080826
Syria,,1989,60.1688911016219
Syria,,1988,42.7746752164776
Syria,,1987,44.5987847657229
Syria,,1986,33.5104520028419
Syria,,1985,37.3974166416341
Syria,,1984,36.4245706246184
Syria,,1983,39.9271397579512
Syria,,1982,38.8454381578182
Syria,,1981,48.6142572631771
Syria,,1980,53.662960795787
Syria,,1979,55.1418894647714
Syria,,1978,46.071197011331
Syria,,1977,58.830933254359
Syria,,1976,53.8200202224469
Syria,,1975,55.3721415740156
Syria,,1974,57.8289681287472
Syria,,1973,47.8247642226955
Syria,,1972,41.8400520156047
Syria,,1971,39.6855110445526
Syria,,1970,38.5588235294118
Syria,,1969,38.8005350779387
Syria,,1968,37.8826615439671
Syria,,1967,34.904728955674
Syria,,1966,40.6474759704832
Syria,,1965,34.0800718016017
Syria,,1964,35.9165247976589
Syria,,1963,40.5984147577089
Syria,,1962,42.4971634251451
Syria,,1961,39.9818645339493
Syria,,1960,49.1565930599862
Tajikistan,,2023,65.6347010367354
Tajikistan,,2022,65.4355115893577
Tajikistan,,2021,71.825937435383
Tajikistan,,2020,55.7491040194954
Tajikistan,,2019,56.0450159145896
Tajikistan,,2018,55.8461114113303
Tajikistan,,2017,53.7861046057767
Tajikistan,,2016,55.7246446907573
Tajikistan,,2015,49.9378160689555
Tajikistan,,2014,54.6071596053705
Tajikistan,,2013,71.7437428882341
Tajikistan,,2012,83.1759445401528
Tajikistan,,2011,79.7842446734572
Tajikistan,,2010,73.493044509473
Tajikistan,,2009,85.9781370434108
Tajikistan,,2008,114.480149093579
Tajikistan,,2007,145.528099715723
Tajikistan,,2006,141.153912074728
Tajikistan,,2005,126.994699303416
Tajikistan,,2004,128.338170674363
Tajikistan,,2003,137.669592976856
Tajikistan,,2002,138.6839688324
Tajikistan,,2001,146.657305562056
Tajikistan,,2000,175.351206134214
Tajikistan,,1999,133.60594795539
Tajikistan,,1998,106.89554276797
Tajikistan,,1997,181.590119644925
Tajikistan,,1996,156.670590142672
Tajikistan,,1995,137.515902578797
Tajikistan,,1994,86.3658415841584
Tajikistan,,1993,70.196305829774
Tanzania,,2024,41.5131207208244
Tanzania,,2023,38.212034806339
Tanzania,,2022,35.0034517101994
Tanzania,,2021,29.9151840074048
Tanzania,,2020,27.9630151969884
Tanzania,,2019,33.0185892502311
Tanzania,,2018,32.6426099043737
Tanzania,,2017,33.1125919853124
Tanzania,,2016,35.4204704002636
Tanzania,,2015,40.7576808778314
Tanzania,,2014,45.3560223433065
Tanzania,,2013,48.6316275295495
Tanzania,,2012,54.3689490815138
Tanzania,,2011,56.1661241821809
Tanzania,,2010,47.6404394295683
Tanzania,,2009,43.5326006456317
Tanzania,,2008,49.0265445510865
Tanzania,,2007,48.0583947796554
Tanzania,,2006,42.7681664691467
Tanzania,,2005,36.9592732894013
Tanzania,,2004,33.609786736665
Tanzania,,2003,30.4488358249326
Tanzania,,2002,27.4992172734904
Tanzania,,2001,28.0301432282533
Tanzania,,2000,23.9891151549808
Tanzania,,1999,25.0220548113162
Tanzania,,1998,26.1436420608095
Tanzania,,1997,28.8587832233337
Tanzania,,1996,35.7265066969485
Tanzania,,1995,45.1619199872127
Tanzania,,1994,44.2367675621224
Tanzania,,1993,45.2364974710923
Tanzania,,1992,35.6677963323106
Tanzania,,1991,30.2316225499322
Tanzania,,1990,34.4836065795064
Thailand,,2024,136.774745092771
Thailand,,2023,128.824114152375
Thailand,,2022,132.858712082871
Thailand,,2021,117.252944620852
Thailand,,2020,97.8007432465178
Thailand,,2019,109.689514715166
Thailand,,2018,120.841864730984
Thailand,,2017,120.891427433638
Thailand,,2016,120.57522728913
Thailand,,2015,124.839662152526
Thailand,,2014,130.905495444398
Thailand,,2013,132.462274174269
Thailand,,2012,137.67493851024
Thailand,,2011,139.675407224576
Thailand,,2010,127.250522638251
Thailand,,2009,119.269418854589
Thailand,,2008,140.437011540931
Thailand,,2007,129.873226989717
Thailand,,2006,134.086946191268
Thailand,,2005,137.853866832247
Thailand,,2004,127.411873720393
Thailand,,2003,116.692819704865
Thailand,,2002,114.969743021067
Thailand,,2001,120.267966273533
Thailand,,2000,121.297955351472
Thailand,,1999,100.706288704433
Thailand,,1998,100.240473732828
Thailand,,1997,95.0517906464755
Thailand,,1996,84.2741479979753
Thailand,,1995,89.7561749368245
Thailand,,1994,81.2489529938277
Thailand,,1993,77.7461171174097
Thailand,,1992,77.9546456926093
Thailand,,1991,78.4711349774175
Thailand,,1990,75.7823643645399
Thailand,,1989,72.4069335208579
Thailand,,1988,67.4134705068906
Thailand,,1987,57.2279844893387
Thailand,,1986,49.1708546817786
Thailand,,1985,49.1552284474048
Thailand,,1984,48.0692654183176
Thailand,,1983,47.3844960424744
Thailand,,1982,47.5483288224509
Thailand,,1981,53.9686664567334
Thailand,,1980,54.479065609659
Thailand,,1979,51.8679561735627
Thailand,,1978,43.9989747661043
Thailand,,1977,45.3360586481119
Thailand,,1976,42.940259009098
Thailand,,1975,41.3379512150811
Thailand,,1974,45.5447697785706
Thailand,,1973,38.6492576656576
Thailand,,1972,37.3733101033821
Thailand,,1971,34.8018251799158
Thailand,,1970,34.4023067652724
Thailand,,1969,36.1223008144778
Thailand,,1968,37.6202723383726
Thailand,,1967,38.3731248017245
Thailand,,1966,35.5602502954225
Thailand,,1965,34.9162381792472
Thailand,,1964,36.1300406932523
Thailand,,1963,33.5093396300662
Thailand,,1962,33.3361802438981
Thailand,,1961,34.4455713581831
Thailand,,1960,33.5598583586213
Timor-Leste,,2023,89.3005913611761
Timor-Leste,,2022,97.6219215507319
Timor-Leste,,2021,99.867422914735
Timor-Leste,,2020,84.7503095026238
Timor-Leste,,2019,70.6142444229583
Timor-Leste,,2018,64.8191825211793
Timor-Leste,,2017,58.6347507796182
Timor-Leste,,2016,60.310621759226
Timor-Leste,,2015,60.0769209292639
Timor-Leste,,2014,82.7357773406823
Timor-Leste,,2013,79.6341248298199
Timor-Leste,,2012,128.500493298465
Timor-Leste,,2011,140.766349625231
Timor-Leste,,2010,134.4005216863
Timor-Leste,,2009,157.686448551719
Timor-Leste,,2008,135.250760342415
Timor-Leste,,2007,128.760892225689
Timor-Leste,,2006,98.8757193818142
Timor-Leste,,2005,74.6712513087646
Timor-Leste,,2004,107.330819562041
Timor-Leste,,2003,122.311964931018
Timor-Leste,,2002,180.403744337855
Timor-Leste,,2001,166.696373497597
Timor-Leste,,2000,175.648464819583
Togo,,2024,62.4742436595911
Togo,,2023,61.4273567726824
Togo,,2022,65.4877850146886
Togo,,2021,57.5850134996963
Togo,,2020,55.5485385608639
Togo,,2019,56.1423934002099
Togo,,2018,57.3558037086364
Togo,,2017,57.6019844158645
Togo,,2016,65.5287522131519
Togo,,2015,68.2000884209784
Togo,,2014,69.9237466833915
Togo,,2013,80.9905886455063
Togo,,2012,74.611097701708
Togo,,2011,76.6552742619342
Togo,,2010,65.8567920612471
Togo,,2009,61.333407315669
Togo,,2008,61.4424800630784
Togo,,2007,60.9274783294209
Togo,,2006,61.6128604620733
Togo,,2005,61.4542800128481
Togo,,2004,57.8710938708872
Togo,,2003,55.389978417259
Togo,,2002,51.609565282441
Togo,,2001,51.3941520650307
Togo,,2000,48.8080041114183
Togo,,1999,50.108899621779
Togo,,1998,55.737924512227
Togo,,1997,53.2069014922318
Togo,,1996,59.4098688003353
Togo,,1995,55.6017737303644
Togo,,1994,57.5643564343816
Togo,,1993,42.7125004415732
Togo,,1992,49.6550131360584
Togo,,1991,59.4614554308219
Togo,,1990,59.7664883098492
Togo,,1989,89.0871177015274
Togo,,1988,90.0509585051445
Togo,,1987,92.168353755935
Togo,,1986,99.6189439302313
Togo,,1985,105.547445255299
Togo,,1984,103.186743148537
Togo,,1983,96.006711409192
Togo,,1982,118.650352243467
Togo,,1981,95.813953488221
Togo,,1980,109.605704697988
Togo,,1979,94.7368421052632
Togo,,1978,100.635593220425
Togo,,1977,72.0379146923367
Togo,,1976,73.5876742483619
Togo,,1975,73.4996102885768
Togo,,1974,66.8706962508387
Togo,,1973,47.8982300887204
Togo,,1972,54.2237442922336
Togo,,1971,61.5384615384615
Togo,,1970,59.837177746536
Togo,,1969,55.1724137933841
Togo,,1968,50.2504173613172
Togo,,1967,46.3157894735927
Togo,,1966,49.9058380412303
Togo,,1965,48.0459770110297
Togo,,1964,53.9062500008155
Togo,,1963,43.5185185184812
Tonga,,2023,94.137150443189
Tonga,,2022,75.3152289886984
Tonga,,2021,66.1742932574681
Tonga,,2020,83.4579923473471
Tonga,,2019,90.3147731027622
Tonga,,2018,87.4503119578296
Tonga,,2017,88.0434925855836
Tonga,,2016,84.8912538209522
Tonga,,2015,81.35416544141
Tonga,,2014,74.7304254735603
Tonga,,2013,82.731581196292
Tonga,,2012,77.9722872799652
Tonga,,2011,78.8578648859134
Tonga,,2010,70.7976681214649
Tonga,,2009,74.3406648891028
Tonga,,2008,72.6563791156237
Tonga,,2007,68.2299182500325
Tonga,,2006,66.3549884749532
Tonga,,2005,76.2080494394572
Tonga,,2004,73.9737151214869
Tonga,,2003,73.2160568173731
Tonga,,2002,73.8374093817514
Tonga,,2001,62.4065643935194
Tonga,,2000,61.508239295468
Tonga,,1999,60.7775208771412
Tonga,,1998,78.2916318575919
Tonga,,1997,71.850198257484
Tonga,,1996,77.8333565419141
Tonga,,1995,71.1192857546477
Tonga,,1994,62.9597680826041
Tonga,,1993,67.443522721344
Tonga,,1992,72.6308207233457
Tonga,,1991,83.4620679999067
Tonga,,1990,98.9657234499443
Tonga,,1989,87.9089924160347
Tonga,,1988,89.4857435848134
Tonga,,1987,95.532292497235
Tonga,,1986,95.5881632212976
Tonga,,1985,102.359357194353
Tonga,,1984,89.5630438048927
Tonga,,1983,87.8284166432304
Tonga,,1982,92.2131616361349
Tonga,,1981,92.6204235363625
Tonga,,1980,97.7807709576037
Tonga,,1979,95.8812886176115
Tonga,,1978,96.6619398361671
Tonga,,1977,91.0432684031195
Tonga,,1976,83.5663254512018
Tonga,,1975,112.148083714899
Tunisia,,2024,104.989562465785
Tunisia,,2023,112.914872312811
Tunisia,,2022,115.827616610395
Tunisia,,2021,93.638963515036
Tunisia,,2020,84.3382668589088
Tunisia,,2019,102.332045478018
Tunisia,,2018,103.871735753703
Tunisia,,2017,95.8088058699264
Tunisia,,2016,87.0926643641466
Tunisia,,2015,87.2485306596052
Tunisia,,2014,96.1071038558701
Tunisia,,2013,98.9549566862038
Tunisia,,2012,101.550723929668
Tunisia,,2011,100.106379304237
Tunisia,,2010,100.151009836799
Tunisia,,2009,93.0168787876722
Tunisia,,2008,114.343660218696
Tunisia,,2007,104.059400976647
Tunisia,,2006,93.9409304094309
Tunisia,,2005,90.2512478803945
Tunisia,,2004,86.9253446966283
Tunisia,,2003,82.390340709916
Tunisia,,2002,85.3421759692656
Tunisia,,2001,89.5522011944661
Tunisia,,2000,82.639110670191
Tunisia,,1999,77.9051139411665
Tunisia,,1998,79.9794582620079
Tunisia,,1997,80.5007104439621
Tunisia,,1996,85.7203547620671
Tunisia,,1995,93.7144465686907
Tunisia,,1994,92.8043860425704
Tunisia,,1993,88.4109677419355
Tunisia,,1992,86.0000875541741
Tunisia,,1991,85.6860202181431
Tunisia,,1990,94.161265567647
Tunisia,,1989,92.0072159250878
Tunisia,,1988,83.6754959240699
Tunisia,,1987,70.6420419897204
Tunisia,,1986,67.485056700743
Tunisia,,1985,70.2363820298363
Tunisia,,1984,77.2908739317572
Tunisia,,1983,77.0840316861029
Tunisia,,1982,84.349762717509
Tunisia,,1981,91.2109562710235
Tunisia,,1980,85.838158452196
Tunisia,,1979,80.9479808350445
Tunisia,,1978,69.7008736261524
Tunisia,,1977,67.5943245586021
Tunisia,,1976,63.0988101396793
Tunisia,,1975,63.9600321580338
Tunisia,,1974,67.5733298875824
Tunisia,,1973,52.471119603926
Tunisia,,1972,50.0889929742389
Tunisia,,1971,48.5360871538811
Tunisia,,1970,46.7443091582848
Tunisia,,1969,34.8050797401063
Tunisia,,1968,31.786106319586
Tunisia,,1967,35.7368421052632
Tunisia,,1966,34.5288197621226
Tunisia,,1965,33.4422448587354
Turkey,,2024,55.8217844527219
Turkey,,2023,66.2766047093165
Turkey,,2022,81.170129694525
Turkey,,2021,71.0824439613318
Turkey,,2020,61.3437557667653
Turkey,,2019,63.1932929004145
Turkey,,2018,62.6142185426845
Turkey,,2017,55.762168749568
Turkey,,2016,48.3281862338973
Turkey,,2015,51.0885436007552
Turkey,,2014,53.7663011662543
Turkey,,2013,52.5272987998138
Turkey,,2012,52.830802656723
Turkey,,2011,53.3041756356468
Turkey,,2010,46.6944652263085
Turkey,,2009,46.7870669467638
Turkey,,2008,50.5482538951665
Turkey,,2007,47.8508167487862
Turkey,,2006,48.7628710706907
Turkey,,2005,46.1423570520464
Turkey,,2004,48.8258381508865
Turkey,,2003,46.2250976270923
Turkey,,2002,47.9823940487577
Turkey,,2001,49.8714751387935
Turkey,,2000,42.3544370390114
Turkey,,1999,37.6649220129325
Turkey,,1998,40.3954105883847
Turkey,,1997,54.9703235724023
Turkey,,1996,49.3693148863728
Turkey,,1995,44.2426347506171
Turkey,,1994,41.7458523409412
Turkey,,1993,33.0170877754618
Turkey,,1992,31.737365644504
Turkey,,1991,30.4760116733895
Turkey,,1990,30.9429955004348
Turkey,,1989,33.9836682372597
Turkey,,1988,36.2068338434275
Turkey,,1987,33.3382850275488
Turkey,,1986,29.4144594777141
Turkey,,1985,34.8269721189326
Turkey,,1984,35.2801051047638
Turkey,,1983,29.0310517913389
Turkey,,1982,26.8809210651722
Turkey,,1981,21.1416276420706
Turkey,,1980,17.0898176117463
Turkey,,1979,9.09974442964616
Turkey,,1978,11.4356153992035
Turkey,,1977,14.5223894726877
Turkey,,1976,15.5247813411079
Turkey,,1975,15.6531182128452
Turkey,,1974,17.0028237192416
Turkey,,1973,16.1263736263736
Turkey,,1972,14.5624351435489
Turkey,,1971,13.5670103092784
Turkey,,1970,10.7888040712468
Turkey,,1969,8.33333333333333
Turkey,,1968,8.76190476190476
Turkey,,1967,9.09090909090909
Turkey,,1966,9.77147360126084
Turkey,,1965,9.93500464252553
Turkey,,1964,9.9403578528827
Turkey,,1963,11.1587982832618
Turkey,,1962,13.574097135741
Turkey,,1961,11.9610570236439
Turkey,,1960,5.72687224669604
Turkmenistan,,2023,34.0992738017257
Turkmenistan,,2022,37.3609509597775
Turkmenistan,,2021,33.0581170797482
Turkmenistan,,2020,35.9365938526967
Turkmenistan,,2019,44.2857594037204
Turkmenistan,,2018,50.9002726399821
Turkmenistan,,2017,53.5753567069955
Turkmenistan,,2016,62.0460846966262
Turkmenistan,,2015,81.2999305660859
Turkmenistan,,2014,91.0934829576602
Turkmenistan,,2013,98.5928226795449
Turkmenistan,,2012,109.333652637251
Turkmenistan,,2011,111.062833823441
Turkmenistan,,2010,96.8630558404027
Turkmenistan,,2009,104.95217927132
Turkmenistan,,2008,94.7240751970891
Turkmenistan,,2007,56.2777777777778
Turkmenistan,,2006,52.4473010022922
Turkmenistan,,2005,53.9723419741336
Turkmenistan,,2004,59.3199674884855
Turkmenistan,,2003,63.201750694386
Turkmenistan,,2002,63.7046861184792
Turkmenistan,,2001,81.9858549438358
Turkmenistan,,2000,103.580317825005
Turkmenistan,,1999,90.4761904761905
Turkmenistan,,1998,96.3201143265452
Turkmenistan,,1997,103.690369036904
Turkmenistan,,1996,152.516129032258
Turkmenistan,,1995,168.179524539877
Turkmenistan,,1994,170.258027522936
Turkmenistan,,1993,146.067864271457
Turkmenistan,,1992,105.3125
Turkmenistan,,1991,66.1016949152542
Uganda,,2024,41.468283553038
Uganda,,2023,33.3416963302219
Uganda,,2022,34.5053019270937
Uganda,,2021,41.7136307424781
Uganda,,2020,37.0006923916369
Uganda,,2019,39.3610539647435
Uganda,,2018,36.6384055999567
Uganda,,2017,36.8370529334101
Uganda,,2016,31.2093620232119
Uganda,,2015,37.6892983324358
Uganda,,2014,36.0144010819085
Uganda,,2013,43.1091548734687
Uganda,,2012,43.5021371397314
Uganda,,2011,39.7552255606122
Uganda,,2010,38.2692490371291
Uganda,,2009,47.0638780748379
Uganda,,2008,56.2582682050634
Uganda,,2007,46.7774166522822
Uganda,,2006,43.6332857896204
Uganda,,2005,38.9942854839061
Uganda,,2004,35.4600862456436
Uganda,,2003,36.5857264641268
Uganda,,2002,36.2777941561831
Uganda,,2001,35.3299767819725
Uganda,,2000,32.7490333383822
Uganda,,1999,36.0247101570245
Uganda,,1998,30.043921931244
Uganda,,1997,34.1585669652784
Uganda,,1996,35.3854868820104
Uganda,,1995,32.62314586277
Uganda,,1994,27.8393598574633
Uganda,,1993,28.2398345380313
Uganda,,1992,33.0521440510063
Uganda,,1991,29.4022018591267
Uganda,,1990,26.6095437605897
Uganda,,1989,26.047628519006
Uganda,,1988,25.3500383007427
Uganda,,1987,26.2903906384189
Uganda,,1986,28.048392146468
Uganda,,1985,28.746856396441
Uganda,,1984,27.0175794582304
Uganda,,1983,22.3032286862074
Uganda,,1982,25.9012629161883
Uganda,,1981,38.1365437822478
Uganda,,1980,45.4760929126393
Uganda,,1979,36.932714671404
Uganda,,1978,32.5153594653828
Uganda,,1977,16.9511217948718
Uganda,,1976,20.9945654394639
Uganda,,1975,19.5658316067056
Uganda,,1974,29.7649775845673
Uganda,,1973,29.7054952286936
Uganda,,1972,36.169014084507
Uganda,,1971,43.7716092067569
Uganda,,1970,43.4700455707458
Uganda,,1969,41.8713310171319
Uganda,,1968,46.5587044534413
Uganda,,1967,49.6888116948907
Uganda,,1966,50.89258698941
Uganda,,1965,49.9366888255777
Uganda,,1964,52.9939853370347
Uganda,,1963,52.1714848549466
Uganda,,1962,45.5551197829853
Uganda,,1961,46.0620967014392
Uganda,,1960,49.1458307520753
Ukraine,,2024,77.7530113300514
Ukraine,,2023,77.5096141935657
Ukraine,,2022,87.3965139907244
Ukraine,,2021,82.69796136345
Ukraine,,2020,79.1564523761815
Ukraine,,2019,90.5112342910763
Ukraine,,2018,99.1998150718675
Ukraine,,2017,104.034982911399
Ukraine,,2016,105.521204913122
Ukraine,,2015,107.806616298156
Ukraine,,2014,100.691782483624
Ukraine,,2013,94.0016694501782
Ukraine,,2012,102.622788356626
Ukraine,,2011,104.805073904259
Ukraine,,2010,95.72973045329
Ukraine,,2009,87.4761626200316
Ukraine,,2008,94.1718921417534
Ukraine,,2007,88.0465606718626
Ukraine,,2006,89.181052639031
Ukraine,,2005,94.6475701087848
Ukraine,,2004,109.981708544962
Ukraine,,2003,102.590182257396
Ukraine,,2002,95.994669810112
Ukraine,,2001,99.9261276192731
Ukraine,,2000,115.735714934593
Ukraine,,1999,101.951706965548
Ukraine,,1998,86.0497284415116
Ukraine,,1997,84.2414161623735
Ukraine,,1996,93.8566450766079
Ukraine,,1995,97.2296964841051
Ukraine,,1994,73.9440042067872
Ukraine,,1993,52.0688190027854
Ukraine,,1992,45.9686071925293
Ukraine,,1991,50.133779264214
Ukraine,,1990,56.4071856287425
Ukraine,,1989,64.2153986570181
United Arab Emirates,,2023,202.332536002327
United Arab Emirates,,2022,188.945461748684
United Arab Emirates,,2021,186.108932605683
United Arab Emirates,,2020,185.280552445405
United Arab Emirates,,2019,170.068118822018
United Arab Emirates,,2018,159.642777281025
United Arab Emirates,,2017,170.92080687494
United Arab Emirates,,2016,170.976829168197
United Arab Emirates,,2015,169.476236698198
United Arab Emirates,,2014,163.687585001674
United Arab Emirates,,2013,161.100482455585
United Arab Emirates,,2012,159.970470619225
United Arab Emirates,,2011,147.392662018666
United Arab Emirates,,2010,138.892096911897
United Arab Emirates,,2009,153.461944358373
United Arab Emirates,,2008,148.513544025723
United Arab Emirates,,2007,136.798152865771
United Arab Emirates,,2006,119.470669577786
United Arab Emirates,,2005,119.552871642254
United Arab Emirates,,2004,116.622612523831
United Arab Emirates,,2003,102.300169490783
United Arab Emirates,,2002,93.0716588147781
United Arab Emirates,,2001,89.8645799289427
United Kingdom,,2024,62.4075013968837
United Kingdom,,2023,65.0323382579942
United Kingdom,,2022,68.8805301397863
United Kingdom,,2021,58.5845366237858
United Kingdom,,2020,58.7811375973028
United Kingdom,,2019,64.6651336372235
United Kingdom,,2018,64.542648250433
United Kingdom,,2017,63.1216500310687
United Kingdom,,2016,59.7003984143761
United Kingdom,,2015,57.2035496863734
United Kingdom,,2014,59.0948041195932
United Kingdom,,2013,61.9991119149908
United Kingdom,,2012,62.2259827334183
United Kingdom,,2011,63.5654009707745
United Kingdom,,2010,59.2727749722888
United Kingdom,,2009,55.004384033595
United Kingdom,,2008,56.6986069277108
United Kingdom,,2007,52.9643534370859
United Kingdom,,2006,56.9144274808123
United Kingdom,,2005,52.6807168405482
United Kingdom,,2004,50.4517112404991
United Kingdom,,2003,50.2395230519083
United Kingdom,,2002,51.3796342070387
United Kingdom,,2001,52.8216135097523
United Kingdom,,2000,52.521730598718
United Kingdom,,1999,49.6314395043173
United Kingdom,,1998,49.3364553465645
United Kingdom,,1997,50.9734058453648
United Kingdom,,1996,52.2438084688564
United Kingdom,,1995,50.9957797486632
United Kingdom,,1994,51.8679570207033
United Kingdom,,1993,49.7307933489136
United Kingdom,,1992,46.2897460463871
United Kingdom,,1991,45.2998069343145
United Kingdom,,1990,48.2329411879358
United Kingdom,,1989,48.6599718982122
United Kingdom,,1988,47.3437423656998
United Kingdom,,1987,49.8774164683693
United Kingdom,,1986,50.510143037842
United Kingdom,,1985,54.9316639169471
United Kingdom,,1984,55.3889118191304
United Kingdom,,1983,50.7955436670475
United Kingdom,,1982,49.5961959065716
United Kingdom,,1981,49.3737636806214
United Kingdom,,1980,51.2923400946947
United Kingdom,,1979,54.6416439532449
United Kingdom,,1978,54.9658489521189
United Kingdom,,1977,58.9106533789518
United Kingdom,,1976,57.4007925840093
United Kingdom,,1975,52.7400836429526
United Kingdom,,1974,58.7204994159872
United Kingdom,,1973,47.4304221696313
United Kingdom,,1972,41.569431627825
United Kingdom,,1971,42.6353072625698
United Kingdom,,1970,42.9892674147399
United States,,2024,24.8879916970734
United States,,2023,24.8993631439946
United States,,2022,26.891689830077
United States,,2021,25.2136560307765
United States,,2020,23.0797778694073
United States,,2019,26.2584806245428
United States,,2018,27.4453591302618
United States,,2017,27.1253382222874
United States,,2016,26.4525977865465
United States,,2015,27.6882139340768
United States,,2014,29.906569337428
United States,,2013,29.9413062848227
United States,,2012,30.681839575193
United States,,2011,30.842478575914
United States,,2010,28.2198829408336
United States,,2009,24.759527635837
United States,,2008,29.8677875257061
United States,,2007,28.0120155631098
United States,,2006,26.9752858058903
United States,,2005,25.6385573436769
United States,,2004,24.4480566571904
United States,,2003,22.6272972866813
United States,,2002,22.2863842136065
United States,,2001,22.9671830154975
United States,,2000,25.1029855568536
United States,,1999,23.3135697296238
United States,,1998,22.8258939797637
United States,,1997,23.4283278026178
United States,,1996,22.6870719902412
United States,,1995,22.4533816490568
United States,,1994,21.0554591617453
United States,,1993,20.0446187019752
United States,,1992,19.9505945023923
United States,,1991,19.7864481240974
United States,,1990,19.8150673537315
United States,,1989,19.4151283860195
United States,,1988,19.0701007058615
United States,,1987,17.9735809845702
United States,,1986,16.8979771514343
United States,,1985,16.603906126303
United States,,1984,17.5224074224053
United States,,1983,16.6655934803103
United States,,1982,17.5368122809184
United States,,1981,19.4259131704272
United States,,1980,20.1098446894226
United States,,1979,18.3761632042836
United States,,1978,16.9728342289651
United States,,1977,16.4178946751554
United States,,1976,16.0488456356637
United States,,1975,15.5163736331565
United States,,1974,16.4449863225396
United States,,1973,13.0792155894304
United States,,1972,11.3406196496001
United States,,1971,10.7571790359274
United States,,1970,10.7582854049602
United States,,1969,10.0555623631933
United States,,1968,10.0316564933807
United States,,1967,9.68692935005927
United States,,1966,9.57851860411219
United States,,1965,9.23667125440563
United States,,1964,9.206547781265
United States,,1963,8.96157787815685
United States,,1962,8.93473646354838
United States,,1961,8.93820745594694
United States,,1960,9.19743289940048
Uruguay,,2024,52.4649167856379
Uruguay,,2023,52.910987066463
Uruguay,,2022,61.0307951043821
Uruguay,,2021,58.3150410230338
Uruguay,,2020,47.7318733182088
Uruguay,,2019,49.7448341159636
Uruguay,,2018,47.7913104806475
Uruguay,,2017,46.3780042035515
Uruguay,,2016,48.4705583785623
Uruguay,,2015,45.3282408087534
Uruguay,,2014,49.0876240632174
Uruguay,,2013,49.7178464746233
Uruguay,,2012,55.0611541633768
Uruguay,,2011,53.2470340109018
Uruguay,,2010,51.6990372012256
Uruguay,,2009,53.3944192683736
Uruguay,,2008,65.2080950071821
Uruguay,,2007,59.2104478374095
Uruguay,,2006,61.9715745165876
Uruguay,,2005,58.8776963255774
Uruguay,,2004,61.4766880860242
Uruguay,,2003,51.7591995826472
Uruguay,,2002,40.02906730756
Uruguay,,2001,36.3095126435057
Uruguay,,2000,36.7137381507902
Uruguay,,1999,33.3864489469027
Uruguay,,1998,35.6400154006956
Uruguay,,1997,37.706397080707
Uruguay,,1996,39.5284364552889
Uruguay,,1995,38.0976748425287
Uruguay,,1994,40.1488337195203
Uruguay,,1993,38.6849667589585
Uruguay,,1992,40.0730436292529
Uruguay,,1991,38.5549047407092
Uruguay,,1990,41.6284721190914
Uruguay,,1989,41.193561882081
Uruguay,,1988,39.7938131726058
Uruguay,,1987,40.8546449902861
Uruguay,,1986,46.4837402254368
Uruguay,,1985,47.8565698432329
Uruguay,,1984,47.9560746008794
Uruguay,,1983,49.2927392457026
Uruguay,,1982,31.6166588154616
Uruguay,,1981,34.2354588756206
Uruguay,,1980,35.6643963385536
Uruguay,,1979,38.0001243593274
Uruguay,,1978,40.0015553098617
Uruguay,,1977,42.5549831324041
Uruguay,,1976,39.6381741916306
Uruguay,,1975,37.0585261028947
Uruguay,,1974,31.2728163119936
Uruguay,,1973,19.9234844025898
Uruguay,,1972,30.3304078471864
Uruguay,,1971,21.7178971559897
Uruguay,,1970,29.0943396226415
Uruguay,,1969,25.5280627640314
Uruguay,,1968,27.3883626522327
Uruguay,,1967,27.7877161598092
Uruguay,,1966,28.6153846153846
Uruguay,,1965,29.8724954462659
Uruguay,,1964,23.2835820895522
Uruguay,,1963,24.0343347639485
Uruguay,,1962,25.7731958762887
Uruguay,,1961,28.9772727272727
Uruguay,,1960,32.4137931034483
Uzbekistan,,2024,60.7274403813021
Uzbekistan,,2023,66.1051443040372
Uzbekistan,,2022,62.8412525378517
Uzbekistan,,2021,57.4589716973222
Uzbekistan,,2020,56.0515308349971
Uzbekistan,,2019,64.9639227632407
Uzbekistan,,2018,64.1381394985722
Uzbekistan,,2017,42.5595081895289
Uzbekistan,,2016,29.1922970388057
Uzbekistan,,2015,30.7561914307205
Uzbekistan,,2014,36.3570546649124
Uzbekistan,,2013,42.3779149727009
Uzbekistan,,2012,44.2393191333095
Uzbekistan,,2011,49.6542884929068
Uzbekistan,,2010,49.268997799433
Uzbekistan,,2009,68.673142199791
Uzbekistan,,2008,79.7479920348578
Uzbekistan,,2007,74.4141929762327
Uzbekistan,,2006,67.4712921717973
Uzbekistan,,2005,69.5252584247083
Uzbekistan,,2004,76.5956691950086
Uzbekistan,,2003,70.4592746850874
Uzbekistan,,2002,58.954524710746
Uzbekistan,,2001,56.776277587152
Uzbekistan,,2000,44.0540299791129
Uzbekistan,,1999,36.6188588125863
Uzbekistan,,1998,45.4179547762326
Uzbekistan,,1997,57.1985913618542
Vanuatu,,2022,65.1038775338548
Vanuatu,,2021,58.0011532523577
Vanuatu,,2020,69.9148948336494
Vanuatu,,2019,99.3829688227082
Vanuatu,,2018,110.679659822766
Vanuatu,,2017,105.526573713997
Vanuatu,,2016,106.351935265734
Vanuatu,,2015,108.758665668253
Vanuatu,,2014,105.199318296807
Vanuatu,,2013,106.410757127713
Vanuatu,,2012,104.451629665983
Vanuatu,,2011,96.9987664175314
Vanuatu,,2010,103.823312203828
Vanuatu,,2009,108.489179063187
Vanuatu,,2008,105.774852580058
Vanuatu,,2007,90.1716511021211
Vanuatu,,2006,89.5414618090556
Vanuatu,,2005,100.173820339297
Vanuatu,,2004,98.7059775016543
Vanuatu,,2003,91.5679895901106
Vanuatu,,2002,91.6997236888901
Vanuatu,,2001,87.7721451440768
Vanuatu,,2000,87.1557917790657
Vanuatu,,1999,91.232330240222
Vanuatu,,1998,94.7409334170479
Vanuatu,,1997,96.196924634563
Vanuatu,,1996,92.9417808219178
Vanuatu,,1995,91.9615068150109
Vanuatu,,1994,92.8723717100426
Vanuatu,,1993,94.9704627502461
Vanuatu,,1992,94.6391665612215
Vanuatu,,1991,94.2228152101401
Vanuatu,,1990,112.575244068997
Vanuatu,,1989,94.0913160250671
Vanuatu,,1988,89.707305273343
Vanuatu,,1987,93.8381201044386
Vanuatu,,1986,93.4293097083795
Vanuatu,,1985,110.528574493956
Vanuatu,,1984,112.506103089907
Vanuatu,,1983,113.673357908273
Vanuatu,,1982,75.4811183732752
Vanuatu,,1981,68.6580596417492
Vanuatu,,1980,70.1304978250363
Venezuela,,2014,48.0908135255646
Venezuela,,2013,54.2777612672313
Venezuela,,2012,50.4035673803654
Venezuela,,2011,49.6381215967995
Venezuela,,2010,46.1368935240203
Venezuela,,2009,38.5209296583297
Venezuela,,2008,51.8290123789932
Venezuela,,2007,56.1990954818909
Venezuela,,2006,58.6655915584603
Venezuela,,2005,60.1273297561422
Venezuela,,2004,55.367455602322
Venezuela,,2003,50.5770073781941
Venezuela,,2002,48.5757106494068
Venezuela,,2001,42.141268017362
Venezuela,,2000,47.8572215529808
Venezuela,,1999,42.0702304843238
Venezuela,,1998,43.5993929334366
Venezuela,,1997,51.2450364065399
Venezuela,,1996,55.9724277883021
Venezuela,,1995,47.3423429413769
Venezuela,,1994,51.4448140048405
Venezuela,,1993,52.3901855240183
Venezuela,,1992,53.4761391974746
Venezuela,,1991,55.7196397554298
Venezuela,,1990,57.7072173831781
Venezuela,,1989,53.4273196937686
Venezuela,,1988,46.3720351821803
Venezuela,,1987,42.3057460932396
Venezuela,,1986,39.0019257030247
Venezuela,,1985,39.4405916413658
Venezuela,,1984,42.6126711611343
Venezuela,,1983,35.710518706195
Venezuela,,1982,53.0575964403917
Venezuela,,1981,55.4064051499257
Venezuela,,1980,57.36822435789
Venezuela,,1979,58.3211464495973
Venezuela,,1978,61.3605820418786
Venezuela,,1977,62.148407896934
Venezuela,,1976,58.5896050450024
Venezuela,,1975,57.8492438483294
Venezuela,,1974,61.4753105119661
Venezuela,,1973,47.8209766152922
Venezuela,,1972,43.2691619784722
Venezuela,,1971,44.2006615214994
Venezuela,,1970,42.036905333974
Venezuela,,1969,44.3251301773869
Venezuela,,1968,44.7895028236076
Venezuela,,1967,44.6359159159159
Venezuela,,1966,44.8139993926511
Venezuela,,1965,48.2249176005274
Venezuela,,1964,48.1611807952409
Venezuela,,1963,47.2245696886845
Venezuela,,1962,49.5793395427604
Venezuela,,1961,48.6556394316163
Venezuela,,1960,48.5820575746952
Vietnam,,2023,164.818071269894
Vietnam,,2022,183.153619147836
Vietnam,,2021,186.675832836814
Vietnam,,2020,163.245862814935
Vietnam,,2019,164.704215031408
Vietnam,,2018,164.663936775893
Vietnam,,2017,160.98008365887
Vietnam,,2016,145.409507973118
Vietnam,,2015,144.914228195237
Vietnam,,2014,135.410521454361
Vietnam,,2013,130.846354866743
Vietnam,,2012,123.224116745985
Vietnam,,2011,125.260577940829
Vietnam,,2010,113.977687539714
Vietnam,,2009,134.706317721758
Vietnam,,2008,154.317479627758
Vietnam,,2007,154.605383996554
Vietnam,,2006,138.313621869598
Vietnam,,2005,130.714846045026
Vietnam,,2004,133.016497868747
Vietnam,,2003,124.327954439125
Vietnam,,2002,116.696868652499
Vietnam,,2001,111.955937998525
Vietnam,,2000,111.417094419512
Vietnam,,1999,102.787406603958
Vietnam,,1998,97.0012485118429
Vietnam,,1997,94.3444840684516
Vietnam,,1996,92.7057468018939
Vietnam,,1995,74.7212659206088
Vietnam,,1994,77.4731979426888
Vietnam,,1993,66.2122671512498
Vietnam,,1992,73.5768851264792
Vietnam,,1991,66.9469523941752
Vietnam,,1990,81.315697940889
Vietnam,,1989,57.9044621549852
Vietnam,,1988,18.9504870869001
Vietnam,,1987,20.7986065749129
Vietnam,,1986,23.2186943238731
Palestine,,2024,81.3136801569531
Palestine,,2023,79.5331663669115
Palestine,,2022,82.3949283869453
Palestine,,2021,73.0835496162129
Palestine,,2020,67.2881912475775
Palestine,,2019,68.9934922812035
Palestine,,2018,71.4012754506469
Palestine,,2017,68.4486607142857
Palestine,,2016,65.4225141833383
Palestine,,2015,70.7809681944405
Palestine,,2014,67.7398371659149
Palestine,,2013,66.2713181162369
Palestine,,2012,66.9293273483831
Palestine,,2011,67.2495329024414
Palestine,,2010,68.4976501575169
Palestine,,2009,75.1511928466305
Palestine,,2008,79.4799190194791
Palestine,,2007,91.9992434272745
Palestine,,2006,82.6374735897388
Palestine,,2005,83.8363540589578
Palestine,,2004,81.1235906237101
Palestine,,2003,76.398689516129
Palestine,,2002,76.2528826143203
Palestine,,2001,82.7259784699153
Palestine,,2000,87.6390949554896
Palestine,,1999,96.3452893800337
Palestine,,1998,88.9915925070062
Palestine,,1997,90.3372519814884
Palestine,,1996,89.2685358986391
Palestine,,1995,91.4859266479834
Palestine,,1994,86.4558787324588
Yemen,,2018,56.0778227209515
Yemen,,2017,42.9699046727963
Yemen,,2016,31.0815442909684
Yemen,,2015,30.3676590844547
Yemen,,2014,48.2430405130867
Yemen,,2013,52.5118781365995
Yemen,,2012,61.3616371822837
Yemen,,2011,63.0594579555133
Yemen,,2010,64.3856367789811
Yemen,,2009,68.0713910145084
Yemen,,2008,81.244718850294
Yemen,,2007,79.1234205876059
Yemen,,2006,82.0761626564135
Yemen,,2005,76.773285677642
Yemen,,2004,71.8466740069203
Yemen,,2003,74.3826165968098
Yemen,,2002,74.7304558609206
Yemen,,2001,70.8923979770182
Yemen,,2000,75.4388386390908
Yemen,,1999,72.0039277408966
Yemen,,1998,72.6619985473237
Yemen,,1997,80.145988654048
Yemen,,1996,85.9391074430978
Yemen,,1995,87.4446919838225
Yemen,,1994,68.9640403073869
Yemen,,1993,58.1404142358624
Yemen,,1992,46.1503514733973
Yemen,,1991,47.921359321418
Yemen,,1990,27.6276662296057
Zambia,,2023,78.2418870451485
Zambia,,2022,69.2973154193203
Zambia,,2021,86.2085111934645
Zambia,,2020,79.2068494095955
Zambia,,2019,68.791204936096
Zambia,,2018,74.8883695274665
Zambia,,2017,71.5856946542566
Zambia,,2016,73.958561254616
Zambia,,2015,79.8652687573958
Zambia,,2014,76.1934997276313
Zambia,,2013,80.4562410213373
Zambia,,2012,75.367709855907
Zambia,,2011,72.7954324384283
Zambia,,2010,65.0147025206122
Zambia,,2009,56.1213809555165
Zambia,,2008,59.4548891205874
Zambia,,2007,65.7714586909068
Zambia,,2006,57.8568188739027
Zambia,,2005,62.200282191364
Zambia,,2004,70.8130749317722
Zambia,,2003,62.3128446757629
Zambia,,2002,64.9164969990648
Zambia,,2001,64.668282708979
Zambia,,2000,60.3874689884965
Zambia,,1999,59.7675342029156
Zambia,,1998,56.2503070199594
Zambia,,1997,58.272862622336
Zambia,,1996,63.8214821755312
Zambia,,1995,69.2267746955964
Zambia,,1994,66.6505948295585
Zimbabwe,,2024,52.6730134937746
Zimbabwe,,2023,50.7949638787374
Zimbabwe,,2022,64.7636073783674
Zimbabwe,,2021,50.8471233244119
Zimbabwe,,2020,47.3133820116249
Zimbabwe,,2019,55.7959843651922
Zimbabwe,,2018,54.55031658746
Zimbabwe,,2017,55.028317831061
Zimbabwe,,2016,51.2190376594477
Zimbabwe,,2015,56.7496526604333
Zimbabwe,,2014,54.6717592473918
Zimbabwe,,2013,58.6560737143829
Zimbabwe,,2012,74.1627003825153
Zimbabwe,,2011,89.4659437238642
Zimbabwe,,2010,83.1234047851259
Zimbabwe,,2009,61.7764909650234
Zimbabwe,,2008,109.521637189895
Zimbabwe,,2007,84.1729044270467
Zimbabwe,,2006,82.8206487761108
Zimbabwe,,2005,76.0437072796165
Zimbabwe,,2004,76.0396085957308
Zimbabwe,,2003,70.4519882160596
Zimbabwe,,2002,66.8073515648498
Zimbabwe,,2001,67.8978721688914
Zimbabwe,,2000,74.0674111297806
Zimbabwe,,1999,70.9226598006938
Zimbabwe,,1998,88.5140416661236
Zimbabwe,,1997,82.2050640855163
Zimbabwe,,1996,72.0696205534463
Zimbabwe,,1995,79.1567926109184
Zimbabwe,,1994,71.1195013550924
Zimbabwe,,1993,63.1670647914377
Zimbabwe,,1992,63.7124936987817
Zimbabwe,,1991,51.0515482547397
Zimbabwe,,1990,45.6592519741447
Zimbabwe,,1989,45.0625426402957
Zimbabwe,,1988,44.1003494901414
Zimbabwe,,1987,45.2905960529282
Zimbabwe,,1986,45.5703530329928
Zimbabwe,,1985,44.2136766708603
Zimbabwe,,1984,41.3661353909878
Zimbabwe,,1983,35.9168551739701
Zimbabwe,,1982,39.145288780437
Zimbabwe,,1981,45.330643540812
Zimbabwe,,1980,49.8904155647209
Zimbabwe,,1979,44.461136672554
Zimbabwe,,1978,42.007146565959
Zimbabwe,,1977,41.6126305714615
Zimbabwe,,1976,41.557346148039
Zimbabwe,,1975,47.1986084141958
