country,iso2,year,value
Afghanistan,,2025,13.351
Afghanistan,,2024,13.687
Afghanistan,,2023,14.008
Afghanistan,,2022,14.1
Afghanistan,,2021,12.006
Afghanistan,,2020,11.71
Afghanistan,,2019,11.187
Afghanistan,,2018,11.192
Afghanistan,,2017,11.184
Afghanistan,,2016,10.116
Afghanistan,,2015,9.032
Afghanistan,,2014,7.915
Afghanistan,,2013,7.921
Afghanistan,,2012,7.875
Afghanistan,,2011,7.83
Afghanistan,,2010,7.809
Afghanistan,,2009,7.808
Afghanistan,,2008,7.879
Afghanistan,,2007,7.841
Afghanistan,,2006,7.897
Afghanistan,,2005,7.878
Afghanistan,,2004,7.794
Afghanistan,,2003,7.844
Afghanistan,,2002,7.867
Afghanistan,,2001,7.973
Afghanistan,,2000,7.897
Afghanistan,,1999,7.877
Afghanistan,,1998,7.869
Afghanistan,,1997,7.863
Afghanistan,,1996,7.878
Afghanistan,,1995,7.868
Afghanistan,,1994,7.883
Afghanistan,,1993,7.908
Afghanistan,,1992,7.958
Afghanistan,,1991,7.972
Albania,,2025,10.926
Albania,,2024,10.689
Albania,,2023,10.669
Albania,,2022,10.785
Albania,,2021,11.474
Albania,,2020,11.639
Albania,,2019,11.466
Albania,,2018,12.304
Albania,,2017,13.616
Albania,,2016,15.418
Albania,,2015,17.193
Albania,,2014,18.055
Albania,,2013,15.866
Albania,,2012,13.376
Albania,,2011,13.481
Albania,,2010,14.086
Albania,,2009,13.674
Albania,,2008,13.06
Albania,,2007,15.966
Albania,,2006,15.626
Albania,,2005,15.966
Albania,,2004,16.306
Albania,,2003,16.985
Albania,,2002,17.891
Albania,,2001,18.57
Albania,,2000,19.023
Albania,,1999,20.835
Albania,,1998,20.042
Albania,,1997,16.872
Albania,,1996,13.928
Albania,,1995,14.607
Albania,,1994,20.835
Albania,,1993,25.251
Albania,,1992,30.007
Albania,,1991,10.304
Algeria,,2025,11.633
Algeria,,2024,11.655
Algeria,,2023,11.645
Algeria,,2022,12.382
Algeria,,2021,13.656
Algeria,,2020,14.08
Algeria,,2019,12.302
Algeria,,2018,12.112
Algeria,,2017,12.0
Algeria,,2016,10.202
Algeria,,2015,11.206
Algeria,,2014,10.207
Algeria,,2013,9.82
Algeria,,2012,10.97
Algeria,,2011,9.96
Algeria,,2010,9.96
Algeria,,2009,10.16
Algeria,,2008,11.33
Algeria,,2007,13.79
Algeria,,2006,12.27
Algeria,,2005,15.27
Algeria,,2004,17.65
Algeria,,2003,23.72
Algeria,,2002,25.9
Algeria,,2001,27.3
Algeria,,2000,29.77
Algeria,,1999,28.575
Algeria,,1998,26.85
Algeria,,1997,25.43
Algeria,,1996,28.268
Algeria,,1995,31.84
Algeria,,1994,27.74
Algeria,,1993,26.23
Algeria,,1992,24.38
Algeria,,1991,20.6
Angola,,2025,14.108
Angola,,2024,14.02
Angola,,2023,14.051
Angola,,2022,14.124
Angola,,2021,15.799
Angola,,2020,16.696
Angola,,2019,16.497
Angola,,2018,16.602
Angola,,2017,16.617
Angola,,2016,16.572
Angola,,2015,16.472
Angola,,2014,16.372
Angola,,2013,16.464
Angola,,2012,16.539
Angola,,2011,16.77
Angola,,2010,16.595
Angola,,2009,16.383
Angola,,2008,16.152
Angola,,2007,16.066
Angola,,2006,16.123
Angola,,2005,16.295
Angola,,2004,16.313
Angola,,2003,16.445
Angola,,2002,16.432
Angola,,2001,16.668
Angola,,2000,16.646
Angola,,1999,16.543
Angola,,1998,16.29
Angola,,1997,16.064
Angola,,1996,16.177
Angola,,1995,16.978
Angola,,1994,17.444
Angola,,1993,17.44
Angola,,1992,16.959
Angola,,1991,16.816
Argentina,,2025,7.145
Argentina,,2024,7.15
Argentina,,2023,6.139
Argentina,,2022,6.805
Argentina,,2021,8.736
Argentina,,2020,11.461
Argentina,,2019,9.843
Argentina,,2018,9.22
Argentina,,2017,8.347
Argentina,,2016,8.088
Argentina,,2015,7.577
Argentina,,2014,7.268
Argentina,,2013,7.1
Argentina,,2012,7.217
Argentina,,2011,7.18
Argentina,,2010,7.714
Argentina,,2009,8.645
Argentina,,2008,7.837
Argentina,,2007,8.47
Argentina,,2006,10.078
Argentina,,2005,11.506
Argentina,,2004,13.522
Argentina,,2003,15.36
Argentina,,2002,19.59
Argentina,,2001,17.32
Argentina,,2000,15.0
Argentina,,1999,14.05
Argentina,,1998,12.65
Argentina,,1997,14.82
Argentina,,1996,17.11
Argentina,,1995,18.8
Argentina,,1994,11.76
Argentina,,1993,10.1
Argentina,,1992,6.36
Argentina,,1991,5.44
Armenia,,2025,12.871
Armenia,,2024,12.405
Armenia,,2023,12.405
Armenia,,2022,13.451
Armenia,,2021,15.469
Armenia,,2020,18.175
Armenia,,2019,18.304
Armenia,,2018,18.966
Armenia,,2017,17.704
Armenia,,2016,17.617
Armenia,,2015,18.261
Armenia,,2014,17.498
Armenia,,2013,16.576
Armenia,,2012,17.511
Armenia,,2011,18.884
Armenia,,2010,19.523
Armenia,,2009,19.295
Armenia,,2008,17.1
Armenia,,2007,10.394
Armenia,,2006,10.497
Armenia,,2005,10.584
Armenia,,2004,10.676
Armenia,,2003,10.769
Armenia,,2002,10.888
Armenia,,2001,11.012
Armenia,,2000,11.107
Armenia,,1999,11.2
Armenia,,1998,9.4
Armenia,,1997,10.8
Armenia,,1996,9.3
Armenia,,1995,6.7
Armenia,,1994,6.6
Armenia,,1993,5.3
Armenia,,1992,1.8
Armenia,,1991,1.774
Australia,,2025,4.09
Australia,,2024,3.942
Australia,,2023,3.668
Australia,,2022,3.728
Australia,,2021,5.022
Australia,,2020,6.394
Australia,,2019,5.143
Australia,,2018,5.345
Australia,,2017,5.592
Australia,,2016,5.711
Australia,,2015,6.055
Australia,,2014,6.078
Australia,,2013,5.663
Australia,,2012,5.225
Australia,,2011,5.083
Australia,,2010,5.214
Australia,,2009,5.565
Australia,,2008,4.242
Australia,,2007,4.381
Australia,,2006,4.785
Australia,,2005,5.036
Australia,,2004,5.399
Australia,,2003,5.933
Australia,,2002,6.375
Australia,,2001,6.747
Australia,,2000,6.288
Australia,,1999,6.876
Australia,,1998,7.684
Australia,,1997,8.367
Australia,,1996,8.509
Australia,,1995,8.473
Australia,,1994,9.724
Australia,,1993,10.879
Australia,,1992,10.733
Australia,,1991,9.586
Austria,,2025,5.582
Austria,,2024,5.2
Austria,,2023,5.264
Austria,,2022,4.992
Austria,,2021,6.459
Austria,,2020,5.201
Austria,,2019,4.56
Austria,,2018,4.933
Austria,,2017,5.561
Austria,,2016,6.064
Austria,,2015,5.802
Austria,,2014,5.674
Austria,,2013,5.367
Austria,,2012,4.909
Austria,,2011,4.637
Austria,,2010,4.883
Austria,,2009,5.371
Austria,,2008,4.198
Austria,,2007,4.909
Austria,,2006,5.32
Austria,,2005,5.682
Austria,,2004,5.969
Austria,,2003,4.779
Austria,,2002,4.852
Austria,,2001,4.007
Austria,,2000,4.687
Austria,,1999,4.699
Austria,,1998,5.483
Austria,,1997,5.15
Austria,,1996,5.282
Austria,,1995,4.345
Austria,,1994,3.535
Austria,,1993,4.25
Austria,,1992,3.59
Austria,,1991,3.42
Azerbaijan,,2025,5.457
Azerbaijan,,2024,5.648
Azerbaijan,,2023,5.64
Azerbaijan,,2022,5.65
Azerbaijan,,2021,6.04
Azerbaijan,,2020,7.24
Azerbaijan,,2019,5.0
Azerbaijan,,2018,4.9
Azerbaijan,,2017,5.0
Azerbaijan,,2016,5.0
Azerbaijan,,2015,4.96
Azerbaijan,,2014,4.91
Azerbaijan,,2013,4.97
Azerbaijan,,2012,5.19
Azerbaijan,,2011,5.42
Azerbaijan,,2010,5.63
Azerbaijan,,2009,5.74
Azerbaijan,,2008,5.86
Azerbaijan,,2007,6.33
Azerbaijan,,2006,6.62
Azerbaijan,,2005,7.26
Azerbaijan,,2004,7.99
Azerbaijan,,2003,9.17
Azerbaijan,,2002,10.04
Azerbaijan,,2001,10.91
Azerbaijan,,2000,11.78
Azerbaijan,,1999,10.9
Azerbaijan,,1998,10.0
Azerbaijan,,1997,9.1
Azerbaijan,,1996,8.1
Azerbaijan,,1995,7.2
Azerbaijan,,1994,6.3
Azerbaijan,,1993,4.5
Azerbaijan,,1992,1.8
Azerbaijan,,1991,0.9
Bahamas,,2025,9.207
Bahamas,,2024,9.049
Bahamas,,2023,8.645
Bahamas,,2022,9.25
Bahamas,,2021,11.078
Bahamas,,2020,12.016
Bahamas,,2019,9.336
Bahamas,,2018,10.0
Bahamas,,2017,9.8
Bahamas,,2016,12.7
Bahamas,,2015,12.0
Bahamas,,2014,13.8
Bahamas,,2013,16.18
Bahamas,,2012,14.02
Bahamas,,2011,14.52
Bahamas,,2010,14.435
Bahamas,,2009,14.25
Bahamas,,2008,8.18
Bahamas,,2007,7.88
Bahamas,,2006,7.54
Bahamas,,2005,10.2
Bahamas,,2004,10.2
Bahamas,,2003,10.84
Bahamas,,2002,9.05
Bahamas,,2001,6.87
Bahamas,,2000,7.118
Bahamas,,1999,7.45
Bahamas,,1998,7.65
Bahamas,,1997,9.76
Bahamas,,1996,11.46
Bahamas,,1995,10.83
Bahamas,,1994,13.83
Bahamas,,1993,12.72
Bahamas,,1992,14.81
Bahamas,,1991,12.17
Bahrain,,2025,1.102
Bahrain,,2024,1.084
Bahrain,,2023,1.049
Bahrain,,2022,1.265
Bahrain,,2021,1.548
Bahrain,,2020,1.765
Bahrain,,2019,1.217
Bahrain,,2018,1.188
Bahrain,,2017,1.18
Bahrain,,2016,1.19
Bahrain,,2015,1.164
Bahrain,,2014,1.144
Bahrain,,2013,1.184
Bahrain,,2012,1.2
Bahrain,,2011,1.21
Bahrain,,2010,1.13
Bahrain,,2009,1.07
Bahrain,,2008,1.015
Bahrain,,2007,1.006
Bahrain,,2006,1.021
Bahrain,,2005,1.021
Bahrain,,2004,1.064
Bahrain,,2003,1.126
Bahrain,,2002,1.137
Bahrain,,2001,1.118
Bahrain,,2000,1.081
Bahrain,,1999,1.112
Bahrain,,1998,1.114
Bahrain,,1997,1.125
Bahrain,,1996,1.177
Bahrain,,1995,1.044
Bahrain,,1994,1.007
Bahrain,,1993,0.882
Bahrain,,1992,0.968
Bahrain,,1991,1.047
Bangladesh,,2025,3.778
Bangladesh,,2024,3.635
Bangladesh,,2023,3.352
Bangladesh,,2022,4.593
Bangladesh,,2021,5.457
Bangladesh,,2020,5.539
Bangladesh,,2019,4.504
Bangladesh,,2018,4.439
Bangladesh,,2017,4.372
Bangladesh,,2016,4.35
Bangladesh,,2015,4.397
Bangladesh,,2014,4.417
Bangladesh,,2013,4.426
Bangladesh,,2012,4.07
Bangladesh,,2011,3.737
Bangladesh,,2010,3.379
Bangladesh,,2009,5.0
Bangladesh,,2008,4.49
Bangladesh,,2007,4.015
Bangladesh,,2006,3.591
Bangladesh,,2005,4.25
Bangladesh,,2004,4.316
Bangladesh,,2003,4.32
Bangladesh,,2002,3.966
Bangladesh,,2001,3.609
Bangladesh,,2000,3.27
Bangladesh,,1999,3.088
Bangladesh,,1998,2.893
Bangladesh,,1997,2.698
Bangladesh,,1996,2.51
Bangladesh,,1995,2.441
Bangladesh,,1994,2.37
Bangladesh,,1993,2.31
Bangladesh,,1992,2.233
Bangladesh,,1991,2.2
Barbados,,2025,6.524
Barbados,,2024,6.448
Barbados,,2023,6.54
Barbados,,2022,7.261
Barbados,,2021,11.015
Barbados,,2020,10.586
Barbados,,2019,8.41
Barbados,,2018,8.321
Barbados,,2017,8.62
Barbados,,2016,8.247
Barbados,,2015,9.803
Barbados,,2014,12.17
Barbados,,2013,11.55
Barbados,,2012,11.59
Barbados,,2011,11.19
Barbados,,2010,10.69
Barbados,,2009,10.02
Barbados,,2008,8.12
Barbados,,2007,7.41
Barbados,,2006,8.73
Barbados,,2005,9.08
Barbados,,2004,9.57
Barbados,,2003,11.0
Barbados,,2002,10.32
Barbados,,2001,9.85
Barbados,,2000,9.35
Barbados,,1999,10.61
Barbados,,1998,12.4
Barbados,,1997,14.61
Barbados,,1996,14.71
Barbados,,1995,19.66
Barbados,,1994,22.98
Barbados,,1993,24.54
Barbados,,1992,22.94
Barbados,,1991,22.41
Belarus,,2025,3.38
Belarus,,2024,3.458
Belarus,,2023,3.461
Belarus,,2022,3.574
Belarus,,2021,3.9
Belarus,,2020,4.049
Belarus,,2019,4.165
Belarus,,2018,4.763
Belarus,,2017,5.648
Belarus,,2016,5.844
Belarus,,2015,5.881
Belarus,,2014,5.908
Belarus,,2013,5.942
Belarus,,2012,5.962
Belarus,,2011,6.024
Belarus,,2010,6.052
Belarus,,2009,6.1
Belarus,,2008,6.728
Belarus,,2007,7.41
Belarus,,2006,8.066
Belarus,,2005,8.759
Belarus,,2004,9.463
Belarus,,2003,10.191
Belarus,,2002,10.874
Belarus,,2001,11.561
Belarus,,2000,12.193
Belarus,,1999,12.8
Belarus,,1998,14.0
Belarus,,1997,17.1
Belarus,,1996,24.4
Belarus,,1995,17.7
Belarus,,1994,12.8
Belarus,,1993,8.5
Belarus,,1992,3.1
Belarus,,1991,0.6
Belgium,,2025,5.906
Belgium,,2024,5.7
Belgium,,2023,5.547
Belgium,,2022,5.57
Belgium,,2021,6.248
Belgium,,2020,5.545
Belgium,,2019,5.364
Belgium,,2018,5.941
Belgium,,2017,7.09
Belgium,,2016,7.83
Belgium,,2015,8.482
Belgium,,2014,8.523
Belgium,,2013,8.425
Belgium,,2012,7.542
Belgium,,2011,7.14
Belgium,,2010,8.293
Belgium,,2009,7.908
Belgium,,2008,6.976
Belgium,,2007,7.459
Belgium,,2006,8.246
Belgium,,2005,8.44
Belgium,,2004,7.363
Belgium,,2003,7.68
Belgium,,2002,6.91
Belgium,,2001,6.178
Belgium,,2000,6.586
Belgium,,1999,8.649
Belgium,,1998,9.322
Belgium,,1997,8.95
Belgium,,1996,9.483
Belgium,,1995,9.337
Belgium,,1994,9.645
Belgium,,1993,8.078
Belgium,,1992,6.702
Belgium,,1991,6.984
Belize,,2025,8.856
Belize,,2024,8.698
Belize,,2023,8.278
Belize,,2022,8.682
Belize,,2021,10.302
Belize,,2020,10.763
Belize,,2019,9.053
Belize,,2018,9.346
Belize,,2017,6.596
Belize,,2016,7.0
Belize,,2015,7.578
Belize,,2014,8.244
Belize,,2013,8.349
Belize,,2012,8.378
Belize,,2011,8.424
Belize,,2010,8.412
Belize,,2009,8.323
Belize,,2008,8.18
Belize,,2007,8.51
Belize,,2006,9.39
Belize,,2005,10.91
Belize,,2004,10.586
Belize,,2003,10.342
Belize,,2002,10.04
Belize,,2001,9.07
Belize,,2000,10.841
Belize,,1999,12.84
Belize,,1998,14.31
Belize,,1997,12.68
Belize,,1996,13.82
Belize,,1995,12.48
Belize,,1994,11.1
Belize,,1993,9.78
Belize,,1992,9.654
Belize,,1991,9.647
Benin,,2025,1.589
Benin,,2024,1.637
Benin,,2023,1.641
Benin,,2022,1.685
Benin,,2021,1.833
Benin,,2020,1.518
Benin,,2019,1.214
Benin,,2018,1.426
Benin,,2017,1.691
Benin,,2016,1.834
Benin,,2015,1.886
Benin,,2014,1.952
Benin,,2013,2.198
Benin,,2012,2.458
Benin,,2011,2.647
Benin,,2010,1.04
Benin,,2009,0.95
Benin,,2008,0.895
Benin,,2007,0.902
Benin,,2006,0.888
Benin,,2005,0.859
Benin,,2004,0.79
Benin,,2003,0.747
Benin,,2002,0.69
Benin,,2001,0.766
Benin,,2000,0.864
Benin,,1999,0.949
Benin,,1998,1.048
Benin,,1997,1.1
Benin,,1996,1.246
Benin,,1995,1.305
Benin,,1994,1.453
Benin,,1993,1.494
Benin,,1992,1.51
Benin,,1991,1.637
Bhutan,,2025,3.227
Bhutan,,2024,3.282
Bhutan,,2023,3.126
Bhutan,,2022,5.947
Bhutan,,2021,4.803
Bhutan,,2020,5.03
Bhutan,,2019,2.72
Bhutan,,2018,3.35
Bhutan,,2017,3.027
Bhutan,,2016,2.707
Bhutan,,2015,2.45
Bhutan,,2014,2.63
Bhutan,,2013,2.87
Bhutan,,2012,2.05
Bhutan,,2011,3.23
Bhutan,,2010,3.32
Bhutan,,2009,3.96
Bhutan,,2008,3.848
Bhutan,,2007,3.7
Bhutan,,2006,3.13
Bhutan,,2005,3.1
Bhutan,,2004,2.49
Bhutan,,2003,1.8
Bhutan,,2002,1.854
Bhutan,,2001,1.9
Bhutan,,2000,1.655
Bhutan,,1999,1.4
Bhutan,,1998,1.4
Bhutan,,1997,1.393
Bhutan,,1996,1.392
Bhutan,,1995,1.4
Bhutan,,1994,1.405
Bhutan,,1993,1.418
Bhutan,,1992,1.391
Bhutan,,1991,1.381
Bolivia,,2025,2.967
Bolivia,,2024,3.274
Bolivia,,2023,3.024
Bolivia,,2022,3.552
Bolivia,,2021,5.089
Bolivia,,2020,7.903
Bolivia,,2019,3.682
Bolivia,,2018,3.519
Bolivia,,2017,3.655
Bolivia,,2016,3.498
Bolivia,,2015,3.111
Bolivia,,2014,2.021
Bolivia,,2013,2.437
Bolivia,,2012,2.066
Bolivia,,2011,2.255
Bolivia,,2010,2.609
Bolivia,,2009,2.973
Bolivia,,2008,2.603
Bolivia,,2007,2.614
Bolivia,,2006,2.575
Bolivia,,2005,2.598
Bolivia,,2004,2.615
Bolivia,,2003,2.654
Bolivia,,2002,2.603
Bolivia,,2001,2.623
Bolivia,,2000,2.439
Bolivia,,1999,2.299
Bolivia,,1998,2.121
Bolivia,,1997,2.08
Bolivia,,1996,2.375
Bolivia,,1995,2.664
Bolivia,,1994,3.08
Bolivia,,1993,3.05
Bolivia,,1992,3.03
Bolivia,,1991,2.935
Bosnia Herzegovina,,2025,11.037
Bosnia Herzegovina,,2024,10.69
Bosnia Herzegovina,,2023,10.668
Bosnia Herzegovina,,2022,12.657
Bosnia Herzegovina,,2021,14.897
Bosnia Herzegovina,,2020,15.868
Bosnia Herzegovina,,2019,15.692
Bosnia Herzegovina,,2018,18.4
Bosnia Herzegovina,,2017,20.527
Bosnia Herzegovina,,2016,25.408
Bosnia Herzegovina,,2015,27.695
Bosnia Herzegovina,,2014,27.517
Bosnia Herzegovina,,2013,27.49
Bosnia Herzegovina,,2012,28.01
Bosnia Herzegovina,,2011,27.582
Bosnia Herzegovina,,2010,27.312
Bosnia Herzegovina,,2009,24.068
Bosnia Herzegovina,,2008,23.405
Bosnia Herzegovina,,2007,28.984
Bosnia Herzegovina,,2006,31.11
Bosnia Herzegovina,,2005,30.218
Bosnia Herzegovina,,2004,29.279
Bosnia Herzegovina,,2003,28.424
Bosnia Herzegovina,,2002,27.477
Bosnia Herzegovina,,2001,26.485
Bosnia Herzegovina,,2000,25.446
Bosnia Herzegovina,,1999,24.441
Bosnia Herzegovina,,1998,23.494
Bosnia Herzegovina,,1997,22.586
Bosnia Herzegovina,,1996,21.682
Bosnia Herzegovina,,1995,20.944
Bosnia Herzegovina,,1994,20.17
Bosnia Herzegovina,,1993,19.408
Bosnia Herzegovina,,1992,18.477
Bosnia Herzegovina,,1991,17.55
Botswana,,2025,24.477
Botswana,,2024,23.81
Botswana,,2023,23.381
Botswana,,2022,23.615
Botswana,,2021,23.106
Botswana,,2020,21.017
Botswana,,2019,20.094
Botswana,,2018,19.665
Botswana,,2017,19.671
Botswana,,2016,19.328
Botswana,,2015,18.915
Botswana,,2014,18.484
Botswana,,2013,18.167
Botswana,,2012,17.916
Botswana,,2011,18.049
Botswana,,2010,17.86
Botswana,,2009,16.169
Botswana,,2008,16.293
Botswana,,2007,16.976
Botswana,,2006,17.782
Botswana,,2005,19.852
Botswana,,2004,21.755
Botswana,,2003,23.8
Botswana,,2002,21.277
Botswana,,2001,18.54
Botswana,,2000,15.88
Botswana,,1999,18.224
Botswana,,1998,20.86
Botswana,,1997,21.031
Botswana,,1996,21.593
Botswana,,1995,21.394
Botswana,,1994,21.2
Botswana,,1993,18.761
Botswana,,1992,16.33
Botswana,,1991,13.82
Brazil,,2025,5.97
Brazil,,2024,6.801
Brazil,,2023,7.947
Brazil,,2022,9.231
Brazil,,2021,13.158
Brazil,,2020,13.697
Brazil,,2019,11.936
Brazil,,2018,12.329
Brazil,,2017,12.792
Brazil,,2016,11.58
Brazil,,2015,8.538
Brazil,,2014,6.755
Brazil,,2013,7.071
Brazil,,2012,7.251
Brazil,,2011,7.578
Brazil,,2010,8.42
Brazil,,2009,9.419
Brazil,,2008,8.268
Brazil,,2007,9.28
Brazil,,2006,9.692
Brazil,,2005,10.551
Brazil,,2004,10.072
Brazil,,2003,11.168
Brazil,,2002,10.641
Brazil,,2001,10.649
Brazil,,2000,10.889
Brazil,,1999,11.125
Brazil,,1998,10.15
Brazil,,1997,9.003
Brazil,,1996,8.035
Brazil,,1995,7.092
Brazil,,1994,6.579
Brazil,,1993,6.03
Brazil,,1992,7.086
Brazil,,1991,6.887
Brunei,,2025,5.277
Brunei,,2024,5.18
Brunei,,2023,5.296
Brunei,,2022,5.191
Brunei,,2021,4.905
Brunei,,2020,7.409
Brunei,,2019,6.6
Brunei,,2018,8.7
Brunei,,2017,9.316
Brunei,,2016,8.537
Brunei,,2015,7.703
Brunei,,2014,6.862
Brunei,,2013,6.709
Brunei,,2012,6.571
Brunei,,2011,6.506
Brunei,,2010,6.487
Brunei,,2009,6.457
Brunei,,2008,6.312
Brunei,,2007,6.187
Brunei,,2006,6.061
Brunei,,2005,5.973
Brunei,,2004,5.847
Brunei,,2003,5.743
Brunei,,2002,5.652
Brunei,,2001,5.558
Brunei,,2000,5.53
Brunei,,1999,5.415
Brunei,,1998,5.356
Brunei,,1997,5.204
Brunei,,1996,5.153
Brunei,,1995,5.066
Brunei,,1994,5.007
Brunei,,1993,4.903
Brunei,,1992,4.791
Brunei,,1991,4.7
Bulgaria,,2025,3.536
Bulgaria,,2024,4.2
Bulgaria,,2023,4.319
Bulgaria,,2022,4.148
Bulgaria,,2021,5.166
Bulgaria,,2020,5.037
Bulgaria,,2019,4.148
Bulgaria,,2018,5.211
Bulgaria,,2017,6.164
Bulgaria,,2016,7.575
Bulgaria,,2015,9.143
Bulgaria,,2014,11.424
Bulgaria,,2013,12.941
Bulgaria,,2012,12.27
Bulgaria,,2011,11.26
Bulgaria,,2010,10.279
Bulgaria,,2009,6.817
Bulgaria,,2008,5.609
Bulgaria,,2007,6.878
Bulgaria,,2006,8.951
Bulgaria,,2005,10.083
Bulgaria,,2004,12.037
Bulgaria,,2003,13.733
Bulgaria,,2002,18.11
Bulgaria,,2001,19.921
Bulgaria,,2000,16.218
Bulgaria,,1999,14.1
Bulgaria,,1998,12.2
Bulgaria,,1997,13.7
Bulgaria,,1996,12.5
Bulgaria,,1995,11.1
Bulgaria,,1994,12.8
Bulgaria,,1993,16.4
Bulgaria,,1992,15.3
Bulgaria,,1991,11.1
Burkina Faso,,2025,3.477
Burkina Faso,,2024,3.441
Burkina Faso,,2023,3.601
Burkina Faso,,2022,3.828
Burkina Faso,,2021,4.511
Burkina Faso,,2020,4.59
Burkina Faso,,2019,4.493
Burkina Faso,,2018,4.695
Burkina Faso,,2017,4.662
Burkina Faso,,2016,4.598
Burkina Faso,,2015,4.472
Burkina Faso,,2014,4.255
Burkina Faso,,2013,4.054
Burkina Faso,,2012,3.849
Burkina Faso,,2011,3.827
Burkina Faso,,2010,3.725
Burkina Faso,,2009,3.723
Burkina Faso,,2008,3.501
Burkina Faso,,2007,3.3
Burkina Faso,,2006,3.67
Burkina Faso,,2005,4.0
Burkina Faso,,2004,3.48
Burkina Faso,,2003,2.78
Burkina Faso,,2002,2.862
Burkina Faso,,2001,2.748
Burkina Faso,,2000,2.687
Burkina Faso,,1999,2.552
Burkina Faso,,1998,2.44
Burkina Faso,,1997,2.412
Burkina Faso,,1996,2.446
Burkina Faso,,1995,2.532
Burkina Faso,,1994,2.58
Burkina Faso,,1993,2.426
Burkina Faso,,1992,2.505
Burkina Faso,,1991,2.467
Burundi,,2025,0.922
Burundi,,2024,0.915
Burundi,,2023,0.911
Burundi,,2022,0.909
Burundi,,2021,1.118
Burundi,,2020,1.03
Burundi,,2019,1.043
Burundi,,2018,1.147
Burundi,,2017,1.25
Burundi,,2016,1.352
Burundi,,2015,1.449
Burundi,,2014,1.572
Burundi,,2013,1.584
Burundi,,2012,1.593
Burundi,,2011,1.602
Burundi,,2010,1.615
Burundi,,2009,1.622
Burundi,,2008,1.634
Burundi,,2007,2.404
Burundi,,2006,3.185
Burundi,,2005,3.162
Burundi,,2004,3.177
Burundi,,2003,3.145
Burundi,,2002,3.168
Burundi,,2001,3.154
Burundi,,2000,3.137
Burundi,,1999,3.133
Burundi,,1998,3.156
Burundi,,1997,3.124
Burundi,,1996,3.095
Burundi,,1995,3.095
Burundi,,1994,3.106
Burundi,,1993,3.094
Burundi,,1992,3.131
Burundi,,1991,3.147
Cape Verde,,2025,11.939
Cape Verde,,2024,11.883
Cape Verde,,2023,11.882
Cape Verde,,2022,12.239
Cape Verde,,2021,13.932
Cape Verde,,2020,14.65
Cape Verde,,2019,12.123
Cape Verde,,2018,12.17
Cape Verde,,2017,12.24
Cape Verde,,2016,12.085
Cape Verde,,2015,11.923
Cape Verde,,2014,11.689
Cape Verde,,2013,11.398
Cape Verde,,2012,11.145
Cape Verde,,2011,10.956
Cape Verde,,2010,10.67
Cape Verde,,2009,13.517
Cape Verde,,2008,13.307
Cape Verde,,2007,13.294
Cape Verde,,2006,13.378
Cape Verde,,2005,13.439
Cape Verde,,2004,13.456
Cape Verde,,2003,13.604
Cape Verde,,2002,13.379
Cape Verde,,2001,13.242
Cape Verde,,2000,13.024
Cape Verde,,1999,13.071
Cape Verde,,1998,13.055
Cape Verde,,1997,13.01
Cape Verde,,1996,12.844
Cape Verde,,1995,12.883
Cape Verde,,1994,12.936
Cape Verde,,1993,13.276
Cape Verde,,1992,13.428
Cape Verde,,1991,13.527
Cambodia,,2025,0.263
Cambodia,,2024,0.254
Cambodia,,2023,0.256
Cambodia,,2022,0.245
Cambodia,,2021,0.396
Cambodia,,2020,0.172
Cambodia,,2019,0.119
Cambodia,,2018,0.129
Cambodia,,2017,0.141
Cambodia,,2016,0.716
Cambodia,,2015,0.393
Cambodia,,2014,0.692
Cambodia,,2013,0.438
Cambodia,,2012,0.505
Cambodia,,2011,0.577
Cambodia,,2010,0.771
Cambodia,,2009,0.579
Cambodia,,2008,0.825
Cambodia,,2007,1.257
Cambodia,,2006,1.16
Cambodia,,2005,1.061
Cambodia,,2004,1.004
Cambodia,,2003,0.909
Cambodia,,2002,0.862
Cambodia,,2001,0.778
Cambodia,,2000,0.745
Cambodia,,1999,0.727
Cambodia,,1998,0.712
Cambodia,,1997,0.638
Cambodia,,1996,0.963
Cambodia,,1995,0.973
Cambodia,,1994,0.996
Cambodia,,1993,0.733
Cambodia,,1992,0.748
Cambodia,,1991,0.768
Cameroon,,2025,3.602
Cameroon,,2024,3.603
Cameroon,,2023,3.607
Cameroon,,2022,3.646
Cameroon,,2021,3.976
Cameroon,,2020,3.881
Cameroon,,2019,3.632
Cameroon,,2018,3.608
Cameroon,,2017,3.573
Cameroon,,2016,3.529
Cameroon,,2015,3.518
Cameroon,,2014,3.534
Cameroon,,2013,3.686
Cameroon,,2012,3.836
Cameroon,,2011,3.988
Cameroon,,2010,4.11
Cameroon,,2009,3.743
Cameroon,,2008,3.386
Cameroon,,2007,3.063
Cameroon,,2006,3.729
Cameroon,,2005,4.4
Cameroon,,2004,5.087
Cameroon,,2003,5.908
Cameroon,,2002,6.711
Cameroon,,2001,7.46
Cameroon,,2000,7.533
Cameroon,,1999,7.595
Cameroon,,1998,7.695
Cameroon,,1997,7.859
Cameroon,,1996,8.06
Cameroon,,1995,8.598
Cameroon,,1994,8.878
Cameroon,,1993,9.154
Cameroon,,1992,9.055
Cameroon,,1991,8.986
Canada,,2025,6.907
Canada,,2024,6.351
Canada,,2023,5.415
Canada,,2022,5.279
Canada,,2021,7.527
Canada,,2020,9.657
Canada,,2019,5.69
Canada,,2018,5.837
Canada,,2017,6.426
Canada,,2016,7.038
Canada,,2015,6.945
Canada,,2014,7.023
Canada,,2013,7.143
Canada,,2012,7.392
Canada,,2011,7.637
Canada,,2010,8.178
Canada,,2009,8.46
Canada,,2008,6.284
Canada,,2007,6.156
Canada,,2006,6.484
Canada,,2005,6.758
Canada,,2004,7.185
Canada,,2003,7.574
Canada,,2002,7.665
Canada,,2001,7.219
Canada,,2000,6.829
Canada,,1999,7.583
Canada,,1998,8.278
Canada,,1997,9.1
Canada,,1996,9.62
Canada,,1995,9.489
Canada,,1994,10.395
Canada,,1993,11.377
Canada,,1992,11.197
Canada,,1991,10.316
Central African Republic,,2025,6.251
Central African Republic,,2024,6.253
Central African Republic,,2023,6.181
Central African Republic,,2022,6.287
Central African Republic,,2021,6.701
Central African Republic,,2020,6.519
Central African Republic,,2019,5.916
Central African Republic,,2018,5.825
Central African Republic,,2017,5.836
Central African Republic,,2016,5.793
Central African Republic,,2015,5.775
Central African Republic,,2014,5.633
Central African Republic,,2013,5.566
Central African Republic,,2012,5.58
Central African Republic,,2011,5.638
Central African Republic,,2010,5.658
Central African Republic,,2009,5.575
Central African Republic,,2008,5.51
Central African Republic,,2007,5.562
Central African Republic,,2006,5.61
Central African Republic,,2005,5.691
Central African Republic,,2004,5.729
Central African Republic,,2003,5.809
Central African Republic,,2002,5.809
Central African Republic,,2001,5.77
Central African Republic,,2000,5.722
Central African Republic,,1999,5.767
Central African Republic,,1998,5.773
Central African Republic,,1997,5.797
Central African Republic,,1996,5.84
Central African Republic,,1995,5.871
Central African Republic,,1994,5.924
Central African Republic,,1993,5.897
Central African Republic,,1992,5.825
Central African Republic,,1991,5.697
Chad,,2025,1.057
Chad,,2024,1.053
Chad,,2023,1.059
Chad,,2022,1.081
Chad,,2021,1.53
Chad,,2020,1.695
Chad,,2019,1.077
Chad,,2018,1.135
Chad,,2017,1.132
Chad,,2016,1.091
Chad,,2015,1.032
Chad,,2014,0.984
Chad,,2013,0.955
Chad,,2012,0.886
Chad,,2011,0.92
Chad,,2010,0.911
Chad,,2009,0.943
Chad,,2008,0.922
Chad,,2007,0.839
Chad,,2006,0.716
Chad,,2005,0.663
Chad,,2004,0.672
Chad,,2003,0.725
Chad,,2002,0.769
Chad,,2001,0.792
Chad,,2000,0.796
Chad,,1999,0.753
Chad,,1998,0.725
Chad,,1997,0.732
Chad,,1996,0.7
Chad,,1995,0.755
Chad,,1994,0.709
Chad,,1993,0.7
Chad,,1992,0.658
Chad,,1991,0.668
Chile,,2025,8.974
Chile,,2024,8.718
Chile,,2023,9.013
Chile,,2022,8.249
Chile,,2021,9.281
Chile,,2020,10.934
Chile,,2019,7.493
Chile,,2018,7.623
Chile,,2017,7.257
Chile,,2016,6.926
Chile,,2015,6.605
Chile,,2014,6.761
Chile,,2013,6.361
Chile,,2012,6.79
Chile,,2011,7.492
Chile,,2010,8.547
Chile,,2009,11.313
Chile,,2008,9.285
Chile,,2007,8.427
Chile,,2006,9.024
Chile,,2005,9.34
Chile,,2004,10.162
Chile,,2003,9.765
Chile,,2002,10.168
Chile,,2001,10.39
Chile,,2000,10.491
Chile,,1999,11.158
Chile,,1998,7.307
Chile,,1997,7.136
Chile,,1996,7.414
Chile,,1995,4.7
Chile,,1994,5.87
Chile,,1993,4.49
Chile,,1992,4.35
Chile,,1991,5.23
China,,2025,4.615
China,,2024,4.59
China,,2023,4.67
China,,2022,4.98
China,,2021,4.55
China,,2020,5.0
China,,2019,4.56
China,,2018,4.31
China,,2017,4.47
China,,2016,4.56
China,,2015,4.65
China,,2014,4.63
China,,2013,4.6
China,,2012,4.58
China,,2011,4.55
China,,2010,4.53
China,,2009,4.72
China,,2008,4.59
China,,2007,4.35
China,,2006,4.43
China,,2005,4.52
China,,2004,4.49
China,,2003,4.58
China,,2002,4.24
China,,2001,3.8
China,,2000,3.26
China,,1999,3.25
China,,1998,3.24
China,,1997,3.23
China,,1996,3.12
China,,1995,3.0
China,,1994,2.9
China,,1993,2.69
China,,1992,2.37
China,,1991,2.37
Colombia,,2025,8.29
Colombia,,2024,9.619
Colombia,,2023,9.591
Colombia,,2022,10.541
Colombia,,2021,13.898
Colombia,,2020,15.983
Colombia,,2019,10.28
Colombia,,2018,9.36
Colombia,,2017,9.086
Colombia,,2016,8.922
Colombia,,2015,8.572
Colombia,,2014,8.799
Colombia,,2013,9.246
Colombia,,2012,9.959
Colombia,,2011,10.288
Colombia,,2010,11.153
Colombia,,2009,12.066
Colombia,,2008,11.273
Colombia,,2007,11.204
Colombia,,2006,11.088
Colombia,,2005,11.062
Colombia,,2004,13.717
Colombia,,2003,13.221
Colombia,,2002,14.481
Colombia,,2001,15.04
Colombia,,2000,20.52
Colombia,,1999,20.06
Colombia,,1998,15.0
Colombia,,1997,12.14
Colombia,,1996,11.81
Colombia,,1995,8.72
Colombia,,1994,8.25
Colombia,,1993,7.8
Colombia,,1992,9.44
Colombia,,1991,10.12
Comoros,,2025,3.819
Comoros,,2024,3.815
Comoros,,2023,3.833
Comoros,,2022,3.879
Comoros,,2021,4.394
Comoros,,2020,4.468
Comoros,,2019,3.926
Comoros,,2018,3.975
Comoros,,2017,4.049
Comoros,,2016,4.117
Comoros,,2015,4.031
Comoros,,2014,3.984
Comoros,,2013,3.98
Comoros,,2012,4.091
Comoros,,2011,4.12
Comoros,,2010,4.19
Comoros,,2009,4.303
Comoros,,2008,4.416
Comoros,,2007,4.474
Comoros,,2006,4.482
Comoros,,2005,4.527
Comoros,,2004,4.571
Comoros,,2003,4.559
Comoros,,2002,4.372
Comoros,,2001,4.379
Comoros,,2000,4.4
Comoros,,1999,4.544
Comoros,,1998,4.614
Comoros,,1997,4.561
Comoros,,1996,4.774
Comoros,,1995,4.675
Comoros,,1994,4.566
Comoros,,1993,4.571
Comoros,,1992,4.528
Comoros,,1991,4.795
Democratic Republic of the Congo,,2025,4.434
Democratic Republic of the Congo,,2024,4.421
Democratic Republic of the Congo,,2023,4.469
Democratic Republic of the Congo,,2022,4.54
Democratic Republic of the Congo,,2021,5.289
Democratic Republic of the Congo,,2020,5.355
Democratic Republic of the Congo,,2019,4.605
Democratic Republic of the Congo,,2018,4.632
Democratic Republic of the Congo,,2017,4.613
Democratic Republic of the Congo,,2016,4.528
Democratic Republic of the Congo,,2015,4.441
Democratic Republic of the Congo,,2014,4.436
Democratic Republic of the Congo,,2013,4.469
Democratic Republic of the Congo,,2012,4.485
Democratic Republic of the Congo,,2011,4.317
Democratic Republic of the Congo,,2010,4.098
Democratic Republic of the Congo,,2009,3.882
Democratic Republic of the Congo,,2008,3.627
Democratic Republic of the Congo,,2007,3.404
Democratic Republic of the Congo,,2006,3.174
Democratic Republic of the Congo,,2005,2.948
Democratic Republic of the Congo,,2004,2.976
Democratic Republic of the Congo,,2003,3.057
Democratic Republic of the Congo,,2002,3.179
Democratic Republic of the Congo,,2001,3.251
Democratic Republic of the Congo,,2000,3.245
Democratic Republic of the Congo,,1999,3.23
Democratic Republic of the Congo,,1998,3.195
Democratic Republic of the Congo,,1997,3.171
Democratic Republic of the Congo,,1996,3.156
Democratic Republic of the Congo,,1995,3.285
Democratic Republic of the Congo,,1994,3.403
Democratic Republic of the Congo,,1993,3.45
Democratic Republic of the Congo,,1992,3.372
Democratic Republic of the Congo,,1991,3.272
Republic of the Congo,,2025,19.876
Republic of the Congo,,2024,19.895
Republic of the Congo,,2023,19.919
Republic of the Congo,,2022,20.131
Republic of the Congo,,2021,21.998
Republic of the Congo,,2020,22.286
Republic of the Congo,,2019,20.494
Republic of the Congo,,2018,20.84
Republic of the Congo,,2017,20.737
Republic of the Congo,,2016,20.298
Republic of the Congo,,2015,20.02
Republic of the Congo,,2014,19.696
Republic of the Congo,,2013,19.845
Republic of the Congo,,2012,19.491
Republic of the Congo,,2011,19.435
Republic of the Congo,,2010,19.3
Republic of the Congo,,2009,19.844
Republic of the Congo,,2008,19.962
Republic of the Congo,,2007,19.909
Republic of the Congo,,2006,19.563
Republic of the Congo,,2005,19.796
Republic of the Congo,,2004,19.896
Republic of the Congo,,2003,19.877
Republic of the Congo,,2002,19.644
Republic of the Congo,,2001,19.88
Republic of the Congo,,2000,19.872
Republic of the Congo,,1999,20.141
Republic of the Congo,,1998,19.898
Republic of the Congo,,1997,19.886
Republic of the Congo,,1996,20.049
Republic of the Congo,,1995,20.226
Republic of the Congo,,1994,20.269
Republic of the Congo,,1993,19.99
Republic of the Congo,,1992,19.916
Republic of the Congo,,1991,19.911
Costa Rica,,2025,6.843
Costa Rica,,2024,6.936
Costa Rica,,2023,8.325
Costa Rica,,2022,11.325
Costa Rica,,2021,15.139
Costa Rica,,2020,16.432
Costa Rica,,2019,10.807
Costa Rica,,2018,9.01
Costa Rica,,2017,7.729
Costa Rica,,2016,8.085
Costa Rica,,2015,8.415
Costa Rica,,2014,8.499
Costa Rica,,2013,8.218
Costa Rica,,2012,9.11
Costa Rica,,2011,9.518
Costa Rica,,2010,7.171
Costa Rica,,2009,7.824
Costa Rica,,2008,4.934
Costa Rica,,2007,4.557
Costa Rica,,2006,5.926
Costa Rica,,2005,6.749
Costa Rica,,2004,6.445
Costa Rica,,2003,6.654
Costa Rica,,2002,6.396
Costa Rica,,2001,6.051
Costa Rica,,2000,5.08
Costa Rica,,1999,5.9
Costa Rica,,1998,5.33
Costa Rica,,1997,5.68
Costa Rica,,1996,6.16
Costa Rica,,1995,5.18
Costa Rica,,1994,4.05
Costa Rica,,1993,3.95
Costa Rica,,1992,3.93
Costa Rica,,1991,5.37
Ivory Coast,,2025,2.323
Ivory Coast,,2024,2.273
Ivory Coast,,2023,2.263
Ivory Coast,,2022,2.31
Ivory Coast,,2021,2.623
Ivory Coast,,2020,2.588
Ivory Coast,,2019,2.401
Ivory Coast,,2018,2.852
Ivory Coast,,2017,3.272
Ivory Coast,,2016,1.896
Ivory Coast,,2015,2.573
Ivory Coast,,2014,3.274
Ivory Coast,,2013,4.255
Ivory Coast,,2012,7.223
Ivory Coast,,2011,7.144
Ivory Coast,,2010,6.607
Ivory Coast,,2009,6.573
Ivory Coast,,2008,6.382
Ivory Coast,,2007,6.284
Ivory Coast,,2006,6.017
Ivory Coast,,2005,6.023
Ivory Coast,,2004,5.915
Ivory Coast,,2003,5.847
Ivory Coast,,2002,5.508
Ivory Coast,,2001,5.195
Ivory Coast,,2000,4.835
Ivory Coast,,1999,4.421
Ivory Coast,,1998,4.1
Ivory Coast,,1997,3.964
Ivory Coast,,1996,4.039
Ivory Coast,,1995,4.1
Ivory Coast,,1994,5.046
Ivory Coast,,1993,5.869
Ivory Coast,,1992,6.7
Ivory Coast,,1991,6.595
Croatia,,2025,5.002
Croatia,,2024,5.0
Croatia,,2023,6.121
Croatia,,2022,6.811
Croatia,,2021,7.483
Croatia,,2020,7.389
Croatia,,2019,6.551
Croatia,,2018,8.322
Croatia,,2017,11.078
Croatia,,2016,13.015
Croatia,,2015,16.15
Croatia,,2014,17.209
Croatia,,2013,17.231
Croatia,,2012,16.046
Croatia,,2011,13.678
Croatia,,2010,11.62
Croatia,,2009,9.202
Croatia,,2008,8.53
Croatia,,2007,9.909
Croatia,,2006,11.13
Croatia,,2005,12.598
Croatia,,2004,13.664
Croatia,,2003,13.924
Croatia,,2002,15.053
Croatia,,2001,15.822
Croatia,,2000,16.064
Croatia,,1999,13.559
Croatia,,1998,11.392
Croatia,,1997,9.71
Croatia,,1996,9.68
Croatia,,1995,10.007
Croatia,,1994,10.364
Croatia,,1993,10.779
Croatia,,1992,10.974
Croatia,,1991,11.14
Cuba,,2025,1.746
Cuba,,2024,1.755
Cuba,,2023,1.73
Cuba,,2022,1.829
Cuba,,2021,2.11
Cuba,,2020,2.233
Cuba,,2019,1.705
Cuba,,2018,1.7
Cuba,,2017,1.7
Cuba,,2016,2.0
Cuba,,2015,2.4
Cuba,,2014,2.7
Cuba,,2013,3.29
Cuba,,2012,3.46
Cuba,,2011,3.18
Cuba,,2010,2.5
Cuba,,2009,1.67
Cuba,,2008,1.583
Cuba,,2007,1.788
Cuba,,2006,1.913
Cuba,,2005,1.95
Cuba,,2004,1.854
Cuba,,2003,2.33
Cuba,,2002,3.31
Cuba,,2001,4.08
Cuba,,2000,5.45
Cuba,,1999,6.26
Cuba,,1998,6.23
Cuba,,1997,7.1
Cuba,,1996,7.61
Cuba,,1995,8.27
Cuba,,1994,8.806
Cuba,,1993,9.27
Cuba,,1992,8.779
Cuba,,1991,8.306
Cyprus,,2025,4.924
Cyprus,,2024,4.9
Cyprus,,2023,5.835
Cyprus,,2022,6.806
Cyprus,,2021,7.513
Cyprus,,2020,7.755
Cyprus,,2019,7.155
Cyprus,,2018,8.504
Cyprus,,2017,11.155
Cyprus,,2016,13.006
Cyprus,,2015,15.026
Cyprus,,2014,16.277
Cyprus,,2013,16.131
Cyprus,,2012,12.097
Cyprus,,2011,7.942
Cyprus,,2010,6.359
Cyprus,,2009,5.594
Cyprus,,2008,3.756
Cyprus,,2007,3.946
Cyprus,,2006,4.593
Cyprus,,2005,5.481
Cyprus,,2004,4.77
Cyprus,,2003,4.153
Cyprus,,2002,3.336
Cyprus,,2001,4.043
Cyprus,,2000,4.766
Cyprus,,1999,5.532
Cyprus,,1998,3.3
Cyprus,,1997,3.4
Cyprus,,1996,3.1
Cyprus,,1995,2.6
Cyprus,,1994,2.7
Cyprus,,1993,2.7
Cyprus,,1992,2.09
Cyprus,,1991,3.0
Czechia,,2025,2.825
Czechia,,2024,2.6
Czechia,,2023,2.579
Czechia,,2022,2.224
Czechia,,2021,2.803
Czechia,,2020,2.55
Czechia,,2019,2.015
Czechia,,2018,2.246
Czechia,,2017,2.893
Czechia,,2016,3.952
Czechia,,2015,5.048
Czechia,,2014,6.108
Czechia,,2013,6.953
Czechia,,2012,6.979
Czechia,,2011,6.712
Czechia,,2010,7.281
Czechia,,2009,6.662
Czechia,,2008,4.392
Czechia,,2007,5.316
Czechia,,2006,7.141
Czechia,,2005,7.927
Czechia,,2004,8.298
Czechia,,2003,7.777
Czechia,,2002,7.28
Czechia,,2001,8.128
Czechia,,2000,8.764
Czechia,,1999,8.702
Czechia,,1998,6.455
Czechia,,1997,4.674
Czechia,,1996,3.852
Czechia,,1995,4.082
Czechia,,1994,4.284
Czechia,,1993,4.349
Czechia,,1992,2.6
Czechia,,1991,2.27
Denmark,,2025,5.529
Denmark,,2024,5.358
Denmark,,2023,5.094
Denmark,,2022,4.434
Denmark,,2021,5.065
Denmark,,2020,5.644
Denmark,,2019,5.018
Denmark,,2018,5.131
Denmark,,2017,5.833
Denmark,,2016,5.989
Denmark,,2015,6.278
Denmark,,2014,6.925
Denmark,,2013,7.384
Denmark,,2012,7.798
Denmark,,2011,7.769
Denmark,,2010,7.746
Denmark,,2009,6.409
Denmark,,2008,3.683
Denmark,,2007,3.801
Denmark,,2006,3.897
Denmark,,2005,4.83
Denmark,,2004,5.204
Denmark,,2003,5.398
Denmark,,2002,4.274
Denmark,,2001,4.164
Denmark,,2000,4.476
Denmark,,1999,5.141
Denmark,,1998,5.039
Denmark,,1997,5.4
Denmark,,1996,6.844
Denmark,,1995,6.992
Denmark,,1994,8.036
Denmark,,1993,10.719
Denmark,,1992,9.027
Denmark,,1991,9.099
Djibouti,,2025,26.015
Djibouti,,2024,26.007
Djibouti,,2023,26.074
Djibouti,,2022,26.272
Djibouti,,2021,27.628
Djibouti,,2020,27.701
Djibouti,,2019,26.257
Djibouti,,2018,26.18
Djibouti,,2017,26.064
Djibouti,,2016,25.982
Djibouti,,2015,26.063
Djibouti,,2014,26.16
Djibouti,,2013,26.149
Djibouti,,2012,26.179
Djibouti,,2011,26.31
Djibouti,,2010,26.368
Djibouti,,2009,26.325
Djibouti,,2008,26.183
Djibouti,,2007,26.292
Djibouti,,2006,26.382
Djibouti,,2005,26.448
Djibouti,,2004,26.441
Djibouti,,2003,26.484
Djibouti,,2002,26.589
Djibouti,,2001,26.597
Djibouti,,2000,26.664
Djibouti,,1999,26.742
Djibouti,,1998,27.027
Djibouti,,1997,27.176
Djibouti,,1996,27.172
Djibouti,,1995,27.303
Djibouti,,1994,27.118
Djibouti,,1993,27.253
Djibouti,,1992,26.457
Djibouti,,1991,26.118
Dominican Republic,,2025,5.092
Dominican Republic,,2024,5.312
Dominican Republic,,2023,5.555
Dominican Republic,,2022,5.504
Dominican Republic,,2021,7.702
Dominican Republic,,2020,6.126
Dominican Republic,,2019,6.356
Dominican Republic,,2018,5.861
Dominican Republic,,2017,5.832
Dominican Republic,,2016,7.284
Dominican Republic,,2015,7.605
Dominican Republic,,2014,6.719
Dominican Republic,,2013,7.351
Dominican Republic,,2012,6.722
Dominican Republic,,2011,6.087
Dominican Republic,,2010,5.212
Dominican Republic,,2009,5.467
Dominican Republic,,2008,4.764
Dominican Republic,,2007,5.158
Dominican Republic,,2006,5.654
Dominican Republic,,2005,6.587
Dominican Republic,,2004,6.303
Dominican Republic,,2003,6.938
Dominican Republic,,2002,6.779
Dominican Republic,,2001,7.262
Dominican Republic,,2000,6.432
Dominican Republic,,1999,6.312
Dominican Republic,,1998,6.304
Dominican Republic,,1997,6.323
Dominican Republic,,1996,6.485
Dominican Republic,,1995,6.439
Dominican Republic,,1994,6.285
Dominican Republic,,1993,6.322
Dominican Republic,,1992,6.669
Dominican Republic,,1991,6.863
Ecuador,,2025,3.308
Ecuador,,2024,3.453
Ecuador,,2023,3.51
Ecuador,,2022,3.713
Ecuador,,2021,4.504
Ecuador,,2020,6.116
Ecuador,,2019,3.812
Ecuador,,2018,3.53
Ecuador,,2017,3.836
Ecuador,,2016,4.597
Ecuador,,2015,3.616
Ecuador,,2014,3.48
Ecuador,,2013,3.083
Ecuador,,2012,3.235
Ecuador,,2011,3.458
Ecuador,,2010,4.088
Ecuador,,2009,4.608
Ecuador,,2008,3.917
Ecuador,,2007,3.142
Ecuador,,2006,3.55
Ecuador,,2005,3.779
Ecuador,,2004,5.002
Ecuador,,2003,5.662
Ecuador,,2002,4.825
Ecuador,,2001,4.252
Ecuador,,2000,4.8
Ecuador,,1999,4.656
Ecuador,,1998,4.389
Ecuador,,1997,4.424
Ecuador,,1996,4.422
Ecuador,,1995,4.408
Ecuador,,1994,4.409
Ecuador,,1993,4.403
Ecuador,,1992,4.333
Ecuador,,1991,4.371
Egypt,,2025,6.781
Egypt,,2024,6.817
Egypt,,2023,6.753
Egypt,,2022,6.546
Egypt,,2021,7.441
Egypt,,2020,7.974
Egypt,,2019,7.851
Egypt,,2018,9.855
Egypt,,2017,11.767
Egypt,,2016,12.45
Egypt,,2015,13.052
Egypt,,2014,13.105
Egypt,,2013,13.154
Egypt,,2012,12.597
Egypt,,2011,11.849
Egypt,,2010,8.757
Egypt,,2009,9.087
Egypt,,2008,8.517
Egypt,,2007,8.8
Egypt,,2006,10.49
Egypt,,2005,11.049
Egypt,,2004,10.32
Egypt,,2003,10.91
Egypt,,2002,10.01
Egypt,,2001,9.26
Egypt,,2000,8.98
Egypt,,1999,7.95
Egypt,,1998,8.03
Egypt,,1997,8.37
Egypt,,1996,9.0
Egypt,,1995,11.04
Egypt,,1994,10.93
Egypt,,1993,10.92
Egypt,,1992,8.92
Egypt,,1991,9.38
El Salvador,,2025,3.303
El Salvador,,2024,3.261
El Salvador,,2023,2.992
El Salvador,,2022,2.999
El Salvador,,2021,4.327
El Salvador,,2020,5.008
El Salvador,,2019,4.17
El Salvador,,2018,4.006
El Salvador,,2017,4.385
El Salvador,,2016,4.418
El Salvador,,2015,3.998
El Salvador,,2014,4.154
El Salvador,,2013,3.693
El Salvador,,2012,3.843
El Salvador,,2011,4.297
El Salvador,,2010,4.893
El Salvador,,2009,7.33
El Salvador,,2008,5.88
El Salvador,,2007,6.41
El Salvador,,2006,6.57
El Salvador,,2005,7.22
El Salvador,,2004,6.8
El Salvador,,2003,6.9
El Salvador,,2002,6.2
El Salvador,,2001,6.96
El Salvador,,2000,6.96
El Salvador,,1999,7.3
El Salvador,,1998,7.1
El Salvador,,1997,7.98
El Salvador,,1996,7.68
El Salvador,,1995,7.65
El Salvador,,1994,7.68
El Salvador,,1993,9.94
El Salvador,,1992,7.88
El Salvador,,1991,7.53
Equatorial Guinea,,2025,8.337
Equatorial Guinea,,2024,8.293
Equatorial Guinea,,2023,8.218
Equatorial Guinea,,2022,8.334
Equatorial Guinea,,2021,8.821
Equatorial Guinea,,2020,8.625
Equatorial Guinea,,2019,7.917
Equatorial Guinea,,2018,7.818
Equatorial Guinea,,2017,7.843
Equatorial Guinea,,2016,7.798
Equatorial Guinea,,2015,7.778
Equatorial Guinea,,2014,7.669
Equatorial Guinea,,2013,7.675
Equatorial Guinea,,2012,7.761
Equatorial Guinea,,2011,7.837
Equatorial Guinea,,2010,7.847
Equatorial Guinea,,2009,7.702
Equatorial Guinea,,2008,7.571
Equatorial Guinea,,2007,7.592
Equatorial Guinea,,2006,7.612
Equatorial Guinea,,2005,7.667
Equatorial Guinea,,2004,7.658
Equatorial Guinea,,2003,7.701
Equatorial Guinea,,2002,7.646
Equatorial Guinea,,2001,7.551
Equatorial Guinea,,2000,7.444
Equatorial Guinea,,1999,7.417
Equatorial Guinea,,1998,7.332
Equatorial Guinea,,1997,7.263
Equatorial Guinea,,1996,7.215
Equatorial Guinea,,1995,7.16
Equatorial Guinea,,1994,7.123
Equatorial Guinea,,1993,7.024
Equatorial Guinea,,1992,6.878
Equatorial Guinea,,1991,6.677
Eritrea,,2025,5.978
Eritrea,,2024,5.947
Eritrea,,2023,5.909
Eritrea,,2022,6.033
Eritrea,,2021,6.489
Eritrea,,2020,6.375
Eritrea,,2019,5.812
Eritrea,,2018,5.756
Eritrea,,2017,5.804
Eritrea,,2016,5.772
Eritrea,,2015,5.751
Eritrea,,2014,5.637
Eritrea,,2013,5.624
Eritrea,,2012,5.692
Eritrea,,2011,5.801
Eritrea,,2010,5.854
Eritrea,,2009,5.757
Eritrea,,2008,5.683
Eritrea,,2007,5.719
Eritrea,,2006,5.707
Eritrea,,2005,5.721
Eritrea,,2004,5.704
Eritrea,,2003,5.79
Eritrea,,2002,5.794
Eritrea,,2001,5.74
Eritrea,,2000,5.656
Eritrea,,1999,5.604
Eritrea,,1998,5.501
Eritrea,,1997,5.4
Eritrea,,1996,5.31
Eritrea,,1995,5.349
Eritrea,,1994,5.446
Eritrea,,1993,5.387
Eritrea,,1992,5.297
Eritrea,,1991,5.129
Estonia,,2025,8.313
Estonia,,2024,7.6
Estonia,,2023,6.378
Estonia,,2022,5.571
Estonia,,2021,6.178
Estonia,,2020,6.956
Estonia,,2019,4.514
Estonia,,2018,5.412
Estonia,,2017,5.807
Estonia,,2016,6.882
Estonia,,2015,6.412
Estonia,,2014,7.352
Estonia,,2013,8.631
Estonia,,2012,10.021
Estonia,,2011,12.328
Estonia,,2010,16.707
Estonia,,2009,13.548
Estonia,,2008,5.455
Estonia,,2007,4.592
Estonia,,2006,5.915
Estonia,,2005,8.033
Estonia,,2004,10.248
Estonia,,2003,11.288
Estonia,,2002,10.026
Estonia,,2001,13.134
Estonia,,2000,13.36
Estonia,,1999,11.573
Estonia,,1998,9.51
Estonia,,1997,10.369
Estonia,,1996,9.915
Estonia,,1995,9.659
Estonia,,1994,7.561
Estonia,,1993,6.544
Estonia,,1992,3.681
Estonia,,1991,1.468
Eswatini,,2025,34.202
Eswatini,,2024,34.643
Eswatini,,2023,34.61
Eswatini,,2022,36.472
Eswatini,,2021,34.153
Eswatini,,2020,32.978
Eswatini,,2019,28.222
Eswatini,,2018,26.471
Eswatini,,2017,24.543
Eswatini,,2016,22.718
Eswatini,,2015,23.431
Eswatini,,2014,23.931
Eswatini,,2013,24.556
Eswatini,,2012,25.226
Eswatini,,2011,26.105
Eswatini,,2010,26.856
Eswatini,,2009,27.488
Eswatini,,2008,27.891
Eswatini,,2007,28.24
Eswatini,,2006,27.693
Eswatini,,2005,27.221
Eswatini,,2004,26.716
Eswatini,,2003,26.259
Eswatini,,2002,25.771
Eswatini,,2001,25.24
Eswatini,,2000,24.547
Eswatini,,1999,23.868
Eswatini,,1998,23.214
Eswatini,,1997,22.5
Eswatini,,1996,22.074
Eswatini,,1995,21.65
Eswatini,,1994,21.726
Eswatini,,1993,21.76
Eswatini,,1992,20.947
Eswatini,,1991,20.521
Ethiopia,,2025,3.323
Ethiopia,,2024,3.357
Ethiopia,,2023,3.375
Ethiopia,,2022,3.386
Ethiopia,,2021,3.935
Ethiopia,,2020,3.998
Ethiopia,,2019,2.928
Ethiopia,,2018,2.811
Ethiopia,,2017,2.665
Ethiopia,,2016,2.556
Ethiopia,,2015,2.442
Ethiopia,,2014,2.361
Ethiopia,,2013,2.251
Ethiopia,,2012,2.252
Ethiopia,,2011,2.27
Ethiopia,,2010,2.295
Ethiopia,,2009,2.326
Ethiopia,,2008,2.326
Ethiopia,,2007,2.337
Ethiopia,,2006,2.337
Ethiopia,,2005,2.497
Ethiopia,,2004,2.776
Ethiopia,,2003,3.008
Ethiopia,,2002,3.054
Ethiopia,,2001,3.16
Ethiopia,,2000,3.499
Ethiopia,,1999,3.714
Ethiopia,,1998,3.481
Ethiopia,,1997,3.227
Ethiopia,,1996,3.121
Ethiopia,,1995,3.005
Ethiopia,,1994,3.1
Ethiopia,,1993,3.252
Ethiopia,,1992,3.416
Ethiopia,,1991,3.284
Fiji,,2025,5.347
Fiji,,2024,5.361
Fiji,,2023,5.316
Fiji,,2022,5.403
Fiji,,2021,5.225
Fiji,,2020,5.054
Fiji,,2019,4.661
Fiji,,2018,4.523
Fiji,,2017,4.418
Fiji,,2016,4.319
Fiji,,2015,4.288
Fiji,,2014,4.323
Fiji,,2013,4.356
Fiji,,2012,4.375
Fiji,,2011,4.406
Fiji,,2010,4.345
Fiji,,2009,4.309
Fiji,,2008,4.187
Fiji,,2007,4.109
Fiji,,2006,3.957
Fiji,,2005,3.886
Fiji,,2004,4.7
Fiji,,2003,4.74
Fiji,,2002,4.772
Fiji,,2001,4.692
Fiji,,2000,4.697
Fiji,,1999,4.698
Fiji,,1998,4.746
Fiji,,1997,4.725
Fiji,,1996,4.623
Fiji,,1995,4.651
Fiji,,1994,4.598
Fiji,,1993,4.694
Fiji,,1992,4.64
Fiji,,1991,4.618
Finland,,2025,9.461
Finland,,2024,8.4
Finland,,2023,7.149
Finland,,2022,6.719
Finland,,2021,7.617
Finland,,2020,7.759
Finland,,2019,6.695
Finland,,2018,7.361
Finland,,2017,8.64
Finland,,2016,8.818
Finland,,2015,9.376
Finland,,2014,8.663
Finland,,2013,8.193
Finland,,2012,7.689
Finland,,2011,7.781
Finland,,2010,8.394
Finland,,2009,8.249
Finland,,2008,6.369
Finland,,2007,6.854
Finland,,2006,8.935
Finland,,2005,9.602
Finland,,2004,10.358
Finland,,2003,10.469
Finland,,2002,10.423
Finland,,2001,10.29
Finland,,2000,11.134
Finland,,1999,11.693
Finland,,1998,13.214
Finland,,1997,14.967
Finland,,1996,15.572
Finland,,1995,17.005
Finland,,1994,16.426
Finland,,1993,16.201
Finland,,1992,11.595
Finland,,1991,6.503
France,,2025,7.542
France,,2024,7.4
France,,2023,7.335
France,,2022,7.303
France,,2021,7.871
France,,2020,8.009
France,,2019,8.415
France,,2018,9.018
France,,2017,9.409
France,,2016,10.057
France,,2015,10.354
France,,2014,10.273
France,,2013,9.913
France,,2012,9.841
France,,2011,9.228
France,,2010,9.279
France,,2009,9.122
France,,2008,7.386
France,,2007,8.008
France,,2006,8.832
France,,2005,8.882
France,,2004,8.914
France,,2003,8.306
France,,2002,8.702
France,,2001,8.61
France,,2000,10.218
France,,1999,11.981
France,,1998,12.074
France,,1997,12.566
France,,1996,12.367
France,,1995,11.834
France,,1994,12.593
France,,1993,11.32
France,,1992,10.203
France,,1991,9.134
Gabon,,2025,20.154
Gabon,,2024,20.091
Gabon,,2023,20.161
Gabon,,2022,20.319
Gabon,,2021,21.223
Gabon,,2020,21.279
Gabon,,2019,20.371
Gabon,,2018,20.459
Gabon,,2017,20.307
Gabon,,2016,20.117
Gabon,,2015,19.943
Gabon,,2014,19.873
Gabon,,2013,19.736
Gabon,,2012,19.661
Gabon,,2011,19.895
Gabon,,2010,20.39
Gabon,,2009,19.76
Gabon,,2008,19.212
Gabon,,2007,18.257
Gabon,,2006,17.805
Gabon,,2005,16.91
Gabon,,2004,17.108
Gabon,,2003,17.126
Gabon,,2002,17.376
Gabon,,2001,17.827
Gabon,,2000,17.848
Gabon,,1999,17.599
Gabon,,1998,17.152
Gabon,,1997,17.166
Gabon,,1996,17.325
Gabon,,1995,17.388
Gabon,,1994,17.804
Gabon,,1993,17.78
Gabon,,1992,17.716
Gabon,,1991,17.224
Gambia,,2025,6.521
Gambia,,2024,6.48
Gambia,,2023,6.479
Gambia,,2022,6.067
Gambia,,2021,6.213
Gambia,,2020,5.84
Gambia,,2019,4.481
Gambia,,2018,4.055
Gambia,,2017,5.097
Gambia,,2016,6.244
Gambia,,2015,7.226
Gambia,,2014,8.191
Gambia,,2013,9.454
Gambia,,2012,10.346
Gambia,,2011,10.276
Gambia,,2010,9.673
Gambia,,2009,9.778
Gambia,,2008,10.065
Gambia,,2007,10.425
Gambia,,2006,10.241
Gambia,,2005,9.92
Gambia,,2004,9.948
Gambia,,2003,9.991
Gambia,,2002,10.039
Gambia,,2001,9.64
Gambia,,2000,9.722
Gambia,,1999,9.737
Gambia,,1998,9.898
Gambia,,1997,9.999
Gambia,,1996,10.192
Gambia,,1995,10.153
Gambia,,1994,10.044
Gambia,,1993,9.917
Gambia,,1992,9.888
Gambia,,1991,9.778
Georgia,,2025,12.097
Georgia,,2024,11.557
Georgia,,2023,11.549
Georgia,,2022,11.621
Georgia,,2021,11.785
Georgia,,2020,11.734
Georgia,,2019,11.565
Georgia,,2018,12.667
Georgia,,2017,13.939
Georgia,,2016,16.604
Georgia,,2015,16.506
Georgia,,2014,17.439
Georgia,,2013,19.416
Georgia,,2012,19.653
Georgia,,2011,19.632
Georgia,,2010,20.203
Georgia,,2009,20.71
Georgia,,2008,17.87
Georgia,,2007,13.28
Georgia,,2006,13.57
Georgia,,2005,13.81
Georgia,,2004,12.62
Georgia,,2003,11.51
Georgia,,2002,12.59
Georgia,,2001,11.16
Georgia,,2000,10.82
Georgia,,1999,13.8
Georgia,,1998,14.53
Georgia,,1997,11.5
Georgia,,1996,11.5
Georgia,,1995,7.6
Georgia,,1994,8.4
Georgia,,1993,5.4
Georgia,,1992,5.4
Georgia,,1991,2.7
Germany,,2025,3.711
Germany,,2024,3.4
Germany,,2023,3.071
Germany,,2022,3.137
Germany,,2021,3.594
Germany,,2020,3.881
Germany,,2019,3.163
Germany,,2018,3.384
Germany,,2017,3.781
Germany,,2016,4.104
Germany,,2015,4.612
Germany,,2014,4.979
Germany,,2013,5.316
Germany,,2012,5.372
Germany,,2011,5.967
Germany,,2010,7.043
Germany,,2009,7.88
Germany,,2008,7.508
Germany,,2007,8.732
Germany,,2006,10.277
Germany,,2005,11.193
Germany,,2004,10.727
Germany,,2003,9.779
Germany,,2002,8.482
Germany,,2001,7.773
Germany,,2000,7.917
Germany,,1999,8.854
Germany,,1998,9.787
Germany,,1997,9.861
Germany,,1996,8.822
Germany,,1995,8.158
Germany,,1994,8.727
Germany,,1993,7.675
Germany,,1992,6.323
Germany,,1991,5.316
Ghana,,2025,2.979
Ghana,,2024,2.82
Ghana,,2023,2.829
Ghana,,2022,2.87
Ghana,,2021,3.2
Ghana,,2020,3.178
Ghana,,2019,3.067
Ghana,,2018,3.204
Ghana,,2017,3.369
Ghana,,2016,5.256
Ghana,,2015,6.806
Ghana,,2014,4.403
Ghana,,2013,2.173
Ghana,,2012,3.126
Ghana,,2011,4.213
Ghana,,2010,5.384
Ghana,,2009,5.362
Ghana,,2008,5.144
Ghana,,2007,5.104
Ghana,,2006,4.897
Ghana,,2005,5.816
Ghana,,2004,6.758
Ghana,,2003,7.728
Ghana,,2002,8.711
Ghana,,2001,9.615
Ghana,,2000,10.456
Ghana,,1999,10.1
Ghana,,1998,8.2
Ghana,,1997,7.639
Ghana,,1996,7.091
Ghana,,1995,6.484
Ghana,,1994,5.9
Ghana,,1993,5.231
Ghana,,1992,4.7
Ghana,,1991,3.489
Greece,,2025,8.54
Greece,,2024,10.02
Greece,,2023,11.023
Greece,,2022,12.426
Greece,,2021,14.656
Greece,,2020,15.899
Greece,,2019,17.045
Greece,,2018,19.179
Greece,,2017,21.413
Greece,,2016,23.514
Greece,,2015,24.981
Greece,,2014,26.708
Greece,,2013,27.686
Greece,,2012,24.731
Greece,,2011,17.973
Greece,,2010,12.719
Greece,,2009,9.546
Greece,,2008,7.664
Greece,,2007,8.351
Greece,,2006,8.906
Greece,,2005,10.074
Greece,,2004,10.628
Greece,,2003,9.839
Greece,,2002,10.346
Greece,,2001,10.764
Greece,,2000,11.345
Greece,,1999,12.138
Greece,,1998,12.227
Greece,,1997,10.472
Greece,,1996,10.402
Greece,,1995,10.116
Greece,,1994,9.808
Greece,,1993,10.177
Greece,,1992,8.927
Greece,,1991,7.572
Guatemala,,2025,2.604
Guatemala,,2024,2.613
Guatemala,,2023,2.344
Guatemala,,2022,3.051
Guatemala,,2021,2.174
Guatemala,,2020,2.965
Guatemala,,2019,2.193
Guatemala,,2018,2.283
Guatemala,,2017,2.462
Guatemala,,2016,2.583
Guatemala,,2015,2.506
Guatemala,,2014,2.717
Guatemala,,2013,3.017
Guatemala,,2012,2.765
Guatemala,,2011,3.169
Guatemala,,2010,3.497
Guatemala,,2009,3.22
Guatemala,,2008,2.898
Guatemala,,2007,2.847
Guatemala,,2006,2.96
Guatemala,,2005,3.059
Guatemala,,2004,2.971
Guatemala,,2003,2.807
Guatemala,,2002,2.254
Guatemala,,2001,2.251
Guatemala,,2000,2.143
Guatemala,,1999,2.113
Guatemala,,1998,2.145
Guatemala,,1997,2.145
Guatemala,,1996,2.156
Guatemala,,1995,2.117
Guatemala,,1994,2.12
Guatemala,,1993,2.133
Guatemala,,1992,2.163
Guatemala,,1991,2.197
Guinea,,2025,5.163
Guinea,,2024,5.132
Guinea,,2023,5.141
Guinea,,2022,5.174
Guinea,,2021,5.815
Guinea,,2020,6.007
Guinea,,2019,5.018
Guinea,,2018,4.835
Guinea,,2017,4.86
Guinea,,2016,4.997
Guinea,,2015,5.15
Guinea,,2014,5.044
Guinea,,2013,4.944
Guinea,,2012,4.874
Guinea,,2011,5.024
Guinea,,2010,5.018
Guinea,,2009,4.914
Guinea,,2008,4.803
Guinea,,2007,4.787
Guinea,,2006,4.863
Guinea,,2005,4.814
Guinea,,2004,4.709
Guinea,,2003,4.628
Guinea,,2002,4.549
Guinea,,2001,4.584
Guinea,,2000,4.586
Guinea,,1999,4.517
Guinea,,1998,4.501
Guinea,,1997,4.477
Guinea,,1996,4.509
Guinea,,1995,4.494
Guinea,,1994,4.527
Guinea,,1993,4.561
Guinea,,1992,4.58
Guinea,,1991,4.56
Guinea-Bissau,,2025,2.673
Guinea-Bissau,,2024,2.647
Guinea-Bissau,,2023,2.632
Guinea-Bissau,,2022,2.666
Guinea-Bissau,,2021,3.016
Guinea-Bissau,,2020,2.887
Guinea-Bissau,,2019,2.413
Guinea-Bissau,,2018,3.127
Guinea-Bissau,,2017,3.089
Guinea-Bissau,,2016,3.139
Guinea-Bissau,,2015,3.168
Guinea-Bissau,,2014,3.285
Guinea-Bissau,,2013,3.173
Guinea-Bissau,,2012,3.135
Guinea-Bissau,,2011,3.072
Guinea-Bissau,,2010,3.121
Guinea-Bissau,,2009,3.163
Guinea-Bissau,,2008,3.157
Guinea-Bissau,,2007,3.125
Guinea-Bissau,,2006,3.143
Guinea-Bissau,,2005,3.184
Guinea-Bissau,,2004,3.226
Guinea-Bissau,,2003,3.169
Guinea-Bissau,,2002,3.146
Guinea-Bissau,,2001,2.958
Guinea-Bissau,,2000,3.358
Guinea-Bissau,,1999,3.269
Guinea-Bissau,,1998,3.349
Guinea-Bissau,,1997,2.951
Guinea-Bissau,,1996,2.994
Guinea-Bissau,,1995,3.126
Guinea-Bissau,,1994,3.173
Guinea-Bissau,,1993,3.143
Guinea-Bissau,,1992,3.083
Guinea-Bissau,,1991,3.009
Guyana,,2025,11.962
Guyana,,2024,11.874
Guyana,,2023,11.917
Guyana,,2022,11.907
Guyana,,2021,14.576
Guyana,,2020,15.308
Guyana,,2019,13.172
Guyana,,2018,13.627
Guyana,,2017,13.466
Guyana,,2016,13.263
Guyana,,2015,13.009
Guyana,,2014,12.637
Guyana,,2013,12.296
Guyana,,2012,12.029
Guyana,,2011,11.811
Guyana,,2010,11.632
Guyana,,2009,11.307
Guyana,,2008,11.018
Guyana,,2007,10.84
Guyana,,2006,10.7
Guyana,,2005,11.085
Guyana,,2004,11.281
Guyana,,2003,11.529
Guyana,,2002,11.81
Guyana,,2001,11.796
Guyana,,2000,11.917
Guyana,,1999,11.771
Guyana,,1998,11.687
Guyana,,1997,11.565
Guyana,,1996,11.542
Guyana,,1995,11.566
Guyana,,1994,11.534
Guyana,,1993,11.617
Guyana,,1992,11.9
Guyana,,1991,12.092
Haiti,,2025,14.944
Haiti,,2024,14.609
Haiti,,2023,14.459
Haiti,,2022,14.54
Haiti,,2021,15.296
Haiti,,2020,15.573
Haiti,,2019,14.095
Haiti,,2018,13.934
Haiti,,2017,13.932
Haiti,,2016,13.902
Haiti,,2015,13.785
Haiti,,2014,13.808
Haiti,,2013,13.704
Haiti,,2012,14.1
Haiti,,2011,14.506
Haiti,,2010,15.244
Haiti,,2009,15.398
Haiti,,2008,16.204
Haiti,,2007,16.8
Haiti,,2006,15.866
Haiti,,2005,14.559
Haiti,,2004,13.415
Haiti,,2003,12.151
Haiti,,2002,11.008
Haiti,,2001,9.728
Haiti,,2000,8.443
Haiti,,1999,7.2
Haiti,,1998,7.165
Haiti,,1997,7.003
Haiti,,1996,7.304
Haiti,,1995,7.51
Haiti,,1994,7.858
Haiti,,1993,7.534
Haiti,,1992,7.387
Haiti,,1991,7.329
Honduras,,2025,4.92
Honduras,,2024,4.91
Honduras,,2023,6.07
Honduras,,2022,8.774
Honduras,,2021,8.506
Honduras,,2020,10.982
Honduras,,2019,5.698
Honduras,,2018,5.648
Honduras,,2017,5.528
Honduras,,2016,6.727
Honduras,,2015,6.147
Honduras,,2014,7.078
Honduras,,2013,5.646
Honduras,,2012,3.755
Honduras,,2011,4.474
Honduras,,2010,4.119
Honduras,,2009,3.292
Honduras,,2008,3.156
Honduras,,2007,3.211
Honduras,,2006,3.574
Honduras,,2005,4.909
Honduras,,2004,5.99
Honduras,,2003,5.3
Honduras,,2002,4.02
Honduras,,2001,4.0
Honduras,,2000,3.883
Honduras,,1999,3.85
Honduras,,1998,4.02
Honduras,,1997,3.32
Honduras,,1996,4.37
Honduras,,1995,3.24
Honduras,,1994,3.138
Honduras,,1993,3.098
Honduras,,1992,3.06
Honduras,,1991,4.58
Hungary,,2025,4.521
Hungary,,2024,4.5
Hungary,,2023,4.096
Hungary,,2022,3.583
Hungary,,2021,4.021
Hungary,,2020,4.248
Hungary,,2019,3.411
Hungary,,2018,3.667
Hungary,,2017,4.156
Hungary,,2016,5.115
Hungary,,2015,6.813
Hungary,,2014,7.725
Hungary,,2013,10.177
Hungary,,2012,11.003
Hungary,,2011,11.029
Hungary,,2010,11.172
Hungary,,2009,10.03
Hungary,,2008,7.817
Hungary,,2007,7.406
Hungary,,2006,7.494
Hungary,,2005,7.189
Hungary,,2004,5.832
Hungary,,2003,5.79
Hungary,,2002,5.608
Hungary,,2001,5.671
Hungary,,2000,6.563
Hungary,,1999,6.929
Hungary,,1998,8.925
Hungary,,1997,8.991
Hungary,,1996,10.022
Hungary,,1995,10.168
Hungary,,1994,10.847
Hungary,,1993,12.098
Hungary,,1992,9.942
Hungary,,1991,8.5
Iceland,,2025,3.625
Iceland,,2024,3.6
Iceland,,2023,3.518
Iceland,,2022,3.789
Iceland,,2021,6.029
Iceland,,2020,5.478
Iceland,,2019,3.507
Iceland,,2018,2.704
Iceland,,2017,2.742
Iceland,,2016,2.978
Iceland,,2015,3.979
Iceland,,2014,4.897
Iceland,,2013,5.376
Iceland,,2012,6.0
Iceland,,2011,7.028
Iceland,,2010,7.564
Iceland,,2009,7.22
Iceland,,2008,2.946
Iceland,,2007,2.251
Iceland,,2006,2.83
Iceland,,2005,2.547
Iceland,,2004,4.031
Iceland,,2003,3.997
Iceland,,2002,2.988
Iceland,,2001,1.874
Iceland,,2000,1.936
Iceland,,1999,2.178
Iceland,,1998,3.069
Iceland,,1997,3.72
Iceland,,1996,3.6
Iceland,,1995,5.196
Iceland,,1994,5.326
Iceland,,1993,5.257
Iceland,,1992,4.305
Iceland,,1991,2.548
India,,2025,4.219
India,,2024,4.173
India,,2023,4.172
India,,2022,4.822
India,,2021,6.38
India,,2020,7.859
India,,2019,6.51
India,,2018,7.652
India,,2017,7.626
India,,2016,7.611
India,,2015,7.629
India,,2014,7.656
India,,2013,7.678
India,,2012,7.645
India,,2011,7.609
India,,2010,7.631
India,,2009,7.636
India,,2008,7.629
India,,2007,7.562
India,,2006,7.553
India,,2005,7.551
India,,2004,7.598
India,,2003,7.633
India,,2002,7.681
India,,2001,7.611
India,,2000,7.589
India,,1999,7.583
India,,1998,7.596
India,,1997,7.574
India,,1996,7.537
India,,1995,7.57
India,,1994,7.593
India,,1993,7.662
India,,1992,7.649
India,,1991,7.641
Indonesia,,2025,3.237
Indonesia,,2024,3.301
Indonesia,,2023,3.308
Indonesia,,2022,3.462
Indonesia,,2021,3.827
Indonesia,,2020,4.255
Indonesia,,2019,3.59
Indonesia,,2018,4.387
Indonesia,,2017,3.783
Indonesia,,2016,4.301
Indonesia,,2015,4.514
Indonesia,,2014,4.049
Indonesia,,2013,4.336
Indonesia,,2012,4.468
Indonesia,,2011,5.153
Indonesia,,2010,5.614
Indonesia,,2009,6.106
Indonesia,,2008,7.208
Indonesia,,2007,8.06
Indonesia,,2006,7.551
Indonesia,,2005,7.945
Indonesia,,2004,7.303
Indonesia,,2003,6.657
Indonesia,,2002,6.604
Indonesia,,2001,6.082
Indonesia,,2000,6.077
Indonesia,,1999,6.358
Indonesia,,1998,5.459
Indonesia,,1997,4.684
Indonesia,,1996,4.861
Indonesia,,1995,4.611
Indonesia,,1994,4.366
Indonesia,,1993,2.782
Indonesia,,1992,2.734
Indonesia,,1991,2.617
Iran,,2025,8.301
Iran,,2024,8.146
Iran,,2023,8.129
Iran,,2022,9.085
Iran,,2021,9.282
Iran,,2020,9.687
Iran,,2019,10.74
Iran,,2018,12.195
Iran,,2017,12.232
Iran,,2016,12.618
Iran,,2015,11.166
Iran,,2014,10.68
Iran,,2013,10.595
Iran,,2012,12.275
Iran,,2011,12.491
Iran,,2010,13.679
Iran,,2009,12.113
Iran,,2008,10.63
Iran,,2007,10.772
Iran,,2006,11.519
Iran,,2005,11.813
Iran,,2004,10.3
Iran,,2003,11.529
Iran,,2002,12.8
Iran,,2001,12.362
Iran,,2000,11.698
Iran,,1999,11.176
Iran,,1998,10.358
Iran,,1997,9.68
Iran,,1996,9.1
Iran,,1995,9.904
Iran,,1994,10.458
Iran,,1993,10.573
Iran,,1992,10.653
Iran,,1991,11.1
Iraq,,2025,15.485
Iraq,,2024,15.293
Iraq,,2023,15.239
Iraq,,2022,15.41
Iraq,,2021,16.173
Iraq,,2020,15.766
Iraq,,2019,14.096
Iraq,,2018,13.458
Iraq,,2017,13.02
Iraq,,2016,10.82
Iraq,,2015,10.865
Iraq,,2014,10.59
Iraq,,2013,9.222
Iraq,,2012,7.965
Iraq,,2011,8.193
Iraq,,2010,8.267
Iraq,,2009,8.415
Iraq,,2008,8.466
Iraq,,2007,8.646
Iraq,,2006,8.411
Iraq,,2005,8.57
Iraq,,2004,8.715
Iraq,,2003,8.959
Iraq,,2002,8.619
Iraq,,2001,8.249
Iraq,,2000,8.038
Iraq,,1999,7.979
Iraq,,1998,8.064
Iraq,,1997,8.269
Iraq,,1996,8.516
Iraq,,1995,8.431
Iraq,,1994,8.221
Iraq,,1993,8.36
Iraq,,1992,8.346
Iraq,,1991,8.639
Ireland,,2025,4.632
Ireland,,2024,4.3
Ireland,,2023,4.243
Ireland,,2022,4.465
Ireland,,2021,6.357
Ireland,,2020,5.623
Ireland,,2019,4.95
Ireland,,2018,5.741
Ireland,,2017,6.713
Ireland,,2016,8.374
Ireland,,2015,9.908
Ireland,,2014,11.858
Ireland,,2013,13.735
Ireland,,2012,15.451
Ireland,,2011,15.354
Ireland,,2010,14.534
Ireland,,2009,12.609
Ireland,,2008,6.774
Ireland,,2007,4.98
Ireland,,2006,4.355
Ireland,,2005,4.237
Ireland,,2004,4.491
Ireland,,2003,4.478
Ireland,,2002,4.216
Ireland,,2001,3.684
Ireland,,2000,4.318
Ireland,,1999,5.804
Ireland,,1998,7.699
Ireland,,1997,10.191
Ireland,,1996,11.692
Ireland,,1995,11.97
Ireland,,1994,14.544
Ireland,,1993,15.571
Ireland,,1992,15.021
Ireland,,1991,15.771
Israel,,2025,3.489
Israel,,2024,3.595
Israel,,2023,3.371
Israel,,2022,3.695
Israel,,2021,4.812
Israel,,2020,4.169
Israel,,2019,3.731
Israel,,2018,3.917
Israel,,2017,4.14
Israel,,2016,4.723
Israel,,2015,5.176
Israel,,2014,5.789
Israel,,2013,6.137
Israel,,2012,6.762
Israel,,2011,7.139
Israel,,2010,8.48
Israel,,2009,9.534
Israel,,2008,7.704
Israel,,2007,9.379
Israel,,2006,10.707
Israel,,2005,11.342
Israel,,2004,13.029
Israel,,2003,13.505
Israel,,2002,12.888
Israel,,2001,11.812
Israel,,2000,11.102
Israel,,1999,11.183
Israel,,1998,10.749
Israel,,1997,9.751
Israel,,1996,8.455
Israel,,1995,8.782
Israel,,1994,9.934
Israel,,1993,12.741
Israel,,1992,14.08
Israel,,1991,13.387
Italy,,2025,6.391
Italy,,2024,6.5
Italy,,2023,7.627
Italy,,2022,8.069
Italy,,2021,9.497
Italy,,2020,9.192
Italy,,2019,9.884
Italy,,2018,10.538
Italy,,2017,11.211
Italy,,2016,11.688
Italy,,2015,11.896
Italy,,2014,12.683
Italy,,2013,12.149
Italy,,2012,10.655
Italy,,2011,8.359
Italy,,2010,8.363
Italy,,2009,7.749
Italy,,2008,6.723
Italy,,2007,6.076
Italy,,2006,6.777
Italy,,2005,7.73
Italy,,2004,7.866
Italy,,2003,8.869
Italy,,2002,9.211
Italy,,2001,9.599
Italy,,2000,10.834
Italy,,1999,11.681
Italy,,1998,12.117
Italy,,1997,11.985
Italy,,1996,11.864
Italy,,1995,11.661
Italy,,1994,11.086
Italy,,1993,10.212
Italy,,1992,9.321
Italy,,1991,10.097
Jamaica,,2025,3.286
Jamaica,,2024,3.151
Jamaica,,2023,3.022
Jamaica,,2022,4.083
Jamaica,,2021,5.188
Jamaica,,2020,6.501
Jamaica,,2019,4.987
Jamaica,,2018,5.47
Jamaica,,2017,7.399
Jamaica,,2016,8.634
Jamaica,,2015,8.825
Jamaica,,2014,9.046
Jamaica,,2013,9.698
Jamaica,,2012,8.695
Jamaica,,2011,8.034
Jamaica,,2010,7.63
Jamaica,,2009,7.314
Jamaica,,2008,6.666
Jamaica,,2007,6.607
Jamaica,,2006,6.605
Jamaica,,2005,6.577
Jamaica,,2004,6.539
Jamaica,,2003,6.534
Jamaica,,2002,6.616
Jamaica,,2001,6.641
Jamaica,,2000,6.752
Jamaica,,1999,6.813
Jamaica,,1998,6.846
Jamaica,,1997,6.693
Jamaica,,1996,6.611
Jamaica,,1995,6.325
Jamaica,,1994,6.335
Jamaica,,1993,6.235
Jamaica,,1992,6.383
Jamaica,,1991,6.233
Japan,,2025,2.451
Japan,,2024,2.5
Japan,,2023,2.6
Japan,,2022,2.614
Japan,,2021,2.808
Japan,,2020,2.809
Japan,,2019,2.351
Japan,,2018,2.467
Japan,,2017,2.822
Japan,,2016,3.132
Japan,,2015,3.385
Japan,,2014,3.589
Japan,,2013,4.038
Japan,,2012,4.358
Japan,,2011,4.55
Japan,,2010,5.102
Japan,,2009,5.068
Japan,,2008,4.002
Japan,,2007,3.888
Japan,,2006,4.192
Japan,,2005,4.446
Japan,,2004,4.734
Japan,,2003,5.251
Japan,,2002,5.386
Japan,,2001,5.02
Japan,,2000,4.748
Japan,,1999,4.677
Japan,,1998,4.078
Japan,,1997,3.374
Japan,,1996,3.383
Japan,,1995,3.15
Japan,,1994,2.89
Japan,,1993,2.539
Japan,,1992,2.158
Japan,,1991,2.059
Jordan,,2025,16.535
Jordan,,2024,16.693
Jordan,,2023,16.62
Jordan,,2022,18.2
Jordan,,2021,19.837
Jordan,,2020,19.213
Jordan,,2019,16.801
Jordan,,2018,18.257
Jordan,,2017,18.12
Jordan,,2016,15.275
Jordan,,2015,13.075
Jordan,,2014,11.9
Jordan,,2013,12.6
Jordan,,2012,12.2
Jordan,,2011,12.9
Jordan,,2010,12.5
Jordan,,2009,12.9
Jordan,,2008,12.7
Jordan,,2007,13.1
Jordan,,2006,14.0
Jordan,,2005,14.8
Jordan,,2004,14.626
Jordan,,2003,14.5
Jordan,,2002,15.3
Jordan,,2001,14.7
Jordan,,2000,13.7
Jordan,,1999,13.763
Jordan,,1998,13.841
Jordan,,1997,13.74
Jordan,,1996,13.7
Jordan,,1995,14.6
Jordan,,1994,16.894
Jordan,,1993,19.7
Jordan,,1992,19.947
Jordan,,1991,21.439
Kazakhstan,,2025,4.771
Kazakhstan,,2024,4.833
Kazakhstan,,2023,4.835
Kazakhstan,,2022,4.86
Kazakhstan,,2021,5.568
Kazakhstan,,2020,4.89
Kazakhstan,,2019,4.8
Kazakhstan,,2018,4.85
Kazakhstan,,2017,4.9
Kazakhstan,,2016,4.96
Kazakhstan,,2015,4.93
Kazakhstan,,2014,5.06
Kazakhstan,,2013,5.2
Kazakhstan,,2012,5.29
Kazakhstan,,2011,5.39
Kazakhstan,,2010,5.77
Kazakhstan,,2009,6.55
Kazakhstan,,2008,6.63
Kazakhstan,,2007,7.26
Kazakhstan,,2006,7.79
Kazakhstan,,2005,8.13
Kazakhstan,,2004,8.4
Kazakhstan,,2003,8.78
Kazakhstan,,2002,9.33
Kazakhstan,,2001,10.43
Kazakhstan,,2000,12.75
Kazakhstan,,1999,13.46
Kazakhstan,,1998,13.13
Kazakhstan,,1997,13.01
Kazakhstan,,1996,12.96
Kazakhstan,,1995,10.98
Kazakhstan,,1994,7.54
Kazakhstan,,1993,1.11
Kazakhstan,,1992,1.0
Kazakhstan,,1991,0.9
Kenya,,2025,5.449
Kenya,,2024,5.487
Kenya,,2023,5.409
Kenya,,2022,5.565
Kenya,,2021,5.693
Kenya,,2020,5.613
Kenya,,2019,5.014
Kenya,,2018,4.284
Kenya,,2017,3.542
Kenya,,2016,2.757
Kenya,,2015,2.762
Kenya,,2014,2.767
Kenya,,2013,2.762
Kenya,,2012,2.678
Kenya,,2011,2.699
Kenya,,2010,2.793
Kenya,,2009,2.816
Kenya,,2008,2.751
Kenya,,2007,2.642
Kenya,,2006,2.673
Kenya,,2005,2.739
Kenya,,2004,2.844
Kenya,,2003,2.869
Kenya,,2002,2.916
Kenya,,2001,2.876
Kenya,,2000,2.884
Kenya,,1999,2.884
Kenya,,1998,2.843
Kenya,,1997,2.818
Kenya,,1996,2.773
Kenya,,1995,2.848
Kenya,,1994,2.955
Kenya,,1993,2.979
Kenya,,1992,2.894
Kenya,,1991,2.78
North Korea,,2025,3.545
North Korea,,2024,3.539
North Korea,,2023,3.463
North Korea,,2022,3.457
North Korea,,2021,3.692
North Korea,,2020,3.624
North Korea,,2019,3.439
North Korea,,2018,3.409
North Korea,,2017,3.498
North Korea,,2016,3.574
North Korea,,2015,3.523
North Korea,,2014,3.509
North Korea,,2013,3.567
North Korea,,2012,3.542
North Korea,,2011,3.516
North Korea,,2010,3.419
North Korea,,2009,3.48
North Korea,,2008,3.48
North Korea,,2007,3.547
North Korea,,2006,3.55
North Korea,,2005,3.576
North Korea,,2004,3.62
North Korea,,2003,3.668
North Korea,,2002,3.644
North Korea,,2001,3.676
North Korea,,2000,3.653
North Korea,,1999,3.67
North Korea,,1998,3.461
North Korea,,1997,3.253
North Korea,,1996,3.153
North Korea,,1995,3.114
North Korea,,1994,3.092
North Korea,,1993,2.98
North Korea,,1992,2.875
North Korea,,1991,2.845
South Korea,,2025,2.683
South Korea,,2024,2.784
South Korea,,2023,2.675
South Korea,,2022,2.857
South Korea,,2021,3.639
South Korea,,2020,3.931
South Korea,,2019,3.746
South Korea,,2018,3.824
South Korea,,2017,3.653
South Korea,,2016,3.65
South Korea,,2015,3.546
South Korea,,2014,3.082
South Korea,,2013,3.067
South Korea,,2012,2.812
South Korea,,2011,2.992
South Korea,,2010,3.324
South Korea,,2009,3.363
South Korea,,2008,2.959
South Korea,,2007,3.013
South Korea,,2006,3.254
South Korea,,2005,3.482
South Korea,,2004,3.42
South Korea,,2003,3.348
South Korea,,2002,3.046
South Korea,,2001,3.699
South Korea,,2000,4.063
South Korea,,1999,6.342
South Korea,,1998,6.963
South Korea,,1997,2.608
South Korea,,1996,2.048
South Korea,,1995,2.063
South Korea,,1994,2.476
South Korea,,1993,2.878
South Korea,,1992,2.513
South Korea,,1991,2.407
Kuwait,,2025,2.181
Kuwait,,2024,2.151
Kuwait,,2023,2.08
Kuwait,,2022,2.133
Kuwait,,2021,2.97
Kuwait,,2020,3.489
Kuwait,,2019,2.213
Kuwait,,2018,2.202
Kuwait,,2017,2.23
Kuwait,,2016,2.16
Kuwait,,2015,2.2
Kuwait,,2014,2.9
Kuwait,,2013,2.465
Kuwait,,2012,2.227
Kuwait,,2011,2.051
Kuwait,,2010,1.82
Kuwait,,2009,1.64
Kuwait,,2008,1.75
Kuwait,,2007,1.5
Kuwait,,2006,1.3
Kuwait,,2005,1.455
Kuwait,,2004,1.7
Kuwait,,2003,1.3
Kuwait,,2002,1.1
Kuwait,,2001,0.8
Kuwait,,2000,0.8
Kuwait,,1999,0.7
Kuwait,,1998,0.7
Kuwait,,1997,0.7
Kuwait,,1996,0.7
Kuwait,,1995,0.694
Kuwait,,1994,0.7
Kuwait,,1993,0.8
Kuwait,,1992,0.878
Kuwait,,1991,0.884
Kyrgyzstan,,2025,3.526
Kyrgyzstan,,2024,3.491
Kyrgyzstan,,2023,3.498
Kyrgyzstan,,2022,4.767
Kyrgyzstan,,2021,5.149
Kyrgyzstan,,2020,5.945
Kyrgyzstan,,2019,5.45
Kyrgyzstan,,2018,4.559
Kyrgyzstan,,2017,4.425
Kyrgyzstan,,2016,4.294
Kyrgyzstan,,2015,4.138
Kyrgyzstan,,2014,4.02
Kyrgyzstan,,2013,3.881
Kyrgyzstan,,2012,3.786
Kyrgyzstan,,2011,3.644
Kyrgyzstan,,2010,3.503
Kyrgyzstan,,2009,3.343
Kyrgyzstan,,2008,3.207
Kyrgyzstan,,2007,3.094
Kyrgyzstan,,2006,2.962
Kyrgyzstan,,2005,2.816
Kyrgyzstan,,2004,2.68
Kyrgyzstan,,2003,2.548
Kyrgyzstan,,2002,2.416
Kyrgyzstan,,2001,2.273
Kyrgyzstan,,2000,2.143
Kyrgyzstan,,1999,2.001
Kyrgyzstan,,1998,1.861
Kyrgyzstan,,1997,1.739
Kyrgyzstan,,1996,1.647
Kyrgyzstan,,1995,1.539
Kyrgyzstan,,1994,1.41
Kyrgyzstan,,1993,1.258
Kyrgyzstan,,1992,1.1
Kyrgyzstan,,1991,1.0
Laos,,2025,1.187
Laos,,2024,1.174
Laos,,2023,1.186
Laos,,2022,1.209
Laos,,2021,2.08
Laos,,2020,2.349
Laos,,2019,2.531
Laos,,2018,2.897
Laos,,2017,3.268
Laos,,2016,2.634
Laos,,2015,2.006
Laos,,2014,1.733
Laos,,2013,1.469
Laos,,2012,1.208
Laos,,2011,0.96
Laos,,2010,0.708
Laos,,2009,0.835
Laos,,2008,0.944
Laos,,2007,1.068
Laos,,2006,1.199
Laos,,2005,1.35
Laos,,2004,1.498
Laos,,2003,1.639
Laos,,2002,1.775
Laos,,2001,1.881
Laos,,2000,2.045
Laos,,1999,2.154
Laos,,1998,2.293
Laos,,1997,2.354
Laos,,1996,2.45
Laos,,1995,2.6
Laos,,1994,2.634
Laos,,1993,2.732
Laos,,1992,2.71
Laos,,1991,2.497
Latvia,,2025,6.568
Latvia,,2024,6.9
Latvia,,2023,6.465
Latvia,,2022,6.815
Latvia,,2021,7.513
Latvia,,2020,8.098
Latvia,,2019,6.312
Latvia,,2018,7.412
Latvia,,2017,8.715
Latvia,,2016,9.643
Latvia,,2015,9.873
Latvia,,2014,10.846
Latvia,,2013,11.867
Latvia,,2012,15.047
Latvia,,2011,16.206
Latvia,,2010,19.482
Latvia,,2009,17.515
Latvia,,2008,7.739
Latvia,,2007,6.052
Latvia,,2006,7.03
Latvia,,2005,10.033
Latvia,,2004,11.708
Latvia,,2003,12.061
Latvia,,2002,13.829
Latvia,,2001,13.821
Latvia,,2000,14.211
Latvia,,1999,13.79
Latvia,,1998,14.454
Latvia,,1997,14.9
Latvia,,1996,20.7
Latvia,,1995,19.0
Latvia,,1994,18.7
Latvia,,1993,16.7
Latvia,,1992,6.6
Latvia,,1991,2.7
Lebanon,,2023,10.985
Lebanon,,2022,11.105
Lebanon,,2021,12.715
Lebanon,,2020,13.252
Lebanon,,2019,11.301
Lebanon,,2018,10.755
Lebanon,,2017,10.258
Lebanon,,2016,9.794
Lebanon,,2015,9.312
Lebanon,,2014,8.84
Lebanon,,2013,8.477
Lebanon,,2012,7.952
Lebanon,,2011,7.352
Lebanon,,2010,6.768
Lebanon,,2009,6.355
Lebanon,,2008,7.666
Lebanon,,2007,8.98
Lebanon,,2006,8.679
Lebanon,,2005,8.249
Lebanon,,2004,7.85
Lebanon,,2003,8.061
Lebanon,,2002,8.248
Lebanon,,2001,8.499
Lebanon,,2000,8.641
Lebanon,,1999,8.787
Lebanon,,1998,8.571
Lebanon,,1997,8.62
Lebanon,,1996,8.413
Lebanon,,1995,8.421
Lebanon,,1994,8.321
Lebanon,,1993,8.226
Lebanon,,1992,8.225
Lebanon,,1991,8.594
Lesotho,,2025,16.315
Lesotho,,2024,16.34
Lesotho,,2023,16.348
Lesotho,,2022,16.623
Lesotho,,2021,18.214
Lesotho,,2020,18.385
Lesotho,,2019,16.876
Lesotho,,2018,16.614
Lesotho,,2017,16.379
Lesotho,,2016,16.138
Lesotho,,2015,16.223
Lesotho,,2014,16.066
Lesotho,,2013,15.926
Lesotho,,2012,15.761
Lesotho,,2011,16.115
Lesotho,,2010,16.068
Lesotho,,2009,16.115
Lesotho,,2008,15.851
Lesotho,,2007,15.942
Lesotho,,2006,16.054
Lesotho,,2005,16.031
Lesotho,,2004,16.154
Lesotho,,2003,16.056
Lesotho,,2002,16.079
Lesotho,,2001,16.081
Lesotho,,2000,16.169
Lesotho,,1999,16.167
Lesotho,,1998,15.913
Lesotho,,1997,15.822
Lesotho,,1996,15.709
Lesotho,,1995,15.797
Lesotho,,1994,15.62
Lesotho,,1993,15.568
Lesotho,,1992,15.448
Lesotho,,1991,15.495
Liberia,,2025,2.884
Liberia,,2024,2.914
Liberia,,2023,2.905
Liberia,,2022,2.956
Liberia,,2021,3.844
Liberia,,2020,4.102
Liberia,,2019,3.071
Liberia,,2018,3.058
Liberia,,2017,3.067
Liberia,,2016,3.081
Liberia,,2015,2.557
Liberia,,2014,2.079
Liberia,,2013,2.08
Liberia,,2012,2.146
Liberia,,2011,2.211
Liberia,,2010,2.266
Liberia,,2009,2.241
Liberia,,2008,2.221
Liberia,,2007,2.232
Liberia,,2006,2.28
Liberia,,2005,2.413
Liberia,,2004,2.424
Liberia,,2003,2.42
Liberia,,2002,2.222
Liberia,,2001,2.104
Liberia,,2000,2.018
Liberia,,1999,2.006
Liberia,,1998,2.061
Liberia,,1997,2.195
Liberia,,1996,2.397
Liberia,,1995,2.588
Liberia,,1994,2.652
Liberia,,1993,2.706
Liberia,,1992,2.724
Liberia,,1991,2.735
Libya,,2025,18.758
Libya,,2024,19.085
Libya,,2023,18.713
Libya,,2022,19.238
Libya,,2021,19.779
Libya,,2020,19.651
Libya,,2019,19.087
Libya,,2018,18.865
Libya,,2017,19.053
Libya,,2016,19.559
Libya,,2015,19.69
Libya,,2014,19.295
Libya,,2013,19.311
Libya,,2012,19.03
Libya,,2011,19.504
Libya,,2010,19.321
Libya,,2009,19.29
Libya,,2008,19.041
Libya,,2007,18.771
Libya,,2006,18.805
Libya,,2005,18.66
Libya,,2004,18.938
Libya,,2003,19.074
Libya,,2002,19.281
Libya,,2001,19.239
Libya,,2000,19.275
Libya,,1999,19.233
Libya,,1998,19.192
Libya,,1997,19.151
Libya,,1996,19.212
Libya,,1995,19.331
Libya,,1994,19.328
Libya,,1993,19.006
Libya,,1992,18.828
Libya,,1991,18.601
Lithuania,,2025,6.731
Lithuania,,2024,6.851
Lithuania,,2023,6.841
Lithuania,,2022,5.955
Lithuania,,2021,7.112
Lithuania,,2020,8.487
Lithuania,,2019,6.255
Lithuania,,2018,6.147
Lithuania,,2017,7.073
Lithuania,,2016,7.862
Lithuania,,2015,9.12
Lithuania,,2014,10.698
Lithuania,,2013,11.77
Lithuania,,2012,13.365
Lithuania,,2011,15.39
Lithuania,,2010,17.814
Lithuania,,2009,13.785
Lithuania,,2008,5.826
Lithuania,,2007,4.25
Lithuania,,2006,5.78
Lithuania,,2005,8.325
Lithuania,,2004,10.684
Lithuania,,2003,12.874
Lithuania,,2002,13.008
Lithuania,,2001,16.84
Lithuania,,2000,15.931
Lithuania,,1999,13.388
Lithuania,,1998,13.711
Lithuania,,1997,14.13
Lithuania,,1996,16.4
Lithuania,,1995,17.54
Lithuania,,1994,13.8
Lithuania,,1993,13.8
Lithuania,,1992,1.2
Lithuania,,1991,1.1
Luxembourg,,2025,6.343
Luxembourg,,2024,6.4
Luxembourg,,2023,5.184
Luxembourg,,2022,4.588
Luxembourg,,2021,5.571
Luxembourg,,2020,6.766
Luxembourg,,2019,5.592
Luxembourg,,2018,5.589
Luxembourg,,2017,5.523
Luxembourg,,2016,6.669
Luxembourg,,2015,6.796
Luxembourg,,2014,6.044
Luxembourg,,2013,6.045
Luxembourg,,2012,5.03
Luxembourg,,2011,5.122
Luxembourg,,2010,4.423
Luxembourg,,2009,5.194
Luxembourg,,2008,5.06
Luxembourg,,2007,4.065
Luxembourg,,2006,4.731
Luxembourg,,2005,4.488
Luxembourg,,2004,5.113
Luxembourg,,2003,3.675
Luxembourg,,2002,2.621
Luxembourg,,2001,1.805
Luxembourg,,2000,2.345
Luxembourg,,1999,2.39
Luxembourg,,1998,2.763
Luxembourg,,1997,2.527
Luxembourg,,1996,3.286
Luxembourg,,1995,2.918
Luxembourg,,1994,3.479
Luxembourg,,1993,2.33
Luxembourg,,1992,2.029
Luxembourg,,1991,1.482
Madagascar,,2025,3.041
Madagascar,,2024,3.051
Madagascar,,2023,3.044
Madagascar,,2022,3.186
Madagascar,,2021,3.498
Madagascar,,2020,3.292
Madagascar,,2019,2.479
Madagascar,,2018,2.303
Madagascar,,2017,2.123
Madagascar,,2016,1.949
Madagascar,,2015,1.785
Madagascar,,2014,1.385
Madagascar,,2013,0.995
Madagascar,,2012,0.599
Madagascar,,2011,2.516
Madagascar,,2010,4.28
Madagascar,,2009,3.885
Madagascar,,2008,3.431
Madagascar,,2007,3.202
Madagascar,,2006,2.945
Madagascar,,2005,2.62
Madagascar,,2004,3.951
Madagascar,,2003,5.01
Madagascar,,2002,5.515
Madagascar,,2001,5.35
Madagascar,,2000,5.8
Madagascar,,1999,5.822
Madagascar,,1998,5.901
Madagascar,,1997,5.971
Madagascar,,1996,6.092
Madagascar,,1995,6.092
Madagascar,,1994,6.106
Madagascar,,1993,6.317
Madagascar,,1992,6.275
Madagascar,,1991,6.169
Malawi,,2025,5.072
Malawi,,2024,5.051
Malawi,,2023,5.009
Malawi,,2022,5.02
Malawi,,2021,5.652
Malawi,,2020,5.72
Malawi,,2019,4.964
Malawi,,2018,5.021
Malawi,,2017,5.046
Malawi,,2016,5.011
Malawi,,2015,4.953
Malawi,,2014,4.967
Malawi,,2013,4.978
Malawi,,2012,4.949
Malawi,,2011,4.829
Malawi,,2010,4.78
Malawi,,2009,4.732
Malawi,,2008,4.796
Malawi,,2007,4.876
Malawi,,2006,4.954
Malawi,,2005,4.935
Malawi,,2004,4.964
Malawi,,2003,5.165
Malawi,,2002,5.248
Malawi,,2001,5.221
Malawi,,2000,5.045
Malawi,,1999,5.002
Malawi,,1998,4.921
Malawi,,1997,4.69
Malawi,,1996,4.94
Malawi,,1995,4.895
Malawi,,1994,5.368
Malawi,,1993,4.988
Malawi,,1992,5.064
Malawi,,1991,4.9
Malaysia,,2025,3.764
Malaysia,,2024,3.846
Malaysia,,2023,3.858
Malaysia,,2022,3.93
Malaysia,,2021,4.64
Malaysia,,2020,4.54
Malaysia,,2019,3.33
Malaysia,,2018,3.3
Malaysia,,2017,3.41
Malaysia,,2016,3.44
Malaysia,,2015,3.1
Malaysia,,2014,2.88
Malaysia,,2013,3.14
Malaysia,,2012,3.04
Malaysia,,2011,3.05
Malaysia,,2010,3.32
Malaysia,,2009,3.62
Malaysia,,2008,3.34
Malaysia,,2007,3.31
Malaysia,,2006,3.32
Malaysia,,2005,3.53
Malaysia,,2004,3.54
Malaysia,,2003,3.61
Malaysia,,2002,3.48
Malaysia,,2001,3.53
Malaysia,,2000,3.0
Malaysia,,1999,3.43
Malaysia,,1998,3.2
Malaysia,,1997,2.45
Malaysia,,1996,2.52
Malaysia,,1995,3.15
Malaysia,,1994,3.64
Malaysia,,1993,4.11
Malaysia,,1992,3.71
Malaysia,,1991,3.7
Maldives,,2025,4.514
Maldives,,2024,4.278
Maldives,,2023,4.019
Maldives,,2022,4.303
Maldives,,2021,5.016
Maldives,,2020,5.42
Maldives,,2019,4.562
Maldives,,2018,4.962
Maldives,,2017,5.377
Maldives,,2016,5.771
Maldives,,2015,6.611
Maldives,,2014,7.461
Maldives,,2013,8.295
Maldives,,2012,9.134
Maldives,,2011,10.043
Maldives,,2010,10.875
Maldives,,2009,11.697
Maldives,,2008,10.361
Maldives,,2007,9.421
Maldives,,2006,8.345
Maldives,,2005,7.313
Maldives,,2004,6.151
Maldives,,2003,5.126
Maldives,,2002,4.094
Maldives,,2001,3.038
Maldives,,2000,1.97
Maldives,,1999,1.726
Maldives,,1998,1.489
Maldives,,1997,1.25
Maldives,,1996,1.019
Maldives,,1995,0.79
Maldives,,1994,0.793
Maldives,,1993,0.796
Maldives,,1992,0.789
Maldives,,1991,0.788
Mali,,2025,2.831
Mali,,2024,2.924
Mali,,2023,2.947
Mali,,2022,2.387
Mali,,2021,4.006
Mali,,2020,3.528
Mali,,2019,3.29
Mali,,2018,1.62
Mali,,2017,1.498
Mali,,2016,1.367
Mali,,2015,1.404
Mali,,2014,1.476
Mali,,2013,1.517
Mali,,2012,1.462
Mali,,2011,1.403
Mali,,2010,1.375
Mali,,2009,1.406
Mali,,2008,1.383
Mali,,2007,1.372
Mali,,2006,1.395
Mali,,2005,1.367
Mali,,2004,1.413
Mali,,2003,1.272
Mali,,2002,1.36
Mali,,2001,1.332
Mali,,2000,1.412
Mali,,1999,1.358
Mali,,1998,1.342
Mali,,1997,1.411
Mali,,1996,1.421
Mali,,1995,1.464
Mali,,1994,1.512
Mali,,1993,1.419
Mali,,1992,1.483
Mali,,1991,1.399
Malta,,2025,2.896
Malta,,2024,3.1
Malta,,2023,3.479
Malta,,2022,3.471
Malta,,2021,3.754
Malta,,2020,4.856
Malta,,2019,4.08
Malta,,2018,3.956
Malta,,2017,4.008
Malta,,2016,4.694
Malta,,2015,5.389
Malta,,2014,5.737
Malta,,2013,6.115
Malta,,2012,6.203
Malta,,2011,6.388
Malta,,2010,6.861
Malta,,2009,6.896
Malta,,2008,5.977
Malta,,2007,6.472
Malta,,2006,6.798
Malta,,2005,6.923
Malta,,2004,7.317
Malta,,2003,7.488
Malta,,2002,6.902
Malta,,2001,7.107
Malta,,2000,6.324
Malta,,1999,6.325
Malta,,1998,6.326
Malta,,1997,6.328
Malta,,1996,6.329
Malta,,1995,6.33
Malta,,1994,6.331
Malta,,1993,6.332
Malta,,1992,6.333
Malta,,1991,6.335
Mauritania,,2025,10.319
Mauritania,,2024,10.257
Mauritania,,2023,10.37
Mauritania,,2022,10.52
Mauritania,,2021,11.131
Mauritania,,2020,11.051
Mauritania,,2019,10.416
Mauritania,,2018,10.411
Mauritania,,2017,10.336
Mauritania,,2016,10.287
Mauritania,,2015,10.104
Mauritania,,2014,10.026
Mauritania,,2013,9.926
Mauritania,,2012,9.864
Mauritania,,2011,9.976
Mauritania,,2010,10.093
Mauritania,,2009,10.214
Mauritania,,2008,9.715
Mauritania,,2007,9.482
Mauritania,,2006,9.313
Mauritania,,2005,9.59
Mauritania,,2004,9.77
Mauritania,,2003,9.911
Mauritania,,2002,10.201
Mauritania,,2001,10.132
Mauritania,,2000,10.03
Mauritania,,1999,10.033
Mauritania,,1998,9.975
Mauritania,,1997,9.788
Mauritania,,1996,9.764
Mauritania,,1995,9.766
Mauritania,,1994,9.979
Mauritania,,1993,9.85
Mauritania,,1992,10.052
Mauritania,,1991,9.971
Mauritius,,2025,5.635
Mauritius,,2024,5.548
Mauritius,,2023,5.571
Mauritius,,2022,6.322
Mauritius,,2021,7.719
Mauritius,,2020,8.626
Mauritius,,2019,6.331
Mauritius,,2018,6.426
Mauritius,,2017,6.752
Mauritius,,2016,6.814
Mauritius,,2015,7.41
Mauritius,,2014,7.467
Mauritius,,2013,7.322
Mauritius,,2012,7.472
Mauritius,,2011,7.447
Mauritius,,2010,7.654
Mauritius,,2009,7.257
Mauritius,,2008,7.17
Mauritius,,2007,8.475
Mauritius,,2006,9.04
Mauritius,,2005,9.524
Mauritius,,2004,8.337
Mauritius,,2003,8.318
Mauritius,,2002,8.205
Mauritius,,2001,9.14
Mauritius,,2000,9.125
Mauritius,,1999,9.278
Mauritius,,1998,9.253
Mauritius,,1997,9.381
Mauritius,,1996,9.503
Mauritius,,1995,9.59
Mauritius,,1994,9.513
Mauritius,,1993,9.5
Mauritius,,1992,9.428
Mauritius,,1991,9.493
Mexico,,2025,2.673
Mexico,,2024,2.678
Mexico,,2023,2.765
Mexico,,2022,3.256
Mexico,,2021,4.019
Mexico,,2020,4.44
Mexico,,2019,3.477
Mexico,,2018,3.275
Mexico,,2017,3.419
Mexico,,2016,3.853
Mexico,,2015,4.311
Mexico,,2014,4.819
Mexico,,2013,4.921
Mexico,,2012,4.892
Mexico,,2011,5.175
Mexico,,2010,5.303
Mexico,,2009,5.356
Mexico,,2008,3.874
Mexico,,2007,3.628
Mexico,,2006,3.566
Mexico,,2005,3.558
Mexico,,2004,3.937
Mexico,,2003,3.455
Mexico,,2002,3.003
Mexico,,2001,2.627
Mexico,,2000,2.646
Mexico,,1999,2.598
Mexico,,1998,3.733
Mexico,,1997,4.235
Mexico,,1996,5.465
Mexico,,1995,7.095
Mexico,,1994,4.436
Mexico,,1993,3.365
Mexico,,1992,3.235
Mexico,,1991,3.145
Moldova,,2025,1.505
Moldova,,2024,1.427
Moldova,,2023,1.57
Moldova,,2022,0.909
Moldova,,2021,0.794
Moldova,,2020,1.206
Moldova,,2019,1.502
Moldova,,2018,1.239
Moldova,,2017,1.622
Moldova,,2016,1.591
Moldova,,2015,1.781
Moldova,,2014,1.45
Moldova,,2013,1.894
Moldova,,2012,2.189
Moldova,,2011,2.677
Moldova,,2010,2.972
Moldova,,2009,3.024
Moldova,,2008,2.097
Moldova,,2007,2.749
Moldova,,2006,4.26
Moldova,,2005,5.633
Moldova,,2004,6.374
Moldova,,2003,6.378
Moldova,,2002,6.845
Moldova,,2001,7.366
Moldova,,2000,8.539
Moldova,,1999,11.14
Moldova,,1998,10.0
Moldova,,1997,7.9
Moldova,,1996,7.9
Moldova,,1995,5.3
Moldova,,1994,5.8
Moldova,,1993,3.7
Moldova,,1992,3.7
Moldova,,1991,1.9
Mongolia,,2025,5.233
Mongolia,,2024,5.158
Mongolia,,2023,5.178
Mongolia,,2022,5.954
Mongolia,,2021,7.871
Mongolia,,2020,6.413
Mongolia,,2019,9.024
Mongolia,,2018,5.377
Mongolia,,2017,6.359
Mongolia,,2016,7.235
Mongolia,,2015,4.861
Mongolia,,2014,4.798
Mongolia,,2013,4.231
Mongolia,,2012,3.905
Mongolia,,2011,4.769
Mongolia,,2010,6.549
Mongolia,,2009,5.86
Mongolia,,2008,5.565
Mongolia,,2007,7.2
Mongolia,,2006,7.193
Mongolia,,2005,7.015
Mongolia,,2004,6.851
Mongolia,,2003,6.768
Mongolia,,2002,6.2
Mongolia,,2001,6.111
Mongolia,,2000,5.992
Mongolia,,1999,5.844
Mongolia,,1998,5.752
Mongolia,,1997,5.608
Mongolia,,1996,5.53
Mongolia,,1995,5.5
Mongolia,,1994,5.709
Mongolia,,1993,5.859
Mongolia,,1992,5.857
Mongolia,,1991,5.665
Montenegro,,2025,13.572
Montenegro,,2024,13.206
Montenegro,,2023,13.146
Montenegro,,2022,14.851
Montenegro,,2021,16.543
Montenegro,,2020,17.878
Montenegro,,2019,15.128
Montenegro,,2018,15.19
Montenegro,,2017,16.082
Montenegro,,2016,17.732
Montenegro,,2015,17.555
Montenegro,,2014,18.054
Montenegro,,2013,19.585
Montenegro,,2012,19.808
Montenegro,,2011,19.759
Montenegro,,2010,19.649
Montenegro,,2009,19.09
Montenegro,,2008,17.15
Montenegro,,2007,19.4
Montenegro,,2006,24.815
Montenegro,,2005,30.31
Montenegro,,2004,30.342
Montenegro,,2003,30.39
Montenegro,,2002,30.356
Montenegro,,2001,30.542
Montenegro,,2000,30.447
Montenegro,,1999,30.471
Montenegro,,1998,30.21
Montenegro,,1997,30.219
Montenegro,,1996,30.173
Montenegro,,1995,30.196
Montenegro,,1994,30.226
Montenegro,,1993,30.238
Montenegro,,1992,30.181
Montenegro,,1991,30.118
Morocco,,2025,9.0
Morocco,,2024,9.103
Morocco,,2023,8.896
Morocco,,2022,9.413
Morocco,,2021,10.551
Morocco,,2020,11.189
Morocco,,2019,9.191
Morocco,,2018,9.272
Morocco,,2017,9.22
Morocco,,2016,9.3
Morocco,,2015,9.46
Morocco,,2014,9.7
Morocco,,2013,9.23
Morocco,,2012,8.99
Morocco,,2011,8.91
Morocco,,2010,9.09
Morocco,,2009,8.96
Morocco,,2008,9.57
Morocco,,2007,9.56
Morocco,,2006,9.67
Morocco,,2005,11.01
Morocco,,2004,10.83
Morocco,,2003,11.92
Morocco,,2002,11.59
Morocco,,2001,12.46
Morocco,,2000,13.58
Morocco,,1999,13.94
Morocco,,1998,13.359
Morocco,,1997,14.025
Morocco,,1996,13.362
Morocco,,1995,14.054
Morocco,,1994,13.858
Morocco,,1993,14.026
Morocco,,1992,13.781
Morocco,,1991,13.502
Mozambique,,2025,6.628
Mozambique,,2024,6.668
Mozambique,,2023,6.661
Mozambique,,2022,6.789
Mozambique,,2021,5.413
Mozambique,,2020,5.019
Mozambique,,2019,4.462
Mozambique,,2018,4.21
Mozambique,,2017,3.935
Mozambique,,2016,3.65
Mozambique,,2015,3.426
Mozambique,,2014,3.377
Mozambique,,2013,3.345
Mozambique,,2012,3.304
Mozambique,,2011,3.295
Mozambique,,2010,3.259
Mozambique,,2009,3.207
Mozambique,,2008,3.112
Mozambique,,2007,3.082
Mozambique,,2006,3.037
Mozambique,,2005,3.035
Mozambique,,2004,2.953
Mozambique,,2003,2.857
Mozambique,,2002,2.902
Mozambique,,2001,2.838
Mozambique,,2000,2.832
Mozambique,,1999,2.663
Mozambique,,1998,2.64
Mozambique,,1997,2.7
Mozambique,,1996,2.763
Mozambique,,1995,2.758
Mozambique,,1994,2.879
Mozambique,,1993,2.896
Mozambique,,1992,3.028
Mozambique,,1991,2.838
Myanmar,,2025,3.047
Myanmar,,2024,2.887
Myanmar,,2023,2.977
Myanmar,,2022,3.063
Myanmar,,2021,4.34
Myanmar,,2020,1.476
Myanmar,,2019,0.407
Myanmar,,2018,0.767
Myanmar,,2017,1.356
Myanmar,,2016,1.058
Myanmar,,2015,0.766
Myanmar,,2014,0.763
Myanmar,,2013,0.775
Myanmar,,2012,0.768
Myanmar,,2011,0.749
Myanmar,,2010,0.725
Myanmar,,2009,0.712
Myanmar,,2008,0.7
Myanmar,,2007,0.684
Myanmar,,2006,0.676
Myanmar,,2005,0.672
Myanmar,,2004,0.677
Myanmar,,2003,0.686
Myanmar,,2002,0.685
Myanmar,,2001,0.689
Myanmar,,2000,0.712
Myanmar,,1999,0.75
Myanmar,,1998,0.772
Myanmar,,1997,0.764
Myanmar,,1996,0.753
Myanmar,,1995,0.754
Myanmar,,1994,0.739
Myanmar,,1993,0.779
Myanmar,,1992,0.796
Myanmar,,1991,0.828
Namibia,,2025,19.291
Namibia,,2024,19.157
Namibia,,2023,19.154
Namibia,,2022,19.615
Namibia,,2021,20.931
Namibia,,2020,21.003
Namibia,,2019,19.929
Namibia,,2018,19.877
Namibia,,2017,21.748
Namibia,,2016,23.352
Namibia,,2015,20.791
Namibia,,2014,18.521
Namibia,,2013,19.028
Namibia,,2012,16.771
Namibia,,2011,19.481
Namibia,,2010,22.12
Namibia,,2009,22.271
Namibia,,2008,22.005
Namibia,,2007,22.12
Namibia,,2006,21.848
Namibia,,2005,22.108
Namibia,,2004,22.09
Namibia,,2003,22.104
Namibia,,2002,21.538
Namibia,,2001,21.009
Namibia,,2000,20.3
Namibia,,1999,21.668
Namibia,,1998,23.083
Namibia,,1997,24.45
Namibia,,1996,22.844
Namibia,,1995,21.34
Namibia,,1994,19.4
Namibia,,1993,19.078
Namibia,,1992,18.896
Namibia,,1991,19.14
Nepal,,2025,10.465
Nepal,,2024,10.5
Nepal,,2023,10.437
Nepal,,2022,10.661
Nepal,,2021,12.241
Nepal,,2020,13.037
Nepal,,2019,10.477
Nepal,,2018,10.593
Nepal,,2017,10.66
Nepal,,2016,10.714
Nepal,,2015,10.643
Nepal,,2014,10.62
Nepal,,2013,10.666
Nepal,,2012,10.632
Nepal,,2011,10.627
Nepal,,2010,10.563
Nepal,,2009,10.582
Nepal,,2008,10.597
Nepal,,2007,10.642
Nepal,,2006,10.609
Nepal,,2005,10.59
Nepal,,2004,10.652
Nepal,,2003,10.644
Nepal,,2002,10.593
Nepal,,2001,10.502
Nepal,,2000,10.531
Nepal,,1999,10.549
Nepal,,1998,10.526
Nepal,,1997,10.512
Nepal,,1996,10.446
Nepal,,1995,10.473
Nepal,,1994,10.458
Nepal,,1993,10.492
Nepal,,1992,10.473
Nepal,,1991,10.465
Netherlands,,2025,3.874
Netherlands,,2024,3.7
Netherlands,,2023,3.535
Netherlands,,2022,3.526
Netherlands,,2021,4.209
Netherlands,,2020,3.82
Netherlands,,2019,3.379
Netherlands,,2018,3.832
Netherlands,,2017,4.837
Netherlands,,2016,6.007
Netherlands,,2015,6.872
Netherlands,,2014,7.419
Netherlands,,2013,7.241
Netherlands,,2012,5.821
Netherlands,,2011,4.977
Netherlands,,2010,4.991
Netherlands,,2009,4.352
Netherlands,,2008,3.658
Netherlands,,2007,4.153
Netherlands,,2006,5.007
Netherlands,,2005,5.872
Netherlands,,2004,4.646
Netherlands,,2003,3.593
Netherlands,,2002,2.554
Netherlands,,2001,2.119
Netherlands,,2000,2.725
Netherlands,,1999,3.622
Netherlands,,1998,4.394
Netherlands,,1997,5.511
Netherlands,,1996,6.421
Netherlands,,1995,7.157
Netherlands,,1994,7.159
Netherlands,,1993,6.287
Netherlands,,1992,5.555
Netherlands,,1991,7.285
New Zealand,,2025,5.076
New Zealand,,2024,4.724
New Zealand,,2023,3.734
New Zealand,,2022,3.299
New Zealand,,2021,3.776
New Zealand,,2020,4.595
New Zealand,,2019,4.109
New Zealand,,2018,4.335
New Zealand,,2017,4.736
New Zealand,,2016,5.147
New Zealand,,2015,5.415
New Zealand,,2014,5.428
New Zealand,,2013,5.839
New Zealand,,2012,6.931
New Zealand,,2011,6.491
New Zealand,,2010,6.557
New Zealand,,2009,6.121
New Zealand,,2008,4.167
New Zealand,,2007,3.661
New Zealand,,2006,3.857
New Zealand,,2005,3.807
New Zealand,,2004,4.005
New Zealand,,2003,4.745
New Zealand,,2002,5.282
New Zealand,,2001,5.433
New Zealand,,2000,6.13
New Zealand,,1999,7.023
New Zealand,,1998,7.718
New Zealand,,1997,6.857
New Zealand,,1996,6.29
New Zealand,,1995,6.461
New Zealand,,1994,8.354
New Zealand,,1993,9.804
New Zealand,,1992,10.667
New Zealand,,1991,10.614
Nicaragua,,2025,5.04
Nicaragua,,2024,4.98
Nicaragua,,2023,4.698
Nicaragua,,2022,4.969
Nicaragua,,2021,6.076
Nicaragua,,2020,6.18
Nicaragua,,2019,5.457
Nicaragua,,2018,5.2
Nicaragua,,2017,3.3
Nicaragua,,2016,3.9
Nicaragua,,2015,4.7
Nicaragua,,2014,4.52
Nicaragua,,2013,5.28
Nicaragua,,2012,5.208
Nicaragua,,2011,6.613
Nicaragua,,2010,7.83
Nicaragua,,2009,8.16
Nicaragua,,2008,6.2
Nicaragua,,2007,4.89
Nicaragua,,2006,5.31
Nicaragua,,2005,5.37
Nicaragua,,2004,6.41
Nicaragua,,2003,7.6
Nicaragua,,2002,7.517
Nicaragua,,2001,7.222
Nicaragua,,2000,7.181
Nicaragua,,1999,7.18
Nicaragua,,1998,7.203
Nicaragua,,1997,7.1
Nicaragua,,1996,7.12
Nicaragua,,1995,7.414
Nicaragua,,1994,7.668
Nicaragua,,1993,7.833
Nicaragua,,1992,7.809
Nicaragua,,1991,7.909
Niger,,2025,0.394
Niger,,2024,0.376
Niger,,2023,0.407
Niger,,2022,0.403
Niger,,2021,0.806
Niger,,2020,0.591
Niger,,2019,0.531
Niger,,2018,0.536
Niger,,2017,0.556
Niger,,2016,0.55
Niger,,2015,0.556
Niger,,2014,0.524
Niger,,2013,1.401
Niger,,2012,2.177
Niger,,2011,0.316
Niger,,2010,0.718
Niger,,2009,1.208
Niger,,2008,1.584
Niger,,2007,2.021
Niger,,2006,2.528
Niger,,2005,3.1
Niger,,2004,2.751
Niger,,2003,2.145
Niger,,2002,1.808
Niger,,2001,1.47
Niger,,2000,1.427
Niger,,1999,1.385
Niger,,1998,1.381
Niger,,1997,1.503
Niger,,1996,1.498
Niger,,1995,1.494
Niger,,1994,1.502
Niger,,1993,1.541
Niger,,1992,1.569
Niger,,1991,1.588
Nigeria,,2025,3.064
Nigeria,,2024,3.045
Nigeria,,2023,3.074
Nigeria,,2022,3.827
Nigeria,,2021,5.404
Nigeria,,2020,5.714
Nigeria,,2019,5.206
Nigeria,,2018,5.069
Nigeria,,2017,4.83
Nigeria,,2016,4.499
Nigeria,,2015,4.134
Nigeria,,2014,3.9
Nigeria,,2013,3.711
Nigeria,,2012,3.761
Nigeria,,2011,3.77
Nigeria,,2010,3.744
Nigeria,,2009,3.763
Nigeria,,2008,3.792
Nigeria,,2007,3.794
Nigeria,,2006,3.749
Nigeria,,2005,3.727
Nigeria,,2004,3.59
Nigeria,,2003,3.637
Nigeria,,2002,3.669
Nigeria,,2001,3.9
Nigeria,,2000,3.953
Nigeria,,1999,3.986
Nigeria,,1998,3.922
Nigeria,,1997,3.964
Nigeria,,1996,4.043
Nigeria,,1995,4.152
Nigeria,,1994,4.064
Nigeria,,1993,4.023
Nigeria,,1992,3.79
Nigeria,,1991,3.831
North Macedonia,,2025,12.256
North Macedonia,,2024,12.265
North Macedonia,,2023,13.174
North Macedonia,,2022,14.476
North Macedonia,,2021,15.801
North Macedonia,,2020,16.575
North Macedonia,,2019,17.414
North Macedonia,,2018,21.208
North Macedonia,,2017,22.857
North Macedonia,,2016,24.312
North Macedonia,,2015,26.395
North Macedonia,,2014,28.215
North Macedonia,,2013,29.017
North Macedonia,,2012,31.096
North Macedonia,,2011,31.502
North Macedonia,,2010,33.135
North Macedonia,,2009,32.351
North Macedonia,,2008,33.93
North Macedonia,,2007,35.231
North Macedonia,,2006,36.392
North Macedonia,,2005,37.32
North Macedonia,,2004,37.161
North Macedonia,,2003,36.69
North Macedonia,,2002,31.94
North Macedonia,,2001,30.52
North Macedonia,,2000,32.2
North Macedonia,,1999,32.4
North Macedonia,,1998,34.5
North Macedonia,,1997,36.0
North Macedonia,,1996,38.8
North Macedonia,,1995,35.6
North Macedonia,,1994,30.0
North Macedonia,,1993,27.7
North Macedonia,,1992,26.3
North Macedonia,,1991,24.5
Norway,,2025,4.637
Norway,,2024,4.0
Norway,,2023,3.574
Norway,,2022,3.231
Norway,,2021,4.359
Norway,,2020,4.424
Norway,,2019,3.684
Norway,,2018,3.801
Norway,,2017,4.164
Norway,,2016,4.68
Norway,,2015,4.296
Norway,,2014,3.486
Norway,,2013,3.425
Norway,,2012,3.129
Norway,,2011,3.196
Norway,,2010,3.527
Norway,,2009,3.1
Norway,,2008,2.521
Norway,,2007,2.493
Norway,,2006,3.397
Norway,,2005,4.381
Norway,,2004,4.256
Norway,,2003,4.221
Norway,,2002,4.022
Norway,,2001,3.738
Norway,,2000,3.458
Norway,,1999,3.247
Norway,,1998,3.737
Norway,,1997,4.687
Norway,,1996,5.036
Norway,,1995,6.307
Norway,,1994,5.349
Norway,,1993,5.965
Norway,,1992,5.91
Norway,,1991,5.407
Oman,,2025,3.251
Oman,,2024,3.203
Oman,,2023,3.176
Oman,,2022,3.3
Oman,,2021,1.9
Oman,,2020,2.94
Oman,,2019,2.045
Oman,,2018,1.8
Oman,,2017,2.523
Oman,,2016,3.266
Oman,,2015,3.403
Oman,,2014,3.453
Oman,,2013,3.553
Oman,,2012,3.753
Oman,,2011,3.95
Oman,,2010,3.911
Oman,,2009,3.977
Oman,,2008,4.142
Oman,,2007,4.309
Oman,,2006,4.387
Oman,,2005,4.589
Oman,,2004,4.693
Oman,,2003,4.599
Oman,,2002,4.335
Oman,,2001,4.298
Oman,,2000,4.433
Oman,,1999,4.433
Oman,,1998,4.346
Oman,,1997,4.196
Oman,,1996,4.254
Oman,,1995,4.167
Oman,,1994,4.073
Oman,,1993,4.009
Oman,,1992,4.16
Oman,,1991,4.056
Pakistan,,2025,5.42
Pakistan,,2024,5.492
Pakistan,,2023,5.237
Pakistan,,2022,5.291
Pakistan,,2021,6.338
Pakistan,,2020,5.994
Pakistan,,2019,4.83
Pakistan,,2018,4.083
Pakistan,,2017,3.204
Pakistan,,2016,2.285
Pakistan,,2015,3.566
Pakistan,,2014,1.827
Pakistan,,2013,2.954
Pakistan,,2012,3.667
Pakistan,,2011,0.796
Pakistan,,2010,0.653
Pakistan,,2009,0.535
Pakistan,,2008,0.423
Pakistan,,2007,0.398
Pakistan,,2006,0.582
Pakistan,,2005,0.583
Pakistan,,2004,0.598
Pakistan,,2003,0.612
Pakistan,,2002,0.615
Pakistan,,2001,0.611
Pakistan,,2000,0.614
Pakistan,,1999,0.625
Pakistan,,1998,0.62
Pakistan,,1997,0.611
Pakistan,,1996,0.6
Pakistan,,1995,0.611
Pakistan,,1994,0.601
Pakistan,,1993,0.596
Pakistan,,1992,0.587
Pakistan,,1991,0.596
Panama,,2025,8.36
Panama,,2024,8.451
Panama,,2023,6.544
Panama,,2022,8.086
Panama,,2021,10.177
Panama,,2020,14.663
Panama,,2019,6.256
Panama,,2018,5.161
Panama,,2017,5.338
Panama,,2016,4.717
Panama,,2015,4.335
Panama,,2014,4.391
Panama,,2013,3.674
Panama,,2012,3.691
Panama,,2011,4.03
Panama,,2010,5.845
Panama,,2009,5.857
Panama,,2008,5.639
Panama,,2007,5.665
Panama,,2006,5.792
Panama,,2005,5.967
Panama,,2004,6.097
Panama,,2003,6.303
Panama,,2002,6.302
Panama,,2001,6.293
Panama,,2000,6.188
Panama,,1999,6.168
Panama,,1998,6.397
Panama,,1997,6.588
Panama,,1996,6.728
Panama,,1995,6.512
Panama,,1994,6.428
Panama,,1993,6.374
Panama,,1992,6.317
Panama,,1991,6.443
Papua New Guinea,,2025,2.571
Papua New Guinea,,2024,2.625
Papua New Guinea,,2023,2.649
Papua New Guinea,,2022,2.689
Papua New Guinea,,2021,3.03
Papua New Guinea,,2020,2.903
Papua New Guinea,,2019,2.651
Papua New Guinea,,2018,2.65
Papua New Guinea,,2017,2.58
Papua New Guinea,,2016,2.478
Papua New Guinea,,2015,2.507
Papua New Guinea,,2014,2.54
Papua New Guinea,,2013,2.698
Papua New Guinea,,2012,2.634
Papua New Guinea,,2011,2.62
Papua New Guinea,,2010,2.002
Papua New Guinea,,2009,2.089
Papua New Guinea,,2008,2.168
Papua New Guinea,,2007,2.169
Papua New Guinea,,2006,2.285
Papua New Guinea,,2005,2.385
Papua New Guinea,,2004,2.526
Papua New Guinea,,2003,2.628
Papua New Guinea,,2002,2.756
Papua New Guinea,,2001,2.801
Papua New Guinea,,2000,2.92
Papua New Guinea,,1999,2.939
Papua New Guinea,,1998,2.86
Papua New Guinea,,1997,2.854
Papua New Guinea,,1996,2.728
Papua New Guinea,,1995,2.603
Papua New Guinea,,1994,2.418
Papua New Guinea,,1993,2.382
Papua New Guinea,,1992,2.608
Papua New Guinea,,1991,2.793
Paraguay,,2025,4.803
Paraguay,,2024,5.686
Paraguay,,2023,5.794
Paraguay,,2022,6.755
Paraguay,,2021,7.311
Paraguay,,2020,7.548
Paraguay,,2019,6.595
Paraguay,,2018,6.217
Paraguay,,2017,6.138
Paraguay,,2016,5.255
Paraguay,,2015,4.556
Paraguay,,2014,5.034
Paraguay,,2013,4.385
Paraguay,,2012,4.085
Paraguay,,2011,4.67
Paraguay,,2010,4.569
Paraguay,,2009,5.46
Paraguay,,2008,4.415
Paraguay,,2007,4.713
Paraguay,,2006,5.277
Paraguay,,2005,4.825
Paraguay,,2004,6.513
Paraguay,,2003,6.814
Paraguay,,2002,9.393
Paraguay,,2001,6.206
Paraguay,,2000,7.61
Paraguay,,1999,5.343
Paraguay,,1998,4.417
Paraguay,,1997,5.36
Paraguay,,1996,8.15
Paraguay,,1995,3.4
Paraguay,,1994,4.41
Paraguay,,1993,5.06
Paraguay,,1992,4.98
Paraguay,,1991,5.1
Peru,,2025,5.117
Peru,,2024,5.199
Peru,,2023,4.899
Peru,,2022,4.291
Peru,,2021,5.097
Peru,,2020,7.179
Peru,,2019,3.379
Peru,,2018,3.492
Peru,,2017,3.691
Peru,,2016,3.741
Peru,,2015,3.272
Peru,,2014,3.208
Peru,,2013,3.575
Peru,,2012,3.238
Peru,,2011,3.477
Peru,,2010,3.6
Peru,,2009,3.96
Peru,,2008,4.03
Peru,,2007,4.08
Peru,,2006,4.17
Peru,,2005,4.87
Peru,,2004,4.71
Peru,,2003,4.15
Peru,,2002,4.84
Peru,,2001,5.068
Peru,,2000,4.959
Peru,,1999,5.011
Peru,,1998,5.099
Peru,,1997,4.762
Peru,,1996,4.929
Peru,,1995,4.708
Peru,,1994,4.491
Peru,,1993,4.795
Peru,,1992,5.068
Peru,,1991,4.926
Philippines,,2025,2.235
Philippines,,2024,2.202
Philippines,,2023,2.2
Philippines,,2022,2.598
Philippines,,2021,3.398
Philippines,,2020,2.522
Philippines,,2019,2.237
Philippines,,2018,2.338
Philippines,,2017,2.552
Philippines,,2016,2.695
Philippines,,2015,3.068
Philippines,,2014,3.6
Philippines,,2013,3.497
Philippines,,2012,3.504
Philippines,,2011,3.592
Philippines,,2010,3.605
Philippines,,2009,3.858
Philippines,,2008,3.72
Philippines,,2007,3.434
Philippines,,2006,4.052
Philippines,,2005,3.795
Philippines,,2004,3.554
Philippines,,2003,3.527
Philippines,,2002,3.616
Philippines,,2001,3.698
Philippines,,2000,3.77
Philippines,,1999,3.751
Philippines,,1998,3.697
Philippines,,1997,3.592
Philippines,,1996,3.607
Philippines,,1995,3.68
Philippines,,1994,3.767
Philippines,,1993,3.869
Philippines,,1992,3.849
Philippines,,1991,3.727
Poland,,2025,2.976
Poland,,2024,2.807
Poland,,2023,2.743
Poland,,2022,2.811
Poland,,2021,3.268
Poland,,2020,3.155
Poland,,2019,3.267
Poland,,2018,3.835
Poland,,2017,4.867
Poland,,2016,6.141
Poland,,2015,7.475
Poland,,2014,8.971
Poland,,2013,10.293
Poland,,2012,10.031
Poland,,2011,9.576
Poland,,2010,9.578
Poland,,2009,8.131
Poland,,2008,7.069
Poland,,2007,9.551
Poland,,2006,13.794
Poland,,2005,17.592
Poland,,2004,18.822
Poland,,2003,19.899
Poland,,2002,20.211
Poland,,2001,18.435
Poland,,2000,14.928
Poland,,1999,12.29
Poland,,1998,9.935
Poland,,1997,10.964
Poland,,1996,12.684
Poland,,1995,13.695
Poland,,1994,14.825
Poland,,1993,14.393
Poland,,1992,13.645
Poland,,1991,13.621
Portugal,,2025,6.164
Portugal,,2024,6.5
Portugal,,2023,6.498
Portugal,,2022,6.138
Portugal,,2021,6.712
Portugal,,2020,6.85
Portugal,,2019,6.422
Portugal,,2018,6.966
Portugal,,2017,8.878
Portugal,,2016,11.058
Portugal,,2015,12.405
Portugal,,2014,13.88
Portugal,,2013,16.237
Portugal,,2012,15.509
Portugal,,2011,12.715
Portugal,,2010,10.771
Portugal,,2009,9.432
Portugal,,2008,7.553
Portugal,,2007,7.965
Portugal,,2006,7.649
Portugal,,2005,7.582
Portugal,,2004,6.319
Portugal,,2003,6.132
Portugal,,2002,4.497
Portugal,,2001,3.829
Portugal,,2000,3.806
Portugal,,1999,4.579
Portugal,,1998,4.64
Portugal,,1997,6.571
Portugal,,1996,7.298
Portugal,,1995,7.064
Portugal,,1994,6.709
Portugal,,1993,5.301
Portugal,,1992,3.985
Portugal,,1991,3.919
Qatar,,2025,0.13
Qatar,,2024,0.13
Qatar,,2023,0.13
Qatar,,2022,0.13
Qatar,,2021,0.14
Qatar,,2020,0.14
Qatar,,2019,0.1
Qatar,,2018,0.11
Qatar,,2017,0.14
Qatar,,2016,0.15
Qatar,,2015,0.17
Qatar,,2014,0.2
Qatar,,2013,0.28
Qatar,,2012,0.48
Qatar,,2011,0.56
Qatar,,2010,0.45
Qatar,,2009,0.31
Qatar,,2008,0.31
Qatar,,2007,0.52
Qatar,,2006,0.87
Qatar,,2005,0.87
Qatar,,2004,0.87
Qatar,,2003,0.87
Qatar,,2002,0.87
Qatar,,2001,0.87
Qatar,,2000,0.87
Qatar,,1999,0.87
Qatar,,1998,0.87
Qatar,,1997,0.87
Qatar,,1996,0.87
Qatar,,1995,0.87
Qatar,,1994,0.87
Qatar,,1993,0.87
Qatar,,1992,0.87
Qatar,,1991,0.87
Romania,,2025,5.992
Romania,,2024,5.4
Romania,,2023,5.589
Romania,,2022,5.614
Romania,,2021,5.59
Romania,,2020,5.035
Romania,,2019,3.912
Romania,,2018,4.187
Romania,,2017,4.927
Romania,,2016,5.901
Romania,,2015,6.812
Romania,,2014,6.802
Romania,,2013,7.096
Romania,,2012,6.794
Romania,,2011,7.177
Romania,,2010,6.959
Romania,,2009,6.859
Romania,,2008,5.787
Romania,,2007,6.413
Romania,,2006,7.27
Romania,,2005,7.174
Romania,,2004,7.719
Romania,,2003,6.95
Romania,,2002,8.112
Romania,,2001,6.561
Romania,,2000,6.969
Romania,,1999,6.239
Romania,,1998,5.63
Romania,,1997,5.515
Romania,,1996,6.74
Romania,,1995,8.01
Romania,,1994,8.17
Romania,,1993,8.251
Romania,,1992,8.26
Romania,,1991,8.23
Russia,,2025,2.133
Russia,,2024,2.43
Russia,,2023,3.076
Russia,,2022,3.867
Russia,,2021,4.749
Russia,,2020,5.62
Russia,,2019,4.513
Russia,,2018,4.871
Russia,,2017,5.238
Russia,,2016,5.591
Russia,,2015,5.615
Russia,,2014,5.212
Russia,,2013,5.513
Russia,,2012,5.484
Russia,,2011,6.571
Russia,,2010,7.407
Russia,,2009,8.301
Russia,,2008,6.205
Russia,,2007,6.002
Russia,,2006,7.055
Russia,,2005,7.124
Russia,,2004,7.763
Russia,,2003,8.21
Russia,,2002,7.875
Russia,,2001,8.978
Russia,,2000,10.581
Russia,,1999,13.036
Russia,,1998,13.261
Russia,,1997,11.813
Russia,,1996,9.665
Russia,,1995,9.449
Russia,,1994,8.131
Russia,,1993,5.883
Russia,,1992,5.181
Russia,,1991,5.11
Rwanda,,2025,11.363
Rwanda,,2024,11.331
Rwanda,,2023,12.352
Rwanda,,2022,15.084
Rwanda,,2021,15.775
Rwanda,,2020,11.829
Rwanda,,2019,11.236
Rwanda,,2018,10.759
Rwanda,,2017,11.875
Rwanda,,2016,11.788
Rwanda,,2015,11.831
Rwanda,,2014,11.837
Rwanda,,2013,11.768
Rwanda,,2012,11.671
Rwanda,,2011,11.756
Rwanda,,2010,11.637
Rwanda,,2009,11.625
Rwanda,,2008,11.517
Rwanda,,2007,11.58
Rwanda,,2006,11.586
Rwanda,,2005,11.842
Rwanda,,2004,11.699
Rwanda,,2003,11.658
Rwanda,,2002,11.432
Rwanda,,2001,11.732
Rwanda,,2000,11.699
Rwanda,,1999,11.569
Rwanda,,1998,11.255
Rwanda,,1997,11.087
Rwanda,,1996,11.507
Rwanda,,1995,11.938
Rwanda,,1994,12.236
Rwanda,,1993,12.155
Rwanda,,1992,12.114
Rwanda,,1991,12.335
Samoa,,2025,4.996
Samoa,,2024,4.855
Samoa,,2023,4.92
Samoa,,2022,5.048
Samoa,,2021,6.664
Samoa,,2020,7.467
Samoa,,2019,7.858
Samoa,,2018,8.649
Samoa,,2017,9.4
Samoa,,2016,9.063
Samoa,,2015,8.901
Samoa,,2014,8.72
Samoa,,2013,8.772
Samoa,,2012,8.752
Samoa,,2011,5.68
Samoa,,2010,5.621
Samoa,,2009,5.646
Samoa,,2008,5.538
Samoa,,2007,5.425
Samoa,,2006,5.321
Samoa,,2005,5.212
Samoa,,2004,5.162
Samoa,,2003,5.038
Samoa,,2002,4.975
Samoa,,2001,4.96
Samoa,,2000,4.733
Samoa,,1999,4.489
Samoa,,1998,4.127
Samoa,,1997,3.78
Samoa,,1996,3.515
Samoa,,1995,3.244
Samoa,,1994,2.999
Samoa,,1993,2.689
Samoa,,1992,2.439
Samoa,,1991,2.1
São Tomé and Príncipe,,2025,9.132
São Tomé and Príncipe,,2024,9.057
São Tomé and Príncipe,,2023,9.032
São Tomé and Príncipe,,2022,8.964
São Tomé and Príncipe,,2021,9.563
São Tomé and Príncipe,,2020,9.679
São Tomé and Príncipe,,2019,8.835
São Tomé and Príncipe,,2018,8.712
São Tomé and Príncipe,,2017,8.808
São Tomé and Príncipe,,2016,9.684
São Tomé and Príncipe,,2015,10.591
São Tomé and Príncipe,,2014,11.428
São Tomé and Príncipe,,2013,12.476
São Tomé and Príncipe,,2012,13.59
São Tomé and Príncipe,,2011,14.229
São Tomé and Príncipe,,2010,14.628
São Tomé and Príncipe,,2009,15.136
São Tomé and Príncipe,,2008,15.421
São Tomé and Príncipe,,2007,16.021
São Tomé and Príncipe,,2006,16.65
São Tomé and Príncipe,,2005,16.47
São Tomé and Príncipe,,2004,16.12
São Tomé and Príncipe,,2003,16.36
São Tomé and Príncipe,,2002,17.63
São Tomé and Príncipe,,2001,15.73
São Tomé and Príncipe,,2000,14.4
São Tomé and Príncipe,,1999,14.352
São Tomé and Príncipe,,1998,14.398
São Tomé and Príncipe,,1997,14.414
São Tomé and Príncipe,,1996,14.33
São Tomé and Príncipe,,1995,14.342
São Tomé and Príncipe,,1994,14.41
São Tomé and Príncipe,,1993,14.46
São Tomé and Príncipe,,1992,14.65
São Tomé and Príncipe,,1991,14.493
Saudi Arabia,,2025,3.038
Saudi Arabia,,2024,3.518
Saudi Arabia,,2023,4.008
Saudi Arabia,,2022,5.589
Saudi Arabia,,2021,6.621
Saudi Arabia,,2020,7.66
Saudi Arabia,,2019,5.636
Saudi Arabia,,2018,6.029
Saudi Arabia,,2017,5.89
Saudi Arabia,,2016,5.6
Saudi Arabia,,2015,5.6
Saudi Arabia,,2014,5.877
Saudi Arabia,,2013,5.6
Saudi Arabia,,2012,5.622
Saudi Arabia,,2011,5.77
Saudi Arabia,,2010,5.55
Saudi Arabia,,2009,5.377
Saudi Arabia,,2008,5.085
Saudi Arabia,,2007,5.734
Saudi Arabia,,2006,6.254
Saudi Arabia,,2005,6.051
Saudi Arabia,,2004,5.822
Saudi Arabia,,2003,5.563
Saudi Arabia,,2002,5.265
Saudi Arabia,,2001,4.618
Saudi Arabia,,2000,4.57
Saudi Arabia,,1999,4.346
Saudi Arabia,,1998,4.752
Saudi Arabia,,1997,5.283
Saudi Arabia,,1996,5.804
Saudi Arabia,,1995,6.365
Saudi Arabia,,1994,6.733
Saudi Arabia,,1993,7.002
Saudi Arabia,,1992,7.2
Saudi Arabia,,1991,7.316
Senegal,,2025,2.735
Senegal,,2024,2.788
Senegal,,2023,2.784
Senegal,,2022,2.837
Senegal,,2021,3.436
Senegal,,2020,3.432
Senegal,,2019,2.863
Senegal,,2018,3.453
Senegal,,2017,4.078
Senegal,,2016,4.455
Senegal,,2015,6.757
Senegal,,2014,5.849
Senegal,,2013,5.012
Senegal,,2012,3.896
Senegal,,2011,2.853
Senegal,,2010,2.795
Senegal,,2009,2.807
Senegal,,2008,2.816
Senegal,,2007,2.8
Senegal,,2006,2.755
Senegal,,2005,2.679
Senegal,,2004,2.775
Senegal,,2003,2.781
Senegal,,2002,2.82
Senegal,,2001,2.674
Senegal,,2000,2.638
Senegal,,1999,2.655
Senegal,,1998,2.751
Senegal,,1997,2.759
Senegal,,1996,2.831
Senegal,,1995,2.846
Senegal,,1994,2.947
Senegal,,1993,2.878
Senegal,,1992,2.928
Senegal,,1991,2.861
Serbia,,2025,7.123
Serbia,,2024,7.24
Serbia,,2023,8.268
Serbia,,2022,8.439
Serbia,,2021,9.843
Serbia,,2020,9.011
Serbia,,2019,10.395
Serbia,,2018,12.733
Serbia,,2017,13.477
Serbia,,2016,15.257
Serbia,,2015,17.66
Serbia,,2014,19.223
Serbia,,2013,22.154
Serbia,,2012,24.0
Serbia,,2011,22.959
Serbia,,2010,19.204
Serbia,,2009,16.116
Serbia,,2008,13.67
Serbia,,2007,18.06
Serbia,,2006,20.85
Serbia,,2005,20.85
Serbia,,2004,18.5
Serbia,,2003,15.2
Serbia,,2002,13.8
Serbia,,2001,12.8
Serbia,,2000,12.6
Serbia,,1999,13.7
Serbia,,1998,13.7
Serbia,,1997,13.8
Serbia,,1996,13.2
Serbia,,1995,13.4
Serbia,,1994,13.405
Serbia,,1993,13.416
Serbia,,1992,13.397
Serbia,,1991,13.371
Sierra Leone,,2025,3.15
Sierra Leone,,2024,3.103
Sierra Leone,,2023,3.092
Sierra Leone,,2022,3.137
Sierra Leone,,2021,3.551
Sierra Leone,,2020,3.509
Sierra Leone,,2019,3.204
Sierra Leone,,2018,3.192
Sierra Leone,,2017,3.656
Sierra Leone,,2016,4.182
Sierra Leone,,2015,4.483
Sierra Leone,,2014,4.678
Sierra Leone,,2013,4.376
Sierra Leone,,2012,4.378
Sierra Leone,,2011,4.388
Sierra Leone,,2010,4.34
Sierra Leone,,2009,4.268
Sierra Leone,,2008,4.132
Sierra Leone,,2007,4.022
Sierra Leone,,2006,3.89
Sierra Leone,,2005,3.734
Sierra Leone,,2004,3.42
Sierra Leone,,2003,3.879
Sierra Leone,,2002,3.909
Sierra Leone,,2001,4.235
Sierra Leone,,2000,4.137
Sierra Leone,,1999,4.288
Sierra Leone,,1998,4.242
Sierra Leone,,1997,4.363
Sierra Leone,,1996,4.313
Sierra Leone,,1995,4.317
Sierra Leone,,1994,4.457
Sierra Leone,,1993,4.401
Sierra Leone,,1992,4.376
Sierra Leone,,1991,4.135
Singapore,,2025,2.818
Singapore,,2024,2.737
Singapore,,2023,3.444
Singapore,,2022,3.591
Singapore,,2021,4.64
Singapore,,2020,4.1
Singapore,,2019,3.1
Singapore,,2018,3.613
Singapore,,2017,4.2
Singapore,,2016,4.08
Singapore,,2015,3.79
Singapore,,2014,3.74
Singapore,,2013,3.86
Singapore,,2012,3.72
Singapore,,2011,3.89
Singapore,,2010,4.12
Singapore,,2009,5.86
Singapore,,2008,3.96
Singapore,,2007,3.9
Singapore,,2006,4.48
Singapore,,2005,5.59
Singapore,,2004,5.84
Singapore,,2003,5.93
Singapore,,2002,5.65
Singapore,,2001,3.76
Singapore,,2000,3.7
Singapore,,1999,4.85
Singapore,,1998,3.41
Singapore,,1997,2.5
Singapore,,1996,3.57
Singapore,,1995,3.3
Singapore,,1994,3.03
Singapore,,1993,3.07
Singapore,,1992,3.09
Singapore,,1991,2.18
Slovakia,,2025,5.359
Slovakia,,2024,5.3
Slovakia,,2023,5.843
Slovakia,,2022,6.143
Slovakia,,2021,6.894
Slovakia,,2020,6.719
Slovakia,,2019,5.761
Slovakia,,2018,6.544
Slovakia,,2017,8.142
Slovakia,,2016,9.679
Slovakia,,2015,11.492
Slovakia,,2014,11.536
Slovakia,,2013,14.226
Slovakia,,2012,13.966
Slovakia,,2011,13.634
Slovakia,,2010,14.387
Slovakia,,2009,12.023
Slovakia,,2008,9.514
Slovakia,,2007,11.16
Slovakia,,2006,13.395
Slovakia,,2005,16.276
Slovakia,,2004,18.206
Slovakia,,2003,17.549
Slovakia,,2002,18.541
Slovakia,,2001,19.148
Slovakia,,2000,18.546
Slovakia,,1999,16.099
Slovakia,,1998,12.421
Slovakia,,1997,11.894
Slovakia,,1996,11.341
Slovakia,,1995,13.109
Slovakia,,1994,13.654
Slovakia,,1993,12.2
Slovakia,,1992,12.185
Slovakia,,1991,12.1
Slovenia,,2025,3.175
Slovenia,,2024,3.7
Slovenia,,2023,3.652
Slovenia,,2022,4.011
Slovenia,,2021,4.744
Slovenia,,2020,4.971
Slovenia,,2019,4.446
Slovenia,,2018,5.108
Slovenia,,2017,6.564
Slovenia,,2016,8.0
Slovenia,,2015,8.962
Slovenia,,2014,9.668
Slovenia,,2013,10.103
Slovenia,,2012,8.841
Slovenia,,2011,8.166
Slovenia,,2010,7.236
Slovenia,,2009,5.858
Slovenia,,2008,4.371
Slovenia,,2007,4.818
Slovenia,,2006,5.95
Slovenia,,2005,6.506
Slovenia,,2004,6.012
Slovenia,,2003,6.479
Slovenia,,2002,5.922
Slovenia,,2001,5.682
Slovenia,,2000,6.918
Slovenia,,1999,7.324
Slovenia,,1998,7.39
Slovenia,,1997,6.648
Slovenia,,1996,6.879
Slovenia,,1995,7.15
Slovenia,,1994,8.24
Slovenia,,1993,8.51
Slovenia,,1992,7.83
Slovenia,,1991,7.08
Solomon Islands,,2025,1.431
Solomon Islands,,2024,1.444
Solomon Islands,,2023,1.443
Solomon Islands,,2022,1.475
Solomon Islands,,2021,0.879
Solomon Islands,,2020,0.868
Solomon Islands,,2019,0.746
Solomon Islands,,2018,0.722
Solomon Islands,,2017,0.727
Solomon Islands,,2016,0.736
Solomon Islands,,2015,0.736
Solomon Islands,,2014,0.73
Solomon Islands,,2013,0.694
Solomon Islands,,2012,0.984
Solomon Islands,,2011,1.292
Solomon Islands,,2010,1.617
Solomon Islands,,2009,2.02
Solomon Islands,,2008,1.998
Solomon Islands,,2007,1.978
Solomon Islands,,2006,1.916
Solomon Islands,,2005,1.879
Solomon Islands,,2004,2.026
Solomon Islands,,2003,2.286
Solomon Islands,,2002,2.698
Solomon Islands,,2001,2.642
Solomon Islands,,2000,2.446
Solomon Islands,,1999,2.194
Solomon Islands,,1998,2.155
Solomon Islands,,1997,2.009
Solomon Islands,,1996,1.875
Solomon Islands,,1995,1.841
Solomon Islands,,1994,1.804
Solomon Islands,,1993,1.829
Solomon Islands,,1992,1.851
Solomon Islands,,1991,1.967
Somalia,,2025,18.948
Somalia,,2024,18.949
Somalia,,2023,18.96
Somalia,,2022,19.112
Somalia,,2021,19.662
Somalia,,2020,19.414
Somalia,,2019,18.828
Somalia,,2018,18.7
Somalia,,2017,18.455
Somalia,,2016,18.611
Somalia,,2015,18.495
Somalia,,2014,18.595
Somalia,,2013,18.655
Somalia,,2012,18.771
Somalia,,2011,18.761
Somalia,,2010,18.741
Somalia,,2009,18.724
Somalia,,2008,18.714
Somalia,,2007,18.687
Somalia,,2006,18.705
Somalia,,2005,18.671
Somalia,,2004,18.653
Somalia,,2003,18.648
Somalia,,2002,18.658
Somalia,,2001,18.665
Somalia,,2000,18.678
Somalia,,1999,18.847
Somalia,,1998,18.825
Somalia,,1997,18.899
Somalia,,1996,19.463
Somalia,,1995,19.585
Somalia,,1994,19.971
Somalia,,1993,19.331
Somalia,,1992,19.377
Somalia,,1991,19.003
South Africa,,2025,32.391
South Africa,,2024,32.279
South Africa,,2023,32.098
South Africa,,2022,33.268
South Africa,,2021,34.007
South Africa,,2020,29.217
South Africa,,2019,28.468
South Africa,,2018,26.906
South Africa,,2017,27.035
South Africa,,2016,26.536
South Africa,,2015,25.149
South Africa,,2014,24.89
South Africa,,2013,24.561
South Africa,,2012,24.727
South Africa,,2011,24.639
South Africa,,2010,24.683
South Africa,,2009,23.523
South Africa,,2008,22.407
South Africa,,2007,22.26
South Africa,,2006,22.304
South Africa,,2005,22.472
South Africa,,2004,22.567
South Africa,,2003,22.679
South Africa,,2002,22.579
South Africa,,2001,22.652
South Africa,,2000,22.788
South Africa,,1999,22.884
South Africa,,1998,22.739
South Africa,,1997,22.549
South Africa,,1996,22.5
South Africa,,1995,22.705
South Africa,,1994,23.067
South Africa,,1993,23.361
South Africa,,1992,23.463
South Africa,,1991,23.137
South Sudan,,2023,12.374
South Sudan,,2022,12.475
South Sudan,,2021,13.95
South Sudan,,2020,14.246
South Sudan,,2019,12.656
South Sudan,,2018,12.853
South Sudan,,2017,12.983
South Sudan,,2016,12.854
South Sudan,,2015,12.464
South Sudan,,2014,12.561
South Sudan,,2013,12.665
South Sudan,,2012,12.803
South Sudan,,2011,12.585
South Sudan,,2010,12.473
South Sudan,,2009,12.438
South Sudan,,2008,12.298
South Sudan,,2007,12.266
South Sudan,,2006,12.268
South Sudan,,2005,12.266
South Sudan,,2004,12.256
South Sudan,,2003,12.234
South Sudan,,2002,12.235
South Sudan,,2001,12.278
South Sudan,,2000,12.309
South Sudan,,1999,12.138
South Sudan,,1998,12.095
South Sudan,,1997,12.068
South Sudan,,1996,12.314
South Sudan,,1995,12.334
South Sudan,,1994,12.326
South Sudan,,1993,12.233
South Sudan,,1992,12.374
South Sudan,,1991,12.334
Spain,,2025,10.376
Spain,,2024,11.4
Spain,,2023,12.179
Spain,,2022,13.033
Spain,,2021,14.914
Spain,,2020,15.532
Spain,,2019,14.104
Spain,,2018,15.255
Spain,,2017,17.224
Spain,,2016,19.635
Spain,,2015,22.057
Spain,,2014,24.441
Spain,,2013,26.094
Spain,,2012,24.789
Spain,,2011,21.39
Spain,,2010,19.86
Spain,,2009,17.857
Spain,,2008,11.254
Spain,,2007,8.232
Spain,,2006,8.452
Spain,,2005,9.146
Spain,,2004,11.09
Spain,,2003,11.283
Spain,,2002,11.146
Spain,,2001,10.348
Spain,,2000,13.785
Spain,,1999,15.475
Spain,,1998,18.673
Spain,,1997,20.698
Spain,,1996,22.142
Spain,,1995,22.675
Spain,,1994,24.209
Spain,,1993,22.156
Spain,,1992,17.697
Spain,,1991,15.929
Sri Lanka,,2025,4.005
Sri Lanka,,2024,4.239
Sri Lanka,,2023,4.528
Sri Lanka,,2022,4.528
Sri Lanka,,2021,4.981
Sri Lanka,,2020,5.364
Sri Lanka,,2019,4.67
Sri Lanka,,2018,4.318
Sri Lanka,,2017,4.046
Sri Lanka,,2016,4.242
Sri Lanka,,2015,4.519
Sri Lanka,,2014,4.157
Sri Lanka,,2013,4.186
Sri Lanka,,2012,3.88
Sri Lanka,,2011,4.118
Sri Lanka,,2010,4.784
Sri Lanka,,2009,5.85
Sri Lanka,,2008,5.22
Sri Lanka,,2007,5.97
Sri Lanka,,2006,6.5
Sri Lanka,,2005,7.67
Sri Lanka,,2004,8.38
Sri Lanka,,2003,8.22
Sri Lanka,,2002,8.76
Sri Lanka,,2001,7.9
Sri Lanka,,2000,7.74
Sri Lanka,,1999,8.88
Sri Lanka,,1998,9.17
Sri Lanka,,1997,10.6
Sri Lanka,,1996,11.35
Sri Lanka,,1995,12.27
Sri Lanka,,1994,13.03
Sri Lanka,,1993,13.82
Sri Lanka,,1992,14.22
Sri Lanka,,1991,14.661
Saint Lucia,,2025,9.452
Saint Lucia,,2024,10.199
Saint Lucia,,2023,12.094
Saint Lucia,,2022,15.934
Saint Lucia,,2021,20.514
Saint Lucia,,2020,25.224
Saint Lucia,,2019,15.613
Saint Lucia,,2018,19.329
Saint Lucia,,2017,19.136
Saint Lucia,,2016,19.932
Saint Lucia,,2015,20.84
Saint Lucia,,2014,21.583
Saint Lucia,,2013,22.21
Saint Lucia,,2012,19.06
Saint Lucia,,2011,18.86
Saint Lucia,,2010,17.118
Saint Lucia,,2009,15.37
Saint Lucia,,2008,12.72
Saint Lucia,,2007,14.0
Saint Lucia,,2006,16.0
Saint Lucia,,2005,18.7
Saint Lucia,,2004,20.97
Saint Lucia,,2003,22.18
Saint Lucia,,2002,20.39
Saint Lucia,,2001,18.538
Saint Lucia,,2000,16.49
Saint Lucia,,1999,18.09
Saint Lucia,,1998,21.6
Saint Lucia,,1997,20.47
Saint Lucia,,1996,16.33
Saint Lucia,,1995,15.83
Saint Lucia,,1994,17.0
Saint Lucia,,1993,16.8
Saint Lucia,,1992,16.549
Saint Lucia,,1991,16.521
Saint Vincent-Grenadines,,2025,18.003
Saint Vincent-Grenadines,,2024,18.093
Saint Vincent-Grenadines,,2023,18.348
Saint Vincent-Grenadines,,2022,19.277
Saint Vincent-Grenadines,,2021,20.356
Saint Vincent-Grenadines,,2020,20.635
Saint Vincent-Grenadines,,2019,19.248
Saint Vincent-Grenadines,,2018,19.005
Saint Vincent-Grenadines,,2017,19.024
Saint Vincent-Grenadines,,2016,19.029
Saint Vincent-Grenadines,,2015,19.135
Saint Vincent-Grenadines,,2014,19.237
Saint Vincent-Grenadines,,2013,19.356
Saint Vincent-Grenadines,,2012,19.833
Saint Vincent-Grenadines,,2011,20.006
Saint Vincent-Grenadines,,2010,19.924
Saint Vincent-Grenadines,,2009,19.365
Saint Vincent-Grenadines,,2008,18.79
Saint Vincent-Grenadines,,2007,18.934
Saint Vincent-Grenadines,,2006,19.162
Saint Vincent-Grenadines,,2005,19.461
Saint Vincent-Grenadines,,2004,19.545
Saint Vincent-Grenadines,,2003,19.985
Saint Vincent-Grenadines,,2002,20.623
Saint Vincent-Grenadines,,2001,21.1
Saint Vincent-Grenadines,,2000,20.8
Saint Vincent-Grenadines,,1999,20.542
Saint Vincent-Grenadines,,1998,20.521
Saint Vincent-Grenadines,,1997,20.133
Saint Vincent-Grenadines,,1996,20.343
Saint Vincent-Grenadines,,1995,20.005
Saint Vincent-Grenadines,,1994,19.974
Saint Vincent-Grenadines,,1993,19.681
Saint Vincent-Grenadines,,1992,19.558
Saint Vincent-Grenadines,,1991,19.77
Sudan,,2022,7.53
Sudan,,2021,11.087
Sudan,,2020,11.995
Sudan,,2019,11.697
Sudan,,2018,12.347
Sudan,,2017,13.0
Sudan,,2016,13.656
Sudan,,2015,14.39
Sudan,,2014,15.41
Sudan,,2013,16.273
Sudan,,2012,16.973
Sudan,,2011,17.44
Sudan,,2010,15.168
Sudan,,2009,13.0
Sudan,,2008,15.566
Sudan,,2007,15.534
Sudan,,2006,15.542
Sudan,,2005,15.545
Sudan,,2004,15.538
Sudan,,2003,15.515
Sudan,,2002,15.514
Sudan,,2001,15.56
Sudan,,2000,15.595
Sudan,,1999,15.399
Sudan,,1998,15.352
Sudan,,1997,15.324
Sudan,,1996,15.605
Sudan,,1995,15.627
Sudan,,1994,15.617
Sudan,,1993,15.51
Sudan,,1992,15.668
Sudan,,1991,15.619
Suriname,,2025,7.834
Suriname,,2024,7.621
Suriname,,2023,7.699
Suriname,,2022,7.973
Suriname,,2021,8.706
Suriname,,2020,8.973
Suriname,,2019,7.755
Suriname,,2018,7.817
Suriname,,2017,7.905
Suriname,,2016,7.917
Suriname,,2015,7.22
Suriname,,2014,6.94
Suriname,,2013,6.6
Suriname,,2012,8.1
Suriname,,2011,7.54
Suriname,,2010,7.15
Suriname,,2009,8.72
Suriname,,2008,8.854
Suriname,,2007,9.017
Suriname,,2006,9.142
Suriname,,2005,9.302
Suriname,,2004,9.49
Suriname,,2003,10.336
Suriname,,2002,11.187
Suriname,,2001,12.047
Suriname,,2000,12.873
Suriname,,1999,13.6
Suriname,,1998,10.63
Suriname,,1997,10.56
Suriname,,1996,10.88
Suriname,,1995,8.39
Suriname,,1994,12.7
Suriname,,1993,15.64
Suriname,,1992,17.28
Suriname,,1991,17.189
Sweden,,2025,8.694
Sweden,,2024,8.4
Sweden,,2023,7.611
Sweden,,2022,7.417
Sweden,,2021,8.803
Sweden,,2020,8.291
Sweden,,2019,6.833
Sweden,,2018,6.365
Sweden,,2017,6.718
Sweden,,2016,6.99
Sweden,,2015,7.432
Sweden,,2014,7.954
Sweden,,2013,8.052
Sweden,,2012,7.976
Sweden,,2011,7.804
Sweden,,2010,8.61
Sweden,,2009,8.351
Sweden,,2008,6.235
Sweden,,2007,6.161
Sweden,,2006,7.066
Sweden,,2005,7.81
Sweden,,2004,6.693
Sweden,,2003,5.555
Sweden,,2002,4.965
Sweden,,2001,4.73
Sweden,,2000,5.466
Sweden,,1999,7.607
Sweden,,1998,8.941
Sweden,,1997,10.359
Sweden,,1996,9.547
Sweden,,1995,8.897
Sweden,,1994,9.58
Sweden,,1993,9.33
Sweden,,1992,5.722
Sweden,,1991,3.243
Switzerland,,2025,4.873
Switzerland,,2024,4.343
Switzerland,,2023,4.043
Switzerland,,2022,4.122
Switzerland,,2021,5.013
Switzerland,,2020,4.817
Switzerland,,2019,4.394
Switzerland,,2018,4.713
Switzerland,,2017,4.797
Switzerland,,2016,4.918
Switzerland,,2015,4.801
Switzerland,,2014,4.826
Switzerland,,2013,4.747
Switzerland,,2012,4.491
Switzerland,,2011,4.409
Switzerland,,2010,4.808
Switzerland,,2009,4.109
Switzerland,,2008,3.35
Switzerland,,2007,3.641
Switzerland,,2006,3.995
Switzerland,,2005,4.437
Switzerland,,2004,4.316
Switzerland,,2003,4.117
Switzerland,,2002,2.924
Switzerland,,2001,2.49
Switzerland,,2000,2.658
Switzerland,,1999,3.053
Switzerland,,1998,3.568
Switzerland,,1997,4.127
Switzerland,,1996,3.684
Switzerland,,1995,3.094
Switzerland,,1994,3.58
Switzerland,,1993,3.551
Switzerland,,1992,2.344
Switzerland,,1991,1.818
Syria,,2025,13.569
Syria,,2024,13.359
Syria,,2023,13.27
Syria,,2022,13.245
Syria,,2021,14.887
Syria,,2020,15.179
Syria,,2019,13.369
Syria,,2018,13.505
Syria,,2017,13.603
Syria,,2016,13.798
Syria,,2015,14.244
Syria,,2014,14.782
Syria,,2013,14.5
Syria,,2012,13.8
Syria,,2011,8.626
Syria,,2010,8.61
Syria,,2009,8.14
Syria,,2008,10.94
Syria,,2007,8.42
Syria,,2006,8.17
Syria,,2005,8.81
Syria,,2004,9.513
Syria,,2003,10.28
Syria,,2002,10.94
Syria,,2001,11.63
Syria,,2000,9.587
Syria,,1999,7.6
Syria,,1998,7.376
Syria,,1997,7.31
Syria,,1996,7.221
Syria,,1995,7.2
Syria,,1994,7.5
Syria,,1993,7.4
Syria,,1992,6.949
Syria,,1991,6.75
Tajikistan,,2025,6.931
Tajikistan,,2024,7.041
Tajikistan,,2023,7.037
Tajikistan,,2022,7.051
Tajikistan,,2021,7.687
Tajikistan,,2020,7.576
Tajikistan,,2019,7.026
Tajikistan,,2018,7.028
Tajikistan,,2017,7.035
Tajikistan,,2016,7.036
Tajikistan,,2015,7.033
Tajikistan,,2014,7.024
Tajikistan,,2013,7.019
Tajikistan,,2012,7.022
Tajikistan,,2011,7.04
Tajikistan,,2010,7.037
Tajikistan,,2009,7.028
Tajikistan,,2008,4.942
Tajikistan,,2007,2.874
Tajikistan,,2006,3.65
Tajikistan,,2005,3.45
Tajikistan,,2004,3.45
Tajikistan,,2003,3.85
Tajikistan,,2002,3.95
Tajikistan,,2001,3.75
Tajikistan,,2000,4.15
Tajikistan,,1999,4.45
Tajikistan,,1998,4.65
Tajikistan,,1997,4.15
Tajikistan,,1996,4.05
Tajikistan,,1995,3.45
Tajikistan,,1994,3.15
Tajikistan,,1993,2.65
Tajikistan,,1992,1.85
Tajikistan,,1991,1.823
Tanzania,,2025,1.572
Tanzania,,2024,1.557
Tanzania,,2023,1.565
Tanzania,,2022,1.573
Tanzania,,2021,1.876
Tanzania,,2020,1.792
Tanzania,,2019,1.735
Tanzania,,2018,1.792
Tanzania,,2017,1.854
Tanzania,,2016,1.931
Tanzania,,2015,2.009
Tanzania,,2014,2.125
Tanzania,,2013,2.93
Tanzania,,2012,3.223
Tanzania,,2011,3.47
Tanzania,,2010,3.03
Tanzania,,2009,2.5
Tanzania,,2008,2.775
Tanzania,,2007,3.023
Tanzania,,2006,3.299
Tanzania,,2005,3.193
Tanzania,,2004,3.105
Tanzania,,2003,3.053
Tanzania,,2002,3.023
Tanzania,,2001,2.994
Tanzania,,2000,3.129
Tanzania,,1999,3.219
Tanzania,,1998,3.283
Tanzania,,1997,3.342
Tanzania,,1996,3.475
Tanzania,,1995,3.672
Tanzania,,1994,3.861
Tanzania,,1993,3.892
Tanzania,,1992,3.683
Tanzania,,1991,3.6
Thailand,,2025,0.781
Thailand,,2024,0.781
Thailand,,2023,0.733
Thailand,,2022,0.94
Thailand,,2021,1.215
Thailand,,2020,1.099
Thailand,,2019,0.716
Thailand,,2018,0.765
Thailand,,2017,0.83
Thailand,,2016,0.688
Thailand,,2015,0.597
Thailand,,2014,0.576
Thailand,,2013,0.249
Thailand,,2012,0.58
Thailand,,2011,0.66
Thailand,,2010,0.622
Thailand,,2009,1.49
Thailand,,2008,1.18
Thailand,,2007,1.18
Thailand,,2006,1.22
Thailand,,2005,1.35
Thailand,,2004,1.51
Thailand,,2003,1.54
Thailand,,2002,1.82
Thailand,,2001,2.6
Thailand,,2000,2.389
Thailand,,1999,2.968
Thailand,,1998,3.404
Thailand,,1997,0.873
Thailand,,1996,1.071
Thailand,,1995,1.1
Thailand,,1994,1.347
Thailand,,1993,1.49
Thailand,,1992,1.35
Thailand,,1991,2.63
Timor-Leste,,2025,1.592
Timor-Leste,,2024,1.523
Timor-Leste,,2023,1.525
Timor-Leste,,2022,1.537
Timor-Leste,,2021,2.344
Timor-Leste,,2020,2.808
Timor-Leste,,2019,3.148
Timor-Leste,,2018,3.765
Timor-Leste,,2017,4.254
Timor-Leste,,2016,4.657
Timor-Leste,,2015,3.678
Timor-Leste,,2014,3.618
Timor-Leste,,2013,3.57
Timor-Leste,,2012,3.47
Timor-Leste,,2011,3.385
Timor-Leste,,2010,3.301
Timor-Leste,,2009,3.289
Timor-Leste,,2008,3.434
Timor-Leste,,2007,3.523
Timor-Leste,,2006,3.634
Timor-Leste,,2005,3.611
Timor-Leste,,2004,3.668
Timor-Leste,,2003,3.54
Timor-Leste,,2002,3.371
Timor-Leste,,2001,3.386
Timor-Leste,,2000,3.529
Timor-Leste,,1999,3.633
Timor-Leste,,1998,3.5
Timor-Leste,,1997,3.406
Timor-Leste,,1996,3.372
Timor-Leste,,1995,3.348
Timor-Leste,,1994,3.309
Timor-Leste,,1993,3.273
Timor-Leste,,1992,3.36
Timor-Leste,,1991,3.453
Togo,,2025,1.995
Togo,,2024,1.948
Togo,,2023,1.942
Togo,,2022,1.965
Togo,,2021,2.344
Togo,,2020,2.231
Togo,,2019,2.036
Togo,,2018,2.9
Togo,,2017,3.744
Togo,,2016,2.968
Togo,,2015,2.204
Togo,,2014,2.141
Togo,,2013,2.084
Togo,,2012,2.029
Togo,,2011,1.982
Togo,,2010,2.379
Togo,,2009,2.847
Togo,,2008,3.279
Togo,,2007,3.822
Togo,,2006,4.229
Togo,,2005,4.149
Togo,,2004,3.992
Togo,,2003,3.957
Togo,,2002,4.087
Togo,,2001,4.108
Togo,,2000,4.162
Togo,,1999,3.889
Togo,,1998,3.78
Togo,,1997,3.618
Togo,,1996,3.606
Togo,,1995,3.99
Togo,,1994,4.201
Togo,,1993,4.507
Togo,,1992,4.209
Togo,,1991,4.057
Tonga,,2025,2.008
Tonga,,2024,1.965
Tonga,,2023,1.652
Tonga,,2022,2.002
Tonga,,2021,2.111
Tonga,,2020,2.712
Tonga,,2019,2.165
Tonga,,2018,2.248
Tonga,,2017,2.137
Tonga,,2016,2.048
Tonga,,2015,2.022
Tonga,,2014,1.914
Tonga,,2013,1.75
Tonga,,2012,1.638
Tonga,,2011,1.594
Tonga,,2010,1.501
Tonga,,2009,1.419
Tonga,,2008,1.279
Tonga,,2007,1.21
Tonga,,2006,1.09
Tonga,,2005,2.542
Tonga,,2004,3.878
Tonga,,2003,5.18
Tonga,,2002,4.683
Tonga,,2001,4.368
Tonga,,2000,3.966
Tonga,,1999,3.69
Tonga,,1998,3.348
Tonga,,1997,2.877
Tonga,,1996,2.404
Tonga,,1995,1.987
Tonga,,1994,1.688
Tonga,,1993,1.3
Tonga,,1992,1.349
Tonga,,1991,1.348
Trinidad and Tobago,,2025,3.329
Trinidad and Tobago,,2024,3.318
Trinidad and Tobago,,2023,3.361
Trinidad and Tobago,,2022,4.383
Trinidad and Tobago,,2021,4.446
Trinidad and Tobago,,2020,4.206
Trinidad and Tobago,,2019,3.523
Trinidad and Tobago,,2018,3.497
Trinidad and Tobago,,2017,3.389
Trinidad and Tobago,,2016,3.207
Trinidad and Tobago,,2015,2.428
Trinidad and Tobago,,2014,2.477
Trinidad and Tobago,,2013,2.683
Trinidad and Tobago,,2012,3.718
Trinidad and Tobago,,2011,3.425
Trinidad and Tobago,,2010,4.033
Trinidad and Tobago,,2009,5.28
Trinidad and Tobago,,2008,4.63
Trinidad and Tobago,,2007,5.54
Trinidad and Tobago,,2006,6.27
Trinidad and Tobago,,2005,7.95
Trinidad and Tobago,,2004,8.33
Trinidad and Tobago,,2003,10.48
Trinidad and Tobago,,2002,10.39
Trinidad and Tobago,,2001,10.88
Trinidad and Tobago,,2000,12.1
Trinidad and Tobago,,1999,13.12
Trinidad and Tobago,,1998,14.21
Trinidad and Tobago,,1997,15.01
Trinidad and Tobago,,1996,16.25
Trinidad and Tobago,,1995,17.22
Trinidad and Tobago,,1994,18.44
Trinidad and Tobago,,1993,19.81
Trinidad and Tobago,,1992,19.66
Trinidad and Tobago,,1991,18.52
Tunisia,,2025,15.108
Tunisia,,2024,15.341
Tunisia,,2023,15.106
Tunisia,,2022,15.3
Tunisia,,2021,16.632
Tunisia,,2020,17.651
Tunisia,,2019,17.153
Tunisia,,2018,15.459
Tunisia,,2017,15.33
Tunisia,,2016,15.557
Tunisia,,2015,15.159
Tunisia,,2014,14.259
Tunisia,,2013,15.934
Tunisia,,2012,17.63
Tunisia,,2011,18.334
Tunisia,,2010,13.049
Tunisia,,2009,13.29
Tunisia,,2008,12.444
Tunisia,,2007,12.365
Tunisia,,2006,12.51
Tunisia,,2005,12.872
Tunisia,,2004,14.23
Tunisia,,2003,14.51
Tunisia,,2002,14.55
Tunisia,,2001,14.4
Tunisia,,2000,14.94
Tunisia,,1999,15.21
Tunisia,,1998,15.473
Tunisia,,1997,15.94
Tunisia,,1996,16.061
Tunisia,,1995,16.348
Tunisia,,1994,16.006
Tunisia,,1993,15.948
Tunisia,,1992,15.598
Tunisia,,1991,15.935
Turkey,,2025,8.52
Turkey,,2024,8.8
Turkey,,2023,9.388
Turkey,,2022,10.465
Turkey,,2021,11.969
Turkey,,2020,13.148
Turkey,,2019,13.73
Turkey,,2018,10.956
Turkey,,2017,10.919
Turkey,,2016,10.899
Turkey,,2015,10.304
Turkey,,2014,9.901
Turkey,,2013,9.713
Turkey,,2012,9.21
Turkey,,2011,9.789
Turkey,,2010,11.879
Turkey,,2009,14.026
Turkey,,2008,10.965
Turkey,,2007,10.285
Turkey,,2006,10.227
Turkey,,2005,10.636
Turkey,,2004,10.838
Turkey,,2003,10.542
Turkey,,2002,10.358
Turkey,,2001,8.381
Turkey,,2000,6.495
Turkey,,1999,7.687
Turkey,,1998,6.888
Turkey,,1997,6.841
Turkey,,1996,6.629
Turkey,,1995,7.644
Turkey,,1994,8.577
Turkey,,1993,8.962
Turkey,,1992,8.509
Turkey,,1991,8.21
Turkmenistan,,2025,4.267
Turkmenistan,,2024,4.02
Turkmenistan,,2023,4.007
Turkmenistan,,2022,4.017
Turkmenistan,,2021,4.458
Turkmenistan,,2020,4.489
Turkmenistan,,2019,4.035
Turkmenistan,,2018,4.036
Turkmenistan,,2017,4.035
Turkmenistan,,2016,4.026
Turkmenistan,,2015,4.016
Turkmenistan,,2014,4.005
Turkmenistan,,2013,3.993
Turkmenistan,,2012,3.994
Turkmenistan,,2011,4.003
Turkmenistan,,2010,4.0
Turkmenistan,,2009,4.0
Turkmenistan,,2008,4.852
Turkmenistan,,2007,5.719
Turkmenistan,,2006,6.601
Turkmenistan,,2005,7.495
Turkmenistan,,2004,8.419
Turkmenistan,,2003,9.289
Turkmenistan,,2002,10.141
Turkmenistan,,2001,10.898
Turkmenistan,,2000,11.73
Turkmenistan,,1999,12.7
Turkmenistan,,1998,12.2
Turkmenistan,,1997,11.0
Turkmenistan,,1996,10.3
Turkmenistan,,1995,8.3
Turkmenistan,,1994,4.7
Turkmenistan,,1993,1.5
Turkmenistan,,1992,1.5
Turkmenistan,,1991,1.4
Uganda,,2025,2.746
Uganda,,2024,2.74
Uganda,,2023,2.754
Uganda,,2022,2.885
Uganda,,2021,3.416
Uganda,,2020,3.819
Uganda,,2019,3.057
Uganda,,2018,3.249
Uganda,,2017,3.428
Uganda,,2016,3.002
Uganda,,2015,2.681
Uganda,,2014,2.357
Uganda,,2013,1.91
Uganda,,2012,3.551
Uganda,,2011,3.523
Uganda,,2010,3.623
Uganda,,2009,3.6
Uganda,,2008,3.035
Uganda,,2007,2.667
Uganda,,2006,2.264
Uganda,,2005,1.9
Uganda,,2004,2.699
Uganda,,2003,3.6
Uganda,,2002,3.5
Uganda,,2001,3.522
Uganda,,2000,3.531
Uganda,,1999,3.46
Uganda,,1998,3.424
Uganda,,1997,3.209
Uganda,,1996,3.169
Uganda,,1995,3.193
Uganda,,1994,3.458
Uganda,,1993,3.487
Uganda,,1992,3.553
Uganda,,1991,3.448
Ukraine,,2021,9.834
Ukraine,,2020,9.475
Ukraine,,2019,8.194
Ukraine,,2018,8.799
Ukraine,,2017,9.5
Ukraine,,2016,9.35
Ukraine,,2015,9.14
Ukraine,,2014,9.27
Ukraine,,2013,7.17
Ukraine,,2012,7.529
Ukraine,,2011,7.851
Ukraine,,2010,8.1
Ukraine,,2009,8.84
Ukraine,,2008,6.363
Ukraine,,2007,6.351
Ukraine,,2006,6.81
Ukraine,,2005,7.18
Ukraine,,2004,8.59
Ukraine,,2003,9.057
Ukraine,,2002,10.136
Ukraine,,2001,11.061
Ukraine,,2000,11.707
Ukraine,,1999,11.864
Ukraine,,1998,11.32
Ukraine,,1997,8.93
Ukraine,,1996,7.65
Ukraine,,1995,5.62
Ukraine,,1994,2.0
Ukraine,,1993,2.0
Ukraine,,1992,1.9
Ukraine,,1991,1.9
United Arab Emirates,,2025,2.174
United Arab Emirates,,2024,2.16
United Arab Emirates,,2023,2.151
United Arab Emirates,,2022,2.872
United Arab Emirates,,2021,3.105
United Arab Emirates,,2020,4.294
United Arab Emirates,,2019,2.331
United Arab Emirates,,2018,2.236
United Arab Emirates,,2017,2.462
United Arab Emirates,,2016,1.64
United Arab Emirates,,2015,1.793
United Arab Emirates,,2014,1.999
United Arab Emirates,,2013,2.125
United Arab Emirates,,2012,2.323
United Arab Emirates,,2011,2.587
United Arab Emirates,,2010,2.798
United Arab Emirates,,2009,2.932
United Arab Emirates,,2008,2.818
United Arab Emirates,,2007,2.934
United Arab Emirates,,2006,2.964
United Arab Emirates,,2005,3.12
United Arab Emirates,,2004,2.965
United Arab Emirates,,2003,2.903
United Arab Emirates,,2002,2.659
United Arab Emirates,,2001,2.443
United Arab Emirates,,2000,2.25
United Arab Emirates,,1999,2.195
United Arab Emirates,,1998,2.068
United Arab Emirates,,1997,1.906
United Arab Emirates,,1996,1.836
United Arab Emirates,,1995,1.8
United Arab Emirates,,1994,1.834
United Arab Emirates,,1993,1.901
United Arab Emirates,,1992,1.715
United Arab Emirates,,1991,1.629
United Kingdom,,2025,4.746
United Kingdom,,2024,4.361
United Kingdom,,2023,4.025
United Kingdom,,2022,3.768
United Kingdom,,2021,4.864
United Kingdom,,2020,4.472
United Kingdom,,2019,3.657
United Kingdom,,2018,4.145
United Kingdom,,2017,4.501
United Kingdom,,2016,4.909
United Kingdom,,2015,5.552
United Kingdom,,2014,6.398
United Kingdom,,2013,7.752
United Kingdom,,2012,8.279
United Kingdom,,2011,8.195
United Kingdom,,2010,7.973
United Kingdom,,2009,7.683
United Kingdom,,2008,5.748
United Kingdom,,2007,5.399
United Kingdom,,2006,5.472
United Kingdom,,2005,4.884
United Kingdom,,2004,4.594
United Kingdom,,2003,4.807
United Kingdom,,2002,5.037
United Kingdom,,2001,4.696
United Kingdom,,2000,5.558
United Kingdom,,1999,6.042
United Kingdom,,1998,6.198
United Kingdom,,1997,7.072
United Kingdom,,1996,8.189
United Kingdom,,1995,8.694
United Kingdom,,1994,9.648
United Kingdom,,1993,10.346
United Kingdom,,1992,9.772
United Kingdom,,1991,8.55
United States,,2025,4.198
United States,,2024,4.022
United States,,2023,3.638
United States,,2022,3.65
United States,,2021,5.349
United States,,2020,8.055
United States,,2019,3.669
United States,,2018,3.896
United States,,2017,4.355
United States,,2016,4.869
United States,,2015,5.28
United States,,2014,6.168
United States,,2013,7.375
United States,,2012,8.069
United States,,2011,8.949
United States,,2010,9.633
United States,,2009,9.254
United States,,2008,5.784
United States,,2007,4.622
United States,,2006,4.623
United States,,2005,5.084
United States,,2004,5.529
United States,,2003,5.989
United States,,2002,5.783
United States,,2001,4.731
United States,,2000,3.992
United States,,1999,4.219
United States,,1998,4.511
United States,,1997,5.0
United States,,1996,5.451
United States,,1995,5.65
United States,,1994,6.119
United States,,1993,6.9
United States,,1992,7.5
United States,,1991,6.8
Uruguay,,2025,7.516
Uruguay,,2024,8.209
Uruguay,,2023,8.355
Uruguay,,2022,7.877
Uruguay,,2021,9.328
Uruguay,,2020,10.413
Uruguay,,2019,8.836
Uruguay,,2018,8.336
Uruguay,,2017,7.89
Uruguay,,2016,7.841
Uruguay,,2015,7.488
Uruguay,,2014,6.547
Uruguay,,2013,6.444
Uruguay,,2012,6.451
Uruguay,,2011,6.307
Uruguay,,2010,7.158
Uruguay,,2009,7.74
Uruguay,,2008,8.025
Uruguay,,2007,9.403
Uruguay,,2006,10.844
Uruguay,,2005,12.009
Uruguay,,2004,12.98
Uruguay,,2003,16.661
Uruguay,,2002,16.648
Uruguay,,2001,15.052
Uruguay,,2000,12.627
Uruguay,,1999,10.466
Uruguay,,1998,9.362
Uruguay,,1997,11.44
Uruguay,,1996,11.93
Uruguay,,1995,10.02
Uruguay,,1994,9.04
Uruguay,,1993,8.35
Uruguay,,1992,8.96
Uruguay,,1991,8.95
Uzbekistan,,2025,4.622
Uzbekistan,,2024,4.439
Uzbekistan,,2023,4.434
Uzbekistan,,2022,4.456
Uzbekistan,,2021,5.364
Uzbekistan,,2020,5.293
Uzbekistan,,2019,4.936
Uzbekistan,,2018,5.392
Uzbekistan,,2017,5.83
Uzbekistan,,2016,5.16
Uzbekistan,,2015,5.15
Uzbekistan,,2014,5.09
Uzbekistan,,2013,4.86
Uzbekistan,,2012,4.87
Uzbekistan,,2011,4.96
Uzbekistan,,2010,5.36
Uzbekistan,,2009,5.04
Uzbekistan,,2008,4.89
Uzbekistan,,2007,4.99
Uzbekistan,,2006,6.035
Uzbekistan,,2005,7.092
Uzbekistan,,2004,8.152
Uzbekistan,,2003,9.22
Uzbekistan,,2002,10.256
Uzbekistan,,2001,11.279
Uzbekistan,,2000,12.301
Uzbekistan,,1999,13.3
Uzbekistan,,1998,13.3
Uzbekistan,,1997,10.9
Uzbekistan,,1996,10.7
Uzbekistan,,1995,7.8
Uzbekistan,,1994,7.3
Uzbekistan,,1993,4.9
Uzbekistan,,1992,2.9
Uzbekistan,,1991,1.9
Vanuatu,,2025,5.073
Vanuatu,,2024,4.988
Vanuatu,,2023,5.011
Vanuatu,,2022,5.077
Vanuatu,,2021,4.776
Vanuatu,,2020,4.046
Vanuatu,,2019,5.444
Vanuatu,,2018,5.353
Vanuatu,,2017,5.247
Vanuatu,,2016,5.197
Vanuatu,,2015,5.168
Vanuatu,,2014,5.137
Vanuatu,,2013,5.038
Vanuatu,,2012,4.936
Vanuatu,,2011,4.811
Vanuatu,,2010,4.681
Vanuatu,,2009,4.565
Vanuatu,,2008,5.663
Vanuatu,,2007,6.855
Vanuatu,,2006,8.006
Vanuatu,,2005,8.121
Vanuatu,,2004,8.432
Vanuatu,,2003,8.659
Vanuatu,,2002,8.598
Vanuatu,,2001,8.415
Vanuatu,,2000,8.266
Vanuatu,,1999,8.29
Vanuatu,,1998,8.223
Vanuatu,,1997,8.221
Vanuatu,,1996,8.091
Vanuatu,,1995,8.134
Vanuatu,,1994,8.083
Vanuatu,,1993,8.262
Vanuatu,,1992,7.945
Vanuatu,,1991,7.976
Venezuela,,2025,5.307
Venezuela,,2024,5.321
Venezuela,,2023,5.407
Venezuela,,2022,5.646
Venezuela,,2021,7.027
Venezuela,,2020,7.53
Venezuela,,2019,5.89
Venezuela,,2018,5.468
Venezuela,,2017,5.045
Venezuela,,2016,5.319
Venezuela,,2015,6.139
Venezuela,,2014,6.821
Venezuela,,2013,7.54
Venezuela,,2012,6.601
Venezuela,,2011,6.902
Venezuela,,2010,7.112
Venezuela,,2009,6.097
Venezuela,,2008,6.245
Venezuela,,2007,7.279
Venezuela,,2006,8.606
Venezuela,,2005,10.663
Venezuela,,2004,15.07
Venezuela,,2003,16.78
Venezuela,,2002,16.17
Venezuela,,2001,13.04
Venezuela,,2000,13.99
Venezuela,,1999,14.53
Venezuela,,1998,11.15
Venezuela,,1997,11.16
Venezuela,,1996,11.77
Venezuela,,1995,10.24
Venezuela,,1994,8.56
Venezuela,,1993,6.6
Venezuela,,1992,7.69
Venezuela,,1991,9.45
Vietnam,,2025,1.523
Vietnam,,2024,1.602
Vietnam,,2023,1.645
Vietnam,,2022,1.57
Vietnam,,2021,2.383
Vietnam,,2020,2.103
Vietnam,,2019,1.681
Vietnam,,2018,1.161
Vietnam,,2017,1.874
Vietnam,,2016,1.848
Vietnam,,2015,1.848
Vietnam,,2014,1.256
Vietnam,,2013,1.316
Vietnam,,2012,1.027
Vietnam,,2011,0.999
Vietnam,,2010,1.114
Vietnam,,2009,1.737
Vietnam,,2008,1.889
Vietnam,,2007,2.026
Vietnam,,2006,2.046
Vietnam,,2005,2.078
Vietnam,,2004,2.14
Vietnam,,2003,2.25
Vietnam,,2002,2.12
Vietnam,,2001,2.76
Vietnam,,2000,2.26
Vietnam,,1999,2.33
Vietnam,,1998,2.29
Vietnam,,1997,2.87
Vietnam,,1996,1.93
Vietnam,,1995,1.955
Vietnam,,1994,1.972
Vietnam,,1993,2.037
Vietnam,,1992,2.109
Vietnam,,1991,2.14
Palestine,,2022,24.42
Palestine,,2021,26.39
Palestine,,2020,25.895
Palestine,,2019,25.34
Palestine,,2018,26.256
Palestine,,2017,25.677
Palestine,,2016,23.939
Palestine,,2015,23.005
Palestine,,2014,20.526
Palestine,,2013,19.894
Palestine,,2012,19.202
Palestine,,2011,17.597
Palestine,,2010,21.416
Palestine,,2009,20.452
Palestine,,2008,22.913
Palestine,,2007,18.282
Palestine,,2006,19.014
Palestine,,2005,20.016
Palestine,,2004,23.215
Palestine,,2003,23.004
Palestine,,2002,27.465
Palestine,,2001,21.493
Palestine,,2000,10.625
Palestine,,1999,10.382
Palestine,,1998,10.451
Palestine,,1997,10.522
Palestine,,1996,10.726
Palestine,,1995,10.714
Palestine,,1994,10.778
Palestine,,1993,10.705
Palestine,,1992,10.692
Palestine,,1991,10.666
Yemen,,2025,17.322
Yemen,,2024,16.97
Yemen,,2023,16.944
Yemen,,2022,17.224
Yemen,,2021,18.312
Yemen,,2020,17.963
Yemen,,2019,17.213
Yemen,,2018,17.593
Yemen,,2017,18.611
Yemen,,2016,18.42
Yemen,,2015,17.9
Yemen,,2014,13.467
Yemen,,2013,13.673
Yemen,,2012,13.473
Yemen,,2011,13.311
Yemen,,2010,12.777
Yemen,,2009,12.762
Yemen,,2008,12.656
Yemen,,2007,12.486
Yemen,,2006,12.349
Yemen,,2005,12.213
Yemen,,2004,12.131
Yemen,,2003,12.014
Yemen,,2002,11.839
Yemen,,2001,11.724
Yemen,,2000,11.557
Yemen,,1999,11.46
Yemen,,1998,10.828
Yemen,,1997,10.223
Yemen,,1996,9.585
Yemen,,1995,8.988
Yemen,,1994,8.34
Yemen,,1993,8.343
Yemen,,1992,8.351
Yemen,,1991,8.428
Zambia,,2025,5.918
Zambia,,2024,5.898
Zambia,,2023,5.861
Zambia,,2022,5.993
Zambia,,2021,5.197
Zambia,,2020,6.032
Zambia,,2019,5.538
Zambia,,2018,5.032
Zambia,,2017,4.529
Zambia,,2016,5.244
Zambia,,2015,5.951
Zambia,,2014,6.576
Zambia,,2013,7.272
Zambia,,2012,7.85
Zambia,,2011,10.548
Zambia,,2010,13.19
Zambia,,2009,10.583
Zambia,,2008,7.93
Zambia,,2007,10.559
Zambia,,2006,13.229
Zambia,,2005,15.9
Zambia,,2004,15.332
Zambia,,2003,14.704
Zambia,,2002,14.131
Zambia,,2001,13.404
Zambia,,2000,12.93
Zambia,,1999,12.498
Zambia,,1998,12.0
Zambia,,1997,13.273
Zambia,,1996,15.3
Zambia,,1995,16.834
Zambia,,1994,18.689
Zambia,,1993,19.7
Zambia,,1992,19.568
Zambia,,1991,18.9
Zimbabwe,,2025,9.293
Zimbabwe,,2024,9.435
Zimbabwe,,2023,9.348
Zimbabwe,,2022,10.087
Zimbabwe,,2021,9.54
Zimbabwe,,2020,8.617
Zimbabwe,,2019,7.373
Zimbabwe,,2018,6.788
Zimbabwe,,2017,6.35
Zimbabwe,,2016,5.896
Zimbabwe,,2015,5.399
Zimbabwe,,2014,4.774
Zimbabwe,,2013,4.948
Zimbabwe,,2012,5.057
Zimbabwe,,2011,5.368
Zimbabwe,,2010,5.469
Zimbabwe,,2009,5.476
Zimbabwe,,2008,5.401
Zimbabwe,,2007,5.008
Zimbabwe,,2006,4.767
Zimbabwe,,2005,4.632
Zimbabwe,,2004,4.39
Zimbabwe,,2003,4.738
Zimbabwe,,2002,5.005
Zimbabwe,,2001,5.313
Zimbabwe,,2000,5.685
Zimbabwe,,1999,6.0
Zimbabwe,,1998,6.381
Zimbabwe,,1997,6.93
Zimbabwe,,1996,6.151
Zimbabwe,,1995,5.566
Zimbabwe,,1994,4.96
Zimbabwe,,1993,4.993
Zimbabwe,,1992,4.933
Zimbabwe,,1991,4.793
