country,iso2,year,value
Afghanistan,AFG,2000,30.0
Afghanistan,AFG,2001,31.0
Afghanistan,AFG,2002,32.0
Afghanistan,AFG,2003,33.0
Afghanistan,AFG,2004,34.0
Afghanistan,AFG,2005,35.0
Afghanistan,AFG,2006,35.0
Afghanistan,AFG,2007,36.0
Afghanistan,AFG,2008,36.0
Afghanistan,AFG,2009,37.0
Afghanistan,AFG,2010,38.0
Afghanistan,AFG,2011,36.0
Afghanistan,AFG,2012,37.0
Afghanistan,AFG,2013,38.0
Afghanistan,AFG,2014,38.0
Afghanistan,AFG,2015,38.0
Afghanistan,AFG,2016,39.0
Afghanistan,AFG,2017,40.0
Afghanistan,AFG,2018,42.0
Afghanistan,AFG,2019,42.0
Afghanistan,AFG,2020,42.0
Afghanistan,AFG,2021,42.0
Afghanistan,AFG,2022,42.0
Afghanistan,AFG,2023,42.0
Albania,ALB,2000,56.0
Albania,ALB,2001,55.0
Albania,ALB,2002,55.0
Albania,ALB,2003,55.0
Albania,ALB,2004,55.0
Albania,ALB,2005,55.0
Albania,ALB,2006,56.0
Albania,ALB,2007,56.0
Albania,ALB,2008,56.0
Albania,ALB,2009,57.0
Albania,ALB,2010,58.0
Albania,ALB,2011,59.0
Albania,ALB,2012,60.0
Albania,ALB,2013,61.0
Albania,ALB,2014,61.0
Albania,ALB,2015,62.0
Albania,ALB,2016,62.0
Albania,ALB,2017,64.0
Albania,ALB,2018,66.0
Albania,ALB,2019,67.0
Albania,ALB,2020,68.0
Albania,ALB,2021,69.0
Albania,ALB,2022,70.0
Albania,ALB,2023,71.0
Algeria,DZA,2000,68.0
Algeria,DZA,2001,68.0
Algeria,DZA,2002,68.0
Algeria,DZA,2003,68.0
Algeria,DZA,2004,68.0
Algeria,DZA,2005,68.0
Algeria,DZA,2006,68.0
Algeria,DZA,2007,69.0
Algeria,DZA,2008,69.0
Algeria,DZA,2009,70.0
Algeria,DZA,2010,70.0
Algeria,DZA,2011,62.0
Algeria,DZA,2012,65.0
Algeria,DZA,2013,69.0
Algeria,DZA,2014,72.0
Algeria,DZA,2015,72.0
Algeria,DZA,2016,72.0
Algeria,DZA,2017,71.0
Algeria,DZA,2018,70.0
Algeria,DZA,2019,64.0
Algeria,DZA,2020,66.0
Algeria,DZA,2021,69.0
Algeria,DZA,2022,70.0
Algeria,DZA,2023,70.0
Andorra,AND,2000,69.0
Andorra,AND,2001,69.0
Andorra,AND,2002,70.0
Andorra,AND,2003,70.0
Andorra,AND,2004,71.0
Andorra,AND,2005,71.0
Andorra,AND,2006,71.0
Andorra,AND,2007,71.0
Andorra,AND,2008,72.0
Andorra,AND,2009,72.0
Andorra,AND,2010,72.0
Andorra,AND,2011,71.0
Andorra,AND,2012,72.0
Andorra,AND,2013,69.0
Andorra,AND,2014,72.0
Andorra,AND,2015,72.0
Andorra,AND,2016,72.0
Andorra,AND,2017,72.0
Andorra,AND,2018,73.0
Andorra,AND,2019,74.0
Andorra,AND,2020,74.0
Andorra,AND,2021,74.0
Andorra,AND,2022,74.0
Andorra,AND,2023,75.0
Angola,AGO,2000,28.0
Angola,AGO,2001,29.0
Angola,AGO,2002,30.0
Angola,AGO,2003,30.0
Angola,AGO,2004,30.0
Angola,AGO,2005,31.0
Angola,AGO,2006,34.0
Angola,AGO,2007,37.0
Angola,AGO,2008,38.0
Angola,AGO,2009,38.0
Angola,AGO,2010,38.0
Angola,AGO,2011,39.0
Angola,AGO,2012,37.0
Angola,AGO,2013,37.0
Angola,AGO,2014,37.0
Angola,AGO,2015,39.0
Angola,AGO,2016,40.0
Angola,AGO,2017,42.0
Angola,AGO,2018,41.0
Angola,AGO,2019,45.0
Angola,AGO,2020,43.0
Angola,AGO,2021,38.0
Angola,AGO,2022,45.0
Angola,AGO,2023,44.0
Antigua and Barbuda,ATG,2000,76.0
Antigua and Barbuda,ATG,2001,76.0
Antigua and Barbuda,ATG,2002,76.0
Antigua and Barbuda,ATG,2003,77.0
Antigua and Barbuda,ATG,2004,77.0
Antigua and Barbuda,ATG,2005,78.0
Antigua and Barbuda,ATG,2006,78.0
Antigua and Barbuda,ATG,2007,78.0
Antigua and Barbuda,ATG,2008,77.0
Antigua and Barbuda,ATG,2009,79.0
Antigua and Barbuda,ATG,2010,79.0
Antigua and Barbuda,ATG,2011,79.0
Antigua and Barbuda,ATG,2012,81.0
Antigua and Barbuda,ATG,2013,82.0
Antigua and Barbuda,ATG,2014,83.0
Antigua and Barbuda,ATG,2015,83.0
Antigua and Barbuda,ATG,2016,83.0
Antigua and Barbuda,ATG,2017,82.0
Antigua and Barbuda,ATG,2018,79.0
Antigua and Barbuda,ATG,2019,79.0
Antigua and Barbuda,ATG,2020,80.0
Antigua and Barbuda,ATG,2021,80.0
Antigua and Barbuda,ATG,2022,81.0
Antigua and Barbuda,ATG,2023,81.0
Argentina,ARG,2000,74.0
Argentina,ARG,2001,74.0
Argentina,ARG,2002,75.0
Argentina,ARG,2003,76.0
Argentina,ARG,2004,76.0
Argentina,ARG,2005,77.0
Argentina,ARG,2006,77.0
Argentina,ARG,2007,77.0
Argentina,ARG,2008,78.0
Argentina,ARG,2009,78.0
Argentina,ARG,2010,78.0
Argentina,ARG,2011,78.0
Argentina,ARG,2012,79.0
Argentina,ARG,2013,80.0
Argentina,ARG,2014,80.0
Argentina,ARG,2015,81.0
Argentina,ARG,2016,81.0
Argentina,ARG,2017,80.0
Argentina,ARG,2018,79.0
Argentina,ARG,2019,79.0
Argentina,ARG,2020,79.0
Argentina,ARG,2021,80.0
Argentina,ARG,2022,80.0
Argentina,ARG,2023,80.0
Armenia,ARM,2000,57.0
Armenia,ARM,2001,58.0
Armenia,ARM,2002,58.0
Armenia,ARM,2003,59.0
Armenia,ARM,2004,59.0
Armenia,ARM,2005,59.0
Armenia,ARM,2006,61.0
Armenia,ARM,2007,62.0
Armenia,ARM,2008,63.0
Armenia,ARM,2009,64.0
Armenia,ARM,2010,65.0
Armenia,ARM,2011,66.0
Armenia,ARM,2012,68.0
Armenia,ARM,2013,69.0
Armenia,ARM,2014,70.0
Armenia,ARM,2015,70.0
Armenia,ARM,2016,71.0
Armenia,ARM,2017,71.0
Armenia,ARM,2018,70.0
Armenia,ARM,2019,71.0
Armenia,ARM,2020,71.0
Armenia,ARM,2021,71.0
Armenia,ARM,2022,71.0
Armenia,ARM,2023,69.0
Australia,AUS,2000,84.0
Australia,AUS,2001,85.0
Australia,AUS,2002,85.0
Australia,AUS,2003,86.0
Australia,AUS,2004,86.0
Australia,AUS,2005,86.0
Australia,AUS,2006,86.0
Australia,AUS,2007,87.0
Australia,AUS,2008,87.0
Australia,AUS,2009,87.0
Australia,AUS,2010,88.0
Australia,AUS,2011,88.0
Australia,AUS,2012,89.0
Australia,AUS,2013,89.0
Australia,AUS,2014,89.0
Australia,AUS,2015,89.0
Australia,AUS,2016,89.0
Australia,AUS,2017,89.0
Australia,AUS,2018,89.0
Australia,AUS,2019,89.0
Australia,AUS,2020,89.0
Australia,AUS,2021,89.0
Australia,AUS,2022,89.0
Australia,AUS,2023,89.0
Austria,AUT,2000,71.0
Austria,AUT,2001,72.0
Austria,AUT,2002,73.0
Austria,AUT,2003,74.0
Austria,AUT,2004,75.0
Austria,AUT,2005,76.0
Austria,AUT,2006,77.0
Austria,AUT,2007,78.0
Austria,AUT,2008,79.0
Austria,AUT,2009,79.0
Austria,AUT,2010,80.0
Austria,AUT,2011,81.0
Austria,AUT,2012,82.0
Austria,AUT,2013,82.0
Austria,AUT,2014,83.0
Austria,AUT,2015,83.0
Austria,AUT,2016,83.0
Austria,AUT,2017,82.0
Austria,AUT,2018,81.0
Austria,AUT,2019,82.0
Austria,AUT,2020,83.0
Austria,AUT,2021,84.0
Austria,AUT,2022,84.0
Austria,AUT,2023,84.0
Azerbaijan,AZE,2000,54.0
Azerbaijan,AZE,2001,54.0
Azerbaijan,AZE,2002,54.0
Azerbaijan,AZE,2003,54.0
Azerbaijan,AZE,2004,55.0
Azerbaijan,AZE,2005,55.0
Azerbaijan,AZE,2006,56.0
Azerbaijan,AZE,2007,57.0
Azerbaijan,AZE,2008,57.0
Azerbaijan,AZE,2009,58.0
Azerbaijan,AZE,2010,58.0
Azerbaijan,AZE,2011,61.0
Azerbaijan,AZE,2012,62.0
Azerbaijan,AZE,2013,63.0
Azerbaijan,AZE,2014,63.0
Azerbaijan,AZE,2015,64.0
Azerbaijan,AZE,2016,65.0
Azerbaijan,AZE,2017,65.0
Azerbaijan,AZE,2018,65.0
Azerbaijan,AZE,2019,66.0
Azerbaijan,AZE,2020,67.0
Azerbaijan,AZE,2021,67.0
Azerbaijan,AZE,2022,67.0
Azerbaijan,AZE,2023,67.0
Bahamas,BHS,2000,79.0
Bahamas,BHS,2001,79.0
Bahamas,BHS,2002,79.0
Bahamas,BHS,2003,80.0
Bahamas,BHS,2004,80.0
Bahamas,BHS,2005,80.0
Bahamas,BHS,2006,80.0
Bahamas,BHS,2007,80.0
Bahamas,BHS,2008,80.0
Bahamas,BHS,2009,80.0
Bahamas,BHS,2010,80.0
Bahamas,BHS,2011,80.0
Bahamas,BHS,2012,80.0
Bahamas,BHS,2013,80.0
Bahamas,BHS,2014,80.0
Bahamas,BHS,2015,80.0
Bahamas,BHS,2016,82.0
Bahamas,BHS,2017,81.0
Bahamas,BHS,2018,79.0
Bahamas,BHS,2019,80.0
Bahamas,BHS,2020,81.0
Bahamas,BHS,2021,80.0
Bahamas,BHS,2022,80.0
Bahamas,BHS,2023,80.0
Bahrain,BHR,2000,74.0
Bahrain,BHR,2001,75.0
Bahrain,BHR,2002,75.0
Bahrain,BHR,2003,75.0
Bahrain,BHR,2004,75.0
Bahrain,BHR,2005,75.0
Bahrain,BHR,2006,75.0
Bahrain,BHR,2007,75.0
Bahrain,BHR,2008,75.0
Bahrain,BHR,2009,75.0
Bahrain,BHR,2010,75.0
Bahrain,BHR,2011,77.0
Bahrain,BHR,2012,78.0
Bahrain,BHR,2013,78.0
Bahrain,BHR,2014,79.0
Bahrain,BHR,2015,79.0
Bahrain,BHR,2016,78.0
Bahrain,BHR,2017,78.0
Bahrain,BHR,2018,77.0
Bahrain,BHR,2019,76.0
Bahrain,BHR,2020,78.0
Bahrain,BHR,2021,78.0
Bahrain,BHR,2022,78.0
Bahrain,BHR,2023,78.0
Bangladesh,BGD,2000,24.0
Bangladesh,BGD,2001,25.0
Bangladesh,BGD,2002,26.0
Bangladesh,BGD,2003,27.0
Bangladesh,BGD,2004,28.0
Bangladesh,BGD,2005,30.0
Bangladesh,BGD,2006,31.0
Bangladesh,BGD,2007,33.0
Bangladesh,BGD,2008,34.0
Bangladesh,BGD,2009,36.0
Bangladesh,BGD,2010,37.0
Bangladesh,BGD,2011,38.0
Bangladesh,BGD,2012,40.0
Bangladesh,BGD,2013,41.0
Bangladesh,BGD,2014,43.0
Bangladesh,BGD,2015,45.0
Bangladesh,BGD,2016,46.0
Bangladesh,BGD,2017,47.0
Bangladesh,BGD,2018,47.0
Bangladesh,BGD,2019,50.0
Bangladesh,BGD,2020,52.0
Bangladesh,BGD,2021,52.0
Bangladesh,BGD,2022,54.0
Bangladesh,BGD,2023,54.0
Barbados,BRB,2000,77.0
Barbados,BRB,2001,77.0
Barbados,BRB,2002,77.0
Barbados,BRB,2003,78.0
Barbados,BRB,2004,78.0
Barbados,BRB,2005,78.0
Barbados,BRB,2006,79.0
Barbados,BRB,2007,79.0
Barbados,BRB,2008,79.0
Barbados,BRB,2009,79.0
Barbados,BRB,2010,79.0
Barbados,BRB,2011,81.0
Barbados,BRB,2012,81.0
Barbados,BRB,2013,82.0
Barbados,BRB,2014,81.0
Barbados,BRB,2015,83.0
Barbados,BRB,2016,83.0
Barbados,BRB,2017,83.0
Barbados,BRB,2018,82.0
Barbados,BRB,2019,82.0
Barbados,BRB,2020,80.0
Barbados,BRB,2021,81.0
Barbados,BRB,2022,82.0
Barbados,BRB,2023,82.0
Belarus,BLR,2000,69.0
Belarus,BLR,2001,69.0
Belarus,BLR,2002,70.0
Belarus,BLR,2003,70.0
Belarus,BLR,2004,71.0
Belarus,BLR,2005,72.0
Belarus,BLR,2006,72.0
Belarus,BLR,2007,73.0
Belarus,BLR,2008,74.0
Belarus,BLR,2009,74.0
Belarus,BLR,2010,75.0
Belarus,BLR,2011,75.0
Belarus,BLR,2012,76.0
Belarus,BLR,2013,77.0
Belarus,BLR,2014,78.0
Belarus,BLR,2015,78.0
Belarus,BLR,2016,79.0
Belarus,BLR,2017,79.0
Belarus,BLR,2018,79.0
Belarus,BLR,2019,80.0
Belarus,BLR,2020,80.0
Belarus,BLR,2021,80.0
Belarus,BLR,2022,80.0
Belarus,BLR,2023,80.0
Belgium,BEL,2000,81.0
Belgium,BEL,2001,82.0
Belgium,BEL,2002,82.0
Belgium,BEL,2003,82.0
Belgium,BEL,2004,82.0
Belgium,BEL,2005,83.0
Belgium,BEL,2006,83.0
Belgium,BEL,2007,83.0
Belgium,BEL,2008,84.0
Belgium,BEL,2009,84.0
Belgium,BEL,2010,84.0
Belgium,BEL,2011,84.0
Belgium,BEL,2012,85.0
Belgium,BEL,2013,85.0
Belgium,BEL,2014,85.0
Belgium,BEL,2015,86.0
Belgium,BEL,2016,86.0
Belgium,BEL,2017,86.0
Belgium,BEL,2018,86.0
Belgium,BEL,2019,86.0
Belgium,BEL,2020,86.0
Belgium,BEL,2021,85.0
Belgium,BEL,2022,85.0
Belgium,BEL,2023,86.0
Belize,BLZ,2000,64.0
Belize,BLZ,2001,65.0
Belize,BLZ,2002,65.0
Belize,BLZ,2003,65.0
Belize,BLZ,2004,65.0
Belize,BLZ,2005,65.0
Belize,BLZ,2006,66.0
Belize,BLZ,2007,66.0
Belize,BLZ,2008,66.0
Belize,BLZ,2009,66.0
Belize,BLZ,2010,67.0
Belize,BLZ,2011,69.0
Belize,BLZ,2012,68.0
Belize,BLZ,2013,69.0
Belize,BLZ,2014,70.0
Belize,BLZ,2015,70.0
Belize,BLZ,2016,69.0
Belize,BLZ,2017,69.0
Belize,BLZ,2018,68.0
Belize,BLZ,2019,68.0
Belize,BLZ,2020,68.0
Belize,BLZ,2021,69.0
Belize,BLZ,2022,70.0
Belize,BLZ,2023,70.0
Benin,BEN,2000,25.0
Benin,BEN,2001,24.0
Benin,BEN,2002,22.0
Benin,BEN,2003,22.0
Benin,BEN,2004,24.0
Benin,BEN,2005,24.0
Benin,BEN,2006,25.0
Benin,BEN,2007,30.0
Benin,BEN,2008,30.0
Benin,BEN,2009,29.0
Benin,BEN,2010,31.0
Benin,BEN,2011,34.0
Benin,BEN,2012,35.0
Benin,BEN,2013,30.0
Benin,BEN,2014,30.0
Benin,BEN,2015,30.0
Benin,BEN,2016,26.0
Benin,BEN,2017,33.0
Benin,BEN,2018,36.0
Benin,BEN,2019,34.0
Benin,BEN,2020,38.0
Benin,BEN,2021,37.0
Benin,BEN,2022,35.0
Benin,BEN,2023,38.0
Bhutan,BTN,2000,46.0
Bhutan,BTN,2001,46.0
Bhutan,BTN,2002,47.0
Bhutan,BTN,2003,48.0
Bhutan,BTN,2004,49.0
Bhutan,BTN,2005,50.0
Bhutan,BTN,2006,51.0
Bhutan,BTN,2007,51.0
Bhutan,BTN,2008,53.0
Bhutan,BTN,2009,54.0
Bhutan,BTN,2010,55.0
Bhutan,BTN,2011,58.0
Bhutan,BTN,2012,58.0
Bhutan,BTN,2013,58.0
Bhutan,BTN,2014,62.0
Bhutan,BTN,2015,63.0
Bhutan,BTN,2016,65.0
Bhutan,BTN,2017,65.0
Bhutan,BTN,2018,65.0
Bhutan,BTN,2019,66.0
Bhutan,BTN,2020,69.0
Bhutan,BTN,2021,68.0
Bhutan,BTN,2022,69.0
Bhutan,BTN,2023,69.0
Bolivia,BOL,2000,45.0
Bolivia,BOL,2001,45.0
Bolivia,BOL,2002,46.0
Bolivia,BOL,2003,47.0
Bolivia,BOL,2004,47.0
Bolivia,BOL,2005,47.0
Bolivia,BOL,2006,46.0
Bolivia,BOL,2007,46.0
Bolivia,BOL,2008,47.0
Bolivia,BOL,2009,49.0
Bolivia,BOL,2010,50.0
Bolivia,BOL,2011,51.0
Bolivia,BOL,2012,56.0
Bolivia,BOL,2013,58.0
Bolivia,BOL,2014,59.0
Bolivia,BOL,2015,61.0
Bolivia,BOL,2016,64.0
Bolivia,BOL,2017,65.0
Bolivia,BOL,2018,65.0
Bolivia,BOL,2019,65.0
Bolivia,BOL,2020,65.0
Bolivia,BOL,2021,66.0
Bolivia,BOL,2022,68.0
Bolivia,BOL,2023,67.0
Bosnia Herzegovina,BIH,2000,54.0
Bosnia Herzegovina,BIH,2001,54.0
Bosnia Herzegovina,BIH,2002,55.0
Bosnia Herzegovina,BIH,2003,55.0
Bosnia Herzegovina,BIH,2004,56.0
Bosnia Herzegovina,BIH,2005,56.0
Bosnia Herzegovina,BIH,2006,57.0
Bosnia Herzegovina,BIH,2007,57.0
Bosnia Herzegovina,BIH,2008,58.0
Bosnia Herzegovina,BIH,2009,58.0
Bosnia Herzegovina,BIH,2010,59.0
Bosnia Herzegovina,BIH,2011,60.0
Bosnia Herzegovina,BIH,2012,61.0
Bosnia Herzegovina,BIH,2013,62.0
Bosnia Herzegovina,BIH,2014,63.0
Bosnia Herzegovina,BIH,2015,63.0
Bosnia Herzegovina,BIH,2016,64.0
Bosnia Herzegovina,BIH,2017,65.0
Bosnia Herzegovina,BIH,2018,62.0
Bosnia Herzegovina,BIH,2019,63.0
Bosnia Herzegovina,BIH,2020,64.0
Bosnia Herzegovina,BIH,2021,64.0
Bosnia Herzegovina,BIH,2022,64.0
Bosnia Herzegovina,BIH,2023,64.0
Botswana,BWA,2000,41.0
Botswana,BWA,2001,43.0
Botswana,BWA,2002,45.0
Botswana,BWA,2003,47.0
Botswana,BWA,2004,50.0
Botswana,BWA,2005,50.0
Botswana,BWA,2006,52.0
Botswana,BWA,2007,53.0
Botswana,BWA,2008,54.0
Botswana,BWA,2009,55.0
Botswana,BWA,2010,56.0
Botswana,BWA,2011,56.0
Botswana,BWA,2012,56.0
Botswana,BWA,2013,56.0
Botswana,BWA,2014,58.0
Botswana,BWA,2015,60.0
Botswana,BWA,2016,60.0
Botswana,BWA,2017,60.0
Botswana,BWA,2018,57.0
Botswana,BWA,2019,58.0
Botswana,BWA,2020,61.0
Botswana,BWA,2021,60.0
Botswana,BWA,2022,61.0
Botswana,BWA,2023,60.0
Brazil,BRA,2000,71.0
Brazil,BRA,2001,70.0
Brazil,BRA,2002,71.0
Brazil,BRA,2003,72.0
Brazil,BRA,2004,73.0
Brazil,BRA,2005,74.0
Brazil,BRA,2006,75.0
Brazil,BRA,2007,75.0
Brazil,BRA,2008,76.0
Brazil,BRA,2009,76.0
Brazil,BRA,2010,77.0
Brazil,BRA,2011,80.0
Brazil,BRA,2012,81.0
Brazil,BRA,2013,81.0
Brazil,BRA,2014,82.0
Brazil,BRA,2015,83.0
Brazil,BRA,2016,83.0
Brazil,BRA,2017,83.0
Brazil,BRA,2018,83.0
Brazil,BRA,2019,83.0
Brazil,BRA,2020,84.0
Brazil,BRA,2021,84.0
Brazil,BRA,2022,83.0
Brazil,BRA,2023,84.0
Brunei,BRN,2000,72.0
Brunei,BRN,2001,74.0
Brunei,BRN,2002,74.0
Brunei,BRN,2003,75.0
Brunei,BRN,2004,75.0
Brunei,BRN,2005,76.0
Brunei,BRN,2006,76.0
Brunei,BRN,2007,77.0
Brunei,BRN,2008,77.0
Brunei,BRN,2009,78.0
Brunei,BRN,2010,78.0
Brunei,BRN,2011,79.0
Brunei,BRN,2012,81.0
Brunei,BRN,2013,83.0
Brunei,BRN,2014,84.0
Brunei,BRN,2015,84.0
Brunei,BRN,2016,83.0
Brunei,BRN,2017,83.0
Brunei,BRN,2018,83.0
Brunei,BRN,2019,83.0
Brunei,BRN,2020,84.0
Brunei,BRN,2021,84.0
Brunei,BRN,2022,84.0
Brunei,BRN,2023,84.0
Bulgaria,BGR,2000,62.0
Bulgaria,BGR,2001,62.0
Bulgaria,BGR,2002,63.0
Bulgaria,BGR,2003,63.0
Bulgaria,BGR,2004,64.0
Bulgaria,BGR,2005,64.0
Bulgaria,BGR,2006,65.0
Bulgaria,BGR,2007,65.0
Bulgaria,BGR,2008,66.0
Bulgaria,BGR,2009,67.0
Bulgaria,BGR,2010,67.0
Bulgaria,BGR,2011,68.0
Bulgaria,BGR,2012,68.0
Bulgaria,BGR,2013,69.0
Bulgaria,BGR,2014,70.0
Bulgaria,BGR,2015,70.0
Bulgaria,BGR,2016,70.0
Bulgaria,BGR,2017,70.0
Bulgaria,BGR,2018,71.0
Bulgaria,BGR,2019,72.0
Bulgaria,BGR,2020,72.0
Bulgaria,BGR,2021,72.0
Bulgaria,BGR,2022,73.0
Bulgaria,BGR,2023,73.0
Burkina Faso,BFA,2000,19.0
Burkina Faso,BFA,2001,18.0
Burkina Faso,BFA,2002,17.0
Burkina Faso,BFA,2003,16.0
Burkina Faso,BFA,2004,16.0
Burkina Faso,BFA,2005,19.0
Burkina Faso,BFA,2006,23.0
Burkina Faso,BFA,2007,24.0
Burkina Faso,BFA,2008,24.0
Burkina Faso,BFA,2009,25.0
Burkina Faso,BFA,2010,32.0
Burkina Faso,BFA,2011,34.0
Burkina Faso,BFA,2012,34.0
Burkina Faso,BFA,2013,38.0
Burkina Faso,BFA,2014,39.0
Burkina Faso,BFA,2015,39.0
Burkina Faso,BFA,2016,41.0
Burkina Faso,BFA,2017,42.0
Burkina Faso,BFA,2018,39.0
Burkina Faso,BFA,2019,40.0
Burkina Faso,BFA,2020,42.0
Burkina Faso,BFA,2021,45.0
Burkina Faso,BFA,2022,48.0
Burkina Faso,BFA,2023,47.0
Burundi,BDI,2000,24.0
Burundi,BDI,2001,25.0
Burundi,BDI,2002,25.0
Burundi,BDI,2003,24.0
Burundi,BDI,2004,23.0
Burundi,BDI,2005,24.0
Burundi,BDI,2006,31.0
Burundi,BDI,2007,37.0
Burundi,BDI,2008,38.0
Burundi,BDI,2009,39.0
Burundi,BDI,2010,40.0
Burundi,BDI,2011,42.0
Burundi,BDI,2012,47.0
Burundi,BDI,2013,45.0
Burundi,BDI,2014,50.0
Burundi,BDI,2015,49.0
Burundi,BDI,2016,47.0
Burundi,BDI,2017,46.0
Burundi,BDI,2018,46.0
Burundi,BDI,2019,49.0
Burundi,BDI,2020,48.0
Burundi,BDI,2021,45.0
Burundi,BDI,2022,48.0
Burundi,BDI,2023,48.0
Cambodia,KHM,2000,26.0
Cambodia,KHM,2001,27.0
Cambodia,KHM,2002,29.0
Cambodia,KHM,2003,31.0
Cambodia,KHM,2004,33.0
Cambodia,KHM,2005,35.0
Cambodia,KHM,2006,37.0
Cambodia,KHM,2007,39.0
Cambodia,KHM,2008,41.0
Cambodia,KHM,2009,43.0
Cambodia,KHM,2010,45.0
Cambodia,KHM,2011,47.0
Cambodia,KHM,2012,49.0
Cambodia,KHM,2013,49.0
Cambodia,KHM,2014,51.0
Cambodia,KHM,2015,52.0
Cambodia,KHM,2016,55.0
Cambodia,KHM,2017,57.0
Cambodia,KHM,2018,56.0
Cambodia,KHM,2019,57.0
Cambodia,KHM,2020,57.0
Cambodia,KHM,2021,59.0
Cambodia,KHM,2022,60.0
Cambodia,KHM,2023,62.0
Cameroon,CMR,2000,32.0
Cameroon,CMR,2001,31.0
Cameroon,CMR,2002,30.0
Cameroon,CMR,2003,29.0
Cameroon,CMR,2004,29.0
Cameroon,CMR,2005,28.0
Cameroon,CMR,2006,33.0
Cameroon,CMR,2007,34.0
Cameroon,CMR,2008,34.0
Cameroon,CMR,2009,35.0
Cameroon,CMR,2010,35.0
Cameroon,CMR,2011,44.0
Cameroon,CMR,2012,46.0
Cameroon,CMR,2013,46.0
Cameroon,CMR,2014,47.0
Cameroon,CMR,2015,47.0
Cameroon,CMR,2016,47.0
Cameroon,CMR,2017,47.0
Cameroon,CMR,2018,45.0
Cameroon,CMR,2019,46.0
Cameroon,CMR,2020,47.0
Cameroon,CMR,2021,43.0
Cameroon,CMR,2022,47.0
Cameroon,CMR,2023,48.0
Canada,CAN,2000,82.0
Canada,CAN,2001,83.0
Canada,CAN,2002,84.0
Canada,CAN,2003,84.0
Canada,CAN,2004,85.0
Canada,CAN,2005,85.0
Canada,CAN,2006,86.0
Canada,CAN,2007,86.0
Canada,CAN,2008,87.0
Canada,CAN,2009,87.0
Canada,CAN,2010,87.0
Canada,CAN,2011,90.0
Canada,CAN,2012,90.0
Canada,CAN,2013,91.0
Canada,CAN,2014,91.0
Canada,CAN,2015,91.0
Canada,CAN,2016,91.0
Canada,CAN,2017,92.0
Canada,CAN,2018,92.0
Canada,CAN,2019,92.0
Canada,CAN,2020,92.0
Canada,CAN,2021,92.0
Canada,CAN,2022,92.0
Canada,CAN,2023,92.0
Cape Verde,CPV,2000,49.0
Cape Verde,CPV,2001,50.0
Cape Verde,CPV,2002,51.0
Cape Verde,CPV,2003,52.0
Cape Verde,CPV,2004,53.0
Cape Verde,CPV,2005,54.0
Cape Verde,CPV,2006,55.0
Cape Verde,CPV,2007,56.0
Cape Verde,CPV,2008,57.0
Cape Verde,CPV,2009,58.0
Cape Verde,CPV,2010,60.0
Cape Verde,CPV,2011,61.0
Cape Verde,CPV,2012,62.0
Cape Verde,CPV,2013,62.0
Cape Verde,CPV,2014,63.0
Cape Verde,CPV,2015,65.0
Cape Verde,CPV,2016,66.0
Cape Verde,CPV,2017,67.0
Cape Verde,CPV,2018,66.0
Cape Verde,CPV,2019,67.0
Cape Verde,CPV,2020,69.0
Cape Verde,CPV,2021,70.0
Cape Verde,CPV,2022,71.0
Cape Verde,CPV,2023,71.0
Central African Republic,CAF,2000,23.0
Central African Republic,CAF,2001,23.0
Central African Republic,CAF,2002,23.0
Central African Republic,CAF,2003,23.0
Central African Republic,CAF,2004,23.0
Central African Republic,CAF,2005,23.0
Central African Republic,CAF,2006,24.0
Central African Republic,CAF,2007,27.0
Central African Republic,CAF,2008,30.0
Central African Republic,CAF,2009,31.0
Central African Republic,CAF,2010,30.0
Central African Republic,CAF,2011,29.0
Central African Republic,CAF,2012,28.0
Central African Republic,CAF,2013,28.0
Central African Republic,CAF,2014,31.0
Central African Republic,CAF,2015,32.0
Central African Republic,CAF,2016,32.0
Central African Republic,CAF,2017,32.0
Central African Republic,CAF,2018,31.0
Central African Republic,CAF,2019,31.0
Central African Republic,CAF,2020,34.0
Central African Republic,CAF,2021,33.0
Central African Republic,CAF,2022,36.0
Central African Republic,CAF,2023,39.0
Chad,TCD,2000,18.0
Chad,TCD,2001,17.0
Chad,TCD,2002,17.0
Chad,TCD,2003,17.0
Chad,TCD,2004,16.0
Chad,TCD,2005,17.0
Chad,TCD,2006,18.0
Chad,TCD,2007,19.0
Chad,TCD,2008,19.0
Chad,TCD,2009,20.0
Chad,TCD,2010,22.0
Chad,TCD,2011,26.0
Chad,TCD,2012,25.0
Chad,TCD,2013,24.0
Chad,TCD,2014,28.0
Chad,TCD,2015,25.0
Chad,TCD,2016,23.0
Chad,TCD,2017,28.0
Chad,TCD,2018,27.0
Chad,TCD,2019,24.0
Chad,TCD,2020,26.0
Chad,TCD,2021,25.0
Chad,TCD,2022,24.0
Chad,TCD,2023,26.0
Chile,CHL,2000,64.0
Chile,CHL,2001,65.0
Chile,CHL,2002,66.0
Chile,CHL,2003,67.0
Chile,CHL,2004,68.0
Chile,CHL,2005,69.0
Chile,CHL,2006,69.0
Chile,CHL,2007,70.0
Chile,CHL,2008,71.0
Chile,CHL,2009,71.0
Chile,CHL,2010,73.0
Chile,CHL,2011,75.0
Chile,CHL,2012,74.0
Chile,CHL,2013,76.0
Chile,CHL,2014,78.0
Chile,CHL,2015,79.0
Chile,CHL,2016,80.0
Chile,CHL,2017,82.0
Chile,CHL,2018,81.0
Chile,CHL,2019,82.0
Chile,CHL,2020,82.0
Chile,CHL,2021,82.0
Chile,CHL,2022,83.0
Chile,CHL,2023,84.0
China,CHN,2000,64.0
China,CHN,2001,64.0
China,CHN,2002,65.0
China,CHN,2003,66.0
China,CHN,2004,67.0
China,CHN,2005,68.0
China,CHN,2006,69.0
China,CHN,2007,70.0
China,CHN,2008,71.0
China,CHN,2009,72.0
China,CHN,2010,73.0
China,CHN,2011,74.0
China,CHN,2012,75.0
China,CHN,2013,77.0
China,CHN,2014,78.0
China,CHN,2015,79.0
China,CHN,2016,80.0
China,CHN,2017,81.0
China,CHN,2018,81.0
China,CHN,2019,82.0
China,CHN,2020,83.0
China,CHN,2021,84.0
China,CHN,2022,84.0
China,CHN,2023,85.0
Colombia,COL,2000,66.0
Colombia,COL,2001,67.0
Colombia,COL,2002,68.0
Colombia,COL,2003,69.0
Colombia,COL,2004,70.0
Colombia,COL,2005,71.0
Colombia,COL,2006,72.0
Colombia,COL,2007,73.0
Colombia,COL,2008,73.0
Colombia,COL,2009,74.0
Colombia,COL,2010,75.0
Colombia,COL,2011,73.0
Colombia,COL,2012,76.0
Colombia,COL,2013,77.0
Colombia,COL,2014,78.0
Colombia,COL,2015,80.0
Colombia,COL,2016,81.0
Colombia,COL,2017,82.0
Colombia,COL,2018,80.0
Colombia,COL,2019,81.0
Colombia,COL,2020,82.0
Colombia,COL,2021,82.0
Colombia,COL,2022,83.0
Colombia,COL,2023,82.0
Comoros,COM,2000,25.0
Comoros,COM,2001,27.0
Comoros,COM,2002,32.0
Comoros,COM,2003,35.0
Comoros,COM,2004,36.0
Comoros,COM,2005,40.0
Comoros,COM,2006,41.0
Comoros,COM,2007,41.0
Comoros,COM,2008,41.0
Comoros,COM,2009,41.0
Comoros,COM,2010,45.0
Comoros,COM,2011,46.0
Comoros,COM,2012,44.0
Comoros,COM,2013,47.0
Comoros,COM,2014,48.0
Comoros,COM,2015,48.0
Comoros,COM,2016,51.0
Comoros,COM,2017,52.0
Comoros,COM,2018,48.0
Comoros,COM,2019,49.0
Comoros,COM,2020,54.0
Comoros,COM,2021,54.0
Comoros,COM,2022,53.0
Comoros,COM,2023,52.0
Republic of the Congo,COG,2000,25.0
Republic of the Congo,COG,2001,25.0
Republic of the Congo,COG,2002,26.0
Republic of the Congo,COG,2003,26.0
Republic of the Congo,COG,2004,27.0
Republic of the Congo,COG,2005,28.0
Republic of the Congo,COG,2006,30.0
Republic of the Congo,COG,2007,31.0
Republic of the Congo,COG,2008,32.0
Republic of the Congo,COG,2009,31.0
Republic of the Congo,COG,2010,31.0
Republic of the Congo,COG,2011,42.0
Republic of the Congo,COG,2012,47.0
Republic of the Congo,COG,2013,43.0
Republic of the Congo,COG,2014,42.0
Republic of the Congo,COG,2015,41.0
Republic of the Congo,COG,2016,41.0
Republic of the Congo,COG,2017,38.0
Republic of the Congo,COG,2018,40.0
Republic of the Congo,COG,2019,43.0
Republic of the Congo,COG,2020,44.0
Republic of the Congo,COG,2021,45.0
Republic of the Congo,COG,2022,46.0
Republic of the Congo,COG,2023,45.0
Costa Rica,CRI,2000,76.0
Costa Rica,CRI,2001,77.0
Costa Rica,CRI,2002,78.0
Costa Rica,CRI,2003,78.0
Costa Rica,CRI,2004,79.0
Costa Rica,CRI,2005,79.0
Costa Rica,CRI,2006,79.0
Costa Rica,CRI,2007,80.0
Costa Rica,CRI,2008,80.0
Costa Rica,CRI,2009,80.0
Costa Rica,CRI,2010,81.0
Costa Rica,CRI,2011,81.0
Costa Rica,CRI,2012,82.0
Costa Rica,CRI,2013,83.0
Costa Rica,CRI,2014,84.0
Costa Rica,CRI,2015,82.0
Costa Rica,CRI,2016,83.0
Costa Rica,CRI,2017,85.0
Costa Rica,CRI,2018,83.0
Costa Rica,CRI,2019,84.0
Costa Rica,CRI,2020,85.0
Costa Rica,CRI,2021,84.0
Costa Rica,CRI,2022,84.0
Costa Rica,CRI,2023,84.0
Ivory Coast,CIV,2000,26.0
Ivory Coast,CIV,2001,25.0
Ivory Coast,CIV,2002,25.0
Ivory Coast,CIV,2003,24.0
Ivory Coast,CIV,2004,24.0
Ivory Coast,CIV,2005,24.0
Ivory Coast,CIV,2006,26.0
Ivory Coast,CIV,2007,29.0
Ivory Coast,CIV,2008,31.0
Ivory Coast,CIV,2009,31.0
Ivory Coast,CIV,2010,31.0
Ivory Coast,CIV,2011,36.0
Ivory Coast,CIV,2012,37.0
Ivory Coast,CIV,2013,37.0
Ivory Coast,CIV,2014,43.0
Ivory Coast,CIV,2015,44.0
Ivory Coast,CIV,2016,44.0
Ivory Coast,CIV,2017,47.0
Ivory Coast,CIV,2018,46.0
Ivory Coast,CIV,2019,45.0
Ivory Coast,CIV,2020,43.0
Ivory Coast,CIV,2021,46.0
Ivory Coast,CIV,2022,46.0
Ivory Coast,CIV,2023,46.0
Croatia,HRV,2000,69.0
Croatia,HRV,2001,69.0
Croatia,HRV,2002,70.0
Croatia,HRV,2003,70.0
Croatia,HRV,2004,71.0
Croatia,HRV,2005,71.0
Croatia,HRV,2006,72.0
Croatia,HRV,2007,72.0
Croatia,HRV,2008,73.0
Croatia,HRV,2009,73.0
Croatia,HRV,2010,74.0
Croatia,HRV,2011,74.0
Croatia,HRV,2012,74.0
Croatia,HRV,2013,75.0
Croatia,HRV,2014,73.0
Croatia,HRV,2015,73.0
Croatia,HRV,2016,74.0
Croatia,HRV,2017,74.0
Croatia,HRV,2018,75.0
Croatia,HRV,2019,75.0
Croatia,HRV,2020,76.0
Croatia,HRV,2021,76.0
Croatia,HRV,2022,76.0
Croatia,HRV,2023,76.0
Cuba,CUB,2000,74.0
Cuba,CUB,2001,75.0
Cuba,CUB,2002,76.0
Cuba,CUB,2003,76.0
Cuba,CUB,2004,77.0
Cuba,CUB,2005,78.0
Cuba,CUB,2006,79.0
Cuba,CUB,2007,79.0
Cuba,CUB,2008,80.0
Cuba,CUB,2009,81.0
Cuba,CUB,2010,81.0
Cuba,CUB,2011,82.0
Cuba,CUB,2012,83.0
Cuba,CUB,2013,83.0
Cuba,CUB,2014,84.0
Cuba,CUB,2015,84.0
Cuba,CUB,2016,85.0
Cuba,CUB,2017,85.0
Cuba,CUB,2018,85.0
Cuba,CUB,2019,84.0
Cuba,CUB,2020,85.0
Cuba,CUB,2021,86.0
Cuba,CUB,2022,86.0
Cuba,CUB,2023,86.0
Cyprus,CYP,2000,66.0
Cyprus,CYP,2001,67.0
Cyprus,CYP,2002,67.0
Cyprus,CYP,2003,67.0
Cyprus,CYP,2004,68.0
Cyprus,CYP,2005,68.0
Cyprus,CYP,2006,68.0
Cyprus,CYP,2007,69.0
Cyprus,CYP,2008,69.0
Cyprus,CYP,2009,70.0
Cyprus,CYP,2010,70.0
Cyprus,CYP,2011,72.0
Cyprus,CYP,2012,73.0
Cyprus,CYP,2013,74.0
Cyprus,CYP,2014,74.0
Cyprus,CYP,2015,75.0
Cyprus,CYP,2016,77.0
Cyprus,CYP,2017,77.0
Cyprus,CYP,2018,76.0
Cyprus,CYP,2019,76.0
Cyprus,CYP,2020,75.0
Cyprus,CYP,2021,75.0
Cyprus,CYP,2022,76.0
Cyprus,CYP,2023,76.0
Czechia,CZE,2000,77.0
Czechia,CZE,2001,78.0
Czechia,CZE,2002,78.0
Czechia,CZE,2003,79.0
Czechia,CZE,2004,79.0
Czechia,CZE,2005,80.0
Czechia,CZE,2006,80.0
Czechia,CZE,2007,80.0
Czechia,CZE,2008,81.0
Czechia,CZE,2009,81.0
Czechia,CZE,2010,81.0
Czechia,CZE,2011,82.0
Czechia,CZE,2012,82.0
Czechia,CZE,2013,82.0
Czechia,CZE,2014,83.0
Czechia,CZE,2015,83.0
Czechia,CZE,2016,83.0
Czechia,CZE,2017,84.0
Czechia,CZE,2018,81.0
Czechia,CZE,2019,82.0
Czechia,CZE,2020,82.0
Czechia,CZE,2021,83.0
Czechia,CZE,2022,83.0
Czechia,CZE,2023,83.0
Democratic Republic of the Congo,COD,2000,25.0
Democratic Republic of the Congo,COD,2001,24.0
Democratic Republic of the Congo,COD,2002,25.0
Democratic Republic of the Congo,COD,2003,25.0
Democratic Republic of the Congo,COD,2004,25.0
Democratic Republic of the Congo,COD,2005,25.0
Democratic Republic of the Congo,COD,2006,25.0
Democratic Republic of the Congo,COD,2007,26.0
Democratic Republic of the Congo,COD,2008,30.0
Democratic Republic of the Congo,COD,2009,33.0
Democratic Republic of the Congo,COD,2010,33.0
Democratic Republic of the Congo,COD,2011,37.0
Democratic Republic of the Congo,COD,2012,39.0
Democratic Republic of the Congo,COD,2013,39.0
Democratic Republic of the Congo,COD,2014,40.0
Democratic Republic of the Congo,COD,2015,41.0
Democratic Republic of the Congo,COD,2016,40.0
Democratic Republic of the Congo,COD,2017,40.0
Democratic Republic of the Congo,COD,2018,38.0
Democratic Republic of the Congo,COD,2019,39.0
Democratic Republic of the Congo,COD,2020,41.0
Democratic Republic of the Congo,COD,2021,40.0
Democratic Republic of the Congo,COD,2022,42.0
Democratic Republic of the Congo,COD,2023,41.0
Denmark,DNK,2000,74.0
Denmark,DNK,2001,74.0
Denmark,DNK,2002,75.0
Denmark,DNK,2003,76.0
Denmark,DNK,2004,76.0
Denmark,DNK,2005,77.0
Denmark,DNK,2006,77.0
Denmark,DNK,2007,78.0
Denmark,DNK,2008,78.0
Denmark,DNK,2009,79.0
Denmark,DNK,2010,79.0
Denmark,DNK,2011,80.0
Denmark,DNK,2012,81.0
Denmark,DNK,2013,82.0
Denmark,DNK,2014,82.0
Denmark,DNK,2015,83.0
Denmark,DNK,2016,83.0
Denmark,DNK,2017,83.0
Denmark,DNK,2018,84.0
Denmark,DNK,2019,84.0
Denmark,DNK,2020,84.0
Denmark,DNK,2021,85.0
Denmark,DNK,2022,85.0
Denmark,DNK,2023,85.0
Djibouti,DJI,2000,31.0
Djibouti,DJI,2001,31.0
Djibouti,DJI,2002,32.0
Djibouti,DJI,2003,32.0
Djibouti,DJI,2004,31.0
Djibouti,DJI,2005,32.0
Djibouti,DJI,2006,33.0
Djibouti,DJI,2007,35.0
Djibouti,DJI,2008,40.0
Djibouti,DJI,2009,39.0
Djibouti,DJI,2010,39.0
Djibouti,DJI,2011,40.0
Djibouti,DJI,2012,41.0
Djibouti,DJI,2013,42.0
Djibouti,DJI,2014,43.0
Djibouti,DJI,2015,42.0
Djibouti,DJI,2016,42.0
Djibouti,DJI,2017,47.0
Djibouti,DJI,2018,49.0
Djibouti,DJI,2019,50.0
Djibouti,DJI,2020,49.0
Djibouti,DJI,2021,47.0
Djibouti,DJI,2022,48.0
Djibouti,DJI,2023,47.0
Dominica,DMA,2000,68.0
Dominica,DMA,2001,68.0
Dominica,DMA,2002,69.0
Dominica,DMA,2003,69.0
Dominica,DMA,2004,70.0
Dominica,DMA,2005,70.0
Dominica,DMA,2006,71.0
Dominica,DMA,2007,71.0
Dominica,DMA,2008,71.0
Dominica,DMA,2009,72.0
Dominica,DMA,2010,72.0
Dominica,DMA,2011,74.0
Dominica,DMA,2012,75.0
Dominica,DMA,2013,76.0
Dominica,DMA,2014,76.0
Dominica,DMA,2015,76.0
Dominica,DMA,2016,75.0
Dominica,DMA,2017,75.0
Dominica,DMA,2018,76.0
Dominica,DMA,2019,76.0
Dominica,DMA,2020,76.0
Dominica,DMA,2021,75.0
Dominica,DMA,2022,75.0
Dominica,DMA,2023,75.0
Dominican Republic,DOM,2000,68.0
Dominican Republic,DOM,2001,68.0
Dominican Republic,DOM,2002,68.0
Dominican Republic,DOM,2003,68.0
Dominican Republic,DOM,2004,68.0
Dominican Republic,DOM,2005,69.0
Dominican Republic,DOM,2006,69.0
Dominican Republic,DOM,2007,69.0
Dominican Republic,DOM,2008,71.0
Dominican Republic,DOM,2009,71.0
Dominican Republic,DOM,2010,72.0
Dominican Republic,DOM,2011,72.0
Dominican Republic,DOM,2012,73.0
Dominican Republic,DOM,2013,74.0
Dominican Republic,DOM,2014,75.0
Dominican Republic,DOM,2015,75.0
Dominican Republic,DOM,2016,74.0
Dominican Republic,DOM,2017,73.0
Dominican Republic,DOM,2018,72.0
Dominican Republic,DOM,2019,73.0
Dominican Republic,DOM,2020,77.0
Dominican Republic,DOM,2021,78.0
Dominican Republic,DOM,2022,78.0
Dominican Republic,DOM,2023,73.0
Timor-Leste,TLS,2000,30.0
Timor-Leste,TLS,2001,30.0
Timor-Leste,TLS,2002,31.0
Timor-Leste,TLS,2003,32.0
Timor-Leste,TLS,2004,33.0
Timor-Leste,TLS,2005,34.0
Timor-Leste,TLS,2006,34.0
Timor-Leste,TLS,2007,35.0
Timor-Leste,TLS,2008,36.0
Timor-Leste,TLS,2009,37.0
Timor-Leste,TLS,2010,38.0
Timor-Leste,TLS,2011,38.0
Timor-Leste,TLS,2012,40.0
Timor-Leste,TLS,2013,40.0
Timor-Leste,TLS,2014,43.0
Timor-Leste,TLS,2015,43.0
Timor-Leste,TLS,2016,44.0
Timor-Leste,TLS,2017,46.0
Timor-Leste,TLS,2018,44.0
Timor-Leste,TLS,2019,44.0
Timor-Leste,TLS,2020,45.0
Timor-Leste,TLS,2021,47.0
Timor-Leste,TLS,2022,48.0
Timor-Leste,TLS,2023,48.0
Ecuador,ECU,2000,66.0
Ecuador,ECU,2001,66.0
Ecuador,ECU,2002,66.0
Ecuador,ECU,2003,66.0
Ecuador,ECU,2004,67.0
Ecuador,ECU,2005,68.0
Ecuador,ECU,2006,68.0
Ecuador,ECU,2007,69.0
Ecuador,ECU,2008,70.0
Ecuador,ECU,2009,71.0
Ecuador,ECU,2010,71.0
Ecuador,ECU,2011,74.0
Ecuador,ECU,2012,72.0
Ecuador,ECU,2013,73.0
Ecuador,ECU,2014,77.0
Ecuador,ECU,2015,79.0
Ecuador,ECU,2016,79.0
Ecuador,ECU,2017,80.0
Ecuador,ECU,2018,79.0
Ecuador,ECU,2019,79.0
Ecuador,ECU,2020,78.0
Ecuador,ECU,2021,78.0
Ecuador,ECU,2022,78.0
Ecuador,ECU,2023,78.0
Egypt,EGY,2000,73.0
Egypt,EGY,2001,73.0
Egypt,EGY,2002,74.0
Egypt,EGY,2003,74.0
Egypt,EGY,2004,74.0
Egypt,EGY,2005,74.0
Egypt,EGY,2006,75.0
Egypt,EGY,2007,75.0
Egypt,EGY,2008,75.0
Egypt,EGY,2009,75.0
Egypt,EGY,2010,74.0
Egypt,EGY,2011,74.0
Egypt,EGY,2012,73.0
Egypt,EGY,2013,74.0
Egypt,EGY,2014,74.0
Egypt,EGY,2015,73.0
Egypt,EGY,2016,73.0
Egypt,EGY,2017,73.0
Egypt,EGY,2018,72.0
Egypt,EGY,2019,72.0
Egypt,EGY,2020,71.0
Egypt,EGY,2021,71.0
Egypt,EGY,2022,71.0
Egypt,EGY,2023,71.0
El Salvador,SLV,2000,69.0
El Salvador,SLV,2001,69.0
El Salvador,SLV,2002,69.0
El Salvador,SLV,2003,70.0
El Salvador,SLV,2004,71.0
El Salvador,SLV,2005,72.0
El Salvador,SLV,2006,72.0
El Salvador,SLV,2007,73.0
El Salvador,SLV,2008,73.0
El Salvador,SLV,2009,74.0
El Salvador,SLV,2010,75.0
El Salvador,SLV,2011,76.0
El Salvador,SLV,2012,77.0
El Salvador,SLV,2013,79.0
El Salvador,SLV,2014,81.0
El Salvador,SLV,2015,79.0
El Salvador,SLV,2016,80.0
El Salvador,SLV,2017,80.0
El Salvador,SLV,2018,78.0
El Salvador,SLV,2019,79.0
El Salvador,SLV,2020,79.0
El Salvador,SLV,2021,78.0
El Salvador,SLV,2022,79.0
El Salvador,SLV,2023,79.0
Equatorial Guinea,GNQ,2000,24.0
Equatorial Guinea,GNQ,2001,24.0
Equatorial Guinea,GNQ,2002,23.0
Equatorial Guinea,GNQ,2003,23.0
Equatorial Guinea,GNQ,2004,24.0
Equatorial Guinea,GNQ,2005,25.0
Equatorial Guinea,GNQ,2006,27.0
Equatorial Guinea,GNQ,2007,33.0
Equatorial Guinea,GNQ,2008,35.0
Equatorial Guinea,GNQ,2009,35.0
Equatorial Guinea,GNQ,2010,35.0
Equatorial Guinea,GNQ,2011,34.0
Equatorial Guinea,GNQ,2012,41.0
Equatorial Guinea,GNQ,2013,42.0
Equatorial Guinea,GNQ,2014,42.0
Equatorial Guinea,GNQ,2015,44.0
Equatorial Guinea,GNQ,2016,46.0
Equatorial Guinea,GNQ,2017,46.0
Equatorial Guinea,GNQ,2018,47.0
Equatorial Guinea,GNQ,2019,48.0
Equatorial Guinea,GNQ,2020,50.0
Equatorial Guinea,GNQ,2021,50.0
Equatorial Guinea,GNQ,2022,49.0
Equatorial Guinea,GNQ,2023,49.0
Eritrea,ERI,2000,24.0
Eritrea,ERI,2001,25.0
Eritrea,ERI,2002,27.0
Eritrea,ERI,2003,29.0
Eritrea,ERI,2004,31.0
Eritrea,ERI,2005,32.0
Eritrea,ERI,2006,33.0
Eritrea,ERI,2007,35.0
Eritrea,ERI,2008,36.0
Eritrea,ERI,2009,37.0
Eritrea,ERI,2010,37.0
Eritrea,ERI,2011,39.0
Eritrea,ERI,2012,39.0
Eritrea,ERI,2013,39.0
Eritrea,ERI,2014,39.0
Eritrea,ERI,2015,38.0
Eritrea,ERI,2016,38.0
Eritrea,ERI,2017,41.0
Eritrea,ERI,2018,40.0
Eritrea,ERI,2019,41.0
Eritrea,ERI,2020,41.0
Eritrea,ERI,2021,39.0
Eritrea,ERI,2022,40.0
Eritrea,ERI,2023,40.0
Estonia,EST,2000,66.0
Estonia,EST,2001,67.0
Estonia,EST,2002,68.0
Estonia,EST,2003,69.0
Estonia,EST,2004,70.0
Estonia,EST,2005,71.0
Estonia,EST,2006,71.0
Estonia,EST,2007,72.0
Estonia,EST,2008,73.0
Estonia,EST,2009,73.0
Estonia,EST,2010,74.0
Estonia,EST,2011,74.0
Estonia,EST,2012,75.0
Estonia,EST,2013,76.0
Estonia,EST,2014,77.0
Estonia,EST,2015,77.0
Estonia,EST,2016,77.0
Estonia,EST,2017,77.0
Estonia,EST,2018,78.0
Estonia,EST,2019,78.0
Estonia,EST,2020,79.0
Estonia,EST,2021,79.0
Estonia,EST,2022,79.0
Estonia,EST,2023,79.0
Eswatini,SWZ,2000,51.0
Eswatini,SWZ,2001,54.0
Eswatini,SWZ,2002,56.0
Eswatini,SWZ,2003,58.0
Eswatini,SWZ,2004,60.0
Eswatini,SWZ,2005,61.0
Eswatini,SWZ,2006,63.0
Eswatini,SWZ,2007,63.0
Eswatini,SWZ,2008,64.0
Eswatini,SWZ,2009,64.0
Eswatini,SWZ,2010,64.0
Eswatini,SWZ,2011,65.0
Eswatini,SWZ,2012,63.0
Eswatini,SWZ,2013,64.0
Eswatini,SWZ,2014,67.0
Eswatini,SWZ,2015,67.0
Eswatini,SWZ,2016,69.0
Eswatini,SWZ,2017,70.0
Eswatini,SWZ,2018,67.0
Eswatini,SWZ,2019,66.0
Eswatini,SWZ,2020,66.0
Eswatini,SWZ,2021,67.0
Eswatini,SWZ,2022,70.0
Eswatini,SWZ,2023,72.0
Ethiopia,ETH,2000,13.0
Ethiopia,ETH,2001,14.0
Ethiopia,ETH,2002,14.0
Ethiopia,ETH,2003,14.0
Ethiopia,ETH,2004,14.0
Ethiopia,ETH,2005,14.0
Ethiopia,ETH,2006,17.0
Ethiopia,ETH,2007,19.0
Ethiopia,ETH,2008,19.0
Ethiopia,ETH,2009,19.0
Ethiopia,ETH,2010,22.0
Ethiopia,ETH,2011,24.0
Ethiopia,ETH,2012,24.0
Ethiopia,ETH,2013,26.0
Ethiopia,ETH,2014,28.0
Ethiopia,ETH,2015,30.0
Ethiopia,ETH,2016,30.0
Ethiopia,ETH,2017,29.0
Ethiopia,ETH,2018,29.0
Ethiopia,ETH,2019,30.0
Ethiopia,ETH,2020,30.0
Ethiopia,ETH,2021,29.0
Ethiopia,ETH,2022,31.0
Ethiopia,ETH,2023,33.0
Fiji,FJI,2000,60.0
Fiji,FJI,2001,60.0
Fiji,FJI,2002,60.0
Fiji,FJI,2003,61.0
Fiji,FJI,2004,61.0
Fiji,FJI,2005,61.0
Fiji,FJI,2006,61.0
Fiji,FJI,2007,61.0
Fiji,FJI,2008,61.0
Fiji,FJI,2009,62.0
Fiji,FJI,2010,63.0
Fiji,FJI,2011,64.0
Fiji,FJI,2012,66.0
Fiji,FJI,2013,71.0
Fiji,FJI,2014,71.0
Fiji,FJI,2015,71.0
Fiji,FJI,2016,70.0
Fiji,FJI,2017,70.0
Fiji,FJI,2018,69.0
Fiji,FJI,2019,70.0
Fiji,FJI,2020,69.0
Fiji,FJI,2021,69.0
Fiji,FJI,2022,68.0
Fiji,FJI,2023,69.0
Finland,FIN,2000,77.0
Finland,FIN,2001,78.0
Finland,FIN,2002,78.0
Finland,FIN,2003,79.0
Finland,FIN,2004,79.0
Finland,FIN,2005,80.0
Finland,FIN,2006,80.0
Finland,FIN,2007,81.0
Finland,FIN,2008,81.0
Finland,FIN,2009,82.0
Finland,FIN,2010,82.0
Finland,FIN,2011,83.0
Finland,FIN,2012,84.0
Finland,FIN,2013,84.0
Finland,FIN,2014,85.0
Finland,FIN,2015,86.0
Finland,FIN,2016,86.0
Finland,FIN,2017,86.0
Finland,FIN,2018,86.0
Finland,FIN,2019,86.0
Finland,FIN,2020,86.0
Finland,FIN,2021,86.0
Finland,FIN,2022,86.0
Finland,FIN,2023,86.0
France,FRA,2000,78.0
France,FRA,2001,78.0
France,FRA,2002,78.0
France,FRA,2003,79.0
France,FRA,2004,79.0
France,FRA,2005,79.0
France,FRA,2006,79.0
France,FRA,2007,79.0
France,FRA,2008,79.0
France,FRA,2009,79.0
France,FRA,2010,79.0
France,FRA,2011,81.0
France,FRA,2012,81.0
France,FRA,2013,82.0
France,FRA,2014,82.0
France,FRA,2015,82.0
France,FRA,2016,82.0
France,FRA,2017,82.0
France,FRA,2018,81.0
France,FRA,2019,81.0
France,FRA,2020,82.0
France,FRA,2021,82.0
France,FRA,2022,82.0
France,FRA,2023,82.0
Gabon,GAB,2000,38.0
Gabon,GAB,2001,37.0
Gabon,GAB,2002,37.0
Gabon,GAB,2003,38.0
Gabon,GAB,2004,39.0
Gabon,GAB,2005,45.0
Gabon,GAB,2006,51.0
Gabon,GAB,2007,55.0
Gabon,GAB,2008,54.0
Gabon,GAB,2009,52.0
Gabon,GAB,2010,52.0
Gabon,GAB,2011,53.0
Gabon,GAB,2012,54.0
Gabon,GAB,2013,54.0
Gabon,GAB,2014,53.0
Gabon,GAB,2015,52.0
Gabon,GAB,2016,52.0
Gabon,GAB,2017,53.0
Gabon,GAB,2018,51.0
Gabon,GAB,2019,49.0
Gabon,GAB,2020,50.0
Gabon,GAB,2021,48.0
Gabon,GAB,2022,48.0
Gabon,GAB,2023,48.0
Gambia,GMB,2000,38.0
Gambia,GMB,2001,37.0
Gambia,GMB,2002,36.0
Gambia,GMB,2003,34.0
Gambia,GMB,2004,31.0
Gambia,GMB,2005,37.0
Gambia,GMB,2006,43.0
Gambia,GMB,2007,47.0
Gambia,GMB,2008,50.0
Gambia,GMB,2009,50.0
Gambia,GMB,2010,48.0
Gambia,GMB,2011,52.0
Gambia,GMB,2012,54.0
Gambia,GMB,2013,54.0
Gambia,GMB,2014,52.0
Gambia,GMB,2015,51.0
Gambia,GMB,2016,47.0
Gambia,GMB,2017,47.0
Gambia,GMB,2018,48.0
Gambia,GMB,2019,47.0
Gambia,GMB,2020,48.0
Gambia,GMB,2021,49.0
Gambia,GMB,2022,52.0
Gambia,GMB,2023,53.0
Georgia,GEO,2000,63.0
Georgia,GEO,2001,64.0
Georgia,GEO,2002,64.0
Georgia,GEO,2003,64.0
Georgia,GEO,2004,65.0
Georgia,GEO,2005,66.0
Georgia,GEO,2006,66.0
Georgia,GEO,2007,67.0
Georgia,GEO,2008,68.0
Georgia,GEO,2009,68.0
Georgia,GEO,2010,69.0
Georgia,GEO,2011,69.0
Georgia,GEO,2012,69.0
Georgia,GEO,2013,70.0
Georgia,GEO,2014,70.0
Georgia,GEO,2015,70.0
Georgia,GEO,2016,70.0
Georgia,GEO,2017,70.0
Georgia,GEO,2018,69.0
Georgia,GEO,2019,69.0
Georgia,GEO,2020,69.0
Georgia,GEO,2021,70.0
Georgia,GEO,2022,71.0
Georgia,GEO,2023,71.0
Germany,DEU,2000,79.0
Germany,DEU,2001,80.0
Germany,DEU,2002,80.0
Germany,DEU,2003,81.0
Germany,DEU,2004,81.0
Germany,DEU,2005,82.0
Germany,DEU,2006,82.0
Germany,DEU,2007,82.0
Germany,DEU,2008,83.0
Germany,DEU,2009,83.0
Germany,DEU,2010,84.0
Germany,DEU,2011,85.0
Germany,DEU,2012,85.0
Germany,DEU,2013,86.0
Germany,DEU,2014,86.0
Germany,DEU,2015,86.0
Germany,DEU,2016,86.0
Germany,DEU,2017,87.0
Germany,DEU,2018,86.0
Germany,DEU,2019,86.0
Germany,DEU,2020,86.0
Germany,DEU,2021,86.0
Germany,DEU,2022,87.0
Germany,DEU,2023,87.0
Ghana,GHA,2000,28.0
Ghana,GHA,2001,26.0
Ghana,GHA,2002,24.0
Ghana,GHA,2003,24.0
Ghana,GHA,2004,26.0
Ghana,GHA,2005,27.0
Ghana,GHA,2006,31.0
Ghana,GHA,2007,36.0
Ghana,GHA,2008,37.0
Ghana,GHA,2009,37.0
Ghana,GHA,2010,37.0
Ghana,GHA,2011,39.0
Ghana,GHA,2012,44.0
Ghana,GHA,2013,46.0
Ghana,GHA,2014,46.0
Ghana,GHA,2015,49.0
Ghana,GHA,2016,50.0
Ghana,GHA,2017,50.0
Ghana,GHA,2018,53.0
Ghana,GHA,2019,51.0
Ghana,GHA,2020,51.0
Ghana,GHA,2021,54.0
Ghana,GHA,2022,57.0
Ghana,GHA,2023,56.0
Greece,GRC,2000,63.0
Greece,GRC,2001,64.0
Greece,GRC,2002,65.0
Greece,GRC,2003,66.0
Greece,GRC,2004,67.0
Greece,GRC,2005,68.0
Greece,GRC,2006,69.0
Greece,GRC,2007,70.0
Greece,GRC,2008,71.0
Greece,GRC,2009,72.0
Greece,GRC,2010,72.0
Greece,GRC,2011,73.0
Greece,GRC,2012,73.0
Greece,GRC,2013,74.0
Greece,GRC,2014,74.0
Greece,GRC,2015,74.0
Greece,GRC,2016,75.0
Greece,GRC,2017,75.0
Greece,GRC,2018,75.0
Greece,GRC,2019,76.0
Greece,GRC,2020,76.0
Greece,GRC,2021,78.0
Greece,GRC,2022,78.0
Greece,GRC,2023,77.0
Grenada,GRD,2000,73.0
Grenada,GRD,2001,73.0
Grenada,GRD,2002,73.0
Grenada,GRD,2003,74.0
Grenada,GRD,2004,74.0
Grenada,GRD,2005,75.0
Grenada,GRD,2006,75.0
Grenada,GRD,2007,76.0
Grenada,GRD,2008,76.0
Grenada,GRD,2009,76.0
Grenada,GRD,2010,76.0
Grenada,GRD,2011,76.0
Grenada,GRD,2012,75.0
Grenada,GRD,2013,76.0
Grenada,GRD,2014,77.0
Grenada,GRD,2015,77.0
Grenada,GRD,2016,77.0
Grenada,GRD,2017,77.0
Grenada,GRD,2018,78.0
Grenada,GRD,2019,78.0
Grenada,GRD,2020,77.0
Grenada,GRD,2021,76.0
Grenada,GRD,2022,75.0
Grenada,GRD,2023,78.0
Guatemala,GTM,2000,56.0
Guatemala,GTM,2001,56.0
Guatemala,GTM,2002,56.0
Guatemala,GTM,2003,57.0
Guatemala,GTM,2004,57.0
Guatemala,GTM,2005,57.0
Guatemala,GTM,2006,57.0
Guatemala,GTM,2007,57.0
Guatemala,GTM,2008,58.0
Guatemala,GTM,2009,58.0
Guatemala,GTM,2010,58.0
Guatemala,GTM,2011,58.0
Guatemala,GTM,2012,58.0
Guatemala,GTM,2013,59.0
Guatemala,GTM,2014,57.0
Guatemala,GTM,2015,58.0
Guatemala,GTM,2016,56.0
Guatemala,GTM,2017,56.0
Guatemala,GTM,2018,57.0
Guatemala,GTM,2019,59.0
Guatemala,GTM,2020,61.0
Guatemala,GTM,2021,59.0
Guatemala,GTM,2022,59.0
Guatemala,GTM,2023,58.0
Guinea,GIN,2000,19.0
Guinea,GIN,2001,19.0
Guinea,GIN,2002,19.0
Guinea,GIN,2003,18.0
Guinea,GIN,2004,17.0
Guinea,GIN,2005,18.0
Guinea,GIN,2006,21.0
Guinea,GIN,2007,23.0
Guinea,GIN,2008,24.0
Guinea,GIN,2009,25.0
Guinea,GIN,2010,26.0
Guinea,GIN,2011,26.0
Guinea,GIN,2012,30.0
Guinea,GIN,2013,36.0
Guinea,GIN,2014,37.0
Guinea,GIN,2015,34.0
Guinea,GIN,2016,32.0
Guinea,GIN,2017,37.0
Guinea,GIN,2018,38.0
Guinea,GIN,2019,43.0
Guinea,GIN,2020,43.0
Guinea,GIN,2021,41.0
Guinea,GIN,2022,43.0
Guinea,GIN,2023,43.0
Guinea-Bissau,GNB,2000,25.0
Guinea-Bissau,GNB,2001,25.0
Guinea-Bissau,GNB,2002,26.0
Guinea-Bissau,GNB,2003,30.0
Guinea-Bissau,GNB,2004,29.0
Guinea-Bissau,GNB,2005,29.0
Guinea-Bissau,GNB,2006,35.0
Guinea-Bissau,GNB,2007,35.0
Guinea-Bissau,GNB,2008,34.0
Guinea-Bissau,GNB,2009,36.0
Guinea-Bissau,GNB,2010,37.0
Guinea-Bissau,GNB,2011,42.0
Guinea-Bissau,GNB,2012,42.0
Guinea-Bissau,GNB,2013,40.0
Guinea-Bissau,GNB,2014,42.0
Guinea-Bissau,GNB,2015,45.0
Guinea-Bissau,GNB,2016,43.0
Guinea-Bissau,GNB,2017,45.0
Guinea-Bissau,GNB,2018,44.0
Guinea-Bissau,GNB,2019,42.0
Guinea-Bissau,GNB,2020,44.0
Guinea-Bissau,GNB,2021,44.0
Guinea-Bissau,GNB,2022,43.0
Guinea-Bissau,GNB,2023,43.0
Guyana,GUY,2000,61.0
Guyana,GUY,2001,61.0
Guyana,GUY,2002,62.0
Guyana,GUY,2003,62.0
Guyana,GUY,2004,62.0
Guyana,GUY,2005,62.0
Guyana,GUY,2006,62.0
Guyana,GUY,2007,62.0
Guyana,GUY,2008,63.0
Guyana,GUY,2009,63.0
Guyana,GUY,2010,63.0
Guyana,GUY,2011,68.0
Guyana,GUY,2012,69.0
Guyana,GUY,2013,70.0
Guyana,GUY,2014,70.0
Guyana,GUY,2015,71.0
Guyana,GUY,2016,73.0
Guyana,GUY,2017,73.0
Guyana,GUY,2018,74.0
Guyana,GUY,2019,78.0
Guyana,GUY,2020,80.0
Guyana,GUY,2021,80.0
Guyana,GUY,2022,76.0
Guyana,GUY,2023,73.0
Haiti,HTI,2000,32.0
Haiti,HTI,2001,33.0
Haiti,HTI,2002,34.0
Haiti,HTI,2003,34.0
Haiti,HTI,2004,35.0
Haiti,HTI,2005,35.0
Haiti,HTI,2006,36.0
Haiti,HTI,2007,37.0
Haiti,HTI,2008,37.0
Haiti,HTI,2009,38.0
Haiti,HTI,2010,38.0
Haiti,HTI,2011,38.0
Haiti,HTI,2012,39.0
Haiti,HTI,2013,39.0
Haiti,HTI,2014,41.0
Haiti,HTI,2015,40.0
Haiti,HTI,2016,41.0
Haiti,HTI,2017,41.0
Haiti,HTI,2018,41.0
Haiti,HTI,2019,41.0
Haiti,HTI,2020,42.0
Haiti,HTI,2021,44.0
Haiti,HTI,2022,44.0
Haiti,HTI,2023,44.0
Honduras,HND,2000,56.0
Honduras,HND,2001,57.0
Honduras,HND,2002,56.0
Honduras,HND,2003,57.0
Honduras,HND,2004,57.0
Honduras,HND,2005,57.0
Honduras,HND,2006,57.0
Honduras,HND,2007,57.0
Honduras,HND,2008,57.0
Honduras,HND,2009,58.0
Honduras,HND,2010,59.0
Honduras,HND,2011,59.0
Honduras,HND,2012,60.0
Honduras,HND,2013,61.0
Honduras,HND,2014,61.0
Honduras,HND,2015,64.0
Honduras,HND,2016,65.0
Honduras,HND,2017,63.0
Honduras,HND,2018,60.0
Honduras,HND,2019,64.0
Honduras,HND,2020,65.0
Honduras,HND,2021,64.0
Honduras,HND,2022,64.0
Honduras,HND,2023,64.0
Hungary,HUN,2000,73.0
Hungary,HUN,2001,74.0
Hungary,HUN,2002,74.0
Hungary,HUN,2003,74.0
Hungary,HUN,2004,75.0
Hungary,HUN,2005,75.0
Hungary,HUN,2006,75.0
Hungary,HUN,2007,76.0
Hungary,HUN,2008,76.0
Hungary,HUN,2009,76.0
Hungary,HUN,2010,77.0
Hungary,HUN,2011,79.0
Hungary,HUN,2012,78.0
Hungary,HUN,2013,80.0
Hungary,HUN,2014,79.0
Hungary,HUN,2015,80.0
Hungary,HUN,2016,80.0
Hungary,HUN,2017,80.0
Hungary,HUN,2018,79.0
Hungary,HUN,2019,79.0
Hungary,HUN,2020,79.0
Hungary,HUN,2021,80.0
Hungary,HUN,2022,80.0
Hungary,HUN,2023,80.0
Iceland,ISL,2000,80.0
Iceland,ISL,2001,80.0
Iceland,ISL,2002,81.0
Iceland,ISL,2003,82.0
Iceland,ISL,2004,82.0
Iceland,ISL,2005,83.0
Iceland,ISL,2006,83.0
Iceland,ISL,2007,84.0
Iceland,ISL,2008,84.0
Iceland,ISL,2009,85.0
Iceland,ISL,2010,85.0
Iceland,ISL,2011,86.0
Iceland,ISL,2012,88.0
Iceland,ISL,2013,88.0
Iceland,ISL,2014,89.0
Iceland,ISL,2015,89.0
Iceland,ISL,2016,88.0
Iceland,ISL,2017,88.0
Iceland,ISL,2018,90.0
Iceland,ISL,2019,90.0
Iceland,ISL,2020,90.0
Iceland,ISL,2021,90.0
Iceland,ISL,2022,90.0
Iceland,ISL,2023,90.0
India,IND,2000,31.0
India,IND,2001,34.0
India,IND,2002,36.0
India,IND,2003,38.0
India,IND,2004,41.0
India,IND,2005,43.0
India,IND,2006,45.0
India,IND,2007,47.0
India,IND,2008,49.0
India,IND,2009,51.0
India,IND,2010,53.0
India,IND,2011,54.0
India,IND,2012,56.0
India,IND,2013,57.0
India,IND,2014,60.0
India,IND,2015,62.0
India,IND,2016,63.0
India,IND,2017,64.0
India,IND,2018,63.0
India,IND,2019,65.0
India,IND,2020,66.0
India,IND,2021,67.0
India,IND,2022,68.0
India,IND,2023,69.0
Indonesia,IDN,2000,44.0
Indonesia,IDN,2001,45.0
Indonesia,IDN,2002,46.0
Indonesia,IDN,2003,46.0
Indonesia,IDN,2004,47.0
Indonesia,IDN,2005,48.0
Indonesia,IDN,2006,49.0
Indonesia,IDN,2007,49.0
Indonesia,IDN,2008,50.0
Indonesia,IDN,2009,51.0
Indonesia,IDN,2010,51.0
Indonesia,IDN,2011,52.0
Indonesia,IDN,2012,54.0
Indonesia,IDN,2013,56.0
Indonesia,IDN,2014,58.0
Indonesia,IDN,2015,59.0
Indonesia,IDN,2016,60.0
Indonesia,IDN,2017,63.0
Indonesia,IDN,2018,63.0
Indonesia,IDN,2019,65.0
Indonesia,IDN,2020,66.0
Indonesia,IDN,2021,66.0
Indonesia,IDN,2022,68.0
Indonesia,IDN,2023,67.0
Iran,IRN,2000,68.0
Iran,IRN,2001,69.0
Iran,IRN,2002,69.0
Iran,IRN,2003,69.0
Iran,IRN,2004,70.0
Iran,IRN,2005,70.0
Iran,IRN,2006,70.0
Iran,IRN,2007,71.0
Iran,IRN,2008,72.0
Iran,IRN,2009,72.0
Iran,IRN,2010,73.0
Iran,IRN,2011,73.0
Iran,IRN,2012,76.0
Iran,IRN,2013,77.0
Iran,IRN,2014,77.0
Iran,IRN,2015,77.0
Iran,IRN,2016,78.0
Iran,IRN,2017,78.0
Iran,IRN,2018,79.0
Iran,IRN,2019,80.0
Iran,IRN,2020,80.0
Iran,IRN,2021,81.0
Iran,IRN,2022,81.0
Iran,IRN,2023,81.0
Iraq,IRQ,2000,61.0
Iraq,IRQ,2001,61.0
Iraq,IRQ,2002,62.0
Iraq,IRQ,2003,62.0
Iraq,IRQ,2004,63.0
Iraq,IRQ,2005,63.0
Iraq,IRQ,2006,63.0
Iraq,IRQ,2007,63.0
Iraq,IRQ,2008,64.0
Iraq,IRQ,2009,64.0
Iraq,IRQ,2010,64.0
Iraq,IRQ,2011,67.0
Iraq,IRQ,2012,68.0
Iraq,IRQ,2013,69.0
Iraq,IRQ,2014,68.0
Iraq,IRQ,2015,67.0
Iraq,IRQ,2016,67.0
Iraq,IRQ,2017,67.0
Iraq,IRQ,2018,66.0
Iraq,IRQ,2019,66.0
Iraq,IRQ,2020,67.0
Iraq,IRQ,2021,64.0
Iraq,IRQ,2022,66.0
Iraq,IRQ,2023,64.0
Ireland,IRL,2000,72.0
Ireland,IRL,2001,73.0
Ireland,IRL,2002,73.0
Ireland,IRL,2003,74.0
Ireland,IRL,2004,75.0
Ireland,IRL,2005,75.0
Ireland,IRL,2006,76.0
Ireland,IRL,2007,76.0
Ireland,IRL,2008,77.0
Ireland,IRL,2009,77.0
Ireland,IRL,2010,78.0
Ireland,IRL,2011,78.0
Ireland,IRL,2012,81.0
Ireland,IRL,2013,81.0
Ireland,IRL,2014,81.0
Ireland,IRL,2015,81.0
Ireland,IRL,2016,81.0
Ireland,IRL,2017,81.0
Ireland,IRL,2018,81.0
Ireland,IRL,2019,81.0
Ireland,IRL,2020,81.0
Ireland,IRL,2021,82.0
Ireland,IRL,2022,81.0
Ireland,IRL,2023,82.0
Israel,ISR,2000,76.0
Israel,ISR,2001,77.0
Israel,ISR,2002,77.0
Israel,ISR,2003,78.0
Israel,ISR,2004,78.0
Israel,ISR,2005,78.0
Israel,ISR,2006,78.0
Israel,ISR,2007,79.0
Israel,ISR,2008,79.0
Israel,ISR,2009,79.0
Israel,ISR,2010,80.0
Israel,ISR,2011,80.0
Israel,ISR,2012,81.0
Israel,ISR,2013,81.0
Israel,ISR,2014,82.0
Israel,ISR,2015,82.0
Israel,ISR,2016,82.0
Israel,ISR,2017,84.0
Israel,ISR,2018,85.0
Israel,ISR,2019,84.0
Israel,ISR,2020,84.0
Israel,ISR,2021,85.0
Israel,ISR,2022,85.0
Israel,ISR,2023,85.0
Italy,ITA,2000,74.0
Italy,ITA,2001,75.0
Italy,ITA,2002,76.0
Italy,ITA,2003,76.0
Italy,ITA,2004,77.0
Italy,ITA,2005,77.0
Italy,ITA,2006,78.0
Italy,ITA,2007,78.0
Italy,ITA,2008,79.0
Italy,ITA,2009,79.0
Italy,ITA,2010,80.0
Italy,ITA,2011,80.0
Italy,ITA,2012,81.0
Italy,ITA,2013,81.0
Italy,ITA,2014,82.0
Italy,ITA,2015,82.0
Italy,ITA,2016,83.0
Italy,ITA,2017,83.0
Italy,ITA,2018,83.0
Italy,ITA,2019,83.0
Italy,ITA,2020,83.0
Italy,ITA,2021,82.0
Italy,ITA,2022,82.0
Italy,ITA,2023,82.0
Jamaica,JAM,2000,61.0
Jamaica,JAM,2001,63.0
Jamaica,JAM,2002,64.0
Jamaica,JAM,2003,65.0
Jamaica,JAM,2004,66.0
Jamaica,JAM,2005,67.0
Jamaica,JAM,2006,66.0
Jamaica,JAM,2007,66.0
Jamaica,JAM,2008,65.0
Jamaica,JAM,2009,66.0
Jamaica,JAM,2010,67.0
Jamaica,JAM,2011,73.0
Jamaica,JAM,2012,73.0
Jamaica,JAM,2013,72.0
Jamaica,JAM,2014,71.0
Jamaica,JAM,2015,73.0
Jamaica,JAM,2016,75.0
Jamaica,JAM,2017,74.0
Jamaica,JAM,2018,72.0
Jamaica,JAM,2019,74.0
Jamaica,JAM,2020,75.0
Jamaica,JAM,2021,75.0
Jamaica,JAM,2022,75.0
Jamaica,JAM,2023,74.0
Japan,JPN,2000,76.0
Japan,JPN,2001,77.0
Japan,JPN,2002,77.0
Japan,JPN,2003,78.0
Japan,JPN,2004,78.0
Japan,JPN,2005,79.0
Japan,JPN,2006,79.0
Japan,JPN,2007,80.0
Japan,JPN,2008,80.0
Japan,JPN,2009,80.0
Japan,JPN,2010,81.0
Japan,JPN,2011,81.0
Japan,JPN,2012,82.0
Japan,JPN,2013,82.0
Japan,JPN,2014,82.0
Japan,JPN,2015,82.0
Japan,JPN,2016,83.0
Japan,JPN,2017,83.0
Japan,JPN,2018,84.0
Japan,JPN,2019,84.0
Japan,JPN,2020,84.0
Japan,JPN,2021,85.0
Japan,JPN,2022,85.0
Japan,JPN,2023,86.0
Jordan,JOR,2000,75.0
Jordan,JOR,2001,75.0
Jordan,JOR,2002,75.0
Jordan,JOR,2003,75.0
Jordan,JOR,2004,75.0
Jordan,JOR,2005,75.0
Jordan,JOR,2006,76.0
Jordan,JOR,2007,75.0
Jordan,JOR,2008,75.0
Jordan,JOR,2009,76.0
Jordan,JOR,2010,76.0
Jordan,JOR,2011,77.0
Jordan,JOR,2012,77.0
Jordan,JOR,2013,76.0
Jordan,JOR,2014,76.0
Jordan,JOR,2015,75.0
Jordan,JOR,2016,73.0
Jordan,JOR,2017,72.0
Jordan,JOR,2018,69.0
Jordan,JOR,2019,69.0
Jordan,JOR,2020,70.0
Jordan,JOR,2021,71.0
Jordan,JOR,2022,73.0
Jordan,JOR,2023,74.0
Kazakhstan,KAZ,2000,76.0
Kazakhstan,KAZ,2001,76.0
Kazakhstan,KAZ,2002,77.0
Kazakhstan,KAZ,2003,77.0
Kazakhstan,KAZ,2004,77.0
Kazakhstan,KAZ,2005,78.0
Kazakhstan,KAZ,2006,78.0
Kazakhstan,KAZ,2007,79.0
Kazakhstan,KAZ,2008,80.0
Kazakhstan,KAZ,2009,80.0
Kazakhstan,KAZ,2010,81.0
Kazakhstan,KAZ,2011,81.0
Kazakhstan,KAZ,2012,82.0
Kazakhstan,KAZ,2013,82.0
Kazakhstan,KAZ,2014,82.0
Kazakhstan,KAZ,2015,82.0
Kazakhstan,KAZ,2016,82.0
Kazakhstan,KAZ,2017,82.0
Kazakhstan,KAZ,2018,82.0
Kazakhstan,KAZ,2019,83.0
Kazakhstan,KAZ,2020,83.0
Kazakhstan,KAZ,2021,84.0
Kazakhstan,KAZ,2022,84.0
Kazakhstan,KAZ,2023,83.0
Kenya,KEN,2000,29.0
Kenya,KEN,2001,28.0
Kenya,KEN,2002,29.0
Kenya,KEN,2003,28.0
Kenya,KEN,2004,31.0
Kenya,KEN,2005,36.0
Kenya,KEN,2006,41.0
Kenya,KEN,2007,43.0
Kenya,KEN,2008,44.0
Kenya,KEN,2009,45.0
Kenya,KEN,2010,46.0
Kenya,KEN,2011,52.0
Kenya,KEN,2012,54.0
Kenya,KEN,2013,53.0
Kenya,KEN,2014,53.0
Kenya,KEN,2015,53.0
Kenya,KEN,2016,55.0
Kenya,KEN,2017,56.0
Kenya,KEN,2018,54.0
Kenya,KEN,2019,52.0
Kenya,KEN,2020,49.0
Kenya,KEN,2021,53.0
Kenya,KEN,2022,57.0
Kenya,KEN,2023,57.0
Kiribati,KIR,2000,27.0
Kiribati,KIR,2001,30.0
Kiribati,KIR,2002,33.0
Kiribati,KIR,2003,34.0
Kiribati,KIR,2004,36.0
Kiribati,KIR,2005,38.0
Kiribati,KIR,2006,39.0
Kiribati,KIR,2007,41.0
Kiribati,KIR,2008,42.0
Kiribati,KIR,2009,43.0
Kiribati,KIR,2010,44.0
Kiribati,KIR,2011,44.0
Kiribati,KIR,2012,47.0
Kiribati,KIR,2013,49.0
Kiribati,KIR,2014,49.0
Kiribati,KIR,2015,50.0
Kiribati,KIR,2016,50.0
Kiribati,KIR,2017,50.0
Kiribati,KIR,2018,50.0
Kiribati,KIR,2019,51.0
Kiribati,KIR,2020,52.0
Kiribati,KIR,2021,53.0
Kiribati,KIR,2022,52.0
Kiribati,KIR,2023,51.0
Kuwait,KWT,2000,79.0
Kuwait,KWT,2001,79.0
Kuwait,KWT,2002,79.0
Kuwait,KWT,2003,79.0
Kuwait,KWT,2004,79.0
Kuwait,KWT,2005,79.0
Kuwait,KWT,2006,80.0
Kuwait,KWT,2007,80.0
Kuwait,KWT,2008,80.0
Kuwait,KWT,2009,81.0
Kuwait,KWT,2010,81.0
Kuwait,KWT,2011,82.0
Kuwait,KWT,2012,82.0
Kuwait,KWT,2013,83.0
Kuwait,KWT,2014,83.0
Kuwait,KWT,2015,83.0
Kuwait,KWT,2016,83.0
Kuwait,KWT,2017,83.0
Kuwait,KWT,2018,80.0
Kuwait,KWT,2019,83.0
Kuwait,KWT,2020,83.0
Kuwait,KWT,2021,83.0
Kuwait,KWT,2022,84.0
Kuwait,KWT,2023,84.0
Kyrgyzstan,KGZ,2000,70.0
Kyrgyzstan,KGZ,2001,70.0
Kyrgyzstan,KGZ,2002,71.0
Kyrgyzstan,KGZ,2003,71.0
Kyrgyzstan,KGZ,2004,71.0
Kyrgyzstan,KGZ,2005,71.0
Kyrgyzstan,KGZ,2006,72.0
Kyrgyzstan,KGZ,2007,71.0
Kyrgyzstan,KGZ,2008,71.0
Kyrgyzstan,KGZ,2009,70.0
Kyrgyzstan,KGZ,2010,70.0
Kyrgyzstan,KGZ,2011,69.0
Kyrgyzstan,KGZ,2012,68.0
Kyrgyzstan,KGZ,2013,71.0
Kyrgyzstan,KGZ,2014,73.0
Kyrgyzstan,KGZ,2015,74.0
Kyrgyzstan,KGZ,2016,74.0
Kyrgyzstan,KGZ,2017,74.0
Kyrgyzstan,KGZ,2018,75.0
Kyrgyzstan,KGZ,2019,74.0
Kyrgyzstan,KGZ,2020,74.0
Kyrgyzstan,KGZ,2021,73.0
Kyrgyzstan,KGZ,2022,73.0
Kyrgyzstan,KGZ,2023,74.0
Laos,LAO,2000,33.0
Laos,LAO,2001,35.0
Laos,LAO,2002,36.0
Laos,LAO,2003,37.0
Laos,LAO,2004,39.0
Laos,LAO,2005,40.0
Laos,LAO,2006,41.0
Laos,LAO,2007,43.0
Laos,LAO,2008,44.0
Laos,LAO,2009,45.0
Laos,LAO,2010,47.0
Laos,LAO,2011,49.0
Laos,LAO,2012,49.0
Laos,LAO,2013,52.0
Laos,LAO,2014,54.0
Laos,LAO,2015,55.0
Laos,LAO,2016,57.0
Laos,LAO,2017,57.0
Laos,LAO,2018,56.0
Laos,LAO,2019,58.0
Laos,LAO,2020,59.0
Laos,LAO,2021,60.0
Laos,LAO,2022,62.0
Laos,LAO,2023,64.0
Latvia,LVA,2000,68.0
Latvia,LVA,2001,68.0
Latvia,LVA,2002,69.0
Latvia,LVA,2003,69.0
Latvia,LVA,2004,70.0
Latvia,LVA,2005,70.0
Latvia,LVA,2006,71.0
Latvia,LVA,2007,71.0
Latvia,LVA,2008,72.0
Latvia,LVA,2009,72.0
Latvia,LVA,2010,72.0
Latvia,LVA,2011,74.0
Latvia,LVA,2012,75.0
Latvia,LVA,2013,75.0
Latvia,LVA,2014,76.0
Latvia,LVA,2015,76.0
Latvia,LVA,2016,77.0
Latvia,LVA,2017,77.0
Latvia,LVA,2018,76.0
Latvia,LVA,2019,77.0
Latvia,LVA,2020,77.0
Latvia,LVA,2021,76.0
Latvia,LVA,2022,76.0
Latvia,LVA,2023,77.0
Lebanon,LBN,2000,64.0
Lebanon,LBN,2001,63.0
Lebanon,LBN,2002,63.0
Lebanon,LBN,2003,63.0
Lebanon,LBN,2004,64.0
Lebanon,LBN,2005,64.0
Lebanon,LBN,2006,64.0
Lebanon,LBN,2007,65.0
Lebanon,LBN,2008,65.0
Lebanon,LBN,2009,66.0
Lebanon,LBN,2010,66.0
Lebanon,LBN,2011,66.0
Lebanon,LBN,2012,67.0
Lebanon,LBN,2013,68.0
Lebanon,LBN,2014,68.0
Lebanon,LBN,2015,68.0
Lebanon,LBN,2016,68.0
Lebanon,LBN,2017,69.0
Lebanon,LBN,2018,67.0
Lebanon,LBN,2019,69.0
Lebanon,LBN,2020,68.0
Lebanon,LBN,2021,68.0
Lebanon,LBN,2022,68.0
Lebanon,LBN,2023,67.0
Lesotho,LSO,2000,31.0
Lesotho,LSO,2001,32.0
Lesotho,LSO,2002,32.0
Lesotho,LSO,2003,33.0
Lesotho,LSO,2004,35.0
Lesotho,LSO,2005,37.0
Lesotho,LSO,2006,39.0
Lesotho,LSO,2007,41.0
Lesotho,LSO,2008,42.0
Lesotho,LSO,2009,43.0
Lesotho,LSO,2010,44.0
Lesotho,LSO,2011,47.0
Lesotho,LSO,2012,49.0
Lesotho,LSO,2013,52.0
Lesotho,LSO,2014,53.0
Lesotho,LSO,2015,55.0
Lesotho,LSO,2016,56.0
Lesotho,LSO,2017,57.0
Lesotho,LSO,2018,55.0
Lesotho,LSO,2019,53.0
Lesotho,LSO,2020,55.0
Lesotho,LSO,2021,55.0
Lesotho,LSO,2022,55.0
Lesotho,LSO,2023,55.0
Liberia,LBR,2000,26.0
Liberia,LBR,2001,25.0
Liberia,LBR,2002,25.0
Liberia,LBR,2003,25.0
Liberia,LBR,2004,25.0
Liberia,LBR,2005,25.0
Liberia,LBR,2006,26.0
Liberia,LBR,2007,27.0
Liberia,LBR,2008,29.0
Liberia,LBR,2009,38.0
Liberia,LBR,2010,38.0
Liberia,LBR,2011,36.0
Liberia,LBR,2012,38.0
Liberia,LBR,2013,37.0
Liberia,LBR,2014,36.0
Liberia,LBR,2015,42.0
Liberia,LBR,2016,42.0
Liberia,LBR,2017,41.0
Liberia,LBR,2018,46.0
Liberia,LBR,2019,46.0
Liberia,LBR,2020,43.0
Liberia,LBR,2021,48.0
Liberia,LBR,2022,50.0
Liberia,LBR,2023,49.0
Libya,LBY,2000,66.0
Libya,LBY,2001,67.0
Libya,LBY,2002,67.0
Libya,LBY,2003,67.0
Libya,LBY,2004,67.0
Libya,LBY,2005,68.0
Libya,LBY,2006,68.0
Libya,LBY,2007,68.0
Libya,LBY,2008,68.0
Libya,LBY,2009,68.0
Libya,LBY,2010,69.0
Libya,LBY,2011,69.0
Libya,LBY,2012,68.0
Libya,LBY,2013,70.0
Libya,LBY,2014,70.0
Libya,LBY,2015,71.0
Libya,LBY,2016,71.0
Libya,LBY,2017,71.0
Libya,LBY,2018,68.0
Libya,LBY,2019,70.0
Libya,LBY,2020,71.0
Libya,LBY,2021,69.0
Libya,LBY,2022,71.0
Libya,LBY,2023,71.0
Lithuania,LTU,2000,65.0
Lithuania,LTU,2001,65.0
Lithuania,LTU,2002,66.0
Lithuania,LTU,2003,67.0
Lithuania,LTU,2004,67.0
Lithuania,LTU,2005,68.0
Lithuania,LTU,2006,69.0
Lithuania,LTU,2007,69.0
Lithuania,LTU,2008,70.0
Lithuania,LTU,2009,71.0
Lithuania,LTU,2010,71.0
Lithuania,LTU,2011,72.0
Lithuania,LTU,2012,73.0
Lithuania,LTU,2013,74.0
Lithuania,LTU,2014,74.0
Lithuania,LTU,2015,75.0
Lithuania,LTU,2016,75.0
Lithuania,LTU,2017,75.0
Lithuania,LTU,2018,76.0
Lithuania,LTU,2019,76.0
Lithuania,LTU,2020,77.0
Lithuania,LTU,2021,77.0
Lithuania,LTU,2022,78.0
Lithuania,LTU,2023,78.0
Luxembourg,LUX,2000,76.0
Luxembourg,LUX,2001,77.0
Luxembourg,LUX,2002,77.0
Luxembourg,LUX,2003,77.0
Luxembourg,LUX,2004,77.0
Luxembourg,LUX,2005,78.0
Luxembourg,LUX,2006,78.0
Luxembourg,LUX,2007,78.0
Luxembourg,LUX,2008,79.0
Luxembourg,LUX,2009,79.0
Luxembourg,LUX,2010,79.0
Luxembourg,LUX,2011,82.0
Luxembourg,LUX,2012,82.0
Luxembourg,LUX,2013,84.0
Luxembourg,LUX,2014,85.0
Luxembourg,LUX,2015,85.0
Luxembourg,LUX,2016,85.0
Luxembourg,LUX,2017,85.0
Luxembourg,LUX,2018,84.0
Luxembourg,LUX,2019,86.0
Luxembourg,LUX,2020,86.0
Luxembourg,LUX,2021,83.0
Luxembourg,LUX,2022,83.0
Luxembourg,LUX,2023,83.0
Madagascar,MDG,2000,15.0
Madagascar,MDG,2001,15.0
Madagascar,MDG,2002,16.0
Madagascar,MDG,2003,17.0
Madagascar,MDG,2004,18.0
Madagascar,MDG,2005,20.0
Madagascar,MDG,2006,22.0
Madagascar,MDG,2007,24.0
Madagascar,MDG,2008,25.0
Madagascar,MDG,2009,26.0
Madagascar,MDG,2010,27.0
Madagascar,MDG,2011,27.0
Madagascar,MDG,2012,27.0
Madagascar,MDG,2013,29.0
Madagascar,MDG,2014,29.0
Madagascar,MDG,2015,31.0
Madagascar,MDG,2016,32.0
Madagascar,MDG,2017,31.0
Madagascar,MDG,2018,32.0
Madagascar,MDG,2019,33.0
Madagascar,MDG,2020,33.0
Madagascar,MDG,2021,34.0
Madagascar,MDG,2022,34.0
Madagascar,MDG,2023,33.0
Malawi,MWI,2000,25.0
Malawi,MWI,2001,23.0
Malawi,MWI,2002,20.0
Malawi,MWI,2003,22.0
Malawi,MWI,2004,23.0
Malawi,MWI,2005,24.0
Malawi,MWI,2006,33.0
Malawi,MWI,2007,35.0
Malawi,MWI,2008,38.0
Malawi,MWI,2009,41.0
Malawi,MWI,2010,41.0
Malawi,MWI,2011,40.0
Malawi,MWI,2012,45.0
Malawi,MWI,2013,46.0
Malawi,MWI,2014,45.0
Malawi,MWI,2015,45.0
Malawi,MWI,2016,50.0
Malawi,MWI,2017,52.0
Malawi,MWI,2018,54.0
Malawi,MWI,2019,55.0
Malawi,MWI,2020,52.0
Malawi,MWI,2021,55.0
Malawi,MWI,2022,53.0
Malawi,MWI,2023,52.0
Malaysia,MYS,2000,71.0
Malaysia,MYS,2001,71.0
Malaysia,MYS,2002,72.0
Malaysia,MYS,2003,72.0
Malaysia,MYS,2004,73.0
Malaysia,MYS,2005,74.0
Malaysia,MYS,2006,74.0
Malaysia,MYS,2007,75.0
Malaysia,MYS,2008,75.0
Malaysia,MYS,2009,76.0
Malaysia,MYS,2010,77.0
Malaysia,MYS,2011,78.0
Malaysia,MYS,2012,78.0
Malaysia,MYS,2013,79.0
Malaysia,MYS,2014,79.0
Malaysia,MYS,2015,80.0
Malaysia,MYS,2016,80.0
Malaysia,MYS,2017,80.0
Malaysia,MYS,2018,80.0
Malaysia,MYS,2019,80.0
Malaysia,MYS,2020,80.0
Malaysia,MYS,2021,79.0
Malaysia,MYS,2022,80.0
Malaysia,MYS,2023,80.0
Maldives,MDV,2000,52.0
Maldives,MDV,2001,54.0
Maldives,MDV,2002,56.0
Maldives,MDV,2003,58.0
Maldives,MDV,2004,59.0
Maldives,MDV,2005,62.0
Maldives,MDV,2006,64.0
Maldives,MDV,2007,65.0
Maldives,MDV,2008,66.0
Maldives,MDV,2009,67.0
Maldives,MDV,2010,67.0
Maldives,MDV,2011,66.0
Maldives,MDV,2012,67.0
Maldives,MDV,2013,68.0
Maldives,MDV,2014,68.0
Maldives,MDV,2015,68.0
Maldives,MDV,2016,66.0
Maldives,MDV,2017,68.0
Maldives,MDV,2018,67.0
Maldives,MDV,2019,68.0
Maldives,MDV,2020,68.0
Maldives,MDV,2021,68.0
Maldives,MDV,2022,69.0
Maldives,MDV,2023,71.0
Mali,MLI,2000,24.0
Mali,MLI,2001,23.0
Mali,MLI,2002,23.0
Mali,MLI,2003,24.0
Mali,MLI,2004,25.0
Mali,MLI,2005,26.0
Mali,MLI,2006,30.0
Mali,MLI,2007,31.0
Mali,MLI,2008,34.0
Mali,MLI,2009,35.0
Mali,MLI,2010,37.0
Mali,MLI,2011,37.0
Mali,MLI,2012,36.0
Mali,MLI,2013,36.0
Mali,MLI,2014,36.0
Mali,MLI,2015,37.0
Mali,MLI,2016,37.0
Mali,MLI,2017,38.0
Mali,MLI,2018,41.0
Mali,MLI,2019,42.0
Mali,MLI,2020,42.0
Mali,MLI,2021,42.0
Mali,MLI,2022,41.0
Mali,MLI,2023,41.0
Malta,MLT,2000,75.0
Malta,MLT,2001,75.0
Malta,MLT,2002,76.0
Malta,MLT,2003,76.0
Malta,MLT,2004,76.0
Malta,MLT,2005,77.0
Malta,MLT,2006,77.0
Malta,MLT,2007,77.0
Malta,MLT,2008,77.0
Malta,MLT,2009,78.0
Malta,MLT,2010,78.0
Malta,MLT,2011,79.0
Malta,MLT,2012,80.0
Malta,MLT,2013,81.0
Malta,MLT,2014,81.0
Malta,MLT,2015,82.0
Malta,MLT,2016,82.0
Malta,MLT,2017,82.0
Malta,MLT,2018,80.0
Malta,MLT,2019,81.0
Malta,MLT,2020,81.0
Malta,MLT,2021,82.0
Malta,MLT,2022,82.0
Malta,MLT,2023,82.0
Marshall Islands,MHL,2000,65.0
Marshall Islands,MHL,2001,66.0
Marshall Islands,MHL,2002,67.0
Marshall Islands,MHL,2003,66.0
Marshall Islands,MHL,2004,66.0
Marshall Islands,MHL,2005,67.0
Marshall Islands,MHL,2006,67.0
Marshall Islands,MHL,2007,67.0
Marshall Islands,MHL,2008,67.0
Marshall Islands,MHL,2009,66.0
Marshall Islands,MHL,2010,66.0
Marshall Islands,MHL,2011,66.0
Marshall Islands,MHL,2012,64.0
Marshall Islands,MHL,2013,65.0
Marshall Islands,MHL,2014,66.0
Marshall Islands,MHL,2015,66.0
Marshall Islands,MHL,2016,66.0
Marshall Islands,MHL,2017,67.0
Marshall Islands,MHL,2018,66.0
Marshall Islands,MHL,2019,66.0
Marshall Islands,MHL,2020,66.0
Marshall Islands,MHL,2021,66.0
Marshall Islands,MHL,2022,66.0
Marshall Islands,MHL,2023,66.0
Mauritania,MRT,2000,23.0
Mauritania,MRT,2001,23.0
Mauritania,MRT,2002,23.0
Mauritania,MRT,2003,24.0
Mauritania,MRT,2004,24.0
Mauritania,MRT,2005,24.0
Mauritania,MRT,2006,26.0
Mauritania,MRT,2007,26.0
Mauritania,MRT,2008,27.0
Mauritania,MRT,2009,30.0
Mauritania,MRT,2010,33.0
Mauritania,MRT,2011,31.0
Mauritania,MRT,2012,29.0
Mauritania,MRT,2013,29.0
Mauritania,MRT,2014,29.0
Mauritania,MRT,2015,31.0
Mauritania,MRT,2016,32.0
Mauritania,MRT,2017,39.0
Mauritania,MRT,2018,41.0
Mauritania,MRT,2019,38.0
Mauritania,MRT,2020,38.0
Mauritania,MRT,2021,39.0
Mauritania,MRT,2022,35.0
Mauritania,MRT,2023,40.0
Mauritius,MUS,2000,67.0
Mauritius,MUS,2001,67.0
Mauritius,MUS,2002,68.0
Mauritius,MUS,2003,68.0
Mauritius,MUS,2004,70.0
Mauritius,MUS,2005,70.0
Mauritius,MUS,2006,70.0
Mauritius,MUS,2007,70.0
Mauritius,MUS,2008,70.0
Mauritius,MUS,2009,70.0
Mauritius,MUS,2010,70.0
Mauritius,MUS,2011,71.0
Mauritius,MUS,2012,71.0
Mauritius,MUS,2013,72.0
Mauritius,MUS,2014,74.0
Mauritius,MUS,2015,74.0
Mauritius,MUS,2016,75.0
Mauritius,MUS,2017,76.0
Mauritius,MUS,2018,76.0
Mauritius,MUS,2019,77.0
Mauritius,MUS,2020,77.0
Mauritius,MUS,2021,76.0
Mauritius,MUS,2022,75.0
Mauritius,MUS,2023,75.0
Mexico,MEX,2000,68.0
Mexico,MEX,2001,67.0
Mexico,MEX,2002,67.0
Mexico,MEX,2003,67.0
Mexico,MEX,2004,68.0
Mexico,MEX,2005,68.0
Mexico,MEX,2006,69.0
Mexico,MEX,2007,69.0
Mexico,MEX,2008,69.0
Mexico,MEX,2009,70.0
Mexico,MEX,2010,70.0
Mexico,MEX,2011,73.0
Mexico,MEX,2012,75.0
Mexico,MEX,2013,76.0
Mexico,MEX,2014,77.0
Mexico,MEX,2015,77.0
Mexico,MEX,2016,78.0
Mexico,MEX,2017,78.0
Mexico,MEX,2018,78.0
Mexico,MEX,2019,78.0
Mexico,MEX,2020,78.0
Mexico,MEX,2021,79.0
Mexico,MEX,2022,79.0
Mexico,MEX,2023,79.0
Micronesia,FSM,2000,42.0
Micronesia,FSM,2001,44.0
Micronesia,FSM,2002,46.0
Micronesia,FSM,2003,48.0
Micronesia,FSM,2004,49.0
Micronesia,FSM,2005,50.0
Micronesia,FSM,2006,51.0
Micronesia,FSM,2007,53.0
Micronesia,FSM,2008,54.0
Micronesia,FSM,2009,55.0
Micronesia,FSM,2010,56.0
Micronesia,FSM,2011,57.0
Micronesia,FSM,2012,62.0
Micronesia,FSM,2013,59.0
Micronesia,FSM,2014,63.0
Micronesia,FSM,2015,64.0
Micronesia,FSM,2016,66.0
Micronesia,FSM,2017,67.0
Micronesia,FSM,2018,65.0
Micronesia,FSM,2019,62.0
Micronesia,FSM,2020,65.0
Micronesia,FSM,2021,64.0
Micronesia,FSM,2022,65.0
Micronesia,FSM,2023,65.0
Moldova,MDA,2000,67.0
Moldova,MDA,2001,67.0
Moldova,MDA,2002,67.0
Moldova,MDA,2003,67.0
Moldova,MDA,2004,67.0
Moldova,MDA,2005,67.0
Moldova,MDA,2006,67.0
Moldova,MDA,2007,68.0
Moldova,MDA,2008,68.0
Moldova,MDA,2009,68.0
Moldova,MDA,2010,69.0
Moldova,MDA,2011,70.0
Moldova,MDA,2012,70.0
Moldova,MDA,2013,71.0
Moldova,MDA,2014,71.0
Moldova,MDA,2015,71.0
Moldova,MDA,2016,72.0
Moldova,MDA,2017,71.0
Moldova,MDA,2018,70.0
Moldova,MDA,2019,70.0
Moldova,MDA,2020,70.0
Moldova,MDA,2021,70.0
Moldova,MDA,2022,71.0
Moldova,MDA,2023,71.0
Monaco,MCO,2000,77.0
Monaco,MCO,2001,77.0
Monaco,MCO,2002,78.0
Monaco,MCO,2003,78.0
Monaco,MCO,2004,79.0
Monaco,MCO,2005,79.0
Monaco,MCO,2006,80.0
Monaco,MCO,2007,80.0
Monaco,MCO,2008,81.0
Monaco,MCO,2009,81.0
Monaco,MCO,2010,81.0
Monaco,MCO,2011,82.0
Monaco,MCO,2012,83.0
Monaco,MCO,2013,84.0
Monaco,MCO,2014,84.0
Monaco,MCO,2015,85.0
Monaco,MCO,2016,85.0
Monaco,MCO,2017,85.0
Monaco,MCO,2018,85.0
Monaco,MCO,2019,85.0
Monaco,MCO,2020,85.0
Monaco,MCO,2021,85.0
Monaco,MCO,2022,85.0
Monaco,MCO,2023,85.0
Mongolia,MNG,2000,62.0
Mongolia,MNG,2001,62.0
Mongolia,MNG,2002,62.0
Mongolia,MNG,2003,62.0
Mongolia,MNG,2004,63.0
Mongolia,MNG,2005,63.0
Mongolia,MNG,2006,64.0
Mongolia,MNG,2007,65.0
Mongolia,MNG,2008,66.0
Mongolia,MNG,2009,67.0
Mongolia,MNG,2010,67.0
Mongolia,MNG,2011,68.0
Mongolia,MNG,2012,67.0
Mongolia,MNG,2013,68.0
Mongolia,MNG,2014,68.0
Mongolia,MNG,2015,69.0
Mongolia,MNG,2016,69.0
Mongolia,MNG,2017,70.0
Mongolia,MNG,2018,70.0
Mongolia,MNG,2019,71.0
Mongolia,MNG,2020,71.0
Mongolia,MNG,2021,71.0
Mongolia,MNG,2022,71.0
Mongolia,MNG,2023,70.0
Montenegro,MNE,2000,65.0
Montenegro,MNE,2001,66.0
Montenegro,MNE,2002,66.0
Montenegro,MNE,2003,66.0
Montenegro,MNE,2004,66.0
Montenegro,MNE,2005,66.0
Montenegro,MNE,2006,66.0
Montenegro,MNE,2007,66.0
Montenegro,MNE,2008,67.0
Montenegro,MNE,2009,67.0
Montenegro,MNE,2010,67.0
Montenegro,MNE,2011,68.0
Montenegro,MNE,2012,68.0
Montenegro,MNE,2013,68.0
Montenegro,MNE,2014,68.0
Montenegro,MNE,2015,69.0
Montenegro,MNE,2016,69.0
Montenegro,MNE,2017,69.0
Montenegro,MNE,2018,68.0
Montenegro,MNE,2019,69.0
Montenegro,MNE,2020,69.0
Montenegro,MNE,2021,69.0
Montenegro,MNE,2022,69.0
Montenegro,MNE,2023,70.0
Morocco,MAR,2000,55.0
Morocco,MAR,2001,55.0
Morocco,MAR,2002,56.0
Morocco,MAR,2003,56.0
Morocco,MAR,2004,57.0
Morocco,MAR,2005,58.0
Morocco,MAR,2006,59.0
Morocco,MAR,2007,60.0
Morocco,MAR,2008,61.0
Morocco,MAR,2009,62.0
Morocco,MAR,2010,63.0
Morocco,MAR,2011,64.0
Morocco,MAR,2012,64.0
Morocco,MAR,2013,65.0
Morocco,MAR,2014,66.0
Morocco,MAR,2015,66.0
Morocco,MAR,2016,66.0
Morocco,MAR,2017,66.0
Morocco,MAR,2018,65.0
Morocco,MAR,2019,65.0
Morocco,MAR,2020,65.0
Morocco,MAR,2021,65.0
Morocco,MAR,2022,65.0
Morocco,MAR,2023,65.0
Mozambique,MOZ,2000,23.0
Mozambique,MOZ,2001,23.0
Mozambique,MOZ,2002,23.0
Mozambique,MOZ,2003,23.0
Mozambique,MOZ,2004,24.0
Mozambique,MOZ,2005,26.0
Mozambique,MOZ,2006,27.0
Mozambique,MOZ,2007,30.0
Mozambique,MOZ,2008,33.0
Mozambique,MOZ,2009,33.0
Mozambique,MOZ,2010,33.0
Mozambique,MOZ,2011,37.0
Mozambique,MOZ,2012,37.0
Mozambique,MOZ,2013,38.0
Mozambique,MOZ,2014,41.0
Mozambique,MOZ,2015,45.0
Mozambique,MOZ,2016,43.0
Mozambique,MOZ,2017,46.0
Mozambique,MOZ,2018,46.0
Mozambique,MOZ,2019,46.0
Mozambique,MOZ,2020,48.0
Mozambique,MOZ,2021,47.0
Mozambique,MOZ,2022,49.0
Mozambique,MOZ,2023,50.0
Myanmar,MMR,2000,32.0
Myanmar,MMR,2001,34.0
Myanmar,MMR,2002,36.0
Myanmar,MMR,2003,38.0
Myanmar,MMR,2004,39.0
Myanmar,MMR,2005,40.0
Myanmar,MMR,2006,42.0
Myanmar,MMR,2007,43.0
Myanmar,MMR,2008,45.0
Myanmar,MMR,2009,46.0
Myanmar,MMR,2010,47.0
Myanmar,MMR,2011,49.0
Myanmar,MMR,2012,49.0
Myanmar,MMR,2013,50.0
Myanmar,MMR,2014,51.0
Myanmar,MMR,2015,52.0
Myanmar,MMR,2016,53.0
Myanmar,MMR,2017,53.0
Myanmar,MMR,2018,53.0
Myanmar,MMR,2019,54.0
Myanmar,MMR,2020,53.0
Myanmar,MMR,2021,50.0
Myanmar,MMR,2022,52.0
Myanmar,MMR,2023,52.0
Namibia,NAM,2000,49.0
Namibia,NAM,2001,50.0
Namibia,NAM,2002,50.0
Namibia,NAM,2003,49.0
Namibia,NAM,2004,53.0
Namibia,NAM,2005,55.0
Namibia,NAM,2006,56.0
Namibia,NAM,2007,57.0
Namibia,NAM,2008,57.0
Namibia,NAM,2009,58.0
Namibia,NAM,2010,58.0
Namibia,NAM,2011,58.0
Namibia,NAM,2012,58.0
Namibia,NAM,2013,58.0
Namibia,NAM,2014,58.0
Namibia,NAM,2015,59.0
Namibia,NAM,2016,60.0
Namibia,NAM,2017,60.0
Namibia,NAM,2018,58.0
Namibia,NAM,2019,60.0
Namibia,NAM,2020,61.0
Namibia,NAM,2021,61.0
Namibia,NAM,2022,65.0
Namibia,NAM,2023,66.0
Nauru,NRU,2000,39.0
Nauru,NRU,2001,42.0
Nauru,NRU,2002,44.0
Nauru,NRU,2003,46.0
Nauru,NRU,2004,47.0
Nauru,NRU,2005,49.0
Nauru,NRU,2006,50.0
Nauru,NRU,2007,51.0
Nauru,NRU,2008,52.0
Nauru,NRU,2009,53.0
Nauru,NRU,2010,54.0
Nauru,NRU,2011,55.0
Nauru,NRU,2012,56.0
Nauru,NRU,2013,57.0
Nauru,NRU,2014,58.0
Nauru,NRU,2015,58.0
Nauru,NRU,2016,58.0
Nauru,NRU,2017,58.0
Nauru,NRU,2018,59.0
Nauru,NRU,2019,59.0
Nauru,NRU,2020,60.0
Nauru,NRU,2021,61.0
Nauru,NRU,2022,61.0
Nauru,NRU,2023,62.0
Nepal,NPL,2000,18.0
Nepal,NPL,2001,20.0
Nepal,NPL,2002,22.0
Nepal,NPL,2003,23.0
Nepal,NPL,2004,25.0
Nepal,NPL,2005,28.0
Nepal,NPL,2006,30.0
Nepal,NPL,2007,32.0
Nepal,NPL,2008,34.0
Nepal,NPL,2009,35.0
Nepal,NPL,2010,37.0
Nepal,NPL,2011,39.0
Nepal,NPL,2012,40.0
Nepal,NPL,2013,43.0
Nepal,NPL,2014,45.0
Nepal,NPL,2015,46.0
Nepal,NPL,2016,48.0
Nepal,NPL,2017,45.0
Nepal,NPL,2018,47.0
Nepal,NPL,2019,51.0
Nepal,NPL,2020,51.0
Nepal,NPL,2021,54.0
Nepal,NPL,2022,56.0
Nepal,NPL,2023,58.0
Netherlands,NLD,2000,77.0
Netherlands,NLD,2001,77.0
Netherlands,NLD,2002,77.0
Netherlands,NLD,2003,78.0
Netherlands,NLD,2004,78.0
Netherlands,NLD,2005,79.0
Netherlands,NLD,2006,79.0
Netherlands,NLD,2007,79.0
Netherlands,NLD,2008,80.0
Netherlands,NLD,2009,80.0
Netherlands,NLD,2010,81.0
Netherlands,NLD,2011,81.0
Netherlands,NLD,2012,82.0
Netherlands,NLD,2013,83.0
Netherlands,NLD,2014,83.0
Netherlands,NLD,2015,84.0
Netherlands,NLD,2016,84.0
Netherlands,NLD,2017,85.0
Netherlands,NLD,2018,84.0
Netherlands,NLD,2019,85.0
Netherlands,NLD,2020,85.0
Netherlands,NLD,2021,85.0
Netherlands,NLD,2022,85.0
Netherlands,NLD,2023,85.0
New Zealand,NZL,2000,81.0
New Zealand,NZL,2001,82.0
New Zealand,NZL,2002,82.0
New Zealand,NZL,2003,83.0
New Zealand,NZL,2004,84.0
New Zealand,NZL,2005,84.0
New Zealand,NZL,2006,85.0
New Zealand,NZL,2007,85.0
New Zealand,NZL,2008,86.0
New Zealand,NZL,2009,86.0
New Zealand,NZL,2010,86.0
New Zealand,NZL,2011,87.0
New Zealand,NZL,2012,88.0
New Zealand,NZL,2013,88.0
New Zealand,NZL,2014,89.0
New Zealand,NZL,2015,89.0
New Zealand,NZL,2016,89.0
New Zealand,NZL,2017,89.0
New Zealand,NZL,2018,89.0
New Zealand,NZL,2019,88.0
New Zealand,NZL,2020,89.0
New Zealand,NZL,2021,89.0
New Zealand,NZL,2022,89.0
New Zealand,NZL,2023,89.0
Nicaragua,NIC,2000,59.0
Nicaragua,NIC,2001,59.0
Nicaragua,NIC,2002,60.0
Nicaragua,NIC,2003,60.0
Nicaragua,NIC,2004,61.0
Nicaragua,NIC,2005,62.0
Nicaragua,NIC,2006,63.0
Nicaragua,NIC,2007,64.0
Nicaragua,NIC,2008,65.0
Nicaragua,NIC,2009,66.0
Nicaragua,NIC,2010,66.0
Nicaragua,NIC,2011,67.0
Nicaragua,NIC,2012,68.0
Nicaragua,NIC,2013,70.0
Nicaragua,NIC,2014,71.0
Nicaragua,NIC,2015,70.0
Nicaragua,NIC,2016,71.0
Nicaragua,NIC,2017,72.0
Nicaragua,NIC,2018,70.0
Nicaragua,NIC,2019,71.0
Nicaragua,NIC,2020,71.0
Nicaragua,NIC,2021,71.0
Nicaragua,NIC,2022,72.0
Nicaragua,NIC,2023,70.0
Niger,NER,2000,19.0
Niger,NER,2001,19.0
Niger,NER,2002,18.0
Niger,NER,2003,18.0
Niger,NER,2004,19.0
Niger,NER,2005,22.0
Niger,NER,2006,28.0
Niger,NER,2007,28.0
Niger,NER,2008,27.0
Niger,NER,2009,29.0
Niger,NER,2010,31.0
Niger,NER,2011,32.0
Niger,NER,2012,31.0
Niger,NER,2013,30.0
Niger,NER,2014,33.0
Niger,NER,2015,34.0
Niger,NER,2016,36.0
Niger,NER,2017,35.0
Niger,NER,2018,35.0
Niger,NER,2019,35.0
Niger,NER,2020,32.0
Niger,NER,2021,36.0
Niger,NER,2022,37.0
Niger,NER,2023,39.0
Nigeria,NGA,2000,30.0
Nigeria,NGA,2001,28.0
Nigeria,NGA,2002,25.0
Nigeria,NGA,2003,24.0
Nigeria,NGA,2004,27.0
Nigeria,NGA,2005,29.0
Nigeria,NGA,2006,30.0
Nigeria,NGA,2007,30.0
Nigeria,NGA,2008,30.0
Nigeria,NGA,2009,35.0
Nigeria,NGA,2010,39.0
Nigeria,NGA,2011,40.0
Nigeria,NGA,2012,39.0
Nigeria,NGA,2013,38.0
Nigeria,NGA,2014,41.0
Nigeria,NGA,2015,43.0
Nigeria,NGA,2016,44.0
Nigeria,NGA,2017,42.0
Nigeria,NGA,2018,46.0
Nigeria,NGA,2019,47.0
Nigeria,NGA,2020,45.0
Nigeria,NGA,2021,47.0
Nigeria,NGA,2022,47.0
Nigeria,NGA,2023,47.0
North Korea,PRK,2000,70.0
North Korea,PRK,2001,70.0
North Korea,PRK,2002,71.0
North Korea,PRK,2003,71.0
North Korea,PRK,2004,72.0
North Korea,PRK,2005,72.0
North Korea,PRK,2006,72.0
North Korea,PRK,2007,73.0
North Korea,PRK,2008,74.0
North Korea,PRK,2009,74.0
North Korea,PRK,2010,75.0
North Korea,PRK,2011,73.0
North Korea,PRK,2012,76.0
North Korea,PRK,2013,77.0
North Korea,PRK,2014,78.0
North Korea,PRK,2015,79.0
North Korea,PRK,2016,80.0
North Korea,PRK,2017,80.0
North Korea,PRK,2018,79.0
North Korea,PRK,2019,80.0
North Korea,PRK,2020,80.0
North Korea,PRK,2021,80.0
North Korea,PRK,2022,76.0
North Korea,PRK,2023,77.0
North Macedonia,MKD,2000,57.0
North Macedonia,MKD,2001,57.0
North Macedonia,MKD,2002,57.0
North Macedonia,MKD,2003,58.0
North Macedonia,MKD,2004,58.0
North Macedonia,MKD,2005,58.0
North Macedonia,MKD,2006,59.0
North Macedonia,MKD,2007,59.0
North Macedonia,MKD,2008,60.0
North Macedonia,MKD,2009,60.0
North Macedonia,MKD,2010,61.0
North Macedonia,MKD,2011,61.0
North Macedonia,MKD,2012,63.0
North Macedonia,MKD,2013,65.0
North Macedonia,MKD,2014,66.0
North Macedonia,MKD,2015,67.0
North Macedonia,MKD,2016,68.0
North Macedonia,MKD,2017,68.0
North Macedonia,MKD,2018,66.0
North Macedonia,MKD,2019,67.0
North Macedonia,MKD,2020,67.0
North Macedonia,MKD,2021,68.0
North Macedonia,MKD,2022,68.0
North Macedonia,MKD,2023,69.0
Norway,NOR,2000,73.0
Norway,NOR,2001,75.0
Norway,NOR,2002,76.0
Norway,NOR,2003,77.0
Norway,NOR,2004,78.0
Norway,NOR,2005,79.0
Norway,NOR,2006,80.0
Norway,NOR,2007,81.0
Norway,NOR,2008,82.0
Norway,NOR,2009,83.0
Norway,NOR,2010,84.0
Norway,NOR,2011,84.0
Norway,NOR,2012,85.0
Norway,NOR,2013,86.0
Norway,NOR,2014,86.0
Norway,NOR,2015,87.0
Norway,NOR,2016,87.0
Norway,NOR,2017,87.0
Norway,NOR,2018,87.0
Norway,NOR,2019,88.0
Norway,NOR,2020,88.0
Norway,NOR,2021,88.0
Norway,NOR,2022,89.0
Norway,NOR,2023,89.0
Oman,OMN,2000,73.0
Oman,OMN,2001,73.0
Oman,OMN,2002,73.0
Oman,OMN,2003,73.0
Oman,OMN,2004,73.0
Oman,OMN,2005,73.0
Oman,OMN,2006,73.0
Oman,OMN,2007,73.0
Oman,OMN,2008,74.0
Oman,OMN,2009,74.0
Oman,OMN,2010,74.0
Oman,OMN,2011,76.0
Oman,OMN,2012,75.0
Oman,OMN,2013,74.0
Oman,OMN,2014,74.0
Oman,OMN,2015,75.0
Oman,OMN,2016,75.0
Oman,OMN,2017,74.0
Oman,OMN,2018,75.0
Oman,OMN,2019,74.0
Oman,OMN,2020,73.0
Oman,OMN,2021,73.0
Oman,OMN,2022,73.0
Oman,OMN,2023,73.0
Pakistan,PAK,2000,36.0
Pakistan,PAK,2001,37.0
Pakistan,PAK,2002,37.0
Pakistan,PAK,2003,37.0
Pakistan,PAK,2004,38.0
Pakistan,PAK,2005,39.0
Pakistan,PAK,2006,40.0
Pakistan,PAK,2007,40.0
Pakistan,PAK,2008,41.0
Pakistan,PAK,2009,41.0
Pakistan,PAK,2010,42.0
Pakistan,PAK,2011,43.0
Pakistan,PAK,2012,45.0
Pakistan,PAK,2013,47.0
Pakistan,PAK,2014,47.0
Pakistan,PAK,2015,49.0
Pakistan,PAK,2016,50.0
Pakistan,PAK,2017,51.0
Pakistan,PAK,2018,53.0
Pakistan,PAK,2019,52.0
Pakistan,PAK,2020,54.0
Pakistan,PAK,2021,55.0
Pakistan,PAK,2022,55.0
Pakistan,PAK,2023,56.0
Palau,PLW,2000,69.0
Palau,PLW,2001,69.0
Palau,PLW,2002,69.0
Palau,PLW,2003,70.0
Palau,PLW,2004,70.0
Palau,PLW,2005,70.0
Palau,PLW,2006,71.0
Palau,PLW,2007,71.0
Palau,PLW,2008,71.0
Palau,PLW,2009,71.0
Palau,PLW,2010,72.0
Palau,PLW,2011,74.0
Palau,PLW,2012,75.0
Palau,PLW,2013,75.0
Palau,PLW,2014,76.0
Palau,PLW,2015,76.0
Palau,PLW,2016,76.0
Palau,PLW,2017,77.0
Palau,PLW,2018,74.0
Palau,PLW,2019,75.0
Palau,PLW,2020,75.0
Palau,PLW,2021,73.0
Palau,PLW,2022,74.0
Palau,PLW,2023,75.0
Palestine,PSE,2000,66.0
Palestine,PSE,2001,67.0
Palestine,PSE,2002,67.0
Palestine,PSE,2003,67.0
Palestine,PSE,2004,67.0
Palestine,PSE,2005,67.0
Palestine,PSE,2006,68.0
Palestine,PSE,2007,68.0
Palestine,PSE,2008,67.0
Palestine,PSE,2009,70.0
Palestine,PSE,2010,68.0
Palestine,PSE,2011,68.0
Palestine,PSE,2012,69.0
Palestine,PSE,2013,69.0
Palestine,PSE,2014,69.0
Palestine,PSE,2015,69.0
Palestine,PSE,2016,70.0
Palestine,PSE,2017,70.0
Palestine,PSE,2018,66.0
Palestine,PSE,2019,65.0
Palestine,PSE,2020,65.0
Palestine,PSE,2021,66.0
Palestine,PSE,2022,65.0
Palestine,PSE,2023,65.0
Panama,PAN,2000,70.0
Panama,PAN,2001,70.0
Panama,PAN,2002,71.0
Panama,PAN,2003,72.0
Panama,PAN,2004,72.0
Panama,PAN,2005,72.0
Panama,PAN,2006,73.0
Panama,PAN,2007,73.0
Panama,PAN,2008,73.0
Panama,PAN,2009,73.0
Panama,PAN,2010,73.0
Panama,PAN,2011,76.0
Panama,PAN,2012,78.0
Panama,PAN,2013,78.0
Panama,PAN,2014,78.0
Panama,PAN,2015,78.0
Panama,PAN,2016,79.0
Panama,PAN,2017,80.0
Panama,PAN,2018,80.0
Panama,PAN,2019,81.0
Panama,PAN,2020,82.0
Panama,PAN,2021,83.0
Panama,PAN,2022,82.0
Panama,PAN,2023,82.0
Papua New Guinea,PNG,2000,24.0
Papua New Guinea,PNG,2001,24.0
Papua New Guinea,PNG,2002,24.0
Papua New Guinea,PNG,2003,24.0
Papua New Guinea,PNG,2004,24.0
Papua New Guinea,PNG,2005,25.0
Papua New Guinea,PNG,2006,25.0
Papua New Guinea,PNG,2007,25.0
Papua New Guinea,PNG,2008,25.0
Papua New Guinea,PNG,2009,26.0
Papua New Guinea,PNG,2010,26.0
Papua New Guinea,PNG,2011,27.0
Papua New Guinea,PNG,2012,27.0
Papua New Guinea,PNG,2013,27.0
Papua New Guinea,PNG,2014,28.0
Papua New Guinea,PNG,2015,28.0
Papua New Guinea,PNG,2016,28.0
Papua New Guinea,PNG,2017,28.0
Papua New Guinea,PNG,2018,28.0
Papua New Guinea,PNG,2019,26.0
Papua New Guinea,PNG,2020,28.0
Papua New Guinea,PNG,2021,30.0
Papua New Guinea,PNG,2022,31.0
Papua New Guinea,PNG,2023,32.0
Paraguay,PRY,2000,62.0
Paraguay,PRY,2001,63.0
Paraguay,PRY,2002,64.0
Paraguay,PRY,2003,65.0
Paraguay,PRY,2004,66.0
Paraguay,PRY,2005,67.0
Paraguay,PRY,2006,68.0
Paraguay,PRY,2007,68.0
Paraguay,PRY,2008,69.0
Paraguay,PRY,2009,69.0
Paraguay,PRY,2010,70.0
Paraguay,PRY,2011,70.0
Paraguay,PRY,2012,69.0
Paraguay,PRY,2013,69.0
Paraguay,PRY,2014,70.0
Paraguay,PRY,2015,71.0
Paraguay,PRY,2016,72.0
Paraguay,PRY,2017,72.0
Paraguay,PRY,2018,73.0
Paraguay,PRY,2019,77.0
Paraguay,PRY,2020,79.0
Paraguay,PRY,2021,79.0
Paraguay,PRY,2022,79.0
Paraguay,PRY,2023,79.0
Peru,PER,2000,62.0
Peru,PER,2001,63.0
Peru,PER,2002,64.0
Peru,PER,2003,65.0
Peru,PER,2004,66.0
Peru,PER,2005,66.0
Peru,PER,2006,67.0
Peru,PER,2007,68.0
Peru,PER,2008,67.0
Peru,PER,2009,65.0
Peru,PER,2010,65.0
Peru,PER,2011,65.0
Peru,PER,2012,66.0
Peru,PER,2013,69.0
Peru,PER,2014,70.0
Peru,PER,2015,71.0
Peru,PER,2016,70.0
Peru,PER,2017,70.0
Peru,PER,2018,70.0
Peru,PER,2019,69.0
Peru,PER,2020,70.0
Peru,PER,2021,68.0
Peru,PER,2022,69.0
Peru,PER,2023,68.0
Philippines,PHL,2000,56.0
Philippines,PHL,2001,56.0
Philippines,PHL,2002,57.0
Philippines,PHL,2003,57.0
Philippines,PHL,2004,57.0
Philippines,PHL,2005,58.0
Philippines,PHL,2006,59.0
Philippines,PHL,2007,59.0
Philippines,PHL,2008,62.0
Philippines,PHL,2009,61.0
Philippines,PHL,2010,59.0
Philippines,PHL,2011,63.0
Philippines,PHL,2012,64.0
Philippines,PHL,2013,65.0
Philippines,PHL,2014,66.0
Philippines,PHL,2015,66.0
Philippines,PHL,2016,68.0
Philippines,PHL,2017,68.0
Philippines,PHL,2018,67.0
Philippines,PHL,2019,66.0
Philippines,PHL,2020,69.0
Philippines,PHL,2021,68.0
Philippines,PHL,2022,69.0
Philippines,PHL,2023,69.0
Poland,POL,2000,67.0
Poland,POL,2001,68.0
Poland,POL,2002,69.0
Poland,POL,2003,69.0
Poland,POL,2004,70.0
Poland,POL,2005,71.0
Poland,POL,2006,72.0
Poland,POL,2007,73.0
Poland,POL,2008,74.0
Poland,POL,2009,75.0
Poland,POL,2010,75.0
Poland,POL,2011,77.0
Poland,POL,2012,78.0
Poland,POL,2013,79.0
Poland,POL,2014,79.0
Poland,POL,2015,80.0
Poland,POL,2016,80.0
Poland,POL,2017,81.0
Poland,POL,2018,81.0
Poland,POL,2019,81.0
Poland,POL,2020,79.0
Poland,POL,2021,82.0
Poland,POL,2022,83.0
Poland,POL,2023,82.0
Portugal,PRT,2000,81.0
Portugal,PRT,2001,81.0
Portugal,PRT,2002,81.0
Portugal,PRT,2003,82.0
Portugal,PRT,2004,82.0
Portugal,PRT,2005,82.0
Portugal,PRT,2006,83.0
Portugal,PRT,2007,83.0
Portugal,PRT,2008,83.0
Portugal,PRT,2009,83.0
Portugal,PRT,2010,83.0
Portugal,PRT,2011,83.0
Portugal,PRT,2012,84.0
Portugal,PRT,2013,84.0
Portugal,PRT,2014,84.0
Portugal,PRT,2015,84.0
Portugal,PRT,2016,84.0
Portugal,PRT,2017,84.0
Portugal,PRT,2018,83.0
Portugal,PRT,2019,83.0
Portugal,PRT,2020,83.0
Portugal,PRT,2021,83.0
Portugal,PRT,2022,84.0
Portugal,PRT,2023,83.0
Qatar,QAT,2000,81.0
Qatar,QAT,2001,81.0
Qatar,QAT,2002,81.0
Qatar,QAT,2003,82.0
Qatar,QAT,2004,82.0
Qatar,QAT,2005,82.0
Qatar,QAT,2006,82.0
Qatar,QAT,2007,82.0
Qatar,QAT,2008,81.0
Qatar,QAT,2009,80.0
Qatar,QAT,2010,80.0
Qatar,QAT,2011,82.0
Qatar,QAT,2012,82.0
Qatar,QAT,2013,82.0
Qatar,QAT,2014,82.0
Qatar,QAT,2015,82.0
Qatar,QAT,2016,81.0
Qatar,QAT,2017,80.0
Qatar,QAT,2018,82.0
Qatar,QAT,2019,83.0
Qatar,QAT,2020,83.0
Qatar,QAT,2021,84.0
Qatar,QAT,2022,84.0
Qatar,QAT,2023,84.0
Romania,ROU,2000,63.0
Romania,ROU,2001,64.0
Romania,ROU,2002,65.0
Romania,ROU,2003,65.0
Romania,ROU,2004,66.0
Romania,ROU,2005,67.0
Romania,ROU,2006,67.0
Romania,ROU,2007,68.0
Romania,ROU,2008,69.0
Romania,ROU,2009,70.0
Romania,ROU,2010,70.0
Romania,ROU,2011,71.0
Romania,ROU,2012,72.0
Romania,ROU,2013,72.0
Romania,ROU,2014,74.0
Romania,ROU,2015,74.0
Romania,ROU,2016,75.0
Romania,ROU,2017,75.0
Romania,ROU,2018,76.0
Romania,ROU,2019,76.0
Romania,ROU,2020,76.0
Romania,ROU,2021,76.0
Romania,ROU,2022,77.0
Romania,ROU,2023,77.0
Russia,RUS,2000,68.0
Russia,RUS,2001,69.0
Russia,RUS,2002,70.0
Russia,RUS,2003,70.0
Russia,RUS,2004,71.0
Russia,RUS,2005,72.0
Russia,RUS,2006,72.0
Russia,RUS,2007,73.0
Russia,RUS,2008,73.0
Russia,RUS,2009,74.0
Russia,RUS,2010,75.0
Russia,RUS,2011,75.0
Russia,RUS,2012,75.0
Russia,RUS,2013,76.0
Russia,RUS,2014,76.0
Russia,RUS,2015,76.0
Russia,RUS,2016,78.0
Russia,RUS,2017,78.0
Russia,RUS,2018,79.0
Russia,RUS,2019,79.0
Russia,RUS,2020,80.0
Russia,RUS,2021,80.0
Russia,RUS,2022,80.0
Russia,RUS,2023,81.0
Rwanda,RWA,2000,18.0
Rwanda,RWA,2001,19.0
Rwanda,RWA,2002,21.0
Rwanda,RWA,2003,21.0
Rwanda,RWA,2004,20.0
Rwanda,RWA,2005,22.0
Rwanda,RWA,2006,31.0
Rwanda,RWA,2007,36.0
Rwanda,RWA,2008,36.0
Rwanda,RWA,2009,38.0
Rwanda,RWA,2010,44.0
Rwanda,RWA,2011,45.0
Rwanda,RWA,2012,47.0
Rwanda,RWA,2013,50.0
Rwanda,RWA,2014,51.0
Rwanda,RWA,2015,50.0
Rwanda,RWA,2016,52.0
Rwanda,RWA,2017,56.0
Rwanda,RWA,2018,57.0
Rwanda,RWA,2019,55.0
Rwanda,RWA,2020,56.0
Rwanda,RWA,2021,55.0
Rwanda,RWA,2022,58.0
Rwanda,RWA,2023,59.0
Saint Kitts and Nevis,KNA,2000,75.0
Saint Kitts and Nevis,KNA,2001,75.0
Saint Kitts and Nevis,KNA,2002,75.0
Saint Kitts and Nevis,KNA,2003,76.0
Saint Kitts and Nevis,KNA,2004,76.0
Saint Kitts and Nevis,KNA,2005,77.0
Saint Kitts and Nevis,KNA,2006,77.0
Saint Kitts and Nevis,KNA,2007,77.0
Saint Kitts and Nevis,KNA,2008,78.0
Saint Kitts and Nevis,KNA,2009,78.0
Saint Kitts and Nevis,KNA,2010,78.0
Saint Kitts and Nevis,KNA,2011,78.0
Saint Kitts and Nevis,KNA,2012,79.0
Saint Kitts and Nevis,KNA,2013,79.0
Saint Kitts and Nevis,KNA,2014,79.0
Saint Kitts and Nevis,KNA,2015,79.0
Saint Kitts and Nevis,KNA,2016,79.0
Saint Kitts and Nevis,KNA,2017,78.0
Saint Kitts and Nevis,KNA,2018,78.0
Saint Kitts and Nevis,KNA,2019,78.0
Saint Kitts and Nevis,KNA,2020,78.0
Saint Kitts and Nevis,KNA,2021,80.0
Saint Kitts and Nevis,KNA,2022,81.0
Saint Kitts and Nevis,KNA,2023,80.0
Saint Lucia,LCA,2000,67.0
Saint Lucia,LCA,2001,68.0
Saint Lucia,LCA,2002,68.0
Saint Lucia,LCA,2003,69.0
Saint Lucia,LCA,2004,68.0
Saint Lucia,LCA,2005,68.0
Saint Lucia,LCA,2006,68.0
Saint Lucia,LCA,2007,69.0
Saint Lucia,LCA,2008,69.0
Saint Lucia,LCA,2009,69.0
Saint Lucia,LCA,2010,69.0
Saint Lucia,LCA,2011,71.0
Saint Lucia,LCA,2012,71.0
Saint Lucia,LCA,2013,71.0
Saint Lucia,LCA,2014,72.0
Saint Lucia,LCA,2015,75.0
Saint Lucia,LCA,2016,77.0
Saint Lucia,LCA,2017,76.0
Saint Lucia,LCA,2018,76.0
Saint Lucia,LCA,2019,78.0
Saint Lucia,LCA,2020,78.0
Saint Lucia,LCA,2021,77.0
Saint Lucia,LCA,2022,74.0
Saint Lucia,LCA,2023,75.0
Saint Vincent-Grenadines,VCT,2000,67.0
Saint Vincent-Grenadines,VCT,2001,68.0
Saint Vincent-Grenadines,VCT,2002,69.0
Saint Vincent-Grenadines,VCT,2003,70.0
Saint Vincent-Grenadines,VCT,2004,71.0
Saint Vincent-Grenadines,VCT,2005,71.0
Saint Vincent-Grenadines,VCT,2006,71.0
Saint Vincent-Grenadines,VCT,2007,71.0
Saint Vincent-Grenadines,VCT,2008,71.0
Saint Vincent-Grenadines,VCT,2009,71.0
Saint Vincent-Grenadines,VCT,2010,71.0
Saint Vincent-Grenadines,VCT,2011,75.0
Saint Vincent-Grenadines,VCT,2012,75.0
Saint Vincent-Grenadines,VCT,2013,79.0
Saint Vincent-Grenadines,VCT,2014,78.0
Saint Vincent-Grenadines,VCT,2015,76.0
Saint Vincent-Grenadines,VCT,2016,80.0
Saint Vincent-Grenadines,VCT,2017,79.0
Saint Vincent-Grenadines,VCT,2018,78.0
Saint Vincent-Grenadines,VCT,2019,79.0
Saint Vincent-Grenadines,VCT,2020,77.0
Saint Vincent-Grenadines,VCT,2021,74.0
Saint Vincent-Grenadines,VCT,2022,80.0
Saint Vincent-Grenadines,VCT,2023,80.0
Samoa,WSM,2000,58.0
Samoa,WSM,2001,58.0
Samoa,WSM,2002,58.0
Samoa,WSM,2003,59.0
Samoa,WSM,2004,58.0
Samoa,WSM,2005,56.0
Samoa,WSM,2006,56.0
Samoa,WSM,2007,57.0
Samoa,WSM,2008,57.0
Samoa,WSM,2009,57.0
Samoa,WSM,2010,58.0
Samoa,WSM,2011,59.0
Samoa,WSM,2012,59.0
Samoa,WSM,2013,61.0
Samoa,WSM,2014,61.0
Samoa,WSM,2015,62.0
Samoa,WSM,2016,62.0
Samoa,WSM,2017,62.0
Samoa,WSM,2018,62.0
Samoa,WSM,2019,63.0
Samoa,WSM,2020,63.0
Samoa,WSM,2021,62.0
Samoa,WSM,2022,62.0
Samoa,WSM,2023,62.0
San Marino,SMR,2000,70.0
San Marino,SMR,2001,71.0
San Marino,SMR,2002,71.0
San Marino,SMR,2003,71.0
San Marino,SMR,2004,72.0
San Marino,SMR,2005,72.0
San Marino,SMR,2006,73.0
San Marino,SMR,2007,73.0
San Marino,SMR,2008,73.0
San Marino,SMR,2009,74.0
San Marino,SMR,2010,74.0
San Marino,SMR,2011,75.0
San Marino,SMR,2012,75.0
San Marino,SMR,2013,76.0
San Marino,SMR,2014,77.0
San Marino,SMR,2015,77.0
San Marino,SMR,2016,78.0
San Marino,SMR,2017,78.0
San Marino,SMR,2018,74.0
San Marino,SMR,2019,74.0
San Marino,SMR,2020,74.0
San Marino,SMR,2021,74.0
San Marino,SMR,2022,74.0
San Marino,SMR,2023,74.0
São Tomé and Príncipe,STP,2000,41.0
São Tomé and Príncipe,STP,2001,42.0
São Tomé and Príncipe,STP,2002,43.0
São Tomé and Príncipe,STP,2003,44.0
São Tomé and Príncipe,STP,2004,45.0
São Tomé and Príncipe,STP,2005,47.0
São Tomé and Príncipe,STP,2006,48.0
São Tomé and Príncipe,STP,2007,48.0
São Tomé and Príncipe,STP,2008,49.0
São Tomé and Príncipe,STP,2009,50.0
São Tomé and Príncipe,STP,2010,51.0
São Tomé and Príncipe,STP,2011,51.0
São Tomé and Príncipe,STP,2012,51.0
São Tomé and Príncipe,STP,2013,51.0
São Tomé and Príncipe,STP,2014,51.0
São Tomé and Príncipe,STP,2015,52.0
São Tomé and Príncipe,STP,2016,53.0
São Tomé and Príncipe,STP,2017,53.0
São Tomé and Príncipe,STP,2018,58.0
São Tomé and Príncipe,STP,2019,58.0
São Tomé and Príncipe,STP,2020,58.0
São Tomé and Príncipe,STP,2021,59.0
São Tomé and Príncipe,STP,2022,60.0
São Tomé and Príncipe,STP,2023,60.0
Saudi Arabia,SAU,2000,74.0
Saudi Arabia,SAU,2001,75.0
Saudi Arabia,SAU,2002,76.0
Saudi Arabia,SAU,2003,77.0
Saudi Arabia,SAU,2004,78.0
Saudi Arabia,SAU,2005,78.0
Saudi Arabia,SAU,2006,79.0
Saudi Arabia,SAU,2007,80.0
Saudi Arabia,SAU,2008,80.0
Saudi Arabia,SAU,2009,81.0
Saudi Arabia,SAU,2010,81.0
Saudi Arabia,SAU,2011,81.0
Saudi Arabia,SAU,2012,81.0
Saudi Arabia,SAU,2013,82.0
Saudi Arabia,SAU,2014,82.0
Saudi Arabia,SAU,2015,82.0
Saudi Arabia,SAU,2016,82.0
Saudi Arabia,SAU,2017,82.0
Saudi Arabia,SAU,2018,80.0
Saudi Arabia,SAU,2019,80.0
Saudi Arabia,SAU,2020,81.0
Saudi Arabia,SAU,2021,82.0
Saudi Arabia,SAU,2022,82.0
Saudi Arabia,SAU,2023,83.0
Senegal,SEN,2000,24.0
Senegal,SEN,2001,24.0
Senegal,SEN,2002,25.0
Senegal,SEN,2003,25.0
Senegal,SEN,2004,23.0
Senegal,SEN,2005,25.0
Senegal,SEN,2006,31.0
Senegal,SEN,2007,34.0
Senegal,SEN,2008,36.0
Senegal,SEN,2009,39.0
Senegal,SEN,2010,39.0
Senegal,SEN,2011,40.0
Senegal,SEN,2012,40.0
Senegal,SEN,2013,42.0
Senegal,SEN,2014,41.0
Senegal,SEN,2015,42.0
Senegal,SEN,2016,46.0
Senegal,SEN,2017,47.0
Senegal,SEN,2018,47.0
Senegal,SEN,2019,50.0
Senegal,SEN,2020,49.0
Senegal,SEN,2021,48.0
Senegal,SEN,2022,49.0
Senegal,SEN,2023,48.0
Serbia,SRB,2000,56.0
Serbia,SRB,2001,56.0
Serbia,SRB,2002,56.0
Serbia,SRB,2003,57.0
Serbia,SRB,2004,57.0
Serbia,SRB,2005,57.0
Serbia,SRB,2006,58.0
Serbia,SRB,2007,58.0
Serbia,SRB,2008,58.0
Serbia,SRB,2009,59.0
Serbia,SRB,2010,59.0
Serbia,SRB,2011,59.0
Serbia,SRB,2012,63.0
Serbia,SRB,2013,66.0
Serbia,SRB,2014,67.0
Serbia,SRB,2015,67.0
Serbia,SRB,2016,67.0
Serbia,SRB,2017,68.0
Serbia,SRB,2018,71.0
Serbia,SRB,2019,71.0
Serbia,SRB,2020,71.0
Serbia,SRB,2021,72.0
Serbia,SRB,2022,72.0
Serbia,SRB,2023,73.0
Seychelles,SYC,2000,62.0
Seychelles,SYC,2001,62.0
Seychelles,SYC,2002,62.0
Seychelles,SYC,2003,63.0
Seychelles,SYC,2004,64.0
Seychelles,SYC,2005,64.0
Seychelles,SYC,2006,65.0
Seychelles,SYC,2007,66.0
Seychelles,SYC,2008,66.0
Seychelles,SYC,2009,67.0
Seychelles,SYC,2010,67.0
Seychelles,SYC,2011,72.0
Seychelles,SYC,2012,73.0
Seychelles,SYC,2013,76.0
Seychelles,SYC,2014,79.0
Seychelles,SYC,2015,80.0
Seychelles,SYC,2016,81.0
Seychelles,SYC,2017,81.0
Seychelles,SYC,2018,78.0
Seychelles,SYC,2019,78.0
Seychelles,SYC,2020,79.0
Seychelles,SYC,2021,78.0
Seychelles,SYC,2022,79.0
Seychelles,SYC,2023,80.0
Sierra Leone,SLE,2000,18.0
Sierra Leone,SLE,2001,18.0
Sierra Leone,SLE,2002,18.0
Sierra Leone,SLE,2003,18.0
Sierra Leone,SLE,2004,17.0
Sierra Leone,SLE,2005,18.0
Sierra Leone,SLE,2006,23.0
Sierra Leone,SLE,2007,24.0
Sierra Leone,SLE,2008,24.0
Sierra Leone,SLE,2009,26.0
Sierra Leone,SLE,2010,31.0
Sierra Leone,SLE,2011,36.0
Sierra Leone,SLE,2012,38.0
Sierra Leone,SLE,2013,40.0
Sierra Leone,SLE,2014,43.0
Sierra Leone,SLE,2015,43.0
Sierra Leone,SLE,2016,40.0
Sierra Leone,SLE,2017,44.0
Sierra Leone,SLE,2018,42.0
Sierra Leone,SLE,2019,42.0
Sierra Leone,SLE,2020,41.0
Sierra Leone,SLE,2021,45.0
Sierra Leone,SLE,2022,45.0
Sierra Leone,SLE,2023,48.0
Singapore,SGP,2000,85.0
Singapore,SGP,2001,85.0
Singapore,SGP,2002,85.0
Singapore,SGP,2003,86.0
Singapore,SGP,2004,86.0
Singapore,SGP,2005,86.0
Singapore,SGP,2006,86.0
Singapore,SGP,2007,86.0
Singapore,SGP,2008,87.0
Singapore,SGP,2009,87.0
Singapore,SGP,2010,87.0
Singapore,SGP,2011,87.0
Singapore,SGP,2012,87.0
Singapore,SGP,2013,88.0
Singapore,SGP,2014,88.0
Singapore,SGP,2015,88.0
Singapore,SGP,2016,88.0
Singapore,SGP,2017,88.0
Singapore,SGP,2018,88.0
Singapore,SGP,2019,88.0
Singapore,SGP,2020,88.0
Singapore,SGP,2021,88.0
Singapore,SGP,2022,88.0
Singapore,SGP,2023,88.0
Slovakia,SVK,2000,75.0
Slovakia,SVK,2001,75.0
Slovakia,SVK,2002,76.0
Slovakia,SVK,2003,76.0
Slovakia,SVK,2004,76.0
Slovakia,SVK,2005,77.0
Slovakia,SVK,2006,77.0
Slovakia,SVK,2007,77.0
Slovakia,SVK,2008,77.0
Slovakia,SVK,2009,78.0
Slovakia,SVK,2010,78.0
Slovakia,SVK,2011,79.0
Slovakia,SVK,2012,80.0
Slovakia,SVK,2013,81.0
Slovakia,SVK,2014,81.0
Slovakia,SVK,2015,82.0
Slovakia,SVK,2016,82.0
Slovakia,SVK,2017,82.0
Slovakia,SVK,2018,80.0
Slovakia,SVK,2019,81.0
Slovakia,SVK,2020,81.0
Slovakia,SVK,2021,80.0
Slovakia,SVK,2022,80.0
Slovakia,SVK,2023,78.0
Slovenia,SVN,2000,77.0
Slovenia,SVN,2001,78.0
Slovenia,SVN,2002,78.0
Slovenia,SVN,2003,78.0
Slovenia,SVN,2004,79.0
Slovenia,SVN,2005,79.0
Slovenia,SVN,2006,79.0
Slovenia,SVN,2007,80.0
Slovenia,SVN,2008,80.0
Slovenia,SVN,2009,80.0
Slovenia,SVN,2010,81.0
Slovenia,SVN,2011,80.0
Slovenia,SVN,2012,80.0
Slovenia,SVN,2013,80.0
Slovenia,SVN,2014,81.0
Slovenia,SVN,2015,82.0
Slovenia,SVN,2016,82.0
Slovenia,SVN,2017,83.0
Slovenia,SVN,2018,83.0
Slovenia,SVN,2019,84.0
Slovenia,SVN,2020,84.0
Slovenia,SVN,2021,83.0
Slovenia,SVN,2022,84.0
Slovenia,SVN,2023,84.0
Solomon Islands,SLB,2000,38.0
Solomon Islands,SLB,2001,39.0
Solomon Islands,SLB,2002,39.0
Solomon Islands,SLB,2003,39.0
Solomon Islands,SLB,2004,39.0
Solomon Islands,SLB,2005,39.0
Solomon Islands,SLB,2006,40.0
Solomon Islands,SLB,2007,40.0
Solomon Islands,SLB,2008,41.0
Solomon Islands,SLB,2009,42.0
Solomon Islands,SLB,2010,42.0
Solomon Islands,SLB,2011,42.0
Solomon Islands,SLB,2012,42.0
Solomon Islands,SLB,2013,44.0
Solomon Islands,SLB,2014,45.0
Solomon Islands,SLB,2015,45.0
Solomon Islands,SLB,2016,46.0
Solomon Islands,SLB,2017,46.0
Solomon Islands,SLB,2018,44.0
Solomon Islands,SLB,2019,45.0
Solomon Islands,SLB,2020,46.0
Solomon Islands,SLB,2021,46.0
Solomon Islands,SLB,2022,47.0
Solomon Islands,SLB,2023,47.0
Somalia,SOM,2000,14.0
Somalia,SOM,2001,14.0
Somalia,SOM,2002,14.0
Somalia,SOM,2003,14.0
Somalia,SOM,2004,14.0
Somalia,SOM,2005,15.0
Somalia,SOM,2006,16.0
Somalia,SOM,2007,18.0
Somalia,SOM,2008,19.0
Somalia,SOM,2009,21.0
Somalia,SOM,2010,21.0
Somalia,SOM,2011,22.0
Somalia,SOM,2012,23.0
Somalia,SOM,2013,24.0
Somalia,SOM,2014,22.0
Somalia,SOM,2015,24.0
Somalia,SOM,2016,26.0
Somalia,SOM,2017,28.0
Somalia,SOM,2018,29.0
Somalia,SOM,2019,28.0
Somalia,SOM,2020,29.0
Somalia,SOM,2021,29.0
Somalia,SOM,2022,30.0
Somalia,SOM,2023,30.0
South Africa,ZAF,2000,54.0
South Africa,ZAF,2001,54.0
South Africa,ZAF,2002,55.0
South Africa,ZAF,2003,56.0
South Africa,ZAF,2004,57.0
South Africa,ZAF,2005,58.0
South Africa,ZAF,2006,59.0
South Africa,ZAF,2007,60.0
South Africa,ZAF,2008,61.0
South Africa,ZAF,2009,62.0
South Africa,ZAF,2010,63.0
South Africa,ZAF,2011,64.0
South Africa,ZAF,2012,65.0
South Africa,ZAF,2013,65.0
South Africa,ZAF,2014,67.0
South Africa,ZAF,2015,68.0
South Africa,ZAF,2016,68.0
South Africa,ZAF,2017,68.0
South Africa,ZAF,2018,67.0
South Africa,ZAF,2019,67.0
South Africa,ZAF,2020,68.0
South Africa,ZAF,2021,72.0
South Africa,ZAF,2022,75.0
South Africa,ZAF,2023,74.0
South Korea,KOR,2000,75.0
South Korea,KOR,2001,76.0
South Korea,KOR,2002,77.0
South Korea,KOR,2003,78.0
South Korea,KOR,2004,79.0
South Korea,KOR,2005,79.0
South Korea,KOR,2006,80.0
South Korea,KOR,2007,81.0
South Korea,KOR,2008,81.0
South Korea,KOR,2009,82.0
South Korea,KOR,2010,82.0
South Korea,KOR,2011,84.0
South Korea,KOR,2012,85.0
South Korea,KOR,2013,85.0
South Korea,KOR,2014,86.0
South Korea,KOR,2015,86.0
South Korea,KOR,2016,86.0
South Korea,KOR,2017,87.0
South Korea,KOR,2018,87.0
South Korea,KOR,2019,87.0
South Korea,KOR,2020,87.0
South Korea,KOR,2021,87.0
South Korea,KOR,2022,88.0
South Korea,KOR,2023,88.0
South Sudan,SSD,2000,21.0
South Sudan,SSD,2001,21.0
South Sudan,SSD,2002,21.0
South Sudan,SSD,2003,21.0
South Sudan,SSD,2004,22.0
South Sudan,SSD,2005,23.0
South Sudan,SSD,2006,24.0
South Sudan,SSD,2007,26.0
South Sudan,SSD,2008,28.0
South Sudan,SSD,2009,31.0
South Sudan,SSD,2010,28.0
South Sudan,SSD,2011,26.0
South Sudan,SSD,2012,29.0
South Sudan,SSD,2013,33.0
South Sudan,SSD,2014,32.0
South Sudan,SSD,2015,31.0
South Sudan,SSD,2016,35.0
South Sudan,SSD,2017,35.0
South Sudan,SSD,2018,35.0
South Sudan,SSD,2019,36.0
South Sudan,SSD,2020,40.0
South Sudan,SSD,2021,41.0
South Sudan,SSD,2022,39.0
South Sudan,SSD,2023,41.0
Spain,ESP,2000,74.0
Spain,ESP,2001,75.0
Spain,ESP,2002,75.0
Spain,ESP,2003,75.0
Spain,ESP,2004,76.0
Spain,ESP,2005,76.0
Spain,ESP,2006,76.0
Spain,ESP,2007,77.0
Spain,ESP,2008,77.0
Spain,ESP,2009,77.0
Spain,ESP,2010,78.0
Spain,ESP,2011,81.0
Spain,ESP,2012,83.0
Spain,ESP,2013,79.0
Spain,ESP,2014,84.0
Spain,ESP,2015,83.0
Spain,ESP,2016,84.0
Spain,ESP,2017,84.0
Spain,ESP,2018,83.0
Spain,ESP,2019,84.0
Spain,ESP,2020,84.0
Spain,ESP,2021,84.0
Spain,ESP,2022,84.0
Spain,ESP,2023,84.0
Sri Lanka,LKA,2000,61.0
Sri Lanka,LKA,2001,60.0
Sri Lanka,LKA,2002,61.0
Sri Lanka,LKA,2003,63.0
Sri Lanka,LKA,2004,64.0
Sri Lanka,LKA,2005,64.0
Sri Lanka,LKA,2006,65.0
Sri Lanka,LKA,2007,66.0
Sri Lanka,LKA,2008,65.0
Sri Lanka,LKA,2009,66.0
Sri Lanka,LKA,2010,67.0
Sri Lanka,LKA,2011,67.0
Sri Lanka,LKA,2012,68.0
Sri Lanka,LKA,2013,68.0
Sri Lanka,LKA,2014,69.0
Sri Lanka,LKA,2015,69.0
Sri Lanka,LKA,2016,70.0
Sri Lanka,LKA,2017,70.0
Sri Lanka,LKA,2018,68.0
Sri Lanka,LKA,2019,70.0
Sri Lanka,LKA,2020,71.0
Sri Lanka,LKA,2021,72.0
Sri Lanka,LKA,2022,72.0
Sri Lanka,LKA,2023,72.0
Sudan,SDN,2000,27.0
Sudan,SDN,2001,27.0
Sudan,SDN,2002,27.0
Sudan,SDN,2003,27.0
Sudan,SDN,2004,28.0
Sudan,SDN,2005,29.0
Sudan,SDN,2006,31.0
Sudan,SDN,2007,33.0
Sudan,SDN,2008,34.0
Sudan,SDN,2009,37.0
Sudan,SDN,2010,38.0
Sudan,SDN,2011,39.0
Sudan,SDN,2012,41.0
Sudan,SDN,2013,45.0
Sudan,SDN,2014,46.0
Sudan,SDN,2015,45.0
Sudan,SDN,2016,46.0
Sudan,SDN,2017,47.0
Sudan,SDN,2018,47.0
Sudan,SDN,2019,47.0
Sudan,SDN,2020,47.0
Sudan,SDN,2021,46.0
Sudan,SDN,2022,48.0
Sudan,SDN,2023,48.0
Suriname,SUR,2000,59.0
Suriname,SUR,2001,62.0
Suriname,SUR,2002,65.0
Suriname,SUR,2003,67.0
Suriname,SUR,2004,69.0
Suriname,SUR,2005,70.0
Suriname,SUR,2006,70.0
Suriname,SUR,2007,70.0
Suriname,SUR,2008,70.0
Suriname,SUR,2009,70.0
Suriname,SUR,2010,70.0
Suriname,SUR,2011,70.0
Suriname,SUR,2012,71.0
Suriname,SUR,2013,73.0
Suriname,SUR,2014,73.0
Suriname,SUR,2015,74.0
Suriname,SUR,2016,75.0
Suriname,SUR,2017,75.0
Suriname,SUR,2018,76.0
Suriname,SUR,2019,77.0
Suriname,SUR,2020,77.0
Suriname,SUR,2021,75.0
Suriname,SUR,2022,75.0
Suriname,SUR,2023,74.0
Sweden,SWE,2000,70.0
Sweden,SWE,2001,71.0
Sweden,SWE,2002,72.0
Sweden,SWE,2003,73.0
Sweden,SWE,2004,74.0
Sweden,SWE,2005,75.0
Sweden,SWE,2006,76.0
Sweden,SWE,2007,77.0
Sweden,SWE,2008,78.0
Sweden,SWE,2009,79.0
Sweden,SWE,2010,79.0
Sweden,SWE,2011,80.0
Sweden,SWE,2012,82.0
Sweden,SWE,2013,82.0
Sweden,SWE,2014,82.0
Sweden,SWE,2015,83.0
Sweden,SWE,2016,83.0
Sweden,SWE,2017,84.0
Sweden,SWE,2018,84.0
Sweden,SWE,2019,84.0
Sweden,SWE,2020,85.0
Sweden,SWE,2021,85.0
Sweden,SWE,2022,85.0
Sweden,SWE,2023,85.0
Switzerland,CHE,2000,81.0
Switzerland,CHE,2001,81.0
Switzerland,CHE,2002,81.0
Switzerland,CHE,2003,82.0
Switzerland,CHE,2004,82.0
Switzerland,CHE,2005,82.0
Switzerland,CHE,2006,83.0
Switzerland,CHE,2007,83.0
Switzerland,CHE,2008,83.0
Switzerland,CHE,2009,83.0
Switzerland,CHE,2010,84.0
Switzerland,CHE,2011,84.0
Switzerland,CHE,2012,85.0
Switzerland,CHE,2013,85.0
Switzerland,CHE,2014,85.0
Switzerland,CHE,2015,86.0
Switzerland,CHE,2016,86.0
Switzerland,CHE,2017,86.0
Switzerland,CHE,2018,86.0
Switzerland,CHE,2019,86.0
Switzerland,CHE,2020,86.0
Switzerland,CHE,2021,86.0
Switzerland,CHE,2022,87.0
Switzerland,CHE,2023,87.0
Syria,SYR,2000,66.0
Syria,SYR,2001,66.0
Syria,SYR,2002,67.0
Syria,SYR,2003,67.0
Syria,SYR,2004,68.0
Syria,SYR,2005,68.0
Syria,SYR,2006,69.0
Syria,SYR,2007,69.0
Syria,SYR,2008,69.0
Syria,SYR,2009,69.0
Syria,SYR,2010,70.0
Syria,SYR,2011,70.0
Syria,SYR,2012,71.0
Syria,SYR,2013,71.0
Syria,SYR,2014,72.0
Syria,SYR,2015,71.0
Syria,SYR,2016,70.0
Syria,SYR,2017,72.0
Syria,SYR,2018,72.0
Syria,SYR,2019,70.0
Syria,SYR,2020,71.0
Syria,SYR,2021,72.0
Syria,SYR,2022,72.0
Syria,SYR,2023,70.0
Tajikistan,TJK,2000,66.0
Tajikistan,TJK,2001,66.0
Tajikistan,TJK,2002,67.0
Tajikistan,TJK,2003,67.0
Tajikistan,TJK,2004,68.0
Tajikistan,TJK,2005,68.0
Tajikistan,TJK,2006,69.0
Tajikistan,TJK,2007,69.0
Tajikistan,TJK,2008,69.0
Tajikistan,TJK,2009,69.0
Tajikistan,TJK,2010,70.0
Tajikistan,TJK,2011,70.0
Tajikistan,TJK,2012,70.0
Tajikistan,TJK,2013,72.0
Tajikistan,TJK,2014,73.0
Tajikistan,TJK,2015,73.0
Tajikistan,TJK,2016,72.0
Tajikistan,TJK,2017,72.0
Tajikistan,TJK,2018,71.0
Tajikistan,TJK,2019,71.0
Tajikistan,TJK,2020,71.0
Tajikistan,TJK,2021,71.0
Tajikistan,TJK,2022,72.0
Tajikistan,TJK,2023,72.0
Tanzania,TZA,2000,20.0
Tanzania,TZA,2001,21.0
Tanzania,TZA,2002,22.0
Tanzania,TZA,2003,23.0
Tanzania,TZA,2004,25.0
Tanzania,TZA,2005,27.0
Tanzania,TZA,2006,29.0
Tanzania,TZA,2007,31.0
Tanzania,TZA,2008,32.0
Tanzania,TZA,2009,36.0
Tanzania,TZA,2010,39.0
Tanzania,TZA,2011,42.0
Tanzania,TZA,2012,43.0
Tanzania,TZA,2013,42.0
Tanzania,TZA,2014,38.0
Tanzania,TZA,2015,42.0
Tanzania,TZA,2016,43.0
Tanzania,TZA,2017,44.0
Tanzania,TZA,2018,42.0
Tanzania,TZA,2019,44.0
Tanzania,TZA,2020,45.0
Tanzania,TZA,2021,46.0
Tanzania,TZA,2022,47.0
Tanzania,TZA,2023,49.0
Thailand,THA,2000,68.0
Thailand,THA,2001,69.0
Thailand,THA,2002,70.0
Thailand,THA,2003,71.0
Thailand,THA,2004,71.0
Thailand,THA,2005,72.0
Thailand,THA,2006,72.0
Thailand,THA,2007,73.0
Thailand,THA,2008,73.0
Thailand,THA,2009,73.0
Thailand,THA,2010,75.0
Thailand,THA,2011,78.0
Thailand,THA,2012,78.0
Thailand,THA,2013,79.0
Thailand,THA,2014,79.0
Thailand,THA,2015,80.0
Thailand,THA,2016,81.0
Thailand,THA,2017,81.0
Thailand,THA,2018,80.0
Thailand,THA,2019,81.0
Thailand,THA,2020,81.0
Thailand,THA,2021,82.0
Thailand,THA,2022,82.0
Thailand,THA,2023,82.0
Togo,TGO,2000,21.0
Togo,TGO,2001,20.0
Togo,TGO,2002,18.0
Togo,TGO,2003,18.0
Togo,TGO,2004,23.0
Togo,TGO,2005,25.0
Togo,TGO,2006,25.0
Togo,TGO,2007,24.0
Togo,TGO,2008,27.0
Togo,TGO,2009,28.0
Togo,TGO,2010,28.0
Togo,TGO,2011,33.0
Togo,TGO,2012,36.0
Togo,TGO,2013,37.0
Togo,TGO,2014,38.0
Togo,TGO,2015,37.0
Togo,TGO,2016,36.0
Togo,TGO,2017,40.0
Togo,TGO,2018,39.0
Togo,TGO,2019,40.0
Togo,TGO,2020,38.0
Togo,TGO,2021,38.0
Togo,TGO,2022,39.0
Togo,TGO,2023,42.0
Tonga,TON,2000,66.0
Tonga,TON,2001,66.0
Tonga,TON,2002,66.0
Tonga,TON,2003,66.0
Tonga,TON,2004,66.0
Tonga,TON,2005,66.0
Tonga,TON,2006,67.0
Tonga,TON,2007,67.0
Tonga,TON,2008,67.0
Tonga,TON,2009,67.0
Tonga,TON,2010,68.0
Tonga,TON,2011,67.0
Tonga,TON,2012,67.0
Tonga,TON,2013,70.0
Tonga,TON,2014,70.0
Tonga,TON,2015,69.0
Tonga,TON,2016,69.0
Tonga,TON,2017,69.0
Tonga,TON,2018,69.0
Tonga,TON,2019,70.0
Tonga,TON,2020,71.0
Tonga,TON,2021,70.0
Tonga,TON,2022,71.0
Tonga,TON,2023,71.0
Trinidad and Tobago,TTO,2000,70.0
Trinidad and Tobago,TTO,2001,71.0
Trinidad and Tobago,TTO,2002,71.0
Trinidad and Tobago,TTO,2003,71.0
Trinidad and Tobago,TTO,2004,72.0
Trinidad and Tobago,TTO,2005,73.0
Trinidad and Tobago,TTO,2006,73.0
Trinidad and Tobago,TTO,2007,73.0
Trinidad and Tobago,TTO,2008,73.0
Trinidad and Tobago,TTO,2009,74.0
Trinidad and Tobago,TTO,2010,73.0
Trinidad and Tobago,TTO,2011,74.0
Trinidad and Tobago,TTO,2012,75.0
Trinidad and Tobago,TTO,2013,76.0
Trinidad and Tobago,TTO,2014,76.0
Trinidad and Tobago,TTO,2015,76.0
Trinidad and Tobago,TTO,2016,77.0
Trinidad and Tobago,TTO,2017,76.0
Trinidad and Tobago,TTO,2018,74.0
Trinidad and Tobago,TTO,2019,74.0
Trinidad and Tobago,TTO,2020,75.0
Trinidad and Tobago,TTO,2021,74.0
Trinidad and Tobago,TTO,2022,75.0
Trinidad and Tobago,TTO,2023,75.0
Tunisia,TUN,2000,61.0
Tunisia,TUN,2001,61.0
Tunisia,TUN,2002,62.0
Tunisia,TUN,2003,63.0
Tunisia,TUN,2004,66.0
Tunisia,TUN,2005,66.0
Tunisia,TUN,2006,67.0
Tunisia,TUN,2007,67.0
Tunisia,TUN,2008,67.0
Tunisia,TUN,2009,68.0
Tunisia,TUN,2010,69.0
Tunisia,TUN,2011,69.0
Tunisia,TUN,2012,70.0
Tunisia,TUN,2013,70.0
Tunisia,TUN,2014,72.0
Tunisia,TUN,2015,73.0
Tunisia,TUN,2016,73.0
Tunisia,TUN,2017,74.0
Tunisia,TUN,2018,75.0
Tunisia,TUN,2019,75.0
Tunisia,TUN,2020,76.0
Tunisia,TUN,2021,75.0
Tunisia,TUN,2022,76.0
Tunisia,TUN,2023,76.0
Turkey,TUR,2000,64.0
Turkey,TUR,2001,65.0
Turkey,TUR,2002,65.0
Turkey,TUR,2003,66.0
Turkey,TUR,2004,66.0
Turkey,TUR,2005,67.0
Turkey,TUR,2006,68.0
Turkey,TUR,2007,69.0
Turkey,TUR,2008,69.0
Turkey,TUR,2009,70.0
Turkey,TUR,2010,71.0
Turkey,TUR,2011,72.0
Turkey,TUR,2012,74.0
Turkey,TUR,2013,74.0
Turkey,TUR,2014,74.0
Turkey,TUR,2015,75.0
Turkey,TUR,2016,75.0
Turkey,TUR,2017,76.0
Turkey,TUR,2018,75.0
Turkey,TUR,2019,76.0
Turkey,TUR,2020,77.0
Turkey,TUR,2021,77.0
Turkey,TUR,2022,77.0
Turkey,TUR,2023,77.0
Turkmenistan,TKM,2000,76.0
Turkmenistan,TKM,2001,77.0
Turkmenistan,TKM,2002,77.0
Turkmenistan,TKM,2003,77.0
Turkmenistan,TKM,2004,77.0
Turkmenistan,TKM,2005,78.0
Turkmenistan,TKM,2006,78.0
Turkmenistan,TKM,2007,78.0
Turkmenistan,TKM,2008,78.0
Turkmenistan,TKM,2009,79.0
Turkmenistan,TKM,2010,79.0
Turkmenistan,TKM,2011,79.0
Turkmenistan,TKM,2012,79.0
Turkmenistan,TKM,2013,80.0
Turkmenistan,TKM,2014,80.0
Turkmenistan,TKM,2015,80.0
Turkmenistan,TKM,2016,80.0
Turkmenistan,TKM,2017,79.0
Turkmenistan,TKM,2018,79.0
Turkmenistan,TKM,2019,79.0
Turkmenistan,TKM,2020,79.0
Turkmenistan,TKM,2021,80.0
Turkmenistan,TKM,2022,81.0
Turkmenistan,TKM,2023,81.0
Tuvalu,TUV,2000,57.0
Tuvalu,TUV,2001,58.0
Tuvalu,TUV,2002,59.0
Tuvalu,TUV,2003,60.0
Tuvalu,TUV,2004,61.0
Tuvalu,TUV,2005,61.0
Tuvalu,TUV,2006,62.0
Tuvalu,TUV,2007,62.0
Tuvalu,TUV,2008,63.0
Tuvalu,TUV,2009,63.0
Tuvalu,TUV,2010,64.0
Tuvalu,TUV,2011,64.0
Tuvalu,TUV,2012,64.0
Tuvalu,TUV,2013,64.0
Tuvalu,TUV,2014,64.0
Tuvalu,TUV,2015,65.0
Tuvalu,TUV,2016,64.0
Tuvalu,TUV,2017,63.0
Tuvalu,TUV,2018,64.0
Tuvalu,TUV,2019,63.0
Tuvalu,TUV,2020,63.0
Tuvalu,TUV,2021,65.0
Tuvalu,TUV,2022,65.0
Tuvalu,TUV,2023,65.0
Uganda,UGA,2000,24.0
Uganda,UGA,2001,24.0
Uganda,UGA,2002,24.0
Uganda,UGA,2003,25.0
Uganda,UGA,2004,26.0
Uganda,UGA,2005,28.0
Uganda,UGA,2006,31.0
Uganda,UGA,2007,34.0
Uganda,UGA,2008,36.0
Uganda,UGA,2009,36.0
Uganda,UGA,2010,40.0
Uganda,UGA,2011,39.0
Uganda,UGA,2012,38.0
Uganda,UGA,2013,47.0
Uganda,UGA,2014,49.0
Uganda,UGA,2015,49.0
Uganda,UGA,2016,49.0
Uganda,UGA,2017,51.0
Uganda,UGA,2018,49.0
Uganda,UGA,2019,49.0
Uganda,UGA,2020,52.0
Uganda,UGA,2021,53.0
Uganda,UGA,2022,52.0
Uganda,UGA,2023,54.0
Ukraine,UKR,2000,70.0
Ukraine,UKR,2001,71.0
Ukraine,UKR,2002,71.0
Ukraine,UKR,2003,72.0
Ukraine,UKR,2004,73.0
Ukraine,UKR,2005,74.0
Ukraine,UKR,2006,74.0
Ukraine,UKR,2007,75.0
Ukraine,UKR,2008,76.0
Ukraine,UKR,2009,76.0
Ukraine,UKR,2010,76.0
Ukraine,UKR,2011,77.0
Ukraine,UKR,2012,78.0
Ukraine,UKR,2013,78.0
Ukraine,UKR,2014,78.0
Ukraine,UKR,2015,78.0
Ukraine,UKR,2016,77.0
Ukraine,UKR,2017,75.0
Ukraine,UKR,2018,79.0
Ukraine,UKR,2019,78.0
Ukraine,UKR,2020,79.0
Ukraine,UKR,2021,79.0
Ukraine,UKR,2022,79.0
Ukraine,UKR,2023,80.0
United Arab Emirates,ARE,2000,73.0
United Arab Emirates,ARE,2001,74.0
United Arab Emirates,ARE,2002,74.0
United Arab Emirates,ARE,2003,74.0
United Arab Emirates,ARE,2004,74.0
United Arab Emirates,ARE,2005,71.0
United Arab Emirates,ARE,2006,71.0
United Arab Emirates,ARE,2007,72.0
United Arab Emirates,ARE,2008,72.0
United Arab Emirates,ARE,2009,73.0
United Arab Emirates,ARE,2010,72.0
United Arab Emirates,ARE,2011,74.0
United Arab Emirates,ARE,2012,76.0
United Arab Emirates,ARE,2013,79.0
United Arab Emirates,ARE,2014,80.0
United Arab Emirates,ARE,2015,81.0
United Arab Emirates,ARE,2016,81.0
United Arab Emirates,ARE,2017,82.0
United Arab Emirates,ARE,2018,83.0
United Arab Emirates,ARE,2019,84.0
United Arab Emirates,ARE,2020,84.0
United Arab Emirates,ARE,2021,84.0
United Arab Emirates,ARE,2022,84.0
United Arab Emirates,ARE,2023,84.0
United Kingdom,GBR,2000,77.0
United Kingdom,GBR,2001,78.0
United Kingdom,GBR,2002,79.0
United Kingdom,GBR,2003,80.0
United Kingdom,GBR,2004,80.0
United Kingdom,GBR,2005,81.0
United Kingdom,GBR,2006,82.0
United Kingdom,GBR,2007,82.0
United Kingdom,GBR,2008,83.0
United Kingdom,GBR,2009,84.0
United Kingdom,GBR,2010,84.0
United Kingdom,GBR,2011,84.0
United Kingdom,GBR,2012,85.0
United Kingdom,GBR,2013,85.0
United Kingdom,GBR,2014,86.0
United Kingdom,GBR,2015,86.0
United Kingdom,GBR,2016,86.0
United Kingdom,GBR,2017,87.0
United Kingdom,GBR,2018,87.0
United Kingdom,GBR,2019,87.0
United Kingdom,GBR,2020,88.0
United Kingdom,GBR,2021,88.0
United Kingdom,GBR,2022,88.0
United Kingdom,GBR,2023,88.0
United States,USA,2000,79.0
United States,USA,2001,79.0
United States,USA,2002,80.0
United States,USA,2003,81.0
United States,USA,2004,81.0
United States,USA,2005,82.0
United States,USA,2006,83.0
United States,USA,2007,83.0
United States,USA,2008,83.0
United States,USA,2009,84.0
United States,USA,2010,84.0
United States,USA,2011,85.0
United States,USA,2012,86.0
United States,USA,2013,86.0
United States,USA,2014,86.0
United States,USA,2015,87.0
United States,USA,2016,87.0
United States,USA,2017,87.0
United States,USA,2018,87.0
United States,USA,2019,87.0
United States,USA,2020,87.0
United States,USA,2021,87.0
United States,USA,2022,88.0
United States,USA,2023,88.0
Uruguay,URY,2000,73.0
Uruguay,URY,2001,73.0
Uruguay,URY,2002,74.0
Uruguay,URY,2003,75.0
Uruguay,URY,2004,76.0
Uruguay,URY,2005,77.0
Uruguay,URY,2006,77.0
Uruguay,URY,2007,77.0
Uruguay,URY,2008,77.0
Uruguay,URY,2009,79.0
Uruguay,URY,2010,82.0
Uruguay,URY,2011,83.0
Uruguay,URY,2012,83.0
Uruguay,URY,2013,84.0
Uruguay,URY,2014,84.0
Uruguay,URY,2015,84.0
Uruguay,URY,2016,84.0
Uruguay,URY,2017,85.0
Uruguay,URY,2018,85.0
Uruguay,URY,2019,85.0
Uruguay,URY,2020,85.0
Uruguay,URY,2021,83.0
Uruguay,URY,2022,84.0
Uruguay,URY,2023,85.0
Uzbekistan,UZB,2000,78.0
Uzbekistan,UZB,2001,78.0
Uzbekistan,UZB,2002,79.0
Uzbekistan,UZB,2003,79.0
Uzbekistan,UZB,2004,79.0
Uzbekistan,UZB,2005,80.0
Uzbekistan,UZB,2006,80.0
Uzbekistan,UZB,2007,80.0
Uzbekistan,UZB,2008,80.0
Uzbekistan,UZB,2009,81.0
Uzbekistan,UZB,2010,81.0
Uzbekistan,UZB,2011,81.0
Uzbekistan,UZB,2012,81.0
Uzbekistan,UZB,2013,81.0
Uzbekistan,UZB,2014,81.0
Uzbekistan,UZB,2015,80.0
Uzbekistan,UZB,2016,79.0
Uzbekistan,UZB,2017,78.0
Uzbekistan,UZB,2018,77.0
Uzbekistan,UZB,2019,78.0
Uzbekistan,UZB,2020,78.0
Uzbekistan,UZB,2021,79.0
Uzbekistan,UZB,2022,80.0
Uzbekistan,UZB,2023,79.0
Vanuatu,VUT,2000,46.0
Vanuatu,VUT,2001,46.0
Vanuatu,VUT,2002,46.0
Vanuatu,VUT,2003,46.0
Vanuatu,VUT,2004,46.0
Vanuatu,VUT,2005,46.0
Vanuatu,VUT,2006,46.0
Vanuatu,VUT,2007,45.0
Vanuatu,VUT,2008,45.0
Vanuatu,VUT,2009,46.0
Vanuatu,VUT,2010,46.0
Vanuatu,VUT,2011,46.0
Vanuatu,VUT,2012,47.0
Vanuatu,VUT,2013,55.0
Vanuatu,VUT,2014,53.0
Vanuatu,VUT,2015,52.0
Vanuatu,VUT,2016,51.0
Vanuatu,VUT,2017,51.0
Vanuatu,VUT,2018,50.0
Vanuatu,VUT,2019,51.0
Vanuatu,VUT,2020,52.0
Vanuatu,VUT,2021,53.0
Vanuatu,VUT,2022,52.0
Vanuatu,VUT,2023,52.0
Venezuela,VEN,2000,63.0
Venezuela,VEN,2001,64.0
Venezuela,VEN,2002,64.0
Venezuela,VEN,2003,65.0
Venezuela,VEN,2004,66.0
Venezuela,VEN,2005,67.0
Venezuela,VEN,2006,67.0
Venezuela,VEN,2007,67.0
Venezuela,VEN,2008,68.0
Venezuela,VEN,2009,69.0
Venezuela,VEN,2010,69.0
Venezuela,VEN,2011,70.0
Venezuela,VEN,2012,73.0
Venezuela,VEN,2013,74.0
Venezuela,VEN,2014,75.0
Venezuela,VEN,2015,75.0
Venezuela,VEN,2016,77.0
Venezuela,VEN,2017,77.0
Venezuela,VEN,2018,77.0
Venezuela,VEN,2019,76.0
Venezuela,VEN,2020,77.0
Venezuela,VEN,2021,77.0
Venezuela,VEN,2022,77.0
Venezuela,VEN,2023,75.0
Vietnam,VNM,2000,52.0
Vietnam,VNM,2001,53.0
Vietnam,VNM,2002,54.0
Vietnam,VNM,2003,56.0
Vietnam,VNM,2004,57.0
Vietnam,VNM,2005,58.0
Vietnam,VNM,2006,60.0
Vietnam,VNM,2007,61.0
Vietnam,VNM,2008,63.0
Vietnam,VNM,2009,64.0
Vietnam,VNM,2010,65.0
Vietnam,VNM,2011,65.0
Vietnam,VNM,2012,66.0
Vietnam,VNM,2013,68.0
Vietnam,VNM,2014,70.0
Vietnam,VNM,2015,71.0
Vietnam,VNM,2016,71.0
Vietnam,VNM,2017,72.0
Vietnam,VNM,2018,69.0
Vietnam,VNM,2019,70.0
Vietnam,VNM,2020,71.0
Vietnam,VNM,2021,71.0
Vietnam,VNM,2022,70.0
Vietnam,VNM,2023,71.0
World,OWID_WRL,2000,54.0
World,OWID_WRL,2001,54.0
World,OWID_WRL,2002,55.0
World,OWID_WRL,2003,55.0
World,OWID_WRL,2004,56.0
World,OWID_WRL,2005,57.0
World,OWID_WRL,2006,59.0
World,OWID_WRL,2007,60.0
World,OWID_WRL,2008,61.0
World,OWID_WRL,2009,62.0
World,OWID_WRL,2010,63.0
World,OWID_WRL,2011,64.0
World,OWID_WRL,2012,65.0
World,OWID_WRL,2013,66.0
World,OWID_WRL,2014,67.0
World,OWID_WRL,2015,68.0
World,OWID_WRL,2016,69.0
World,OWID_WRL,2017,69.0
World,OWID_WRL,2018,69.0
World,OWID_WRL,2019,70.0
World,OWID_WRL,2020,70.0
World,OWID_WRL,2021,70.0
World,OWID_WRL,2022,71.0
World,OWID_WRL,2023,71.0
Yemen,YEM,2000,41.0
Yemen,YEM,2001,41.0
Yemen,YEM,2002,41.0
Yemen,YEM,2003,42.0
Yemen,YEM,2004,42.0
Yemen,YEM,2005,43.0
Yemen,YEM,2006,43.0
Yemen,YEM,2007,43.0
Yemen,YEM,2008,44.0
Yemen,YEM,2009,44.0
Yemen,YEM,2010,44.0
Yemen,YEM,2011,44.0
Yemen,YEM,2012,44.0
Yemen,YEM,2013,44.0
Yemen,YEM,2014,45.0
Yemen,YEM,2015,44.0
Yemen,YEM,2016,44.0
Yemen,YEM,2017,44.0
Yemen,YEM,2018,45.0
Yemen,YEM,2019,45.0
Yemen,YEM,2020,44.0
Yemen,YEM,2021,45.0
Yemen,YEM,2022,45.0
Yemen,YEM,2023,43.0
Zambia,ZMB,2000,32.0
Zambia,ZMB,2001,33.0
Zambia,ZMB,2002,31.0
Zambia,ZMB,2003,32.0
Zambia,ZMB,2004,34.0
Zambia,ZMB,2005,37.0
Zambia,ZMB,2006,42.0
Zambia,ZMB,2007,45.0
Zambia,ZMB,2008,45.0
Zambia,ZMB,2009,44.0
Zambia,ZMB,2010,47.0
Zambia,ZMB,2011,49.0
Zambia,ZMB,2012,51.0
Zambia,ZMB,2013,52.0
Zambia,ZMB,2014,55.0
Zambia,ZMB,2015,55.0
Zambia,ZMB,2016,51.0
Zambia,ZMB,2017,55.0
Zambia,ZMB,2018,54.0
Zambia,ZMB,2019,55.0
Zambia,ZMB,2020,56.0
Zambia,ZMB,2021,56.0
Zambia,ZMB,2022,55.0
Zambia,ZMB,2023,62.0
Zimbabwe,ZWE,2000,34.0
Zimbabwe,ZWE,2001,33.0
Zimbabwe,ZWE,2002,33.0
Zimbabwe,ZWE,2003,34.0
Zimbabwe,ZWE,2004,34.0
Zimbabwe,ZWE,2005,34.0
Zimbabwe,ZWE,2006,36.0
Zimbabwe,ZWE,2007,38.0
Zimbabwe,ZWE,2008,39.0
Zimbabwe,ZWE,2009,42.0
Zimbabwe,ZWE,2010,43.0
Zimbabwe,ZWE,2011,43.0
Zimbabwe,ZWE,2012,43.0
Zimbabwe,ZWE,2013,47.0
Zimbabwe,ZWE,2014,50.0
Zimbabwe,ZWE,2015,49.0
Zimbabwe,ZWE,2016,53.0
Zimbabwe,ZWE,2017,57.0
Zimbabwe,ZWE,2018,54.0
Zimbabwe,ZWE,2019,55.0
Zimbabwe,ZWE,2020,56.0
Zimbabwe,ZWE,2021,57.0
Zimbabwe,ZWE,2022,59.0
Zimbabwe,ZWE,2023,59.0
