country,iso2,year,value
Afghanistan,,2022,54.75701944
Afghanistan,,2021,54.75701944
Afghanistan,,2020,54.75701944
Afghanistan,,2019,54.75701944
Afghanistan,,2018,54.75701944
Afghanistan,,2017,54.75701944
Afghanistan,,2016,54.75701944
Afghanistan,,2015,54.75701944
Afghanistan,,2014,54.75701944
Afghanistan,,2013,54.75701944
Afghanistan,,2012,54.75701944
Afghanistan,,2011,54.75701944
Afghanistan,,2010,54.75701944
Afghanistan,,2009,54.75701944
Afghanistan,,2008,54.75701944
Afghanistan,,2007,54.75701944
Afghanistan,,2006,54.75701944
Afghanistan,,2005,54.75701944
Afghanistan,,2004,54.75701944
Afghanistan,,2003,54.75701944
Afghanistan,,2002,54.75701944
Afghanistan,,2001,54.75701944
Afghanistan,,2000,54.75701944
Afghanistan,,1999,54.75701944
Afghanistan,,1998,54.75701944
Afghanistan,,1997,56.18124613
Afghanistan,,1996,57.61255456
Afghanistan,,1995,59.04386299
Afghanistan,,1994,60.47517143
Afghanistan,,1993,61.90647986
Afghanistan,,1992,63.33778829
Afghanistan,,1991,64.76909672
Afghanistan,,1990,66.20233654
Afghanistan,,1989,67.63300118
Afghanistan,,1988,69.06366582
Afghanistan,,1987,70.49433045
Afghanistan,,1986,67.02711033
Afghanistan,,1985,63.55989021
Afghanistan,,1984,60.09267009
Afghanistan,,1983,56.62544996
Afghanistan,,1982,53.15822984
Afghanistan,,1981,49.69100972
Afghanistan,,1980,46.2237896
Afghanistan,,1979,42.75656947
Afghanistan,,1978,39.28934935
Afghanistan,,1977,35.82212923
Afghanistan,,1976,32.35490911
Afghanistan,,1975,28.88768898
Albania,,2022,4.789663462
Albania,,2021,4.783653846
Albania,,2020,4.723557692
Albania,,2019,6.796875
Albania,,2018,5.757211539
Albania,,2017,6.556490385
Albania,,2016,6.5625
Albania,,2015,5.528846154
Albania,,2014,6.460216346
Albania,,2013,6.608533654
Albania,,2012,6.756850962
Albania,,2011,6.905168269
Albania,,2010,7.053485577
Albania,,2009,7.201802885
Albania,,2008,7.350120192
Albania,,2007,7.4984375
Albania,,2006,7.646754808
Albania,,2005,8.420072115
Albania,,2004,8.944951923
Albania,,2003,9.469831731
Albania,,2002,9.994711539
Albania,,2001,10.51959135
Albania,,2000,11.04447115
Albania,,1999,10.22848558
Albania,,1998,9.4125
Albania,,1997,8.596514423
Albania,,1996,7.780528846
Albania,,1995,6.964543269
Albania,,1994,7.013942308
Albania,,1993,7.063341346
Albania,,1992,7.112740385
Albania,,1991,7.162139423
Albania,,1990,7.211538462
Algeria,,2022,144.8149712
Algeria,,2021,140.5937808
Algeria,,2020,149.556775
Algeria,,2019,145.6779701
Algeria,,2018,141.7991651
Algeria,,2017,137.9203602
Algeria,,2016,129.8719572
Algeria,,2015,125.9884621
Algeria,,2014,120.575958
Algeria,,2013,115.1634539
Algeria,,2012,109.7509498
Algeria,,2011,107.4062277
Algeria,,2010,104.9207994
Algeria,,2009,102.435371
Algeria,,2008,99.94994265
Algeria,,2007,97.46451429
Algeria,,2006,94.97908592
Algeria,,2005,92.49365755
Algeria,,2004,90.00822919
Algeria,,2003,87.52280082
Algeria,,2002,85.03737246
Algeria,,2001,81.71052014
Algeria,,2000,79.26116377
Algeria,,1999,77.57678089
Algeria,,1998,75.89239802
Algeria,,1997,74.20801515
Algeria,,1996,72.52363227
Algeria,,1995,70.8392494
Algeria,,1994,69.15486652
Algeria,,1993,67.47048365
Algeria,,1992,65.78610077
Algeria,,1991,64.1017179
Algeria,,1990,62.41733502
Algeria,,1989,60.50372872
Algeria,,1988,57.6896018
Algeria,,1987,54.87547488
Algeria,,1986,52.06134797
Algeria,,1985,49.24722105
Algeria,,1984,47.84015759
Algeria,,1983,46.43309413
Algeria,,1982,45.02603067
Algeria,,1981,43.61896722
Algeria,,1980,42.21190376
Algeria,,1979,40.8048403
Algeria,,1978,39.39777684
Algeria,,1977,37.99071338
Algeria,,1976,36.58364992
Algeria,,1975,35.17658646
Algeria,,1974,33.76952301
Algeria,,1973,32.36245955
Algeria,,1972,30.95539609
Algeria,,1971,29.54833263
Algeria,,1970,28.14126917
Angola,,2022,1.871883289
Angola,,2021,1.871883289
Angola,,2020,1.871883289
Angola,,2019,1.871883289
Angola,,2018,1.871883289
Angola,,2017,1.871883289
Angola,,2016,1.871883289
Angola,,2015,1.871883289
Angola,,2014,1.871883289
Angola,,2013,1.871883289
Angola,,2012,1.871883289
Angola,,2011,1.871883289
Angola,,2010,1.871883289
Angola,,2009,1.871883289
Angola,,2008,1.871883289
Angola,,2007,1.871883289
Angola,,2006,1.871883289
Angola,,2005,1.871883289
Angola,,2004,1.837241379
Angola,,2003,1.80259947
Angola,,2002,1.76795756
Angola,,2001,1.73331565
Angola,,2000,1.69867374
Angola,,1999,1.665945725
Angola,,1998,1.633217711
Angola,,1997,1.600489696
Angola,,1996,1.567761681
Angola,,1995,1.535033667
Angola,,1994,1.502305652
Angola,,1993,1.469577637
Angola,,1992,1.436849623
Angola,,1991,1.404121608
Angola,,1990,1.371393593
Angola,,1989,1.338665579
Angola,,1988,1.305937564
Angola,,1987,1.273209549
Antigua and Barbuda,,2022,8.461538462
Antigua and Barbuda,,2021,8.461538462
Antigua and Barbuda,,2020,8.461538462
Antigua and Barbuda,,2019,8.461538462
Antigua and Barbuda,,2018,8.461538462
Antigua and Barbuda,,2017,8.461538462
Antigua and Barbuda,,2016,8.461538462
Antigua and Barbuda,,2015,8.461538462
Antigua and Barbuda,,2014,8.461538462
Antigua and Barbuda,,2013,8.461538462
Antigua and Barbuda,,2012,8.461538462
Antigua and Barbuda,,2011,8.653846154
Antigua and Barbuda,,2010,8.846153846
Antigua and Barbuda,,2009,9.038461539
Antigua and Barbuda,,2008,9.230769231
Antigua and Barbuda,,2007,9.423076923
Antigua and Barbuda,,2006,9.615384615
Antigua and Barbuda,,2005,9.807692308
Antigua and Barbuda,,2004,9.371794872
Antigua and Barbuda,,2003,8.935897436
Antigua and Barbuda,,2002,8.5
Antigua and Barbuda,,2001,8.064102564
Antigua and Barbuda,,2000,7.628205128
Antigua and Barbuda,,1999,7.192307692
Antigua and Barbuda,,1998,6.756410256
Antigua and Barbuda,,1997,6.320512821
Antigua and Barbuda,,1996,5.884615385
Antigua and Barbuda,,1995,5.448717949
Antigua and Barbuda,,1994,5.012820513
Antigua and Barbuda,,1993,4.576923077
Antigua and Barbuda,,1992,4.141025641
Antigua and Barbuda,,1991,3.705128205
Antigua and Barbuda,,1990,3.269230769
Argentina,,2022,10.45666408
Argentina,,2021,10.45666408
Argentina,,2020,10.45666408
Argentina,,2019,10.45666408
Argentina,,2018,10.45666408
Argentina,,2017,10.45666408
Argentina,,2016,10.45666408
Argentina,,2015,10.45666408
Argentina,,2014,10.45666408
Argentina,,2013,10.45666408
Argentina,,2012,10.45666408
Argentina,,2011,10.45666408
Argentina,,2010,10.27152987
Argentina,,2009,10.08686731
Argentina,,2008,9.902204755
Argentina,,2007,9.717542196
Argentina,,2006,9.532879637
Argentina,,2005,9.348217078
Argentina,,2004,9.163554519
Argentina,,2003,8.97889196
Argentina,,2002,8.794229401
Argentina,,2001,8.609566843
Argentina,,2000,8.424904284
Argentina,,1999,8.325724115
Argentina,,1998,8.226543946
Argentina,,1997,8.127363778
Argentina,,1996,8.028183609
Argentina,,1995,7.92900344
Argentina,,1994,7.914703666
Argentina,,1993,7.900403892
Argentina,,1992,7.886104118
Argentina,,1991,7.871804344
Argentina,,1990,7.857453463
Argentina,,1989,7.843204797
Argentina,,1988,7.828905023
Argentina,,1987,7.814605249
Argentina,,1986,7.800305475
Argentina,,1985,7.786005701
Argentina,,1984,7.771705927
Argentina,,1983,7.757406153
Argentina,,1982,7.743106379
Argentina,,1981,7.728806605
Argentina,,1980,7.714506831
Argentina,,1979,7.700207057
Argentina,,1978,7.685907283
Argentina,,1977,7.671607509
Argentina,,1976,7.657307735
Armenia,,2022,61.97296752
Armenia,,2021,59.85475086
Armenia,,2020,57.09098245
Armenia,,2019,57.79705467
Armenia,,2018,54.75085737
Armenia,,2017,57.89792213
Armenia,,2016,64.17187815
Armenia,,2015,65.98749243
Armenia,,2014,57.69618721
Armenia,,2013,59.61266895
Armenia,,2012,59.33024006
Armenia,,2011,49.18297357
Armenia,,2010,42.90901755
Armenia,,2009,49.70748437
Armenia,,2008,57.95844261
Armenia,,2007,60.762558
Armenia,,2006,57.03046197
Armenia,,2005,55.90074642
Armenia,,2004,50.49425055
Armenia,,2003,39.86282025
Armenia,,2002,34.96066169
Armenia,,2001,34.81944725
Armenia,,2000,37.74460359
Armenia,,1999,39.66108533
Armenia,,1998,40.22594311
Armenia,,1997,37.32096026
Armenia,,1996,45.93504136
Armenia,,1995,51.05910833
Armenia,,1994,60.17752673
Armenia,,1993,64.51482752
Australia,,2022,4.672295939
Australia,,2021,4.44712505
Australia,,2020,3.369521512
Australia,,2019,4.246079614
Australia,,2018,4.957780458
Australia,,2017,4.84866963
Australia,,2016,4.271411339
Australia,,2015,3.707277845
Australia,,2014,7.42380378
Australia,,2013,7.699236027
Australia,,2012,6.380377965
Australia,,2011,5.313630881
Australia,,2010,5.297547246
Australia,,2009,5.640128669
Australia,,2008,6.113208685
Australia,,2007,6.586288701
Australia,,2006,7.059368717
Australia,,2005,7.532448733
Australia,,2004,7.813992762
Australia,,2003,8.095536791
Australia,,2002,8.37708082
Australia,,2001,8.658624849
Australia,,2000,8.70898271
Australia,,1999,8.731885806
Australia,,1998,8.774507439
Australia,,1997,8.817129071
Australia,,1996,8.910414154
Australia,,1995,7.981584238
Australia,,1994,8.488218737
Australia,,1993,7.458866104
Austria,,2022,8.676429953
Austria,,2021,8.676429953
Austria,,2020,8.676429953
Austria,,2019,8.676429953
Austria,,2018,8.783887507
Austria,,2017,8.891345062
Austria,,2016,8.998802616
Austria,,2015,9.10626017
Austria,,2014,9.213717724
Austria,,2013,9.321175279
Austria,,2012,9.428632833
Austria,,2011,9.536090387
Austria,,2010,9.643547941
Austria,,2009,9.673597679
Austria,,2008,9.703647416
Austria,,2007,9.733697154
Austria,,2006,9.763746891
Austria,,2005,9.793796629
Austria,,2004,9.823846366
Austria,,2003,9.853896104
Austria,,2002,9.883945841
Austria,,2001,9.966841669
Austria,,2000,10.0469743
Austria,,1999,10.12987013
Austria,,1998,10.0967118
Austria,,1997,10.06355347
Austria,,1996,9.794142028
Austria,,1995,9.524730589
Austria,,1994,9.722575297
Austria,,1993,9.920420006
Austria,,1992,10.11826471
Austria,,1991,10.31610942
Austria,,1990,10.51395413
Austria,,1989,10.38795247
Austria,,1988,10.26195082
Austria,,1987,10.13594916
Austria,,1986,10.0099475
Austria,,1985,9.883945841
Austria,,1984,9.752970434
Austria,,1983,9.621995026
Austria,,1982,9.491019619
Austria,,1981,9.360044211
Austria,,1980,9.229068804
Azerbaijan,,2022,57.52704791
Azerbaijan,,2021,57.26588651
Azerbaijan,,2020,53.88862884
Azerbaijan,,2019,55.59726209
Azerbaijan,,2018,53.72930007
Azerbaijan,,2017,53.52174873
Azerbaijan,,2016,52.45308015
Azerbaijan,,2015,51.61845882
Azerbaijan,,2014,51.19010819
Azerbaijan,,2013,52.96533451
Azerbaijan,,2012,52.88143078
Azerbaijan,,2011,49.88297637
Azerbaijan,,2010,48.44336498
Azerbaijan,,2009,49.19408258
Azerbaijan,,2008,50.91631707
Azerbaijan,,2007,53.36718923
Azerbaijan,,2006,53.62773239
Azerbaijan,,2005,52.10863325
Azerbaijan,,2004,49.34864208
Azerbaijan,,2003,46.44733937
Azerbaijan,,2002,43.80216383
Azerbaijan,,2001,43.81982778
Azerbaijan,,2000,48.5316847
Azerbaijan,,1999,52.85051888
Azerbaijan,,1998,45.19761537
Azerbaijan,,1997,55.27931111
Azerbaijan,,1996,59.42592184
Azerbaijan,,1995,61.69132259
Azerbaijan,,1994,64.61912122
Azerbaijan,,1993,72.14837713
Azerbaijan,,1992,71.54780305
Bahrain,,2022,133.7068966
Bahrain,,2021,133.7068966
Bahrain,,2020,133.7068966
Bahrain,,2019,133.7068966
Bahrain,,2018,133.7068966
Bahrain,,2017,133.7068966
Bahrain,,2016,133.7068966
Bahrain,,2015,137.1551724
Bahrain,,2014,154.3965517
Bahrain,,2013,159.0673981
Bahrain,,2012,163.7382445
Bahrain,,2011,168.4090909
Bahrain,,2010,173.0799373
Bahrain,,2009,177.7507837
Bahrain,,2008,182.4216301
Bahrain,,2007,187.0924765
Bahrain,,2006,191.7633229
Bahrain,,2005,196.4341693
Bahrain,,2004,201.1050157
Bahrain,,2003,205.7758621
Bahrain,,2002,220.6139478
Bahrain,,2001,234.7623784
Bahrain,,2000,248.910809
Bahrain,,1999,240.1856764
Bahrain,,1998,231.4605438
Bahrain,,1997,222.7354111
Bahrain,,1996,214.0102785
Bahrain,,1995,205.2851459
Bahrain,,1994,196.5600133
Bahrain,,1993,187.8348806
Bahrain,,1992,179.109748
Bahrain,,1991,170.9217507
Bahrain,,1990,168.0172414
Bangladesh,,2022,5.723339482
Bangladesh,,2021,5.723339482
Bangladesh,,2020,5.723339482
Bangladesh,,2019,5.723339482
Bangladesh,,2018,5.723339482
Bangladesh,,2017,5.723339482
Bangladesh,,2016,5.723339482
Bangladesh,,2015,5.723339482
Bangladesh,,2014,5.723339482
Bangladesh,,2013,5.723339482
Bangladesh,,2012,5.723339482
Bangladesh,,2011,5.723339482
Bangladesh,,2010,5.723339482
Bangladesh,,2009,5.723339482
Bangladesh,,2008,5.723339482
Barbados,,2022,87.5
Barbados,,2021,87.5
Barbados,,2020,87.5
Barbados,,2019,87.5
Barbados,,2018,87.5
Barbados,,2017,87.5
Barbados,,2016,87.5
Barbados,,2015,87.5
Barbados,,2014,87.5
Barbados,,2013,87.5
Barbados,,2012,87.5
Barbados,,2011,87.5
Barbados,,2010,87.5
Barbados,,2009,87.5
Barbados,,2008,87.5
Barbados,,2007,87.5
Barbados,,2006,87.5
Barbados,,2005,87.5
Barbados,,2004,101.25
Barbados,,2003,101.25
Barbados,,2002,101.25
Barbados,,2001,101.25
Barbados,,2000,101.25
Barbados,,1999,101.25
Barbados,,1998,101.25
Barbados,,1997,101.25
Barbados,,1996,101.25
Barbados,,1995,99.375
Barbados,,1994,97.5
Barbados,,1993,95.625
Barbados,,1992,93.75
Barbados,,1991,91.875
Barbados,,1990,90.0
Barbados,,1989,88.125
Barbados,,1988,86.25
Barbados,,1987,84.375
Barbados,,1986,82.5
Barbados,,1985,80.625
Barbados,,1984,78.75
Barbados,,1983,76.875
Barbados,,1982,75.0
Barbados,,1981,73.125
Barbados,,1980,71.25
Barbados,,1979,69.375
Barbados,,1978,67.5
Barbados,,1977,65.625
Barbados,,1976,63.75
Barbados,,1975,61.875
Barbados,,1974,60.0
Barbados,,1973,58.125
Barbados,,1972,56.25
Barbados,,1971,54.375
Barbados,,1970,52.5
Barbados,,1969,50.625
Barbados,,1968,48.75
Barbados,,1967,46.875
Barbados,,1966,45.0
Barbados,,1965,43.125
Barbados,,1964,41.25
Barbados,,1963,39.375
Barbados,,1962,37.5
Belarus,,2022,4.660514173
Belarus,,2021,4.696769941
Belarus,,2020,4.377059987
Belarus,,2019,4.475939354
Belarus,,2018,4.581410679
Belarus,,2017,4.614370468
Belarus,,2016,4.782465392
Belarus,,2015,4.772577456
Belarus,,2014,5.177982861
Belarus,,2013,4.990112063
Belarus,,2012,5.027466491
Belarus,,2011,5.064820919
Belarus,,2010,5.102175346
Belarus,,2009,5.20632828
Belarus,,2008,5.310481213
Belarus,,2007,5.414634146
Belarus,,2006,5.51878708
Belarus,,2005,5.622940013
Belarus,,2004,5.709294661
Belarus,,2003,5.795649308
Belarus,,2002,5.882003955
Belarus,,2001,5.968358603
Belarus,,2000,6.05471325
Belarus,,1999,6.148978247
Belarus,,1998,6.243243243
Belarus,,1997,6.33750824
Belarus,,1996,6.431773237
Belarus,,1995,6.526038233
Belgium,,2022,52.82574225
Belgium,,2021,52.82574225
Belgium,,2020,52.16983616
Belgium,,2019,51.58476658
Belgium,,2018,51.28992629
Belgium,,2017,53.95676474
Belgium,,2016,51.5115519
Belgium,,2015,49.06633907
Belgium,,2014,55.97051597
Belgium,,2013,59.32432432
Belgium,,2012,65.11056511
Belgium,,2011,62.43243243
Belgium,,2010,73.13267813
Belgium,,2009,73.73464373
Belgium,,2008,75.29484029
Belgium,,2007,76.34643735
Belgium,,2006,77.39987715
Belgium,,2005,78.45331695
Belgium,,2004,79.88493038
Belgium,,2003,81.31654382
Belgium,,2002,82.74815725
Belgium,,2001,87.64619165
Belgium,,2000,92.54422604
Belgium,,1999,93.20720721
Belgium,,1998,93.83947584
Belgium,,1997,94.47174447
Belgium,,1996,97.91830467
Belgium,,1995,101.3648649
Belgium,,1994,102.0031941
Belgium,,1993,102.6415233
Belgium,,1992,103.2798526
Belgium,,1991,103.9181818
Belgium,,1990,104.5565111
Belgium,,1989,105.1948403
Belgium,,1988,105.8331695
Belgium,,1987,106.4714988
Belgium,,1986,107.109828
Belgium,,1985,107.7481572
Belgium,,1984,108.3864865
Belgium,,1983,109.0248157
Belgium,,1982,109.663145
Belgium,,1981,110.3014742
Belgium,,1980,110.9398034
Belize,,2022,1.260294485
Belize,,2021,1.260294485
Belize,,2020,1.260294485
Belize,,2019,1.260294485
Belize,,2018,1.260294485
Belize,,2017,1.260294485
Belize,,2016,1.260294485
Belize,,2015,1.260294485
Belize,,2014,1.260294485
Belize,,2013,1.260294485
Belize,,2012,1.260294485
Belize,,2011,1.260294485
Belize,,2010,1.260294485
Belize,,2009,1.260294485
Belize,,2008,1.260294485
Belize,,2007,1.260294485
Belize,,2006,1.260294485
Belize,,2005,1.260294485
Belize,,2004,1.260294485
Belize,,2003,1.260294485
Belize,,2002,1.260294485
Belize,,2001,1.260294485
Belize,,2000,1.260294485
Belize,,1999,1.152669641
Belize,,1998,1.045044798
Belize,,1997,0.937419955
Belize,,1996,0.829795111
Belize,,1995,0.722170268
Belize,,1994,0.601505744
Belize,,1993,0.48084122
Belize,,1992,0.442294894
Belize,,1991,0.403748568
Belize,,1990,0.365202242
Belize,,1989,0.326655916
Belize,,1988,0.28810959
Belize,,1987,0.249563264
Benin,,2022,0.975243811
Benin,,2021,0.975243811
Benin,,2020,0.975243811
Benin,,2019,0.975243811
Benin,,2018,0.975243811
Benin,,2017,0.975243811
Benin,,2016,0.975243811
Benin,,2015,0.975243811
Benin,,2014,0.975243811
Benin,,2013,0.975243811
Benin,,2012,0.975243811
Benin,,2011,0.975243811
Benin,,2010,0.975243811
Benin,,2009,0.975243811
Benin,,2008,0.975243811
Benin,,2007,0.975243811
Benin,,2006,0.975243811
Benin,,2005,0.975243811
Benin,,2004,0.975243811
Benin,,2003,0.975243811
Benin,,2002,0.975243811
Benin,,2001,0.975243811
Benin,,2000,1.000361698
Benin,,1999,1.025479584
Benin,,1998,1.050597471
Benin,,1997,1.075715357
Benin,,1996,1.100833244
Benin,,1995,1.125951131
Benin,,1994,1.151069017
Benin,,1993,1.114778695
Benin,,1992,1.078488372
Benin,,1991,1.04219805
Benin,,1990,1.005907727
Benin,,1989,0.969767442
Benin,,1988,0.933627157
Benin,,1987,0.897486872
Benin,,1986,0.861346587
Benin,,1985,0.825206302
Bhutan,,2022,1.413807531
Bhutan,,2021,1.413807531
Bhutan,,2020,1.413807531
Bhutan,,2019,1.413807531
Bhutan,,2018,1.413807531
Bhutan,,2017,1.413807531
Bhutan,,2016,1.413807531
Bhutan,,2015,1.413807531
Bhutan,,2014,1.413807531
Bhutan,,2013,1.413807531
Bhutan,,2012,1.413807531
Bhutan,,2011,1.413807531
Bhutan,,2010,1.413807531
Bhutan,,2009,1.413807531
Bhutan,,2008,1.413807531
Bolivia,,2022,0.202979589
Bolivia,,2021,0.202979589
Bolivia,,2020,0.207365543
Bolivia,,2019,1.242539121
Bolivia,,2018,1.235985321
Bolivia,,2017,1.229431522
Bolivia,,2016,1.222877723
Bolivia,,2015,1.216323923
Bolivia,,2014,1.209770124
Bolivia,,2013,1.203216325
Bolivia,,2012,1.196662525
Bolivia,,2011,1.190108726
Bolivia,,2010,1.183554927
Bolivia,,2009,1.177001127
Bolivia,,2008,1.177001127
Bolivia,,2007,1.168967009
Bolivia,,2006,1.160471684
Bolivia,,2005,1.151976359
Bolivia,,2004,1.143481034
Bolivia,,2003,1.134985708
Bolivia,,2002,1.126490383
Bolivia,,2001,1.117995058
Bolivia,,2000,1.109499732
Bolivia,,1999,1.101004407
Bolivia,,1998,1.067502819
Bolivia,,1997,1.03400123
Bolivia,,1996,1.000499641
Bolivia,,1995,0.966998053
Bolivia,,1994,0.933496464
Bolivia,,1993,0.899994876
Bolivia,,1992,0.866493287
Bolivia,,1991,0.832991698
Bolivia,,1990,0.79949011
Bolivia,,1989,0.765988521
Bolivia,,1988,0.732486933
Bolivia,,1987,0.698985344
Bosnia Herzegovina,,2022,2.071713147
Bosnia Herzegovina,,2021,2.03187251
Bosnia Herzegovina,,2020,2.000531209
Bosnia Herzegovina,,2019,2.028552457
Bosnia Herzegovina,,2018,2.071713147
Bosnia Herzegovina,,2017,2.662018592
Bosnia Herzegovina,,2016,2.786188579
Bosnia Herzegovina,,2015,2.778884462
Bosnia Herzegovina,,2014,2.738379814
Bosnia Herzegovina,,2013,2.8937583
Bosnia Herzegovina,,2012,2.906374502
Bosnia Herzegovina,,2011,2.812749004
Bosnia Herzegovina,,2010,2.891102258
Bosnia Herzegovina,,2009,2.854581673
Bosnia Herzegovina,,2008,2.602257636
Bosnia Herzegovina,,2007,2.586985392
Bosnia Herzegovina,,2006,2.525896414
Bosnia Herzegovina,,2005,2.514608234
Bosnia Herzegovina,,2004,2.516600266
Bosnia Herzegovina,,2003,2.505976096
Bosnia Herzegovina,,2002,2.493359894
Bosnia Herzegovina,,2001,2.480743692
Bosnia Herzegovina,,2000,2.468791501
Botswana,,2022,2.230009819
Botswana,,2021,2.442973032
Botswana,,2020,2.305004706
Botswana,,2019,2.112307853
Botswana,,2018,2.133221792
Botswana,,2017,2.018195127
Botswana,,2016,2.104987975
Botswana,,2015,1.964864582
Botswana,,2014,1.964864582
Botswana,,2013,1.998849733
Botswana,,2012,2.032834885
Botswana,,2011,2.062114399
Botswana,,2010,2.059072372
Botswana,,2009,2.056030344
Botswana,,2008,2.052988317
Botswana,,2007,2.049946289
Botswana,,2006,2.046904262
Botswana,,2005,2.043862234
Botswana,,2004,2.040820207
Botswana,,2003,2.037778179
Botswana,,2002,2.034736152
Botswana,,2001,2.031694124
Botswana,,2000,2.028652097
Botswana,,1999,1.922827565
Botswana,,1998,1.817003033
Botswana,,1997,1.711178501
Botswana,,1996,1.605353968
Botswana,,1995,1.499529436
Botswana,,1994,1.393565478
Botswana,,1993,1.28760152
Botswana,,1992,1.181637561
Botswana,,1991,1.147129562
Botswana,,1990,1.112621562
Botswana,,1989,1.078322702
Botswana,,1988,1.044023842
Botswana,,1987,1.009724982
Botswana,,1986,0.975426122
Botswana,,1985,0.941127261
Brazil,,2022,1.495816821
Brazil,,2021,1.481946279
Brazil,,2020,1.47688177
Brazil,,2019,1.484808454
Brazil,,2018,1.464112726
Brazil,,2017,3.105437352
Brazil,,2016,3.135224586
Brazil,,2015,3.019385343
Brazil,,2014,3.074326241
Brazil,,2013,3.187015366
Brazil,,2012,3.303096927
Brazil,,2011,3.419178487
Brazil,,2010,3.535260047
Brazil,,2009,3.337393617
Brazil,,2008,3.139527187
Brazil,,2007,2.941843972
Brazil,,2006,2.743735225
Brazil,,2005,2.728605201
Brazil,,2004,2.713475177
Brazil,,2003,2.698345154
Brazil,,2002,2.68321513
Brazil,,2001,2.668085106
Brazil,,2000,2.652955083
Brazil,,1999,2.638392435
Brazil,,1998,2.623073286
Brazil,,1997,2.607754137
Brazil,,1996,2.592434988
Brazil,,1995,2.490149724
Brazil,,1994,2.385973207
Brazil,,1993,2.28179669
Brazil,,1992,2.177620173
Brazil,,1991,2.0726031
Brazil,,1990,1.968636722
Brazil,,1989,1.864670344
Brazil,,1988,1.760703966
Brazil,,1987,1.656737589
Brunei,,2022,3.466465712
Brunei,,2021,3.466465712
Brunei,,2020,3.466465712
Brunei,,2019,3.466465712
Brunei,,2018,3.466465712
Brunei,,2017,3.466465712
Brunei,,2016,3.466465712
Brunei,,2015,3.466465712
Brunei,,2014,3.466465712
Brunei,,2013,3.466465712
Brunei,,2012,3.466465712
Brunei,,2011,3.466465712
Brunei,,2010,3.466465712
Brunei,,2009,3.466465712
Brunei,,2008,3.466465712
Brunei,,2007,3.466465712
Brunei,,2006,3.466465712
Brunei,,2005,3.466465712
Brunei,,2004,3.466465712
Brunei,,2003,3.466465712
Brunei,,2002,3.466465712
Brunei,,2001,3.466465712
Brunei,,2000,3.466465712
Brunei,,1999,3.466465712
Brunei,,1998,3.466465712
Brunei,,1997,3.466465712
Brunei,,1996,3.466465712
Brunei,,1995,3.466465712
Brunei,,1994,3.466465712
Brunei,,1993,3.265511178
Brunei,,1992,3.064556644
Brunei,,1991,2.86360211
Bulgaria,,2022,40.23530092
Bulgaria,,2021,38.52465075
Bulgaria,,2020,36.72850913
Bulgaria,,2019,40.0768719
Bulgaria,,2018,40.09904649
Bulgaria,,2017,41.82127282
Bulgaria,,2016,42.05041023
Bulgaria,,2015,41.60987508
Bulgaria,,2014,39.73686156
Bulgaria,,2013,40.41688225
Bulgaria,,2012,42.23963338
Bulgaria,,2011,47.19491463
Bulgaria,,2010,44.05351467
Bulgaria,,2009,45.23837682
Bulgaria,,2008,47.4905758
Bulgaria,,2007,45.84078646
Bulgaria,,2006,46.412743
Bulgaria,,2005,46.98469953
Bulgaria,,2004,47.55665607
Bulgaria,,2003,48.12861261
Bulgaria,,2002,48.70056915
Bulgaria,,2001,43.11774706
Bulgaria,,2000,45.33003178
Bulgaria,,1999,46.43407988
Bulgaria,,1998,47.53591051
Bulgaria,,1997,48.63774115
Bulgaria,,1996,49.73957178
Bulgaria,,1995,50.84140242
Bulgaria,,1994,51.94323305
Bulgaria,,1993,53.04506369
Bulgaria,,1992,54.14689433
Bulgaria,,1991,55.24872496
Bulgaria,,1990,56.3505556
Bulgaria,,1989,88.46221697
Bulgaria,,1988,92.38332471
Bulgaria,,1987,96.30443245
Bulgaria,,1986,100.2255402
Bulgaria,,1985,104.1466479
Bulgaria,,1984,104.2796955
Bulgaria,,1983,104.412743
Bulgaria,,1982,104.5457905
Bulgaria,,1981,104.6788381
Bulgaria,,1980,104.8118856
Burkina Faso,,2022,7.820267686
Burkina Faso,,2021,7.820267686
Burkina Faso,,2020,7.820267686
Burkina Faso,,2019,7.820267686
Burkina Faso,,2018,7.820267686
Burkina Faso,,2017,7.820267686
Burkina Faso,,2016,7.820267686
Burkina Faso,,2015,7.820267686
Burkina Faso,,2014,7.820267686
Burkina Faso,,2013,7.820267686
Burkina Faso,,2012,7.820267686
Burkina Faso,,2011,7.820267686
Burkina Faso,,2010,7.820267686
Burkina Faso,,2009,7.820267686
Burkina Faso,,2008,7.820267686
Burkina Faso,,2007,7.820267686
Burkina Faso,,2006,7.820267686
Burkina Faso,,2005,7.820267686
Burkina Faso,,2004,7.495219885
Burkina Faso,,2003,7.170172084
Burkina Faso,,2002,6.845124283
Burkina Faso,,2001,6.520076482
Burkina Faso,,2000,6.195028681
Burkina Faso,,1999,5.86998088
Burkina Faso,,1998,5.544933078
Burkina Faso,,1997,4.514552794
Burkina Faso,,1996,4.330571489
Burkina Faso,,1995,4.146590185
Burkina Faso,,1994,3.96260888
Burkina Faso,,1993,3.778627576
Burkina Faso,,1992,3.594646272
Burkina Faso,,1991,3.477055449
Burkina Faso,,1990,3.359464627
Burkina Faso,,1989,3.24206501
Burkina Faso,,1988,3.124665392
Burkina Faso,,1987,3.007265774
Burkina Faso,,1986,2.889866157
Burkina Faso,,1985,2.772466539
Burundi,,2022,10.19286754
Burundi,,2021,10.19286754
Burundi,,2020,10.19286754
Burundi,,2019,10.19286754
Burundi,,2018,10.19286754
Burundi,,2017,10.19286754
Burundi,,2016,10.19286754
Burundi,,2015,10.19286754
Burundi,,2014,10.19286754
Burundi,,2013,10.19286754
Burundi,,2012,10.19286754
Burundi,,2011,10.19286754
Burundi,,2010,10.19286754
Burundi,,2009,10.19286754
Burundi,,2008,10.19286754
Burundi,,2007,10.19286754
Burundi,,2006,10.19286754
Burundi,,2005,10.19286754
Burundi,,2004,10.2503639
Burundi,,2003,10.30786026
Burundi,,2002,10.36535662
Burundi,,2001,10.42285298
Burundi,,2000,10.48034935
Burundi,,1999,9.954092487
Burundi,,1998,9.427835629
Burundi,,1997,8.901578771
Burundi,,1996,8.375321912
Burundi,,1995,7.849065054
Burundi,,1994,7.322808196
Burundi,,1993,6.796551338
Burundi,,1992,6.27029448
Burundi,,1991,5.744037622
Burundi,,1990,5.217780764
Burundi,,1989,4.691523906
Burundi,,1988,4.165267047
Burundi,,1987,3.639010189
Cape Verde,,2022,59.68371
Cape Verde,,2021,57.17750667
Cape Verde,,2020,68.94373667
Cape Verde,,2019,48.95751
Cape Verde,,2018,44.38900841
Cape Verde,,2017,42.02093348
Cape Verde,,2016,39.65285856
Cape Verde,,2015,37.28478363
Cape Verde,,2014,34.9167087
Cape Verde,,2013,32.54863378
Cape Verde,,2012,30.18055885
Cape Verde,,2011,27.81248393
Cape Verde,,2010,25.444409
Cape Verde,,2009,23.07633407
Cape Verde,,2008,20.70825915
Cape Verde,,2007,18.34018422
Cape Verde,,2006,15.9721093
Cape Verde,,2005,13.60403437
Cape Verde,,2004,11.23595944
Cape Verde,,2003,9.885084074
Cape Verde,,2002,8.534208704
Cape Verde,,2001,7.183333333
Cambodia,,2022,1.036544851
Cambodia,,2021,1.036544851
Cambodia,,2020,1.036544851
Cambodia,,2019,1.036544851
Cambodia,,2018,1.036544851
Cambodia,,2017,1.036544851
Cambodia,,2016,1.036544851
Cambodia,,2015,1.036544851
Cambodia,,2014,1.036544851
Cambodia,,2013,1.036544851
Cambodia,,2012,1.036544851
Cambodia,,2011,1.036544851
Cambodia,,2010,1.036544851
Cambodia,,2009,1.036544851
Cambodia,,2008,1.036544851
Cambodia,,2007,1.036544851
Cambodia,,2006,1.036544851
Cameroon,,2022,1.560430108
Cameroon,,2021,1.560430108
Cameroon,,2020,1.560430108
Cameroon,,2019,1.560430108
Cameroon,,2018,1.560430108
Cameroon,,2017,1.560430108
Cameroon,,2016,1.560430108
Cameroon,,2015,1.560430108
Cameroon,,2014,1.560430108
Cameroon,,2013,1.560430108
Cameroon,,2012,1.560430108
Cameroon,,2011,1.560430108
Cameroon,,2010,1.560430108
Cameroon,,2009,1.560430108
Cameroon,,2008,1.560430108
Cameroon,,2007,1.560430108
Cameroon,,2006,1.560430108
Cameroon,,2005,1.560430108
Cameroon,,2004,1.525448029
Cameroon,,2003,1.49046595
Cameroon,,2002,1.455483871
Cameroon,,2001,1.420501792
Cameroon,,2000,1.385519713
Cameroon,,1999,1.284014337
Cameroon,,1998,1.182508961
Cameroon,,1997,1.081003584
Cameroon,,1996,0.979498208
Cameroon,,1995,0.877992832
Cameroon,,1994,0.776487455
Cameroon,,1993,0.674982079
Cameroon,,1992,0.573476703
Cameroon,,1991,0.572329749
Cameroon,,1990,0.571182796
Cameroon,,1989,0.570035842
Cameroon,,1988,0.568888889
Cameroon,,1987,0.567741936
Canada,,2022,3.720700309
Canada,,2021,3.720700309
Canada,,2020,3.733573635
Canada,,2019,3.733573635
Canada,,2018,3.733573635
Canada,,2017,3.733573635
Canada,,2016,3.706642637
Canada,,2015,3.679711638
Canada,,2014,3.759526262
Canada,,2013,3.839340886
Canada,,2012,3.752832132
Canada,,2011,3.666323378
Canada,,2010,3.830962925
Canada,,2009,3.995602472
Canada,,2008,4.125365603
Canada,,2007,4.255128733
Canada,,2006,4.263495927
Canada,,2005,4.271863121
Canada,,2004,4.280230316
Canada,,2003,4.28859751
Canada,,2002,4.296964704
Canada,,2001,4.305331898
Canada,,2000,4.313699092
Canada,,1999,4.322066286
Canada,,1998,4.33043348
Canada,,1997,4.338800674
Canada,,1996,4.347167868
Canada,,1995,4.406488157
Canada,,1994,4.465808445
Canada,,1993,4.525128733
Canada,,1992,4.584449022
Canada,,1991,4.64376931
Canada,,1990,4.584222451
Canada,,1989,4.524675592
Canada,,1988,4.465128733
Canada,,1987,4.405581874
Canada,,1986,4.346035015
Central African Republic,,2022,0.335648148
Central African Republic,,2021,0.335648148
Central African Republic,,2020,0.335648148
Central African Republic,,2019,0.335648148
Central African Republic,,2018,0.335648148
Central African Republic,,2017,0.335648148
Central African Republic,,2016,0.335648148
Central African Republic,,2015,0.335648148
Central African Republic,,2014,0.335648148
Central African Republic,,2013,0.335648148
Central African Republic,,2012,0.335648148
Central African Republic,,2011,0.335648148
Central African Republic,,2010,0.335648148
Central African Republic,,2009,0.335648148
Central African Republic,,2008,0.335648148
Central African Republic,,2007,0.335648148
Central African Republic,,2006,0.335648148
Central African Republic,,2005,0.335648148
Central African Republic,,2004,0.329814815
Central African Republic,,2003,0.323981482
Central African Republic,,2002,0.318148148
Central African Republic,,2001,0.312314815
Central African Republic,,2000,0.306481482
Central African Republic,,1999,0.289814815
Central African Republic,,1998,0.273148148
Central African Republic,,1997,0.256481482
Central African Republic,,1996,0.239814815
Central African Republic,,1995,0.223148148
Central African Republic,,1994,0.206481482
Central African Republic,,1993,0.189814815
Central African Republic,,1992,0.173148148
Central African Republic,,1991,0.156481482
Central African Republic,,1990,0.139814815
Central African Republic,,1989,0.123148148
Central African Republic,,1988,0.106481482
Central African Republic,,1987,0.089814815
Chad,,2022,4.294921875
Chad,,2021,4.294921875
Chad,,2020,4.294921875
Chad,,2019,4.294921875
Chad,,2018,4.294921875
Chad,,2017,4.294921875
Chad,,2016,4.294921875
Chad,,2015,4.294921875
Chad,,2014,4.294921875
Chad,,2013,4.294921875
Chad,,2012,4.294921875
Chad,,2011,4.294921875
Chad,,2010,4.294921875
Chad,,2009,4.294921875
Chad,,2008,4.294921875
Chad,,2007,4.294921875
Chad,,2006,4.294921875
Chad,,2005,4.294921875
Chad,,2004,4.265234375
Chad,,2003,4.235546875
Chad,,2002,4.205859375
Chad,,2001,4.005533854
Chad,,2000,3.805208333
Chad,,1999,3.580483774
Chad,,1998,3.355759215
Chad,,1997,3.131034655
Chad,,1996,2.906310096
Chad,,1995,2.681585537
Chad,,1994,2.456860978
Chad,,1993,2.232136418
Chad,,1992,2.007411859
Chad,,1991,1.7826873
Chad,,1990,1.55796274
Chad,,1989,1.333238181
Chad,,1988,1.108513622
Chad,,1987,0.883789063
Chile,,2022,8.982121089
Chile,,2021,8.982121089
Chile,,2020,8.982121089
Chile,,2019,8.982121089
Chile,,2018,8.982121089
Chile,,2017,8.982121089
Chile,,2016,8.982121089
Chile,,2015,8.982121089
Chile,,2014,8.982121089
Chile,,2013,8.982121089
Chile,,2012,8.982121089
Chile,,2011,8.982121089
Chile,,2010,8.982121089
Chile,,2009,8.982121089
Chile,,2008,8.982121089
Chile,,2007,8.982121089
Chile,,2006,8.980089395
Chile,,2005,8.706717653
Chile,,2004,8.433345911
Chile,,2003,8.159974169
Chile,,2002,7.89555458
Chile,,2001,7.622176489
Chile,,2000,7.348798398
Chile,,1999,7.074156847
Chile,,1998,6.799515296
Chile,,1997,6.524873745
Chile,,1996,6.250232194
Chile,,1995,5.975590643
Chile,,1994,5.700949092
Chile,,1993,5.426256748
Chile,,1992,5.151665989
China,,2022,41.5185288
China,,2021,41.5185288
China,,2020,41.5185288
China,,2019,43.2121938
China,,2018,43.30275631
China,,2017,43.54449979
China,,2016,44.11416719
China,,2015,43.22168826
China,,2014,43.33854311
China,,2013,44.02506537
China,,2012,43.73292824
China,,2011,43.45539796
China,,2010,42.85870788
China,,2009,42.59359343
China,,2008,42.07505003
China,,2007,41.53459634
China,,2006,41.48347234
China,,2005,40.46829582
China,,2004,40.42155388
China,,2003,40.37481194
China,,2002,40.32807
China,,2001,40.28132806
China,,2000,40.23458611
China,,1999,39.96853266
China,,1998,39.7024792
China,,1997,39.43642574
China,,1996,39.17037229
China,,1995,38.90431883
China,,1994,38.63826537
China,,1993,38.37221192
China,,1992,37.75385499
China,,1991,37.13549807
China,,1990,36.51714115
China,,1989,36.24048728
China,,1988,35.96383342
China,,1987,35.68717956
China,,1986,35.4105257
China,,1985,35.13387184
China,,1984,34.85415054
China,,1983,34.24194067
China,,1982,33.6297308
China,,1981,33.01752092
China,,1980,32.40531105
Colombia,,2022,3.632281437
Colombia,,2021,3.52426497
Colombia,,2020,3.392555389
Colombia,,2019,3.272073353
Colombia,,2018,3.204803892
Colombia,,2017,3.154613773
Colombia,,2016,3.002875749
Colombia,,2015,2.957020958
Colombia,,2014,2.848212575
Colombia,,2013,2.775103293
Colombia,,2012,2.652199102
Colombia,,2011,2.609832335
Colombia,,2010,2.505751497
Colombia,,2009,2.13333982
Colombia,,2008,1.761976048
Colombia,,2007,1.686283683
Colombia,,2006,1.611040419
Colombia,,2005,1.535797156
Colombia,,2004,1.460553892
Colombia,,2003,1.385310629
Colombia,,2002,1.310067365
Colombia,,2001,1.23488024
Colombia,,2000,1.159580838
Comoros,,2022,0.833333333
Comoros,,2021,0.833333333
Comoros,,2020,0.833333333
Comoros,,2019,0.833333333
Comoros,,2018,0.833333333
Comoros,,2017,0.833333333
Comoros,,2016,0.833333333
Comoros,,2015,0.833333333
Comoros,,2014,0.833333333
Comoros,,2013,0.833333333
Comoros,,2012,0.833333333
Comoros,,2011,0.833333333
Comoros,,2010,0.833333333
Comoros,,2009,0.833333333
Comoros,,2008,0.833333333
Comoros,,2007,0.833333333
Comoros,,2006,0.833333333
Comoros,,2005,0.833333333
Comoros,,2004,0.833333333
Comoros,,2003,0.833333333
Comoros,,2002,0.833333333
Comoros,,2001,0.833333333
Comoros,,2000,0.833333333
Comoros,,1999,0.833333333
Democratic Republic of the Congo,,2022,0.226883505
Democratic Republic of the Congo,,2021,0.226883505
Democratic Republic of the Congo,,2020,0.226883505
Democratic Republic of the Congo,,2019,0.226883505
Democratic Republic of the Congo,,2018,0.226883505
Democratic Republic of the Congo,,2017,0.226883505
Democratic Republic of the Congo,,2016,0.226883505
Democratic Republic of the Congo,,2015,0.226883505
Democratic Republic of the Congo,,2014,0.226883505
Democratic Republic of the Congo,,2013,0.226883505
Democratic Republic of the Congo,,2012,0.226883505
Democratic Republic of the Congo,,2011,0.226883505
Democratic Republic of the Congo,,2010,0.226883505
Democratic Republic of the Congo,,2009,0.226883505
Democratic Republic of the Congo,,2008,0.226883505
Democratic Republic of the Congo,,2007,0.226883505
Democratic Republic of the Congo,,2006,0.226883505
Democratic Republic of the Congo,,2005,0.226883505
Democratic Republic of the Congo,,2004,0.220278792
Democratic Republic of the Congo,,2003,0.213674079
Democratic Republic of the Congo,,2002,0.207069366
Democratic Republic of the Congo,,2001,0.200464653
Democratic Republic of the Congo,,2000,0.19385994
Democratic Republic of the Congo,,1999,0.186691006
Democratic Republic of the Congo,,1998,0.179522071
Democratic Republic of the Congo,,1997,0.172353136
Democratic Republic of the Congo,,1996,0.165184202
Democratic Republic of the Congo,,1995,0.158015267
Republic of the Congo,,2022,0.027446301
Republic of the Congo,,2021,0.027446301
Republic of the Congo,,2020,0.027446301
Republic of the Congo,,2019,0.027446301
Republic of the Congo,,2018,0.027446301
Republic of the Congo,,2017,0.027446301
Republic of the Congo,,2016,0.027446301
Republic of the Congo,,2015,0.027446301
Republic of the Congo,,2014,0.027446301
Republic of the Congo,,2013,0.027446301
Republic of the Congo,,2012,0.027446301
Republic of the Congo,,2011,0.027446301
Republic of the Congo,,2010,0.027446301
Republic of the Congo,,2009,0.027446301
Republic of the Congo,,2008,0.027446301
Republic of the Congo,,2007,0.027446301
Republic of the Congo,,2006,0.027446301
Republic of the Congo,,2005,0.027446301
Republic of the Congo,,2004,0.027446301
Republic of the Congo,,2003,0.027446301
Republic of the Congo,,2002,0.027446301
Republic of the Congo,,2001,0.027207637
Republic of the Congo,,2000,0.026968974
Republic of the Congo,,1999,0.02673031
Republic of the Congo,,1998,0.026491647
Republic of the Congo,,1997,0.026252983
Republic of the Congo,,1996,0.02601432
Republic of the Congo,,1995,0.025775656
Republic of the Congo,,1994,0.025536993
Republic of the Congo,,1993,0.025298329
Republic of the Congo,,1992,0.025059666
Republic of the Congo,,1991,0.024821002
Republic of the Congo,,1990,0.024582339
Republic of the Congo,,1989,0.024343675
Republic of the Congo,,1988,0.024105012
Republic of the Congo,,1987,0.023866348
Costa Rica,,2022,5.881962457
Costa Rica,,2021,5.881962457
Costa Rica,,2020,5.351672355
Costa Rica,,2019,5.355170649
Costa Rica,,2018,5.211023891
Costa Rica,,2017,4.163822526
Costa Rica,,2016,4.987559727
Costa Rica,,2015,5.450542662
Costa Rica,,2014,4.682064846
Costa Rica,,2013,4.208397611
Costa Rica,,2012,3.990308874
Ivory Coast,,2022,5.087565674
Ivory Coast,,2021,5.087565674
Ivory Coast,,2020,5.087565674
Ivory Coast,,2019,5.087565674
Ivory Coast,,2018,5.087565674
Ivory Coast,,2017,5.087565674
Ivory Coast,,2016,5.087565674
Ivory Coast,,2015,5.087565674
Ivory Coast,,2014,5.087565674
Ivory Coast,,2013,5.275929169
Ivory Coast,,2012,5.464292664
Ivory Coast,,2011,5.649226503
Ivory Coast,,2010,5.83644678
Ivory Coast,,2009,6.023667056
Ivory Coast,,2008,6.210887332
Ivory Coast,,2007,6.401537264
Ivory Coast,,2006,6.594473633
Ivory Coast,,2005,6.782837128
Ivory Coast,,2004,6.659894921
Ivory Coast,,2003,6.536952715
Ivory Coast,,2002,6.414010508
Ivory Coast,,2001,6.291068301
Ivory Coast,,2000,6.168126095
Ivory Coast,,1999,6.039112668
Ivory Coast,,1998,5.910099241
Ivory Coast,,1997,5.781085814
Ivory Coast,,1996,5.652072388
Ivory Coast,,1995,5.523058961
Ivory Coast,,1994,5.394045534
Ivory Coast,,1993,5.249562172
Ivory Coast,,1992,5.105078809
Ivory Coast,,1991,4.960595447
Ivory Coast,,1990,4.816112084
Ivory Coast,,1989,4.245475774
Ivory Coast,,1988,3.674839463
Ivory Coast,,1987,3.104203152
Croatia,,2022,1.509559804
Croatia,,2021,1.47843486
Croatia,,2020,1.462872388
Croatia,,2019,1.493997332
Croatia,,2018,1.486674077
Croatia,,2017,1.502830147
Croatia,,2016,1.415320142
Croatia,,2015,1.380262339
Croatia,,2014,1.289266341
Croatia,,2013,1.398194753
Croatia,,2012,1.45120498
Croatia,,2011,1.477116496
Croatia,,2010,1.518461539
Croatia,,2009,1.533570476
Croatia,,2008,1.47421076
Croatia,,2007,1.447246395
Croatia,,2006,1.410309344
Croatia,,2005,1.368258909
Croatia,,2004,1.34920282
Croatia,,2003,1.360858794
Croatia,,2002,1.275011116
Cuba,,2022,23.93944607
Cuba,,2021,23.93944607
Cuba,,2020,23.93944607
Cuba,,2019,23.93944607
Cuba,,2018,23.93944607
Cuba,,2017,23.93944607
Cuba,,2016,23.93944607
Cuba,,2015,23.93944607
Cuba,,2014,23.93944607
Cuba,,2013,23.93944607
Cuba,,2012,22.86386834
Cuba,,2011,21.78622627
Cuba,,2010,20.70858421
Cuba,,2009,20.83743334
Cuba,,2008,19.7414416
Cuba,,2007,16.98365732
Cuba,,2006,18.11912954
Cuba,,2005,18.10169995
Cuba,,2004,18.08427037
Cuba,,2003,18.06684078
Cuba,,2002,18.04941119
Cuba,,2001,18.03198161
Cuba,,2000,18.01592825
Cuba,,1999,17.99849866
Cuba,,1998,17.98106908
Cuba,,1997,17.96363949
Cuba,,1996,17.94620991
Cuba,,1995,17.92878032
Cyprus,,2022,30.48113723
Cyprus,,2021,32.1213778
Cyprus,,2020,31.57463095
Cyprus,,2019,27.61071624
Cyprus,,2018,28.29414981
Cyprus,,2017,29.52433024
Cyprus,,2016,29.79770366
Cyprus,,2015,31.71131766
Cyprus,,2014,29.66101695
Cyprus,,2013,28.26681247
Cyprus,,2012,34.8961181
Cyprus,,2011,30.18042646
Cyprus,,2010,27.46036085
Cyprus,,2009,25.1913614
Cyprus,,2008,21.93821761
Cyprus,,2007,22.43028978
Cyprus,,2006,22.61071624
Cyprus,,2005,22.7911427
Cyprus,,2004,22.97156916
Cyprus,,2003,23.15199563
Cyprus,,2002,23.33242209
Cyprus,,2001,20.49519644
Cyprus,,2000,22.00656096
Cyprus,,1999,22.92431461
Cyprus,,1998,23.84206827
Cyprus,,1997,24.75982192
Cyprus,,1996,25.67757557
Cyprus,,1995,26.59532922
Cyprus,,1994,27.51308287
Cyprus,,1993,28.43083652
Cyprus,,1992,29.11427009
Cyprus,,1991,29.79770366
Cyprus,,1990,30.48113723
Cyprus,,1989,30.18042646
Cyprus,,1988,29.46965555
Cyprus,,1987,28.75888464
Cyprus,,1986,27.96610169
Cyprus,,1985,27.33734281
Cyprus,,1984,26.70858393
Cyprus,,1983,26.07982504
Cyprus,,1982,25.45106616
Cyprus,,1981,24.82230727
Cyprus,,1980,24.19354839
Cyprus,,1979,23.59212685
Cyprus,,1978,22.9907053
Cyprus,,1977,22.38928376
Cyprus,,1976,21.78786222
Cyprus,,1975,21.18644068
Czechia,,2022,21.97384428
Czechia,,2021,20.51399027
Czechia,,2020,20.77250608
Czechia,,2019,22.90145985
Czechia,,2018,24.17883212
Czechia,,2017,24.78710462
Czechia,,2016,24.86009732
Czechia,,2015,24.38260341
Czechia,,2014,25.09124088
Czechia,,2013,25.09580292
Czechia,,2012,27.986618
Czechia,,2011,28.69525547
Czechia,,2010,29.66849148
Czechia,,2009,29.60766423
Czechia,,2008,30.23114355
Czechia,,2007,29.9513382
Czechia,,2006,29.7642944
Czechia,,2005,29.57725061
Czechia,,2004,29.39020681
Czechia,,2003,29.20316302
Czechia,,2002,29.01611922
Czechia,,2001,30.79349148
Czechia,,2000,32.57086375
Czechia,,1999,34.34823601
Czechia,,1998,36.12560827
Czechia,,1997,37.90298054
Czechia,,1996,19.90760456
Czechia,,1995,20.8608365
Czechia,,1994,21.96045627
Czechia,,1993,23.06007605
Denmark,,2022,25.26636019
Denmark,,2021,25.93739859
Denmark,,2020,25.61592753
Denmark,,2019,25.57041644
Denmark,,2018,29.90310979
Denmark,,2017,24.22385073
Denmark,,2016,23.98580314
Denmark,,2015,21.95240671
Denmark,,2014,26.74959438
Denmark,,2013,27.28501893
Denmark,,2012,19.69983775
Denmark,,2011,23.40995133
Denmark,,2010,21.87398594
Denmark,,2009,17.83937263
Denmark,,2008,18.82098432
Denmark,,2007,15.01892915
Denmark,,2006,16.01676582
Denmark,,2005,17.01460249
Denmark,,2004,17.23273842
Denmark,,2003,17.45087435
Denmark,,2002,17.66901028
Denmark,,2001,19.09734992
Denmark,,2000,20.52568956
Denmark,,1999,21.95402921
Denmark,,1998,23.38236885
Denmark,,1997,24.81070849
Denmark,,1996,26.28101396
Denmark,,1995,27.75131943
Denmark,,1994,29.22162489
Denmark,,1993,30.69193036
Denmark,,1992,32.16223583
Denmark,,1991,33.6325413
Denmark,,1990,35.10284677
Denmark,,1989,33.16797287
Denmark,,1988,31.23309897
Denmark,,1987,36.19073373
Denmark,,1986,41.14836849
Denmark,,1985,46.10600325
Denmark,,1984,43.40183883
Denmark,,1983,40.69767442
Denmark,,1982,37.99351001
Denmark,,1981,35.28934559
Denmark,,1980,32.58518118
Denmark,,1979,32.58518118
Denmark,,1978,32.58518118
Denmark,,1977,32.58518118
Denmark,,1976,32.58518118
Denmark,,1975,32.58518118
Denmark,,1974,29.9621417
Denmark,,1973,27.33910222
Denmark,,1972,24.71606274
Denmark,,1971,22.09302326
Denmark,,1970,19.46998378
Djibouti,,2022,6.333333333
Djibouti,,2021,6.333333333
Djibouti,,2020,6.333333333
Djibouti,,2019,6.333333333
Djibouti,,2018,6.333333333
Djibouti,,2017,6.333333333
Djibouti,,2016,6.333333333
Djibouti,,2015,6.333333333
Djibouti,,2014,6.333333333
Djibouti,,2013,6.333333333
Djibouti,,2012,6.333333333
Djibouti,,2011,6.333333333
Djibouti,,2010,6.333333333
Djibouti,,2009,6.333333333
Djibouti,,2008,6.333333333
Djibouti,,2007,6.333333333
Djibouti,,2006,6.333333333
Djibouti,,2005,6.333333333
Djibouti,,2004,6.333333333
Djibouti,,2003,6.333333333
Djibouti,,2002,6.333333333
Djibouti,,2001,6.333333333
Djibouti,,2000,6.333333333
Djibouti,,1999,6.088888889
Djibouti,,1998,5.811111111
Djibouti,,1997,5.6
Djibouti,,1996,5.355555556
Djibouti,,1995,5.111111111
Djibouti,,1994,4.833333333
Djibouti,,1993,4.622222222
Djibouti,,1992,4.377777778
Djibouti,,1991,4.133333333
Djibouti,,1990,3.888888889
Djibouti,,1989,3.644444444
Djibouti,,1988,3.4
Djibouti,,1987,3.155555556
Djibouti,,1986,2.911111111
Djibouti,,1985,2.666666667
Dominica,,2022,10.0
Dominica,,2021,10.0
Dominica,,2020,10.0
Dominica,,2019,10.0
Dominica,,2018,10.0
Dominica,,2017,10.0
Dominica,,2016,10.0
Dominica,,2015,10.0
Dominica,,2014,10.0
Dominica,,2013,10.0
Dominica,,2012,10.0
Dominica,,2011,10.0
Dominica,,2010,10.0
Dominica,,2009,9.716666667
Dominica,,2008,9.433333333
Dominica,,2007,9.15
Dominica,,2006,8.866666667
Dominica,,2005,8.583333333
Dominica,,2004,8.3
Dominica,,2003,8.3
Dominica,,2002,8.3
Dominica,,2001,8.3
Dominica,,2000,8.3
Dominica,,1999,8.3
Dominica,,1998,8.3
Dominica,,1997,8.3
Dominica,,1996,8.3
Dominican Republic,,2022,39.55331412
Dominican Republic,,2021,39.55331412
Dominican Republic,,2020,39.55331412
Dominican Republic,,2019,39.55331412
Dominican Republic,,2018,39.55331412
Dominican Republic,,2017,39.55331412
Dominican Republic,,2016,39.55331412
Dominican Republic,,2015,39.55331412
Dominican Republic,,2014,39.55331412
Dominican Republic,,2013,39.55331412
Dominican Republic,,2012,39.55331412
Dominican Republic,,2011,39.55331412
Dominican Republic,,2010,39.55331412
Dominican Republic,,2009,37.68454888
Dominican Republic,,2008,35.81578364
Dominican Republic,,2007,33.9470184
Dominican Republic,,2006,32.07825316
Dominican Republic,,2005,30.20948792
Dominican Republic,,2004,29.55996453
Dominican Republic,,2003,28.91044114
Dominican Republic,,2002,28.26091776
Dominican Republic,,2001,27.61139437
Dominican Republic,,2000,26.96187098
Ecuador,,2022,6.782352941
Ecuador,,2021,6.782352941
Ecuador,,2020,6.782352941
Ecuador,,2019,6.782352941
Ecuador,,2018,6.782352941
Ecuador,,2017,6.782352941
Ecuador,,2016,6.782352941
Ecuador,,2015,6.782352941
Ecuador,,2014,6.782352941
Ecuador,,2013,6.782352941
Ecuador,,2012,6.782352941
Ecuador,,2011,6.782352941
Ecuador,,2010,6.782352941
Ecuador,,2009,6.782352941
Ecuador,,2008,6.782352941
Ecuador,,2007,6.782352941
Ecuador,,2006,6.782352941
Ecuador,,2005,6.782352941
Ecuador,,2004,6.707181943
Ecuador,,2003,6.632010944
Ecuador,,2002,6.556839945
Ecuador,,2001,6.481668947
Ecuador,,2000,6.406497948
Egypt,,2022,141.1657559
Egypt,,2021,141.1657559
Egypt,,2020,141.1657559
Egypt,,2019,141.1657559
Egypt,,2018,141.1657559
Egypt,,2017,141.1657559
Egypt,,2016,110.4735883
Egypt,,2015,110.9289617
Egypt,,2014,110.564663
Egypt,,2013,132.9690346
Egypt,,2012,131.6939891
Egypt,,2011,130.5100182
Egypt,,2010,134.4262295
Egypt,,2009,131.3715847
Egypt,,2008,128.3169399
Egypt,,2007,125.2622951
Egypt,,2006,122.2076503
Egypt,,2005,119.1530055
Egypt,,2004,116.0983607
Egypt,,2003,113.0437158
Egypt,,2002,109.989071
Egypt,,2001,106.9344262
Egypt,,2000,103.8797814
Egypt,,1999,119.6799896
Egypt,,1998,116.3909446
Egypt,,1997,113.1018996
Egypt,,1996,109.8128545
Egypt,,1995,106.5238095
Egypt,,1994,103.2391361
Egypt,,1993,99.95446266
Egypt,,1992,99.62052216
Egypt,,1991,98.92228294
Egypt,,1990,98.22404372
Egypt,,1989,97.57134183
Egypt,,1988,96.87310261
Egypt,,1987,96.17486339
Egypt,,1986,95.47662417
Egypt,,1985,94.77838494
Egypt,,1984,94.08014572
Egypt,,1983,93.3819065
Egypt,,1982,92.68366727
Egypt,,1981,91.98542805
Egypt,,1980,91.28718883
Egypt,,1979,90.58894961
Egypt,,1978,89.89071038
Egypt,,1977,89.19247116
Egypt,,1976,88.49423194
Egypt,,1975,87.79599271
El Salvador,,2022,12.09309202
El Salvador,,2021,12.15895285
El Salvador,,2020,12.22481368
El Salvador,,2019,12.29067451
El Salvador,,2018,12.35653534
El Salvador,,2017,12.42239617
El Salvador,,2016,12.488257
El Salvador,,2015,12.55411783
El Salvador,,2014,12.61997866
El Salvador,,2013,12.68583949
El Salvador,,2012,12.75170032
El Salvador,,2011,12.81756115
El Salvador,,2010,12.88342198
El Salvador,,2009,12.94928282
El Salvador,,2008,13.01514365
El Salvador,,2007,13.08100448
El Salvador,,2006,13.14686531
El Salvador,,2005,13.21272614
El Salvador,,2004,12.28621335
El Salvador,,2003,11.36069869
El Salvador,,2002,10.43468497
El Salvador,,2001,9.508671241
El Salvador,,2000,8.582657517
El Salvador,,1999,8.078212726
El Salvador,,1998,7.573767935
El Salvador,,1997,7.069323144
El Salvador,,1996,6.564878353
El Salvador,,1995,6.060433562
El Salvador,,1994,5.555988771
El Salvador,,1993,5.05154398
El Salvador,,1992,4.547099189
Equatorial Guinea,,2022,0.183503244
Equatorial Guinea,,2021,0.183503244
Equatorial Guinea,,2020,0.183503244
Equatorial Guinea,,2019,0.183503244
Equatorial Guinea,,2018,0.183503244
Equatorial Guinea,,2017,0.183503244
Equatorial Guinea,,2016,0.183503244
Equatorial Guinea,,2015,0.183503244
Equatorial Guinea,,2014,0.183503244
Equatorial Guinea,,2013,0.183503244
Equatorial Guinea,,2012,0.183503244
Equatorial Guinea,,2011,0.183503244
Equatorial Guinea,,2010,0.183503244
Equatorial Guinea,,2009,0.183503244
Equatorial Guinea,,2008,0.183503244
Equatorial Guinea,,2007,0.183503244
Equatorial Guinea,,2006,0.183503244
Equatorial Guinea,,2005,0.183503244
Equatorial Guinea,,2004,0.17905468
Equatorial Guinea,,2003,0.174606117
Equatorial Guinea,,2002,0.170157553
Equatorial Guinea,,2001,0.16570899
Equatorial Guinea,,2000,0.161260426
Equatorial Guinea,,1999,0.155984886
Equatorial Guinea,,1998,0.150709346
Equatorial Guinea,,1997,0.145433806
Equatorial Guinea,,1996,0.140158266
Equatorial Guinea,,1995,0.134882726
Equatorial Guinea,,1994,0.129607186
Equatorial Guinea,,1993,0.124331646
Equatorial Guinea,,1992,0.119056106
Equatorial Guinea,,1991,0.113780566
Equatorial Guinea,,1990,0.108505026
Equatorial Guinea,,1989,0.103229486
Equatorial Guinea,,1988,0.097953946
Equatorial Guinea,,1987,0.092678406
Eritrea,,2022,11.17511521
Eritrea,,2021,11.17511521
Eritrea,,2020,11.17511521
Eritrea,,2019,11.17511521
Eritrea,,2018,11.17511521
Eritrea,,2017,11.17511521
Eritrea,,2016,11.17511521
Eritrea,,2015,11.17511521
Eritrea,,2014,11.17511521
Eritrea,,2013,11.17511521
Eritrea,,2012,11.17511521
Eritrea,,2011,11.17511521
Eritrea,,2010,11.17511521
Eritrea,,2009,11.17511521
Eritrea,,2008,11.17511521
Eritrea,,2007,11.17511521
Eritrea,,2006,11.17511521
Eritrea,,2005,11.17511521
Eritrea,,2004,11.17511521
Eritrea,,2003,10.36578341
Eritrea,,2002,9.556451613
Eritrea,,2001,8.747119816
Eritrea,,2000,7.937788018
Estonia,,2022,13.04628519
Estonia,,2021,10.81980133
Estonia,,2020,9.231085498
Estonia,,2019,10.89231602
Estonia,,2018,17.40844156
Estonia,,2017,19.31709957
Estonia,,2016,18.95454545
Estonia,,2015,17.4820632
Estonia,,2014,18.61471861
Estonia,,2013,18.91774892
Estonia,,2012,17.65151515
Estonia,,2011,20.28138528
Estonia,,2010,19.93506494
Estonia,,2009,14.91341991
Estonia,,2008,17.35930736
Estonia,,2007,19.8474026
Estonia,,2006,18.93722944
Estonia,,2005,18.02705628
Estonia,,2004,17.11688312
Estonia,,2003,16.20670996
Estonia,,2002,15.2965368
Estonia,,2001,15.21088435
Estonia,,2000,15.12523191
Estonia,,1999,15.03957947
Estonia,,1998,14.95392703
Estonia,,1997,14.86827458
Estonia,,1996,14.78262214
Estonia,,1995,14.6969697
Estonia,,1994,19.28571429
Estonia,,1993,23.87445887
Estonia,,1992,28.46320346
Eswatini,,2022,77.55991285
Eswatini,,2021,77.55991285
Eswatini,,2020,77.55991285
Eswatini,,2019,77.55991285
Eswatini,,2018,77.55991285
Eswatini,,2017,77.55991285
Eswatini,,2016,77.55991285
Eswatini,,2015,77.55991285
Eswatini,,2014,77.55991285
Eswatini,,2013,77.55991285
Eswatini,,2012,77.55991285
Eswatini,,2011,77.55991285
Eswatini,,2010,77.55991285
Eswatini,,2009,77.55991285
Eswatini,,2008,77.55991285
Eswatini,,2007,77.55991285
Eswatini,,2006,77.55991285
Eswatini,,2005,77.55991285
Eswatini,,2004,77.18228032
Eswatini,,2003,76.80464779
Eswatini,,2002,76.42701525
Eswatini,,2001,76.04938272
Eswatini,,2000,75.67175018
Eswatini,,1999,74.27378359
Eswatini,,1998,72.87581699
Eswatini,,1997,71.4778504
Eswatini,,1996,70.07988381
Eswatini,,1995,68.68191721
Eswatini,,1994,67.28395062
Eswatini,,1993,65.88598402
Eswatini,,1992,64.48801743
Eswatini,,1991,63.09005084
Eswatini,,1990,61.69208424
Eswatini,,1989,60.29411765
Eswatini,,1988,58.89615105
Eswatini,,1987,57.49818446
Eswatini,,1986,56.10021786
Eswatini,,1985,54.70225127
Eswatini,,1984,53.30428468
Eswatini,,1983,51.90631808
Eswatini,,1982,50.50835149
Eswatini,,1981,49.11038489
Eswatini,,1980,47.7124183
Ethiopia,,2022,32.25718654
Ethiopia,,2021,32.25718654
Ethiopia,,2020,32.25718654
Ethiopia,,2019,32.25718654
Ethiopia,,2018,32.25718654
Ethiopia,,2017,32.25718654
Ethiopia,,2016,32.26299694
Ethiopia,,2015,31.51017515
Ethiopia,,2014,30.76316375
Ethiopia,,2013,30.01615235
Ethiopia,,2012,29.26914095
Ethiopia,,2011,28.52212955
Ethiopia,,2010,27.77511815
Ethiopia,,2009,27.02810676
Ethiopia,,2008,26.28268001
Ethiopia,,2007,25.53514039
Ethiopia,,2006,24.78707256
Ethiopia,,2005,24.04006116
Ethiopia,,2004,21.69235474
Ethiopia,,2003,19.34464832
Ethiopia,,2002,16.9969419
Fiji,,2022,0.29737303
Fiji,,2021,0.29737303
Fiji,,2020,0.29737303
Fiji,,2019,0.29737303
Fiji,,2018,0.29737303
Fiji,,2017,0.29737303
Fiji,,2016,0.29737303
Fiji,,2015,0.29737303
Fiji,,2014,0.29737303
Fiji,,2013,0.29737303
Fiji,,2012,0.29737303
Fiji,,2011,0.29737303
Fiji,,2010,0.29737303
Fiji,,2009,0.29737303
Fiji,,2008,0.29737303
Fiji,,2007,0.29737303
Fiji,,2006,0.29737303
Fiji,,2005,0.29737303
Fiji,,2004,0.295131349
Fiji,,2003,0.292889667
Fiji,,2002,0.290647986
Fiji,,2001,0.288406305
Fiji,,2000,0.286164624
Fiji,,1999,0.272234945
Fiji,,1998,0.258305267
Fiji,,1997,0.244375589
Fiji,,1996,0.230445911
Fiji,,1995,0.216516233
Fiji,,1994,0.202586555
Fiji,,1993,0.188656877
Fiji,,1992,0.174727199
Fiji,,1991,0.160797521
Fiji,,1990,0.146867843
Fiji,,1989,0.132938165
Fiji,,1988,0.119008487
Fiji,,1987,0.105078809
Finland,,2022,7.11406213
Finland,,2021,7.11406213
Finland,,2020,7.11406213
Finland,,2019,7.11406213
Finland,,2018,6.639791321
Finland,,2017,5.454114299
Finland,,2016,5.454114299
Finland,,2015,6.464785393
Finland,,2014,7.475456486
Finland,,2013,8.486127579
Finland,,2012,9.496798672
Finland,,2011,10.50746977
Finland,,2010,11.51814086
Finland,,2009,12.52881195
Finland,,2008,13.53948304
Finland,,2007,14.55015414
Finland,,2006,15.56082523
Finland,,2005,14.1316525
Finland,,2004,12.70247976
Finland,,2003,11.27330702
Finland,,2002,9.844134286
Finland,,2001,8.402689793
Finland,,2000,6.9612453
Finland,,1999,5.519800806
Finland,,1998,5.672930994
Finland,,1997,5.826061181
Finland,,1996,5.979191368
Finland,,1995,6.132321556
Finland,,1994,6.009485416
Finland,,1993,5.886649277
Finland,,1992,5.763813137
Finland,,1991,5.640976998
Finland,,1990,5.518140858
Finland,,1989,6.311595921
Finland,,1988,7.105050984
Finland,,1987,7.898506047
Finland,,1986,8.69196111
Finland,,1985,9.485416173
Finland,,1984,9.34313493
Finland,,1983,9.200853688
Finland,,1982,9.058572445
Finland,,1981,8.916291202
Finland,,1980,8.77400996
Finland,,1979,8.702869338
Finland,,1978,8.631728717
Finland,,1977,8.560588096
Finland,,1976,8.489447475
Finland,,1975,8.418306853
Finland,,1974,8.299739151
Finland,,1973,8.181171449
Finland,,1972,8.062603747
Finland,,1971,7.944036045
Finland,,1970,7.825468342
France,,2022,21.38462716
France,,2021,21.38462716
France,,2020,21.59813707
France,,2019,22.94676191
France,,2018,23.56904868
France,,2017,23.58924976
France,,2016,23.14278211
France,,2015,24.61349908
France,,2014,23.89652456
France,,2013,23.77396481
France,,2012,24.56710146
France,,2011,26.39061543
France,,2010,25.01794625
France,,2009,24.92366279
France,,2008,25.08973124
France,,2007,27.13122647
France,,2006,28.20625055
France,,2005,29.28127462
France,,2004,28.96203566
France,,2003,28.6427967
France,,2002,28.32355773
France,,2001,28.47456885
France,,2000,28.62557997
France,,1999,27.93457644
France,,1998,27.24357291
France,,1997,26.55256938
France,,1996,28.108728
France,,1995,29.66488663
France,,1994,31.22104526
France,,1993,32.77720389
France,,1992,34.33336251
France,,1991,33.66015933
France,,1990,32.98695614
France,,1989,32.49706732
France,,1988,32.0071785
France,,1987,31.51728968
France,,1986,31.02740086
France,,1985,30.53751204
France,,1984,29.85135253
France,,1983,29.16519303
France,,1982,28.47903353
France,,1981,27.79287403
France,,1980,27.10671452
Gabon,,2022,0.502166065
Gabon,,2021,0.502166065
Gabon,,2020,0.502166065
Gabon,,2019,0.502166065
Gabon,,2018,0.502166065
Gabon,,2017,0.502166065
Gabon,,2016,0.502166065
Gabon,,2015,0.502166065
Gabon,,2014,0.502166065
Gabon,,2013,0.502166065
Gabon,,2012,0.502166065
Gabon,,2011,0.502166065
Gabon,,2010,0.502166065
Gabon,,2009,0.502166065
Gabon,,2008,0.502166065
Gabon,,2007,0.502166065
Gabon,,2006,0.502166065
Gabon,,2005,0.502166065
Gabon,,2004,0.488592058
Gabon,,2003,0.475018051
Gabon,,2002,0.461444043
Gabon,,2001,0.447870036
Gabon,,2000,0.434296029
Gabon,,1999,0.41755068
Gabon,,1998,0.400805332
Gabon,,1997,0.384059983
Gabon,,1996,0.367314635
Gabon,,1995,0.350569286
Gabon,,1994,0.333823938
Gabon,,1993,0.317078589
Gabon,,1992,0.300333241
Gabon,,1991,0.283587892
Gabon,,1990,0.266842544
Gabon,,1989,0.250097195
Gabon,,1988,0.233351847
Gabon,,1987,0.216606498
Gambia,,2022,2.209656372
Gambia,,2021,2.209656372
Gambia,,2020,2.209656372
Gambia,,2019,2.209656372
Gambia,,2018,2.209656372
Gambia,,2017,2.209656372
Gambia,,2016,2.209656372
Gambia,,2015,2.209656372
Gambia,,2014,2.209656372
Gambia,,2013,2.209656372
Gambia,,2012,2.209656372
Gambia,,2011,2.209656372
Gambia,,2010,2.209656372
Gambia,,2009,2.209656372
Gambia,,2008,2.209656372
Gambia,,2007,2.209656372
Gambia,,2006,2.209656372
Gambia,,2005,2.209656372
Gambia,,2004,2.161374511
Gambia,,2003,2.113092649
Gambia,,2002,2.064810787
Gambia,,2001,2.016528926
Gambia,,2000,1.968247064
Gambia,,1999,1.908438452
Gambia,,1998,1.821763938
Gambia,,1997,1.735089425
Gambia,,1996,1.648414912
Gambia,,1995,1.561740399
Gambia,,1994,1.475065885
Gambia,,1993,1.388391372
Gambia,,1992,1.301716859
Gambia,,1991,1.215042346
Gambia,,1990,1.128367833
Gambia,,1989,1.041693319
Gambia,,1988,0.955018806
Gambia,,1987,0.868344293
Gambia,,1986,0.78166978
Gambia,,1985,0.694995267
Gambia,,1984,0.608320753
Gambia,,1983,0.52164624
Gambia,,1982,0.434971727
Georgia,,2022,4.212964169
Georgia,,2021,5.240977199
Georgia,,2020,5.386710098
Georgia,,2019,5.120977199
Georgia,,2018,4.205602606
Georgia,,2017,4.477296417
Georgia,,2016,5.173127036
Georgia,,2015,5.26875
Georgia,,2014,5.364372964
Georgia,,2013,5.459995928
Georgia,,2012,5.555618893
Georgia,,2011,5.651241857
Georgia,,2010,5.746864821
Georgia,,2009,5.842487785
Georgia,,2008,5.938110749
Georgia,,2007,5.927252986
Georgia,,2006,5.916395223
Georgia,,2005,5.905537459
Georgia,,2004,5.972334419
Georgia,,2003,6.039131379
Georgia,,2002,6.105928339
Georgia,,2001,6.172725299
Georgia,,2000,6.239522258
Georgia,,1999,6.745211726
Georgia,,1998,7.250901194
Georgia,,1997,7.756590662
Georgia,,1996,8.26228013
Georgia,,1995,8.767969598
Georgia,,1994,9.273659066
Georgia,,1993,9.779348534
Georgia,,1992,10.285038
Germany,,2022,35.35165707
Germany,,2021,35.35165707
Germany,,2020,35.35165707
Germany,,2019,35.35165707
Germany,,2018,36.8984841
Germany,,2017,38.03235197
Germany,,2016,33.50191886
Germany,,2015,40.89008361
Germany,,2014,42.91131031
Germany,,2013,34.71217105
Germany,,2012,46.1172437
Germany,,2011,49.92160362
Germany,,2010,45.21792763
Germany,,2009,54.396875
Germany,,2008,53.2747341
Germany,,2007,44.2091557
Germany,,2006,54.45761239
Germany,,2005,55.28720532
Germany,,2004,56.94478618
Germany,,2003,58.86223136
Germany,,2002,60.9343188
Germany,,2001,61.30187089
Germany,,2000,61.52313388
Germany,,1999,62.18558642
Germany,,1998,62.78335495
Germany,,1997,64.94345236
Germany,,1996,65.46759276
Germany,,1995,66.9282979
Germany,,1994,67.43410502
Germany,,1993,67.89958742
Germany,,1992,68.46009772
Germany,,1991,63.42105263
Ghana,,2022,6.314734089
Ghana,,2021,6.314734089
Ghana,,2020,6.314734089
Ghana,,2019,6.314734089
Ghana,,2018,6.314734089
Ghana,,2017,6.314734089
Ghana,,2016,6.314734089
Ghana,,2015,6.27059721
Ghana,,2014,5.932650392
Ghana,,2013,5.830972101
Ghana,,2012,5.734524847
Ghana,,2011,5.594485615
Ghana,,2010,5.463164778
Ghana,,2009,5.344921534
Ghana,,2008,5.226678291
Ghana,,2007,5.108435048
Ghana,,2006,4.990191805
Ghana,,2005,4.871948562
Ghana,,2004,4.753705318
Ghana,,2003,4.635462075
Ghana,,2002,4.517218832
Ghana,,2001,4.398975589
Ghana,,2000,4.280732345
Ghana,,1999,4.181633246
Ghana,,1998,4.082534147
Ghana,,1997,3.983435048
Ghana,,1996,3.884335949
Ghana,,1995,3.78523685
Ghana,,1994,3.686137751
Ghana,,1993,3.587038652
Ghana,,1992,3.487939553
Ghana,,1991,3.388840453
Ghana,,1990,3.289741354
Ghana,,1989,3.190642255
Ghana,,1988,3.091543156
Ghana,,1987,2.992444057
Ghana,,1986,2.893344958
Ghana,,1985,2.794245859
Ghana,,1984,2.69514676
Ghana,,1983,2.596047661
Ghana,,1982,2.496948562
Ghana,,1981,2.397849462
Ghana,,1980,2.298750363
Ghana,,1979,2.199651264
Ghana,,1978,2.100552165
Ghana,,1977,2.001453066
Ghana,,1976,1.902353967
Ghana,,1975,1.803254868
Ghana,,1974,1.704155769
Ghana,,1973,1.60505667
Ghana,,1972,1.505957571
Ghana,,1971,1.406858471
Ghana,,1970,1.307759372
Greece,,2022,20.32571313
Greece,,2021,20.40663565
Greece,,2020,20.47744285
Greece,,2019,20.46328141
Greece,,2018,20.47744285
Greece,,2017,20.5017196
Greece,,2016,20.50576573
Greece,,2015,20.04450738
Greece,,2014,20.06069189
Greece,,2013,20.07889945
Greece,,2012,20.09913008
Greece,,2011,20.09913008
Greece,,2010,19.93814485
Greece,,2009,19.78019421
Greece,,2008,19.62022051
Greece,,2007,19.46125835
Greece,,2006,19.48533279
Greece,,2005,19.50940724
Greece,,2004,19.23460786
Greece,,2003,18.95980848
Greece,,2002,18.6850091
Greece,,2001,18.46206757
Greece,,2000,18.23912604
Greece,,1999,18.0161845
Greece,,1998,17.79324297
Greece,,1997,17.57030144
Greece,,1996,16.66194619
Greece,,1995,15.75359094
Greece,,1994,15.92285387
Greece,,1993,16.0921168
Greece,,1992,16.26137973
Greece,,1991,16.07323488
Greece,,1990,15.88509003
Greece,,1989,14.92777665
Greece,,1988,13.97046328
Greece,,1987,13.01314991
Greece,,1986,12.05583654
Greece,,1985,11.09852316
Greece,,1984,10.91401983
Greece,,1983,10.72951649
Greece,,1982,10.54501315
Greece,,1981,10.36050981
Greece,,1980,10.17600647
Greece,,1979,9.870847663
Greece,,1978,9.565688853
Greece,,1977,9.260530043
Greece,,1976,8.955371232
Greece,,1975,8.650212422
Greece,,1974,8.641391867
Greece,,1973,8.632571313
Greece,,1972,8.623750759
Greece,,1971,8.614930204
Greece,,1970,8.60610965
Grenada,,2022,7.05
Grenada,,2021,7.05
Grenada,,2020,7.05
Grenada,,2019,7.05
Grenada,,2018,7.05
Grenada,,2017,7.05
Grenada,,2016,7.05
Grenada,,2015,7.05
Grenada,,2014,7.05
Grenada,,2013,6.822222222
Grenada,,2012,6.594444444
Grenada,,2011,6.366666667
Grenada,,2010,6.138888889
Grenada,,2009,5.911111111
Grenada,,2008,5.683333333
Grenada,,2007,5.455555556
Grenada,,2006,5.227777778
Grenada,,2005,5.0
Guatemala,,2022,5.742097081
Guatemala,,2021,5.742097081
Guatemala,,2020,5.742097081
Guatemala,,2019,5.742097081
Guatemala,,2018,5.742097081
Guatemala,,2017,5.742097081
Guatemala,,2016,5.742097081
Guatemala,,2015,5.742097081
Guatemala,,2014,5.742097081
Guatemala,,2013,5.742097081
Guatemala,,2012,5.742097081
Guatemala,,2011,5.742097081
Guatemala,,2010,5.742097081
Guatemala,,2009,5.742097081
Guatemala,,2008,5.742097081
Guatemala,,2007,5.742097081
Guatemala,,2006,5.742097081
Guatemala,,2005,5.43230182
Guatemala,,2004,5.12250656
Guatemala,,2003,4.8127113
Guatemala,,2002,4.50291604
Guatemala,,2001,4.193120779
Guinea,,2022,1.369230769
Guinea,,2021,1.369230769
Guinea,,2020,1.369230769
Guinea,,2019,1.369230769
Guinea,,2018,1.369230769
Guinea,,2017,1.33183432
Guinea,,2016,1.29443787
Guinea,,2015,1.25704142
Guinea,,2014,1.21964497
Guinea,,2013,1.182248521
Guinea,,2012,1.144852071
Guinea,,2011,1.107455621
Guinea,,2010,1.070059172
Guinea,,2009,1.032662722
Guinea,,2008,0.995266272
Guinea,,2007,0.957869823
Guinea,,2006,0.920473373
Guinea,,2005,0.883076923
Guinea,,2004,0.876538462
Guinea,,2003,0.87
Guinea,,2002,0.863461539
Guinea,,2001,0.856923077
Guinea,,2000,0.889230769
Guinea,,1999,0.908402367
Guinea,,1998,0.927573965
Guinea,,1997,0.946745562
Guinea,,1996,0.96591716
Guinea,,1995,0.985088757
Guinea,,1994,1.004260355
Guinea,,1993,1.023431953
Guinea,,1992,1.04260355
Guinea,,1991,1.061775148
Guinea,,1990,1.080946746
Guinea,,1989,1.100118343
Guinea,,1988,1.119289941
Guinea,,1987,1.138461539
Guinea-Bissau,,2022,1.495726496
Guinea-Bissau,,2021,1.495726496
Guinea-Bissau,,2020,1.495726496
Guinea-Bissau,,2019,1.495726496
Guinea-Bissau,,2018,1.495726496
Guinea-Bissau,,2017,1.495726496
Guinea-Bissau,,2016,1.495726496
Guinea-Bissau,,2015,1.495726496
Guinea-Bissau,,2014,1.495726496
Guinea-Bissau,,2013,1.495726496
Guinea-Bissau,,2012,1.495726496
Guinea-Bissau,,2011,1.495726496
Guinea-Bissau,,2010,1.495726496
Guinea-Bissau,,2009,1.495726496
Guinea-Bissau,,2008,1.495726496
Guinea-Bissau,,2007,1.495726496
Guinea-Bissau,,2006,1.495726496
Guinea-Bissau,,2005,1.495726496
Guinea-Bissau,,2004,1.495726496
Guinea-Bissau,,2003,1.495726496
Guinea-Bissau,,2002,1.495726496
Guinea-Bissau,,2001,1.495726496
Guinea-Bissau,,2000,1.495726496
Guinea-Bissau,,1999,1.495726496
Guinea-Bissau,,1998,1.495726496
Guinea-Bissau,,1997,1.495726496
Guinea-Bissau,,1996,1.495726496
Guinea-Bissau,,1995,1.224957265
Guinea-Bissau,,1994,0.954188034
Guinea-Bissau,,1993,0.683418803
Guinea-Bissau,,1992,0.412649573
Guinea-Bissau,,1991,0.141880342
Guyana,,2022,3.298401827
Guyana,,2021,3.298401827
Guyana,,2020,3.298401827
Guyana,,2019,3.298401827
Guyana,,2018,3.298401827
Guyana,,2017,3.298401827
Guyana,,2016,3.298401827
Guyana,,2015,3.298401827
Guyana,,2014,3.298401827
Guyana,,2013,3.298401827
Guyana,,2012,3.298401827
Guyana,,2011,3.298401827
Guyana,,2010,3.298401827
Guyana,,2009,3.352511416
Guyana,,2008,3.406621005
Guyana,,2007,3.460730594
Guyana,,2006,3.514840183
Guyana,,2005,3.568949772
Guyana,,2004,3.604018265
Guyana,,2003,3.639086758
Guyana,,2002,3.674155251
Guyana,,2001,3.709223744
Guyana,,2000,3.744292237
Guyana,,1999,3.692922374
Guyana,,1998,3.641552511
Guyana,,1997,3.590182648
Guyana,,1996,3.538812785
Guyana,,1995,3.487442922
Guyana,,1994,3.436073059
Guyana,,1993,3.384703196
Guyana,,1992,3.333333333
Haiti,,2022,13.38379177
Haiti,,2021,13.38379177
Haiti,,2020,13.38379177
Haiti,,2019,13.38379177
Haiti,,2018,13.38379177
Haiti,,2017,13.38379177
Haiti,,2016,13.38379177
Haiti,,2015,13.38379177
Haiti,,2014,13.38379177
Haiti,,2013,13.38379177
Haiti,,2012,13.38379177
Haiti,,2011,13.38379177
Haiti,,2010,13.38379177
Haiti,,2009,13.38379177
Haiti,,2008,13.27474353
Haiti,,2007,13.1656953
Haiti,,2006,13.05664706
Haiti,,2005,12.94759883
Haiti,,2004,12.83855059
Haiti,,2003,12.72950236
Haiti,,2002,12.62045413
Haiti,,2001,12.51140589
Haiti,,2000,12.40235766
Haiti,,1999,12.29330942
Haiti,,1998,12.18426119
Haiti,,1997,12.07521295
Haiti,,1996,11.96616472
Haiti,,1995,11.85711649
Haiti,,1994,11.15400591
Haiti,,1993,10.45089533
Haiti,,1992,9.747784752
Haiti,,1991,9.044674174
Honduras,,2022,4.621268764
Honduras,,2021,4.621268764
Honduras,,2020,4.621268764
Honduras,,2019,4.621268764
Honduras,,2018,4.621268764
Honduras,,2017,4.621268764
Honduras,,2016,4.621268764
Honduras,,2015,4.621268764
Honduras,,2014,4.621268764
Honduras,,2013,4.621268764
Honduras,,2012,4.621268764
Honduras,,2011,4.621268764
Honduras,,2010,4.621268764
Honduras,,2009,4.621268764
Honduras,,2008,4.621268764
Honduras,,2007,4.621268764
Honduras,,2006,4.621268764
Honduras,,2005,4.621268764
Honduras,,2004,4.621268764
Honduras,,2003,4.621268764
Hungary,,2022,8.108497409
Hungary,,2021,7.718307427
Hungary,,2020,7.739896373
Hungary,,2019,7.708246978
Hungary,,2018,8.494752155
Hungary,,2017,8.180518135
Hungary,,2016,6.837651123
Hungary,,2015,6.960276339
Hungary,,2014,6.775474957
Hungary,,2013,9.067357513
Hungary,,2012,8.723661485
Hungary,,2011,9.02417962
Hungary,,2010,9.274611399
Hungary,,2009,10.95336788
Hungary,,2008,9.381692573
Hungary,,2007,9.476108233
Hungary,,2006,9.570523892
Hungary,,2005,9.664939551
Hungary,,2004,9.75935521
Hungary,,2003,9.853770869
Hungary,,2002,9.948186529
Hungary,,2001,10.02032239
Hungary,,2000,10.09245826
Hungary,,1999,10.16459413
Hungary,,1998,10.23672999
Hungary,,1997,10.30886586
Hungary,,1996,10.38100173
Hungary,,1995,10.86735751
Hungary,,1994,11.3537133
Hungary,,1993,11.84006908
Hungary,,1992,12.32642487
Hungary,,1991,12.13237108
Hungary,,1990,11.9383173
Hungary,,1989,11.74426351
Hungary,,1988,11.55020972
Hungary,,1987,11.35615593
Hungary,,1986,11.16210215
Hungary,,1985,10.96804836
Hungary,,1984,10.43419689
Hungary,,1983,9.900345423
Hungary,,1982,9.366493955
Hungary,,1981,8.832642487
Hungary,,1980,8.298791019
Hungary,,1979,8.008911917
Hungary,,1978,7.719032815
Hungary,,1977,7.429153713
Hungary,,1976,7.139274611
Hungary,,1975,6.84939551
Hungary,,1974,6.509015544
Hungary,,1973,6.168635579
Hungary,,1972,5.828255613
Hungary,,1971,5.487875648
Hungary,,1970,5.147495682
Iceland,,2022,0.394075282
Iceland,,2021,0.394075282
Iceland,,2020,0.394075282
Iceland,,2019,0.394075282
Iceland,,2018,0.394075282
Iceland,,2017,0.394075282
Iceland,,2016,0.353308874
Iceland,,2015,0.379807039
Iceland,,2014,0.37423563
Iceland,,2013,0.39557005
Iceland,,2012,0.399510803
Iceland,,2011,0.378685963
Iceland,,2010,0.357589346
Iceland,,2009,0.33536033
Iceland,,2008,0.313131313
Iceland,,2007,0.290902297
Iceland,,2006,0.26867328
Iceland,,2005,0.246444263
Iceland,,2004,0.224215247
Iceland,,2003,0.224215247
Iceland,,2002,0.224215247
Iceland,,2001,0.222856366
Iceland,,2000,0.221497486
Iceland,,1999,0.222176926
Iceland,,1998,0.222856366
Iceland,,1997,0.223535807
Iceland,,1996,0.224215247
Iceland,,1995,0.224894687
Iceland,,1994,0.225574127
Iceland,,1993,0.226253567
Iceland,,1992,0.226933007
Iceland,,1991,0.226933007
Iceland,,1990,0.226933007
Iceland,,1989,0.211985324
Iceland,,1988,0.197037641
Iceland,,1987,0.182089958
Iceland,,1986,0.167142275
Iceland,,1985,0.152194592
Iceland,,1984,0.151107487
Iceland,,1983,0.150020383
Iceland,,1982,0.148933279
Iceland,,1981,0.147846175
Iceland,,1980,0.146759071
India,,2022,66.49209283
India,,2021,66.49209283
India,,2020,66.49209283
India,,2019,66.49209283
India,,2018,66.49209283
India,,2017,66.49209283
India,,2016,66.49209283
India,,2015,66.49209283
India,,2014,66.49209283
India,,2013,66.49209283
India,,2012,66.49209283
India,,2011,66.49209283
India,,2010,66.49209283
India,,2009,66.11110598
India,,2008,65.73011912
India,,2007,65.34913227
India,,2006,64.96814541
India,,2005,64.58715855
India,,2004,64.2061717
India,,2003,67.32177757
India,,2002,65.77525981
India,,2001,64.22874204
India,,2000,62.68222428
India,,1999,61.54852639
India,,1998,60.41482851
India,,1997,59.28113062
India,,1996,58.14743274
India,,1995,57.01373485
India,,1994,55.88003697
India,,1993,54.74633908
India,,1992,53.6126412
India,,1991,52.47894331
India,,1990,51.34524543
India,,1989,51.27746971
India,,1988,51.20969398
India,,1987,51.14191826
India,,1986,51.07414253
India,,1985,51.00636681
India,,1984,49.80796878
India,,1983,48.60957075
India,,1982,47.41117273
India,,1981,46.2127747
India,,1980,45.01437667
India,,1979,43.81597864
India,,1978,42.61758061
India,,1977,41.41918258
India,,1976,40.22078456
India,,1975,39.02238653
Indonesia,,2022,29.69654528
Indonesia,,2021,29.69654528
Indonesia,,2020,29.69654528
Indonesia,,2019,29.69654528
Indonesia,,2018,29.69654528
Indonesia,,2017,29.69654528
Indonesia,,2016,29.69654528
Indonesia,,2015,28.78480559
Indonesia,,2014,27.87306589
Indonesia,,2013,26.9613262
Indonesia,,2012,26.0495865
Indonesia,,2011,25.13784681
Indonesia,,2010,24.22610711
Indonesia,,2009,23.31436741
Indonesia,,2008,22.40262772
Indonesia,,2007,21.49088802
Indonesia,,2006,20.57914833
Indonesia,,2005,19.66740863
Indonesia,,2004,18.75566893
Indonesia,,2003,17.84392924
Indonesia,,2002,16.93218954
Indonesia,,2001,16.02044985
Indonesia,,2000,15.10871015
Indonesia,,1999,14.58925303
Indonesia,,1998,14.06979592
Indonesia,,1997,13.5503388
Indonesia,,1996,13.03088169
Indonesia,,1995,12.51142457
Indonesia,,1994,11.99196745
Indonesia,,1993,11.47251034
Indonesia,,1992,10.95305322
Indonesia,,1991,10.43359611
Indonesia,,1990,9.914138989
Iran,,2022,81.28908129
Iran,,2021,81.28908129
Iran,,2020,81.28908129
Iran,,2019,81.28908129
Iran,,2018,81.28908129
Iran,,2017,81.28908129
Iran,,2016,81.28908129
Iran,,2015,81.28908129
Iran,,2014,81.28908129
Iran,,2013,81.28908129
Iran,,2012,81.28908129
Iran,,2011,81.28908129
Iran,,2010,81.28908129
Iran,,2009,81.28908129
Iran,,2008,81.28908129
Iran,,2007,81.28908129
Iran,,2006,81.28908129
Iran,,2005,81.28908129
Iran,,2004,81.28908129
Iran,,2003,80.41387905
Iran,,2002,79.40749486
Iran,,2001,78.40111067
Iran,,2000,77.39472649
Iran,,1999,76.43272552
Iran,,1998,75.47072456
Iran,,1997,74.5087236
Iran,,1996,73.54672264
Iran,,1995,72.58472168
Iran,,1994,66.91722419
Iran,,1993,61.2497267
Iran,,1992,60.03332993
Iran,,1991,58.81693316
Iran,,1990,57.60272275
Iran,,1989,56.38618022
Iran,,1988,55.16963769
Iran,,1987,53.95309517
Iran,,1986,52.73655264
Iran,,1985,51.52001011
Iran,,1984,50.30346758
Iran,,1983,49.08692505
Iran,,1982,47.87038252
Iran,,1981,46.65383999
Iran,,1980,45.43656867
Iran,,1979,44.2201719
Iran,,1978,43.00377513
Iran,,1977,41.78737835
Iran,,1976,40.57098158
Iran,,1975,39.35458481
Iraq,,2022,59.58384831
Iraq,,2021,59.58384831
Iraq,,2020,63.25842697
Iraq,,2019,79.51966292
Iraq,,2018,47.14044944
Iraq,,2017,60.48174157
Iraq,,2016,54.08707865
Iraq,,2015,49.02247191
Iraq,,2014,56.15589888
Iraq,,2013,58.76470706
Iraq,,2012,61.37351525
Iraq,,2011,63.98934591
Iraq,,2010,66.59815409
Iraq,,2009,69.20696228
Iraq,,2008,71.81577047
Iraq,,2007,74.42457865
Iraq,,2006,77.03338684
Iraq,,2005,79.64219502
Iraq,,2004,82.25100321
Iraq,,2003,84.8598114
Iraq,,2002,87.46861958
Iraq,,2001,90.07742777
Iraq,,2000,92.68623596
Iraq,,1999,89.42780899
Iraq,,1998,86.16938202
Iraq,,1997,82.91095506
Iraq,,1996,79.66292135
Iraq,,1995,76.40449438
Iraq,,1994,73.14606742
Iraq,,1993,69.88764045
Iraq,,1992,66.62921348
Iraq,,1991,63.37078652
Iraq,,1990,60.11235955
Iraq,,1989,59.61235955
Iraq,,1988,59.11235955
Iraq,,1987,58.61235955
Iraq,,1986,58.11235955
Iraq,,1985,57.61235955
Iraq,,1984,57.5491573
Iraq,,1983,57.48595506
Iraq,,1982,57.42275281
Iraq,,1981,57.35955056
Iraq,,1980,57.29634831
Iraq,,1979,57.23033708
Iraq,,1978,57.16432584
Iraq,,1977,57.09831461
Iraq,,1976,57.03230337
Iraq,,1975,56.96629213
Ireland,,2022,8.051010587
Ireland,,2021,7.60827719
Ireland,,2020,7.430221367
Ireland,,2019,7.40134745
Ireland,,2018,6.867179981
Ireland,,2017,6.508929526
Ireland,,2016,6.150679072
Ireland,,2015,5.792428617
Ireland,,2014,5.434178163
Ireland,,2013,5.075927708
Ireland,,2012,4.717677254
Ireland,,2011,4.359426799
Ireland,,2010,4.001176345
Ireland,,2009,3.64292589
Ireland,,2008,3.577959577
Ireland,,2007,3.512993263
Ireland,,2006,3.679018287
Ireland,,2005,3.845043311
Ireland,,2004,4.009974626
Ireland,,2003,4.174905941
Ireland,,2002,4.339837256
Ireland,,2001,4.504768571
Ireland,,2000,4.669699886
Ireland,,1999,4.834631201
Ireland,,1998,4.999562516
Ireland,,1997,5.164493832
Ireland,,1996,5.329425147
Ireland,,1995,5.494356462
Ireland,,1994,5.659287777
Ireland,,1993,5.622851643
Ireland,,1992,5.586415509
Ireland,,1991,5.549979376
Ireland,,1990,5.513543242
Ireland,,1989,5.477107109
Ireland,,1988,5.440670975
Ireland,,1987,5.404234841
Ireland,,1986,5.367798708
Ireland,,1985,5.331362574
Ireland,,1984,5.29492644
Ireland,,1983,5.258490307
Ireland,,1982,5.222054173
Ireland,,1981,5.185618039
Ireland,,1980,5.149181906
Israel,,2021,131.998964714
Israel,,2020,110.0854110948
Israel,,2019,100.4227417824
Israel,,2018,95.9365024588
Israel,,2017,103.6148736088
Israel,,2016,103.4423259425
Israel,,2015,98.8698127858
Israel,,2014,102.1482184453
Israel,,2013,105.5128979381
Israel,,2012,108.912086964
Israel,,2011,112.2595116901
Israel,,2010,115.6069364162
Israel,,2009,116.7428752193
Israel,,2008,117.8788140224
Israel,,2007,119.0147528255
Israel,,2006,120.1506916286
Israel,,2005,121.2866304317
Israel,,2004,122.4225692348
Israel,,2003,148.3909930118
Israel,,2002,133.1636614615
Israel,,2001,136.1789319299
Israel,,2000,139.1942023984
Israel,,1999,137.7965663014
Israel,,1998,136.3989302045
Israel,,1997,135.0012941075
Israel,,1996,133.6036580105
Israel,,1995,132.2060219136
Israel,,1994,132.0679837805
Israel,,1993,132.9652316452
Israel,,1992,133.86247951
Israel,,1991,134.7597273747
Israel,,1990,135.6569752394
Israel,,1989,140.9714433612
Israel,,1988,143.6459321888
Israel,,1987,146.3204210163
Israel,,1986,152.2301785868
Israel,,1985,153.222327668
Israel,,1984,151.3185517499
Israel,,1983,149.4147758318
Israel,,1982,147.5109999137
Israel,,1981,144.8451384695
Israel,,1980,142.1792770253
Israel,,1979,141.3941851436
Israel,,1978,140.609093262
Israel,,1977,139.6945906307
Israel,,1976,138.7800879993
Israel,,1975,137.865585368
Israel,,1974,136.9510827366
Israel,,1973,136.0365801053
Israel,,1972,135.1220774739
Israel,,1971,134.2075748426
Israel,,1970,133.157190924
Italy,,2022,29.76738039
Italy,,2021,29.73928981
Italy,,2020,29.79822011
Italy,,2019,29.82201075
Italy,,2018,29.68102917
Italy,,2017,29.76183413
Italy,,2016,29.8426391
Italy,,2015,29.92344406
Italy,,2014,29.93375824
Italy,,2013,29.94407241
Italy,,2012,29.88457359
Italy,,2011,29.78982937
Italy,,2010,29.69508515
Italy,,2009,29.60034093
Italy,,2008,47.19539656
Italy,,2007,29.44433562
Italy,,2006,30.88289201
Italy,,2005,32.32144839
Italy,,2004,33.82976129
Italy,,2003,35.29666085
Italy,,2002,36.76356041
Italy,,2001,38.23045997
Italy,,2000,39.69735953
Italy,,1999,39.70808001
Italy,,1998,39.76173133
Italy,,1997,39.32100304
Italy,,1996,38.88027475
Italy,,1995,38.43954645
Italy,,1994,37.99881816
Italy,,1993,37.55808987
Italy,,1992,37.11736157
Italy,,1991,36.67663328
Italy,,1990,36.23590499
Italy,,1989,36.75532982
Italy,,1988,37.27475465
Italy,,1987,37.79417947
Italy,,1986,38.34376849
Italy,,1985,38.84930076
Italy,,1984,39.35307076
Italy,,1983,39.85684075
Italy,,1982,40.36061075
Italy,,1981,40.86438075
Italy,,1980,41.36815075
Italy,,1979,40.897738
Italy,,1978,40.42732525
Italy,,1977,39.9569125
Italy,,1976,39.48649975
Italy,,1975,39.01608701
Italy,,1974,38.54391199
Italy,,1973,38.07173697
Italy,,1972,37.59956195
Italy,,1971,37.12738693
Italy,,1970,36.65521191
Jamaica,,2022,12.38281888
Jamaica,,2021,12.38281888
Jamaica,,2020,11.04643079
Jamaica,,2019,12.08500765
Jamaica,,2018,12.21448383
Jamaica,,2017,12.34396002
Jamaica,,2016,12.4734362
Jamaica,,2015,7.668853368
Jamaica,,2014,14.32135267
Jamaica,,2013,14.04746505
Jamaica,,2012,13.77357743
Jamaica,,2011,13.49968981
Jamaica,,2010,13.22580219
Jamaica,,2009,12.95191457
Jamaica,,2008,12.67802695
Jamaica,,2007,12.40413933
Jamaica,,2006,12.13025171
Jamaica,,2005,11.85636409
Jamaica,,2004,11.58247647
Jamaica,,2003,11.30858885
Jamaica,,2002,11.03470123
Jamaica,,2001,10.76081361
Jamaica,,2000,10.48692599
Jamaica,,1999,10.21303837
Jamaica,,1998,9.93915075
Jamaica,,1997,9.66526313
Jamaica,,1996,9.39137551
Jamaica,,1995,9.11748789
Jamaica,,1994,8.843600269
Jamaica,,1993,8.569712649
Japan,,2022,36.64367816
Japan,,2021,36.64367816
Japan,,2020,36.64367816
Japan,,2019,36.04597701
Japan,,2018,36.36781609
Japan,,2017,36.45977011
Japan,,2016,36.64367816
Japan,,2015,36.74364532
Japan,,2014,36.84361248
Japan,,2013,36.94357964
Japan,,2012,37.0435468
Japan,,2011,37.14351396
Japan,,2010,37.24348112
Japan,,2009,37.34344828
Japan,,2008,37.69471264
Japan,,2007,38.04597701
Japan,,2006,38.20229885
Japan,,2005,38.35862069
Japan,,2004,38.51494253
Japan,,2003,38.67126437
Japan,,2002,38.82758621
Japan,,2001,40.1954023
Japan,,2000,41.56321839
Japan,,1999,41.37777778
Japan,,1998,41.19233716
Japan,,1997,41.00689655
Japan,,1996,40.92643678
Japan,,1995,40.84597701
Japan,,1994,41.25057471
Japan,,1993,41.63678161
Japan,,1992,42.02298851
Japan,,1991,41.9302682
Japan,,1990,41.83754789
Japan,,1989,41.70896552
Japan,,1988,41.58038314
Japan,,1987,41.45180077
Japan,,1986,41.32321839
Japan,,1985,41.19463602
Japan,,1984,41.06605364
Japan,,1983,40.93747126
Japan,,1982,40.80888889
Japan,,1981,40.68030651
Japan,,1980,40.55172414
Jordan,,2022,105.2021265
Jordan,,2021,102.5163362
Jordan,,2020,106.0493964
Jordan,,2019,104.31277
Jordan,,2018,102.2261602
Jordan,,2017,100.4430169
Jordan,,2016,100.077528
Jordan,,2015,96.156828
Jordan,,2014,107.4094584
Jordan,,2013,99.78956695
Jordan,,2012,94.03034666
Jordan,,2011,88.16037213
Jordan,,2010,98.90353306
Jordan,,2009,95.58090597
Jordan,,2008,102.7799313
Jordan,,2007,103.2229483
Jordan,,2006,101.5616347
Jordan,,2005,95.93531953
Jordan,,2004,88.91112764
Jordan,,2003,82.31492176
Jordan,,2002,81.81019888
Jordan,,2001,77.3183235
Jordan,,2000,82.57282091
Jordan,,1999,85.76531177
Jordan,,1998,88.95780264
Jordan,,1997,91.37501384
Jordan,,1996,93.80646488
Jordan,,1995,96.23791592
Jordan,,1994,98.66936696
Jordan,,1993,101.100818
Jordan,,1992,103.6817873
Jordan,,1991,98.0807873
Jordan,,1990,92.47978735
Jordan,,1989,91.85956363
Jordan,,1988,86.0338908
Jordan,,1987,80.20821796
Jordan,,1986,74.38254513
Jordan,,1985,68.5568723
Jordan,,1984,66.69620113
Jordan,,1983,64.83552996
Jordan,,1982,62.97485879
Jordan,,1981,61.11418762
Jordan,,1980,59.25351645
Jordan,,1979,57.39284528
Jordan,,1978,55.53217411
Jordan,,1977,53.67150294
Jordan,,1976,51.81083176
Jordan,,1975,49.95016059
Kazakhstan,,2022,34.62690707
Kazakhstan,,2021,34.00416089
Kazakhstan,,2020,34.09847434
Kazakhstan,,2019,32.61581137
Kazakhstan,,2018,32.6518724
Kazakhstan,,2017,31.14008322
Kazakhstan,,2016,30.00138696
Kazakhstan,,2015,30.03606103
Kazakhstan,,2014,32.01386963
Kazakhstan,,2013,32.04576976
Kazakhstan,,2012,31.33564494
Kazakhstan,,2011,29.67683773
Kazakhstan,,2010,30.50762829
Kazakhstan,,2009,33.09153953
Kazakhstan,,2008,28.39112344
Kazakhstan,,2007,31.64632455
Kazakhstan,,2006,29.46324549
Kazakhstan,,2005,34.38557559
Kazakhstan,,2004,32.78363384
Kazakhstan,,2003,31.85298197
Kazakhstan,,2002,30.86962552
Kazakhstan,,2001,28.89736477
Kazakhstan,,2000,29.12482663
Kazakhstan,,1999,30.42690707
Kazakhstan,,1998,33.94119279
Kazakhstan,,1997,37.4554785
Kazakhstan,,1996,40.96976422
Kazakhstan,,1995,44.48404993
Kazakhstan,,1994,45.29403606
Kazakhstan,,1993,46.10402219
Kenya,,2022,33.23990107
Kenya,,2021,33.23990107
Kenya,,2020,33.23990107
Kenya,,2019,33.23990107
Kenya,,2018,33.23990107
Kenya,,2017,33.23990107
Kenya,,2016,33.23990107
Kenya,,2015,26.54575433
Kenya,,2014,26.54245672
Kenya,,2013,26.53915911
Kenya,,2012,26.5358615
Kenya,,2011,26.53256389
Kenya,,2010,26.52926628
Kenya,,2009,25.47167589
Kenya,,2008,24.4140855
Kenya,,2007,23.35649511
Kenya,,2006,22.29890472
Kenya,,2005,21.24131433
Kenya,,2004,20.18372394
Kenya,,2003,19.12613355
Kenya,,2002,17.03743632
Kenya,,2001,14.94873909
Kenya,,2000,12.86004185
Kenya,,1999,13.263238
Kenya,,1998,13.66643414
Kenya,,1997,14.06963029
Kenya,,1996,14.47282643
Kenya,,1995,14.87602258
Kenya,,1994,15.27921872
Kenya,,1993,15.68241486
Kenya,,1992,16.08561101
Kenya,,1991,16.48880715
Kenya,,1990,16.8920033
North Korea,,2022,27.7404678
North Korea,,2021,27.7404678
North Korea,,2020,27.7404678
North Korea,,2019,27.7404678
North Korea,,2018,27.7404678
North Korea,,2017,27.7404678
North Korea,,2016,27.7404678
North Korea,,2015,27.7404678
North Korea,,2014,27.7404678
North Korea,,2013,27.7404678
North Korea,,2012,27.7404678
North Korea,,2011,27.7404678
North Korea,,2010,27.7404678
North Korea,,2009,27.7404678
North Korea,,2008,27.7404678
North Korea,,2007,27.7404678
North Korea,,2006,27.7404678
North Korea,,2005,27.7404678
North Korea,,2004,27.67497597
North Korea,,2003,27.60948414
North Korea,,2002,27.54399231
North Korea,,2001,27.47850048
North Korea,,2000,27.41300865
South Korea,,2022,85.22183304
South Korea,,2021,85.22183304
South Korea,,2020,85.22183304
South Korea,,2019,85.22183304
South Korea,,2018,85.22183304
South Korea,,2017,85.22183304
South Korea,,2016,85.22183304
South Korea,,2015,85.22183304
South Korea,,2014,85.22183304
South Korea,,2013,85.22183304
South Korea,,2012,85.22183304
South Korea,,2011,85.22183304
South Korea,,2010,85.22183304
South Korea,,2009,85.22183304
South Korea,,2008,85.22183304
South Korea,,2007,85.22183304
South Korea,,2006,85.22183304
South Korea,,2005,85.22183304
South Korea,,2004,85.19361744
South Korea,,2003,85.16540183
South Korea,,2002,85.13718622
South Korea,,2001,82.96088733
South Korea,,2000,80.78458844
South Korea,,1999,78.60828955
South Korea,,1998,76.43199066
South Korea,,1997,74.25569177
South Korea,,1996,72.22500208
South Korea,,1995,70.1943124
South Korea,,1994,68.16362272
South Korea,,1993,66.13293303
South Korea,,1992,64.10224335
South Korea,,1991,62.07155367
South Korea,,1990,60.04086398
Kuwait,,2022,3850.5
Kuwait,,2021,3850.5
Kuwait,,2020,3850.5
Kuwait,,2019,3850.5
Kuwait,,2018,3850.5
Kuwait,,2017,3850.5
Kuwait,,2016,3575.0
Kuwait,,2015,3399.0
Kuwait,,2014,3297.153846
Kuwait,,2013,3195.307692
Kuwait,,2012,3093.461538
Kuwait,,2011,2991.615385
Kuwait,,2010,2889.769231
Kuwait,,2009,2787.923077
Kuwait,,2008,2686.076923
Kuwait,,2007,2584.230769
Kuwait,,2006,2482.384615
Kuwait,,2005,2380.538462
Kuwait,,2004,2278.692308
Kuwait,,2003,2176.846154
Kuwait,,2002,2075.0
Kuwait,,2001,1993.423611
Kuwait,,2000,1911.847222
Kuwait,,1999,1784.092262
Kuwait,,1998,1656.337302
Kuwait,,1997,1566.082341
Kuwait,,1996,1475.827381
Kuwait,,1995,1385.572421
Kuwait,,1994,1295.31746
Kuwait,,1993,1535.0
Kyrgyzstan,,2022,50.03895598
Kyrgyzstan,,2021,50.03895598
Kyrgyzstan,,2020,50.03895598
Kyrgyzstan,,2019,50.03895598
Kyrgyzstan,,2018,50.03895598
Kyrgyzstan,,2017,50.03895598
Kyrgyzstan,,2016,50.03895598
Kyrgyzstan,,2015,50.03895598
Kyrgyzstan,,2014,50.03895598
Kyrgyzstan,,2013,50.03895598
Kyrgyzstan,,2012,50.03895598
Kyrgyzstan,,2011,50.03895598
Kyrgyzstan,,2010,50.03895598
Kyrgyzstan,,2009,50.03895598
Kyrgyzstan,,2008,50.03895598
Kyrgyzstan,,2007,50.03895598
Kyrgyzstan,,2006,50.03895598
Kyrgyzstan,,2005,52.60680431
Kyrgyzstan,,2004,55.17465264
Kyrgyzstan,,2003,57.74250097
Kyrgyzstan,,2002,60.31034931
Kyrgyzstan,,2001,62.87819764
Kyrgyzstan,,2000,65.44604597
Kyrgyzstan,,1999,65.13223391
Kyrgyzstan,,1998,64.81842185
Kyrgyzstan,,1997,64.50460979
Kyrgyzstan,,1996,64.19079773
Kyrgyzstan,,1995,63.87698567
Kyrgyzstan,,1994,63.56317361
Laos,,2022,4.791395046
Laos,,2021,4.791395046
Laos,,2020,4.791395046
Laos,,2019,4.791395046
Laos,,2018,4.771838331
Laos,,2017,4.771838331
Laos,,2016,4.993481095
Laos,,2015,5.117340287
Laos,,2014,4.934810952
Laos,,2013,4.639504563
Laos,,2012,4.344198175
Laos,,2011,4.048891786
Laos,,2010,3.753585398
Laos,,2009,3.458279009
Laos,,2008,3.162972621
Laos,,2007,2.867666232
Laos,,2006,2.572359844
Laos,,2005,2.277053455
Latvia,,2022,1.015521509
Latvia,,2021,1.086918091
Latvia,,2020,1.067831467
Latvia,,2019,1.052616382
Latvia,,2018,1.080430171
Latvia,,2017,1.067280854
Latvia,,2016,1.095214302
Latvia,,2015,1.041249263
Latvia,,2014,0.992928698
Latvia,,2013,1.390689452
Latvia,,2012,1.462581025
Latvia,,2011,2.175014732
Latvia,,2010,1.621685327
Latvia,,2009,2.327047731
Latvia,,2008,1.348261638
Latvia,,2007,1.217442546
Latvia,,2006,1.262109605
Latvia,,2005,1.306776665
Latvia,,2004,1.351443724
Latvia,,2003,1.396110784
Latvia,,2002,1.440777843
Latvia,,2001,1.576350422
Latvia,,2000,1.712551562
Latvia,,1999,1.848752701
Latvia,,1998,1.98495384
Latvia,,1997,2.121154979
Latvia,,1996,2.257356119
Latvia,,1995,2.393557258
Lebanon,,2022,58.79299156
Lebanon,,2021,58.79299156
Lebanon,,2020,58.79299156
Lebanon,,2019,58.79299156
Lebanon,,2018,58.79299156
Lebanon,,2017,58.79299156
Lebanon,,2016,58.79299156
Lebanon,,2015,58.79299156
Lebanon,,2014,56.46982479
Lebanon,,2013,54.14665801
Lebanon,,2012,51.82349124
Lebanon,,2011,49.50032446
Lebanon,,2010,47.17715769
Lebanon,,2009,44.85399092
Lebanon,,2008,42.53082414
Lebanon,,2007,40.20765737
Lebanon,,2006,37.88449059
Lebanon,,2005,35.56132382
Lebanon,,2004,37.88449059
Lebanon,,2003,38.68267359
Lebanon,,2002,39.48085659
Lebanon,,2001,40.27903958
Lebanon,,2000,41.07722258
Lebanon,,1999,45.67380489
Lebanon,,1998,44.91672074
Lebanon,,1997,44.1596366
Lebanon,,1996,43.40255246
Lebanon,,1995,42.64546831
Lebanon,,1994,41.88838417
Lebanon,,1993,40.96280611
Lebanon,,1992,40.04405888
Lebanon,,1991,39.11164999
Lebanon,,1990,38.25096486
Lebanon,,1989,37.3253868
Lebanon,,1988,36.39980874
Lebanon,,1987,35.47423068
Lebanon,,1986,34.54865262
Lebanon,,1985,33.62307456
Lebanon,,1984,32.6974965
Lebanon,,1983,31.77191844
Lebanon,,1982,30.84634038
Lebanon,,1981,29.90026982
Lebanon,,1980,28.99518426
Lebanon,,1979,28.05594453
Lebanon,,1978,27.14402814
Lebanon,,1977,26.21161925
Lebanon,,1976,25.29287202
Lebanon,,1975,24.36729397
Lesotho,,2022,2.565905097
Lesotho,,2021,2.565905097
Lesotho,,2020,2.565905097
Lesotho,,2019,2.565905097
Lesotho,,2018,2.565905097
Lesotho,,2017,2.565905097
Lesotho,,2016,2.565905097
Lesotho,,2015,2.565905097
Lesotho,,2014,2.565905097
Lesotho,,2013,2.565905097
Lesotho,,2012,2.565905097
Lesotho,,2011,2.565905097
Lesotho,,2010,2.565905097
Lesotho,,2009,2.565905097
Lesotho,,2008,2.565905097
Lesotho,,2007,2.565905097
Lesotho,,2006,2.565905097
Lesotho,,2005,2.565905097
Lesotho,,2004,2.565905097
Lesotho,,2003,2.565905097
Lesotho,,2002,2.565905097
Lesotho,,2001,2.565905097
Lesotho,,2000,2.565905097
Lesotho,,1999,2.484791132
Lesotho,,1998,2.521818155
Lesotho,,1997,2.558845178
Lesotho,,1996,2.5958722
Lesotho,,1995,2.632899223
Lesotho,,1994,2.669926246
Lesotho,,1993,2.706953269
Lesotho,,1992,2.743980292
Lesotho,,1991,2.781007315
Lesotho,,1990,2.818034338
Lesotho,,1989,2.855061361
Lesotho,,1988,2.892088384
Lesotho,,1987,2.929115407
Liberia,,2022,0.264311594
Liberia,,2021,0.264311594
Liberia,,2020,0.264311594
Liberia,,2019,0.264311594
Liberia,,2018,0.264311594
Liberia,,2017,0.264311594
Liberia,,2016,0.264311594
Liberia,,2015,0.264311594
Liberia,,2014,0.264311594
Liberia,,2013,0.264311594
Liberia,,2012,0.264311594
Liberia,,2011,0.264311594
Liberia,,2010,0.264311594
Liberia,,2009,0.264311594
Liberia,,2008,0.264311594
Liberia,,2007,0.264311594
Liberia,,2006,0.264311594
Liberia,,2005,0.264311594
Liberia,,2004,0.25884058
Liberia,,2003,0.253369565
Liberia,,2002,0.247898551
Liberia,,2001,0.242427536
Liberia,,2000,0.236956522
Liberia,,1999,0.236845039
Liberia,,1998,0.236733556
Liberia,,1997,0.236622074
Liberia,,1996,0.236510591
Liberia,,1995,0.236399108
Liberia,,1994,0.236287625
Liberia,,1993,0.236176143
Liberia,,1992,0.23606466
Liberia,,1991,0.235953177
Liberia,,1990,0.235841695
Liberia,,1989,0.235730212
Liberia,,1988,0.235618729
Liberia,,1987,0.235507246
Libya,,2022,817.1428571
Libya,,2021,817.1428571
Libya,,2020,817.1428571
Libya,,2019,817.1428571
Libya,,2018,817.1428571
Libya,,2017,817.1428571
Libya,,2016,817.1428571
Libya,,2015,817.1428571
Libya,,2014,817.1428571
Libya,,2013,817.1428571
Libya,,2012,817.1428571
Libya,,2011,800.1326531
Libya,,2010,783.122449
Libya,,2009,766.1122449
Libya,,2008,749.1020408
Libya,,2007,732.0918367
Libya,,2006,715.0816327
Libya,,2005,698.0714286
Libya,,2004,681.5428571
Libya,,2003,665.0142857
Libya,,2002,648.4857143
Libya,,2001,631.9571429
Libya,,2000,615.4285714
Libya,,1999,621.9142857
Libya,,1998,628.4457143
Libya,,1997,637.5485714
Libya,,1996,644.08
Libya,,1995,650.6114286
Libya,,1994,657.1428571
Libya,,1993,662.8571429
Libya,,1992,668.5714286
Libya,,1991,674.2857143
Libya,,1990,680.0
Libya,,1989,633.0
Libya,,1988,586.0
Libya,,1987,539.0
Libya,,1986,492.0
Libya,,1985,445.0
Libya,,1984,398.0
Libya,,1983,351.0
Libya,,1982,304.0
Libya,,1981,257.0
Libya,,1980,210.0
Libya,,1979,202.2857143
Libya,,1978,194.5714286
Libya,,1977,186.8571429
Libya,,1976,179.1428571
Libya,,1975,171.4285714
Lithuania,,2022,2.165537131
Lithuania,,2021,2.558255227
Lithuania,,2020,2.892429704
Lithuania,,2019,2.363266042
Lithuania,,2018,1.834102379
Lithuania,,2017,1.867339582
Lithuania,,2016,2.219899063
Lithuania,,2015,2.752703677
Lithuania,,2014,2.578226388
Lithuania,,2013,3.224224946
Lithuania,,2012,3.870223504
Lithuania,,2011,4.516222062
Lithuania,,2010,7.467916366
Lithuania,,2009,10.41961067
Lithuania,,2008,13.37130497
Lithuania,,2007,16.32299928
Lithuania,,2006,16.6705119
Lithuania,,2005,17.01802451
Lithuania,,2004,17.75270368
Lithuania,,2003,18.48738284
Lithuania,,2002,19.222062
Lithuania,,2001,19.95674117
Lithuania,,2000,21.85436193
Lithuania,,1999,23.7519827
Lithuania,,1998,25.64960346
Lithuania,,1997,27.54722422
Lithuania,,1996,29.44484499
Lithuania,,1995,31.34246575
Luxembourg,,2022,3.95854063
Luxembourg,,2021,3.816749585
Luxembourg,,2020,3.963515755
Luxembourg,,2019,4.087893864
Luxembourg,,2018,4.328358209
Luxembourg,,2017,3.781094527
Luxembourg,,2016,3.68159204
Luxembourg,,2015,3.714759536
Luxembourg,,2014,3.814262023
Luxembourg,,2013,3.573797678
Luxembourg,,2012,3.698175788
Luxembourg,,2011,3.839137645
Luxembourg,,2010,3.946932007
Luxembourg,,2009,3.897180763
Luxembourg,,2008,4.011608624
Luxembourg,,2007,4.126036484
Luxembourg,,2006,4.240464345
Luxembourg,,2005,4.354892206
Luxembourg,,2004,4.469320066
Luxembourg,,2003,4.583747927
Luxembourg,,2002,4.698175788
Luxembourg,,2001,4.812603648
Luxembourg,,2000,4.927031509
Luxembourg,,1999,5.04145937
Luxembourg,,1998,4.962686567
Luxembourg,,1997,4.883913765
Luxembourg,,1996,4.805140962
Luxembourg,,1995,4.726368159
Luxembourg,,1994,4.809286899
Luxembourg,,1993,4.892205639
Luxembourg,,1992,4.975124378
Luxembourg,,1991,5.058043118
Luxembourg,,1990,5.140961857
Luxembourg,,1989,5.223880597
Luxembourg,,1988,5.306799337
Luxembourg,,1987,5.389718076
Luxembourg,,1986,5.472636816
Luxembourg,,1985,5.555555556
Luxembourg,,1984,5.102819237
Luxembourg,,1983,4.650082919
Luxembourg,,1982,4.1973466
Luxembourg,,1981,3.744610282
Luxembourg,,1980,3.291873964
Luxembourg,,1979,3.338308458
Luxembourg,,1978,3.384742952
Luxembourg,,1977,3.431177446
Luxembourg,,1976,3.47761194
Luxembourg,,1975,3.524046435
Luxembourg,,1974,3.396351576
Luxembourg,,1973,3.268656716
Luxembourg,,1972,3.140961857
Luxembourg,,1971,3.013266998
Luxembourg,,1970,2.885572139
Madagascar,,2022,11.26150628
Madagascar,,2021,11.26150628
Madagascar,,2020,11.26150628
Madagascar,,2019,11.26150628
Madagascar,,2018,11.26150628
Madagascar,,2017,11.26150628
Madagascar,,2016,11.26150628
Madagascar,,2015,11.26150628
Madagascar,,2014,11.26150628
Madagascar,,2013,11.26150628
Madagascar,,2012,11.26150628
Madagascar,,2011,11.26150628
Madagascar,,2010,11.26150628
Madagascar,,2009,11.26150628
Madagascar,,2008,11.26150628
Madagascar,,2007,11.26150628
Madagascar,,2006,11.26150628
Madagascar,,2005,11.26150628
Madagascar,,2004,11.24679498
Madagascar,,2003,11.23208368
Madagascar,,2002,11.21737238
Madagascar,,2001,11.20266109
Madagascar,,2000,11.18794979
Madagascar,,1999,11.34137029
Madagascar,,1998,11.4947908
Madagascar,,1997,11.6482113
Madagascar,,1996,11.8016318
Madagascar,,1995,11.9550523
Madagascar,,1994,12.1084728
Madagascar,,1993,12.26189331
Madagascar,,1992,12.41531381
Madagascar,,1991,12.56873431
Madagascar,,1990,12.72215481
Madagascar,,1989,12.87557531
Madagascar,,1988,13.02899582
Madagascar,,1987,13.18241632
Madagascar,,1986,13.33583682
Madagascar,,1985,13.48925732
Madagascar,,1984,13.64267782
Malawi,,2022,17.50483809
Malawi,,2021,17.50483809
Malawi,,2020,17.50483809
Malawi,,2019,17.50483809
Malawi,,2018,17.50483809
Malawi,,2017,17.50483809
Malawi,,2016,17.50483809
Malawi,,2015,17.50483809
Malawi,,2014,17.50483809
Malawi,,2013,17.50483809
Malawi,,2012,17.50483809
Malawi,,2011,17.50483809
Malawi,,2010,17.50483809
Malawi,,2009,17.50483809
Malawi,,2008,17.50483809
Malawi,,2007,17.50483809
Malawi,,2006,17.50483809
Malawi,,2005,17.50483809
Malawi,,2004,17.42407431
Malawi,,2003,17.34331054
Malawi,,2002,17.26254677
Malawi,,2001,16.60605083
Malawi,,2000,15.9495549
Malawi,,1999,15.30393928
Malawi,,1998,14.65832366
Malawi,,1997,14.01270804
Malawi,,1996,13.36709242
Malawi,,1995,12.7214768
Malawi,,1994,12.07586118
Malaysia,,2022,3.43948718
Malaysia,,2021,3.43948718
Malaysia,,2020,3.43948718
Malaysia,,2019,3.43948718
Malaysia,,2018,3.43948718
Malaysia,,2017,3.43948718
Malaysia,,2016,3.36
Malaysia,,2015,3.192820513
Malaysia,,2014,3.172793522
Malaysia,,2013,3.152766532
Malaysia,,2012,3.132739541
Malaysia,,2011,3.112712551
Malaysia,,2010,3.09268556
Malaysia,,2009,3.07265857
Malaysia,,2008,3.052631579
Malaysia,,2007,3.032604588
Malaysia,,2006,3.012577598
Malaysia,,2005,2.992550607
Malaysia,,2004,2.972523617
Malaysia,,2003,2.952496626
Malaysia,,2002,2.932469636
Malaysia,,2001,2.912442645
Malaysia,,2000,2.892415655
Malaysia,,1999,2.872388664
Malaysia,,1998,2.852361673
Malaysia,,1997,2.832334683
Malaysia,,1996,2.812307692
Malaysia,,1995,3.845641026
Malaysia,,1994,3.683162393
Malaysia,,1993,4.058871795
Malaysia,,1992,4.434581197
Malaysia,,1991,4.810290598
Malaysia,,1990,5.186
Maldives,,2022,15.66666667
Maldives,,2021,15.66666667
Maldives,,2020,15.66666667
Maldives,,2019,15.66666667
Maldives,,2018,15.66666667
Maldives,,2017,15.66666667
Maldives,,2016,15.66666667
Maldives,,2015,15.66666667
Maldives,,2014,15.66666667
Maldives,,2013,15.66666667
Maldives,,2012,15.66666667
Maldives,,2011,15.66666667
Maldives,,2010,3.380952381
Maldives,,2009,9.523809524
Maldives,,2008,15.66666667
Maldives,,2007,15.46031746
Maldives,,2006,14.87301587
Maldives,,2005,14.47619048
Maldives,,2004,16.5
Maldives,,2003,16.70833333
Maldives,,2002,16.91666667
Maldives,,2001,17.125
Maldives,,2000,17.66666667
Maldives,,1999,17.56410256
Maldives,,1998,17.00320513
Maldives,,1997,16.44230769
Maldives,,1996,15.88141026
Maldives,,1995,15.32051282
Maldives,,1994,12.77777778
Maldives,,1993,12.57142857
Maldives,,1992,12.36507937
Maldives,,1991,11.58730159
Maldives,,1990,11.95238095
Maldives,,1989,11.74603175
Maldives,,1988,11.73015873
Maldives,,1987,11.33333333
Mali,,2022,8.00308642
Mali,,2021,8.00308642
Mali,,2020,8.00308642
Mali,,2019,8.00308642
Mali,,2018,8.00308642
Mali,,2017,8.00308642
Mali,,2016,8.00308642
Mali,,2015,8.00308642
Mali,,2014,8.00308642
Mali,,2013,8.00308642
Mali,,2012,8.00308642
Mali,,2011,8.00308642
Mali,,2010,8.00308642
Mali,,2009,8.00308642
Mali,,2008,8.00308642
Mali,,2007,8.00308642
Mali,,2006,8.00308642
Mali,,2005,7.971166342
Mali,,2004,7.939246264
Mali,,2003,7.907326186
Mali,,2002,7.875406108
Mali,,2001,7.84348603
Mali,,2000,7.447368421
Mali,,1999,7.051250812
Mali,,1998,6.655133203
Mali,,1997,6.259015595
Mali,,1996,5.862897986
Mali,,1995,5.444661035
Mali,,1994,5.026424085
Mali,,1993,4.608187135
Mali,,1992,4.189950184
Mali,,1991,3.771713234
Mali,,1990,3.353476283
Mali,,1989,2.935239333
Mali,,1988,2.517002383
Mali,,1987,2.098765432
Malta,,2022,72.60000792
Malta,,2021,78.46721386
Malta,,2020,81.77715644
Malta,,2019,80.66096515
Malta,,2018,84.62300297
Malta,,2017,91.08910891
Malta,,2016,82.97029703
Malta,,2015,82.77227723
Malta,,2014,89.10891089
Malta,,2013,91.28712871
Malta,,2012,79.40594059
Malta,,2011,75.44554455
Malta,,2010,80.99009901
Malta,,2009,62.77227723
Malta,,2008,70.89108911
Malta,,2007,72.87128713
Malta,,2006,71.76237624
Malta,,2005,70.65346535
Malta,,2004,68.51485149
Malta,,2003,68.43564356
Malta,,2002,67.32673267
Malta,,2001,64.29985856
Malta,,2000,61.27298444
Malta,,1999,58.24611033
Malta,,1998,55.21923621
Malta,,1997,52.19236209
Malta,,1996,49.16548798
Malta,,1995,46.13861386
Malta,,1994,46.85148515
Malta,,1993,47.56435644
Malta,,1992,48.27722772
Malta,,1991,48.99009901
Malta,,1990,49.7029703
Malta,,1989,50.41584158
Malta,,1988,51.12871287
Malta,,1987,51.84158416
Malta,,1986,52.55445545
Malta,,1985,53.26732673
Malta,,1984,58.61386139
Malta,,1983,53.86138614
Malta,,1982,49.10891089
Malta,,1981,44.35643564
Malta,,1980,39.6039604
Mauritania,,2022,13.24621733
Mauritania,,2021,13.24621733
Mauritania,,2020,13.24621733
Mauritania,,2019,13.24621733
Mauritania,,2018,13.24621733
Mauritania,,2017,13.24621733
Mauritania,,2016,13.24621733
Mauritania,,2015,13.24621733
Mauritania,,2014,13.24621733
Mauritania,,2013,13.24621733
Mauritania,,2012,13.24621733
Mauritania,,2011,13.24621733
Mauritania,,2010,13.24621733
Mauritania,,2009,13.24621733
Mauritania,,2008,13.24621733
Mauritania,,2007,13.24621733
Mauritania,,2006,13.24621733
Mauritania,,2005,13.24621733
Mauritania,,2004,13.19512674
Mauritania,,2003,13.82442523
Mauritania,,2002,14.45372372
Mauritania,,2001,15.0830222
Mauritania,,2000,15.71232069
Mauritania,,1999,15.72992402
Mauritania,,1998,15.74752735
Mauritania,,1997,15.76513067
Mauritania,,1996,15.782734
Mauritania,,1995,15.80033733
Mauritania,,1994,15.81794066
Mauritania,,1993,15.83554398
Mauritania,,1992,15.85314731
Mauritania,,1991,15.87075064
Mauritania,,1990,15.88835397
Mauritania,,1989,15.92560752
Mauritania,,1988,15.94321085
Mauritania,,1987,15.96081417
Mauritania,,1986,15.9784175
Mauritania,,1985,15.99602083
Mauritania,,1984,14.23128316
Mauritania,,1983,12.46654549
Mauritania,,1982,10.70180782
Mauritania,,1981,8.937070151
Mauritania,,1980,7.172332482
Mauritius,,2022,22.97346419
Mauritius,,2021,21.95565249
Mauritius,,2020,22.06470374
Mauritius,,2019,21.62849873
Mauritius,,2018,21.48309706
Mauritius,,2017,22.173755
Mauritius,,2016,22.53725918
Mauritius,,2015,22.24645583
Mauritius,,2014,22.53725918
Mauritius,,2013,22.10105416
Mauritius,,2012,21.15594329
Mauritius,,2011,20.7560887
Mauritius,,2010,23.15521629
Mauritius,,2009,22.97346419
Mauritius,,2008,27.84442021
Mauritius,,2007,22.90076336
Mauritius,,2006,24.7909851
Mauritius,,2005,25.11813886
Mauritius,,2004,25.73609597
Mauritius,,2003,26.35405307
Mauritius,,2002,24.96062038
Mauritius,,2001,23.56718769
Mauritius,,2000,22.173755
Mauritius,,1999,22.21010542
Mauritius,,1998,22.24645583
Mauritius,,1997,22.28280625
Mauritius,,1996,22.31915667
Mauritius,,1995,22.35550709
Mauritius,,1994,21.99927299
Mauritius,,1993,21.64303889
Mauritius,,1992,21.2868048
Mauritius,,1991,20.9305707
Mauritius,,1990,20.5743366
Mauritius,,1989,20.0751242
Mauritius,,1988,19.57591179
Mauritius,,1987,19.07669938
Mauritius,,1986,18.57748697
Mauritius,,1985,18.07827457
Mauritius,,1984,17.57906216
Mauritius,,1983,17.07984975
Mauritius,,1982,16.58063734
Mauritius,,1981,16.08142494
Mauritius,,1980,15.58221253
Mauritius,,1979,15.08300012
Mauritius,,1978,14.58378771
Mauritius,,1977,14.08457531
Mauritius,,1976,13.5853629
Mauritius,,1975,13.08615049
Mauritius,,1974,13.08615049
Mexico,,2022,44.94514734
Mexico,,2021,45.01521461
Mexico,,2020,44.81702434
Mexico,,2019,44.71842969
Mexico,,2018,44.46268418
Mexico,,2017,32.94972017
Mexico,,2016,32.47595541
Mexico,,2015,32.13197893
Mexico,,2014,31.85814815
Mexico,,2013,30.6277852
Mexico,,2012,31.03290471
Mexico,,2011,29.81379507
Mexico,,2010,29.87006167
Mexico,,2009,29.92632827
Mexico,,2008,29.92666587
Mexico,,2007,29.50245322
Mexico,,2006,28.88352064
Mexico,,2005,28.58343211
Mexico,,2004,28.20832145
Mexico,,2003,28.02076613
Mexico,,2002,27.12050055
Mexico,,2001,25.80044863
Mexico,,2000,25.57161506
Mexico,,1999,25.34278148
Mexico,,1998,25.1139479
Mexico,,1997,24.88511432
Mexico,,1996,24.65628075
Mexico,,1995,24.42744717
Mexico,,1994,24.19861359
Mexico,,1993,23.96978001
Mexico,,1992,23.74094644
Mexico,,1991,23.51211286
Mexico,,1990,23.28327928
Mexico,,1989,23.0544457
Mexico,,1988,22.82561213
Mexico,,1987,22.59677855
Mexico,,1986,22.36794497
Mexico,,1985,22.1391114
Mexico,,1984,21.91027782
Mexico,,1983,21.68144424
Mexico,,1982,21.45261066
Mexico,,1981,21.22377709
Mexico,,1980,20.99494351
Moldova,,2022,12.56311256
Moldova,,2021,12.56311256
Moldova,,2020,12.56311256
Moldova,,2019,12.45916246
Moldova,,2018,12.42946243
Moldova,,2017,12.47401247
Moldova,,2016,12.5037125
Moldova,,2015,12.47401247
Moldova,,2014,12.41461241
Moldova,,2013,12.45916246
Moldova,,2012,12.62251262
Moldova,,2011,12.57796258
Moldova,,2010,12.63736264
Moldova,,2009,12.84526285
Moldova,,2008,12.78586279
Moldova,,2007,12.68191268
Moldova,,2006,12.68191268
Moldova,,2005,12.65221265
Moldova,,2004,12.65221265
Moldova,,2003,12.83041283
Moldova,,2002,12.86011286
Moldova,,2001,12.97891298
Moldova,,2000,20.65664066
Moldova,,1999,21.14142614
Moldova,,1998,21.62621163
Moldova,,1997,22.11099711
Moldova,,1996,26.08159068
Moldova,,1995,24.23448173
Moldova,,1994,25.87318087
Moldova,,1993,27.51188001
Moldova,,1992,29.15057915
Mongolia,,2022,3.395007342
Mongolia,,2021,3.395007342
Mongolia,,2020,3.395007342
Mongolia,,2019,3.395007342
Mongolia,,2018,3.395007342
Mongolia,,2017,3.395007342
Mongolia,,2016,3.395007342
Mongolia,,2015,3.154185022
Mongolia,,2014,3.302741067
Mongolia,,2013,3.451297112
Mongolia,,2012,3.599853157
Mongolia,,2011,3.748409202
Mongolia,,2010,3.896965247
Mongolia,,2009,4.045521292
Mongolia,,2008,4.018600098
Mongolia,,2007,3.991678904
Mongolia,,2006,3.964757709
Mongolia,,2005,3.753303965
Mongolia,,2004,3.838246922
Mongolia,,2003,3.774991528
Mongolia,,2002,3.711736135
Mongolia,,2001,3.648480741
Mongolia,,2000,3.585225347
Mongolia,,1999,3.521969954
Mongolia,,1998,3.45871456
Mongolia,,1997,3.395459166
Mongolia,,1996,3.332203773
Mongolia,,1995,3.268948379
Mongolia,,1994,3.205692985
Mongolia,,1993,3.142437592
Morocco,,2022,50.75121202
Morocco,,2021,50.75121202
Morocco,,2020,50.75121202
Morocco,,2019,50.75121202
Morocco,,2018,50.75121202
Morocco,,2017,50.75121202
Morocco,,2016,50.75121202
Morocco,,2015,50.75121202
Morocco,,2014,50.75121202
Morocco,,2013,50.75121202
Morocco,,2012,50.75121202
Morocco,,2011,50.75121202
Morocco,,2010,50.75121202
Morocco,,2009,53.29525272
Morocco,,2008,55.83929343
Morocco,,2007,58.38333413
Morocco,,2006,60.92737484
Morocco,,2005,63.47141554
Morocco,,2004,66.01545625
Morocco,,2003,68.55949695
Morocco,,2002,71.10353766
Morocco,,2001,65.79225268
Morocco,,2000,60.4809677
Morocco,,1999,58.96423943
Morocco,,1998,57.44751116
Morocco,,1997,55.93078289
Morocco,,1996,54.41405462
Morocco,,1995,54.03254452
Morocco,,1994,53.69653914
Morocco,,1993,52.96692747
Morocco,,1992,53.00052801
Morocco,,1991,50.44448711
Morocco,,1990,47.88844622
Morocco,,1989,48.88398214
Morocco,,1988,49.86319781
Morocco,,1987,50.84241348
Morocco,,1986,51.82162915
Morocco,,1985,52.80084481
Morocco,,1984,51.88883022
Morocco,,1983,50.97681563
Morocco,,1982,50.06480104
Morocco,,1981,49.15278644
Morocco,,1980,48.24077185
Morocco,,1979,47.23275572
Morocco,,1978,46.2247396
Morocco,,1977,45.21672347
Morocco,,1976,44.20870734
Morocco,,1975,43.20069121
Mozambique,,2022,1.751486326
Mozambique,,2021,1.751486326
Mozambique,,2020,1.751486326
Mozambique,,2019,1.751486326
Mozambique,,2018,1.751486326
Mozambique,,2017,1.751486326
Mozambique,,2016,1.751486326
Mozambique,,2015,1.751486326
Mozambique,,2014,1.705967386
Mozambique,,2013,1.660448446
Mozambique,,2012,1.614929506
Mozambique,,2011,1.569410566
Mozambique,,2010,1.523891626
Mozambique,,2009,1.478372686
Mozambique,,2008,1.432853746
Mozambique,,2007,1.387334806
Mozambique,,2006,1.341815866
Mozambique,,2005,1.296296925
Mozambique,,2004,1.240754204
Mozambique,,2003,1.185211483
Mozambique,,2002,1.129668762
Mozambique,,2001,1.07412604
Mozambique,,2000,1.035152956
Mozambique,,1999,1.00357583
Mozambique,,1998,0.971998703
Mozambique,,1997,0.940421576
Mozambique,,1996,0.908844449
Mozambique,,1995,0.877267323
Mozambique,,1994,0.845690196
Mozambique,,1993,0.814113069
Mozambique,,1992,0.782535942
Mozambique,,1991,0.750958815
Mozambique,,1990,0.719381689
Myanmar,,2022,5.801501397
Myanmar,,2021,5.801501397
Myanmar,,2020,5.801501397
Myanmar,,2019,5.801501397
Myanmar,,2018,5.801501397
Myanmar,,2017,5.801501397
Myanmar,,2016,5.801501397
Myanmar,,2015,5.801501397
Myanmar,,2014,5.801501397
Myanmar,,2013,5.801501397
Myanmar,,2012,5.801501397
Myanmar,,2011,5.801501397
Myanmar,,2010,5.801501397
Myanmar,,2009,5.801501397
Myanmar,,2008,5.801501397
Myanmar,,2007,5.801501397
Myanmar,,2006,5.801501397
Myanmar,,2005,5.801501397
Myanmar,,2004,5.801501397
Myanmar,,2003,5.801501397
Myanmar,,2002,5.801501397
Myanmar,,2001,5.801501397
Myanmar,,2000,5.801501397
Myanmar,,1999,5.733772024
Myanmar,,1998,5.667037763
Myanmar,,1997,5.600303502
Myanmar,,1996,5.534258165
Myanmar,,1995,5.467447357
Myanmar,,1994,5.40010072
Myanmar,,1993,5.333366459
Myanmar,,1992,5.267014933
Myanmar,,1991,5.200204126
Myanmar,,1990,5.133393318
Myanmar,,1989,5.06658251
Myanmar,,1988,4.999771702
Myanmar,,1987,4.932960894
Namibia,,2022,0.314668328
Namibia,,2021,0.314668328
Namibia,,2020,0.364466054
Namibia,,2019,0.392081971
Namibia,,2018,0.417410253
Namibia,,2017,0.445169147
Namibia,,2016,0.472928042
Namibia,,2015,0.500686937
Namibia,,2014,0.528445831
Namibia,,2013,0.557777476
Namibia,,2012,0.585393393
Namibia,,2011,0.61300931
Namibia,,2010,0.640625228
Namibia,,2009,0.668241145
Namibia,,2008,0.695857063
Namibia,,2007,0.72347298
Namibia,,2006,0.750516989
Namibia,,2005,0.778275883
Namibia,,2004,0.806034778
Namibia,,2003,0.833793673
Namibia,,2002,0.861552567
Namibia,,2001,0.888753056
Namibia,,2000,0.915953545
Namibia,,1999,0.88905868
Namibia,,1998,0.864608802
Namibia,,1997,0.840158924
Namibia,,1996,0.815709047
Namibia,,1995,0.833435208
Namibia,,1994,0.8150978
Namibia,,1993,0.796760391
Namibia,,1992,0.778422983
Namibia,,1991,0.760085575
Namibia,,1990,0.704462103
Namibia,,1989,0.649877751
Namibia,,1988,0.593826406
Namibia,,1987,0.538508558
Namibia,,1986,0.483190709
Namibia,,1985,0.427872861
Nepal,,2022,8.311832662
Nepal,,2021,8.311832662
Nepal,,2020,8.311832662
Nepal,,2019,8.311832662
Nepal,,2018,8.311832662
Nepal,,2017,8.311832662
Nepal,,2016,8.311832662
Nepal,,2015,8.311832662
Nepal,,2014,8.311832662
Nepal,,2013,8.311832662
Nepal,,2012,8.311832662
Nepal,,2011,8.311832662
Nepal,,2010,8.311832662
Nepal,,2009,8.311832662
Nepal,,2008,8.311832662
Nepal,,2007,8.311832662
Nepal,,2006,8.311832662
Nepal,,2005,8.311832662
Nepal,,2004,8.323280238
Nepal,,2003,8.334727814
Nepal,,2002,8.34617539
Nepal,,2001,8.357622965
Nepal,,2000,8.369070541
Netherlands,,2022,16.65850698
Netherlands,,2021,16.07566255
Netherlands,,2020,16.80356059
Netherlands,,2019,17.00060692
Netherlands,,2018,16.36698361
Netherlands,,2017,15.02980824
Netherlands,,2016,15.23333966
Netherlands,,2015,15.96924245
Netherlands,,2014,18.01784697
Netherlands,,2013,20.20125309
Netherlands,,2012,20.34611733
Netherlands,,2011,19.34687678
Netherlands,,2010,20.75185115
Netherlands,,2009,21.66318587
Netherlands,,2008,20.33415607
Netherlands,,2007,20.77387507
Netherlands,,2006,21.3521929
Netherlands,,2005,21.93051073
Netherlands,,2004,20.6791817
Netherlands,,2003,19.42785267
Netherlands,,2002,18.17652364
Netherlands,,2001,16.92519461
Netherlands,,2000,16.01101196
Netherlands,,1999,15.09682931
Netherlands,,1998,14.18264667
Netherlands,,1997,13.26846402
Netherlands,,1996,12.35428137
Netherlands,,1995,12.91475223
Netherlands,,1994,13.47522309
Netherlands,,1993,14.03569394
Netherlands,,1992,14.5961648
Netherlands,,1991,15.15663566
Netherlands,,1990,15.15663566
Netherlands,,1989,15.675337
Netherlands,,1988,16.19403835
Netherlands,,1987,16.7127397
Netherlands,,1986,17.23144105
Netherlands,,1985,17.7501424
Netherlands,,1984,17.69280425
Netherlands,,1983,17.63546611
Netherlands,,1982,17.57812797
Netherlands,,1981,17.52078982
Netherlands,,1980,17.46345168
New Zealand,,2022,8.04808476
New Zealand,,2021,8.04808476
New Zealand,,2020,8.04808476
New Zealand,,2019,8.04808476
New Zealand,,2018,8.04808476
New Zealand,,2017,8.04808476
New Zealand,,2016,8.04808476
New Zealand,,2015,8.04808476
New Zealand,,2014,8.04808476
New Zealand,,2013,7.095762021
New Zealand,,2012,6.143439283
New Zealand,,2011,5.191116544
New Zealand,,2010,4.238793806
New Zealand,,2009,4.179095355
New Zealand,,2008,4.119396903
New Zealand,,2007,4.059698452
New Zealand,,2006,4.0
New Zealand,,2005,3.794155315
New Zealand,,2004,3.58831063
New Zealand,,2003,3.382465945
New Zealand,,2002,3.17662126
New Zealand,,2001,2.970776575
New Zealand,,2000,2.76493189
New Zealand,,1999,2.559087205
New Zealand,,1998,2.486901851
New Zealand,,1997,2.414716498
New Zealand,,1996,2.342531145
New Zealand,,1995,2.270345791
New Zealand,,1994,2.198160438
New Zealand,,1993,2.125975084
New Zealand,,1992,2.053789731
New Zealand,,1991,1.981604378
New Zealand,,1990,1.909419024
New Zealand,,1989,1.837233671
New Zealand,,1988,1.765048318
New Zealand,,1987,1.692862964
New Zealand,,1986,1.620677611
New Zealand,,1985,1.548492258
New Zealand,,1984,1.434392828
New Zealand,,1983,1.320293399
New Zealand,,1982,1.206193969
New Zealand,,1981,1.09209454
New Zealand,,1980,0.97799511
Nicaragua,,2022,2.220900209
Nicaragua,,2021,2.220900209
Nicaragua,,2020,2.220900209
Nicaragua,,2019,2.219818563
Nicaragua,,2018,2.269773362
Nicaragua,,2017,2.318646514
Nicaragua,,2016,2.367519666
Nicaragua,,2015,2.416392819
Nicaragua,,2014,2.465265971
Nicaragua,,2013,2.514139123
Nicaragua,,2012,2.563012276
Nicaragua,,2011,2.611885428
Nicaragua,,2010,2.637860813
Nicaragua,,2009,2.663836199
Nicaragua,,2008,2.689811584
Nicaragua,,2007,2.670621075
Nicaragua,,2006,2.651430565
Nicaragua,,2005,2.632240056
Nicaragua,,2004,2.60143555
Nicaragua,,2003,2.570631044
Nicaragua,,2002,2.539826538
Nicaragua,,2001,2.509022032
Nicaragua,,2000,2.419192171
Nicaragua,,1999,2.331281361
Nicaragua,,1998,2.2414515
Niger,,2022,11.02093771
Niger,,2021,11.02093771
Niger,,2020,11.02093771
Niger,,2019,11.02093771
Niger,,2018,10.37334044
Niger,,2017,6.746113481
Niger,,2016,7.453924915
Niger,,2015,7.344283277
Niger,,2014,6.44837884
Niger,,2013,6.198141828
Niger,,2012,5.947904816
Niger,,2011,5.697667804
Niger,,2010,5.447430793
Niger,,2009,5.197193781
Niger,,2008,4.946956769
Niger,,2007,4.696719757
Niger,,2006,4.446482746
Niger,,2005,4.196245734
Niger,,2004,4.074884561
Niger,,2003,3.953523389
Niger,,2002,3.832162216
Niger,,2001,3.710801044
Niger,,2000,3.589439872
Niger,,1999,3.468078699
Niger,,1998,3.346717527
Niger,,1997,3.225356354
Niger,,1996,3.103995182
Niger,,1995,2.982634009
Niger,,1994,2.861272837
Niger,,1993,2.739911664
Niger,,1992,2.618550492
Niger,,1991,2.497189319
Niger,,1990,2.375828147
Niger,,1989,2.254466975
Niger,,1988,2.133105802
Nigeria,,2022,9.668217054
Nigeria,,2021,9.668217054
Nigeria,,2020,9.668217054
Nigeria,,2019,9.668217054
Nigeria,,2018,9.668217054
Nigeria,,2017,9.668217054
Nigeria,,2016,9.668217054
Nigeria,,2015,9.668217054
Nigeria,,2014,9.668217054
Nigeria,,2013,9.668217054
Nigeria,,2012,9.668217054
Nigeria,,2011,9.668217054
Nigeria,,2010,9.668217054
Nigeria,,2009,9.528527132
Nigeria,,2008,9.388837209
Nigeria,,2007,9.249147287
Nigeria,,2006,9.109457364
Nigeria,,2005,8.969767442
Nigeria,,2004,8.773178295
Nigeria,,2003,8.576589147
Nigeria,,2002,8.38
Nigeria,,2001,8.183410853
Nigeria,,2000,7.986821705
Nigeria,,1999,7.705784138
Nigeria,,1998,7.42438879
Nigeria,,1997,7.143709004
Nigeria,,1996,6.861955874
Nigeria,,1995,6.580739416
Nigeria,,1994,6.299522958
Nigeria,,1993,6.0183065
Nigeria,,1992,5.737090042
Nigeria,,1991,5.455873584
Nigeria,,1990,5.174657126
Nigeria,,1989,4.895766249
Nigeria,,1988,4.6143709
Nigeria,,1987,4.333333333
North Macedonia,,2022,52.55324298
North Macedonia,,2021,37.93296225
North Macedonia,,2020,34.84632139
North Macedonia,,2019,38.70232333
North Macedonia,,2018,52.12270087
North Macedonia,,2017,38.69232817
North Macedonia,,2016,25.26195547
North Macedonia,,2015,20.83210713
North Macedonia,,2014,16.40225879
North Macedonia,,2013,11.97241046
North Macedonia,,2012,15.31461762
North Macedonia,,2011,18.65682478
North Macedonia,,2010,21.99903195
North Macedonia,,2009,25.34123911
North Macedonia,,2008,19.34051307
North Macedonia,,2007,13.33978703
North Macedonia,,2006,20.66795741
North Macedonia,,2005,27.99612778
North Macedonia,,2004,23.77218458
North Macedonia,,2003,19.54824137
North Macedonia,,2002,15.32429816
North Macedonia,,2001,16.03581801
North Macedonia,,2000,16.74733785
North Macedonia,,1999,21.96878025
North Macedonia,,1998,27.19022265
North Macedonia,,1997,32.41166505
North Macedonia,,1996,37.63310745
Norway,,2022,2.044007605
Norway,,2021,2.009498099
Norway,,2020,2.041311754
Norway,,2019,2.042937874
Norway,,2018,2.044449926
Norway,,2017,2.046106464
Norway,,2016,2.013604563
Norway,,2015,2.063368821
Norway,,2014,2.11313308
Norway,,2013,2.094144487
Norway,,2012,2.077338403
Norway,,2011,2.10539924
Norway,,2010,2.133536122
Norway,,2009,2.161596958
Norway,,2008,2.231368821
Norway,,2007,2.301140684
Norway,,2006,2.234980989
Norway,,2005,2.083030961
Norway,,2004,2.136328083
Norway,,2003,1.960956002
Norway,,2002,1.942237914
Norway,,2001,1.95370994
Norway,,2000,1.829972841
Norway,,1999,1.785779468
Norway,,1998,1.803929024
Norway,,1997,1.822078581
Norway,,1996,1.840228137
Norway,,1995,1.820270913
Norway,,1994,1.800313688
Norway,,1993,1.780356464
Norway,,1992,1.76039924
Norway,,1991,1.740442015
Norway,,1990,1.720484791
Norway,,1989,1.700527567
Norway,,1988,1.680570342
Norway,,1987,1.660613118
Norway,,1986,1.640655894
Norway,,1985,1.620698669
Norway,,1984,1.600741445
Norway,,1983,1.580784221
Norway,,1982,1.560826996
Norway,,1981,1.540869772
Norway,,1980,1.520912548
Oman,,2022,116.7142857
Oman,,2021,116.7142857
Oman,,2020,116.7142857
Oman,,2019,116.7142857
Oman,,2018,116.7142857
Oman,,2017,116.7142857
Oman,,2016,116.7142857
Oman,,2015,116.7142857
Oman,,2014,116.7142857
Oman,,2013,116.7142857
Oman,,2012,113.5142857
Oman,,2011,110.3142857
Oman,,2010,107.1142857
Oman,,2009,103.9142857
Oman,,2008,100.7142857
Oman,,2007,97.51428571
Oman,,2006,94.31428571
Oman,,2005,91.11428571
Oman,,2004,87.91428571
Oman,,2003,84.71428571
Oman,,2002,89.75
Oman,,2001,90.79220779
Oman,,2000,92.85714286
Oman,,1999,90.86075036
Oman,,1998,89.88708514
Oman,,1997,88.91341991
Oman,,1996,87.93975469
Oman,,1995,86.96608947
Oman,,1994,88.42099567
Oman,,1993,87.44733045
Oman,,1992,86.47366522
Oman,,1991,85.5
Pakistan,,2022,109.9932519
Pakistan,,2021,112.9746641
Pakistan,,2020,116.3057481
Pakistan,,2019,108.6497761
Pakistan,,2018,118.2381449
Pakistan,,2017,122.6734556
Pakistan,,2016,122.5507638
Pakistan,,2015,120.7962702
Pakistan,,2014,119.5448132
Pakistan,,2013,112.569781
Pakistan,,2012,115.2567327
Pakistan,,2011,110.1036746
Pakistan,,2010,113.6617385
Pakistan,,2009,112.3182627
Pakistan,,2008,112.569781
Pakistan,,2007,111.6166186
Pakistan,,2006,110.6941292
Pakistan,,2005,109.7716398
Pakistan,,2004,108.9890191
Pakistan,,2003,108.2063984
Pakistan,,2002,107.4237777
Pakistan,,2001,106.641157
Pakistan,,2000,105.8585363
Pakistan,,1999,104.7025063
Pakistan,,1998,103.5464764
Pakistan,,1997,102.3904464
Pakistan,,1996,101.2344164
Pakistan,,1995,100.0783865
Pakistan,,1994,98.9223565
Pakistan,,1993,97.76632654
Pakistan,,1992,96.61029657
Pakistan,,1991,95.45426661
Pakistan,,1990,95.36868904
Pakistan,,1989,95.28311147
Pakistan,,1988,95.19753389
Pakistan,,1987,95.11195632
Pakistan,,1986,95.02637875
Pakistan,,1985,94.94080118
Pakistan,,1984,94.85522361
Pakistan,,1983,94.76964603
Pakistan,,1982,94.68406846
Pakistan,,1981,94.59849089
Pakistan,,1980,94.51291332
Pakistan,,1979,94.42733575
Pakistan,,1978,94.34175817
Pakistan,,1977,94.2561806
Pakistan,,1976,94.17060303
Pakistan,,1975,94.08502546
Panama,,2022,0.90107111
Panama,,2021,0.90107111
Panama,,2020,0.90107111
Panama,,2019,0.90107111
Panama,,2018,0.90107111
Panama,,2017,0.90107111
Panama,,2016,0.90107111
Panama,,2015,0.930749777
Panama,,2014,0.8934097
Panama,,2013,0.903600119
Panama,,2012,0.859516017
Panama,,2011,0.815431915
Panama,,2010,0.771347813
Papua New Guinea,,2022,0.132242833
Papua New Guinea,,2021,0.132242833
Papua New Guinea,,2020,0.132242833
Papua New Guinea,,2019,0.132242833
Papua New Guinea,,2018,0.132242833
Papua New Guinea,,2017,0.132242833
Papua New Guinea,,2016,0.132242833
Papua New Guinea,,2015,0.132242833
Papua New Guinea,,2014,0.132242833
Papua New Guinea,,2013,0.132242833
Papua New Guinea,,2012,0.132242833
Papua New Guinea,,2011,0.132242833
Papua New Guinea,,2010,0.132242833
Papua New Guinea,,2009,0.132242833
Papua New Guinea,,2008,0.132242833
Papua New Guinea,,2007,0.132242833
Papua New Guinea,,2006,0.132242833
Papua New Guinea,,2005,0.132242833
Papua New Guinea,,2004,0.12410118
Papua New Guinea,,2003,0.115959528
Papua New Guinea,,2002,0.107817875
Papua New Guinea,,2001,0.099676223
Papua New Guinea,,2000,0.09153457
Paraguay,,2022,1.835399711
Paraguay,,2021,1.835399711
Paraguay,,2020,1.835399711
Paraguay,,2019,1.835399711
Paraguay,,2018,1.835399711
Paraguay,,2017,1.835399711
Paraguay,,2016,1.835399711
Paraguay,,2015,1.835399711
Paraguay,,2014,1.835399711
Paraguay,,2013,1.835399711
Paraguay,,2012,1.835399711
Paraguay,,2011,1.713508785
Paraguay,,2010,1.621167175
Paraguay,,2009,1.504992497
Paraguay,,2008,1.38881782
Paraguay,,2007,1.261804168
Paraguay,,2006,1.134790516
Paraguay,,2005,1.007776864
Paraguay,,2004,0.880763211
Paraguay,,2003,0.753749559
Paraguay,,2002,0.626735907
Paraguay,,2001,0.499722255
Paraguay,,2000,0.372708603
Paraguay,,1999,0.369198004
Paraguay,,1998,0.365687405
Paraguay,,1997,0.362176806
Paraguay,,1996,0.358666206
Paraguay,,1995,0.355155607
Paraguay,,1994,0.351645008
Paraguay,,1993,0.348134409
Paraguay,,1992,0.34462381
Paraguay,,1991,0.341113211
Paraguay,,1990,0.337602612
Paraguay,,1989,0.334092013
Paraguay,,1988,0.330581414
Paraguay,,1987,0.327070815
Peru,,2022,4.82842772
Peru,,2021,4.576564829
Peru,,2020,7.181445604
Peru,,2019,7.181445604
Peru,,2018,6.952682563
Peru,,2017,6.510115499
Peru,,2016,6.067548435
Peru,,2015,5.624981371
Peru,,2014,5.182414307
Peru,,2013,4.739847243
Peru,,2012,4.297280179
Peru,,2011,3.854713115
Peru,,2010,3.412146051
Peru,,2009,2.969578987
Peru,,2008,2.527011923
Philippines,,2022,27.83151711
Philippines,,2021,27.20891578
Philippines,,2020,26.74328009
Philippines,,2019,26.28997676
Philippines,,2018,28.17420079
Philippines,,2017,28.06214613
Philippines,,2016,26.63252828
Philippines,,2015,26.41302354
Philippines,,2014,25.81228982
Philippines,,2013,25.81687557
Philippines,,2012,25.75603791
Philippines,,2011,25.69825741
Philippines,,2010,25.45796393
Philippines,,2009,24.933048
Philippines,,2008,25.21828187
Philippines,,2007,24.91470498
Philippines,,2006,24.11800673
Poland,,2022,32.48528903
Poland,,2021,32.0768432
Poland,,2020,30.0
Poland,,2019,31.0971928
Poland,,2018,33.22256836
Poland,,2017,34.89096573
Poland,,2016,35.61439945
Poland,,2015,36.16476289
Poland,,2014,36.79820007
Poland,,2013,38.90619592
Poland,,2012,39.69539633
Poland,,2011,41.22533749
Poland,,2010,37.61163032
Poland,,2009,39.83039114
Poland,,2008,39.32156456
Poland,,2007,41.59570786
Poland,,2006,41.3894081
Poland,,2005,41.18310834
Poland,,2004,40.97680858
Poland,,2003,40.77050883
Poland,,2002,40.56420907
Poland,,2001,41.30771893
Poland,,2000,42.0512288
Poland,,1999,42.79473866
Poland,,1998,43.53824853
Poland,,1997,44.28175839
Poland,,1996,44.68812738
Poland,,1995,45.09449637
Poland,,1994,45.50086535
Poland,,1993,45.90723434
Poland,,1992,46.31360332
Poland,,1991,49.40636899
Poland,,1990,52.49913465
Poland,,1989,53.36171686
Poland,,1988,54.22429907
Poland,,1987,55.08688127
Poland,,1986,55.94946348
Poland,,1985,56.81204569
Poland,,1984,55.92454136
Poland,,1983,55.03703704
Poland,,1982,54.14953271
Poland,,1981,53.26202838
Poland,,1980,52.37452406
Poland,,1979,51.26756663
Poland,,1978,50.16060921
Poland,,1977,49.05365178
Poland,,1976,47.94669436
Poland,,1975,46.83973693
Poland,,1974,44.47282797
Poland,,1973,42.105919
Poland,,1972,39.73901004
Poland,,1971,37.37210107
Poland,,1970,35.00519211
Portugal,,2022,12.31571228
Portugal,,2021,12.31571228
Portugal,,2020,12.31571228
Portugal,,2019,12.31571228
Portugal,,2018,12.31571228
Portugal,,2017,12.37988748
Portugal,,2016,17.17018284
Portugal,,2015,17.30422164
Portugal,,2014,17.43826044
Portugal,,2013,17.57229924
Portugal,,2012,17.70633804
Portugal,,2011,17.84037684
Portugal,,2010,17.97441565
Portugal,,2009,18.10845445
Portugal,,2008,18.24249325
Portugal,,2007,18.37653205
Portugal,,2006,18.20131976
Portugal,,2005,19.08345336
Portugal,,2004,19.55234318
Portugal,,2003,20.02123301
Portugal,,2002,20.49012284
Portugal,,2001,20.95901266
Portugal,,2000,21.42790249
Portugal,,1999,21.90282004
Portugal,,1998,22.37170987
Portugal,,1997,23.52214472
Portugal,,1996,24.67257958
Portugal,,1995,25.82301444
Portugal,,1994,26.14765062
Portugal,,1993,23.19052403
Portugal,,1992,20.23339744
Portugal,,1991,17.27627085
Qatar,,2022,431.0344828
Qatar,,2021,431.0344828
Qatar,,2020,431.0344828
Qatar,,2019,431.0344828
Qatar,,2018,431.0344828
Qatar,,2017,431.0344828
Qatar,,2016,432.4137931
Qatar,,2015,431.0344828
Qatar,,2014,434.6551724
Qatar,,2013,431.3793103
Qatar,,2012,424.2241379
Qatar,,2011,417.0689655
Qatar,,2010,409.9137931
Qatar,,2009,402.7586207
Qatar,,2008,395.6034483
Qatar,,2007,388.4482759
Qatar,,2006,381.2931034
Qatar,,2005,374.137931
Qatar,,2004,361.3448276
Qatar,,2003,341.6551724
Qatar,,2002,321.9655172
Qatar,,2001,300.8965517
Qatar,,2000,282.5862069
Qatar,,1999,281.6666667
Qatar,,1998,280.7471264
Qatar,,1997,279.8275862
Qatar,,1996,278.908046
Qatar,,1995,277.9885057
Qatar,,1994,277.0689655
Qatar,,1993,322.9310345
Qatar,,1992,325.3448276
Qatar,,1991,327.7586207
Qatar,,1990,330.1724138
Qatar,,1989,430.0
Qatar,,1988,417.7586207
Qatar,,1987,405.5172414
Qatar,,1986,393.2758621
Qatar,,1985,381.0344828
Qatar,,1984,368.7931034
Qatar,,1983,356.5517241
Qatar,,1982,344.3103448
Qatar,,1981,332.0689655
Qatar,,1980,319.8275862
Qatar,,1979,307.5862069
Qatar,,1978,295.3448276
Qatar,,1977,283.1034483
Qatar,,1976,270.862069
Qatar,,1975,258.6206897
Romania,,2022,7.63130793
Romania,,2021,7.362606498
Romania,,2020,6.924445277
Romania,,2019,6.547139781
Romania,,2018,6.00692819
Romania,,2017,6.341166557
Romania,,2016,5.967606029
Romania,,2015,6.052804045
Romania,,2014,5.881471772
Romania,,2013,6.008800674
Romania,,2012,6.068720157
Romania,,2011,6.171706769
Romania,,2010,5.822488531
Romania,,2009,6.437599476
Romania,,2008,6.759666698
Romania,,2007,6.445089411
Romania,,2006,4.99016946
Romania,,2005,5.720438161
Romania,,2004,6.669787473
Romania,,2003,7.965546297
Romania,,2002,8.634023032
Romania,,2001,8.480479356
Romania,,2000,9.034734575
Romania,,1999,11.84346035
Romania,,1998,11.94644696
Romania,,1997,11.66557438
Romania,,1996,13.32272259
Romania,,1995,14.9798708
Romania,,1994,16.82426739
Romania,,1993,18.66866398
Romania,,1992,18.81534188
Romania,,1991,18.96201979
Romania,,1990,19.10869769
Romania,,1989,19.12555004
Romania,,1988,19.1424024
Romania,,1987,19.15925475
Romania,,1986,19.17610711
Romania,,1985,19.19295946
Romania,,1984,18.87463721
Romania,,1983,18.55631495
Romania,,1982,18.2379927
Romania,,1981,17.91967044
Romania,,1980,17.60134819
Romania,,1979,16.77745529
Romania,,1978,15.9535624
Romania,,1977,15.12966951
Romania,,1976,14.30577661
Romania,,1975,13.48188372
Romania,,1974,12.58121899
Romania,,1973,11.68055426
Romania,,1972,10.77988952
Romania,,1971,9.879224792
Romania,,1970,8.97856006
Russia,,2022,4.122242749
Russia,,2021,4.122242749
Russia,,2020,4.122242749
Russia,,2019,4.122242749
Russia,,2018,4.122242749
Russia,,2017,4.096168705
Russia,,2016,4.120334893
Russia,,2015,3.970886104
Russia,,2014,4.503178172
Russia,,2013,3.879308974
Russia,,2012,4.070094662
Russia,,2011,3.934424839
Russia,,2010,4.432587467
Russia,,2009,3.989540705
Russia,,2008,4.017098637
Russia,,2007,4.04465657
Russia,,2006,4.072214503
Russia,,2005,4.407149376
Russia,,2004,4.127330368
Russia,,2003,4.1548883
Russia,,2002,4.182446233
Russia,,2001,4.210004166
Russia,,2000,4.826877888
Russia,,1999,4.415477322
Russia,,1998,4.51302029
Russia,,1997,4.610563258
Russia,,1996,4.708106226
Russia,,1995,4.805649195
Russia,,1994,4.903192163
Russia,,1993,5.61863849
Russia,,1992,6.334084817
Rwanda,,2022,20.1986755
Rwanda,,2021,20.1986755
Rwanda,,2020,20.1986755
Rwanda,,2019,20.1986755
Rwanda,,2018,19.04397998
Rwanda,,2017,18.2204103
Rwanda,,2016,17.39684061
Rwanda,,2015,16.57327093
Rwanda,,2014,15.74970124
Rwanda,,2013,14.92613155
Rwanda,,2012,14.10256187
Rwanda,,2011,13.27899218
Rwanda,,2010,12.4554225
Rwanda,,2009,11.63185281
Rwanda,,2008,10.80828313
Rwanda,,2007,9.984713439
Rwanda,,2006,9.161143753
Rwanda,,2005,8.337574068
Rwanda,,2004,7.663436738
Rwanda,,2003,6.989299408
Rwanda,,2002,6.315162077
Rwanda,,2001,5.641024747
Rwanda,,2000,4.966887417
São Tomé and Príncipe,,2022,1.876146789
São Tomé and Príncipe,,2021,1.876146789
São Tomé and Príncipe,,2020,1.876146789
São Tomé and Príncipe,,2019,1.876146789
São Tomé and Príncipe,,2018,1.876146789
São Tomé and Príncipe,,2017,1.876146789
São Tomé and Príncipe,,2016,1.876146789
São Tomé and Príncipe,,2015,1.808536099
São Tomé and Príncipe,,2014,1.740925409
São Tomé and Príncipe,,2013,1.673314719
São Tomé and Príncipe,,2012,1.605704029
São Tomé and Príncipe,,2011,1.538093339
São Tomé and Príncipe,,2010,1.470482649
São Tomé and Príncipe,,2009,1.402871959
São Tomé and Príncipe,,2008,1.335261268
São Tomé and Príncipe,,2007,1.267650578
São Tomé and Príncipe,,2006,1.200039888
São Tomé and Príncipe,,2005,1.132429198
São Tomé and Príncipe,,2004,1.064818508
São Tomé and Príncipe,,2003,0.997207818
São Tomé and Príncipe,,2002,0.929597128
São Tomé and Príncipe,,2001,0.861986438
São Tomé and Príncipe,,2000,0.794375748
São Tomé and Príncipe,,1999,0.726765058
São Tomé and Príncipe,,1998,0.659154368
São Tomé and Príncipe,,1997,0.591543678
São Tomé and Príncipe,,1996,0.523932988
São Tomé and Príncipe,,1995,0.456322298
São Tomé and Príncipe,,1994,0.388711608
São Tomé and Príncipe,,1993,0.321100917
Saudi Arabia,,2022,974.1666667
Saudi Arabia,,2021,974.1666667
Saudi Arabia,,2020,974.1666667
Saudi Arabia,,2019,974.1666667
Saudi Arabia,,2018,974.1666667
Saudi Arabia,,2017,955.9583333
Saudi Arabia,,2016,929.5833333
Saudi Arabia,,2015,948.875
Saudi Arabia,,2014,894.7083333
Saudi Arabia,,2013,894.2395833
Saudi Arabia,,2012,900.1041667
Saudi Arabia,,2011,907.3090278
Saudi Arabia,,2010,914.5138889
Saudi Arabia,,2009,921.71875
Saudi Arabia,,2008,928.9236111
Saudi Arabia,,2007,936.1284722
Saudi Arabia,,2006,943.3333333
Saudi Arabia,,2005,894.8203125
Saudi Arabia,,2004,870.1354167
Saudi Arabia,,2003,858.1661458
Saudi Arabia,,2002,847.7802083
Saudi Arabia,,2001,832.6442708
Saudi Arabia,,2000,819.7583333
Saudi Arabia,,1999,801.5697917
Saudi Arabia,,1998,783.88125
Saudi Arabia,,1997,765.359375
Saudi Arabia,,1996,746.2125
Saudi Arabia,,1995,728.0239583
Saudi Arabia,,1994,708.54375
Saudi Arabia,,1993,690.396875
Saudi Arabia,,1992,671.6666667
Senegal,,2022,16.2764487
Senegal,,2021,16.2764487
Senegal,,2020,16.2764487
Senegal,,2019,16.2764487
Senegal,,2018,16.0861244
Senegal,,2017,13.15580287
Senegal,,2016,13.07598832
Senegal,,2015,12.98536654
Senegal,,2014,12.89474476
Senegal,,2013,12.80412297
Senegal,,2012,12.71350119
Senegal,,2011,12.62287941
Senegal,,2010,12.53225762
Senegal,,2009,12.44163584
Senegal,,2008,12.35101406
Senegal,,2007,12.25678986
Senegal,,2006,12.16688856
Senegal,,2005,12.07698726
Senegal,,2004,11.98708596
Senegal,,2003,11.89718466
Senegal,,2002,11.80728336
Senegal,,2001,10.12998405
Senegal,,2000,8.452684742
Senegal,,1999,8.358647201
Senegal,,1998,8.264609659
Senegal,,1997,8.170572118
Senegal,,1996,8.076534577
Senegal,,1995,7.982497035
Senegal,,1994,7.888459494
Senegal,,1993,7.794421952
Senegal,,1992,7.700384411
Senegal,,1991,7.60634687
Senegal,,1990,7.512309328
Senegal,,1989,7.418271787
Senegal,,1988,7.324234245
Senegal,,1987,7.230196704
Serbia,,2022,5.737631015
Serbia,,2021,5.444607235
Serbia,,2020,5.745520117
Serbia,,2019,6.331567677
Serbia,,2018,6.263383298
Serbia,,2017,6.059957173
Serbia,,2016,5.304181224
Serbia,,2015,5.284571171
Serbia,,2014,4.434802209
Serbia,,2013,5.307111462
Serbia,,2012,4.962245013
Serbia,,2011,5.353319058
Serbia,,2010,4.980277246
Serbia,,2009,5.222585371
Serbia,,2008,5.2868252
Serbia,,2007,4.46049814
Serbia,,2006,2.387577065
Sierra Leone,,2022,0.495794393
Sierra Leone,,2021,0.495794393
Sierra Leone,,2020,0.495794393
Sierra Leone,,2019,0.495794393
Sierra Leone,,2018,0.495794393
Sierra Leone,,2017,0.495794393
Sierra Leone,,2016,0.495794393
Sierra Leone,,2015,0.495794393
Sierra Leone,,2014,0.495794393
Sierra Leone,,2013,0.495794393
Sierra Leone,,2012,0.495794393
Sierra Leone,,2011,0.495794393
Sierra Leone,,2010,0.495794393
Sierra Leone,,2009,0.495794393
Sierra Leone,,2008,0.495794393
Sierra Leone,,2007,0.495794393
Sierra Leone,,2006,0.495794393
Sierra Leone,,2005,0.495794393
Sierra Leone,,2004,0.484906542
Sierra Leone,,2003,0.474018692
Sierra Leone,,2002,0.463130841
Sierra Leone,,2001,0.452242991
Sierra Leone,,2000,0.44135514
Sierra Leone,,1999,0.42298706
Sierra Leone,,1998,0.404618979
Sierra Leone,,1997,0.386250899
Sierra Leone,,1996,0.367882818
Sierra Leone,,1995,0.349514738
Sierra Leone,,1994,0.331146657
Sierra Leone,,1993,0.312778577
Sierra Leone,,1992,0.294410496
Sierra Leone,,1991,0.408425593
Sierra Leone,,1990,0.52244069
Sierra Leone,,1989,0.636455787
Sierra Leone,,1988,0.750470884
Sierra Leone,,1987,0.864485981
Singapore,,2022,33.25522267
Singapore,,2021,58.18594467
Singapore,,2020,83.11666667
Singapore,,2019,82.16666667
Singapore,,2018,81.38333333
Singapore,,2017,83.21666667
Singapore,,2016,84.96666667
Singapore,,2015,84.58333333
Singapore,,2014,108.5055833
Singapore,,2013,132.4278333
Singapore,,2012,160.0334167
Singapore,,2011,187.639
Singapore,,2010,219.91125
Singapore,,2009,252.1835
Singapore,,2008,284.45575
Singapore,,2007,315.0613333
Singapore,,2006,346.2891389
Singapore,,2005,377.5169444
Singapore,,2004,366.79675
Singapore,,2003,352.521
Singapore,,2002,338.24525
Singapore,,2001,328.2361667
Singapore,,2000,313.89375
Singapore,,1999,302.5566667
Singapore,,1998,291.2195833
Singapore,,1997,279.8825
Singapore,,1996,268.5454167
Singapore,,1995,257.2083333
Singapore,,1994,245.87125
Singapore,,1993,234.5341667
Singapore,,1992,223.1970833
Singapore,,1991,211.86
Singapore,,1990,200.5229167
Singapore,,1989,190.3858333
Singapore,,1988,179.04875
Singapore,,1987,167.7116667
Singapore,,1986,156.3745833
Singapore,,1985,145.0375
Singapore,,1984,133.7004167
Singapore,,1983,122.3633333
Singapore,,1982,111.02625
Singapore,,1981,99.68916667
Singapore,,1980,88.35208333
Singapore,,1979,77.015
Singapore,,1978,65.67791667
Singapore,,1977,54.34083333
Singapore,,1976,43.00375
Singapore,,1975,31.66666667
Slovakia,,2022,2.425230293
Slovakia,,2021,2.436631239
Slovakia,,2020,2.388123924
Slovakia,,2019,2.403614458
Slovakia,,2018,2.394578313
Slovakia,,2017,2.393717728
Slovakia,,2016,2.389414802
Slovakia,,2015,2.468158348
Slovakia,,2014,2.406626506
Slovakia,,2013,2.742685026
Slovakia,,2012,2.862736661
Slovakia,,2011,2.552065405
Slovakia,,2010,2.584767642
Slovakia,,2009,2.702667814
Slovakia,,2008,2.855851979
Slovakia,,2007,2.959982788
Slovakia,,2006,3.431153184
Slovakia,,2005,3.90232358
Slovakia,,2004,4.171256454
Slovakia,,2003,4.440189329
Slovakia,,2002,4.709122203
Slovakia,,2001,4.875
Slovakia,,2000,5.040877797
Slovakia,,1999,5.239529547
Slovakia,,1998,5.438181297
Slovakia,,1997,5.636833047
Slovakia,,1996,2.690618763
Slovakia,,1995,2.766467066
Slovakia,,1994,2.952095808
Slovakia,,1993,3.137724551
Slovenia,,2022,5.591615957
Slovenia,,2021,6.29479378
Slovenia,,2020,6.781609195
Slovenia,,2019,6.382691007
Slovenia,,2018,6.497633536
Slovenia,,2017,6.29749831
Slovenia,,2016,5.999323868
Slovenia,,2015,6.064908722
Slovenia,,2014,6.628127113
Slovenia,,2013,7.813387424
Slovenia,,2012,6.274509804
Slovenia,,2011,5.749154834
Slovenia,,2010,6.257606491
Slovenia,,2009,6.373901285
Slovenia,,2008,7.031778229
Slovenia,,2007,6.324543611
Slovenia,,2006,6.284651792
Slovenia,,2005,6.244759973
Slovenia,,2004,6.189767861
Slovenia,,2003,6.134775749
Slovenia,,2002,6.079783638
Somalia,,2022,24.52774059
Somalia,,2021,24.52774059
Somalia,,2020,24.52774059
Somalia,,2019,24.52774059
Somalia,,2018,24.52774059
Somalia,,2017,24.52774059
Somalia,,2016,24.52774059
Somalia,,2015,24.52774059
Somalia,,2014,24.52774059
Somalia,,2013,24.52774059
Somalia,,2012,24.52774059
Somalia,,2011,24.52774059
Somalia,,2010,24.52774059
Somalia,,2009,24.52774059
Somalia,,2008,24.52774059
Somalia,,2007,24.52774059
Somalia,,2006,24.52774059
Somalia,,2005,24.52774059
Somalia,,2004,24.52774059
Somalia,,2003,24.52774059
Somalia,,2002,24.50766027
Somalia,,2001,24.48757995
Somalia,,2000,24.46749963
Somalia,,1999,23.0487763
Somalia,,1998,21.63005298
Somalia,,1997,20.21132965
Somalia,,1996,18.79260632
Somalia,,1995,17.373883
Somalia,,1994,15.95515967
Somalia,,1993,14.53643634
Somalia,,1992,13.11771302
Somalia,,1991,11.69898969
Somalia,,1990,10.28026636
Somalia,,1989,8.861543038
Somalia,,1988,7.442819712
Somalia,,1987,6.024096386
South Africa,,2022,67.59526097
South Africa,,2021,66.89081012
South Africa,,2020,65.03362152
South Africa,,2019,64.04098623
South Africa,,2018,62.88824848
South Africa,,2017,62.05571566
South Africa,,2016,60.96701889
South Africa,,2015,59.75024015
South Africa,,2014,52.74735831
South Africa,,2013,45.74447646
South Africa,,2012,48.95022045
South Africa,,2011,48.26867657
South Africa,,2010,47.58713269
South Africa,,2009,46.90558881
South Africa,,2008,46.22404493
South Africa,,2007,45.54250105
South Africa,,2006,44.86095717
South Africa,,2005,44.17941329
South Africa,,2004,43.49786941
South Africa,,2003,42.81632553
South Africa,,2002,42.13478164
South Africa,,2001,41.45323776
South Africa,,2000,40.77169388
South Africa,,1999,40.97342299
South Africa,,1998,41.04386808
South Africa,,1997,41.11431316
South Africa,,1996,41.18475825
South Africa,,1995,41.25520333
South Africa,,1994,41.51585014
South Africa,,1993,41.77649696
South Africa,,1992,42.03714377
South Africa,,1991,42.29779059
South Africa,,1990,42.5584374
South Sudan,,2022,4.226075787
South Sudan,,2021,4.226075787
South Sudan,,2020,4.226075787
South Sudan,,2019,4.226075787
South Sudan,,2018,4.226075787
South Sudan,,2017,4.226075787
South Sudan,,2016,4.226075787
South Sudan,,2015,4.226075787
South Sudan,,2014,4.226075787
South Sudan,,2013,4.226075787
South Sudan,,2012,4.226075787
Spain,,2022,43.25403923
Spain,,2021,43.25403923
Spain,,2020,43.25403923
Spain,,2019,39.82890252
Spain,,2018,40.09406953
Spain,,2017,41.02794819
Spain,,2016,42.56441718
Spain,,2015,42.96387185
Spain,,2014,44.79754601
Spain,,2013,44.10361282
Spain,,2012,49.57873211
Spain,,2011,47.81186094
Spain,,2010,47.73142468
Spain,,2009,49.24335378
Spain,,2008,47.40831629
Spain,,2007,47.68370825
Spain,,2006,49.36128153
Spain,,2005,51.03885481
Spain,,2004,50.16178141
Spain,,2003,49.28470802
Spain,,2002,48.40763463
Spain,,2001,48.81526926
Spain,,2000,49.22290389
Spain,,1999,48.4935242
Spain,,1998,47.76414451
Spain,,1997,47.03476483
Spain,,1996,47.55737332
Spain,,1995,48.07998182
Spain,,1994,48.60259032
Spain,,1993,49.12519882
Spain,,1992,49.64780732
Spain,,1991,50.17041581
Spain,,1990,52.63858214
Spain,,1989,55.10674847
Spain,,1988,57.57491479
Spain,,1987,60.04308112
Spain,,1986,62.51124744
Spain,,1985,61.69052488
Spain,,1984,60.23721881
Spain,,1983,58.78391275
Spain,,1982,57.33060668
Spain,,1981,55.87730061
Spain,,1980,54.42399455
Spain,,1979,53.37695978
Spain,,1978,52.32992502
Spain,,1977,51.28289025
Spain,,1976,50.23585549
Spain,,1975,49.18882072
Sri Lanka,,2022,90.78541374
Sri Lanka,,2021,90.78541374
Sri Lanka,,2020,90.78541374
Sri Lanka,,2019,90.78541374
Sri Lanka,,2018,90.78541374
Sri Lanka,,2017,90.78541374
Sri Lanka,,2016,90.78541374
Sri Lanka,,2015,90.78541374
Sri Lanka,,2014,90.78541374
Sri Lanka,,2013,90.78541374
Sri Lanka,,2012,90.78541374
Sri Lanka,,2011,90.78541374
Sri Lanka,,2010,90.78541374
Sri Lanka,,2009,90.78541374
Sri Lanka,,2008,90.78541374
Sri Lanka,,2007,90.78541374
Sri Lanka,,2006,90.78541374
Sri Lanka,,2005,90.78541374
Sri Lanka,,2004,90.87601683
Sri Lanka,,2003,90.96661992
Sri Lanka,,2002,91.057223
Sri Lanka,,2001,91.14782609
Sri Lanka,,2000,91.23842917
Sri Lanka,,1999,88.96521739
Sri Lanka,,1998,86.69200561
Sri Lanka,,1997,84.41879383
Sri Lanka,,1996,82.14558205
Sri Lanka,,1995,79.87237027
Sri Lanka,,1994,77.59915849
Sri Lanka,,1993,75.3259467
Sri Lanka,,1992,73.05273492
Sri Lanka,,1991,70.77952314
Sri Lanka,,1990,68.50631136
Saint Kitts and Nevis,,2022,50.83333333
Saint Kitts and Nevis,,2021,50.83333333
Saint Kitts and Nevis,,2020,50.83333333
Saint Kitts and Nevis,,2019,50.83333333
Saint Kitts and Nevis,,2018,50.83333333
Saint Kitts and Nevis,,2017,50.83333333
Saint Kitts and Nevis,,2016,50.83333333
Saint Kitts and Nevis,,2015,50.83333333
Saint Kitts and Nevis,,2014,50.83333333
Saint Kitts and Nevis,,2013,50.83333333
Saint Kitts and Nevis,,2012,50.83333333
Saint Lucia,,2022,14.3
Saint Lucia,,2021,14.3
Saint Lucia,,2020,14.3
Saint Lucia,,2019,14.3
Saint Lucia,,2018,14.3
Saint Lucia,,2017,14.3
Saint Lucia,,2016,14.3
Saint Lucia,,2015,14.3
Saint Lucia,,2014,14.3
Saint Lucia,,2013,14.3
Saint Lucia,,2012,14.3
Saint Lucia,,2011,14.3
Saint Lucia,,2010,14.3
Saint Lucia,,2009,14.3
Saint Lucia,,2008,14.3
Saint Lucia,,2007,14.3
Saint Vincent-Grenadines,,2022,7.9
Saint Vincent-Grenadines,,2021,7.9
Saint Vincent-Grenadines,,2020,7.9
Saint Vincent-Grenadines,,2019,7.9
Saint Vincent-Grenadines,,2018,7.9
Saint Vincent-Grenadines,,2017,7.9
Saint Vincent-Grenadines,,2016,7.9
Saint Vincent-Grenadines,,2015,7.9
Saint Vincent-Grenadines,,2014,7.9
Saint Vincent-Grenadines,,2013,7.9
Saint Vincent-Grenadines,,2012,8.1
Saint Vincent-Grenadines,,2011,8.3
Saint Vincent-Grenadines,,2010,8.5
Saint Vincent-Grenadines,,2009,8.7
Saint Vincent-Grenadines,,2008,8.9
Saint Vincent-Grenadines,,2007,9.1
Saint Vincent-Grenadines,,2006,9.3
Saint Vincent-Grenadines,,2005,9.5
Saint Vincent-Grenadines,,2004,9.251
Saint Vincent-Grenadines,,2003,9.334222222
Saint Vincent-Grenadines,,2002,9.417444444
Saint Vincent-Grenadines,,2001,9.7
Saint Vincent-Grenadines,,2000,9.75
Saint Vincent-Grenadines,,1999,9.8
Saint Vincent-Grenadines,,1998,9.85
Saint Vincent-Grenadines,,1997,9.9
Saint Vincent-Grenadines,,1996,9.95
Saint Vincent-Grenadines,,1995,10.0
Sudan,,2022,118.6563877
Sudan,,2021,118.6563877
Sudan,,2020,118.6563877
Sudan,,2019,118.6563877
Sudan,,2018,118.6563877
Sudan,,2017,118.6563877
Sudan,,2016,118.6563877
Sudan,,2015,118.6563877
Sudan,,2014,118.6563877
Sudan,,2013,118.6563877
Sudan,,2012,118.6563877
Suriname,,2022,3.950609365
Suriname,,2021,3.950609365
Suriname,,2020,3.950609365
Suriname,,2019,3.950609365
Suriname,,2018,3.950609365
Suriname,,2017,3.950609365
Suriname,,2016,3.950609365
Suriname,,2015,3.950609365
Suriname,,2014,3.950609365
Suriname,,2013,3.950609365
Suriname,,2012,3.950609365
Suriname,,2011,3.950609365
Suriname,,2010,3.950609365
Suriname,,2009,3.950609365
Suriname,,2008,3.950609365
Suriname,,2007,3.950609365
Suriname,,2006,3.950609365
Suriname,,2005,4.008445585
Suriname,,2004,4.066281805
Suriname,,2003,4.124118024
Suriname,,2002,4.181954244
Suriname,,2001,4.239790464
Suriname,,2000,4.297626684
Suriname,,1999,4.194009967
Suriname,,1998,4.09039325
Suriname,,1997,3.986776533
Suriname,,1996,3.883159817
Suriname,,1995,3.7795431
Suriname,,1994,3.675926383
Suriname,,1993,3.572309666
Suriname,,1992,3.468692949
Suriname,,1991,3.365076232
Suriname,,1990,3.261459516
Suriname,,1989,3.157842799
Suriname,,1988,3.054226082
Suriname,,1987,2.950609365
Sweden,,2022,3.582972583
Sweden,,2021,3.582972583
Sweden,,2020,3.582972583
Sweden,,2019,3.551803752
Sweden,,2018,3.520634921
Sweden,,2017,3.48946609
Sweden,,2016,3.458297258
Sweden,,2015,3.427128427
Sweden,,2014,3.517748918
Sweden,,2013,3.608369408
Sweden,,2012,3.698989899
Sweden,,2011,3.78961039
Sweden,,2010,3.88023088
Sweden,,2009,3.851851852
Sweden,,2008,3.823472824
Sweden,,2007,3.795093795
Sweden,,2006,3.795815296
Sweden,,2005,3.796536797
Sweden,,2004,3.818181818
Sweden,,2003,3.83982684
Sweden,,2002,3.861471862
Sweden,,2001,3.861471862
Sweden,,2000,3.878787879
Sweden,,1999,3.88985089
Sweden,,1998,3.900913901
Sweden,,1997,3.911976912
Sweden,,1996,3.922077922
Sweden,,1995,3.932178932
Sweden,,1994,4.051467052
Sweden,,1993,4.170755171
Sweden,,1992,4.29004329
Sweden,,1991,4.286435786
Sweden,,1990,4.282828283
Sweden,,1989,4.29004329
Sweden,,1988,4.288961039
Sweden,,1987,4.287878788
Sweden,,1986,4.286796537
Sweden,,1985,4.285714286
Sweden,,1984,4.613564214
Sweden,,1983,4.941414141
Sweden,,1982,5.269264069
Sweden,,1981,5.597113997
Sweden,,1980,5.924963925
Sweden,,1979,5.933333333
Sweden,,1978,5.941702742
Sweden,,1977,5.95007215
Sweden,,1976,5.958441558
Sweden,,1975,5.966810967
Sweden,,1974,5.948917749
Sweden,,1973,5.931024531
Sweden,,1972,5.913131313
Sweden,,1971,5.895238095
Sweden,,1970,5.877344877
Switzerland,,2022,6.498855835
Switzerland,,2021,6.498855835
Switzerland,,2020,6.498855835
Switzerland,,2019,6.498855835
Switzerland,,2018,6.498855835
Switzerland,,2017,6.498855835
Switzerland,,2016,6.498855835
Switzerland,,2015,6.506167048
Switzerland,,2014,6.498855835
Switzerland,,2013,6.559877956
Switzerland,,2012,7.627765065
Switzerland,,2011,7.840770404
Switzerland,,2010,8.036613272
Switzerland,,2009,8.23245614
Switzerland,,2008,8.428299008
Switzerland,,2007,8.624141876
Switzerland,,2006,8.819984745
Switzerland,,2005,9.015827613
Switzerland,,2004,9.211670481
Switzerland,,2003,9.407513349
Switzerland,,2002,9.603356217
Switzerland,,2001,9.633943555
Switzerland,,2000,9.664530892
Switzerland,,1999,9.69511823
Switzerland,,1998,9.725705568
Switzerland,,1997,9.756292906
Switzerland,,1996,9.86071701
Switzerland,,1995,9.965141114
Switzerland,,1994,10.06956522
Switzerland,,1993,10.17398932
Switzerland,,1992,10.27841342
Switzerland,,1991,10.25171625
Switzerland,,1990,10.22501907
Switzerland,,1989,10.19832189
Switzerland,,1988,10.17162471
Switzerland,,1987,10.14492754
Switzerland,,1986,10.11823036
Switzerland,,1985,10.09153318
Switzerland,,1984,10.04805492
Switzerland,,1983,10.00457666
Switzerland,,1982,9.961098398
Switzerland,,1981,9.917620137
Switzerland,,1980,9.874141876
Switzerland,,1979,9.881006865
Switzerland,,1978,9.887871854
Switzerland,,1977,9.894736842
Switzerland,,1976,9.901601831
Switzerland,,1975,9.908466819
Syria,,2022,124.3601389
Syria,,2021,124.3601389
Syria,,2020,124.3601389
Syria,,2019,124.3601389
Syria,,2018,124.3601389
Syria,,2017,124.3601389
Syria,,2016,124.3601389
Syria,,2015,124.3601389
Syria,,2014,124.3601389
Syria,,2013,124.3601389
Syria,,2012,124.3601389
Syria,,2011,124.760887
Syria,,2010,125.1616351
Syria,,2009,125.5623831
Syria,,2008,125.9631312
Syria,,2007,125.9631312
Syria,,2006,125.9631312
Syria,,2005,125.9631312
Syria,,2004,125.6541099
Syria,,2003,128.6401282
Syria,,2002,145.6852792
Syria,,2001,138.5163416
Syria,,2000,134.2238846
Syria,,1999,130.8932229
Syria,,1998,132.8435301
Syria,,1997,128.479829
Syria,,1996,124.3565767
Syria,,1995,120.1531748
Syria,,1994,119.7702378
Syria,,1993,113.7055838
Syria,,1992,109.0410742
Syria,,1991,104.3765646
Syria,,1990,99.7120551
Syria,,1989,95.04754554
Syria,,1988,90.38303599
Syria,,1987,85.71852643
Syria,,1986,81.05401688
Syria,,1985,76.38950733
Syria,,1984,71.72499777
Syria,,1983,67.06048822
Syria,,1982,62.39597867
Syria,,1981,57.73146911
Syria,,1980,53.06695956
Syria,,1979,48.40245001
Syria,,1978,43.73794045
Syria,,1977,39.0734309
Syria,,1976,34.40892134
Syria,,1975,29.74441179
Tajikistan,,2022,69.94326428
Tajikistan,,2021,69.94326428
Tajikistan,,2020,69.94326428
Tajikistan,,2019,69.94326428
Tajikistan,,2018,64.48080222
Tajikistan,,2017,52.69824515
Tajikistan,,2016,57.7186964
Tajikistan,,2015,68.74125874
Tajikistan,,2014,69.30934893
Tajikistan,,2013,69.87743912
Tajikistan,,2012,70.44552931
Tajikistan,,2011,71.0136195
Tajikistan,,2010,71.58170969
Tajikistan,,2009,72.14979989
Tajikistan,,2008,72.71789008
Tajikistan,,2007,73.28598027
Tajikistan,,2006,73.85407046
Tajikistan,,2005,75.07916612
Tajikistan,,2004,76.30426178
Tajikistan,,2003,77.52935744
Tajikistan,,2002,78.75445309
Tajikistan,,2001,79.97954875
Tajikistan,,2000,81.20464441
Tajikistan,,1999,80.33711571
Tajikistan,,1998,79.46958702
Tajikistan,,1997,78.60205832
Tajikistan,,1996,77.73452962
Tajikistan,,1995,76.86700092
Tajikistan,,1994,75.99947223
Tanzania,,2022,12.96324081
Tanzania,,2021,12.96324081
Tanzania,,2020,12.96324081
Tanzania,,2019,12.96324081
Tanzania,,2018,12.96324081
Tanzania,,2017,12.96324081
Tanzania,,2016,12.96324081
Tanzania,,2015,12.96324081
Tanzania,,2014,12.96324081
Tanzania,,2013,12.96324081
Tanzania,,2012,12.96324081
Tanzania,,2011,12.96324081
Tanzania,,2010,12.96324081
Tanzania,,2009,12.96324081
Tanzania,,2008,12.96324081
Tanzania,,2007,12.96324081
Tanzania,,2006,12.96324081
Tanzania,,2005,12.96324081
Tanzania,,2004,12.96324081
Tanzania,,2003,12.96324081
Tanzania,,2002,12.96324081
Tanzania,,2001,11.8070924
Tanzania,,2000,10.65094399
Tanzania,,1999,9.494795574
Tanzania,,1998,8.338647162
Tanzania,,1997,7.18249875
Tanzania,,1996,6.026350338
Tanzania,,1995,4.870201926
Tanzania,,1994,3.714053513
Thailand,,2022,23.01393518
Thailand,,2021,23.01393518
Thailand,,2020,23.01393518
Thailand,,2019,23.01393518
Thailand,,2018,23.01393518
Thailand,,2017,23.01393518
Thailand,,2016,23.01393518
Thailand,,2015,23.01393518
Thailand,,2014,23.01393518
Thailand,,2013,23.01393518
Thailand,,2012,23.01393518
Thailand,,2011,23.01393518
Thailand,,2010,23.01393518
Thailand,,2009,23.01393518
Thailand,,2008,23.01393518
Thailand,,2007,23.01393518
Timor-Leste,,2022,28.26821032
Timor-Leste,,2021,28.26821032
Timor-Leste,,2020,28.26821032
Timor-Leste,,2019,28.26821032
Timor-Leste,,2018,28.26821032
Timor-Leste,,2017,28.26821032
Timor-Leste,,2016,28.26821032
Timor-Leste,,2015,28.26821032
Timor-Leste,,2014,28.26821032
Timor-Leste,,2013,28.26821032
Timor-Leste,,2012,28.26821032
Timor-Leste,,2011,28.26821032
Timor-Leste,,2010,28.26821032
Timor-Leste,,2009,28.26821032
Timor-Leste,,2008,28.26821032
Timor-Leste,,2007,28.26821032
Timor-Leste,,2006,28.26821032
Timor-Leste,,2005,28.26821032
Timor-Leste,,2004,28.26821032
Togo,,2022,3.391634981
Togo,,2021,3.391634981
Togo,,2020,3.391634981
Togo,,2019,3.391634981
Togo,,2018,3.391634981
Togo,,2017,3.391634981
Togo,,2016,3.391634981
Togo,,2015,3.391634981
Togo,,2014,3.391634981
Togo,,2013,3.391634981
Togo,,2012,3.391634981
Togo,,2011,3.391634981
Togo,,2010,3.391634981
Togo,,2009,3.391634981
Togo,,2008,3.391634981
Togo,,2007,3.391634981
Togo,,2006,3.391634981
Togo,,2005,3.391634981
Togo,,2004,3.117870722
Togo,,2003,2.844106464
Togo,,2002,2.570342205
Togo,,2001,2.575411914
Togo,,2000,2.580481622
Togo,,1999,2.488446914
Togo,,1998,2.396412206
Togo,,1997,2.304377498
Togo,,1996,2.21234279
Togo,,1995,2.120308082
Togo,,1994,2.028273374
Togo,,1993,1.936238666
Togo,,1992,1.844203958
Togo,,1991,1.75216925
Togo,,1990,1.660134542
Togo,,1989,1.568099834
Togo,,1988,1.476065126
Togo,,1987,1.384030418
Trinidad and Tobago,,2022,20.32648126
Trinidad and Tobago,,2021,20.32648126
Trinidad and Tobago,,2020,20.32648126
Trinidad and Tobago,,2019,20.32648126
Trinidad and Tobago,,2018,20.32648126
Trinidad and Tobago,,2017,20.32648126
Trinidad and Tobago,,2016,20.32648126
Trinidad and Tobago,,2015,20.32648126
Trinidad and Tobago,,2014,20.32648126
Trinidad and Tobago,,2013,20.32648126
Trinidad and Tobago,,2012,20.32648126
Trinidad and Tobago,,2011,20.32648126
Trinidad and Tobago,,2010,20.05239823
Trinidad and Tobago,,2009,19.7783152
Trinidad and Tobago,,2008,19.50423216
Trinidad and Tobago,,2007,19.23014913
Trinidad and Tobago,,2006,18.9560661
Trinidad and Tobago,,2005,18.68198307
Trinidad and Tobago,,2004,20.48367594
Trinidad and Tobago,,2003,20.10882709
Trinidad and Tobago,,2002,19.73397823
Trinidad and Tobago,,2001,19.35912938
Trinidad and Tobago,,2000,18.98428053
Trinidad and Tobago,,1999,18.64167674
Trinidad and Tobago,,1998,18.29907295
Trinidad and Tobago,,1997,17.95646917
Tunisia,,2022,98.11339918
Tunisia,,2021,98.11339918
Tunisia,,2020,98.11339918
Tunisia,,2019,96.31059086
Tunisia,,2018,95.9987812
Tunisia,,2017,89.53101592
Tunisia,,2016,94.60934921
Tunisia,,2015,92.02447757
Tunisia,,2014,89.43960592
Tunisia,,2013,86.85473428
Tunisia,,2012,84.26986263
Tunisia,,2011,81.68499099
Tunisia,,2010,79.12043267
Tunisia,,2009,76.55587436
Tunisia,,2008,73.99131605
Tunisia,,2007,73.61044105
Tunisia,,2006,73.22956606
Tunisia,,2005,72.84869106
Tunisia,,2004,72.46781606
Tunisia,,2003,72.08694107
Tunisia,,2002,71.70606607
Tunisia,,2001,71.32519107
Tunisia,,2000,66.01833278
Tunisia,,1999,67.83129777
Tunisia,,1998,68.95868776
Tunisia,,1997,70.08607775
Tunisia,,1996,71.21346774
Tunisia,,1995,72.34085773
Tunisia,,1994,73.44793439
Tunisia,,1993,74.55501105
Tunisia,,1992,75.6620877
Tunisia,,1991,76.76916436
Tunisia,,1990,77.87624102
Tunisia,,1989,74.14366605
Tunisia,,1988,70.20795775
Tunisia,,1987,66.27224945
Tunisia,,1986,62.33654115
Tunisia,,1985,58.40083285
Tunisia,,1984,56.36949953
Tunisia,,1983,54.33816621
Tunisia,,1982,52.3068329
Tunisia,,1981,50.27549958
Tunisia,,1980,48.24416626
Tunisia,,1979,44.02914963
Tunisia,,1978,39.814133
Tunisia,,1977,35.59911637
Tunisia,,1976,31.38409974
Tunisia,,1975,27.16908311
Turkey,,2022,47.88653346
Turkey,,2021,43.37814752
Turkey,,2020,46.12809923
Turkey,,2019,46.30158211
Turkey,,2018,45.37887544
Turkey,,2017,43.66707643
Turkey,,2016,44.27690708
Turkey,,2015,39.89452574
Turkey,,2014,38.60209463
Turkey,,2013,38.05986779
Turkey,,2012,37.51764094
Turkey,,2011,36.19921266
Turkey,,2010,34.88078437
Turkey,,2009,33.52150338
Turkey,,2008,31.16690188
Turkey,,2007,30.80266285
Turkey,,2006,30.43842383
Turkey,,2005,29.90319146
Turkey,,2004,29.3679591
Turkey,,2003,28.83272673
Turkey,,2002,29.6206888
Turkey,,2001,30.40865087
Turkey,,2000,31.19661294
Turkey,,1999,26.98005645
Turkey,,1998,26.47881495
Turkey,,1997,25.97757346
Turkey,,1996,25.47633196
Turkey,,1995,24.97509046
Turkey,,1994,24.47384896
Turkey,,1993,23.97260746
Turkey,,1992,23.47136597
Turkmenistan,,2022,135.2138073
Turkmenistan,,2021,135.2138073
Turkmenistan,,2020,135.2138073
Turkmenistan,,2019,142.7516744
Turkmenistan,,2018,138.4853168
Turkmenistan,,2017,148.6666667
Turkmenistan,,2016,144.8619268
Turkmenistan,,2015,144.7317362
Turkmenistan,,2014,144.6015456
Turkmenistan,,2013,144.471355
Turkmenistan,,2012,144.3411643
Turkmenistan,,2011,144.2109737
Turkmenistan,,2010,144.0807831
Turkmenistan,,2009,143.9505925
Turkmenistan,,2008,143.8204019
Turkmenistan,,2007,143.6902112
Turkmenistan,,2006,143.5600206
Turkmenistan,,2005,143.5600206
Turkmenistan,,2004,143.5600206
Turkmenistan,,2003,136.9912416
Turkmenistan,,2002,133.9637644
Turkmenistan,,2001,130.9362871
Turkmenistan,,2000,127.9088099
Turkmenistan,,1999,126.9392925
Turkmenistan,,1998,125.969775
Turkmenistan,,1997,125.0002576
Turkmenistan,,1996,124.0307402
Turkmenistan,,1995,123.0612227
Turkmenistan,,1994,122.0917053
Uganda,,2022,5.82799634
Uganda,,2021,5.82799634
Uganda,,2020,5.82799634
Uganda,,2019,5.82799634
Uganda,,2018,5.82799634
Uganda,,2017,5.82799634
Uganda,,2016,5.82799634
Uganda,,2015,5.82799634
Uganda,,2014,5.82799634
Uganda,,2013,5.82799634
Uganda,,2012,5.82799634
Uganda,,2011,5.82799634
Uganda,,2010,5.82799634
Uganda,,2009,5.82799634
Uganda,,2008,5.82799634
Uganda,,2007,5.407974992
Uganda,,2006,4.987953644
Uganda,,2005,4.567932296
Uganda,,2004,4.147910949
Uganda,,2003,3.727889601
Uganda,,2002,3.307868253
Uganda,,2001,3.161710888
Uganda,,2000,3.015553522
Uganda,,1999,2.976029277
Uganda,,1998,2.936505032
Uganda,,1997,2.896980787
Uganda,,1996,2.857456542
Uganda,,1995,2.817932296
Uganda,,1994,2.778408051
Uganda,,1993,2.738883806
Uganda,,1992,2.699359561
Uganda,,1991,2.659835316
Uganda,,1990,2.62031107
Uganda,,1989,2.580786825
Uganda,,1988,2.54126258
Uganda,,1987,2.501738335
Uganda,,1986,2.46221409
Uganda,,1985,2.422689845
Uganda,,1984,2.383165599
Uganda,,1983,2.343641354
Uganda,,1982,2.304117109
Uganda,,1981,2.264592864
Uganda,,1980,2.225068619
Uganda,,1979,2.185544373
Uganda,,1978,2.146020128
Uganda,,1977,2.106495883
Uganda,,1976,2.066971638
Uganda,,1975,2.027447393
Uganda,,1974,1.987923147
Uganda,,1973,1.948398902
Uganda,,1972,1.908874657
Uganda,,1971,1.869350412
Uganda,,1970,1.829826167
Ukraine,,2022,6.298134232
Ukraine,,2021,10.84102099
Ukraine,,2020,12.25576574
Ukraine,,2019,13.72894532
Ukraine,,2018,13.87017362
Ukraine,,2017,13.87017362
Ukraine,,2016,12.08214563
Ukraine,,2015,11.80228038
Ukraine,,2014,14.12153408
Ukraine,,2013,15.40133454
Ukraine,,2012,16.68113501
Ukraine,,2011,17.96093548
Ukraine,,2010,19.24073594
Ukraine,,2009,19.29696813
Ukraine,,2008,19.358383
Ukraine,,2007,19.41953874
Ukraine,,2006,19.48121275
Ukraine,,2005,19.53874061
Ukraine,,2004,20.37159886
Ukraine,,2003,21.2005701
Ukraine,,2002,22.02954133
Ukraine,,2001,22.85851257
Ukraine,,2000,23.68489246
Ukraine,,1999,24.93780772
Ukraine,,1998,26.18813164
Ukraine,,1997,27.43845556
Ukraine,,1996,28.68877948
Ukraine,,1995,29.93910339
Ukraine,,1994,31.18942731
Ukraine,,1993,32.43975123
Ukraine,,1992,33.6874838
United Arab Emirates,,2022,1509.933333
United Arab Emirates,,2021,1533.333333
United Arab Emirates,,2020,1587.333333
United Arab Emirates,,2019,1628.666667
United Arab Emirates,,2018,1667.333333
United Arab Emirates,,2017,1630.0
United Arab Emirates,,2016,1679.333333
United Arab Emirates,,2015,1696.363636
United Arab Emirates,,2014,1713.393939
United Arab Emirates,,2013,1730.424242
United Arab Emirates,,2012,1747.454545
United Arab Emirates,,2011,1764.484848
United Arab Emirates,,2010,1781.515152
United Arab Emirates,,2009,1798.545455
United Arab Emirates,,2008,1815.575758
United Arab Emirates,,2007,1832.606061
United Arab Emirates,,2006,1849.636364
United Arab Emirates,,2005,1866.666667
United Arab Emirates,,2004,1669.36
United Arab Emirates,,2003,1472.053333
United Arab Emirates,,2002,1499.991111
United Arab Emirates,,2001,1527.928889
United Arab Emirates,,2000,1555.866667
United Arab Emirates,,1999,1573.253333
United Arab Emirates,,1998,1467.106667
United Arab Emirates,,1997,1360.96
United Arab Emirates,,1996,1254.813333
United Arab Emirates,,1995,1148.666667
United Arab Emirates,,1994,1124.577778
United Arab Emirates,,1993,1100.488889
United Arab Emirates,,1992,1076.4
United Arab Emirates,,1991,1052.311111
United Arab Emirates,,1990,1028.222222
United Arab Emirates,,1989,1083.2
United Arab Emirates,,1988,1029.511111
United Arab Emirates,,1987,975.8222222
United Arab Emirates,,1986,922.1333333
United Arab Emirates,,1985,868.4444444
United Arab Emirates,,1984,814.7555556
United Arab Emirates,,1983,761.0666667
United Arab Emirates,,1982,707.3777778
United Arab Emirates,,1981,653.6888889
United Arab Emirates,,1980,600.0
United Kingdom,,2022,14.35464621
United Kingdom,,2021,14.35464621
United Kingdom,,2020,14.35464621
United Kingdom,,2019,14.35464621
United Kingdom,,2018,14.35464621
United Kingdom,,2017,14.35464621
United Kingdom,,2016,14.35464621
United Kingdom,,2015,13.91304348
United Kingdom,,2014,12.42114237
United Kingdom,,2013,13.04518329
United Kingdom,,2012,13.66922421
United Kingdom,,2011,13.10315431
United Kingdom,,2010,14.09036658
United Kingdom,,2009,14.11935209
United Kingdom,,2008,14.23188406
United Kingdom,,2007,14.51491901
United Kingdom,,2006,22.0915601
United Kingdom,,2005,21.95721925
United Kingdom,,2004,21.8228784
United Kingdom,,2003,21.68853755
United Kingdom,,2002,21.5541967
United Kingdom,,2001,21.41985585
United Kingdom,,2000,21.285515
United Kingdom,,1999,21.15117415
United Kingdom,,1998,21.01683329
United Kingdom,,1997,20.88249244
United Kingdom,,1996,20.74815159
United Kingdom,,1995,20.61381074
United Kingdom,,1994,20.58994032
United Kingdom,,1993,20.56606991
United Kingdom,,1992,20.54219949
United Kingdom,,1991,20.51832907
United Kingdom,,1990,20.49445865
United Kingdom,,1989,20.31713555
United Kingdom,,1988,20.13981245
United Kingdom,,1987,19.96248934
United Kingdom,,1986,19.78516624
United Kingdom,,1985,19.60784314
United Kingdom,,1984,20.28303495
United Kingdom,,1983,20.95822677
United Kingdom,,1982,21.63341858
United Kingdom,,1981,22.3086104
United Kingdom,,1980,22.98380222
United States,,2022,28.15525982
United States,,2021,28.15525982
United States,,2020,28.15525982
United States,,2019,28.15525982
United States,,2018,28.15525982
United States,,2017,28.15525982
United States,,2016,28.15525982
United States,,2015,28.15525982
United States,,2014,27.83219265
United States,,2013,27.50912548
United States,,2012,27.1860583
United States,,2011,26.86299113
United States,,2010,26.53992395
United States,,2009,27.29784537
United States,,2008,28.05576679
United States,,2007,28.81368821
United States,,2006,29.57160963
United States,,2005,30.32953105
United States,,2004,30.2661597
United States,,2003,30.20278834
United States,,2002,30.13941698
United States,,2001,30.07604563
United States,,2000,30.01267427
United States,,1999,29.95880862
United States,,1998,29.90494297
United States,,1997,29.85107731
United States,,1996,29.79721166
United States,,1995,29.74334601
United States,,1994,29.68948035
United States,,1993,29.6356147
United States,,1992,29.58174905
United States,,1991,29.5278834
United States,,1990,29.47401774
United States,,1989,29.80671736
United States,,1988,30.13941698
United States,,1987,30.4721166
United States,,1986,30.80481622
United States,,1985,31.13751584
United States,,1984,31.47021546
United States,,1983,31.80291508
United States,,1982,32.1356147
United States,,1981,32.46831432
United States,,1980,32.80101394
Uruguay,,2022,12.05201437
Uruguay,,2021,11.81576149
Uruguay,,2020,11.63196993
Uruguay,,2019,11.53967625
Uruguay,,2018,11.44738256
Uruguay,,2017,11.35508888
Uruguay,,2016,11.2627952
Uruguay,,2015,11.17050151
Uruguay,,2014,11.07820783
Uruguay,,2013,10.98591414
Uruguay,,2012,10.89362046
Uruguay,,2011,10.80132678
Uruguay,,2010,10.70903309
Uruguay,,2009,10.61673941
Uruguay,,2008,10.52444573
Uruguay,,2007,10.43215204
Uruguay,,2006,10.33985836
Uruguay,,2005,10.24756468
Uruguay,,2004,10.15527099
Uruguay,,2003,10.06297731
Uruguay,,2002,9.970683624
Uruguay,,2001,9.87838994
Uruguay,,2000,9.786096257
Uruguay,,1999,9.556149733
Uruguay,,1998,9.326203209
Uruguay,,1997,9.096256685
Uruguay,,1996,8.86631016
Uruguay,,1995,8.636363636
Uruguay,,1994,8.406417112
Uruguay,,1993,8.176470588
Uruguay,,1992,7.946524064
Uruguay,,1991,7.71657754
Uruguay,,1990,7.486631016
Uruguay,,1989,7.256684492
Uruguay,,1988,7.026737968
Uruguay,,1987,6.796791444
Uruguay,,1986,6.56684492
Uruguay,,1985,6.336898396
Uruguay,,1984,6.106951872
Uruguay,,1983,5.877005348
Uruguay,,1982,5.647058824
Uruguay,,1981,5.4171123
Uruguay,,1980,5.187165775
Uruguay,,1979,4.957219251
Uruguay,,1978,4.727272727
Uruguay,,1977,4.497326203
Uruguay,,1976,4.267379679
Uruguay,,1975,4.037433155
Uruguay,,1974,3.807486631
Uruguay,,1973,3.577540107
Uruguay,,1972,3.347593583
Uruguay,,1971,3.117647059
Uruguay,,1970,2.887700535
Uruguay,,1969,2.657754011
Uruguay,,1968,2.427807487
Uruguay,,1967,2.197860963
Uruguay,,1966,1.967914439
Uruguay,,1965,1.737967914
Uzbekistan,,2022,123.0283912
Uzbekistan,,2021,121.8812733
Uzbekistan,,2020,143.3897333
Uzbekistan,,2019,151.843992
Uzbekistan,,2018,160.3842845
Uzbekistan,,2017,168.924577
Uzbekistan,,2016,156.4468024
Uzbekistan,,2015,158.1273301
Uzbekistan,,2014,144.7089188
Uzbekistan,,2013,144.2946818
Uzbekistan,,2012,143.8804448
Uzbekistan,,2011,143.4662078
Uzbekistan,,2010,143.0519708
Uzbekistan,,2009,142.6377338
Uzbekistan,,2008,142.2234968
Uzbekistan,,2007,141.8092598
Uzbekistan,,2006,141.3950228
Uzbekistan,,2005,140.9807858
Uzbekistan,,2004,144.2644107
Uzbekistan,,2003,147.5480356
Uzbekistan,,2002,150.8316605
Uzbekistan,,2001,154.1152853
Uzbekistan,,2000,153.0808308
Uzbekistan,,1999,153.2642331
Uzbekistan,,1998,153.4476354
Uzbekistan,,1997,153.6310377
Uzbekistan,,1996,153.81444
Uzbekistan,,1995,153.9978423
Uzbekistan,,1994,154.1812446
Venezuela,,2022,7.540366667
Venezuela,,2021,7.540366667
Venezuela,,2020,7.540366667
Venezuela,,2019,7.540366667
Venezuela,,2018,7.540366667
Venezuela,,2017,7.540366667
Venezuela,,2016,7.540366667
Venezuela,,2015,7.540366667
Venezuela,,2014,7.540366667
Venezuela,,2013,7.540366667
Venezuela,,2012,7.540366667
Venezuela,,2011,7.540366667
Venezuela,,2010,7.540366667
Venezuela,,2009,7.540366667
Venezuela,,2008,7.540366667
Venezuela,,2007,7.540366667
Venezuela,,2006,6.58888185
Venezuela,,2005,6.012385176
Venezuela,,2004,5.383801077
Venezuela,,2003,4.755216978
Venezuela,,2002,4.342593333
Venezuela,,2001,3.681113333
Venezuela,,2000,3.019633333
Venezuela,,1999,2.964476667
Venezuela,,1998,2.909435556
Venezuela,,1997,2.854336667
Venezuela,,1996,2.799237778
Venezuela,,1995,2.744138889
Venezuela,,1994,2.68904
Venezuela,,1993,2.633941111
Venezuela,,1992,2.57838
Venezuela,,1991,2.523223333
Venezuela,,1990,2.468066667
Venezuela,,1989,2.414643333
Venezuela,,1988,2.359486667
Venezuela,,1987,2.30433
Venezuela,,1986,2.249173333
Venezuela,,1985,2.194016667
Venezuela,,1984,2.13886
Venezuela,,1983,2.083703333
Venezuela,,1982,2.028546667
Venezuela,,1981,1.972754444
Venezuela,,1980,1.917655556
Venezuela,,1979,1.862556667
Venezuela,,1978,1.80792
Venezuela,,1977,1.752763333
Venezuela,,1976,1.697606667
Venezuela,,1975,1.642161111
Venezuela,,1974,1.587062222
Venezuela,,1973,1.531963333
Venezuela,,1972,1.476864444
Venezuela,,1971,1.421765556
Venezuela,,1970,1.366666667
Vietnam,,2022,18.13031538
Vietnam,,2021,18.13031538
Vietnam,,2020,18.13031538
Vietnam,,2019,18.13031538
Vietnam,,2018,18.13031538
Vietnam,,2017,18.13031538
Vietnam,,2016,18.13031538
Vietnam,,2015,18.13031538
Vietnam,,2014,18.13031538
Vietnam,,2013,18.13031538
Vietnam,,2012,18.13031538
Vietnam,,2011,18.13031538
Vietnam,,2010,18.13031538
Vietnam,,2009,18.13031538
Vietnam,,2008,18.13031538
Vietnam,,2007,18.13031538
Vietnam,,2006,18.13031538
Vietnam,,2005,18.13031538
Vietnam,,2004,17.67624911
Vietnam,,2003,17.22373317
Vietnam,,2002,16.80997519
Vietnam,,2001,16.35745925
Vietnam,,2000,15.9049433
Vietnam,,1999,15.4554394
Vietnam,,1998,15.00593551
Vietnam,,1997,14.55643161
Vietnam,,1996,14.10692771
Vietnam,,1995,13.65742381
Vietnam,,1994,13.20791992
Vietnam,,1993,12.75841602
Vietnam,,1992,12.30891212
Vietnam,,1991,11.85940822
Vietnam,,1990,11.40990432
Vietnam,,1989,11.13315025
Vietnam,,1988,10.85639617
Vietnam,,1987,10.5796421
Vietnam,,1986,10.30288802
Vietnam,,1985,10.02613395
Vietnam,,1984,9.697909284
Vietnam,,1983,9.369684621
Vietnam,,1982,9.041459958
Vietnam,,1981,8.713235294
Vietnam,,1980,8.385010631
Palestine,,2021,47.7535301669
Palestine,,2020,50.2638710598
Palestine,,2019,47.0118385394
Palestine,,2018,42.7471116816
Palestine,,2017,41.0783055199
Palestine,,2016,40.0228212808
Palestine,,2015,41.5347311368
Palestine,,2014,39.1527599487
Palestine,,2013,43.1322207959
Palestine,,2012,41.7344173442
Palestine,,2011,38.0687491085
Palestine,,2010,38.6250178291
Palestine,,2009,49.036751771
Palestine,,2008,51.4467741169
Palestine,,2007,53.8567964627
Palestine,,2006,56.2668188085
Palestine,,2005,58.1942661532
Palestine,,2004,54.3146484096
Palestine,,2003,48.6259687158
Palestine,,2002,46.1607949413
Palestine,,2001,38.5750962773
Palestine,,2000,40.0751200494
Yemen,,2022,169.7619048
Yemen,,2021,169.7619048
Yemen,,2020,169.7619048
Yemen,,2019,169.7619048
Yemen,,2018,169.7619048
Yemen,,2017,169.7619048
Yemen,,2016,169.7619048
Yemen,,2015,169.7619048
Yemen,,2014,169.7619048
Yemen,,2013,169.7619048
Yemen,,2012,169.7619048
Yemen,,2011,169.7619048
Yemen,,2010,169.7619048
Yemen,,2009,169.7619048
Yemen,,2008,169.7619048
Yemen,,2007,169.7619048
Yemen,,2006,169.7619048
Yemen,,2005,169.7619048
Yemen,,2004,168.0380952
Yemen,,2003,166.3142857
Yemen,,2002,164.5904762
Yemen,,2001,162.8666667
Yemen,,2000,161.1428571
Yemen,,1999,159.2
Yemen,,1998,156.9714286
Yemen,,1997,154.7428571
Yemen,,1996,152.5142857
Yemen,,1995,150.2857143
Yemen,,1994,148.0571429
Yemen,,1993,145.8285714
Yemen,,1992,143.6
Yemen,,1991,141.3714286
Yemen,,1990,139.1428571
Zambia,,2022,2.835497836
Zambia,,2021,2.835497836
Zambia,,2020,2.835497836
Zambia,,2019,2.835497836
Zambia,,2018,2.835497836
Zambia,,2017,2.835497836
Zambia,,2016,2.835497836
Zambia,,2015,2.835497836
Zambia,,2014,2.835497836
Zambia,,2013,2.835497836
Zambia,,2012,2.835497836
Zambia,,2011,2.835497836
Zambia,,2010,2.835497836
Zambia,,2009,2.835497836
Zambia,,2008,2.835497836
Zambia,,2007,2.835497836
Zambia,,2006,2.835497836
Zambia,,2005,2.835497836
Zambia,,2004,2.835497836
Zambia,,2003,2.835497836
Zambia,,2002,2.835497836
Zambia,,2001,2.865710678
Zambia,,2000,2.895923521
Zambia,,1999,2.926136364
Zambia,,1998,2.956349206
Zambia,,1997,2.986562049
Zambia,,1996,3.016774892
Zambia,,1995,3.046987735
Zambia,,1994,3.077200577
Zambia,,1993,3.114177489
Zambia,,1992,3.151154401
Zimbabwe,,2022,46.09162031
Zimbabwe,,2021,46.09162031
Zimbabwe,,2020,46.09162031
Zimbabwe,,2019,39.76966178
Zimbabwe,,2018,35.40538538
Zimbabwe,,2017,31.34622606
Zimbabwe,,2016,31.93766429
Zimbabwe,,2015,31.87852047
Zimbabwe,,2014,32.08305952
Zimbabwe,,2013,32.28759857
Zimbabwe,,2012,32.49213763
Zimbabwe,,2011,32.69667668
Zimbabwe,,2010,32.90121573
Zimbabwe,,2009,33.10575479
Zimbabwe,,2008,33.31029384
Zimbabwe,,2007,33.5148329
Zimbabwe,,2006,34.70709726
Zimbabwe,,2005,35.89936162
Zimbabwe,,2004,37.09162599
Zimbabwe,,2003,38.28389035
Zimbabwe,,2002,39.47615471
Zimbabwe,,2001,37.60796095
Zimbabwe,,2000,35.73976718
Zimbabwe,,1999,33.87157341
Zimbabwe,,1998,32.00337965
Zimbabwe,,1997,30.13518588
Zimbabwe,,1996,28.26699211
Zimbabwe,,1995,26.39879835
Zimbabwe,,1994,24.53060458
Zimbabwe,,1993,22.66241081
Zimbabwe,,1992,20.79421705
Zimbabwe,,1991,18.92602328
Zimbabwe,,1990,17.05782952
Zimbabwe,,1989,15.18963575
Zimbabwe,,1988,13.32144198
Zimbabwe,,1987,11.45324822
