country,iso2,year,value
Afghanistan,,2021,27.0161290322581
Afghanistan,,2020,27.0161290322581
Afghanistan,,2019,27.8688524590164
Afghanistan,,2017,27.710843373494
Afghanistan,,2016,27.710843373494
Afghanistan,,2015,27.710843373494
Afghanistan,,2014,27.710843373494
Afghanistan,,2013,27.710843373494
Afghanistan,,2012,27.710843373494
Afghanistan,,2011,27.710843373494
Afghanistan,,2010,27.710843373494
Afghanistan,,2009,27.3092369477912
Afghanistan,,2008,27.6859504132231
Afghanistan,,2007,27.6859504132231
Afghanistan,,2006,27.3092369477912
Afghanistan,,2005,27.3092369477912
Albania,,2025,35.0
Albania,,2024,35.7142857142857
Albania,,2023,35.7142857142857
Albania,,2022,35.7142857142857
Albania,,2021,35.7142857142857
Albania,,2020,29.5081967213115
Albania,,2019,29.5081967213115
Albania,,2018,27.8571428571429
Albania,,2017,27.8571428571429
Albania,,2016,22.8571428571429
Albania,,2015,20.7142857142857
Albania,,2014,20.0
Albania,,2013,17.8571428571429
Albania,,2012,15.7142857142857
Albania,,2011,15.7142857142857
Albania,,2010,16.4285714285714
Albania,,2009,16.4285714285714
Albania,,2008,7.14285714285714
Albania,,2007,7.14285714285714
Albania,,2006,7.14285714285714
Albania,,2005,7.14285714285714
Albania,,2004,6.42857142857143
Albania,,2003,5.71428571428571
Albania,,2002,5.71428571428571
Albania,,2001,5.71428571428571
Albania,,2000,5.16129032258065
Albania,,1999,5.16129032258065
Algeria,,2025,7.86240786240786
Algeria,,2024,7.86240786240786
Algeria,,2023,7.86240786240786
Algeria,,2022,8.10810810810811
Algeria,,2021,8.10810810810811
Algeria,,2020,25.7575757575758
Algeria,,2019,25.7575757575758
Algeria,,2018,25.7575757575758
Algeria,,2017,25.7575757575758
Algeria,,2016,31.6017316017316
Algeria,,2015,31.6017316017316
Algeria,,2014,31.6017316017316
Algeria,,2013,31.6017316017316
Algeria,,2012,31.6017316017316
Algeria,,2011,7.96915167095116
Algeria,,2010,7.7120822622108
Algeria,,2009,7.7120822622108
Algeria,,2008,7.7120822622108
Algeria,,2007,7.7120822622108
Algeria,,2006,6.16966580976864
Algeria,,2005,6.16966580976864
Algeria,,2004,6.16966580976864
Algeria,,2003,6.16966580976864
Algeria,,2002,6.16966580976864
Algeria,,2001,3.42105263157895
Algeria,,2000,3.42105263157895
Algeria,,1999,3.15789473684211
Algeria,,1998,3.15789473684211
Algeria,,1997,3.15789473684211
Andorra,,2025,50.0
Andorra,,2024,50.0
Andorra,,2023,50.0
Andorra,,2022,46.4285714285714
Andorra,,2021,46.4285714285714
Andorra,,2020,46.4285714285714
Andorra,,2019,46.4285714285714
Andorra,,2018,32.1428571428571
Andorra,,2017,32.1428571428571
Andorra,,2016,32.1428571428571
Andorra,,2015,39.2857142857143
Andorra,,2014,50.0
Andorra,,2013,50.0
Andorra,,2012,50.0
Andorra,,2011,50.0
Andorra,,2010,35.7142857142857
Andorra,,2009,35.7142857142857
Andorra,,2008,25.0
Andorra,,2007,28.5714285714286
Andorra,,2006,28.5714285714286
Andorra,,2005,28.5714285714286
Andorra,,2004,14.2857142857143
Andorra,,2003,14.2857142857143
Andorra,,2002,14.2857142857143
Andorra,,2001,14.2857142857143
Andorra,,2000,7.14285714285714
Andorra,,1999,7.14285714285714
Andorra,,1998,7.14285714285714
Andorra,,1997,7.14285714285714
Angola,,2025,39.0909090909091
Angola,,2024,39.5454545454545
Angola,,2023,33.6363636363636
Angola,,2022,33.6363636363636
Angola,,2021,29.5454545454545
Angola,,2020,30.0
Angola,,2019,30.0
Angola,,2018,30.4545454545455
Angola,,2017,30.4545454545455
Angola,,2016,36.8181818181818
Angola,,2015,36.8181818181818
Angola,,2014,36.8181818181818
Angola,,2013,34.0909090909091
Angola,,2012,34.0909090909091
Angola,,2011,38.1818181818182
Angola,,2010,38.6363636363636
Angola,,2009,38.6363636363636
Angola,,2008,37.2727272727273
Angola,,2007,15.0
Angola,,2006,15.0
Angola,,2005,15.0
Angola,,2004,15.0
Angola,,2003,15.4545454545455
Angola,,2002,15.4545454545455
Angola,,2001,15.4545454545455
Angola,,2000,15.4545454545455
Angola,,1999,15.4545454545455
Angola,,1998,15.4545454545455
Angola,,1997,9.54545454545455
Antigua and Barbuda,,2025,5.55555555555556
Antigua and Barbuda,,2024,5.55555555555556
Antigua and Barbuda,,2023,5.55555555555556
Antigua and Barbuda,,2022,11.1111111111111
Antigua and Barbuda,,2021,11.1111111111111
Antigua and Barbuda,,2020,11.1111111111111
Antigua and Barbuda,,2019,11.1111111111111
Antigua and Barbuda,,2018,11.1111111111111
Antigua and Barbuda,,2017,11.1111111111111
Antigua and Barbuda,,2016,11.1111111111111
Antigua and Barbuda,,2015,11.1111111111111
Antigua and Barbuda,,2014,11.1111111111111
Antigua and Barbuda,,2013,10.5263157894737
Antigua and Barbuda,,2012,10.5263157894737
Antigua and Barbuda,,2011,10.5263157894737
Antigua and Barbuda,,2010,10.5263157894737
Antigua and Barbuda,,2009,10.5263157894737
Antigua and Barbuda,,2008,10.5263157894737
Antigua and Barbuda,,2007,10.5263157894737
Antigua and Barbuda,,2006,10.5263157894737
Antigua and Barbuda,,2005,10.5263157894737
Antigua and Barbuda,,2004,10.5263157894737
Antigua and Barbuda,,2003,5.26315789473684
Antigua and Barbuda,,2002,5.26315789473684
Antigua and Barbuda,,2001,5.26315789473684
Antigua and Barbuda,,2000,5.26315789473684
Antigua and Barbuda,,1998,5.26315789473684
Antigua and Barbuda,,1997,5.26315789473684
Argentina,,2025,41.2451361867704
Argentina,,2024,42.4124513618677
Argentina,,2023,43.1906614785992
Argentina,,2022,44.7470817120623
Argentina,,2021,44.7470817120623
Argentina,,2020,40.8560311284047
Argentina,,2019,40.1574803149606
Argentina,,2018,38.9105058365759
Argentina,,2017,38.1322957198444
Argentina,,2016,35.7976653696498
Argentina,,2014,36.5758754863813
Argentina,,2013,36.5758754863813
Argentina,,2012,37.3540856031128
Argentina,,2011,37.3540856031128
Argentina,,2010,38.5214007782101
Argentina,,2009,38.5214007782101
Argentina,,2008,40.0
Argentina,,2007,40.0
Argentina,,2006,35.0194552529183
Argentina,,2005,36.1867704280156
Argentina,,2004,33.7254901960784
Argentina,,2003,30.7392996108949
Argentina,,2002,30.7392996108949
Argentina,,2000,26.4591439688716
Argentina,,1998,27.6264591439689
Argentina,,1997,27.6264591439689
Armenia,,2025,38.3177570093458
Armenia,,2024,36.4485981308411
Armenia,,2023,35.5140186915888
Armenia,,2022,35.5140186915888
Armenia,,2021,33.6448598130841
Armenia,,2020,23.4848484848485
Armenia,,2019,23.4848484848485
Armenia,,2018,18.0952380952381
Armenia,,2017,18.0952380952381
Armenia,,2016,10.6870229007634
Armenia,,2015,10.6870229007634
Armenia,,2014,10.6870229007634
Armenia,,2013,10.6870229007634
Armenia,,2012,10.6870229007634
Armenia,,2011,8.3969465648855
Armenia,,2010,9.16030534351145
Armenia,,2009,9.16030534351145
Armenia,,2008,8.3969465648855
Armenia,,2007,9.16030534351145
Armenia,,2006,5.34351145038168
Armenia,,2005,5.34351145038168
Armenia,,2004,5.34351145038168
Armenia,,2003,4.58015267175572
Armenia,,2002,3.05343511450382
Armenia,,2001,3.05343511450382
Armenia,,2000,3.05343511450382
Armenia,,1999,3.05343511450382
Armenia,,1998,6.31578947368421
Armenia,,1997,6.31578947368421
Australia,,2025,46.0
Australia,,2024,38.0
Australia,,2023,38.4105960264901
Australia,,2022,38.4105960264901
Australia,,2021,31.1258278145695
Australia,,2020,30.4635761589404
Australia,,2019,30.4635761589404
Australia,,2018,28.6666666666667
Australia,,2017,28.6666666666667
Australia,,2016,28.6666666666667
Australia,,2015,26.6666666666667
Australia,,2014,26.0
Australia,,2013,26.0
Australia,,2012,24.6666666666667
Australia,,2011,24.6666666666667
Australia,,2010,24.6666666666667
Australia,,2009,27.3333333333333
Australia,,2008,26.6666666666667
Australia,,2007,26.6666666666667
Australia,,2006,24.6666666666667
Australia,,2005,24.6666666666667
Australia,,2004,24.6666666666667
Australia,,2003,25.3333333333333
Australia,,2002,25.3333333333333
Australia,,2000,22.972972972973
Australia,,1999,22.4489795918367
Australia,,1998,15.5405405405405
Australia,,1997,15.5405405405405
Austria,,2025,35.5191256830601
Austria,,2024,36.0655737704918
Austria,,2023,40.9836065573771
Austria,,2022,40.9836065573771
Austria,,2021,40.4371584699454
Austria,,2020,39.344262295082
Austria,,2019,39.344262295082
Austria,,2018,34.4262295081967
Austria,,2017,34.4262295081967
Austria,,2016,30.6010928961749
Austria,,2015,30.6010928961749
Austria,,2014,32.2404371584699
Austria,,2013,33.3333333333333
Austria,,2012,27.8688524590164
Austria,,2011,27.8688524590164
Austria,,2010,27.8688524590164
Austria,,2009,27.8688524590164
Austria,,2008,27.3224043715847
Austria,,2007,32.7868852459016
Austria,,2006,32.2404371584699
Austria,,2005,33.879781420765
Austria,,2004,33.879781420765
Austria,,2003,33.879781420765
Austria,,2001,26.775956284153
Austria,,2000,26.775956284153
Austria,,1998,26.2295081967213
Austria,,1997,26.2295081967213
Azerbaijan,,2025,20.8
Azerbaijan,,2024,20.8
Azerbaijan,,2023,18.6440677966102
Azerbaijan,,2022,18.3333333333333
Azerbaijan,,2021,18.1818181818182
Azerbaijan,,2020,17.3553719008264
Azerbaijan,,2019,16.8067226890756
Azerbaijan,,2018,16.8
Azerbaijan,,2017,16.8
Azerbaijan,,2016,16.8
Azerbaijan,,2015,16.9354838709677
Azerbaijan,,2014,15.5737704918033
Azerbaijan,,2013,15.5737704918033
Azerbaijan,,2012,16.0
Azerbaijan,,2011,16.0
Azerbaijan,,2010,16.0
Azerbaijan,,2009,11.3821138211382
Azerbaijan,,2008,11.3821138211382
Azerbaijan,,2007,11.3821138211382
Azerbaijan,,2006,11.2903225806452
Azerbaijan,,2005,13.0434782608696
Azerbaijan,,2004,10.4838709677419
Azerbaijan,,2003,10.4838709677419
Azerbaijan,,2002,10.4838709677419
Azerbaijan,,2001,10.4838709677419
Azerbaijan,,1999,12.0
Azerbaijan,,1998,12.0
Azerbaijan,,1997,12.0
Bahamas,,2025,18.4210526315789
Bahamas,,2024,17.9487179487179
Bahamas,,2023,17.9487179487179
Bahamas,,2022,17.9487179487179
Bahamas,,2021,17.9487179487179
Bahamas,,2020,12.8205128205128
Bahamas,,2019,12.8205128205128
Bahamas,,2018,12.8205128205128
Bahamas,,2017,12.8205128205128
Bahamas,,2016,13.1578947368421
Bahamas,,2015,13.1578947368421
Bahamas,,2014,13.1578947368421
Bahamas,,2013,13.1578947368421
Bahamas,,2012,13.1578947368421
Bahamas,,2011,12.1951219512195
Bahamas,,2010,12.1951219512195
Bahamas,,2009,12.1951219512195
Bahamas,,2008,12.1951219512195
Bahamas,,2007,12.1951219512195
Bahamas,,2006,20.0
Bahamas,,2005,20.0
Bahamas,,2004,20.0
Bahamas,,2003,20.0
Bahamas,,2001,15.0
Bahamas,,2000,15.0
Bahamas,,1999,15.0
Bahamas,,1998,15.0
Bahamas,,1997,15.0
Bahrain,,2025,20.0
Bahrain,,2024,20.0
Bahrain,,2023,20.0
Bahrain,,2022,20.0
Bahrain,,2021,15.0
Bahrain,,2020,15.0
Bahrain,,2019,15.0
Bahrain,,2018,15.0
Bahrain,,2017,7.5
Bahrain,,2016,7.5
Bahrain,,2015,7.5
Bahrain,,2014,7.5
Bahrain,,2013,10.0
Bahrain,,2012,10.0
Bahrain,,2011,10.0
Bahrain,,2010,2.5
Bahrain,,2009,2.5
Bahrain,,2008,2.5
Bahrain,,2007,2.5
Bahrain,,2006,2.5
Bahrain,,2005,0.0
Bahrain,,2004,0.0
Bahrain,,2003,0.0
Bangladesh,,2023,20.8571428571429
Bangladesh,,2022,20.8571428571429
Bangladesh,,2021,20.8571428571429
Bangladesh,,2020,20.9169054441261
Bangladesh,,2019,20.6303724928367
Bangladesh,,2018,20.2857142857143
Bangladesh,,2017,20.2857142857143
Bangladesh,,2016,20.0
Bangladesh,,2015,20.0
Bangladesh,,2014,19.8275862068966
Bangladesh,,2013,19.7142857142857
Bangladesh,,2012,19.7142857142857
Bangladesh,,2011,19.7142857142857
Bangladesh,,2010,18.5507246376812
Bangladesh,,2009,18.5507246376812
Bangladesh,,2008,6.33333333333333
Bangladesh,,2006,15.0724637681159
Bangladesh,,2005,14.7826086956522
Bangladesh,,2004,2.0
Bangladesh,,2003,2.0
Bangladesh,,2002,2.0
Bangladesh,,2000,9.09090909090909
Bangladesh,,1999,9.09090909090909
Bangladesh,,1998,9.09090909090909
Bangladesh,,1997,9.09090909090909
Barbados,,2025,26.6666666666667
Barbados,,2024,26.6666666666667
Barbados,,2023,26.6666666666667
Barbados,,2022,26.6666666666667
Barbados,,2021,20.0
Barbados,,2020,20.0
Barbados,,2019,20.0
Barbados,,2018,20.0
Barbados,,2017,16.6666666666667
Barbados,,2016,16.6666666666667
Barbados,,2015,16.6666666666667
Barbados,,2014,16.6666666666667
Barbados,,2013,16.6666666666667
Barbados,,2012,10.0
Barbados,,2011,10.0
Barbados,,2010,10.0
Barbados,,2009,10.0
Barbados,,2008,10.0
Barbados,,2007,13.3333333333333
Barbados,,2006,13.3333333333333
Barbados,,2005,13.3333333333333
Barbados,,2004,13.3333333333333
Barbados,,2003,13.3333333333333
Barbados,,2002,10.7142857142857
Barbados,,2001,10.7142857142857
Barbados,,2000,10.7142857142857
Barbados,,1999,10.7142857142857
Barbados,,1998,10.7142857142857
Barbados,,1997,10.7142857142857
Belarus,,2025,33.9449541284404
Belarus,,2024,33.6363636363636
Belarus,,2023,40.0
Belarus,,2022,40.0
Belarus,,2021,40.0
Belarus,,2020,40.0
Belarus,,2019,40.0
Belarus,,2018,34.5454545454545
Belarus,,2017,34.5454545454545
Belarus,,2016,34.5454545454545
Belarus,,2015,27.2727272727273
Belarus,,2014,26.605504587156
Belarus,,2013,26.605504587156
Belarus,,2012,26.605504587156
Belarus,,2011,31.8181818181818
Belarus,,2010,31.8181818181818
Belarus,,2009,31.8181818181818
Belarus,,2008,31.8181818181818
Belarus,,2007,29.0909090909091
Belarus,,2006,29.0909090909091
Belarus,,2005,29.0909090909091
Belarus,,2004,29.3577981651376
Belarus,,2003,10.3092783505155
Belarus,,2002,10.3092783505155
Belarus,,2001,10.3092783505155
Belgium,,2025,41.3333333333333
Belgium,,2024,41.3333333333333
Belgium,,2023,42.6666666666667
Belgium,,2022,42.6666666666667
Belgium,,2021,42.0
Belgium,,2020,41.3333333333333
Belgium,,2019,42.0
Belgium,,2018,38.0
Belgium,,2017,38.0
Belgium,,2016,39.3333333333333
Belgium,,2015,39.3333333333333
Belgium,,2014,39.3333333333333
Belgium,,2013,38.0
Belgium,,2012,38.0
Belgium,,2011,38.0
Belgium,,2010,39.3333333333333
Belgium,,2009,38.0
Belgium,,2008,35.3333333333333
Belgium,,2007,35.3333333333333
Belgium,,2006,34.6666666666667
Belgium,,2005,34.6666666666667
Belgium,,2004,34.6666666666667
Belgium,,2003,35.3333333333333
Belgium,,2002,23.3333333333333
Belgium,,2001,23.3333333333333
Belgium,,2000,23.3333333333333
Belgium,,1999,23.3333333333333
Belgium,,1998,12.6666666666667
Belgium,,1997,12.6666666666667
Belize,,2025,12.5
Belize,,2024,15.625
Belize,,2023,15.625
Belize,,2022,12.5
Belize,,2021,12.5
Belize,,2020,9.67741935483871
Belize,,2019,9.375
Belize,,2018,9.375
Belize,,2017,9.375
Belize,,2016,3.125
Belize,,2015,3.125
Belize,,2014,3.125
Belize,,2013,3.125
Belize,,2012,3.125
Belize,,2011,0.0
Belize,,2010,0.0
Belize,,2009,0.0
Belize,,2008,0.0
Belize,,2007,3.33333333333333
Belize,,2006,6.66666666666667
Belize,,2005,6.66666666666667
Belize,,2004,6.66666666666667
Belize,,2003,3.33333333333333
Belize,,2002,6.89655172413793
Belize,,2001,6.89655172413793
Belize,,2000,6.89655172413793
Belize,,1999,6.89655172413793
Belize,,1998,3.44827586206897
Belize,,1997,3.44827586206897
Benin,,2025,26.605504587156
Benin,,2024,26.605504587156
Benin,,2023,26.605504587156
Benin,,2022,7.40740740740741
Benin,,2021,8.43373493975904
Benin,,2020,7.2289156626506
Benin,,2019,7.2289156626506
Benin,,2018,7.2289156626506
Benin,,2017,7.2289156626506
Benin,,2016,7.2289156626506
Benin,,2015,7.2289156626506
Benin,,2014,8.43373493975904
Benin,,2013,8.43373493975904
Benin,,2012,8.43373493975904
Benin,,2011,8.43373493975904
Benin,,2010,10.8433734939759
Benin,,2009,10.8433734939759
Benin,,2008,10.8433734939759
Benin,,2007,10.8433734939759
Benin,,2006,7.2289156626506
Benin,,2005,7.2289156626506
Benin,,2004,7.2289156626506
Benin,,2003,6.02409638554217
Benin,,2002,6.02409638554217
Benin,,2001,6.02409638554217
Benin,,2000,6.02409638554217
Benin,,1999,6.02409638554217
Benin,,1998,7.2289156626506
Benin,,1997,7.2289156626506
Bhutan,,2025,4.25531914893617
Bhutan,,2024,4.25531914893617
Bhutan,,2023,17.3913043478261
Bhutan,,2022,17.3913043478261
Bhutan,,2021,17.0212765957447
Bhutan,,2020,14.8936170212766
Bhutan,,2019,14.8936170212766
Bhutan,,2018,14.8936170212766
Bhutan,,2017,8.51063829787234
Bhutan,,2016,8.51063829787234
Bhutan,,2015,8.51063829787234
Bhutan,,2014,8.51063829787234
Bhutan,,2013,6.38297872340426
Bhutan,,2012,8.51063829787234
Bhutan,,2011,8.51063829787234
Bhutan,,2010,8.51063829787234
Bhutan,,2009,8.51063829787234
Bhutan,,2008,8.51063829787234
Bhutan,,2007,2.66666666666667
Bhutan,,2006,2.66666666666667
Bhutan,,2005,9.33333333333333
Bhutan,,2004,9.21052631578947
Bhutan,,2003,9.33333333333333
Bhutan,,2002,9.33333333333333
Bhutan,,2001,9.33333333333333
Bhutan,,2000,9.33333333333333
Bhutan,,1999,2.0
Bhutan,,1998,2.0
Bhutan,,1997,2.0
Bolivia,,2025,50.7692307692308
Bolivia,,2024,46.1538461538462
Bolivia,,2023,46.1538461538462
Bolivia,,2022,46.1538461538462
Bolivia,,2021,46.1538461538462
Bolivia,,2020,46.1538461538462
Bolivia,,2019,53.0769230769231
Bolivia,,2018,53.0769230769231
Bolivia,,2017,53.0769230769231
Bolivia,,2016,53.0769230769231
Bolivia,,2015,53.0769230769231
Bolivia,,2014,53.0769230769231
Bolivia,,2013,25.3846153846154
Bolivia,,2012,25.3846153846154
Bolivia,,2011,25.3846153846154
Bolivia,,2010,25.3846153846154
Bolivia,,2009,22.3076923076923
Bolivia,,2008,16.9230769230769
Bolivia,,2007,16.9230769230769
Bolivia,,2006,16.9230769230769
Bolivia,,2005,16.9230769230769
Bolivia,,2004,19.2307692307692
Bolivia,,2003,18.4615384615385
Bolivia,,2002,18.4615384615385
Bolivia,,2001,11.5384615384615
Bolivia,,2000,11.5384615384615
Bolivia,,1999,11.5384615384615
Bosnia Herzegovina,,2025,19.047619047619
Bosnia Herzegovina,,2024,19.047619047619
Bosnia Herzegovina,,2023,19.0476190476191
Bosnia Herzegovina,,2022,16.6666666666667
Bosnia Herzegovina,,2021,26.1904761904762
Bosnia Herzegovina,,2020,26.1904761904762
Bosnia Herzegovina,,2019,21.4285714285714
Bosnia Herzegovina,,2018,21.4285714285714
Bosnia Herzegovina,,2017,21.4285714285714
Bosnia Herzegovina,,2016,21.4285714285714
Bosnia Herzegovina,,2015,21.4285714285714
Bosnia Herzegovina,,2014,21.4285714285714
Bosnia Herzegovina,,2013,21.4285714285714
Bosnia Herzegovina,,2012,21.4285714285714
Bosnia Herzegovina,,2011,21.4285714285714
Bosnia Herzegovina,,2010,16.6666666666667
Bosnia Herzegovina,,2009,19.047619047619
Bosnia Herzegovina,,2008,11.9047619047619
Bosnia Herzegovina,,2007,11.9047619047619
Bosnia Herzegovina,,2006,14.2857142857143
Bosnia Herzegovina,,2005,16.6666666666667
Bosnia Herzegovina,,2004,16.6666666666667
Bosnia Herzegovina,,2003,16.6666666666667
Bosnia Herzegovina,,2001,7.14285714285714
Botswana,,2025,8.95522388059701
Botswana,,2024,8.69565217391304
Botswana,,2023,11.1111111111111
Botswana,,2022,11.1111111111111
Botswana,,2021,10.7692307692308
Botswana,,2020,10.7692307692308
Botswana,,2019,10.7692307692308
Botswana,,2018,9.52380952380952
Botswana,,2017,9.52380952380952
Botswana,,2016,9.52380952380952
Botswana,,2015,9.52380952380952
Botswana,,2014,9.52380952380952
Botswana,,2013,7.93650793650794
Botswana,,2012,7.93650793650794
Botswana,,2011,7.93650793650794
Botswana,,2010,7.93650793650794
Botswana,,2009,7.93650793650794
Botswana,,2008,11.1111111111111
Botswana,,2007,11.1111111111111
Botswana,,2006,11.1111111111111
Botswana,,2005,11.1111111111111
Botswana,,2004,11.1111111111111
Botswana,,2003,17.0212765957447
Botswana,,2002,17.0212765957447
Botswana,,2001,17.0212765957447
Botswana,,2000,17.0212765957447
Botswana,,1998,8.51063829787234
Botswana,,1997,8.51063829787234
Brazil,,2025,18.1286549707602
Brazil,,2024,17.5438596491228
Brazil,,2023,17.5438596491228
Brazil,,2022,17.7387914230019
Brazil,,2021,15.2046783625731
Brazil,,2020,14.6198830409357
Brazil,,2019,15.009746588694
Brazil,,2018,15.009746588694
Brazil,,2017,10.7212475633528
Brazil,,2016,9.94152046783626
Brazil,,2015,9.94152046783626
Brazil,,2014,9.94152046783626
Brazil,,2013,8.57699805068226
Brazil,,2012,8.57699805068226
Brazil,,2011,8.57699805068226
Brazil,,2010,8.57699805068226
Brazil,,2009,8.7719298245614
Brazil,,2008,8.96686159844054
Brazil,,2007,8.96686159844054
Brazil,,2006,8.7719298245614
Brazil,,2005,8.57699805068226
Brazil,,2004,8.57699805068226
Brazil,,2003,8.57699805068226
Brazil,,2002,6.23781676413255
Brazil,,2001,6.82261208576998
Brazil,,2000,5.65302144249513
Brazil,,1999,5.65302144249513
Brazil,,1998,6.62768031189084
Brazil,,1997,6.62768031189084
Brunei,,2025,11.4285714285714
Brunei,,2024,11.7647058823529
Brunei,,2023,11.7647058823529
Brunei,,2022,9.09090909090909
Brunei,,2021,9.09090909090909
Brunei,,2020,9.09090909090909
Brunei,,2019,9.09090909090909
Brunei,,2018,9.09090909090909
Brunei,,2017,9.09090909090909
Brunei,,2016,6.45161290322581
Bulgaria,,2025,25.0
Bulgaria,,2024,20.8333333333333
Bulgaria,,2023,24.1666666666667
Bulgaria,,2022,24.1666666666667
Bulgaria,,2021,23.75
Bulgaria,,2020,26.6666666666667
Bulgaria,,2019,25.8333333333333
Bulgaria,,2018,23.75
Bulgaria,,2017,23.75
Bulgaria,,2016,20.4166666666667
Bulgaria,,2015,20.4166666666667
Bulgaria,,2014,20.0
Bulgaria,,2013,24.5833333333333
Bulgaria,,2012,22.9166666666667
Bulgaria,,2011,20.8333333333333
Bulgaria,,2010,20.8333333333333
Bulgaria,,2009,20.8333333333333
Bulgaria,,2008,21.6666666666667
Bulgaria,,2007,21.6666666666667
Bulgaria,,2006,22.0833333333333
Bulgaria,,2005,22.0833333333333
Bulgaria,,2004,26.25
Bulgaria,,2003,26.25
Bulgaria,,2002,26.25
Bulgaria,,2001,26.25
Bulgaria,,2000,10.8333333333333
Bulgaria,,1999,10.8333333333333
Bulgaria,,1998,10.8333333333333
Bulgaria,,1997,10.8333333333333
Burkina Faso,,2025,18.3098591549296
Burkina Faso,,2024,18.3098591549296
Burkina Faso,,2023,16.9014084507042
Burkina Faso,,2022,16.9014084507042
Burkina Faso,,2021,6.2992125984252
Burkina Faso,,2020,6.2992125984252
Burkina Faso,,2019,13.3858267716535
Burkina Faso,,2018,11.0236220472441
Burkina Faso,,2017,11.0236220472441
Burkina Faso,,2016,9.44881889763779
Burkina Faso,,2015,9.44881889763779
Burkina Faso,,2013,15.748031496063
Burkina Faso,,2012,15.748031496063
Burkina Faso,,2011,15.3153153153153
Burkina Faso,,2010,15.3153153153153
Burkina Faso,,2009,15.3153153153153
Burkina Faso,,2008,15.3153153153153
Burkina Faso,,2007,15.3153153153153
Burkina Faso,,2006,11.7117117117117
Burkina Faso,,2005,11.7117117117117
Burkina Faso,,2004,11.7117117117117
Burkina Faso,,2003,11.7117117117117
Burkina Faso,,2002,11.7117117117117
Burkina Faso,,2001,8.10810810810811
Burkina Faso,,2000,8.10810810810811
Burkina Faso,,1999,8.10810810810811
Burkina Faso,,1998,8.10810810810811
Burkina Faso,,1997,9.00900900900901
Burundi,,2025,39.6396396396396
Burundi,,2024,38.2113821138211
Burundi,,2023,38.2113821138211
Burundi,,2022,38.2113821138211
Burundi,,2021,38.2113821138211
Burundi,,2020,38.2113821138211
Burundi,,2019,36.3636363636364
Burundi,,2018,36.3636363636364
Burundi,,2017,36.3636363636364
Burundi,,2016,36.3636363636364
Burundi,,2015,36.3636363636364
Burundi,,2014,30.4761904761905
Burundi,,2013,30.4761904761905
Burundi,,2012,30.4761904761905
Burundi,,2011,30.4761904761905
Burundi,,2010,32.0754716981132
Burundi,,2009,31.3559322033898
Burundi,,2008,30.5084745762712
Burundi,,2007,30.5084745762712
Burundi,,2006,30.5084745762712
Burundi,,2005,30.5084745762712
Burundi,,2004,18.4357541899441
Burundi,,2003,18.4357541899441
Burundi,,2002,18.4357541899441
Burundi,,2001,14.4067796610169
Burundi,,2000,14.4067796610169
Burundi,,1999,5.98290598290598
Burundi,,1998,11.864406779661
Cape Verde,,2025,44.4444444444444
Cape Verde,,2024,38.8888888888889
Cape Verde,,2023,41.6666666666667
Cape Verde,,2022,38.8888888888889
Cape Verde,,2021,38.8888888888889
Cape Verde,,2020,25.0
Cape Verde,,2019,23.6111111111111
Cape Verde,,2018,23.6111111111111
Cape Verde,,2017,23.6111111111111
Cape Verde,,2016,23.6111111111111
Cape Verde,,2015,20.8333333333333
Cape Verde,,2014,20.8333333333333
Cape Verde,,2013,20.8333333333333
Cape Verde,,2012,20.8333333333333
Cape Verde,,2011,20.8333333333333
Cape Verde,,2010,18.0555555555556
Cape Verde,,2009,18.0555555555556
Cape Verde,,2008,18.0555555555556
Cape Verde,,2007,18.0555555555556
Cape Verde,,2006,15.2777777777778
Cape Verde,,2005,11.1111111111111
Cape Verde,,2004,11.1111111111111
Cape Verde,,2003,11.1111111111111
Cape Verde,,2002,11.1111111111111
Cape Verde,,2001,11.1111111111111
Cape Verde,,2000,11.1111111111111
Cape Verde,,1999,11.1111111111111
Cape Verde,,1998,11.1111111111111
Cape Verde,,1997,11.1111111111111
Cambodia,,2025,13.6
Cambodia,,2024,13.6
Cambodia,,2023,13.6
Cambodia,,2022,20.8
Cambodia,,2021,21.6
Cambodia,,2020,20.0
Cambodia,,2019,20.0
Cambodia,,2018,20.0
Cambodia,,2017,20.3252032520325
Cambodia,,2016,20.3252032520325
Cambodia,,2015,20.3252032520325
Cambodia,,2014,20.3252032520325
Cambodia,,2013,20.3252032520325
Cambodia,,2012,20.3252032520325
Cambodia,,2011,20.3252032520325
Cambodia,,2010,21.1382113821138
Cambodia,,2009,21.1382113821138
Cambodia,,2008,16.260162601626
Cambodia,,2007,19.5121951219512
Cambodia,,2006,9.75609756097561
Cambodia,,2005,9.75609756097561
Cambodia,,2004,9.75609756097561
Cambodia,,2003,9.75609756097561
Cambodia,,2002,7.37704918032787
Cambodia,,2001,7.37704918032787
Cambodia,,2000,7.37704918032787
Cambodia,,1999,8.19672131147541
Cambodia,,1998,5.83333333333333
Cambodia,,1997,5.83333333333333
Cameroon,,2025,33.8888888888889
Cameroon,,2024,33.8888888888889
Cameroon,,2023,33.8888888888889
Cameroon,,2022,33.8888888888889
Cameroon,,2021,33.8888888888889
Cameroon,,2020,33.8888888888889
Cameroon,,2019,31.1111111111111
Cameroon,,2018,31.1111111111111
Cameroon,,2017,31.1111111111111
Cameroon,,2016,31.1111111111111
Cameroon,,2015,31.1111111111111
Cameroon,,2014,31.1111111111111
Cameroon,,2013,31.1111111111111
Cameroon,,2012,13.8888888888889
Cameroon,,2011,13.8888888888889
Cameroon,,2010,13.8888888888889
Cameroon,,2009,13.8888888888889
Cameroon,,2008,13.8888888888889
Cameroon,,2007,13.8888888888889
Cameroon,,2006,8.88888888888889
Cameroon,,2005,8.88888888888889
Cameroon,,2004,8.88888888888889
Cameroon,,2003,8.88888888888889
Cameroon,,2002,8.88888888888889
Cameroon,,2001,5.55555555555556
Cameroon,,2000,5.55555555555556
Cameroon,,1999,5.55555555555556
Cameroon,,1998,5.55555555555556
Cameroon,,1997,5.55555555555556
Canada,,2025,30.3206997084548
Canada,,2024,30.6547619047619
Canada,,2023,30.6547619047619
Canada,,2022,30.4733727810651
Canada,,2021,30.4733727810651
Canada,,2020,28.9940828402367
Canada,,2019,28.9940828402367
Canada,,2018,26.9461077844311
Canada,,2017,26.2686567164179
Canada,,2016,26.0355029585799
Canada,,2015,26.0355029585799
Canada,,2014,25.0814332247557
Canada,,2013,24.6753246753247
Canada,,2012,24.6753246753247
Canada,,2011,24.7557003257329
Canada,,2010,22.0779220779221
Canada,,2009,22.0779220779221
Canada,,2008,22.0779220779221
Canada,,2007,21.3114754098361
Canada,,2006,20.7792207792208
Canada,,2005,21.1038961038961
Canada,,2004,21.1038961038961
Canada,,2003,20.5980066445183
Canada,,2002,20.5980066445183
Canada,,2001,20.5980066445183
Canada,,1999,20.5980066445183
Canada,,1998,20.5980066445183
Canada,,1997,20.5980066445183
Central African Republic,,2025,11.4285714285714
Central African Republic,,2024,11.4285714285714
Central African Republic,,2023,12.8571428571429
Central African Republic,,2022,12.8571428571429
Central African Republic,,2021,12.8571428571429
Central African Republic,,2020,8.57142857142857
Central African Republic,,2019,8.57142857142857
Central African Republic,,2018,8.57142857142857
Central African Republic,,2017,8.57142857142857
Central African Republic,,2016,7.19424460431655
Central African Republic,,2012,12.5
Central African Republic,,2011,12.5
Central African Republic,,2010,9.61538461538462
Central African Republic,,2009,9.61538461538462
Central African Republic,,2008,10.4761904761905
Central African Republic,,2007,10.4761904761905
Central African Republic,,2006,10.4761904761905
Central African Republic,,2005,10.4761904761905
Central African Republic,,2002,7.3394495412844
Central African Republic,,2001,7.3394495412844
Central African Republic,,2000,7.3394495412844
Central African Republic,,1999,7.3394495412844
Central African Republic,,1998,3.52941176470588
Central African Republic,,1997,3.52941176470588
Chad,,2025,33.5106382978723
Chad,,2024,26.1083743842365
Chad,,2023,25.8883248730965
Chad,,2022,25.8883248730964
Chad,,2021,32.258064516129
Chad,,2020,15.4320987654321
Chad,,2019,14.8809523809524
Chad,,2018,15.2542372881356
Chad,,2017,12.7659574468085
Chad,,2016,14.8936170212766
Chad,,2015,14.8936170212766
Chad,,2014,14.8936170212766
Chad,,2013,14.8936170212766
Chad,,2012,14.8936170212766
Chad,,2011,12.7659574468085
Chad,,2010,5.16129032258065
Chad,,2009,5.16129032258065
Chad,,2008,5.16129032258065
Chad,,2007,5.16129032258065
Chad,,2006,6.45161290322581
Chad,,2005,6.45161290322581
Chad,,2004,6.45161290322581
Chad,,2003,5.80645161290323
Chad,,2001,2.4
Chad,,2000,2.4
Chad,,1999,2.4
Chad,,1998,2.4
Chad,,1997,2.4
Chile,,2025,33.5483870967742
Chile,,2024,35.4838709677419
Chile,,2023,35.4838709677419
Chile,,2022,35.4838709677419
Chile,,2021,35.4838709677419
Chile,,2020,22.5806451612903
Chile,,2019,22.5806451612903
Chile,,2018,22.5806451612903
Chile,,2016,15.8333333333333
Chile,,2015,15.8333333333333
Chile,,2014,15.8333333333333
Chile,,2013,15.8333333333333
Chile,,2012,14.1666666666667
Chile,,2011,14.1666666666667
Chile,,2010,14.1666666666667
Chile,,2009,14.1666666666667
Chile,,2008,15.0
Chile,,2007,15.0
Chile,,2006,15.0
Chile,,2005,15.0
Chile,,2004,12.5
Chile,,2003,12.5
Chile,,2002,12.5
Chile,,2001,10.8333333333333
Chile,,2000,10.8333333333333
Chile,,1999,10.8333333333333
Chile,,1998,10.8333333333333
Chile,,1997,7.5
China,,2025,26.5367819952973
China,,2024,26.5367819952973
China,,2023,26.5367819952973
China,,2022,24.9411764705882
China,,2021,24.9411764705882
China,,2020,24.9411764705882
China,,2019,24.9411764705882
China,,2018,24.8993288590604
China,,2017,24.2476060191518
China,,2016,23.6228455559311
China,,2015,23.6228455559311
China,,2014,23.40140609307
China,,2013,23.40140609307
China,,2012,21.3230355943586
China,,2011,21.3230355943586
China,,2010,21.325744894543
China,,2009,21.325744894543
China,,2008,21.325744894543
China,,2007,20.620992237597
China,,2006,20.2684563758389
China,,2005,20.2684563758389
China,,2004,20.2345058626466
China,,2003,20.2345058626466
China,,2002,21.7828418230563
China,,2001,21.7828418230563
China,,2000,21.7828418230563
China,,1999,21.8194024840551
China,,1998,21.8194024840551
Colombia,,2025,29.4117647058824
Colombia,,2024,29.4117647058824
Colombia,,2023,28.8770053475936
Colombia,,2022,28.8770053475936
Colombia,,2021,18.8235294117647
Colombia,,2020,18.3431952662722
Colombia,,2019,18.7134502923977
Colombia,,2018,18.1286549707602
Colombia,,2017,18.6746987951807
Colombia,,2016,19.8795180722892
Colombia,,2015,19.8795180722892
Colombia,,2014,19.8795180722892
Colombia,,2013,12.1212121212121
Colombia,,2012,12.1212121212121
Colombia,,2011,12.1212121212121
Colombia,,2010,12.6506024096386
Colombia,,2009,8.43373493975904
Colombia,,2008,8.43373493975904
Colombia,,2007,8.43373493975904
Colombia,,2006,8.43373493975904
Colombia,,2005,12.1212121212121
Colombia,,2004,12.0481927710843
Colombia,,2003,12.0481927710843
Colombia,,2002,12.0481927710843
Colombia,,2001,11.8012422360248
Colombia,,2000,11.8012422360248
Colombia,,1999,11.8012422360248
Colombia,,1997,11.6564417177914
Comoros,,2025,18.1818181818182
Comoros,,2024,16.6666666666667
Comoros,,2023,16.6666666666667
Comoros,,2022,16.6666666666667
Comoros,,2021,16.6666666666667
Comoros,,2020,16.6666666666667
Comoros,,2019,6.06060606060606
Comoros,,2018,6.06060606060606
Comoros,,2017,6.06060606060606
Comoros,,2016,3.03030303030303
Comoros,,2015,3.03030303030303
Comoros,,2014,3.03030303030303
Comoros,,2013,3.03030303030303
Comoros,,2012,3.03030303030303
Comoros,,2011,3.03030303030303
Comoros,,2010,3.03030303030303
Comoros,,2009,0.0
Comoros,,2008,3.03030303030303
Comoros,,2007,3.03030303030303
Comoros,,2006,3.03030303030303
Comoros,,2005,3.03030303030303
Comoros,,2004,3.03030303030303
Comoros,,1998,0.0
Comoros,,1997,0.0
Democratic Republic of the Congo,,2025,12.8
Democratic Republic of the Congo,,2024,12.9979035639413
Democratic Republic of the Congo,,2023,12.8
Democratic Republic of the Congo,,2022,12.8
Democratic Republic of the Congo,,2021,12.8
Democratic Republic of the Congo,,2020,12.8
Democratic Republic of the Congo,,2019,10.0
Democratic Republic of the Congo,,2018,8.94308943089431
Democratic Republic of the Congo,,2017,8.94308943089431
Democratic Republic of the Congo,,2016,8.94308943089431
Democratic Republic of the Congo,,2015,8.94308943089431
Democratic Republic of the Congo,,2014,10.6425702811245
Democratic Republic of the Congo,,2013,8.94308943089431
Democratic Republic of the Congo,,2012,8.94308943089431
Democratic Republic of the Congo,,2010,8.4
Democratic Republic of the Congo,,2009,8.4
Democratic Republic of the Congo,,2008,8.4
Democratic Republic of the Congo,,2007,8.4
Democratic Republic of the Congo,,2006,8.4
Democratic Republic of the Congo,,2005,12.0
Democratic Republic of the Congo,,2004,12.0
Republic of the Congo,,2025,14.5695364238411
Republic of the Congo,,2024,14.5695364238411
Republic of the Congo,,2023,14.5695364238411
Republic of the Congo,,2022,14.5695364238411
Republic of the Congo,,2021,11.2582781456954
Republic of the Congo,,2020,11.2582781456954
Republic of the Congo,,2019,11.2582781456954
Republic of the Congo,,2018,11.2582781456954
Republic of the Congo,,2017,11.2582781456954
Republic of the Congo,,2016,7.35294117647059
Republic of the Congo,,2015,7.35294117647059
Republic of the Congo,,2014,7.35294117647059
Republic of the Congo,,2013,7.35294117647059
Republic of the Congo,,2012,7.35294117647059
Republic of the Congo,,2011,7.2992700729927
Republic of the Congo,,2010,7.2992700729927
Republic of the Congo,,2009,7.2992700729927
Republic of the Congo,,2008,7.2992700729927
Republic of the Congo,,2007,7.2992700729927
Republic of the Congo,,2006,8.52713178294574
Republic of the Congo,,2005,8.52713178294574
Republic of the Congo,,2004,8.52713178294574
Republic of the Congo,,2003,8.52713178294574
Republic of the Congo,,2001,12.0
Republic of the Congo,,2000,12.0
Republic of the Congo,,1999,12.0
Republic of the Congo,,1998,12.0
Costa Rica,,2025,49.1228070175439
Costa Rica,,2024,49.1228070175439
Costa Rica,,2023,47.3684210526316
Costa Rica,,2022,47.3684210526316
Costa Rica,,2021,45.6140350877193
Costa Rica,,2020,45.6140350877193
Costa Rica,,2019,45.6140350877193
Costa Rica,,2018,45.6140350877193
Costa Rica,,2017,35.0877192982456
Costa Rica,,2016,33.3333333333333
Costa Rica,,2015,33.3333333333333
Costa Rica,,2014,33.3333333333333
Costa Rica,,2013,38.5964912280702
Costa Rica,,2012,38.5964912280702
Costa Rica,,2011,38.5964912280702
Costa Rica,,2010,38.5964912280702
Costa Rica,,2009,36.8421052631579
Costa Rica,,2008,36.8421052631579
Costa Rica,,2007,36.8421052631579
Costa Rica,,2006,38.5964912280702
Costa Rica,,2005,35.0877192982456
Costa Rica,,2004,35.0877192982456
Costa Rica,,2003,35.0877192982456
Costa Rica,,2002,35.0877192982456
Costa Rica,,2001,19.2982456140351
Costa Rica,,2000,19.2982456140351
Costa Rica,,1999,19.2982456140351
Costa Rica,,1998,19.2982456140351
Costa Rica,,1997,15.7894736842105
Ivory Coast,,2025,13.3858267716535
Ivory Coast,,2024,13.3858267716535
Ivory Coast,,2023,13.7254901960784
Ivory Coast,,2022,14.1732283464567
Ivory Coast,,2021,14.1732283464567
Ivory Coast,,2020,11.3725490196078
Ivory Coast,,2019,10.9803921568627
Ivory Coast,,2018,10.5882352941176
Ivory Coast,,2017,10.5882352941176
Ivory Coast,,2016,9.16334661354582
Ivory Coast,,2015,9.16334661354582
Ivory Coast,,2014,9.44881889763779
Ivory Coast,,2013,10.4417670682731
Ivory Coast,,2012,10.4417670682731
Ivory Coast,,2011,11.0236220472441
Ivory Coast,,2010,8.86699507389163
Ivory Coast,,2009,8.86699507389163
Ivory Coast,,2008,8.86699507389163
Ivory Coast,,2007,8.86699507389163
Ivory Coast,,2006,8.52017937219731
Ivory Coast,,2005,8.52017937219731
Ivory Coast,,2004,8.52017937219731
Ivory Coast,,2003,8.52017937219731
Ivory Coast,,2002,8.52017937219731
Ivory Coast,,2001,8.52017937219731
Ivory Coast,,1999,8.0
Ivory Coast,,1998,8.0
Ivory Coast,,1997,8.0
Croatia,,2025,33.112582781457
Croatia,,2024,33.112582781457
Croatia,,2023,31.7880794701987
Croatia,,2022,31.7880794701987
Croatia,,2021,31.1258278145695
Croatia,,2020,31.1258278145695
Croatia,,2019,20.5298013245033
Croatia,,2018,18.5430463576159
Croatia,,2017,18.5430463576159
Croatia,,2016,12.5827814569536
Croatia,,2015,15.2317880794702
Croatia,,2014,23.841059602649
Croatia,,2013,23.841059602649
Croatia,,2012,23.841059602649
Croatia,,2011,23.841059602649
Croatia,,2010,23.5294117647059
Croatia,,2009,23.5294117647059
Croatia,,2008,20.9150326797386
Croatia,,2007,20.9150326797386
Croatia,,2006,21.7105263157895
Croatia,,2005,21.7105263157895
Croatia,,2004,21.7105263157895
Croatia,,2002,20.5298013245033
Croatia,,2001,20.5298013245033
Croatia,,2000,20.5298013245033
Croatia,,1999,7.8740157480315
Croatia,,1998,7.8740157480315
Croatia,,1997,7.8740157480315
Cuba,,2025,55.7446808510638
Cuba,,2024,55.7446808510638
Cuba,,2023,55.7446808510638
Cuba,,2022,53.4129692832764
Cuba,,2021,53.4129692832764
Cuba,,2020,53.2231404958678
Cuba,,2019,53.2231404958678
Cuba,,2018,53.2231404958678
Cuba,,2017,48.8562091503268
Cuba,,2016,48.8562091503268
Cuba,,2015,48.8562091503268
Cuba,,2014,48.8562091503268
Cuba,,2013,48.8562091503268
Cuba,,2012,45.221843003413
Cuba,,2011,45.221843003413
Cuba,,2010,43.1596091205212
Cuba,,2009,43.1596091205212
Cuba,,2008,43.1596091205212
Cuba,,2007,35.9605911330049
Cuba,,2006,35.9605911330049
Cuba,,2005,35.9605911330049
Cuba,,2004,35.9605911330049
Cuba,,2003,35.9605911330049
Cuba,,2002,27.6206322795341
Cuba,,2001,27.6206322795341
Cuba,,2000,27.6206322795341
Cuba,,1999,27.6206322795341
Cuba,,1998,27.6206322795341
Cuba,,1997,22.7504244482173
Cyprus,,2025,14.2857142857143
Cyprus,,2024,14.2857142857143
Cyprus,,2023,14.2857142857143
Cyprus,,2022,14.2857142857143
Cyprus,,2021,14.2857142857143
Cyprus,,2020,19.6428571428571
Cyprus,,2019,17.8571428571429
Cyprus,,2018,17.8571428571429
Cyprus,,2017,17.8571428571429
Cyprus,,2016,17.8571428571429
Cyprus,,2015,12.5
Cyprus,,2014,12.5
Cyprus,,2013,10.7142857142857
Cyprus,,2012,10.7142857142857
Cyprus,,2011,10.7142857142857
Cyprus,,2010,12.5
Cyprus,,2009,12.5
Cyprus,,2008,14.2857142857143
Cyprus,,2007,14.2857142857143
Cyprus,,2006,14.2857142857143
Cyprus,,2005,16.0714285714286
Cyprus,,2004,16.0714285714286
Cyprus,,2003,10.7142857142857
Cyprus,,2002,10.7142857142857
Cyprus,,2001,10.7142857142857
Cyprus,,2000,7.14285714285714
Cyprus,,1999,5.35714285714286
Cyprus,,1998,5.35714285714286
Cyprus,,1997,5.35714285714286
Czechia,,2025,33.5
Czechia,,2024,26.0
Czechia,,2023,26.0
Czechia,,2022,25.5
Czechia,,2021,25.0
Czechia,,2020,22.5
Czechia,,2019,22.5
Czechia,,2018,22.0
Czechia,,2017,22.0
Czechia,,2016,20.0
Czechia,,2015,20.0
Czechia,,2014,19.5
Czechia,,2013,19.5
Czechia,,2012,22.0
Czechia,,2011,22.0
Czechia,,2010,22.0
Czechia,,2009,15.5
Czechia,,2008,15.5
Czechia,,2007,15.5
Czechia,,2006,15.5
Czechia,,2005,17.0
Czechia,,2004,17.0
Czechia,,2003,17.0
Czechia,,2002,17.0
Czechia,,2001,15.0
Czechia,,2000,15.0
Czechia,,1999,15.0
Czechia,,1998,15.0
Czechia,,1997,15.0
Denmark,,2025,43.5754189944134
Denmark,,2024,45.2513966480447
Denmark,,2023,43.5754189944134
Denmark,,2022,43.5754189944134
Denmark,,2021,39.6648044692737
Denmark,,2020,39.6648044692737
Denmark,,2019,39.1061452513966
Denmark,,2018,37.4301675977654
Denmark,,2017,37.4301675977654
Denmark,,2016,37.4301675977654
Denmark,,2015,37.4301675977654
Denmark,,2014,39.1061452513966
Denmark,,2013,39.1061452513966
Denmark,,2012,39.1061452513966
Denmark,,2011,39.1061452513966
Denmark,,2010,37.9888268156425
Denmark,,2009,37.9888268156425
Denmark,,2008,37.9888268156425
Denmark,,2007,37.9888268156425
Denmark,,2006,36.8715083798883
Denmark,,2005,36.8715083798883
Denmark,,2004,37.9888268156425
Denmark,,2003,37.9888268156425
Denmark,,2002,37.9888268156425
Denmark,,2000,37.4301675977654
Denmark,,1999,37.4301675977654
Denmark,,1998,37.4301675977654
Denmark,,1997,32.9608938547486
Djibouti,,2025,26.1538461538462
Djibouti,,2024,26.1538461538462
Djibouti,,2023,26.1538461538462
Djibouti,,2022,26.1538461538462
Djibouti,,2021,26.1538461538462
Djibouti,,2020,26.1538461538462
Djibouti,,2019,26.1538461538462
Djibouti,,2018,26.1538461538462
Djibouti,,2017,10.7692307692308
Djibouti,,2016,12.7272727272727
Djibouti,,2015,12.7272727272727
Djibouti,,2014,12.7272727272727
Djibouti,,2013,12.7272727272727
Djibouti,,2012,13.8461538461538
Djibouti,,2011,13.8461538461538
Djibouti,,2010,13.8461538461538
Djibouti,,2009,13.8461538461538
Djibouti,,2008,13.8461538461538
Djibouti,,2007,13.8461538461538
Djibouti,,2006,10.7692307692308
Djibouti,,2005,10.7692307692308
Djibouti,,2004,10.7692307692308
Djibouti,,2003,10.7692307692308
Djibouti,,2002,0.0
Djibouti,,2001,0.0
Djibouti,,2000,0.0
Djibouti,,1999,0.0
Djibouti,,1998,0.0
Dominica,,2025,40.625
Dominica,,2024,37.5
Dominica,,2023,37.5
Dominica,,2022,34.375
Dominica,,2021,34.375
Dominica,,2020,34.375
Dominica,,2019,25.0
Dominica,,2018,25.0
Dominica,,2017,25.0
Dominica,,2016,21.875
Dominica,,2015,21.875
Dominica,,2014,12.9032258064516
Dominica,,2013,12.5
Dominica,,2012,12.5
Dominica,,2011,12.5
Dominica,,2010,12.5
Dominica,,2009,14.2857142857143
Dominica,,2008,18.75
Dominica,,2007,16.1290322580645
Dominica,,2006,12.9032258064516
Dominica,,2005,12.9032258064516
Dominica,,2004,19.3548387096774
Dominica,,2003,18.75
Dominica,,2002,18.75
Dominica,,2001,18.75
Dominica,,1999,9.375
Dominica,,1998,9.375
Dominica,,1997,9.375
Dominican Republic,,2025,37.3684210526316
Dominican Republic,,2024,36.8421052631579
Dominican Republic,,2023,27.8947368421053
Dominican Republic,,2022,27.8947368421053
Dominican Republic,,2021,27.8947368421053
Dominican Republic,,2020,27.8947368421053
Dominican Republic,,2019,26.8421052631579
Dominican Republic,,2018,26.8421052631579
Dominican Republic,,2017,26.8421052631579
Dominican Republic,,2016,26.8421052631579
Dominican Republic,,2015,20.7650273224044
Dominican Republic,,2014,20.7650273224044
Dominican Republic,,2013,20.7650273224044
Dominican Republic,,2012,20.7650273224044
Dominican Republic,,2011,20.7650273224044
Dominican Republic,,2010,20.7650273224044
Dominican Republic,,2009,19.6629213483146
Dominican Republic,,2008,19.6629213483146
Dominican Republic,,2007,19.6629213483146
Dominican Republic,,2006,19.6629213483146
Dominican Republic,,2005,17.3333333333333
Dominican Republic,,2004,17.3333333333333
Dominican Republic,,2003,17.3333333333333
Dominican Republic,,2002,17.3333333333333
Dominican Republic,,2001,16.1073825503356
Dominican Republic,,2000,16.1073825503356
Dominican Republic,,1999,16.1073825503356
Dominican Republic,,1998,16.1073825503356
Dominican Republic,,1997,11.6666666666667
Ecuador,,2025,45.0331125827815
Ecuador,,2024,43.0656934306569
Ecuador,,2023,43.0656934306569
Ecuador,,2022,38.6861313868613
Ecuador,,2021,39.4160583941606
Ecuador,,2020,39.4160583941606
Ecuador,,2019,37.956204379562
Ecuador,,2018,37.956204379562
Ecuador,,2017,37.956204379562
Ecuador,,2016,41.6058394160584
Ecuador,,2015,41.6058394160584
Ecuador,,2014,41.6058394160584
Ecuador,,2013,38.6861313868613
Ecuador,,2012,32.258064516129
Ecuador,,2011,32.258064516129
Ecuador,,2010,32.258064516129
Ecuador,,2009,32.258064516129
Ecuador,,2008,25.0
Ecuador,,2007,25.0
Ecuador,,2006,25.0
Ecuador,,2005,16.0
Ecuador,,2004,16.0
Ecuador,,2003,16.0
Ecuador,,2001,14.6341463414634
Ecuador,,2000,14.6341463414634
Ecuador,,1999,17.3553719008264
Ecuador,,1998,17.3553719008264
Ecuador,,1997,3.65853658536585
Egypt,,2025,26.8456375838926
Egypt,,2024,27.7027027027027
Egypt,,2023,27.5337837837838
Egypt,,2022,27.580372250423
Egypt,,2021,27.7027027027027
Egypt,,2020,27.4111675126904
Egypt,,2019,14.9328859060403
Egypt,,2018,14.9328859060403
Egypt,,2017,14.9328859060403
Egypt,,2016,14.9328859060403
Egypt,,2012,1.96850393700787
Egypt,,2011,1.96850393700787
Egypt,,2010,12.6953125
Egypt,,2009,1.76211453744493
Egypt,,2008,1.80995475113122
Egypt,,2007,1.80995475113122
Egypt,,2006,2.03619909502262
Egypt,,2005,1.98237885462555
Egypt,,2004,2.86343612334802
Egypt,,2003,2.42290748898678
Egypt,,2002,2.42290748898678
Egypt,,2001,2.42290748898678
Egypt,,2000,1.98237885462555
Egypt,,1999,1.98237885462555
Egypt,,1998,1.98237885462555
Egypt,,1997,1.98237885462555
El Salvador,,2025,31.6666666666667
El Salvador,,2024,31.6666666666667
El Salvador,,2023,27.3809523809524
El Salvador,,2022,27.3809523809524
El Salvador,,2021,27.3809523809524
El Salvador,,2020,33.3333333333333
El Salvador,,2019,30.952380952381
El Salvador,,2018,30.952380952381
El Salvador,,2017,32.1428571428571
El Salvador,,2016,32.1428571428571
El Salvador,,2015,32.1428571428571
El Salvador,,2014,27.3809523809524
El Salvador,,2013,26.1904761904762
El Salvador,,2012,26.1904761904762
El Salvador,,2011,19.047619047619
El Salvador,,2010,19.047619047619
El Salvador,,2009,19.047619047619
El Salvador,,2008,16.6666666666667
El Salvador,,2007,16.6666666666667
El Salvador,,2006,16.6666666666667
El Salvador,,2005,10.7142857142857
El Salvador,,2004,10.7142857142857
El Salvador,,2003,10.7142857142857
El Salvador,,2002,9.52380952380952
El Salvador,,2001,9.52380952380952
El Salvador,,2000,9.52380952380952
El Salvador,,1999,16.6666666666667
El Salvador,,1998,16.6666666666667
El Salvador,,1997,15.4761904761905
Equatorial Guinea,,2025,31.0
Equatorial Guinea,,2024,32.0
Equatorial Guinea,,2023,31.0
Equatorial Guinea,,2022,31.0
Equatorial Guinea,,2021,23.0
Equatorial Guinea,,2020,21.0
Equatorial Guinea,,2019,21.0
Equatorial Guinea,,2018,20.0
Equatorial Guinea,,2016,24.0
Equatorial Guinea,,2015,24.0
Equatorial Guinea,,2014,24.0
Equatorial Guinea,,2013,12.1212121212121
Equatorial Guinea,,2012,10.0
Equatorial Guinea,,2011,10.0
Equatorial Guinea,,2010,10.0
Equatorial Guinea,,2009,10.0
Equatorial Guinea,,2008,6.0
Equatorial Guinea,,2007,18.0
Equatorial Guinea,,2006,18.0
Equatorial Guinea,,2005,18.0
Equatorial Guinea,,2004,18.0
Equatorial Guinea,,2003,5.0
Equatorial Guinea,,2002,5.0
Equatorial Guinea,,2001,5.0
Equatorial Guinea,,2000,5.0
Equatorial Guinea,,1999,5.0
Equatorial Guinea,,1998,8.75
Equatorial Guinea,,1997,8.75
Eritrea,,2019,22.0
Eritrea,,2018,22.0
Eritrea,,2017,22.0
Eritrea,,2016,22.0
Eritrea,,2015,22.0
Eritrea,,2014,22.0
Eritrea,,2013,22.0
Eritrea,,2012,22.0
Eritrea,,2011,22.0
Eritrea,,2010,22.0
Eritrea,,2009,22.0
Eritrea,,2008,22.0
Eritrea,,2007,22.0
Eritrea,,2006,22.0
Eritrea,,2005,22.0
Eritrea,,2004,22.0
Eritrea,,2003,22.0
Eritrea,,2002,22.0
Eritrea,,2001,14.6666666666667
Eritrea,,2000,14.6666666666667
Eritrea,,1999,14.6666666666667
Eritrea,,1998,20.952380952381
Eritrea,,1997,20.952380952381
Estonia,,2025,28.7128712871287
Estonia,,2024,29.7029702970297
Estonia,,2023,28.7128712871287
Estonia,,2022,25.7425742574257
Estonia,,2021,25.7425742574257
Estonia,,2020,28.7128712871287
Estonia,,2019,29.7029702970297
Estonia,,2018,26.7326732673267
Estonia,,2017,26.7326732673267
Estonia,,2016,23.7623762376238
Estonia,,2015,23.7623762376238
Estonia,,2014,19.0
Estonia,,2013,20.7920792079208
Estonia,,2012,20.7920792079208
Estonia,,2011,19.8019801980198
Estonia,,2010,22.7722772277228
Estonia,,2009,22.7722772277228
Estonia,,2008,20.7920792079208
Estonia,,2007,20.7920792079208
Estonia,,2006,18.8118811881188
Estonia,,2005,18.8118811881188
Estonia,,2004,18.8118811881188
Estonia,,2003,18.8118811881188
Estonia,,2002,17.8217821782178
Estonia,,2001,17.8217821782178
Estonia,,2000,17.8217821782178
Estonia,,1999,17.8217821782178
Estonia,,1998,10.8910891089109
Estonia,,1997,10.8910891089109
Eswatini,,2025,21.6216216216216
Eswatini,,2024,21.6216216216216
Eswatini,,2023,17.1428571428571
Eswatini,,2022,13.5135135135135
Eswatini,,2021,9.58904109589041
Eswatini,,2020,9.58904109589041
Eswatini,,2019,7.2463768115942
Eswatini,,2018,7.2463768115942
Eswatini,,2017,6.15384615384615
Eswatini,,2016,6.15384615384615
Eswatini,,2015,6.15384615384615
Eswatini,,2014,6.15384615384615
Eswatini,,2013,6.15384615384615
Eswatini,,2012,13.6363636363636
Eswatini,,2011,13.6363636363636
Eswatini,,2010,13.6363636363636
Eswatini,,2009,13.6363636363636
Eswatini,,2008,13.8461538461538
Eswatini,,2007,10.7692307692308
Eswatini,,2006,10.7692307692308
Eswatini,,2005,10.7692307692308
Eswatini,,2004,10.7692307692308
Eswatini,,2003,10.7692307692308
Eswatini,,2002,3.07692307692308
Eswatini,,2001,3.07692307692308
Eswatini,,2000,3.07692307692308
Eswatini,,1999,3.07692307692308
Eswatini,,1998,3.125
Eswatini,,1997,3.125
Ethiopia,,2025,41.9087136929461
Ethiopia,,2024,41.3135593220339
Ethiopia,,2023,41.3135593220339
Ethiopia,,2022,41.4893617021277
Ethiopia,,2021,42.5882352941177
Ethiopia,,2020,38.7568555758684
Ethiopia,,2019,38.7568555758684
Ethiopia,,2018,38.7568555758684
Ethiopia,,2017,38.7568555758684
Ethiopia,,2016,38.7568555758684
Ethiopia,,2015,38.7568555758684
Ethiopia,,2014,27.7879341864717
Ethiopia,,2013,27.7879341864717
Ethiopia,,2012,27.7879341864717
Ethiopia,,2011,27.7879341864717
Ethiopia,,2010,27.7879341864717
Ethiopia,,2009,21.9281663516068
Ethiopia,,2008,21.9281663516068
Ethiopia,,2007,21.9281663516068
Ethiopia,,2006,21.9281663516068
Ethiopia,,2005,21.4285714285714
Ethiopia,,2004,7.6782449725777
Ethiopia,,2003,7.6782449725777
Ethiopia,,2002,7.6782449725777
Ethiopia,,2001,7.6782449725777
Ethiopia,,2000,7.69230769230769
Ethiopia,,1999,2.02578268876611
Ethiopia,,1998,2.04841713221601
Ethiopia,,1997,2.04841713221601
Fiji,,2025,9.09090909090909
Fiji,,2024,9.09090909090909
Fiji,,2023,10.9090909090909
Fiji,,2022,19.6078431372549
Fiji,,2021,21.5686274509804
Fiji,,2020,19.6078431372549
Fiji,,2019,19.6078431372549
Fiji,,2018,19.6078431372549
Fiji,,2017,16.0
Fiji,,2016,16.0
Fiji,,2015,16.0
Fiji,,2014,14.0
Fiji,,2005,8.45070422535211
Fiji,,2004,8.45070422535211
Fiji,,2003,5.71428571428571
Fiji,,2002,5.71428571428571
Fiji,,2001,5.71428571428571
Fiji,,1999,11.2676056338028
Fiji,,1998,4.28571428571429
Fiji,,1997,4.28571428571429
Finland,,2025,45.5
Finland,,2024,46.0
Finland,,2023,46.0
Finland,,2022,45.5
Finland,,2021,46.0
Finland,,2020,46.0
Finland,,2019,47.0
Finland,,2018,42.0
Finland,,2017,42.0
Finland,,2016,41.5
Finland,,2015,41.5
Finland,,2014,42.5
Finland,,2013,42.5
Finland,,2012,42.5
Finland,,2011,42.5
Finland,,2010,40.0
Finland,,2009,40.0
Finland,,2008,41.5
Finland,,2007,41.5
Finland,,2006,38.0
Finland,,2005,37.5
Finland,,2004,37.5
Finland,,2003,37.5
Finland,,2002,36.5
Finland,,2001,36.5
Finland,,2000,36.5
Finland,,1999,37.0
Finland,,1998,33.5
Finland,,1997,33.5
France,,2025,36.1739130434783
France,,2024,36.0485268630849
France,,2023,37.7816291161178
France,,2022,37.261698440208
France,,2021,39.5147313691508
France,,2020,39.5147313691508
France,,2019,39.6880415944541
France,,2018,39.5833333333333
France,,2017,38.9948006932409
France,,2016,26.1698440207972
France,,2015,26.1698440207972
France,,2014,26.1698440207972
France,,2013,26.8630849220104
France,,2012,26.8630849220104
France,,2011,18.8908145580589
France,,2010,18.8908145580589
France,,2009,18.8908145580589
France,,2008,18.1975736568458
France,,2007,18.1975736568458
France,,2006,12.1951219512195
France,,2005,12.1951219512195
France,,2004,12.1951219512195
France,,2003,12.1951219512195
France,,2002,12.1317157712305
France,,2001,10.9185441941075
France,,2000,10.9185441941075
France,,1999,10.9185441941075
France,,1998,10.9185441941075
France,,1997,10.9185441941075
Gabon,,2025,21.5827338129496
Gabon,,2024,25.5102040816327
Gabon,,2023,24.4897959183673
Gabon,,2022,15.3846153846154
Gabon,,2021,16.1971830985916
Gabon,,2020,14.7887323943662
Gabon,,2019,17.910447761194
Gabon,,2017,17.0940170940171
Gabon,,2016,14.1666666666667
Gabon,,2015,14.1666666666667
Gabon,,2014,15.0
Gabon,,2013,15.7894736842105
Gabon,,2012,15.7894736842105
Gabon,,2011,14.1666666666667
Gabon,,2010,14.6551724137931
Gabon,,2009,14.6551724137931
Gabon,,2008,16.6666666666667
Gabon,,2007,16.6666666666667
Gabon,,2006,12.5
Gabon,,2005,9.2436974789916
Gabon,,2004,9.2436974789916
Gabon,,2003,9.2436974789916
Gabon,,2002,9.2436974789916
Gabon,,2001,9.16666666666667
Gabon,,2000,9.16666666666667
Gabon,,1999,8.33333333333333
Gabon,,1998,8.33333333333333
Gabon,,1997,8.33333333333333
Gambia,,2025,8.62068965517241
Gambia,,2023,8.62068965517241
Gambia,,2022,8.62068965517241
Gambia,,2021,8.62068965517241
Gambia,,2020,8.62068965517241
Gambia,,2019,10.3448275862069
Gambia,,2018,10.3448275862069
Gambia,,2017,10.3448275862069
Gambia,,2016,9.43396226415094
Gambia,,2015,9.43396226415094
Gambia,,2014,9.43396226415094
Gambia,,2013,7.54716981132075
Gambia,,2012,7.54716981132075
Gambia,,2011,7.54716981132075
Gambia,,2010,7.54716981132075
Gambia,,2009,7.54716981132075
Gambia,,2008,9.43396226415094
Gambia,,2007,9.43396226415094
Gambia,,2006,13.2075471698113
Gambia,,2005,13.2075471698113
Gambia,,2004,13.2075471698113
Gambia,,2003,13.2075471698113
Gambia,,2002,5.66037735849057
Gambia,,2001,2.04081632653061
Gambia,,2000,2.04081632653061
Gambia,,1999,2.04081632653061
Gambia,,1998,2.04081632653061
Gambia,,1997,2.04081632653061
Georgia,,2025,16.8316831683168
Georgia,,2024,22.6666666666667
Georgia,,2023,18.4397163120567
Georgia,,2022,19.047619047619
Georgia,,2021,19.3333333333333
Georgia,,2020,20.6666666666667
Georgia,,2019,14.7651006711409
Georgia,,2018,16.0
Georgia,,2017,16.0
Georgia,,2016,16.0
Georgia,,2015,11.3333333333333
Georgia,,2014,12.0
Georgia,,2013,12.0
Georgia,,2012,12.0
Georgia,,2011,6.56934306569343
Georgia,,2010,6.52173913043478
Georgia,,2009,5.10948905109489
Georgia,,2008,6.0
Georgia,,2007,9.36170212765957
Georgia,,2006,9.36170212765957
Georgia,,2005,9.36170212765957
Georgia,,2004,9.36170212765957
Georgia,,2003,7.23404255319149
Georgia,,2002,7.23404255319149
Georgia,,2001,7.23404255319149
Georgia,,2000,7.23404255319149
Georgia,,1998,6.92640692640693
Georgia,,1997,6.92640692640693
Germany,,2025,32.3809523809524
Germany,,2024,35.3260869565217
Germany,,2023,35.1902173913043
Germany,,2022,34.9184782608696
Germany,,2021,34.9184782608696
Germany,,2020,31.1706629055007
Germany,,2019,30.8885754583921
Germany,,2018,30.7475317348378
Germany,,2017,30.7475317348378
Germany,,2016,36.4500792393027
Germany,,2015,36.4500792393027
Germany,,2014,36.4500792393027
Germany,,2013,36.4500792393027
Germany,,2012,32.9032258064516
Germany,,2011,32.9032258064516
Germany,,2010,32.7974276527331
Germany,,2009,32.7974276527331
Germany,,2008,32.1895424836601
Germany,,2007,31.6476345840131
Germany,,2006,31.5960912052117
Germany,,2005,31.7589576547231
Germany,,2004,32.75
Germany,,2003,32.1724709784411
Germany,,2002,32.1724709784411
Germany,,2001,31.0810810810811
Germany,,2000,30.9417040358744
Germany,,1999,30.9417040358744
Germany,,1998,26.1904761904762
Germany,,1997,26.1904761904762
Ghana,,2025,14.5454545454545
Ghana,,2024,14.5454545454545
Ghana,,2023,14.5454545454545
Ghana,,2022,14.5454545454545
Ghana,,2021,14.5454545454545
Ghana,,2020,13.0909090909091
Ghana,,2019,13.0909090909091
Ghana,,2018,12.7272727272727
Ghana,,2017,12.7272727272727
Ghana,,2016,10.9090909090909
Ghana,,2015,10.9090909090909
Ghana,,2014,10.9090909090909
Ghana,,2013,10.9090909090909
Ghana,,2011,8.26086956521739
Ghana,,2010,8.26086956521739
Ghana,,2009,8.26086956521739
Ghana,,2008,7.89473684210526
Ghana,,2007,10.8695652173913
Ghana,,2006,10.8695652173913
Ghana,,2005,10.8695652173913
Ghana,,2004,10.8695652173913
Ghana,,2003,9.0
Ghana,,2002,9.0
Ghana,,2001,9.0
Ghana,,1999,9.0
Ghana,,1998,9.0
Ghana,,1997,9.0
Greece,,2025,22.8956228956229
Greece,,2024,23.0
Greece,,2023,23.0
Greece,,2022,21.0
Greece,,2021,21.6666666666667
Greece,,2020,21.6666666666667
Greece,,2019,20.6666666666667
Greece,,2018,18.6666666666667
Greece,,2017,18.3333333333333
Greece,,2016,19.6666666666667
Greece,,2015,19.6666666666667
Greece,,2014,21.0
Greece,,2013,21.0
Greece,,2012,21.0
Greece,,2011,18.6666666666667
Greece,,2010,17.3333333333333
Greece,,2009,17.3333333333333
Greece,,2008,14.6666666666667
Greece,,2007,14.6666666666667
Greece,,2006,13.0
Greece,,2005,13.0
Greece,,2004,14.0
Greece,,2003,8.66666666666667
Greece,,2002,8.66666666666667
Greece,,2001,8.66666666666667
Greece,,2000,8.66666666666667
Greece,,1999,6.33333333333333
Greece,,1998,6.33333333333333
Greece,,1997,6.33333333333333
Grenada,,2025,31.25
Grenada,,2024,31.25
Grenada,,2023,31.25
Grenada,,2022,31.25
Grenada,,2021,46.6666666666667
Grenada,,2020,46.6666666666667
Grenada,,2019,46.6666666666667
Grenada,,2018,46.6666666666667
Grenada,,2017,33.3333333333333
Grenada,,2016,33.3333333333333
Grenada,,2015,33.3333333333333
Grenada,,2014,33.3333333333333
Grenada,,2013,33.3333333333333
Grenada,,2012,13.3333333333333
Grenada,,2011,13.3333333333333
Grenada,,2010,13.3333333333333
Grenada,,2009,13.3333333333333
Grenada,,2008,13.3333333333333
Grenada,,2007,26.6666666666667
Grenada,,2006,26.6666666666667
Grenada,,2005,26.6666666666667
Grenada,,2004,26.6666666666667
Grenada,,2003,26.6666666666667
Grenada,,2002,26.6666666666667
Grenada,,2001,26.6666666666667
Grenada,,2000,26.6666666666667
Grenada,,1998,20.0
Grenada,,1997,20.0
Guatemala,,2025,20.0
Guatemala,,2024,20.0
Guatemala,,2023,20.0
Guatemala,,2022,19.375
Guatemala,,2021,19.375
Guatemala,,2020,19.375
Guatemala,,2019,19.375
Guatemala,,2018,12.6582278481013
Guatemala,,2017,12.6582278481013
Guatemala,,2016,13.9240506329114
Guatemala,,2015,13.9240506329114
Guatemala,,2014,13.2911392405063
Guatemala,,2013,13.2911392405063
Guatemala,,2012,13.2911392405063
Guatemala,,2011,13.2911392405063
Guatemala,,2010,12.0253164556962
Guatemala,,2009,12.0253164556962
Guatemala,,2008,12.0253164556962
Guatemala,,2007,12.0253164556962
Guatemala,,2006,8.22784810126582
Guatemala,,2005,8.22784810126582
Guatemala,,2004,8.22784810126582
Guatemala,,2003,8.22784810126582
Guatemala,,2002,8.84955752212389
Guatemala,,2001,8.84955752212389
Guatemala,,2000,8.84955752212389
Guatemala,,1999,7.07964601769912
Guatemala,,1998,12.5
Guatemala,,1997,12.5
Guinea,,2025,29.6296296296296
Guinea,,2024,29.6296296296296
Guinea,,2023,29.6296296296296
Guinea,,2022,29.6296296296296
Guinea,,2020,16.6666666666667
Guinea,,2019,22.8070175438596
Guinea,,2018,21.9298245614035
Guinea,,2017,21.9298245614035
Guinea,,2016,21.9298245614035
Guinea,,2015,21.9298245614035
Guinea,,2014,21.9298245614035
Guinea,,2007,19.2982456140351
Guinea,,2006,19.2982456140351
Guinea,,2005,19.2982456140351
Guinea,,2004,19.2982456140351
Guinea,,2003,19.2982456140351
Guinea,,2001,8.7719298245614
Guinea,,2000,8.7719298245614
Guinea,,1999,8.7719298245614
Guinea,,1998,8.7719298245614
Guinea,,1997,7.01754385964912
Guinea-Bissau,,2024,9.80392156862745
Guinea-Bissau,,2023,9.80392156862745
Guinea-Bissau,,2022,13.7254901960784
Guinea-Bissau,,2021,13.7254901960784
Guinea-Bissau,,2020,13.7254901960784
Guinea-Bissau,,2019,13.7254901960784
Guinea-Bissau,,2018,13.7254901960784
Guinea-Bissau,,2017,13.7254901960784
Guinea-Bissau,,2016,13.7254901960784
Guinea-Bissau,,2015,13.7254901960784
Guinea-Bissau,,2014,13.7254901960784
Guinea-Bissau,,2013,14.0
Guinea-Bissau,,2012,14.0
Guinea-Bissau,,2011,10.0
Guinea-Bissau,,2010,10.0
Guinea-Bissau,,2009,10.0
Guinea-Bissau,,2008,10.0
Guinea-Bissau,,2007,14.0
Guinea-Bissau,,2006,14.0
Guinea-Bissau,,2005,14.0
Guinea-Bissau,,2004,14.0
Guinea-Bissau,,2002,7.84313725490196
Guinea-Bissau,,2001,7.84313725490196
Guinea-Bissau,,2000,7.84313725490196
Guinea-Bissau,,1998,10.0
Guinea-Bissau,,1997,10.0
Guyana,,2025,36.1111111111111
Guyana,,2024,39.4366197183099
Guyana,,2023,36.6197183098592
Guyana,,2022,35.3846153846154
Guyana,,2021,35.7142857142857
Guyana,,2020,35.7142857142857
Guyana,,2019,31.8840579710145
Guyana,,2018,31.8840579710145
Guyana,,2017,31.8840579710145
Guyana,,2016,30.4347826086957
Guyana,,2015,30.4347826086957
Guyana,,2014,31.3432835820896
Guyana,,2013,31.3432835820896
Guyana,,2012,31.3432835820896
Guyana,,2011,31.3432835820896
Guyana,,2010,30.0
Guyana,,2009,30.0
Guyana,,2008,30.0
Guyana,,2007,28.9855072463768
Guyana,,2006,28.9855072463768
Guyana,,2005,30.7692307692308
Guyana,,2004,30.7692307692308
Guyana,,2003,20.0
Guyana,,2002,20.0
Guyana,,2001,18.4615384615385
Guyana,,2000,18.4615384615385
Guyana,,1999,18.4615384615385
Haiti,,2019,2.54237288135593
Haiti,,2018,2.54237288135593
Haiti,,2017,2.54237288135593
Haiti,,2016,0.0
Haiti,,2015,4.21052631578947
Haiti,,2014,4.21052631578947
Haiti,,2013,4.21052631578947
Haiti,,2012,4.21052631578947
Haiti,,2011,4.21052631578947
Haiti,,2010,11.1111111111111
Haiti,,2009,4.08163265306122
Haiti,,2008,4.08163265306122
Haiti,,2007,4.08163265306122
Haiti,,2006,2.04081632653061
Haiti,,2005,3.6144578313253
Haiti,,2004,3.6144578313253
Haiti,,2003,3.6144578313253
Haiti,,2002,3.6144578313253
Haiti,,2001,3.6144578313253
Haiti,,1999,3.6144578313253
Haiti,,1998,3.6144578313253
Haiti,,1997,3.6144578313253
Honduras,,2025,29.6875
Honduras,,2024,27.34375
Honduras,,2023,27.34375
Honduras,,2022,27.34375
Honduras,,2021,27.34375
Honduras,,2020,21.09375
Honduras,,2019,21.09375
Honduras,,2018,21.09375
Honduras,,2016,25.78125
Honduras,,2015,25.78125
Honduras,,2014,25.78125
Honduras,,2012,19.53125
Honduras,,2011,19.53125
Honduras,,2010,17.96875
Honduras,,2009,17.96875
Honduras,,2008,23.4375
Honduras,,2007,23.4375
Honduras,,2006,23.4375
Honduras,,2005,23.4375
Honduras,,2004,5.46875
Honduras,,2003,5.46875
Honduras,,2002,5.46875
Honduras,,2001,9.375
Honduras,,2000,9.375
Honduras,,1999,9.375
Honduras,,1998,9.375
Hungary,,2025,15.5778894472362
Hungary,,2024,14.572864321608
Hungary,,2023,14.070351758794
Hungary,,2022,14.070351758794
Hungary,,2021,13.0653266331658
Hungary,,2020,12.0603015075377
Hungary,,2019,12.5628140703518
Hungary,,2018,12.5628140703518
Hungary,,2017,10.0502512562814
Hungary,,2016,10.1010101010101
Hungary,,2015,10.1010101010101
Hungary,,2014,10.0502512562814
Hungary,,2013,8.80829015544041
Hungary,,2012,8.80829015544041
Hungary,,2011,8.80829015544041
Hungary,,2010,9.06735751295337
Hungary,,2009,11.139896373057
Hungary,,2008,11.139896373057
Hungary,,2007,11.139896373057
Hungary,,2006,10.3626943005181
Hungary,,2005,9.09090909090909
Hungary,,2004,9.09090909090909
Hungary,,2003,9.84455958549223
Hungary,,2002,9.06735751295337
Hungary,,2001,8.29015544041451
Hungary,,2000,8.29015544041451
Hungary,,1999,8.29015544041451
Hungary,,1998,8.29015544041451
Hungary,,1997,11.3989637305699
Iceland,,2025,46.031746031746
Iceland,,2024,46.031746031746
Iceland,,2023,47.6190476190476
Iceland,,2022,47.6190476190476
Iceland,,2021,47.6190476190476
Iceland,,2020,38.0952380952381
Iceland,,2019,38.0952380952381
Iceland,,2018,38.0952380952381
Iceland,,2017,38.0952380952381
Iceland,,2016,47.6190476190476
Iceland,,2015,41.2698412698413
Iceland,,2014,39.6825396825397
Iceland,,2013,39.6825396825397
Iceland,,2012,39.6825396825397
Iceland,,2011,39.6825396825397
Iceland,,2010,42.8571428571429
Iceland,,2009,42.8571428571429
Iceland,,2008,33.3333333333333
Iceland,,2007,33.3333333333333
Iceland,,2006,33.3333333333333
Iceland,,2005,33.3333333333333
Iceland,,2004,30.1587301587302
Iceland,,2003,30.1587301587302
Iceland,,2002,34.9206349206349
Iceland,,2001,34.9206349206349
Iceland,,2000,34.9206349206349
Iceland,,1999,34.9206349206349
Iceland,,1998,25.3968253968254
Iceland,,1997,25.3968253968254
India,,2025,13.7867647058824
India,,2024,13.6531365313653
India,,2023,15.2416356877323
India,,2022,14.9446494464945
India,,2021,14.4444444444444
India,,2020,14.3646408839779
India,,2019,14.3911439114391
India,,2018,11.8081180811808
India,,2017,11.8081180811808
India,,2016,11.9705340699816
India,,2015,11.9705340699816
India,,2014,11.4180478821363
India,,2013,11.0091743119266
India,,2012,11.0091743119266
India,,2011,11.0091743119266
India,,2010,10.8256880733945
India,,2009,10.8256880733945
India,,2008,9.05730129390018
India,,2007,9.05730129390018
India,,2006,8.25688073394496
India,,2005,8.28729281767956
India,,2004,8.25688073394496
India,,2003,8.83977900552486
India,,2002,8.83977900552486
India,,2001,8.83977900552486
India,,2000,9.00735294117647
India,,1999,8.44036697247707
India,,1998,8.10313075506446
India,,1997,7.15596330275229
Indonesia,,2025,21.8965517241379
Indonesia,,2024,21.0344827586207
Indonesia,,2023,21.5652173913044
Indonesia,,2022,21.9130434782609
Indonesia,,2021,21.0434782608696
Indonesia,,2020,20.3478260869565
Indonesia,,2019,17.3913043478261
Indonesia,,2018,19.8214285714286
Indonesia,,2017,19.8214285714286
Indonesia,,2016,17.1171171171171
Indonesia,,2015,17.1171171171171
Indonesia,,2014,16.9369369369369
Indonesia,,2013,18.5714285714286
Indonesia,,2012,18.5714285714286
Indonesia,,2011,18.2142857142857
Indonesia,,2010,18.0357142857143
Indonesia,,2009,17.8571428571429
Indonesia,,2008,11.6363636363636
Indonesia,,2007,11.6363636363636
Indonesia,,2006,11.2727272727273
Indonesia,,2005,11.2727272727273
Indonesia,,2004,11.2727272727273
Indonesia,,2003,8.0
Indonesia,,2002,8.0
Indonesia,,2001,8.0
Indonesia,,2000,8.0
Indonesia,,1998,11.4
Indonesia,,1997,11.4
Iran,,2025,4.91228070175439
Iran,,2024,4.82758620689655
Iran,,2023,5.59440559440559
Iran,,2022,5.59440559440559
Iran,,2021,5.59440559440559
Iran,,2020,5.59440559440559
Iran,,2019,5.88235294117647
Iran,,2018,5.88235294117647
Iran,,2017,5.88235294117647
Iran,,2016,5.88235294117647
Iran,,2015,3.10344827586207
Iran,,2014,3.10344827586207
Iran,,2013,3.10344827586207
Iran,,2012,3.10344827586207
Iran,,2011,2.75862068965517
Iran,,2010,2.75862068965517
Iran,,2009,2.75862068965517
Iran,,2008,2.7972027972028
Iran,,2007,4.13793103448276
Iran,,2006,4.13793103448276
Iran,,2005,4.13793103448276
Iran,,2004,4.13793103448276
Iran,,2003,4.13793103448276
Iran,,2002,4.13793103448276
Iran,,2001,3.44827586206897
Iran,,2000,3.44827586206897
Iran,,1999,4.88721804511278
Iran,,1998,4.88721804511278
Iran,,1997,4.88721804511278
Iraq,,2025,25.531914893617
Iraq,,2024,28.8753799392097
Iraq,,2023,29.0519877675841
Iraq,,2022,28.8753799392097
Iraq,,2021,28.8753799392097
Iraq,,2020,26.4437689969605
Iraq,,2019,25.2279635258359
Iraq,,2018,25.2279635258359
Iraq,,2017,25.3048780487805
Iraq,,2016,26.5243902439024
Iraq,,2015,26.5243902439024
Iraq,,2014,25.3048780487805
Iraq,,2013,25.2307692307692
Iraq,,2012,25.2307692307692
Iraq,,2011,25.2307692307692
Iraq,,2010,25.2307692307692
Iraq,,2009,25.4545454545455
Iraq,,2008,25.4545454545455
Iraq,,2007,25.4545454545455
Iraq,,2006,25.4545454545455
Iraq,,2002,7.6
Iraq,,2001,7.6
Iraq,,2000,7.6
Iraq,,1999,6.4
Iraq,,1998,6.4
Iraq,,1997,6.4
Ireland,,2025,25.2873563218391
Ireland,,2024,25.2873563218391
Ireland,,2023,23.125
Ireland,,2022,23.125
Ireland,,2021,22.5
Ireland,,2020,22.5
Ireland,,2019,22.1518987341772
Ireland,,2018,22.1518987341772
Ireland,,2017,22.1518987341772
Ireland,,2016,22.1518987341772
Ireland,,2015,16.2650602409639
Ireland,,2014,15.6626506024096
Ireland,,2013,15.6626506024096
Ireland,,2012,15.0602409638554
Ireland,,2011,15.0602409638554
Ireland,,2010,13.9393939393939
Ireland,,2009,13.9393939393939
Ireland,,2008,13.2530120481928
Ireland,,2007,13.2530120481928
Ireland,,2006,13.2530120481928
Ireland,,2005,13.2530120481928
Ireland,,2004,13.2530120481928
Ireland,,2003,13.2530120481928
Ireland,,2002,13.2530120481928
Ireland,,2001,12.0481927710843
Ireland,,2000,12.0481927710843
Ireland,,1999,12.0481927710843
Ireland,,1998,12.0481927710843
Ireland,,1997,12.0481927710843
Israel,,2025,24.1666666666667
Israel,,2024,25.0
Israel,,2023,24.1666666666667
Israel,,2022,23.3333333333333
Israel,,2021,28.3333333333333
Israel,,2020,27.5
Israel,,2019,23.3333333333333
Israel,,2018,27.5
Israel,,2017,27.5
Israel,,2016,26.6666666666667
Israel,,2015,26.6666666666667
Israel,,2014,22.5
Israel,,2013,22.5
Israel,,2012,20.0
Israel,,2011,20.0
Israel,,2010,19.1666666666667
Israel,,2009,18.3333333333333
Israel,,2008,14.1666666666667
Israel,,2007,14.1666666666667
Israel,,2006,14.1666666666667
Israel,,2005,15.0
Israel,,2004,15.0
Israel,,2003,15.0
Israel,,2002,14.1666666666667
Israel,,2001,13.3333333333333
Israel,,2000,12.5
Israel,,1999,11.6666666666667
Israel,,1998,7.5
Israel,,1997,7.5
Italy,,2025,32.75
Italy,,2024,32.25
Italy,,2023,32.25
Italy,,2022,32.25
Italy,,2021,35.7142857142857
Italy,,2020,35.7142857142857
Italy,,2019,35.7142857142857
Italy,,2018,35.7142857142857
Italy,,2017,30.952380952381
Italy,,2016,30.952380952381
Italy,,2015,30.952380952381
Italy,,2014,31.4285714285714
Italy,,2013,31.4285714285714
Italy,,2012,21.4285714285714
Italy,,2011,21.5873015873016
Italy,,2010,21.2698412698413
Italy,,2009,21.2698412698413
Italy,,2008,21.2698412698413
Italy,,2007,17.3015873015873
Italy,,2006,17.3015873015873
Italy,,2005,11.525974025974
Italy,,2004,11.525974025974
Italy,,2003,11.4886731391586
Italy,,2002,9.84126984126984
Italy,,2001,9.84126984126984
Italy,,2000,11.1111111111111
Italy,,1999,11.1111111111111
Italy,,1998,11.1111111111111
Italy,,1997,11.1111111111111
Jamaica,,2025,30.1587301587302
Jamaica,,2024,27.4193548387097
Jamaica,,2023,28.5714285714286
Jamaica,,2022,28.5714285714286
Jamaica,,2021,28.5714285714286
Jamaica,,2020,28.5714285714286
Jamaica,,2019,17.4603174603175
Jamaica,,2018,17.4603174603175
Jamaica,,2017,17.4603174603175
Jamaica,,2016,17.4603174603175
Jamaica,,2015,12.6984126984127
Jamaica,,2014,12.6984126984127
Jamaica,,2013,12.6984126984127
Jamaica,,2012,12.6984126984127
Jamaica,,2011,12.6984126984127
Jamaica,,2010,13.3333333333333
Jamaica,,2009,13.3333333333333
Jamaica,,2008,13.3333333333333
Jamaica,,2007,13.3333333333333
Jamaica,,2006,11.6666666666667
Jamaica,,2005,11.6666666666667
Jamaica,,2004,11.6666666666667
Jamaica,,2003,11.6666666666667
Jamaica,,2001,13.3333333333333
Jamaica,,2000,13.3333333333333
Jamaica,,1999,13.3333333333333
Jamaica,,1998,13.5593220338983
Jamaica,,1997,11.6666666666667
Japan,,2025,15.6989247311828
Japan,,2024,15.6989247311828
Japan,,2023,10.3448275862069
Japan,,2022,9.91379310344828
Japan,,2021,9.67741935483871
Japan,,2020,9.89247311827957
Japan,,2019,10.1075268817204
Japan,,2018,10.1075268817204
Japan,,2017,10.1075268817204
Japan,,2016,9.47368421052632
Japan,,2015,9.47368421052632
Japan,,2014,8.125
Japan,,2013,8.125
Japan,,2012,7.91666666666667
Japan,,2011,10.8333333333333
Japan,,2010,11.25
Japan,,2009,11.25
Japan,,2008,9.375
Japan,,2007,9.375
Japan,,2006,9.375
Japan,,2005,8.95833333333333
Japan,,2004,7.08333333333333
Japan,,2003,7.08333333333333
Japan,,2002,7.29166666666667
Japan,,2001,7.29166666666667
Japan,,2000,7.29166666666667
Japan,,1999,4.6
Japan,,1998,4.6
Japan,,1997,4.6
Jordan,,2025,19.5652173913043
Jordan,,2024,19.5652173913043
Jordan,,2023,12.3076923076923
Jordan,,2022,12.3076923076923
Jordan,,2021,11.5384615384615
Jordan,,2020,11.5384615384615
Jordan,,2019,15.3846153846154
Jordan,,2018,15.3846153846154
Jordan,,2017,15.3846153846154
Jordan,,2016,15.3846153846154
Jordan,,2015,12.0
Jordan,,2014,12.0
Jordan,,2013,12.1621621621622
Jordan,,2012,10.8333333333333
Jordan,,2011,10.8333333333333
Jordan,,2010,10.8333333333333
Jordan,,2009,6.36363636363636
Jordan,,2008,6.36363636363636
Jordan,,2007,6.36363636363636
Jordan,,2006,5.45454545454545
Jordan,,2005,5.45454545454545
Jordan,,2004,5.45454545454545
Jordan,,2003,5.45454545454545
Jordan,,2002,1.25
Jordan,,2001,1.25
Jordan,,2000,0.0
Jordan,,1999,0.0
Jordan,,1998,0.0
Jordan,,1997,0.0
Kazakhstan,,2025,18.3673469387755
Kazakhstan,,2024,19.3877551020408
Kazakhstan,,2023,18.3673469387755
Kazakhstan,,2022,27.3584905660377
Kazakhstan,,2021,27.1028037383178
Kazakhstan,,2020,27.1028037383178
Kazakhstan,,2019,27.1028037383178
Kazakhstan,,2018,27.1028037383178
Kazakhstan,,2017,27.1028037383178
Kazakhstan,,2016,27.1028037383178
Kazakhstan,,2015,26.1682242990654
Kazakhstan,,2014,25.2173913043478
Kazakhstan,,2013,24.2990654205607
Kazakhstan,,2012,24.2990654205607
Kazakhstan,,2011,17.7570093457944
Kazakhstan,,2010,17.7570093457944
Kazakhstan,,2009,17.7570093457944
Kazakhstan,,2008,15.8878504672897
Kazakhstan,,2007,15.8878504672897
Kazakhstan,,2006,10.3896103896104
Kazakhstan,,2005,10.3896103896104
Kazakhstan,,2004,10.3896103896104
Kazakhstan,,2003,10.3896103896104
Kazakhstan,,2002,10.3896103896104
Kazakhstan,,2001,10.3896103896104
Kazakhstan,,2000,10.3896103896104
Kazakhstan,,1999,10.8108108108108
Kazakhstan,,1998,13.4328358208955
Kazakhstan,,1997,13.4328358208955
Kenya,,2025,23.3918128654971
Kenya,,2024,23.2758620689655
Kenya,,2023,23.2758620689655
Kenya,,2022,23.4285714285714
Kenya,,2021,21.6138328530259
Kenya,,2020,21.7765042979943
Kenya,,2019,21.7765042979943
Kenya,,2018,21.7765042979943
Kenya,,2017,21.7765042979943
Kenya,,2016,19.7142857142857
Kenya,,2015,19.7142857142857
Kenya,,2014,19.1428571428571
Kenya,,2013,18.5714285714286
Kenya,,2012,9.82142857142857
Kenya,,2011,9.82142857142857
Kenya,,2010,9.82142857142857
Kenya,,2009,9.82142857142857
Kenya,,2008,9.82142857142857
Kenya,,2007,7.2463768115942
Kenya,,2006,7.30593607305936
Kenya,,2005,7.14285714285714
Kenya,,2004,7.14285714285714
Kenya,,2003,7.14285714285714
Kenya,,2002,3.57142857142857
Kenya,,2001,3.57142857142857
Kenya,,2000,3.57142857142857
Kenya,,1999,3.57142857142857
Kenya,,1998,3.6036036036036
Kenya,,1997,2.97029702970297
Kiribati,,2025,11.1111111111111
Kiribati,,2024,11.1111111111111
Kiribati,,2023,6.66666666666667
Kiribati,,2022,6.66666666666667
Kiribati,,2021,6.66666666666667
Kiribati,,2020,8.88888888888889
Kiribati,,2019,6.52173913043478
Kiribati,,2018,6.52173913043478
Kiribati,,2017,6.52173913043478
Kiribati,,2016,6.52173913043478
Kiribati,,2015,8.69565217391304
Kiribati,,2014,8.69565217391304
Kiribati,,2013,8.69565217391304
Kiribati,,2012,8.69565217391304
Kiribati,,2011,8.69565217391304
Kiribati,,2010,4.34782608695652
Kiribati,,2009,4.34782608695652
Kiribati,,2008,4.34782608695652
Kiribati,,2007,4.34782608695652
Kiribati,,2006,7.14285714285714
Kiribati,,2005,4.76190476190476
Kiribati,,2004,4.76190476190476
Kiribati,,2002,4.76190476190476
Kiribati,,2001,4.76190476190476
Kiribati,,2000,4.8780487804878
Kiribati,,1999,4.8780487804878
Kiribati,,1998,0.0
Kiribati,,1997,0.0
North Korea,,2025,17.6128093158661
North Korea,,2024,17.6128093158661
North Korea,,2023,17.6128093158661
North Korea,,2022,17.6128093158661
North Korea,,2021,17.6128093158661
North Korea,,2020,17.6128093158661
North Korea,,2019,17.6128093158661
North Korea,,2018,16.3027656477438
North Korea,,2017,16.3027656477438
North Korea,,2016,16.3027656477438
North Korea,,2015,16.3027656477438
North Korea,,2014,16.3027656477438
North Korea,,2013,15.5749636098981
North Korea,,2012,15.5749636098981
North Korea,,2011,15.5749636098981
North Korea,,2010,15.5749636098981
North Korea,,2009,15.5749636098981
North Korea,,2008,20.0873362445415
North Korea,,2007,20.0873362445415
North Korea,,2006,20.0873362445415
North Korea,,2005,20.0873362445415
North Korea,,2004,20.0873362445415
North Korea,,2002,20.0873362445415
North Korea,,2001,20.0873362445415
North Korea,,2000,20.0873362445415
North Korea,,1999,20.0873362445415
North Korea,,1998,20.0873362445415
North Korea,,1997,20.0873362445415
South Korea,,2025,20.3333333333333
South Korea,,2024,20.0
South Korea,,2023,19.0635451505017
South Korea,,2022,18.6440677966102
South Korea,,2021,19.0
South Korea,,2020,19.0
South Korea,,2019,16.6666666666667
South Korea,,2018,17.0
South Korea,,2017,17.0
South Korea,,2016,17.0
South Korea,,2015,16.3333333333333
South Korea,,2014,16.3333333333333
South Korea,,2013,15.6666666666667
South Korea,,2012,15.6666666666667
South Korea,,2011,14.7157190635452
South Korea,,2010,14.7157190635452
South Korea,,2009,14.7157190635452
South Korea,,2008,13.7123745819398
South Korea,,2007,14.38127090301
South Korea,,2006,13.3779264214047
South Korea,,2005,13.3779264214047
South Korea,,2004,13.0434782608696
South Korea,,2003,5.86080586080586
South Korea,,2002,5.86080586080586
South Korea,,2001,5.86080586080586
South Korea,,2000,5.86080586080586
South Korea,,1999,3.67892976588629
South Korea,,1998,3.67892976588629
South Korea,,1997,3.01003344481605
Kuwait,,2023,3.07692307692308
Kuwait,,2022,6.25
Kuwait,,2021,1.53846153846154
Kuwait,,2020,6.34920634920635
Kuwait,,2019,4.61538461538462
Kuwait,,2018,3.07692307692308
Kuwait,,2017,3.07692307692308
Kuwait,,2016,2.0
Kuwait,,2015,1.53846153846154
Kuwait,,2014,1.53846153846154
Kuwait,,2013,6.15384615384615
Kuwait,,2012,6.15384615384615
Kuwait,,2011,7.69230769230769
Kuwait,,2010,7.69230769230769
Kuwait,,2009,7.69230769230769
Kuwait,,2008,3.07692307692308
Kuwait,,2007,1.53846153846154
Kuwait,,2006,1.53846153846154
Kuwait,,2005,1.53846153846154
Kuwait,,2004,0.0
Kuwait,,2003,0.0
Kuwait,,2002,0.0
Kuwait,,2001,0.0
Kuwait,,2000,0.0
Kuwait,,1999,0.0
Kuwait,,1998,0.0
Kuwait,,1997,0.0
Kyrgyzstan,,2025,33.3333333333333
Kyrgyzstan,,2024,21.1111111111111
Kyrgyzstan,,2023,20.0
Kyrgyzstan,,2022,20.4545454545455
Kyrgyzstan,,2021,20.4545454545455
Kyrgyzstan,,2020,16.5217391304348
Kyrgyzstan,,2019,19.1666666666667
Kyrgyzstan,,2018,19.1666666666667
Kyrgyzstan,,2017,19.1666666666667
Kyrgyzstan,,2016,19.1666666666667
Kyrgyzstan,,2015,19.1666666666667
Kyrgyzstan,,2014,23.3333333333333
Kyrgyzstan,,2013,23.3333333333333
Kyrgyzstan,,2012,23.3333333333333
Kyrgyzstan,,2011,23.3333333333333
Kyrgyzstan,,2010,23.3333333333333
Kyrgyzstan,,2009,25.5555555555556
Kyrgyzstan,,2008,25.5555555555556
Kyrgyzstan,,2007,25.5555555555556
Kyrgyzstan,,2006,0.0
Kyrgyzstan,,2005,0.0
Kyrgyzstan,,2004,10.0
Kyrgyzstan,,2003,10.0
Kyrgyzstan,,2002,10.0
Kyrgyzstan,,2001,10.0
Kyrgyzstan,,2000,2.32558139534884
Kyrgyzstan,,1999,1.42857142857143
Kyrgyzstan,,1998,1.42857142857143
Kyrgyzstan,,1997,1.42857142857143
Laos,,2025,21.9512195121951
Laos,,2024,21.9512195121951
Laos,,2023,21.9512195121951
Laos,,2022,21.9512195121951
Laos,,2021,21.9512195121951
Laos,,2020,27.5167785234899
Laos,,2019,27.5167785234899
Laos,,2018,27.5167785234899
Laos,,2017,27.5167785234899
Laos,,2016,27.5167785234899
Laos,,2015,25.0
Laos,,2014,25.0
Laos,,2013,25.0
Laos,,2012,25.0
Laos,,2011,25.0
Laos,,2010,25.2173913043478
Laos,,2009,25.2173913043478
Laos,,2008,25.2173913043478
Laos,,2007,25.2173913043478
Laos,,2006,25.2173913043478
Laos,,2005,22.9357798165138
Laos,,2004,22.9357798165138
Laos,,2003,22.9357798165138
Laos,,2002,22.9357798165138
Laos,,2001,21.2121212121212
Laos,,2000,21.2121212121212
Laos,,1999,21.2121212121212
Laos,,1998,21.2121212121212
Latvia,,2025,31.0
Latvia,,2024,32.0
Latvia,,2023,32.0
Latvia,,2022,30.0
Latvia,,2021,29.0
Latvia,,2020,30.0
Latvia,,2019,30.0
Latvia,,2018,31.0
Latvia,,2017,16.0
Latvia,,2016,18.0
Latvia,,2015,18.0
Latvia,,2014,18.0
Latvia,,2013,23.0
Latvia,,2012,23.0
Latvia,,2011,23.0
Latvia,,2010,20.0
Latvia,,2009,22.0
Latvia,,2008,20.0
Latvia,,2007,20.0
Latvia,,2006,19.0
Latvia,,2005,21.0
Latvia,,2004,21.0
Latvia,,2003,21.0
Latvia,,2002,18.0
Latvia,,2001,17.0
Latvia,,2000,17.0
Latvia,,1999,17.0
Latvia,,1998,9.0
Latvia,,1997,9.0
Lebanon,,2025,6.25
Lebanon,,2024,6.25
Lebanon,,2023,6.25
Lebanon,,2022,6.25
Lebanon,,2021,4.6875
Lebanon,,2020,4.6875
Lebanon,,2019,4.6875
Lebanon,,2018,4.6875
Lebanon,,2017,3.125
Lebanon,,2016,3.125
Lebanon,,2015,3.125
Lebanon,,2014,3.125
Lebanon,,2013,3.125
Lebanon,,2012,3.125
Lebanon,,2011,3.125
Lebanon,,2010,3.125
Lebanon,,2009,3.125
Lebanon,,2008,4.6875
Lebanon,,2007,4.6875
Lebanon,,2006,4.6875
Lebanon,,2005,4.6875
Lebanon,,2004,2.34375
Lebanon,,2003,2.34375
Lebanon,,2002,2.34375
Lebanon,,2001,2.34375
Lebanon,,2000,2.34375
Lebanon,,1999,2.34375
Lebanon,,1998,2.34375
Lebanon,,1997,2.34375
Lesotho,,2025,25.0
Lesotho,,2024,25.0
Lesotho,,2023,26.4462809917355
Lesotho,,2022,26.4462809917355
Lesotho,,2021,23.3333333333333
Lesotho,,2020,23.3333333333333
Lesotho,,2019,23.3333333333333
Lesotho,,2018,22.1311475409836
Lesotho,,2017,22.1311475409836
Lesotho,,2016,25.0
Lesotho,,2015,25.0
Lesotho,,2014,26.6666666666667
Lesotho,,2013,26.6666666666667
Lesotho,,2012,26.6666666666667
Lesotho,,2011,24.1666666666667
Lesotho,,2010,24.1666666666667
Lesotho,,2009,24.1666666666667
Lesotho,,2008,25.0
Lesotho,,2007,23.5294117647059
Lesotho,,2006,11.6666666666667
Lesotho,,2005,11.6666666666667
Lesotho,,2004,11.6666666666667
Lesotho,,2003,11.6666666666667
Lesotho,,2001,3.79746835443038
Lesotho,,2000,3.79746835443038
Lesotho,,1999,3.79746835443038
Lesotho,,1998,3.75
Lesotho,,1997,4.61538461538462
Liberia,,2025,10.958904109589
Liberia,,2024,10.958904109589
Liberia,,2023,10.958904109589
Liberia,,2022,10.958904109589
Liberia,,2021,10.958904109589
Liberia,,2020,12.3287671232877
Liberia,,2019,12.3287671232877
Liberia,,2018,12.3287671232877
Liberia,,2017,9.85915492957746
Liberia,,2016,10.958904109589
Liberia,,2015,10.958904109589
Liberia,,2014,10.958904109589
Liberia,,2013,10.958904109589
Liberia,,2012,10.958904109589
Liberia,,2011,9.58904109589041
Liberia,,2010,12.5
Liberia,,2009,12.5
Liberia,,2008,12.5
Liberia,,2007,12.5
Liberia,,2006,12.5
Liberia,,2005,12.5
Liberia,,2004,5.26315789473684
Liberia,,2003,7.8125
Liberia,,2002,7.8125
Liberia,,2001,7.8125
Liberia,,2000,7.8125
Libya,,2025,16.4705882352941
Libya,,2024,16.4705882352941
Libya,,2023,16.4705882352941
Libya,,2022,16.4705882352941
Libya,,2021,15.9574468085106
Libya,,2020,15.9574468085106
Libya,,2019,15.9574468085106
Libya,,2018,15.9574468085106
Libya,,2017,15.9574468085106
Libya,,2016,15.9574468085106
Libya,,2015,15.9574468085106
Libya,,2014,15.9574468085106
Libya,,2013,16.5
Libya,,2012,16.5
Libya,,2010,7.69230769230769
Libya,,2009,7.69230769230769
Libya,,2008,7.69230769230769
Libya,,2007,7.69230769230769
Libya,,2006,7.69230769230769
Libya,,2005,4.73684210526316
Liechtenstein,,2025,32.0
Liechtenstein,,2024,28.0
Liechtenstein,,2023,28.0
Liechtenstein,,2022,28.0
Liechtenstein,,2021,28.0
Liechtenstein,,2020,12.0
Liechtenstein,,2019,12.0
Liechtenstein,,2018,12.0
Liechtenstein,,2017,12.0
Liechtenstein,,2016,20.0
Liechtenstein,,2015,20.0
Liechtenstein,,2014,20.0
Liechtenstein,,2013,20.0
Liechtenstein,,2012,24.0
Liechtenstein,,2011,24.0
Liechtenstein,,2010,24.0
Liechtenstein,,2009,24.0
Liechtenstein,,2008,24.0
Liechtenstein,,2007,24.0
Liechtenstein,,2006,24.0
Liechtenstein,,2005,24.0
Liechtenstein,,2004,12.0
Liechtenstein,,2003,12.0
Liechtenstein,,2002,12.0
Liechtenstein,,2001,12.0
Liechtenstein,,2000,4.0
Liechtenstein,,1999,4.0
Liechtenstein,,1998,4.0
Liechtenstein,,1997,4.0
Lithuania,,2025,28.3687943262411
Lithuania,,2024,28.3687943262411
Lithuania,,2023,28.3687943262411
Lithuania,,2022,28.3687943262411
Lithuania,,2021,27.6595744680851
Lithuania,,2020,26.9503546099291
Lithuania,,2019,21.2765957446809
Lithuania,,2018,21.2765957446809
Lithuania,,2017,21.2765957446809
Lithuania,,2016,21.2765957446809
Lithuania,,2015,23.4042553191489
Lithuania,,2014,24.113475177305
Lithuania,,2013,24.113475177305
Lithuania,,2012,24.4604316546763
Lithuania,,2011,19.1489361702128
Lithuania,,2010,19.1489361702128
Lithuania,,2009,19.1489361702128
Lithuania,,2008,17.7304964539007
Lithuania,,2007,22.6950354609929
Lithuania,,2006,24.822695035461
Lithuania,,2005,21.9858156028369
Lithuania,,2004,21.9858156028369
Lithuania,,2003,10.6382978723404
Lithuania,,2002,10.6382978723404
Lithuania,,2001,10.6382978723404
Lithuania,,2000,10.6382978723404
Lithuania,,1999,17.5182481751825
Lithuania,,1998,17.5182481751825
Lithuania,,1997,17.5182481751825
Luxembourg,,2025,35.0
Luxembourg,,2024,33.3333333333333
Luxembourg,,2023,33.3333333333333
Luxembourg,,2022,33.3333333333333
Luxembourg,,2021,35.0
Luxembourg,,2020,30.0
Luxembourg,,2019,25.0
Luxembourg,,2018,20.0
Luxembourg,,2017,28.3333333333333
Luxembourg,,2016,28.3333333333333
Luxembourg,,2015,28.3333333333333
Luxembourg,,2014,28.3333333333333
Luxembourg,,2013,28.3333333333333
Luxembourg,,2012,21.6666666666667
Luxembourg,,2011,25.0
Luxembourg,,2010,20.0
Luxembourg,,2009,20.0
Luxembourg,,2008,23.3333333333333
Luxembourg,,2007,23.3333333333333
Luxembourg,,2006,23.3333333333333
Luxembourg,,2005,23.3333333333333
Luxembourg,,2004,23.3333333333333
Luxembourg,,2003,16.6666666666667
Luxembourg,,2002,16.6666666666667
Luxembourg,,2001,16.6666666666667
Luxembourg,,2000,16.6666666666667
Luxembourg,,1999,16.6666666666667
Luxembourg,,1998,20.0
Luxembourg,,1997,20.0
Madagascar,,2025,14.1104294478528
Madagascar,,2024,15.9509202453988
Madagascar,,2023,18.5430463576159
Madagascar,,2022,18.5430463576159
Madagascar,,2021,17.8807947019868
Madagascar,,2020,17.8807947019868
Madagascar,,2019,15.8940397350993
Madagascar,,2018,19.205298013245
Madagascar,,2017,19.205298013245
Madagascar,,2016,20.5298013245033
Madagascar,,2015,20.5298013245033
Madagascar,,2014,20.5298013245033
Madagascar,,2013,17.4863387978142
Madagascar,,2012,17.4863387978142
Madagascar,,2011,12.5
Madagascar,,2010,12.5
Madagascar,,2008,7.8740157480315
Madagascar,,2007,7.8740157480315
Madagascar,,2006,6.875
Madagascar,,2005,6.875
Madagascar,,2004,6.875
Madagascar,,2003,3.75
Madagascar,,2001,8.0
Madagascar,,2000,8.0
Madagascar,,1999,8.0
Madagascar,,1997,3.73134328358209
Malawi,,2025,21.4285714285714
Malawi,,2024,20.7253886010363
Malawi,,2023,20.7253886010363
Malawi,,2022,22.9166666666667
Malawi,,2021,22.9166666666667
Malawi,,2020,22.9166666666667
Malawi,,2019,22.9166666666667
Malawi,,2018,16.6666666666667
Malawi,,2017,16.6666666666667
Malawi,,2016,16.6666666666667
Malawi,,2015,16.6666666666667
Malawi,,2014,16.6666666666667
Malawi,,2013,22.279792746114
Malawi,,2012,22.279792746114
Malawi,,2011,22.279792746114
Malawi,,2010,20.8333333333333
Malawi,,2009,20.8333333333333
Malawi,,2008,12.9533678756477
Malawi,,2007,12.9533678756477
Malawi,,2006,13.6125654450262
Malawi,,2005,13.6125654450262
Malawi,,2004,13.9896373056995
Malawi,,2003,9.32642487046632
Malawi,,2002,9.32642487046632
Malawi,,2001,9.32642487046632
Malawi,,2000,9.32642487046632
Malawi,,1999,8.29015544041451
Malawi,,1998,5.64971751412429
Malawi,,1997,5.64971751412429
Malaysia,,2025,13.5135135135135
Malaysia,,2024,13.5135135135135
Malaysia,,2023,13.5135135135135
Malaysia,,2022,13.5746606334842
Malaysia,,2021,14.8648648648649
Malaysia,,2020,14.8648648648649
Malaysia,,2019,14.4144144144144
Malaysia,,2018,13.9013452914798
Malaysia,,2017,10.3603603603604
Malaysia,,2016,10.3603603603604
Malaysia,,2015,10.3603603603604
Malaysia,,2014,10.3603603603604
Malaysia,,2013,10.3603603603604
Malaysia,,2012,10.4072398190045
Malaysia,,2011,10.4072398190045
Malaysia,,2010,9.90990990990991
Malaysia,,2009,9.90990990990991
Malaysia,,2008,10.8108108108108
Malaysia,,2007,10.0456621004566
Malaysia,,2006,9.1324200913242
Malaysia,,2005,9.1324200913242
Malaysia,,2004,9.1324200913242
Malaysia,,2003,10.4712041884817
Malaysia,,2002,10.3626943005181
Malaysia,,2001,10.3626943005181
Malaysia,,2000,10.3626943005181
Malaysia,,1998,7.8125
Malaysia,,1997,7.8125
Maldives,,2025,3.2258064516129
Maldives,,2024,3.2258064516129
Maldives,,2023,4.59770114942529
Maldives,,2022,4.59770114942529
Maldives,,2021,4.59770114942529
Maldives,,2020,4.59770114942529
Maldives,,2019,4.59770114942529
Maldives,,2018,5.88235294117647
Maldives,,2017,5.88235294117647
Maldives,,2016,5.88235294117647
Maldives,,2015,5.88235294117647
Maldives,,2014,5.88235294117647
Maldives,,2013,6.49350649350649
Maldives,,2012,6.49350649350649
Maldives,,2011,6.49350649350649
Maldives,,2010,6.49350649350649
Maldives,,2009,6.49350649350649
Maldives,,2008,12.0
Maldives,,2007,12.0
Maldives,,2006,12.0
Maldives,,2005,12.0
Maldives,,2004,6.0
Maldives,,2003,6.0
Maldives,,2002,6.0
Maldives,,2001,6.0
Maldives,,2000,6.0
Maldives,,1998,6.25
Maldives,,1997,6.25
Mali,,2025,30.0751879699248
Mali,,2024,30.6569343065693
Mali,,2023,28.5714285714286
Mali,,2022,28.5714285714286
Mali,,2021,27.2727272727273
Mali,,2020,27.891156462585
Mali,,2019,9.52380952380952
Mali,,2018,8.84353741496599
Mali,,2017,8.84353741496599
Mali,,2016,8.84353741496599
Mali,,2015,8.84353741496599
Mali,,2014,9.52380952380952
Mali,,2012,10.2040816326531
Mali,,2011,10.2040816326531
Mali,,2010,10.2040816326531
Mali,,2009,10.2040816326531
Mali,,2008,10.2040816326531
Mali,,2007,10.2040816326531
Mali,,2006,10.2040816326531
Mali,,2005,10.2040816326531
Mali,,2004,10.2040816326531
Mali,,2003,10.2040816326531
Mali,,2002,10.2040816326531
Mali,,2001,12.2448979591837
Mali,,2000,12.2448979591837
Mali,,1999,12.2448979591837
Mali,,1998,12.2448979591837
Mali,,1997,12.2448979591837
Malta,,2025,29.1139240506329
Malta,,2024,27.8481012658228
Malta,,2023,27.8481012658228
Malta,,2022,27.8481012658228
Malta,,2021,13.4328358208955
Malta,,2020,13.4328358208955
Malta,,2019,14.9253731343284
Malta,,2018,11.9402985074627
Malta,,2017,11.9402985074627
Malta,,2016,12.8571428571429
Malta,,2015,12.8571428571429
Malta,,2014,14.2857142857143
Malta,,2013,14.2857142857143
Malta,,2012,8.69565217391304
Malta,,2011,8.69565217391304
Malta,,2010,8.69565217391304
Malta,,2009,8.69565217391304
Malta,,2008,8.69565217391304
Malta,,2007,9.23076923076923
Malta,,2006,9.23076923076923
Malta,,2005,9.23076923076923
Malta,,2004,9.23076923076923
Malta,,2003,7.69230769230769
Malta,,2002,9.23076923076923
Malta,,2001,9.23076923076923
Malta,,2000,9.23076923076923
Malta,,1999,9.23076923076923
Malta,,1998,5.79710144927536
Malta,,1997,5.79710144927536
Marshall Islands,,2025,12.1212121212121
Marshall Islands,,2024,12.1212121212121
Marshall Islands,,2023,12.1212121212121
Marshall Islands,,2022,6.06060606060606
Marshall Islands,,2021,6.06060606060606
Marshall Islands,,2020,6.06060606060606
Marshall Islands,,2019,6.06060606060606
Marshall Islands,,2018,9.09090909090909
Marshall Islands,,2017,9.09090909090909
Marshall Islands,,2016,9.09090909090909
Marshall Islands,,2015,9.09090909090909
Marshall Islands,,2014,3.03030303030303
Marshall Islands,,2013,3.03030303030303
Marshall Islands,,2012,3.03030303030303
Marshall Islands,,2011,3.03030303030303
Marshall Islands,,2010,3.03030303030303
Marshall Islands,,2009,3.03030303030303
Marshall Islands,,2008,3.03030303030303
Marshall Islands,,2007,3.03030303030303
Marshall Islands,,2006,3.03030303030303
Marshall Islands,,2005,3.03030303030303
Marshall Islands,,2004,3.03030303030303
Marshall Islands,,2003,3.03030303030303
Marshall Islands,,2002,3.03030303030303
Marshall Islands,,2001,3.03030303030303
Marshall Islands,,2000,3.03030303030303
Mauritania,,2025,23.2954545454545
Mauritania,,2024,23.2954545454545
Mauritania,,2023,23.2954545454545
Mauritania,,2022,20.2614379084967
Mauritania,,2021,20.2614379084967
Mauritania,,2020,20.2614379084967
Mauritania,,2019,20.2614379084967
Mauritania,,2018,20.2614379084967
Mauritania,,2017,25.1700680272109
Mauritania,,2016,25.1700680272109
Mauritania,,2015,25.1700680272109
Mauritania,,2014,25.1700680272109
Mauritania,,2012,22.1052631578947
Mauritania,,2011,22.1052631578947
Mauritania,,2010,22.1052631578947
Mauritania,,2009,22.1052631578947
Mauritania,,2008,22.1052631578947
Mauritania,,2007,22.1052631578947
Mauritania,,2006,17.8947368421053
Mauritania,,2004,3.7037037037037
Mauritania,,2003,3.7037037037037
Mauritania,,2000,3.79746835443038
Mauritania,,1999,3.79746835443038
Mauritania,,1998,3.79746835443038
Mauritania,,1997,1.26582278481013
Mauritius,,2025,17.910447761194
Mauritius,,2024,19.4029850746269
Mauritius,,2023,20.0
Mauritius,,2022,20.0
Mauritius,,2021,20.0
Mauritius,,2020,20.0
Mauritius,,2019,20.0
Mauritius,,2018,11.5942028985507
Mauritius,,2017,11.5942028985507
Mauritius,,2016,11.5942028985507
Mauritius,,2015,11.5942028985507
Mauritius,,2014,18.8405797101449
Mauritius,,2013,18.8405797101449
Mauritius,,2012,18.8405797101449
Mauritius,,2011,18.8405797101449
Mauritius,,2010,18.8405797101449
Mauritius,,2009,17.1428571428571
Mauritius,,2008,17.1428571428571
Mauritius,,2007,17.1428571428571
Mauritius,,2006,17.1428571428571
Mauritius,,2005,17.1428571428571
Mauritius,,2004,5.71428571428571
Mauritius,,2003,5.71428571428571
Mauritius,,2002,5.71428571428571
Mauritius,,2001,5.71428571428571
Mauritius,,2000,5.71428571428571
Mauritius,,1999,7.57575757575758
Mauritius,,1998,7.57575757575758
Mauritius,,1997,7.57575757575758
Mexico,,2025,50.2
Mexico,,2024,50.2
Mexico,,2023,50.0
Mexico,,2022,50.0
Mexico,,2021,50.0
Mexico,,2020,48.2
Mexico,,2019,48.2
Mexico,,2018,48.2
Mexico,,2017,42.6
Mexico,,2016,42.4
Mexico,,2015,42.3694779116466
Mexico,,2014,37.4
Mexico,,2013,36.8
Mexico,,2012,36.8
Mexico,,2011,26.2
Mexico,,2010,26.2
Mexico,,2009,27.6
Mexico,,2008,23.2
Mexico,,2007,23.2
Mexico,,2006,22.6
Mexico,,2005,24.2
Mexico,,2004,22.6
Mexico,,2003,22.6
Mexico,,2002,16.0
Mexico,,2001,16.0
Mexico,,2000,16.0
Mexico,,1999,18.2
Mexico,,1998,17.4
Mexico,,1997,14.2
Micronesia,,2025,21.4285714285714
Micronesia,,2024,15.3846153846154
Micronesia,,2023,14.2857142857143
Micronesia,,2022,7.14285714285714
Micronesia,,2021,7.14285714285714
Micronesia,,2020,0.0
Micronesia,,2019,0.0
Micronesia,,2018,0.0
Micronesia,,2017,0.0
Micronesia,,2016,0.0
Micronesia,,2015,0.0
Micronesia,,2014,0.0
Micronesia,,2013,0.0
Micronesia,,2012,0.0
Micronesia,,2011,0.0
Micronesia,,2010,0.0
Micronesia,,2009,0.0
Micronesia,,2008,0.0
Micronesia,,2007,0.0
Micronesia,,2006,0.0
Micronesia,,2005,0.0
Micronesia,,2004,0.0
Micronesia,,2003,0.0
Micronesia,,2002,0.0
Micronesia,,2001,0.0
Micronesia,,2000,0.0
Micronesia,,1999,0.0
Micronesia,,1998,0.0
Micronesia,,1997,0.0
Moldova,,2025,39.6039603960396
Moldova,,2024,40.8163265306122
Moldova,,2023,38.6138613861386
Moldova,,2022,40.5940594059406
Moldova,,2021,39.6039603960396
Moldova,,2020,24.7524752475248
Moldova,,2019,25.7425742574257
Moldova,,2018,22.7722772277228
Moldova,,2017,22.7722772277228
Moldova,,2016,21.7821782178218
Moldova,,2015,21.7821782178218
Moldova,,2014,17.8217821782178
Moldova,,2013,19.8019801980198
Moldova,,2012,19.8019801980198
Moldova,,2011,19.8019801980198
Moldova,,2010,18.8118811881188
Moldova,,2009,23.7623762376238
Moldova,,2008,21.7821782178218
Moldova,,2007,21.7821782178218
Moldova,,2006,21.7821782178218
Moldova,,2005,21.7821782178218
Moldova,,2004,15.8415841584158
Moldova,,2003,12.8712871287129
Moldova,,2002,12.8712871287129
Moldova,,2001,12.8712871287129
Moldova,,2000,7.92079207920792
Moldova,,1999,8.91089108910891
Moldova,,1997,4.80769230769231
Monaco,,2025,45.8333333333333
Monaco,,2024,45.8333333333333
Monaco,,2023,45.8333333333333
Monaco,,2022,33.3333333333333
Monaco,,2021,33.3333333333333
Monaco,,2020,33.3333333333333
Monaco,,2019,33.3333333333333
Monaco,,2018,33.3333333333333
Monaco,,2017,20.8333333333333
Monaco,,2016,20.8333333333333
Monaco,,2015,20.8333333333333
Monaco,,2014,20.8333333333333
Monaco,,2013,20.8333333333333
Monaco,,2012,19.047619047619
Monaco,,2011,19.047619047619
Monaco,,2010,26.0869565217391
Monaco,,2009,26.0869565217391
Monaco,,2008,25.0
Monaco,,2007,20.8333333333333
Monaco,,2006,20.8333333333333
Monaco,,2005,20.8333333333333
Monaco,,2004,20.8333333333333
Monaco,,2003,20.8333333333333
Monaco,,2002,22.2222222222222
Monaco,,2001,22.2222222222222
Monaco,,2000,22.2222222222222
Monaco,,1999,22.2222222222222
Monaco,,1998,22.2222222222222
Monaco,,1997,5.55555555555556
Mongolia,,2025,25.3968253968254
Mongolia,,2024,25.3968253968254
Mongolia,,2023,17.1052631578947
Mongolia,,2022,17.1052631578947
Mongolia,,2021,17.1052631578947
Mongolia,,2020,17.3333333333333
Mongolia,,2019,17.3333333333333
Mongolia,,2018,17.1052631578947
Mongolia,,2017,17.1052631578947
Mongolia,,2016,17.1052631578947
Mongolia,,2015,14.4736842105263
Mongolia,,2014,14.8648648648649
Mongolia,,2013,14.8648648648649
Mongolia,,2012,14.8648648648649
Mongolia,,2011,3.94736842105263
Mongolia,,2010,3.94736842105263
Mongolia,,2009,3.94736842105263
Mongolia,,2008,4.16666666666667
Mongolia,,2007,6.57894736842105
Mongolia,,2006,6.57894736842105
Mongolia,,2005,6.66666666666667
Mongolia,,2004,6.75675675675676
Mongolia,,2003,10.5263157894737
Mongolia,,2002,10.5263157894737
Mongolia,,2001,10.5263157894737
Mongolia,,2000,10.5263157894737
Mongolia,,1999,7.89473684210526
Mongolia,,1998,7.89473684210526
Mongolia,,1997,7.89473684210526
Montenegro,,2025,27.1604938271605
Montenegro,,2024,27.1604938271605
Montenegro,,2023,20.9876543209877
Montenegro,,2022,27.1604938271605
Montenegro,,2021,24.6913580246914
Montenegro,,2020,22.2222222222222
Montenegro,,2019,28.3950617283951
Montenegro,,2018,23.4567901234568
Montenegro,,2017,23.4567901234568
Montenegro,,2016,23.4567901234568
Montenegro,,2015,17.2839506172839
Montenegro,,2014,17.2839506172839
Montenegro,,2013,16.0493827160494
Montenegro,,2012,17.2839506172839
Montenegro,,2011,12.3456790123457
Montenegro,,2010,11.1111111111111
Montenegro,,2009,11.1111111111111
Montenegro,,2008,11.1111111111111
Montenegro,,2007,11.1111111111111
Montenegro,,2006,8.64197530864197
Morocco,,2025,24.3037974683544
Morocco,,2024,24.3037974683544
Morocco,,2023,24.3037974683544
Morocco,,2022,24.0506329113924
Morocco,,2021,22.7848101265823
Morocco,,2020,20.5063291139241
Morocco,,2019,20.5063291139241
Morocco,,2018,20.5063291139241
Morocco,,2017,20.5063291139241
Morocco,,2016,20.5063291139241
Morocco,,2015,16.9620253164557
Morocco,,2014,16.9620253164557
Morocco,,2013,16.9620253164557
Morocco,,2012,16.9620253164557
Morocco,,2011,16.9620253164557
Morocco,,2010,10.4615384615385
Morocco,,2009,10.4615384615385
Morocco,,2008,10.4615384615385
Morocco,,2007,10.4615384615385
Morocco,,2006,10.7692307692308
Morocco,,2005,10.7692307692308
Morocco,,2004,10.7692307692308
Morocco,,2003,10.7692307692308
Morocco,,2002,10.7692307692308
Morocco,,2001,0.615384615384615
Morocco,,2000,0.615384615384615
Morocco,,1999,0.615384615384615
Morocco,,1998,0.615384615384615
Morocco,,1997,0.615384615384615
Mozambique,,2025,38.3064516129032
Mozambique,,2024,39.2
Mozambique,,2023,43.2
Mozambique,,2022,42.4
Mozambique,,2021,42.4
Mozambique,,2020,42.4
Mozambique,,2019,41.2
Mozambique,,2018,39.6
Mozambique,,2017,39.6
Mozambique,,2016,39.6
Mozambique,,2015,39.6
Mozambique,,2013,39.2
Mozambique,,2012,39.2
Mozambique,,2011,39.2
Mozambique,,2010,39.2
Mozambique,,2009,39.2
Mozambique,,2008,34.8
Mozambique,,2007,34.8
Mozambique,,2006,34.8
Mozambique,,2005,34.8
Mozambique,,2004,34.8
Mozambique,,2003,30.0
Mozambique,,2002,30.0
Mozambique,,2001,30.0
Mozambique,,2000,30.0
Mozambique,,1998,25.2
Mozambique,,1997,25.2
Myanmar,,2021,15.2941176470588
Myanmar,,2020,16.8253968253968
Myanmar,,2019,11.3163972286374
Myanmar,,2018,10.161662817552
Myanmar,,2017,10.161662817552
Myanmar,,2016,9.93071593533487
Myanmar,,2015,12.6934984520124
Myanmar,,2014,5.59440559440559
Myanmar,,2013,6.03248259860789
Myanmar,,2012,6.03248259860789
Myanmar,,2011,3.54430379746835
Myanmar,,2010,4.29447852760736
Namibia,,2025,42.3076923076923
Namibia,,2024,40.625
Namibia,,2023,44.2307692307692
Namibia,,2022,44.2307692307692
Namibia,,2021,44.2307692307692
Namibia,,2020,43.2692307692308
Namibia,,2019,42.7083333333333
Namibia,,2018,46.1538461538462
Namibia,,2017,41.3461538461538
Namibia,,2016,41.3461538461538
Namibia,,2015,41.3461538461538
Namibia,,2013,24.3589743589744
Namibia,,2012,24.3589743589744
Namibia,,2011,24.3589743589744
Namibia,,2010,24.3589743589744
Namibia,,2009,26.9230769230769
Namibia,,2008,26.9230769230769
Namibia,,2007,26.9230769230769
Namibia,,2006,26.9230769230769
Namibia,,2005,26.9230769230769
Namibia,,2004,25.0
Namibia,,2003,26.3888888888889
Namibia,,2002,25.0
Namibia,,2001,25.0
Namibia,,2000,25.0
Namibia,,1999,22.2222222222222
Namibia,,1998,22.2222222222222
Namibia,,1997,22.2222222222222
Nepal,,2024,33.0882352941176
Nepal,,2023,33.0882352941176
Nepal,,2022,33.0909090909091
Nepal,,2021,32.7272727272727
Nepal,,2020,32.7272727272727
Nepal,,2019,32.7272727272727
Nepal,,2018,32.7272727272727
Nepal,,2017,29.5798319327731
Nepal,,2016,29.5798319327731
Nepal,,2015,29.5492487479132
Nepal,,2014,29.4807370184255
Nepal,,2012,33.1649831649832
Nepal,,2011,33.1649831649832
Nepal,,2010,33.1649831649832
Nepal,,2009,33.1649831649832
Nepal,,2008,33.1649831649832
Nepal,,2007,17.3252279635258
Nepal,,2006,5.88235294117647
Nepal,,2005,5.85365853658537
Nepal,,2004,5.85365853658537
Nepal,,2003,5.85365853658537
Nepal,,2002,5.85365853658537
Nepal,,2001,5.85365853658537
Nepal,,2000,5.85365853658537
Nepal,,1999,5.85365853658537
Nepal,,1998,3.41463414634146
Nepal,,1997,3.41463414634146
Netherlands,,2025,43.3333333333333
Netherlands,,2024,38.6666666666667
Netherlands,,2023,40.0
Netherlands,,2022,40.6666666666667
Netherlands,,2021,39.3333333333333
Netherlands,,2020,33.3333333333333
Netherlands,,2019,31.3333333333333
Netherlands,,2018,36.0
Netherlands,,2017,36.0
Netherlands,,2016,37.3333333333333
Netherlands,,2015,37.3333333333333
Netherlands,,2014,38.6666666666667
Netherlands,,2013,38.6666666666667
Netherlands,,2012,38.6666666666667
Netherlands,,2011,40.6666666666667
Netherlands,,2010,40.6666666666667
Netherlands,,2009,42.0
Netherlands,,2008,41.3333333333333
Netherlands,,2007,39.3333333333333
Netherlands,,2006,36.6666666666667
Netherlands,,2005,36.6666666666667
Netherlands,,2004,36.6666666666667
Netherlands,,2003,36.6666666666667
Netherlands,,2002,34.0
Netherlands,,2001,36.0
Netherlands,,2000,36.0
Netherlands,,1999,36.0
Netherlands,,1998,36.0
Netherlands,,1997,31.3333333333333
New Zealand,,2025,45.5284552845528
New Zealand,,2024,45.5284552845528
New Zealand,,2023,44.2622950819672
New Zealand,,2022,50.4201680672269
New Zealand,,2021,49.1666666666667
New Zealand,,2020,48.3333333333333
New Zealand,,2019,40.8333333333333
New Zealand,,2018,38.3333333333333
New Zealand,,2017,38.3333333333333
New Zealand,,2016,31.404958677686
New Zealand,,2015,31.404958677686
New Zealand,,2014,29.7520661157025
New Zealand,,2013,32.2314049586777
New Zealand,,2012,32.2314049586777
New Zealand,,2011,32.2314049586777
New Zealand,,2010,33.6065573770492
New Zealand,,2009,33.6065573770492
New Zealand,,2008,33.6065573770492
New Zealand,,2007,33.0578512396694
New Zealand,,2006,32.2314049586777
New Zealand,,2005,32.2314049586777
New Zealand,,2004,28.3333333333333
New Zealand,,2003,28.3333333333333
New Zealand,,2002,29.1666666666667
New Zealand,,2001,30.8333333333333
New Zealand,,2000,30.8333333333333
New Zealand,,1999,29.1666666666667
New Zealand,,1998,29.1666666666667
New Zealand,,1997,29.1666666666667
Nicaragua,,2025,54.9450549450549
Nicaragua,,2024,53.8461538461538
Nicaragua,,2023,51.6483516483517
Nicaragua,,2022,51.6483516483517
Nicaragua,,2021,50.5494505494505
Nicaragua,,2020,47.2527472527472
Nicaragua,,2019,44.5652173913043
Nicaragua,,2018,45.6521739130435
Nicaragua,,2017,45.6521739130435
Nicaragua,,2016,45.6521739130435
Nicaragua,,2015,41.304347826087
Nicaragua,,2014,42.3913043478261
Nicaragua,,2013,40.2173913043478
Nicaragua,,2012,40.2173913043478
Nicaragua,,2011,40.2173913043478
Nicaragua,,2010,20.6521739130435
Nicaragua,,2009,20.6521739130435
Nicaragua,,2008,18.4782608695652
Nicaragua,,2007,18.4782608695652
Nicaragua,,2006,15.2173913043478
Nicaragua,,2005,20.6521739130435
Nicaragua,,2004,20.6521739130435
Nicaragua,,2003,20.6521739130435
Nicaragua,,2002,20.6521739130435
Nicaragua,,2000,9.67741935483871
Nicaragua,,1999,9.67741935483871
Nicaragua,,1998,10.752688172043
Nicaragua,,1997,10.752688172043
Niger,,2025,19.5876288659794
Niger,,2022,25.9036144578313
Niger,,2021,25.9036144578313
Niger,,2020,16.9590643274854
Niger,,2019,16.9590643274854
Niger,,2018,16.9590643274854
Niger,,2017,16.9590643274854
Niger,,2016,14.6198830409357
Niger,,2015,13.2743362831858
Niger,,2014,13.2743362831858
Niger,,2013,13.2743362831858
Niger,,2012,13.2743362831858
Niger,,2011,13.2743362831858
Niger,,2009,9.73451327433628
Niger,,2008,12.3893805309735
Niger,,2007,12.3893805309735
Niger,,2006,12.3893805309735
Niger,,2005,12.3893805309735
Niger,,2004,12.3893805309735
Niger,,2003,1.20481927710843
Niger,,2002,1.20481927710843
Niger,,2001,1.20481927710843
Niger,,2000,1.20481927710843
Niger,,1998,1.20481927710843
Niger,,1997,1.20481927710843
Nigeria,,2025,4.21348314606742
Nigeria,,2024,3.91061452513966
Nigeria,,2023,3.91061452513966
Nigeria,,2022,3.61111111111111
Nigeria,,2021,3.61111111111111
Nigeria,,2020,7.22222222222222
Nigeria,,2019,3.38028169014084
Nigeria,,2018,5.55555555555556
Nigeria,,2017,5.55555555555556
Nigeria,,2016,5.55555555555556
Nigeria,,2015,5.55555555555556
Nigeria,,2014,6.66666666666667
Nigeria,,2013,6.66666666666667
Nigeria,,2012,6.66666666666667
Nigeria,,2011,6.81818181818182
Nigeria,,2010,6.98324022346369
Nigeria,,2009,6.98324022346369
Nigeria,,2008,6.98324022346369
Nigeria,,2007,6.98324022346369
Nigeria,,2006,6.11111111111111
Nigeria,,2005,6.38888888888889
Nigeria,,2004,4.72222222222222
Nigeria,,2003,4.72222222222222
Nigeria,,2002,3.41880341880342
Nigeria,,2001,3.41880341880342
Nigeria,,2000,3.41880341880342
North Macedonia,,2025,39.1666666666667
North Macedonia,,2024,39.1666666666667
North Macedonia,,2023,42.5
North Macedonia,,2022,41.6666666666667
North Macedonia,,2021,41.6666666666667
North Macedonia,,2020,39.1666666666667
North Macedonia,,2019,39.1666666666667
North Macedonia,,2018,38.3333333333333
North Macedonia,,2017,37.5
North Macedonia,,2016,33.3333333333333
North Macedonia,,2015,33.3333333333333
North Macedonia,,2014,33.3333333333333
North Macedonia,,2013,34.1463414634146
North Macedonia,,2012,32.520325203252
North Macedonia,,2011,30.8943089430894
North Macedonia,,2010,32.5
North Macedonia,,2009,32.5
North Macedonia,,2008,31.6666666666667
North Macedonia,,2007,29.1666666666667
North Macedonia,,2006,28.3333333333333
North Macedonia,,2005,19.1666666666667
North Macedonia,,2004,19.1666666666667
North Macedonia,,2003,18.3333333333333
North Macedonia,,2002,17.5
North Macedonia,,2001,6.66666666666667
North Macedonia,,2000,6.66666666666667
North Macedonia,,1999,7.5
North Macedonia,,1998,3.33333333333333
North Macedonia,,1997,3.33333333333333
Norway,,2025,40.2366863905325
Norway,,2024,44.3786982248521
Norway,,2023,46.1538461538462
Norway,,2022,44.9704142011834
Norway,,2021,44.9704142011834
Norway,,2020,41.4201183431953
Norway,,2019,40.8284023668639
Norway,,2018,41.4201183431953
Norway,,2017,41.4201183431953
Norway,,2016,39.6449704142012
Norway,,2015,39.6449704142012
Norway,,2014,39.6449704142012
Norway,,2013,39.6449704142012
Norway,,2012,39.6449704142012
Norway,,2011,39.6449704142012
Norway,,2010,39.6449704142012
Norway,,2009,39.6449704142012
Norway,,2008,36.094674556213
Norway,,2007,36.094674556213
Norway,,2006,37.8698224852071
Norway,,2005,37.8698224852071
Norway,,2004,38.1818181818182
Norway,,2003,36.3636363636364
Norway,,2002,36.3636363636364
Norway,,2001,35.7575757575758
Norway,,2000,36.3636363636364
Norway,,1999,36.3636363636364
Norway,,1998,36.3636363636364
Norway,,1997,36.3636363636364
Oman,,2025,0.0
Oman,,2024,0.0
Oman,,2023,0.0
Oman,,2022,2.32558139534884
Oman,,2021,2.32558139534884
Oman,,2020,2.32558139534884
Oman,,2019,2.32558139534884
Oman,,2018,1.17647058823529
Oman,,2017,1.17647058823529
Oman,,2016,1.17647058823529
Oman,,2015,1.17647058823529
Oman,,2014,1.19047619047619
Oman,,2013,1.19047619047619
Oman,,2012,1.19047619047619
Oman,,2011,1.19047619047619
Oman,,2010,0.0
Oman,,2009,0.0
Oman,,2008,0.0
Oman,,2007,0.0
Oman,,2006,2.40963855421687
Oman,,2005,2.40963855421687
Oman,,2004,2.40963855421687
Pakistan,,2025,17.0418006430868
Pakistan,,2024,17.0418006430868
Pakistan,,2023,20.4678362573099
Pakistan,,2022,20.4678362573099
Pakistan,,2021,20.1754385964912
Pakistan,,2020,20.1754385964912
Pakistan,,2019,20.2346041055718
Pakistan,,2018,20.2346041055718
Pakistan,,2017,20.5882352941176
Pakistan,,2016,20.5882352941176
Pakistan,,2015,20.5882352941176
Pakistan,,2014,20.7430340557276
Pakistan,,2013,20.7430340557276
Pakistan,,2012,22.5146198830409
Pakistan,,2011,22.5146198830409
Pakistan,,2010,22.2222222222222
Pakistan,,2009,22.2222222222222
Pakistan,,2008,22.4852071005917
Pakistan,,2007,21.0526315789474
Pakistan,,2006,21.3450292397661
Pakistan,,2005,21.3450292397661
Pakistan,,2004,21.3450292397661
Pakistan,,2003,21.6374269005848
Pakistan,,2002,21.0526315789474
Pakistan,,1998,2.30414746543779
Pakistan,,1997,2.30414746543779
Palau,,2025,25.0
Palau,,2024,25.0
Palau,,2023,6.25
Palau,,2022,6.25
Palau,,2021,6.25
Palau,,2020,6.25
Palau,,2019,12.5
Palau,,2018,12.5
Palau,,2017,12.5
Palau,,2016,12.5
Palau,,2015,0.0
Palau,,2014,0.0
Palau,,2013,0.0
Palau,,2012,0.0
Palau,,2011,0.0
Palau,,2010,0.0
Palau,,2009,0.0
Palau,,2008,0.0
Palau,,2007,0.0
Palau,,2006,0.0
Palau,,2005,0.0
Palau,,2004,0.0
Palau,,2003,0.0
Palau,,2002,0.0
Palau,,2001,0.0
Palau,,2000,0.0
Palau,,1999,0.0
Palau,,1998,0.0
Palau,,1997,0.0
Panama,,2025,21.7391304347826
Panama,,2024,21.4285714285714
Panama,,2023,22.5352112676056
Panama,,2022,22.5352112676056
Panama,,2021,22.5352112676056
Panama,,2020,22.5352112676056
Panama,,2019,21.1267605633803
Panama,,2018,18.3098591549296
Panama,,2017,18.3098591549296
Panama,,2016,18.3098591549296
Panama,,2015,18.3098591549296
Panama,,2014,19.2982456140351
Panama,,2013,8.45070422535211
Panama,,2012,8.45070422535211
Panama,,2011,8.45070422535211
Panama,,2010,8.45070422535211
Panama,,2009,8.45070422535211
Panama,,2008,16.6666666666667
Panama,,2007,16.6666666666667
Panama,,2006,16.6666666666667
Panama,,2005,16.6666666666667
Panama,,2004,16.6666666666667
Panama,,2003,9.85915492957746
Panama,,2002,9.85915492957746
Panama,,2001,9.85915492957746
Panama,,2000,9.85915492957746
Panama,,1998,9.72222222222222
Panama,,1997,9.72222222222222
Papua New Guinea,,2025,2.7027027027027
Papua New Guinea,,2024,2.7027027027027
Papua New Guinea,,2023,2.7027027027027
Papua New Guinea,,2022,1.73913043478261
Papua New Guinea,,2021,0.0
Papua New Guinea,,2020,0.0
Papua New Guinea,,2019,0.0
Papua New Guinea,,2018,0.0
Papua New Guinea,,2017,0.0
Papua New Guinea,,2016,2.7027027027027
Papua New Guinea,,2015,2.7027027027027
Papua New Guinea,,2014,2.7027027027027
Papua New Guinea,,2013,2.7027027027027
Papua New Guinea,,2012,2.7027027027027
Papua New Guinea,,2011,0.917431192660551
Papua New Guinea,,2010,0.917431192660551
Papua New Guinea,,2009,0.917431192660551
Papua New Guinea,,2008,0.917431192660551
Papua New Guinea,,2007,0.917431192660551
Papua New Guinea,,2006,0.917431192660551
Papua New Guinea,,2005,0.917431192660551
Papua New Guinea,,2004,0.917431192660551
Papua New Guinea,,2003,0.917431192660551
Papua New Guinea,,2001,1.8348623853211
Papua New Guinea,,2000,1.8348623853211
Papua New Guinea,,1999,1.8348623853211
Papua New Guinea,,1998,1.8348623853211
Papua New Guinea,,1997,1.8348623853211
Paraguay,,2025,23.75
Paraguay,,2024,23.75
Paraguay,,2023,22.5
Paraguay,,2022,17.5
Paraguay,,2021,16.25
Paraguay,,2020,16.25
Paraguay,,2019,15.0
Paraguay,,2018,15.0
Paraguay,,2017,13.75
Paraguay,,2016,15.0
Paraguay,,2015,15.0
Paraguay,,2014,15.0
Paraguay,,2013,17.5
Paraguay,,2012,12.5
Paraguay,,2011,12.5
Paraguay,,2010,12.5
Paraguay,,2009,12.5
Paraguay,,2008,12.5
Paraguay,,2007,10.0
Paraguay,,2006,10.0
Paraguay,,2005,10.0
Paraguay,,2004,10.0
Paraguay,,2003,8.75
Paraguay,,2002,2.5
Paraguay,,2001,2.5
Paraguay,,2000,2.5
Paraguay,,1999,2.5
Paraguay,,1997,2.5
Peru,,2025,41.5384615384615
Peru,,2024,38.4615384615385
Peru,,2023,38.7596899224806
Peru,,2022,40.0
Peru,,2021,40.0
Peru,,2020,26.1538461538462
Peru,,2019,30.0
Peru,,2018,27.6923076923077
Peru,,2017,27.6923076923077
Peru,,2016,27.6923076923077
Peru,,2015,22.3076923076923
Peru,,2014,22.3076923076923
Peru,,2013,21.5384615384615
Peru,,2012,21.5384615384615
Peru,,2011,21.5384615384615
Peru,,2010,27.5
Peru,,2009,27.5
Peru,,2008,29.1666666666667
Peru,,2007,29.1666666666667
Peru,,2006,29.1666666666667
Peru,,2005,18.3333333333333
Peru,,2004,18.3333333333333
Peru,,2003,18.3333333333333
Peru,,2002,18.3333333333333
Peru,,2001,18.3333333333333
Peru,,1999,10.8333333333333
Peru,,1998,10.8333333333333
Peru,,1997,10.8333333333333
Philippines,,2025,28.343949044586
Philippines,,2024,27.3311897106109
Philippines,,2023,27.3311897106109
Philippines,,2022,27.3311897106109
Philippines,,2021,27.9605263157895
Philippines,,2020,27.9605263157895
Philippines,,2019,27.9605263157895
Philippines,,2018,29.4520547945205
Philippines,,2017,29.4520547945205
Philippines,,2016,29.7945205479452
Philippines,,2015,27.2413793103448
Philippines,,2014,27.3356401384083
Philippines,,2013,27.3356401384083
Philippines,,2012,22.887323943662
Philippines,,2011,22.887323943662
Philippines,,2010,22.1428571428571
Philippines,,2009,20.9737827715356
Philippines,,2008,20.5020920502092
Philippines,,2007,20.5020920502092
Philippines,,2006,15.2542372881356
Philippines,,2005,15.2542372881356
Philippines,,2004,15.2542372881356
Philippines,,2003,17.7570093457944
Philippines,,2002,17.7570093457944
Philippines,,2001,17.7570093457944
Philippines,,2000,11.2612612612613
Philippines,,1999,12.4423963133641
Philippines,,1998,12.4423963133641
Philippines,,1997,11.0599078341014
Poland,,2025,31.304347826087
Poland,,2024,29.5652173913043
Poland,,2023,29.3478260869565
Poland,,2022,28.2608695652174
Poland,,2021,28.322440087146
Poland,,2020,28.695652173913
Poland,,2019,28.695652173913
Poland,,2018,28.0434782608696
Poland,,2017,28.0434782608696
Poland,,2016,27.3913043478261
Poland,,2015,27.3913043478261
Poland,,2014,24.3478260869565
Poland,,2013,23.695652173913
Poland,,2012,23.695652173913
Poland,,2011,23.695652173913
Poland,,2010,20.0
Poland,,2009,20.0
Poland,,2008,20.2173913043478
Poland,,2007,20.4347826086957
Poland,,2006,20.4347826086957
Poland,,2005,20.4347826086957
Poland,,2004,20.2173913043478
Poland,,2003,20.2173913043478
Poland,,2002,20.2173913043478
Poland,,2001,20.2173913043478
Poland,,2000,13.0434782608696
Poland,,1999,13.0434782608696
Poland,,1998,13.0434782608696
Poland,,1997,13.0434782608696
Portugal,,2025,35.6521739130435
Portugal,,2024,32.6086956521739
Portugal,,2023,36.0869565217391
Portugal,,2022,36.9565217391304
Portugal,,2021,40.0
Portugal,,2020,40.0
Portugal,,2019,38.695652173913
Portugal,,2018,34.7826086956522
Portugal,,2017,34.7826086956522
Portugal,,2016,34.7826086956522
Portugal,,2015,34.7826086956522
Portugal,,2014,31.304347826087
Portugal,,2013,31.304347826087
Portugal,,2012,28.695652173913
Portugal,,2011,28.695652173913
Portugal,,2010,27.3913043478261
Portugal,,2009,27.3913043478261
Portugal,,2008,28.2608695652174
Portugal,,2007,28.2608695652174
Portugal,,2006,21.304347826087
Portugal,,2005,21.304347826087
Portugal,,2004,19.1304347826087
Portugal,,2003,19.1304347826087
Portugal,,2002,19.1304347826087
Portugal,,2001,18.695652173913
Portugal,,2000,17.3913043478261
Portugal,,1999,18.695652173913
Portugal,,1998,13.0434782608696
Portugal,,1997,13.0434782608696
Qatar,,2025,6.12244897959184
Qatar,,2024,4.44444444444444
Qatar,,2023,4.44444444444444
Qatar,,2022,4.44444444444444
Qatar,,2021,4.44444444444444
Qatar,,2020,9.75609756097561
Qatar,,2019,9.75609756097561
Qatar,,2018,9.75609756097561
Qatar,,2017,9.75609756097561
Qatar,,2016,0.0
Qatar,,2015,0.0
Qatar,,2014,0.0
Qatar,,2013,0.0
Qatar,,2012,0.0
Qatar,,2011,0.0
Qatar,,2010,0.0
Qatar,,2009,0.0
Qatar,,2008,0.0
Qatar,,2007,0.0
Qatar,,2006,0.0
Romania,,2025,22.3564954682779
Romania,,2024,19.2073170731707
Romania,,2023,19.0909090909091
Romania,,2022,19.0909090909091
Romania,,2021,18.5410334346505
Romania,,2020,21.8844984802432
Romania,,2019,21.8844984802432
Romania,,2018,20.6686930091185
Romania,,2017,20.6686930091185
Romania,,2016,13.715710723192
Romania,,2015,13.715710723192
Romania,,2014,13.5135135135135
Romania,,2013,13.3495145631068
Romania,,2012,13.3495145631068
Romania,,2011,11.2121212121212
Romania,,2010,11.377245508982
Romania,,2009,11.377245508982
Romania,,2008,11.377245508982
Romania,,2007,9.39393939393939
Romania,,2006,11.178247734139
Romania,,2005,11.178247734139
Romania,,2004,11.4457831325301
Romania,,2003,10.7246376811594
Romania,,2002,10.7246376811594
Romania,,2001,10.7246376811594
Romania,,1999,7.28862973760933
Romania,,1998,7.28862973760933
Romania,,1997,7.28862973760933
Russia,,2025,16.4444444444444
Russia,,2024,16.4444444444444
Russia,,2023,16.4444444444445
Russia,,2022,16.2222222222222
Russia,,2021,16.2222222222222
Russia,,2020,15.7777777777778
Russia,,2019,15.7777777777778
Russia,,2018,15.7777777777778
Russia,,2017,15.7777777777778
Russia,,2016,12.6666666666667
Russia,,2015,13.5555555555556
Russia,,2014,13.5555555555556
Russia,,2013,13.5555555555556
Russia,,2012,13.5555555555556
Russia,,2011,13.5555555555556
Russia,,2010,14.0
Russia,,2009,14.0
Russia,,2008,14.0
Russia,,2007,14.0
Russia,,2006,9.84340044742729
Russia,,2005,9.84340044742729
Russia,,2004,9.84340044742729
Russia,,2003,7.57238307349666
Russia,,2002,7.57238307349666
Russia,,2001,7.57238307349666
Russia,,2000,7.70975056689342
Russia,,1998,10.2222222222222
Russia,,1997,10.2222222222222
Rwanda,,2025,63.75
Rwanda,,2024,63.75
Rwanda,,2023,61.25
Rwanda,,2022,61.25
Rwanda,,2021,61.25
Rwanda,,2020,61.25
Rwanda,,2019,61.25
Rwanda,,2018,61.25
Rwanda,,2017,61.25
Rwanda,,2016,63.75
Rwanda,,2015,63.75
Rwanda,,2014,63.75
Rwanda,,2013,63.75
Rwanda,,2012,56.25
Rwanda,,2011,56.25
Rwanda,,2010,56.25
Rwanda,,2009,56.25
Rwanda,,2008,56.25
Rwanda,,2007,48.75
Rwanda,,2006,48.75
Rwanda,,2005,48.75
Rwanda,,2004,48.75
Rwanda,,2003,48.75
Rwanda,,2002,25.6756756756757
Rwanda,,2001,25.6756756756757
Rwanda,,2000,25.7142857142857
Rwanda,,1999,17.1428571428571
Rwanda,,1998,17.1428571428571
Rwanda,,1997,17.1428571428571
Samoa,,2025,9.80392156862745
Samoa,,2024,12.962962962963
Samoa,,2023,12.962962962963
Samoa,,2022,12.962962962963
Samoa,,2021,7.84313725490196
Samoa,,2020,10.0
Samoa,,2019,10.0
Samoa,,2018,10.0
Samoa,,2017,10.0
Samoa,,2016,10.0
Samoa,,2015,6.12244897959184
Samoa,,2014,6.12244897959184
Samoa,,2013,4.08163265306122
Samoa,,2012,4.08163265306122
Samoa,,2011,4.08163265306122
Samoa,,2010,8.16326530612245
Samoa,,2009,8.16326530612245
Samoa,,2008,8.16326530612245
Samoa,,2007,8.16326530612245
Samoa,,2006,6.12244897959184
Samoa,,2005,6.12244897959184
Samoa,,2004,6.12244897959184
Samoa,,2003,6.12244897959184
Samoa,,2002,6.12244897959184
Samoa,,2001,6.12244897959184
Samoa,,2000,8.16326530612245
Samoa,,1999,8.16326530612245
Samoa,,1998,4.08163265306122
Samoa,,1997,4.08163265306122
San Marino,,2025,35.0
San Marino,,2024,35.0
San Marino,,2023,33.3333333333333
San Marino,,2022,33.3333333333333
San Marino,,2021,33.3333333333333
San Marino,,2020,33.3333333333333
San Marino,,2019,25.0
San Marino,,2018,26.6666666666667
San Marino,,2017,26.6666666666667
San Marino,,2016,23.3333333333333
San Marino,,2015,16.6666666666667
San Marino,,2014,18.3333333333333
San Marino,,2013,18.3333333333333
San Marino,,2012,16.6666666666667
San Marino,,2011,18.3333333333333
San Marino,,2010,16.6666666666667
San Marino,,2009,16.6666666666667
San Marino,,2008,15.0
San Marino,,2007,11.6666666666667
San Marino,,2006,11.6666666666667
San Marino,,2005,16.6666666666667
San Marino,,2004,16.6666666666667
San Marino,,2003,16.6666666666667
San Marino,,2002,16.6666666666667
San Marino,,2001,16.6666666666667
San Marino,,2000,13.3333333333333
San Marino,,1999,13.3333333333333
San Marino,,1998,13.3333333333333
San Marino,,1997,11.6666666666667
São Tomé and Príncipe,,2025,14.5454545454545
São Tomé and Príncipe,,2024,14.5454545454545
São Tomé and Príncipe,,2023,14.5454545454545
São Tomé and Príncipe,,2022,14.5454545454545
São Tomé and Príncipe,,2021,23.6363636363636
São Tomé and Príncipe,,2020,23.6363636363636
São Tomé and Príncipe,,2019,14.5454545454545
São Tomé and Príncipe,,2018,14.5454545454545
São Tomé and Príncipe,,2017,18.1818181818182
São Tomé and Príncipe,,2016,18.1818181818182
São Tomé and Príncipe,,2015,18.1818181818182
São Tomé and Príncipe,,2014,18.1818181818182
São Tomé and Príncipe,,2013,18.1818181818182
São Tomé and Príncipe,,2012,18.1818181818182
São Tomé and Príncipe,,2011,18.1818181818182
São Tomé and Príncipe,,2010,18.1818181818182
São Tomé and Príncipe,,2009,7.27272727272727
São Tomé and Príncipe,,2008,7.27272727272727
São Tomé and Príncipe,,2007,1.81818181818182
São Tomé and Príncipe,,2006,7.27272727272727
São Tomé and Príncipe,,2005,9.09090909090909
São Tomé and Príncipe,,2004,9.09090909090909
São Tomé and Príncipe,,2003,9.09090909090909
São Tomé and Príncipe,,2001,9.09090909090909
São Tomé and Príncipe,,2000,9.09090909090909
São Tomé and Príncipe,,1999,9.09090909090909
São Tomé and Príncipe,,1998,7.27272727272727
São Tomé and Príncipe,,1997,7.27272727272727
Saudi Arabia,,2025,19.8675496688742
Saudi Arabia,,2024,19.8675496688742
Saudi Arabia,,2023,19.8675496688742
Saudi Arabia,,2022,19.8675496688742
Saudi Arabia,,2021,19.8675496688742
Saudi Arabia,,2020,19.8675496688742
Saudi Arabia,,2019,19.8675496688742
Saudi Arabia,,2018,19.8675496688742
Saudi Arabia,,2017,19.8675496688742
Saudi Arabia,,2016,19.8675496688742
Saudi Arabia,,2015,19.8675496688742
Saudi Arabia,,2014,19.8675496688742
Saudi Arabia,,2013,19.8675496688742
Saudi Arabia,,2012,0.0
Saudi Arabia,,2011,0.0
Saudi Arabia,,2010,0.0
Saudi Arabia,,2009,0.0
Saudi Arabia,,2008,0.0
Saudi Arabia,,2007,0.0
Saudi Arabia,,2006,0.0
Saudi Arabia,,2005,0.0
Saudi Arabia,,2004,0.0
Saudi Arabia,,2003,0.0
Senegal,,2025,41.2121212121212
Senegal,,2024,41.2121212121212
Senegal,,2023,46.0606060606061
Senegal,,2022,44.2424242424242
Senegal,,2021,43.030303030303
Senegal,,2020,43.030303030303
Senegal,,2019,41.8181818181818
Senegal,,2018,41.8181818181818
Senegal,,2017,41.8181818181818
Senegal,,2016,42.6666666666667
Senegal,,2015,42.6666666666667
Senegal,,2014,43.3333333333333
Senegal,,2013,42.6666666666667
Senegal,,2012,42.6666666666667
Senegal,,2011,22.6666666666667
Senegal,,2010,22.6666666666667
Senegal,,2009,22.6666666666667
Senegal,,2008,22.0
Senegal,,2007,22.0
Senegal,,2006,19.1666666666667
Senegal,,2005,19.1666666666667
Senegal,,2004,19.1666666666667
Senegal,,2003,19.1666666666667
Senegal,,2002,19.1666666666667
Senegal,,2001,16.6666666666667
Senegal,,2000,12.1428571428571
Senegal,,1999,12.1428571428571
Senegal,,1998,12.1428571428571
Senegal,,1997,11.6666666666667
Serbia,,2025,37.2
Serbia,,2024,38.0
Serbia,,2023,34.8
Serbia,,2022,36.5546218487395
Serbia,,2021,39.2
Serbia,,2020,38.8
Serbia,,2019,37.6518218623482
Serbia,,2018,34.4
Serbia,,2017,34.4
Serbia,,2016,34.0
Serbia,,2015,34.0
Serbia,,2014,34.0
Serbia,,2013,33.2
Serbia,,2012,33.2
Serbia,,2011,22.0
Serbia,,2010,21.6
Serbia,,2009,21.6
Serbia,,2008,21.6
Serbia,,2007,20.4
Serbia,,2006,12.0
Seychelles,,2025,26.4705882352941
Seychelles,,2024,20.5882352941176
Seychelles,,2023,22.8571428571429
Seychelles,,2022,22.8571428571429
Seychelles,,2021,22.8571428571429
Seychelles,,2020,24.2424242424242
Seychelles,,2019,21.2121212121212
Seychelles,,2018,21.2121212121212
Seychelles,,2017,21.2121212121212
Seychelles,,2016,21.2121212121212
Seychelles,,2015,43.75
Seychelles,,2014,43.75
Seychelles,,2013,43.75
Seychelles,,2012,43.75
Seychelles,,2011,43.75
Seychelles,,2010,23.5294117647059
Seychelles,,2009,23.5294117647059
Seychelles,,2008,23.5294117647059
Seychelles,,2007,23.5294117647059
Seychelles,,2006,29.4117647058824
Seychelles,,2005,29.4117647058824
Seychelles,,2004,29.4117647058824
Seychelles,,2003,29.4117647058824
Seychelles,,2002,29.4117647058824
Seychelles,,2001,23.5294117647059
Seychelles,,2000,23.5294117647059
Seychelles,,1999,23.5294117647059
Seychelles,,1998,23.5294117647059
Seychelles,,1997,27.2727272727273
Sierra Leone,,2025,29.5302013422819
Sierra Leone,,2024,29.5302013422819
Sierra Leone,,2023,28.1879194630873
Sierra Leone,,2022,12.3287671232877
Sierra Leone,,2021,12.3287671232877
Sierra Leone,,2020,12.3287671232877
Sierra Leone,,2019,12.3287671232877
Sierra Leone,,2018,12.3287671232877
Sierra Leone,,2017,12.396694214876
Sierra Leone,,2016,12.396694214876
Sierra Leone,,2015,12.396694214876
Sierra Leone,,2014,12.0967741935484
Sierra Leone,,2013,12.396694214876
Sierra Leone,,2012,12.396694214876
Sierra Leone,,2011,12.9032258064516
Sierra Leone,,2010,13.2231404958678
Sierra Leone,,2009,13.2231404958678
Sierra Leone,,2008,13.2231404958678
Sierra Leone,,2007,13.2231404958678
Sierra Leone,,2006,14.5161290322581
Sierra Leone,,2005,14.5161290322581
Sierra Leone,,2004,14.5161290322581
Sierra Leone,,2003,14.5161290322581
Sierra Leone,,2001,8.75
Sierra Leone,,2000,8.75
Sierra Leone,,1999,8.75
Singapore,,2025,32.3232323232323
Singapore,,2024,29.2929292929293
Singapore,,2023,29.126213592233
Singapore,,2022,29.126213592233
Singapore,,2021,29.8076923076923
Singapore,,2020,29.4736842105263
Singapore,,2019,23.0
Singapore,,2018,23.0
Singapore,,2017,23.0
Singapore,,2016,23.7623762376238
Singapore,,2015,23.9130434782609
Singapore,,2014,25.2525252525253
Singapore,,2013,24.2424242424242
Singapore,,2012,24.2424242424242
Singapore,,2011,22.2222222222222
Singapore,,2010,23.4042553191489
Singapore,,2009,23.4042553191489
Singapore,,2008,24.468085106383
Singapore,,2007,24.468085106383
Singapore,,2006,21.1764705882353
Singapore,,2005,15.9574468085106
Singapore,,2004,15.9574468085106
Singapore,,2003,15.9574468085106
Singapore,,2002,11.7647058823529
Singapore,,2001,11.7647058823529
Singapore,,2000,4.3010752688172
Singapore,,1999,4.3010752688172
Singapore,,1998,4.76190476190476
Singapore,,1997,4.76190476190476
Slovakia,,2025,23.3333333333333
Slovakia,,2024,22.6666666666667
Slovakia,,2023,22.0
Slovakia,,2022,21.3333333333333
Slovakia,,2021,22.6666666666667
Slovakia,,2020,22.6666666666667
Slovakia,,2019,20.0
Slovakia,,2018,20.0
Slovakia,,2017,20.0
Slovakia,,2016,20.0
Slovakia,,2015,18.6666666666667
Slovakia,,2014,18.6666666666667
Slovakia,,2013,18.6666666666667
Slovakia,,2012,18.6666666666667
Slovakia,,2011,16.0
Slovakia,,2010,15.3333333333333
Slovakia,,2009,18.0
Slovakia,,2008,19.3333333333333
Slovakia,,2007,19.3333333333333
Slovakia,,2006,20.0
Slovakia,,2005,16.6666666666667
Slovakia,,2004,16.6666666666667
Slovakia,,2003,19.3333333333333
Slovakia,,2002,17.3333333333333
Slovakia,,2001,14.0
Slovakia,,2000,14.0
Slovakia,,1999,12.6666666666667
Slovakia,,1998,14.6666666666667
Slovakia,,1997,14.6666666666667
Slovenia,,2025,35.5555555555556
Slovenia,,2024,37.7777777777778
Slovenia,,2023,37.7777777777778
Slovenia,,2022,40.0
Slovenia,,2021,26.6666666666667
Slovenia,,2020,27.7777777777778
Slovenia,,2019,27.7777777777778
Slovenia,,2018,24.4444444444444
Slovenia,,2017,36.6666666666667
Slovenia,,2016,36.6666666666667
Slovenia,,2015,36.6666666666667
Slovenia,,2014,35.5555555555556
Slovenia,,2013,32.2222222222222
Slovenia,,2012,32.2222222222222
Slovenia,,2011,32.2222222222222
Slovenia,,2010,14.4444444444444
Slovenia,,2009,14.4444444444444
Slovenia,,2008,13.3333333333333
Slovenia,,2007,12.2222222222222
Slovenia,,2006,12.2222222222222
Slovenia,,2005,12.2222222222222
Slovenia,,2004,12.2222222222222
Slovenia,,2003,12.2222222222222
Slovenia,,2002,12.2222222222222
Slovenia,,2001,12.2222222222222
Slovenia,,1999,7.77777777777778
Slovenia,,1998,7.77777777777778
Slovenia,,1997,7.77777777777778
Solomon Islands,,2025,6.0
Solomon Islands,,2024,6.0
Solomon Islands,,2023,8.0
Solomon Islands,,2022,8.0
Solomon Islands,,2021,8.0
Solomon Islands,,2020,6.38297872340426
Solomon Islands,,2019,4.08163265306122
Solomon Islands,,2018,2.04081632653061
Solomon Islands,,2017,2.0
Solomon Islands,,2016,2.0
Solomon Islands,,2015,2.0
Solomon Islands,,2014,2.0
Solomon Islands,,2013,2.0
Solomon Islands,,2012,2.0
Solomon Islands,,2011,0.0
Solomon Islands,,2010,0.0
Solomon Islands,,2009,0.0
Solomon Islands,,2008,0.0
Solomon Islands,,2007,0.0
Solomon Islands,,2006,0.0
Solomon Islands,,2005,0.0
Solomon Islands,,2004,0.0
Solomon Islands,,2003,0.0
Solomon Islands,,2002,0.0
Solomon Islands,,2000,2.04081632653061
Solomon Islands,,1999,2.04081632653061
Solomon Islands,,1998,2.04081632653061
Somalia,,2025,18.978102189781
Somalia,,2024,19.6363636363636
Somalia,,2023,19.7080291970803
Somalia,,2022,19.7080291970803
Somalia,,2021,24.3636363636364
Somalia,,2020,24.3636363636364
Somalia,,2019,24.3636363636364
Somalia,,2018,24.3636363636364
Somalia,,2017,24.3636363636364
Somalia,,2015,13.8181818181818
Somalia,,2014,13.8181818181818
Somalia,,2013,13.8181818181818
Somalia,,2012,13.8181818181818
Somalia,,2011,6.77655677655678
Somalia,,2010,6.77655677655678
Somalia,,2009,6.86456400742115
Somalia,,2008,8.203125
Somalia,,2007,8.203125
Somalia,,2006,7.80669144981413
Somalia,,2005,8.0
South Africa,,2025,44.8621553884712
South Africa,,2024,44.702842377261
South Africa,,2023,45.8646616541353
South Africa,,2022,46.5
South Africa,,2021,46.5822784810127
South Africa,,2020,46.75
South Africa,,2019,46.3476070528967
South Africa,,2018,42.7480916030534
South Africa,,2017,41.8367346938776
South Africa,,2016,42.0
South Africa,,2015,42.0
South Africa,,2014,41.5
South Africa,,2013,42.25
South Africa,,2012,42.25
South Africa,,2011,42.25
South Africa,,2010,44.5
South Africa,,2009,44.5
South Africa,,2008,33.0
South Africa,,2007,33.0
South Africa,,2006,32.75
South Africa,,2005,32.75
South Africa,,2004,32.7787021630616
South Africa,,2003,29.8245614035088
South Africa,,2002,29.8245614035088
South Africa,,2001,29.8245614035088
South Africa,,2000,29.8245614035088
South Africa,,1999,30.0
South Africa,,1998,28.75
South Africa,,1997,25.0
South Sudan,,2025,32.3636363636364
South Sudan,,2024,32.3636363636364
South Sudan,,2023,32.3636363636364
South Sudan,,2022,32.3636363636364
South Sudan,,2021,32.3636363636364
South Sudan,,2020,28.4595300261097
South Sudan,,2019,28.4595300261097
South Sudan,,2018,28.4595300261097
South Sudan,,2017,28.4595300261097
South Sudan,,2016,28.4595300261097
South Sudan,,2015,26.5060240963855
South Sudan,,2014,26.5060240963855
South Sudan,,2013,26.5060240963855
South Sudan,,2012,26.5060240963855
South Sudan,,2011,26.5060240963855
Spain,,2025,44.2857142857143
Spain,,2024,44.2857142857143
Spain,,2023,44.2857142857143
Spain,,2022,42.9799426934097
Spain,,2021,43.4285714285714
Spain,,2020,44.0
Spain,,2019,44.0
Spain,,2018,39.1428571428571
Spain,,2017,39.1428571428571
Spain,,2016,39.1428571428571
Spain,,2015,41.1428571428571
Spain,,2014,39.7142857142857
Spain,,2013,36.0
Spain,,2012,36.0
Spain,,2011,36.0
Spain,,2010,36.5714285714286
Spain,,2009,36.5714285714286
Spain,,2008,36.2857142857143
Spain,,2007,36.5714285714286
Spain,,2006,36.0
Spain,,2005,36.0
Spain,,2004,36.0
Spain,,2003,28.2857142857143
Spain,,2002,28.2857142857143
Spain,,2001,28.2857142857143
Spain,,2000,28.2857142857143
Spain,,1999,21.551724137931
Spain,,1998,24.7126436781609
Spain,,1997,24.7126436781609
Sri Lanka,,2025,9.77777777777778
Sri Lanka,,2024,10.0
Sri Lanka,,2023,5.33333333333333
Sri Lanka,,2022,5.33333333333333
Sri Lanka,,2021,5.38116591928251
Sri Lanka,,2020,5.38116591928251
Sri Lanka,,2019,5.33333333333333
Sri Lanka,,2018,5.77777777777778
Sri Lanka,,2017,5.77777777777778
Sri Lanka,,2016,5.77777777777778
Sri Lanka,,2015,4.88888888888889
Sri Lanka,,2014,5.77777777777778
Sri Lanka,,2013,5.77777777777778
Sri Lanka,,2012,5.77777777777778
Sri Lanka,,2011,5.77777777777778
Sri Lanka,,2010,5.33333333333333
Sri Lanka,,2009,5.77777777777778
Sri Lanka,,2008,5.77777777777778
Sri Lanka,,2007,5.77777777777778
Sri Lanka,,2006,4.88888888888889
Sri Lanka,,2005,4.88888888888889
Sri Lanka,,2004,4.88888888888889
Sri Lanka,,2003,4.44444444444444
Sri Lanka,,2002,4.44444444444444
Sri Lanka,,1999,4.88888888888889
Sri Lanka,,1998,5.33333333333333
Sri Lanka,,1997,5.33333333333333
Saint Kitts and Nevis,,2025,31.25
Saint Kitts and Nevis,,2024,31.25
Saint Kitts and Nevis,,2023,31.25
Saint Kitts and Nevis,,2022,31.25
Saint Kitts and Nevis,,2021,25.0
Saint Kitts and Nevis,,2020,25.0
Saint Kitts and Nevis,,2019,13.3333333333333
Saint Kitts and Nevis,,2018,13.3333333333333
Saint Kitts and Nevis,,2017,13.3333333333333
Saint Kitts and Nevis,,2016,13.3333333333333
Saint Kitts and Nevis,,2015,13.3333333333333
Saint Kitts and Nevis,,2014,6.66666666666667
Saint Kitts and Nevis,,2013,6.66666666666667
Saint Kitts and Nevis,,2012,6.66666666666667
Saint Kitts and Nevis,,2011,6.66666666666667
Saint Kitts and Nevis,,2010,6.66666666666667
Saint Kitts and Nevis,,2009,6.66666666666667
Saint Kitts and Nevis,,2008,6.66666666666667
Saint Kitts and Nevis,,2007,6.66666666666667
Saint Kitts and Nevis,,2006,0.0
Saint Kitts and Nevis,,2005,0.0
Saint Kitts and Nevis,,2004,0.0
Saint Kitts and Nevis,,2003,13.3333333333333
Saint Kitts and Nevis,,2002,13.3333333333333
Saint Kitts and Nevis,,2001,13.3333333333333
Saint Kitts and Nevis,,2000,13.3333333333333
Saint Kitts and Nevis,,1999,13.3333333333333
Saint Kitts and Nevis,,1998,13.3333333333333
Saint Kitts and Nevis,,1997,13.3333333333333
Saint Lucia,,2025,10.5263157894737
Saint Lucia,,2024,11.1111111111111
Saint Lucia,,2023,11.1111111111111
Saint Lucia,,2022,11.1111111111111
Saint Lucia,,2021,11.1111111111111
Saint Lucia,,2020,16.6666666666667
Saint Lucia,,2019,16.6666666666667
Saint Lucia,,2018,16.6666666666667
Saint Lucia,,2017,16.6666666666667
Saint Lucia,,2016,16.6666666666667
Saint Lucia,,2015,16.6666666666667
Saint Lucia,,2014,16.6666666666667
Saint Lucia,,2013,16.6666666666667
Saint Lucia,,2012,16.6666666666667
Saint Lucia,,2011,16.6666666666667
Saint Lucia,,2010,11.1111111111111
Saint Lucia,,2009,11.1111111111111
Saint Lucia,,2008,11.1111111111111
Saint Lucia,,2007,11.1111111111111
Saint Lucia,,2006,0.0
Saint Lucia,,2005,11.1111111111111
Saint Lucia,,2004,11.1111111111111
Saint Lucia,,2003,11.1111111111111
Saint Lucia,,2002,11.1111111111111
Saint Lucia,,2000,11.1111111111111
Saint Lucia,,1999,11.1111111111111
Saint Lucia,,1998,11.7647058823529
Saint Lucia,,1997,11.7647058823529
Saint Vincent-Grenadines,,2025,13.3333333333333
Saint Vincent-Grenadines,,2024,21.7391304347826
Saint Vincent-Grenadines,,2023,18.1818181818182
Saint Vincent-Grenadines,,2022,18.1818181818182
Saint Vincent-Grenadines,,2021,18.1818181818182
Saint Vincent-Grenadines,,2020,18.1818181818182
Saint Vincent-Grenadines,,2019,13.0434782608696
Saint Vincent-Grenadines,,2018,13.0434782608696
Saint Vincent-Grenadines,,2017,13.0434782608696
Saint Vincent-Grenadines,,2016,13.0434782608696
Saint Vincent-Grenadines,,2015,13.0434782608696
Saint Vincent-Grenadines,,2014,13.0434782608696
Saint Vincent-Grenadines,,2013,13.0434782608696
Saint Vincent-Grenadines,,2012,17.3913043478261
Saint Vincent-Grenadines,,2011,17.3913043478261
Saint Vincent-Grenadines,,2010,14.2857142857143
Saint Vincent-Grenadines,,2009,21.7391304347826
Saint Vincent-Grenadines,,2008,18.1818181818182
Saint Vincent-Grenadines,,2007,18.1818181818182
Saint Vincent-Grenadines,,2006,18.1818181818182
Saint Vincent-Grenadines,,2005,18.1818181818182
Saint Vincent-Grenadines,,2004,22.7272727272727
Saint Vincent-Grenadines,,2003,22.7272727272727
Saint Vincent-Grenadines,,2002,22.7272727272727
Saint Vincent-Grenadines,,2000,4.76190476190476
Saint Vincent-Grenadines,,1999,4.76190476190476
Saint Vincent-Grenadines,,1997,9.52380952380952
Sudan,,2018,30.5164319248826
Sudan,,2017,30.5164319248826
Sudan,,2016,30.5164319248826
Sudan,,2015,30.5164319248826
Sudan,,2014,24.2937853107345
Sudan,,2013,24.5762711864407
Sudan,,2012,24.5762711864407
Sudan,,2011,24.5762711864407
Sudan,,2010,25.5605381165919
Sudan,,2009,18.9189189189189
Sudan,,2008,18.058690744921
Sudan,,2007,18.058690744921
Sudan,,2006,17.7777777777778
Sudan,,2005,14.6666666666667
Sudan,,2004,9.72222222222222
Sudan,,2003,9.72222222222222
Sudan,,2002,9.72222222222222
Sudan,,2001,9.72222222222222
Sudan,,1998,5.25
Sudan,,1997,5.25
Suriname,,2025,31.3725490196078
Suriname,,2024,31.3725490196078
Suriname,,2023,29.4117647058824
Suriname,,2022,29.4117647058824
Suriname,,2021,29.4117647058824
Suriname,,2020,29.4117647058824
Suriname,,2019,31.3725490196078
Suriname,,2018,25.4901960784314
Suriname,,2017,25.4901960784314
Suriname,,2016,25.4901960784314
Suriname,,2015,25.4901960784314
Suriname,,2014,11.7647058823529
Suriname,,2013,11.7647058823529
Suriname,,2012,11.7647058823529
Suriname,,2011,11.7647058823529
Suriname,,2010,9.80392156862745
Suriname,,2009,25.4901960784314
Suriname,,2008,25.4901960784314
Suriname,,2007,25.4901960784314
Suriname,,2006,25.4901960784314
Suriname,,2005,25.4901960784314
Suriname,,2004,19.6078431372549
Suriname,,2003,17.6470588235294
Suriname,,2002,17.6470588235294
Suriname,,2001,17.6470588235294
Suriname,,1999,15.6862745098039
Suriname,,1998,15.6862745098039
Suriname,,1997,15.6862745098039
Sweden,,2025,44.9856733524355
Sweden,,2024,46.7048710601719
Sweden,,2023,46.4183381088825
Sweden,,2022,46.4183381088825
Sweden,,2021,46.9914040114613
Sweden,,2020,46.9914040114613
Sweden,,2019,47.2779369627507
Sweden,,2018,46.1318051575931
Sweden,,2017,43.5530085959885
Sweden,,2016,43.5530085959885
Sweden,,2015,43.5530085959885
Sweden,,2014,44.6991404011461
Sweden,,2013,44.9856733524355
Sweden,,2012,44.6991404011461
Sweden,,2011,44.6991404011461
Sweden,,2010,44.9856733524355
Sweden,,2009,46.4183381088825
Sweden,,2008,46.9914040114613
Sweden,,2007,46.9914040114613
Sweden,,2006,47.2779369627507
Sweden,,2005,45.2722063037249
Sweden,,2004,45.2722063037249
Sweden,,2003,45.2722063037249
Sweden,,2002,44.9856733524355
Sweden,,2001,42.6934097421203
Sweden,,2000,42.6934097421203
Sweden,,1999,42.6934097421203
Sweden,,1998,40.4011461318052
Sweden,,1997,40.4011461318052
Switzerland,,2025,39.0
Switzerland,,2024,38.5
Switzerland,,2023,38.5
Switzerland,,2022,41.5
Switzerland,,2021,42.5
Switzerland,,2020,41.5
Switzerland,,2019,41.5
Switzerland,,2018,32.5
Switzerland,,2017,32.5
Switzerland,,2016,32.0
Switzerland,,2015,32.0
Switzerland,,2014,31.0
Switzerland,,2013,31.0
Switzerland,,2012,29.0
Switzerland,,2011,28.5
Switzerland,,2010,29.0
Switzerland,,2009,29.0
Switzerland,,2008,28.5
Switzerland,,2007,28.5
Switzerland,,2006,25.0
Switzerland,,2005,25.0
Switzerland,,2004,25.0
Switzerland,,2003,25.0
Switzerland,,2002,23.0
Switzerland,,2001,23.0
Switzerland,,2000,23.0
Switzerland,,1999,22.5
Switzerland,,1998,21.0
Switzerland,,1997,21.0
Syria,,2025,4.91803278688525
Syria,,2024,9.6
Syria,,2023,10.8
Syria,,2022,11.2
Syria,,2021,11.2
Syria,,2020,11.2
Syria,,2019,13.2
Syria,,2018,13.2
Syria,,2017,13.2
Syria,,2016,13.2
Syria,,2015,12.4
Syria,,2014,12.0
Syria,,2013,12.0
Syria,,2012,12.0
Syria,,2011,12.4
Syria,,2010,12.4
Syria,,2009,12.4
Syria,,2008,12.4
Syria,,2007,12.0
Syria,,2006,12.0
Syria,,2005,12.0
Syria,,2004,12.0
Syria,,2003,12.0
Syria,,2002,10.4
Syria,,2001,10.4
Syria,,2000,10.4
Syria,,1999,10.4
Syria,,1998,9.6
Syria,,1997,9.6
Tajikistan,,2025,28.5714285714286
Tajikistan,,2024,26.984126984127
Tajikistan,,2023,26.984126984127
Tajikistan,,2022,26.984126984127
Tajikistan,,2021,23.8095238095238
Tajikistan,,2020,23.8095238095238
Tajikistan,,2019,19.047619047619
Tajikistan,,2018,19.047619047619
Tajikistan,,2017,19.047619047619
Tajikistan,,2016,19.047619047619
Tajikistan,,2015,19.047619047619
Tajikistan,,2014,16.9491525423729
Tajikistan,,2013,19.047619047619
Tajikistan,,2012,19.047619047619
Tajikistan,,2011,19.047619047619
Tajikistan,,2010,19.047619047619
Tajikistan,,2009,17.4603174603175
Tajikistan,,2008,17.4603174603175
Tajikistan,,2007,17.4603174603175
Tajikistan,,2006,17.4603174603175
Tajikistan,,2005,17.4603174603175
Tajikistan,,2004,12.6984126984127
Tajikistan,,2003,12.6984126984127
Tajikistan,,2002,12.6984126984127
Tajikistan,,2001,12.6984126984127
Tajikistan,,2000,15.0
Tajikistan,,1999,2.76243093922652
Tajikistan,,1998,2.76243093922652
Tajikistan,,1997,2.76243093922652
Tanzania,,2025,39.5348837209302
Tanzania,,2024,37.4045801526718
Tanzania,,2023,37.4045801526718
Tanzania,,2022,36.8556701030928
Tanzania,,2021,36.8556701030928
Tanzania,,2020,36.71875
Tanzania,,2019,36.8956743002545
Tanzania,,2018,37.1794871794872
Tanzania,,2017,37.1794871794872
Tanzania,,2016,36.5591397849462
Tanzania,,2015,36.0
Tanzania,,2014,36.0
Tanzania,,2013,36.0
Tanzania,,2012,36.0
Tanzania,,2011,36.0
Tanzania,,2009,30.6501547987616
Tanzania,,2008,30.4075235109718
Tanzania,,2007,30.4075235109718
Tanzania,,2006,30.4075235109718
Tanzania,,2005,30.4075235109718
Tanzania,,2004,21.3559322033898
Tanzania,,2003,21.3559322033898
Tanzania,,2002,22.2627737226277
Tanzania,,2001,22.2627737226277
Tanzania,,1999,16.3636363636364
Tanzania,,1998,17.4545454545455
Tanzania,,1997,17.4545454545455
Thailand,,2025,19.5959595959596
Thailand,,2024,19.4
Thailand,,2023,18.8376753507014
Thailand,,2022,15.7464212678937
Thailand,,2021,15.7464212678937
Thailand,,2020,15.7464212678937
Thailand,,2019,16.2
Thailand,,2018,5.28455284552846
Thailand,,2017,4.8
Thailand,,2016,6.09137055837564
Thailand,,2015,6.09137055837564
Thailand,,2014,6.09137055837564
Thailand,,2013,15.8
Thailand,,2012,15.8
Thailand,,2011,15.8
Thailand,,2010,13.3192389006343
Thailand,,2009,13.3192389006343
Thailand,,2008,11.6666666666667
Thailand,,2007,11.7400419287212
Thailand,,2006,8.67768595041322
Thailand,,2005,10.6
Thailand,,2004,8.83002207505519
Thailand,,2003,9.2
Thailand,,2002,9.2
Thailand,,2001,9.2
Thailand,,2000,4.81283422459893
Thailand,,1999,5.59796437659033
Thailand,,1998,5.59796437659033
Thailand,,1997,5.59796437659033
Timor-Leste,,2025,35.3846153846154
Timor-Leste,,2024,35.3846153846154
Timor-Leste,,2023,36.9230769230769
Timor-Leste,,2022,40.0
Timor-Leste,,2021,38.4615384615385
Timor-Leste,,2020,38.4615384615385
Timor-Leste,,2019,38.4615384615385
Timor-Leste,,2018,33.8461538461538
Timor-Leste,,2017,32.3076923076923
Timor-Leste,,2016,38.4615384615385
Timor-Leste,,2015,38.4615384615385
Timor-Leste,,2014,38.4615384615385
Timor-Leste,,2013,38.4615384615385
Timor-Leste,,2012,38.4615384615385
Timor-Leste,,2011,32.3076923076923
Timor-Leste,,2010,29.2307692307692
Timor-Leste,,2009,29.2307692307692
Timor-Leste,,2008,29.2307692307692
Timor-Leste,,2007,29.2307692307692
Timor-Leste,,2006,25.2873563218391
Timor-Leste,,2005,25.2873563218391
Timor-Leste,,2004,25.2873563218391
Timor-Leste,,2003,26.1363636363636
Timor-Leste,,2002,26.1363636363636
Togo,,2025,15.0442477876106
Togo,,2024,18.5840707964602
Togo,,2023,19.7802197802198
Togo,,2022,18.6813186813187
Togo,,2021,18.6813186813187
Togo,,2020,18.6813186813187
Togo,,2019,16.4835164835165
Togo,,2018,17.5824175824176
Togo,,2017,17.5824175824176
Togo,,2016,17.5824175824176
Togo,,2015,17.5824175824176
Togo,,2014,17.5824175824176
Togo,,2013,15.3846153846154
Togo,,2012,11.1111111111111
Togo,,2011,11.1111111111111
Togo,,2010,11.1111111111111
Togo,,2009,11.1111111111111
Togo,,2008,11.1111111111111
Togo,,2007,11.1111111111111
Togo,,2006,8.64197530864197
Togo,,2005,7.40740740740741
Togo,,2004,6.17283950617284
Togo,,2003,7.40740740740741
Togo,,2002,4.93827160493827
Togo,,2001,4.93827160493827
Togo,,2000,4.93827160493827
Togo,,1998,1.23456790123457
Togo,,1997,1.23456790123457
Tonga,,2025,3.84615384615385
Tonga,,2024,7.14285714285714
Tonga,,2023,7.14285714285714
Tonga,,2022,3.7037037037037
Tonga,,2021,0.0
Tonga,,2020,7.40740740740741
Tonga,,2019,7.40740740740741
Tonga,,2018,7.40740740740741
Tonga,,2017,7.69230769230769
Tonga,,2016,0.0
Tonga,,2015,0.0
Tonga,,2014,0.0
Tonga,,2013,3.57142857142857
Tonga,,2012,3.57142857142857
Tonga,,2011,3.57142857142857
Tonga,,2010,0.0
Tonga,,2009,3.125
Tonga,,2008,3.125
Tonga,,2007,3.33333333333333
Tonga,,2006,3.33333333333333
Tonga,,2005,3.44827586206897
Tonga,,2004,0.0
Tonga,,2003,0.0
Tonga,,2001,0.0
Tonga,,2000,0.0
Tonga,,1998,0.0
Tonga,,1997,0.0
Trinidad and Tobago,,2025,23.8095238095238
Trinidad and Tobago,,2024,28.5714285714286
Trinidad and Tobago,,2023,28.5714285714286
Trinidad and Tobago,,2022,26.1904761904762
Trinidad and Tobago,,2021,26.1904761904762
Trinidad and Tobago,,2020,26.1904761904762
Trinidad and Tobago,,2019,30.952380952381
Trinidad and Tobago,,2018,30.952380952381
Trinidad and Tobago,,2017,30.952380952381
Trinidad and Tobago,,2016,30.952380952381
Trinidad and Tobago,,2015,30.952380952381
Trinidad and Tobago,,2014,28.5714285714286
Trinidad and Tobago,,2013,28.5714285714286
Trinidad and Tobago,,2012,28.5714285714286
Trinidad and Tobago,,2011,28.5714285714286
Trinidad and Tobago,,2010,28.5714285714286
Trinidad and Tobago,,2009,26.8292682926829
Trinidad and Tobago,,2008,26.8292682926829
Trinidad and Tobago,,2007,26.8292682926829
Trinidad and Tobago,,2006,19.4444444444444
Trinidad and Tobago,,2005,19.4444444444444
Trinidad and Tobago,,2004,19.4444444444444
Trinidad and Tobago,,2003,19.4444444444444
Trinidad and Tobago,,2002,19.4444444444444
Trinidad and Tobago,,2001,11.1111111111111
Trinidad and Tobago,,1999,11.1111111111111
Trinidad and Tobago,,1998,11.1111111111111
Trinidad and Tobago,,1997,11.1111111111111
Tunisia,,2025,15.7894736842105
Tunisia,,2024,15.6862745098039
Tunisia,,2023,16.2337662337662
Tunisia,,2022,26.2672811059908
Tunisia,,2021,26.2672811059908
Tunisia,,2020,24.8847926267281
Tunisia,,2019,22.5806451612903
Tunisia,,2018,31.3364055299539
Tunisia,,2017,31.3364055299539
Tunisia,,2016,31.3364055299539
Tunisia,,2015,31.3364055299539
Tunisia,,2014,31.3364055299539
Tunisia,,2013,26.7281105990783
Tunisia,,2012,26.7281105990783
Tunisia,,2011,26.7281105990783
Tunisia,,2010,27.5700934579439
Tunisia,,2009,27.5700934579439
Tunisia,,2008,22.7513227513228
Tunisia,,2007,22.7513227513228
Tunisia,,2006,22.7513227513228
Tunisia,,2005,22.7513227513228
Tunisia,,2004,22.7513227513228
Tunisia,,2003,11.5384615384615
Tunisia,,2002,11.5384615384615
Tunisia,,2001,11.5384615384615
Tunisia,,2000,11.5384615384615
Tunisia,,1999,11.5384615384615
Tunisia,,1998,7.36196319018405
Tunisia,,1997,6.74846625766871
Turkey,,2025,19.8988195615514
Turkey,,2024,19.8664440734558
Turkey,,2023,19.8333333333333
Turkey,,2022,17.3539518900344
Turkey,,2021,17.3333333333333
Turkey,,2020,17.3174872665535
Turkey,,2019,17.4496644295302
Turkey,,2018,17.4496644295302
Turkey,,2017,14.5719489981785
Turkey,,2016,14.9090909090909
Turkey,,2015,14.9090909090909
Turkey,,2014,14.4160583941606
Turkey,,2013,14.4160583941606
Turkey,,2012,14.1818181818182
Turkey,,2011,14.1818181818182
Turkey,,2010,9.10746812386157
Turkey,,2009,9.10746812386157
Turkey,,2008,9.10746812386157
Turkey,,2007,9.10746812386157
Turkey,,2006,4.36363636363636
Turkey,,2005,4.36363636363636
Turkey,,2004,4.36363636363636
Turkey,,2003,4.36363636363636
Turkey,,2001,4.18181818181818
Turkey,,2000,4.18181818181818
Turkey,,1999,4.18181818181818
Turkey,,1998,2.36363636363636
Turkey,,1997,2.36363636363636
Turkmenistan,,2025,25.6
Turkmenistan,,2024,25.6
Turkmenistan,,2023,25.6
Turkmenistan,,2022,25.8620689655172
Turkmenistan,,2021,25.0
Turkmenistan,,2020,25.0
Turkmenistan,,2019,25.0
Turkmenistan,,2018,24.8
Turkmenistan,,2017,25.8064516129032
Turkmenistan,,2016,25.8064516129032
Turkmenistan,,2015,25.8064516129032
Turkmenistan,,2014,26.4
Turkmenistan,,2013,16.8
Turkmenistan,,2012,16.8
Turkmenistan,,2011,16.8
Turkmenistan,,2010,16.8
Turkmenistan,,2009,16.8
Turkmenistan,,2007,16.0
Turkmenistan,,2006,16.0
Turkmenistan,,2005,16.0
Turkmenistan,,2003,26.0
Turkmenistan,,2002,26.0
Turkmenistan,,2001,26.0
Turkmenistan,,2000,26.0
Turkmenistan,,1998,18.0
Turkmenistan,,1997,18.0
Tuvalu,,2025,0.0
Tuvalu,,2024,0.0
Tuvalu,,2023,6.25
Tuvalu,,2022,6.25
Tuvalu,,2021,6.25
Tuvalu,,2020,6.25
Tuvalu,,2019,6.25
Tuvalu,,2018,6.66666666666667
Tuvalu,,2017,6.66666666666667
Tuvalu,,2016,6.66666666666667
Tuvalu,,2015,6.66666666666667
Tuvalu,,2014,6.66666666666667
Tuvalu,,2013,6.66666666666667
Tuvalu,,2012,6.66666666666667
Tuvalu,,2011,6.66666666666667
Tuvalu,,2010,0.0
Tuvalu,,2009,0.0
Tuvalu,,2008,0.0
Tuvalu,,2007,0.0
Tuvalu,,2006,0.0
Tuvalu,,2005,0.0
Tuvalu,,2004,0.0
Tuvalu,,2003,0.0
Tuvalu,,2001,0.0
Tuvalu,,2000,0.0
Tuvalu,,1999,0.0
Tuvalu,,1997,8.33333333333333
Uganda,,2025,34.0540540540541
Uganda,,2024,33.9317773788151
Uganda,,2023,33.8129496402878
Uganda,,2022,33.8129496402878
Uganda,,2021,33.8129496402878
Uganda,,2020,34.8583877995643
Uganda,,2019,34.8583877995643
Uganda,,2018,34.2984409799555
Uganda,,2017,34.2984409799555
Uganda,,2016,33.4894613583138
Uganda,,2015,34.9740932642487
Uganda,,2014,34.9740932642487
Uganda,,2013,34.9740932642487
Uganda,,2012,34.9740932642487
Uganda,,2011,34.9740932642487
Uganda,,2010,31.2883435582822
Uganda,,2009,31.4814814814815
Uganda,,2008,30.7228915662651
Uganda,,2007,30.7228915662651
Uganda,,2006,29.8192771084337
Uganda,,2005,23.9344262295082
Uganda,,2004,23.9344262295082
Uganda,,2003,24.6710526315789
Uganda,,2002,24.6710526315789
Uganda,,2001,24.6710526315789
Uganda,,2000,17.7935943060498
Uganda,,1999,17.921146953405
Uganda,,1998,18.1159420289855
Uganda,,1997,18.1159420289855
Ukraine,,2025,21.1970074812968
Ukraine,,2024,21.0918114143921
Ukraine,,2023,20.4326923076923
Ukraine,,2022,20.3309692671395
Ukraine,,2021,20.8037825059102
Ukraine,,2020,20.8037825059102
Ukraine,,2019,20.5188679245283
Ukraine,,2018,12.2931442080378
Ukraine,,2017,12.2931442080378
Ukraine,,2016,12.0192307692308
Ukraine,,2015,12.085308056872
Ukraine,,2014,11.6666666666667
Ukraine,,2013,9.43820224719101
Ukraine,,2012,9.43820224719101
Ukraine,,2011,8.0
Ukraine,,2010,8.0
Ukraine,,2009,8.0
Ukraine,,2008,8.22222222222222
Ukraine,,2007,8.22222222222222
Ukraine,,2006,8.66666666666667
Ukraine,,2005,5.33333333333333
Ukraine,,2004,5.33333333333333
Ukraine,,2003,5.33333333333333
Ukraine,,2001,7.77777777777778
Ukraine,,2000,7.77777777777778
Ukraine,,1999,7.77777777777778
Ukraine,,1997,3.77777777777778
United Arab Emirates,,2025,50.0
United Arab Emirates,,2024,50.0
United Arab Emirates,,2023,50.0
United Arab Emirates,,2022,50.0
United Arab Emirates,,2021,50.0
United Arab Emirates,,2020,50.0
United Arab Emirates,,2019,50.0
United Arab Emirates,,2018,22.5
United Arab Emirates,,2017,22.5
United Arab Emirates,,2016,22.5
United Arab Emirates,,2015,22.5
United Arab Emirates,,2014,17.5
United Arab Emirates,,2013,17.5
United Arab Emirates,,2012,17.5
United Arab Emirates,,2011,17.5
United Arab Emirates,,2010,22.5
United Arab Emirates,,2009,22.5
United Arab Emirates,,2008,22.5
United Arab Emirates,,2007,22.5
United Arab Emirates,,2006,5.0
United Arab Emirates,,2005,0.0
United Arab Emirates,,2004,0.0
United Arab Emirates,,2003,0.0
United Arab Emirates,,2002,0.0
United Arab Emirates,,2001,0.0
United Arab Emirates,,2000,0.0
United Arab Emirates,,1999,0.0
United Arab Emirates,,1998,0.0
United Arab Emirates,,1997,0.0
United Kingdom,,2025,40.4615384615385
United Kingdom,,2024,40.4615384615385
United Kingdom,,2023,34.6153846153846
United Kingdom,,2022,34.5679012345679
United Kingdom,,2021,34.2592592592593
United Kingdom,,2020,33.8461538461538
United Kingdom,,2019,32.0
United Kingdom,,2018,32.1538461538462
United Kingdom,,2017,32.0
United Kingdom,,2016,29.5839753466872
United Kingdom,,2015,29.3846153846154
United Kingdom,,2014,22.6153846153846
United Kingdom,,2013,22.4615384615385
United Kingdom,,2012,22.4615384615385
United Kingdom,,2011,22.3076923076923
United Kingdom,,2010,22.0
United Kingdom,,2009,19.5046439628483
United Kingdom,,2008,19.5046439628483
United Kingdom,,2007,19.5046439628483
United Kingdom,,2006,19.6594427244582
United Kingdom,,2005,19.6594427244582
United Kingdom,,2004,18.0576631259484
United Kingdom,,2003,17.9059180576631
United Kingdom,,2002,17.9059180576631
United Kingdom,,2001,17.9059180576631
United Kingdom,,2000,18.361153262519
United Kingdom,,1999,18.361153262519
United Kingdom,,1998,18.2094081942337
United Kingdom,,1997,18.2094081942337
United States,,2025,28.9351851851852
United States,,2024,28.735632183908
United States,,2023,28.9655172413793
United States,,2022,28.7037037037037
United States,,2021,27.6497695852535
United States,,2020,27.4647887323944
United States,,2019,23.4338747099768
United States,,2018,23.5023041474654
United States,,2017,19.3548387096774
United States,,2016,19.1685912240185
United States,,2015,19.3548387096774
United States,,2014,19.3103448275862
United States,,2013,17.8240740740741
United States,,2012,17.9723502304147
United States,,2011,16.8202764976959
United States,,2010,16.7816091954023
United States,,2009,16.7816091954023
United States,,2008,17.0114942528736
United States,,2007,16.7816091954023
United States,,2006,16.3218390804598
United States,,2005,15.1724137931034
United States,,2004,14.9425287356322
United States,,2003,14.2528735632184
United States,,2002,13.7931034482759
United States,,2001,14.0229885057471
United States,,1999,13.3333333333333
United States,,1998,11.7241379310345
United States,,1997,11.7241379310345
Uruguay,,2025,31.3131313131313
Uruguay,,2024,28.2828282828283
Uruguay,,2023,26.2626262626263
Uruguay,,2022,25.2525252525253
Uruguay,,2021,24.2424242424242
Uruguay,,2020,21.2121212121212
Uruguay,,2019,19.1919191919192
Uruguay,,2018,20.2020202020202
Uruguay,,2017,20.2020202020202
Uruguay,,2016,16.1616161616162
Uruguay,,2015,16.1616161616162
Uruguay,,2014,13.1313131313131
Uruguay,,2013,12.1212121212121
Uruguay,,2012,12.1212121212121
Uruguay,,2011,12.1212121212121
Uruguay,,2010,15.1515151515152
Uruguay,,2009,14.1414141414141
Uruguay,,2008,12.1212121212121
Uruguay,,2007,12.1212121212121
Uruguay,,2006,11.1111111111111
Uruguay,,2005,11.1111111111111
Uruguay,,2004,12.1212121212121
Uruguay,,2003,12.1212121212121
Uruguay,,2002,12.1212121212121
Uruguay,,2001,12.1212121212121
Uruguay,,2000,12.1212121212121
Uruguay,,1999,12.1212121212121
Uruguay,,1998,7.07070707070707
Uruguay,,1997,7.07070707070707
Uzbekistan,,2025,38.0
Uzbekistan,,2024,38.0
Uzbekistan,,2023,33.5714285714286
Uzbekistan,,2022,33.3333333333333
Uzbekistan,,2021,32.6530612244898
Uzbekistan,,2020,32.0
Uzbekistan,,2019,16.0
Uzbekistan,,2018,16.0
Uzbekistan,,2017,16.0
Uzbekistan,,2016,16.0
Uzbekistan,,2015,16.0
Uzbekistan,,2014,22.0
Uzbekistan,,2013,22.0
Uzbekistan,,2012,22.0
Uzbekistan,,2011,22.0
Uzbekistan,,2010,22.0
Uzbekistan,,2009,22.0
Uzbekistan,,2008,17.5
Uzbekistan,,2007,17.5
Uzbekistan,,2006,17.5
Uzbekistan,,2005,17.5
Uzbekistan,,2004,17.5
Uzbekistan,,2003,7.2
Uzbekistan,,2002,7.2
Uzbekistan,,2001,7.2
Uzbekistan,,2000,7.2
Uzbekistan,,1998,6.0
Uzbekistan,,1997,6.0
Vanuatu,,2025,1.92307692307692
Vanuatu,,2024,1.96078431372549
Vanuatu,,2023,1.92307692307692
Vanuatu,,2022,1.92307692307692
Vanuatu,,2021,0.0
Vanuatu,,2020,0.0
Vanuatu,,2019,0.0
Vanuatu,,2018,0.0
Vanuatu,,2017,0.0
Vanuatu,,2016,0.0
Vanuatu,,2015,0.0
Vanuatu,,2014,0.0
Vanuatu,,2013,0.0
Vanuatu,,2012,0.0
Vanuatu,,2011,1.92307692307692
Vanuatu,,2010,3.84615384615385
Vanuatu,,2009,3.84615384615385
Vanuatu,,2008,3.84615384615385
Vanuatu,,2007,3.84615384615385
Vanuatu,,2006,3.84615384615385
Vanuatu,,2005,3.84615384615385
Vanuatu,,2004,3.84615384615385
Vanuatu,,2003,1.92307692307692
Vanuatu,,2002,1.92307692307692
Vanuatu,,2001,0.0
Vanuatu,,2000,0.0
Vanuatu,,1999,0.0
Venezuela,,2025,32.129963898917
Venezuela,,2021,22.1556886227545
Venezuela,,2020,22.1556886227545
Venezuela,,2019,22.1556886227545
Venezuela,,2018,22.1556886227545
Venezuela,,2017,22.1556886227545
Venezuela,,2016,14.3712574850299
Venezuela,,2015,16.969696969697
Venezuela,,2014,16.969696969697
Venezuela,,2013,16.969696969697
Venezuela,,2012,16.969696969697
Venezuela,,2011,16.969696969697
Venezuela,,2010,16.969696969697
Venezuela,,2009,17.4698795180723
Venezuela,,2008,18.562874251497
Venezuela,,2007,18.562874251497
Venezuela,,2006,17.9640718562874
Venezuela,,2005,17.3652694610778
Venezuela,,2004,9.6969696969697
Venezuela,,2003,9.6969696969697
Venezuela,,2002,9.6969696969697
Venezuela,,2001,9.6969696969697
Venezuela,,1999,12.1359223300971
Venezuela,,1998,5.91133004926108
Venezuela,,1997,5.91133004926108
Vietnam,,2025,31.3807531380753
Vietnam,,2024,30.6288032454361
Vietnam,,2023,30.2605210420842
Vietnam,,2022,30.2605210420842
Vietnam,,2021,30.2605210420842
Vietnam,,2020,26.7206477732794
Vietnam,,2019,26.7206477732794
Vietnam,,2018,26.7206477732794
Vietnam,,2017,26.7206477732794
Vietnam,,2016,26.7206477732794
Vietnam,,2015,24.2971887550201
Vietnam,,2014,24.2971887550201
Vietnam,,2013,24.4
Vietnam,,2012,24.4
Vietnam,,2011,24.4
Vietnam,,2010,25.7606490872211
Vietnam,,2009,25.7606490872211
Vietnam,,2008,25.7606490872211
Vietnam,,2007,25.7606490872211
Vietnam,,2006,27.3092369477912
Vietnam,,2005,27.3092369477912
Vietnam,,2004,27.3092369477912
Vietnam,,2003,27.3092369477912
Vietnam,,2002,27.3092369477912
Vietnam,,2001,26.0
Vietnam,,2000,26.0
Vietnam,,1999,26.0
Vietnam,,1998,26.2222222222222
Vietnam,,1997,26.2222222222222
Yemen,,2025,0.0
Yemen,,2024,0.0
Yemen,,2023,0.0
Yemen,,2022,0.0
Yemen,,2021,0.0
Yemen,,2020,0.332225913621262
Yemen,,2019,0.332225913621262
Yemen,,2018,0.0
Yemen,,2017,0.0
Yemen,,2016,0.0
Yemen,,2015,0.0
Yemen,,2014,0.332225913621262
Yemen,,2013,0.332225913621262
Yemen,,2012,0.332225913621262
Yemen,,2011,0.332225913621262
Yemen,,2010,0.332225913621262
Yemen,,2009,0.332225913621262
Yemen,,2008,0.332225913621262
Yemen,,2007,0.332225913621262
Yemen,,2006,0.332225913621262
Yemen,,2005,0.332225913621262
Yemen,,2004,0.332225913621262
Yemen,,2003,0.332225913621262
Yemen,,2002,0.668896321070234
Yemen,,2001,0.668896321070234
Yemen,,2000,0.664451827242525
Yemen,,1999,0.664451827242525
Yemen,,1998,0.664451827242525
Zambia,,2025,14.9700598802395
Zambia,,2024,14.9700598802395
Zambia,,2023,14.9700598802395
Zambia,,2022,15.0602409638554
Zambia,,2021,15.0602409638554
Zambia,,2020,16.7664670658683
Zambia,,2019,17.9640718562874
Zambia,,2018,17.9640718562874
Zambia,,2017,17.9640718562874
Zambia,,2016,17.9640718562874
Zambia,,2015,12.6582278481013
Zambia,,2014,10.7594936708861
Zambia,,2013,11.4649681528662
Zambia,,2012,11.4649681528662
Zambia,,2011,11.4649681528662
Zambia,,2010,14.0127388535032
Zambia,,2009,14.0127388535032
Zambia,,2008,15.1898734177215
Zambia,,2007,15.1898734177215
Zambia,,2006,14.6496815286624
Zambia,,2005,12.6582278481013
Zambia,,2004,12.0253164556962
Zambia,,2003,12.0253164556962
Zambia,,2002,12.0253164556962
Zambia,,2001,10.126582278481
Zambia,,2000,10.126582278481
Zambia,,1999,10.126582278481
Zambia,,1998,10.2564102564103
Zambia,,1997,9.67741935483871
Zimbabwe,,2025,30.1075268817204
Zimbabwe,,2024,28.0898876404494
Zimbabwe,,2023,30.6818181818182
Zimbabwe,,2022,30.5660377358491
Zimbabwe,,2021,31.8518518518519
Zimbabwe,,2020,31.8518518518519
Zimbabwe,,2019,31.8518518518519
Zimbabwe,,2018,31.4814814814815
Zimbabwe,,2017,32.5757575757576
Zimbabwe,,2016,31.4814814814815
Zimbabwe,,2015,31.4814814814815
Zimbabwe,,2014,31.4814814814815
Zimbabwe,,2013,31.4814814814815
Zimbabwe,,2012,14.9532710280374
Zimbabwe,,2011,14.9532710280374
Zimbabwe,,2010,14.9532710280374
Zimbabwe,,2009,14.9532710280374
Zimbabwe,,2008,15.2380952380952
Zimbabwe,,2007,16.0
Zimbabwe,,2006,16.6666666666667
Zimbabwe,,2005,16.0
Zimbabwe,,2004,10.0
Zimbabwe,,2003,10.0
Zimbabwe,,2002,10.0
Zimbabwe,,2001,10.0
Zimbabwe,,2000,9.33333333333333
Zimbabwe,,1999,14.0
Zimbabwe,,1998,14.6666666666667
Zimbabwe,,1997,14.6666666666667
