ccode;cname;year;ccode_qog;cname_qog;ccodealp;ccodecow;cname_year;ccodealp_year;spi_ospi
4;Afghanistan;2010;4;Afghanistan;AFG;700;Afghanistan 2010;AFG10;31,9
4;Afghanistan;2011;4;Afghanistan;AFG;700;Afghanistan 2011;AFG11;32,45
4;Afghanistan;2012;4;Afghanistan;AFG;700;Afghanistan 2012;AFG12;33,64
4;Afghanistan;2013;4;Afghanistan;AFG;700;Afghanistan 2013;AFG13;35,01
4;Afghanistan;2014;4;Afghanistan;AFG;700;Afghanistan 2014;AFG14;35,58
4;Afghanistan;2015;4;Afghanistan;AFG;700;Afghanistan 2015;AFG15;36,72
4;Afghanistan;2016;4;Afghanistan;AFG;700;Afghanistan 2016;AFG16;36,71
4;Afghanistan;2017;4;Afghanistan;AFG;700;Afghanistan 2017;AFG17;37,54
4;Afghanistan;2018;4;Afghanistan;AFG;700;Afghanistan 2018;AFG18;36,76
4;Afghanistan;2019;4;Afghanistan;AFG;700;Afghanistan 2019;AFG19;36,99
4;Afghanistan;2020;4;Afghanistan;AFG;700;Afghanistan 2020;AFG20;37,88
4;Afghanistan;2021;4;Afghanistan;AFG;700;Afghanistan 2021;AFG21;34,49
4;Afghanistan;2022;4;Afghanistan;AFG;700;Afghanistan 2022;AFG22;32,15
8;Albania;2010;8;Albania;ALB;339;Albania 2010;ALB10;65,69
8;Albania;2011;8;Albania;ALB;339;Albania 2011;ALB11;66,38
8;Albania;2012;8;Albania;ALB;339;Albania 2012;ALB12;66,99
8;Albania;2013;8;Albania;ALB;339;Albania 2013;ALB13;67,72
8;Albania;2014;8;Albania;ALB;339;Albania 2014;ALB14;68,93
8;Albania;2015;8;Albania;ALB;339;Albania 2015;ALB15;69,32
8;Albania;2016;8;Albania;ALB;339;Albania 2016;ALB16;70
8;Albania;2017;8;Albania;ALB;339;Albania 2017;ALB17;70,26
8;Albania;2018;8;Albania;ALB;339;Albania 2018;ALB18;70,68
8;Albania;2019;8;Albania;ALB;339;Albania 2019;ALB19;71,04
8;Albania;2020;8;Albania;ALB;339;Albania 2020;ALB20;71,58
8;Albania;2021;8;Albania;ALB;339;Albania 2021;ALB21;71,66
8;Albania;2022;8;Albania;ALB;339;Albania 2022;ALB22;71,7
12;Algeria;2010;12;Algeria;DZA;615;Algeria 2010;DZA10;60,11
12;Algeria;2011;12;Algeria;DZA;615;Algeria 2011;DZA11;60,53
12;Algeria;2012;12;Algeria;DZA;615;Algeria 2012;DZA12;61,21
12;Algeria;2013;12;Algeria;DZA;615;Algeria 2013;DZA13;61,69
12;Algeria;2014;12;Algeria;DZA;615;Algeria 2014;DZA14;62,13
12;Algeria;2015;12;Algeria;DZA;615;Algeria 2015;DZA15;62,08
12;Algeria;2016;12;Algeria;DZA;615;Algeria 2016;DZA16;62,6
12;Algeria;2017;12;Algeria;DZA;615;Algeria 2017;DZA17;63,13
12;Algeria;2018;12;Algeria;DZA;615;Algeria 2018;DZA18;63,06
12;Algeria;2019;12;Algeria;DZA;615;Algeria 2019;DZA19;64,1
12;Algeria;2020;12;Algeria;DZA;615;Algeria 2020;DZA20;63,89
12;Algeria;2021;12;Algeria;DZA;615;Algeria 2021;DZA21;64,02
12;Algeria;2022;12;Algeria;DZA;615;Algeria 2022;DZA22;64,22
24;Angola;2010;24;Angola;AGO;540;Angola 2010;AGO10;36,32
24;Angola;2011;24;Angola;AGO;540;Angola 2011;AGO11;37,46
24;Angola;2012;24;Angola;AGO;540;Angola 2012;AGO12;38,33
24;Angola;2013;24;Angola;AGO;540;Angola 2013;AGO13;39,17
24;Angola;2014;24;Angola;AGO;540;Angola 2014;AGO14;40,32
24;Angola;2015;24;Angola;AGO;540;Angola 2015;AGO15;40,54
24;Angola;2016;24;Angola;AGO;540;Angola 2016;AGO16;41,61
24;Angola;2017;24;Angola;AGO;540;Angola 2017;AGO17;42,7
24;Angola;2018;24;Angola;AGO;540;Angola 2018;AGO18;43,53
24;Angola;2019;24;Angola;AGO;540;Angola 2019;AGO19;44,26
24;Angola;2020;24;Angola;AGO;540;Angola 2020;AGO20;44,26
24;Angola;2021;24;Angola;AGO;540;Angola 2021;AGO21;44,01
24;Angola;2022;24;Angola;AGO;540;Angola 2022;AGO22;43,9
31;Azerbaijan;2010;31;Azerbaijan;AZE;373;Azerbaijan 2010;AZE10;57,82
31;Azerbaijan;2011;31;Azerbaijan;AZE;373;Azerbaijan 2011;AZE11;58,31
31;Azerbaijan;2012;31;Azerbaijan;AZE;373;Azerbaijan 2012;AZE12;58,96
31;Azerbaijan;2013;31;Azerbaijan;AZE;373;Azerbaijan 2013;AZE13;60,2
31;Azerbaijan;2014;31;Azerbaijan;AZE;373;Azerbaijan 2014;AZE14;61,4
31;Azerbaijan;2015;31;Azerbaijan;AZE;373;Azerbaijan 2015;AZE15;61,84
31;Azerbaijan;2016;31;Azerbaijan;AZE;373;Azerbaijan 2016;AZE16;62,23
31;Azerbaijan;2017;31;Azerbaijan;AZE;373;Azerbaijan 2017;AZE17;62,53
31;Azerbaijan;2018;31;Azerbaijan;AZE;373;Azerbaijan 2018;AZE18;62,65
31;Azerbaijan;2019;31;Azerbaijan;AZE;373;Azerbaijan 2019;AZE19;63
31;Azerbaijan;2020;31;Azerbaijan;AZE;373;Azerbaijan 2020;AZE20;63,47
31;Azerbaijan;2021;31;Azerbaijan;AZE;373;Azerbaijan 2021;AZE21;63,06
31;Azerbaijan;2022;31;Azerbaijan;AZE;373;Azerbaijan 2022;AZE22;62,67
32;Argentina;2010;32;Argentina;ARG;160;Argentina 2010;ARG10;73,81
32;Argentina;2011;32;Argentina;ARG;160;Argentina 2011;ARG11;74,43
32;Argentina;2012;32;Argentina;ARG;160;Argentina 2012;ARG12;74,74
32;Argentina;2013;32;Argentina;ARG;160;Argentina 2013;ARG13;74,67
32;Argentina;2014;32;Argentina;ARG;160;Argentina 2014;ARG14;75,53
32;Argentina;2015;32;Argentina;ARG;160;Argentina 2015;ARG15;75,45
32;Argentina;2016;32;Argentina;ARG;160;Argentina 2016;ARG16;75,74
32;Argentina;2017;32;Argentina;ARG;160;Argentina 2017;ARG17;75,71
32;Argentina;2018;32;Argentina;ARG;160;Argentina 2018;ARG18;76,09
32;Argentina;2019;32;Argentina;ARG;160;Argentina 2019;ARG19;76,4
32;Argentina;2020;32;Argentina;ARG;160;Argentina 2020;ARG20;77,35
32;Argentina;2021;32;Argentina;ARG;160;Argentina 2021;ARG21;77,77
32;Argentina;2022;32;Argentina;ARG;160;Argentina 2022;ARG22;77,19
36;Australia;2010;36;Australia;AUS;900;Australia 2010;AUS10;86,72
36;Australia;2011;36;Australia;AUS;900;Australia 2011;AUS11;86,79
36;Australia;2012;36;Australia;AUS;900;Australia 2012;AUS12;86,72
36;Australia;2013;36;Australia;AUS;900;Australia 2013;AUS13;86,62
36;Australia;2014;36;Australia;AUS;900;Australia 2014;AUS14;87,11
36;Australia;2015;36;Australia;AUS;900;Australia 2015;AUS15;87,25
36;Australia;2016;36;Australia;AUS;900;Australia 2016;AUS16;87,58
36;Australia;2017;36;Australia;AUS;900;Australia 2017;AUS17;87,62
36;Australia;2018;36;Australia;AUS;900;Australia 2018;AUS18;87,82
36;Australia;2019;36;Australia;AUS;900;Australia 2019;AUS19;88,03
36;Australia;2020;36;Australia;AUS;900;Australia 2020;AUS20;87,89
36;Australia;2021;36;Australia;AUS;900;Australia 2021;AUS21;87,31
36;Australia;2022;36;Australia;AUS;900;Australia 2022;AUS22;87,77
40;Austria;2010;40;Austria;AUT;305;Austria 2010;AUT10;84,94
40;Austria;2011;40;Austria;AUT;305;Austria 2011;AUT11;85,49
40;Austria;2012;40;Austria;AUT;305;Austria 2012;AUT12;85,43
40;Austria;2013;40;Austria;AUT;305;Austria 2013;AUT13;85,37
40;Austria;2014;40;Austria;AUT;305;Austria 2014;AUT14;86,08
40;Austria;2015;40;Austria;AUT;305;Austria 2015;AUT15;86,29
40;Austria;2016;40;Austria;AUT;305;Austria 2016;AUT16;86,73
40;Austria;2017;40;Austria;AUT;305;Austria 2017;AUT17;86,95
40;Austria;2018;40;Austria;AUT;305;Austria 2018;AUT18;86,99
40;Austria;2019;40;Austria;AUT;305;Austria 2019;AUT19;87,46
40;Austria;2020;40;Austria;AUT;305;Austria 2020;AUT20;87,67
40;Austria;2021;40;Austria;AUT;305;Austria 2021;AUT21;87,5
40;Austria;2022;40;Austria;AUT;305;Austria 2022;AUT22;86,73
48;Bahrain;2010;48;Bahrain;BHR;692;Bahrain 2010;BHR10;64,23
48;Bahrain;2011;48;Bahrain;BHR;692;Bahrain 2011;BHR11;62,97
48;Bahrain;2012;48;Bahrain;BHR;692;Bahrain 2012;BHR12;63,88
48;Bahrain;2013;48;Bahrain;BHR;692;Bahrain 2013;BHR13;64,52
48;Bahrain;2014;48;Bahrain;BHR;692;Bahrain 2014;BHR14;64,96
48;Bahrain;2015;48;Bahrain;BHR;692;Bahrain 2015;BHR15;65,15
48;Bahrain;2016;48;Bahrain;BHR;692;Bahrain 2016;BHR16;64,93
48;Bahrain;2017;48;Bahrain;BHR;692;Bahrain 2017;BHR17;64,89
48;Bahrain;2018;48;Bahrain;BHR;692;Bahrain 2018;BHR18;65,27
48;Bahrain;2019;48;Bahrain;BHR;692;Bahrain 2019;BHR19;66,24
48;Bahrain;2020;48;Bahrain;BHR;692;Bahrain 2020;BHR20;66,35
48;Bahrain;2021;48;Bahrain;BHR;692;Bahrain 2021;BHR21;66,46
48;Bahrain;2022;48;Bahrain;BHR;692;Bahrain 2022;BHR22;66,1
50;Bangladesh;2010;50;Bangladesh;BGD;771;Bangladesh 2010;BGD10;45,49
50;Bangladesh;2011;50;Bangladesh;BGD;771;Bangladesh 2011;BGD11;46,37
50;Bangladesh;2012;50;Bangladesh;BGD;771;Bangladesh 2012;BGD12;47,33
50;Bangladesh;2013;50;Bangladesh;BGD;771;Bangladesh 2013;BGD13;47,95
50;Bangladesh;2014;50;Bangladesh;BGD;771;Bangladesh 2014;BGD14;48,91
50;Bangladesh;2015;50;Bangladesh;BGD;771;Bangladesh 2015;BGD15;50,03
50;Bangladesh;2016;50;Bangladesh;BGD;771;Bangladesh 2016;BGD16;51,28
50;Bangladesh;2017;50;Bangladesh;BGD;771;Bangladesh 2017;BGD17;51,92
50;Bangladesh;2018;50;Bangladesh;BGD;771;Bangladesh 2018;BGD18;53,12
50;Bangladesh;2019;50;Bangladesh;BGD;771;Bangladesh 2019;BGD19;53,67
50;Bangladesh;2020;50;Bangladesh;BGD;771;Bangladesh 2020;BGD20;53,6
50;Bangladesh;2021;50;Bangladesh;BGD;771;Bangladesh 2021;BGD21;53,84
50;Bangladesh;2022;50;Bangladesh;BGD;771;Bangladesh 2022;BGD22;54,6
51;Armenia;2010;51;Armenia;ARM;371;Armenia 2010;ARM10;65,7
51;Armenia;2011;51;Armenia;ARM;371;Armenia 2011;ARM11;66,29
51;Armenia;2012;51;Armenia;ARM;371;Armenia 2012;ARM12;66,69
51;Armenia;2013;51;Armenia;ARM;371;Armenia 2013;ARM13;67,01
51;Armenia;2014;51;Armenia;ARM;371;Armenia 2014;ARM14;68,91
51;Armenia;2015;51;Armenia;ARM;371;Armenia 2015;ARM15;69,33
51;Armenia;2016;51;Armenia;ARM;371;Armenia 2016;ARM16;69,69
51;Armenia;2017;51;Armenia;ARM;371;Armenia 2017;ARM17;70,38
51;Armenia;2018;51;Armenia;ARM;371;Armenia 2018;ARM18;72,4
51;Armenia;2019;51;Armenia;ARM;371;Armenia 2019;ARM19;73,64
51;Armenia;2020;51;Armenia;ARM;371;Armenia 2020;ARM20;73,62
51;Armenia;2021;51;Armenia;ARM;371;Armenia 2021;ARM21;73,32
51;Armenia;2022;51;Armenia;ARM;371;Armenia 2022;ARM22;73,21
52;Barbados;2010;52;Barbados;BRB;53;Barbados 2010;BRB10;73,75
52;Barbados;2011;52;Barbados;BRB;53;Barbados 2011;BRB11;73,86
52;Barbados;2012;52;Barbados;BRB;53;Barbados 2012;BRB12;74,09
52;Barbados;2013;52;Barbados;BRB;53;Barbados 2013;BRB13;74,15
52;Barbados;2014;52;Barbados;BRB;53;Barbados 2014;BRB14;74,46
52;Barbados;2015;52;Barbados;BRB;53;Barbados 2015;BRB15;74,46
52;Barbados;2016;52;Barbados;BRB;53;Barbados 2016;BRB16;75,22
52;Barbados;2017;52;Barbados;BRB;53;Barbados 2017;BRB17;75,36
52;Barbados;2018;52;Barbados;BRB;53;Barbados 2018;BRB18;76,05
52;Barbados;2019;52;Barbados;BRB;53;Barbados 2019;BRB19;76,26
52;Barbados;2020;52;Barbados;BRB;53;Barbados 2020;BRB20;76,39
52;Barbados;2021;52;Barbados;BRB;53;Barbados 2021;BRB21;76,76
52;Barbados;2022;52;Barbados;BRB;53;Barbados 2022;BRB22;76,54
56;Belgium;2010;56;Belgium;BEL;211;Belgium 2010;BEL10;84,56
56;Belgium;2011;56;Belgium;BEL;211;Belgium 2011;BEL11;84,74
56;Belgium;2012;56;Belgium;BEL;211;Belgium 2012;BEL12;84,03
56;Belgium;2013;56;Belgium;BEL;211;Belgium 2013;BEL13;84,15
56;Belgium;2014;56;Belgium;BEL;211;Belgium 2014;BEL14;85,53
56;Belgium;2015;56;Belgium;BEL;211;Belgium 2015;BEL15;85,76
56;Belgium;2016;56;Belgium;BEL;211;Belgium 2016;BEL16;85,85
56;Belgium;2017;56;Belgium;BEL;211;Belgium 2017;BEL17;85,86
56;Belgium;2018;56;Belgium;BEL;211;Belgium 2018;BEL18;85,84
56;Belgium;2019;56;Belgium;BEL;211;Belgium 2019;BEL19;85,7
56;Belgium;2020;56;Belgium;BEL;211;Belgium 2020;BEL20;85,69
56;Belgium;2021;56;Belgium;BEL;211;Belgium 2021;BEL21;85,98
56;Belgium;2022;56;Belgium;BEL;211;Belgium 2022;BEL22;86,13
64;Bhutan;2010;64;Bhutan;BTN;760;Bhutan 2010;BTN10;56,22
64;Bhutan;2011;64;Bhutan;BTN;760;Bhutan 2011;BTN11;57,09
64;Bhutan;2012;64;Bhutan;BTN;760;Bhutan 2012;BTN12;58,18
64;Bhutan;2013;64;Bhutan;BTN;760;Bhutan 2013;BTN13;59,12
64;Bhutan;2014;64;Bhutan;BTN;760;Bhutan 2014;BTN14;60,73
64;Bhutan;2015;64;Bhutan;BTN;760;Bhutan 2015;BTN15;61,98
64;Bhutan;2016;64;Bhutan;BTN;760;Bhutan 2016;BTN16;62,95
64;Bhutan;2017;64;Bhutan;BTN;760;Bhutan 2017;BTN17;63,75
64;Bhutan;2018;64;Bhutan;BTN;760;Bhutan 2018;BTN18;64,44
64;Bhutan;2019;64;Bhutan;BTN;760;Bhutan 2019;BTN19;65,4
64;Bhutan;2020;64;Bhutan;BTN;760;Bhutan 2020;BTN20;66,29
64;Bhutan;2021;64;Bhutan;BTN;760;Bhutan 2021;BTN21;66,52
64;Bhutan;2022;64;Bhutan;BTN;760;Bhutan 2022;BTN22;65,49
68;Bolivia (Plurinational State of);2010;68;Bolivia;BOL;145;Bolivia 2010;BOL10;58,27
68;Bolivia (Plurinational State of);2011;68;Bolivia;BOL;145;Bolivia 2011;BOL11;59,29
68;Bolivia (Plurinational State of);2012;68;Bolivia;BOL;145;Bolivia 2012;BOL12;60,33
68;Bolivia (Plurinational State of);2013;68;Bolivia;BOL;145;Bolivia 2013;BOL13;61,33
68;Bolivia (Plurinational State of);2014;68;Bolivia;BOL;145;Bolivia 2014;BOL14;62,03
68;Bolivia (Plurinational State of);2015;68;Bolivia;BOL;145;Bolivia 2015;BOL15;62,4
68;Bolivia (Plurinational State of);2016;68;Bolivia;BOL;145;Bolivia 2016;BOL16;62,99
68;Bolivia (Plurinational State of);2017;68;Bolivia;BOL;145;Bolivia 2017;BOL17;63,58
68;Bolivia (Plurinational State of);2018;68;Bolivia;BOL;145;Bolivia 2018;BOL18;64,18
68;Bolivia (Plurinational State of);2019;68;Bolivia;BOL;145;Bolivia 2019;BOL19;63,36
68;Bolivia (Plurinational State of);2020;68;Bolivia;BOL;145;Bolivia 2020;BOL20;63,76
68;Bolivia (Plurinational State of);2021;68;Bolivia;BOL;145;Bolivia 2021;BOL21;63,96
68;Bolivia (Plurinational State of);2022;68;Bolivia;BOL;145;Bolivia 2022;BOL22;64,11
70;Bosnia and Herzegovina;2010;70;Bosnia and Herzegovina;BIH;346;Bosnia and Herzegovina 2010;BIH10;64,08
70;Bosnia and Herzegovina;2011;70;Bosnia and Herzegovina;BIH;346;Bosnia and Herzegovina 2011;BIH11;64,72
70;Bosnia and Herzegovina;2012;70;Bosnia and Herzegovina;BIH;346;Bosnia and Herzegovina 2012;BIH12;65,07
70;Bosnia and Herzegovina;2013;70;Bosnia and Herzegovina;BIH;346;Bosnia and Herzegovina 2013;BIH13;65,75
70;Bosnia and Herzegovina;2014;70;Bosnia and Herzegovina;BIH;346;Bosnia and Herzegovina 2014;BIH14;66,57
70;Bosnia and Herzegovina;2015;70;Bosnia and Herzegovina;BIH;346;Bosnia and Herzegovina 2015;BIH15;67,11
70;Bosnia and Herzegovina;2016;70;Bosnia and Herzegovina;BIH;346;Bosnia and Herzegovina 2016;BIH16;68,14
70;Bosnia and Herzegovina;2017;70;Bosnia and Herzegovina;BIH;346;Bosnia and Herzegovina 2017;BIH17;69,27
70;Bosnia and Herzegovina;2018;70;Bosnia and Herzegovina;BIH;346;Bosnia and Herzegovina 2018;BIH18;68,82
70;Bosnia and Herzegovina;2019;70;Bosnia and Herzegovina;BIH;346;Bosnia and Herzegovina 2019;BIH19;69,07
70;Bosnia and Herzegovina;2020;70;Bosnia and Herzegovina;BIH;346;Bosnia and Herzegovina 2020;BIH20;69,91
70;Bosnia and Herzegovina;2021;70;Bosnia and Herzegovina;BIH;346;Bosnia and Herzegovina 2021;BIH21;70,07
70;Bosnia and Herzegovina;2022;70;Bosnia and Herzegovina;BIH;346;Bosnia and Herzegovina 2022;BIH22;70,01
72;Botswana;2010;72;Botswana;BWA;571;Botswana 2010;BWA10;56,38
72;Botswana;2011;72;Botswana;BWA;571;Botswana 2011;BWA11;57,13
72;Botswana;2012;72;Botswana;BWA;571;Botswana 2012;BWA12;57,45
72;Botswana;2013;72;Botswana;BWA;571;Botswana 2013;BWA13;57,92
72;Botswana;2014;72;Botswana;BWA;571;Botswana 2014;BWA14;58,98
72;Botswana;2015;72;Botswana;BWA;571;Botswana 2015;BWA15;60,08
72;Botswana;2016;72;Botswana;BWA;571;Botswana 2016;BWA16;60,52
72;Botswana;2017;72;Botswana;BWA;571;Botswana 2017;BWA17;60,95
72;Botswana;2018;72;Botswana;BWA;571;Botswana 2018;BWA18;61,63
72;Botswana;2019;72;Botswana;BWA;571;Botswana 2019;BWA19;62,01
72;Botswana;2020;72;Botswana;BWA;571;Botswana 2020;BWA20;62,92
72;Botswana;2021;72;Botswana;BWA;571;Botswana 2021;BWA21;62,09
72;Botswana;2022;72;Botswana;BWA;571;Botswana 2022;BWA22;61,57
76;Brazil;2010;76;Brazil;BRA;140;Brazil 2010;BRA10;68,88
76;Brazil;2011;76;Brazil;BRA;140;Brazil 2011;BRA11;69,07
76;Brazil;2012;76;Brazil;BRA;140;Brazil 2012;BRA12;69,69
76;Brazil;2013;76;Brazil;BRA;140;Brazil 2013;BRA13;69,65
76;Brazil;2014;76;Brazil;BRA;140;Brazil 2014;BRA14;70,26
76;Brazil;2015;76;Brazil;BRA;140;Brazil 2015;BRA15;70,5
76;Brazil;2016;76;Brazil;BRA;140;Brazil 2016;BRA16;69,81
76;Brazil;2017;76;Brazil;BRA;140;Brazil 2017;BRA17;69,76
76;Brazil;2018;76;Brazil;BRA;140;Brazil 2018;BRA18;69,42
76;Brazil;2019;76;Brazil;BRA;140;Brazil 2019;BRA19;68,72
76;Brazil;2020;76;Brazil;BRA;140;Brazil 2020;BRA20;68,94
76;Brazil;2021;76;Brazil;BRA;140;Brazil 2021;BRA21;68,94
76;Brazil;2022;76;Brazil;BRA;140;Brazil 2022;BRA22;68,9
90;Solomon Islands;2010;90;Solomon Islands;SLB;940;Solomon Islands 2010;SLB10;44,34
90;Solomon Islands;2011;90;Solomon Islands;SLB;940;Solomon Islands 2011;SLB11;45,8
90;Solomon Islands;2012;90;Solomon Islands;SLB;940;Solomon Islands 2012;SLB12;46,18
90;Solomon Islands;2013;90;Solomon Islands;SLB;940;Solomon Islands 2013;SLB13;46,64
90;Solomon Islands;2014;90;Solomon Islands;SLB;940;Solomon Islands 2014;SLB14;47,39
90;Solomon Islands;2015;90;Solomon Islands;SLB;940;Solomon Islands 2015;SLB15;47,98
90;Solomon Islands;2016;90;Solomon Islands;SLB;940;Solomon Islands 2016;SLB16;48,61
90;Solomon Islands;2017;90;Solomon Islands;SLB;940;Solomon Islands 2017;SLB17;49,17
90;Solomon Islands;2018;90;Solomon Islands;SLB;940;Solomon Islands 2018;SLB18;50,01
90;Solomon Islands;2019;90;Solomon Islands;SLB;940;Solomon Islands 2019;SLB19;50,4
90;Solomon Islands;2020;90;Solomon Islands;SLB;940;Solomon Islands 2020;SLB20;51,09
90;Solomon Islands;2021;90;Solomon Islands;SLB;940;Solomon Islands 2021;SLB21;51,19
90;Solomon Islands;2022;90;Solomon Islands;SLB;940;Solomon Islands 2022;SLB22;51,3
100;Bulgaria;2010;100;Bulgaria;BGR;355;Bulgaria 2010;BGR10;72,06
100;Bulgaria;2011;100;Bulgaria;BGR;355;Bulgaria 2011;BGR11;72,12
100;Bulgaria;2012;100;Bulgaria;BGR;355;Bulgaria 2012;BGR12;71,95
100;Bulgaria;2013;100;Bulgaria;BGR;355;Bulgaria 2013;BGR13;71,89
100;Bulgaria;2014;100;Bulgaria;BGR;355;Bulgaria 2014;BGR14;72,81
100;Bulgaria;2015;100;Bulgaria;BGR;355;Bulgaria 2015;BGR15;73,22
100;Bulgaria;2016;100;Bulgaria;BGR;355;Bulgaria 2016;BGR16;74,61
100;Bulgaria;2017;100;Bulgaria;BGR;355;Bulgaria 2017;BGR17;74,9
100;Bulgaria;2018;100;Bulgaria;BGR;355;Bulgaria 2018;BGR18;75,43
100;Bulgaria;2019;100;Bulgaria;BGR;355;Bulgaria 2019;BGR19;75,69
100;Bulgaria;2020;100;Bulgaria;BGR;355;Bulgaria 2020;BGR20;75,88
100;Bulgaria;2021;100;Bulgaria;BGR;355;Bulgaria 2021;BGR21;75,87
100;Bulgaria;2022;100;Bulgaria;BGR;355;Bulgaria 2022;BGR22;76,25
104;Myanmar;2010;104;Myanmar;MMR;775;Myanmar 2010;MMR10;45,28
104;Myanmar;2011;104;Myanmar;MMR;775;Myanmar 2011;MMR11;46,78
104;Myanmar;2012;104;Myanmar;MMR;775;Myanmar 2012;MMR12;48,01
104;Myanmar;2013;104;Myanmar;MMR;775;Myanmar 2013;MMR13;49,13
104;Myanmar;2014;104;Myanmar;MMR;775;Myanmar 2014;MMR14;51,02
104;Myanmar;2015;104;Myanmar;MMR;775;Myanmar 2015;MMR15;52,89
104;Myanmar;2016;104;Myanmar;MMR;775;Myanmar 2016;MMR16;54,69
104;Myanmar;2017;104;Myanmar;MMR;775;Myanmar 2017;MMR17;55,54
104;Myanmar;2018;104;Myanmar;MMR;775;Myanmar 2018;MMR18;56,7
104;Myanmar;2019;104;Myanmar;MMR;775;Myanmar 2019;MMR19;57,16
104;Myanmar;2020;104;Myanmar;MMR;775;Myanmar 2020;MMR20;57,21
104;Myanmar;2021;104;Myanmar;MMR;775;Myanmar 2021;MMR21;51,9
104;Myanmar;2022;104;Myanmar;MMR;775;Myanmar 2022;MMR22;51,19
108;Burundi;2010;108;Burundi;BDI;516;Burundi 2010;BDI10;35,05
108;Burundi;2011;108;Burundi;BDI;516;Burundi 2011;BDI11;35,97
108;Burundi;2012;108;Burundi;BDI;516;Burundi 2012;BDI12;36,23
108;Burundi;2013;108;Burundi;BDI;516;Burundi 2013;BDI13;35,71
108;Burundi;2014;108;Burundi;BDI;516;Burundi 2014;BDI14;36,13
108;Burundi;2015;108;Burundi;BDI;516;Burundi 2015;BDI15;35,68
108;Burundi;2016;108;Burundi;BDI;516;Burundi 2016;BDI16;36,5
108;Burundi;2017;108;Burundi;BDI;516;Burundi 2017;BDI17;37,25
108;Burundi;2018;108;Burundi;BDI;516;Burundi 2018;BDI18;37,94
108;Burundi;2019;108;Burundi;BDI;516;Burundi 2019;BDI19;38,53
108;Burundi;2020;108;Burundi;BDI;516;Burundi 2020;BDI20;39,02
108;Burundi;2021;108;Burundi;BDI;516;Burundi 2021;BDI21;39,68
108;Burundi;2022;108;Burundi;BDI;516;Burundi 2022;BDI22;39,9
112;Belarus;2010;112;Belarus;BLR;370;Belarus 2010;BLR10;67,37
112;Belarus;2011;112;Belarus;BLR;370;Belarus 2011;BLR11;68,24
112;Belarus;2012;112;Belarus;BLR;370;Belarus 2012;BLR12;68,47
112;Belarus;2013;112;Belarus;BLR;370;Belarus 2013;BLR13;68,9
112;Belarus;2014;112;Belarus;BLR;370;Belarus 2014;BLR14;70,18
112;Belarus;2015;112;Belarus;BLR;370;Belarus 2015;BLR15;70,56
112;Belarus;2016;112;Belarus;BLR;370;Belarus 2016;BLR16;71,8
112;Belarus;2017;112;Belarus;BLR;370;Belarus 2017;BLR17;72,17
112;Belarus;2018;112;Belarus;BLR;370;Belarus 2018;BLR18;73,08
112;Belarus;2019;112;Belarus;BLR;370;Belarus 2019;BLR19;73,43
112;Belarus;2020;112;Belarus;BLR;370;Belarus 2020;BLR20;71,01
112;Belarus;2021;112;Belarus;BLR;370;Belarus 2021;BLR21;70,52
112;Belarus;2022;112;Belarus;BLR;370;Belarus 2022;BLR22;70,09
116;Cambodia;2010;116;Cambodia;KHM;811;Cambodia 2010;KHM10;45,68
116;Cambodia;2011;116;Cambodia;KHM;811;Cambodia 2011;KHM11;47,16
116;Cambodia;2012;116;Cambodia;KHM;811;Cambodia 2012;KHM12;47,66
116;Cambodia;2013;116;Cambodia;KHM;811;Cambodia 2013;KHM13;48,35
116;Cambodia;2014;116;Cambodia;KHM;811;Cambodia 2014;KHM14;49,86
116;Cambodia;2015;116;Cambodia;KHM;811;Cambodia 2015;KHM15;50,85
116;Cambodia;2016;116;Cambodia;KHM;811;Cambodia 2016;KHM16;51,84
116;Cambodia;2017;116;Cambodia;KHM;811;Cambodia 2017;KHM17;52,41
116;Cambodia;2018;116;Cambodia;KHM;811;Cambodia 2018;KHM18;53,67
116;Cambodia;2019;116;Cambodia;KHM;811;Cambodia 2019;KHM19;54,48
116;Cambodia;2020;116;Cambodia;KHM;811;Cambodia 2020;KHM20;55,3
116;Cambodia;2021;116;Cambodia;KHM;811;Cambodia 2021;KHM21;55,5
116;Cambodia;2022;116;Cambodia;KHM;811;Cambodia 2022;KHM22;55,36
120;Cameroon;2010;120;Cameroon;CMR;471;Cameroon 2010;CMR10;41,98
120;Cameroon;2011;120;Cameroon;CMR;471;Cameroon 2011;CMR11;42,71
120;Cameroon;2012;120;Cameroon;CMR;471;Cameroon 2012;CMR12;43,28
120;Cameroon;2013;120;Cameroon;CMR;471;Cameroon 2013;CMR13;43,81
120;Cameroon;2014;120;Cameroon;CMR;471;Cameroon 2014;CMR14;44,11
120;Cameroon;2015;120;Cameroon;CMR;471;Cameroon 2015;CMR15;44,38
120;Cameroon;2016;120;Cameroon;CMR;471;Cameroon 2016;CMR16;44,61
120;Cameroon;2017;120;Cameroon;CMR;471;Cameroon 2017;CMR17;44,83
120;Cameroon;2018;120;Cameroon;CMR;471;Cameroon 2018;CMR18;44,91
120;Cameroon;2019;120;Cameroon;CMR;471;Cameroon 2019;CMR19;45,69
120;Cameroon;2020;120;Cameroon;CMR;471;Cameroon 2020;CMR20;46,28
120;Cameroon;2021;120;Cameroon;CMR;471;Cameroon 2021;CMR21;45,95
120;Cameroon;2022;120;Cameroon;CMR;471;Cameroon 2022;CMR22;46,05
124;Canada;2010;124;Canada;CAN;20;Canada 2010;CAN10;85,54
124;Canada;2011;124;Canada;CAN;20;Canada 2011;CAN11;85,98
124;Canada;2012;124;Canada;CAN;20;Canada 2012;CAN12;85,99
124;Canada;2013;124;Canada;CAN;20;Canada 2013;CAN13;86,01
124;Canada;2014;124;Canada;CAN;20;Canada 2014;CAN14;86,21
124;Canada;2015;124;Canada;CAN;20;Canada 2015;CAN15;86,37
124;Canada;2016;124;Canada;CAN;20;Canada 2016;CAN16;86,8
124;Canada;2017;124;Canada;CAN;20;Canada 2017;CAN17;87,24
124;Canada;2018;124;Canada;CAN;20;Canada 2018;CAN18;87,28
124;Canada;2019;124;Canada;CAN;20;Canada 2019;CAN19;87,11
124;Canada;2020;124;Canada;CAN;20;Canada 2020;CAN20;87,06
124;Canada;2021;124;Canada;CAN;20;Canada 2021;CAN21;86,94
124;Canada;2022;124;Canada;CAN;20;Canada 2022;CAN22;86
132;Cabo Verde;2010;132;Cape Verde;CPV;402;Cape Verde 2010;CPV10;62,79
132;Cabo Verde;2011;132;Cape Verde;CPV;402;Cape Verde 2011;CPV11;63,36
132;Cabo Verde;2012;132;Cape Verde;CPV;402;Cape Verde 2012;CPV12;64,06
132;Cabo Verde;2013;132;Cape Verde;CPV;402;Cape Verde 2013;CPV13;64,78
132;Cabo Verde;2014;132;Cape Verde;CPV;402;Cape Verde 2014;CPV14;64,84
132;Cabo Verde;2015;132;Cape Verde;CPV;402;Cape Verde 2015;CPV15;65,07
132;Cabo Verde;2016;132;Cape Verde;CPV;402;Cape Verde 2016;CPV16;66,04
132;Cabo Verde;2017;132;Cape Verde;CPV;402;Cape Verde 2017;CPV17;66,45
132;Cabo Verde;2018;132;Cape Verde;CPV;402;Cape Verde 2018;CPV18;67,02
132;Cabo Verde;2019;132;Cape Verde;CPV;402;Cape Verde 2019;CPV19;67,54
132;Cabo Verde;2020;132;Cape Verde;CPV;402;Cape Verde 2020;CPV20;67,69
132;Cabo Verde;2021;132;Cape Verde;CPV;402;Cape Verde 2021;CPV21;67,87
132;Cabo Verde;2022;132;Cape Verde;CPV;402;Cape Verde 2022;CPV22;67,54
140;Central African Republic (the);2010;140;Central African Republic;CAF;482;Central African Republic 2010;CAF10;27,17
140;Central African Republic (the);2011;140;Central African Republic;CAF;482;Central African Republic 2011;CAF11;27,33
140;Central African Republic (the);2012;140;Central African Republic;CAF;482;Central African Republic 2012;CAF12;27,11
140;Central African Republic (the);2013;140;Central African Republic;CAF;482;Central African Republic 2013;CAF13;25,79
140;Central African Republic (the);2014;140;Central African Republic;CAF;482;Central African Republic 2014;CAF14;25,57
140;Central African Republic (the);2015;140;Central African Republic;CAF;482;Central African Republic 2015;CAF15;26,01
140;Central African Republic (the);2016;140;Central African Republic;CAF;482;Central African Republic 2016;CAF16;26,24
140;Central African Republic (the);2017;140;Central African Republic;CAF;482;Central African Republic 2017;CAF17;25,81
140;Central African Republic (the);2018;140;Central African Republic;CAF;482;Central African Republic 2018;CAF18;26,98
140;Central African Republic (the);2019;140;Central African Republic;CAF;482;Central African Republic 2019;CAF19;27,62
140;Central African Republic (the);2020;140;Central African Republic;CAF;482;Central African Republic 2020;CAF20;27,07
140;Central African Republic (the);2021;140;Central African Republic;CAF;482;Central African Republic 2021;CAF21;27,77
140;Central African Republic (the);2022;140;Central African Republic;CAF;482;Central African Republic 2022;CAF22;27,37
144;Sri Lanka;2010;144;Sri Lanka;LKA;780;Sri Lanka 2010;LKA10;60,85
144;Sri Lanka;2011;144;Sri Lanka;LKA;780;Sri Lanka 2011;LKA11;61,57
144;Sri Lanka;2012;144;Sri Lanka;LKA;780;Sri Lanka 2012;LKA12;61,91
144;Sri Lanka;2013;144;Sri Lanka;LKA;780;Sri Lanka 2013;LKA13;62,3
144;Sri Lanka;2014;144;Sri Lanka;LKA;780;Sri Lanka 2014;LKA14;63,97
144;Sri Lanka;2015;144;Sri Lanka;LKA;780;Sri Lanka 2015;LKA15;65,94
144;Sri Lanka;2016;144;Sri Lanka;LKA;780;Sri Lanka 2016;LKA16;66,89
144;Sri Lanka;2017;144;Sri Lanka;LKA;780;Sri Lanka 2017;LKA17;67,68
144;Sri Lanka;2018;144;Sri Lanka;LKA;780;Sri Lanka 2018;LKA18;68,36
144;Sri Lanka;2019;144;Sri Lanka;LKA;780;Sri Lanka 2019;LKA19;68,65
144;Sri Lanka;2020;144;Sri Lanka;LKA;780;Sri Lanka 2020;LKA20;67,8
144;Sri Lanka;2021;144;Sri Lanka;LKA;780;Sri Lanka 2021;LKA21;67,65
144;Sri Lanka;2022;144;Sri Lanka;LKA;780;Sri Lanka 2022;LKA22;66,67
148;Chad;2010;148;Chad;TCD;483;Chad 2010;TCD10;23,8
148;Chad;2011;148;Chad;TCD;483;Chad 2011;TCD11;24,91
148;Chad;2012;148;Chad;TCD;483;Chad 2012;TCD12;26,06
148;Chad;2013;148;Chad;TCD;483;Chad 2013;TCD13;26,7
148;Chad;2014;148;Chad;TCD;483;Chad 2014;TCD14;27,04
148;Chad;2015;148;Chad;TCD;483;Chad 2015;TCD15;27,16
148;Chad;2016;148;Chad;TCD;483;Chad 2016;TCD16;27,63
148;Chad;2017;148;Chad;TCD;483;Chad 2017;TCD17;28,1
148;Chad;2018;148;Chad;TCD;483;Chad 2018;TCD18;28,62
148;Chad;2019;148;Chad;TCD;483;Chad 2019;TCD19;28,88
148;Chad;2020;148;Chad;TCD;483;Chad 2020;TCD20;29,53
148;Chad;2021;148;Chad;TCD;483;Chad 2021;TCD21;30,01
148;Chad;2022;148;Chad;TCD;483;Chad 2022;TCD22;30,2
152;Chile;2010;152;Chile;CHL;155;Chile 2010;CHL10;75,21
152;Chile;2011;152;Chile;CHL;155;Chile 2011;CHL11;75,66
152;Chile;2012;152;Chile;CHL;155;Chile 2012;CHL12;76,58
152;Chile;2013;152;Chile;CHL;155;Chile 2013;CHL13;76,91
152;Chile;2014;152;Chile;CHL;155;Chile 2014;CHL14;77,83
152;Chile;2015;152;Chile;CHL;155;Chile 2015;CHL15;78,16
152;Chile;2016;152;Chile;CHL;155;Chile 2016;CHL16;78,05
152;Chile;2017;152;Chile;CHL;155;Chile 2017;CHL17;78,24
152;Chile;2018;152;Chile;CHL;155;Chile 2018;CHL18;78,26
152;Chile;2019;152;Chile;CHL;155;Chile 2019;CHL19;77,84
152;Chile;2020;152;Chile;CHL;155;Chile 2020;CHL20;77,59
152;Chile;2021;152;Chile;CHL;155;Chile 2021;CHL21;78,28
152;Chile;2022;152;Chile;CHL;155;Chile 2022;CHL22;78,43
156;China;2010;156;China;CHN;710;China 2010;CHN10;58,28
156;China;2011;156;China;CHN;710;China 2011;CHN11;59,25
156;China;2012;156;China;CHN;710;China 2012;CHN12;59,41
156;China;2013;156;China;CHN;710;China 2013;CHN13;60,03
156;China;2014;156;China;CHN;710;China 2014;CHN14;61,61
156;China;2015;156;China;CHN;710;China 2015;CHN15;62,1
156;China;2016;156;China;CHN;710;China 2016;CHN16;63,21
156;China;2017;156;China;CHN;710;China 2017;CHN17;63,78
156;China;2018;156;China;CHN;710;China 2018;CHN18;64,8
156;China;2019;156;China;CHN;710;China 2019;CHN19;65,75
156;China;2020;156;China;CHN;710;China 2020;CHN20;66,7
156;China;2021;156;China;CHN;710;China 2021;CHN21;67,57
156;China;2022;156;China;CHN;710;China 2022;CHN22;67,61
170;Colombia;2010;170;Colombia;COL;100;Colombia 2010;COL10;64,85
170;Colombia;2011;170;Colombia;COL;100;Colombia 2011;COL11;65,53
170;Colombia;2012;170;Colombia;COL;100;Colombia 2012;COL12;66,58
170;Colombia;2013;170;Colombia;COL;100;Colombia 2013;COL13;66,99
170;Colombia;2014;170;Colombia;COL;100;Colombia 2014;COL14;67,56
170;Colombia;2015;170;Colombia;COL;100;Colombia 2015;COL15;68,01
170;Colombia;2016;170;Colombia;COL;100;Colombia 2016;COL16;68,07
170;Colombia;2017;170;Colombia;COL;100;Colombia 2017;COL17;68,5
170;Colombia;2018;170;Colombia;COL;100;Colombia 2018;COL18;68,59
170;Colombia;2019;170;Colombia;COL;100;Colombia 2019;COL19;68,29
170;Colombia;2020;170;Colombia;COL;100;Colombia 2020;COL20;67,62
170;Colombia;2021;170;Colombia;COL;100;Colombia 2021;COL21;67,45
170;Colombia;2022;170;Colombia;COL;100;Colombia 2022;COL22;67,97
174;Comoros (the);2010;174;Comoros;COM;581;Comoros 2010;COM10;45,58
174;Comoros (the);2011;174;Comoros;COM;581;Comoros 2011;COM11;46,74
174;Comoros (the);2012;174;Comoros;COM;581;Comoros 2012;COM12;47,31
174;Comoros (the);2013;174;Comoros;COM;581;Comoros 2013;COM13;47,98
174;Comoros (the);2014;174;Comoros;COM;581;Comoros 2014;COM14;48,46
174;Comoros (the);2015;174;Comoros;COM;581;Comoros 2015;COM15;48,93
174;Comoros (the);2016;174;Comoros;COM;581;Comoros 2016;COM16;48,71
174;Comoros (the);2017;174;Comoros;COM;581;Comoros 2017;COM17;49,1
174;Comoros (the);2018;174;Comoros;COM;581;Comoros 2018;COM18;49,28
174;Comoros (the);2019;174;Comoros;COM;581;Comoros 2019;COM19;49,6
174;Comoros (the);2020;174;Comoros;COM;581;Comoros 2020;COM20;49,85
174;Comoros (the);2021;174;Comoros;COM;581;Comoros 2021;COM21;49,46
174;Comoros (the);2022;174;Comoros;COM;581;Comoros 2022;COM22;48,82
178;Congo (the);2010;178;Congo;COG;484;Congo 2010;COG10;39,2
178;Congo (the);2011;178;Congo;COG;484;Congo 2011;COG11;40,07
178;Congo (the);2012;178;Congo;COG;484;Congo 2012;COG12;40,57
178;Congo (the);2013;178;Congo;COG;484;Congo 2013;COG13;40,78
178;Congo (the);2014;178;Congo;COG;484;Congo 2014;COG14;41,2
178;Congo (the);2015;178;Congo;COG;484;Congo 2015;COG15;41,3
178;Congo (the);2016;178;Congo;COG;484;Congo 2016;COG16;42,36
178;Congo (the);2017;178;Congo;COG;484;Congo 2017;COG17;42,47
178;Congo (the);2018;178;Congo;COG;484;Congo 2018;COG18;43,53
178;Congo (the);2019;178;Congo;COG;484;Congo 2019;COG19;43,5
178;Congo (the);2020;178;Congo;COG;484;Congo 2020;COG20;44,16
178;Congo (the);2021;178;Congo;COG;484;Congo 2021;COG21;44,37
178;Congo (the);2022;178;Congo;COG;484;Congo 2022;COG22;44,45
180;Congo (the Democratic Republic of the);2010;180;Congo, Democratic Republic;COD;490;Congo, Democratic Republic 2010;COD10;33,03
180;Congo (the Democratic Republic of the);2011;180;Congo, Democratic Republic;COD;490;Congo, Democratic Republic 2011;COD11;33,3
180;Congo (the Democratic Republic of the);2012;180;Congo, Democratic Republic;COD;490;Congo, Democratic Republic 2012;COD12;33,81
180;Congo (the Democratic Republic of the);2013;180;Congo, Democratic Republic;COD;490;Congo, Democratic Republic 2013;COD13;34,52
180;Congo (the Democratic Republic of the);2014;180;Congo, Democratic Republic;COD;490;Congo, Democratic Republic 2014;COD14;35,08
180;Congo (the Democratic Republic of the);2015;180;Congo, Democratic Republic;COD;490;Congo, Democratic Republic 2015;COD15;35,52
180;Congo (the Democratic Republic of the);2016;180;Congo, Democratic Republic;COD;490;Congo, Democratic Republic 2016;COD16;35,94
180;Congo (the Democratic Republic of the);2017;180;Congo, Democratic Republic;COD;490;Congo, Democratic Republic 2017;COD17;36,75
180;Congo (the Democratic Republic of the);2018;180;Congo, Democratic Republic;COD;490;Congo, Democratic Republic 2018;COD18;37,13
180;Congo (the Democratic Republic of the);2019;180;Congo, Democratic Republic;COD;490;Congo, Democratic Republic 2019;COD19;37,94
180;Congo (the Democratic Republic of the);2020;180;Congo, Democratic Republic;COD;490;Congo, Democratic Republic 2020;COD20;38,28
180;Congo (the Democratic Republic of the);2021;180;Congo, Democratic Republic;COD;490;Congo, Democratic Republic 2021;COD21;37,75
180;Congo (the Democratic Republic of the);2022;180;Congo, Democratic Republic;COD;490;Congo, Democratic Republic 2022;COD22;37,63
188;Costa Rica;2010;188;Costa Rica;CRI;94;Costa Rica 2010;CRI10;73,51
188;Costa Rica;2011;188;Costa Rica;CRI;94;Costa Rica 2011;CRI11;74,54
188;Costa Rica;2012;188;Costa Rica;CRI;94;Costa Rica 2012;CRI12;75,56
188;Costa Rica;2013;188;Costa Rica;CRI;94;Costa Rica 2013;CRI13;75,35
188;Costa Rica;2014;188;Costa Rica;CRI;94;Costa Rica 2014;CRI14;76,33
188;Costa Rica;2015;188;Costa Rica;CRI;94;Costa Rica 2015;CRI15;76,63
188;Costa Rica;2016;188;Costa Rica;CRI;94;Costa Rica 2016;CRI16;76,74
188;Costa Rica;2017;188;Costa Rica;CRI;94;Costa Rica 2017;CRI17;77,19
188;Costa Rica;2018;188;Costa Rica;CRI;94;Costa Rica 2018;CRI18;77,72
188;Costa Rica;2019;188;Costa Rica;CRI;94;Costa Rica 2019;CRI19;78,02
188;Costa Rica;2020;188;Costa Rica;CRI;94;Costa Rica 2020;CRI20;78,11
188;Costa Rica;2021;188;Costa Rica;CRI;94;Costa Rica 2021;CRI21;78,2
188;Costa Rica;2022;188;Costa Rica;CRI;94;Costa Rica 2022;CRI22;78,03
191;Croatia;2010;191;Croatia;HRV;344;Croatia 2010;HRV10;75,61
191;Croatia;2011;191;Croatia;HRV;344;Croatia 2011;HRV11;75,91
191;Croatia;2012;191;Croatia;HRV;344;Croatia 2012;HRV12;75,98
191;Croatia;2013;191;Croatia;HRV;344;Croatia 2013;HRV13;75,96
191;Croatia;2014;191;Croatia;HRV;344;Croatia 2014;HRV14;76,77
191;Croatia;2015;191;Croatia;HRV;344;Croatia 2015;HRV15;77,11
191;Croatia;2016;191;Croatia;HRV;344;Croatia 2016;HRV16;78,46
191;Croatia;2017;191;Croatia;HRV;344;Croatia 2017;HRV17;79
191;Croatia;2018;191;Croatia;HRV;344;Croatia 2018;HRV18;79,31
191;Croatia;2019;191;Croatia;HRV;344;Croatia 2019;HRV19;79,95
191;Croatia;2020;191;Croatia;HRV;344;Croatia 2020;HRV20;80,5
191;Croatia;2021;191;Croatia;HRV;344;Croatia 2021;HRV21;80,66
191;Croatia;2022;191;Croatia;HRV;344;Croatia 2022;HRV22;80,25
192;Cuba;2010;192;Cuba;CUB;40;Cuba 2010;CUB10;64,56
192;Cuba;2011;192;Cuba;CUB;40;Cuba 2011;CUB11;64,9
192;Cuba;2012;192;Cuba;CUB;40;Cuba 2012;CUB12;64,74
192;Cuba;2013;192;Cuba;CUB;40;Cuba 2013;CUB13;64,71
192;Cuba;2014;192;Cuba;CUB;40;Cuba 2014;CUB14;65,49
192;Cuba;2015;192;Cuba;CUB;40;Cuba 2015;CUB15;65,92
192;Cuba;2016;192;Cuba;CUB;40;Cuba 2016;CUB16;66,11
192;Cuba;2017;192;Cuba;CUB;40;Cuba 2017;CUB17;66,91
192;Cuba;2018;192;Cuba;CUB;40;Cuba 2018;CUB18;67,3
192;Cuba;2019;192;Cuba;CUB;40;Cuba 2019;CUB19;68,23
192;Cuba;2020;192;Cuba;CUB;40;Cuba 2020;CUB20;68,9
192;Cuba;2021;192;Cuba;CUB;40;Cuba 2021;CUB21;68,91
192;Cuba;2022;192;Cuba;CUB;40;Cuba 2022;CUB22;67,78
196;Cyprus;2010;196;Cyprus (1975-);CYP;352;Cyprus (1975-) 2010;CYP10;76,51
196;Cyprus;2011;196;Cyprus (1975-);CYP;352;Cyprus (1975-) 2011;CYP11;76,68
196;Cyprus;2012;196;Cyprus (1975-);CYP;352;Cyprus (1975-) 2012;CYP12;76,07
196;Cyprus;2013;196;Cyprus (1975-);CYP;352;Cyprus (1975-) 2013;CYP13;76,07
196;Cyprus;2014;196;Cyprus (1975-);CYP;352;Cyprus (1975-) 2014;CYP14;76,98
196;Cyprus;2015;196;Cyprus (1975-);CYP;352;Cyprus (1975-) 2015;CYP15;78,67
196;Cyprus;2016;196;Cyprus (1975-);CYP;352;Cyprus (1975-) 2016;CYP16;79,68
196;Cyprus;2017;196;Cyprus (1975-);CYP;352;Cyprus (1975-) 2017;CYP17;80,34
196;Cyprus;2018;196;Cyprus (1975-);CYP;352;Cyprus (1975-) 2018;CYP18;81,26
196;Cyprus;2019;196;Cyprus (1975-);CYP;352;Cyprus (1975-) 2019;CYP19;81,52
196;Cyprus;2020;196;Cyprus (1975-);CYP;352;Cyprus (1975-) 2020;CYP20;82,19
196;Cyprus;2021;196;Cyprus (1975-);CYP;352;Cyprus (1975-) 2021;CYP21;81,67
196;Cyprus;2022;196;Cyprus (1975-);CYP;352;Cyprus (1975-) 2022;CYP22;81,88
203;Czechia;2010;203;Czech Republic;CZE;316;Czech Republic 2010;CZE10;81,03
203;Czechia;2011;203;Czech Republic;CZE;316;Czech Republic 2011;CZE11;81,24
203;Czechia;2012;203;Czech Republic;CZE;316;Czech Republic 2012;CZE12;81,57
203;Czechia;2013;203;Czech Republic;CZE;316;Czech Republic 2013;CZE13;81,6
203;Czechia;2014;203;Czech Republic;CZE;316;Czech Republic 2014;CZE14;82,15
203;Czechia;2015;203;Czech Republic;CZE;316;Czech Republic 2015;CZE15;82,61
203;Czechia;2016;203;Czech Republic;CZE;316;Czech Republic 2016;CZE16;83,45
203;Czechia;2017;203;Czech Republic;CZE;316;Czech Republic 2017;CZE17;83,41
203;Czechia;2018;203;Czech Republic;CZE;316;Czech Republic 2018;CZE18;83,61
203;Czechia;2019;203;Czech Republic;CZE;316;Czech Republic 2019;CZE19;84,08
203;Czechia;2020;203;Czech Republic;CZE;316;Czech Republic 2020;CZE20;84,84
203;Czechia;2021;203;Czech Republic;CZE;316;Czech Republic 2021;CZE21;84,92
203;Czechia;2022;203;Czech Republic;CZE;316;Czech Republic 2022;CZE22;84,82
204;Benin;2010;204;Benin;BEN;434;Benin 2010;BEN10;46,21
204;Benin;2011;204;Benin;BEN;434;Benin 2011;BEN11;46,51
204;Benin;2012;204;Benin;BEN;434;Benin 2012;BEN12;47,22
204;Benin;2013;204;Benin;BEN;434;Benin 2013;BEN13;48,1
204;Benin;2014;204;Benin;BEN;434;Benin 2014;BEN14;47,62
204;Benin;2015;204;Benin;BEN;434;Benin 2015;BEN15;47,74
204;Benin;2016;204;Benin;BEN;434;Benin 2016;BEN16;47,87
204;Benin;2017;204;Benin;BEN;434;Benin 2017;BEN17;48,43
204;Benin;2018;204;Benin;BEN;434;Benin 2018;BEN18;48,57
204;Benin;2019;204;Benin;BEN;434;Benin 2019;BEN19;48,72
204;Benin;2020;204;Benin;BEN;434;Benin 2020;BEN20;49,39
204;Benin;2021;204;Benin;BEN;434;Benin 2021;BEN21;49,66
204;Benin;2022;204;Benin;BEN;434;Benin 2022;BEN22;49,08
208;Denmark;2010;208;Denmark;DNK;390;Denmark 2010;DNK10;88,11
208;Denmark;2011;208;Denmark;DNK;390;Denmark 2011;DNK11;88,45
208;Denmark;2012;208;Denmark;DNK;390;Denmark 2012;DNK12;88,46
208;Denmark;2013;208;Denmark;DNK;390;Denmark 2013;DNK13;88,79
208;Denmark;2014;208;Denmark;DNK;390;Denmark 2014;DNK14;89,14
208;Denmark;2015;208;Denmark;DNK;390;Denmark 2015;DNK15;89,08
208;Denmark;2016;208;Denmark;DNK;390;Denmark 2016;DNK16;89,73
208;Denmark;2017;208;Denmark;DNK;390;Denmark 2017;DNK17;89,67
208;Denmark;2018;208;Denmark;DNK;390;Denmark 2018;DNK18;90,36
208;Denmark;2019;208;Denmark;DNK;390;Denmark 2019;DNK19;90,43
208;Denmark;2020;208;Denmark;DNK;390;Denmark 2020;DNK20;90,38
208;Denmark;2021;208;Denmark;DNK;390;Denmark 2021;DNK21;90,48
208;Denmark;2022;208;Denmark;DNK;390;Denmark 2022;DNK22;90,38
214;Dominican Republic (the);2010;214;Dominican Republic;DOM;42;Dominican Republic 2010;DOM10;62,78
214;Dominican Republic (the);2011;214;Dominican Republic;DOM;42;Dominican Republic 2011;DOM11;63,33
214;Dominican Republic (the);2012;214;Dominican Republic;DOM;42;Dominican Republic 2012;DOM12;64,14
214;Dominican Republic (the);2013;214;Dominican Republic;DOM;42;Dominican Republic 2013;DOM13;64,39
214;Dominican Republic (the);2014;214;Dominican Republic;DOM;42;Dominican Republic 2014;DOM14;64,03
214;Dominican Republic (the);2015;214;Dominican Republic;DOM;42;Dominican Republic 2015;DOM15;64,55
214;Dominican Republic (the);2016;214;Dominican Republic;DOM;42;Dominican Republic 2016;DOM16;64,54
214;Dominican Republic (the);2017;214;Dominican Republic;DOM;42;Dominican Republic 2017;DOM17;65,06
214;Dominican Republic (the);2018;214;Dominican Republic;DOM;42;Dominican Republic 2018;DOM18;65,91
214;Dominican Republic (the);2019;214;Dominican Republic;DOM;42;Dominican Republic 2019;DOM19;66,31
214;Dominican Republic (the);2020;214;Dominican Republic;DOM;42;Dominican Republic 2020;DOM20;67,02
214;Dominican Republic (the);2021;214;Dominican Republic;DOM;42;Dominican Republic 2021;DOM21;67,91
214;Dominican Republic (the);2022;214;Dominican Republic;DOM;42;Dominican Republic 2022;DOM22;67,92
218;Ecuador;2010;218;Ecuador;ECU;130;Ecuador 2010;ECU10;64,79
218;Ecuador;2011;218;Ecuador;ECU;130;Ecuador 2011;ECU11;65,95
218;Ecuador;2012;218;Ecuador;ECU;130;Ecuador 2012;ECU12;66,73
218;Ecuador;2013;218;Ecuador;ECU;130;Ecuador 2013;ECU13;67,11
218;Ecuador;2014;218;Ecuador;ECU;130;Ecuador 2014;ECU14;68,04
218;Ecuador;2015;218;Ecuador;ECU;130;Ecuador 2015;ECU15;68,29
218;Ecuador;2016;218;Ecuador;ECU;130;Ecuador 2016;ECU16;69,27
218;Ecuador;2017;218;Ecuador;ECU;130;Ecuador 2017;ECU17;70,06
218;Ecuador;2018;218;Ecuador;ECU;130;Ecuador 2018;ECU18;70,3
218;Ecuador;2019;218;Ecuador;ECU;130;Ecuador 2019;ECU19;69,92
218;Ecuador;2020;218;Ecuador;ECU;130;Ecuador 2020;ECU20;70,31
218;Ecuador;2021;218;Ecuador;ECU;130;Ecuador 2021;ECU21;69,31
218;Ecuador;2022;218;Ecuador;ECU;130;Ecuador 2022;ECU22;69,56
222;El Salvador;2010;222;El Salvador;SLV;92;El Salvador 2010;SLV10;59,78
222;El Salvador;2011;222;El Salvador;SLV;92;El Salvador 2011;SLV11;60,62
222;El Salvador;2012;222;El Salvador;SLV;92;El Salvador 2012;SLV12;61,91
222;El Salvador;2013;222;El Salvador;SLV;92;El Salvador 2013;SLV13;62,51
222;El Salvador;2014;222;El Salvador;SLV;92;El Salvador 2014;SLV14;62,11
222;El Salvador;2015;222;El Salvador;SLV;92;El Salvador 2015;SLV15;61,1
222;El Salvador;2016;222;El Salvador;SLV;92;El Salvador 2016;SLV16;61,11
222;El Salvador;2017;222;El Salvador;SLV;92;El Salvador 2017;SLV17;61,84
222;El Salvador;2018;222;El Salvador;SLV;92;El Salvador 2018;SLV18;63,05
222;El Salvador;2019;222;El Salvador;SLV;92;El Salvador 2019;SLV19;64,19
222;El Salvador;2020;222;El Salvador;SLV;92;El Salvador 2020;SLV20;64,1
222;El Salvador;2021;222;El Salvador;SLV;92;El Salvador 2021;SLV21;63,51
222;El Salvador;2022;222;El Salvador;SLV;92;El Salvador 2022;SLV22;62,25
226;Equatorial Guinea;2010;226;Equatorial Guinea;GNQ;411;Equatorial Guinea 2010;GNQ10;39,85
226;Equatorial Guinea;2011;226;Equatorial Guinea;GNQ;411;Equatorial Guinea 2011;GNQ11;40,61
226;Equatorial Guinea;2012;226;Equatorial Guinea;GNQ;411;Equatorial Guinea 2012;GNQ12;41,12
226;Equatorial Guinea;2013;226;Equatorial Guinea;GNQ;411;Equatorial Guinea 2013;GNQ13;41,39
226;Equatorial Guinea;2014;226;Equatorial Guinea;GNQ;411;Equatorial Guinea 2014;GNQ14;41,6
226;Equatorial Guinea;2015;226;Equatorial Guinea;GNQ;411;Equatorial Guinea 2015;GNQ15;41,84
226;Equatorial Guinea;2016;226;Equatorial Guinea;GNQ;411;Equatorial Guinea 2016;GNQ16;42,41
226;Equatorial Guinea;2017;226;Equatorial Guinea;GNQ;411;Equatorial Guinea 2017;GNQ17;42,87
226;Equatorial Guinea;2018;226;Equatorial Guinea;GNQ;411;Equatorial Guinea 2018;GNQ18;43,36
226;Equatorial Guinea;2019;226;Equatorial Guinea;GNQ;411;Equatorial Guinea 2019;GNQ19;44,02
226;Equatorial Guinea;2020;226;Equatorial Guinea;GNQ;411;Equatorial Guinea 2020;GNQ20;44,42
226;Equatorial Guinea;2021;226;Equatorial Guinea;GNQ;411;Equatorial Guinea 2021;GNQ21;44,52
226;Equatorial Guinea;2022;226;Equatorial Guinea;GNQ;411;Equatorial Guinea 2022;GNQ22;44,7
231;Ethiopia;2010;231;Ethiopia (1993-);ETH;530;Ethiopia (1993-) 2010;ETH10;35,13
231;Ethiopia;2011;231;Ethiopia (1993-);ETH;530;Ethiopia (1993-) 2011;ETH11;36,26
231;Ethiopia;2012;231;Ethiopia (1993-);ETH;530;Ethiopia (1993-) 2012;ETH12;37,63
231;Ethiopia;2013;231;Ethiopia (1993-);ETH;530;Ethiopia (1993-) 2013;ETH13;38,36
231;Ethiopia;2014;231;Ethiopia (1993-);ETH;530;Ethiopia (1993-) 2014;ETH14;39,07
231;Ethiopia;2015;231;Ethiopia (1993-);ETH;530;Ethiopia (1993-) 2015;ETH15;39,92
231;Ethiopia;2016;231;Ethiopia (1993-);ETH;530;Ethiopia (1993-) 2016;ETH16;40,76
231;Ethiopia;2017;231;Ethiopia (1993-);ETH;530;Ethiopia (1993-) 2017;ETH17;41,74
231;Ethiopia;2018;231;Ethiopia (1993-);ETH;530;Ethiopia (1993-) 2018;ETH18;43,48
231;Ethiopia;2019;231;Ethiopia (1993-);ETH;530;Ethiopia (1993-) 2019;ETH19;44,18
231;Ethiopia;2020;231;Ethiopia (1993-);ETH;530;Ethiopia (1993-) 2020;ETH20;43,87
231;Ethiopia;2021;231;Ethiopia (1993-);ETH;530;Ethiopia (1993-) 2021;ETH21;43,91
231;Ethiopia;2022;231;Ethiopia (1993-);ETH;530;Ethiopia (1993-) 2022;ETH22;43,33
232;Eritrea;2010;232;Eritrea;ERI;531;Eritrea 2010;ERI10;32,93
232;Eritrea;2011;232;Eritrea;ERI;531;Eritrea 2011;ERI11;33,44
232;Eritrea;2012;232;Eritrea;ERI;531;Eritrea 2012;ERI12;33,96
232;Eritrea;2013;232;Eritrea;ERI;531;Eritrea 2013;ERI13;34,7
232;Eritrea;2014;232;Eritrea;ERI;531;Eritrea 2014;ERI14;35,04
232;Eritrea;2015;232;Eritrea;ERI;531;Eritrea 2015;ERI15;35,3
232;Eritrea;2016;232;Eritrea;ERI;531;Eritrea 2016;ERI16;35,5
232;Eritrea;2017;232;Eritrea;ERI;531;Eritrea 2017;ERI17;35,9
232;Eritrea;2018;232;Eritrea;ERI;531;Eritrea 2018;ERI18;35,53
232;Eritrea;2019;232;Eritrea;ERI;531;Eritrea 2019;ERI19;35,9
232;Eritrea;2020;232;Eritrea;ERI;531;Eritrea 2020;ERI20;35,96
232;Eritrea;2021;232;Eritrea;ERI;531;Eritrea 2021;ERI21;36,25
232;Eritrea;2022;232;Eritrea;ERI;531;Eritrea 2022;ERI22;36,76
233;Estonia;2010;233;Estonia;EST;366;Estonia 2010;EST10;79,71
233;Estonia;2011;233;Estonia;EST;366;Estonia 2011;EST11;80,68
233;Estonia;2012;233;Estonia;EST;366;Estonia 2012;EST12;81,29
233;Estonia;2013;233;Estonia;EST;366;Estonia 2013;EST13;81,95
233;Estonia;2014;233;Estonia;EST;366;Estonia 2014;EST14;82,46
233;Estonia;2015;233;Estonia;EST;366;Estonia 2015;EST15;82,68
233;Estonia;2016;233;Estonia;EST;366;Estonia 2016;EST16;83,17
233;Estonia;2017;233;Estonia;EST;366;Estonia 2017;EST17;83,54
233;Estonia;2018;233;Estonia;EST;366;Estonia 2018;EST18;84,1
233;Estonia;2019;233;Estonia;EST;366;Estonia 2019;EST19;84,62
233;Estonia;2020;233;Estonia;EST;366;Estonia 2020;EST20;84,98
233;Estonia;2021;233;Estonia;EST;366;Estonia 2021;EST21;85,44
233;Estonia;2022;233;Estonia;EST;366;Estonia 2022;EST22;85,17
242;Fiji;2010;242;Fiji;FJI;950;Fiji 2010;FJI10;57,08
242;Fiji;2011;242;Fiji;FJI;950;Fiji 2011;FJI11;57,74
242;Fiji;2012;242;Fiji;FJI;950;Fiji 2012;FJI12;58,69
242;Fiji;2013;242;Fiji;FJI;950;Fiji 2013;FJI13;59,57
242;Fiji;2014;242;Fiji;FJI;950;Fiji 2014;FJI14;62,5
242;Fiji;2015;242;Fiji;FJI;950;Fiji 2015;FJI15;63,16
242;Fiji;2016;242;Fiji;FJI;950;Fiji 2016;FJI16;63,61
242;Fiji;2017;242;Fiji;FJI;950;Fiji 2017;FJI17;64,25
242;Fiji;2018;242;Fiji;FJI;950;Fiji 2018;FJI18;65,25
242;Fiji;2019;242;Fiji;FJI;950;Fiji 2019;FJI19;65,61
242;Fiji;2020;242;Fiji;FJI;950;Fiji 2020;FJI20;66,27
242;Fiji;2021;242;Fiji;FJI;950;Fiji 2021;FJI21;65,55
242;Fiji;2022;242;Fiji;FJI;950;Fiji 2022;FJI22;65,24
246;Finland;2010;246;Finland;FIN;375;Finland 2010;FIN10;86,59
246;Finland;2011;246;Finland;FIN;375;Finland 2011;FIN11;86,82
246;Finland;2012;246;Finland;FIN;375;Finland 2012;FIN12;87,58
246;Finland;2013;246;Finland;FIN;375;Finland 2013;FIN13;87,69
246;Finland;2014;246;Finland;FIN;375;Finland 2014;FIN14;87,75
246;Finland;2015;246;Finland;FIN;375;Finland 2015;FIN15;88,61
246;Finland;2016;246;Finland;FIN;375;Finland 2016;FIN16;89,5
246;Finland;2017;246;Finland;FIN;375;Finland 2017;FIN17;89,58
246;Finland;2018;246;Finland;FIN;375;Finland 2018;FIN18;89,89
246;Finland;2019;246;Finland;FIN;375;Finland 2019;FIN19;90,03
246;Finland;2020;246;Finland;FIN;375;Finland 2020;FIN20;90,06
246;Finland;2021;246;Finland;FIN;375;Finland 2021;FIN21;90,13
246;Finland;2022;246;Finland;FIN;375;Finland 2022;FIN22;89,96
250;France;2010;250;France (1963-);FRA;220;France (1963-) 2010;FRA10;82,94
250;France;2011;250;France (1963-);FRA;220;France (1963-) 2011;FRA11;83,19
250;France;2012;250;France (1963-);FRA;220;France (1963-) 2012;FRA12;83,39
250;France;2013;250;France (1963-);FRA;220;France (1963-) 2013;FRA13;83,29
250;France;2014;250;France (1963-);FRA;220;France (1963-) 2014;FRA14;83,89
250;France;2015;250;France (1963-);FRA;220;France (1963-) 2015;FRA15;83,5
250;France;2016;250;France (1963-);FRA;220;France (1963-) 2016;FRA16;83,64
250;France;2017;250;France (1963-);FRA;220;France (1963-) 2017;FRA17;83,85
250;France;2018;250;France (1963-);FRA;220;France (1963-) 2018;FRA18;84,27
250;France;2019;250;France (1963-);FRA;220;France (1963-) 2019;FRA19;84,32
250;France;2020;250;France (1963-);FRA;220;France (1963-) 2020;FRA20;84,32
250;France;2021;250;France (1963-);FRA;220;France (1963-) 2021;FRA21;84,23
250;France;2022;250;France (1963-);FRA;220;France (1963-) 2022;FRA22;83,88
262;Djibouti;2010;262;Djibouti;DJI;522;Djibouti 2010;DJI10;41,33
262;Djibouti;2011;262;Djibouti;DJI;522;Djibouti 2011;DJI11;41,23
262;Djibouti;2012;262;Djibouti;DJI;522;Djibouti 2012;DJI12;41,56
262;Djibouti;2013;262;Djibouti;DJI;522;Djibouti 2013;DJI13;41,66
262;Djibouti;2014;262;Djibouti;DJI;522;Djibouti 2014;DJI14;42,46
262;Djibouti;2015;262;Djibouti;DJI;522;Djibouti 2015;DJI15;42,66
262;Djibouti;2016;262;Djibouti;DJI;522;Djibouti 2016;DJI16;42,87
262;Djibouti;2017;262;Djibouti;DJI;522;Djibouti 2017;DJI17;43,97
262;Djibouti;2018;262;Djibouti;DJI;522;Djibouti 2018;DJI18;45,27
262;Djibouti;2019;262;Djibouti;DJI;522;Djibouti 2019;DJI19;45,81
262;Djibouti;2020;262;Djibouti;DJI;522;Djibouti 2020;DJI20;46,41
262;Djibouti;2021;262;Djibouti;DJI;522;Djibouti 2021;DJI21;47,51
262;Djibouti;2022;262;Djibouti;DJI;522;Djibouti 2022;DJI22;47,43
266;Gabon;2010;266;Gabon;GAB;481;Gabon 2010;GAB10;51,55
266;Gabon;2011;266;Gabon;GAB;481;Gabon 2011;GAB11;52,4
266;Gabon;2012;266;Gabon;GAB;481;Gabon 2012;GAB12;53,55
266;Gabon;2013;266;Gabon;GAB;481;Gabon 2013;GAB13;54,76
266;Gabon;2014;266;Gabon;GAB;481;Gabon 2014;GAB14;55,44
266;Gabon;2015;266;Gabon;GAB;481;Gabon 2015;GAB15;55,72
266;Gabon;2016;266;Gabon;GAB;481;Gabon 2016;GAB16;55,62
266;Gabon;2017;266;Gabon;GAB;481;Gabon 2017;GAB17;55,65
266;Gabon;2018;266;Gabon;GAB;481;Gabon 2018;GAB18;55,95
266;Gabon;2019;266;Gabon;GAB;481;Gabon 2019;GAB19;55,66
266;Gabon;2020;266;Gabon;GAB;481;Gabon 2020;GAB20;56,5
266;Gabon;2021;266;Gabon;GAB;481;Gabon 2021;GAB21;56,82
266;Gabon;2022;266;Gabon;GAB;481;Gabon 2022;GAB22;56,58
268;Georgia;2010;268;Georgia;GEO;372;Georgia 2010;GEO10;65,52
268;Georgia;2011;268;Georgia;GEO;372;Georgia 2011;GEO11;65,98
268;Georgia;2012;268;Georgia;GEO;372;Georgia 2012;GEO12;67,13
268;Georgia;2013;268;Georgia;GEO;372;Georgia 2013;GEO13;67,73
268;Georgia;2014;268;Georgia;GEO;372;Georgia 2014;GEO14;68,9
268;Georgia;2015;268;Georgia;GEO;372;Georgia 2015;GEO15;69,49
268;Georgia;2016;268;Georgia;GEO;372;Georgia 2016;GEO16;70,78
268;Georgia;2017;268;Georgia;GEO;372;Georgia 2017;GEO17;71,38
268;Georgia;2018;268;Georgia;GEO;372;Georgia 2018;GEO18;72,11
268;Georgia;2019;268;Georgia;GEO;372;Georgia 2019;GEO19;72,06
268;Georgia;2020;268;Georgia;GEO;372;Georgia 2020;GEO20;72,47
268;Georgia;2021;268;Georgia;GEO;372;Georgia 2021;GEO21;72,16
268;Georgia;2022;268;Georgia;GEO;372;Georgia 2022;GEO22;72,62
270;Gambia (the);2010;270;Gambia;GMB;420;Gambia 2010;GMB10;41,55
270;Gambia (the);2011;270;Gambia;GMB;420;Gambia 2011;GMB11;41,55
270;Gambia (the);2012;270;Gambia;GMB;420;Gambia 2012;GMB12;42,17
270;Gambia (the);2013;270;Gambia;GMB;420;Gambia 2013;GMB13;42,55
270;Gambia (the);2014;270;Gambia;GMB;420;Gambia 2014;GMB14;43,8
270;Gambia (the);2015;270;Gambia;GMB;420;Gambia 2015;GMB15;44,3
270;Gambia (the);2016;270;Gambia;GMB;420;Gambia 2016;GMB16;44,8
270;Gambia (the);2017;270;Gambia;GMB;420;Gambia 2017;GMB17;49,49
270;Gambia (the);2018;270;Gambia;GMB;420;Gambia 2018;GMB18;50,64
270;Gambia (the);2019;270;Gambia;GMB;420;Gambia 2019;GMB19;50,9
270;Gambia (the);2020;270;Gambia;GMB;420;Gambia 2020;GMB20;50,42
270;Gambia (the);2021;270;Gambia;GMB;420;Gambia 2021;GMB21;49,96
270;Gambia (the);2022;270;Gambia;GMB;420;Gambia 2022;GMB22;50,1
276;Germany;2010;276;Germany;DEU;255;Germany 2010;DEU10;86,9
276;Germany;2011;276;Germany;DEU;255;Germany 2011;DEU11;87,12
276;Germany;2012;276;Germany;DEU;255;Germany 2012;DEU12;87,43
276;Germany;2013;276;Germany;DEU;255;Germany 2013;DEU13;87,48
276;Germany;2014;276;Germany;DEU;255;Germany 2014;DEU14;87,37
276;Germany;2015;276;Germany;DEU;255;Germany 2015;DEU15;87,55
276;Germany;2016;276;Germany;DEU;255;Germany 2016;DEU16;87,29
276;Germany;2017;276;Germany;DEU;255;Germany 2017;DEU17;87,36
276;Germany;2018;276;Germany;DEU;255;Germany 2018;DEU18;87,63
276;Germany;2019;276;Germany;DEU;255;Germany 2019;DEU19;88,03
276;Germany;2020;276;Germany;DEU;255;Germany 2020;DEU20;87,28
276;Germany;2021;276;Germany;DEU;255;Germany 2021;DEU21;87,73
276;Germany;2022;276;Germany;DEU;255;Germany 2022;DEU22;87,64
288;Ghana;2010;288;Ghana;GHA;452;Ghana 2010;GHA10;52,75
288;Ghana;2011;288;Ghana;GHA;452;Ghana 2011;GHA11;53,55
288;Ghana;2012;288;Ghana;GHA;452;Ghana 2012;GHA12;54,13
288;Ghana;2013;288;Ghana;GHA;452;Ghana 2013;GHA13;54,24
288;Ghana;2014;288;Ghana;GHA;452;Ghana 2014;GHA14;55,57
288;Ghana;2015;288;Ghana;GHA;452;Ghana 2015;GHA15;56,06
288;Ghana;2016;288;Ghana;GHA;452;Ghana 2016;GHA16;56,71
288;Ghana;2017;288;Ghana;GHA;452;Ghana 2017;GHA17;57,9
288;Ghana;2018;288;Ghana;GHA;452;Ghana 2018;GHA18;59,02
288;Ghana;2019;288;Ghana;GHA;452;Ghana 2019;GHA19;59,97
288;Ghana;2020;288;Ghana;GHA;452;Ghana 2020;GHA20;60,38
288;Ghana;2021;288;Ghana;GHA;452;Ghana 2021;GHA21;60,46
288;Ghana;2022;288;Ghana;GHA;452;Ghana 2022;GHA22;60,5
300;Greece;2010;300;Greece;GRC;350;Greece 2010;GRC10;76,79
300;Greece;2011;300;Greece;GRC;350;Greece 2011;GRC11;76,6
300;Greece;2012;300;Greece;GRC;350;Greece 2012;GRC12;76,62
300;Greece;2013;300;Greece;GRC;350;Greece 2013;GRC13;76,94
300;Greece;2014;300;Greece;GRC;350;Greece 2014;GRC14;78,57
300;Greece;2015;300;Greece;GRC;350;Greece 2015;GRC15;79,18
300;Greece;2016;300;Greece;GRC;350;Greece 2016;GRC16;78,68
300;Greece;2017;300;Greece;GRC;350;Greece 2017;GRC17;78,97
300;Greece;2018;300;Greece;GRC;350;Greece 2018;GRC18;79,57
300;Greece;2019;300;Greece;GRC;350;Greece 2019;GRC19;80,2
300;Greece;2020;300;Greece;GRC;350;Greece 2020;GRC20;80,36
300;Greece;2021;300;Greece;GRC;350;Greece 2021;GRC21;80,12
300;Greece;2022;300;Greece;GRC;350;Greece 2022;GRC22;80,09
320;Guatemala;2010;320;Guatemala;GTM;90;Guatemala 2010;GTM10;53,84
320;Guatemala;2011;320;Guatemala;GTM;90;Guatemala 2011;GTM11;54,59
320;Guatemala;2012;320;Guatemala;GTM;90;Guatemala 2012;GTM12;54,79
320;Guatemala;2013;320;Guatemala;GTM;90;Guatemala 2013;GTM13;54,85
320;Guatemala;2014;320;Guatemala;GTM;90;Guatemala 2014;GTM14;55,45
320;Guatemala;2015;320;Guatemala;GTM;90;Guatemala 2015;GTM15;55,55
320;Guatemala;2016;320;Guatemala;GTM;90;Guatemala 2016;GTM16;56,86
320;Guatemala;2017;320;Guatemala;GTM;90;Guatemala 2017;GTM17;57,39
320;Guatemala;2018;320;Guatemala;GTM;90;Guatemala 2018;GTM18;57,78
320;Guatemala;2019;320;Guatemala;GTM;90;Guatemala 2019;GTM19;57,93
320;Guatemala;2020;320;Guatemala;GTM;90;Guatemala 2020;GTM20;58,23
320;Guatemala;2021;320;Guatemala;GTM;90;Guatemala 2021;GTM21;57,92
320;Guatemala;2022;320;Guatemala;GTM;90;Guatemala 2022;GTM22;57,5
324;Guinea;2010;324;Guinea;GIN;438;Guinea 2010;GIN10;34,19
324;Guinea;2011;324;Guinea;GIN;438;Guinea 2011;GIN11;34,87
324;Guinea;2012;324;Guinea;GIN;438;Guinea 2012;GIN12;35,51
324;Guinea;2013;324;Guinea;GIN;438;Guinea 2013;GIN13;36,23
324;Guinea;2014;324;Guinea;GIN;438;Guinea 2014;GIN14;37,39
324;Guinea;2015;324;Guinea;GIN;438;Guinea 2015;GIN15;37,93
324;Guinea;2016;324;Guinea;GIN;438;Guinea 2016;GIN16;39
324;Guinea;2017;324;Guinea;GIN;438;Guinea 2017;GIN17;39,39
324;Guinea;2018;324;Guinea;GIN;438;Guinea 2018;GIN18;40,5
324;Guinea;2019;324;Guinea;GIN;438;Guinea 2019;GIN19;40,35
324;Guinea;2020;324;Guinea;GIN;438;Guinea 2020;GIN20;40,32
324;Guinea;2021;324;Guinea;GIN;438;Guinea 2021;GIN21;40,36
324;Guinea;2022;324;Guinea;GIN;438;Guinea 2022;GIN22;40,61
328;Guyana;2010;328;Guyana;GUY;110;Guyana 2010;GUY10;59,41
328;Guyana;2011;328;Guyana;GUY;110;Guyana 2011;GUY11;59,68
328;Guyana;2012;328;Guyana;GUY;110;Guyana 2012;GUY12;60
328;Guyana;2013;328;Guyana;GUY;110;Guyana 2013;GUY13;60,13
328;Guyana;2014;328;Guyana;GUY;110;Guyana 2014;GUY14;60,98
328;Guyana;2015;328;Guyana;GUY;110;Guyana 2015;GUY15;61,91
328;Guyana;2016;328;Guyana;GUY;110;Guyana 2016;GUY16;62,24
328;Guyana;2017;328;Guyana;GUY;110;Guyana 2017;GUY17;62,96
328;Guyana;2018;328;Guyana;GUY;110;Guyana 2018;GUY18;64,02
328;Guyana;2019;328;Guyana;GUY;110;Guyana 2019;GUY19;64,76
328;Guyana;2020;328;Guyana;GUY;110;Guyana 2020;GUY20;65,31
328;Guyana;2021;328;Guyana;GUY;110;Guyana 2021;GUY21;65,34
328;Guyana;2022;328;Guyana;GUY;110;Guyana 2022;GUY22;64,52
332;Haiti;2010;332;Haiti;HTI;41;Haiti 2010;HTI10;37,56
332;Haiti;2011;332;Haiti;HTI;41;Haiti 2011;HTI11;36,8
332;Haiti;2012;332;Haiti;HTI;41;Haiti 2012;HTI12;39,57
332;Haiti;2013;332;Haiti;HTI;41;Haiti 2013;HTI13;39,91
332;Haiti;2014;332;Haiti;HTI;41;Haiti 2014;HTI14;40,04
332;Haiti;2015;332;Haiti;HTI;41;Haiti 2015;HTI15;40,18
332;Haiti;2016;332;Haiti;HTI;41;Haiti 2016;HTI16;40,54
332;Haiti;2017;332;Haiti;HTI;41;Haiti 2017;HTI17;41,03
332;Haiti;2018;332;Haiti;HTI;41;Haiti 2018;HTI18;42,24
332;Haiti;2019;332;Haiti;HTI;41;Haiti 2019;HTI19;42,45
332;Haiti;2020;332;Haiti;HTI;41;Haiti 2020;HTI20;42,52
332;Haiti;2021;332;Haiti;HTI;41;Haiti 2021;HTI21;42,24
332;Haiti;2022;332;Haiti;HTI;41;Haiti 2022;HTI22;41,57
340;Honduras;2010;340;Honduras;HND;91;Honduras 2010;HND10;55,29
340;Honduras;2011;340;Honduras;HND;91;Honduras 2011;HND11;55,69
340;Honduras;2012;340;Honduras;HND;91;Honduras 2012;HND12;55,48
340;Honduras;2013;340;Honduras;HND;91;Honduras 2013;HND13;55,75
340;Honduras;2014;340;Honduras;HND;91;Honduras 2014;HND14;56,19
340;Honduras;2015;340;Honduras;HND;91;Honduras 2015;HND15;56,39
340;Honduras;2016;340;Honduras;HND;91;Honduras 2016;HND16;57,06
340;Honduras;2017;340;Honduras;HND;91;Honduras 2017;HND17;57,71
340;Honduras;2018;340;Honduras;HND;91;Honduras 2018;HND18;58,52
340;Honduras;2019;340;Honduras;HND;91;Honduras 2019;HND19;59,17
340;Honduras;2020;340;Honduras;HND;91;Honduras 2020;HND20;58,62
340;Honduras;2021;340;Honduras;HND;91;Honduras 2021;HND21;58,55
340;Honduras;2022;340;Honduras;HND;91;Honduras 2022;HND22;59,01
348;Hungary;2010;348;Hungary;HUN;310;Hungary 2010;HUN10;77,13
348;Hungary;2011;348;Hungary;HUN;310;Hungary 2011;HUN11;77,1
348;Hungary;2012;348;Hungary;HUN;310;Hungary 2012;HUN12;77,42
348;Hungary;2013;348;Hungary;HUN;310;Hungary 2013;HUN13;76,71
348;Hungary;2014;348;Hungary;HUN;310;Hungary 2014;HUN14;76,59
348;Hungary;2015;348;Hungary;HUN;310;Hungary 2015;HUN15;76,16
348;Hungary;2016;348;Hungary;HUN;310;Hungary 2016;HUN16;76,84
348;Hungary;2017;348;Hungary;HUN;310;Hungary 2017;HUN17;76,9
348;Hungary;2018;348;Hungary;HUN;310;Hungary 2018;HUN18;77,22
348;Hungary;2019;348;Hungary;HUN;310;Hungary 2019;HUN19;77,57
348;Hungary;2020;348;Hungary;HUN;310;Hungary 2020;HUN20;77,68
348;Hungary;2021;348;Hungary;HUN;310;Hungary 2021;HUN21;77,62
348;Hungary;2022;348;Hungary;HUN;310;Hungary 2022;HUN22;77,47
352;Iceland;2010;352;Iceland;ISL;395;Iceland 2010;ISL10;86,79
352;Iceland;2011;352;Iceland;ISL;395;Iceland 2011;ISL11;87,75
352;Iceland;2012;352;Iceland;ISL;395;Iceland 2012;ISL12;88,16
352;Iceland;2013;352;Iceland;ISL;395;Iceland 2013;ISL13;88,19
352;Iceland;2014;352;Iceland;ISL;395;Iceland 2014;ISL14;88,82
352;Iceland;2015;352;Iceland;ISL;395;Iceland 2015;ISL15;89,04
352;Iceland;2016;352;Iceland;ISL;395;Iceland 2016;ISL16;89,31
352;Iceland;2017;352;Iceland;ISL;395;Iceland 2017;ISL17;89,11
352;Iceland;2018;352;Iceland;ISL;395;Iceland 2018;ISL18;89,39
352;Iceland;2019;352;Iceland;ISL;395;Iceland 2019;ISL19;89,47
352;Iceland;2020;352;Iceland;ISL;395;Iceland 2020;ISL20;89,44
352;Iceland;2021;352;Iceland;ISL;395;Iceland 2021;ISL21;89,55
352;Iceland;2022;352;Iceland;ISL;395;Iceland 2022;ISL22;89,57
356;India;2010;356;India;IND;750;India 2010;IND10;49,76
356;India;2011;356;India;IND;750;India 2011;IND11;50,3
356;India;2012;356;India;IND;750;India 2012;IND12;51,03
356;India;2013;356;India;IND;750;India 2013;IND13;52,04
356;India;2014;356;India;IND;750;India 2014;IND14;53,73
356;India;2015;356;India;IND;750;India 2015;IND15;54,11
356;India;2016;356;India;IND;750;India 2016;IND16;55,31
356;India;2017;356;India;IND;750;India 2017;IND17;56,24
356;India;2018;356;India;IND;750;India 2018;IND18;57,28
356;India;2019;356;India;IND;750;India 2019;IND19;57,62
356;India;2020;356;India;IND;750;India 2020;IND20;58,54
356;India;2021;356;India;IND;750;India 2021;IND21;58,98
356;India;2022;356;India;IND;750;India 2022;IND22;58,06
360;Indonesia;2010;360;Indonesia;IDN;850;Indonesia 2010;IDN10;59,32
360;Indonesia;2011;360;Indonesia;IDN;850;Indonesia 2011;IDN11;60,3
360;Indonesia;2012;360;Indonesia;IDN;850;Indonesia 2012;IDN12;61,38
360;Indonesia;2013;360;Indonesia;IDN;850;Indonesia 2013;IDN13;61,65
360;Indonesia;2014;360;Indonesia;IDN;850;Indonesia 2014;IDN14;62,32
360;Indonesia;2015;360;Indonesia;IDN;850;Indonesia 2015;IDN15;63,18
360;Indonesia;2016;360;Indonesia;IDN;850;Indonesia 2016;IDN16;64
360;Indonesia;2017;360;Indonesia;IDN;850;Indonesia 2017;IDN17;64,55
360;Indonesia;2018;360;Indonesia;IDN;850;Indonesia 2018;IDN18;65,53
360;Indonesia;2019;360;Indonesia;IDN;850;Indonesia 2019;IDN19;66,07
360;Indonesia;2020;360;Indonesia;IDN;850;Indonesia 2020;IDN20;65,99
360;Indonesia;2021;360;Indonesia;IDN;850;Indonesia 2021;IDN21;66,5
360;Indonesia;2022;360;Indonesia;IDN;850;Indonesia 2022;IDN22;67,22
364;Iran (Islamic Republic of);2010;364;Iran;IRN;630;Iran 2010;IRN10;55,78
364;Iran (Islamic Republic of);2011;364;Iran;IRN;630;Iran 2011;IRN11;57,03
364;Iran (Islamic Republic of);2012;364;Iran;IRN;630;Iran 2012;IRN12;57,59
364;Iran (Islamic Republic of);2013;364;Iran;IRN;630;Iran 2013;IRN13;58,28
364;Iran (Islamic Republic of);2014;364;Iran;IRN;630;Iran 2014;IRN14;59,71
364;Iran (Islamic Republic of);2015;364;Iran;IRN;630;Iran 2015;IRN15;60,31
364;Iran (Islamic Republic of);2016;364;Iran;IRN;630;Iran 2016;IRN16;60,83
364;Iran (Islamic Republic of);2017;364;Iran;IRN;630;Iran 2017;IRN17;60,87
364;Iran (Islamic Republic of);2018;364;Iran;IRN;630;Iran 2018;IRN18;61,97
364;Iran (Islamic Republic of);2019;364;Iran;IRN;630;Iran 2019;IRN19;61,85
364;Iran (Islamic Republic of);2020;364;Iran;IRN;630;Iran 2020;IRN20;61,91
364;Iran (Islamic Republic of);2021;364;Iran;IRN;630;Iran 2021;IRN21;61,05
364;Iran (Islamic Republic of);2022;364;Iran;IRN;630;Iran 2022;IRN22;60,3
368;Iraq;2010;368;Iraq;IRQ;645;Iraq 2010;IRQ10;49,82
368;Iraq;2011;368;Iraq;IRQ;645;Iraq 2011;IRQ11;49,8
368;Iraq;2012;368;Iraq;IRQ;645;Iraq 2012;IRQ12;50,38
368;Iraq;2013;368;Iraq;IRQ;645;Iraq 2013;IRQ13;51,31
368;Iraq;2014;368;Iraq;IRQ;645;Iraq 2014;IRQ14;52,07
368;Iraq;2015;368;Iraq;IRQ;645;Iraq 2015;IRQ15;52,6
368;Iraq;2016;368;Iraq;IRQ;645;Iraq 2016;IRQ16;53,44
368;Iraq;2017;368;Iraq;IRQ;645;Iraq 2017;IRQ17;54,13
368;Iraq;2018;368;Iraq;IRQ;645;Iraq 2018;IRQ18;55,34
368;Iraq;2019;368;Iraq;IRQ;645;Iraq 2019;IRQ19;55,95
368;Iraq;2020;368;Iraq;IRQ;645;Iraq 2020;IRQ20;56,46
368;Iraq;2021;368;Iraq;IRQ;645;Iraq 2021;IRQ21;56,86
368;Iraq;2022;368;Iraq;IRQ;645;Iraq 2022;IRQ22;57,76
372;Ireland;2010;372;Ireland;IRL;205;Ireland 2010;IRL10;83,59
372;Ireland;2011;372;Ireland;IRL;205;Ireland 2011;IRL11;84,22
372;Ireland;2012;372;Ireland;IRL;205;Ireland 2012;IRL12;83,71
372;Ireland;2013;372;Ireland;IRL;205;Ireland 2013;IRL13;83,87
372;Ireland;2014;372;Ireland;IRL;205;Ireland 2014;IRL14;85,06
372;Ireland;2015;372;Ireland;IRL;205;Ireland 2015;IRL15;85,34
372;Ireland;2016;372;Ireland;IRL;205;Ireland 2016;IRL16;85,75
372;Ireland;2017;372;Ireland;IRL;205;Ireland 2017;IRL17;85,97
372;Ireland;2018;372;Ireland;IRL;205;Ireland 2018;IRL18;86,56
372;Ireland;2019;372;Ireland;IRL;205;Ireland 2019;IRL19;86,58
372;Ireland;2020;372;Ireland;IRL;205;Ireland 2020;IRL20;86,35
372;Ireland;2021;372;Ireland;IRL;205;Ireland 2021;IRL21;86,87
372;Ireland;2022;372;Ireland;IRL;205;Ireland 2022;IRL22;86,57
376;Israel;2010;376;Israel;ISR;666;Israel 2010;ISR10;77,79
376;Israel;2011;376;Israel;ISR;666;Israel 2011;ISR11;77,83
376;Israel;2012;376;Israel;ISR;666;Israel 2012;ISR12;79,19
376;Israel;2013;376;Israel;ISR;666;Israel 2013;ISR13;79,57
376;Israel;2014;376;Israel;ISR;666;Israel 2014;ISR14;79,73
376;Israel;2015;376;Israel;ISR;666;Israel 2015;ISR15;79,75
376;Israel;2016;376;Israel;ISR;666;Israel 2016;ISR16;79,84
376;Israel;2017;376;Israel;ISR;666;Israel 2017;ISR17;79,77
376;Israel;2018;376;Israel;ISR;666;Israel 2018;ISR18;80,2
376;Israel;2019;376;Israel;ISR;666;Israel 2019;ISR19;80,49
376;Israel;2020;376;Israel;ISR;666;Israel 2020;ISR20;81,59
376;Israel;2021;376;Israel;ISR;666;Israel 2021;ISR21;81,78
376;Israel;2022;376;Israel;ISR;666;Israel 2022;ISR22;81,68
380;Italy;2010;380;Italy;ITA;325;Italy 2010;ITA10;78,93
380;Italy;2011;380;Italy;ITA;325;Italy 2011;ITA11;78,95
380;Italy;2012;380;Italy;ITA;325;Italy 2012;ITA12;79,15
380;Italy;2013;380;Italy;ITA;325;Italy 2013;ITA13;79,21
380;Italy;2014;380;Italy;ITA;325;Italy 2014;ITA14;80,06
380;Italy;2015;380;Italy;ITA;325;Italy 2015;ITA15;80,29
380;Italy;2016;380;Italy;ITA;325;Italy 2016;ITA16;81,05
380;Italy;2017;380;Italy;ITA;325;Italy 2017;ITA17;81,8
380;Italy;2018;380;Italy;ITA;325;Italy 2018;ITA18;82,18
380;Italy;2019;380;Italy;ITA;325;Italy 2019;ITA19;82,82
380;Italy;2020;380;Italy;ITA;325;Italy 2020;ITA20;83,08
380;Italy;2021;380;Italy;ITA;325;Italy 2021;ITA21;83,4
380;Italy;2022;380;Italy;ITA;325;Italy 2022;ITA22;83,61
384;Cote d'Ivoire;2010;384;Cote d'Ivoire;CIV;437;Cote d'Ivoire 2010;CIV10;41,17
384;Cote d'Ivoire;2011;384;Cote d'Ivoire;CIV;437;Cote d'Ivoire 2011;CIV11;41,94
384;Cote d'Ivoire;2012;384;Cote d'Ivoire;CIV;437;Cote d'Ivoire 2012;CIV12;42,86
384;Cote d'Ivoire;2013;384;Cote d'Ivoire;CIV;437;Cote d'Ivoire 2013;CIV13;43,91
384;Cote d'Ivoire;2014;384;Cote d'Ivoire;CIV;437;Cote d'Ivoire 2014;CIV14;45,02
384;Cote d'Ivoire;2015;384;Cote d'Ivoire;CIV;437;Cote d'Ivoire 2015;CIV15;45,95
384;Cote d'Ivoire;2016;384;Cote d'Ivoire;CIV;437;Cote d'Ivoire 2016;CIV16;46,98
384;Cote d'Ivoire;2017;384;Cote d'Ivoire;CIV;437;Cote d'Ivoire 2017;CIV17;47,39
384;Cote d'Ivoire;2018;384;Cote d'Ivoire;CIV;437;Cote d'Ivoire 2018;CIV18;48,02
384;Cote d'Ivoire;2019;384;Cote d'Ivoire;CIV;437;Cote d'Ivoire 2019;CIV19;48,64
384;Cote d'Ivoire;2020;384;Cote d'Ivoire;CIV;437;Cote d'Ivoire 2020;CIV20;48,99
384;Cote d'Ivoire;2021;384;Cote d'Ivoire;CIV;437;Cote d'Ivoire 2021;CIV21;49,49
384;Cote d'Ivoire;2022;384;Cote d'Ivoire;CIV;437;Cote d'Ivoire 2022;CIV22;49,31
388;Jamaica;2010;388;Jamaica;JAM;51;Jamaica 2010;JAM10;67,86
388;Jamaica;2011;388;Jamaica;JAM;51;Jamaica 2011;JAM11;68,2
388;Jamaica;2012;388;Jamaica;JAM;51;Jamaica 2012;JAM12;67,7
388;Jamaica;2013;388;Jamaica;JAM;51;Jamaica 2013;JAM13;68,04
388;Jamaica;2014;388;Jamaica;JAM;51;Jamaica 2014;JAM14;68,47
388;Jamaica;2015;388;Jamaica;JAM;51;Jamaica 2015;JAM15;69,32
388;Jamaica;2016;388;Jamaica;JAM;51;Jamaica 2016;JAM16;69,92
388;Jamaica;2017;388;Jamaica;JAM;51;Jamaica 2017;JAM17;70,87
388;Jamaica;2018;388;Jamaica;JAM;51;Jamaica 2018;JAM18;71,79
388;Jamaica;2019;388;Jamaica;JAM;51;Jamaica 2019;JAM19;71,92
388;Jamaica;2020;388;Jamaica;JAM;51;Jamaica 2020;JAM20;72,46
388;Jamaica;2021;388;Jamaica;JAM;51;Jamaica 2021;JAM21;72,83
388;Jamaica;2022;388;Jamaica;JAM;51;Jamaica 2022;JAM22;72,36
392;Japan;2010;392;Japan;JPN;740;Japan 2010;JPN10;83,27
392;Japan;2011;392;Japan;JPN;740;Japan 2011;JPN11;83,67
392;Japan;2012;392;Japan;JPN;740;Japan 2012;JPN12;83,73
392;Japan;2013;392;Japan;JPN;740;Japan 2013;JPN13;83,93
392;Japan;2014;392;Japan;JPN;740;Japan 2014;JPN14;84,51
392;Japan;2015;392;Japan;JPN;740;Japan 2015;JPN15;84,73
392;Japan;2016;392;Japan;JPN;740;Japan 2016;JPN16;84,96
392;Japan;2017;392;Japan;JPN;740;Japan 2017;JPN17;85,1
392;Japan;2018;392;Japan;JPN;740;Japan 2018;JPN18;85,16
392;Japan;2019;392;Japan;JPN;740;Japan 2019;JPN19;85,38
392;Japan;2020;392;Japan;JPN;740;Japan 2020;JPN20;85,51
392;Japan;2021;392;Japan;JPN;740;Japan 2021;JPN21;85,43
392;Japan;2022;392;Japan;JPN;740;Japan 2022;JPN22;85,52
398;Kazakhstan;2010;398;Kazakhstan;KAZ;705;Kazakhstan 2010;KAZ10;64,17
398;Kazakhstan;2011;398;Kazakhstan;KAZ;705;Kazakhstan 2011;KAZ11;64,89
398;Kazakhstan;2012;398;Kazakhstan;KAZ;705;Kazakhstan 2012;KAZ12;66,17
398;Kazakhstan;2013;398;Kazakhstan;KAZ;705;Kazakhstan 2013;KAZ13;66,16
398;Kazakhstan;2014;398;Kazakhstan;KAZ;705;Kazakhstan 2014;KAZ14;66,27
398;Kazakhstan;2015;398;Kazakhstan;KAZ;705;Kazakhstan 2015;KAZ15;66,92
398;Kazakhstan;2016;398;Kazakhstan;KAZ;705;Kazakhstan 2016;KAZ16;67,36
398;Kazakhstan;2017;398;Kazakhstan;KAZ;705;Kazakhstan 2017;KAZ17;67,66
398;Kazakhstan;2018;398;Kazakhstan;KAZ;705;Kazakhstan 2018;KAZ18;68,49
398;Kazakhstan;2019;398;Kazakhstan;KAZ;705;Kazakhstan 2019;KAZ19;69,3
398;Kazakhstan;2020;398;Kazakhstan;KAZ;705;Kazakhstan 2020;KAZ20;70,09
398;Kazakhstan;2021;398;Kazakhstan;KAZ;705;Kazakhstan 2021;KAZ21;69,93
398;Kazakhstan;2022;398;Kazakhstan;KAZ;705;Kazakhstan 2022;KAZ22;69,73
400;Jordan;2010;400;Jordan;JOR;663;Jordan 2010;JOR10;64,95
400;Jordan;2011;400;Jordan;JOR;663;Jordan 2011;JOR11;65,15
400;Jordan;2012;400;Jordan;JOR;663;Jordan 2012;JOR12;64,87
400;Jordan;2013;400;Jordan;JOR;663;Jordan 2013;JOR13;64,99
400;Jordan;2014;400;Jordan;JOR;663;Jordan 2014;JOR14;66,07
400;Jordan;2015;400;Jordan;JOR;663;Jordan 2015;JOR15;66,6
400;Jordan;2016;400;Jordan;JOR;663;Jordan 2016;JOR16;66,95
400;Jordan;2017;400;Jordan;JOR;663;Jordan 2017;JOR17;67,29
400;Jordan;2018;400;Jordan;JOR;663;Jordan 2018;JOR18;67,57
400;Jordan;2019;400;Jordan;JOR;663;Jordan 2019;JOR19;67,69
400;Jordan;2020;400;Jordan;JOR;663;Jordan 2020;JOR20;66,67
400;Jordan;2021;400;Jordan;JOR;663;Jordan 2021;JOR21;66,38
400;Jordan;2022;400;Jordan;JOR;663;Jordan 2022;JOR22;66,27
404;Kenya;2010;404;Kenya;KEN;501;Kenya 2010;KEN10;46,6
404;Kenya;2011;404;Kenya;KEN;501;Kenya 2011;KEN11;47,43
404;Kenya;2012;404;Kenya;KEN;501;Kenya 2012;KEN12;48,27
404;Kenya;2013;404;Kenya;KEN;501;Kenya 2013;KEN13;48,66
404;Kenya;2014;404;Kenya;KEN;501;Kenya 2014;KEN14;50,57
404;Kenya;2015;404;Kenya;KEN;501;Kenya 2015;KEN15;50,93
404;Kenya;2016;404;Kenya;KEN;501;Kenya 2016;KEN16;51,22
404;Kenya;2017;404;Kenya;KEN;501;Kenya 2017;KEN17;51,55
404;Kenya;2018;404;Kenya;KEN;501;Kenya 2018;KEN18;52,52
404;Kenya;2019;404;Kenya;KEN;501;Kenya 2019;KEN19;52,98
404;Kenya;2020;404;Kenya;KEN;501;Kenya 2020;KEN20;53,33
404;Kenya;2021;404;Kenya;KEN;501;Kenya 2021;KEN21;53,36
404;Kenya;2022;404;Kenya;KEN;501;Kenya 2022;KEN22;53,62
410;Korea (the Republic of);2010;410;Korea, South;KOR;732;Korea, South 2010;KOR10;81,67
410;Korea (the Republic of);2011;410;Korea, South;KOR;732;Korea, South 2011;KOR11;82,11
410;Korea (the Republic of);2012;410;Korea, South;KOR;732;Korea, South 2012;KOR12;82,26
410;Korea (the Republic of);2013;410;Korea, South;KOR;732;Korea, South 2013;KOR13;82,06
410;Korea (the Republic of);2014;410;Korea, South;KOR;732;Korea, South 2014;KOR14;82,26
410;Korea (the Republic of);2015;410;Korea, South;KOR;732;Korea, South 2015;KOR15;82,71
410;Korea (the Republic of);2016;410;Korea, South;KOR;732;Korea, South 2016;KOR16;82,94
410;Korea (the Republic of);2017;410;Korea, South;KOR;732;Korea, South 2017;KOR17;83,73
410;Korea (the Republic of);2018;410;Korea, South;KOR;732;Korea, South 2018;KOR18;84,01
410;Korea (the Republic of);2019;410;Korea, South;KOR;732;Korea, South 2019;KOR19;84,87
410;Korea (the Republic of);2020;410;Korea, South;KOR;732;Korea, South 2020;KOR20;85,44
410;Korea (the Republic of);2021;410;Korea, South;KOR;732;Korea, South 2021;KOR21;85,68
410;Korea (the Republic of);2022;410;Korea, South;KOR;732;Korea, South 2022;KOR22;85,26
414;Kuwait;2010;414;Kuwait;KWT;690;Kuwait 2010;KWT10;68,71
414;Kuwait;2011;414;Kuwait;KWT;690;Kuwait 2011;KWT11;69,46
414;Kuwait;2012;414;Kuwait;KWT;690;Kuwait 2012;KWT12;69,72
414;Kuwait;2013;414;Kuwait;KWT;690;Kuwait 2013;KWT13;70,13
414;Kuwait;2014;414;Kuwait;KWT;690;Kuwait 2014;KWT14;70,1
414;Kuwait;2015;414;Kuwait;KWT;690;Kuwait 2015;KWT15;70,97
414;Kuwait;2016;414;Kuwait;KWT;690;Kuwait 2016;KWT16;71,88
414;Kuwait;2017;414;Kuwait;KWT;690;Kuwait 2017;KWT17;72,53
414;Kuwait;2018;414;Kuwait;KWT;690;Kuwait 2018;KWT18;72,68
414;Kuwait;2019;414;Kuwait;KWT;690;Kuwait 2019;KWT19;72,79
414;Kuwait;2020;414;Kuwait;KWT;690;Kuwait 2020;KWT20;74,01
414;Kuwait;2021;414;Kuwait;KWT;690;Kuwait 2021;KWT21;73,68
414;Kuwait;2022;414;Kuwait;KWT;690;Kuwait 2022;KWT22;73,44
417;Kyrgyzstan;2010;417;Kyrgyzstan;KGZ;703;Kyrgyzstan 2010;KGZ10;61,54
417;Kyrgyzstan;2011;417;Kyrgyzstan;KGZ;703;Kyrgyzstan 2011;KGZ11;63,05
417;Kyrgyzstan;2012;417;Kyrgyzstan;KGZ;703;Kyrgyzstan 2012;KGZ12;62,97
417;Kyrgyzstan;2013;417;Kyrgyzstan;KGZ;703;Kyrgyzstan 2013;KGZ13;63,39
417;Kyrgyzstan;2014;417;Kyrgyzstan;KGZ;703;Kyrgyzstan 2014;KGZ14;64,23
417;Kyrgyzstan;2015;417;Kyrgyzstan;KGZ;703;Kyrgyzstan 2015;KGZ15;64,86
417;Kyrgyzstan;2016;417;Kyrgyzstan;KGZ;703;Kyrgyzstan 2016;KGZ16;65,76
417;Kyrgyzstan;2017;417;Kyrgyzstan;KGZ;703;Kyrgyzstan 2017;KGZ17;66,45
417;Kyrgyzstan;2018;417;Kyrgyzstan;KGZ;703;Kyrgyzstan 2018;KGZ18;67,44
417;Kyrgyzstan;2019;417;Kyrgyzstan;KGZ;703;Kyrgyzstan 2019;KGZ19;68,18
417;Kyrgyzstan;2020;417;Kyrgyzstan;KGZ;703;Kyrgyzstan 2020;KGZ20;67,36
417;Kyrgyzstan;2021;417;Kyrgyzstan;KGZ;703;Kyrgyzstan 2021;KGZ21;66,76
417;Kyrgyzstan;2022;417;Kyrgyzstan;KGZ;703;Kyrgyzstan 2022;KGZ22;66,2
418;Lao People's Democratic Republic (the);2010;418;Laos;LAO;812;Laos 2010;LAO10;43,38
418;Lao People's Democratic Republic (the);2011;418;Laos;LAO;812;Laos 2011;LAO11;44,48
418;Lao People's Democratic Republic (the);2012;418;Laos;LAO;812;Laos 2012;LAO12;44,57
418;Lao People's Democratic Republic (the);2013;418;Laos;LAO;812;Laos 2013;LAO13;45,96
418;Lao People's Democratic Republic (the);2014;418;Laos;LAO;812;Laos 2014;LAO14;47,11
418;Lao People's Democratic Republic (the);2015;418;Laos;LAO;812;Laos 2015;LAO15;47,61
418;Lao People's Democratic Republic (the);2016;418;Laos;LAO;812;Laos 2016;LAO16;48,92
418;Lao People's Democratic Republic (the);2017;418;Laos;LAO;812;Laos 2017;LAO17;49,41
418;Lao People's Democratic Republic (the);2018;418;Laos;LAO;812;Laos 2018;LAO18;50,02
418;Lao People's Democratic Republic (the);2019;418;Laos;LAO;812;Laos 2019;LAO19;51,35
418;Lao People's Democratic Republic (the);2020;418;Laos;LAO;812;Laos 2020;LAO20;52,26
418;Lao People's Democratic Republic (the);2021;418;Laos;LAO;812;Laos 2021;LAO21;52,54
418;Lao People's Democratic Republic (the);2022;418;Laos;LAO;812;Laos 2022;LAO22;53,05
422;Lebanon;2010;422;Lebanon;LBN;660;Lebanon 2010;LBN10;64,21
422;Lebanon;2011;422;Lebanon;LBN;660;Lebanon 2011;LBN11;64,53
422;Lebanon;2012;422;Lebanon;LBN;660;Lebanon 2012;LBN12;64,82
422;Lebanon;2013;422;Lebanon;LBN;660;Lebanon 2013;LBN13;64,84
422;Lebanon;2014;422;Lebanon;LBN;660;Lebanon 2014;LBN14;65,19
422;Lebanon;2015;422;Lebanon;LBN;660;Lebanon 2015;LBN15;65,5
422;Lebanon;2016;422;Lebanon;LBN;660;Lebanon 2016;LBN16;66,3
422;Lebanon;2017;422;Lebanon;LBN;660;Lebanon 2017;LBN17;65,8
422;Lebanon;2018;422;Lebanon;LBN;660;Lebanon 2018;LBN18;65,73
422;Lebanon;2019;422;Lebanon;LBN;660;Lebanon 2019;LBN19;65,58
422;Lebanon;2020;422;Lebanon;LBN;660;Lebanon 2020;LBN20;64,18
422;Lebanon;2021;422;Lebanon;LBN;660;Lebanon 2021;LBN21;64,46
422;Lebanon;2022;422;Lebanon;LBN;660;Lebanon 2022;LBN22;64,3
426;Lesotho;2010;426;Lesotho;LSO;570;Lesotho 2010;LSO10;42,81
426;Lesotho;2011;426;Lesotho;LSO;570;Lesotho 2011;LSO11;43,24
426;Lesotho;2012;426;Lesotho;LSO;570;Lesotho 2012;LSO12;44,49
426;Lesotho;2013;426;Lesotho;LSO;570;Lesotho 2013;LSO13;45,21
426;Lesotho;2014;426;Lesotho;LSO;570;Lesotho 2014;LSO14;46,56
426;Lesotho;2015;426;Lesotho;LSO;570;Lesotho 2015;LSO15;46,97
426;Lesotho;2016;426;Lesotho;LSO;570;Lesotho 2016;LSO16;47,61
426;Lesotho;2017;426;Lesotho;LSO;570;Lesotho 2017;LSO17;48,19
426;Lesotho;2018;426;Lesotho;LSO;570;Lesotho 2018;LSO18;47,8
426;Lesotho;2019;426;Lesotho;LSO;570;Lesotho 2019;LSO19;48,42
426;Lesotho;2020;426;Lesotho;LSO;570;Lesotho 2020;LSO20;49,23
426;Lesotho;2021;426;Lesotho;LSO;570;Lesotho 2021;LSO21;49,26
426;Lesotho;2022;426;Lesotho;LSO;570;Lesotho 2022;LSO22;49,01
428;Latvia;2010;428;Latvia;LVA;367;Latvia 2010;LVA10;74,32
428;Latvia;2011;428;Latvia;LVA;367;Latvia 2011;LVA11;75,34
428;Latvia;2012;428;Latvia;LVA;367;Latvia 2012;LVA12;75,56
428;Latvia;2013;428;Latvia;LVA;367;Latvia 2013;LVA13;76,22
428;Latvia;2014;428;Latvia;LVA;367;Latvia 2014;LVA14;77,44
428;Latvia;2015;428;Latvia;LVA;367;Latvia 2015;LVA15;78,18
428;Latvia;2016;428;Latvia;LVA;367;Latvia 2016;LVA16;78,06
428;Latvia;2017;428;Latvia;LVA;367;Latvia 2017;LVA17;78,36
428;Latvia;2018;428;Latvia;LVA;367;Latvia 2018;LVA18;78,97
428;Latvia;2019;428;Latvia;LVA;367;Latvia 2019;LVA19;79,77
428;Latvia;2020;428;Latvia;LVA;367;Latvia 2020;LVA20;80,25
428;Latvia;2021;428;Latvia;LVA;367;Latvia 2021;LVA21;80,84
428;Latvia;2022;428;Latvia;LVA;367;Latvia 2022;LVA22;81,12
430;Liberia;2010;430;Liberia;LBR;450;Liberia 2010;LBR10;39,25
430;Liberia;2011;430;Liberia;LBR;450;Liberia 2011;LBR11;39,92
430;Liberia;2012;430;Liberia;LBR;450;Liberia 2012;LBR12;40,49
430;Liberia;2013;430;Liberia;LBR;450;Liberia 2013;LBR13;41,1
430;Liberia;2014;430;Liberia;LBR;450;Liberia 2014;LBR14;42,46
430;Liberia;2015;430;Liberia;LBR;450;Liberia 2015;LBR15;42,42
430;Liberia;2016;430;Liberia;LBR;450;Liberia 2016;LBR16;43,01
430;Liberia;2017;430;Liberia;LBR;450;Liberia 2017;LBR17;42,95
430;Liberia;2018;430;Liberia;LBR;450;Liberia 2018;LBR18;43,87
430;Liberia;2019;430;Liberia;LBR;450;Liberia 2019;LBR19;43,95
430;Liberia;2020;430;Liberia;LBR;450;Liberia 2020;LBR20;43,65
430;Liberia;2021;430;Liberia;LBR;450;Liberia 2021;LBR21;43,82
430;Liberia;2022;430;Liberia;LBR;450;Liberia 2022;LBR22;43,8
434;Libya;2010;434;Libya;LBY;620;Libya 2010;LBY10;55,83
434;Libya;2011;434;Libya;LBY;620;Libya 2011;LBY11;56,46
434;Libya;2012;434;Libya;LBY;620;Libya 2012;LBY12;58,49
434;Libya;2013;434;Libya;LBY;620;Libya 2013;LBY13;57,82
434;Libya;2014;434;Libya;LBY;620;Libya 2014;LBY14;57,19
434;Libya;2015;434;Libya;LBY;620;Libya 2015;LBY15;56,54
434;Libya;2016;434;Libya;LBY;620;Libya 2016;LBY16;56,66
434;Libya;2017;434;Libya;LBY;620;Libya 2017;LBY17;55,38
434;Libya;2018;434;Libya;LBY;620;Libya 2018;LBY18;55,73
434;Libya;2019;434;Libya;LBY;620;Libya 2019;LBY19;56,05
434;Libya;2020;434;Libya;LBY;620;Libya 2020;LBY20;56,07
434;Libya;2021;434;Libya;LBY;620;Libya 2021;LBY21;55,97
434;Libya;2022;434;Libya;LBY;620;Libya 2022;LBY22;56,39
440;Lithuania;2010;440;Lithuania;LTU;368;Lithuania 2010;LTU10;76,81
440;Lithuania;2011;440;Lithuania;LTU;368;Lithuania 2011;LTU11;77,28
440;Lithuania;2012;440;Lithuania;LTU;368;Lithuania 2012;LTU12;77,74
440;Lithuania;2013;440;Lithuania;LTU;368;Lithuania 2013;LTU13;78,24
440;Lithuania;2014;440;Lithuania;LTU;368;Lithuania 2014;LTU14;79,08
440;Lithuania;2015;440;Lithuania;LTU;368;Lithuania 2015;LTU15;79,47
440;Lithuania;2016;440;Lithuania;LTU;368;Lithuania 2016;LTU16;80,3
440;Lithuania;2017;440;Lithuania;LTU;368;Lithuania 2017;LTU17;80,72
440;Lithuania;2018;440;Lithuania;LTU;368;Lithuania 2018;LTU18;81,14
440;Lithuania;2019;440;Lithuania;LTU;368;Lithuania 2019;LTU19;81,6
440;Lithuania;2020;440;Lithuania;LTU;368;Lithuania 2020;LTU20;82,21
440;Lithuania;2021;440;Lithuania;LTU;368;Lithuania 2021;LTU21;82,12
440;Lithuania;2022;440;Lithuania;LTU;368;Lithuania 2022;LTU22;81,51
442;Luxembourg;2010;442;Luxembourg;LUX;212;Luxembourg 2010;LUX10;84,41
442;Luxembourg;2011;442;Luxembourg;LUX;212;Luxembourg 2011;LUX11;84,38
442;Luxembourg;2012;442;Luxembourg;LUX;212;Luxembourg 2012;LUX12;84,29
442;Luxembourg;2013;442;Luxembourg;LUX;212;Luxembourg 2013;LUX13;84,32
442;Luxembourg;2014;442;Luxembourg;LUX;212;Luxembourg 2014;LUX14;84,69
442;Luxembourg;2015;442;Luxembourg;LUX;212;Luxembourg 2015;LUX15;86,59
442;Luxembourg;2016;442;Luxembourg;LUX;212;Luxembourg 2016;LUX16;86,97
442;Luxembourg;2017;442;Luxembourg;LUX;212;Luxembourg 2017;LUX17;86,98
442;Luxembourg;2018;442;Luxembourg;LUX;212;Luxembourg 2018;LUX18;87,55
442;Luxembourg;2019;442;Luxembourg;LUX;212;Luxembourg 2019;LUX19;87,71
442;Luxembourg;2020;442;Luxembourg;LUX;212;Luxembourg 2020;LUX20;87,37
442;Luxembourg;2021;442;Luxembourg;LUX;212;Luxembourg 2021;LUX21;87,48
442;Luxembourg;2022;442;Luxembourg;LUX;212;Luxembourg 2022;LUX22;87,86
450;Madagascar;2010;450;Madagascar;MDG;580;Madagascar 2010;MDG10;39,26
450;Madagascar;2011;450;Madagascar;MDG;580;Madagascar 2011;MDG11;39,54
450;Madagascar;2012;450;Madagascar;MDG;580;Madagascar 2012;MDG12;40,01
450;Madagascar;2013;450;Madagascar;MDG;580;Madagascar 2013;MDG13;40,72
450;Madagascar;2014;450;Madagascar;MDG;580;Madagascar 2014;MDG14;42,72
450;Madagascar;2015;450;Madagascar;MDG;580;Madagascar 2015;MDG15;43,5
450;Madagascar;2016;450;Madagascar;MDG;580;Madagascar 2016;MDG16;42,77
450;Madagascar;2017;450;Madagascar;MDG;580;Madagascar 2017;MDG17;43
450;Madagascar;2018;450;Madagascar;MDG;580;Madagascar 2018;MDG18;43,48
450;Madagascar;2019;450;Madagascar;MDG;580;Madagascar 2019;MDG19;43,96
450;Madagascar;2020;450;Madagascar;MDG;580;Madagascar 2020;MDG20;44,17
450;Madagascar;2021;450;Madagascar;MDG;580;Madagascar 2021;MDG21;43,91
450;Madagascar;2022;450;Madagascar;MDG;580;Madagascar 2022;MDG22;44,21
454;Malawi;2010;454;Malawi;MWI;553;Malawi 2010;MWI10;42,51
454;Malawi;2011;454;Malawi;MWI;553;Malawi 2011;MWI11;42,55
454;Malawi;2012;454;Malawi;MWI;553;Malawi 2012;MWI12;43,48
454;Malawi;2013;454;Malawi;MWI;553;Malawi 2013;MWI13;43,96
454;Malawi;2014;454;Malawi;MWI;553;Malawi 2014;MWI14;44,7
454;Malawi;2015;454;Malawi;MWI;553;Malawi 2015;MWI15;45,39
454;Malawi;2016;454;Malawi;MWI;553;Malawi 2016;MWI16;46,12
454;Malawi;2017;454;Malawi;MWI;553;Malawi 2017;MWI17;46,99
454;Malawi;2018;454;Malawi;MWI;553;Malawi 2018;MWI18;47,09
454;Malawi;2019;454;Malawi;MWI;553;Malawi 2019;MWI19;47,74
454;Malawi;2020;454;Malawi;MWI;553;Malawi 2020;MWI20;49,17
454;Malawi;2021;454;Malawi;MWI;553;Malawi 2021;MWI21;49,81
454;Malawi;2022;454;Malawi;MWI;553;Malawi 2022;MWI22;49,85
458;Malaysia;2010;458;Malaysia (1966-);MYS;820;Malaysia (1966-) 2010;MYS10;68,09
458;Malaysia;2011;458;Malaysia (1966-);MYS;820;Malaysia (1966-) 2011;MYS11;68,32
458;Malaysia;2012;458;Malaysia (1966-);MYS;820;Malaysia (1966-) 2012;MYS12;68,1
458;Malaysia;2013;458;Malaysia (1966-);MYS;820;Malaysia (1966-) 2013;MYS13;68,04
458;Malaysia;2014;458;Malaysia (1966-);MYS;820;Malaysia (1966-) 2014;MYS14;68,21
458;Malaysia;2015;458;Malaysia (1966-);MYS;820;Malaysia (1966-) 2015;MYS15;68,56
458;Malaysia;2016;458;Malaysia (1966-);MYS;820;Malaysia (1966-) 2016;MYS16;69,38
458;Malaysia;2017;458;Malaysia (1966-);MYS;820;Malaysia (1966-) 2017;MYS17;69,83
458;Malaysia;2018;458;Malaysia (1966-);MYS;820;Malaysia (1966-) 2018;MYS18;72,37
458;Malaysia;2019;458;Malaysia (1966-);MYS;820;Malaysia (1966-) 2019;MYS19;73,15
458;Malaysia;2020;458;Malaysia (1966-);MYS;820;Malaysia (1966-) 2020;MYS20;73,25
458;Malaysia;2021;458;Malaysia (1966-);MYS;820;Malaysia (1966-) 2021;MYS21;73,4
458;Malaysia;2022;458;Malaysia (1966-);MYS;820;Malaysia (1966-) 2022;MYS22;73,83
462;Maldives;2010;462;Maldives;MDV;781;Maldives 2010;MDV10;62,73
462;Maldives;2011;462;Maldives;MDV;781;Maldives 2011;MDV11;63,59
462;Maldives;2012;462;Maldives;MDV;781;Maldives 2012;MDV12;62,7
462;Maldives;2013;462;Maldives;MDV;781;Maldives 2013;MDV13;61,31
462;Maldives;2014;462;Maldives;MDV;781;Maldives 2014;MDV14;62,3
462;Maldives;2015;462;Maldives;MDV;781;Maldives 2015;MDV15;61,93
462;Maldives;2016;462;Maldives;MDV;781;Maldives 2016;MDV16;62,33
462;Maldives;2017;462;Maldives;MDV;781;Maldives 2017;MDV17;63,41
462;Maldives;2018;462;Maldives;MDV;781;Maldives 2018;MDV18;65,16
462;Maldives;2019;462;Maldives;MDV;781;Maldives 2019;MDV19;67,33
462;Maldives;2020;462;Maldives;MDV;781;Maldives 2020;MDV20;67,93
462;Maldives;2021;462;Maldives;MDV;781;Maldives 2021;MDV21;67,94
462;Maldives;2022;462;Maldives;MDV;781;Maldives 2022;MDV22;67,75
466;Mali;2010;466;Mali;MLI;432;Mali 2010;MLI10;42,12
466;Mali;2011;466;Mali;MLI;432;Mali 2011;MLI11;43,13
466;Mali;2012;466;Mali;MLI;432;Mali 2012;MLI12;41,32
466;Mali;2013;466;Mali;MLI;432;Mali 2013;MLI13;42,24
466;Mali;2014;466;Mali;MLI;432;Mali 2014;MLI14;43,14
466;Mali;2015;466;Mali;MLI;432;Mali 2015;MLI15;43,44
466;Mali;2016;466;Mali;MLI;432;Mali 2016;MLI16;43,64
466;Mali;2017;466;Mali;MLI;432;Mali 2017;MLI17;43,28
466;Mali;2018;466;Mali;MLI;432;Mali 2018;MLI18;43,4
466;Mali;2019;466;Mali;MLI;432;Mali 2019;MLI19;43,6
466;Mali;2020;466;Mali;MLI;432;Mali 2020;MLI20;42,84
466;Mali;2021;466;Mali;MLI;432;Mali 2021;MLI21;42,78
466;Mali;2022;466;Mali;MLI;432;Mali 2022;MLI22;43,46
470;Malta;2010;470;Malta;MLT;338;Malta 2010;MLT10;77,81
470;Malta;2011;470;Malta;MLT;338;Malta 2011;MLT11;78,41
470;Malta;2012;470;Malta;MLT;338;Malta 2012;MLT12;78,82
470;Malta;2013;470;Malta;MLT;338;Malta 2013;MLT13;79,44
470;Malta;2014;470;Malta;MLT;338;Malta 2014;MLT14;80,32
470;Malta;2015;470;Malta;MLT;338;Malta 2015;MLT15;80,84
470;Malta;2016;470;Malta;MLT;338;Malta 2016;MLT16;81,59
470;Malta;2017;470;Malta;MLT;338;Malta 2017;MLT17;81,77
470;Malta;2018;470;Malta;MLT;338;Malta 2018;MLT18;81,93
470;Malta;2019;470;Malta;MLT;338;Malta 2019;MLT19;82,5
470;Malta;2020;470;Malta;MLT;338;Malta 2020;MLT20;82,76
470;Malta;2021;470;Malta;MLT;338;Malta 2021;MLT21;82,85
470;Malta;2022;470;Malta;MLT;338;Malta 2022;MLT22;82,68
478;Mauritania;2010;478;Mauritania;MRT;435;Mauritania 2010;MRT10;41,75
478;Mauritania;2011;478;Mauritania;MRT;435;Mauritania 2011;MRT11;42,03
478;Mauritania;2012;478;Mauritania;MRT;435;Mauritania 2012;MRT12;42,07
478;Mauritania;2013;478;Mauritania;MRT;435;Mauritania 2013;MRT13;41,42
478;Mauritania;2014;478;Mauritania;MRT;435;Mauritania 2014;MRT14;41,89
478;Mauritania;2015;478;Mauritania;MRT;435;Mauritania 2015;MRT15;41,8
478;Mauritania;2016;478;Mauritania;MRT;435;Mauritania 2016;MRT16;41,86
478;Mauritania;2017;478;Mauritania;MRT;435;Mauritania 2017;MRT17;41,99
478;Mauritania;2018;478;Mauritania;MRT;435;Mauritania 2018;MRT18;43,61
478;Mauritania;2019;478;Mauritania;MRT;435;Mauritania 2019;MRT19;44,46
478;Mauritania;2020;478;Mauritania;MRT;435;Mauritania 2020;MRT20;45
478;Mauritania;2021;478;Mauritania;MRT;435;Mauritania 2021;MRT21;44,6
478;Mauritania;2022;478;Mauritania;MRT;435;Mauritania 2022;MRT22;44,74
480;Mauritius;2010;480;Mauritius;MUS;590;Mauritius 2010;MUS10;69,83
480;Mauritius;2011;480;Mauritius;MUS;590;Mauritius 2011;MUS11;70,37
480;Mauritius;2012;480;Mauritius;MUS;590;Mauritius 2012;MUS12;70,7
480;Mauritius;2013;480;Mauritius;MUS;590;Mauritius 2013;MUS13;70,83
480;Mauritius;2014;480;Mauritius;MUS;590;Mauritius 2014;MUS14;72,05
480;Mauritius;2015;480;Mauritius;MUS;590;Mauritius 2015;MUS15;72,51
480;Mauritius;2016;480;Mauritius;MUS;590;Mauritius 2016;MUS16;73,25
480;Mauritius;2017;480;Mauritius;MUS;590;Mauritius 2017;MUS17;73,7
480;Mauritius;2018;480;Mauritius;MUS;590;Mauritius 2018;MUS18;74,17
480;Mauritius;2019;480;Mauritius;MUS;590;Mauritius 2019;MUS19;74,58
480;Mauritius;2020;480;Mauritius;MUS;590;Mauritius 2020;MUS20;73,36
480;Mauritius;2021;480;Mauritius;MUS;590;Mauritius 2021;MUS21;72,91
480;Mauritius;2022;480;Mauritius;MUS;590;Mauritius 2022;MUS22;72,54
484;Mexico;2010;484;Mexico;MEX;70;Mexico 2010;MEX10;64,77
484;Mexico;2011;484;Mexico;MEX;70;Mexico 2011;MEX11;65,48
484;Mexico;2012;484;Mexico;MEX;70;Mexico 2012;MEX12;65,95
484;Mexico;2013;484;Mexico;MEX;70;Mexico 2013;MEX13;66,53
484;Mexico;2014;484;Mexico;MEX;70;Mexico 2014;MEX14;66,38
484;Mexico;2015;484;Mexico;MEX;70;Mexico 2015;MEX15;66,67
484;Mexico;2016;484;Mexico;MEX;70;Mexico 2016;MEX16;67,26
484;Mexico;2017;484;Mexico;MEX;70;Mexico 2017;MEX17;67,73
484;Mexico;2018;484;Mexico;MEX;70;Mexico 2018;MEX18;68,48
484;Mexico;2019;484;Mexico;MEX;70;Mexico 2019;MEX19;69,15
484;Mexico;2020;484;Mexico;MEX;70;Mexico 2020;MEX20;68,85
484;Mexico;2021;484;Mexico;MEX;70;Mexico 2021;MEX21;68,37
484;Mexico;2022;484;Mexico;MEX;70;Mexico 2022;MEX22;68,49
496;Mongolia;2010;496;Mongolia;MNG;712;Mongolia 2010;MNG10;61,66
496;Mongolia;2011;496;Mongolia;MNG;712;Mongolia 2011;MNG11;62,55
496;Mongolia;2012;496;Mongolia;MNG;712;Mongolia 2012;MNG12;63,33
496;Mongolia;2013;496;Mongolia;MNG;712;Mongolia 2013;MNG13;63,72
496;Mongolia;2014;496;Mongolia;MNG;712;Mongolia 2014;MNG14;64,12
496;Mongolia;2015;496;Mongolia;MNG;712;Mongolia 2015;MNG15;65,13
496;Mongolia;2016;496;Mongolia;MNG;712;Mongolia 2016;MNG16;65,1
496;Mongolia;2017;496;Mongolia;MNG;712;Mongolia 2017;MNG17;65,38
496;Mongolia;2018;496;Mongolia;MNG;712;Mongolia 2018;MNG18;66,07
496;Mongolia;2019;496;Mongolia;MNG;712;Mongolia 2019;MNG19;66,84
496;Mongolia;2020;496;Mongolia;MNG;712;Mongolia 2020;MNG20;66,99
496;Mongolia;2021;496;Mongolia;MNG;712;Mongolia 2021;MNG21;66,78
496;Mongolia;2022;496;Mongolia;MNG;712;Mongolia 2022;MNG22;66,15
498;Moldova (the Republic of);2010;498;Moldova;MDA;359;Moldova 2010;MDA10;65,01
498;Moldova (the Republic of);2011;498;Moldova;MDA;359;Moldova 2011;MDA11;66,27
498;Moldova (the Republic of);2012;498;Moldova;MDA;359;Moldova 2012;MDA12;67,5
498;Moldova (the Republic of);2013;498;Moldova;MDA;359;Moldova 2013;MDA13;67,53
498;Moldova (the Republic of);2014;498;Moldova;MDA;359;Moldova 2014;MDA14;68,56
498;Moldova (the Republic of);2015;498;Moldova;MDA;359;Moldova 2015;MDA15;68,23
498;Moldova (the Republic of);2016;498;Moldova;MDA;359;Moldova 2016;MDA16;68,24
498;Moldova (the Republic of);2017;498;Moldova;MDA;359;Moldova 2017;MDA17;68,47
498;Moldova (the Republic of);2018;498;Moldova;MDA;359;Moldova 2018;MDA18;69,76
498;Moldova (the Republic of);2019;498;Moldova;MDA;359;Moldova 2019;MDA19;71,06
498;Moldova (the Republic of);2020;498;Moldova;MDA;359;Moldova 2020;MDA20;71,95
498;Moldova (the Republic of);2021;498;Moldova;MDA;359;Moldova 2021;MDA21;73,3
498;Moldova (the Republic of);2022;498;Moldova;MDA;359;Moldova 2022;MDA22;73,24
499;Montenegro;2010;499;Montenegro;MNE;341;Montenegro 2010;MNE10;70,18
499;Montenegro;2011;499;Montenegro;MNE;341;Montenegro 2011;MNE11;70,2
499;Montenegro;2012;499;Montenegro;MNE;341;Montenegro 2012;MNE12;70,76
499;Montenegro;2013;499;Montenegro;MNE;341;Montenegro 2013;MNE13;70,76
499;Montenegro;2014;499;Montenegro;MNE;341;Montenegro 2014;MNE14;71,71
499;Montenegro;2015;499;Montenegro;MNE;341;Montenegro 2015;MNE15;72,09
499;Montenegro;2016;499;Montenegro;MNE;341;Montenegro 2016;MNE16;72,58
499;Montenegro;2017;499;Montenegro;MNE;341;Montenegro 2017;MNE17;72,69
499;Montenegro;2018;499;Montenegro;MNE;341;Montenegro 2018;MNE18;72,86
499;Montenegro;2019;499;Montenegro;MNE;341;Montenegro 2019;MNE19;73,67
499;Montenegro;2020;499;Montenegro;MNE;341;Montenegro 2020;MNE20;74,17
499;Montenegro;2021;499;Montenegro;MNE;341;Montenegro 2021;MNE21;74,79
499;Montenegro;2022;499;Montenegro;MNE;341;Montenegro 2022;MNE22;75,08
504;Morocco;2010;504;Morocco;MAR;600;Morocco 2010;MAR10;56,29
504;Morocco;2011;504;Morocco;MAR;600;Morocco 2011;MAR11;56,86
504;Morocco;2012;504;Morocco;MAR;600;Morocco 2012;MAR12;58,13
504;Morocco;2013;504;Morocco;MAR;600;Morocco 2013;MAR13;58,2
504;Morocco;2014;504;Morocco;MAR;600;Morocco 2014;MAR14;60,27
504;Morocco;2015;504;Morocco;MAR;600;Morocco 2015;MAR15;60,36
504;Morocco;2016;504;Morocco;MAR;600;Morocco 2016;MAR16;60,98
504;Morocco;2017;504;Morocco;MAR;600;Morocco 2017;MAR17;61,25
504;Morocco;2018;504;Morocco;MAR;600;Morocco 2018;MAR18;61,15
504;Morocco;2019;504;Morocco;MAR;600;Morocco 2019;MAR19;61,55
504;Morocco;2020;504;Morocco;MAR;600;Morocco 2020;MAR20;61,46
504;Morocco;2021;504;Morocco;MAR;600;Morocco 2021;MAR21;62,02
504;Morocco;2022;504;Morocco;MAR;600;Morocco 2022;MAR22;61,71
508;Mozambique;2010;508;Mozambique;MOZ;541;Mozambique 2010;MOZ10;40,26
508;Mozambique;2011;508;Mozambique;MOZ;541;Mozambique 2011;MOZ11;40,51
508;Mozambique;2012;508;Mozambique;MOZ;541;Mozambique 2012;MOZ12;41,04
508;Mozambique;2013;508;Mozambique;MOZ;541;Mozambique 2013;MOZ13;41,74
508;Mozambique;2014;508;Mozambique;MOZ;541;Mozambique 2014;MOZ14;42,95
508;Mozambique;2015;508;Mozambique;MOZ;541;Mozambique 2015;MOZ15;43,22
508;Mozambique;2016;508;Mozambique;MOZ;541;Mozambique 2016;MOZ16;42,99
508;Mozambique;2017;508;Mozambique;MOZ;541;Mozambique 2017;MOZ17;43,25
508;Mozambique;2018;508;Mozambique;MOZ;541;Mozambique 2018;MOZ18;44,23
508;Mozambique;2019;508;Mozambique;MOZ;541;Mozambique 2019;MOZ19;45,02
508;Mozambique;2020;508;Mozambique;MOZ;541;Mozambique 2020;MOZ20;45,64
508;Mozambique;2021;508;Mozambique;MOZ;541;Mozambique 2021;MOZ21;45,12
508;Mozambique;2022;508;Mozambique;MOZ;541;Mozambique 2022;MOZ22;45,32
512;Oman;2010;512;Oman;OMN;698;Oman 2010;OMN10;63,04
512;Oman;2011;512;Oman;OMN;698;Oman 2011;OMN11;64,26
512;Oman;2012;512;Oman;OMN;698;Oman 2012;OMN12;65,48
512;Oman;2013;512;Oman;OMN;698;Oman 2013;OMN13;66,03
512;Oman;2014;512;Oman;OMN;698;Oman 2014;OMN14;66,77
512;Oman;2015;512;Oman;OMN;698;Oman 2015;OMN15;67,08
512;Oman;2016;512;Oman;OMN;698;Oman 2016;OMN16;67,19
512;Oman;2017;512;Oman;OMN;698;Oman 2017;OMN17;67,71
512;Oman;2018;512;Oman;OMN;698;Oman 2018;OMN18;69,4
512;Oman;2019;512;Oman;OMN;698;Oman 2019;OMN19;70,13
512;Oman;2020;512;Oman;OMN;698;Oman 2020;OMN20;70,11
512;Oman;2021;512;Oman;OMN;698;Oman 2021;OMN21;69,53
512;Oman;2022;512;Oman;OMN;698;Oman 2022;OMN22;68,52
516;Namibia;2010;516;Namibia;NAM;565;Namibia 2010;NAM10;53,65
516;Namibia;2011;516;Namibia;NAM;565;Namibia 2011;NAM11;54,33
516;Namibia;2012;516;Namibia;NAM;565;Namibia 2012;NAM12;54,85
516;Namibia;2013;516;Namibia;NAM;565;Namibia 2013;NAM13;55,54
516;Namibia;2014;516;Namibia;NAM;565;Namibia 2014;NAM14;56,71
516;Namibia;2015;516;Namibia;NAM;565;Namibia 2015;NAM15;57,41
516;Namibia;2016;516;Namibia;NAM;565;Namibia 2016;NAM16;57,74
516;Namibia;2017;516;Namibia;NAM;565;Namibia 2017;NAM17;57,96
516;Namibia;2018;516;Namibia;NAM;565;Namibia 2018;NAM18;58,19
516;Namibia;2019;516;Namibia;NAM;565;Namibia 2019;NAM19;58,39
516;Namibia;2020;516;Namibia;NAM;565;Namibia 2020;NAM20;58,78
516;Namibia;2021;516;Namibia;NAM;565;Namibia 2021;NAM21;58,53
516;Namibia;2022;516;Namibia;NAM;565;Namibia 2022;NAM22;58,21
524;Nepal;2010;524;Nepal;NPL;790;Nepal 2010;NPL10;48,15
524;Nepal;2011;524;Nepal;NPL;790;Nepal 2011;NPL11;49,19
524;Nepal;2012;524;Nepal;NPL;790;Nepal 2012;NPL12;50,14
524;Nepal;2013;524;Nepal;NPL;790;Nepal 2013;NPL13;51,48
524;Nepal;2014;524;Nepal;NPL;790;Nepal 2014;NPL14;53,14
524;Nepal;2015;524;Nepal;NPL;790;Nepal 2015;NPL15;54,55
524;Nepal;2016;524;Nepal;NPL;790;Nepal 2016;NPL16;55,23
524;Nepal;2017;524;Nepal;NPL;790;Nepal 2017;NPL17;56,28
524;Nepal;2018;524;Nepal;NPL;790;Nepal 2018;NPL18;57,21
524;Nepal;2019;524;Nepal;NPL;790;Nepal 2019;NPL19;57,55
524;Nepal;2020;524;Nepal;NPL;790;Nepal 2020;NPL20;57,55
524;Nepal;2021;524;Nepal;NPL;790;Nepal 2021;NPL21;58,05
524;Nepal;2022;524;Nepal;NPL;790;Nepal 2022;NPL22;58,1
528;Netherlands (the);2010;528;Netherlands;NLD;210;Netherlands 2010;NLD10;86,45
528;Netherlands (the);2011;528;Netherlands;NLD;210;Netherlands 2011;NLD11;86,79
528;Netherlands (the);2012;528;Netherlands;NLD;210;Netherlands 2012;NLD12;87,73
528;Netherlands (the);2013;528;Netherlands;NLD;210;Netherlands 2013;NLD13;87,76
528;Netherlands (the);2014;528;Netherlands;NLD;210;Netherlands 2014;NLD14;87,86
528;Netherlands (the);2015;528;Netherlands;NLD;210;Netherlands 2015;NLD15;87,97
528;Netherlands (the);2016;528;Netherlands;NLD;210;Netherlands 2016;NLD16;87,9
528;Netherlands (the);2017;528;Netherlands;NLD;210;Netherlands 2017;NLD17;88,21
528;Netherlands (the);2018;528;Netherlands;NLD;210;Netherlands 2018;NLD18;88,27
528;Netherlands (the);2019;528;Netherlands;NLD;210;Netherlands 2019;NLD19;88,22
528;Netherlands (the);2020;528;Netherlands;NLD;210;Netherlands 2020;NLD20;87,94
528;Netherlands (the);2021;528;Netherlands;NLD;210;Netherlands 2021;NLD21;87,72
528;Netherlands (the);2022;528;Netherlands;NLD;210;Netherlands 2022;NLD22;87,73
554;New Zealand;2010;554;New Zealand;NZL;920;New Zealand 2010;NZL10;85,18
554;New Zealand;2011;554;New Zealand;NZL;920;New Zealand 2011;NZL11;85,28
554;New Zealand;2012;554;New Zealand;NZL;920;New Zealand 2012;NZL12;85,01
554;New Zealand;2013;554;New Zealand;NZL;920;New Zealand 2013;NZL13;85,18
554;New Zealand;2014;554;New Zealand;NZL;920;New Zealand 2014;NZL14;85,8
554;New Zealand;2015;554;New Zealand;NZL;920;New Zealand 2015;NZL15;86,04
554;New Zealand;2016;554;New Zealand;NZL;920;New Zealand 2016;NZL16;86,33
554;New Zealand;2017;554;New Zealand;NZL;920;New Zealand 2017;NZL17;86,3
554;New Zealand;2018;554;New Zealand;NZL;920;New Zealand 2018;NZL18;86,45
554;New Zealand;2019;554;New Zealand;NZL;920;New Zealand 2019;NZL19;86,43
554;New Zealand;2020;554;New Zealand;NZL;920;New Zealand 2020;NZL20;86,34
554;New Zealand;2021;554;New Zealand;NZL;920;New Zealand 2021;NZL21;86
554;New Zealand;2022;554;New Zealand;NZL;920;New Zealand 2022;NZL22;86,06
558;Nicaragua;2010;558;Nicaragua;NIC;93;Nicaragua 2010;NIC10;57,36
558;Nicaragua;2011;558;Nicaragua;NIC;93;Nicaragua 2011;NIC11;58,3
558;Nicaragua;2012;558;Nicaragua;NIC;93;Nicaragua 2012;NIC12;59,07
558;Nicaragua;2013;558;Nicaragua;NIC;93;Nicaragua 2013;NIC13;59,57
558;Nicaragua;2014;558;Nicaragua;NIC;93;Nicaragua 2014;NIC14;59,46
558;Nicaragua;2015;558;Nicaragua;NIC;93;Nicaragua 2015;NIC15;59,03
558;Nicaragua;2016;558;Nicaragua;NIC;93;Nicaragua 2016;NIC16;59,88
558;Nicaragua;2017;558;Nicaragua;NIC;93;Nicaragua 2017;NIC17;59,85
558;Nicaragua;2018;558;Nicaragua;NIC;93;Nicaragua 2018;NIC18;58,68
558;Nicaragua;2019;558;Nicaragua;NIC;93;Nicaragua 2019;NIC19;58,55
558;Nicaragua;2020;558;Nicaragua;NIC;93;Nicaragua 2020;NIC20;58,9
558;Nicaragua;2021;558;Nicaragua;NIC;93;Nicaragua 2021;NIC21;57,8
558;Nicaragua;2022;558;Nicaragua;NIC;93;Nicaragua 2022;NIC22;57,49
562;Niger (the);2010;562;Niger;NER;436;Niger 2010;NER10;36,37
562;Niger (the);2011;562;Niger;NER;436;Niger 2011;NER11;37,79
562;Niger (the);2012;562;Niger;NER;436;Niger 2012;NER12;38,03
562;Niger (the);2013;562;Niger;NER;436;Niger 2013;NER13;37,97
562;Niger (the);2014;562;Niger;NER;436;Niger 2014;NER14;38,25
562;Niger (the);2015;562;Niger;NER;436;Niger 2015;NER15;38,31
562;Niger (the);2016;562;Niger;NER;436;Niger 2016;NER16;37,74
562;Niger (the);2017;562;Niger;NER;436;Niger 2017;NER17;38,52
562;Niger (the);2018;562;Niger;NER;436;Niger 2018;NER18;39,01
562;Niger (the);2019;562;Niger;NER;436;Niger 2019;NER19;39,73
562;Niger (the);2020;562;Niger;NER;436;Niger 2020;NER20;40,08
562;Niger (the);2021;562;Niger;NER;436;Niger 2021;NER21;39,98
562;Niger (the);2022;562;Niger;NER;436;Niger 2022;NER22;40,29
566;Nigeria;2010;566;Nigeria;NGA;475;Nigeria 2010;NGA10;38,71
566;Nigeria;2011;566;Nigeria;NGA;475;Nigeria 2011;NGA11;39,79
566;Nigeria;2012;566;Nigeria;NGA;475;Nigeria 2012;NGA12;40,91
566;Nigeria;2013;566;Nigeria;NGA;475;Nigeria 2013;NGA13;41,47
566;Nigeria;2014;566;Nigeria;NGA;475;Nigeria 2014;NGA14;41,93
566;Nigeria;2015;566;Nigeria;NGA;475;Nigeria 2015;NGA15;43,45
566;Nigeria;2016;566;Nigeria;NGA;475;Nigeria 2016;NGA16;44,33
566;Nigeria;2017;566;Nigeria;NGA;475;Nigeria 2017;NGA17;44,98
566;Nigeria;2018;566;Nigeria;NGA;475;Nigeria 2018;NGA18;45,82
566;Nigeria;2019;566;Nigeria;NGA;475;Nigeria 2019;NGA19;46,21
566;Nigeria;2020;566;Nigeria;NGA;475;Nigeria 2020;NGA20;46,79
566;Nigeria;2021;566;Nigeria;NGA;475;Nigeria 2021;NGA21;46,37
566;Nigeria;2022;566;Nigeria;NGA;475;Nigeria 2022;NGA22;46,97
578;Norway;2010;578;Norway;NOR;385;Norway 2010;NOR10;87,73
578;Norway;2011;578;Norway;NOR;385;Norway 2011;NOR11;87,45
578;Norway;2012;578;Norway;NOR;385;Norway 2012;NOR12;87,98
578;Norway;2013;578;Norway;NOR;385;Norway 2013;NOR13;88,36
578;Norway;2014;578;Norway;NOR;385;Norway 2014;NOR14;88,82
578;Norway;2015;578;Norway;NOR;385;Norway 2015;NOR15;89,05
578;Norway;2016;578;Norway;NOR;385;Norway 2016;NOR16;89,61
578;Norway;2017;578;Norway;NOR;385;Norway 2017;NOR17;89,96
578;Norway;2018;578;Norway;NOR;385;Norway 2018;NOR18;90,56
578;Norway;2019;578;Norway;NOR;385;Norway 2019;NOR19;90,69
578;Norway;2020;578;Norway;NOR;385;Norway 2020;NOR20;90,58
578;Norway;2021;578;Norway;NOR;385;Norway 2021;NOR21;90,78
578;Norway;2022;578;Norway;NOR;385;Norway 2022;NOR22;90,32
586;Pakistan;2010;586;Pakistan (1971-);PAK;770;Pakistan (1971-) 2010;PAK10;42,33
586;Pakistan;2011;586;Pakistan (1971-);PAK;770;Pakistan (1971-) 2011;PAK11;42,78
586;Pakistan;2012;586;Pakistan (1971-);PAK;770;Pakistan (1971-) 2012;PAK12;43,1
586;Pakistan;2013;586;Pakistan (1971-);PAK;770;Pakistan (1971-) 2013;PAK13;43,27
586;Pakistan;2014;586;Pakistan (1971-);PAK;770;Pakistan (1971-) 2014;PAK14;44,44
586;Pakistan;2015;586;Pakistan (1971-);PAK;770;Pakistan (1971-) 2015;PAK15;44,98
586;Pakistan;2016;586;Pakistan (1971-);PAK;770;Pakistan (1971-) 2016;PAK16;46,04
586;Pakistan;2017;586;Pakistan (1971-);PAK;770;Pakistan (1971-) 2017;PAK17;47,26
586;Pakistan;2018;586;Pakistan (1971-);PAK;770;Pakistan (1971-) 2018;PAK18;48,3
586;Pakistan;2019;586;Pakistan (1971-);PAK;770;Pakistan (1971-) 2019;PAK19;48,69
586;Pakistan;2020;586;Pakistan (1971-);PAK;770;Pakistan (1971-) 2020;PAK20;49,47
586;Pakistan;2021;586;Pakistan (1971-);PAK;770;Pakistan (1971-) 2021;PAK21;49,52
586;Pakistan;2022;586;Pakistan (1971-);PAK;770;Pakistan (1971-) 2022;PAK22;48,87
591;Panama;2010;591;Panama;PAN;95;Panama 2010;PAN10;68,75
591;Panama;2011;591;Panama;PAN;95;Panama 2011;PAN11;68,88
591;Panama;2012;591;Panama;PAN;95;Panama 2012;PAN12;69,7
591;Panama;2013;591;Panama;PAN;95;Panama 2013;PAN13;69,67
591;Panama;2014;591;Panama;PAN;95;Panama 2014;PAN14;69,94
591;Panama;2015;591;Panama;PAN;95;Panama 2015;PAN15;70,26
591;Panama;2016;591;Panama;PAN;95;Panama 2016;PAN16;70,37
591;Panama;2017;591;Panama;PAN;95;Panama 2017;PAN17;71,15
591;Panama;2018;591;Panama;PAN;95;Panama 2018;PAN18;71,9
591;Panama;2019;591;Panama;PAN;95;Panama 2019;PAN19;72,08
591;Panama;2020;591;Panama;PAN;95;Panama 2020;PAN20;71,71
591;Panama;2021;591;Panama;PAN;95;Panama 2021;PAN21;71,97
591;Panama;2022;591;Panama;PAN;95;Panama 2022;PAN22;72,1
598;Papua New Guinea;2010;598;Papua New Guinea;PNG;910;Papua New Guinea 2010;PNG10;39,16
598;Papua New Guinea;2011;598;Papua New Guinea;PNG;910;Papua New Guinea 2011;PNG11;39,65
598;Papua New Guinea;2012;598;Papua New Guinea;PNG;910;Papua New Guinea 2012;PNG12;39,79
598;Papua New Guinea;2013;598;Papua New Guinea;PNG;910;Papua New Guinea 2013;PNG13;40,19
598;Papua New Guinea;2014;598;Papua New Guinea;PNG;910;Papua New Guinea 2014;PNG14;40,59
598;Papua New Guinea;2015;598;Papua New Guinea;PNG;910;Papua New Guinea 2015;PNG15;40,82
598;Papua New Guinea;2016;598;Papua New Guinea;PNG;910;Papua New Guinea 2016;PNG16;41,75
598;Papua New Guinea;2017;598;Papua New Guinea;PNG;910;Papua New Guinea 2017;PNG17;42,13
598;Papua New Guinea;2018;598;Papua New Guinea;PNG;910;Papua New Guinea 2018;PNG18;42,93
598;Papua New Guinea;2019;598;Papua New Guinea;PNG;910;Papua New Guinea 2019;PNG19;43,32
598;Papua New Guinea;2020;598;Papua New Guinea;PNG;910;Papua New Guinea 2020;PNG20;43,84
598;Papua New Guinea;2021;598;Papua New Guinea;PNG;910;Papua New Guinea 2021;PNG21;44,06
598;Papua New Guinea;2022;598;Papua New Guinea;PNG;910;Papua New Guinea 2022;PNG22;44,5
600;Paraguay;2010;600;Paraguay;PRY;150;Paraguay 2010;PRY10;62,17
600;Paraguay;2011;600;Paraguay;PRY;150;Paraguay 2011;PRY11;63,32
600;Paraguay;2012;600;Paraguay;PRY;150;Paraguay 2012;PRY12;63,88
600;Paraguay;2013;600;Paraguay;PRY;150;Paraguay 2013;PRY13;63,62
600;Paraguay;2014;600;Paraguay;PRY;150;Paraguay 2014;PRY14;64,12
600;Paraguay;2015;600;Paraguay;PRY;150;Paraguay 2015;PRY15;64,64
600;Paraguay;2016;600;Paraguay;PRY;150;Paraguay 2016;PRY16;65,94
600;Paraguay;2017;600;Paraguay;PRY;150;Paraguay 2017;PRY17;66,49
600;Paraguay;2018;600;Paraguay;PRY;150;Paraguay 2018;PRY18;67,16
600;Paraguay;2019;600;Paraguay;PRY;150;Paraguay 2019;PRY19;66,93
600;Paraguay;2020;600;Paraguay;PRY;150;Paraguay 2020;PRY20;67,5
600;Paraguay;2021;600;Paraguay;PRY;150;Paraguay 2021;PRY21;67,75
600;Paraguay;2022;600;Paraguay;PRY;150;Paraguay 2022;PRY22;67,34
604;Peru;2010;604;Peru;PER;135;Peru 2010;PER10;63,16
604;Peru;2011;604;Peru;PER;135;Peru 2011;PER11;63,67
604;Peru;2012;604;Peru;PER;135;Peru 2012;PER12;64,44
604;Peru;2013;604;Peru;PER;135;Peru 2013;PER13;64,99
604;Peru;2014;604;Peru;PER;135;Peru 2014;PER14;66,3
604;Peru;2015;604;Peru;PER;135;Peru 2015;PER15;66,8
604;Peru;2016;604;Peru;PER;135;Peru 2016;PER16;67,28
604;Peru;2017;604;Peru;PER;135;Peru 2017;PER17;67,76
604;Peru;2018;604;Peru;PER;135;Peru 2018;PER18;68,59
604;Peru;2019;604;Peru;PER;135;Peru 2019;PER19;68,63
604;Peru;2020;604;Peru;PER;135;Peru 2020;PER20;68,31
604;Peru;2021;604;Peru;PER;135;Peru 2021;PER21;68,17
604;Peru;2022;604;Peru;PER;135;Peru 2022;PER22;67,81
608;Philippines (the);2010;608;Philippines;PHL;840;Philippines 2010;PHL10;62,41
608;Philippines (the);2011;608;Philippines;PHL;840;Philippines 2011;PHL11;63,16
608;Philippines (the);2012;608;Philippines;PHL;840;Philippines 2012;PHL12;63,68
608;Philippines (the);2013;608;Philippines;PHL;840;Philippines 2013;PHL13;63,55
608;Philippines (the);2014;608;Philippines;PHL;840;Philippines 2014;PHL14;64,97
608;Philippines (the);2015;608;Philippines;PHL;840;Philippines 2015;PHL15;65,36
608;Philippines (the);2016;608;Philippines;PHL;840;Philippines 2016;PHL16;65,62
608;Philippines (the);2017;608;Philippines;PHL;840;Philippines 2017;PHL17;65,53
608;Philippines (the);2018;608;Philippines;PHL;840;Philippines 2018;PHL18;66,45
608;Philippines (the);2019;608;Philippines;PHL;840;Philippines 2019;PHL19;66,65
608;Philippines (the);2020;608;Philippines;PHL;840;Philippines 2020;PHL20;66,23
608;Philippines (the);2021;608;Philippines;PHL;840;Philippines 2021;PHL21;66,41
608;Philippines (the);2022;608;Philippines;PHL;840;Philippines 2022;PHL22;66,16
616;Poland;2010;616;Poland;POL;290;Poland 2010;POL10;78,65
616;Poland;2011;616;Poland;POL;290;Poland 2011;POL11;78,69
616;Poland;2012;616;Poland;POL;290;Poland 2012;POL12;78,71
616;Poland;2013;616;Poland;POL;290;Poland 2013;POL13;78,99
616;Poland;2014;616;Poland;POL;290;Poland 2014;POL14;79,75
616;Poland;2015;616;Poland;POL;290;Poland 2015;POL15;79,85
616;Poland;2016;616;Poland;POL;290;Poland 2016;POL16;80,03
616;Poland;2017;616;Poland;POL;290;Poland 2017;POL17;80,07
616;Poland;2018;616;Poland;POL;290;Poland 2018;POL18;80,1
616;Poland;2019;616;Poland;POL;290;Poland 2019;POL19;80,27
616;Poland;2020;616;Poland;POL;290;Poland 2020;POL20;79,97
616;Poland;2021;616;Poland;POL;290;Poland 2021;POL21;79,74
616;Poland;2022;616;Poland;POL;290;Poland 2022;POL22;79,53
620;Portugal;2010;620;Portugal;PRT;235;Portugal 2010;PRT10;79,71
620;Portugal;2011;620;Portugal;PRT;235;Portugal 2011;PRT11;80
620;Portugal;2012;620;Portugal;PRT;235;Portugal 2012;PRT12;80,72
620;Portugal;2013;620;Portugal;PRT;235;Portugal 2013;PRT13;80,92
620;Portugal;2014;620;Portugal;PRT;235;Portugal 2014;PRT14;81,88
620;Portugal;2015;620;Portugal;PRT;235;Portugal 2015;PRT15;82,37
620;Portugal;2016;620;Portugal;PRT;235;Portugal 2016;PRT16;82,81
620;Portugal;2017;620;Portugal;PRT;235;Portugal 2017;PRT17;83,25
620;Portugal;2018;620;Portugal;PRT;235;Portugal 2018;PRT18;84,11
620;Portugal;2019;620;Portugal;PRT;235;Portugal 2019;PRT19;84,42
620;Portugal;2020;620;Portugal;PRT;235;Portugal 2020;PRT20;84,42
620;Portugal;2021;620;Portugal;PRT;235;Portugal 2021;PRT21;84,4
620;Portugal;2022;620;Portugal;PRT;235;Portugal 2022;PRT22;84,1
624;Guinea-Bissau;2010;624;Guinea-Bissau;GNB;404;Guinea-Bissau 2010;GNB10;36,87
624;Guinea-Bissau;2011;624;Guinea-Bissau;GNB;404;Guinea-Bissau 2011;GNB11;37,27
624;Guinea-Bissau;2012;624;Guinea-Bissau;GNB;404;Guinea-Bissau 2012;GNB12;37,33
624;Guinea-Bissau;2013;624;Guinea-Bissau;GNB;404;Guinea-Bissau 2013;GNB13;38,46
624;Guinea-Bissau;2014;624;Guinea-Bissau;GNB;404;Guinea-Bissau 2014;GNB14;39,46
624;Guinea-Bissau;2015;624;Guinea-Bissau;GNB;404;Guinea-Bissau 2015;GNB15;40,11
624;Guinea-Bissau;2016;624;Guinea-Bissau;GNB;404;Guinea-Bissau 2016;GNB16;41,02
624;Guinea-Bissau;2017;624;Guinea-Bissau;GNB;404;Guinea-Bissau 2017;GNB17;41,58
624;Guinea-Bissau;2018;624;Guinea-Bissau;GNB;404;Guinea-Bissau 2018;GNB18;41,72
624;Guinea-Bissau;2019;624;Guinea-Bissau;GNB;404;Guinea-Bissau 2019;GNB19;42,48
624;Guinea-Bissau;2020;624;Guinea-Bissau;GNB;404;Guinea-Bissau 2020;GNB20;43,4
624;Guinea-Bissau;2021;624;Guinea-Bissau;GNB;404;Guinea-Bissau 2021;GNB21;44,02
624;Guinea-Bissau;2022;624;Guinea-Bissau;GNB;404;Guinea-Bissau 2022;GNB22;43,6
626;Timor-Leste;2010;626;Timor-Leste;TLS;860;Timor-Leste 2010;TLS10;47,63
626;Timor-Leste;2011;626;Timor-Leste;TLS;860;Timor-Leste 2011;TLS11;48,48
626;Timor-Leste;2012;626;Timor-Leste;TLS;860;Timor-Leste 2012;TLS12;49,41
626;Timor-Leste;2013;626;Timor-Leste;TLS;860;Timor-Leste 2013;TLS13;49,97
626;Timor-Leste;2014;626;Timor-Leste;TLS;860;Timor-Leste 2014;TLS14;52,13
626;Timor-Leste;2015;626;Timor-Leste;TLS;860;Timor-Leste 2015;TLS15;52,58
626;Timor-Leste;2016;626;Timor-Leste;TLS;860;Timor-Leste 2016;TLS16;53,48
626;Timor-Leste;2017;626;Timor-Leste;TLS;860;Timor-Leste 2017;TLS17;54,51
626;Timor-Leste;2018;626;Timor-Leste;TLS;860;Timor-Leste 2018;TLS18;55,06
626;Timor-Leste;2019;626;Timor-Leste;TLS;860;Timor-Leste 2019;TLS19;55,71
626;Timor-Leste;2020;626;Timor-Leste;TLS;860;Timor-Leste 2020;TLS20;56,64
626;Timor-Leste;2021;626;Timor-Leste;TLS;860;Timor-Leste 2021;TLS21;57,52
626;Timor-Leste;2022;626;Timor-Leste;TLS;860;Timor-Leste 2022;TLS22;57,94
634;Qatar;2010;634;Qatar;QAT;694;Qatar 2010;QAT10;65,66
634;Qatar;2011;634;Qatar;QAT;694;Qatar 2011;QAT11;65,19
634;Qatar;2012;634;Qatar;QAT;694;Qatar 2012;QAT12;66,8
634;Qatar;2013;634;Qatar;QAT;694;Qatar 2013;QAT13;68,06
634;Qatar;2014;634;Qatar;QAT;694;Qatar 2014;QAT14;69,03
634;Qatar;2015;634;Qatar;QAT;694;Qatar 2015;QAT15;69,36
634;Qatar;2016;634;Qatar;QAT;694;Qatar 2016;QAT16;69,3
634;Qatar;2017;634;Qatar;QAT;694;Qatar 2017;QAT17;69,3
634;Qatar;2018;634;Qatar;QAT;694;Qatar 2018;QAT18;69,78
634;Qatar;2019;634;Qatar;QAT;694;Qatar 2019;QAT19;70,17
634;Qatar;2020;634;Qatar;QAT;694;Qatar 2020;QAT20;70,21
634;Qatar;2021;634;Qatar;QAT;694;Qatar 2021;QAT21;69,47
634;Qatar;2022;634;Qatar;QAT;694;Qatar 2022;QAT22;69,29
642;Romania;2010;642;Romania;ROU;360;Romania 2010;ROU10;71,52
642;Romania;2011;642;Romania;ROU;360;Romania 2011;ROU11;71,44
642;Romania;2012;642;Romania;ROU;360;Romania 2012;ROU12;71,39
642;Romania;2013;642;Romania;ROU;360;Romania 2013;ROU13;71,82
642;Romania;2014;642;Romania;ROU;360;Romania 2014;ROU14;73
642;Romania;2015;642;Romania;ROU;360;Romania 2015;ROU15;73,35
642;Romania;2016;642;Romania;ROU;360;Romania 2016;ROU16;74,5
642;Romania;2017;642;Romania;ROU;360;Romania 2017;ROU17;74,68
642;Romania;2018;642;Romania;ROU;360;Romania 2018;ROU18;74,79
642;Romania;2019;642;Romania;ROU;360;Romania 2019;ROU19;75,47
642;Romania;2020;642;Romania;ROU;360;Romania 2020;ROU20;75,9
642;Romania;2021;642;Romania;ROU;360;Romania 2021;ROU21;75,5
642;Romania;2022;642;Romania;ROU;360;Romania 2022;ROU22;75,24
643;Russian Federation (the);2010;643;Russia;RUS;365;Russia 2010;RUS10;65,41
643;Russian Federation (the);2011;643;Russia;RUS;365;Russia 2011;RUS11;65,86
643;Russian Federation (the);2012;643;Russia;RUS;365;Russia 2012;RUS12;66,99
643;Russian Federation (the);2013;643;Russia;RUS;365;Russia 2013;RUS13;67,37
643;Russian Federation (the);2014;643;Russia;RUS;365;Russia 2014;RUS14;67,65
643;Russian Federation (the);2015;643;Russia;RUS;365;Russia 2015;RUS15;68,25
643;Russian Federation (the);2016;643;Russia;RUS;365;Russia 2016;RUS16;68,4
643;Russian Federation (the);2017;643;Russia;RUS;365;Russia 2017;RUS17;68,75
643;Russian Federation (the);2018;643;Russia;RUS;365;Russia 2018;RUS18;69,68
643;Russian Federation (the);2019;643;Russia;RUS;365;Russia 2019;RUS19;69,82
643;Russian Federation (the);2020;643;Russia;RUS;365;Russia 2020;RUS20;69,96
643;Russian Federation (the);2021;643;Russia;RUS;365;Russia 2021;RUS21;69,6
643;Russian Federation (the);2022;643;Russia;RUS;365;Russia 2022;RUS22;67,68
646;Rwanda;2010;646;Rwanda;RWA;517;Rwanda 2010;RWA10;42,3
646;Rwanda;2011;646;Rwanda;RWA;517;Rwanda 2011;RWA11;43,1
646;Rwanda;2012;646;Rwanda;RWA;517;Rwanda 2012;RWA12;44,22
646;Rwanda;2013;646;Rwanda;RWA;517;Rwanda 2013;RWA13;45,62
646;Rwanda;2014;646;Rwanda;RWA;517;Rwanda 2014;RWA14;46,97
646;Rwanda;2015;646;Rwanda;RWA;517;Rwanda 2015;RWA15;47,48
646;Rwanda;2016;646;Rwanda;RWA;517;Rwanda 2016;RWA16;46,86
646;Rwanda;2017;646;Rwanda;RWA;517;Rwanda 2017;RWA17;47,01
646;Rwanda;2018;646;Rwanda;RWA;517;Rwanda 2018;RWA18;47,93
646;Rwanda;2019;646;Rwanda;RWA;517;Rwanda 2019;RWA19;48,28
646;Rwanda;2020;646;Rwanda;RWA;517;Rwanda 2020;RWA20;48,66
646;Rwanda;2021;646;Rwanda;RWA;517;Rwanda 2021;RWA21;48,57
646;Rwanda;2022;646;Rwanda;RWA;517;Rwanda 2022;RWA22;48,82
678;Sao Tome and Principe;2010;678;Sao Tome and Principe;STP;403;Sao Tome and Principe 2010;STP10;53,53
678;Sao Tome and Principe;2011;678;Sao Tome and Principe;STP;403;Sao Tome and Principe 2011;STP11;54,1
678;Sao Tome and Principe;2012;678;Sao Tome and Principe;STP;403;Sao Tome and Principe 2012;STP12;54,56
678;Sao Tome and Principe;2013;678;Sao Tome and Principe;STP;403;Sao Tome and Principe 2013;STP13;54,79
678;Sao Tome and Principe;2014;678;Sao Tome and Principe;STP;403;Sao Tome and Principe 2014;STP14;55,52
678;Sao Tome and Principe;2015;678;Sao Tome and Principe;STP;403;Sao Tome and Principe 2015;STP15;56,62
678;Sao Tome and Principe;2016;678;Sao Tome and Principe;STP;403;Sao Tome and Principe 2016;STP16;57,11
678;Sao Tome and Principe;2017;678;Sao Tome and Principe;STP;403;Sao Tome and Principe 2017;STP17;57,67
678;Sao Tome and Principe;2018;678;Sao Tome and Principe;STP;403;Sao Tome and Principe 2018;STP18;58,15
678;Sao Tome and Principe;2019;678;Sao Tome and Principe;STP;403;Sao Tome and Principe 2019;STP19;58,56
678;Sao Tome and Principe;2020;678;Sao Tome and Principe;STP;403;Sao Tome and Principe 2020;STP20;59,49
678;Sao Tome and Principe;2021;678;Sao Tome and Principe;STP;403;Sao Tome and Principe 2021;STP21;59,97
678;Sao Tome and Principe;2022;678;Sao Tome and Principe;STP;403;Sao Tome and Principe 2022;STP22;59,84
682;Saudi Arabia;2010;682;Saudi Arabia;SAU;670;Saudi Arabia 2010;SAU10;57,64
682;Saudi Arabia;2011;682;Saudi Arabia;SAU;670;Saudi Arabia 2011;SAU11;57,7
682;Saudi Arabia;2012;682;Saudi Arabia;SAU;670;Saudi Arabia 2012;SAU12;59,54
682;Saudi Arabia;2013;682;Saudi Arabia;SAU;670;Saudi Arabia 2013;SAU13;60,53
682;Saudi Arabia;2014;682;Saudi Arabia;SAU;670;Saudi Arabia 2014;SAU14;61,18
682;Saudi Arabia;2015;682;Saudi Arabia;SAU;670;Saudi Arabia 2015;SAU15;62,12
682;Saudi Arabia;2016;682;Saudi Arabia;SAU;670;Saudi Arabia 2016;SAU16;62,77
682;Saudi Arabia;2017;682;Saudi Arabia;SAU;670;Saudi Arabia 2017;SAU17;63,89
682;Saudi Arabia;2018;682;Saudi Arabia;SAU;670;Saudi Arabia 2018;SAU18;64,28
682;Saudi Arabia;2019;682;Saudi Arabia;SAU;670;Saudi Arabia 2019;SAU19;65,11
682;Saudi Arabia;2020;682;Saudi Arabia;SAU;670;Saudi Arabia 2020;SAU20;65,22
682;Saudi Arabia;2021;682;Saudi Arabia;SAU;670;Saudi Arabia 2021;SAU21;65,42
682;Saudi Arabia;2022;682;Saudi Arabia;SAU;670;Saudi Arabia 2022;SAU22;65,58
686;Senegal;2010;686;Senegal;SEN;433;Senegal 2010;SEN10;47,77
686;Senegal;2011;686;Senegal;SEN;433;Senegal 2011;SEN11;48,4
686;Senegal;2012;686;Senegal;SEN;433;Senegal 2012;SEN12;49,41
686;Senegal;2013;686;Senegal;SEN;433;Senegal 2013;SEN13;50,69
686;Senegal;2014;686;Senegal;SEN;433;Senegal 2014;SEN14;51,53
686;Senegal;2015;686;Senegal;SEN;433;Senegal 2015;SEN15;52,33
686;Senegal;2016;686;Senegal;SEN;433;Senegal 2016;SEN16;52,59
686;Senegal;2017;686;Senegal;SEN;433;Senegal 2017;SEN17;52,99
686;Senegal;2018;686;Senegal;SEN;433;Senegal 2018;SEN18;53,3
686;Senegal;2019;686;Senegal;SEN;433;Senegal 2019;SEN19;53,76
686;Senegal;2020;686;Senegal;SEN;433;Senegal 2020;SEN20;54,79
686;Senegal;2021;686;Senegal;SEN;433;Senegal 2021;SEN21;54,63
686;Senegal;2022;686;Senegal;SEN;433;Senegal 2022;SEN22;54,53
688;Serbia;2010;688;Serbia;SRB;;Serbia 2010;SRB10;68,64
688;Serbia;2011;688;Serbia;SRB;;Serbia 2011;SRB11;68,76
688;Serbia;2012;688;Serbia;SRB;;Serbia 2012;SRB12;69,63
688;Serbia;2013;688;Serbia;SRB;;Serbia 2013;SRB13;70,39
688;Serbia;2014;688;Serbia;SRB;;Serbia 2014;SRB14;71,34
688;Serbia;2015;688;Serbia;SRB;;Serbia 2015;SRB15;72,18
688;Serbia;2016;688;Serbia;SRB;;Serbia 2016;SRB16;73,85
688;Serbia;2017;688;Serbia;SRB;;Serbia 2017;SRB17;74,18
688;Serbia;2018;688;Serbia;SRB;;Serbia 2018;SRB18;74,48
688;Serbia;2019;688;Serbia;SRB;;Serbia 2019;SRB19;74,88
688;Serbia;2020;688;Serbia;SRB;;Serbia 2020;SRB20;75,08
688;Serbia;2021;688;Serbia;SRB;;Serbia 2021;SRB21;74,62
688;Serbia;2022;688;Serbia;SRB;;Serbia 2022;SRB22;74,32
694;Sierra Leone;2010;694;Sierra Leone;SLE;451;Sierra Leone 2010;SLE10;34,78
694;Sierra Leone;2011;694;Sierra Leone;SLE;451;Sierra Leone 2011;SLE11;35,59
694;Sierra Leone;2012;694;Sierra Leone;SLE;451;Sierra Leone 2012;SLE12;37,18
694;Sierra Leone;2013;694;Sierra Leone;SLE;451;Sierra Leone 2013;SLE13;38,87
694;Sierra Leone;2014;694;Sierra Leone;SLE;451;Sierra Leone 2014;SLE14;39,63
694;Sierra Leone;2015;694;Sierra Leone;SLE;451;Sierra Leone 2015;SLE15;40,65
694;Sierra Leone;2016;694;Sierra Leone;SLE;451;Sierra Leone 2016;SLE16;41,13
694;Sierra Leone;2017;694;Sierra Leone;SLE;451;Sierra Leone 2017;SLE17;41,81
694;Sierra Leone;2018;694;Sierra Leone;SLE;451;Sierra Leone 2018;SLE18;43,9
694;Sierra Leone;2019;694;Sierra Leone;SLE;451;Sierra Leone 2019;SLE19;44,52
694;Sierra Leone;2020;694;Sierra Leone;SLE;451;Sierra Leone 2020;SLE20;44,66
694;Sierra Leone;2021;694;Sierra Leone;SLE;451;Sierra Leone 2021;SLE21;45,12
694;Sierra Leone;2022;694;Sierra Leone;SLE;451;Sierra Leone 2022;SLE22;44,73
702;Singapore;2010;702;Singapore;SGP;830;Singapore 2010;SGP10;80,97
702;Singapore;2011;702;Singapore;SGP;830;Singapore 2011;SGP11;81
702;Singapore;2012;702;Singapore;SGP;830;Singapore 2012;SGP12;81,63
702;Singapore;2013;702;Singapore;SGP;830;Singapore 2013;SGP13;82,13
702;Singapore;2014;702;Singapore;SGP;830;Singapore 2014;SGP14;82,24
702;Singapore;2015;702;Singapore;SGP;830;Singapore 2015;SGP15;82,72
702;Singapore;2016;702;Singapore;SGP;830;Singapore 2016;SGP16;83,43
702;Singapore;2017;702;Singapore;SGP;830;Singapore 2017;SGP17;83,45
702;Singapore;2018;702;Singapore;SGP;830;Singapore 2018;SGP18;84,11
702;Singapore;2019;702;Singapore;SGP;830;Singapore 2019;SGP19;84,38
702;Singapore;2020;702;Singapore;SGP;830;Singapore 2020;SGP20;84,32
702;Singapore;2021;702;Singapore;SGP;830;Singapore 2021;SGP21;84,17
702;Singapore;2022;702;Singapore;SGP;830;Singapore 2022;SGP22;84,21
703;Slovakia;2010;703;Slovakia;SVK;317;Slovakia 2010;SVK10;76,23
703;Slovakia;2011;703;Slovakia;SVK;317;Slovakia 2011;SVK11;76,23
703;Slovakia;2012;703;Slovakia;SVK;317;Slovakia 2012;SVK12;76,61
703;Slovakia;2013;703;Slovakia;SVK;317;Slovakia 2013;SVK13;76,85
703;Slovakia;2014;703;Slovakia;SVK;317;Slovakia 2014;SVK14;78,09
703;Slovakia;2015;703;Slovakia;SVK;317;Slovakia 2015;SVK15;78,19
703;Slovakia;2016;703;Slovakia;SVK;317;Slovakia 2016;SVK16;78,34
703;Slovakia;2017;703;Slovakia;SVK;317;Slovakia 2017;SVK17;78,66
703;Slovakia;2018;703;Slovakia;SVK;317;Slovakia 2018;SVK18;79,24
703;Slovakia;2019;703;Slovakia;SVK;317;Slovakia 2019;SVK19;79,71
703;Slovakia;2020;703;Slovakia;SVK;317;Slovakia 2020;SVK20;79,79
703;Slovakia;2021;703;Slovakia;SVK;317;Slovakia 2021;SVK21;80,02
703;Slovakia;2022;703;Slovakia;SVK;317;Slovakia 2022;SVK22;79,54
704;Viet Nam;2010;704;Vietnam;VNM;816;Vietnam 2010;VNM10;61,09
704;Viet Nam;2011;704;Vietnam;VNM;816;Vietnam 2011;VNM11;61,23
704;Viet Nam;2012;704;Vietnam;VNM;816;Vietnam 2012;VNM12;62,05
704;Viet Nam;2013;704;Vietnam;VNM;816;Vietnam 2013;VNM13;62,8
704;Viet Nam;2014;704;Vietnam;VNM;816;Vietnam 2014;VNM14;64,2
704;Viet Nam;2015;704;Vietnam;VNM;816;Vietnam 2015;VNM15;64,78
704;Viet Nam;2016;704;Vietnam;VNM;816;Vietnam 2016;VNM16;65,77
704;Viet Nam;2017;704;Vietnam;VNM;816;Vietnam 2017;VNM17;66,92
704;Viet Nam;2018;704;Vietnam;VNM;816;Vietnam 2018;VNM18;67,53
704;Viet Nam;2019;704;Vietnam;VNM;816;Vietnam 2019;VNM19;67,75
704;Viet Nam;2020;704;Vietnam;VNM;816;Vietnam 2020;VNM20;68,29
704;Viet Nam;2021;704;Vietnam;VNM;816;Vietnam 2021;VNM21;68,65
704;Viet Nam;2022;704;Vietnam;VNM;816;Vietnam 2022;VNM22;69,09
705;Slovenia;2010;705;Slovenia;SVN;349;Slovenia 2010;SVN10;83,13
705;Slovenia;2011;705;Slovenia;SVN;349;Slovenia 2011;SVN11;83,3
705;Slovenia;2012;705;Slovenia;SVN;349;Slovenia 2012;SVN12;82,84
705;Slovenia;2013;705;Slovenia;SVN;349;Slovenia 2013;SVN13;82,94
705;Slovenia;2014;705;Slovenia;SVN;349;Slovenia 2014;SVN14;83,32
705;Slovenia;2015;705;Slovenia;SVN;349;Slovenia 2015;SVN15;83,5
705;Slovenia;2016;705;Slovenia;SVN;349;Slovenia 2016;SVN16;84,39
705;Slovenia;2017;705;Slovenia;SVN;349;Slovenia 2017;SVN17;84,79
705;Slovenia;2018;705;Slovenia;SVN;349;Slovenia 2018;SVN18;85,14
705;Slovenia;2019;705;Slovenia;SVN;349;Slovenia 2019;SVN19;85,49
705;Slovenia;2020;705;Slovenia;SVN;349;Slovenia 2020;SVN20;84,2
705;Slovenia;2021;705;Slovenia;SVN;349;Slovenia 2021;SVN21;83,81
705;Slovenia;2022;705;Slovenia;SVN;349;Slovenia 2022;SVN22;84,6
706;Somalia;2010;706;Somalia;SOM;520;Somalia 2010;SOM10;24,87
706;Somalia;2011;706;Somalia;SOM;520;Somalia 2011;SOM11;26,02
706;Somalia;2012;706;Somalia;SOM;520;Somalia 2012;SOM12;26,92
706;Somalia;2013;706;Somalia;SOM;520;Somalia 2013;SOM13;28,11
706;Somalia;2014;706;Somalia;SOM;520;Somalia 2014;SOM14;28,55
706;Somalia;2015;706;Somalia;SOM;520;Somalia 2015;SOM15;29,55
706;Somalia;2016;706;Somalia;SOM;520;Somalia 2016;SOM16;31,17
706;Somalia;2017;706;Somalia;SOM;520;Somalia 2017;SOM17;31,7
706;Somalia;2018;706;Somalia;SOM;520;Somalia 2018;SOM18;32,41
706;Somalia;2019;706;Somalia;SOM;520;Somalia 2019;SOM19;32,96
706;Somalia;2020;706;Somalia;SOM;520;Somalia 2020;SOM20;33,85
706;Somalia;2021;706;Somalia;SOM;520;Somalia 2021;SOM21;34,07
706;Somalia;2022;706;Somalia;SOM;520;Somalia 2022;SOM22;33,87
710;South Africa;2010;710;South Africa;ZAF;560;South Africa 2010;ZAF10;60,06
710;South Africa;2011;710;South Africa;ZAF;560;South Africa 2011;ZAF11;60,81
710;South Africa;2012;710;South Africa;ZAF;560;South Africa 2012;ZAF12;61,27
710;South Africa;2013;710;South Africa;ZAF;560;South Africa 2013;ZAF13;62,31
710;South Africa;2014;710;South Africa;ZAF;560;South Africa 2014;ZAF14;64,05
710;South Africa;2015;710;South Africa;ZAF;560;South Africa 2015;ZAF15;64,45
710;South Africa;2016;710;South Africa;ZAF;560;South Africa 2016;ZAF16;65,29
710;South Africa;2017;710;South Africa;ZAF;560;South Africa 2017;ZAF17;64,86
710;South Africa;2018;710;South Africa;ZAF;560;South Africa 2018;ZAF18;65,42
710;South Africa;2019;710;South Africa;ZAF;560;South Africa 2019;ZAF19;66,05
710;South Africa;2020;710;South Africa;ZAF;560;South Africa 2020;ZAF20;66,51
710;South Africa;2021;710;South Africa;ZAF;560;South Africa 2021;ZAF21;67,33
710;South Africa;2022;710;South Africa;ZAF;560;South Africa 2022;ZAF22;66,69
716;Zimbabwe;2010;716;Zimbabwe;ZWE;552;Zimbabwe 2010;ZWE10;42,54
716;Zimbabwe;2011;716;Zimbabwe;ZWE;552;Zimbabwe 2011;ZWE11;43,52
716;Zimbabwe;2012;716;Zimbabwe;ZWE;552;Zimbabwe 2012;ZWE12;44,82
716;Zimbabwe;2013;716;Zimbabwe;ZWE;552;Zimbabwe 2013;ZWE13;46,37
716;Zimbabwe;2014;716;Zimbabwe;ZWE;552;Zimbabwe 2014;ZWE14;47,33
716;Zimbabwe;2015;716;Zimbabwe;ZWE;552;Zimbabwe 2015;ZWE15;47,75
716;Zimbabwe;2016;716;Zimbabwe;ZWE;552;Zimbabwe 2016;ZWE16;47,92
716;Zimbabwe;2017;716;Zimbabwe;ZWE;552;Zimbabwe 2017;ZWE17;48,56
716;Zimbabwe;2018;716;Zimbabwe;ZWE;552;Zimbabwe 2018;ZWE18;48,15
716;Zimbabwe;2019;716;Zimbabwe;ZWE;552;Zimbabwe 2019;ZWE19;47,65
716;Zimbabwe;2020;716;Zimbabwe;ZWE;552;Zimbabwe 2020;ZWE20;48,56
716;Zimbabwe;2021;716;Zimbabwe;ZWE;552;Zimbabwe 2021;ZWE21;48,36
716;Zimbabwe;2022;716;Zimbabwe;ZWE;552;Zimbabwe 2022;ZWE22;48,35
724;Spain;2010;724;Spain;ESP;230;Spain 2010;ESP10;82,02
724;Spain;2011;724;Spain;ESP;230;Spain 2011;ESP11;82,48
724;Spain;2012;724;Spain;ESP;230;Spain 2012;ESP12;81,85
724;Spain;2013;724;Spain;ESP;230;Spain 2013;ESP13;81,76
724;Spain;2014;724;Spain;ESP;230;Spain 2014;ESP14;82,66
724;Spain;2015;724;Spain;ESP;230;Spain 2015;ESP15;83,18
724;Spain;2016;724;Spain;ESP;230;Spain 2016;ESP16;83,68
724;Spain;2017;724;Spain;ESP;230;Spain 2017;ESP17;83,86
724;Spain;2018;724;Spain;ESP;230;Spain 2018;ESP18;84,45
724;Spain;2019;724;Spain;ESP;230;Spain 2019;ESP19;84,69
724;Spain;2020;724;Spain;ESP;230;Spain 2020;ESP20;84,61
724;Spain;2021;724;Spain;ESP;230;Spain 2021;ESP21;84,36
724;Spain;2022;724;Spain;ESP;230;Spain 2022;ESP22;83,87
728;South Sudan;2011;728;South Sudan;SSD;626;South Sudan 2011;SSD11;25,89
728;South Sudan;2012;728;South Sudan;SSD;626;South Sudan 2012;SSD12;26,21
728;South Sudan;2013;728;South Sudan;SSD;626;South Sudan 2013;SSD13;25,91
728;South Sudan;2014;728;South Sudan;SSD;626;South Sudan 2014;SSD14;25,33
728;South Sudan;2015;728;South Sudan;SSD;626;South Sudan 2015;SSD15;24,91
728;South Sudan;2016;728;South Sudan;SSD;626;South Sudan 2016;SSD16;24,77
728;South Sudan;2017;728;South Sudan;SSD;626;South Sudan 2017;SSD17;24,66
728;South Sudan;2018;728;South Sudan;SSD;626;South Sudan 2018;SSD18;24,49
728;South Sudan;2019;728;South Sudan;SSD;626;South Sudan 2019;SSD19;25,13
728;South Sudan;2020;728;South Sudan;SSD;626;South Sudan 2020;SSD20;25,05
728;South Sudan;2021;728;South Sudan;SSD;626;South Sudan 2021;SSD21;25,43
728;South Sudan;2022;728;South Sudan;SSD;626;South Sudan 2022;SSD22;25,93
729;Sudan;2010;736;Sudan (-2011);SDN;;Sudan (-2011) 2010;SDN10;37,31
729;Sudan;2011;736;Sudan (-2011);SDN;;Sudan (-2011) 2011;SDN11;37,2
740;Suriname;2010;740;Suriname;SUR;115;Suriname 2010;SUR10;65,49
740;Suriname;2011;740;Suriname;SUR;115;Suriname 2011;SUR11;65,72
740;Suriname;2012;740;Suriname;SUR;115;Suriname 2012;SUR12;66,2
740;Suriname;2013;740;Suriname;SUR;115;Suriname 2013;SUR13;66,3
740;Suriname;2014;740;Suriname;SUR;115;Suriname 2014;SUR14;66,82
740;Suriname;2015;740;Suriname;SUR;115;Suriname 2015;SUR15;67,25
740;Suriname;2016;740;Suriname;SUR;115;Suriname 2016;SUR16;68,11
740;Suriname;2017;740;Suriname;SUR;115;Suriname 2017;SUR17;68,25
740;Suriname;2018;740;Suriname;SUR;115;Suriname 2018;SUR18;68,43
740;Suriname;2019;740;Suriname;SUR;115;Suriname 2019;SUR19;68,43
740;Suriname;2020;740;Suriname;SUR;115;Suriname 2020;SUR20;68,39
740;Suriname;2021;740;Suriname;SUR;115;Suriname 2021;SUR21;67,97
740;Suriname;2022;740;Suriname;SUR;115;Suriname 2022;SUR22;67,95
748;Eswatini;2010;748;Eswatini (former Swaziland);SWZ;572;Eswatini (former Swaziland) 2010;SWZ10;39,86
748;Eswatini;2011;748;Eswatini (former Swaziland);SWZ;572;Eswatini (former Swaziland) 2011;SWZ11;40,82
748;Eswatini;2012;748;Eswatini (former Swaziland);SWZ;572;Eswatini (former Swaziland) 2012;SWZ12;41,58
748;Eswatini;2013;748;Eswatini (former Swaziland);SWZ;572;Eswatini (former Swaziland) 2013;SWZ13;42,71
748;Eswatini;2014;748;Eswatini (former Swaziland);SWZ;572;Eswatini (former Swaziland) 2014;SWZ14;43,72
748;Eswatini;2015;748;Eswatini (former Swaziland);SWZ;572;Eswatini (former Swaziland) 2015;SWZ15;44,47
748;Eswatini;2016;748;Eswatini (former Swaziland);SWZ;572;Eswatini (former Swaziland) 2016;SWZ16;45,45
748;Eswatini;2017;748;Eswatini (former Swaziland);SWZ;572;Eswatini (former Swaziland) 2017;SWZ17;46,35
748;Eswatini;2018;748;Eswatini (former Swaziland);SWZ;572;Eswatini (former Swaziland) 2018;SWZ18;47,41
748;Eswatini;2019;748;Eswatini (former Swaziland);SWZ;572;Eswatini (former Swaziland) 2019;SWZ19;48,45
748;Eswatini;2020;748;Eswatini (former Swaziland);SWZ;572;Eswatini (former Swaziland) 2020;SWZ20;49,43
748;Eswatini;2021;748;Eswatini (former Swaziland);SWZ;572;Eswatini (former Swaziland) 2021;SWZ21;49,01
748;Eswatini;2022;748;Eswatini (former Swaziland);SWZ;572;Eswatini (former Swaziland) 2022;SWZ22;48,11
752;Sweden;2010;752;Sweden;SWE;380;Sweden 2010;SWE10;87,51
752;Sweden;2011;752;Sweden;SWE;380;Sweden 2011;SWE11;87,88
752;Sweden;2012;752;Sweden;SWE;380;Sweden 2012;SWE12;88,42
752;Sweden;2013;752;Sweden;SWE;380;Sweden 2013;SWE13;88,29
752;Sweden;2014;752;Sweden;SWE;380;Sweden 2014;SWE14;88,09
752;Sweden;2015;752;Sweden;SWE;380;Sweden 2015;SWE15;87,97
752;Sweden;2016;752;Sweden;SWE;380;Sweden 2016;SWE16;88,39
752;Sweden;2017;752;Sweden;SWE;380;Sweden 2017;SWE17;88,35
752;Sweden;2018;752;Sweden;SWE;380;Sweden 2018;SWE18;88,83
752;Sweden;2019;752;Sweden;SWE;380;Sweden 2019;SWE19;89,29
752;Sweden;2020;752;Sweden;SWE;380;Sweden 2020;SWE20;89,2
752;Sweden;2021;752;Sweden;SWE;380;Sweden 2021;SWE21;89,35
752;Sweden;2022;752;Sweden;SWE;380;Sweden 2022;SWE22;89,09
756;Switzerland;2010;756;Switzerland;CHE;225;Switzerland 2010;CHE10;86,2
756;Switzerland;2011;756;Switzerland;CHE;225;Switzerland 2011;CHE11;86,42
756;Switzerland;2012;756;Switzerland;CHE;225;Switzerland 2012;CHE12;86,78
756;Switzerland;2013;756;Switzerland;CHE;225;Switzerland 2013;CHE13;87,11
756;Switzerland;2014;756;Switzerland;CHE;225;Switzerland 2014;CHE14;87,4
756;Switzerland;2015;756;Switzerland;CHE;225;Switzerland 2015;CHE15;87,52
756;Switzerland;2016;756;Switzerland;CHE;225;Switzerland 2016;CHE16;87,98
756;Switzerland;2017;756;Switzerland;CHE;225;Switzerland 2017;CHE17;88,19
756;Switzerland;2018;756;Switzerland;CHE;225;Switzerland 2018;CHE18;88,91
756;Switzerland;2019;756;Switzerland;CHE;225;Switzerland 2019;CHE19;89,19
756;Switzerland;2020;756;Switzerland;CHE;225;Switzerland 2020;CHE20;89,54
756;Switzerland;2021;756;Switzerland;CHE;225;Switzerland 2021;CHE21;89,28
756;Switzerland;2022;756;Switzerland;CHE;225;Switzerland 2022;CHE22;88,88
760;Syrian Arab Republic (the);2010;760;Syria;SYR;652;Syria 2010;SYR10;52,36
760;Syrian Arab Republic (the);2011;760;Syria;SYR;652;Syria 2011;SYR11;50,91
760;Syrian Arab Republic (the);2012;760;Syria;SYR;652;Syria 2012;SYR12;49,32
760;Syrian Arab Republic (the);2013;760;Syria;SYR;652;Syria 2013;SYR13;46,5
760;Syrian Arab Republic (the);2014;760;Syria;SYR;652;Syria 2014;SYR14;45,85
760;Syrian Arab Republic (the);2015;760;Syria;SYR;652;Syria 2015;SYR15;45,6
760;Syrian Arab Republic (the);2016;760;Syria;SYR;652;Syria 2016;SYR16;46,46
760;Syrian Arab Republic (the);2017;760;Syria;SYR;652;Syria 2017;SYR17;47,11
760;Syrian Arab Republic (the);2018;760;Syria;SYR;652;Syria 2018;SYR18;47,61
760;Syrian Arab Republic (the);2019;760;Syria;SYR;652;Syria 2019;SYR19;47,56
760;Syrian Arab Republic (the);2020;760;Syria;SYR;652;Syria 2020;SYR20;48,08
760;Syrian Arab Republic (the);2021;760;Syria;SYR;652;Syria 2021;SYR21;48,29
760;Syrian Arab Republic (the);2022;760;Syria;SYR;652;Syria 2022;SYR22;48,14
762;Tajikistan;2010;762;Tajikistan;TJK;702;Tajikistan 2010;TJK10;52,73
762;Tajikistan;2011;762;Tajikistan;TJK;702;Tajikistan 2011;TJK11;53,67
762;Tajikistan;2012;762;Tajikistan;TJK;702;Tajikistan 2012;TJK12;53,68
762;Tajikistan;2013;762;Tajikistan;TJK;702;Tajikistan 2013;TJK13;53,64
762;Tajikistan;2014;762;Tajikistan;TJK;702;Tajikistan 2014;TJK14;54,3
762;Tajikistan;2015;762;Tajikistan;TJK;702;Tajikistan 2015;TJK15;54,28
762;Tajikistan;2016;762;Tajikistan;TJK;702;Tajikistan 2016;TJK16;54,89
762;Tajikistan;2017;762;Tajikistan;TJK;702;Tajikistan 2017;TJK17;55,64
762;Tajikistan;2018;762;Tajikistan;TJK;702;Tajikistan 2018;TJK18;56,83
762;Tajikistan;2019;762;Tajikistan;TJK;702;Tajikistan 2019;TJK19;57,04
762;Tajikistan;2020;762;Tajikistan;TJK;702;Tajikistan 2020;TJK20;57,21
762;Tajikistan;2021;762;Tajikistan;TJK;702;Tajikistan 2021;TJK21;56,88
762;Tajikistan;2022;762;Tajikistan;TJK;702;Tajikistan 2022;TJK22;57,45
764;Thailand;2010;764;Thailand;THA;800;Thailand 2010;THA10;66,1
764;Thailand;2011;764;Thailand;THA;800;Thailand 2011;THA11;67,9
764;Thailand;2012;764;Thailand;THA;800;Thailand 2012;THA12;68,71
764;Thailand;2013;764;Thailand;THA;800;Thailand 2013;THA13;68,7
764;Thailand;2014;764;Thailand;THA;800;Thailand 2014;THA14;67,05
764;Thailand;2015;764;Thailand;THA;800;Thailand 2015;THA15;66,38
764;Thailand;2016;764;Thailand;THA;800;Thailand 2016;THA16;66,85
764;Thailand;2017;764;Thailand;THA;800;Thailand 2017;THA17;67,43
764;Thailand;2018;764;Thailand;THA;800;Thailand 2018;THA18;68,06
764;Thailand;2019;764;Thailand;THA;800;Thailand 2019;THA19;69,09
764;Thailand;2020;764;Thailand;THA;800;Thailand 2020;THA20;69,28
764;Thailand;2021;764;Thailand;THA;800;Thailand 2021;THA21;69,66
764;Thailand;2022;764;Thailand;THA;800;Thailand 2022;THA22;70,67
768;Togo;2010;768;Togo;TGO;461;Togo 2010;TGO10;39,8
768;Togo;2011;768;Togo;TGO;461;Togo 2011;TGO11;40,43
768;Togo;2012;768;Togo;TGO;461;Togo 2012;TGO12;41,45
768;Togo;2013;768;Togo;TGO;461;Togo 2013;TGO13;42,59
768;Togo;2014;768;Togo;TGO;461;Togo 2014;TGO14;43,58
768;Togo;2015;768;Togo;TGO;461;Togo 2015;TGO15;44,33
768;Togo;2016;768;Togo;TGO;461;Togo 2016;TGO16;46,04
768;Togo;2017;768;Togo;TGO;461;Togo 2017;TGO17;46,48
768;Togo;2018;768;Togo;TGO;461;Togo 2018;TGO18;47,09
768;Togo;2019;768;Togo;TGO;461;Togo 2019;TGO19;47,41
768;Togo;2020;768;Togo;TGO;461;Togo 2020;TGO20;47,87
768;Togo;2021;768;Togo;TGO;461;Togo 2021;TGO21;47,68
768;Togo;2022;768;Togo;TGO;461;Togo 2022;TGO22;47,81
780;Trinidad and Tobago;2010;780;Trinidad and Tobago;TTO;52;Trinidad and Tobago 2010;TTO10;70,58
780;Trinidad and Tobago;2011;780;Trinidad and Tobago;TTO;52;Trinidad and Tobago 2011;TTO11;71,41
780;Trinidad and Tobago;2012;780;Trinidad and Tobago;TTO;52;Trinidad and Tobago 2012;TTO12;70,98
780;Trinidad and Tobago;2013;780;Trinidad and Tobago;TTO;52;Trinidad and Tobago 2013;TTO13;70,4
780;Trinidad and Tobago;2014;780;Trinidad and Tobago;TTO;52;Trinidad and Tobago 2014;TTO14;71,22
780;Trinidad and Tobago;2015;780;Trinidad and Tobago;TTO;52;Trinidad and Tobago 2015;TTO15;71,3
780;Trinidad and Tobago;2016;780;Trinidad and Tobago;TTO;52;Trinidad and Tobago 2016;TTO16;71,76
780;Trinidad and Tobago;2017;780;Trinidad and Tobago;TTO;52;Trinidad and Tobago 2017;TTO17;71,93
780;Trinidad and Tobago;2018;780;Trinidad and Tobago;TTO;52;Trinidad and Tobago 2018;TTO18;72,2
780;Trinidad and Tobago;2019;780;Trinidad and Tobago;TTO;52;Trinidad and Tobago 2019;TTO19;72,68
780;Trinidad and Tobago;2020;780;Trinidad and Tobago;TTO;52;Trinidad and Tobago 2020;TTO20;72,79
780;Trinidad and Tobago;2021;780;Trinidad and Tobago;TTO;52;Trinidad and Tobago 2021;TTO21;72,67
780;Trinidad and Tobago;2022;780;Trinidad and Tobago;TTO;52;Trinidad and Tobago 2022;TTO22;71,96
784;United Arab Emirates (the);2010;784;United Arab Emirates;ARE;696;United Arab Emirates 2010;ARE10;65,46
784;United Arab Emirates (the);2011;784;United Arab Emirates;ARE;696;United Arab Emirates 2011;ARE11;66,11
784;United Arab Emirates (the);2012;784;United Arab Emirates;ARE;696;United Arab Emirates 2012;ARE12;68,24
784;United Arab Emirates (the);2013;784;United Arab Emirates;ARE;696;United Arab Emirates 2013;ARE13;68,46
784;United Arab Emirates (the);2014;784;United Arab Emirates;ARE;696;United Arab Emirates 2014;ARE14;69,07
784;United Arab Emirates (the);2015;784;United Arab Emirates;ARE;696;United Arab Emirates 2015;ARE15;69,62
784;United Arab Emirates (the);2016;784;United Arab Emirates;ARE;696;United Arab Emirates 2016;ARE16;70,08
784;United Arab Emirates (the);2017;784;United Arab Emirates;ARE;696;United Arab Emirates 2017;ARE17;71,1
784;United Arab Emirates (the);2018;784;United Arab Emirates;ARE;696;United Arab Emirates 2018;ARE18;72,3
784;United Arab Emirates (the);2019;784;United Arab Emirates;ARE;696;United Arab Emirates 2019;ARE19;72,83
784;United Arab Emirates (the);2020;784;United Arab Emirates;ARE;696;United Arab Emirates 2020;ARE20;73,02
784;United Arab Emirates (the);2021;784;United Arab Emirates;ARE;696;United Arab Emirates 2021;ARE21;72,78
784;United Arab Emirates (the);2022;784;United Arab Emirates;ARE;696;United Arab Emirates 2022;ARE22;72,92
788;Tunisia;2010;788;Tunisia;TUN;616;Tunisia 2010;TUN10;60,67
788;Tunisia;2011;788;Tunisia;TUN;616;Tunisia 2011;TUN11;63,63
788;Tunisia;2012;788;Tunisia;TUN;616;Tunisia 2012;TUN12;63,79
788;Tunisia;2013;788;Tunisia;TUN;616;Tunisia 2013;TUN13;63,83
788;Tunisia;2014;788;Tunisia;TUN;616;Tunisia 2014;TUN14;65,13
788;Tunisia;2015;788;Tunisia;TUN;616;Tunisia 2015;TUN15;65,64
788;Tunisia;2016;788;Tunisia;TUN;616;Tunisia 2016;TUN16;66,25
788;Tunisia;2017;788;Tunisia;TUN;616;Tunisia 2017;TUN17;66,67
788;Tunisia;2018;788;Tunisia;TUN;616;Tunisia 2018;TUN18;67,15
788;Tunisia;2019;788;Tunisia;TUN;616;Tunisia 2019;TUN19;67,65
788;Tunisia;2020;788;Tunisia;TUN;616;Tunisia 2020;TUN20;67,37
788;Tunisia;2021;788;Tunisia;TUN;616;Tunisia 2021;TUN21;66,5
788;Tunisia;2022;788;Tunisia;TUN;616;Tunisia 2022;TUN22;65,53
792;Turkey;2010;792;Turkey;TUR;640;Turkey 2010;TUR10;64,85
792;Turkey;2011;792;Turkey;TUR;640;Turkey 2011;TUR11;65,7
792;Turkey;2012;792;Turkey;TUR;640;Turkey 2012;TUR12;65,69
792;Turkey;2013;792;Turkey;TUR;640;Turkey 2013;TUR13;65,91
792;Turkey;2014;792;Turkey;TUR;640;Turkey 2014;TUR14;67,41
792;Turkey;2015;792;Turkey;TUR;640;Turkey 2015;TUR15;67,63
792;Turkey;2016;792;Turkey;TUR;640;Turkey 2016;TUR16;66,53
792;Turkey;2017;792;Turkey;TUR;640;Turkey 2017;TUR17;66,26
792;Turkey;2018;792;Turkey;TUR;640;Turkey 2018;TUR18;66,79
792;Turkey;2019;792;Turkey;TUR;640;Turkey 2019;TUR19;66,77
792;Turkey;2020;792;Turkey;TUR;640;Turkey 2020;TUR20;67,04
792;Turkey;2021;792;Turkey;TUR;640;Turkey 2021;TUR21;66,71
792;Turkey;2022;792;Turkey;TUR;640;Turkey 2022;TUR22;66,23
795;Turkmenistan;2010;795;Turkmenistan;TKM;701;Turkmenistan 2010;TKM10;56,87
795;Turkmenistan;2011;795;Turkmenistan;TKM;701;Turkmenistan 2011;TKM11;58,07
795;Turkmenistan;2012;795;Turkmenistan;TKM;701;Turkmenistan 2012;TKM12;57,89
795;Turkmenistan;2013;795;Turkmenistan;TKM;701;Turkmenistan 2013;TKM13;57,55
795;Turkmenistan;2014;795;Turkmenistan;TKM;701;Turkmenistan 2014;TKM14;57,49
795;Turkmenistan;2015;795;Turkmenistan;TKM;701;Turkmenistan 2015;TKM15;57,67
795;Turkmenistan;2016;795;Turkmenistan;TKM;701;Turkmenistan 2016;TKM16;57,51
795;Turkmenistan;2017;795;Turkmenistan;TKM;701;Turkmenistan 2017;TKM17;57,79
795;Turkmenistan;2018;795;Turkmenistan;TKM;701;Turkmenistan 2018;TKM18;58,81
795;Turkmenistan;2019;795;Turkmenistan;TKM;701;Turkmenistan 2019;TKM19;59,76
795;Turkmenistan;2020;795;Turkmenistan;TKM;701;Turkmenistan 2020;TKM20;60,15
795;Turkmenistan;2021;795;Turkmenistan;TKM;701;Turkmenistan 2021;TKM21;60,41
795;Turkmenistan;2022;795;Turkmenistan;TKM;701;Turkmenistan 2022;TKM22;60,47
800;Uganda;2010;800;Uganda;UGA;500;Uganda 2010;UGA10;40,45
800;Uganda;2011;800;Uganda;UGA;500;Uganda 2011;UGA11;40,93
800;Uganda;2012;800;Uganda;UGA;500;Uganda 2012;UGA12;41,61
800;Uganda;2013;800;Uganda;UGA;500;Uganda 2013;UGA13;42,05
800;Uganda;2014;800;Uganda;UGA;500;Uganda 2014;UGA14;42,58
800;Uganda;2015;800;Uganda;UGA;500;Uganda 2015;UGA15;42,51
800;Uganda;2016;800;Uganda;UGA;500;Uganda 2016;UGA16;42,87
800;Uganda;2017;800;Uganda;UGA;500;Uganda 2017;UGA17;42,98
800;Uganda;2018;800;Uganda;UGA;500;Uganda 2018;UGA18;43,48
800;Uganda;2019;800;Uganda;UGA;500;Uganda 2019;UGA19;44,52
800;Uganda;2020;800;Uganda;UGA;500;Uganda 2020;UGA20;44,91
800;Uganda;2021;800;Uganda;UGA;500;Uganda 2021;UGA21;45,18
800;Uganda;2022;800;Uganda;UGA;500;Uganda 2022;UGA22;45,51
804;Ukraine;2010;804;Ukraine;UKR;369;Ukraine 2010;UKR10;66,16
804;Ukraine;2011;804;Ukraine;UKR;369;Ukraine 2011;UKR11;66,54
804;Ukraine;2012;804;Ukraine;UKR;369;Ukraine 2012;UKR12;66,89
804;Ukraine;2013;804;Ukraine;UKR;369;Ukraine 2013;UKR13;66,75
804;Ukraine;2014;804;Ukraine;UKR;369;Ukraine 2014;UKR14;66,65
804;Ukraine;2015;804;Ukraine;UKR;369;Ukraine 2015;UKR15;67,83
804;Ukraine;2016;804;Ukraine;UKR;369;Ukraine 2016;UKR16;68,75
804;Ukraine;2017;804;Ukraine;UKR;369;Ukraine 2017;UKR17;69,54
804;Ukraine;2018;804;Ukraine;UKR;369;Ukraine 2018;UKR18;69,86
804;Ukraine;2019;804;Ukraine;UKR;369;Ukraine 2019;UKR19;71,21
804;Ukraine;2020;804;Ukraine;UKR;369;Ukraine 2020;UKR20;71,56
804;Ukraine;2021;804;Ukraine;UKR;369;Ukraine 2021;UKR21;71,51
804;Ukraine;2022;804;Ukraine;UKR;369;Ukraine 2022;UKR22;70,47
807;North Macedonia;2010;807;North Macedonia;MKD;343;North Macedonia 2010;MKD10;65,94
807;North Macedonia;2011;807;North Macedonia;MKD;343;North Macedonia 2011;MKD11;66,09
807;North Macedonia;2012;807;North Macedonia;MKD;343;North Macedonia 2012;MKD12;66,24
807;North Macedonia;2013;807;North Macedonia;MKD;343;North Macedonia 2013;MKD13;66,5
807;North Macedonia;2014;807;North Macedonia;MKD;343;North Macedonia 2014;MKD14;67,11
807;North Macedonia;2015;807;North Macedonia;MKD;343;North Macedonia 2015;MKD15;67,5
807;North Macedonia;2016;807;North Macedonia;MKD;343;North Macedonia 2016;MKD16;68,23
807;North Macedonia;2017;807;North Macedonia;MKD;343;North Macedonia 2017;MKD17;69,03
807;North Macedonia;2018;807;North Macedonia;MKD;343;North Macedonia 2018;MKD18;69,59
807;North Macedonia;2019;807;North Macedonia;MKD;343;North Macedonia 2019;MKD19;69,89
807;North Macedonia;2020;807;North Macedonia;MKD;343;North Macedonia 2020;MKD20;70,22
807;North Macedonia;2021;807;North Macedonia;MKD;343;North Macedonia 2021;MKD21;70,27
807;North Macedonia;2022;807;North Macedonia;MKD;343;North Macedonia 2022;MKD22;70,24
818;Egypt;2010;818;Egypt;EGY;651;Egypt 2010;EGY10;53,79
818;Egypt;2011;818;Egypt;EGY;651;Egypt 2011;EGY11;54,58
818;Egypt;2012;818;Egypt;EGY;651;Egypt 2012;EGY12;55,11
818;Egypt;2013;818;Egypt;EGY;651;Egypt 2013;EGY13;53,72
818;Egypt;2014;818;Egypt;EGY;651;Egypt 2014;EGY14;53,74
818;Egypt;2015;818;Egypt;EGY;651;Egypt 2015;EGY15;54,86
818;Egypt;2016;818;Egypt;EGY;651;Egypt 2016;EGY16;55,48
818;Egypt;2017;818;Egypt;EGY;651;Egypt 2017;EGY17;56,06
818;Egypt;2018;818;Egypt;EGY;651;Egypt 2018;EGY18;57,01
818;Egypt;2019;818;Egypt;EGY;651;Egypt 2019;EGY19;58,25
818;Egypt;2020;818;Egypt;EGY;651;Egypt 2020;EGY20;58,56
818;Egypt;2021;818;Egypt;EGY;651;Egypt 2021;EGY21;58,38
818;Egypt;2022;818;Egypt;EGY;651;Egypt 2022;EGY22;58,77
826;United Kingdom of Great Britain and Northern Ireland (the);2010;826;United Kingdom;GBR;200;United Kingdom 2010;GBR10;84,88
826;United Kingdom of Great Britain and Northern Ireland (the);2011;826;United Kingdom;GBR;200;United Kingdom 2011;GBR11;84,98
826;United Kingdom of Great Britain and Northern Ireland (the);2012;826;United Kingdom;GBR;200;United Kingdom 2012;GBR12;85,37
826;United Kingdom of Great Britain and Northern Ireland (the);2013;826;United Kingdom;GBR;200;United Kingdom 2013;GBR13;85,06
826;United Kingdom of Great Britain and Northern Ireland (the);2014;826;United Kingdom;GBR;200;United Kingdom 2014;GBR14;85,17
826;United Kingdom of Great Britain and Northern Ireland (the);2015;826;United Kingdom;GBR;200;United Kingdom 2015;GBR15;85,01
826;United Kingdom of Great Britain and Northern Ireland (the);2016;826;United Kingdom;GBR;200;United Kingdom 2016;GBR16;85,04
826;United Kingdom of Great Britain and Northern Ireland (the);2017;826;United Kingdom;GBR;200;United Kingdom 2017;GBR17;85,15
826;United Kingdom of Great Britain and Northern Ireland (the);2018;826;United Kingdom;GBR;200;United Kingdom 2018;GBR18;84,94
826;United Kingdom of Great Britain and Northern Ireland (the);2019;826;United Kingdom;GBR;200;United Kingdom 2019;GBR19;85,02
826;United Kingdom of Great Britain and Northern Ireland (the);2020;826;United Kingdom;GBR;200;United Kingdom 2020;GBR20;84,73
826;United Kingdom of Great Britain and Northern Ireland (the);2021;826;United Kingdom;GBR;200;United Kingdom 2021;GBR21;84,53
826;United Kingdom of Great Britain and Northern Ireland (the);2022;826;United Kingdom;GBR;200;United Kingdom 2022;GBR22;84,49
834;Tanzania, the United Republic of;2010;834;Tanzania;TZA;510;Tanzania 2010;TZA10;42,94
834;Tanzania, the United Republic of;2011;834;Tanzania;TZA;510;Tanzania 2011;TZA11;43,9
834;Tanzania, the United Republic of;2012;834;Tanzania;TZA;510;Tanzania 2012;TZA12;44,99
834;Tanzania, the United Republic of;2013;834;Tanzania;TZA;510;Tanzania 2013;TZA13;44,91
834;Tanzania, the United Republic of;2014;834;Tanzania;TZA;510;Tanzania 2014;TZA14;45,98
834;Tanzania, the United Republic of;2015;834;Tanzania;TZA;510;Tanzania 2015;TZA15;47,07
834;Tanzania, the United Republic of;2016;834;Tanzania;TZA;510;Tanzania 2016;TZA16;48,53
834;Tanzania, the United Republic of;2017;834;Tanzania;TZA;510;Tanzania 2017;TZA17;49,3
834;Tanzania, the United Republic of;2018;834;Tanzania;TZA;510;Tanzania 2018;TZA18;50,3
834;Tanzania, the United Republic of;2019;834;Tanzania;TZA;510;Tanzania 2019;TZA19;51,31
834;Tanzania, the United Republic of;2020;834;Tanzania;TZA;510;Tanzania 2020;TZA20;51,42
834;Tanzania, the United Republic of;2021;834;Tanzania;TZA;510;Tanzania 2021;TZA21;52,14
834;Tanzania, the United Republic of;2022;834;Tanzania;TZA;510;Tanzania 2022;TZA22;51,94
840;United States of America (the);2010;840;United States;USA;2;United States 2010;USA10;83,09
840;United States of America (the);2011;840;United States;USA;2;United States 2011;USA11;83,16
840;United States of America (the);2012;840;United States;USA;2;United States 2012;USA12;83,52
840;United States of America (the);2013;840;United States;USA;2;United States 2013;USA13;83,32
840;United States of America (the);2014;840;United States;USA;2;United States 2014;USA14;83,35
840;United States of America (the);2015;840;United States;USA;2;United States 2015;USA15;83,4
840;United States of America (the);2016;840;United States;USA;2;United States 2016;USA16;83,25
840;United States of America (the);2017;840;United States;USA;2;United States 2017;USA17;82,91
840;United States of America (the);2018;840;United States;USA;2;United States 2018;USA18;83,01
840;United States of America (the);2019;840;United States;USA;2;United States 2019;USA19;83,25
840;United States of America (the);2020;840;United States;USA;2;United States 2020;USA20;82,84
840;United States of America (the);2021;840;United States;USA;2;United States 2021;USA21;82,07
840;United States of America (the);2022;840;United States;USA;2;United States 2022;USA22;81,7
854;Burkina Faso;2010;854;Burkina Faso;BFA;439;Burkina Faso 2010;BFA10;39,44
854;Burkina Faso;2011;854;Burkina Faso;BFA;439;Burkina Faso 2011;BFA11;40,33
854;Burkina Faso;2012;854;Burkina Faso;BFA;439;Burkina Faso 2012;BFA12;41,67
854;Burkina Faso;2013;854;Burkina Faso;BFA;439;Burkina Faso 2013;BFA13;42,12
854;Burkina Faso;2014;854;Burkina Faso;BFA;439;Burkina Faso 2014;BFA14;42,2
854;Burkina Faso;2015;854;Burkina Faso;BFA;439;Burkina Faso 2015;BFA15;43,27
854;Burkina Faso;2016;854;Burkina Faso;BFA;439;Burkina Faso 2016;BFA16;43,54
854;Burkina Faso;2017;854;Burkina Faso;BFA;439;Burkina Faso 2017;BFA17;44,67
854;Burkina Faso;2018;854;Burkina Faso;BFA;439;Burkina Faso 2018;BFA18;46,46
854;Burkina Faso;2019;854;Burkina Faso;BFA;439;Burkina Faso 2019;BFA19;46,37
854;Burkina Faso;2020;854;Burkina Faso;BFA;439;Burkina Faso 2020;BFA20;46,23
854;Burkina Faso;2021;854;Burkina Faso;BFA;439;Burkina Faso 2021;BFA21;45,83
854;Burkina Faso;2022;854;Burkina Faso;BFA;439;Burkina Faso 2022;BFA22;44,75
858;Uruguay;2010;858;Uruguay;URY;165;Uruguay 2010;URY10;76,83
858;Uruguay;2011;858;Uruguay;URY;165;Uruguay 2011;URY11;77
858;Uruguay;2012;858;Uruguay;URY;165;Uruguay 2012;URY12;76,95
858;Uruguay;2013;858;Uruguay;URY;165;Uruguay 2013;URY13;77,27
858;Uruguay;2014;858;Uruguay;URY;165;Uruguay 2014;URY14;78,72
858;Uruguay;2015;858;Uruguay;URY;165;Uruguay 2015;URY15;79,03
858;Uruguay;2016;858;Uruguay;URY;165;Uruguay 2016;URY16;78,55
858;Uruguay;2017;858;Uruguay;URY;165;Uruguay 2017;URY17;78,48
858;Uruguay;2018;858;Uruguay;URY;165;Uruguay 2018;URY18;79,33
858;Uruguay;2019;858;Uruguay;URY;165;Uruguay 2019;URY19;79,77
858;Uruguay;2020;858;Uruguay;URY;165;Uruguay 2020;URY20;79,75
858;Uruguay;2021;858;Uruguay;URY;165;Uruguay 2021;URY21;79,6
858;Uruguay;2022;858;Uruguay;URY;165;Uruguay 2022;URY22;78,33
860;Uzbekistan;2010;860;Uzbekistan;UZB;704;Uzbekistan 2010;UZB10;58,85
860;Uzbekistan;2011;860;Uzbekistan;UZB;704;Uzbekistan 2011;UZB11;59,67
860;Uzbekistan;2012;860;Uzbekistan;UZB;704;Uzbekistan 2012;UZB12;59,74
860;Uzbekistan;2013;860;Uzbekistan;UZB;704;Uzbekistan 2013;UZB13;60,39
860;Uzbekistan;2014;860;Uzbekistan;UZB;704;Uzbekistan 2014;UZB14;61,33
860;Uzbekistan;2015;860;Uzbekistan;UZB;704;Uzbekistan 2015;UZB15;62,05
860;Uzbekistan;2016;860;Uzbekistan;UZB;704;Uzbekistan 2016;UZB16;62,99
860;Uzbekistan;2017;860;Uzbekistan;UZB;704;Uzbekistan 2017;UZB17;64,1
860;Uzbekistan;2018;860;Uzbekistan;UZB;704;Uzbekistan 2018;UZB18;64,51
860;Uzbekistan;2019;860;Uzbekistan;UZB;704;Uzbekistan 2019;UZB19;66,15
860;Uzbekistan;2020;860;Uzbekistan;UZB;704;Uzbekistan 2020;UZB20;66,77
860;Uzbekistan;2021;860;Uzbekistan;UZB;704;Uzbekistan 2021;UZB21;66,68
860;Uzbekistan;2022;860;Uzbekistan;UZB;704;Uzbekistan 2022;UZB22;66,88
862;Venezuela (Bolivarian Republic of);2010;862;Venezuela;VEN;101;Venezuela 2010;VEN10;63,41
862;Venezuela (Bolivarian Republic of);2011;862;Venezuela;VEN;101;Venezuela 2011;VEN11;64
862;Venezuela (Bolivarian Republic of);2012;862;Venezuela;VEN;101;Venezuela 2012;VEN12;64,02
862;Venezuela (Bolivarian Republic of);2013;862;Venezuela;VEN;101;Venezuela 2013;VEN13;62,85
862;Venezuela (Bolivarian Republic of);2014;862;Venezuela;VEN;101;Venezuela 2014;VEN14;62,2
862;Venezuela (Bolivarian Republic of);2015;862;Venezuela;VEN;101;Venezuela 2015;VEN15;61,13
862;Venezuela (Bolivarian Republic of);2016;862;Venezuela;VEN;101;Venezuela 2016;VEN16;59,55
862;Venezuela (Bolivarian Republic of);2017;862;Venezuela;VEN;101;Venezuela 2017;VEN17;57,97
862;Venezuela (Bolivarian Republic of);2018;862;Venezuela;VEN;101;Venezuela 2018;VEN18;57,01
862;Venezuela (Bolivarian Republic of);2019;862;Venezuela;VEN;101;Venezuela 2019;VEN19;56,88
862;Venezuela (Bolivarian Republic of);2020;862;Venezuela;VEN;101;Venezuela 2020;VEN20;56,58
862;Venezuela (Bolivarian Republic of);2021;862;Venezuela;VEN;101;Venezuela 2021;VEN21;57,01
862;Venezuela (Bolivarian Republic of);2022;862;Venezuela;VEN;101;Venezuela 2022;VEN22;57,23
887;Yemen;2010;887;Yemen;YEM;679;Yemen 2010;YEM10;38,47
887;Yemen;2011;887;Yemen;YEM;679;Yemen 2011;YEM11;38,37
887;Yemen;2012;887;Yemen;YEM;679;Yemen 2012;YEM12;39,57
887;Yemen;2013;887;Yemen;YEM;679;Yemen 2013;YEM13;39,91
887;Yemen;2014;887;Yemen;YEM;679;Yemen 2014;YEM14;40,3
887;Yemen;2015;887;Yemen;YEM;679;Yemen 2015;YEM15;38,5
887;Yemen;2016;887;Yemen;YEM;679;Yemen 2016;YEM16;38,41
887;Yemen;2017;887;Yemen;YEM;679;Yemen 2017;YEM17;38,33
887;Yemen;2018;887;Yemen;YEM;679;Yemen 2018;YEM18;38,85
887;Yemen;2019;887;Yemen;YEM;679;Yemen 2019;YEM19;38,57
887;Yemen;2020;887;Yemen;YEM;679;Yemen 2020;YEM20;39,54
887;Yemen;2021;887;Yemen;YEM;679;Yemen 2021;YEM21;39,73
887;Yemen;2022;887;Yemen;YEM;679;Yemen 2022;YEM22;39,88
894;Zambia;2010;894;Zambia;ZMB;551;Zambia 2010;ZMB10;41,67
894;Zambia;2011;894;Zambia;ZMB;551;Zambia 2011;ZMB11;43,15
894;Zambia;2012;894;Zambia;ZMB;551;Zambia 2012;ZMB12;44,75
894;Zambia;2013;894;Zambia;ZMB;551;Zambia 2013;ZMB13;44,62
894;Zambia;2014;894;Zambia;ZMB;551;Zambia 2014;ZMB14;45,58
894;Zambia;2015;894;Zambia;ZMB;551;Zambia 2015;ZMB15;46,36
894;Zambia;2016;894;Zambia;ZMB;551;Zambia 2016;ZMB16;46,61
894;Zambia;2017;894;Zambia;ZMB;551;Zambia 2017;ZMB17;47,85
894;Zambia;2018;894;Zambia;ZMB;551;Zambia 2018;ZMB18;48,24
894;Zambia;2019;894;Zambia;ZMB;551;Zambia 2019;ZMB19;48,06
894;Zambia;2020;894;Zambia;ZMB;551;Zambia 2020;ZMB20;46,96
894;Zambia;2021;894;Zambia;ZMB;551;Zambia 2021;ZMB21;48,48
894;Zambia;2022;894;Zambia;ZMB;551;Zambia 2022;ZMB22;50,53
